PC1,PC2,PC3,PC4,PC5,PC6,PC7,PC8,PC9,PC10,target,example_id,confusion_category,pred_label
5.236796,-0.74787825,-0.004560156,-0.34701392,-0.22985725,0.06476766,-0.047996085,-0.2918381,0.073814385,-0.089054376,1,chr12:42144537:upper_lobe_of_left_lung:0,TP,1
4.9838405,0.033824436,0.10389381,-0.32170728,-0.53782374,-0.11557826,-0.14248143,-0.2591516,0.11411274,-0.44226983,1,chr2:67906577:thoracic_aorta:0,TP,1
4.402108,0.35342252,-0.03858858,-0.4131455,-0.32363605,-0.0064175758,0.29388782,0.07327243,-0.01971314,0.22354142,1,chr9:129443299:prostate_gland:0,TP,1
-1.6700538,1.1673164,-0.8437079,-0.14601114,1.059445,0.78648025,-0.46693185,-1.0028594,0.774601,-0.66621834,1,chr5:149313040:gastrocnemius_medialis:0,FN,0
-3.210975,0.42881167,-0.31058308,-1.3021,-0.32029858,-0.122954145,-1.4392201,0.9289671,0.6049284,0.027625645,1,chr10:58600662:gastrocnemius_medialis:0,FN,0
-2.940957,-0.9423118,0.7763095,-1.0545621,-0.6048075,-0.18147096,-0.7211732,0.22850251,0.47308636,0.4495992,0,chr13:73757915:gastroesophageal_sphincter:0,TN,0
4.2327986,0.05188544,-0.5629123,-0.8753086,0.24194112,-0.7673098,0.53081185,0.3205747,-0.3925625,0.1956985,1,chr11:62530630:sigmoid_colon:0,TP,1
-3.7392035,2.4529727,-0.06503676,-0.77744114,0.3265767,-0.080816686,0.6113719,-0.20337202,-0.31175035,-0.6189959,1,chr1:94590976:tibial_artery:0,FN,0
2.021734,1.6963379,-0.5760884,-0.25060317,0.089217156,-0.91744095,0.2966535,0.35946882,-0.686407,-0.2107081,1,chr19:47781804:transverse_colon:0,TP,1
3.1466644,-0.09870079,-0.8717794,-0.8193853,0.52212274,-0.6667081,0.33026913,1.6536571,0.08757592,2.172338,1,chr1:21935425:body_of_pancreas:0,TP,1
4.7632127,0.34055015,0.007455978,0.76524323,-0.40609473,0.12527847,-0.13712049,-0.1317262,0.12734695,-0.13171291,1,chr7:30284569:suprapubic_skin:0,TP,1
-2.8106847,-2.2180262,1.6118813,-0.1442669,0.3359956,0.20406277,0.3917945,-0.638944,-0.73505247,0.22606348,0,chr2:36405031:gastrocnemius_medialis:0,TN,0
3.1466644,-0.09870079,-0.8717794,-0.8193853,0.5221228,-0.6667078,0.3302692,1.6536571,0.0875759,2.1723394,1,chr1:21935425:gastroesophageal_sphincter:0,TP,1
5.236789,-0.74785364,-0.0045602275,-0.34702247,-0.2298851,0.06473856,-0.04800656,-0.29183552,0.0738189,-0.08909142,1,chr12:42144537:body_of_pancreas:0,TP,1
0.1256994,1.3129601,-1.338169,0.11921391,0.16718885,0.7008762,1.15713,0.16819124,0.13414635,-0.7620023,0,chr18:48545948:sigmoid_colon:0,FP,1
4.8422413,0.08581669,0.5680756,0.07606099,-0.16982646,0.124357626,-0.32118654,-0.20531262,0.030951157,-0.29328233,1,chr17:44980596:esophagus_squamous_epithelium:0,TP,1
3.8621547,1.253489,0.46587142,0.644863,-0.0056846375,0.1659659,-0.4965487,0.16440548,0.09261051,0.14267197,1,chr9:129427596:prostate_gland:0,TP,1
2.4597466,0.018543415,0.20869695,0.47090545,0.40223795,0.5671226,-0.18780704,0.89630127,0.6499993,-0.43431908,1,chr19:3371903:gastroesophageal_sphincter:0,TP,1
2.9232085,0.2366427,-0.19661613,1.6578461,-0.6591749,0.8049894,-1.3004363,-0.06577738,-0.4075297,0.5958798,1,chr1:156082827:esophagus_muscularis_mucosa:0,TP,1
4.781201,-0.96866083,-0.05352389,-0.43944323,-0.060938995,0.2097564,0.21788421,-0.47446153,0.36484152,-0.38131607,1,chr3:19889202:gastrocnemius_medialis:0,TP,1
-1.3191527,-0.70419884,-0.1303108,-0.23916258,1.8983818,-0.5247443,0.12421772,0.8066877,-0.80994767,0.55531555,0,chr9:131629827:body_of_pancreas:0,TN,0
1.2463976,0.8869977,-0.8747993,0.63981766,0.641876,0.3039902,-0.6994597,0.5854013,-0.35971734,0.14911756,1,chr17:11249298:body_of_pancreas:0,TP,1
2.6836162,1.1428617,-0.52961266,0.7573042,0.017328579,0.30760303,0.5728504,0.43009728,-0.1937657,0.0860017,0,chr22:19942585:transverse_colon:0,FP,1
2.9355109,2.368892,1.231374,-0.08055613,-0.12888524,0.82388955,-0.100139506,-0.092746824,0.53983617,-0.28853533,0,chr7:80707283:spleen:0,FP,1
-3.673938,-1.1108186,1.0387996,0.10175183,-0.80813104,-0.3369458,0.089039505,-0.4268062,0.2516884,0.4429546,0,chr1:5297110:body_of_pancreas:0,TN,0
1.7466444,-0.9559487,-0.10575253,1.516318,0.46310312,-0.44592458,-0.019105947,0.23036723,-0.13121639,0.768359,1,chr2:223945458:gastrocnemius_medialis:0,TP,1
4.9729548,0.03246265,0.106276706,-0.36598477,-0.23654354,-0.14493354,0.12825918,-0.3463059,0.12852345,-0.42712522,1,chr9:33796148:body_of_pancreas:0,TP,1
-3.9311209,-1.0021794,-0.8076329,0.33267954,-0.6235121,-0.9151156,-0.12983805,-1.0363849,-0.14620101,-0.08295456,0,chr2:37672166:suprapubic_skin:0,TN,0
-3.501596,1.7169302,0.91067076,-0.7342503,0.20342954,-0.14316313,-1.034381,-0.048376445,0.50239545,0.26044217,1,chr3:64663517:sigmoid_colon:0,FN,0
-0.87306535,-0.033913147,-0.6840055,-0.26931775,1.5585511,0.3394949,0.041787483,0.12903516,-0.5814535,-0.3276907,1,chr12:26953318:body_of_pancreas:0,FN,0
-2.362541,-2.5381057,1.0186964,0.17070855,0.2423329,0.70833224,0.2480583,1.3561155,0.19959724,-0.72171557,1,chr21:36968904:gastrocnemius_medialis:0,FN,0
-3.444313,-0.8431457,0.108742945,-1.2897757,-1.5642048,0.23718522,-0.40695274,-0.19873798,-0.34873813,-0.13132666,0,chr2:54579574:body_of_pancreas:0,TN,0
4.9439893,0.22309119,0.0142382495,0.023932034,-0.19444698,-0.16591886,-0.082109295,-0.021912016,0.008007163,-0.27386186,0,chr17:45584817:prostate_gland:0,FP,1
4.945516,0.1072012,0.15311895,-0.27660212,-0.56506276,-0.12145628,-0.12405654,-0.24880254,0.1262369,-0.46627197,1,chr2:67906572:sigmoid_colon:0,TP,1
-2.8289585,-2.1848514,1.2933418,-0.7699915,-0.682223,0.5727381,0.48548108,-0.2850905,-0.6026333,0.33986068,0,chr9:69180596:stomach:0,TN,0
2.330246,-0.06848546,-1.3220255,2.2926292,-0.12114952,0.79332924,-0.57608616,-0.051519606,-0.6132495,0.45842475,0,chr20:58981239:gastroesophageal_sphincter:0,FP,1
2.609423,-0.5743514,-0.11692281,-0.45744538,1.1107498,-0.5103158,0.68114537,0.812127,-1.2486172,1.837584,1,chr1:21935424:Peyers_patch:0,TP,1
-1.4589047,-0.6483116,-0.985421,1.8977098,0.2865762,0.14965555,0.21468182,0.9871231,0.61334336,-0.13243072,1,chr16:2005340:tibial_nerve:0,FN,0
5.1182194,-0.61321706,0.08499741,-0.548681,-0.35588866,-0.070933126,0.105207555,-0.2263244,0.07221467,-0.38057122,1,chr22:16339427:adrenal_gland:0,TP,1
0.7609381,0.1645814,-0.3398066,0.65487814,0.4414824,0.8283252,0.69708025,-0.27926508,0.35758942,-0.13138711,0,chr5:126595670:tibial_nerve:0,FP,1
-4.546088,0.5284757,-1.1091548,-1.4905627,1.2752438,-0.30102667,-0.6457049,-0.66451794,0.08044951,-0.4679766,1,chr14:54697981:esophagus_muscularis_mucosa:0,FN,0
4.9615536,-0.546358,-0.38283852,-0.38300237,-0.25460133,-0.28825447,0.4434137,0.009359123,-0.090292014,-0.0044724457,0,chr19:489630:transverse_colon:0,FP,1
2.7942164,1.7312196,-0.8582503,-0.64769197,0.0717796,-0.555876,0.010962117,0.70695806,-0.91071033,1.3117903,0,chr19:39193571:body_of_pancreas:0,FP,1
3.1466644,-0.09870079,-0.8717794,-0.8193853,0.5221228,-0.666708,0.33026895,1.653657,0.08757568,2.1723387,1,chr1:21935425:transverse_colon:0,TP,1
4.197233,-0.6848962,0.22684188,-0.18578666,0.123983905,0.31493434,-0.56255597,-0.29791763,0.026716348,0.33136165,0,chr1:8133001:gastrocnemius_medialis:0,FP,1
-0.16587009,-0.6516308,1.0260109,-0.539993,0.13431968,1.460831,0.07324539,-0.72829527,0.7098501,1.1387409,0,chr1:40049373:gastroesophageal_sphincter:0,FP,1
-3.6836245,1.1302509,0.91015,-0.95060194,-0.7653366,-0.6824795,-0.22567095,0.14807269,-0.059440527,-0.3027409,0,chr8:19201160:spleen:0,TN,0
-3.4039214,0.33129278,-2.0140555,0.978504,-1.1844431,-0.6466139,0.04362627,-0.353115,-0.12660393,-0.8483984,0,chr2:162344401:gastroesophageal_sphincter:0,TN,0
-4.2794147,-0.35781136,0.23994099,-0.088950776,-0.50919217,-0.75701505,-0.31628403,-0.35486385,0.6852203,0.06929239,0,chr4:7804266:esophagus_muscularis_mucosa:0,TN,0
5.0819173,-0.6920183,-0.10651464,-0.8645774,-0.34483266,-0.28181267,0.40354308,-0.09582654,0.068391025,-0.11343543,1,chr3:16366587:gastrocnemius_medialis:0,TP,1
4.521443,0.35446134,-0.043568645,-0.37743494,-0.015664864,-0.03871919,0.5966267,-0.14933771,0.28189477,-0.45890334,0,chr22:22166764:spleen:0,FP,1
5.1385007,-0.6614187,-0.18141663,-0.65808165,-0.26172322,-0.50601923,0.30425608,0.021930393,-0.12228461,-0.039334755,1,chr3:75785531:sigmoid_colon:0,TP,1
3.0206115,0.8368302,-0.0898502,-0.6213204,0.727618,0.120977454,-0.44834277,-0.25474042,0.43489167,-0.21549976,1,chr11:62772761:body_of_pancreas:0,TP,1
1.8712126,1.08745,-1.0437559,1.8260827,-0.11634783,1.0069419,1.6167241,0.21852821,0.17658485,-0.09387692,0,chr21:45997780:transverse_colon:0,FP,1
-3.1139266,-0.8308376,1.4201642,-0.9988057,-0.57982165,0.79788005,0.06269274,0.5943258,-0.8559262,-0.30440226,0,chr18:58582063:gastrocnemius_medialis:0,TN,0
-3.8810327,0.10425452,-0.8635783,1.2357908,-1.167968,-0.09902758,0.2217877,-0.07902732,-0.1613988,-0.44032052,1,chr9:136525573:body_of_pancreas:0,FN,0
-4.1192274,1.0213042,-0.49153495,-0.921887,1.1511544,0.47847876,-0.71232074,-0.6117511,-0.03044885,-0.40693024,0,chr11:83028710:gastrocnemius_medialis:0,TN,0
4.25208,-0.5940102,-0.6521923,-0.29338256,0.09532688,-0.32853237,0.41689265,-0.27223185,0.091771446,-0.7225563,1,chr1:16021228:tibial_artery:0,TP,1
-2.6787972,-2.070864,0.36424837,-0.67479706,-0.20113173,0.62230915,-0.37988955,1.4823741,-0.8002477,-0.812054,0,chr1:207862088:sigmoid_colon:0,TN,0
-3.6519365,-0.5962698,0.77303314,-0.4138139,-0.6026542,-0.7196973,-0.12547609,0.5026073,-0.16133265,-0.6663728,0,chr17:2235533:esophagus_squamous_epithelium:0,TN,0
-0.93066156,-1.392385,-0.63240427,0.7236067,0.05563518,-0.21224745,0.61758053,0.7093529,0.53181356,0.95457894,0,chr2:69830315:Peyers_patch:0,TN,0
1.6022767,0.598125,1.9595484,0.12738788,0.4354752,0.61203414,0.42773092,-0.43231806,0.62533855,0.09076465,1,chr13:43390862:gastrocnemius_medialis:0,TP,1
-0.043887947,0.4272251,-1.4506135,-0.4417832,1.0630438,-0.048255894,0.062101394,1.33652,-0.7913628,1.3838786,0,chr11:35907681:esophagus_muscularis_mucosa:0,FP,1
-0.88765264,-0.66123885,1.0935429,2.2612848,0.19809364,-0.11060376,-0.794418,-0.034325883,-0.5560515,0.8619822,1,chr3:37453118:prostate_gland:0,FN,0
-3.0134883,-2.128247,1.1141351,0.7275728,-0.4609233,0.47128367,0.30794448,-0.51232415,-1.1676819,0.0013122231,1,chr3:192917558:gastrocnemius_medialis:0,FN,0
5.1182194,-0.61321706,0.08499741,-0.548681,-0.35588866,-0.070933126,0.105207555,-0.2263244,0.07221467,-0.38057122,1,chr22:16339427:upper_lobe_of_left_lung:0,TP,1
0.5393961,0.041996315,-1.0155144,-1.7037292,1.2205434,-0.5027108,0.09410136,0.3811573,-0.5717745,1.4046563,0,chr10:91796881:gastrocnemius_medialis:0,FP,1
-2.3984175,-0.5084465,2.1982417,0.37571114,0.42229006,-0.8853541,0.7131238,-0.59836304,-0.18460278,0.02479148,1,chr14:52313540:spleen:0,FN,0
-3.2935932,-0.8945318,-1.7437847,0.7013461,-0.9959992,-0.32417494,0.47822583,-0.59964055,-0.6563275,-0.16354875,1,chr20:31723592:body_of_pancreas:0,FN,0
5.0186143,-0.59313923,-0.04582909,-0.53011334,0.06449583,-0.2382984,-0.0054161074,0.25416002,-0.17339374,0.44361988,1,chr6:99516089:gastrocnemius_medialis:0,TP,1
0.77625865,0.70597243,0.16646132,2.6647942,-0.5701979,-0.06296359,-0.4775407,0.13205461,0.7156162,0.5157891,0,chr18:72868665:spleen:0,FP,1
-2.1421738,-2.113098,-1.8607383,1.3773277,0.0032839193,-0.17117499,-0.62061924,-0.2322987,-0.76679647,0.38156235,1,chr6:117482982:Peyers_patch:0,FN,0
3.0080812,0.4740228,0.41681364,1.5677379,-0.7237473,0.90325,-1.2162832,0.6097073,-0.89041406,0.6847476,1,chr10:28302669:upper_lobe_of_left_lung:0,TP,1
-3.0563552,-0.2715849,-0.8286359,-1.0200592,-0.0025430059,1.3846604,-0.5049181,1.3162729,-0.7361,-1.1769416,1,chr17:82134772:esophagus_squamous_epithelium:0,FN,0
-3.9625823,-0.28303772,-0.035765924,0.5516989,-1.2794137,-0.5442362,-0.2373427,-0.27731955,0.0013698686,0.024937982,0,chr6:19805300:upper_lobe_of_left_lung:0,TN,0
5.1522937,-0.5061601,-0.02423897,-0.35713375,-0.29306942,-0.13991755,-0.09230678,-0.17284228,-0.020585338,-0.2128144,1,chr11:47642410:sigmoid_colon:0,TP,1
4.6162424,-0.9982986,-0.42693764,-0.87550634,-0.30175194,-0.081516035,0.43365186,-0.32265377,0.112322085,-0.09042773,1,chr4:128654690:sigmoid_colon:0,TP,1
3.1653373,-0.12355699,-0.7985981,0.2616026,0.85652775,-0.40151262,0.75940174,0.33354527,-0.057621997,-0.9046731,0,chr14:105061874:gastrocnemius_medialis:0,FP,1
-3.7786007,0.81145066,1.0646,-0.47552416,-0.41127485,-1.0880444,-0.24045794,0.33925846,0.7572733,-0.11333069,1,chr10:7481697:spleen:0,FN,0
0.4394225,2.2967458,0.92577,-0.32044068,-0.31412378,0.101842806,0.44834256,0.52166253,0.49025247,-0.13371696,1,chr7:112461853:spleen:0,TP,1
-3.3574762,-1.7469535,0.92409813,0.25427765,-0.45047918,-0.3753205,0.5319614,0.03348675,0.3487109,0.25007534,0,chr7:150745126:spleen:0,TN,0
-0.24545486,2.6223993,0.24544334,0.53948987,0.5525166,0.7400792,0.6221541,-0.13590398,1.0020288,0.3340819,1,chr1:226990029:spleen:0,TP,1
0.19685656,0.4770159,0.80530274,0.14266711,0.887729,-0.6306704,0.0198704,-0.2454715,-0.7483604,-0.07558871,0,chr21:10758496:prostate_gland:0,FP,1
-3.6469204,-0.3816509,0.41238436,-0.6244857,-0.78491414,-0.14494592,-0.07936851,0.16706084,0.49503538,0.13366209,0,chr6:107612076:gastrocnemius_medialis:0,TN,0
-4.356126,-0.4358688,-0.20359631,-0.41890326,0.35861653,-0.5364546,-0.06587477,-0.23014547,-0.54407036,-0.41127592,0,chr19:43129376:esophagus_squamous_epithelium:0,TN,0
0.17989007,0.099472575,-0.56830406,-0.50646275,1.1068139,0.20425801,-0.687083,-0.8263193,0.120183416,-0.4506468,1,chr7:3166001:body_of_pancreas:0,TP,1
-3.5122898,-1.2409106,0.57518417,-0.30554748,-1.1823745,0.50022936,-0.04521947,0.30825722,-0.058514412,0.21885575,0,chr16:27703853:spleen:0,TN,0
-3.2389612,0.42873192,-1.8482196,0.34177992,-0.13856784,0.07127456,-0.059956454,-0.4060501,-0.8042389,-0.78838146,1,chr6:25992885:gastrocnemius_medialis:0,FN,0
-2.2799706,-0.7524013,0.45335433,0.49825618,1.3189723,0.2585317,-0.09166296,-0.6659162,-0.45263097,0.40280527,0,chr1:24022781:tibial_artery:0,TN,0
2.0661519,2.7354517,1.4288723,2.3459766,0.15402028,0.0121148825,-0.80695325,0.13662429,-0.5745585,-0.18508503,1,chr1:16914310:sigmoid_colon:0,TP,1
-2.9474273,-1.1837422,1.9808378,0.019181399,0.6465134,0.08785305,0.4492616,-0.14157182,0.43395936,0.07037445,0,chr13:30715371:spleen:0,TN,0
4.4865227,0.6039344,0.0053799325,0.40869853,-0.35512567,0.07147658,-0.50462794,0.5730805,-0.07770562,0.47149518,1,chr2:131492789:Peyers_patch:0,TP,1
-4.0499625,-0.0622303,0.57474273,-0.41449457,-0.34398085,-0.6118548,-0.55771744,-0.38588953,-0.47443572,-0.3121137,0,chr6:26285274:transverse_colon:0,TN,0
4.321806,0.38918403,-0.057864998,0.7122035,-0.10195513,-0.008068221,-0.66775423,-0.058170307,-0.21338893,0.3873895,1,chr16:2520692:Peyers_patch:0,TP,1
-3.3711147,0.7620015,-0.24270344,0.5849341,-1.1956772,0.16846631,1.0966699,0.09409943,0.11463882,-0.024981353,0,chr6:25035691:transverse_colon:0,TN,0
5.236789,-0.74785364,-0.0045602275,-0.34702247,-0.2298851,0.064738646,-0.04800649,-0.29183555,0.0738192,-0.089091346,1,chr12:42144537:gastroesophageal_sphincter:0,TP,1
-0.59549445,1.0320984,0.25130692,2.6614513,0.102007784,-1.132417,-0.5045694,0.32128516,-0.52264696,-0.041622497,1,chr3:49673880:thoracic_aorta:0,TP,1
1.1487514,3.0429118,-0.3638246,1.0737323,-0.45723376,1.2141964,0.40564734,-0.15583096,-0.47874993,-0.07019711,1,chr3:12663664:esophagus_muscularis_mucosa:0,TP,1
-3.4595592,-1.2452086,-1.0230433,1.2022018,-1.0610696,0.3856551,-0.30320343,-0.9612741,-0.1883126,0.29968107,1,chr6:110476701:spleen:0,FN,0
1.8947015,1.2271924,0.28619406,0.23231697,0.25884616,0.39493898,-0.012962678,-0.035262845,0.61499983,-0.6768971,1,chr15:99925671:sigmoid_colon:0,TP,1
-3.2654617,-1.5350938,0.8372136,-0.33726543,-0.7990366,0.3790975,-0.26458916,-0.180094,0.15664509,0.66735137,0,chr2:87534530:spleen:0,TN,0
4.1350474,0.2878039,0.24606317,1.0253592,-0.112207115,0.68584317,-0.70636535,-0.06257083,-0.3604876,0.24241817,1,chr19:4457794:tibial_nerve:0,TP,1
-1.6516348,-3.5671508,1.154675,-1.1543902,0.23150559,1.2126292,-0.067125894,0.8217491,-0.5543202,-0.3488099,0,chr20:49280019:transverse_colon:0,TN,0
-3.023332,-2.557974,-0.14635856,1.3714204,-0.5852487,-0.2639665,-0.50834626,-1.1115702,0.14158636,0.50404644,0,chr3:185824016:esophagus_muscularis_mucosa:0,TN,0
4.8402424,0.20899254,-0.0936855,-0.30807877,-0.2937698,-0.23392224,0.44250324,-0.08160998,0.0009701213,-0.2721121,1,chr1:16513429:transverse_colon:0,TP,1
4.0637407,0.9611829,-0.21128808,-1.3025156,-0.33976707,-0.91641444,0.46897945,0.6703688,-0.6740432,0.73427886,1,chr6:32671492:spleen:0,TP,1
2.875104,1.2094812,-0.07598917,-0.0627829,0.042887766,0.5979347,1.0259658,-0.106601596,0.35932598,-0.16851848,0,chr2:35080305:esophagus_squamous_epithelium:0,FP,1
-2.3184364,0.40041423,-1.5343225,-0.14608784,1.8135315,-0.048370678,-0.58508414,-0.20483907,-0.41888577,0.586854,0,chr2:239230062:sigmoid_colon:0,TN,0
5.0276694,-0.34445202,-0.059875503,-0.50891316,-0.3804086,-0.081832916,0.4131334,-0.03202272,0.01793205,-0.0971535,1,chr3:34208585:sigmoid_colon:0,TP,1
1.0515665,1.275725,1.4849702,0.7898748,-0.22034909,0.15666161,-0.61016107,0.29638052,0.15668158,0.26401776,0,chr18:4125707:prostate_gland:0,FP,1
-2.7169476,2.1433258,-1.6401573,0.880768,-0.91527057,-0.3152194,1.784997,0.2323792,0.3230815,-0.3978471,0,chr1:158007781:gastrocnemius_medialis:0,TN,0
-3.7049053,-1.3570457,0.94405705,-0.18252361,0.027193557,-0.0029644675,0.5023309,-0.0023023651,-0.37868112,-0.07386795,0,chr2:25295992:gastrocnemius_medialis:0,TN,0
-3.7769632,-0.5702629,1.64125,0.2286591,0.28311116,-1.11513,0.18601792,-0.31150356,-0.27079332,-0.11531269,0,chr5:149176492:esophagus_muscularis_mucosa:0,TN,0
-3.117255,-1.698178,1.5639641,0.021465516,-0.2530079,0.09605202,0.6445913,-0.4935849,-0.9515404,0.3487553,0,chr3:42032098:esophagus_squamous_epithelium:0,TN,0
-3.185846,-0.37803417,-0.76639444,0.5294867,0.036768775,0.5851142,0.21444549,0.57542473,0.10182874,0.0776224,0,chr12:124370356:gastroesophageal_sphincter:0,TN,0
-3.2479832,-1.3740886,-1.1864548,1.3673481,-0.021474952,-0.22221984,0.09522645,-0.5652756,0.8283166,0.0462931,1,chr12:52874225:spleen:0,FN,0
-2.606782,-0.8843553,-0.7687741,0.442846,-0.9326349,-0.25000915,-0.3850351,0.02142802,0.15380377,0.015325026,0,chr7:108003320:stomach:0,TN,0
4.8764324,0.17282252,0.30345586,0.20151255,-0.30090022,-0.025151208,-0.46206185,-0.24842712,0.037670754,-0.25399536,1,chr17:28744291:Peyers_patch:0,TP,1
5.1385007,-0.6614187,-0.18141663,-0.65808165,-0.26172322,-0.50601923,0.30425608,0.021930393,-0.12228461,-0.039334755,1,chr3:75785531:stomach:0,TP,1
-3.0320702,2.7207654,-0.04510331,-0.94015807,-0.45538825,-0.39986163,-0.057150092,0.37475872,-0.54638773,0.046880856,0,chr2:29196724:gastrocnemius_medialis:0,TN,0
-2.6573238,-0.29497525,-1.4982675,0.625237,-0.46393257,0.14388421,0.27408972,0.07698936,1.4553267,0.020894786,0,chr18:56638525:testis:0,TN,0
-2.0689871,-0.30804053,1.3357356,-1.2415485,-0.29160285,0.22312401,0.06744895,-0.023927048,0.6303549,0.68513364,0,chr11:83284861:body_of_pancreas:0,TN,0
-4.061612,2.2778003,0.32508585,-1.2901641,-0.7611182,0.09576866,-0.31763896,-0.41858375,0.32916218,0.089515805,0,chr10:29946836:tibial_nerve:0,TN,0
4.9315505,-0.2912522,0.29966715,-0.08566801,-0.16694432,-0.010445162,-0.48692122,-0.31290865,0.12171134,-0.49179515,1,chr10:42190882:prostate_gland:0,TP,1
-3.0139573,-1.1844934,-0.64358306,0.65229034,-1.0437088,0.04733028,-0.22255613,-0.6623122,-0.53946984,0.518402,0,chr19:1905356:testis:0,TN,0
-3.6380937,2.9404633,-0.32078126,-0.8416925,-0.6536481,0.3503882,0.09119439,-0.046195026,-0.08375826,0.079020485,1,chr8:120615841:gastrocnemius_medialis:0,FN,0
-4.0136576,1.4581906,0.67375743,-0.17428859,-0.028710278,-0.15716887,0.2709967,-0.10614192,0.6816028,0.35722217,0,chr5:125176681:transverse_colon:0,TN,0
-0.54806805,0.43622303,0.22525646,2.1039035,0.40965146,0.6617779,-0.073516354,-0.8332694,0.5625275,0.85630137,1,chr10:99523570:transverse_colon:0,TP,1
4.8206,-0.27989703,-0.3141556,-0.38648862,-0.166401,-0.504618,0.42703578,0.105605826,-0.18736972,0.10636319,1,chr7:100949587:gastrocnemius_medialis:0,TP,1
4.983008,-0.18404883,0.17031269,-0.29273835,-0.41406822,0.08493108,-0.022274153,-0.29554373,0.14300433,-0.32644042,1,chr3:34209189:esophagus_muscularis_mucosa:0,TP,1
-1.7391293,-1.9569665,-0.87965256,0.20052274,-0.2362683,0.0594963,-0.04956156,0.055730812,0.75792885,0.6543098,0,chr1:9325078:tibial_nerve:0,TN,0
5.0073066,-0.49574497,0.16107224,-0.51986915,-0.36072505,-0.25610697,-0.13998622,-0.29372218,0.06209458,-0.44236737,1,chr15:77077935:Peyers_patch:0,TP,1
-2.7855976,0.04622703,0.9296666,-0.81257176,-0.5857436,0.111715674,-0.49264953,-0.3167674,0.42730552,0.0743411,0,chr5:95781600:stomach:0,TN,0
4.005449,-0.64467436,-0.6518083,-0.22781248,0.1807376,-0.3585032,0.5087765,0.15191449,0.76181924,-0.6554539,0,chr17:17229806:gastrocnemius_medialis:0,FP,1
-2.652123,-1.9016496,0.4201254,-0.8854846,-0.47681972,0.40862975,-0.0021947038,-0.087035626,0.8679576,0.80715996,0,chr1:160219709:gastroesophageal_sphincter:0,TN,0
-3.8451996,0.38409057,-0.51079434,-0.9790157,-1.4872428,-0.09458096,-0.850783,-0.51299495,-0.2655949,0.08631558,1,chr17:68259065:gastrocnemius_medialis:0,FN,0
-2.4497712,-1.4805908,-2.5365791,1.2906933,-0.828003,0.33779106,-0.07274219,-0.7691963,0.24627347,0.30359805,0,chr5:177672069:spleen:0,TN,0
-0.08898279,-1.744486,1.734234,1.0085634,1.0251565,0.43564585,0.6483677,0.929213,-0.1354664,-0.53094655,0,chr2:54578716:spleen:0,FP,1
-1.2323505,-0.1468179,-1.4478589,1.8958082,-0.17574619,-0.16154744,0.5687152,0.24181655,0.15371461,0.5041259,0,chr11:68043006:prostate_gland:0,TN,0
-3.494261,-2.1055958,-0.61887807,0.44868144,-0.4006125,-0.49868244,-0.15828077,-0.72392285,0.56819814,0.18807067,0,chr7:73739389:testis:0,TN,0
5.2630115,-0.6366254,0.046044093,-0.4792325,-0.34481475,-0.12709416,-0.11297346,-0.18492004,-0.049525753,-0.16482988,1,chr12:42144490:stomach:0,TP,1
-3.875329,0.20453781,-0.018307328,0.68332934,-0.99148387,-0.65055287,-0.34665623,-0.6582441,0.11384628,0.5466758,0,chr19:52535856:tibial_nerve:0,TN,0
4.9515147,0.20415609,0.423968,0.0009982638,-0.23676354,0.08866287,-0.15531175,-0.13653621,0.21248344,-0.4267411,1,chr6:30683949:thoracic_aorta:0,TP,1
4.8049507,-0.112490945,-0.18908678,-0.5215243,-0.16383797,-0.7337101,0.35001236,-0.005796941,-0.27780145,-0.15117289,0,chr14:92549532:body_of_pancreas:0,FP,1
0.18448219,0.29154626,1.8380154,1.5343828,0.85931295,-0.010884898,0.377227,-0.04709026,-1.1445676,0.27477616,1,chr1:234723756:esophagus_squamous_epithelium:0,TP,1
4.3218083,0.38917497,-0.05786639,0.7122006,-0.10195468,-0.008067754,-0.66775376,-0.05817145,-0.21338789,0.38738722,1,chr16:2520692:body_of_pancreas:0,TP,1
4.7759824,0.26380897,0.44549802,0.44712046,-0.09376132,0.0058551854,-0.6184211,-0.072141916,-0.03191644,0.07896813,1,chr9:129437665:body_of_pancreas:0,TP,1
0.46384576,-1.2243015,0.59867126,0.25980556,0.6535369,1.6916527,1.707584,-0.7825401,0.47891182,-0.18406412,0,chr1:236011852:esophagus_squamous_epithelium:0,FP,1
3.1049988,-1.2441007,-0.4866556,-0.9327923,0.84652454,-0.65879774,0.1332655,0.09179852,0.4042166,-0.42139798,1,chr4:51023823:gastroesophageal_sphincter:0,TP,1
-3.657219,-0.008931803,1.1066351,0.18153663,-1.2277662,-0.570476,-0.4037086,-0.09398937,-0.57940704,0.04270593,0,chr18:74597236:body_of_pancreas:0,TN,0
-3.9391658,0.43466008,-0.74177104,-0.42996734,1.3121867,-0.37385985,-0.05916174,0.10770157,-0.55258137,-0.49270225,0,chr14:75444195:esophagus_muscularis_mucosa:0,TN,0
-2.8567731,-0.14494143,0.25400877,0.41425088,1.5111185,-0.5978036,0.4881443,0.085539214,-0.15515059,-0.13256893,0,chr20:2653520:esophagus_muscularis_mucosa:0,TN,0
4.6002975,0.06694647,1.0498337,0.4711088,-0.08158671,-0.00947893,-0.43891877,0.0022720317,0.13244978,-0.1635952,1,chr11:67055968:stomach:0,TP,1
-0.1038362,-0.18731497,-1.1906075,-0.40241382,0.9723315,-0.26356313,-0.5854641,1.0504564,0.6496752,0.8260263,1,chr8:119904795:gastrocnemius_medialis:0,TP,1
4.9480624,-0.1856897,0.4435082,-0.33907303,-0.3351966,-0.014731306,-0.40415487,-0.33169687,0.21742105,-0.60851645,1,chr21:39217021:sigmoid_colon:0,TP,1
-3.5726185,-0.57527596,1.0827906,0.036368787,-0.20617273,-0.15848342,0.3259784,-0.12730101,-0.26058897,-0.154887,1,chr17:2062247:Peyers_patch:0,FN,0
-2.5942802,-1.1908841,-1.4266251,-0.3926562,0.9411404,-0.10838154,-0.6435345,-0.14521913,-0.15800664,0.38644752,0,chr11:8683932:esophagus_muscularis_mucosa:0,TN,0
-1.1136854,1.8215281,-0.9882999,1.4387926,-0.0870438,0.7333848,0.6660885,1.0335456,0.1753384,0.06075122,1,chr16:29261549:tibial_nerve:0,FN,0
-1.9686791,-1.4557673,-0.73710316,0.82251894,0.28358966,0.30929643,-0.34451616,0.53826165,0.9591444,-0.115229025,0,chr7:975770:sigmoid_colon:0,TN,0
4.7666273,0.08437691,-0.3466482,-0.40127498,-0.05617952,-0.39892727,0.33424485,0.10162055,0.009713751,-0.2437068,1,chr7:100970172:transverse_colon:0,TP,1
-2.3729904,-2.859505,1.0365782,0.26551166,-0.5236338,0.70130247,0.5565683,0.42281047,-1.0450469,-0.53222173,1,chr16:84806565:spleen:0,FN,0
0.7794351,1.9113958,0.2777458,2.3138719,0.23311302,-0.4628872,-0.4692206,0.81314844,-0.1912551,-0.13203764,1,chr11:613756:spleen:0,TP,1
-2.4812176,1.5261863,-0.4814417,-1.0810794,0.9934591,0.5186964,0.34812245,-0.23599681,-0.016015656,0.5951661,0,chr4:152695903:esophagus_squamous_epithelium:0,TN,0
2.0661519,2.7354517,1.4288723,2.3459766,0.15402028,0.0121148825,-0.80695325,0.13662429,-0.5745585,-0.18508503,1,chr1:16914310:stomach:0,TP,1
5.0780654,-0.03132581,0.15039186,-0.09037252,-0.5225552,0.025619969,-0.12836339,-0.13028456,0.022396471,-0.14386381,1,chr20:36461197:Peyers_patch:0,TP,1
-3.69986,0.03669287,-0.7920793,-0.7830195,1.1110516,0.32018206,-0.8557811,0.06297422,-0.74426734,-0.08989407,1,chr4:6904438:spleen:0,FN,0
-2.466267,-0.92434454,-0.47152203,-0.7126107,0.7608607,0.62767875,0.1399305,-0.12469272,0.49008495,0.5889816,0,chr5:168164396:transverse_colon:0,TN,0
5.0723405,-0.5569038,-0.21927941,-0.570734,-0.25466698,-0.3695758,0.51677924,-0.13820823,-0.08644374,-0.331043,1,chr9:129441386:prostate_gland:0,TP,1
-4.3611917,1.7490473,-0.07746139,-0.384008,-0.11949118,0.33773085,-0.13967556,-0.113898806,-0.23442118,-0.8174915,0,chr12:610144:thoracic_aorta:0,TN,0
-3.8965003,-1.3495632,0.34983516,0.1899251,-0.68557733,-0.77146256,-0.887303,-0.4240342,0.027972057,-0.074870974,0,chr12:64451934:spleen:0,TN,0
0.15271069,1.5805944,0.33600846,-0.6086394,0.08394626,1.674824,0.26331288,0.07929071,-0.030465387,-0.9484228,0,chr1:186875793:sigmoid_colon:0,FP,1
5.2630115,-0.6366254,0.046044093,-0.4792325,-0.34481475,-0.12709416,-0.11297346,-0.18492004,-0.049525753,-0.16482988,1,chr12:42144490:prostate_gland:0,TP,1
-1.9054625,-0.30337214,-0.1848599,1.317151,0.8976322,0.057367448,0.35997272,-1.0007342,0.23062545,-0.12122945,0,chr19:54207389:upper_lobe_of_left_lung:0,TN,0
-4.0632944,0.41807798,0.3769181,-0.780091,-1.2334511,-0.63617045,-0.32660997,-0.22445482,-0.22592396,-0.4268124,0,chr6:34695820:thoracic_aorta:0,TN,0
-1.0592371,5.6964316,-0.5428463,-0.075359784,-1.405931,0.40731952,1.3397981,0.111050166,-0.025323628,0.14389805,0,chr3:11468314:gastrocnemius_medialis:0,FP,1
4.7949414,0.09991953,0.1212463,-0.22976644,-0.34923863,-0.000636965,-0.20342018,-0.0029840907,0.010440054,-0.04630982,1,chr19:44212377:spleen:0,TP,1
2.330246,-0.06848546,-1.3220255,2.2926292,-0.12114952,0.79332924,-0.57608616,-0.051519606,-0.6132495,0.45842475,0,chr20:58981239:sigmoid_colon:0,FP,1
2.609423,-0.5743514,-0.11692281,-0.45744538,1.1107498,-0.5103158,0.68114537,0.812127,-1.2486172,1.837584,1,chr1:21935424:gastroesophageal_sphincter:0,TP,1
-0.88565874,2.3056777,0.02804043,0.084983714,-0.44840857,-0.02258505,0.47614354,-0.512567,-0.53639495,-0.5471996,0,chr4:41049513:esophagus_muscularis_mucosa:0,TN,0
2.609423,-0.5743514,-0.11692281,-0.45744538,1.1107498,-0.5103158,0.68114537,0.812127,-1.2486172,1.837584,1,chr1:21935424:suprapubic_skin:0,TP,1
5.153505,-0.6558609,-0.015948646,-0.5516727,-0.26214436,-0.2503342,0.11617277,-0.1655216,0.020091845,-0.18185969,1,chr6:17600871:body_of_pancreas:0,TP,1
-2.1421738,-2.113098,-1.8607383,1.3773277,0.0032839193,-0.17117499,-0.62061924,-0.2322987,-0.76679647,0.38156235,1,chr6:117482982:transverse_colon:0,FN,0
-3.8718636,-0.9068897,0.5569114,0.039911754,-0.19920877,-0.60437745,-0.39789394,0.065749325,0.11517425,0.25454357,0,chr6:3024351:thoracic_aorta:0,TN,0
-0.88765264,-0.66123885,1.0935429,2.2612848,0.19809364,-0.11060376,-0.794418,-0.034325883,-0.5560515,0.8619822,1,chr3:37453118:transverse_colon:0,FN,0
-2.1577468,0.29130659,-0.6737592,0.00048723418,-0.10561604,1.8109232,0.7483531,1.397506,-0.28834495,-0.43720666,1,chr22:37282772:esophagus_muscularis_mucosa:0,FN,0
1.021063,2.0014925,1.0743188,-0.01705194,-1.0148171,1.3399482,1.4933746,1.068028,-0.03130995,0.19356084,1,chr10:5025920:gastrocnemius_medialis:0,TP,1
0.6268893,1.0241557,0.59630114,0.6651364,-0.39907742,1.1059678,-1.408064,0.86416346,0.28927898,0.3522159,0,chr18:58860199:tibial_nerve:0,FP,1
3.8041492,-0.048738323,0.38752183,1.27505,-0.39912862,0.02068092,-1.2923269,-0.10414258,0.12527888,0.588622,1,chr19:12946073:upper_lobe_of_left_lung:0,TP,1
-3.303365,-0.19735727,0.576432,0.34809592,0.30037388,-0.13075982,0.37722123,-0.09587917,0.073575065,-0.28214392,0,chr16:10121395:gastroesophageal_sphincter:0,TN,0
-3.750635,-1.26699,-0.003212913,0.2983025,0.5451757,0.13441622,0.14403698,0.6435608,-0.10414584,-1.003004,0,chr12:131026031:tibial_nerve:0,TN,0
5.1522937,-0.5061601,-0.02423897,-0.35713375,-0.29306942,-0.13991755,-0.09230678,-0.17284228,-0.020585338,-0.2128144,1,chr11:47642410:Peyers_patch:0,TP,1
5.0893817,-0.3001828,0.054468405,-0.6845312,-0.34643427,-0.33861694,0.19622937,-0.11861649,0.024464322,-0.24360742,1,chr6:32669748:spleen:0,TP,1
3.156969,0.0957202,-0.35145423,0.18778437,0.48543334,0.49369198,-0.6227534,-1.0989208,0.03836301,-0.5749676,1,chr4:151198388:esophagus_squamous_epithelium:0,TP,1
-3.3629026,0.921438,-1.7163405,-0.7587644,1.5674864,-0.24975206,-0.48227313,-0.36675823,-0.020995827,-0.8909065,1,chr9:129440394:prostate_gland:0,FN,0
-2.551806,0.09638143,-0.8633062,-0.6449409,1.7883385,0.06332811,-0.040431432,-0.15023477,-0.4138768,0.052907962,0,chr7:150557869:gastrocnemius_medialis:0,TN,0
-3.0122268,1.9217926,-1.3279573,-1.2528282,1.5403423,-0.44018722,-0.17112942,-0.42747447,-0.17485026,-0.17457573,0,chr3:66420834:sigmoid_colon:0,TN,0
4.0440726,0.54642546,0.89604247,0.9507415,0.121286675,0.25300008,0.31454456,-0.22530249,0.38294035,-0.54850215,1,chr10:47381386:body_of_pancreas:0,TP,1
4.7221384,0.07954811,0.16522187,0.3133818,-0.3891654,0.28954178,-0.59492403,0.021642482,0.014669001,0.23731598,1,chr11:121722769:stomach:0,TP,1
-2.1923525,-0.56986386,-0.23757298,1.0463719,0.22459948,-0.521136,0.45052356,0.065594316,0.25741306,0.5030237,0,chr9:98998958:suprapubic_skin:0,TN,0
-2.5554836,-1.7797391,-1.5717604,1.2112106,-0.20679592,-0.14791223,-0.67718977,0.12740423,0.5750241,0.51307696,0,chr7:27130568:prostate_gland:0,TN,0
4.8080587,-0.039362494,0.3555413,0.13388819,-0.45158252,0.6346834,-0.5341459,0.08260381,-0.0844987,-0.090705164,1,chr11:8206845:spleen:0,TP,1
-2.9018202,0.16498014,0.48771185,-0.8387909,-0.88299763,-0.03169422,0.016795596,0.22424415,-0.054154698,-0.23087038,1,chr5:173777206:spleen:0,FN,0
1.8337319,-0.35099924,-1.1910816,0.39760038,0.14712492,-0.36416125,0.09460508,1.0258965,-0.23102921,1.3438811,1,chr5:126852941:spleen:0,TP,1
4.9668827,-0.31346694,-0.22218093,-0.8168934,-0.19280602,-0.6147603,0.47089773,0.083267815,-0.13133647,-0.009979386,1,chr19:21569220:stomach:0,TP,1
4.536757,0.16771075,-0.2722146,-0.87218374,-0.3431723,-0.56989527,0.24868098,-0.04696568,-0.27585703,0.22607313,1,chr21:32561902:esophagus_muscularis_mucosa:0,TP,1
-4.304419,0.91759163,-0.10393692,-1.2582333,0.31621346,-0.11804754,-1.0956527,0.022624122,0.2751104,0.052028134,0,chr4:141646449:spleen:0,TN,0
-2.5590446,2.0523782,-0.81138474,-0.72802854,0.7680987,0.08258726,-0.9970626,0.37145248,0.3784404,-0.34071386,0,chr20:41003030:Peyers_patch:0,TN,0
-3.8649874,1.3516389,-1.0880364,-0.7799883,1.2337911,-0.6519777,-0.6811677,-0.54975367,0.03674324,-1.3803266,1,chr16:12416785:spleen:0,FN,0
4.5436587,0.51863015,0.25529224,0.7771548,-0.2230511,0.36152577,-0.6554149,-0.23162957,-0.23837322,0.23648871,0,chr3:170038108:Peyers_patch:0,FP,1
-0.7269098,1.1355978,-0.97941095,0.6477796,0.79413193,0.7762952,-0.08458943,0.07830898,-1.2561821,-0.49712864,1,chr5:181207159:spleen:0,FN,0
-3.2690659,-1.4845207,1.1352055,-0.7829934,-0.99021757,0.41357112,0.08368479,-0.1984728,-0.93979776,0.32318345,0,chr8:94146030:Peyers_patch:0,TN,0
-2.3388455,-0.6105232,-2.1244237,0.84096146,-0.6550596,-0.39879122,-0.6995312,0.18501629,1.0157636,-0.11060731,0,chr9:75891270:gastroesophageal_sphincter:0,TN,0
-4.0759463,-0.2822604,-1.4586189,0.17126842,-1.5151236,-0.49393383,-0.03621785,-1.1834726,-0.12944783,-0.16793706,0,chr17:43126359:suprapubic_skin:0,TN,0
-3.5170832,0.34034202,-0.45404154,-0.35669106,-0.7633768,0.85247606,-0.48392856,0.9753721,-0.17718074,-0.023041513,0,chr22:46463105:esophagus_squamous_epithelium:0,TN,0
-3.6613157,0.58554816,1.7806981,-0.26471865,0.51313376,-0.13653225,0.5984755,-0.36832184,-0.17664465,-0.16616707,1,chr18:47679862:spleen:0,FN,0
3.0206115,0.8368302,-0.0898502,-0.6213204,0.727618,0.120977454,-0.44834277,-0.25474042,0.43489167,-0.21549976,1,chr11:62772761:gastrocnemius_medialis:0,TP,1
-3.5277214,0.675726,-0.12280403,0.8088859,-0.4701918,-0.65274847,0.1862615,0.2812404,0.7840928,-0.08740625,0,chr4:7978997:Peyers_patch:0,TN,0
-2.346803,0.1332911,2.153457,-0.9363436,-0.10547809,0.52929205,0.57279915,-0.49921384,-1.3059075,0.22645673,0,chr2:206532702:gastrocnemius_medialis:0,TN,0
-2.5099652,-1.5557939,-0.4767743,0.33917183,-1.285305,0.72421795,-0.027138814,-0.06602972,-0.49199343,-0.13499871,0,chr7:152676209:Peyers_patch:0,TN,0
1.2285248,-0.33304214,-1.883723,0.6241262,1.2380251,-0.06407149,-0.6503339,1.0765698,-0.05900515,-0.16484186,1,chr15:41283615:thoracic_aorta:0,TP,1
-3.5093784,0.08844964,-0.64193314,1.075346,0.18099467,-0.31266537,1.2182107,-0.04502627,0.6086506,0.09270867,0,chr2:43128184:upper_lobe_of_left_lung:0,TN,0
-3.8064702,0.93033606,-0.64780045,-0.6158841,-1.238077,0.038468353,-0.74748516,0.18981282,-0.52738714,-0.9310132,0,chr6:26016498:esophagus_squamous_epithelium:0,TN,0
-3.3321621,-0.8852729,-0.22271566,-0.6809968,-1.3575048,0.82741296,-1.1326519,0.6359132,-0.30302075,-0.14477183,1,chr21:26843667:transverse_colon:0,FN,0
4.9825106,0.17261279,0.37808183,-0.20016934,-0.38054368,0.1200414,-0.24507087,-0.17608832,0.09570217,-0.34085917,1,chr17:78356295:esophagus_muscularis_mucosa:0,TP,1
4.4865227,0.6039344,0.0053799325,0.40869853,-0.35512567,0.07147658,-0.50462794,0.5730805,-0.07770562,0.47149518,1,chr2:131492789:transverse_colon:0,TP,1
-1.4655552,1.0638316,-0.96962184,-0.684485,1.2191877,0.3705877,-0.06281042,-0.36164793,0.27784255,-1.1460366,1,chr15:79967671:spleen:0,FN,0
-4.5669594,0.15972427,-1.2770368,-0.64790773,0.7907443,-0.4019259,-0.18941034,-0.15692256,0.040397756,-0.73553306,0,chr16:88242703:stomach:0,TN,0
-2.0198724,-1.4122779,-1.740729,-0.642355,1.8720576,-0.09418373,-0.50857824,-0.10179045,-0.3474981,0.006684228,0,chr3:58023290:body_of_pancreas:0,TN,0
5.005465,-0.5672085,-0.12441133,-1.0241814,-0.41633886,-0.38087583,0.5048955,-0.083436795,0.13253567,-0.22434011,1,chr7:142752489:body_of_pancreas:0,TP,1
4.684415,0.10906915,0.433337,0.58479357,-0.16829027,-0.03774808,-0.75703233,-0.20088197,-0.05552042,-0.022179298,1,chr19:55600444:tibial_nerve:0,TP,1
-3.8530893,0.085912414,1.2381457,-0.5914725,-0.8878649,-0.63459784,-0.10917236,-0.48022097,0.38782623,0.25993198,0,chr11:60397053:spleen:0,TN,0
-3.0850923,0.3082269,1.642484,0.38531214,0.9851961,0.254179,-0.16536143,-0.21173717,-0.22258723,0.14287876,1,chr19:36053072:gastrocnemius_medialis:0,FN,0
-3.1679485,-1.3531082,0.9871798,-0.72669446,-1.0452673,0.2355264,-0.45718244,0.15538895,0.21464872,0.6069969,0,chr13:95324674:gastrocnemius_medialis:0,TN,0
4.682092,-0.26712617,-0.30755135,-0.28640833,-0.36129358,-0.30015767,-0.34643304,0.033461217,-0.11424538,0.0012447236,1,chr10:94403625:upper_lobe_of_left_lung:0,TP,1
-3.645497,-1.2500341,-0.21054147,0.21277487,-0.95201576,-0.06812948,-0.23925804,-0.49344525,0.7013021,0.0020310276,0,chr20:57469585:sigmoid_colon:0,TN,0
-1.790707,1.3334655,-1.1267297,-0.81007165,1.4015379,-0.2763285,-0.8717716,-0.51950616,-0.42764553,-0.6811549,0,chr12:109170709:gastrocnemius_medialis:0,TN,0
4.7632127,0.34055015,0.007455978,0.76524323,-0.40609473,0.12527846,-0.13712011,-0.13172613,0.12734702,-0.13171478,1,chr7:30284569:esophagus_squamous_epithelium:0,TP,1
-2.2691433,-0.072590545,-0.2997275,0.8663888,-0.5119937,0.24428526,1.6330619,-0.25912657,0.4923649,0.23319367,0,chr3:13540839:gastrocnemius_medialis:0,TN,0
-2.0784185,-3.1911435,0.974121,0.24864179,0.18439065,0.16461189,0.8898414,1.2035608,-0.016065149,-0.77357787,0,chr17:66580206:spleen:0,TN,0
-2.9461987,-1.4155836,1.615709,-0.8825301,-0.41100398,-0.18110518,-0.48968044,0.7997458,-0.37333256,-0.065062605,0,chr1:79982071:gastroesophageal_sphincter:0,TN,0
4.6465163,-0.5379431,-0.47033313,0.57860583,-0.061667487,-0.103532575,-0.19248545,-0.36306486,0.12534857,-0.07753458,1,chr2:178451029:thyroid_gland:0,TP,1
-3.9518366,-0.8903913,0.0022893504,0.06269711,-1.1866629,-0.3479071,-0.70355356,-0.36455104,0.13678618,0.105250426,0,chr6:32177427:thyroid_gland:0,TN,0
4.1350474,0.2878039,0.24606317,1.0253592,-0.112207115,0.68584317,-0.70636535,-0.06257083,-0.3604876,0.24241817,1,chr19:4457794:esophagus_squamous_epithelium:0,TP,1
3.1615067,0.7580679,-0.13370304,0.5929272,-0.4426819,1.916604,0.40914473,-0.117588945,-0.0033619124,-0.09185693,1,chr17:1029308:tibial_nerve:0,TP,1
-4.726713,1.1381251,0.37771472,-0.92705405,0.17608885,-0.7316072,-0.42215252,-0.5970804,-0.009557238,-0.30818403,0,chr3:37788627:sigmoid_colon:0,TN,0
4.4051123,0.9000848,0.24833168,0.29118696,-0.047113344,-0.06375758,0.3179998,0.09341765,0.2883199,-0.66774863,1,chr3:195550284:spleen:0,TP,1
3.8041492,-0.048738323,0.38752183,1.27505,-0.39912862,0.02068092,-1.2923269,-0.10414258,0.12527888,0.588622,1,chr19:12946073:tibial_artery:0,TP,1
-2.466919,-1.4725417,1.5248027,-0.28315848,0.26426154,0.75503457,0.35752702,0.91341496,-0.519333,-0.33206296,0,chr3:73428961:tibial_nerve:0,TN,0
5.126011,-0.5994143,0.13396303,-0.46244457,-0.09546393,-0.13928467,-0.012343925,-0.010731542,0.37254623,-0.10265441,1,chr11:112757695:gastrocnemius_medialis:0,TP,1
-2.576187,0.29214057,-1.0045116,1.9634941,-0.7258918,0.45067704,-0.38020328,-0.731635,-0.75629157,0.4236055,1,chr7:150323367:gastrocnemius_medialis:0,FN,0
-3.1484313,-1.23441,-0.43441138,-0.12113885,-0.81363845,-0.5969101,0.7385158,-0.1512535,0.18033896,-0.45253688,1,chr12:47735470:esophagus_squamous_epithelium:0,FN,0
4.6978474,0.6935762,0.38468853,0.166347,-0.36545008,0.4581551,-0.340869,-0.27433768,0.18729962,-0.39013553,1,chr19:17292223:esophagus_muscularis_mucosa:0,TP,1
2.4094489,0.30994123,-0.5477495,-0.34750256,0.7280352,0.6385316,-0.41300932,-0.016186642,-0.14014426,0.81850743,0,chr20:31623391:body_of_pancreas:0,FP,1
5.0578704,-0.6986577,-0.2046995,-0.73361284,-0.16345651,-0.5621331,0.1748974,-0.037756607,-0.16889884,-0.10104079,1,chr6:17600825:thoracic_aorta:0,TP,1
4.9515147,0.20415609,0.423968,0.0009982638,-0.23676354,0.08866287,-0.15531175,-0.13653621,0.21248344,-0.4267411,1,chr6:30683949:esophagus_muscularis_mucosa:0,TP,1
5.0640974,-0.46743548,-0.094198294,-0.8112499,-0.47911945,-0.3830984,0.2576999,-0.078685656,0.020451834,-0.16325326,1,chr17:43360579:gastrocnemius_medialis:0,TP,1
-2.426706,-3.305381,0.18149893,-0.5748517,-0.42156997,1.3386436,-0.19012094,-0.13729362,-0.5384694,-0.1996038,0,chr10:3172500:Peyers_patch:0,TN,0
-2.7466607,-1.0825889,-0.23389632,0.5996929,-0.19884886,0.3420839,0.20163094,0.5040293,0.6383406,0.010501208,0,chr20:62600028:suprapubic_skin:0,TN,0
4.83767,0.37922296,0.43494794,0.18656942,-0.44335103,0.10789671,-0.5107313,-0.15731348,-0.012852642,-0.04166725,1,chr7:74657687:body_of_pancreas:0,TP,1
2.021734,1.6963379,-0.5760884,-0.25060317,0.089217186,-0.9174431,0.29665324,0.3594716,-0.68641025,-0.21071917,1,chr19:47781804:sigmoid_colon:0,TP,1
-3.1465304,-1.1256068,-1.0588447,0.48980713,-1.113512,1.3550055,-0.2804236,-0.20886062,-1.2347567,-0.516931,0,chr17:7251262:sigmoid_colon:0,TN,0
-1.6593186,2.1946006,0.17246707,-0.5800958,0.7613629,1.1337776,0.66248524,-1.0942858,0.0528075,0.46168116,1,chr17:78562690:gastrocnemius_medialis:0,FN,0
5.2630115,-0.6366254,0.046044093,-0.4792325,-0.34481475,-0.12709416,-0.11297346,-0.18492004,-0.049525753,-0.16482988,1,chr12:42144490:transverse_colon:0,TP,1
-3.8441021,-0.43207332,-0.66297275,0.17749245,0.99815303,-0.14825433,-0.46269572,-0.34132314,0.6437103,-0.5103099,0,chr16:89405772:gastrocnemius_medialis:0,TN,0
-2.7132752,-2.433805,0.43558314,-0.8549867,-0.40842777,1.2554103,-0.21879832,0.7530995,-0.3553917,-0.37828213,1,chr16:69444336:esophagus_squamous_epithelium:0,FN,0
0.5062762,-0.4801458,-1.0325239,1.0229003,0.17469332,-0.2571291,0.13527504,1.2230607,1.3969191,0.67545736,0,chr7:2717086:Peyers_patch:0,FP,1
5.2630115,-0.6366254,0.046044093,-0.4792325,-0.34481475,-0.12709416,-0.11297346,-0.18492004,-0.049525753,-0.16482988,1,chr12:42144490:Peyers_patch:0,TP,1
3.0080812,0.4740228,0.41681364,1.5677379,-0.7237473,0.90325,-1.2162832,0.6097073,-0.89041406,0.6847476,1,chr10:28302669:esophagus_muscularis_mucosa:0,TP,1
-4.170486,0.13211495,-1.1645873,0.33413497,-1.4821059,-0.3662148,-0.7610551,-0.3732701,0.5487255,-0.007695321,0,chr8:122780926:tibial_artery:0,TN,0
-0.75945336,-0.9711238,0.9814974,0.84094346,0.75978523,0.37761134,1.3877591,-0.18101242,0.23570162,-0.11121168,1,chr15:34720040:gastrocnemius_medialis:0,FN,0
5.236789,-0.74785364,-0.0045602275,-0.34702247,-0.2298851,0.064738646,-0.04800649,-0.29183555,0.0738192,-0.089091346,1,chr12:42144537:tibial_nerve:0,TP,1
1.9159662,1.4563099,1.7359561,2.5106983,0.5095433,0.45015305,0.18980737,0.29090276,-0.14796145,-0.7094049,1,chr13:114130746:esophagus_muscularis_mucosa:0,TP,1
0.84685236,2.3021433,0.10433716,-0.22139215,0.5656634,1.1832558,0.38880104,-1.126448,0.5890787,0.32987237,0,chr1:246723716:body_of_pancreas:0,FP,1
2.42536,-0.121787585,-0.27504325,0.0025250001,0.2413082,0.20279896,0.7503893,-0.26476133,0.41665053,-1.0253155,1,chr6:31358294:spleen:0,TP,1
1.9506803,2.1692464,0.51776004,0.92763793,0.33901602,0.17800556,-0.16123946,0.3441585,1.0779718,-0.31804502,1,chr6:33017635:spleen:0,TP,1
-2.2514436,-2.7280083,-1.9898589,0.31868502,-0.3783732,1.4013453,0.11993773,0.402014,-0.8256533,-0.65524167,1,chr13:43879646:spleen:0,FN,0
-4.282302,-0.006160238,-0.21149187,0.119740106,-1.1424725,-0.16255805,0.24438156,-0.5810163,-0.18381077,-0.094046496,0,chr11:7519874:gastrocnemius_medialis:0,TN,0
-2.8700976,1.6918825,0.30403486,1.1979203,-0.5307571,-0.5635767,-0.14118555,0.817576,1.4847538,0.25458136,0,chr10:124742711:esophagus_muscularis_mucosa:0,TN,0
4.1198616,-0.66908634,-0.67961437,-0.71412235,0.17458734,-0.694948,0.41557527,-0.016126351,-0.3097942,-0.12350328,1,chr13:34747932:body_of_pancreas:0,TP,1
3.6230607,1.2952682,-0.6954955,-0.8701009,-0.21751396,-0.84642315,0.35884932,0.85845184,-0.5430176,0.02663494,0,chr20:62716378:transverse_colon:0,FP,1
-3.1625233,-1.4735367,0.7920393,0.34934005,1.821878,-0.75472355,-0.23958036,-0.61262673,-0.22457539,-0.5374336,0,chr2:118954735:spleen:0,TN,0
-3.012175,-0.9484292,-2.1211336,0.6280452,-0.5939527,-0.19128045,0.21821557,-0.038046833,-0.22404991,-0.2688607,0,chr2:130798232:tibial_artery:0,TN,0
-3.548755,-1.1923783,1.43497,-0.46977937,0.30738583,-0.0864976,0.17640677,-0.32646435,-0.5233094,0.15866008,0,chr9:99106459:sigmoid_colon:0,TN,0
-1.4783643,-1.9376625,-2.7609487,1.3720287,-0.20729613,-0.009901749,0.35238808,0.11508941,1.2231472,-0.14430027,1,chr8:22109377:stomach:0,FN,0
-2.2506359,-1.4238632,-0.8317659,0.19634095,0.54894406,-0.25655174,-0.0028932805,1.3506331,2.024751,-0.43100172,0,chr19:11138364:esophagus_muscularis_mucosa:0,TN,0
-3.3898215,-2.0404408,0.897584,0.26621526,0.8996582,0.06488678,-0.10525318,-0.084017515,-0.4360768,-0.062807724,0,chr14:31208835:suprapubic_skin:0,TN,0
1.1445311,3.5773823,-0.30977687,-0.5625941,0.10741029,-1.2117244,-0.06230589,0.7015915,-0.61824375,-0.046082594,0,chr19:7248127:transverse_colon:0,FP,1
-2.6163683,-1.2561953,0.632643,0.008864408,-0.26437294,0.37802926,0.3456366,1.507679,-0.8377642,-0.82943016,1,chr7:142477125:spleen:0,FN,0
5.1182194,-0.61321706,0.08499741,-0.548681,-0.35588866,-0.070933126,0.105207555,-0.2263244,0.07221467,-0.38057122,1,chr22:16339427:Peyers_patch:0,TP,1
-3.922312,0.5111919,-0.23461471,0.59268695,-0.27055427,-0.16004075,1.0307761,-0.34310326,0.53643745,0.18264547,1,chr2:20136086:esophagus_squamous_epithelium:0,FN,0
-4.154104,1.0593617,0.2110689,0.27078426,-1.5262934,-0.9368119,0.062354293,-0.39205158,-0.22500117,-0.12994911,0,chr17:77887760:body_of_pancreas:0,TN,0
-2.0996518,-0.8486665,0.81642836,1.1917465,0.68281883,-0.7692414,1.5599352,0.16116819,0.15823287,-0.07859246,1,chr17:21404976:esophagus_muscularis_mucosa:0,FN,0
-2.88263,-0.8786356,-1.1669725,-0.65669864,1.5145721,-0.20845124,-0.22989474,-0.25896934,-0.4291041,0.08258629,0,chr11:3703488:body_of_pancreas:0,TN,0
-3.494261,-2.1055958,-0.61887807,0.44868144,-0.4006125,-0.49868244,-0.15828077,-0.72392285,0.56819814,0.18807067,0,chr7:73739389:gastroesophageal_sphincter:0,TN,0
5.1398745,-0.12757362,0.1517175,-0.41504806,-0.41770574,-0.015802082,-0.063657574,-0.053656973,0.03506557,-0.13656183,1,chr12:120710365:body_of_pancreas:0,TP,1
0.7556042,-0.24032542,0.517006,-0.20722145,-0.7893644,0.5938704,2.2840452,-0.30607623,1.0375725,0.15500699,0,chr3:152557411:spleen:0,FP,1
-2.943801,-0.9832442,2.392361,-0.3118977,-0.09741731,-0.716294,0.34136382,-0.7824643,-0.14544486,0.5689593,0,chr2:224402544:Peyers_patch:0,TN,0
-0.88765264,-0.66123885,1.0935429,2.2612848,0.19809364,-0.11060376,-0.794418,-0.034325883,-0.5560515,0.8619822,1,chr3:37453118:esophagus_muscularis_mucosa:0,FN,0
-2.316812,0.73026705,2.0079753,0.4589516,0.4945964,-0.5601002,-0.022136154,0.5046757,1.2078543,-0.050360743,1,chr1:16895136:transverse_colon:0,FN,0
4.6132708,-0.32307538,0.14523228,0.21008065,-0.15742663,0.2919779,-0.7950645,-0.23516229,0.12738556,-0.035551667,1,chr9:129437465:sigmoid_colon:0,TP,1
-3.5554852,1.5458975,0.2444817,-0.9394427,0.46433723,0.38744688,0.099782854,-0.24530359,0.8990497,0.46265656,1,chr8:132982274:spleen:0,FN,0
5.0780654,-0.03132581,0.15039186,-0.09037252,-0.5225552,0.025619969,-0.12836339,-0.13028456,0.022396471,-0.14386381,1,chr20:36461197:prostate_gland:0,TP,1
4.4865227,0.6039344,0.0053799325,0.40869853,-0.35512567,0.07147658,-0.50462794,0.5730805,-0.07770562,0.47149518,1,chr2:131492789:gastrocnemius_medialis:0,TP,1
5.1398745,-0.12757362,0.1517175,-0.41504806,-0.41770574,-0.015802082,-0.063657574,-0.053656973,0.03506557,-0.13656183,1,chr12:120710365:gastroesophageal_sphincter:0,TP,1
-2.3358445,2.3333309,-1.1447514,-1.0688102,-0.078690186,0.8878783,0.8402802,0.89666814,-0.2538277,0.0029346277,1,chr20:49414275:gastrocnemius_medialis:0,FN,0
-3.5974882,-0.9298913,0.2929716,0.03147656,-0.32354495,-0.13027519,0.21885158,0.1601174,0.9657584,0.1841328,1,chr1:153349216:esophagus_squamous_epithelium:0,FN,0
4.8294225,-0.28387347,0.267278,0.3501328,-0.2565871,0.10213799,-0.5629376,-0.30984372,0.10111842,-0.20558108,0,chr9:129437494:gastroesophageal_sphincter:0,FP,1
-2.5774999,-0.39759317,1.4346979,-1.0412222,-0.69171244,0.6205318,-0.3026683,0.023030978,0.046952303,0.6398187,1,chr7:16066837:tibial_nerve:0,FN,0
2.2506385,-0.1799833,-0.14627916,1.0968832,0.20979433,-0.29088527,-0.1948645,0.29033032,-0.07086828,0.6203561,0,chr11:47767529:spleen:0,FP,1
-2.7893493,-0.3252123,-0.04895167,0.49842337,-0.27274525,0.004242872,0.19852683,0.8443867,1.0145653,0.28271985,0,chr21:33949007:gastroesophageal_sphincter:0,TN,0
4.8402424,0.20899254,-0.0936855,-0.30807877,-0.2937698,-0.23392224,0.44250324,-0.08160998,0.0009701213,-0.2721121,1,chr1:16513429:tibial_nerve:0,TP,1
-4.20275,-0.36551878,0.27394742,0.02754174,-0.9966492,-0.13764104,0.07197338,-0.98168063,-0.56970716,0.24567246,0,chr8:27772077:Peyers_patch:0,TN,0
4.862035,-1.019483,-0.3330183,0.13179134,-0.25495875,0.023255631,-0.12143485,-0.38086328,-0.06430605,0.24750304,1,chr17:45585602:body_of_pancreas:0,TP,1
-3.4640567,0.78073657,-0.6781021,-0.2512439,-0.026467612,1.3063672,-0.3647989,0.7238252,-0.24482846,-0.3316527,0,chr1:156663945:gastrocnemius_medialis:0,TN,0
-0.6284971,1.2284857,-0.28507668,-0.5284327,1.5553457,0.6810583,-0.11913546,-0.67879236,-0.10679889,-0.4296176,0,chr21:38293053:esophagus_squamous_epithelium:0,TN,0
-2.829974,-1.5490884,-0.078009434,0.07218018,-0.15169427,-0.022709128,0.3035365,-0.10506987,0.78774416,0.2319231,0,chr12:6542269:transverse_colon:0,TN,0
2.665039,0.49352878,0.7169753,1.5152321,0.63438416,0.23286264,-0.6196992,-0.37249625,-0.19226961,-0.24276486,1,chr4:186204369:spleen:0,TP,1
-3.4611604,0.9196621,0.099970065,0.2822835,-0.36658546,-0.44444153,0.6535892,0.14269193,-0.5922837,-0.2438177,0,chr3:123384864:prostate_gland:0,TN,0
5.0939417,-0.39237145,-0.05282439,-0.6365348,-0.3993412,-0.33558962,0.25383726,-0.05229562,-0.055808026,-0.28136826,1,chr17:43360116:upper_lobe_of_left_lung:0,TP,1
-4.350804,0.104896255,-0.6897726,0.011472688,-1.4531093,-0.52082664,-0.2571062,-0.9270811,-0.45070803,-0.18984492,0,chr14:20971815:gastrocnemius_medialis:0,TN,0
3.6791956,-0.28737485,-0.10486261,0.22709082,0.41575494,0.30573443,-0.20281683,-0.26476258,0.07610069,0.48863193,1,chr9:101449087:body_of_pancreas:0,TP,1
-3.1142938,1.6074543,1.7893227,-0.5025405,0.24316035,-0.2566896,0.50901455,-0.34339637,-0.64803696,0.6192971,0,chr6:152985330:transverse_colon:0,TN,0
0.47323254,0.73325884,-0.83604807,-0.31321743,0.841019,0.39722764,-1.1588689,-0.40711224,-0.09177021,0.30235377,1,chr13:45366351:esophagus_squamous_epithelium:0,TP,1
2.9110286,1.2645792,0.7730832,1.8797444,0.14490092,0.28100023,-0.04165089,-0.05626426,0.16839717,-0.17095648,1,chr22:46589172:gastrocnemius_medialis:0,TP,1
-3.5453923,2.2297633,1.5553219,-0.8931303,-1.0291289,-0.5184312,0.25700372,-0.80945975,-0.26627773,0.4331297,0,chr14:68732199:spleen:0,TN,0
-0.18036911,1.5970553,-0.06998465,0.43740764,0.87124896,0.6443425,0.41547328,0.2329267,-0.022361128,-0.6964388,1,chr14:105124129:transverse_colon:0,TP,1
3.4345164,-0.36133572,-0.34972724,1.689241,-0.42137024,-0.09826933,-0.4432733,-0.20184001,-0.38615897,0.7299994,0,chr19:7680919:upper_lobe_of_left_lung:0,FP,1
-2.8698046,-0.49395952,-0.9514299,-0.21641985,-0.46641928,0.29778197,-0.13358334,1.4151852,-0.6022733,-1.2444988,0,chr16:88165541:esophagus_muscularis_mucosa:0,TN,0
-1.4913545,1.2833492,-1.3614517,-0.498777,-0.23562708,0.65544105,0.93200004,-0.07937906,0.3720191,0.52592087,1,chr1:53146229:Peyers_patch:0,FN,0
-2.999173,0.33311152,-0.9404001,-0.41809842,-1.0137776,0.046001416,0.06997996,0.68144464,0.19964568,-0.3258342,0,chr7:5352389:sigmoid_colon:0,TN,0
3.8041456,-0.048740767,0.38752198,1.2750521,-0.39912808,0.020681677,-1.2923279,-0.10414215,0.12527959,0.58862275,1,chr19:12946073:Peyers_patch:0,TP,1
-2.8780339,1.4641882,0.64576656,-1.2352048,0.2884773,0.1323271,0.714135,-0.3547082,-0.13597474,0.105651945,0,chr6:19302208:gastrocnemius_medialis:0,TN,0
4.579201,0.11417771,-0.0716939,0.53669214,-0.17032583,0.32595903,0.47109982,-0.3782152,0.1543892,-0.3337028,1,chr7:100950157:gastrocnemius_medialis:0,TP,1
-2.5424006,5.539199,-0.0859755,0.107301064,-1.1574203,-0.72294086,0.83686274,1.140374,-0.06746813,-0.22371149,1,chr7:149254900:gastrocnemius_medialis:0,FN,0
-3.3570564,0.4812219,0.85996383,-0.14683029,-1.127832,-0.10785248,-0.21741666,0.2523139,0.005846778,0.3628168,1,chr5:143154853:esophagus_squamous_epithelium:0,FN,0
-2.0639203,-2.0812595,1.4379319,-0.83746636,-0.28102547,0.29592776,0.5350631,-0.4254376,0.8190967,0.95738894,1,chr6:32603382:spleen:0,FN,0
-3.5726185,-0.57527596,1.0827906,0.036368787,-0.20617273,-0.15848342,0.3259784,-0.12730101,-0.26058897,-0.154887,1,chr17:2062247:transverse_colon:0,FN,0
-4.042257,-1.0968329,-0.36409074,0.35243705,-0.2106547,-0.5064235,0.39339614,-0.75139564,-0.22710274,-0.090393946,0,chr1:3134554:tibial_nerve:0,TN,0
-1.0769377,0.601896,-1.2526478,-0.061850917,0.015147839,-0.08780703,0.17063993,0.21286052,-0.41854015,1.2755947,0,chr9:127360508:tibial_artery:0,TN,0
4.649233,0.13898836,0.51072615,0.041438967,-0.20397612,0.18004626,-0.6357173,-0.49960315,0.05992568,-0.21182802,0,chr12:2962300:gastrocnemius_medialis:0,FP,1
0.6799166,1.7337142,-1.424076,-0.60854024,1.0405735,-0.98641604,-0.1614084,0.8111573,-1.1695634,0.9869984,1,chr9:129116917:gastrocnemius_medialis:0,TP,1
4.8006043,0.07673969,0.22543155,-0.50320417,-0.3000277,0.29600576,-0.1852411,-0.24747479,0.2995155,-0.21296291,1,chr4:177184944:spleen:0,TP,1
4.9830074,-0.184043,0.17031288,-0.292738,-0.41406947,0.08492907,-0.022274937,-0.29554376,0.1430032,-0.32644108,1,chr3:34209189:esophagus_squamous_epithelium:0,TP,1
-2.6372778,-1.5954144,-0.22927593,0.5978928,-0.25339633,0.47159752,0.60682565,0.4464883,0.02729732,-0.619414,0,chr11:10934148:esophagus_squamous_epithelium:0,TN,0
-3.5085788,-0.23416083,-2.0146883,0.57057196,-1.1593443,-0.5568908,-0.27287766,-1.014152,-0.20681818,-0.40211424,0,chr15:101652214:gastroesophageal_sphincter:0,TN,0
1.0790147,-0.51471215,0.68552524,1.1407728,0.91052514,0.4977286,1.8419793,-0.35353884,-0.44816414,-0.29528958,1,chr16:50658452:body_of_pancreas:0,TP,1
-4.3858275,1.3860303,-1.4010118,-1.3438781,0.9383297,-0.17389366,-0.47244227,-0.22870216,0.17285368,-0.71340966,1,chr14:54697995:esophagus_muscularis_mucosa:0,FN,0
-0.97697395,4.243107,-0.6551147,-0.8030146,0.4631998,-0.2505296,-0.2501929,-0.0358794,0.26908517,-0.2879125,0,chr6:69789211:gastrocnemius_medialis:0,FP,1
-3.1216834,-0.4621274,1.4646808,0.7347479,-0.14148058,-1.2260392,-0.42034397,0.13925084,0.29925478,0.0069301957,1,chr12:11878827:transverse_colon:0,FN,0
-2.5620558,-0.5528897,0.28558987,0.08755109,-0.47586071,1.0007943,1.2424482,0.24070586,-0.65070903,0.0016208673,0,chr9:87527360:sigmoid_colon:0,TN,0
-4.6097593,1.515401,-1.2292898,0.054182716,-0.2468355,-0.32386246,-0.29568303,-0.3751964,-0.41950125,-0.2695566,0,chr15:51751129:esophagus_muscularis_mucosa:0,TN,0
-2.3314946,-1.7078333,-1.8899716,0.15511936,-0.6181111,0.10602893,-0.0021195624,-0.13672289,1.8480643,0.19439949,0,chr12:89354055:body_of_pancreas:0,TN,0
-1.9686776,-1.4557676,-0.73710394,0.8225183,0.28358924,0.30929673,-0.34451663,0.5382608,0.95914495,-0.11522837,1,chr7:975770:tibial_nerve:0,FN,0
-3.3922524,-1.6156996,-0.9809806,0.08460189,-1.03072,0.7656029,-0.81678706,0.798894,-0.34385166,-0.5093928,0,chr6:7261322:prostate_gland:0,TN,0
5.1385007,-0.6614187,-0.18141663,-0.65808165,-0.26172322,-0.50601923,0.30425608,0.021930393,-0.12228461,-0.039334755,1,chr3:75785531:suprapubic_skin:0,TP,1
-3.7266815,0.8449439,0.47507367,-0.39148736,0.26541454,0.22991131,-0.24443099,-0.19729419,-0.29013342,-0.021325957,1,chr10:3963774:transverse_colon:0,FN,0
-1.2348908,1.6352841,0.84333,-0.23089059,-0.001933238,0.97416055,-0.840696,0.45020592,1.0818131,-0.5476683,0,chr21:28111849:gastroesophageal_sphincter:0,TN,0
-2.2719383,1.2637718,2.2117846,-0.025699016,0.37181962,0.06880851,0.591895,-0.2173968,-1.2225003,0.27507183,0,chr13:110298144:spleen:0,TN,0
4.6132708,-0.32307538,0.14523228,0.21008065,-0.15742663,0.2919779,-0.7950645,-0.23516229,0.12738556,-0.035551667,1,chr9:129437465:thoracic_aorta:0,TP,1
-1.9432503,2.1046407,-0.35277542,-0.9434524,0.11231908,1.064659,0.4389258,-0.50592446,0.25964305,-0.19067073,0,chr9:104859816:Peyers_patch:0,TN,0
5.122896,-0.47151017,-0.118333094,-0.58288246,-0.2520678,-0.30175474,0.42257273,-0.046209265,-0.029467512,-0.15238135,1,chr3:75785609:gastroesophageal_sphincter:0,TP,1
4.9615536,-0.546358,-0.38283852,-0.38300237,-0.25460133,-0.28825447,0.4434137,0.009359123,-0.090292014,-0.0044724457,1,chr19:489630:gastrocnemius_medialis:0,TP,1
2.4085534,-0.59130543,-1.9355152,1.0271691,-0.432528,0.015750576,0.14610171,-0.20421383,-0.9769681,1.3751616,1,chr17:45585041:spleen:0,TP,1
-3.6574764,1.322912,1.0141273,0.1466153,-0.59472835,-0.6130166,0.83159655,-0.07415386,-0.1167115,0.11789862,0,chr15:85702583:body_of_pancreas:0,TN,0
4.7908897,-0.11608796,0.27239758,-0.5402073,-0.019066976,-0.21535562,-0.21704797,0.01552671,-0.073878005,-0.2554451,0,chr13:21017651:esophagus_squamous_epithelium:0,FP,1
3.105005,-1.2441014,-0.4866573,-0.932794,0.8465227,-0.65879685,0.13326629,0.09179895,0.40421578,-0.421397,1,chr4:51023823:body_of_pancreas:0,TP,1
1.5139445,1.5344934,1.286975,1.2380593,0.104408115,-0.21770379,-0.8722017,0.35433286,-0.014762414,-0.65922344,1,chr18:55586134:gastrocnemius_medialis:0,TP,1
5.1382747,-0.4338374,0.17809394,-0.51181865,-0.3650148,0.0077287806,-0.04336668,-0.2384083,0.0994118,-0.3476164,1,chr9:129428350:sigmoid_colon:0,TP,1
-0.88765264,-0.66123885,1.0935429,2.2612848,0.19809364,-0.11060376,-0.794418,-0.034325883,-0.5560515,0.8619822,1,chr3:37453118:gastrocnemius_medialis:0,FN,0
1.9106125,1.298428,-0.76038057,-1.1935599,0.095243014,-0.730894,0.16054578,0.21094751,-0.4215587,-0.27625895,1,chr1:246969582:spleen:0,TP,1
-2.6885471,-0.9818187,-2.4689474,0.5118624,-0.73528343,0.18830235,-0.09177857,-0.56981814,-0.16068585,0.25096437,1,chr1:81802462:gastroesophageal_sphincter:0,FN,0
5.0780654,-0.03132581,0.15039186,-0.09037252,-0.5225552,0.025619969,-0.12836339,-0.13028456,0.022396471,-0.14386381,1,chr20:36461197:esophagus_squamous_epithelium:0,TP,1
2.939593,0.8340135,-1.4649034,1.1117992,-0.29156643,0.4222081,1.2306553,0.41617677,-0.4012947,0.45930514,1,chr17:6657258:esophagus_squamous_epithelium:0,TP,1
-3.217309,-1.4447212,-2.1414547,0.4621396,-0.19875064,-0.19500613,0.16199456,-1.0046062,-0.21089543,-0.6597315,0,chr12:109996335:esophagus_squamous_epithelium:0,TN,0
-3.3385413,-1.4484745,1.3419791,-0.06743618,-0.47523364,-0.57983327,-0.08652011,0.19678545,-0.0027933798,0.24675088,0,chr13:40653631:transverse_colon:0,TN,0
4.9554873,-0.6612225,0.37481275,-0.1941052,-0.21834342,-0.03412059,-0.13496083,-0.25233173,0.15002173,0.016076684,0,chr12:57133499:thoracic_aorta:0,FP,1
-2.003082,-0.26570782,-1.4971817,-0.6436835,1.4729095,0.1678068,-0.44814166,0.01826257,0.09528821,0.15085174,0,chr2:127570799:thoracic_aorta:0,TN,0
4.233804,0.47383264,-0.001796093,-0.5293292,-0.0030745778,-0.3353799,0.021507382,0.63095284,-0.117076,0.46546346,0,chr4:119454036:tibial_nerve:0,FP,1
4.4796953,1.268566,0.30357397,0.28241435,-0.2729105,-0.13612963,-0.45067728,0.2229728,0.0020689187,-0.18320034,1,chr21:37565482:gastrocnemius_medialis:0,TP,1
-3.734009,0.42193782,-0.63063776,-0.430015,2.039134,-0.38848236,-0.32952082,-0.42728192,-0.49509835,-0.23031719,1,chr10:5016468:gastrocnemius_medialis:0,FN,0
-2.5993469,-0.022650093,-1.1584647,1.0535473,-0.7089759,-0.039368358,1.0088967,0.13846645,0.79063046,-0.20085068,1,chr19:33394211:spleen:0,FN,0
3.0793421,0.11332134,-1.2965969,1.132568,-0.5048435,0.013397595,-0.45297673,-0.08830437,-0.25309473,1.1883591,0,chr21:33324561:testis:0,FP,1
5.129976,-0.5654072,0.0028124098,-0.50517756,-0.35328412,-0.04602272,0.25865892,-0.15413484,0.20172283,-0.31832522,1,chr7:142488391:transverse_colon:0,TP,1
-3.685706,0.108559735,1.1058677,-0.055681854,0.2058462,-0.56251854,0.15122855,-0.21422075,0.26071632,0.17205943,1,chr7:100017146:gastrocnemius_medialis:0,FN,0
4.8281765,0.29548728,0.31031817,-0.5282485,-0.4917755,-0.16878311,-0.36910516,-0.09870732,0.16819498,-0.4218222,1,chr10:49526106:upper_lobe_of_left_lung:0,TP,1
4.7632127,0.34055015,0.007455978,0.76524323,-0.40609473,0.12527846,-0.13712011,-0.13172613,0.12734702,-0.13171478,1,chr7:30284569:gastroesophageal_sphincter:0,TP,1
4.83767,0.37922296,0.43494794,0.18656942,-0.44335103,0.10789671,-0.5107313,-0.15731348,-0.012852642,-0.04166725,1,chr7:74657687:esophagus_muscularis_mucosa:0,TP,1
-1.4206464,-4.1139555,1.0698235,-0.79433745,0.5822886,1.2589673,-0.0039780084,0.21632685,0.19860698,0.55854726,0,chr10:95506816:sigmoid_colon:0,TN,0
-1.9054625,-0.30337214,-0.1848599,1.317151,0.8976322,0.057367448,0.35997272,-1.0007342,0.23062545,-0.12122945,0,chr19:54207389:sigmoid_colon:0,TN,0
2.9426162,1.8210777,0.15390544,-0.8805195,0.43328676,-1.1302043,0.42546064,0.9391889,-0.5422956,0.51029354,1,chr3:16151184:gastrocnemius_medialis:0,TP,1
0.104565635,0.15140164,-0.4523999,0.0072295954,1.1033843,2.7268772,0.02780848,-1.2258191,-0.030597875,0.29286763,1,chr19:48582797:stomach:0,TP,1
-2.2268233,0.23875432,-2.1262589,1.8118552,-0.8057197,0.91451246,0.16877188,-0.033804614,-0.21618693,0.10681764,0,chr17:49993513:esophagus_muscularis_mucosa:0,TN,0
4.9811254,0.21503575,0.35050038,-0.048774455,-0.43707314,0.07947911,-0.34125385,-0.056568693,-0.0497005,-0.24804193,1,chr10:31321113:gastroesophageal_sphincter:0,TP,1
4.557342,1.005072,0.47395357,-0.10494429,-0.32202962,0.5073371,0.1702332,-0.190102,0.5158002,-0.46734366,1,chr6:32622405:spleen:0,TP,1
1.2285248,-0.33304214,-1.883723,0.6241262,1.2380251,-0.06407149,-0.6503339,1.0765698,-0.05900515,-0.16484186,1,chr15:41283615:esophagus_muscularis_mucosa:0,TP,1
5.1522937,-0.5061601,-0.02423897,-0.35713375,-0.29306942,-0.13991755,-0.09230678,-0.17284228,-0.020585338,-0.2128144,1,chr11:47642410:esophagus_squamous_epithelium:0,TP,1
4.595217,0.06408504,0.29258388,0.35348192,-0.07747788,0.0722778,-0.0983925,0.010239335,0.35702297,-0.67329,0,chr19:38719952:gastrocnemius_medialis:0,FP,1
-2.235126,-1.0236151,0.47031426,-0.36012295,0.8277757,0.37311724,-0.48974642,0.50934553,1.025398,-0.14949164,0,chr10:91883202:tibial_nerve:0,TN,0
-3.3305645,-1.6158196,1.3317575,-0.49116433,-0.4566114,0.010218351,-0.24172963,0.6565662,-0.46016577,-0.2776024,0,chr5:60541648:gastroesophageal_sphincter:0,TN,0
-3.7117555,-1.3360127,-0.20941958,0.79958516,0.041237555,-0.22937788,-0.049458995,-0.039864503,-0.75895995,-0.65283567,1,chr7:100966074:transverse_colon:0,FN,0
4.9911976,-0.16363594,0.3858815,-0.19324328,-0.16159204,0.24077499,-0.21226168,-0.2065185,0.2687949,-0.25450724,0,chr1:38001749:gastrocnemius_medialis:0,FP,1
-0.91198295,-2.0351932,-0.09752936,-1.042527,0.039607175,0.7308432,0.24300918,0.13727929,1.2097752,0.665096,0,chr8:9082320:spleen:0,TN,0
4.9907646,-0.35253057,0.20336261,-0.3595964,-0.12560429,-0.11794477,-0.15255381,-0.15103836,0.05177311,-0.19995604,1,chr7:72955123:spleen:0,TP,1
-1.4495733,1.1927104,-0.09150524,-0.35265252,0.88563675,0.28774583,0.3854733,0.49532208,0.5965501,-0.1712627,0,chr1:9435493:suprapubic_skin:0,TN,0
-0.8854686,-1.4156343,-1.2103127,1.15775,0.8530739,-0.153318,0.28876647,0.39670143,1.4437345,0.09131365,1,chr6:41780524:prostate_gland:0,FN,0
-2.7889254,-2.1090615,1.319578,-0.92469925,-0.51769876,0.0040315217,-0.15494914,-0.15568352,0.4440912,0.81151307,0,chr9:75430360:gastrocnemius_medialis:0,TN,0
2.5850286,-1.0953648,-0.9771729,-1.4647287,0.95713013,-0.615198,0.57909137,0.44667423,-0.11231487,0.5664827,0,chr5:152308879:thoracic_aorta:0,FP,1
4.321806,0.38918403,-0.057864998,0.7122035,-0.10195513,-0.008068221,-0.66775423,-0.058170307,-0.21338893,0.3873895,1,chr16:2520692:sigmoid_colon:0,TP,1
-3.2091503,-0.95080507,0.86154526,0.17437999,-0.7309663,0.5480525,0.29026526,1.0710812,-0.31043187,-0.32688326,0,chr12:116319680:tibial_artery:0,TN,0
-3.189184,0.007940824,0.5340336,-0.52255297,0.6643061,-0.21702124,-0.45654297,-0.14970937,0.91993886,0.40643016,0,chr14:99796102:gastroesophageal_sphincter:0,TN,0
-3.259389,-1.8895617,0.4559521,-0.09265641,0.8202076,-0.54019916,-0.18205531,0.107562274,0.5684857,-0.18979813,0,chr12:55723196:esophagus_squamous_epithelium:0,TN,0
-1.793522,-2.7426865,0.93592054,-0.53481895,0.23921928,1.0928664,0.27514294,-0.23426548,0.5453744,1.0019926,1,chr2:87516517:spleen:0,FN,0
-3.3224525,-1.767625,-1.4957409,0.6573374,-1.0793486,-0.2923493,-0.53348947,-1.0099993,0.6378798,0.08386942,0,chr17:50866573:body_of_pancreas:0,TN,0
-3.4688702,-0.4419676,1.1770958,-0.5582686,-0.21039982,-0.076116085,-0.39249033,0.42094344,0.14866327,0.15341607,0,chr15:51801888:gastrocnemius_medialis:0,TN,0
4.8660946,0.0609326,0.20102297,0.06349114,-0.4043776,-0.040115632,-0.44102722,0.080856405,-0.009370288,-0.14404447,1,chr5:80654888:tibial_nerve:0,TP,1
4.8660946,0.0609326,0.20102297,0.06349114,-0.4043776,-0.040115632,-0.44102722,0.080856405,-0.009370288,-0.14404447,1,chr5:80654888:gastroesophageal_sphincter:0,TP,1
-2.1803772,-1.0867494,0.21681765,1.1911771,0.6017033,-0.27194276,0.78963083,0.8580314,1.5239258,0.11236226,1,chr3:127037646:transverse_colon:0,FN,0
-3.2697296,2.0812287,-0.0891032,-1.8058143,0.5134873,0.5270111,0.38017842,-0.7979826,0.03459778,0.05627144,1,chr6:32591506:spleen:0,FN,0
-3.136852,1.2346841,0.669462,1.3132135,-0.24136248,0.15476772,1.0191865,0.070633374,-0.3654996,0.08457942,0,chr16:83804218:prostate_gland:0,TN,0
4.9816427,-0.18588865,0.093839884,-0.6080755,-0.4838337,-0.17259765,0.24214105,-0.12984534,-0.0051645455,-0.20068513,1,chr3:34208835:esophagus_squamous_epithelium:0,TP,1
5.0640974,-0.46743548,-0.094198294,-0.8112499,-0.47911945,-0.3830984,0.2576999,-0.078685656,0.020451834,-0.16325326,1,chr17:43360579:sigmoid_colon:0,TP,1
5.2474456,-0.81012577,-0.017670054,-0.47607186,-0.35335878,-0.10353673,0.061673027,-0.20961204,0.045038097,-0.098088995,1,chr9:63859633:esophagus_muscularis_mucosa:0,TP,1
4.6465163,-0.5379431,-0.47033313,0.57860583,-0.061667487,-0.103532575,-0.19248545,-0.36306486,0.12534857,-0.07753458,1,chr2:178451029:esophagus_squamous_epithelium:0,TP,1
-3.705783,0.95775115,0.7457505,-0.95736736,-0.86439425,-0.054986075,-0.2682619,0.33254492,-0.5663482,-0.19111006,0,chr6:149080423:gastroesophageal_sphincter:0,TN,0
1.3691317,-0.73332125,0.20921938,0.31835386,2.388139,0.8365366,-0.39837936,-1.4045349,-0.64255404,-0.5441857,1,chr20:3810780:body_of_pancreas:0,TP,1
3.4589727,0.2967457,0.09832282,0.89714646,0.1128871,-0.107128225,0.07178744,0.19897008,0.4121883,0.061961345,0,chr1:33153037:esophagus_muscularis_mucosa:0,FP,1
3.1615067,0.7580679,-0.13370304,0.5929272,-0.4426819,1.916604,0.40914473,-0.117588945,-0.0033619124,-0.09185693,1,chr17:1029308:sigmoid_colon:0,TP,1
4.83767,0.37922296,0.43494794,0.18656942,-0.44335103,0.10789671,-0.5107313,-0.15731348,-0.012852642,-0.04166725,1,chr7:74657687:spleen:0,TP,1
4.7221384,0.07954811,0.16522187,0.3133818,-0.3891654,0.28954178,-0.59492403,0.021642482,0.014669001,0.23731598,1,chr11:121722769:prostate_gland:0,TP,1
3.1316164,0.81282085,0.64699,0.66107994,0.23670371,0.6327586,-0.6412947,0.12807931,0.28867328,-0.10723237,1,chr13:27372221:body_of_pancreas:0,TP,1
3.7021224,1.4058183,0.93861043,1.1102753,-0.12737253,0.7384783,-0.041455988,-0.2097159,0.39263216,-0.74281377,1,chr22:46753043:gastrocnemius_medialis:0,TP,1
-2.5277603,-0.26721802,-0.6467854,-0.6878141,0.967161,0.7088666,-0.79647857,-1.0653424,0.2233941,0.10132188,0,chr16:57305074:body_of_pancreas:0,TN,0
-4.009428,-0.8052891,0.23475967,-0.3721654,-1.0240144,-0.7048801,-0.46851903,-0.22299035,0.038464107,-0.32743692,0,chr19:22532305:transverse_colon:0,TN,0
-1.9590468,2.798455,0.19289412,-0.21795356,0.03241412,1.3053895,-0.13324578,-1.0362866,0.3857657,0.43469167,0,chr2:239319425:body_of_pancreas:0,TN,0
-2.939229,-0.94917846,0.93846613,0.067280926,0.2456818,0.35166183,-0.4192194,1.370849,-0.09815592,-0.6863588,0,chr9:81843175:gastrocnemius_medialis:0,TN,0
-2.9877584,-0.92608714,0.6920602,-0.9788145,-0.997689,0.59756964,-0.095249705,-0.074757576,-0.4039355,0.05242362,0,chr2:169776114:sigmoid_colon:0,TN,0
4.608448,-0.45338935,-0.14702567,-0.29856384,0.059902273,0.29986584,0.69737136,0.2767858,0.53124624,0.28528684,1,chr7:142520948:transverse_colon:0,TP,1
4.862035,-1.019483,-0.3330183,0.13179134,-0.25495875,0.023255631,-0.12143485,-0.38086328,-0.06430605,0.24750304,1,chr17:45585602:transverse_colon:0,TP,1
-3.2332954,-1.3940456,1.1326841,-0.13416876,-0.29204896,-0.08780485,0.0644016,0.37585017,-0.49368262,-0.1871694,0,chr9:114958316:spleen:0,TN,0
4.8660946,0.0609326,0.20102297,0.06349114,-0.4043776,-0.040115632,-0.44102722,0.080856405,-0.009370288,-0.14404447,1,chr5:80654888:body_of_pancreas:0,TP,1
-1.8917358,-0.8369603,-1.0838163,0.4547116,-0.020502737,-0.34973404,-0.12003271,1.0310496,1.8187479,0.18682252,0,chr18:48997040:esophagus_muscularis_mucosa:0,TN,0
4.841191,-0.28265068,0.10452769,-0.17965028,-0.16942258,-0.12479513,0.34853595,-0.15393303,0.010909783,-0.34536856,1,chr18:14174201:esophagus_squamous_epithelium:0,TP,1
5.2630115,-0.6366254,0.046044093,-0.4792325,-0.34481475,-0.12709416,-0.11297346,-0.18492004,-0.049525753,-0.16482988,1,chr12:42144490:upper_lobe_of_left_lung:0,TP,1
-2.316812,0.73026705,2.0079753,0.4589516,0.4945964,-0.5601002,-0.022136154,0.5046757,1.2078543,-0.050360743,1,chr1:16895136:gastrocnemius_medialis:0,FN,0
-3.5872366,2.1359918,-0.8143722,-1.1638362,0.69935465,-0.44560543,0.24862543,0.09647757,-0.5158637,0.4063235,0,chr16:19853235:gastrocnemius_medialis:0,TN,0
-2.4271562,-0.118563816,2.266218,-0.47685122,-0.11640162,-0.2892432,0.90058476,-0.71303964,-0.063024476,0.8525863,0,chr3:30497577:gastrocnemius_medialis:0,TN,0
5.1398745,-0.12757362,0.1517175,-0.41504806,-0.41770574,-0.015802082,-0.063657574,-0.053656973,0.03506557,-0.13656183,1,chr12:120710365:transverse_colon:0,TP,1
-4.132932,2.652091,-0.26637444,-0.59200627,-0.23598504,0.12401389,-0.7210631,-0.19484307,0.11028508,-0.2547272,0,chr16:16076710:gastrocnemius_medialis:0,TN,0
-3.572619,-0.5752771,1.08279,0.03636772,-0.20617248,-0.15848556,0.32597837,-0.1273027,-0.26058745,-0.15488708,1,chr17:2062247:esophagus_muscularis_mucosa:0,FN,0
-4.614721,1.266759,-1.1224117,-0.24181534,-0.34725395,0.065187246,-0.53311574,-0.8539972,0.06838379,-0.033472072,1,chr8:97645328:spleen:0,FN,0
3.1615067,0.7580679,-0.13370304,0.5929272,-0.4426819,1.916604,0.40914473,-0.117588945,-0.0033619124,-0.09185693,1,chr17:1029308:esophagus_squamous_epithelium:0,TP,1
3.105005,-1.2441014,-0.4866573,-0.932794,0.8465227,-0.65879685,0.13326629,0.09179895,0.40421578,-0.421397,1,chr4:51023823:esophagus_muscularis_mucosa:0,TP,1
5.04359,-0.47909272,-0.051849466,-0.4472516,-0.27344355,-0.1772477,0.16568859,-0.28512618,0.10905735,-0.2836175,0,chr7:150320318:body_of_pancreas:0,FP,1
4.9547596,0.07944933,0.38998625,0.043389764,-0.36590788,0.23405237,-0.26563987,-0.23419425,0.10000904,-0.3438373,1,chr17:72468170:body_of_pancreas:0,TP,1
-1.1448987,-0.49247164,-0.31689924,-0.7824546,0.72611076,1.1930425,0.39944363,-0.04867759,-0.5155733,0.5905787,0,chr5:148961420:esophagus_squamous_epithelium:0,TN,0
-2.3658319,1.3357624,-0.9136674,-0.6093237,-0.025524596,0.39167008,0.41532785,0.57612145,0.07265294,0.06712856,0,chr11:44564382:Peyers_patch:0,TN,0
-2.6528585,1.8979408,-0.28205618,-0.9319417,1.6900841,-1.3045332,0.24023508,0.2876861,-1.0921239,-0.07708815,0,chr6:75458281:gastrocnemius_medialis:0,TN,0
-2.0996518,-0.8486665,0.81642836,1.1917465,0.68281883,-0.7692414,1.5599352,0.16116819,0.15823287,-0.07859246,1,chr17:21404976:spleen:0,FN,0
-2.3893049,1.3800834,-0.69678324,-1.2630041,-0.15307857,0.5109728,-0.2515767,0.025448699,0.92046547,0.052457582,0,chr8:134830525:transverse_colon:0,TN,0
-3.5252688,-0.4751167,-1.0973047,0.4645762,-0.5288897,-0.30522805,0.23078161,0.3790534,0.10862269,-0.86976117,0,chr5:132491372:spleen:0,TN,0
-4.1409054,1.0189438,-0.06451773,-0.1361953,0.71933377,-0.121883586,-0.06760166,-0.29071343,0.16438128,0.2927249,0,chr3:134389010:spleen:0,TN,0
-1.2195305,4.757494,-0.810128,-1.0362904,0.028094402,-1.1176502,-0.03048057,1.0425818,-0.07090268,0.24679512,0,chr6:12345460:stomach:0,FP,1
4.9668827,-0.31346694,-0.22218093,-0.8168934,-0.19280602,-0.6147603,0.47089773,0.083267815,-0.13133647,-0.009979386,1,chr19:21569220:sigmoid_colon:0,TP,1
-0.6494686,2.360338,-0.106971696,0.7038156,0.2803295,-0.2750857,0.9174291,0.64514065,-0.12700108,0.49453673,1,chr9:129427736:prostate_gland:0,TP,1
-2.924185,-0.70904577,1.0019909,-0.7093937,-0.760456,-0.5459165,0.08959231,0.20550899,0.23468958,-0.11861267,0,chr14:51653237:prostate_gland:0,TN,0
-0.50295097,0.4069709,0.9223373,-0.38385418,0.17753237,0.8368705,-0.2958298,0.28790322,0.5908817,0.29780412,0,chr4:55865819:gastrocnemius_medialis:0,FP,1
1.0621248,1.3357674,1.71115,1.2678453,0.24229436,0.99578834,0.9327392,0.29956704,-0.18730274,-0.21099529,0,chr17:68793885:gastroesophageal_sphincter:0,FP,1
-2.583555,0.006723787,1.3801563,0.1864885,-0.6603366,0.21891809,0.25679076,-0.49335787,0.4245697,0.78646415,0,chr9:4740250:prostate_gland:0,TN,0
2.0745766,1.6609125,0.06774196,-0.9385269,-0.21494423,1.8393886,0.9011604,-0.6316841,0.681096,0.6484577,0,chr2:239225405:suprapubic_skin:0,FP,1
-3.3843293,0.27102935,1.0536824,0.28617546,-0.5216198,0.052772403,0.13576494,-0.7511059,0.32149124,0.58530045,0,chr1:157045233:upper_lobe_of_left_lung:0,TN,0
4.8768687,0.054972753,0.44438308,-0.37297353,-0.46048552,0.04417574,-0.412507,-0.41513276,0.20585789,-0.47606722,1,chr4:113924103:prostate_gland:0,TP,1
5.0796056,-0.7227574,-0.18135728,-0.72264457,-0.23450752,-0.5397789,0.19477354,-0.04774105,-0.12108392,-0.07715678,1,chr6:17600812:body_of_pancreas:0,TP,1
-2.0602498,-1.6089245,1.612226,-0.6039477,0.030621916,-0.22500439,-0.15695526,0.6237859,-0.26634657,0.22641736,0,chr7:95607374:sigmoid_colon:0,TN,0
1.1610888,-0.66005844,0.50107247,-0.4456392,1.0641166,-0.5193364,-0.19631615,0.1323261,0.066854894,0.50067115,0,chr6:156600327:testis:0,FP,1
4.8159986,-0.23547833,0.28764486,0.4133544,-0.10711472,0.033230778,-0.50150114,-0.14691891,-0.046018474,-0.12649529,1,chr15:75348373:transverse_colon:0,TP,1
4.1941,0.6916974,0.5024702,1.2014751,0.063697,0.31950215,-0.15551087,0.02404224,-0.07684795,0.016259164,0,chr13:20118896:sigmoid_colon:0,FP,1
-2.6723044,0.10963889,-0.59820163,0.63597953,0.51632965,-0.5919928,0.08763775,-0.09715049,0.38652325,0.048298553,1,chr17:21402309:gastrocnemius_medialis:0,FN,0
-2.2514436,-2.7280083,-1.9898589,0.31868502,-0.3783732,1.4013453,0.11993773,0.402014,-0.8256533,-0.65524167,1,chr13:43879646:Peyers_patch:0,FN,0
-4.611739,1.0116861,-0.4350408,-1.0808557,0.36690283,0.24727072,-1.2664667,-0.29494295,-0.12317558,-0.107348226,0,chr16:14356796:gastrocnemius_medialis:0,TN,0
-3.5641441,0.72200304,0.57878256,-1.1030035,-0.4028958,0.33743325,-0.36006057,0.6534719,0.053052828,-0.044766042,0,chr3:30499374:gastrocnemius_medialis:0,TN,0
-1.7460382,0.08052733,-1.0496217,-1.242316,0.71599895,1.7985027,1.105137,0.76857287,-0.25698975,0.12939845,1,chr10:79020631:esophagus_squamous_epithelium:0,FN,0
-2.2753499,1.1041764,-0.2906507,-0.55119085,-0.16901639,0.37319148,0.50216556,1.462602,0.28897318,-1.0752697,0,chr2:9163803:esophagus_squamous_epithelium:0,TN,0
4.536756,0.16771442,-0.2722138,-0.8721837,-0.34317335,-0.5698944,0.24868058,-0.046965726,-0.27585664,0.22607344,1,chr21:32561902:thoracic_aorta:0,TP,1
-3.0006685,-0.15680026,-1.4968454,-0.34098265,0.80117506,-0.32972288,-0.922509,-0.35510767,0.0860922,-0.105541945,0,chr10:95555322:gastroesophageal_sphincter:0,TN,0
-3.2537308,-1.0819778,0.4628263,-0.03628581,-0.6659255,0.6540553,0.53650254,0.12812416,-0.34236088,-0.0683575,0,chr18:48763886:gastrocnemius_medialis:0,TN,0
5.0962825,-0.37090883,0.00022480158,-0.2609019,-0.3035092,-0.016517315,0.22266485,-0.2461746,0.064108185,-0.21474881,1,chr3:16366385:gastrocnemius_medialis:0,TP,1
-1.7950726,-1.1967903,0.4576839,0.39195108,1.6382163,0.70214844,0.38374212,0.04064584,-0.068108,-0.24925333,0,chr15:90425281:gastrocnemius_medialis:0,TN,0
2.39921,-0.55252504,-0.7098399,-0.11247267,0.94174916,1.3534555,-0.3967007,-0.48778868,0.3976199,-0.04182048,1,chr2:3564194:spleen:0,TP,1
-2.0098045,-0.16527317,0.51382697,-0.92223233,-0.7086115,-0.20438252,0.34596232,0.74583006,0.5377153,0.28124058,1,chr10:58514845:gastrocnemius_medialis:0,FN,0
-3.653626,-1.066512,-0.72080636,1.2013346,-0.31334937,-0.29655805,-0.5471314,-0.88622093,0.19533622,0.2900803,0,chr3:52239404:esophagus_squamous_epithelium:0,TN,0
-4.0210056,0.3142289,0.8656907,-0.4098802,-0.40605152,-0.118503116,0.055684365,-0.7046754,-0.24848805,0.31806988,0,chr10:95406345:gastroesophageal_sphincter:0,TN,0
-0.5388803,-0.20413879,-1.5293403,-0.37677547,1.084613,0.17939943,-0.04046975,-0.5487315,0.5264755,0.38371605,0,chr22:45525327:suprapubic_skin:0,TN,0
-3.5433362,-0.20304568,0.6228307,-0.3948322,0.19394656,-0.07605936,-0.23889238,-0.3445466,0.5766243,0.35289055,1,chr10:70430173:gastrocnemius_medialis:0,FN,0
1.8625352,-1.1730332,1.3334461,1.6856749,1.1065544,0.39850092,0.6133647,-0.112391576,-0.5225655,-0.18128832,0,chr15:28887560:spleen:0,FP,1
-0.6027794,1.2665415,0.31129915,-1.0479807,1.3429921,-0.062722564,-0.77250624,-0.2738744,-0.12425666,0.629978,0,chr1:52699156:transverse_colon:0,TN,0
-3.5057037,-1.4285121,-0.7182036,0.5738327,-0.014954188,-0.33617684,-0.18699509,-0.4654928,-0.84590906,-0.21965803,1,chr4:119455225:spleen:0,FN,0
5.2630115,-0.6366254,0.046044093,-0.4792325,-0.34481475,-0.12709416,-0.11297346,-0.18492004,-0.049525753,-0.16482988,1,chr12:42144490:esophagus_squamous_epithelium:0,TP,1
0.88877887,-0.26846942,0.2992388,1.0012146,0.7990237,0.14985079,0.2654523,-1.2009922,-0.4507887,-0.36221817,0,chr6:130993613:Peyers_patch:0,FP,1
-1.978252,0.10938468,0.8864935,0.57918996,0.8805807,0.084578834,0.04310734,-0.18527253,0.82883936,0.118644804,0,chr8:42296266:gastroesophageal_sphincter:0,TN,0
-4.013467,0.2999535,-1.1763039,-0.04344607,-1.0543704,-0.6620211,-0.98900753,-0.043107245,0.51138633,-0.110634975,0,chr11:57667738:tibial_nerve:0,TN,0
-1.0542742,-1.4731268,0.7745444,1.7150457,0.45807582,0.13051489,0.2955375,-0.7533381,0.64139485,0.67738557,0,chr4:177309916:spleen:0,TN,0
1.0292403,1.3690755,0.7571249,0.5858003,0.5558485,1.7449633,-0.45141476,-0.96009994,0.7054361,0.116329975,0,chr2:38464664:transverse_colon:0,FP,1
-1.7983189,-2.7168112,0.668834,-1.2426159,-0.49294454,1.3223982,-0.3245221,1.0910347,-0.10282393,-0.44425476,1,chr3:45011282:esophagus_squamous_epithelium:0,FN,0
4.986165,-0.25291777,-0.09744122,-0.66709167,-0.28271547,-0.47838438,0.3940908,-0.03255348,0.026883395,-0.2507436,1,chr7:142451312:transverse_colon:0,TP,1
0.04326437,1.5783596,0.18977702,-1.120665,0.7987952,-0.4091993,-0.29761255,-0.42294198,-0.26904324,-0.981998,1,chr22:23431270:gastrocnemius_medialis:0,TP,1
4.955938,0.22096866,0.115816854,-0.43430802,-0.4945168,0.09533742,0.28436556,-0.14349009,0.11544712,-0.3228494,1,chr9:129428054:prostate_gland:0,TP,1
0.15359898,2.9574702,-0.89598566,-0.8365958,-0.039139766,0.12545778,0.1418236,0.96986336,-0.77526397,1.7976655,1,chr4:183606850:gastrocnemius_medialis:0,TP,1
-3.566183,-0.70262295,0.59781384,0.59929705,0.21778454,-0.18259138,0.7934537,-0.3253745,-0.4004882,-0.38677332,0,chr5:95818505:spleen:0,TN,0
0.13219957,1.4232327,-1.275991,-0.6311089,1.0561597,-0.2862801,-0.009691202,1.0012351,0.5909853,-0.531245,0,chr22:33822810:sigmoid_colon:0,FP,1
-1.5760025,2.0090737,-0.6193968,0.31645903,-0.68162376,0.4371356,1.0896242,0.82638747,1.5890965,0.055979498,1,chr6:43972531:body_of_pancreas:0,FN,0
-3.0019863,-0.07652199,-0.535555,0.035159227,-0.121493764,-0.18703797,0.8720737,0.03960763,0.38511053,-0.21886481,0,chr22:46051216:tibial_nerve:0,TN,0
-2.5598168,-0.27824286,1.626148,0.581388,0.26184714,-0.35500452,-0.14073345,0.9952923,0.6019891,-0.34556946,1,chr2:236997826:body_of_pancreas:0,FN,0
-0.8876473,-0.66123575,1.093544,2.261285,0.19809274,-0.110603176,-0.7944183,-0.034325656,-0.5560505,0.8619819,1,chr3:37453118:thoracic_aorta:0,FN,0
-0.4712735,-2.475107,0.22194062,0.77600414,-0.00974928,1.0714481,-0.7691521,0.03473656,0.6778732,1.2554178,0,chr1:156767730:upper_lobe_of_left_lung:0,TN,0
4.466127,0.9488946,0.3935139,0.38416034,-0.39158523,0.3450118,-0.09906395,0.0761059,0.17324921,-0.5116115,0,chr17:77384481:suprapubic_skin:0,FP,1
4.8637805,-0.26212066,-0.22745688,-0.51244354,0.068435535,-0.2574204,0.2889762,-0.10882961,0.023497643,0.046733066,1,chr9:129442831:prostate_gland:0,TP,1
4.604501,0.8774412,0.29587686,-0.57486224,-0.4165081,-0.2994543,0.18559906,-0.017365562,0.14300902,-0.47454768,1,chr7:142751484:body_of_pancreas:0,TP,1
0.08727211,-1.5376315,1.8432478,0.30573022,1.2775846,0.45227617,1.4576235,-0.22701812,0.37524995,0.37646148,0,chr21:8345474:prostate_gland:0,FP,1
1.7375599,-2.2976377,-1.2666092,-1.247286,0.8123839,-0.17852244,0.48601848,-0.001020132,0.17876676,-0.08849264,1,chr10:41443092:transverse_colon:0,TP,1
5.0958757,-0.64269197,0.15454721,-0.33746615,-0.19886543,0.07563738,-0.11977275,-0.34162125,0.28371328,-0.43187347,1,chr19:18284052:tibial_nerve:0,TP,1
-1.2971934,1.7012945,1.4434092,0.88075143,0.67298514,-0.13737607,0.43406743,-0.3950717,0.54257715,0.0035072907,0,chr13:110433063:prostate_gland:0,TN,0
-2.3640156,4.097955,-0.17800273,-0.74268717,-0.15013501,0.57120633,0.28901052,-0.16198999,0.16678242,0.46104917,0,chr11:95266652:esophagus_muscularis_mucosa:0,TN,0
4.116744,1.5792089,-0.18150309,-0.99938554,-0.5623984,-0.6506847,0.32131785,0.049361583,-0.20060119,-0.113039814,1,chr20:45326083:gastrocnemius_medialis:0,TP,1
-4.1257634,1.5320834,0.049319167,-0.21039644,-1.3400226,-0.75080496,0.08127121,-0.24842422,0.38157153,0.10980343,1,chr4:99791264:esophagus_muscularis_mucosa:0,FN,0
4.7968345,-0.937355,-0.41489515,-0.4814431,0.11018068,0.033260327,0.72241837,0.19570316,-0.030736063,0.09497054,1,chr19:33509118:gastrocnemius_medialis:0,TP,1
4.7759824,0.26380897,0.44549802,0.44712046,-0.09376132,0.0058551854,-0.6184211,-0.072141916,-0.03191644,0.07896813,1,chr9:129437665:tibial_nerve:0,TP,1
-2.8449323,0.26317647,0.8389654,-0.7643015,0.35508054,0.037211053,-0.5615784,0.14878723,0.5331038,-0.058468226,0,chr3:190620869:spleen:0,TN,0
4.439619,0.41481897,0.27341643,0.056236245,-0.3071694,0.34887722,-0.52104914,0.09495686,0.26575458,-0.32880265,0,chr2:218407570:thoracic_aorta:0,FP,1
2.1869886,1.7047251,-0.48864716,-0.16291979,0.052607335,-0.14251004,0.94334865,0.036304817,0.13223822,-0.28921637,0,chr6:7427393:spleen:0,FP,1
0.2738533,-0.89889455,-0.63945997,1.5033314,0.72807777,-0.16074316,0.5097661,0.96653634,1.623279,-0.20041062,1,chr19:751552:upper_lobe_of_left_lung:0,TP,1
5.236789,-0.74785364,-0.0045602275,-0.34702247,-0.2298851,0.064738646,-0.04800649,-0.29183555,0.0738192,-0.089091346,1,chr12:42144537:spleen:0,TP,1
-2.3167772,-1.6335465,1.0148714,-0.12461667,0.15029241,0.8751053,-0.17278638,2.015846,-0.7349579,-0.8622525,0,chr20:37987229:gastroesophageal_sphincter:0,TN,0
-1.6844834,-1.0874407,1.3644886,-0.22151968,0.5424661,0.83975923,0.80588084,-0.11292881,0.26291263,0.24807929,0,chr3:21751865:esophagus_squamous_epithelium:0,TN,0
-1.4815515,-0.58579516,-1.53767,-1.0224729,1.2561558,-0.42596865,-0.32238486,-0.34805098,0.6078473,-1.3012763,0,chr5:82273599:gastrocnemius_medialis:0,TN,0
3.0080812,0.4740228,0.41681364,1.5677379,-0.7237473,0.90325,-1.2162832,0.6097073,-0.89041406,0.6847476,1,chr10:28302669:tibial_nerve:0,TP,1
0.4394225,2.2967458,0.92577,-0.32044068,-0.31412378,0.101842806,0.44834256,0.52166253,0.49025247,-0.13371696,1,chr7:112461853:gastrocnemius_medialis:0,TP,1
4.761224,-0.31583428,-0.12362734,-0.83916533,-0.22048536,-0.39700758,0.39353082,-0.1746736,0.09361488,-0.4453283,1,chr8:45161494:transverse_colon:0,TP,1
-4.0365205,-0.08333591,0.12868936,-0.2304775,-0.8042085,-0.67287636,-0.33930445,0.2537289,0.7862908,-0.2664148,0,chr3:111858928:gastroesophageal_sphincter:0,TN,0
1.826226,1.7164832,-0.568411,-0.25626394,0.14778878,0.8576597,0.67274517,0.016388752,0.5632673,0.51450783,0,chr16:10738586:gastrocnemius_medialis:0,FP,1
-3.2983084,-0.6059702,1.0513221,0.08115191,-0.009624978,-0.4436099,0.11391078,0.02019529,-0.4038172,-0.2352923,0,chr17:6753505:upper_lobe_of_left_lung:0,TN,0
-2.6396992,-1.2764409,0.73292106,-1.0275635,-0.9011614,0.5640982,0.16273217,-0.19157861,-0.49613598,0.12557565,0,chr5:97501721:gastrocnemius_medialis:0,TN,0
-2.9132934,0.502992,1.3906525,1.0107899,0.7968606,-0.19990274,0.360846,-0.4310534,0.35920405,0.26569587,0,chr15:40950330:body_of_pancreas:0,TN,0
4.682092,-0.26712617,-0.30755135,-0.28640833,-0.36129358,-0.30015767,-0.34643304,0.033461217,-0.11424538,0.0012447236,1,chr10:94403625:body_of_pancreas:0,TP,1
3.0648732,-0.85130334,-0.35096124,1.3683909,0.34501138,-0.116473995,-0.22434366,-0.019869348,0.246355,1.1439844,1,chr4:9532667:tibial_nerve:0,TP,1
4.0217466,0.28429922,-0.4463002,-0.7815535,0.25748053,0.10424748,0.2981535,-0.1956479,0.19021781,0.25872543,1,chr2:127381716:gastrocnemius_medialis:0,TP,1
-2.9541671,2.6592894,-1.4219909,0.9973627,-1.289898,0.13517398,1.8039811,-0.24521229,-0.010849444,-0.20203651,0,chr1:9247078:gastrocnemius_medialis:0,TN,0
4.688947,0.103451304,0.12804262,-0.215808,-0.32451677,0.10396788,0.43455988,-0.08767415,0.39122674,-0.42987007,1,chr7:142760037:body_of_pancreas:0,TP,1
-1.1437968,-1.6489768,-1.656715,0.43701163,-0.304127,0.03514304,0.031867616,-0.43399733,0.45356104,1.1445996,0,chr6:29943341:gastrocnemius_medialis:0,TN,0
4.7738776,-0.013024166,-0.022792095,-0.4745855,-0.042556636,-0.24369329,0.4787127,-0.23904729,-0.03434481,0.010697061,0,chr2:113329001:suprapubic_skin:0,FP,1
-2.0522919,5.1493382,-0.20737642,-0.27562082,-1.3908159,0.2578833,1.2553611,0.22817978,0.5667761,0.18985075,1,chr1:221100551:spleen:0,FN,0
-2.7110126,-0.1962643,0.81770664,-0.49654758,-0.107872814,0.071673855,0.04209281,-0.029307159,0.16069812,0.14970803,0,chr1:60423546:spleen:0,TN,0
-2.5769196,0.7289177,-0.6353218,-0.8498521,1.8464694,-0.54867226,-0.19678365,0.5049121,-0.16271953,-0.51842284,1,chr16:84610086:tibial_nerve:0,FN,0
-3.5035646,0.9367099,1.8277712,-1.2470239,-0.544768,-0.62744206,-0.010707543,-0.85897243,-0.2405385,0.74920356,0,chr11:102145810:esophagus_squamous_epithelium:0,TN,0
-3.260568,0.83965296,-1.1392906,-0.42872742,0.72412056,-0.34864727,-0.38641325,-0.013827318,0.30509472,-0.30434138,1,chr10:5022147:gastrocnemius_medialis:0,FN,0
-3.1636,0.32352886,-0.67653656,1.107305,0.5686878,-0.1499469,0.58085704,0.26880935,0.27656618,-0.5446266,1,chr5:69335248:spleen:0,FN,0
-1.799037,1.831832,-0.25003198,-0.75403476,0.37181255,1.1023669,-0.65865564,-0.39941213,1.3554842,0.40423545,0,chr6:3420603:esophagus_squamous_epithelium:0,TN,0
-3.739203,2.4529681,-0.0650362,-0.7774416,0.32657787,-0.08081329,0.611371,-0.20336844,-0.31175062,-0.618995,1,chr1:94590976:prostate_gland:0,FN,0
-3.1248903,0.1561063,-0.43928173,-1.014226,-1.0057571,-0.0373542,-0.7081169,0.33571133,0.28302693,-0.1512166,0,chr8:116927570:esophagus_muscularis_mucosa:0,TN,0
2.6498826,0.32611808,0.35421798,0.09261096,0.9120438,0.72534925,-0.87051183,0.30836865,-0.3526945,-0.40685982,0,chr8:119881560:gastrocnemius_medialis:0,FP,1
-2.5950854,-0.8720485,1.7044343,0.8698586,0.33355552,-0.52226907,-0.13633695,0.19904752,0.24530356,0.39791432,0,chr9:109537041:esophagus_squamous_epithelium:0,TN,0
-2.5936263,-1.9238178,0.18037903,-0.60826534,-0.5065779,1.1156331,0.13755256,0.99158233,-0.05476563,-0.6893257,0,chr10:77429011:sigmoid_colon:0,TN,0
1.6278352,3.88999,-0.3626625,-0.6262615,-0.45116356,-1.5740262,0.29307017,0.9859902,-0.9511929,-0.13063839,1,chr4:189687730:body_of_pancreas:0,TP,1
1.2285248,-0.33304214,-1.883723,0.6241262,1.2380251,-0.06407149,-0.6503339,1.0765698,-0.05900515,-0.16484186,1,chr15:41283615:body_of_pancreas:0,TP,1
2.609423,-0.5743514,-0.11692281,-0.45744538,1.1107498,-0.5103158,0.68114537,0.812127,-1.2486172,1.837584,1,chr1:21935424:body_of_pancreas:0,TP,1
-3.426553,-0.3138523,-1.2147465,-0.62630343,1.0180533,0.11296275,-0.75074345,-0.14112142,0.23286489,0.56267345,0,chr12:76001098:spleen:0,TN,0
-3.556198,2.4023376,-0.22996473,0.15976866,-0.23383138,0.031645823,0.5830542,0.51644605,0.47702023,-0.44005296,0,chr6:32658787:spleen:0,TN,0
4.9615536,-0.546358,-0.38283852,-0.38300237,-0.25460133,-0.28825447,0.4434137,0.009359123,-0.090292014,-0.0044724457,1,chr19:489630:esophagus_muscularis_mucosa:0,TP,1
-3.9310377,3.4773676,0.09757549,0.4375296,0.22718705,-0.101439506,0.21117003,-0.4918187,0.5270459,0.0062259086,0,chr20:17662127:gastrocnemius_medialis:0,TN,0
-0.9325474,-1.6343117,0.85123247,0.92753226,0.66737676,0.16660848,0.5092684,0.07511408,-0.35671195,0.5546699,0,chr7:106065637:tibial_nerve:0,TN,0
-2.5604722,-1.0506135,-0.6824612,1.146316,-0.19680837,-0.28264904,0.23295917,0.72829384,1.3763896,-0.19287427,0,chr4:155760357:tibial_artery:0,TN,0
-2.6766977,0.9792706,-0.48937154,1.5892189,-0.16806449,0.0036703488,0.6920978,0.108644396,0.14326012,0.2828151,1,chr19:2241327:spleen:0,FN,0
-1.605648,2.2685537,-0.7968011,-0.55616885,0.16290587,-0.9046585,0.15097316,0.66216093,-0.38970318,-1.0994797,0,chr22:28015929:esophagus_squamous_epithelium:0,TN,0
-3.0696769,-0.42113107,-0.24742703,1.2487378,-0.28279784,0.31955284,0.2930727,-0.33713162,-1.4778591,0.020416176,1,chr1:100132742:body_of_pancreas:0,FN,0
3.0080812,0.4740228,0.41681364,1.5677379,-0.7237473,0.90325,-1.2162832,0.6097073,-0.89041406,0.6847476,1,chr10:28302669:suprapubic_skin:0,TP,1
1.9159662,1.4563099,1.7359561,2.5106983,0.5095433,0.45015305,0.18980737,0.29090276,-0.14796145,-0.7094049,1,chr13:114130746:sigmoid_colon:0,TP,1
3.8722527,1.7587298,0.79277605,1.1169133,-0.38390732,0.33432832,-0.7487479,-0.1704086,0.02110526,-0.15926352,1,chr2:168455832:gastrocnemius_medialis:0,TP,1
3.0431466,1.6155361,1.010727,0.34643143,-0.10882927,0.31619897,0.21984799,-0.25364015,0.3893057,-0.076353975,0,chr15:60374486:gastrocnemius_medialis:0,FP,1
-3.0020533,-1.2478082,-0.55512273,-0.9652408,-0.6715869,0.6895136,-0.12194013,1.2489495,0.19442675,-0.67338234,1,chr6:167203113:sigmoid_colon:0,FN,0
5.1385007,-0.6614187,-0.18141663,-0.65808165,-0.26172322,-0.50601923,0.30425608,0.021930393,-0.12228461,-0.039334755,1,chr3:75785531:body_of_pancreas:0,TP,1
-0.87662053,0.7772012,-1.2533524,1.6752018,0.299217,0.075786225,0.93838197,-0.2256113,-0.31876668,-0.55869704,0,chr16:88746679:esophagus_muscularis_mucosa:0,TN,0
-3.6351497,-0.8088756,-1.5784217,-0.15959954,-1.6044511,0.32327324,-0.9124416,-0.027857695,-0.70051026,-0.30577698,0,chr19:57240957:suprapubic_skin:0,TN,0
1.2285248,-0.33304214,-1.883723,0.6241262,1.2380251,-0.06407149,-0.6503339,1.0765698,-0.05900515,-0.16484186,1,chr15:41283615:gastrocnemius_medialis:0,TP,1
3.105005,-1.2441014,-0.4866573,-0.932794,0.8465227,-0.65879685,0.13326629,0.09179895,0.40421578,-0.421397,1,chr4:51023823:tibial_nerve:0,TP,1
4.1350474,0.2878039,0.24606317,1.0253592,-0.112207115,0.68584317,-0.70636535,-0.06257083,-0.3604876,0.24241817,1,chr19:4457794:gastrocnemius_medialis:0,TP,1
4.9811254,0.21503575,0.35050038,-0.048774455,-0.43707314,0.07947911,-0.34125385,-0.056568693,-0.0497005,-0.24804193,1,chr10:31321113:stomach:0,TP,1
-3.7124612,0.47907406,-1.6349682,0.28895175,-1.1069756,-0.29157865,0.37189892,-0.6032558,0.60339737,-0.30743465,0,chr5:43018020:prostate_gland:0,TN,0
4.2790027,0.2786509,0.2650811,0.4099417,-0.043408938,0.3629765,0.22979213,0.009037161,0.25545758,-0.2481822,1,chr9:129427578:prostate_gland:0,TP,1
5.0780654,-0.03132581,0.15039186,-0.09037252,-0.5225552,0.025619969,-0.12836339,-0.13028456,0.022396471,-0.14386381,1,chr20:36461197:tibial_artery:0,TP,1
0.18448003,0.29154742,1.8380167,1.534384,0.8593135,-0.010885603,0.37722751,-0.047090814,-1.1445664,0.27477604,0,chr1:234723756:tibial_nerve:0,FP,1
4.9577217,0.1576836,0.31979266,0.039490514,-0.2974754,0.36618307,-0.19998509,-0.23503393,0.20556457,-0.23908749,0,chr2:237591230:Peyers_patch:0,FP,1
1.9371156,1.0722066,0.4705244,-1.6778778,-0.19501504,1.2294255,0.75737625,-1.0042983,0.77819294,0.6915166,0,chr8:61680373:gastrocnemius_medialis:0,FP,1
-3.2764182,-1.4387404,1.3923877,-0.17672685,1.2168033,-0.32280025,-0.15630518,-0.79450244,0.19890563,-0.36520255,0,chr17:75682773:tibial_nerve:0,TN,0
-3.1179445,-0.021018533,1.0122339,-0.78470945,-1.3865337,-0.278711,-0.45972112,0.0763812,0.37635946,0.55645657,0,chr2:20326186:esophagus_squamous_epithelium:0,TN,0
-2.4648542,-0.28950202,0.92697984,0.89541125,0.8892464,-0.945575,0.2582043,-0.46568725,-0.16040292,-0.0065593855,0,chr5:14873144:spleen:0,TN,0
-1.2885299,2.245687,1.2361659,-0.963733,0.17478813,0.5141413,0.23669669,1.1545494,-0.31090525,-0.53742915,0,chr3:43306501:gastrocnemius_medialis:0,TN,0
4.876433,0.17282283,0.3034554,0.20151074,-0.300901,-0.02515184,-0.4620611,-0.24842684,0.03767075,-0.25399712,1,chr17:28744291:testis:0,TP,1
-3.7424395,-0.1338956,-0.0905635,-0.60743344,-0.5816122,-0.10992388,-0.37615874,0.6647587,0.99136615,-0.046995826,0,chr9:89664650:transverse_colon:0,TN,0
1.4503107,1.5966183,-1.4209381,-0.9174129,0.51649034,-0.49017516,0.25591317,0.41287854,-0.8858848,0.31788233,0,chr15:70368219:prostate_gland:0,FP,1
-4.235235,1.7545042,0.41873172,0.0039671124,-1.1901193,-0.62909615,0.49996313,0.3878358,0.13513607,-0.1516,1,chr8:141127534:spleen:0,FN,0
-2.5491927,-0.4650997,0.43114147,2.3771486,0.29990268,-0.61734384,-0.8594386,-0.45681334,-0.51936936,0.15613289,1,chr1:16499460:spleen:0,FN,0
0.9203899,0.47507644,-1.359336,-0.1293392,1.1619399,0.325503,-0.013302492,-0.2701202,-0.4128217,0.06988398,1,chr11:112081489:gastrocnemius_medialis:0,TP,1
5.055199,-0.11755869,0.27132478,-0.27573845,-0.29490596,0.021384997,-0.28673816,0.00047541436,0.1449163,-0.18369873,1,chr1:228458851:esophagus_squamous_epithelium:0,TP,1
-3.4821362,1.5552448,0.3492226,-0.4932973,0.8926525,-0.9371806,0.18565324,0.6577037,-0.074502595,0.030783758,0,chr20:44135618:thoracic_aorta:0,TN,0
1.2285273,-0.33304465,-1.8837224,0.62412506,1.238026,-0.064071916,-0.6503352,1.0765707,-0.059004582,-0.16484247,1,chr15:41283615:esophagus_squamous_epithelium:0,TP,1
-3.5726185,-0.57527596,1.0827906,0.036368787,-0.20617273,-0.15848342,0.3259784,-0.12730101,-0.26058897,-0.154887,1,chr17:2062247:gastroesophageal_sphincter:0,FN,0
5.1385016,-0.66142434,-0.18141705,-0.6580815,-0.2617216,-0.50601614,0.30425662,0.021930639,-0.12228427,-0.03933233,1,chr3:75785531:esophagus_squamous_epithelium:0,TP,1
2.8994744,-0.8636702,1.6535844,1.377952,0.82113814,-0.13725184,-0.061319795,-0.16482694,-0.03720336,0.47156516,0,chr11:119702194:esophagus_squamous_epithelium:0,FP,1
-1.5254267,-1.6408265,0.5962318,0.40930495,0.42279103,0.20548491,0.28778744,1.2866646,1.0247803,-0.27318555,0,chr7:6792595:esophagus_squamous_epithelium:0,TN,0
3.1615067,0.7580679,-0.13370304,0.5929272,-0.4426819,1.916604,0.40914473,-0.117588945,-0.0033619124,-0.09185693,1,chr17:1029308:gastroesophageal_sphincter:0,TP,1
-3.82424,1.4015783,1.0870553,-0.671919,-1.2961655,-0.752197,0.45124307,-0.41324565,-0.21616842,0.14995268,0,chr12:11812262:gastrocnemius_medialis:0,TN,0
-3.6048708,0.9143727,-0.70281243,-1.1814227,0.17152199,0.70703506,-0.33527043,-0.25827843,0.4856585,0.16246353,1,chr6:1766738:tibial_nerve:0,FN,0
-2.464177,0.4247484,-0.8578171,-0.3295476,1.2069839,0.72474664,-0.87425876,-0.54891044,-0.06842685,-0.22423916,1,chr22:41493358:esophagus_muscularis_mucosa:0,FN,0
3.395555,-0.2735624,0.3983501,-0.49645713,0.871095,0.60231143,-0.0800682,-0.6074759,0.4008043,0.19893469,1,chr11:78039370:body_of_pancreas:0,TP,1
-3.496131,1.716415,0.39090735,-1.242041,-0.42601314,-0.01224162,0.049538072,-0.45060384,0.009402815,0.12143632,0,chr6:71375480:body_of_pancreas:0,TN,0
0.9172462,0.048390742,-0.51923096,-1.3306727,0.87198055,-0.30412993,-0.15597501,-0.25278905,0.4320583,0.14586486,1,chr7:106082813:esophagus_squamous_epithelium:0,TP,1
-4.5657372,0.9995778,-0.8211797,-0.24506879,-0.27232966,0.040662915,0.32708845,-0.5920433,0.30330443,-0.10215459,0,chr1:41342597:gastrocnemius_medialis:0,TN,0
4.9971795,-0.49317124,-0.13954362,-0.4647275,-0.20636718,-0.28417298,0.26022106,-0.11181532,0.056925766,-0.3672843,1,chr7:142775481:body_of_pancreas:0,TP,1
4.914857,0.21553373,-0.15049702,-0.82869196,-0.4593353,-0.55204654,0.5288769,0.048829053,-0.09727242,-0.2539639,1,chr22:24005705:sigmoid_colon:0,TP,1
4.4742036,0.67245626,0.17182,-0.13636258,-0.080295965,0.308784,0.4596244,-0.12965378,0.44078383,-0.54369944,1,chr7:142759950:body_of_pancreas:0,TP,1
-3.1868644,-0.83111465,1.5400302,-0.44302046,-0.07351113,-0.41433695,-0.08838098,0.08472689,-0.05358274,0.14472367,1,chr14:75139088:spleen:0,FN,0
1.9159662,1.4563099,1.7359561,2.5106983,0.5095433,0.45015305,0.18980737,0.29090276,-0.14796145,-0.7094049,1,chr13:114130746:Peyers_patch:0,TP,1
-2.3313596,-0.31316072,-2.3558793,0.28739122,-0.20071563,-0.5478481,-0.028814407,-0.13047642,-0.5686336,0.8825324,1,chr19:53554522:gastroesophageal_sphincter:0,FN,0
-3.5317717,-1.9668522,-0.8457326,0.5459815,-0.48653322,-0.15116392,0.14533612,-1.0952462,-0.037080742,0.091523826,0,chr16:25258323:tibial_nerve:0,TN,0
4.9515147,0.20415609,0.423968,0.0009982638,-0.23676354,0.08866287,-0.15531175,-0.13653621,0.21248344,-0.4267411,1,chr6:30683949:transverse_colon:0,TP,1
5.0578704,-0.6986577,-0.2046995,-0.73361284,-0.16345651,-0.5621331,0.1748974,-0.037756607,-0.16889884,-0.10104079,1,chr6:17600825:esophagus_squamous_epithelium:0,TP,1
-3.125251,0.37890553,-0.10634799,0.43815294,1.411557,-0.08184546,0.4980762,-0.3047471,-0.2605679,-0.70426255,1,chr19:512015:spleen:0,FN,0
-2.323581,-2.5237944,1.4273242,-0.38252413,0.73328847,0.9988313,0.13812354,0.7900083,-0.47597653,-0.56936127,0,chr1:78075048:gastrocnemius_medialis:0,TN,0
5.153505,-0.6558609,-0.015948646,-0.5516727,-0.26214436,-0.2503342,0.11617277,-0.1655216,0.020091845,-0.18185969,1,chr6:17600871:spleen:0,TP,1
-4.4020386,0.5134683,-0.42379436,-0.97815204,0.47174707,-0.14993238,-0.5675349,0.16674587,0.22072354,-0.40155214,0,chr2:42865647:esophagus_muscularis_mucosa:0,TN,0
3.4428916,1.5270686,-0.8512983,-0.7831748,-0.010948067,-0.90614355,0.26143292,0.40798524,-0.76316804,0.4377183,0,chr10:114551630:esophagus_squamous_epithelium:0,FP,1
4.816995,0.47642112,0.5166434,-0.30041426,-0.47098222,0.3190506,-0.24362503,-0.15522932,0.23035048,-0.49004436,1,chr2:73898790:esophagus_muscularis_mucosa:0,TP,1
-2.2131884,-1.6566197,1.2876891,-0.5393012,0.23637182,0.16845365,-0.37837306,-0.5266731,0.9172788,0.40338206,0,chr21:9584449:transverse_colon:0,TN,0
4.8159986,-0.23547833,0.28764486,0.4133544,-0.10711472,0.033230778,-0.50150114,-0.14691891,-0.046018474,-0.12649529,1,chr15:75348373:spleen:0,TP,1
-3.7807336,0.02790652,0.63672453,-1.5515591,-0.47046196,0.19507834,-0.70227814,0.14343828,0.63809574,0.105588056,0,chr4:119098731:gastrocnemius_medialis:0,TN,0
3.9504573,0.92103136,0.77731496,1.2322284,-0.11937733,-0.1447383,-0.534435,0.091729365,-0.040316615,0.24803038,1,chr2:60550564:sigmoid_colon:0,TP,1
5.0640974,-0.46743548,-0.094198294,-0.8112499,-0.47911945,-0.3830984,0.2576999,-0.078685656,0.020451834,-0.16325326,1,chr17:43360579:transverse_colon:0,TP,1
-3.6995597,1.3868209,0.27528003,0.09328686,-0.7974471,0.1447872,0.6386031,0.050796315,1.0491155,0.093466505,0,chr10:77925344:sigmoid_colon:0,TN,0
5.114259,-0.44635817,0.1522286,-0.6718114,-0.18361266,-0.08488777,0.38539448,-0.1743833,0.13055325,-0.3259023,1,chr7:142774546:body_of_pancreas:0,TP,1
-2.6439083,-2.1250467,1.2578002,-0.05065008,0.8286374,-0.4187244,0.5490757,-0.085889466,-0.3063378,0.014756201,0,chr5:150638295:esophagus_squamous_epithelium:0,TN,0
-3.474318,-1.4717671,-1.4735031,1.2256222,-0.82251614,-0.7074662,-0.13814242,-0.08213783,0.6636301,-0.1673724,0,chr17:50273408:sigmoid_colon:0,TN,0
2.551094,0.8292493,-0.050402053,-0.73175544,0.6591321,1.2146789,-0.054601215,-0.98586154,0.6504722,-0.3924619,1,chr8:23318188:sigmoid_colon:0,TP,1
-4.061612,2.2778003,0.32508585,-1.2901641,-0.7611182,0.09576866,-0.31763896,-0.41858375,0.32916218,0.089515805,1,chr10:29946836:body_of_pancreas:0,FN,0
-2.3189914,0.016915733,-0.08101371,-1.0869669,-0.69607776,0.8822792,0.7337811,0.017997509,0.22453724,0.44412217,0,chr11:112794453:sigmoid_colon:0,TN,0
-2.8391879,-2.3612423,0.7833589,0.065412775,0.0010094413,0.58876824,0.92231655,-0.5017673,-0.6685407,0.057564083,0,chr1:14969187:suprapubic_skin:0,TN,0
1.9159662,1.4563099,1.7359561,2.5106983,0.5095433,0.45015305,0.18980737,0.29090276,-0.14796145,-0.7094049,1,chr13:114130746:transverse_colon:0,TP,1
-2.8205492,-3.5901155,-0.6526408,0.77374685,-0.55232686,0.7393472,0.0685511,-0.4043892,0.16072513,-0.05220599,1,chr4:148445522:gastrocnemius_medialis:0,FN,0
-2.5951345,-1.7185531,2.3816164,0.48449546,1.1668347,-0.41237053,0.042955212,-0.54689115,-0.36098605,0.22832572,0,chr6:134224912:body_of_pancreas:0,TN,0
-1.2688395,2.3688114,-0.78041613,-0.83345497,0.77931905,0.6826734,1.3113836,-0.48664936,0.56676674,0.37825897,0,chr3:190614895:spleen:0,TN,0
1.5459925,3.2960653,1.8597027,1.1884218,-0.2695004,0.19204952,-0.8578525,0.15375459,0.35731557,-0.010748618,0,chr3:57691700:gastroesophageal_sphincter:0,FP,1
-2.9690146,-0.7193772,-0.39708447,-0.41614586,-0.6278652,0.5733507,-0.2626525,-0.5271139,-0.403894,0.24820548,0,chr19:37210671:testis:0,TN,0
-2.3210952,1.0134182,1.7318337,0.43848318,0.2549657,0.44158652,1.3362617,-0.748532,-0.094847284,0.5838406,1,chr9:96156150:esophagus_squamous_epithelium:0,FN,0
0.9811961,0.9159932,2.2467573,1.1857667,0.4234446,0.38499776,-0.7941332,1.2271326,-1.0615772,-0.6174327,1,chr3:156605692:testis:0,TP,1
4.1633496,0.46836105,-0.18446311,-0.36134595,-0.14463036,-0.12203469,-0.000784089,0.05856532,0.36491242,0.2383139,0,chr8:23528320:transverse_colon:0,FP,1
4.596246,-0.808007,-0.3598503,-0.8604068,0.09359013,-0.08720036,0.35150218,-0.42749023,-0.06425533,-0.05470453,1,chr9:27690769:esophagus_squamous_epithelium:0,TP,1
-2.5711842,0.69165957,1.0964373,0.82963693,0.75861275,-0.23359092,0.47797826,0.37000823,0.12155717,0.25268182,0,chr1:13514799:gastrocnemius_medialis:0,TN,0
3.918386,-0.9445255,-0.3940318,-0.71626276,0.01874456,0.19554327,0.0020073666,-0.5135987,0.15414657,0.06500647,1,chr12:11015258:transverse_colon:0,TP,1
-3.6883078,-0.7490211,0.04173181,-0.9319684,-1.4264656,0.99394,-0.50534403,-0.035100225,-0.6922817,-0.12732358,1,chr1:15524057:Peyers_patch:0,FN,0
-1.4763141,0.9908963,-0.67502505,-1.2684895,0.82700646,-0.018193977,-0.25788146,0.5623964,0.55359375,-0.3271931,0,chr19:50868162:prostate_gland:0,TN,0
3.9335108,0.074007876,-0.6309772,0.43679744,0.22145957,-0.7580887,0.501342,0.2641779,-0.600535,0.44463187,0,chr10:100913305:Peyers_patch:0,FP,1
3.5310464,1.297439,-0.87039393,-1.1035888,-0.12461389,-0.9683769,0.5431495,0.06084101,-0.8193075,-0.28480935,1,chr11:94756189:gastroesophageal_sphincter:0,TP,1
-2.8965454,-1.1296334,0.16870645,1.0197704,-0.097473994,-0.7104147,0.7847082,0.0715155,0.29929703,-0.31922412,0,chr7:5333738:transverse_colon:0,TN,0
-2.9838245,-1.686103,-0.4322162,0.46088096,-0.56064695,-0.3132149,-0.2412966,1.1640338,0.7502876,-0.26446688,0,chr20:17505646:gastroesophageal_sphincter:0,TN,0
-3.4274628,1.2579517,-0.9858369,-1.3063867,1.1867428,1.3776295,-0.35712373,0.43529385,-0.09768862,-0.5483423,0,chr10:60917221:gastrocnemius_medialis:0,TN,0
-1.7967315,0.010290454,0.13950454,1.8646132,0.318067,0.121935435,0.16245362,0.70095485,-0.40152675,0.5424472,1,chr10:11877358:thyroid_gland:0,FN,0
5.1385007,-0.6614187,-0.18141663,-0.65808165,-0.26172322,-0.50601923,0.30425608,0.021930393,-0.12228461,-0.039334755,1,chr3:75785531:testis:0,TP,1
-1.2076846,-0.34156373,-0.27302328,0.40420908,1.127152,0.7501754,-0.92604226,-0.66719294,-0.9271971,0.24269877,1,chr10:119131429:Peyers_patch:0,FN,0
-2.8075325,-1.3426675,-2.32515,0.9641146,-0.6117572,0.3465706,-0.22630773,-0.7113381,-0.00740267,0.32340023,1,chr7:129779672:esophagus_squamous_epithelium:0,FN,0
-4.2150607,2.0682607,0.33967513,-0.403332,-0.19984582,-0.70309246,-0.32980233,0.33110633,0.4254143,-0.22827992,0,chr22:17727793:gastrocnemius_medialis:0,TN,0
1.6452659,-0.15679337,-0.29670987,2.0980642,-0.5853219,-0.19764546,-1.1680568,0.542024,0.14572763,0.9223575,0,chr2:108786762:transverse_colon:0,FP,1
0.95027965,1.8371327,1.4170709,-0.061339013,0.3303808,0.1802711,0.6060513,-0.33271804,-0.21188416,-0.11214915,1,chr18:49649166:gastrocnemius_medialis:0,TP,1
4.5548134,-0.31219745,-0.40049475,-0.7838081,0.134776,-0.1870287,0.52561384,0.5548426,-0.26761195,0.5019321,0,chr16:84995646:suprapubic_skin:0,FP,1
1.574596,1.7773167,0.9345567,1.6953648,-0.16196904,0.06639504,-1.4321815,1.0406058,0.31859893,0.12632363,0,chr15:77996435:gastroesophageal_sphincter:0,FP,1
-2.7113845,2.8303087,-0.9754847,-0.7856988,0.5258897,-0.065206416,-0.9660963,0.2564452,0.8603896,-1.218152,0,chr1:200671663:transverse_colon:0,TN,0
4.8662944,-0.31888762,-0.1701316,-0.18353958,-0.16315752,-0.34961656,0.3056584,-0.06483777,-0.0127027435,-0.506745,1,chr7:100969861:transverse_colon:0,TP,1
5.0939417,-0.39237145,-0.052824497,-0.63653475,-0.39934132,-0.33558917,0.25383753,-0.052295346,-0.05580816,-0.2813682,1,chr17:43360116:suprapubic_skin:0,TP,1
-0.24386555,1.1121562,0.21256164,-0.48098814,1.9444859,-0.2983357,-0.47847283,-0.12635656,-0.4936205,-0.09478132,1,chr7:67198406:gastrocnemius_medialis:0,TP,1
-2.5536351,-2.8597662,0.7552715,0.35770565,0.48994243,-0.010017671,0.5366747,0.6428976,0.4665236,-0.51274776,0,chr15:45156494:esophagus_squamous_epithelium:0,TN,0
-2.105187,-0.2619755,-0.19981486,-0.26056072,0.317323,0.3460095,-0.36587954,1.4360731,1.5843642,-0.24687627,0,chr1:22019731:spleen:0,TN,0
-3.6883075,-0.749015,0.041731793,-0.9319677,-1.4264665,0.99393874,-0.50534505,-0.035098426,-0.6922832,-0.12732431,1,chr1:15524057:prostate_gland:0,FN,0
-4.20275,-0.36551496,0.27394772,0.02754284,-0.9966498,-0.13764322,0.071973294,-0.98168015,-0.56970763,0.24567114,0,chr8:27772077:thoracic_aorta:0,TN,0
-0.5133128,4.780892,-0.22811502,-0.36315328,-0.7173014,-0.31223777,-0.03069784,0.29492518,-0.053284287,-0.043355107,0,chr17:4232977:sigmoid_colon:0,FP,1
3.8041456,-0.048740767,0.38752198,1.2750521,-0.39912808,0.020681677,-1.2923279,-0.10414215,0.12527959,0.58862275,1,chr19:12946073:sigmoid_colon:0,TP,1
3.9171731,0.46016842,-0.11449948,-0.36137605,-0.080133274,-0.2922415,0.5998527,0.684026,-0.1018195,0.8753022,1,chr1:94607078:transverse_colon:0,TP,1
-2.7633333,-2.9298525,1.6386762,-0.2323776,0.25205976,0.64201874,0.5210875,-0.19137995,-0.6300404,0.13840409,1,chr6:32665712:gastrocnemius_medialis:0,FN,0
-3.951836,-0.89039314,0.0022889539,0.062697664,-1.1866632,-0.34790632,-0.7035526,-0.3645524,0.13678738,0.10525203,0,chr6:32177427:tibial_nerve:0,TN,0
-3.4309537,-0.0005218752,0.16455524,-0.14400865,-0.85618824,-0.6146639,0.26388875,0.06400987,-0.42902985,-0.41287637,0,chr13:110299214:esophagus_squamous_epithelium:0,TN,0
-1.3988107,1.2382879,0.61698604,-1.0477535,-0.29136878,0.9852152,0.48042694,-0.99454266,0.6159772,0.4867595,0,chr7:95597699:body_of_pancreas:0,TN,0
0.0098986775,-0.40099937,-1.0238842,2.8718452,-0.13056692,0.9627512,0.51518774,-0.5593969,0.048015043,0.3774118,0,chr3:98901455:prostate_gland:0,FP,1
-3.285913,-0.34096962,-1.9374905,0.3151513,-1.0794253,-0.5512392,-0.61107445,-0.42367327,-0.10721945,-0.042092208,0,chr7:29685628:Peyers_patch:0,TN,0
-3.5524077,0.902063,0.7517576,-0.52182966,-0.62979037,-0.67715937,0.5232672,0.31086323,-0.4452703,-0.59037083,0,chr3:66425443:gastroesophageal_sphincter:0,TN,0
-1.4624321,-0.66531104,-0.13914964,0.67022985,-0.0017860167,0.46014535,0.4191358,1.6298027,-0.45327055,-0.985855,1,chr8:141126863:transverse_colon:0,FN,0
-3.4019198,-1.44226,1.4245795,-0.450268,-0.721047,-0.22265871,-0.46036416,-0.23973456,-0.26178116,0.4547948,1,chr15:65296289:gastrocnemius_medialis:0,FN,0
5.0031815,-0.24839458,-0.04884408,0.15102933,-0.27387503,-0.060312666,-0.025458299,-0.024942579,-0.0065126405,-0.18676291,1,chr6:32665116:spleen:0,TP,1
5.0780654,-0.03132581,0.15039186,-0.09037252,-0.5225552,0.025619969,-0.12836339,-0.13028456,0.022396471,-0.14386381,1,chr20:36461197:gastrocnemius_medialis:0,TP,1
5.1522937,-0.5061601,-0.02423897,-0.35713375,-0.29306942,-0.13991755,-0.09230678,-0.17284228,-0.020585338,-0.2128144,1,chr11:47642410:spleen:0,TP,1
-2.7304857,-1.5310843,2.0115705,-0.30217814,0.36458233,-1.0826788,-0.2233684,0.68835413,-0.08456519,-0.49601036,0,chr2:226411609:transverse_colon:0,TN,0
-2.225587,0.44075155,-0.7403545,0.15506157,-0.825422,0.49247175,1.559075,0.81036377,0.3407415,-0.95509636,0,chr3:53251407:body_of_pancreas:0,TN,0
-3.5977452,-1.6296234,-1.5347539,0.5093093,-1.0756693,-0.16439396,-0.36433494,-0.92588574,0.5759756,0.006748384,0,chr2:8685881:esophagus_squamous_epithelium:0,TN,0
-0.5086044,0.18664531,0.326484,-0.23479833,1.0879372,1.1997862,0.012195868,0.24905816,-0.3967652,0.4793192,1,chr3:128628509:gastrocnemius_medialis:0,FN,0
-3.1698842,0.3617748,-0.2151233,-1.0940646,-0.93271774,0.4768091,-0.3516761,0.35309193,0.25678548,0.29819947,0,chr1:119767668:transverse_colon:0,TN,0
3.0645201,-0.28703204,-0.9170693,1.9021899,0.18724886,-0.60261047,0.27675024,0.55423915,-0.06294375,0.66127944,0,chr9:33167269:suprapubic_skin:0,FP,1
-3.7022338,1.0063326,0.48819432,0.39113027,0.99920464,-0.06744841,-0.21870635,-0.8083659,-0.12600149,0.119817354,0,chr16:74740520:stomach:0,TN,0
-3.6016772,-1.4045016,0.54069877,0.33321074,-0.5290941,-0.9047204,0.25654447,-0.4680373,-1.1812174,-0.69630075,0,chr6:31814839:prostate_gland:0,TN,0
-2.2719383,1.2637718,2.2117846,-0.025699016,0.37181962,0.06880851,0.591895,-0.2173968,-1.2225003,0.27507183,0,chr13:110298144:esophagus_muscularis_mucosa:0,TN,0
-1.0376697,-0.0727007,-0.36868316,0.13193658,0.9692554,-0.58516973,0.51798785,-0.06239491,-0.6055914,0.23271754,0,chr20:57747905:gastroesophageal_sphincter:0,TN,0
-2.920367,-2.1407764,-0.5277088,-0.13965861,0.2226204,-0.63373876,-0.19628337,0.8384431,1.6850181,-0.2123617,0,chr7:100221953:stomach:0,TN,0
-2.2691433,-0.072590545,-0.2997275,0.8663888,-0.5119937,0.24428526,1.6330619,-0.25912657,0.4923649,0.23319367,0,chr3:13540839:gastroesophageal_sphincter:0,TN,0
-1.4040705,2.307041,-0.5697633,-0.7286055,0.34042877,0.35466868,0.042006917,0.3050684,0.99062604,-0.4785695,0,chr14:22096956:Peyers_patch:0,TN,0
4.6381435,0.44160643,0.21907194,-0.51389027,-0.20717818,0.19686536,-0.07947025,-0.058544744,0.116723806,-0.060785115,1,chr21:25640826:gastrocnemius_medialis:0,TP,1
-4.706373,1.0017947,-0.55434513,-0.9282324,-0.055012714,-0.118013464,-0.18220584,0.06096266,0.18934473,-0.38740447,0,chr1:56452279:esophagus_muscularis_mucosa:0,TN,0
3.571829,0.33588678,0.18220182,1.5567374,-0.14419556,-0.00901836,-0.027600428,-0.34841543,-0.03297166,0.29430452,1,chr7:100949764:gastrocnemius_medialis:0,TP,1
-2.5774999,-0.39759317,1.4346979,-1.0412222,-0.69171244,0.6205318,-0.3026683,0.023030978,0.046952303,0.6398187,1,chr7:16066837:gastrocnemius_medialis:0,FN,0
-0.15888488,0.9873728,-1.0152274,-0.7313583,0.57832026,0.22559705,-0.057200924,0.74906117,-0.23098053,0.56532496,1,chr2:15043717:sigmoid_colon:0,TP,1
-3.5776412,1.3451091,-0.65003955,-0.7522477,0.9422711,0.17018428,-0.7127998,0.18260404,0.8702835,-0.0032143411,0,chr2:178241999:transverse_colon:0,TN,0
-3.722047,0.5736527,-0.59630495,0.48597512,-0.78595924,-0.35616228,1.1442736,-0.122362144,0.4079542,-0.24818212,0,chr7:867754:transverse_colon:0,TN,0
4.924414,-0.12643532,0.001782856,-0.86450475,-0.309394,-0.6135364,0.33395466,0.028488915,-0.21098219,-0.12550122,1,chr6:32669752:spleen:0,TP,1
3.6783066,0.952502,1.4901758,0.7091915,-0.1111506,-0.078494154,-0.74653363,0.18617931,0.29960927,-0.24340887,1,chr15:90551902:esophagus_squamous_epithelium:0,TP,1
-3.6189039,1.4162608,1.3847553,-0.88409585,-0.73307663,-0.2917936,0.37357175,-0.1466506,-0.35111642,0.22926363,1,chr18:6747728:gastrocnemius_medialis:0,FN,0
4.8294225,-0.28387347,0.267278,0.3501328,-0.2565871,0.10213799,-0.5629376,-0.30984372,0.10111842,-0.20558108,1,chr9:129437494:sigmoid_colon:0,TP,1
-3.800305,0.055556804,-0.71375465,0.87976176,-0.03511116,-0.7019128,0.24899581,0.16887242,0.6333041,-0.5168445,1,chr20:37337142:spleen:0,FN,0
-3.2565243,-0.6735636,-2.156342,0.5517346,-1.0262249,-0.305081,-0.016333876,-1.0908111,0.21070124,-0.12583305,0,chr6:135497758:body_of_pancreas:0,TN,0
-3.11443,-1.1560295,-0.8585529,-0.3094694,-1.0003302,0.33262807,-0.057458863,-0.7749334,-0.077292144,-0.018407196,0,chr14:63543615:prostate_gland:0,TN,0
-0.45507467,0.32641348,0.29256496,1.7280139,0.47806054,-0.44792697,-0.5561616,0.87760866,1.0421096,0.27234727,1,chr1:18907679:spleen:0,TP,1
-2.2029529,-1.5094377,0.23589733,0.6054622,0.74011755,0.763341,0.9930812,-0.14452909,0.27121934,0.14844136,0,chr21:41716256:body_of_pancreas:0,TN,0
4.9515147,0.20415609,0.423968,0.0009982638,-0.23676354,0.08866287,-0.15531175,-0.13653621,0.21248344,-0.4267411,1,chr6:30683949:Peyers_patch:0,TP,1
-3.598609,1.038341,0.8896233,-0.67776185,-0.7395519,-0.7905683,-0.19819444,0.66410685,-0.08025964,-0.502926,0,chr12:120540685:transverse_colon:0,TN,0
-1.8104261,-0.89806277,0.111180164,0.62511164,0.21989612,-0.50950027,-1.287575,1.1778172,1.4505945,0.31096655,0,chr13:32031931:prostate_gland:0,TN,0
-2.1504042,0.39634743,-1.6858023,-0.76400733,0.110127375,0.7802511,-0.039676562,0.75798875,-0.99857324,0.56684816,0,chr10:95556942:sigmoid_colon:0,TN,0
-3.4642866,0.7322308,0.46521798,-0.17820685,1.1367806,-0.5431044,0.35017735,-0.13415892,0.10816345,-0.4327153,0,chr8:66124337:spleen:0,TN,0
3.3375452,1.3924747,0.3416812,1.3563519,0.05627777,0.36669037,-0.13586582,-0.32344607,-0.032547988,0.13007256,1,chr19:18940147:gastrocnemius_medialis:0,TP,1
4.25208,-0.5940102,-0.6521923,-0.29338256,0.09532688,-0.32853237,0.41689265,-0.27223185,0.091771446,-0.7225563,1,chr1:16021228:stomach:0,TP,1
-3.194228,-0.11111871,-0.7033152,-0.7013226,1.6053009,0.19278994,-0.32696402,-0.4038441,0.3220579,0.08563536,1,chr2:46717413:esophagus_squamous_epithelium:0,FN,0
-2.782803,-0.30840772,1.8812749,-0.50728124,-0.21065477,-0.838182,0.22602154,-0.42732483,-0.1408385,0.30858102,0,chr8:17170659:gastrocnemius_medialis:0,TN,0
4.905041,-0.5258194,-0.27423018,-0.9969947,-0.37648037,-0.5510332,0.43466824,-0.069551334,-0.11733088,-0.059939045,1,chr6:52787964:body_of_pancreas:0,TP,1
-1.4783643,-1.9376625,-2.7609487,1.3720287,-0.20729613,-0.009901749,0.35238808,0.11508941,1.2231472,-0.14430027,1,chr8:22109377:prostate_gland:0,FN,0
-2.195799,-0.52720803,-1.627142,0.31132114,0.9449479,0.41711828,0.21941529,0.04554804,-0.25446552,-0.18708822,1,chr19:3538655:tibial_nerve:0,FN,0
5.018615,-0.59314084,-0.04582885,-0.5301123,0.064496726,-0.23829663,-0.005416832,0.25415993,-0.17339356,0.44362012,1,chr6:99516089:esophagus_muscularis_mucosa:0,TP,1
-2.4763498,0.9805764,0.048933,2.040549,-0.5502432,0.49573573,0.95696676,-0.03645092,-0.41500902,0.44186988,0,chr1:201639675:esophagus_muscularis_mucosa:0,TN,0
4.933578,-0.5593352,0.112921424,-0.33159837,-0.40216452,0.110104,0.15408532,-0.24069023,0.23280898,-0.34561405,1,chr6:31489502:transverse_colon:0,TP,1
3.8318465,0.22307429,-0.8521799,0.15568754,0.04760859,-0.15057288,0.39086756,-0.060968373,-0.40234047,0.28241912,0,chr20:31606189:tibial_artery:0,FP,1
-1.4470936,0.632323,-0.2633061,0.9411917,-0.36872566,1.116122,-0.57467115,0.19132277,-0.06006426,0.49478352,0,chr1:117060337:stomach:0,TN,0
3.6548686,0.95972013,-0.17676452,-0.028525328,-0.107353024,-0.13287713,0.6254069,0.20011283,-0.17190094,0.41848177,0,chr8:141264532:gastrocnemius_medialis:0,FP,1
-3.8145454,-0.49980828,0.25342566,1.0410496,0.6865396,-0.1577601,0.5196828,-0.041422322,-0.22657219,-0.57499003,0,chr19:4053014:gastrocnemius_medialis:0,TN,0
-1.1431488,0.9308296,-0.35430264,0.07953143,-0.39729178,-0.35996738,1.1144218,1.101965,0.516607,-0.20990631,1,chr7:142500705:transverse_colon:0,FN,0
-3.455978,0.22994529,-0.8286834,-0.89010996,1.7378678,-0.103652366,-0.5054874,-0.81175953,0.22477715,-1.1352283,0,chr1:228301357:gastrocnemius_medialis:0,TN,0
2.6094263,-0.5743571,-0.116922684,-0.45744693,1.110751,-0.5103149,0.6811468,0.81212604,-1.2486156,1.8375851,1,chr1:21935424:tibial_nerve:0,TP,1
-3.1708136,1.2287734,-0.89185834,-0.98611724,1.1868408,0.5218739,0.34126833,-0.26679513,0.07192426,0.38844126,0,chr10:29790608:esophagus_squamous_epithelium:0,TN,0
3.1049988,-1.2441007,-0.4866556,-0.9327923,0.84652454,-0.65879774,0.1332655,0.09179852,0.4042166,-0.42139798,1,chr4:51023823:esophagus_squamous_epithelium:0,TP,1
3.008079,0.4740249,0.41681373,1.567739,-0.72374856,0.90324926,-1.216284,0.6097083,-0.89041567,0.68474644,1,chr10:28302669:thoracic_aorta:0,TP,1
-1.533641,3.0544417,-1.0375009,-0.7303874,0.7837595,0.26063758,-0.7228298,-0.0649565,0.022258066,-0.560942,0,chr3:32119977:gastrocnemius_medialis:0,TN,0
4.493506,-0.060742807,-0.1992578,-0.26729462,-0.04591539,-0.4566304,0.6415677,0.25008062,-0.23196441,-0.15096581,1,chr22:23431840:gastrocnemius_medialis:0,TP,1
4.460885,-1.0083864,-0.4816756,-0.77762616,0.43922395,-0.08389937,0.032193497,0.034442544,-0.1560318,0.42888576,0,chr5:172070255:spleen:0,FP,1
-3.2103486,-1.0508807,1.7037666,-0.06858275,0.28703982,-1.3437483,-0.17496105,0.19813336,0.2920206,0.09195913,0,chr1:112906563:transverse_colon:0,TN,0
5.2474456,-0.81012577,-0.017670054,-0.47607186,-0.35335878,-0.10353673,0.061673027,-0.20961204,0.045038097,-0.098088995,1,chr9:63859633:body_of_pancreas:0,TP,1
-2.7230492,-1.8722706,1.0218811,-0.8547065,-0.52380115,1.3431426,0.1272721,0.23374099,-0.5128523,0.28041998,1,chr5:67538002:gastroesophageal_sphincter:0,FN,0
4.7272964,-1.1584498,-0.24043189,-1.0076525,-0.1342286,-0.15797277,0.45024583,0.21305054,0.22089872,0.037888646,1,chr21:39524514:gastrocnemius_medialis:0,TP,1
-2.192976,1.0189272,0.45060813,1.3825389,0.6169431,0.32180178,0.8134526,-0.21230216,0.758871,-0.1561712,0,chr1:27887943:transverse_colon:0,TN,0
-3.714353,-0.827366,0.73906606,0.21276541,-0.56011474,-0.23286952,-0.05158329,-0.40140292,-0.60679096,-0.3595488,0,chr2:96739702:upper_lobe_of_left_lung:0,TN,0
4.8281765,0.29548728,0.31031817,-0.5282485,-0.4917755,-0.16878311,-0.36910516,-0.09870732,0.16819498,-0.4218222,0,chr10:49526106:spleen:0,FP,1
-3.1902578,0.8025272,-1.7228557,1.1704078,-1.3334597,-0.21082819,0.6983445,-1.0244277,0.06328053,-0.06836254,0,chr16:2267776:testis:0,TN,0
1.5083038,-1.1027089,0.15160182,1.2457912,0.35120788,-0.06617861,-0.37336674,1.26941,-0.07446605,0.10929112,0,chr5:159096575:gastrocnemius_medialis:0,FP,1
-2.8915646,-1.1316178,1.5811199,-0.600098,-0.32277718,0.13655959,0.19505076,-0.023608766,0.18022399,0.25625578,0,chr4:173074164:body_of_pancreas:0,TN,0
-3.123339,0.60082316,-0.6958888,-1.1559427,1.5436708,-0.25919786,-0.46849772,-0.18620767,-0.260096,-0.32054687,1,chr8:12030702:body_of_pancreas:0,FN,0
3.8041492,-0.048738323,0.38752183,1.27505,-0.39912862,0.02068092,-1.2923269,-0.10414258,0.12527888,0.588622,1,chr19:12946073:prostate_gland:0,TP,1
3.9526215,0.6381943,-0.39654285,-0.9482002,0.15916322,-0.8440987,0.45257455,0.5623094,-0.26225755,0.23921467,1,chr9:43171166:transverse_colon:0,TP,1
4.9838405,0.033824027,0.103893615,-0.32170784,-0.53782505,-0.11557557,-0.14248523,-0.25915205,0.11411408,-0.44226596,1,chr2:67906577:prostate_gland:0,TP,1
-1.1956884,2.1285276,0.060171522,-1.1632075,-0.108897835,1.3187106,0.40984973,-0.2763446,0.4185121,0.782729,0,chr8:41989022:gastrocnemius_medialis:0,TN,0
-4.14382,0.5619531,1.1483936,0.056425896,0.025891889,-0.7970508,-0.054805815,-0.4933873,0.32948926,0.3899284,0,chr11:101441698:body_of_pancreas:0,TN,0
4.6381435,0.44160643,0.21907194,-0.51389027,-0.20717818,0.19686536,-0.07947025,-0.058544744,0.116723806,-0.060785115,1,chr21:25640826:gastroesophageal_sphincter:0,TP,1
-3.2795956,0.07434728,0.9218227,0.4878065,-0.588515,-0.55197334,0.16044624,0.50640976,-0.2747332,-0.30323172,1,chr9:96137709:sigmoid_colon:0,FN,0
4.6465163,-0.5379431,-0.47033313,0.57860583,-0.061667487,-0.103532575,-0.19248545,-0.36306486,0.12534857,-0.07753458,1,chr2:178451029:suprapubic_skin:0,TP,1
4.7632127,0.34055015,0.007455978,0.76524323,-0.40609473,0.12527846,-0.13712011,-0.13172613,0.12734702,-0.13171478,1,chr7:30284569:tibial_nerve:0,TP,1
3.1079454,2.1046026,-0.082239754,0.44059658,0.28157812,-0.2139947,-0.10305965,0.11894259,-0.448356,-0.12712547,0,chr16:85126679:esophagus_muscularis_mucosa:0,FP,1
3.4454622,-1.0290897,-0.72619486,-0.19182223,0.34372908,0.19881013,0.38013318,-0.4712003,0.12694168,-0.094798446,1,chr17:26266895:transverse_colon:0,TP,1
0.27087197,-2.5952718,0.36696073,2.0426972,0.61288476,1.2838302,1.9284111,-0.33164737,0.31313735,-0.23985142,0,chr15:66763770:spleen:0,FP,1
-3.4476748,-0.3078985,-1.3766155,0.6158262,-0.17481785,-0.3407381,0.26547763,0.01596961,0.79258657,-0.14483806,1,chr19:49390894:body_of_pancreas:0,FN,0
-4.3921494,0.6579137,0.81362873,-0.3027594,-0.13325225,-0.6493804,0.0491302,0.0394486,-0.19730026,-0.5181612,1,chr9:14180711:spleen:0,FN,0
3.5596857,0.9556893,0.31476006,0.111775294,0.2708665,-0.37057248,0.24760221,0.5260401,-0.052829154,0.28334445,0,chr2:11419812:suprapubic_skin:0,FP,1
1.3691317,-0.73332125,0.20921938,0.31835386,2.388139,0.8365366,-0.39837936,-1.4045349,-0.64255404,-0.5441857,1,chr20:3810780:upper_lobe_of_left_lung:0,TP,1
-3.4046843,-0.22212541,-1.6849806,0.61177695,-1.3323131,-0.41192234,-0.70194453,0.016165012,1.1647168,-0.17337573,0,chr7:27662770:esophagus_muscularis_mucosa:0,TN,0
4.578104,0.8492934,0.499854,0.40070608,-0.17025287,0.3405804,-0.57417494,0.019904511,0.15404351,-0.16066074,1,chr14:77269783:gastrocnemius_medialis:0,TP,1
-3.2345638,-1.9644268,1.3683649,-0.72743803,-0.42089063,-0.11487886,-0.8393314,0.5519058,0.22102281,-0.08360659,0,chr22:36350033:body_of_pancreas:0,TN,0
5.2630115,-0.6366254,0.046044093,-0.4792325,-0.34481475,-0.12709416,-0.11297346,-0.18492004,-0.049525753,-0.16482988,1,chr12:42144490:tibial_artery:0,TP,1
-3.5193908,-0.80918694,0.8178114,0.67441946,-0.09617334,0.054545395,-0.08828828,0.78867894,-1.0849078,-0.5595058,1,chr4:88698124:sigmoid_colon:0,FN,0
-3.7151453,0.24365641,-1.5565491,0.30245644,-1.2577714,-0.026228104,-0.30952826,-1.3639294,-0.24152906,0.164689,1,chr9:6716243:transverse_colon:0,FN,0
-2.6467037,1.8014165,-0.07180737,-0.30796525,1.0495834,0.07942924,-0.04487857,-0.21326715,0.6299457,0.4048743,1,chr3:4813663:gastrocnemius_medialis:0,FN,0
-4.0418377,-0.4666594,0.17920737,-0.10611698,-1.1364383,-0.14013441,-0.5705913,-0.3566748,-0.8270662,-0.3440695,0,chr9:32526170:spleen:0,TN,0
5.0542197,-0.25241765,0.29904857,-0.2636956,-0.1513653,0.16758806,-0.47063443,0.080258,0.0703012,-0.00506995,1,chr14:60160328:gastrocnemius_medialis:0,TP,1
4.8868785,-0.33084896,-0.03416836,-0.37439626,-0.12457543,-0.045963105,0.47099745,0.08947205,0.23395644,-0.043654837,1,chr8:108760598:gastrocnemius_medialis:0,TP,1
0.18448003,0.29154742,1.8380167,1.534384,0.8593135,-0.010885603,0.37722751,-0.047090814,-1.1445664,0.27477604,1,chr1:234723756:esophagus_muscularis_mucosa:0,TP,1
-4.011151,0.3417149,-1.1322128,0.10470506,-1.31669,-0.06830525,-0.7029299,-0.87850785,-0.7231844,-0.4876595,0,chr8:73746347:tibial_nerve:0,TN,0
-4.463455,1.6065354,-0.42765298,-0.26189554,-1.5509683,-0.7138851,-0.116069876,-0.3649187,-0.026087517,-0.07103353,0,chr5:33440517:prostate_gland:0,TN,0
5.183122,-0.3525483,0.10902623,-0.2673822,-0.3626202,-0.0057192533,-0.18019374,-0.16598508,0.0155134825,-0.05963866,1,chr15:74541160:spleen:0,TP,1
-3.822449,-0.065529056,0.9412234,-0.832407,-0.9298814,-0.6408248,-0.7466646,-0.44900465,0.5679842,0.44654062,0,chr12:8026289:tibial_nerve:0,TN,0
4.910607,-0.41342896,-0.19156934,-0.58191776,-0.3306275,-0.12401721,0.4209677,-0.15879016,0.20924854,-0.02546629,1,chr17:21322681:body_of_pancreas:0,TP,1
-1.934332,0.22230306,-1.060032,-0.837761,1.4484085,-0.5990491,0.018649902,0.71232456,-0.22225894,0.07803613,1,chr8:119911607:esophagus_muscularis_mucosa:0,FN,0
4.7763653,-0.29914784,-0.13101567,-0.7013295,0.044774964,-0.42036006,-0.13398592,0.0393157,-0.25207055,0.123981476,1,chr4:76237376:gastrocnemius_medialis:0,TP,1
-3.097787,0.36045694,1.8001393,-0.0054582106,0.2098046,-0.9106732,0.33938777,0.05912076,0.4034828,0.24232261,0,chr1:84407096:transverse_colon:0,TN,0
5.153505,-0.6558609,-0.015948646,-0.5516727,-0.26214436,-0.2503342,0.11617277,-0.1655216,0.020091845,-0.18185969,1,chr6:17600871:upper_lobe_of_left_lung:0,TP,1
-3.6051166,-1.239737,0.33521143,-0.56340086,-1.1965827,0.039942525,-0.62656593,0.8655759,-0.67377573,-0.83303815,0,chr7:79452092:Peyers_patch:0,TN,0
5.0780654,-0.03132581,0.15039186,-0.09037252,-0.5225552,0.025619969,-0.12836339,-0.13028456,0.022396471,-0.14386381,1,chr20:36461197:esophagus_muscularis_mucosa:0,TP,1
-3.4331362,-0.92283297,-1.4645128,-0.6932531,1.2478648,0.042717025,-0.5373064,0.094312094,-0.5506433,-0.1657524,1,chr17:51125917:body_of_pancreas:0,FN,0
-3.5464196,-1.7123034,-1.344643,0.7678868,-0.30909666,0.022706982,-0.37041387,-0.79595757,-0.0100539625,0.18245171,0,chr22:30387561:gastroesophageal_sphincter:0,TN,0
-0.119703725,2.9020317,1.4330401,-1.5510023,-0.6968418,0.32025027,0.04080516,-0.7340046,-0.056357607,0.35524374,0,chr5:127553080:gastrocnemius_medialis:0,FP,1
-3.6576576,-1.5021147,-1.3204665,0.58256674,-0.27810273,-0.34316432,-0.32875222,-0.825899,-0.30059895,0.08033137,1,chr17:49851470:tibial_nerve:0,FN,0
4.955938,0.22096866,0.115816854,-0.43430802,-0.4945168,0.09533742,0.28436556,-0.14349009,0.11544712,-0.3228494,1,chr9:129428054:sigmoid_colon:0,TP,1
-3.7351248,0.8668638,-0.57124835,-0.103611134,0.24312344,0.7665682,0.443529,-0.40133834,-0.014076492,-0.24785176,0,chr9:107599718:transverse_colon:0,TN,0
4.8402424,0.20899254,-0.0936855,-0.30807877,-0.2937698,-0.23392224,0.44250324,-0.08160998,0.0009701213,-0.2721121,1,chr1:16513429:stomach:0,TP,1
-3.8235123,1.0949908,0.7358686,-0.35475388,-0.35669452,0.06528761,0.66424584,-0.020619674,0.21864113,-0.036704775,0,chr18:6477778:esophagus_squamous_epithelium:0,TN,0
4.230743,-0.040497646,0.08909745,-0.51279944,-0.16301504,0.22191323,0.27339387,-0.56969726,0.3272036,-0.30801824,0,chr16:87462600:esophagus_muscularis_mucosa:0,FP,1
-4.2781296,1.2960172,-0.4490112,-0.7574412,-1.0429703,-0.9357733,-0.15914246,0.16914922,0.123412915,-0.6354359,0,chr3:113150360:transverse_colon:0,TN,0
-4.104294,1.7126021,1.1570101,0.22895408,-0.17214768,-0.4722518,-0.06595914,-0.61849785,0.063119285,0.16395451,1,chr21:44854482:gastrocnemius_medialis:0,FN,0
5.0578704,-0.6986577,-0.2046995,-0.73361284,-0.16345651,-0.5621331,0.1748974,-0.037756607,-0.16889884,-0.10104079,1,chr6:17600825:transverse_colon:0,TP,1
4.218814,-0.07580669,-0.52186215,0.060559127,-0.008296562,-0.13474321,0.40027228,-0.23563492,-0.23171367,0.24956137,0,chr17:72122557:prostate_gland:0,FP,1
-2.3467681,0.6971436,0.4229978,1.2663637,0.8677651,-0.48078555,-0.49948597,0.13434123,0.61544335,0.08383353,1,chr5:68289313:transverse_colon:0,FN,0
-3.5497992,1.4720273,-0.69914234,-0.57252926,-1.6436045,0.6004236,0.19299325,-0.17778233,-0.48994204,-0.27583244,0,chr2:239098334:sigmoid_colon:0,TN,0
-2.660949,0.39673543,-2.3398592,1.2489487,-1.2941589,-0.27011192,0.22179052,-0.6121577,-0.6640094,0.0447946,0,chr9:129620316:gastroesophageal_sphincter:0,TN,0
-3.809986,2.8280256,-0.19119114,-0.824827,0.12731469,0.21728335,0.5276642,-0.4977149,-0.13622306,0.033930488,0,chr2:43403319:esophagus_squamous_epithelium:0,TN,0
2.665039,0.49352878,0.7169753,1.5152321,0.63438416,0.23286264,-0.6196992,-0.37249625,-0.19226961,-0.24276486,1,chr4:186204369:esophagus_muscularis_mucosa:0,TP,1
-0.88765264,-0.66123885,1.0935429,2.2612848,0.19809364,-0.11060376,-0.794418,-0.034325883,-0.5560515,0.8619822,1,chr3:37453118:stomach:0,FN,0
5.1541567,-0.33804643,0.018110948,-0.14174528,-0.1962001,0.041616615,-0.03021283,-0.10254014,-0.029132733,-0.07452966,1,chr1:6701641:gastrocnemius_medialis:0,TP,1
0.50575405,-0.7079607,0.12816523,0.69585466,0.28934824,0.25847653,-0.28043592,0.45881736,0.3413692,0.20791358,0,chr7:6991175:transverse_colon:0,FP,1
-1.8094007,-2.2847767,1.2255075,0.6031051,0.79108113,0.11630805,0.17239597,-0.32103685,1.1124065,1.1084464,0,chr1:115333646:gastrocnemius_medialis:0,TN,0
4.3758616,0.3034337,-0.48010045,-0.7703287,-0.12571332,-0.7228358,0.5433754,-0.16198385,-0.5254808,-0.14824061,1,chr19:565612:spleen:0,TP,1
5.0186143,-0.59313923,-0.04582909,-0.53011334,0.06449583,-0.2382984,-0.0054161074,0.25416002,-0.17339374,0.44361988,1,chr6:99516089:tibial_artery:0,TP,1
5.2630115,-0.6366254,0.046044093,-0.4792325,-0.34481475,-0.12709416,-0.11297346,-0.18492004,-0.049525753,-0.16482988,1,chr12:42144490:body_of_pancreas:0,TP,1
-3.4988308,-0.98176664,1.1295208,0.54714155,-0.38674146,-0.66109633,0.8967681,-0.24045162,0.071431816,0.097400114,1,chr1:10742392:gastrocnemius_medialis:0,FN,0
-3.6674364,-0.7812157,0.22295094,0.1763465,-1.2022382,-0.38530326,0.74290055,0.01166834,0.027208753,-0.2328471,0,chr17:74877939:thyroid_gland:0,TN,0
1.6471913,-0.55830777,-0.50121695,0.39646327,0.8051338,-0.07203035,-0.17320015,0.27036357,0.8661089,-0.20678782,1,chr5:126853111:spleen:0,TP,1
2.609423,-0.5743514,-0.11692281,-0.45744538,1.1107498,-0.5103158,0.68114537,0.812127,-1.2486172,1.837584,1,chr1:21935424:thoracic_aorta:0,TP,1
-0.6411953,1.720946,0.065143764,2.3912563,-0.21728814,-0.5407324,0.40730828,-0.094413936,-0.16787148,0.32883558,0,chr6:73521135:testis:0,FP,1
-3.3880289,-1.1887206,-0.1527252,-0.6007661,-0.8356963,0.47820905,-0.042531963,0.7478665,-1.1335821,-0.46680382,1,chr12:631895:spleen:0,FN,0
3.8041492,-0.048738323,0.38752183,1.27505,-0.39912862,0.02068092,-1.2923269,-0.10414258,0.12527888,0.588622,1,chr19:12946073:transverse_colon:0,TP,1
-2.1726983,0.41210267,-0.3129593,1.0368404,1.2020184,-0.45369393,0.22534037,-0.3909334,0.18303871,0.08623116,0,chr5:139674641:tibial_nerve:0,TN,0
4.4865227,0.6039344,0.0053799325,0.40869853,-0.35512567,0.07147658,-0.50462794,0.5730805,-0.07770562,0.47149518,1,chr2:131492789:gastroesophageal_sphincter:0,TP,1
-3.736949,0.24576283,-0.6903281,0.2071038,-1.2015655,-0.7070964,-0.47615987,-0.17256998,0.71140707,-0.024541244,0,chr1:121116926:prostate_gland:0,TN,0
-3.0712497,-1.1371915,0.20549624,-1.1133593,-0.9628569,0.1436366,-0.33622307,1.4092462,0.16020569,-0.86267114,0,chr7:67225689:gastrocnemius_medialis:0,TN,0
-3.7654154,0.98812985,-1.11941,-0.8736042,1.0809661,0.31312698,-0.42505884,-0.09009665,0.031534243,-0.65858626,0,chr22:23304851:esophagus_squamous_epithelium:0,TN,0
-4.045922,1.1213133,-1.3337622,-1.4368732,0.905222,0.006069494,-0.9927059,-0.30461824,-0.11418866,-0.61343277,0,chr15:62867372:sigmoid_colon:0,TN,0
-0.7636574,0.8460087,-0.021742266,1.0110122,1.147236,-0.22239059,-0.10325492,0.7989867,0.01338676,-1.1448256,0,chr16:21518415:gastroesophageal_sphincter:0,FP,1
4.9825106,0.17261279,0.37808183,-0.20016934,-0.38054368,0.1200414,-0.24507087,-0.17608832,0.09570217,-0.34085917,1,chr17:78356295:spleen:0,TP,1
-3.0384016,1.080045,0.028433785,-0.9481626,1.0557332,-0.04441975,-0.7697306,-0.29013926,0.3079265,0.9502934,0,chr6:89160949:sigmoid_colon:0,TN,0
-3.465234,-0.49533147,0.5087527,-0.44513613,-0.64563996,-1.1222667,-0.0043232935,0.028925145,0.44558617,-0.38653526,0,chr10:17010042:gastroesophageal_sphincter:0,TN,0
4.682092,-0.26712617,-0.30755135,-0.28640833,-0.36129358,-0.30015767,-0.34643304,0.033461217,-0.11424538,0.0012447236,1,chr10:94403625:stomach:0,TP,1
3.9183133,0.2941828,-0.24585384,-0.73163444,0.19510517,0.34232032,-0.038967993,0.034727447,-0.19235323,0.56429815,1,chr6:32624060:spleen:0,TP,1
-3.2616072,2.088401,0.21926662,-0.6555829,-1.1203645,0.83232594,0.7058156,-0.58298135,-1.5947964,-0.29220214,0,chr1:95233405:prostate_gland:0,TN,0
4.682092,-0.26712617,-0.30755135,-0.28640833,-0.36129358,-0.30015767,-0.34643304,0.033461217,-0.11424538,0.0012447236,1,chr10:94403625:esophagus_squamous_epithelium:0,TP,1
-3.038028,-1.8217039,-0.7599737,1.052963,-0.03193513,-0.42157263,-0.52872676,-1.1008356,0.029691659,0.2498362,0,chr3:170038330:prostate_gland:0,TN,0
-2.334185,-2.9104447,1.1781969,-0.92294073,-0.24664907,0.48949328,-0.58305633,1.5792717,-0.42019933,-0.92711014,1,chr18:5294235:sigmoid_colon:0,FN,0
-2.8581543,0.002810856,0.07590897,0.63011664,-0.5352245,0.7999477,0.47824213,-0.53993994,-1.2574395,0.14815809,0,chr1:120388911:spleen:0,TN,0
-2.6909456,0.08054919,1.4953022,0.78781056,0.5089435,-0.2045032,-0.56302613,0.4958857,0.46700943,0.6839966,0,chr2:86826819:spleen:0,TN,0
4.6465163,-0.5379431,-0.47033313,0.57860583,-0.061667487,-0.103532575,-0.19248545,-0.36306486,0.12534857,-0.07753458,1,chr2:178451029:upper_lobe_of_left_lung:0,TP,1
-3.779344,-1.4422613,-1.0678442,0.03348401,-0.8067254,0.04269744,0.0009827957,0.34817898,0.07763406,-0.67860967,0,chr20:20052597:esophagus_muscularis_mucosa:0,TN,0
-3.2412932,-0.41084042,-2.1725996,0.5095559,-1.2405834,0.02889249,-0.39623445,-1.2196157,-0.14830658,0.28497085,1,chr12:93571255:esophagus_muscularis_mucosa:0,FN,0
-1.5993718,-2.9971762,0.74544275,1.0667754,1.4267102,0.037425574,0.8887359,0.830657,0.48795268,-0.67554915,1,chr20:38169808:spleen:0,FN,0
4.729761,-0.5037963,-0.19864462,-0.7698119,-0.11908378,-0.1796169,0.16876258,-0.32995462,0.11775699,-0.39524263,1,chr7:100948965:gastrocnemius_medialis:0,TP,1
4.574014,-0.3584135,-0.46498963,-1.0418085,-0.054533623,-0.40678957,0.3880545,0.38505167,-0.37266505,0.5107766,0,chr13:50757093:esophagus_squamous_epithelium:0,FP,1
3.5607238,0.7259394,-0.22605926,-0.12351044,0.19320297,-0.38978797,-0.09368629,-0.16805603,-0.23158798,-0.20395987,1,chr17:309581:gastrocnemius_medialis:0,TP,1
-1.0795118,-0.15844093,3.1386921,1.2046702,1.2503283,-0.63351214,-0.65883255,-0.13589719,0.2517404,-0.022491341,1,chr1:162549120:gastrocnemius_medialis:0,FN,0
-3.5615575,-0.48317865,0.968965,0.030394364,-0.20186888,0.28543368,0.68547326,-0.1775027,-1.2567565,0.080203705,0,chr10:30542457:transverse_colon:0,TN,0
-3.8767457,-1.453,-0.71983004,0.34223616,-0.683314,-0.14455743,0.32286307,-0.40079266,0.2139282,-0.13698512,0,chr5:172733732:upper_lobe_of_left_lung:0,TN,0
5.236789,-0.74785364,-0.0045602275,-0.34702247,-0.2298851,0.064738646,-0.04800649,-0.29183555,0.0738192,-0.089091346,1,chr12:42144537:gastrocnemius_medialis:0,TP,1
-1.3935457,2.9397233,0.46562773,1.9047327,-0.15144733,-0.26975474,-0.658382,0.7608147,0.5176525,0.25840196,0,chr10:119317424:gastrocnemius_medialis:0,TN,0
2.0661519,2.7354517,1.4288723,2.3459766,0.15402028,0.0121148825,-0.80695325,0.13662429,-0.5745585,-0.18508503,1,chr1:16914310:Peyers_patch:0,TP,1
4.588994,0.1755459,-0.10386707,0.1727489,-0.09023181,0.26146254,0.81268096,-0.34587598,0.17006147,-0.54673153,1,chr16:88700636:spleen:0,TP,1
-1.2607256,-1.0338948,0.47999454,1.6039093,0.66342956,-0.5153832,0.21690193,0.47161645,0.15024383,0.61313105,0,chr11:320114:transverse_colon:0,TN,0
5.1385007,-0.6614187,-0.18141663,-0.65808165,-0.26172322,-0.50601923,0.30425608,0.021930393,-0.12228461,-0.039334755,1,chr3:75785531:thoracic_aorta:0,TP,1
-3.9932127,1.0917908,0.5136773,-0.21671373,0.10932108,-0.5886232,0.06294897,-0.4928834,0.5249006,0.35243443,0,chr9:123045888:gastrocnemius_medialis:0,TN,0
-3.280276,-0.8023978,-0.9450157,0.9677659,-0.29141372,-0.3373423,0.95570016,0.17305638,0.111906104,-0.72010946,0,chr5:177096560:transverse_colon:0,TN,0
4.9176297,-0.34744188,0.27664933,-0.42664987,0.09202891,-0.06722071,0.3386052,-0.11752307,0.008195314,-0.16983639,1,chr7:142774581:body_of_pancreas:0,TP,1
-3.376063,0.04764315,-1.9475914,0.2403021,-1.2522908,-0.1645405,-0.8320649,-0.2587115,0.09232091,0.17312326,0,chr3:12664355:testis:0,TN,0
-3.4352705,-1.4381815,1.242434,-0.033788055,-0.8029524,-0.7000922,0.31722924,0.29541025,-0.091188245,-0.36084247,0,chr22:20749549:esophagus_muscularis_mucosa:0,TN,0
4.9811254,0.21503575,0.35050038,-0.048774455,-0.43707314,0.07947911,-0.34125385,-0.056568693,-0.0497005,-0.24804193,1,chr10:31321113:esophagus_squamous_epithelium:0,TP,1
-2.2691433,-0.072590545,-0.2997275,0.8663888,-0.5119937,0.24428526,1.6330619,-0.25912657,0.4923649,0.23319367,0,chr3:13540839:suprapubic_skin:0,TN,0
-2.488667,1.1853529,0.0089378385,-0.4537812,1.2841088,0.46878958,0.13122177,-0.47497922,0.4552111,0.47318727,1,chr17:2486199:gastrocnemius_medialis:0,FN,0
-0.8858101,1.3890692,-1.2752564,-1.4894516,0.6541925,-0.44669873,0.43252614,0.68077236,-0.36680084,-0.08979298,0,chr6:134471645:gastrocnemius_medialis:0,TN,0
3.4835055,-0.7504702,-0.6797799,-0.9171175,0.37236977,-0.7039559,0.42377862,-0.036799442,-0.38347808,-0.24580422,1,chr14:30690596:gastrocnemius_medialis:0,TP,1
5.0939417,-0.39237145,-0.05282439,-0.6365348,-0.3993412,-0.33558962,0.25383726,-0.05229562,-0.055808026,-0.28136826,1,chr17:43360116:transverse_colon:0,TP,1
-4.1260734,0.47990572,-1.8298837,0.20022619,-0.83871174,-0.39554116,-0.32604283,-0.23101744,0.037207205,-0.16523962,0,chr2:74483363:esophagus_squamous_epithelium:0,TN,0
-2.0469708,3.189424,0.069791816,-1.2961237,-0.6822807,0.95258886,1.1353954,0.09442414,0.207075,0.44287857,0,chr3:133569836:esophagus_muscularis_mucosa:0,TN,0
-3.6982663,-1.5422891,-0.47403118,0.60358363,-0.53104204,-0.7771762,-0.031479117,-1.1209586,0.16421804,-0.2359318,0,chr20:38962540:spleen:0,TN,0
-3.616321,0.03622062,-0.8060539,0.20881438,0.2834941,-0.39790115,0.067334555,-0.5193982,-0.03544648,-0.021011375,0,chr7:1029278:esophagus_muscularis_mucosa:0,TN,0
-3.1839285,-0.33128324,0.38011906,-0.43313006,-0.8030346,-0.014645104,-0.13043238,1.0643469,-0.099380374,-0.5058615,0,chr10:24458192:prostate_gland:0,TN,0
-3.36126,-0.88650143,0.39028007,0.14227536,0.8013173,0.39438084,0.05233193,0.23561957,-0.32233363,-0.1842579,0,chr16:84832380:sigmoid_colon:0,TN,0
5.236789,-0.74785364,-0.0045602275,-0.34702247,-0.2298851,0.064738646,-0.04800649,-0.29183555,0.0738192,-0.089091346,1,chr12:42144537:sigmoid_colon:0,TP,1
4.6866593,0.19814952,0.17387393,0.0051067355,-0.37272358,0.2910968,0.58371174,-0.38958266,0.5011634,-0.5053525,1,chr7:142752409:body_of_pancreas:0,TP,1
-0.6411953,1.720946,0.065143764,2.3912563,-0.21728814,-0.5407324,0.40730828,-0.094413936,-0.16787148,0.32883558,0,chr6:73521135:body_of_pancreas:0,FP,1
-0.0129327,0.27556077,-0.39075434,0.78825355,0.8683042,0.7536934,1.3003366,-0.72792274,0.19274569,-0.3434853,0,chr19:13003619:sigmoid_colon:0,FP,1
-2.1577468,0.29130659,-0.6737592,0.00048723418,-0.10561604,1.8109232,0.7483531,1.397506,-0.28834495,-0.43720666,1,chr22:37282772:transverse_colon:0,FN,0
-0.9867552,-1.0693151,-1.2230583,-1.0472901,1.2462072,0.24749818,-0.2968938,-0.8876341,-0.13583772,0.096197695,1,chr15:90404458:transverse_colon:0,FN,0
-3.2389612,0.42873192,-1.8482196,0.34177992,-0.13856784,0.07127456,-0.059956454,-0.4060501,-0.8042389,-0.78838146,1,chr6:25992885:tibial_nerve:0,FN,0
-2.3373647,2.1486373,0.0860879,-0.013383151,-0.72606784,0.79864013,0.86195016,-0.3256824,-0.6241789,-0.061881997,0,chr5:77491680:tibial_nerve:0,TN,0
2.0278068,0.16620658,0.6675235,0.8368786,0.9762729,0.20200102,0.3707238,-0.59048736,-0.6631743,0.6489526,1,chr1:241642311:transverse_colon:0,TP,1
4.9439893,0.22309119,0.0142382495,0.023932034,-0.19444698,-0.16591886,-0.082109295,-0.021912016,0.008007163,-0.27386186,1,chr17:45584817:gastrocnemius_medialis:0,TP,1
5.0640974,-0.46743548,-0.094198294,-0.8112499,-0.47911945,-0.3830984,0.2576999,-0.078685656,0.020451834,-0.16325326,1,chr17:43360579:Peyers_patch:0,TP,1
-3.6551337,-0.20352332,1.6385909,-0.46486926,-0.5725667,-0.9972541,-0.08496591,-0.5277833,0.29035577,0.3488802,0,chr3:26071366:sigmoid_colon:0,TN,0
-2.4237359,-1.1889495,1.4589167,-0.585578,1.5444723,0.06662143,0.04228732,-0.24368346,0.50306535,0.28515142,0,chr10:43824442:gastrocnemius_medialis:0,TN,0
-3.924288,2.0745776,0.105473295,-1.0111241,-1.0535005,0.3327504,-0.9959777,0.17170946,-0.245458,-0.23302631,1,chr13:44151134:gastrocnemius_medialis:0,FN,0
-4.5277514,-0.07362497,0.32616732,-0.3583415,-0.26131502,-0.3581306,0.0047306004,0.009387323,-0.5373633,-0.4589097,0,chr12:47821449:Peyers_patch:0,TN,0
3.1049988,-1.2441007,-0.4866556,-0.9327923,0.84652454,-0.65879774,0.1332655,0.09179852,0.4042166,-0.42139798,1,chr4:51023823:tibial_artery:0,TP,1
3.3960474,-0.18171299,-0.7252193,-0.9190551,0.622538,0.27941364,0.18158993,-0.10098825,0.28182137,0.62252945,0,chr15:101625183:spleen:0,FP,1
-4.2165546,2.2858424,-0.921089,-0.5700663,1.0453477,0.030220924,-0.49875385,-0.52453667,-0.17598656,-0.42503402,0,chr15:85343327:Peyers_patch:0,TN,0
5.1182194,-0.613221,0.08499771,-0.5486802,-0.35588712,-0.07093088,0.1052075,-0.22632457,0.07221449,-0.3805691,1,chr22:16339427:transverse_colon:0,TP,1
3.8326106,1.0284429,-0.6704171,-0.88600844,0.012051608,-0.52294767,0.34857792,0.4947882,-0.7397924,1.0387945,0,chr14:68950026:transverse_colon:0,FP,1
4.16335,0.46835345,-0.18446495,-0.36134806,-0.14462915,-0.12203396,-0.0007832554,0.058562994,0.36491323,0.23831445,1,chr8:23528320:body_of_pancreas:0,TP,1
4.9399076,-0.35157114,0.085908376,-0.5536626,-0.22713582,-0.03271684,0.32305008,-0.23652266,0.29275754,-0.44139707,1,chr7:142759970:body_of_pancreas:0,TP,1
2.52188,-0.48437414,0.43039316,-0.51556474,0.6205933,0.738869,-0.37204513,-0.97439134,0.29579446,-0.17462611,0,chr7:73802402:transverse_colon:0,FP,1
4.0697827,0.9736951,-0.28806663,-1.2005863,-0.26367596,-0.81623566,0.39192358,0.31704214,-0.21977516,0.17032498,1,chr1:246969568:spleen:0,TP,1
0.7506502,-2.0827854,-0.09341438,1.1219548,0.7622604,0.7750953,1.1084895,0.037585076,-0.09976316,0.0018200859,0,chr17:80900434:body_of_pancreas:0,FP,1
5.0865054,-0.88388425,-0.26190823,-0.33981943,0.054129794,-0.26202756,0.14497893,-0.013881866,-0.1602476,0.13805102,1,chr2:231604749:transverse_colon:0,TP,1
1.8650999,-0.72681606,0.9117893,1.5675193,0.5248228,-0.17819436,-0.69316816,-0.033887535,0.14687842,0.042664688,1,chr4:1194906:transverse_colon:0,TP,1
-2.9254193,-0.83698124,0.6003153,0.2701506,1.5638249,-0.12904644,-0.1870373,-0.5070765,0.04447927,0.43547648,0,chr5:119413834:spleen:0,TN,0
-2.6909487,-1.7762898,1.3430395,-0.72656083,-0.42607817,0.54327816,0.5038074,0.48751873,-0.8655528,-0.27648228,1,chr17:42453605:spleen:0,FN,0
-2.899383,-1.8707641,1.6193081,-0.5478371,0.10868888,0.31708208,-0.20604669,0.51327914,-0.09039076,0.116080076,0,chr16:4095639:gastrocnemius_medialis:0,TN,0
-4.3265734,0.449855,-1.5914801,-0.6827541,0.96301776,-0.24767952,-0.523393,-0.84475213,-0.14646599,-0.7752122,0,chr11:325248:gastroesophageal_sphincter:0,TN,0
-3.3855045,-0.16803746,0.13126394,0.85139483,-0.37702972,-0.51061445,-0.0019101899,0.05063264,0.003756554,-0.36253914,0,chr16:86294162:transverse_colon:0,TN,0
4.1861563,0.3293787,-0.54652,-0.8417312,-0.10456741,-0.5693115,0.1553492,0.6693418,0.009169164,0.8771557,1,chr22:31226723:gastroesophageal_sphincter:0,TP,1
4.4323387,-0.32378727,-0.16199781,-0.55125725,0.19918747,-0.43151724,-0.06993951,0.4968782,-0.13838725,0.5296582,0,chr15:32613830:body_of_pancreas:0,FP,1
-3.5858018,-1.0974956,-1.0966623,0.46496838,-0.58953923,-0.72571635,0.25602335,-0.6255523,-0.05402029,-0.19398409,0,chr9:98255695:esophagus_muscularis_mucosa:0,TN,0
-3.509532,1.4532367,1.4449978,0.064053245,0.17695065,-0.57528013,-0.009901699,-0.60180724,-0.19394295,-0.018780075,0,chr2:196169971:esophagus_squamous_epithelium:0,TN,0
4.8314147,0.2736842,0.3179963,0.22921506,-0.10532754,-0.2494186,-0.3603269,0.20696846,-0.1630571,0.14917587,0,chr17:5486321:gastrocnemius_medialis:0,FP,1
-2.9506564,-0.4035292,-0.023018438,-0.46164677,0.15583399,0.78504515,-0.5655172,1.1634281,0.2743174,-0.975818,1,chr12:48932690:spleen:0,FN,0
-1.9590468,2.798455,0.19289412,-0.21795356,0.03241412,1.3053895,-0.13324578,-1.0362866,0.3857657,0.43469167,1,chr2:239319425:transverse_colon:0,FN,0
4.523117,0.49466485,0.8173875,0.36332592,-0.277266,0.18557468,-0.691759,0.101576306,0.122254044,-0.095726416,0,chr1:234772852:body_of_pancreas:0,FP,1
-4.239383,-0.10642769,0.17672348,0.033809364,-1.0641816,0.03905971,-0.41554493,-0.00978805,-0.15191981,0.17171855,0,chr6:26422078:esophagus_muscularis_mucosa:0,TN,0
-3.6701918,2.3537545,-0.31128603,-0.25855565,-0.94388205,0.37998146,0.6753705,-0.09126927,-0.68315995,-0.11738571,0,chr10:95605700:gastroesophageal_sphincter:0,TN,0
-3.8451996,0.38409057,-0.51079434,-0.9790157,-1.4872428,-0.09458096,-0.850783,-0.51299495,-0.2655949,0.08631558,1,chr17:68259065:body_of_pancreas:0,FN,0
-3.710143,0.26028237,0.031766027,-0.8036,-0.5712887,0.22684215,0.4153298,-0.10007064,-0.2927236,-0.78782517,1,chr10:119568496:sigmoid_colon:0,FN,0
-3.6800745,-0.13442305,-0.84899795,-0.4862848,0.8129463,-0.01349736,-0.39670748,0.43143207,1.480126,0.25139266,0,chr9:129984865:spleen:0,TN,0
1.2906629,0.41393715,-1.3747915,-0.42992428,0.7849195,-0.28991672,0.35397598,-0.34988952,0.15015577,-0.5093374,0,chr9:89398503:spleen:0,FP,1
4.9515147,0.20415609,0.423968,0.0009982638,-0.23676354,0.08866287,-0.15531175,-0.13653621,0.21248344,-0.4267411,1,chr6:30683949:body_of_pancreas:0,TP,1
4.3204737,-0.1711742,-0.32511792,0.9831718,-0.28267908,-0.04427038,-0.35265413,-0.25357512,-0.20092024,-0.26682556,0,chr17:82212774:gastroesophageal_sphincter:0,FP,1
5.095876,-0.64269584,0.15454704,-0.33746746,-0.1988656,0.07563742,-0.11977253,-0.341622,0.2837146,-0.43187293,1,chr19:18284052:spleen:0,TP,1
3.2348325,0.16060129,0.21680559,1.6259471,-0.36233348,0.1594526,-0.6729913,-0.23478195,-0.05475801,0.2883022,1,chr9:37466601:gastrocnemius_medialis:0,TP,1
1.2285248,-0.33304214,-1.883723,0.6241262,1.2380251,-0.06407149,-0.6503339,1.0765698,-0.05900515,-0.16484186,1,chr15:41283615:suprapubic_skin:0,TP,1
-1.0795118,-0.15844093,3.1386921,1.2046702,1.2503283,-0.63351214,-0.65883255,-0.13589719,0.2517404,-0.022491341,1,chr1:162549120:suprapubic_skin:0,FN,0
-3.401408,1.8192517,-1.1749763,-1.224368,0.65928155,-0.19862579,-0.34112424,-0.3727347,0.33100337,-0.941636,0,chr11:6706236:gastrocnemius_medialis:0,TN,0
-4.175991,0.36757997,1.062841,-0.016027294,0.20394272,-0.5374116,0.05526183,-0.18728039,0.049282547,0.22364834,0,chr8:97849127:body_of_pancreas:0,TN,0
-3.408865,0.4397147,0.12634623,-0.2780978,-1.3820392,-0.6508458,0.48144436,0.077237725,0.57276434,0.11162284,1,chr20:13013353:spleen:0,FN,0
3.1466644,-0.09870079,-0.8717794,-0.8193853,0.5221228,-0.666708,0.33026895,1.653657,0.08757568,2.1723387,1,chr1:21935425:tibial_nerve:0,TP,1
-3.2259467,-1.0991346,1.4559671,-0.7518239,-0.1731827,0.01506891,0.069486186,-0.6355742,0.3165159,1.1620524,0,chr5:103095044:tibial_artery:0,TN,0
3.9566195,1.036104,0.45632344,0.90930974,-0.33336508,0.4205768,-1.0599908,0.06253989,0.8935606,-0.022710724,1,chr3:147409068:gastrocnemius_medialis:0,TP,1
-3.5430684,-0.16943361,-0.9746477,0.60558444,0.20243189,0.0068589575,-0.047938723,1.10499,-0.09835222,-1.0451726,1,chr20:48025318:sigmoid_colon:0,FN,0
-3.23704,-1.0960004,0.27173725,0.5999348,-0.1678763,0.432146,0.37596428,-0.1595984,-1.0879005,-0.27180454,0,chr19:46661728:sigmoid_colon:0,TN,0
5.1535034,-0.6558574,-0.015948454,-0.55167145,-0.26214427,-0.2503332,0.116172984,-0.16552019,0.02009077,-0.18185817,1,chr6:17600871:tibial_nerve:0,TP,1
2.6374164,0.43906373,-0.6572053,-0.44451088,0.66240513,-0.40252748,-0.049763106,0.7148661,-0.624715,1.1802782,1,chr19:58010453:esophagus_muscularis_mucosa:0,TP,1
-2.8076646,0.010179693,-1.3816968,0.09256431,0.17572178,-0.36312163,-0.5380781,1.1385866,1.75538,-0.022182494,0,chr13:21039129:esophagus_muscularis_mucosa:0,TN,0
4.6465154,-0.53794146,-0.47033334,0.5786059,-0.06166816,-0.10353501,-0.19248593,-0.36306486,0.1253486,-0.07753488,1,chr2:178451029:prostate_gland:0,TP,1
0.18448219,0.29154626,1.8380154,1.5343828,0.85931295,-0.010884898,0.377227,-0.04709026,-1.1445676,0.27477616,1,chr1:234723756:body_of_pancreas:0,TP,1
3.046516,-3.0340524,0.34817383,-1.995681,0.2405403,1.6569462,0.067596704,-0.9617278,1.1898267,1.3486423,1,chr6:32663478:spleen:0,TP,1
-1.5484723,5.202256,1.8310676,-0.29180783,-0.35117924,0.14056015,0.7944489,0.31563702,-0.8151193,-0.18588454,0,chr8:100512856:gastroesophageal_sphincter:0,FP,1
-3.31422,-0.65210485,0.75875694,-0.39201096,0.59583324,0.17351516,-0.15337275,0.062223956,-0.32380563,0.1322034,0,chr11:13874299:transverse_colon:0,TN,0
5.078066,-0.03132366,0.15039213,-0.09037268,-0.5225561,0.025618678,-0.12836376,-0.13028403,0.022396088,-0.14386484,1,chr20:36461197:upper_lobe_of_left_lung:0,TP,1
5.1024327,-0.22624741,0.2710241,-0.20658797,-0.36911598,0.098223515,-0.25050956,-0.24784611,0.15246563,-0.31131765,1,chr17:72468174:body_of_pancreas:0,TP,1
-3.126046,-1.3711089,1.1532546,0.42814803,0.35783213,0.02842111,0.8365801,-0.22345546,-0.34457034,-0.18811654,0,chr5:140246157:gastrocnemius_medialis:0,TN,0
-2.9767601,0.79166204,-1.887556,-0.8475747,1.12189,-0.8411501,0.18027425,-0.13441591,-0.39171454,-1.0364324,1,chr5:149583424:body_of_pancreas:0,FN,0
-2.402598,-0.23951443,-1.4598742,0.55439395,-0.29772905,-0.5942301,-1.2206699,-0.26826063,0.54852617,0.37311104,1,chr2:94209186:tibial_nerve:0,FN,0
-4.0418377,-0.46665558,0.1792093,-0.10611644,-1.1364386,-0.14013545,-0.5705905,-0.35667512,-0.82706714,-0.34406877,0,chr9:32526170:gastrocnemius_medialis:0,TN,0
-2.1469572,1.808185,-0.37577635,-0.5968999,-0.02666238,1.0976366,-0.4510277,-0.44955373,0.29352736,0.11799867,1,chr2:238299815:body_of_pancreas:0,FN,0
-2.3168101,0.73026276,2.0079753,0.45895213,0.49459705,-0.56010014,-0.02213585,0.50467557,1.2078571,-0.05035971,1,chr1:16895136:gastroesophageal_sphincter:0,FN,0
-4.300958,0.8963411,0.072287574,0.2317785,0.6663386,-0.5749448,-0.72962815,0.07235252,-0.004094385,-0.367968,1,chr14:96206756:body_of_pancreas:0,FN,0
-4.0641074,1.4741024,0.7891446,-0.016279388,-0.6083518,-0.8894173,0.5014273,-0.1639336,0.24947558,-0.24456316,1,chr4:186204922:esophagus_muscularis_mucosa:0,FN,0
4.7296743,0.07518351,0.45118198,0.5245562,-0.15787517,-0.018170206,-0.57185245,-0.013898694,0.083074436,0.0071413117,0,chr14:55271730:upper_lobe_of_left_lung:0,FP,1
4.8660946,0.0609326,0.20102297,0.06349114,-0.4043776,-0.040115632,-0.44102722,0.080856405,-0.009370288,-0.14404447,1,chr5:80654888:stomach:0,TP,1
-3.3425467,0.5536186,-1.5901526,0.6129416,-1.5372486,-0.06573394,-1.0063304,-1.2272484,-0.08910417,0.4641415,0,chr2:55050819:prostate_gland:0,TN,0
-3.3045743,0.5291557,0.5663514,-0.38714716,-0.14807397,0.19617105,-0.18833949,-0.6750093,0.80899906,0.3728968,0,chr12:64637985:gastrocnemius_medialis:0,TN,0
-3.8946252,1.8516412,-0.3127621,-0.06912832,0.23903008,-0.5472637,-0.34017298,0.1362945,-0.42915404,0.17444791,0,chr10:103663790:gastrocnemius_medialis:0,TN,0
-3.831026,-0.5321876,1.2388582,0.036194857,-0.34051672,-0.42601398,0.41534546,-0.07271674,-0.7908853,0.12621166,0,chr6:32637479:body_of_pancreas:0,TN,0
3.0793421,0.11332134,-1.2965969,1.132568,-0.5048435,0.013397595,-0.45297673,-0.08830437,-0.25309473,1.1883591,0,chr21:33324561:esophagus_muscularis_mucosa:0,FP,1
4.83767,0.37922296,0.43494794,0.18656942,-0.44335103,0.10789671,-0.5107313,-0.15731348,-0.012852642,-0.04166725,1,chr7:74657687:Peyers_patch:0,TP,1
-3.1617646,-0.9936634,1.6825019,0.36744687,0.9212874,-0.44290167,-0.24913125,0.16915232,-0.811801,-0.110302396,0,chr1:120566244:esophagus_muscularis_mucosa:0,TN,0
0.45213804,1.2319854,-1.0044619,-1.2716614,1.2838311,0.1005636,0.06902793,-0.3386571,0.16130428,-0.08971373,1,chr2:127995496:gastrocnemius_medialis:0,TP,1
-3.8883724,-0.9397432,-0.19615707,0.38993576,-0.35028028,0.03296281,0.07346692,-0.68780845,-1.1214283,-0.122464076,0,chr17:41813296:esophagus_muscularis_mucosa:0,TN,0
5.153505,-0.6558609,-0.015948646,-0.5516727,-0.26214436,-0.2503342,0.11617277,-0.1655216,0.020091845,-0.18185969,1,chr6:17600871:testis:0,TP,1
2.4597442,0.01854443,0.20869742,0.4709055,0.40223783,0.56712145,-0.18780774,0.8963015,0.6499993,-0.43432084,1,chr19:3371903:gastrocnemius_medialis:0,TP,1
4.1002617,0.45490626,0.1004916,-0.29121983,-0.22799003,0.003434647,0.1120881,-0.17854556,0.028754687,-0.5365401,1,chr6:33053594:body_of_pancreas:0,TP,1
-3.1341815,-1.6556408,1.3773085,-0.6110426,-0.65918654,0.07045667,-0.29342145,0.81536233,-0.2867633,-0.31942812,0,chr7:27347531:transverse_colon:0,TN,0
4.4865227,0.6039344,0.0053799325,0.40869853,-0.35512567,0.07147658,-0.50462794,0.5730805,-0.07770562,0.47149518,1,chr2:131492789:sigmoid_colon:0,TP,1
-0.7456638,-3.62823,0.53223425,-1.055611,0.5339811,0.8008869,0.00971379,-0.08792423,1.035398,1.0243884,1,chr17:43078972:esophagus_squamous_epithelium:0,FN,0
4.682092,-0.26712617,-0.30755135,-0.28640833,-0.36129358,-0.30015767,-0.34643304,0.033461217,-0.11424538,0.0012447236,1,chr10:94403625:spleen:0,TP,1
-3.4833655,-0.36396074,-1.1854119,-0.10407464,1.4375224,-0.834291,-0.015107789,0.47807607,0.1015435,-0.31051472,0,chr3:52832919:tibial_artery:0,TN,0
-2.5252151,-2.4678788,0.35448325,0.1230462,0.8971723,-0.27917868,-0.2938578,-0.62175554,-0.12648726,0.3005713,0,chr6:26234723:transverse_colon:0,TN,0
4.684415,0.10906915,0.433337,0.58479357,-0.16829027,-0.03774808,-0.75703233,-0.20088197,-0.05552042,-0.022179298,1,chr19:55600444:suprapubic_skin:0,TP,1
-4.098612,0.8810477,-1.1655494,0.36687568,0.067313716,0.11677939,0.09053676,-0.7184357,0.10822693,-0.10567085,1,chr4:168318942:Peyers_patch:0,FN,0
-2.688665,-2.1189628,0.17036703,-0.33484277,-0.6167637,0.4394307,-0.051269908,1.1352227,-0.091578744,-0.24421497,0,chr14:92451825:spleen:0,TN,0
5.0031815,-0.24839458,-0.04884408,0.15102933,-0.27387503,-0.060312666,-0.025458299,-0.024942579,-0.0065126405,-0.18676291,1,chr6:32665116:gastrocnemius_medialis:0,TP,1
5.1170254,-0.28732666,0.13306734,-0.49310377,-0.3669512,-0.14595905,-0.12247492,-0.13976428,0.04373886,-0.34200045,1,chr15:24767533:prostate_gland:0,TP,1
4.9811254,0.21503575,0.35050038,-0.048774455,-0.43707314,0.07947911,-0.34125385,-0.056568693,-0.0497005,-0.24804193,1,chr10:31321113:prostate_gland:0,TP,1
4.8633065,0.03884182,0.03637297,-0.93528324,-0.13424318,-0.48003492,0.065900765,0.15205872,0.014359068,-0.22171144,1,chr19:45455035:transverse_colon:0,TP,1
4.9515147,0.20415609,0.423968,0.0009982638,-0.23676354,0.08866287,-0.15531175,-0.13653621,0.21248344,-0.4267411,1,chr6:30683949:suprapubic_skin:0,TP,1
-2.4411142,-2.139445,0.8434797,-0.6750705,-0.20209879,0.5436568,-0.35495788,1.372521,0.23370053,-0.18085071,0,chr10:33302838:esophagus_squamous_epithelium:0,TN,0
-1.7525613,1.5071973,-0.57626015,0.54381776,0.23046136,0.49129263,1.4639902,-0.25084993,0.26171649,-0.1330983,0,chr15:67134263:sigmoid_colon:0,TN,0
5.122896,-0.47151017,-0.11833348,-0.58288354,-0.25206852,-0.30175543,0.42257303,-0.046209082,-0.029467028,-0.15238075,1,chr3:75785609:spleen:0,TP,1
1.2285273,-0.33304465,-1.8837224,0.62412506,1.238026,-0.064071916,-0.6503352,1.0765707,-0.059004582,-0.16484247,1,chr15:41283615:sigmoid_colon:0,TP,1
-2.9939215,1.6189339,-0.9585672,-0.98511463,1.3113807,0.3502103,-0.82167995,-0.32906485,0.0956859,0.5867317,0,chr6:155493195:stomach:0,TN,0
-2.6384728,-2.0993512,1.8728943,-0.3405756,1.0971118,0.16586456,0.27914947,-0.31947082,-0.24769539,0.4893207,0,chr6:32610878:spleen:0,TN,0
4.829422,-0.28387564,0.26727775,0.3501326,-0.25658676,0.10213918,-0.56293786,-0.30984288,0.10111887,-0.20558113,1,chr9:129437494:esophagus_squamous_epithelium:0,TP,1
-4.02151,0.98998183,-1.7250999,-0.82878995,0.85609746,-0.43297485,-0.51668215,-0.13263793,-0.0018324351,-0.7845569,0,chr2:9274618:gastrocnemius_medialis:0,TN,0
0.18681702,0.70294297,1.7875267,0.66568923,0.47913027,0.7714747,-0.48210174,0.36086455,0.14994296,-0.014318756,1,chr2:157441592:transverse_colon:0,TP,1
4.3839154,0.24525619,1.0343192,0.3893639,0.03618879,0.04873419,-0.51586795,-0.31395465,0.14301158,-0.14013194,0,chr19:9622317:esophagus_squamous_epithelium:0,FP,1
-3.7415168,2.7067232,0.41730052,-0.55785936,-1.2138413,-0.44212276,0.07104559,0.09424511,0.32326883,0.07655982,1,chr5:115601718:gastrocnemius_medialis:0,FN,0
-3.0647676,0.8633081,-0.67241937,-0.18682423,-0.92453367,-0.22913133,-0.42173985,0.13715594,0.5254072,0.4886405,0,chr17:62424688:transverse_colon:0,TN,0
-3.563922,-0.65557563,1.8380576,-0.26049167,-0.25514525,-0.87317395,0.34517622,-0.5021103,-0.14934175,0.030779747,0,chr14:75132943:sigmoid_colon:0,TN,0
-3.614288,0.3512324,-1.2576258,-1.4906833,0.9878341,0.94519,-0.74294466,-0.4010349,0.1942618,-0.3399263,0,chr1:39541340:body_of_pancreas:0,TN,0
-2.6159246,0.45548978,-1.1680431,-0.7709609,1.133334,0.09925902,-0.5641947,0.33914307,-0.5602776,0.7820424,1,chr10:29948314:body_of_pancreas:0,FN,0
3.008079,0.4740249,0.41681373,1.567739,-0.72374856,0.90324926,-1.216284,0.6097083,-0.89041567,0.68474644,1,chr10:28302669:stomach:0,TP,1
-3.3950443,-0.015098241,0.5760026,-0.10255313,0.57374746,-0.17096043,0.14941107,-0.28786996,0.52698493,-0.108574666,0,chr15:90414820:gastrocnemius_medialis:0,TN,0
3.1466687,-0.09870315,-0.8717786,-0.8193854,0.52212226,-0.6667084,0.3302689,1.6536555,0.08757483,2.1723382,1,chr1:21935425:suprapubic_skin:0,TP,1
-3.148335,-1.9745028,1.2244412,-0.22130652,0.026104188,-0.615222,0.11427062,0.59564245,0.8157287,-0.040228363,1,chr5:6551431:gastrocnemius_medialis:0,FN,0
-1.9694716,-1.5439737,0.21334602,-0.34678233,1.5671669,-0.1891474,-0.5698524,0.14644153,-0.3207382,0.08931298,0,chr18:57764578:thoracic_aorta:0,TN,0
4.951515,0.20415026,0.4239676,0.000997778,-0.23676246,0.08866595,-0.15531081,-0.13653702,0.21248448,-0.4267394,1,chr6:30683949:stomach:0,TP,1
-3.378353,-0.15170291,1.5806439,-0.682723,-0.56946486,-0.41307276,-0.3824359,-0.5968446,-0.12410919,0.29799178,0,chr9:111926526:body_of_pancreas:0,TN,0
5.1535034,-0.6558574,-0.015948454,-0.55167145,-0.26214427,-0.2503332,0.116172984,-0.16552019,0.02009077,-0.18185817,1,chr6:17600871:esophagus_squamous_epithelium:0,TP,1
2.8586946,0.0565935,-1.0231329,-0.15893783,0.68452686,-0.25928155,-0.26757875,-0.026159057,-0.31058142,0.049276806,0,chr5:69093778:tibial_nerve:0,FP,1
4.9890137,-0.15856256,0.0077295136,-0.640556,-0.47424722,-0.28850526,0.100405335,-0.109597854,0.02533506,-0.2320125,1,chr3:34208888:esophagus_muscularis_mucosa:0,TP,1
0.12671675,1.5236764,-0.7822673,-0.9390721,0.76674235,0.04800307,-0.43563017,0.33246866,-0.09157758,1.4346186,0,chr22:50757735:spleen:0,FP,1
-3.6883075,-0.749015,0.041731793,-0.9319677,-1.4264665,0.99393874,-0.50534505,-0.035098426,-0.6922832,-0.12732431,1,chr1:15524057:esophagus_squamous_epithelium:0,FN,0
-3.818193,-0.32751656,1.2332994,-0.68150544,-0.009783805,0.15856355,-0.46603936,0.34567943,-0.14986227,-0.02611794,0,chr1:29089515:sigmoid_colon:0,TN,0
4.9439893,0.22308938,0.014237611,0.023931062,-0.1944463,-0.16591898,-0.08210984,-0.021910662,0.008005616,-0.27386072,1,chr17:45584817:testis:0,TP,1
-2.9074912,-0.2938805,1.0934196,-1.3852308,-1.458272,0.80899,-0.056692053,0.51371986,-1.4068598,-0.1052356,0,chr6:156964020:esophagus_muscularis_mucosa:0,TN,0
3.1049988,-1.2441007,-0.4866556,-0.9327923,0.84652454,-0.65879774,0.1332655,0.09179852,0.4042166,-0.42139798,1,chr4:51023823:upper_lobe_of_left_lung:0,TP,1
4.9890137,-0.15856256,0.0077295136,-0.640556,-0.47424722,-0.28850526,0.100405335,-0.109597854,0.02533506,-0.2320125,1,chr3:34208888:tibial_artery:0,TP,1
5.1519656,-0.62636447,0.123573676,-0.47689676,-0.28464797,-0.1948776,-0.20550282,-0.3209012,0.035379354,-0.3727613,1,chr1:192003039:transverse_colon:0,TP,1
3.1049988,-1.2441007,-0.4866556,-0.9327923,0.84652454,-0.65879774,0.1332655,0.09179852,0.4042166,-0.42139798,1,chr4:51023823:stomach:0,TP,1
4.682092,-0.26712617,-0.30755135,-0.28640833,-0.36129358,-0.30015767,-0.34643304,0.033461217,-0.11424538,0.0012447236,1,chr10:94403625:sigmoid_colon:0,TP,1
-3.019804,-0.39482892,0.72480744,-0.12948865,-0.20222296,0.42423618,0.08612784,0.1572472,-0.20505282,0.5654212,0,chr8:23366500:Peyers_patch:0,TN,0
-2.3541694,-2.888861,-0.88478494,-0.7619919,-0.5243191,1.071066,-0.38329235,0.37781072,-0.90403235,-1.0222518,0,chr1:23960158:gastroesophageal_sphincter:0,TN,0
0.1868095,0.7029368,1.7875273,0.665687,0.47913128,0.7714771,-0.48210058,0.3608663,0.1499426,-0.014317414,1,chr2:157441592:esophagus_squamous_epithelium:0,TP,1
-3.9720356,3.1531627,-0.021159392,-1.210944,-1.2862635,-0.29588518,-0.16687578,0.22174345,-0.0519604,-0.05569557,0,chr3:129227034:spleen:0,TN,0
1.3994589,-1.5717431,1.2211324,0.97595155,0.25850922,1.3041581,0.18177369,0.43936408,0.32326972,0.28948718,1,chr2:172429228:gastrocnemius_medialis:0,TP,1
4.6465163,-0.5379431,-0.47033313,0.57860583,-0.061667487,-0.103532575,-0.19248545,-0.36306486,0.12534857,-0.07753458,1,chr2:178451029:esophagus_muscularis_mucosa:0,TP,1
-2.3534474,-0.8068741,0.7215667,-0.14318609,-0.51235336,1.5622509,0.9113669,-0.27707183,-0.33461833,0.28029978,0,chr12:6554208:gastrocnemius_medialis:0,TN,0
-3.8127162,-0.17898056,0.4989219,-0.39677846,-0.7502396,-1.0576242,-0.61111706,0.5911,0.7366276,-0.2633345,1,chr12:31642273:body_of_pancreas:0,FN,0
4.682092,-0.26712617,-0.30755135,-0.28640833,-0.36129358,-0.30015767,-0.34643304,0.033461217,-0.11424538,0.0012447236,1,chr10:94403625:prostate_gland:0,TP,1
2.4085534,-0.59130543,-1.9355152,1.0271691,-0.432528,0.015750576,0.14610171,-0.20421383,-0.9769681,1.3751616,1,chr17:45585041:stomach:0,TP,1
-2.97472,-1.1323919,1.0867981,-0.68884677,-0.012204733,1.0498066,-0.09678616,0.6845849,-0.29066226,-0.16930409,1,chr10:47382213:gastrocnemius_medialis:0,FN,0
-2.0798945,-1.4202695,1.2259877,-1.0220934,-0.29846844,0.119238086,0.13776737,0.6591531,0.12905535,-0.086202644,0,chr4:118973641:esophagus_muscularis_mucosa:0,TN,0
-3.433369,-0.76881313,1.6376557,-0.5596636,-0.5257264,-0.3967263,-0.3339759,-0.820438,-0.020696824,0.5608123,0,chr15:62047697:spleen:0,TN,0
5.1182194,-0.61321706,0.08499741,-0.548681,-0.35588866,-0.070933126,0.105207555,-0.2263244,0.07221467,-0.38057122,1,chr22:16339427:testis:0,TP,1
-1.8878796,-0.5014037,-1.4442792,0.44731006,0.12320782,-0.10422617,0.18150844,0.7261853,1.5522984,0.032601226,0,chr1:184036787:transverse_colon:0,TN,0
2.2506385,-0.1799833,-0.14627916,1.0968832,0.20979433,-0.29088527,-0.1948645,0.29033032,-0.07086828,0.6203561,0,chr11:47767529:tibial_nerve:0,FP,1
-3.531973,1.8237703,-1.3594867,-0.5377677,0.49680233,-0.033593517,0.69550145,0.084970415,0.16861457,-0.3794471,1,chr19:18487402:gastrocnemius_medialis:0,FN,0
-2.9968235,-0.3043505,-1.4691432,0.18041809,-0.37566143,-0.44365615,0.2242234,-0.29879707,-0.7230387,-0.26490834,0,chr9:124853264:spleen:0,TN,0
4.994782,-0.5368062,-0.23598489,-0.94879085,-0.29036155,-0.41524318,0.34585565,0.036114037,-0.10857968,0.14999907,1,chr6:52787906:prostate_gland:0,TP,1
-3.4630342,1.4433907,-0.8340986,-0.8183037,1.0269185,-0.051835153,-0.15478285,-0.12983797,-0.46948484,-0.71216464,1,chr21:33941277:sigmoid_colon:0,FN,0
-3.194228,-0.11111871,-0.7033152,-0.7013226,1.6053009,0.19278994,-0.32696402,-0.4038441,0.3220579,0.08563536,1,chr2:46717413:tibial_nerve:0,FN,0
0.24400777,-0.42618436,-1.5254043,0.1885554,1.8383802,0.76464915,-0.90520054,-0.5815203,0.2585931,-0.44716728,0,chr1:150978108:tibial_nerve:0,FP,1
-3.3859231,-1.0436969,1.1482594,-0.100665346,-0.8438675,0.3420703,0.69887847,-0.4796174,-0.7325741,0.08722741,0,chr11:122741586:body_of_pancreas:0,TN,0
4.684415,0.10906915,0.433337,0.58479357,-0.16829027,-0.03774808,-0.75703233,-0.20088197,-0.05552042,-0.022179298,1,chr19:55600444:body_of_pancreas:0,TP,1
-2.7808213,-0.4593194,-0.970245,0.879322,0.98459864,-0.5401968,0.22177722,0.8262363,1.3561474,-0.2566748,1,chr20:62727849:spleen:0,FN,0
3.7591934,1.3487573,1.3765973,0.6917978,-0.17032775,0.0049446453,-0.57108986,0.053156916,0.15671802,-0.44204938,1,chr14:60639302:gastrocnemius_medialis:0,TP,1
4.3044343,0.24940848,-0.06404212,0.16182679,0.19180149,0.4152399,-0.7579023,-0.48386458,0.049947906,-0.34661674,1,chr9:132355910:gastrocnemius_medialis:0,TP,1
-2.9767637,0.7916635,-1.8875544,-0.8475745,1.1218902,-0.84114885,0.18027368,-0.13441631,-0.39171416,-1.0364327,1,chr5:149583424:gastroesophageal_sphincter:0,FN,0
4.8159986,-0.23547833,0.28764486,0.4133544,-0.10711472,0.033230778,-0.50150114,-0.14691891,-0.046018474,-0.12649529,1,chr15:75348373:stomach:0,TP,1
4.0612826,0.2468246,0.3268195,0.99651444,0.1249432,0.021924589,-0.07084089,-0.016872343,0.10223556,0.000764877,1,chr8:144062764:esophagus_squamous_epithelium:0,TP,1
2.076648,1.4519973,-0.050556783,-0.32615924,0.31606072,0.4520091,-0.14433473,-0.17440125,0.72599673,-0.53351057,1,chr3:73734159:gastrocnemius_medialis:0,TP,1
-0.8931588,0.93384033,-0.66217244,-0.59849733,1.4704677,0.45320997,-0.22458343,0.028357439,-0.25266927,0.96902585,1,chr11:108114536:gastrocnemius_medialis:0,FN,0
5.0088077,-0.43083793,0.17035803,-0.5251459,-0.30629838,-0.12902094,0.24619536,-0.3281649,0.122495815,-0.33409753,1,chr19:21569394:body_of_pancreas:0,TP,1
4.091841,1.2429906,0.3319743,0.71440953,-0.31011692,0.15250672,-0.54893243,0.08040988,0.03273402,-0.09454737,0,chr12:57610779:prostate_gland:0,FP,1
2.4396627,-1.0412704,-0.012956717,-1.2083015,-0.17848732,1.8354163,-0.14995995,-0.9978129,0.7870216,1.567767,1,chr6:32761341:spleen:0,TP,1
5.0796056,-0.7227574,-0.18135728,-0.72264457,-0.23450752,-0.5397789,0.19477354,-0.04774105,-0.12108392,-0.07715678,1,chr6:17600812:transverse_colon:0,TP,1
1.4286299,0.69463056,0.66818464,-0.8531044,-0.8093778,1.0635442,0.65484536,-0.105187714,0.8980249,1.0195286,0,chr1:239892998:gastroesophageal_sphincter:0,FP,1
2.8873477,1.0703413,0.18366075,-0.3517075,0.10975085,0.8377043,0.79144984,-0.39585373,0.38454556,0.45197582,1,chr16:28544873:gastrocnemius_medialis:0,TP,1
-4.222924,1.2746781,-0.83172184,-1.3028913,0.7064642,0.0034543902,-0.5680851,-0.46396673,0.06162399,-0.54233426,0,chr5:38780201:gastrocnemius_medialis:0,TN,0
1.7542894,2.3872843,0.012181319,-1.0328475,-0.0481371,0.9419843,-0.2382614,-0.2677355,0.48206884,0.47253606,1,chr4:185730106:gastroesophageal_sphincter:0,TP,1
5.0939417,-0.39237145,-0.05282439,-0.6365348,-0.3993412,-0.33558962,0.25383726,-0.05229562,-0.055808026,-0.28136826,1,chr17:43360116:tibial_artery:0,TP,1
-3.4527159,-0.8523529,1.017899,0.60745794,0.3783013,-1.0419955,0.45861435,-0.13251075,0.305959,-0.3008969,0,chr8:23349489:sigmoid_colon:0,TN,0
3.4557378,0.07486814,-0.7607089,-1.00605,0.7948814,-0.2837437,0.02216019,-0.06672987,-0.09241499,0.5557618,1,chr19:43679424:transverse_colon:0,TP,1
-3.2748125,-1.7187113,0.9472012,0.083049834,0.02230774,-0.54758555,0.013653957,-0.13123184,0.321438,-0.054478616,0,chr6:52566486:transverse_colon:0,TN,0
1.2285248,-0.33304214,-1.883723,0.6241262,1.2380251,-0.06407149,-0.6503339,1.0765698,-0.05900515,-0.16484186,1,chr15:41283615:spleen:0,TP,1
-0.92762333,-1.251588,-2.5566816,1.409962,0.25399065,-0.48729375,-0.32362452,-0.3239909,-0.5934728,0.23606235,0,chr5:134004520:transverse_colon:0,TN,0
-3.9556382,-0.76673293,-0.31643832,0.3731472,-1.0103028,-0.56590277,0.103473395,-0.35194704,-0.86759675,-0.67981637,0,chr9:35490638:testis:0,TN,0
4.982511,0.17261492,0.37808248,-0.20016876,-0.3805442,0.1200421,-0.24507067,-0.17608808,0.095701955,-0.34085917,1,chr17:78356295:gastrocnemius_medialis:0,TP,1
-3.263482,0.40008894,2.0701718,-0.654665,0.33489108,-1.050437,-0.04135151,-0.40714225,-0.21062157,-0.104204625,0,chr4:64376251:gastrocnemius_medialis:0,TN,0
-2.0307486,-0.79110926,-1.4184438,1.4157904,0.17320016,-0.66830015,-0.67772996,0.6340515,0.6761072,0.5135052,0,chr1:39788113:tibial_nerve:0,TN,0
-2.9098766,-1.9575982,0.0058963154,-1.0049691,-0.94846964,1.1622432,-0.6153729,1.4822886,-0.17720959,-0.65497756,0,chr11:118305381:transverse_colon:0,TN,0
-3.9119515,-0.81192374,-0.47706625,-0.1741167,-0.8901121,0.050947927,-0.24480785,-0.60988057,-0.6220557,-0.09900268,0,chr8:60910658:tibial_nerve:0,TN,0
2.1861098,2.057858,0.016996846,-0.8445843,0.4348559,0.4582389,0.455828,-0.16548572,0.72071856,-0.57902664,1,chr9:27350677:gastrocnemius_medialis:0,TP,1
4.578103,0.8493029,0.49985406,0.40070605,-0.17025508,0.34057775,-0.57417566,0.019905197,0.15404303,-0.16066286,1,chr14:77269783:thoracic_aorta:0,TP,1
-3.1648352,-1.7676749,0.02206982,0.2845234,-0.46818563,0.42374524,0.089467816,1.0571105,0.340495,-0.46137705,1,chr17:4735267:spleen:0,FN,0
4.3143044,-0.14561775,0.7932131,0.20529777,0.17994167,-0.16478017,-0.44370183,-0.10933079,0.10066068,-0.3635626,1,chr21:46358799:gastrocnemius_medialis:0,TP,1
-2.7556832,-0.75143135,1.9125727,-0.93139726,-0.24477445,0.24823341,-0.35199475,0.697842,-0.51520824,-0.088479824,0,chr11:60371722:body_of_pancreas:0,TN,0
4.7738776,-0.013024166,-0.022792095,-0.4745855,-0.042556636,-0.24369329,0.4787127,-0.23904729,-0.03434481,0.010697061,0,chr2:113329001:esophagus_squamous_epithelium:0,FP,1
-3.0969594,-0.033417195,-0.28569347,0.4943576,-0.71694505,0.12903301,-0.17562395,-0.7282145,-0.19736403,0.009897268,0,chr17:77389062:body_of_pancreas:0,TN,0
0.9811958,0.915993,2.2467582,1.1857659,0.42344418,0.3849954,-0.7941323,1.2271316,-1.0615772,-0.6174327,1,chr3:156605692:Peyers_patch:0,TP,1
-3.5523171,0.5084812,-1.4361826,-1.6413932,1.3901676,0.53010964,-0.92778945,-0.19807552,0.45356536,-0.8826326,0,chr3:100043995:esophagus_muscularis_mucosa:0,TN,0
3.1049988,-1.2441007,-0.4866556,-0.9327923,0.84652454,-0.65879774,0.1332655,0.09179852,0.4042166,-0.42139798,1,chr4:51023823:prostate_gland:0,TP,1
-3.268637,0.42524776,-0.14543988,1.2899445,-0.6448314,-0.738311,0.80076647,-0.012799636,0.5741321,-0.42765483,0,chr1:228334118:gastrocnemius_medialis:0,TN,0
0.52181363,-1.0480419,-1.0278959,0.41137064,0.68983173,0.46120697,0.32169592,0.06689912,-0.34475753,0.073286995,1,chr17:8550038:thoracic_aorta:0,TP,1
-2.3052728,0.58111936,-0.55048317,1.7332927,0.35701257,0.1477103,0.16482621,0.08974075,0.5741237,-0.38058978,0,chr6:170554284:transverse_colon:0,TN,0
4.662431,0.26280785,0.11337663,0.073614694,-0.0746688,0.13803081,-0.073391244,0.13034065,-0.023136623,0.28627044,1,chr9:129427574:prostate_gland:0,TP,1
-3.494261,-2.1055958,-0.61887807,0.44868144,-0.4006125,-0.49868244,-0.15828077,-0.72392285,0.56819814,0.18807067,0,chr7:73739389:tibial_artery:0,TN,0
4.9445767,-0.5413877,-0.10656599,-0.037805427,-0.33001035,-0.052714102,-0.31196696,-0.09098937,0.06673268,-0.016495246,0,chr17:44123672:upper_lobe_of_left_lung:0,FP,1
4.0429196,0.96408594,-0.5830451,-0.9296367,-0.13119552,-0.92629296,0.59673667,0.3414583,-0.71833146,0.4110308,1,chr19:565639:spleen:0,TP,1
-1.872514,-0.74398744,1.2695199,0.06938053,2.232474,-0.4881803,-0.2567463,-0.41016337,-0.07456218,-0.2875016,0,chr19:17479762:gastrocnemius_medialis:0,TN,0
-3.7670703,-0.93130475,0.9041436,-0.38569602,-0.36709028,-0.26578805,-0.07617179,0.117557876,-0.009614715,0.080655806,0,chr8:26584045:gastrocnemius_medialis:0,TN,0
-2.1577468,0.29130659,-0.6737592,0.00048723418,-0.10561604,1.8109232,0.7483531,1.397506,-0.28834495,-0.43720666,1,chr22:37282772:upper_lobe_of_left_lung:0,FN,0
-3.8612783,-0.31090868,1.1665437,-0.4928753,-0.23836397,-0.6553181,0.2609267,-0.380162,-0.19864081,0.35657528,1,chr9:4833959:body_of_pancreas:0,FN,0
-1.3431159,0.40012065,2.295182,1.1815873,0.8618013,-0.07192218,-0.17340662,0.06444011,0.79920673,0.35990366,0,chr12:104472871:spleen:0,TN,0
-3.8092325,-1.0250112,0.3293854,-0.12690292,-0.9540423,-0.12719631,-0.675163,0.35764867,-0.92004794,-0.49780542,0,chr19:50431720:spleen:0,TN,0
5.153505,-0.6558609,-0.015948646,-0.5516727,-0.26214436,-0.2503342,0.11617277,-0.1655216,0.020091845,-0.18185969,1,chr6:17600871:Peyers_patch:0,TP,1
-3.479008,-1.2014109,0.2873515,-0.0716867,0.089610085,0.59113574,0.07521338,0.4774378,-0.6580778,-0.31889775,1,chr1:30683151:body_of_pancreas:0,FN,0
-3.0137,-0.66960007,0.38877338,-0.4746209,0.047410756,-0.35804325,0.24809363,0.36893594,-0.028709123,-0.20748132,0,chr1:180174632:esophagus_squamous_epithelium:0,TN,0
-0.40215546,-0.8712502,0.4348374,-1.410459,0.532967,1.3054365,0.7436857,-0.89234126,-0.1389436,0.3230818,0,chr8:16192146:body_of_pancreas:0,TN,0
-3.8442485,0.33762807,0.73364276,-0.5097394,1.0811669,0.064247265,-0.28110373,-0.21605025,-0.44671112,-0.07654736,0,chr15:58257315:gastrocnemius_medialis:0,TN,0
-3.4005523,-0.268156,-0.8224403,0.397937,-0.22734143,-0.2824125,0.3911419,-0.089047156,0.37630376,0.1440821,0,chr16:85448305:transverse_colon:0,TN,0
2.2736497,-0.31210834,-1.1236944,-0.021583999,0.81246483,-0.30599204,-0.10319544,-0.3002961,-0.19222523,-0.6889266,1,chr22:39073332:spleen:0,TP,1
3.7547507,0.11374571,0.36010742,0.12222141,0.6844604,0.19087368,0.028210294,-0.5389331,-0.23077148,0.15808868,0,chr21:33940172:sigmoid_colon:0,FP,1
-3.6357014,0.9753737,-0.0889173,-0.035325684,1.2002968,0.47408798,-0.1466333,-0.80832964,0.27727756,-0.065660246,0,chr8:141115205:spleen:0,TN,0
-4.007692,0.010416123,0.55687004,-0.10770643,-1.0429714,-0.78848547,0.18219493,-0.19893603,0.043321155,0.06493634,0,chr7:12211861:sigmoid_colon:0,TN,0
0.84048617,1.4066378,-1.3111969,2.070592,-0.29415485,0.8752291,1.8314015,-0.033193015,-0.011911062,-0.29548684,1,chr7:100949439:transverse_colon:0,TP,1
-2.104163,-2.1448946,1.6937116,0.6204752,0.8753497,0.284453,1.4739323,-0.09493167,-0.7435384,-0.38913116,1,chr3:127768937:gastrocnemius_medialis:0,FN,0
5.236789,-0.74785364,-0.0045602275,-0.34702247,-0.2298851,0.064738646,-0.04800649,-0.29183555,0.0738192,-0.089091346,1,chr12:42144537:tibial_artery:0,TP,1
-1.7915015,1.6333746,0.25223485,1.7593316,-0.50567406,-0.08587844,-0.22120848,0.54961926,0.9300172,-0.15619689,0,chr20:58652666:upper_lobe_of_left_lung:0,TN,0
-4.141045,-0.9002106,-0.42550084,-0.7546633,0.32705346,0.5420033,-0.18572363,-0.18287311,-0.6814249,-0.5162351,1,chr15:50711648:gastrocnemius_medialis:0,FN,0
-1.3991024,-2.0601745,-0.635807,-0.7694896,-0.7646896,0.7811781,-0.009666498,-0.010732321,0.38384342,0.2303894,0,chr11:112784680:body_of_pancreas:0,TN,0
4.684415,0.10906915,0.433337,0.58479357,-0.16829027,-0.03774808,-0.75703233,-0.20088197,-0.05552042,-0.022179298,1,chr19:55600444:gastroesophageal_sphincter:0,TP,1
4.8660946,0.0609326,0.20102297,0.06349114,-0.4043776,-0.040115632,-0.44102722,0.080856405,-0.009370288,-0.14404447,1,chr5:80654888:gastrocnemius_medialis:0,TP,1
4.9577217,0.1576836,0.31979266,0.039490514,-0.2974754,0.36618307,-0.19998509,-0.23503393,0.20556457,-0.23908749,1,chr2:237591230:esophagus_squamous_epithelium:0,TP,1
-3.0850923,0.3082269,1.642484,0.38531214,0.9851961,0.254179,-0.16536143,-0.21173717,-0.22258723,0.14287876,1,chr19:36053072:tibial_artery:0,FN,0
3.1760495,0.9892484,0.14908583,-0.6756838,-0.5571817,-0.044527136,-0.103371546,0.22722852,0.18324882,0.032064293,1,chr1:181248950:gastrocnemius_medialis:0,TP,1
-2.9865367,1.1856965,-0.8389239,-1.2896776,0.390269,0.5930246,0.45911932,-0.22278214,0.09964384,0.09741153,0,chr15:99173965:esophagus_squamous_epithelium:0,TN,0
4.331705,-0.41406015,-0.13950412,0.21929933,0.2434513,-0.37224352,0.43951562,-0.119750254,-0.0133828195,-0.43007505,1,chr7:100949910:gastrocnemius_medialis:0,TP,1
4.981643,-0.18589443,0.09383988,-0.60807514,-0.4838317,-0.17259462,0.24214183,-0.1298462,-0.005163629,-0.20068303,1,chr3:34208835:esophagus_muscularis_mucosa:0,TP,1
1.369133,-0.73332524,0.20922132,0.31835613,2.3881407,0.83653873,-0.39837867,-1.4045316,-0.64255476,-0.5441839,1,chr20:3810780:thoracic_aorta:0,TP,1
-3.3930929,-0.24980634,0.20847154,-0.31505015,1.0449739,0.45066145,0.5792672,-0.32645446,0.20740373,-0.4940914,0,chr15:90902003:body_of_pancreas:0,TN,0
-3.4526029,-1.7127872,1.3269894,0.07304726,-0.23644665,-0.5167107,0.3836282,-0.081381105,-0.50841683,-0.12291456,0,chr15:73685995:gastrocnemius_medialis:0,TN,0
-3.98043,1.1918833,-1.413496,-0.0560543,-1.6279695,0.058815364,-0.11919059,-0.8654555,-0.9170373,-0.48621452,0,chr6:16238996:gastrocnemius_medialis:0,TN,0
4.89253,-0.019180244,-0.04293104,-0.9203201,-0.1732097,-0.34451163,0.45718923,0.110325545,-0.0413896,-0.109636985,1,chr6:32667689:spleen:0,TP,1
-2.7017207,-1.4971812,-0.26519716,-1.522713,-0.38212606,1.3438704,-0.034882236,0.316534,0.4458709,-0.024020307,0,chr22:27886169:esophagus_muscularis_mucosa:0,TN,0
4.0612903,0.24682157,0.32681835,0.99650985,0.12494191,0.021925576,-0.07084137,-0.016871653,0.102235414,0.0007644378,1,chr8:144062764:suprapubic_skin:0,TP,1
-2.5945718,-1.7278852,1.2612259,-0.22056787,0.73839253,0.97674024,0.42773354,0.28477278,-0.51185656,0.009689875,0,chr9:33803307:body_of_pancreas:0,TN,0
5.139875,-0.12757148,0.15171754,-0.41504726,-0.41770628,-0.01580291,-0.06365801,-0.05365649,0.03506528,-0.13656296,1,chr12:120710365:tibial_artery:0,TP,1
-3.3386781,-0.28857598,0.52535796,0.029666591,-0.8772784,-0.64462775,-0.13255815,0.15776193,1.1511211,0.33693537,0,chr14:63875801:transverse_colon:0,TN,0
-3.3484952,1.0332844,0.84351295,-0.59717095,-1.0523771,-0.4145389,-0.07137538,-0.03669348,0.30040395,0.49152946,0,chr16:24777593:esophagus_muscularis_mucosa:0,TN,0
-1.9810786,-0.34204987,0.65403825,0.10832809,0.86703926,-0.4858003,0.015750851,0.66843766,-0.20766364,-0.21969825,0,chr2:229416142:gastroesophageal_sphincter:0,TN,0
-3.3946433,-0.092151426,1.2204807,-0.27306995,-0.8280335,0.15928587,0.34975025,-0.16929467,-0.11053667,0.20174037,0,chr3:187914449:sigmoid_colon:0,TN,0
-4.142766,0.34811383,0.346952,-0.4414319,1.0217571,-0.27447784,-0.9075592,-0.24110036,0.13618238,-0.23585589,0,chr17:77396027:esophagus_muscularis_mucosa:0,TN,0
-3.1798224,-1.9679166,2.0169907,0.063435085,0.0082579665,-1.0151594,0.39075604,-0.39459425,0.122149676,0.14215344,0,chr6:106538447:spleen:0,TN,0
4.9668827,-0.31346494,-0.22218098,-0.8168936,-0.1928064,-0.6147609,0.4708975,0.083268836,-0.13133647,-0.009978489,1,chr19:21569220:gastrocnemius_medialis:0,TP,1
-3.8091242,-0.063206874,1.1820393,-1.0180781,-0.7604971,-0.1805877,-0.36223483,-0.39756805,-0.0009667886,0.45341593,1,chr21:14591956:esophagus_squamous_epithelium:0,FN,0
-0.6514882,0.41259146,-0.94072825,-1.0445766,1.2139678,0.39902726,-0.31244424,-0.9291775,0.3545587,-0.031546094,0,chr3:37034442:prostate_gland:0,TN,0
-3.4386952,-1.4267825,1.3850008,-0.733955,-0.38641337,-0.5520157,-0.7102042,0.33864605,0.036188886,-0.06551642,1,chr6:33018795:spleen:0,FN,0
-3.1710844,-0.28074914,-1.0646924,-0.1404629,0.58870995,0.4220906,-1.0351902,0.43401116,0.13506652,-0.6449983,0,chr21:25670461:sigmoid_colon:0,TN,0
-3.8514454,-1.1693803,0.19483729,-0.7262233,1.1261305,-0.18050866,-0.28674182,0.22409186,-0.53294903,0.105001256,0,chr14:45891309:esophagus_squamous_epithelium:0,TN,0
1.4116188,-0.97831666,-1.3531199,-1.1394525,1.186653,-0.74891615,0.5210663,0.1130743,-0.2714167,0.045120943,1,chr11:52777739:transverse_colon:0,TP,1
-2.331359,-0.31315836,-2.3558795,0.28739205,-0.20071656,-0.5478495,-0.028813627,-0.13047583,-0.56863374,0.882532,1,chr19:53554522:spleen:0,FN,0
-3.248034,-2.383098,-0.6050017,1.0670738,-0.03334912,0.10428743,0.2951023,-0.023172136,0.8495207,-0.33691138,0,chr16:81730775:gastrocnemius_medialis:0,TN,0
-2.9693348,-0.8791433,-0.68524253,-0.022519143,-0.4894322,-0.5771019,-0.14675711,0.6813686,1.8794186,-0.050077546,0,chr10:103759241:transverse_colon:0,TN,0
2.750151,-0.0325502,-0.89458853,-0.18838763,0.86009574,0.09563648,-0.107643165,-0.118338175,-1.2235279,0.9487455,1,chr19:55604413:thoracic_aorta:0,TP,1
-3.5394769,1.028981,-0.8734191,-1.3475314,1.085354,0.16183895,-0.8551553,-0.06866512,-0.13261828,0.276011,0,chr15:76174845:gastrocnemius_medialis:0,TN,0
-2.513969,-0.023031358,1.8592491,0.7166897,0.9498282,-0.18220828,0.7877192,-1.081853,0.21395747,0.4351303,1,chr22:49062162:body_of_pancreas:0,FN,0
4.7607937,0.05951566,0.6060719,0.03685131,-0.39926213,0.38808423,-0.32741114,-0.22421247,0.29465303,-0.3588962,1,chr7:94907197:stomach:0,TP,1
-3.2118251,0.7425329,2.3305228,-0.5350733,-0.5745913,-0.6866818,0.1569118,-0.009634475,0.009508378,0.37543,1,chr6:131199366:spleen:0,FN,0
-2.962129,-0.24068978,-0.1901015,0.2700547,-0.39754042,-0.5056788,1.3829943,-0.28705662,0.12921935,-0.46455875,0,chr2:9251489:esophagus_muscularis_mucosa:0,TN,0
4.4208374,0.5375187,-0.30605492,-0.8942845,-0.11461643,-1.01242,0.43611148,0.3791123,-0.38940194,-0.123137414,0,chr15:91868053:gastrocnemius_medialis:0,FP,1
2.8244631,-0.502539,-0.51601464,-0.020517806,0.72645134,-0.21496709,1.1509196,-0.09863588,0.05577591,-0.053412195,1,chr21:5356930:thyroid_gland:0,TP,1
2.1653564,0.57048166,-0.2470886,0.053703036,0.48315445,0.791207,0.27099922,-0.26511344,0.83424467,-0.41641003,0,chr13:98476359:spleen:0,FP,1
5.172715,-0.5159373,-0.020703658,-0.48013574,-0.082936466,-0.1274026,-0.08190432,-0.17567003,-0.043228537,-0.03667284,1,chr7:22821423:gastrocnemius_medialis:0,TP,1
1.2285273,-0.33304465,-1.8837224,0.62412506,1.238026,-0.064071916,-0.6503352,1.0765707,-0.059004582,-0.16484247,1,chr15:41283615:stomach:0,TP,1
1.2285273,-0.33304465,-1.8837224,0.62412506,1.238026,-0.064071916,-0.6503352,1.0765707,-0.059004582,-0.16484247,1,chr15:41283615:upper_lobe_of_left_lung:0,TP,1
-4.640645,1.5115318,0.02326312,-0.76609266,0.7789314,-0.1911082,-0.4789164,-0.45851424,0.11507447,0.2411417,0,chr9:19431409:gastrocnemius_medialis:0,TN,0
-1.9696655,1.508763,0.87133974,0.17388757,0.5809269,0.08311036,0.17454194,-0.20222631,0.968714,0.14336269,0,chr4:185532872:tibial_artery:0,TN,0
-2.3498325,-1.0939338,1.1212246,-1.1583636,-0.62748855,0.57637465,0.31599224,0.061912872,-0.06148611,0.17514595,0,chr6:152634722:spleen:0,TN,0
3.0780025,0.77559555,-1.1019263,-1.0588272,0.8893208,-0.7142373,0.13760303,0.6154877,-0.26110166,0.04008724,0,chr1:47329909:suprapubic_skin:0,FP,1
4.9455166,0.10719738,0.1531188,-0.27660117,-0.56506103,-0.121453725,-0.124056324,-0.24880242,0.12623714,-0.4662711,1,chr2:67906572:thyroid_gland:0,TP,1
-1.213181,3.9395895,0.7625187,-0.79191417,0.03643618,0.943646,0.729928,0.28067186,0.16802123,0.89796007,1,chr17:36189655:spleen:0,TP,1
4.53792,-0.63895255,-0.4202814,-0.60128105,-0.0063155666,-0.285692,0.40033942,-0.38075134,-0.18194109,-0.13792804,1,chr9:27690787:esophagus_squamous_epithelium:0,TP,1
5.1182194,-0.61321706,0.08499741,-0.548681,-0.35588866,-0.070933126,0.105207555,-0.2263244,0.07221467,-0.38057122,1,chr22:16339427:tibial_artery:0,TP,1
-3.3570554,0.4812253,0.85996604,-0.14682853,-1.1278304,-0.107853025,-0.21741778,0.25231594,0.0058471803,0.36281767,1,chr5:143154853:gastrocnemius_medialis:0,FN,0
3.0080812,0.4740228,0.41681364,1.5677379,-0.7237473,0.90325,-1.2162832,0.6097073,-0.89041406,0.6847476,1,chr10:28302669:esophagus_squamous_epithelium:0,TP,1
-3.5193908,-0.80918694,0.8178114,0.67441946,-0.09617334,0.054545395,-0.08828828,0.78867894,-1.0849078,-0.5595058,1,chr4:88698124:esophagus_muscularis_mucosa:0,FN,0
-3.6547475,-0.19504389,-0.21233955,0.506719,0.6837745,-0.18052724,0.8417882,-0.50788116,-0.058692265,0.14393936,0,chr19:55114575:stomach:0,TN,0
-0.6500576,1.3447063,-2.572702,0.49094763,-0.045179624,-0.38708812,0.73086745,-0.19613625,-1.1279188,0.4482717,1,chr9:78297198:spleen:0,TP,1
4.3887568,-0.07675724,0.41347086,-0.4586338,0.23198637,0.069634914,-0.25818124,-0.0149719985,-0.05981101,0.39907393,1,chr2:190866683:thoracic_aorta:0,TP,1
-3.1923835,0.2582158,-1.1659911,1.2851444,-0.21368751,-0.25358224,0.4452815,-0.1408476,0.8209276,0.038790856,0,chr19:32972539:gastroesophageal_sphincter:0,TN,0
3.9048269,-0.5960984,-0.044410106,1.1491923,-0.0673157,0.1505822,0.37636608,0.16156916,0.17962776,0.13474996,1,chr7:100949752:gastrocnemius_medialis:0,TP,1
-0.89448065,-1.6598523,-1.2955797,1.656691,0.2456917,-0.72514737,-0.241938,-0.07873532,-0.5635338,0.46447843,0,chr4:42657121:Peyers_patch:0,TN,0
4.862035,-1.019483,-0.3330183,0.13179134,-0.25495875,0.023255631,-0.12143485,-0.38086328,-0.06430605,0.24750304,1,chr17:45585602:prostate_gland:0,TP,1
5.1398745,-0.12757362,0.1517175,-0.41504806,-0.41770574,-0.015802082,-0.063657574,-0.053656973,0.03506557,-0.13656183,1,chr12:120710365:sigmoid_colon:0,TP,1
3.4835055,-0.7504702,-0.6797799,-0.9171175,0.37236977,-0.7039559,0.42377862,-0.036799442,-0.38347808,-0.24580422,1,chr14:30690596:esophagus_muscularis_mucosa:0,TP,1
-3.456529,0.34274676,-1.3078793,-0.6438155,0.1328004,0.3714854,-0.32966846,1.2811487,-0.44852147,-0.37214,0,chr14:68524323:body_of_pancreas:0,TN,0
4.5394487,0.8067736,0.46497175,0.6926185,-0.3834889,0.22364731,-0.5124901,-0.13344792,-0.0015876518,-0.10661516,0,chr12:52903936:spleen:0,FP,1
2.311344,1.3779876,0.58233005,1.0632452,-0.20429076,0.43139356,0.21920878,-0.15133357,0.62422144,-0.48562735,1,chr15:80609476:esophagus_squamous_epithelium:0,TP,1
4.5149684,-0.16937259,-0.6107294,-0.5880835,0.0062937653,-0.559915,0.5456887,0.1817836,-0.2351529,0.04841262,0,chr19:3344281:gastrocnemius_medialis:0,FP,1
-3.494261,-2.1055958,-0.61887807,0.44868144,-0.4006125,-0.49868244,-0.15828077,-0.72392285,0.56819814,0.18807067,0,chr7:73739389:esophagus_muscularis_mucosa:0,TN,0
3.9526215,0.6381943,-0.39654285,-0.9482002,0.15916322,-0.8440987,0.45257455,0.5623094,-0.26225755,0.23921467,1,chr9:43171166:suprapubic_skin:0,TP,1
4.911878,-0.4105413,0.19324535,-0.4725073,-0.14219044,-0.5163638,0.32972327,-0.031681594,-0.0018937306,-0.34663656,1,chr6:31395101:transverse_colon:0,TP,1
2.0776253,1.3705503,-0.13318856,0.108847834,0.8355317,-0.523254,-0.16731775,0.40187678,-0.91787016,0.8941395,0,chr17:82538282:tibial_nerve:0,FP,1
-3.8751981,0.20650633,1.0028461,-0.51386696,-0.55578697,-0.5086746,-0.5358648,-0.40013662,0.10272148,0.49653628,1,chr2:28596648:gastrocnemius_medialis:0,FN,0
-2.6762252,-1.3251388,1.0935489,0.6652682,0.7585608,-0.86995393,-0.28951657,0.34680787,0.71806985,0.03675583,0,chr12:52074491:stomach:0,TN,0
-2.9654722,0.30011564,-0.6656927,-0.45530045,1.784218,-0.3447018,-0.020046877,-0.27085608,-0.009195959,-0.75156623,0,chr11:88435413:spleen:0,TN,0
-2.2113812,-0.4672837,1.5680494,1.0463516,0.81071407,-0.1381793,-0.13271078,0.21642728,0.41476014,0.16631016,1,chr20:23106522:spleen:0,FN,0
-3.5264137,-1.3309711,0.46680936,0.65319043,0.6372665,-0.56400335,0.11632378,-0.2495131,0.29696158,-0.4860125,0,chr17:73279355:body_of_pancreas:0,TN,0
-2.4444568,-0.57108366,-1.3108542,0.19006014,-0.53374934,0.34971502,0.04836043,-0.22899234,0.6491576,-0.030796528,0,chr6:159692839:stomach:0,TN,0
-3.0281243,1.8547481,-2.1421077,-0.1536368,-0.48127496,-0.21215516,0.07490061,0.57965153,-1.2370377,-0.12059845,1,chr8:94948626:testis:0,FN,0
4.684415,0.10906915,0.433337,0.58479357,-0.16829027,-0.03774808,-0.75703233,-0.20088197,-0.05552042,-0.022179298,1,chr19:55600444:spleen:0,TP,1
4.600297,0.06694814,1.0498337,0.4711097,-0.08158712,-0.0094782105,-0.43891954,0.0022714518,0.13245025,-0.16359524,1,chr11:67055968:esophagus_squamous_epithelium:0,TP,1
-3.3147328,1.0878212,1.1388055,0.99415475,0.013696001,-0.7167705,0.6989553,0.5656876,-0.1419776,-0.053984597,1,chr5:178394723:gastrocnemius_medialis:0,FN,0
1.9308063,1.5665476,-1.1354946,-0.6043095,0.7920325,-0.5640325,0.37035057,0.51012003,-0.5097089,-0.2061655,0,chr5:43008814:stomach:0,FP,1
-1.1662453,1.6727457,-0.42910555,-1.1297156,0.3011801,0.40774706,0.11382808,1.6572748,0.474045,0.7635225,0,chr10:77163729:esophagus_muscularis_mucosa:0,TN,0
-3.4749994,1.3369603,-0.77870834,-1.2378324,1.6361183,0.72256434,-1.1039503,-1.1753731,0.3674922,-0.0891145,1,chr12:120246128:gastrocnemius_medialis:0,FN,0
5.0796056,-0.7227574,-0.18135728,-0.72264457,-0.23450752,-0.5397789,0.19477354,-0.04774105,-0.12108392,-0.07715678,1,chr6:17600812:testis:0,TP,1
-2.9144247,-0.068588,0.49795246,-0.3900026,0.5144678,-0.5460982,-1.2076843,-0.31374443,0.05552272,-0.54756904,0,chr8:30388575:tibial_artery:0,TN,0
-4.256834,1.8749386,0.19117463,0.4302043,-0.72520286,-0.14342609,0.04363101,-0.34276804,-0.20532283,0.5247924,0,chr1:19400650:sigmoid_colon:0,TN,0
4.7395134,-0.0014460012,-0.13195282,-0.7027638,-0.3128673,-0.16286257,0.44144732,0.08573418,0.16962647,0.021461546,0,chr15:26082201:tibial_nerve:0,FP,1
-1.3502259,-1.1261274,-0.16236219,-0.5064696,0.41999477,1.131893,-0.3074327,-0.28409034,0.83010423,1.1022837,0,chr17:5221953:transverse_colon:0,TN,0
2.1349685,2.3498118,1.4120026,1.3326358,-0.5975683,0.088685654,-1.3319086,0.9166464,0.63885385,-0.24946652,1,chr1:183805954:spleen:0,TP,1
-3.7330177,-1.0193063,-0.6957859,0.46364304,-0.5782379,-0.18519354,0.14037952,-0.66059357,-0.17252164,-0.16282675,1,chr19:20039437:tibial_nerve:0,FN,0
-4.128497,0.7828255,0.7345369,-0.65142846,-0.9561559,-0.39579648,-0.58876246,0.44167957,-0.43997774,-0.3906208,1,chr8:100865962:spleen:0,FN,0
2.0661519,2.7354517,1.4288723,2.3459766,0.15402028,0.0121148825,-0.80695325,0.13662429,-0.5745585,-0.18508503,1,chr1:16914310:gastroesophageal_sphincter:0,TP,1
4.684415,0.10906915,0.433337,0.58479357,-0.16829027,-0.03774808,-0.75703233,-0.20088197,-0.05552042,-0.022179298,1,chr19:55600444:Peyers_patch:0,TP,1
4.3044343,0.24940848,-0.06404212,0.16182679,0.19180149,0.4152399,-0.7579023,-0.48386458,0.049947906,-0.34661674,1,chr9:132355910:spleen:0,TP,1
-3.5245404,-0.28937522,0.53534955,-0.61911386,-0.34761184,-0.88322383,-0.0400922,0.6206091,0.77771306,-0.23823048,0,chr13:45373250:gastrocnemius_medialis:0,TN,0
3.571829,0.33588678,0.18220182,1.5567374,-0.14419556,-0.00901836,-0.027600428,-0.34841543,-0.03297166,0.29430452,1,chr7:100949764:Peyers_patch:0,TP,1
4.746703,-0.17046458,-0.45674247,-0.83717394,-0.11721399,-0.68282706,0.52477956,0.38657656,-0.414274,0.2952061,1,chr13:40922816:transverse_colon:0,TP,1
1.0538701,-0.17202388,-1.4481415,0.85796756,0.0036050424,0.086784974,0.68048835,1.186426,0.20942247,0.3019549,1,chr19:19461975:esophagus_muscularis_mucosa:0,TP,1
-3.2995174,-0.6987708,-1.6854901,0.8478548,-1.250229,-0.24258885,0.063577265,-0.88050133,-0.2753262,0.03858039,0,chr11:130916412:upper_lobe_of_left_lung:0,TN,0
-4.4614267,0.66832227,0.14453809,-0.17053363,0.63344204,0.12549312,-0.54080844,-0.29554772,0.33586058,0.08041204,0,chr2:223951209:prostate_gland:0,TN,0
4.4865227,0.6039344,0.0053799325,0.40869853,-0.35512567,0.07147658,-0.50462794,0.5730805,-0.07770562,0.47149518,1,chr2:131492789:esophagus_muscularis_mucosa:0,TP,1
-2.7277505,0.97047573,0.34966558,0.4267175,-0.6701476,-0.8838185,0.3201641,0.001756166,0.3807379,-0.4064265,1,chr10:44339769:gastrocnemius_medialis:0,FN,0
-1.332122,2.8094904,1.6664848,-0.8581186,-0.26912692,-0.03993305,1.3135476,-0.42701882,-0.23726553,0.12619069,1,chr10:33311952:gastrocnemius_medialis:0,FN,0
2.1761377,-0.9679211,-1.6386918,1.1179668,-0.24845222,-0.010172951,0.060349274,0.27681255,0.13168937,1.1429356,1,chr9:67059317:body_of_pancreas:0,TP,1
-1.1237944,2.5280316,-0.1473451,1.3615627,-0.2350692,0.95630705,1.7902391,-0.50864404,-0.002281554,-0.30505335,0,chr5:181207676:tibial_nerve:0,TN,0
1.2840575,-0.69782203,-0.37807158,-0.93657255,0.9164924,-0.35631278,-0.63775986,-0.31789005,-0.15554774,0.2040164,1,chr3:112752591:transverse_colon:0,TP,1
-3.8540125,2.198267,-0.561838,0.652942,-1.4781369,-0.3576439,-0.6935979,-0.3010581,0.426354,0.5734304,0,chr3:169146854:gastroesophageal_sphincter:0,TN,0
-2.249606,-0.6695641,-1.7245951,0.6168052,-0.40206063,-0.21585195,-0.31263104,0.4365295,1.5508058,-0.021161571,0,chr19:8832717:esophagus_muscularis_mucosa:0,TN,0
-3.8858628,-0.2115568,-1.1195151,-0.39819923,-0.19426179,-0.64632326,-0.13065836,-0.81478804,-0.44320354,-0.56463164,1,chr22:46762281:spleen:0,FN,0
-0.6138446,0.16487437,1.4767464,0.5698553,0.28589708,0.5699643,1.2566662,-0.15426826,0.5943607,0.16327974,1,chr20:4720111:tibial_nerve:0,TP,1
1.0652293,-0.9764897,0.50088507,-0.77106196,0.31820685,1.1836966,-0.041480422,-0.44770244,1.1372539,0.08992321,0,chr3:101722845:gastrocnemius_medialis:0,FP,1
-3.285913,-0.34096962,-1.9374905,0.3151513,-1.0794253,-0.5512392,-0.61107445,-0.42367327,-0.10721945,-0.042092208,0,chr7:29685628:body_of_pancreas:0,TN,0
-1.0018749,-0.37109017,1.7577986,0.7464185,1.0723101,0.29416594,1.0857292,-0.62569827,-0.5658514,-0.31563923,1,chr6:33018057:spleen:0,FN,0
0.9811961,0.9159932,2.2467573,1.1857667,0.4234446,0.38499776,-0.7941332,1.2271326,-1.0615772,-0.6174327,1,chr3:156605692:sigmoid_colon:0,TP,1
3.5536273,-0.19760226,-1.0360509,0.11758388,0.41827175,-0.15352225,-0.052766703,-0.076117225,-0.4696117,-0.046851598,0,chr6:17580457:esophagus_squamous_epithelium:0,FP,1
-2.5232873,-0.33545965,1.5477408,-1.3723159,-0.51599365,0.59092927,0.41956958,-0.054255314,-0.56489044,-0.051398005,0,chr12:18932865:gastroesophageal_sphincter:0,TN,0
-3.0027661,1.3675106,-1.33655,-1.014892,0.9117882,0.082202464,-0.06486002,0.23628025,-0.4350903,1.0092597,0,chr14:94394349:body_of_pancreas:0,TN,0
-3.5186982,-0.37696743,1.4417713,-0.517619,-0.50672054,-0.3710463,0.4272695,-0.26245958,-0.3769212,-0.051052544,0,chr3:5138765:esophagus_squamous_epithelium:0,TN,0
4.8402424,0.20899254,-0.0936855,-0.30807877,-0.2937698,-0.23392224,0.44250324,-0.08160998,0.0009701213,-0.2721121,1,chr1:16513429:testis:0,TP,1
5.0756106,-0.10713781,0.13605699,-0.5799743,-0.39683262,-0.08252944,0.19971216,-0.1237139,0.08579737,-0.48185638,0,chr6:32622520:spleen:0,FP,1
5.2630115,-0.6366254,0.046044093,-0.4792325,-0.34481475,-0.12709416,-0.11297346,-0.18492004,-0.049525753,-0.16482988,1,chr12:42144490:gastrocnemius_medialis:0,TP,1
-3.7818632,-0.79718417,0.9443566,-0.39060995,0.07074558,-0.13646744,0.0049058017,-0.24264073,0.7829515,0.40330955,0,chr18:50658307:transverse_colon:0,TN,0
2.5948324,-0.14545035,-0.023834804,-1.3512272,-0.25880703,0.6420339,0.4985232,0.04890547,0.67729676,0.6054989,1,chr3:9994012:gastrocnemius_medialis:0,TP,1
-3.5839252,-1.9333282,0.9878452,-0.379094,-0.48614866,-0.03389971,-0.17611119,0.5301747,-0.28315553,-0.44510522,0,chr5:142698769:sigmoid_colon:0,TN,0
-1.4783643,-1.9376625,-2.7609487,1.3720287,-0.20729613,-0.009901749,0.35238808,0.11508941,1.2231472,-0.14430027,1,chr8:22109377:esophagus_muscularis_mucosa:0,FN,0
-3.5723796,-1.2255107,-1.8547472,0.6863579,-0.9649216,0.18543394,-0.68408674,-0.23347783,-0.12660328,0.18801652,0,chr16:1972357:body_of_pancreas:0,TN,0
3.9089675,-0.09209905,0.98298776,1.1794298,-0.14528762,0.27252817,-0.6985785,-0.045574557,-0.25775015,0.04032188,0,chr12:52903809:esophagus_squamous_epithelium:0,FP,1
-2.4944456,-2.7083514,-1.3854582,-0.12915249,-0.23641142,1.1227825,-0.04429662,-0.025562786,-0.6437704,-0.42643464,0,chr16:22206739:esophagus_squamous_epithelium:0,TN,0
4.504144,0.1657106,-0.23065163,-1.0026215,-0.1804775,-0.5257284,0.22008406,0.04099385,-0.21556178,0.13701129,1,chr21:32561912:esophagus_muscularis_mucosa:0,TP,1
-0.4968833,2.595206,1.9117692,0.66696054,0.2107893,0.22427188,0.7557041,-0.5980239,0.27259812,0.58088857,0,chr18:32379079:stomach:0,FP,1
-3.048712,0.24193817,-1.2980341,-1.5446742,1.6730595,0.07163343,-0.6902369,-0.45955512,-0.061642207,-0.06318602,0,chr2:111620475:esophagus_squamous_epithelium:0,TN,0
-1.1460187,-3.391708,1.2117385,0.17856072,0.960552,0.3882096,0.39058724,0.14884469,1.0088215,0.78850085,0,chr8:133025947:tibial_artery:0,TN,0
4.4865217,0.60393614,0.005379978,0.40869907,-0.3551266,0.07147584,-0.50462854,0.57307994,-0.07770478,0.47149566,1,chr2:131492789:esophagus_squamous_epithelium:0,TP,1
-3.338318,-1.9879944,0.12731393,-0.44410422,-0.22985989,-0.21243614,0.015437359,-0.21444665,0.45231435,0.078248315,0,chr11:10624331:sigmoid_colon:0,TN,0
-2.372796,0.3624782,-2.132045,1.51327,-0.068824686,-0.08426566,0.7356548,0.29175758,0.08879443,0.90618414,0,chr16:85421714:transverse_colon:0,TN,0
-3.553474,0.39655125,0.56315863,-0.9859358,-1.2710338,0.4314009,-0.41184488,0.22273678,-0.5719873,-0.10748581,1,chr6:144365637:spleen:0,FN,0
-4.508231,1.9039648,-1.0125381,-0.9151147,0.6457675,-0.22247662,-0.94406503,-0.007679018,-0.1865081,-0.37753132,0,chr17:1865726:gastrocnemius_medialis:0,TN,0
-3.2450356,0.40669882,-1.6355863,-1.1056669,1.7713668,0.42933208,-0.4626593,-0.78764653,0.030995676,-0.10136531,0,chr1:67044441:gastrocnemius_medialis:0,TN,0
-2.3088756,0.083460696,0.41553673,1.5672476,0.7520402,0.02265175,1.4294404,-0.28724542,-0.4817019,-0.1990516,0,chr17:77350242:suprapubic_skin:0,TN,0
-3.025899,-0.975125,-0.7010879,-0.43372464,-1.9474651,0.8735247,-0.30643842,0.10296222,-1.0151203,-0.5281524,0,chr5:110738975:stomach:0,TN,0
-3.3779871,-0.83620334,0.05899018,0.7636523,0.47533405,-0.3040156,-0.073570654,-0.08471533,0.49617633,0.18553881,0,chr8:11866628:gastrocnemius_medialis:0,TN,0
1.9159763,1.456312,1.7359517,2.5106947,0.50954115,0.4501559,0.18980603,0.29090282,-0.1479602,-0.7094057,1,chr13:114130746:suprapubic_skin:0,TP,1
5.0640965,-0.46743584,-0.094198234,-0.8112494,-0.47911912,-0.38309863,0.25770015,-0.07868591,0.020451939,-0.16325353,1,chr17:43360579:thoracic_aorta:0,TP,1
0.9811958,0.915993,2.2467582,1.1857659,0.42344418,0.3849954,-0.7941323,1.2271316,-1.0615772,-0.6174327,1,chr3:156605692:body_of_pancreas:0,TP,1
-3.9968028,0.14924473,-0.46183178,-0.7723852,1.5187887,0.32833248,-0.28551763,0.38700542,-0.1546179,-1.0479714,1,chr17:17275984:spleen:0,FN,0
-2.6414914,-0.3737921,-2.0669613,-0.0559799,-0.30603442,-0.32713765,-0.3901774,-0.17339721,-0.8984194,0.16726588,1,chr12:630842:stomach:0,FN,0
3.105005,-1.2441014,-0.4866573,-0.932794,0.8465227,-0.65879685,0.13326629,0.09179895,0.40421578,-0.421397,1,chr4:51023823:thyroid_gland:0,TP,1
-3.3069623,0.5825017,-2.0026002,1.031914,-1.3282737,0.25926673,0.36408374,-0.7192513,-0.09922634,-0.025929995,0,chr22:31081374:tibial_nerve:0,TN,0
4.5775614,-0.24801165,0.4762952,0.39336178,-0.073351525,0.03498201,-0.3526354,0.09900687,0.3492314,0.15223667,0,chr17:74455516:gastrocnemius_medialis:0,FP,1
-1.7913159,-1.6929581,1.8649919,-0.45398486,0.24204327,0.913613,0.4196816,-0.29241177,-0.6505595,0.42407972,0,chr9:83424520:body_of_pancreas:0,TN,0
4.9335766,-0.55933386,0.112921685,-0.33159688,-0.40216342,0.11010655,0.154086,-0.24068907,0.23280887,-0.34561342,1,chr6:31489502:Peyers_patch:0,TP,1
-0.9265623,-1.3791103,0.47902888,1.2820129,0.46337315,0.41806382,-0.1482618,0.11186905,-0.7260671,0.32542187,1,chr16:56663178:spleen:0,FN,0
-1.4783643,-1.9376625,-2.7609487,1.3720287,-0.20729613,-0.009901749,0.35238808,0.11508941,1.2231472,-0.14430027,1,chr8:22109377:tibial_nerve:0,FN,0
-1.3502259,-1.1261274,-0.16236219,-0.5064696,0.41999477,1.131893,-0.3074327,-0.28409034,0.83010423,1.1022837,1,chr17:5221953:spleen:0,FN,0
2.8716319,1.1732721,-0.5547738,-0.8015881,0.6746515,-0.2541936,0.28942335,0.8762813,-0.21852705,1.1227267,0,chr2:7001543:spleen:0,FP,1
4.3052797,0.06065703,-0.27736226,-0.351925,0.18484181,-0.25985205,0.44909662,0.09222216,0.1502433,-0.16112685,1,chr9:129442058:prostate_gland:0,TP,1
-3.0746207,-0.41894215,2.4050326,-0.34293473,-0.03578969,-1.0187507,0.26478755,-0.49060145,0.18646267,0.3027478,1,chr4:137370994:sigmoid_colon:0,FN,0
-3.7283576,0.04575931,0.86689466,0.35182145,-0.1711284,-0.59686244,0.41703406,-0.3994342,-0.20774746,0.08435346,0,chr6:134517594:gastroesophageal_sphincter:0,TN,0
-0.5606849,1.685763,0.41236922,-0.01725553,1.534898,0.45295328,-0.035822645,-0.84406286,0.06932966,-0.7720183,1,chr19:55857581:spleen:0,TP,1
-1.7694175,0.4693363,-1.7439935,1.9249303,-0.85154164,0.05594156,0.20594648,0.28248423,-0.268055,0.6295062,0,chr10:43436778:esophagus_muscularis_mucosa:0,TN,0
4.1920767,-0.37425393,-0.8404378,-0.57623154,0.18991283,-0.7172896,0.5479745,0.17306197,-0.47092566,0.21843646,0,chr6:29942964:esophagus_squamous_epithelium:0,FP,1
4.420537,-0.6129608,-0.5200222,0.71394706,-0.45466012,0.1555273,-0.032233484,-0.3991887,-0.011794147,0.45987716,0,chr22:30397147:stomach:0,FP,1
5.0121727,-0.6010188,-0.2337549,-0.82788414,-0.15201886,-0.4613618,0.5119803,0.2903282,-0.24029006,0.4163683,1,chr9:129441958:prostate_gland:0,TP,1
-3.488962,0.13878748,-0.38447142,-0.061565977,-1.1233013,-0.23784469,-0.53109026,-0.15769795,0.21816067,-0.011289882,1,chr9:14516129:gastrocnemius_medialis:0,FN,0
-3.7948744,-0.6362895,0.5977453,-0.7437884,-0.1911339,0.067792,-0.7689255,1.1798269,-0.32926634,-0.6045873,0,chr2:224781117:spleen:0,TN,0
-2.601257,-1.6564124,-0.70904696,-0.26778045,-0.68151134,0.12270035,0.29512239,0.07202466,0.6365839,0.2543429,0,chr12:57889947:gastrocnemius_medialis:0,TN,0
-2.1455054,-1.4112889,0.44723013,0.7805248,0.25231403,-0.73931944,0.36562428,-0.34450477,0.15778382,0.40497157,0,chr13:110387839:transverse_colon:0,TN,0
-2.9837685,1.3413489,-0.79898113,0.33425677,0.68583065,0.3113981,0.22458659,1.0518686,0.10111559,-1.1151944,0,chr22:17843631:gastroesophageal_sphincter:0,TN,0
-3.0134883,-2.128247,1.1141351,0.7275728,-0.4609233,0.47128367,0.30794448,-0.51232415,-1.1676819,0.0013122231,1,chr3:192917558:esophagus_muscularis_mucosa:0,FN,0
-3.4248567,-0.70845705,-0.108732834,-0.52881944,1.84097,0.5903325,-0.19893621,-1.0682791,-0.43995532,-0.38614798,0,chr5:149373037:gastroesophageal_sphincter:0,TN,0
-2.7261853,-1.7026613,1.2915689,0.31131235,0.5063142,-0.33024716,-0.1832112,0.47957492,1.1001962,0.13154086,1,chr17:46984880:body_of_pancreas:0,FN,0
2.2617044,0.94393116,-1.1372477,-1.2469558,0.5097983,-0.91066295,-0.053782858,-0.16327137,-0.3122939,-0.39563784,1,chr16:30073309:gastrocnemius_medialis:0,TP,1
-2.0694458,0.36179468,1.8179986,-0.76212794,0.013006142,1.1191294,0.8733615,-0.3721764,-0.9972309,0.16141646,1,chr3:8205679:esophagus_squamous_epithelium:0,FN,0
-4.2294297,0.27538764,-0.73897415,-0.84674156,1.4278996,0.13089228,-1.0303082,-0.6747897,0.21325275,-0.4399493,0,chr15:90103706:esophagus_muscularis_mucosa:0,TN,0
4.9668827,-0.31346694,-0.22218093,-0.8168934,-0.19280602,-0.6147603,0.47089773,0.083267815,-0.13133647,-0.009979386,1,chr19:21569220:gastroesophageal_sphincter:0,TP,1
4.9811254,0.21503575,0.35050038,-0.048774455,-0.43707314,0.07947911,-0.34125385,-0.056568693,-0.0497005,-0.24804193,1,chr10:31321113:tibial_nerve:0,TP,1
-4.300958,0.8963411,0.072287574,0.2317785,0.6663386,-0.5749448,-0.72962815,0.07235252,-0.004094385,-0.367968,1,chr14:96206756:tibial_nerve:0,FN,0
2.2845948,-0.20361061,0.5220445,1.4850736,0.17211343,-0.025878167,-0.95358676,-0.06503524,0.19432905,0.08690916,1,chr4:1194909:Peyers_patch:0,TP,1
-3.9816854,-0.80538976,-0.89877075,0.19508776,-0.7856676,-0.080949485,-0.39954242,-0.023243604,-0.8862392,-0.29355124,0,chr13:33543009:Peyers_patch:0,TN,0
-3.2854187,-2.0995986,0.20239933,-0.051141705,-0.29939112,-0.61262816,-0.241999,0.0085260905,0.7549263,-0.23360509,1,chr19:38209437:suprapubic_skin:0,FN,0
-3.3051236,0.13336971,0.14088511,-0.38495368,1.3431041,-0.11837665,-0.024950638,-0.4767128,-0.3036592,0.031101434,0,chr2:66550930:esophagus_squamous_epithelium:0,TN,0
-4.300343,-0.07612038,-0.08668018,-0.120109476,-0.81589526,-0.55638945,-0.14229079,0.22946842,0.3649107,-0.5317777,0,chr10:124105484:gastrocnemius_medialis:0,TN,0
3.195686,-1.4096912,-1.3013687,-0.39845693,0.5397476,-0.7505205,0.789168,0.6331859,-0.4742788,1.0460652,0,chr16:31508673:transverse_colon:0,FP,1
3.2042744,0.6404991,-0.62525463,1.0067028,0.14194284,0.09541019,0.94964075,-0.06389707,-0.48400372,-0.16169767,0,chr10:47553548:tibial_nerve:0,FP,1
4.5887103,0.10285924,-0.50868946,0.63449883,-0.17328066,0.1831899,-0.25072762,0.030136703,-0.32291824,0.5272625,0,chr8:141128760:stomach:0,FP,1
4.4803634,1.1539453,0.6163604,0.045413416,-0.3675045,0.28235173,-0.45415455,-0.20627233,0.15802915,-0.4816421,1,chr17:46984366:Peyers_patch:0,TP,1
-0.49225157,1.0825564,-1.1006293,1.1401833,-0.51643467,1.0249336,1.5780392,0.22685575,0.2834332,-0.22143354,1,chr6:31380262:Peyers_patch:0,TP,1
3.1466644,-0.09870079,-0.8717794,-0.8193853,0.5221228,-0.666708,0.33026895,1.653657,0.08757568,2.1723387,1,chr1:21935425:spleen:0,TP,1
5.0780654,-0.03132581,0.15039186,-0.09037252,-0.5225552,0.025619969,-0.12836339,-0.13028456,0.022396471,-0.14386381,1,chr20:36461197:spleen:0,TP,1
5.1522937,-0.5061601,-0.02423897,-0.35713375,-0.29306942,-0.13991755,-0.09230678,-0.17284228,-0.020585338,-0.2128144,1,chr11:47642410:testis:0,TP,1
-3.1190267,-0.3398204,0.38492635,-1.0723541,-0.45116773,0.5339123,-0.15861346,-0.59860617,0.7789306,0.5237696,1,chr4:16114198:gastrocnemius_medialis:0,FN,0
3.304029,0.26514122,-0.18328936,-0.14756282,0.3975416,0.011909119,-0.53651726,-0.36031598,0.591401,-1.2763196,1,chr15:44725254:spleen:0,TP,1
4.539456,-0.17235704,-0.07985374,-0.28595522,0.205,-0.17590338,-0.41852045,0.012016103,-0.19034207,0.15529114,1,chr20:34877908:gastrocnemius_medialis:0,TP,1
1.5139505,1.5344937,1.2869743,1.2380593,0.10440766,-0.21770227,-0.8722016,0.35433254,-0.014762321,-0.6592233,1,chr18:55586134:thoracic_aorta:0,TP,1
-3.6939342,1.0018169,0.9407993,0.9659117,0.013584838,-0.38693914,-0.07451931,0.20023277,-0.9129602,0.0025183766,0,chr12:53049171:esophagus_squamous_epithelium:0,TN,0
-0.84965515,6.1005526,0.18139169,-0.68444675,-0.7292762,0.50285834,1.1104786,0.11091505,0.4169011,-0.0013477128,0,chr14:32572284:gastroesophageal_sphincter:0,FP,1
-3.2101605,0.24000375,1.1633629,0.7904735,0.2012775,-1.0968821,0.6474012,0.35622412,-0.028831868,-0.051313594,1,chr16:87015557:spleen:0,FN,0
5.069898,-0.10226989,0.03166038,-0.5794736,-0.40147024,-0.34644276,0.22061546,-0.119220555,-0.07058473,-0.18798667,0,chr3:16366043:spleen:0,FP,1
3.7581234,0.1902062,-0.30062735,-1.4194237,0.3375114,-0.5101862,0.4059761,-0.077440426,-0.25176835,-0.26913598,1,chr1:246969492:spleen:0,TP,1
-0.941967,2.9874651,0.26832426,0.043522235,-0.37124613,0.39296967,1.8952045,0.079908065,0.4191509,0.08621569,1,chr6:30753434:esophagus_muscularis_mucosa:0,TP,1
4.974973,-0.62535095,-0.19237599,-0.51113343,-0.08992514,-0.31267396,0.11679491,-0.13039139,-0.05525663,0.0041867397,1,chr9:129442809:prostate_gland:0,TP,1
-2.9027145,1.1645708,-0.297234,0.613205,0.9785319,0.2647007,0.64935726,-0.036512323,-0.0869131,-0.28334194,1,chr1:9001101:prostate_gland:0,FN,0
-2.170079,-0.06470249,-0.8451218,-0.753338,0.51148826,-0.41022354,-0.6658587,1.2382853,-0.0017799776,0.762609,1,chr21:46457680:spleen:0,FN,0
-0.53495306,0.88599133,-0.8083889,-0.22897404,0.6839166,0.55587447,-0.078959964,1.2198284,1.2093192,0.11328048,1,chr5:35187341:stomach:0,TP,1
-3.0086796,-0.94359726,-0.28199506,-0.22498833,-1.0902879,1.1279498,0.12587418,-0.42900676,-0.693705,0.32168925,0,chr15:45166755:testis:0,TN,0
-0.5330956,1.303651,-0.11541377,-0.8936777,0.44826987,1.1354284,-0.55471766,-0.16247816,-0.55437046,0.3885542,1,chr13:73473591:gastrocnemius_medialis:0,TP,1
-0.37812257,-0.94805324,-0.27239788,0.96018773,0.95517904,0.25724655,-0.1348276,0.020305652,1.1846607,0.4582872,0,chr20:50763273:esophagus_muscularis_mucosa:0,TN,0
-3.060746,-0.21419658,-2.0079951,0.6554221,-0.5312739,0.11517746,0.021523885,-0.39233544,0.9887299,0.3181777,0,chr17:65123369:suprapubic_skin:0,TN,0
4.994782,-0.53680843,-0.23598492,-0.94879013,-0.29036048,-0.41524237,0.34585607,0.03611426,-0.10857966,0.14999901,1,chr6:52787906:body_of_pancreas:0,TP,1
5.0279193,-0.590852,0.13791808,-0.75093627,-0.3016384,0.12700382,-0.12630792,-0.30011892,0.14603862,0.047747083,0,chr4:76233607:gastrocnemius_medialis:0,FP,1
-2.2282076,-1.8339465,0.3646505,0.38878062,1.5168288,0.6195268,0.02870042,0.6424607,-0.12472137,-0.8368607,0,chr6:96990952:testis:0,TN,0
2.0661519,2.7354517,1.4288723,2.3459766,0.15402028,0.0121148825,-0.80695325,0.13662429,-0.5745585,-0.18508503,1,chr1:16914310:esophagus_muscularis_mucosa:0,TP,1
4.9093823,-0.9233659,0.46089152,-0.32615006,0.14104564,-0.13660243,-0.28409368,-0.27828372,0.00714678,-0.2611248,1,chr20:3763201:sigmoid_colon:0,TP,1
-3.6883078,-0.7490211,0.04173181,-0.9319684,-1.4264656,0.99394,-0.50534403,-0.035100225,-0.6922817,-0.12732358,1,chr1:15524057:transverse_colon:0,FN,0
-3.4719315,0.32996264,1.8982838,-0.37614766,-0.50779855,-0.24245982,0.29599696,-0.71009207,0.022484815,0.37734726,0,chr18:2959759:Peyers_patch:0,TN,0
-0.009292985,0.76955575,-1.8748786,1.5347021,-0.43824652,0.33807936,2.1260688,-0.3488426,-0.058280967,0.3904833,0,chr9:93095367:gastroesophageal_sphincter:0,FP,1
4.548698,0.6653176,0.49984723,0.516397,-0.32114553,0.41515094,-0.84831494,-0.14344312,0.26569912,-0.21720652,1,chr19:35900821:tibial_nerve:0,TP,1
-3.128899,-0.5976196,0.96958447,-0.44752437,0.25272658,0.5706568,0.54994994,-0.13699944,-0.9189695,-0.19404365,0,chr6:35595196:prostate_gland:0,TN,0
-3.9916282,0.4301455,0.8497132,-0.35440403,-1.2386177,-0.34159008,-0.11224376,-0.3472091,0.034551427,0.42717025,0,chr1:74396082:gastrocnemius_medialis:0,TN,0
4.7632127,0.34055015,0.007455978,0.76524323,-0.40609473,0.12527846,-0.13712011,-0.13172613,0.12734702,-0.13171478,1,chr7:30284569:body_of_pancreas:0,TP,1
1.3691317,-0.73332125,0.20921938,0.31835386,2.388139,0.8365366,-0.39837936,-1.4045349,-0.64255404,-0.5441857,1,chr20:3810780:gastroesophageal_sphincter:0,TP,1
-3.4075253,1.5415264,-1.1400472,0.78408796,-0.3301784,-0.5955579,0.29165295,0.512733,0.20762502,-0.084647685,0,chr20:57444744:esophagus_muscularis_mucosa:0,TN,0
-4.373696,1.3536763,0.053370014,-0.42852157,-0.4852298,-0.5513754,-1.0315195,-0.28062022,0.5882158,-0.037548073,0,chr1:40392897:transverse_colon:0,TN,0
-1.8434218,-1.1771959,0.8247611,0.3148909,0.043910954,0.5183565,1.8059098,0.1720861,0.030849699,-0.2639452,0,chr5:143250343:gastrocnemius_medialis:0,TN,0
-2.6251454,0.81649506,-0.92521167,1.7492968,-0.49449384,0.44780514,0.5908224,0.02213116,-1.6472855,-0.1369169,0,chr12:53626418:transverse_colon:0,TN,0
-3.9383597,0.14049293,-1.2814506,0.77016497,-0.17484145,-0.5318682,-0.04034049,-0.23711778,0.19740748,-0.35809994,0,chr4:2933740:gastrocnemius_medialis:0,TN,0
5.0138216,-0.29539376,0.33249438,-0.29848713,-0.43344334,0.21350138,-0.047091603,-0.09898054,0.27115488,-0.37155393,1,chr5:137304080:body_of_pancreas:0,TP,1
3.3117898,-0.81967884,1.4119523,1.1607119,0.9220549,-0.4445059,0.44965616,0.35904816,-0.41146767,-0.29894346,0,chr16:67674226:gastroesophageal_sphincter:0,FP,1
4.876364,-0.28930676,-0.36502254,-0.6278285,-0.09669078,-0.6496254,0.51082027,0.3074717,-0.288638,0.052350543,1,chr9:129438044:tibial_nerve:0,TP,1
4.4423804,1.0152795,0.8465106,0.17092936,-0.18729536,-0.14624949,-0.37728786,0.04856107,0.18486713,-0.5117853,1,chr5:143140746:gastrocnemius_medialis:0,TP,1
1.8895444,-1.0204477,-1.5432994,-0.10125044,0.9390564,-0.20394608,-0.22701564,0.6078442,0.11893256,0.5875956,0,chr20:47411995:prostate_gland:0,FP,1
-3.0762005,-0.8109018,1.0243807,-0.7606114,0.45856735,0.94418675,0.19183192,0.091952525,0.20598814,0.18515405,0,chr6:128508253:transverse_colon:0,TN,0
0.6648784,0.2812179,-1.4212966,-0.6908031,1.044947,-0.061351605,0.3185918,0.84506065,-0.674506,-0.96234745,1,chr3:195144686:esophagus_squamous_epithelium:0,TP,1
-3.7487862,1.546415,1.1255518,-0.6494181,-0.3535223,-0.8114068,0.09435273,0.38929614,-0.89298296,-0.18877585,0,chr10:4353763:gastroesophageal_sphincter:0,TN,0
4.2261057,0.38665533,0.59198964,0.2522399,0.09566778,0.17905141,-0.33373907,0.20559818,0.2854391,-0.21946718,1,chr2:1658082:thoracic_aorta:0,TP,1
-3.34975,-0.3338094,1.1975745,0.4407038,-0.3488245,-0.7016283,-0.26612723,0.16264085,0.37180382,0.46993288,0,chr6:89083004:tibial_nerve:0,TN,0
-2.7264173,-0.7924017,-0.39707845,-0.09398194,-1.4530017,0.10053897,0.024562666,0.96186924,-0.16331409,-0.38607073,0,chr4:86936369:prostate_gland:0,TN,0
1.1188662,1.5112046,-1.0356511,-0.25367466,-0.0629513,-0.030333176,0.8677942,0.97294354,-1.0221287,1.3441422,0,chr10:72449728:body_of_pancreas:0,FP,1
4.9811244,0.2150394,0.35050038,-0.04877441,-0.4370735,0.07947863,-0.34125343,-0.056568254,-0.049700957,-0.24804142,1,chr10:31321113:thoracic_aorta:0,TP,1
0.60712045,-0.22508526,-1.1743441,-0.26452187,0.1324853,0.88019854,0.305754,1.9967971,-0.7803414,0.07760003,0,chr20:63819310:gastrocnemius_medialis:0,FP,1
-3.9383597,0.14049293,-1.2814506,0.77016497,-0.17484145,-0.5318682,-0.04034049,-0.23711778,0.19740748,-0.35809994,0,chr4:2933740:upper_lobe_of_left_lung:0,TN,0
0.18681702,0.70294297,1.7875267,0.66568923,0.47913027,0.7714747,-0.48210174,0.36086455,0.14994296,-0.014318756,1,chr2:157441592:spleen:0,TP,1
2.951158,0.19228673,1.510369,0.6868442,-0.19314098,1.2074943,-0.9457782,0.2635136,0.045034572,0.50544876,1,chr3:46566984:gastrocnemius_medialis:0,TP,1
-3.1083057,1.5822567,-0.55852115,-1.0855227,-1.0149162,0.24196981,0.23500621,-0.21643506,0.36009526,0.43895125,0,chr4:37455766:body_of_pancreas:0,TN,0
4.844312,0.20111835,0.12129064,-0.6642317,-0.5331773,-0.1727155,0.26298797,-0.26191333,0.24012555,-0.43084303,1,chr10:26628415:spleen:0,TP,1
4.7632127,0.34054616,0.007455656,0.7652433,-0.40609345,0.12528086,-0.13711992,-0.13172728,0.12734789,-0.13171197,1,chr7:30284569:esophagus_muscularis_mucosa:0,TP,1
4.98384,0.03382984,0.10389371,-0.32170784,-0.5378271,-0.11557768,-0.1424855,-0.25915262,0.114113666,-0.44226712,1,chr2:67906577:sigmoid_colon:0,TP,1
-2.9614224,0.55009854,-1.3570768,-0.614606,0.65839803,0.20565875,-0.27429074,0.9556154,-0.5165134,0.6398515,0,chr3:149372974:esophagus_squamous_epithelium:0,TN,0
-3.868175,-0.17935023,0.9251152,-0.27852094,-0.9167758,-0.45476395,-0.12182422,0.43176728,-0.60251915,-0.29944524,1,chr2:38469896:esophagus_muscularis_mucosa:0,FN,0
4.961552,-0.5463545,-0.38283864,-0.3830023,-0.25460172,-0.28825524,0.44341367,0.009360451,-0.09029244,-0.004472008,1,chr19:489630:sigmoid_colon:0,TP,1
-3.2419224,-0.5807739,0.6412652,-0.89656186,-0.5858089,-0.39799905,-0.57033074,1.3921041,-0.16919072,-1.0595411,0,chr1:20788339:tibial_nerve:0,TN,0
-3.0791333,-1.1498265,0.37631235,0.0064678174,-0.5384352,-0.85594726,0.6835197,0.11134925,0.40825894,-0.15706795,1,chr10:28379168:esophagus_squamous_epithelium:0,FN,0
-1.5352235,4.504789,1.2100182,-0.99658495,-0.831409,0.09351557,1.0323712,-0.18921718,-0.21211371,0.6059102,1,chr7:51077875:gastrocnemius_medialis:0,TP,1
4.9480624,-0.1856897,0.4435082,-0.33907303,-0.3351966,-0.014731306,-0.40415487,-0.33169687,0.21742105,-0.60851645,1,chr21:39217021:Peyers_patch:0,TP,1
-0.022306927,0.29656813,1.1427128,1.8377959,1.3487486,-0.59506917,0.7245229,0.31124184,-0.3136594,0.19795382,0,chr11:45805798:body_of_pancreas:0,FP,1
-3.3887188,0.039467398,1.8657076,-0.23224205,-0.7807555,-0.42623782,0.09771347,0.24133168,-0.35193387,0.10019317,0,chr6:7087025:gastrocnemius_medialis:0,TN,0
-2.726185,-1.7026602,1.2915689,0.3113119,0.5063136,-0.33024743,-0.18321118,0.4795751,1.1001976,0.1315415,1,chr17:46984880:gastrocnemius_medialis:0,FN,0
-2.5017893,-2.7070909,0.6083062,-0.04074442,0.5428962,0.45895916,-0.2786992,0.5195454,0.24869534,-0.11767427,0,chr16:19397593:prostate_gland:0,TN,0
4.295324,0.5152025,0.1767811,-0.66843784,-0.052056756,-0.06576693,0.27310863,-0.19792345,0.29287925,-0.038083833,1,chr3:16365628:tibial_nerve:0,TP,1
-2.7619572,0.49893036,-1.4021081,-1.2852188,1.3867013,0.26981232,-0.84078485,-0.689791,-0.07144565,0.31228074,0,chr15:80984676:upper_lobe_of_left_lung:0,TN,0
-2.895739,0.25191233,-1.142103,-0.6103583,0.20409246,0.6481604,-0.78956056,-0.48978192,0.057195995,0.4104021,1,chr21:45349840:gastrocnemius_medialis:0,FN,0
-3.6883078,-0.7490211,0.04173181,-0.9319684,-1.4264656,0.99394,-0.50534403,-0.035100225,-0.6922817,-0.12732358,1,chr1:15524057:tibial_nerve:0,FN,0
4.600297,0.06694814,1.0498337,0.4711097,-0.08158712,-0.0094782105,-0.43891954,0.0022714518,0.13245025,-0.16359524,1,chr11:67055968:transverse_colon:0,TP,1
2.6836088,1.1428677,-0.5296137,0.7573066,0.017328633,0.3076044,0.572851,0.43009898,-0.19376798,0.086003825,0,chr22:19942585:testis:0,FP,1
5.122896,-0.47151017,-0.118333094,-0.58288246,-0.2520678,-0.30175474,0.42257273,-0.046209265,-0.029467512,-0.15238135,1,chr3:75785609:gastrocnemius_medialis:0,TP,1
5.0664787,0.075370766,0.18179855,-0.56003356,-0.32321694,-0.23170592,0.23093896,-0.08843723,0.0107795885,-0.32379562,1,chr7:142776534:body_of_pancreas:0,TP,1
2.0661519,2.7354517,1.4288723,2.3459766,0.15402028,0.0121148825,-0.80695325,0.13662429,-0.5745585,-0.18508503,1,chr1:16914310:transverse_colon:0,TP,1
-3.9347339,-0.031571195,-1.7906427,0.053006638,-1.5600514,-0.20073947,-0.6967023,-0.69148254,-0.28540248,-0.21366937,0,chr7:130440970:upper_lobe_of_left_lung:0,TN,0
-3.994824,-0.6198542,1.1684303,-0.072680876,-0.42373106,-1.1825528,0.010878173,0.13103232,-0.1606196,-0.46783465,1,chr6:144335516:spleen:0,FN,0
2.9232085,0.2366427,-0.19661565,1.6578461,-0.6591751,0.8049893,-1.3004354,-0.065776885,-0.40753025,0.5958794,1,chr1:156082827:transverse_colon:0,TP,1
4.684415,0.10906915,0.433337,0.58479357,-0.16829027,-0.03774808,-0.75703233,-0.20088197,-0.05552042,-0.022179298,1,chr19:55600444:gastrocnemius_medialis:0,TP,1
-3.5487168,-0.58147836,0.37867677,0.2133499,-0.8223532,-0.5426877,0.983969,-0.55129033,0.24219353,0.04851994,0,chr2:233349406:transverse_colon:0,TN,0
-0.59382766,-1.7886537,0.3574133,0.17285345,1.2979265,0.45703915,-0.32919958,0.609752,0.12589069,0.6261894,1,chr1:185056600:gastrocnemius_medialis:0,FN,0
-2.5678277,0.9943868,1.1842916,0.4528719,1.1547236,-0.09736097,0.7588497,0.042799383,0.015226786,-0.3300514,1,chr16:84069290:spleen:0,FN,0
-2.3099189,-1.6412034,2.1981068,0.4090648,1.2317519,-0.47986862,0.9418016,-0.8935301,-0.48186812,0.27587777,1,chr12:69691014:gastrocnemius_medialis:0,FN,0
-3.4055572,0.13812254,1.6249566,-0.032546036,-0.41112843,-0.60782784,0.8277245,-0.0514451,0.5356899,0.35033935,1,chr15:91423500:spleen:0,FN,0
3.5200958,0.3933418,-0.13213861,0.67953753,0.21627542,0.36567366,-0.4883135,0.23280141,-0.015266413,0.09565458,1,chr16:50598873:upper_lobe_of_left_lung:0,TP,1
3.4835055,-0.7504702,-0.6797799,-0.9171175,0.37236977,-0.7039559,0.42377862,-0.036799442,-0.38347808,-0.24580422,1,chr14:30690596:esophagus_squamous_epithelium:0,TP,1
-3.6367831,0.15545832,0.2039544,-0.3511729,-0.77852565,0.43460077,-0.07898422,0.5135003,-0.43731332,-0.028374959,0,chr8:133259262:esophagus_squamous_epithelium:0,TN,0
5.193034,-0.7227115,0.02119137,-0.5615695,-0.29122514,0.031320296,-0.11413162,-0.25601214,-0.017955065,-0.08955658,0,chr17:45583550:esophagus_squamous_epithelium:0,FP,1
-3.2198515,-1.8073499,1.0265945,-0.5313133,-0.7926824,0.6164127,0.22344968,0.4632687,-1.0788001,-0.4010897,0,chr3:159762733:esophagus_muscularis_mucosa:0,TN,0
-0.47127482,-2.475108,0.22193977,0.77600116,-0.009749869,1.0714475,-0.76915115,0.03473605,0.67787343,1.2554181,0,chr1:156767730:tibial_nerve:0,TN,0
3.1466644,-0.09870079,-0.8717794,-0.8193853,0.5221228,-0.666708,0.33026895,1.653657,0.08757568,2.1723387,1,chr1:21935425:sigmoid_colon:0,TP,1
-3.8752131,1.5351954,1.3384397,-0.70644724,-1.361336,-0.6577424,0.057255946,-0.7385854,0.12158422,0.63533604,0,chr1:234719096:sigmoid_colon:0,TN,0
4.9838405,0.033824027,0.103893615,-0.32170784,-0.53782505,-0.11557557,-0.14248523,-0.25915205,0.11411408,-0.44226596,0,chr2:67906577:esophagus_squamous_epithelium:0,FP,1
2.6764722,2.1059272,-0.0707417,1.9967916,-0.079356365,0.30435866,0.7115928,-0.1881167,-0.24159907,-0.49337807,1,chr15:79897055:sigmoid_colon:0,TP,1
5.0796056,-0.7227574,-0.18135728,-0.72264457,-0.23450752,-0.5397789,0.19477354,-0.04774105,-0.12108392,-0.07715678,1,chr6:17600812:suprapubic_skin:0,TP,1
0.7547181,0.5676791,0.5184995,-0.18225074,0.26136294,1.1067983,0.9776518,-1.1642839,0.93440974,0.86015666,1,chr15:63056401:gastrocnemius_medialis:0,TP,1
-3.8724804,0.0920053,1.3701633,-0.15930536,0.3430308,-0.7114899,0.24460028,-0.34715235,-0.28881925,-0.13956696,1,chr6:32665713:gastrocnemius_medialis:0,FN,0
-3.967282,-0.6655668,0.5479012,-0.7262788,-1.0387969,-0.40778756,0.037957355,-0.5209982,-0.63843304,-0.21829863,0,chr10:103859919:spleen:0,TN,0
1.031983,0.54039675,0.7394266,2.0245962,0.47267365,0.7364433,0.9172218,-0.48960006,-0.37067688,-0.39944252,1,chr18:48137415:body_of_pancreas:0,TP,1
-3.4909098,-1.2312367,-0.23464443,1.337648,0.005357349,-0.159918,-0.14943075,-0.9230928,-0.061050374,0.33626008,1,chr19:55279722:esophagus_squamous_epithelium:0,FN,0
-3.685212,-0.73269725,0.9876233,-0.2879879,-1.0209626,-0.45353252,-0.07676287,-0.16536519,-0.14071399,-0.10481656,0,chr18:3029460:testis:0,TN,0
-4.058589,0.49850085,-1.2021639,-0.73583806,0.9599585,0.08587058,-0.13638836,-0.673861,0.33700073,-0.35395125,1,chr11:86515602:spleen:0,FN,0
-4.4214997,0.9288801,0.32324037,0.05061872,-0.9347177,-0.24526234,-0.10083285,-0.73736024,0.13897021,0.5209044,1,chr4:42656126:body_of_pancreas:0,FN,0
-2.2492201,-2.8302307,1.0710207,0.5718877,0.58495396,0.042961944,1.17613,-0.708802,-0.643695,0.051843528,0,chr18:3306330:suprapubic_skin:0,TN,0
3.625027,-0.92769825,-0.7193119,0.9524079,-0.29217127,-0.1393817,-0.6917157,0.2555424,-0.49516186,0.4656298,1,chr16:58197748:esophagus_squamous_epithelium:0,TP,1
-2.1681728,-1.1453917,0.1924157,-1.2541667,-0.6804852,1.5183593,-0.07371677,1.0105826,-0.36366573,-0.19474669,0,chr3:19889250:gastroesophageal_sphincter:0,TN,0
0.5978167,-2.1002874,-0.4251884,-0.14256176,1.9748826,-0.8709901,0.07403268,-0.35342246,-0.3378301,-0.52893263,0,chr16:70618435:tibial_nerve:0,FP,1
-2.5040185,1.5570395,0.06277779,-0.5460387,-0.51543,0.1757684,-0.39152685,0.23941936,0.17660864,0.098673396,0,chr6:26031582:prostate_gland:0,TN,0
-3.5268283,0.473048,1.03969,-1.0469233,-1.3141133,-0.7619406,-0.6318312,-0.25207645,0.1457071,0.23358007,0,chr16:18796122:gastrocnemius_medialis:0,TN,0
1.5135806,-0.2511912,-1.2253202,-0.53985125,0.59235483,-0.2474187,0.098573685,1.3534279,-1.0897673,1.2208043,0,chr8:141149204:gastroesophageal_sphincter:0,FP,1
5.0939417,-0.39237145,-0.05282439,-0.6365348,-0.3993412,-0.33558962,0.25383726,-0.05229562,-0.055808026,-0.28136826,1,chr17:43360116:Peyers_patch:0,TP,1
4.1589227,0.42654467,0.84849805,0.54195565,0.17555094,0.19713849,-0.238361,0.1579902,0.16824262,-0.2692387,1,chr2:1658080:thoracic_aorta:0,TP,1
-3.7179031,0.45633122,0.08200714,0.5846996,-0.046975266,-0.13555191,1.0910951,-0.21237324,0.41739327,0.09649293,0,chr1:160094801:transverse_colon:0,TN,0
4.6132708,-0.32307538,0.14523228,0.21008065,-0.15742663,0.2919779,-0.7950645,-0.23516229,0.12738556,-0.035551667,1,chr9:129437465:body_of_pancreas:0,TP,1
-3.3770273,1.8497514,0.10054852,-0.98136336,0.115290165,0.62409216,0.5443112,-0.12017076,1.1249704,0.53412914,0,chr4:33722639:gastrocnemius_medialis:0,TN,0
-2.5385764,0.40658617,-0.2209885,0.4075473,0.18697919,0.5498996,0.9289165,0.94762886,-0.41136977,-0.031451087,0,chr22:44728414:spleen:0,TN,0
1.2949584,1.3575146,1.7173928,1.700371,0.65288967,-0.1710517,0.1524763,0.12123923,0.29603416,-0.3983877,0,chr9:127790828:spleen:0,FP,1
-3.2018752,-1.3377246,1.0051191,-0.75337875,-0.59052444,0.82426614,-0.4604196,0.9734444,-0.9256919,-0.47194535,0,chr17:8479880:sigmoid_colon:0,TN,0
-3.2479832,-1.3740886,-1.1864548,1.3673481,-0.021474952,-0.22221984,0.09522645,-0.5652756,0.8283166,0.0462931,1,chr12:52874225:prostate_gland:0,FN,0
5.2474456,-0.81012577,-0.017670054,-0.47607186,-0.35335878,-0.10353673,0.061673027,-0.20961204,0.045038097,-0.098088995,1,chr9:63859633:spleen:0,TP,1
5.1522937,-0.5061601,-0.02423897,-0.35713375,-0.29306942,-0.13991755,-0.09230678,-0.17284228,-0.020585338,-0.2128144,1,chr11:47642410:thoracic_aorta:0,TP,1
-3.3987849,0.29124406,-0.056172475,-0.92098063,-0.86444813,0.13753745,-0.13374111,0.4895314,-0.18339169,-0.24915567,0,chr6:14095107:tibial_nerve:0,TN,0
-3.6319392,0.4532613,1.2133863,0.020212952,-0.5972245,-0.44436148,0.11975785,-0.16484489,-0.007277802,0.0010368637,1,chr4:119095858:spleen:0,FN,0
1.1921427,-0.0075752977,0.30014658,2.2643766,0.27564293,-1.0135427,-0.062010303,0.10875211,-0.09730712,0.09056962,1,chr17:21551728:tibial_nerve:0,TP,1
-1.6816158,-1.1946299,1.8058487,1.494031,0.41131625,0.57964057,0.77316475,0.3918982,-0.026339613,0.17664798,0,chr10:114544105:spleen:0,TN,0
-3.551029,-1.8839296,0.5983655,0.16782947,-0.24789272,-0.7565216,-0.27802262,-0.956389,0.3561403,0.111508235,0,chr16:28750969:Peyers_patch:0,TN,0
4.879454,-0.16122168,0.37223843,-0.0828834,-0.19359104,0.277994,-0.34386906,-0.4006207,0.28842503,-0.5471601,1,chr3:71126854:body_of_pancreas:0,TP,1
-3.5905192,1.6033751,-0.22797695,-0.397297,0.593743,-0.62278116,-0.28329358,-0.15144831,0.22223175,-0.45271724,0,chr6:105399060:gastrocnemius_medialis:0,TN,0
5.1182194,-0.61321706,0.08499741,-0.548681,-0.35588866,-0.070933126,0.105207555,-0.2263244,0.07221467,-0.38057122,1,chr22:16339427:esophagus_muscularis_mucosa:0,TP,1
-2.9774392,-0.42227894,1.6052294,0.5909727,0.5036405,-1.0333309,0.3765809,0.45197418,0.40160382,-0.089286946,0,chr10:114544696:esophagus_squamous_epithelium:0,TN,0
5.078066,-0.03132366,0.15039213,-0.09037268,-0.5225561,0.025618678,-0.12836376,-0.13028403,0.022396088,-0.14386484,1,chr20:36461197:gastroesophageal_sphincter:0,TP,1
-3.0690124,-0.43434435,-0.13448367,0.57394594,1.29109,-0.562543,-0.21057273,-0.3601021,0.49719504,-0.7024749,0,chr12:6471415:body_of_pancreas:0,TN,0
4.9455166,0.10719738,0.1531188,-0.27660117,-0.56506103,-0.121453725,-0.124056324,-0.24880242,0.12623714,-0.4662711,1,chr2:67906572:testis:0,TP,1
2.9232085,0.2366427,-0.19661613,1.6578461,-0.6591749,0.8049894,-1.3004363,-0.065777384,-0.4075297,0.59587973,1,chr1:156082827:sigmoid_colon:0,TP,1
-1.6162194,-1.0079731,0.9611922,1.3824781,1.5138035,-0.47526875,0.8974198,-0.15520886,0.58822316,-0.2974178,1,chr16:87015755:spleen:0,FN,0
-3.8036032,-0.23873201,-1.5720632,0.53659976,-1.3057156,0.072546855,-0.8413238,-0.70007205,-0.32708657,0.42313898,0,chr15:96354776:upper_lobe_of_left_lung:0,TN,0
-3.6159775,1.3149523,-1.105908,-0.88450664,0.9953169,0.17646952,-0.6658764,0.30100998,1.481276,-0.41437063,1,chr10:58624128:gastrocnemius_medialis:0,FN,0
-0.81337655,3.5892847,-1.2610788,-1.1469947,0.82597244,-1.1291102,-0.032318126,0.54429233,-0.56179285,0.18427995,0,chr11:33301031:gastrocnemius_medialis:0,FP,1
4.126912,-0.72859824,-0.20539294,0.07761829,0.5155046,0.06872934,-0.023924349,0.02887833,-0.014621333,0.49719444,1,chr4:185806670:body_of_pancreas:0,TP,1
5.055199,-0.11755869,0.27132478,-0.27573845,-0.29490596,0.021384997,-0.28673816,0.00047541436,0.1449163,-0.18369873,1,chr1:228458851:tibial_nerve:0,TP,1
-4.0157814,1.0393292,1.4362553,-0.18066892,-0.2643752,-0.5601032,0.08689285,-0.4045939,0.26313218,0.38883677,0,chr11:33691288:Peyers_patch:0,TN,0
4.548698,0.6653197,0.49984652,0.51639605,-0.32114634,0.41514832,-0.84831494,-0.143443,0.26569834,-0.21720754,1,chr19:35900821:gastroesophageal_sphincter:0,TP,1
-3.8726845,-0.026441446,-0.85357934,1.3695455,-0.9130591,-0.11136088,0.113301784,-0.8662258,-0.38130125,-0.13838348,0,chr10:6145618:spleen:0,TN,0
-2.6479933,-1.8423916,-0.02272972,0.28958598,-0.05366354,-0.27948937,0.24100393,1.3122997,0.14455807,-0.8644642,0,chr14:100548080:body_of_pancreas:0,TN,0
5.0777764,-0.48990116,-0.07855499,-0.85855615,-0.23468049,-0.5749104,0.30584452,-0.025600875,-0.04944936,-0.19806328,1,chr7:142771786:body_of_pancreas:0,TP,1
-1.5439425,0.3392745,-1.4922402,1.2685659,-0.55736,0.48827684,0.68026775,0.52935207,-0.0060798298,0.08989361,1,chr22:48691271:tibial_nerve:0,FN,0
4.989049,0.0693902,0.3625248,-0.16315834,-0.40122032,0.060389668,-0.36711606,-0.12665458,0.17427126,-0.45594287,1,chr17:56977310:gastroesophageal_sphincter:0,TP,1
2.609423,-0.5743514,-0.11692281,-0.45744538,1.1107498,-0.5103158,0.68114537,0.812127,-1.2486172,1.837584,1,chr1:21935424:transverse_colon:0,TP,1
-2.905202,-0.4787692,0.96579313,0.59022397,0.3575617,-0.694933,0.21785137,0.29616877,0.90998405,-0.24222416,1,chr3:125207859:body_of_pancreas:0,FN,0
4.9749727,-0.6253491,-0.19237573,-0.5111335,-0.089925855,-0.31267455,0.11679493,-0.13039175,-0.055256605,0.0041859583,1,chr9:129442809:transverse_colon:0,TP,1
4.861961,-0.21593797,-0.035469398,-1.0806454,-0.29993707,-0.4112439,0.30957666,-0.05818045,0.030614737,-0.18511456,1,chr6:32667441:spleen:0,TP,1
-3.0015292,1.4813758,-1.5234394,-0.9567474,1.2143377,0.21341604,-0.71919954,0.55902237,0.046944905,0.2569186,0,chr15:45637225:esophagus_squamous_epithelium:0,TN,0
-3.6616852,0.015296849,1.3151001,-0.51317126,-1.3112582,-0.706056,-0.4052281,-0.119152166,-0.20504671,0.45313716,0,chr6:15477098:gastrocnemius_medialis:0,TN,0
-2.6900303,-1.2418722,-0.25227734,-0.84948456,-0.838167,0.5718281,-0.36929393,1.4807454,-0.5518511,-0.7960939,0,chr7:47572353:prostate_gland:0,TN,0
-4.158555,1.3590536,0.17539056,-0.7884796,1.1126745,-0.5354898,-0.13960472,-0.45399383,-0.08150044,-0.3201526,0,chr20:1123849:gastrocnemius_medialis:0,TN,0
-2.6732907,-1.0756794,-2.2964096,1.6398141,-0.8692385,0.57150537,0.34142262,-0.418262,-0.74988025,-0.44813538,0,chr9:136728193:transverse_colon:0,TN,0
3.8134325,0.18175131,-0.80120367,-0.49340624,-0.026139842,-0.92100626,0.20581631,0.24104932,0.1178684,-0.30367953,0,chr9:129596833:Peyers_patch:0,FP,1
4.730107,0.078832775,-0.11107119,0.26503173,-0.05533985,-0.22071312,-0.11938061,-0.07468207,-0.19553949,0.21980838,0,chr20:62805149:Peyers_patch:0,FP,1
5.1385007,-0.6614187,-0.18141663,-0.65808165,-0.26172322,-0.50601923,0.30425608,0.021930393,-0.12228461,-0.039334755,1,chr3:75785531:upper_lobe_of_left_lung:0,TP,1
4.6465163,-0.5379431,-0.47033313,0.57860583,-0.061667487,-0.103532575,-0.19248545,-0.36306486,0.12534857,-0.07753458,1,chr2:178451029:sigmoid_colon:0,TP,1
-1.5591872,-0.791727,1.7867553,0.8390097,0.9062499,-0.14104685,-0.87409633,1.2485844,-0.49470118,-0.6075464,0,chr17:15264357:Peyers_patch:0,TN,0
4.6844153,0.109073475,0.433337,0.584794,-0.16829154,-0.037749365,-0.7570322,-0.20088121,-0.055521112,-0.022180147,1,chr19:55600444:sigmoid_colon:0,TP,1
4.9014587,0.11746767,-0.13249344,-0.2944478,-0.13515444,-0.3790285,0.2801741,-0.02832781,-0.31688735,-0.114126354,1,chr8:38060148:body_of_pancreas:0,TP,1
5.018615,-0.59314084,-0.04582885,-0.5301123,0.064496726,-0.23829663,-0.005416832,0.25415993,-0.17339356,0.44362012,1,chr6:99516089:upper_lobe_of_left_lung:0,TP,1
4.910118,-0.28304106,0.12357324,-0.38568154,-0.23847394,0.094603546,0.1782816,-0.14243697,0.028778005,-0.3131142,1,chr6:32588187:gastrocnemius_medialis:0,TP,1
-0.5975568,-0.590118,0.565271,1.5658003,1.1261203,0.2526691,1.9942305,-0.03993754,-0.41890514,-0.6339495,0,chr7:3164455:body_of_pancreas:0,FP,1
2.4597466,0.018543415,0.20869695,0.47090545,0.40223795,0.5671226,-0.18780702,0.89630127,0.64999926,-0.4343191,1,chr19:3371903:sigmoid_colon:0,TP,1
3.4835045,-0.7504676,-0.6797802,-0.91711795,0.37236997,-0.70395595,0.42377827,-0.036798842,-0.38347936,-0.24580607,1,chr14:30690596:suprapubic_skin:0,TP,1
3.1049988,-1.2441007,-0.4866556,-0.9327923,0.84652454,-0.65879774,0.1332655,0.09179852,0.4042166,-0.42139798,1,chr4:51023823:Peyers_patch:0,TP,1
-3.2157638,-0.9519347,0.22062686,-0.045900375,1.7028276,-0.44048637,0.08904573,-0.3379361,-0.84025264,0.015673347,1,chr14:75288226:spleen:0,FN,0
-2.3517785,-0.931392,-1.694963,-0.5203995,0.4171418,-0.4137427,-0.4522494,0.9117403,1.0456872,0.12076993,0,chr22:46596936:tibial_nerve:0,TN,0
-2.7546346,-1.5839531,-0.07614494,-1.160624,-0.8708644,0.58876866,-0.6441093,1.5922816,-0.22013515,-1.042214,1,chr3:19889569:gastrocnemius_medialis:0,FN,0
0.21512848,3.8079023,0.26902068,-1.1639884,-0.5484978,1.3123324,0.46863335,-0.35367256,0.52360016,0.39851928,1,chr4:183438779:body_of_pancreas:0,TP,1
4.682093,-0.267122,-0.3075518,-0.28640947,-0.3612952,-0.30015963,-0.3464322,0.033461194,-0.11424589,0.0012440978,1,chr10:94403625:esophagus_muscularis_mucosa:0,TP,1
-3.9035292,-0.6363401,-0.31745982,-0.21759705,-0.92264855,-0.03640896,0.17721272,-0.47337723,-1.4344689,-0.82302773,0,chr1:826892:testis:0,TN,0
5.1156,-0.8271874,-0.115663216,-0.8212995,-0.24099702,-0.341214,0.45174435,0.014770385,0.09243037,-0.071744904,1,chr3:16366564:tibial_nerve:0,TP,1
4.0654783,-0.5851999,-0.33103433,-0.64186436,0.268846,0.39613605,-0.00070626306,-0.76118124,-0.1789808,0.04391858,1,chr19:2607099:esophagus_muscularis_mucosa:0,TP,1
5.153505,-0.6558609,-0.015948646,-0.5516727,-0.26214436,-0.2503342,0.11617277,-0.1655216,0.020091845,-0.18185969,1,chr6:17600871:gastroesophageal_sphincter:0,TP,1
-2.3313596,-0.31316072,-2.3558793,0.28739122,-0.20071563,-0.5478481,-0.028814407,-0.13047642,-0.5686336,0.8825324,1,chr19:53554522:body_of_pancreas:0,FN,0
5.2630115,-0.6366254,0.046044093,-0.4792325,-0.34481475,-0.12709416,-0.11297346,-0.18492004,-0.049525753,-0.16482988,1,chr12:42144490:spleen:0,TP,1
-1.9066309,-2.0383646,0.32718158,-1.1860669,-0.6101339,0.71702385,0.104536526,0.025789548,0.1502887,0.67662525,0,chr10:110279472:esophagus_muscularis_mucosa:0,TN,0
-2.9468791,-0.07497959,-1.1749468,0.047060426,0.6069407,0.3277754,-0.17517875,0.5468396,-0.4735276,-0.18966436,0,chr19:48558057:esophagus_squamous_epithelium:0,TN,0
-3.194228,-0.11111871,-0.7033152,-0.7013226,1.6053009,0.19278994,-0.32696402,-0.4038441,0.3220579,0.08563536,1,chr2:46717413:gastroesophageal_sphincter:0,FN,0
3.8041492,-0.048738323,0.38752183,1.27505,-0.39912862,0.02068092,-1.2923269,-0.10414258,0.12527888,0.588622,1,chr19:12946073:esophagus_squamous_epithelium:0,TP,1
-1.0032119,0.22485596,-2.3300698,1.6200199,-0.65729016,0.39948264,0.7239329,-0.3861814,-0.4124105,0.3010875,0,chr19:18438073:gastrocnemius_medialis:0,TN,0
-3.118651,-1.624521,0.724383,-0.28599507,0.64384866,0.95264554,0.059069026,0.37989938,-0.27062565,0.11891162,0,chr12:11854985:spleen:0,TN,0
4.321806,0.38918403,-0.057864998,0.7122035,-0.10195513,-0.008068221,-0.66775423,-0.058170307,-0.21338893,0.3873895,1,chr16:2520692:stomach:0,TP,1
-3.4163296,1.6484824,-0.4074415,-0.50948673,1.4343848,-0.15927176,-0.27776024,-0.29776195,-0.059985876,-0.87390447,0,chr16:22448990:gastrocnemius_medialis:0,TN,0
0.2857114,-0.54144835,-1.2463933,0.517563,0.8208987,-0.6550677,0.18294175,-0.03799485,-1.118698,0.51460916,0,chr22:41800906:gastroesophageal_sphincter:0,FP,1
-4.1157956,1.1088641,-0.26318502,0.10000181,-1.3677144,-0.41522238,0.45171794,-0.54881144,-0.0014351095,0.17704172,0,chr1:234539055:esophagus_muscularis_mucosa:0,TN,0
-3.539889,-0.32839045,0.699193,-0.6567136,-0.89025795,0.3067577,0.12373438,-0.18986563,-0.06431658,0.37708718,0,chr2:126850867:gastrocnemius_medialis:0,TN,0
-0.71716917,1.3608073,-0.8567283,-0.6110889,0.9063969,-0.26256478,0.3440974,-0.20048703,0.26007915,-1.1540729,0,chr2:39403448:gastrocnemius_medialis:0,FP,1
-3.3615813,1.6809849,-1.405728,-0.96892387,0.73921084,-0.24155557,-0.53321373,0.10167647,0.034425486,-0.0070846295,0,chr20:48724467:spleen:0,TN,0
2.609423,-0.5743514,-0.11692281,-0.45744538,1.1107498,-0.5103158,0.68114537,0.812127,-1.2486172,1.837584,1,chr1:21935424:esophagus_squamous_epithelium:0,TP,1
4.6725545,-0.38728923,-0.49314764,-0.46540788,-0.15751353,-0.65223944,0.61981016,0.13139504,-0.24467853,0.17098184,1,chr11:22193356:gastroesophageal_sphincter:0,TP,1
4.603194,-0.5252409,0.023867317,0.14558738,0.22811437,0.18515527,0.124980256,-0.24955389,0.20907174,0.019284094,1,chr15:90098530:sigmoid_colon:0,TP,1
5.0116987,-0.09966589,-0.21086062,-0.68707454,-0.2582139,-0.44277507,0.32997262,0.0130744,-0.110803,-0.1410639,1,chr7:142755356:body_of_pancreas:0,TP,1
4.596246,-0.808007,-0.3598503,-0.8604068,0.09359013,-0.08720036,0.35150218,-0.42749023,-0.06425533,-0.05470453,1,chr9:27690769:transverse_colon:0,TP,1
3.0645201,-0.28703204,-0.9170693,1.9021899,0.18724886,-0.60261047,0.27675024,0.55423915,-0.06294375,0.66127944,0,chr9:33167269:transverse_colon:0,FP,1
-3.7323852,0.046076123,-0.78471416,-1.0145516,-0.6185421,-0.6782862,-0.2537059,-0.24852924,0.40498358,-0.20561466,0,chr20:43767751:esophagus_muscularis_mucosa:0,TN,0
-4.7743373,1.2712402,-0.06874088,-0.744344,0.91480154,-0.30036908,-0.6087478,-0.15898845,0.27270976,-0.642253,0,chr10:73888490:sigmoid_colon:0,TN,0
-3.4475646,2.1761773,0.717162,-0.042778928,-0.7875667,-0.38093752,0.8663556,-0.5635263,0.051537935,-0.1984428,0,chr13:110217085:spleen:0,TN,0
-1.8077469,-1.0946254,0.5137135,-0.35942394,0.46844807,0.2481397,-0.0923923,0.57961035,0.77308524,0.20654611,0,chr5:119329697:esophagus_squamous_epithelium:0,TN,0
-2.9767263,0.17501315,-0.9776432,0.9313411,-0.7132198,-0.715601,0.63241965,-0.036557976,0.22319672,0.1438562,0,chr19:1262039:tibial_artery:0,TN,0
3.1615067,0.7580679,-0.13370304,0.5929272,-0.4426819,1.916604,0.40914473,-0.117588945,-0.0033619124,-0.09185693,1,chr17:1029308:transverse_colon:0,TP,1
4.8422413,0.08581669,0.5680756,0.07606099,-0.16982646,0.12435766,-0.32118654,-0.20531265,0.030951297,-0.29328224,1,chr17:44980596:Peyers_patch:0,TP,1
0.14437082,-0.7829484,-1.0378317,-1.5618515,1.7804943,0.4669432,-0.13032742,-0.4407935,-0.019810265,0.64722264,0,chr4:110503150:gastrocnemius_medialis:0,FP,1
4.6940145,-0.64415866,-0.2556835,-0.78027266,0.0029902102,0.103821225,0.3322051,-0.6089618,-0.031444885,-0.103389695,1,chr9:27690768:spleen:0,TP,1
3.6433237,0.9400076,-0.13984612,-0.31070265,-0.007220296,-0.20106661,-0.101885095,-0.63174516,0.11554017,-1.1927415,1,chr3:16366894:tibial_nerve:0,TP,1
4.4849505,0.4549936,-0.07274952,0.35781983,-0.2356655,0.009221863,0.31947812,-0.13864803,0.22139385,-0.41997862,0,chr17:44109444:transverse_colon:0,FP,1
-1.3205453,3.781789,-0.74250805,0.68598384,-0.8041285,0.5994036,2.1267836,0.9953811,-0.22957787,-0.4534902,1,chr2:231410039:body_of_pancreas:0,TP,1
4.548698,0.6653176,0.49984723,0.516397,-0.32114553,0.41515094,-0.84831494,-0.14344312,0.26569912,-0.21720652,1,chr19:35900821:esophagus_muscularis_mucosa:0,TP,1
-2.6022751,-1.5079694,1.0130651,-0.74333763,-0.23155962,0.14320223,-1.1688638,1.2039422,-0.098733805,-0.06744744,1,chr5:109694339:gastrocnemius_medialis:0,FN,0
0.1672841,-0.5009415,0.88843256,2.0209432,0.6751735,0.28566137,-1.0265704,0.13840911,-0.8399395,0.055845864,0,chr17:63774325:gastrocnemius_medialis:0,FP,1
-2.0671136,-0.7692389,-2.1088874,1.6863809,-0.76286876,0.14539874,-0.6801411,-0.74129266,-0.6937649,1.3253764,0,chr19:489165:gastroesophageal_sphincter:0,TN,0
-3.613362,0.022739908,0.9669047,-0.6611665,0.24520595,0.09281251,-0.853462,0.4039235,0.552267,-0.1342768,0,chr14:21235304:body_of_pancreas:0,TN,0
-0.8664651,2.3002808,-0.14117625,-0.9210068,-1.2753626,1.442723,0.49603295,0.48964027,0.02089449,0.22227618,0,chr14:95527048:transverse_colon:0,FP,1
-2.3573647,-3.096563,1.7136213,0.2667873,-0.22495748,0.3986903,0.7254204,-0.2915656,-1.0997984,0.04172666,0,chr8:38902386:stomach:0,TN,0
4.9445767,-0.5413877,-0.10656599,-0.037805427,-0.33001035,-0.052714102,-0.31196696,-0.09098937,0.06673268,-0.016495246,0,chr17:44123672:esophagus_squamous_epithelium:0,FP,1
-3.216606,1.1106766,-0.2787705,-0.9051212,1.0610117,0.254729,-0.5631409,0.20088331,0.09580437,0.06539935,0,chr1:115751341:sigmoid_colon:0,TN,0
-3.249739,0.45095888,-0.8288863,-0.13001356,1.9828835,0.04969162,-0.18456012,-0.023998199,-0.33570403,-1.0637311,0,chr7:140359421:spleen:0,TN,0
-2.9970603,-0.5204008,1.2185972,-0.18911749,0.08147737,0.13546161,0.35001498,0.07145986,0.1931014,0.26832092,0,chr5:72451620:gastrocnemius_medialis:0,TN,0
-1.8481131,-2.7789583,-0.43337926,0.6811356,0.19663642,0.061338965,0.08580836,0.09779185,-0.25772342,-0.3480654,0,chr11:2902583:sigmoid_colon:0,TN,0
4.7759824,0.263807,0.4454981,0.44712058,-0.0937607,0.00585615,-0.61842066,-0.07214351,-0.031916503,0.07896974,1,chr9:129437665:esophagus_muscularis_mucosa:0,TP,1
4.6132708,-0.32307538,0.14523228,0.21008065,-0.15742663,0.2919779,-0.7950645,-0.23516229,0.12738556,-0.035551667,1,chr9:129437465:thyroid_gland:0,TP,1
-2.2721157,-1.6372607,0.3592559,0.534959,-0.11136645,0.46308717,0.23550873,0.32662854,0.80738455,0.4627515,0,chr21:42040742:Peyers_patch:0,TN,0
3.7029638,-0.07324176,-1.0424699,0.11555294,-0.3109505,0.11114325,0.9204589,0.01340764,0.23845893,0.09653736,0,chr12:6538661:esophagus_muscularis_mucosa:0,FP,1
-2.406746,-0.97952396,2.2932048,0.5988562,1.0846078,-0.58776355,0.10113047,-0.10656019,0.20702764,0.43320915,0,chr8:27608639:sigmoid_colon:0,TN,0
-3.0807025,-1.0398897,-0.6217673,0.62417406,0.018020488,0.3669306,-0.12596536,1.0338258,0.7154742,-0.51421183,1,chr11:77073981:body_of_pancreas:0,FN,0
-1.7090257,0.4654569,-0.9448794,1.0025167,0.23293191,0.5060534,0.21138942,0.7472515,0.7496796,-0.4528574,0,chr17:48024789:esophagus_muscularis_mucosa:0,TN,0
-3.6883078,-0.7490211,0.04173181,-0.9319684,-1.4264656,0.99394,-0.50534403,-0.035100225,-0.6922817,-0.12732358,1,chr1:15524057:gastrocnemius_medialis:0,FN,0
4.7759824,0.263807,0.4454981,0.44712058,-0.0937607,0.00585615,-0.61842066,-0.07214351,-0.031916503,0.07896974,1,chr9:129437665:sigmoid_colon:0,TP,1
4.8159986,-0.23547833,0.28764486,0.4133544,-0.10711472,0.033230778,-0.50150114,-0.14691891,-0.046018474,-0.12649529,0,chr15:75348373:esophagus_squamous_epithelium:0,FP,1
-3.3415556,-1.1306089,-0.3285212,1.3260062,0.3272499,0.42082897,1.0682143,-0.047528464,-0.46251693,-0.5772688,1,chr17:81050152:body_of_pancreas:0,FN,0
5.121929,-0.8705617,-0.117330946,-0.48999688,-0.115831934,-0.24601436,0.40321922,-0.0993254,0.03455154,-0.3095377,1,chr9:129438361:prostate_gland:0,TP,1
-4.292049,1.2681994,0.07020249,-0.38746613,-1.487656,-1.0060574,0.066002786,0.0486765,0.42120582,-0.21525492,0,chr8:100472383:Peyers_patch:0,TN,0
-2.0153723,-0.24182977,0.25353312,1.4158795,0.38362372,0.28714117,0.6037716,-0.22724925,-0.45216432,0.31868947,0,chr9:67712436:stomach:0,TN,0
-3.0532846,1.3606638,-0.83802444,-1.1105726,1.2264929,-0.3745847,-0.6457309,-0.042111844,-0.5275658,0.4563062,0,chr20:38981153:transverse_colon:0,TN,0
-3.9094825,-0.10725994,0.7333079,-0.13831058,-1.1085825,-0.17343044,0.03810107,0.42092606,-0.35863546,-0.24359621,0,chr2:226478796:sigmoid_colon:0,TN,0
1.1164323,4.049479,0.60036266,-1.5283982,-1.1198984,1.1362586,0.34832615,-0.7681353,0.355352,1.1595743,1,chr8:102541628:gastrocnemius_medialis:0,TP,1
5.122896,-0.47151017,-0.118333094,-0.58288246,-0.2520678,-0.30175474,0.42257273,-0.046209265,-0.029467512,-0.15238135,1,chr3:75785609:tibial_artery:0,TP,1
-3.7046537,1.0525177,1.1413301,-0.66739464,-0.7849433,-0.799476,0.1814724,-0.504476,0.27115327,0.39493024,0,chr2:108633610:sigmoid_colon:0,TN,0
-0.3167351,4.7992444,0.09923755,-0.2725095,-0.41835487,0.12992921,0.27417123,0.015184671,0.6253984,-0.1542864,0,chr5:80186980:esophagus_squamous_epithelium:0,FP,1
-0.9973184,-1.051843,-1.2047997,-0.42837194,1.773131,-0.013431275,-0.14575954,0.4180962,-0.28222707,0.8314316,1,chr3:195966517:Peyers_patch:0,FN,0
-3.8220348,0.48817593,1.0172698,-0.33289602,-0.33824402,-0.089276776,0.07329961,0.065481246,0.46161687,0.44743273,1,chr10:3764452:esophagus_squamous_epithelium:0,FN,0
4.578103,0.8493029,0.49985406,0.40070605,-0.17025508,0.34057775,-0.57417566,0.019905197,0.15404303,-0.16066286,1,chr14:77269783:prostate_gland:0,TP,1
-2.8742356,-2.661851,0.13477197,-0.1645162,0.20394509,0.92561644,-0.50809747,0.33011553,-0.45055157,-0.4949731,0,chr12:53677637:upper_lobe_of_left_lung:0,TN,0
-2.0371149,0.7329724,0.2617017,0.30663702,1.1271943,-0.120464,-0.45871687,-1.008968,0.61577505,-1.3727064,1,chr13:20120444:spleen:0,FN,0
0.30164525,0.077428915,-1.3528192,-0.31863204,0.5499005,-0.40086642,-0.24208641,0.61866754,-0.013567894,0.1182946,0,chr12:6297731:transverse_colon:0,FP,1
4.4423804,1.0152795,0.8465106,0.17092936,-0.18729536,-0.14624949,-0.37728786,0.04856107,0.18486713,-0.5117853,1,chr5:143140746:body_of_pancreas:0,TP,1
-0.3916264,2.067169,1.1051918,1.2363224,-0.34093407,0.37403494,0.049264435,0.68938917,-0.08319249,0.17246385,0,chr16:84302970:upper_lobe_of_left_lung:0,FP,1
-4.3450384,0.63773865,-1.4506958,-1.0412614,1.2576306,0.3857888,-0.5012822,-0.65772724,-0.16893972,-0.2587867,0,chr17:66675357:gastrocnemius_medialis:0,TN,0
4.7632127,0.34054616,0.007455656,0.7652433,-0.40609345,0.12528086,-0.13711992,-0.13172728,0.12734789,-0.13171197,1,chr7:30284569:transverse_colon:0,TP,1
4.981643,-0.18589443,0.09383988,-0.60807514,-0.4838317,-0.17259462,0.24214183,-0.1298462,-0.005163629,-0.20068303,1,chr3:34208835:tibial_artery:0,TP,1
-3.233877,-0.60434085,0.32564574,-0.08516163,-0.28224388,0.18691316,-0.10118824,0.8625766,0.46807623,0.25747958,0,chr11:33724803:esophagus_muscularis_mucosa:0,TN,0
3.8041456,-0.048740767,0.38752198,1.2750521,-0.39912808,0.020681677,-1.2923279,-0.10414215,0.12527959,0.58862275,1,chr19:12946073:spleen:0,TP,1
-1.5343579,1.3405695,1.9185861,-0.77362823,0.9245104,0.20945658,0.2979057,-0.63717735,-0.15546001,0.6714856,0,chr8:8289430:spleen:0,TN,0
-1.595737,-0.70911086,-0.111536875,-0.42966953,2.347927,0.63608795,-0.37438643,-0.8873736,0.2648189,-0.13968518,0,chr15:52638648:gastrocnemius_medialis:0,TN,0
-3.6875598,0.1169758,-0.93129313,0.5466823,-1.0922501,-0.12768865,-0.07108304,-0.15889694,-0.71551937,-0.45165196,0,chr4:189941131:sigmoid_colon:0,TN,0
-2.0630808,0.6597369,-2.2174258,1.2053379,-1.1945508,1.0403993,0.599661,-0.0056634853,-1.189011,-0.23490527,0,chr10:32347408:tibial_nerve:0,TN,0
4.9483213,0.047462218,-0.16194195,-0.438661,-0.10186267,-0.40543714,0.1510332,0.23172686,-0.11000992,0.25845134,0,chr10:100529320:sigmoid_colon:0,FP,1
4.83767,0.37922296,0.43494794,0.18656942,-0.44335103,0.10789671,-0.5107313,-0.15731348,-0.012852642,-0.04166725,1,chr7:74657687:gastroesophageal_sphincter:0,TP,1
-3.6215384,0.010486128,-0.14288844,0.75660163,0.23206103,-0.4652644,0.7238847,-0.25504398,0.4204914,0.23934336,1,chr7:100973350:transverse_colon:0,FN,0
-2.9366508,0.50474674,1.817573,0.73074865,0.6565205,-0.7827385,0.11648,-0.3196417,0.07603158,0.102136634,0,chr19:52049505:esophagus_muscularis_mucosa:0,TN,0
-3.6608264,1.6177229,-0.47570935,-0.65076727,-1.6060735,-0.40671125,-0.32766342,-0.5288619,0.40982193,0.05160096,0,chr12:109463307:Peyers_patch:0,TN,0
-2.6300712,-1.5886785,0.3426287,-0.68253326,0.47064126,0.9291976,-0.070437156,0.47447243,0.02002743,0.3982181,1,chr3:189811062:gastrocnemius_medialis:0,FN,0
-1.5240469,-1.9436282,1.2411406,-0.94164205,0.34939995,0.87088245,-0.082399786,0.4747899,-0.047242563,0.2052118,0,chr4:119727331:gastroesophageal_sphincter:0,TN,0
4.3376756,0.3944442,0.28087476,0.7464792,0.025946833,-0.017589236,0.51872927,-0.15276375,0.0053735687,-0.52674234,1,chr7:100950385:gastrocnemius_medialis:0,TP,1
-3.1852338,-0.26054424,0.6026102,-0.9036885,-0.024022924,1.0473721,-0.18417223,-0.031732835,0.20373191,-0.055697326,0,chr16:83744170:spleen:0,TN,0
-4.3611917,1.7490473,-0.07746139,-0.384008,-0.11949118,0.33773085,-0.13967556,-0.113898806,-0.23442118,-0.8174915,1,chr12:610144:gastrocnemius_medialis:0,FN,0
-3.4039214,0.33129278,-2.0140555,0.978504,-1.1844431,-0.6466139,0.04362627,-0.353115,-0.12660393,-0.8483984,0,chr2:162344401:spleen:0,TN,0
3.0080812,0.4740228,0.41681364,1.5677379,-0.7237473,0.90325,-1.2162832,0.6097073,-0.89041406,0.6847476,1,chr10:28302669:gastroesophageal_sphincter:0,TP,1
2.0362623,0.313777,-0.8870902,1.1845479,0.35044432,0.19193004,1.1470978,0.11541201,0.29937622,-0.060062863,0,chr6:3014248:spleen:0,FP,1
-2.445997,-0.44037196,1.1826104,0.047964636,0.6678554,-0.32723713,-0.20619969,0.098066784,1.1837597,0.31236556,1,chr10:15209137:gastrocnemius_medialis:0,FN,0
-1.8106178,3.0078416,0.16941759,-1.2138017,0.3103472,0.9898018,-0.21762988,-1.244411,0.050289758,0.66139495,1,chr2:109241293:sigmoid_colon:0,FN,0
-4.044887,1.159745,-0.30678266,-1.1804115,0.71761787,-0.366682,-0.33284315,0.46685165,0.47851342,-0.11346031,0,chr1:111537497:gastroesophageal_sphincter:0,TN,0
3.3810225,0.43558902,-0.61657345,-0.32631811,0.5117753,-0.02312409,-0.1439314,0.7793031,-0.47978932,0.7139124,1,chr7:47688697:tibial_nerve:0,TP,1
-1.4750022,0.26474577,-0.40349254,-0.050200935,0.80446154,-0.45658144,-0.4507868,-0.3852929,-0.08355271,0.43389967,1,chr15:101457061:spleen:0,FN,0
-2.630645,-1.1030765,0.34695128,0.28819066,-0.018178,0.99986994,0.48665595,1.0974131,0.6268066,-0.16123866,0,chr2:38533774:sigmoid_colon:0,TN,0
-3.3239284,-1.1518036,1.1132625,-0.9656084,-0.5845293,0.44656846,-0.07077102,0.14167556,-0.76196885,-0.13772403,0,chr10:20642109:spleen:0,TN,0
3.008079,0.4740249,0.41681373,1.567739,-0.72374856,0.90324926,-1.216284,0.6097083,-0.89041567,0.68474644,1,chr10:28302669:spleen:0,TP,1
-2.657323,-0.29497692,-1.4982663,0.6252358,-0.46393156,0.14388466,0.27408984,0.07698984,1.4553272,0.020894414,0,chr18:56638525:tibial_nerve:0,TN,0
-4.0838747,1.3980744,-1.2783688,-0.2554468,0.88629377,-0.1337274,0.6249544,-0.1627755,-0.12329842,-0.16968395,0,chr2:85584105:esophagus_muscularis_mucosa:0,TN,0
-3.3156197,-1.305776,1.3231945,0.7693613,0.70801866,-0.70815337,0.03667594,-0.035539392,0.49091518,-0.13426724,0,chr9:137548545:gastrocnemius_medialis:0,TN,0
-3.261698,-1.0240473,-0.36730358,0.037141003,-0.5812934,-0.45552793,-0.45797062,0.1504648,1.8403234,0.49975958,0,chr4:112637717:testis:0,TN,0
4.951515,0.20415026,0.4239676,0.000997778,-0.23676246,0.08866595,-0.15531081,-0.13653702,0.21248448,-0.4267394,1,chr6:30683949:sigmoid_colon:0,TP,1
-2.4966724,0.045074865,0.8413421,0.3456917,0.4363594,0.42201436,0.5799551,-0.97375983,0.4086849,0.51576275,0,chr3:146155332:esophagus_muscularis_mucosa:0,TN,0
3.6915207,0.6070011,-0.3377256,-0.76300794,0.24701402,0.33026496,0.566583,-0.18023792,0.13439173,0.37554094,1,chr9:42349924:spleen:0,TP,1
-3.038474,-0.33302715,0.17133549,0.19740435,0.6784743,-0.32166618,0.4429025,0.344245,1.5078361,0.0173015,0,chr17:39002935:esophagus_squamous_epithelium:0,TN,0
-3.557039,0.08257182,-0.053664368,-0.56439656,0.53322566,0.5039924,-0.1068406,0.7943307,-0.8604916,-0.039571054,0,chr21:44938593:prostate_gland:0,TN,0
-3.8532784,1.3123736,0.07146775,0.7657205,-0.3351578,-0.19315706,0.52547824,0.36386582,0.095268324,-0.27958474,0,chr16:75589741:thoracic_aorta:0,TN,0
4.914857,0.21553175,-0.15049696,-0.8286915,-0.45933437,-0.5520464,0.52887696,0.048829246,-0.097272746,-0.2539637,1,chr22:24005705:tibial_artery:0,TP,1
-3.0837312,1.0230064,1.0891371,-1.0482075,-0.26016703,0.018833837,-0.13518628,-0.59046745,0.2665928,0.23822813,0,chr4:121599712:gastrocnemius_medialis:0,TN,0
-4.309952,0.10536159,-1.5543263,-0.6404531,0.33546108,0.010224652,-0.17871206,-0.14740965,-0.38451105,-0.14593625,0,chr21:38906852:sigmoid_colon:0,TN,0
0.8866366,2.8679984,-0.5404638,-0.9555582,0.21760558,-0.6226308,-0.11120401,0.5826456,-0.13735995,0.46271515,0,chr10:77592434:gastroesophageal_sphincter:0,FP,1
-3.568152,1.3173869,-0.31157744,-1.0043396,0.54619944,0.6399308,-0.00089302624,-0.040464014,0.5037205,-0.3654138,0,chr7:95600892:gastrocnemius_medialis:0,TN,0
4.6465154,-0.53794146,-0.47033334,0.5786059,-0.06166816,-0.10353501,-0.19248593,-0.36306486,0.1253486,-0.07753488,1,chr2:178451029:gastrocnemius_medialis:0,TP,1
-3.884963,-0.046194002,0.5727001,-0.20222259,0.08827863,0.20118596,0.1457962,-0.060770378,0.4408728,-0.0077422727,0,chr16:7405836:gastrocnemius_medialis:0,TN,0
0.2440078,-0.42618427,-1.5254034,0.18855605,1.8383806,0.764648,-0.9052017,-0.5815209,0.25859398,-0.44716907,0,chr1:150978108:stomach:0,FP,1
-3.9650483,0.5029963,0.6852365,-0.29306406,-0.58523715,-0.6914393,-0.7461342,0.39686978,0.5555259,-0.010260507,0,chr2:8479928:transverse_colon:0,TN,0
-3.1167045,-0.5235183,0.29848024,-1.12822,-1.1150888,0.025068132,-0.50993377,0.31644508,0.5711098,0.19855073,0,chr3:142028797:gastrocnemius_medialis:0,TN,0
4.638143,0.44161224,0.21907175,-0.5138899,-0.2071801,0.19686285,-0.07946991,-0.058544677,0.11672406,-0.060786758,1,chr21:25640826:sigmoid_colon:0,TP,1
4.6132717,-0.32307684,0.14523226,0.21008,-0.15742709,0.2919781,-0.79506415,-0.23516263,0.1273857,-0.035551738,1,chr9:129437465:tibial_artery:0,TP,1
5.0276704,-0.34445748,-0.0598752,-0.5089126,-0.38040748,-0.081829995,0.41313303,-0.032022625,0.017932743,-0.09715272,1,chr3:34208585:gastroesophageal_sphincter:0,TP,1
-3.4039161,0.47868332,-0.58628213,-0.198395,0.4076457,-0.3631601,0.41489935,-0.48665035,-0.115238346,0.69218165,0,chr11:76603889:transverse_colon:0,TN,0
-3.318176,-0.4952706,0.53253883,-0.16344206,-0.044869337,-0.09306915,-0.14471604,0.28597018,0.4636695,0.22601895,0,chr14:75145379:tibial_nerve:0,TN,0
5.0578704,-0.6986577,-0.2046995,-0.73361284,-0.16345651,-0.5621331,0.1748974,-0.037756607,-0.16889884,-0.10104079,1,chr6:17600825:body_of_pancreas:0,TP,1
-1.4543089,0.53388083,0.8517069,0.7945739,0.28060004,0.22450148,-0.35955864,0.70569885,1.0586683,0.7614453,1,chr6:161226534:spleen:0,FN,0
-3.5516512,0.012774884,-0.05817054,0.79281545,1.5700669,-0.48324782,0.111159235,0.04100603,-0.1931643,-0.5615559,0,chr16:29203628:sigmoid_colon:0,TN,0
-3.875224,0.6616451,0.7595423,0.47286013,1.011624,-0.08920582,0.41522232,-0.49071458,-0.038205303,-0.03813421,1,chr3:183765820:gastrocnemius_medialis:0,FN,0
-3.6883078,-0.7490211,0.04173181,-0.9319684,-1.4264656,0.99394,-0.50534403,-0.035100225,-0.6922817,-0.12732358,1,chr1:15524057:sigmoid_colon:0,FN,0
-3.0185943,-0.63204175,0.35349935,-0.8256331,-1.0224627,0.04337549,-0.2847146,0.56636786,0.4630474,0.045358717,0,chr15:63212928:stomach:0,TN,0
2.609423,-0.5743514,-0.11692281,-0.45744538,1.1107498,-0.5103158,0.68114537,0.812127,-1.2486172,1.837584,1,chr1:21935424:stomach:0,TP,1
-2.609648,1.7468755,1.3069696,-0.13885207,-0.04090178,0.1841754,0.5084751,-0.5272501,0.6753819,0.43224713,0,chr12:27273976:gastrocnemius_medialis:0,TN,0
-3.4610958,0.30010685,-0.76346636,1.713431,-0.9407083,-0.21882327,-0.24324821,-0.063737474,0.36934438,0.17247953,0,chr2:43225946:Peyers_patch:0,TN,0
-1.6766932,2.1453667,-1.0415719,-0.36980847,-0.27434212,0.009167508,0.36429727,0.7789484,-0.7232078,1.0821342,0,chr9:111844130:esophagus_squamous_epithelium:0,TN,0
1.611757,-0.1736964,0.12044189,-0.035588156,1.326123,-0.25208926,0.07755063,0.051644757,-0.9441598,0.7144702,0,chr10:119120950:body_of_pancreas:0,FP,1
-3.8897545,0.42218027,-0.19904928,-0.33817053,-0.14479184,-0.66764575,-0.2754424,-0.1509951,0.2016756,-0.15330559,1,chr9:132730596:esophagus_squamous_epithelium:0,FN,0
-3.1893911,1.3960669,0.57887506,-1.1526299,1.0697961,0.07162422,-0.3391254,0.07037416,-0.6622393,0.5907106,0,chr10:110631180:gastrocnemius_medialis:0,TN,0
-4.25988,1.1420362,-0.6342863,-1.0211023,0.9668924,-0.0007231549,-0.7742039,-0.41937914,0.4207573,0.051993895,0,chr6:83464224:spleen:0,TN,0
-3.5085788,-0.2341638,-2.0146875,0.57057124,-1.1593435,-0.55688936,-0.27287653,-1.014152,-0.20681727,-0.40211412,1,chr15:101652214:sigmoid_colon:0,FN,0
-3.0849676,3.4437466,-0.29040968,-0.36312494,-0.73028946,0.23708528,1.2780507,-0.794649,0.019129546,-0.15418814,1,chr2:19855678:gastrocnemius_medialis:0,FN,0
-1.2334007,0.52390134,0.37324643,-0.13228896,-0.6643164,0.7019429,1.3059407,-0.4864207,0.88837475,0.6559377,1,chr20:1953821:spleen:0,FN,0
-3.4949167,-0.6474709,0.6038096,0.29494816,0.46495792,-0.6558303,-0.23433396,0.5548993,1.2614183,-0.1028107,0,chr7:134725115:sigmoid_colon:0,TN,0
-0.93254477,-1.6343132,0.8512325,0.92753303,0.66737676,0.16660953,0.5092673,0.075114146,-0.35671145,0.554671,1,chr7:106065637:adrenal_gland:0,FN,0
-3.4556444,2.1669443,0.26638392,-0.47428492,-0.015090052,0.4884858,-0.29861662,0.94813544,-0.73547095,-0.61616313,0,chr9:69273684:gastrocnemius_medialis:0,TN,0
-2.048182,1.0978862,0.44243515,-1.2666454,0.49066404,1.1368409,0.25296286,-0.8851852,-0.16562828,0.05743962,0,chr5:151482953:spleen:0,TN,0
-3.1169,-1.586222,0.7010509,-0.2876925,-0.5148162,0.46347466,-0.22538905,-0.44009882,0.045431856,0.87099046,1,chr10:127991519:transverse_colon:0,FN,0
3.1569688,0.0957231,-0.35145405,0.18778524,0.4854332,0.49369165,-0.6227539,-1.0989199,0.03836251,-0.5749679,1,chr4:151198388:gastrocnemius_medialis:0,TP,1
-3.4995687,0.94665223,1.7289933,-1.2897495,-0.7172178,-0.33781964,-0.29606432,0.15280376,-0.66246736,-0.042807955,0,chr2:150483840:transverse_colon:0,TN,0
1.369133,-0.73332524,0.20922132,0.31835613,2.3881407,0.83653873,-0.39837867,-1.4045316,-0.64255476,-0.5441839,1,chr20:3810780:gastrocnemius_medialis:0,TP,1
-3.1866548,-0.77830756,2.2230763,-0.12654991,0.026160475,-0.67077917,0.16939941,-0.8152633,-0.21181029,0.6077914,0,chr11:95650659:gastrocnemius_medialis:0,TN,0
-3.1202507,-0.40954858,0.2782717,-1.0096639,-1.397993,0.791596,-0.09108262,0.5084453,-0.54561603,-0.18060128,0,chr10:76398378:sigmoid_colon:0,TN,0
5.1182194,-0.613221,0.08499771,-0.5486802,-0.35588712,-0.07093088,0.1052075,-0.22632457,0.07221449,-0.3805691,1,chr22:16339427:suprapubic_skin:0,TP,1
4.197402,0.05547447,-0.39744925,0.3405014,-0.080542505,0.15401469,0.18858714,-0.35279867,0.37287164,-0.3612418,1,chr3:45035630:esophagus_squamous_epithelium:0,TP,1
-0.044857018,4.2559385,0.069712885,-0.272503,-0.31396055,0.7277858,0.6453442,0.034203857,1.1113702,0.44693032,1,chr4:183438761:body_of_pancreas:0,TP,1
4.951515,0.20415026,0.4239676,0.000997778,-0.23676246,0.08866595,-0.15531081,-0.13653702,0.21248448,-0.4267394,1,chr6:30683949:esophagus_squamous_epithelium:0,TP,1
1.4332169,3.6583345,-0.039503116,-0.5573822,-0.6292151,0.45518136,1.258568,0.19752707,0.26265523,0.44557765,1,chr14:67538167:gastrocnemius_medialis:0,TP,1
3.9447684,-0.43493882,-0.57551706,-0.6894173,0.34604746,-0.00896462,0.75430113,0.062961936,0.183324,0.45383573,0,chr16:84829725:gastrocnemius_medialis:0,FP,1
4.9811254,0.21503575,0.35050038,-0.048774455,-0.43707314,0.07947911,-0.34125385,-0.056568693,-0.0497005,-0.24804193,1,chr10:31321113:upper_lobe_of_left_lung:0,TP,1
3.0964062,0.6693791,-0.103209674,0.85082906,0.54944646,0.39053267,-0.6181824,-0.44300345,0.21048494,-0.120151766,1,chr15:52023128:gastrocnemius_medialis:0,TP,1
5.1398745,-0.12757362,0.1517175,-0.41504806,-0.41770574,-0.015802082,-0.063657574,-0.053656973,0.03506557,-0.13656183,1,chr12:120710365:gastrocnemius_medialis:0,TP,1
-4.2721286,0.86576056,-1.2816662,-1.0679754,0.5877367,-0.024366245,-0.79154444,-0.475593,-0.22432283,-0.28533617,0,chr1:179781511:sigmoid_colon:0,TN,0
-3.3968234,1.420304,0.5365984,-0.4553172,-0.74475145,0.041502,0.2599279,0.10963773,0.021131191,0.121065706,1,chr12:31715451:spleen:0,FN,0
4.9838405,0.033824027,0.103893615,-0.32170784,-0.53782505,-0.11557557,-0.14248523,-0.25915205,0.11411408,-0.44226596,1,chr2:67906577:tibial_nerve:0,TP,1
4.522605,-0.5838512,-0.13193984,-0.13706708,0.21475682,-0.5000225,0.5114329,-0.2311598,-0.4356913,-0.32336518,1,chr7:100949175:gastrocnemius_medialis:0,TP,1
3.6580687,1.8943055,-0.2734408,-0.5623167,-0.099269494,-0.92686725,0.6062609,0.37381825,-0.8079918,-0.16273333,1,chr10:122200908:gastrocnemius_medialis:0,TP,1
-2.065763,-2.388526,-0.29276717,0.76416034,0.6460851,0.15764935,0.8351351,1.1199194,0.9564628,-0.14429493,0,chr2:127634971:spleen:0,TN,0
5.0780654,-0.03132581,0.15039186,-0.09037252,-0.5225552,0.025619969,-0.12836339,-0.13028456,0.022396471,-0.14386381,1,chr20:36461197:stomach:0,TP,1
5.236789,-0.74785364,-0.0045602275,-0.34702247,-0.2298851,0.064738646,-0.04800649,-0.29183555,0.0738192,-0.089091346,1,chr12:42144537:stomach:0,TP,1
0.9811961,0.9159932,2.2467573,1.1857667,0.4234446,0.38499776,-0.7941332,1.2271326,-1.0615772,-0.6174327,1,chr3:156605692:gastroesophageal_sphincter:0,TP,1
-3.238947,-0.3986556,1.6132852,-0.79792804,-0.124929935,-0.3202839,0.43156654,-0.9637922,-0.2651931,0.7455003,0,chr18:62937142:body_of_pancreas:0,TN,0
0.837795,2.6788108,-0.6409223,-0.0063653006,0.270905,-1.460324,0.057526696,0.33509213,-0.7512958,-0.35762423,1,chr8:144767582:sigmoid_colon:0,TP,1
-4.5084724,0.18786696,-1.1279706,-1.0229642,1.4283916,0.044170145,-0.8288657,-0.30249852,-0.120740846,-0.6328032,0,chr5:33368900:sigmoid_colon:0,TN,0
-0.350237,0.096552216,-1.1317482,-0.37518096,0.88873994,-0.24516068,-0.4803799,1.0901738,-0.21826708,0.15137593,0,chr12:96427036:esophagus_muscularis_mucosa:0,FP,1
3.9504561,0.9210329,0.7773149,1.2322285,-0.119378746,-0.14473887,-0.5344354,0.09173036,-0.040316038,0.24803184,1,chr2:60550564:gastroesophageal_sphincter:0,TP,1
-1.2501925,-2.1736228,-0.5633089,0.5320012,0.5008103,0.3738836,0.04702675,0.33566248,-0.2810978,0.46643126,0,chr19:4518597:gastroesophageal_sphincter:0,TN,0
-2.645223,1.5550522,0.13873923,-0.82740724,1.1337848,-0.30407003,0.42156848,0.05603009,-0.33975968,0.28966475,0,chr4:55550497:esophagus_squamous_epithelium:0,TN,0
-1.7914909,1.633374,0.2522365,1.7593333,-0.505672,-0.08587592,-0.22120833,0.549619,0.9300174,-0.15619783,0,chr20:58652666:prostate_gland:0,TN,0
5.018615,-0.59314084,-0.04582885,-0.5301123,0.064496726,-0.23829663,-0.005416832,0.25415993,-0.17339356,0.44362012,1,chr6:99516089:sigmoid_colon:0,TP,1
5.1535034,-0.6558574,-0.015948454,-0.55167145,-0.26214427,-0.2503332,0.116172984,-0.16552019,0.02009077,-0.18185817,1,chr6:17600871:thoracic_aorta:0,TP,1
-3.4572654,1.344643,-1.6345692,-0.36956483,0.2965632,0.15792839,-0.4478077,0.080946214,-0.31892708,-0.13844527,0,chr10:123995284:stomach:0,TN,0
5.0640965,-0.46743584,-0.094198234,-0.8112494,-0.47911912,-0.38309863,0.25770015,-0.07868591,0.020451939,-0.16325353,1,chr17:43360579:stomach:0,TP,1
-3.5538619,-1.1192642,0.9159243,0.3394543,-0.15791005,-0.72203,0.36415222,-0.32004973,-0.07137601,-0.120842986,0,chr1:167623294:spleen:0,TN,0
-2.9715657,-1.6162843,1.2433507,-0.9679729,-0.90373534,-0.14275411,-0.97484636,1.0306298,-0.1002522,-0.5019094,1,chr1:171345117:body_of_pancreas:0,FN,0
4.9480624,-0.1856897,0.4435082,-0.33907303,-0.3351966,-0.014731306,-0.40415487,-0.33169687,0.21742105,-0.60851645,1,chr21:39217021:tibial_nerve:0,TP,1
2.6094263,-0.5743571,-0.116922684,-0.45744693,1.110751,-0.5103149,0.6811468,0.81212604,-1.2486156,1.8375851,1,chr1:21935424:sigmoid_colon:0,TP,1
-3.0054326,-0.047291957,0.44487166,-0.079531625,0.6660674,-0.531215,-0.34637573,0.20745724,0.48338696,0.6381512,0,chr2:85732725:suprapubic_skin:0,TN,0
-2.8336782,-1.7122796,1.2171899,-0.3129633,0.59958595,0.85197914,0.5457078,-0.4248465,-0.65755004,-0.08594171,0,chr9:22102437:transverse_colon:0,TN,0
-0.86857116,1.8735237,-0.14474487,-0.6176371,0.96864295,0.6106953,-0.71851796,-0.27945814,0.44859824,0.032449767,0,chr2:179595626:gastrocnemius_medialis:0,TN,0
-3.7317846,2.1627529,1.3562607,-0.10878639,0.48465985,-0.59709734,0.09029602,0.5047779,0.38512984,-0.55404127,1,chr4:184383308:stomach:0,FN,0
0.8035127,1.6514974,-1.8398701,-0.82293266,0.53768647,-1.1134094,-0.017946701,0.73964006,-0.3157254,0.6395757,0,chr8:30214515:transverse_colon:0,FP,1
4.673924,-0.034482434,0.3275697,0.331333,0.052294377,0.039025262,-0.018249938,-0.30024996,0.037458,-0.17589623,0,chr3:126212423:prostate_gland:0,FP,1
4.722139,0.07954428,0.16522238,0.31338271,-0.38916314,0.28954434,-0.59492326,0.021642508,0.014669358,0.23731643,1,chr11:121722769:sigmoid_colon:0,TP,1
-2.584514,1.3745071,-0.72527874,-1.0669118,1.6625874,0.5734271,0.07147218,-0.6563342,0.4519618,-0.21574497,0,chr3:177569912:esophagus_squamous_epithelium:0,TN,0
4.3982973,0.45763272,0.7054469,0.9437078,-0.016402006,0.124323435,-0.68399674,-0.07668162,-0.060591266,-0.08442247,1,chr11:625252:Peyers_patch:0,TP,1
-1.6190474,2.0851784,-2.0216434,-0.61226326,1.6387892,-0.83432215,-0.42143673,0.20795177,-0.5594605,-0.62870646,1,chr1:45399439:transverse_colon:0,FN,0
-3.4749985,1.3369577,-0.7787097,-1.237833,1.6361196,0.7225641,-1.1039501,-1.1753724,0.36749145,-0.08911481,1,chr12:120246128:suprapubic_skin:0,FN,0
-2.203009,-0.23185644,2.0301118,-0.5326364,0.9036725,-0.09975263,-0.16066274,-0.9436907,-0.18438324,0.2926819,0,chr19:48256473:spleen:0,TN,0
4.9577217,0.15768375,0.31979254,0.039488792,-0.29747638,0.36618158,-0.19998533,-0.23503476,0.20556557,-0.23908822,1,chr2:237591230:body_of_pancreas:0,TP,1
-3.610795,0.6394301,0.12431398,-1.5078355,0.921294,-0.14867418,-0.5666159,0.26870033,0.047229968,0.42843273,0,chr12:64730139:sigmoid_colon:0,TN,0
-3.1570036,1.142353,0.96217346,-0.99510336,-0.27307996,0.0514261,0.43260673,-0.7550156,0.048446495,0.54036504,0,chr20:1323188:tibial_nerve:0,TN,0
4.4779906,0.034496732,0.38654402,0.16227111,0.03726898,-0.03670832,-0.43488118,0.18678263,0.027375825,-0.23836686,1,chr6:3921877:gastrocnemius_medialis:0,TP,1
-1.9201161,-2.839105,1.008561,0.8998654,1.060049,-0.25137895,0.656742,0.31097806,0.8546051,-0.16465138,0,chr20:3794706:sigmoid_colon:0,TN,0
5.0640965,-0.46743584,-0.094198234,-0.8112494,-0.47911912,-0.38309863,0.25770015,-0.07868591,0.020451939,-0.16325353,1,chr17:43360579:prostate_gland:0,TP,1
-2.9152353,-0.4442206,0.16482262,0.08574486,0.0012448855,-0.50335497,0.06212128,0.18700807,0.8791887,0.14893667,0,chr2:41929037:gastrocnemius_medialis:0,TN,0
-2.5332685,-0.86768097,-1.9495425,0.72562736,-0.5734559,0.03283677,0.28829238,1.0538933,1.2505543,-0.5323446,0,chr10:116741445:gastroesophageal_sphincter:0,TN,0
-3.216359,0.26484162,1.784992,0.590176,0.51251954,-0.6840258,0.27717724,-0.43962556,0.07609419,0.6624247,0,chr1:164564405:Peyers_patch:0,TN,0
5.0266805,-0.39586928,0.2397838,-0.44971687,-0.009485626,-0.10504669,-0.121226326,0.138041,0.14232685,-0.19193663,1,chr16:4534701:gastrocnemius_medialis:0,TP,1
5.0640974,-0.46743548,-0.094198294,-0.8112499,-0.47911945,-0.3830984,0.2576999,-0.078685656,0.020451834,-0.16325326,1,chr17:43360579:body_of_pancreas:0,TP,1
-4.0530767,-0.3575608,-1.5529095,0.043453313,-1.4435558,-0.47799775,-0.29890677,-0.4268311,-0.21606523,-0.35500956,0,chr17:81513659:gastrocnemius_medialis:0,TN,0
-1.2242696,-1.044903,0.30634513,-0.9622332,-0.001250457,0.92552674,-0.03280323,0.06850108,1.1663152,0.82188016,0,chr8:11495031:spleen:0,TN,0
-3.8779411,-0.20800509,0.722228,-0.58589506,-0.51554996,-0.4804059,-0.32650957,0.4518748,0.21899773,-0.09213515,0,chr9:106878554:prostate_gland:0,TN,0
-0.27290526,-0.36365196,-0.67770886,2.1359277,0.1791996,0.2774937,-1.1912385,0.21040136,0.05187207,0.5566349,0,chr2:64751571:esophagus_squamous_epithelium:0,FP,1
-3.3570554,0.4812253,0.85996604,-0.14682853,-1.1278304,-0.107853025,-0.21741778,0.25231594,0.0058471803,0.36281767,1,chr5:143154853:body_of_pancreas:0,FN,0
-2.9331899,-1.4052294,2.1118007,0.48636636,0.29897976,0.024414366,0.6008167,-0.45390165,-1.1729375,0.0641752,0,chr12:62714556:gastrocnemius_medialis:0,TN,0
4.321806,0.38918403,-0.057864998,0.7122035,-0.10195513,-0.008068221,-0.66775423,-0.058170307,-0.21338893,0.3873895,1,chr16:2520692:upper_lobe_of_left_lung:0,TP,1
-3.6536248,-1.0665174,-0.7208066,1.2013346,-0.3133475,-0.2965563,-0.5471326,-0.8862209,0.19533676,0.29008102,1,chr3:52239404:transverse_colon:0,FN,0
4.684415,0.10906915,0.433337,0.58479357,-0.16829027,-0.03774808,-0.75703233,-0.20088197,-0.05552042,-0.022179298,1,chr19:55600444:stomach:0,TP,1
-1.4403993,1.8340212,-1.1651136,-0.13901553,0.4714816,0.4337945,-0.3771533,0.5318916,-0.65753645,0.83080155,0,chr8:9057301:transverse_colon:0,TN,0
-0.60431015,-0.45292714,0.08382626,0.3763206,1.3706893,0.43538114,0.21848486,-0.8667279,0.7157146,0.4182312,0,chr19:16063846:esophagus_muscularis_mucosa:0,TN,0
-2.1597507,-2.220867,1.6944888,-0.9384876,-0.491304,0.32190254,0.4314999,-0.24894466,0.42216933,0.8316446,1,chr12:31715264:spleen:0,FN,0
-2.7060964,-2.9144557,1.6892371,0.08730321,0.52188355,-0.050311107,0.10916629,0.4451178,-0.4478579,-0.14585567,0,chr10:77589619:gastrocnemius_medialis:0,TN,0
-3.6212142,-0.91167307,0.727177,0.5610831,-0.40553868,-0.16304275,0.62212974,-0.047170706,-0.4995892,-0.37300515,0,chr1:26356674:suprapubic_skin:0,TN,0
3.744985,0.022155555,-0.85032696,1.1476622,-0.21177162,0.5023709,0.120283596,-0.11935249,-0.26777846,0.6696429,0,chr11:45664734:spleen:0,FP,1
-3.57408,-0.09821499,1.5945405,-0.6611655,-0.7132809,-0.10426213,-0.070624344,0.16096893,-0.2883018,-0.14214744,0,chr5:1385460:body_of_pancreas:0,TN,0
4.466437,-1.1520929,-0.7218464,-0.42539918,0.0952618,-0.59166384,0.1281688,0.1947212,0.2762977,0.19613414,0,chr1:146378360:esophagus_muscularis_mucosa:0,FP,1
1.2590053,1.019968,-0.83076483,-0.6000737,0.77549887,-0.33281544,0.23046073,0.26279977,0.17292689,0.020016301,0,chr14:70069215:gastrocnemius_medialis:0,FP,1
-2.3383474,-1.0903599,0.9188261,0.95868003,0.55990183,-0.6759017,-0.4074855,0.42352715,0.45650902,-0.005573979,0,chr16:81500271:esophagus_squamous_epithelium:0,TN,0
2.2845948,-0.20361061,0.5220445,1.4850736,0.17211343,-0.025878167,-0.95358676,-0.06503524,0.19432905,0.08690916,1,chr4:1194909:transverse_colon:0,TP,1
-4.16507,0.18456317,0.16215962,-0.31069317,-0.60825545,-0.18177427,-0.14264482,-0.63344264,0.38273028,0.50279737,0,chr15:65902358:spleen:0,TN,0
-2.8299003,-0.7841346,1.6878254,-0.80550563,-0.6660014,0.23710242,0.6255587,-0.18874332,-0.98906773,0.31883022,1,chr14:71323148:spleen:0,FN,0
5.0578704,-0.6986577,-0.2046995,-0.73361284,-0.16345651,-0.5621331,0.1748974,-0.037756607,-0.16889884,-0.10104079,1,chr6:17600825:tibial_artery:0,TP,1
4.596246,-0.808007,-0.3598503,-0.8604068,0.09359013,-0.08720036,0.35150218,-0.42749023,-0.06425533,-0.05470453,1,chr9:27690769:spleen:0,TP,1
1.7340158,2.9276655,0.3630317,0.86204463,0.32297677,0.29436636,-0.23381981,-0.040001243,0.018942613,0.15312019,0,chr2:8457757:body_of_pancreas:0,FP,1
-3.798404,-1.5579289,-1.2069973,0.7825597,-0.60340005,-0.01803585,-0.62598085,-0.5667354,-0.14532742,-0.18194829,0,chr21:43659675:gastrocnemius_medialis:0,TN,0
-2.171552,1.4031359,-0.3338349,-1.0474262,0.5694806,0.5046488,-0.28948084,-0.11572393,0.4715206,0.4766241,0,chr3:149644107:thoracic_aorta:0,TN,0
-3.800305,0.055556804,-0.71375465,0.87976176,-0.03511116,-0.7019128,0.24899581,0.16887242,0.6333041,-0.5168445,1,chr20:37337142:sigmoid_colon:0,FN,0
0.055994857,-1.991777,-0.18474363,-1.1027298,0.643823,1.6041002,0.7777109,-0.97451717,0.682834,1.1019471,1,chr9:111896126:spleen:0,TP,1
2.2104547,1.8871562,0.60788274,-0.07535186,0.3523293,0.6707542,1.0472469,0.092111506,0.9381242,-0.22632204,0,chr6:117139641:gastrocnemius_medialis:0,FP,1
3.3409178,-3.6404629,0.23422402,-1.6832302,0.4413335,1.8768682,0.5329286,-0.55464214,1.3382552,1.1964284,1,chr6:32663523:spleen:0,TP,1
4.8402424,0.20899254,-0.0936855,-0.30807877,-0.2937698,-0.23392224,0.44250324,-0.08160998,0.0009701213,-0.2721121,1,chr1:16513429:gastroesophageal_sphincter:0,TP,1
-3.5403965,-1.3669918,-0.2345448,0.47956944,-0.15994015,0.3524171,0.16476072,0.07492606,-0.06337104,-0.20622335,0,chr7:101936722:gastrocnemius_medialis:0,TN,0
1.9343654,1.2637649,1.9009558,1.1142565,0.19857876,0.16276382,-1.1612802,0.3751885,0.75979865,-0.30924162,1,chr17:64106716:body_of_pancreas:0,TP,1
-3.8417647,-0.8736212,-0.8869473,0.8672902,-0.774575,-0.39389083,0.15657884,-0.7296551,-0.7965459,-0.5252211,0,chr11:129373338:suprapubic_skin:0,TN,0
4.83767,0.37922296,0.43494794,0.18656942,-0.44335103,0.10789671,-0.5107313,-0.15731348,-0.012852642,-0.04166725,1,chr7:74657687:suprapubic_skin:0,TP,1
-2.6414914,-0.3737921,-2.0669613,-0.0559799,-0.30603442,-0.32713765,-0.3901774,-0.17339721,-0.8984194,0.16726588,1,chr12:630842:spleen:0,FN,0
2.7620857,-1.5029681,0.14220306,-1.400621,-0.08952485,1.8854653,1.2086278,-0.46683177,0.7471781,0.97294873,0,chr8:42036439:transverse_colon:0,FP,1
-4.1494303,0.81339383,-1.3051925,0.2697477,-1.5873015,-0.6262449,0.17113385,-0.90376514,0.033371694,-0.34166953,0,chr10:95907664:body_of_pancreas:0,TN,0
-0.46387032,-0.6699734,-0.68035895,1.6780313,0.12403592,-0.70072,-0.08188026,-0.35563874,-0.074698426,0.26032066,0,chr17:21377222:esophagus_squamous_epithelium:0,FP,1
5.122896,-0.47151017,-0.118333094,-0.58288246,-0.2520678,-0.30175474,0.42257273,-0.046209265,-0.029467512,-0.15238135,1,chr3:75785609:esophagus_squamous_epithelium:0,TP,1
1.6169306,-0.53708035,-0.3482292,-0.11157944,0.7611915,1.4032406,1.2823358,-1.3470407,0.065361015,-0.20462658,0,chr19:13849747:stomach:0,FP,1
-3.5625181,-0.140505,1.2166005,-0.3605512,-0.58595747,-0.8041724,0.16835229,-0.39636862,0.19644783,-0.013317418,0,chr12:38316019:transverse_colon:0,TN,0
-4.1963563,2.242071,0.6492046,-0.25113374,-0.5388204,-0.46482626,0.047808576,-0.38162062,-0.004240439,0.41729864,0,chr3:189938338:esophagus_squamous_epithelium:0,TN,0
-1.9201676,-0.5914607,-2.556553,1.5680959,-0.083437085,-0.17114264,0.39219558,0.026795702,-0.4884761,0.027789755,0,chr10:70888578:spleen:0,TN,0
-2.1690168,0.6837995,-1.2840598,0.75490254,-0.97440445,0.31771466,-0.08726385,0.3035286,-0.6219009,1.1504917,0,chr21:14216453:transverse_colon:0,TN,0
0.22313859,1.9520161,-1.5510886,-1.3760523,0.99437106,-0.73748237,-0.75876945,-0.34884852,-0.26080436,-0.29412907,1,chr6:32689091:spleen:0,TP,1
-1.1437192,2.7766562,0.6563143,-0.77358055,0.14664412,1.1020051,-0.18656279,-1.018966,0.56862336,0.43925852,0,chr1:230191666:body_of_pancreas:0,TN,0
-2.9023068,0.68668574,-1.5405173,-0.23892361,0.36399117,0.58886087,-0.04871895,-0.49402285,-0.41494903,0.3293648,0,chr7:47692812:thoracic_aorta:0,TN,0
-1.3399653,0.24177195,-0.57166874,0.1227836,0.06719132,0.79343957,-0.2547971,1.5748397,-0.8383058,1.0809598,0,chr4:38318219:transverse_colon:0,TN,0
4.9668827,-0.31346494,-0.22218098,-0.8168936,-0.1928064,-0.6147609,0.4708975,0.083268836,-0.13133647,-0.009978489,1,chr19:21569220:esophagus_squamous_epithelium:0,TP,1
4.9559584,-0.77121973,-0.14431235,-0.4949993,-0.0082597425,-0.37895584,0.264624,-0.15161024,-0.03175179,-0.1441674,1,chr7:100965684:transverse_colon:0,TP,1
4.976485,-0.4659068,0.14301102,-0.45527065,-0.42657658,0.023014076,0.11419076,-0.15902631,0.2610672,-0.29438227,1,chr6:31489525:transverse_colon:0,TP,1
3.4835045,-0.7504676,-0.6797802,-0.91711795,0.37236997,-0.70395595,0.42377827,-0.036798842,-0.38347936,-0.24580607,1,chr14:30690596:gastroesophageal_sphincter:0,TP,1
-3.700353,1.1311398,-0.6900474,-0.29264283,0.44876352,-0.28723004,-0.8792611,0.29552957,0.37887564,0.16312903,0,chr21:33406878:transverse_colon:0,TN,0
5.018615,-0.59314084,-0.04582885,-0.5301123,0.064496726,-0.23829663,-0.005416832,0.25415993,-0.17339356,0.44362012,1,chr6:99516089:tibial_nerve:0,TP,1
-3.2439063,-0.65232253,1.6631311,-0.115900226,0.108078234,-0.82979965,0.41249868,-0.33766866,0.02068458,0.17152545,0,chr11:11583315:gastrocnemius_medialis:0,TN,0
-4.0898,-0.7918852,0.025822466,-0.25584796,-0.33556813,0.12875304,-0.13473266,0.2606238,-0.5183433,-0.42315665,0,chr8:100900793:esophagus_squamous_epithelium:0,TN,0
-3.5726185,-0.57527596,1.0827906,0.036368787,-0.20617273,-0.15848342,0.3259784,-0.12730101,-0.26058897,-0.154887,1,chr17:2062247:sigmoid_colon:0,FN,0
5.1385007,-0.6614187,-0.18141663,-0.65808165,-0.26172322,-0.50601923,0.30425608,0.021930393,-0.12228461,-0.039334755,1,chr3:75785531:spleen:0,TP,1
4.682092,-0.26712617,-0.30755135,-0.28640833,-0.36129358,-0.30015767,-0.34643304,0.033461217,-0.11424538,0.0012447236,1,chr10:94403625:thoracic_aorta:0,TP,1
-3.6547475,-0.19504389,-0.21233955,0.506719,0.6837745,-0.18052724,0.8417882,-0.50788116,-0.058692265,0.14393936,0,chr19:55114575:tibial_artery:0,TN,0
0.37203363,1.9879687,2.3711982,2.3017714,0.5188805,-0.08150673,0.6533099,0.29306367,-0.12804219,-0.6029248,0,chr11:9094066:prostate_gland:0,FP,1
5.1385007,-0.6614187,-0.18141663,-0.65808165,-0.26172322,-0.50601923,0.30425608,0.021930393,-0.12228461,-0.039334755,1,chr3:75785531:tibial_nerve:0,TP,1
-1.769493,1.4248376,-0.38437566,-0.02488936,0.5670611,0.0016540389,0.42841905,-0.6703144,-0.6925215,0.1673982,0,chr14:23305856:gastrocnemius_medialis:0,TN,0
-4.6713142,0.40965223,-0.015865048,-0.47238967,1.1378564,-0.51513463,-0.45836246,-0.48031482,0.17651162,-0.6536361,0,chr5:54703763:spleen:0,TN,0
-2.3990555,-0.7145621,-0.48699135,1.2166197,-0.0058059515,-0.19834931,0.5076747,0.50224113,0.13246554,0.09794003,0,chr9:136549638:sigmoid_colon:0,TN,0
-4.087024,-0.23327784,-0.56888163,-0.72795206,1.1338506,-0.4374584,-0.5387455,-0.43580362,0.23533708,-0.323872,0,chr10:4280640:prostate_gland:0,TN,0
-1.4783643,-1.9376625,-2.7609487,1.3720287,-0.20729613,-0.009901749,0.35238808,0.11508941,1.2231472,-0.14430027,1,chr8:22109377:suprapubic_skin:0,FN,0
-3.3820055,-0.24491452,0.4781771,-1.0504708,-0.71551436,-0.042748775,-0.07637405,-0.17543732,-0.5538959,-0.018392865,0,chr5:33300195:thoracic_aorta:0,TN,0
-3.3633802,-0.079578005,1.2823004,-0.24759598,0.47375512,-0.7741201,-0.121976115,0.23192689,0.6657867,0.06197041,0,chr5:68028495:tibial_artery:0,TN,0
5.1522937,-0.5061601,-0.02423897,-0.35713375,-0.29306942,-0.13991755,-0.09230678,-0.17284228,-0.020585338,-0.2128144,1,chr11:47642410:body_of_pancreas:0,TP,1
4.9315505,-0.2912522,0.29966715,-0.08566801,-0.16694432,-0.010445162,-0.48692122,-0.31290865,0.12171134,-0.49179515,1,chr10:42190882:transverse_colon:0,TP,1
-4.1260734,0.47990572,-1.8298837,0.20022619,-0.83871174,-0.39554116,-0.32604283,-0.23101744,0.037207205,-0.16523962,0,chr2:74483363:gastroesophageal_sphincter:0,TN,0
-2.329889,-0.09150803,0.9606749,0.64658237,1.9037937,-0.1755505,-0.26516965,-0.9185216,-0.6234927,-0.31340715,0,chr11:61922033:tibial_nerve:0,TN,0
-0.80714697,0.8697132,2.4519627,1.1959459,1.3929896,-0.4418098,0.028118536,-0.3801825,0.29427102,0.1957633,1,chr17:75527786:body_of_pancreas:0,TP,1
2.916766,1.2746035,-0.32974672,0.37230507,0.06335217,1.0869374,0.84439063,-0.038385138,0.46293703,0.18097718,1,chr14:65078334:sigmoid_colon:0,TP,1
1.4009849,-0.5078773,-1.6321712,-0.95135623,1.3753953,0.17082846,-0.63464236,-0.24741136,-0.51741356,1.0744226,0,chr19:4147083:prostate_gland:0,FP,1
-2.3313596,-0.31316072,-2.3558793,0.28739122,-0.20071563,-0.5478481,-0.028814407,-0.13047642,-0.5686336,0.8825324,1,chr19:53554522:sigmoid_colon:0,FN,0
-2.15576,3.942301,0.10847399,-0.1930481,-0.44441137,0.44509152,0.9461049,-0.2525228,-0.6713822,-0.94317174,0,chr17:36202126:spleen:0,TN,0
1.464409,3.054518,-0.48035178,0.21859738,-0.76643693,0.9822703,1.593941,-0.0075696413,0.40371653,0.5379778,0,chr9:99059937:suprapubic_skin:0,FP,1
-3.0898747,-0.71780795,0.89256525,-0.2972513,0.7707505,0.45675877,0.07221852,0.058881614,-0.3036181,-0.2647988,0,chr8:8899644:transverse_colon:0,TN,0
4.669761,-0.86086565,-0.31077448,-0.6998139,-0.42718607,0.10187895,0.41832212,-0.6070814,0.18449616,-0.31012478,1,chr4:128654668:sigmoid_colon:0,TP,1
-3.5511353,-0.60431635,-2.0861466,1.1789333,-0.48384306,0.10657774,-0.28171086,-1.0352498,0.004244036,-0.3465184,0,chr11:71813626:suprapubic_skin:0,TN,0
-2.7527688,-1.1272519,2.2126462,-0.16007645,0.3828454,-1.0672469,0.810633,-0.085387945,-0.40814638,-0.10620595,1,chr15:71677386:gastrocnemius_medialis:0,FN,0
-3.9239237,0.8837414,0.32236636,-0.3658106,-1.4613999,-1.0314364,-0.5444064,-0.02345391,0.15526243,-0.11670993,1,chr8:11809258:body_of_pancreas:0,FN,0
-2.8915498,-0.40567943,-2.1229455,1.2211088,-0.82769257,-0.21526974,-0.026644137,0.021307932,1.2032608,0.053167053,0,chr15:70099298:sigmoid_colon:0,TN,0
-2.0798001,-0.3949853,-1.6378896,-0.49044117,0.8365812,-0.05068495,-0.5469261,0.3076473,-0.79686433,0.3293914,0,chr17:78418303:spleen:0,TN,0
4.682092,-0.26712617,-0.30755135,-0.28640833,-0.36129358,-0.30015767,-0.34643304,0.033461217,-0.11424538,0.0012447236,1,chr10:94403625:tibial_nerve:0,TP,1
5.0276694,-0.34445202,-0.059875503,-0.50891316,-0.3804086,-0.081832916,0.4131334,-0.03202272,0.01793205,-0.0971535,1,chr3:34208585:esophagus_muscularis_mucosa:0,TP,1
-3.6883078,-0.7490211,0.04173181,-0.9319684,-1.4264656,0.99394,-0.50534403,-0.035100225,-0.6922817,-0.12732358,1,chr1:15524057:stomach:0,FN,0
-3.194229,-0.11112012,-0.70331514,-0.7013209,1.6053023,0.19279037,-0.32696453,-0.40384275,0.32205722,0.08563604,1,chr2:46717413:gastrocnemius_medialis:0,FN,0
-0.51580256,-0.4872558,1.0557109,1.8952537,1.1176548,-0.3640293,1.3207823,0.5316617,0.074068874,-1.066385,1,chr7:132225525:prostate_gland:0,TP,1
-1.843489,1.4810842,0.81797147,1.4694421,0.16544981,-0.2876325,-0.72488254,-0.1450792,-0.45317355,0.21637437,0,chr5:109410986:thyroid_gland:0,TN,0
4.320238,0.14930068,-0.42684045,-0.8972564,0.05225836,-0.5828105,0.52946603,0.19653793,-0.23617755,0.17247686,1,chr22:23833976:gastrocnemius_medialis:0,TP,1
4.6031923,-0.5252377,0.02386845,0.14558853,0.22811413,0.185154,0.124980055,-0.24955311,0.20907153,0.019282794,1,chr15:90098530:esophagus_muscularis_mucosa:0,TP,1
2.9796293,1.8738731,0.31640145,-0.5288255,-0.1502449,0.8162284,0.15192053,-0.8390105,0.35325918,0.046745878,1,chr3:128628605:gastrocnemius_medialis:0,TP,1
-3.79404,0.9565791,-0.122296825,-0.75322795,-0.19863088,-0.11058068,-0.32243738,0.34285364,0.48509082,-0.35248807,0,chr8:124271147:gastrocnemius_medialis:0,TN,0
4.7130647,0.18539764,-0.43774775,-0.6754451,-0.3786961,-0.59037244,0.42197704,0.15170704,-0.327967,0.23608986,1,chr7:100949158:gastrocnemius_medialis:0,TP,1
1.9159763,1.456312,1.7359517,2.5106947,0.50954115,0.4501559,0.18980603,0.29090282,-0.1479602,-0.7094057,1,chr13:114130746:tibial_artery:0,TP,1
-3.935768,0.68333894,0.59246653,0.46580198,0.75602484,-0.052845005,0.41847986,-0.6407088,-0.06908275,-0.1577765,0,chr12:71000229:tibial_artery:0,TN,0
2.6094263,-0.5743571,-0.116922684,-0.45744693,1.110751,-0.5103149,0.6811468,0.81212604,-1.2486156,1.8375851,1,chr1:21935424:prostate_gland:0,TP,1
4.6132717,-0.32307684,0.14523226,0.21008,-0.15742709,0.2919781,-0.79506415,-0.23516263,0.1273857,-0.035551738,1,chr9:129437465:esophagus_squamous_epithelium:0,TP,1
-3.4305224,0.75089484,0.016845653,-0.87405753,-1.0151788,-0.20101848,-0.5694366,-0.2911912,0.6300336,0.50969785,0,chr5:179737316:gastrocnemius_medialis:0,TN,0
0.0098986775,-0.40099937,-1.0238842,2.8718452,-0.13056692,0.9627512,0.51518774,-0.5593969,0.048015043,0.3774118,0,chr3:98901455:Peyers_patch:0,FP,1
4.807948,0.11481631,0.25303352,-0.28263956,-0.19105269,0.24941938,-0.32296726,-0.19407998,0.02456659,-0.31225944,0,chr4:40723470:transverse_colon:0,FP,1
2.750151,-0.0325502,-0.89458853,-0.18838763,0.86009574,0.09563648,-0.107643165,-0.118338175,-1.2235279,0.9487455,0,chr19:55604413:spleen:0,FP,1
2.818329,-1.4009321,-0.7262467,-1.5425035,1.1718692,-0.0521373,0.43376756,-0.06481416,-0.42467275,1.1443504,0,chr2:46475683:tibial_nerve:0,FP,1
5.139875,-0.12757148,0.15171754,-0.41504726,-0.41770628,-0.01580291,-0.06365801,-0.05365649,0.03506528,-0.13656296,1,chr12:120710365:esophagus_muscularis_mucosa:0,TP,1
-3.267892,-1.1251618,-0.7758911,-0.43294793,-1.2861073,0.10750699,-0.34473118,0.29815933,1.1995175,0.11610349,0,chr17:30117164:gastrocnemius_medialis:0,TN,0
4.829422,-0.28387564,0.26727775,0.3501326,-0.25658676,0.10213918,-0.56293786,-0.30984288,0.10111887,-0.20558113,1,chr9:129437494:thyroid_gland:0,TP,1
-2.8504474,0.06411996,0.35604656,-0.5956383,1.705635,0.015623614,-1.2950865,-0.24324818,0.020901892,0.34939831,1,chr11:4032247:gastrocnemius_medialis:0,FN,0
-2.4777794,-0.10647382,-1.1804509,-0.7210832,1.8783549,0.31707525,-0.47559825,-0.54037875,-0.23243974,-0.17829868,0,chr10:6162302:gastrocnemius_medialis:0,TN,0
0.014648769,1.1176531,2.7661066,1.7111613,0.76900554,-0.68920237,-0.5142692,0.18806615,-0.048067827,0.36792788,0,chr13:46665717:gastroesophageal_sphincter:0,FP,1
-1.9590516,2.7984543,0.19289449,-0.21795225,0.032415085,1.3053888,-0.13324702,-1.0362852,0.38576558,0.43469012,1,chr2:239319425:gastrocnemius_medialis:0,FN,0
-3.3212402,1.4395179,0.52336216,-0.34315583,1.0925428,-0.28943527,-0.29679805,0.37665504,0.97737896,0.4360369,0,chr6:24703454:gastrocnemius_medialis:0,TN,0
4.722139,0.07954428,0.16522238,0.31338271,-0.38916314,0.28954434,-0.59492326,0.021642508,0.014669358,0.23731643,1,chr11:121722769:tibial_nerve:0,TP,1
1.9560124,3.5523653,1.754114,1.6422685,-0.5038426,0.049328655,-0.97079074,0.33909833,0.18248309,-0.2320614,0,chr1:183805948:body_of_pancreas:0,FP,1
4.9668827,-0.31346494,-0.22218098,-0.8168936,-0.1928064,-0.6147609,0.4708975,0.083268836,-0.13133647,-0.009978489,1,chr19:21569220:spleen:0,TP,1
1.6289405,-1.6970475,-1.3258704,-0.95969504,0.99164313,-0.21098922,0.5280871,-0.010748455,0.005241518,0.45418045,1,chr10:29549466:gastrocnemius_medialis:0,TP,1
-1.6344659,-1.3527662,-0.20292312,0.8615602,1.7619984,0.1252303,0.58991873,-0.6488172,-0.4354254,-0.55205977,0,chr1:8239309:esophagus_squamous_epithelium:0,TN,0
-3.5726185,-0.57527596,1.0827906,0.036368787,-0.20617273,-0.15848342,0.3259784,-0.12730101,-0.26058897,-0.154887,1,chr17:2062247:tibial_nerve:0,FN,0
2.4575212,0.020289246,-0.054099865,-0.552676,0.70761067,0.9286749,-0.15499319,-0.4048097,0.9040878,0.15122959,1,chr16:84999987:gastroesophageal_sphincter:0,TP,1
4.9515147,0.20415609,0.423968,0.0009982638,-0.23676354,0.08866287,-0.15531175,-0.13653621,0.21248344,-0.4267411,1,chr6:30683949:upper_lobe_of_left_lung:0,TP,1
1.0588386,0.959168,-0.21885481,-0.58789164,1.1271218,-0.8744158,0.55862045,0.2492454,-0.51048344,0.9575383,0,chr20:31574106:prostate_gland:0,FP,1
0.837795,2.6788108,-0.6409223,-0.0063653006,0.270905,-1.460324,0.057526696,0.33509213,-0.7512958,-0.35762423,1,chr8:144767582:body_of_pancreas:0,TP,1
-4.298632,-0.4989126,-0.54648495,0.06843989,-0.84724206,-0.86033916,-0.46613967,-0.23588462,0.61216444,-0.25116706,0,chr12:4273157:Peyers_patch:0,TN,0
-2.2514436,-2.7280083,-1.9898589,0.31868502,-0.3783732,1.4013453,0.11993773,0.402014,-0.8256533,-0.65524167,1,chr13:43879646:transverse_colon:0,FN,0
-2.6875641,-1.793639,0.62322545,-0.46082187,-0.55239105,0.2051552,-0.3635202,-0.14225711,0.7589973,0.9669272,0,chr22:45318516:thoracic_aorta:0,TN,0
1.5483822,0.41677332,-1.092159,-1.1825128,1.3407085,0.0379883,-0.57391524,-0.18810363,-0.20475753,0.68098384,0,chr17:57977559:sigmoid_colon:0,FP,1
5.101234,-0.3706786,0.27498662,-0.25018066,-0.16434896,0.13748765,-0.096852526,-0.022109617,0.1851778,-0.06490905,1,chr6:169251833:suprapubic_skin:0,TP,1
4.83767,0.37922296,0.43494794,0.18656942,-0.44335103,0.10789671,-0.5107313,-0.15731348,-0.012852642,-0.04166725,1,chr7:74657687:esophagus_squamous_epithelium:0,TP,1
-3.6179242,1.6971914,1.3395144,0.20737836,-0.36874297,-0.6002039,0.9431784,-0.2529019,-0.1297762,0.12806648,0,chr11:35360445:esophagus_muscularis_mucosa:0,TN,0
-1.8584416,1.700196,0.43592718,0.26824188,-0.32196492,0.7996765,1.4032595,0.11639232,-0.11643713,-0.021685943,0,chr9:68509455:gastroesophageal_sphincter:0,TN,0
3.4454622,-1.0290897,-0.72619486,-0.19182223,0.34372908,0.19881013,0.38013318,-0.4712003,0.12694168,-0.094798446,1,chr17:26266895:prostate_gland:0,TP,1
4.766959,-0.30831984,0.19520113,-0.247178,0.021591373,-0.13475795,-0.44252834,0.13335596,0.087786265,0.22848012,0,chr8:60518705:gastrocnemius_medialis:0,FP,1
4.8660946,0.0609326,0.20102297,0.06349114,-0.4043776,-0.040115632,-0.44102722,0.080856405,-0.009370288,-0.14404447,1,chr5:80654888:transverse_colon:0,TP,1
1.6760813,1.8419299,1.2207149,-0.591459,0.5457275,0.36519408,0.43210104,0.22514996,0.96796054,0.3470266,1,chr10:69425233:esophagus_muscularis_mucosa:0,TP,1
4.9811254,0.21503575,0.35050038,-0.048774455,-0.43707314,0.07947911,-0.34125385,-0.056568693,-0.0497005,-0.24804193,1,chr10:31321113:spleen:0,TP,1
-2.0239623,2.9375668,-1.2196759,1.3597145,-0.22971995,0.09687699,2.2234504,0.20862345,-0.5406285,-0.44392598,1,chr16:21510345:gastrocnemius_medialis:0,FN,0
4.603194,-0.5252409,0.023867317,0.14558738,0.22811437,0.18515527,0.124980256,-0.24955389,0.20907174,0.019284094,1,chr15:90098530:gastrocnemius_medialis:0,TP,1
3.0167944,0.04213498,-0.7794074,-0.84675527,0.73089844,-0.4904937,0.20512995,0.90264195,-0.6469388,0.33743092,0,chr18:3122162:gastrocnemius_medialis:0,FP,1
4.1920767,-0.37425393,-0.8404378,-0.57623154,0.18991283,-0.7172896,0.5479745,0.17306197,-0.47092566,0.21843646,1,chr6:29942964:esophagus_muscularis_mucosa:0,TP,1
2.2532606,0.23592035,1.5260704,0.6300542,0.72610015,-0.100242734,-0.2135878,0.13757914,0.34884435,0.36051047,0,chr17:72458614:transverse_colon:0,FP,1
3.174999,0.08189778,-0.5981452,0.36106318,0.73460346,-0.94190127,0.7756244,0.24385782,-0.33612862,0.08805992,0,chr3:53073552:transverse_colon:0,FP,1
-2.1500268,1.1477054,-1.4737742,1.155311,0.4515326,0.12800013,0.91272753,-0.08932538,0.7503724,0.36056474,0,chr17:2060723:gastrocnemius_medialis:0,TN,0
-3.9853826,0.71879584,0.7345918,-0.33830622,-1.205627,-0.9770072,-0.029568955,-0.20180257,0.56707036,0.065199256,0,chr18:54958778:prostate_gland:0,TN,0
-3.5193908,-0.80918694,0.8178114,0.67441946,-0.09617334,0.054545395,-0.08828828,0.78867894,-1.0849078,-0.5595058,1,chr4:88698124:gastroesophageal_sphincter:0,FN,0
3.5200958,0.3933418,-0.13213861,0.67953753,0.21627542,0.36567366,-0.4883135,0.23280141,-0.015266413,0.09565458,1,chr16:50598873:gastroesophageal_sphincter:0,TP,1
-3.8088756,1.3233222,0.4696807,-1.0212768,0.3220539,-0.42765462,-0.36926726,-0.14023459,0.056726594,-0.112255596,0,chr8:70818725:gastrocnemius_medialis:0,TN,0
-3.4921467,-1.5309504,1.5010012,0.3175198,0.2109131,-0.67086697,0.08831055,-0.72116834,0.046011053,0.15389255,0,chr13:73256615:spleen:0,TN,0
-2.9648283,0.31630328,-1.0493206,-0.8567042,-0.68021905,1.0702263,0.094876975,0.45860592,0.17616174,0.31666934,1,chr2:113337125:gastrocnemius_medialis:0,FN,0
3.1615067,0.7580679,-0.13370304,0.5929272,-0.4426819,1.916604,0.40914473,-0.117588945,-0.0033619124,-0.09185693,1,chr17:1029308:esophagus_muscularis_mucosa:0,TP,1
2.2506385,-0.1799833,-0.14627916,1.0968832,0.20979433,-0.29088527,-0.1948645,0.29033032,-0.07086828,0.6203561,0,chr11:47767529:body_of_pancreas:0,FP,1
-3.0668912,0.9239488,0.20359723,1.0182889,-0.31964818,-0.65831727,1.5930507,0.24749173,0.6664806,-0.25044906,0,chr2:203820111:gastrocnemius_medialis:0,TN,0
-3.3425467,0.5536186,-1.5901526,0.6129416,-1.5372486,-0.06573394,-1.0063304,-1.2272484,-0.08910417,0.4641415,1,chr2:55050819:upper_lobe_of_left_lung:0,FN,0
2.4084594,1.1856705,-0.39523396,-0.8433389,0.7087033,0.074522935,-0.022632359,-0.2162675,0.26827914,-0.16390125,0,chr2:3824297:prostate_gland:0,FP,1
-2.606078,-2.5636227,1.74226,-0.2624576,-0.017604072,0.40168086,0.40691274,-0.22891612,-0.7102353,0.17980877,0,chr11:128520781:gastrocnemius_medialis:0,TN,0
5.153505,-0.6558609,-0.015948646,-0.5516727,-0.26214436,-0.2503342,0.11617277,-0.1655216,0.020091845,-0.18185969,1,chr6:17600871:sigmoid_colon:0,TP,1
-2.9598608,-1.8625103,-1.8283007,0.8595503,-0.82901245,-0.5125363,-0.043391474,-1.0161637,0.15293415,-0.60965645,1,chr21:36990230:body_of_pancreas:0,FN,0
5.0077806,-0.32694745,0.09373334,-0.4229634,-0.4801105,-0.091991544,0.1802561,-0.299658,0.1960448,-0.32766154,1,chr3:34209211:esophagus_muscularis_mucosa:0,TP,1
-2.8510036,-1.4959236,0.5641629,-1.0276533,-0.91866523,0.75452995,-0.24937293,1.3147433,-1.2943596,-0.85170275,0,chr7:106113295:gastrocnemius_medialis:0,TN,0
-3.6016772,-1.4045016,0.54069877,0.33321074,-0.5290941,-0.9047204,0.25654447,-0.4680373,-1.1812174,-0.69630075,0,chr6:31814839:transverse_colon:0,TN,0
-3.3728442,-1.1909693,-1.2130237,0.7932638,0.07031397,0.026536373,0.043018095,-0.20459932,0.015144822,-0.40311182,0,chr12:109477921:spleen:0,TN,0
-3.4060535,-0.3190008,-0.63670874,-0.43614733,-0.0345736,-0.09993055,-0.656201,0.41043338,0.6994073,-0.15478285,1,chr5:173861142:body_of_pancreas:0,FN,0
5.043209,-0.21507227,0.12731522,-0.63711,-0.38297397,-0.08901507,0.33445805,-0.22570002,0.13297123,-0.43965027,1,chr7:142771432:body_of_pancreas:0,TP,1
-3.1348646,-1.5563931,-0.8432103,0.0672664,-1.1575829,-0.6145451,-0.35008678,0.33375332,0.77040535,-0.33988306,0,chr19:2240495:esophagus_muscularis_mucosa:0,TN,0
-3.7330177,-1.0193063,-0.6957859,0.46364304,-0.5782379,-0.18519354,0.14037952,-0.66059357,-0.17252164,-0.16282675,1,chr19:20039437:gastrocnemius_medialis:0,FN,0
-3.0533717,0.8389919,-0.20020548,0.60158026,-0.16911182,0.23476934,-0.13538042,0.19720708,0.6158227,0.20010434,0,chr17:15649273:gastrocnemius_medialis:0,TN,0
3.395555,-0.2735624,0.3983501,-0.49645713,0.871095,0.60231143,-0.0800682,-0.6074759,0.4008043,0.19893469,1,chr11:78039370:transverse_colon:0,TP,1
4.9515147,0.20415609,0.423968,0.0009982638,-0.23676354,0.08866287,-0.15531175,-0.13653621,0.21248344,-0.4267411,1,chr6:30683949:gastroesophageal_sphincter:0,TP,1
-2.1577468,0.29130659,-0.6737592,0.00048723418,-0.10561604,1.8109232,0.7483531,1.397506,-0.28834495,-0.43720666,1,chr22:37282772:sigmoid_colon:0,FN,0
2.2628672,0.78047526,0.9940602,0.81633246,0.6366086,0.38953015,-0.41740802,0.13221776,0.956485,0.4293046,1,chr10:11876597:body_of_pancreas:0,TP,1
1.7375612,-2.2976398,-1.2666087,-1.2472873,0.8123844,-0.17852129,0.48601913,-0.0010189329,0.17876872,-0.08849187,1,chr10:41443092:thoracic_aorta:0,TP,1
-3.4754856,0.36371568,0.73307437,-0.8498192,0.71789575,0.74962205,-0.051979445,-0.31165758,0.18753502,0.5214768,0,chr20:54048492:thoracic_aorta:0,TN,0
2.9776943,-0.65597075,-0.7744117,-0.42529282,0.64186597,0.53713596,-0.33841538,-0.98673487,-0.31980476,0.48728648,1,chr1:77895818:gastrocnemius_medialis:0,TP,1
5.0186143,-0.59313923,-0.04582909,-0.53011334,0.06449583,-0.2382984,-0.0054161074,0.25416002,-0.17339374,0.44361988,1,chr6:99516089:stomach:0,TP,1
-2.3931832,0.19235952,-1.5871384,1.7026283,-0.13221274,-0.24257624,0.81449026,-0.38459346,0.32445502,0.10085137,0,chr16:2159467:testis:0,TN,0
4.862035,-1.019483,-0.3330183,0.13179134,-0.25495875,0.023255631,-0.12143485,-0.38086328,-0.06430605,0.24750304,1,chr17:45585602:spleen:0,TP,1
-2.9455035,-1.7087883,1.5869501,0.12552696,-0.5441793,-0.71322966,0.80779845,-0.10742885,-0.0680157,0.162371,0,chr3:150747222:spleen:0,TN,0
-0.15009198,0.92055434,-0.6168066,-0.42011562,0.23026094,1.0051156,0.3331379,0.42912546,0.04117893,-0.686816,0,chr3:12840842:esophagus_squamous_epithelium:0,FP,1
-2.9229608,-1.151148,2.0290334,-0.66494924,0.25210807,-0.68554676,-0.6315844,0.063356034,0.0074338717,-0.10800936,0,chr3:182610316:esophagus_squamous_epithelium:0,TN,0
5.0796056,-0.7227574,-0.18135728,-0.72264457,-0.23450752,-0.5397789,0.19477354,-0.04774105,-0.12108392,-0.07715678,1,chr6:17600812:sigmoid_colon:0,TP,1
-2.8278,0.7755952,1.2827985,-0.61988086,-0.95871925,-0.65236336,0.26279163,-0.16686621,-0.4055201,-0.041527692,0,chr9:742883:gastrocnemius_medialis:0,TN,0
-1.1458782,-0.14754736,-0.39244294,2.2883542,0.18534422,-0.34064445,0.15671413,0.06903333,0.47389603,0.6560965,1,chr13:48317099:gastrocnemius_medialis:0,FN,0
-2.9927766,-0.5077168,-1.1495577,-0.4740285,0.31850287,-0.20690559,-0.44376144,1.5552217,2.2438297,-0.282316,0,chr10:79402860:spleen:0,TN,0
4.321806,0.38918403,-0.057864998,0.7122035,-0.10195513,-0.008068221,-0.66775423,-0.058170307,-0.21338893,0.3873895,1,chr16:2520692:gastrocnemius_medialis:0,TP,1
5.0506105,-0.6651213,-0.14515355,-0.81731534,-0.31304538,-0.2704403,0.44371417,-0.008109451,0.0040171635,-0.07336226,1,chr3:16366617:gastrocnemius_medialis:0,TP,1
-3.4653506,1.3919809,-0.7651022,-0.74853843,-0.87290496,0.54921293,-0.1821378,0.6564017,-0.117007464,0.15223695,0,chr4:24885339:esophagus_muscularis_mucosa:0,TN,0
-4.300958,0.8963411,0.072287574,0.2317785,0.6663386,-0.5749448,-0.72962815,0.07235252,-0.004094385,-0.367968,1,chr14:96206756:esophagus_squamous_epithelium:0,FN,0
-3.2485,-0.5779148,-1.5635953,0.6088788,-0.011559178,0.15665379,-0.5869757,-0.10476297,0.30713424,-0.34809056,0,chr20:38165563:esophagus_muscularis_mucosa:0,TN,0
-1.3988883,1.5323737,-1.3166181,1.6255003,-0.099037945,0.2915388,0.6266386,0.47873807,-0.4512364,-0.3718218,0,chr14:105700280:spleen:0,TN,0
0.9811961,0.9159932,2.2467573,1.1857667,0.4234446,0.38499776,-0.7941332,1.2271326,-1.0615772,-0.6174327,1,chr3:156605692:tibial_nerve:0,TP,1
3.0080812,0.4740228,0.41681364,1.5677379,-0.7237473,0.90325,-1.2162832,0.6097073,-0.89041406,0.6847476,1,chr10:28302669:tibial_artery:0,TP,1
-2.8488677,-2.2508788,0.566221,-0.18937418,-0.3485269,0.26470393,-0.16273497,0.67538506,0.31469867,-0.1253309,0,chr19:37953925:body_of_pancreas:0,TN,0
1.3566742,2.8977504,-0.5636641,-0.3353745,-0.3865029,-0.72426045,0.35918283,0.7355663,-0.69503295,0.53599924,0,chr16:88958155:spleen:0,FP,1
-1.3205453,3.781789,-0.74250805,0.68598384,-0.8041285,0.5994036,2.1267836,0.9953811,-0.22957787,-0.4534902,1,chr2:231410039:transverse_colon:0,TP,1
-0.61481583,-1.8657249,-0.007904919,-0.1832852,0.8822779,0.24019143,0.30399263,0.4822565,-0.41742682,-0.0071755135,0,chr21:7242891:prostate_gland:0,TN,0
-3.38755,2.0656886,-0.4458638,-1.0423682,0.9242382,-0.081418425,-0.5290336,0.0070305485,0.20051001,0.26380125,1,chr15:49252605:gastrocnemius_medialis:0,FN,0
-3.6576748,-0.06662392,1.1841686,-0.23583305,-0.26323217,-0.6746278,-0.3154442,-0.116492115,0.5628282,0.19825618,0,chr3:150761282:body_of_pancreas:0,TN,0
5.0640974,-0.46743548,-0.094198294,-0.8112499,-0.47911945,-0.3830984,0.2576999,-0.078685656,0.020451834,-0.16325326,1,chr17:43360579:upper_lobe_of_left_lung:0,TP,1
-0.99677896,-1.2153522,-1.707804,1.3787057,-0.27392504,-0.1518753,-0.7538827,-0.26914954,0.6419987,0.68522435,0,chr13:29850489:body_of_pancreas:0,TN,0
5.013822,-0.2953956,0.33249468,-0.29848656,-0.433442,0.21350236,-0.04709204,-0.098980516,0.27115476,-0.3715526,1,chr5:137304080:prostate_gland:0,TP,1
-3.3379102,-1.2403806,1.7828434,-0.66288954,-0.5023418,-0.34446803,-0.05774861,-0.82344043,0.27944162,0.80573,0,chr5:96896437:esophagus_squamous_epithelium:0,TN,0
4.852332,-0.07403299,-0.07488704,-0.720648,-0.4029744,-0.40735796,0.2772304,-0.25335273,0.0034748923,-0.264013,1,chr6:32667622:gastrocnemius_medialis:0,TP,1
0.74245757,-0.9057258,-0.8658617,0.13178746,1.2183444,-1.732589,0.5751431,0.30313784,-0.5835189,0.39254245,0,chr1:27872741:suprapubic_skin:0,FP,1
-0.874493,1.953322,-0.8638984,-0.16207555,1.2834789,0.85813934,-0.85517085,-0.70719886,-0.13220014,-0.8997838,1,chr9:133989601:body_of_pancreas:0,FN,0
-4.11131,0.8984583,-0.0548882,-0.545616,1.0169442,-0.175683,-0.68518937,0.09672521,0.3881062,0.110204704,0,chr1:204454323:transverse_colon:0,TN,0
4.3218083,0.38917497,-0.05786639,0.7122006,-0.10195468,-0.008067754,-0.66775376,-0.05817145,-0.21338789,0.38738722,1,chr16:2520692:esophagus_squamous_epithelium:0,TP,1
2.3206434,1.8843497,0.38384354,0.18785611,0.49545008,-0.54130083,-0.038783204,-0.38119185,0.57716984,-1.0446008,0,chr6:31462135:spleen:0,FP,1
5.018615,-0.59314084,-0.04582885,-0.5301123,0.064496726,-0.23829663,-0.005416832,0.25415993,-0.17339356,0.44362012,1,chr6:99516089:esophagus_squamous_epithelium:0,TP,1
-2.331359,-0.31315836,-2.3558795,0.28739205,-0.20071656,-0.5478495,-0.028813627,-0.13047583,-0.56863374,0.882532,1,chr19:53554522:esophagus_muscularis_mucosa:0,FN,0
5.0471187,-0.7066102,0.2834578,-0.38331577,-0.13854612,-0.20081376,0.1296311,-0.30544066,0.04340083,-0.36710092,1,chr7:142775439:body_of_pancreas:0,TP,1
4.1836286,-0.0028864306,0.0004866651,0.09048863,0.3871022,0.25894973,-0.6188643,-0.26672477,0.30529743,-0.14221041,0,chr3:12650062:gastrocnemius_medialis:0,FP,1
2.9167671,1.274596,-0.3297465,0.3723044,0.0633535,1.0869398,0.84439063,-0.038385384,0.46293825,0.18097806,1,chr14:65078334:spleen:0,TP,1
4.829422,-0.28387564,0.26727775,0.3501326,-0.25658676,0.10213918,-0.56293786,-0.30984288,0.10111887,-0.20558113,1,chr9:129437494:body_of_pancreas:0,TP,1
-3.8541088,0.09686388,-0.24433759,-0.13288662,-0.71693295,-0.19304185,0.04245982,0.5246367,-0.37078762,-0.117970414,0,chr3:37453518:stomach:0,TN,0
-4.124565,0.80522037,0.7076223,-0.7861014,-1.3256432,-0.5584847,-0.16348515,-0.020044304,0.03725295,0.2513798,0,chr4:184746249:transverse_colon:0,TN,0
-3.2907336,-0.16696307,0.18897855,-0.42271253,0.5904791,0.36764294,-0.6902554,0.86875665,0.26142475,-0.16741091,0,chr16:11219047:spleen:0,TN,0
2.2644398,1.7911545,-0.96654487,-0.8560839,0.99666536,-0.9585317,0.45810363,0.6016672,-0.9536954,0.42679,1,chr10:45298514:tibial_nerve:0,TP,1
3.3955457,-0.27355894,0.39835265,-0.49645516,0.8710977,0.6023116,-0.080067664,-0.60747606,0.40080476,0.19893546,1,chr11:78039370:tibial_nerve:0,TP,1
-2.8361294,0.097796336,-0.25810602,-1.4296443,-0.77004135,1.362234,0.1262838,-0.24464785,-0.093930945,0.1761902,0,chr14:90683292:gastrocnemius_medialis:0,TN,0
3.1569688,0.0957231,-0.35145405,0.18778524,0.4854332,0.49369165,-0.6227539,-1.0989199,0.03836251,-0.5749679,1,chr4:151198388:tibial_nerve:0,TP,1
-3.990178,1.2880018,0.43990868,0.41842082,-0.8766486,-0.431563,0.0148625,0.1977178,-0.22583316,-0.37557003,0,chr14:55515536:esophagus_muscularis_mucosa:0,TN,0
-3.0675418,-0.76358587,0.85238856,-0.72698766,-0.3464456,0.5114597,0.03258813,0.09256602,0.1068363,0.6554455,0,chr8:17608833:esophagus_muscularis_mucosa:0,TN,0
-3.3680756,0.5439021,-0.014799471,0.32519177,0.44131982,-0.84031576,0.8903891,0.4133852,-0.78100926,0.089721605,0,chr10:122017306:gastrocnemius_medialis:0,TN,0
4.8060994,-0.40999073,0.106981255,-0.24640638,-0.2675056,0.63656485,0.30630884,-0.40618354,0.24653962,-0.36491838,1,chr17:75298409:spleen:0,TP,1
3.9504561,0.9210329,0.7773149,1.2322285,-0.119378746,-0.14473887,-0.5344354,0.09173036,-0.040316038,0.24803184,1,chr2:60550564:transverse_colon:0,TP,1
-4.0940437,0.6686444,0.40006375,-0.7014352,0.67680645,-0.6970888,-0.2144159,-0.23254876,-0.2559367,-0.39258558,0,chr3:11632977:upper_lobe_of_left_lung:0,TN,0
-3.3601503,-0.11246183,0.15876937,-0.85360605,-0.55061525,-0.6363361,-0.07299269,0.6812559,0.19173253,-0.6051651,0,chr5:13695325:body_of_pancreas:0,TN,0
4.9890137,-0.15856256,0.0077295136,-0.640556,-0.47424722,-0.28850526,0.100405335,-0.109597854,0.02533506,-0.2320125,1,chr3:34208888:thoracic_aorta:0,TP,1
-3.085091,0.3082264,1.642485,0.38531289,0.98519516,0.2541813,-0.16536108,-0.21173623,-0.22258653,0.14287925,1,chr19:36053072:transverse_colon:0,FN,0
-0.68359303,0.54003763,1.0362756,1.1047331,0.5961501,0.97771823,0.6982469,-0.4531448,1.2173578,0.7563499,1,chr16:89454043:esophagus_squamous_epithelium:0,FN,0
4.876433,0.17282283,0.3034554,0.20151074,-0.300901,-0.02515184,-0.4620611,-0.24842684,0.03767075,-0.25399712,1,chr17:28744291:tibial_artery:0,TP,1
4.135046,0.2877954,0.2460635,1.0253625,-0.112204246,0.68584603,-0.7063665,-0.062570356,-0.3604883,0.24241714,1,chr19:4457794:esophagus_muscularis_mucosa:0,TP,1
3.475181,0.24163376,0.54734355,0.7572324,0.58986473,-0.3365824,-0.47650623,-0.12393935,-0.03300295,-0.600886,0,chr7:66114734:upper_lobe_of_left_lung:0,FP,1
0.6419186,1.1503356,1.4637595,1.9231973,-0.086746976,1.0047666,0.20443381,0.6027079,0.057884023,-0.5096932,0,chr2:111618716:esophagus_squamous_epithelium:0,FP,1
4.7436814,-0.86554897,0.27208772,-0.5140366,0.14064166,0.39338923,-0.25884357,-0.5410823,0.52722687,-0.46842447,0,chr6:33620176:body_of_pancreas:0,FP,1
-3.6032057,-0.3784701,-0.57211107,-0.4551829,-0.04693228,0.48148,-0.39853716,0.16816275,-0.55141646,-0.5081,0,chr22:39968410:prostate_gland:0,TN,0
-3.7066524,0.5629769,-0.21517007,-0.36578393,-1.101251,0.43280926,-0.2900247,-0.57869273,0.108489595,0.03520808,0,chr15:79898542:transverse_colon:0,TN,0
-3.1908588,-0.7077357,0.9805476,-0.22627832,0.13758628,-0.57526594,0.21428166,-0.15566565,0.5549267,0.3101266,0,chr22:33806505:sigmoid_colon:0,TN,0
3.7437646,-0.14414467,-0.7110155,0.6355316,0.14070936,-0.2453018,0.55359465,-0.15668134,0.0044595883,-0.31526417,0,chr3:43364058:esophagus_squamous_epithelium:0,FP,1
4.627205,0.0060109245,0.17594808,0.453059,-0.4300522,0.20505346,-0.6165147,-0.03481556,0.004754317,0.0002859986,0,chr2:10448425:gastrocnemius_medialis:0,FP,1
-2.7548862,0.19046575,-1.6837851,0.50532633,-0.28664818,-0.5586688,0.37534386,0.8505521,1.7909905,-0.3937534,0,chr1:4463296:spleen:0,TN,0
-3.5111747,-1.0026942,1.2238437,-0.53418,-0.085383266,-0.6413545,-0.109588414,0.105695926,0.36901715,-0.10884064,0,chr11:130523244:stomach:0,TN,0
-2.8283253,-0.93952835,1.5330429,1.0827028,0.6058319,0.28661302,0.8457901,-0.018287031,-0.35066596,-0.096353516,1,chr3:113276226:body_of_pancreas:0,FN,0
-3.158886,2.1092389,0.26617947,-0.057059888,-1.2776009,-0.25204885,0.75323063,-0.22949119,1.2155102,0.30923226,0,chr14:54672756:esophagus_muscularis_mucosa:0,TN,0
0.84713376,-0.12789987,0.7828847,1.9930868,0.44011557,-0.7849288,-0.48179933,0.2507962,-0.45317805,0.26140627,0,chr19:17337850:body_of_pancreas:0,FP,1
-2.165003,-0.74976134,1.3182282,-0.17858101,-0.31374216,0.34919292,0.29663953,0.26667562,-0.12731054,0.18997481,0,chr22:45245509:spleen:0,TN,0
5.063443,-0.19494383,-0.026235608,-0.5995458,-0.38055578,-0.43952805,0.23197486,0.00021900622,-0.029260347,-0.2313363,1,chr7:142771919:body_of_pancreas:0,TP,1
1.031983,0.54039675,0.7394266,2.0245962,0.47267365,0.7364433,0.9172218,-0.48960006,-0.37067688,-0.39944252,1,chr18:48137415:transverse_colon:0,TP,1
-2.5334742,0.95036596,0.22836718,0.89596677,0.16850476,-0.4293625,0.43239945,0.6384335,0.17993689,-0.9898468,0,chr6:44051992:esophagus_muscularis_mucosa:0,TN,0
-0.6995648,2.0786424,-0.566008,-0.970753,0.9731962,-0.047154427,-0.6959151,0.45020282,-0.31544802,0.6005214,0,chr3:111763899:tibial_artery:0,TN,0
1.8651042,-0.7268159,0.9117887,1.5675188,0.5248226,-0.17819352,-0.69316745,-0.033887997,0.1468778,0.04266436,1,chr4:1194906:Peyers_patch:0,TP,1
-3.7389278,1.1044122,-1.2008518,-0.09920785,0.91348803,0.0876883,0.022284256,0.68541163,-0.28656384,-0.89664376,0,chr17:77393333:Peyers_patch:0,TN,0
1.8033378,-0.7367229,-1.2017788,1.3546884,0.0018069333,-0.40463573,-0.75342554,0.6382089,1.2184731,0.21532397,0,chr2:86720659:upper_lobe_of_left_lung:0,FP,1
0.09581159,1.712131,1.0143566,1.0939229,-0.14985171,0.2262995,-0.7602817,0.47258824,0.9691606,0.8032629,1,chr3:4814495:gastrocnemius_medialis:0,TP,1
3.8880424,0.8588331,-0.27825284,0.79449755,-0.41381502,0.0037492686,-0.43189058,0.32616878,-0.15024252,0.6124909,0,chr19:18419350:suprapubic_skin:0,FP,1
-3.2479832,-1.3740886,-1.1864548,1.3673481,-0.021474952,-0.22221984,0.09522645,-0.5652756,0.8283166,0.0462931,1,chr12:52874225:gastroesophageal_sphincter:0,FN,0
-2.4640977,0.37377274,-1.08372,1.2655468,-0.11789876,-0.37352762,0.7419903,0.1653491,-0.821814,-0.043655552,0,chr10:15097633:body_of_pancreas:0,TN,0
-2.5212953,-0.49807683,1.3702693,-0.15399978,0.5498601,-0.67562634,0.650472,0.27807078,0.1225246,-0.11143716,0,chr7:48183350:esophagus_squamous_epithelium:0,TN,0
-3.1958373,-0.7276303,0.34775105,-0.4262593,-0.15031375,0.092163704,-0.46759436,0.80830884,1.6373428,0.08164015,1,chr2:41611434:gastroesophageal_sphincter:0,FN,0
4.8910217,-0.051436897,0.32187673,-0.24288167,0.0036348582,-0.053662635,-0.43303007,-0.0224877,-0.015265033,-0.114353605,1,chr17:75462005:gastrocnemius_medialis:0,TP,1
3.625027,-0.92769825,-0.7193119,0.9524079,-0.29217127,-0.1393817,-0.6917157,0.2555424,-0.49516186,0.4656298,1,chr16:58197748:transverse_colon:0,TP,1
-1.3512979,0.78861874,1.1742991,1.3014233,0.47967836,-0.019418793,-0.3182217,1.5124874,0.5206387,-0.55990297,0,chr3:45212203:sigmoid_colon:0,TN,0
-4.14288,2.2853508,-1.4944489,-0.16959064,0.54950416,0.23454966,0.48506558,-0.5415762,-0.38018876,0.09075379,0,chr20:373693:body_of_pancreas:0,TN,0
-3.733101,0.62226194,-0.59185696,-0.95559925,1.4755365,-0.548263,-0.7540546,0.82934755,-0.31670615,-0.32106182,0,chr21:15466252:gastrocnemius_medialis:0,TN,0
-3.9107158,0.85954386,0.40240902,0.32883504,-0.6571924,-1.0159543,0.3967965,0.32285804,0.12813693,-0.29124415,0,chr22:46149340:body_of_pancreas:0,TN,0
5.1182194,-0.613221,0.08499771,-0.5486802,-0.35588712,-0.07093088,0.1052075,-0.22632457,0.07221449,-0.3805691,1,chr22:16339427:stomach:0,TP,1
4.99685,-0.07341106,0.29877454,-0.29361564,-0.0658549,-0.07268831,-0.28933486,0.08143202,0.14973028,-0.2978934,1,chr15:83903904:sigmoid_colon:0,TP,1
-2.3026726,-0.5280589,1.2205416,0.43197834,1.0411401,-0.15010001,0.22776498,-0.14611264,0.8009219,-0.10870251,0,chr4:2485638:sigmoid_colon:0,TN,0
1.5139505,1.5344937,1.2869743,1.2380593,0.10440766,-0.21770227,-0.8722016,0.35433254,-0.014762321,-0.6592233,1,chr18:55586134:transverse_colon:0,TP,1
4.892366,-0.2055244,0.047512095,-0.7853589,-0.356772,-0.11099136,0.31910414,-0.31278792,0.1291938,-0.47598273,1,chr7:142501597:transverse_colon:0,TP,1
0.8035127,1.6514974,-1.8398701,-0.82293266,0.53768647,-1.1134094,-0.017946701,0.73964006,-0.3157254,0.6395757,0,chr8:30214515:gastroesophageal_sphincter:0,FP,1
4.9643655,0.07689528,0.2980049,-0.28651148,-0.37139723,0.06689358,-0.32803145,-0.09511223,0.1372335,-0.32604283,0,chr19:36838128:prostate_gland:0,FP,1
4.077303,0.61993676,0.55343825,0.8529313,0.04962361,-0.04050168,-0.3441253,0.23089096,0.8742376,-0.3210433,0,chr8:133067345:spleen:0,FP,1
-2.638231,-1.0771756,-0.9630892,0.6356675,-0.70383173,0.55342674,-0.61433554,-0.5508695,0.26611546,0.44772935,1,chr9:41074873:gastrocnemius_medialis:0,FN,0
-1.568598,-3.1553159,1.0683097,-1.3511935,-0.34049678,0.83519983,-0.10238668,-0.03921813,0.7764327,0.92939335,0,chr2:87015257:body_of_pancreas:0,TN,0
2.9232085,0.2366427,-0.19661613,1.6578461,-0.6591749,0.8049894,-1.3004363,-0.065777384,-0.4075297,0.59587973,1,chr1:156082827:tibial_nerve:0,TP,1
3.80871,-0.29584968,0.09696189,0.8823846,0.26823628,-0.17345582,0.35445085,0.103365496,0.36267015,0.29571974,0,chr22:23223831:tibial_nerve:0,FP,1
-2.5483859,-0.566302,-0.35038695,-0.55260855,-0.8839947,-0.53632504,1.0551014,-0.33157304,-0.28618175,-0.30352026,0,chr1:203290044:gastrocnemius_medialis:0,TN,0
-2.060462,-0.44305542,0.12246211,0.43502152,1.2424052,0.04057576,-0.0775561,-0.33797947,0.036621235,0.70911413,0,chr19:33808959:spleen:0,TN,0
3.0764086,-0.1785325,-0.9679155,-0.2860515,-0.031786162,0.2081302,1.1862204,-0.39677754,0.024170559,0.05126475,0,chr12:9284662:spleen:0,FP,1
-3.5129778,0.5655871,0.7754936,0.80616605,-0.1187709,0.34689566,0.33005607,0.80013764,-0.2396429,-0.3891581,0,chr11:117929610:body_of_pancreas:0,TN,0
-3.045577,-1.8162255,-0.5216283,1.5357112,0.06887624,-0.61461973,0.10544304,-1.163638,-0.43318886,-0.028690007,0,chr7:128531874:esophagus_muscularis_mucosa:0,TN,0
-2.5950146,-1.540368,0.50633144,-0.7946911,-0.7813872,0.49520814,-0.6908893,0.65087885,0.25687596,-0.08871011,0,chr15:52568355:body_of_pancreas:0,TN,0
-2.3313596,-0.31316072,-2.3558793,0.28739122,-0.20071563,-0.5478481,-0.028814407,-0.13047642,-0.5686336,0.8825324,1,chr19:53554522:transverse_colon:0,FN,0
4.7759824,0.263807,0.4454981,0.44712058,-0.0937607,0.00585615,-0.61842066,-0.07214351,-0.031916503,0.07896974,1,chr9:129437665:esophagus_squamous_epithelium:0,TP,1
-3.0654728,-0.113668285,1.2206753,1.0277096,-0.11351898,-0.25676304,1.0436971,-0.3991006,0.13051859,0.33360395,0,chr2:126670097:gastrocnemius_medialis:0,TN,0
1.3691317,-0.73332125,0.20921938,0.31835386,2.388139,0.8365366,-0.39837936,-1.4045349,-0.64255404,-0.5441857,1,chr20:3810780:esophagus_squamous_epithelium:0,TP,1
4.8402424,0.20899254,-0.0936855,-0.30807877,-0.2937698,-0.23392224,0.44250324,-0.08160998,0.0009701213,-0.2721121,1,chr1:16513429:esophagus_muscularis_mucosa:0,TP,1
4.7221384,0.07954811,0.16522187,0.3133818,-0.3891654,0.28954178,-0.59492403,0.021642482,0.014669001,0.23731598,1,chr11:121722769:esophagus_muscularis_mucosa:0,TP,1
-3.4789534,-0.21818142,0.8901305,0.29286033,0.56163347,-0.5633816,0.48839527,-0.23020498,-0.36428317,-0.049805544,1,chr18:59922112:gastrocnemius_medialis:0,FN,0
-1.6216513,-1.8360883,-0.3693953,-0.56383896,0.19245684,1.2153596,0.018877136,1.9228691,-0.341574,-0.9973414,0,chr5:132499037:gastroesophageal_sphincter:0,TN,0
-3.8526716,-0.20743936,-1.2330896,-0.62029165,1.6872351,0.09691599,-0.7372613,-0.14238328,0.33611557,-0.60823315,0,chr19:48753883:body_of_pancreas:0,TN,0
2.5866227,-0.0415636,-0.8728429,-0.79943955,0.6619179,-0.06470677,-0.20531753,-0.4438365,-0.41679326,-0.016949497,1,chr4:35525750:tibial_nerve:0,TP,1
-3.9518366,-0.8903913,0.0022893504,0.06269711,-1.1866629,-0.3479071,-0.70355356,-0.36455104,0.13678618,0.105250426,0,chr6:32177427:adrenal_gland:0,TN,0
-3.1272695,-1.5476354,0.90825033,0.17525728,0.027434247,-0.115648314,0.66207683,0.08690794,0.014725946,-0.49796644,0,chr22:43745392:gastroesophageal_sphincter:0,TN,0
-1.9786047,2.3313959,1.850074,0.7667237,0.04044323,-0.6478479,-0.18179981,0.15805529,-0.20188834,0.43301886,0,chr2:105612452:transverse_colon:0,TN,0
-3.4258945,1.1583954,0.19569054,-1.3310349,-0.4873162,-0.5396572,-0.25313884,0.5399287,0.0739567,0.019776538,0,chr2:196184043:spleen:0,TN,0
-2.8201292,-2.5866847,-1.3768772,0.39805856,-0.38353536,0.76872844,0.36057094,0.21885213,-0.17313445,-0.46929413,0,chr9:135992907:esophagus_squamous_epithelium:0,TN,0
-3.4434736,2.1946642,0.70228505,-0.68577695,-0.5632071,-0.38254437,-0.36069444,0.32264856,0.22397234,0.4148867,0,chr8:128541456:spleen:0,TN,0
-0.92762333,-1.251588,-2.5566816,1.409962,0.25399065,-0.48729375,-0.32362452,-0.3239909,-0.5934728,0.23606235,0,chr5:134004520:body_of_pancreas:0,TN,0
-4.0377517,1.1162895,-1.4428338,-0.99955654,0.2729257,0.071978256,-0.40821204,0.6634213,-0.08701757,-0.72355425,0,chr4:139918661:esophagus_squamous_epithelium:0,TN,0
-3.1125054,-0.18208432,-0.0829867,0.58085173,0.14978877,0.12091869,-0.5716786,0.36857086,0.034491543,-0.75138026,0,chr2:36707592:gastrocnemius_medialis:0,TN,0
-3.8311493,1.1262573,-1.4306757,0.4033968,-0.9675991,0.3844847,-0.5069244,-0.35763046,-0.6063,0.21514422,0,chr15:26082829:esophagus_squamous_epithelium:0,TN,0
2.4085534,-0.59130543,-1.9355152,1.0271691,-0.432528,0.015750576,0.14610171,-0.20421383,-0.9769681,1.3751616,1,chr17:45585041:esophagus_squamous_epithelium:0,TP,1
-3.9678218,-0.76106405,-1.1659266,0.8586005,-1.4423823,-0.24272433,-0.22447704,-0.5336166,-0.019173216,0.112270795,0,chr12:62632110:Peyers_patch:0,TN,0
4.6465163,-0.5379431,-0.47033313,0.57860583,-0.061667487,-0.103532575,-0.19248545,-0.36306486,0.12534857,-0.07753458,1,chr2:178451029:stomach:0,TP,1
-0.32321104,0.34256908,-1.4787221,1.3362195,-0.60559964,0.21407326,0.8189412,0.30261338,0.87119204,1.0937841,1,chr1:153634639:gastrocnemius_medialis:0,TP,1
2.0347924,1.5783647,-0.5295316,0.027398035,-0.4826643,1.6890941,1.4284108,1.0526968,0.14060007,0.32058203,1,chr7:100973129:transverse_colon:0,TP,1
-2.191349,0.11815745,2.4692738,0.89744633,0.20153697,-0.24418339,-1.1438634,1.2326057,0.09061354,-0.4403812,0,chr15:52661992:gastrocnemius_medialis:0,TN,0
1.2421863,-0.3842829,-1.4335268,-1.0244257,1.380687,-0.42222536,-0.22048594,0.40288782,0.12479226,0.25014225,0,chr12:46399213:gastrocnemius_medialis:0,FP,1
-2.97791,-0.8656939,1.9734119,0.15474737,0.43283302,-0.46024004,0.2656542,-0.10768491,-0.27081293,0.37593699,0,chr5:67800359:gastrocnemius_medialis:0,TN,0
4.46259,0.5532582,0.6763757,0.19509088,-0.3323369,0.28238654,-0.5475675,-0.30392078,0.30959466,-0.42697528,1,chr9:22290372:transverse_colon:0,TP,1
4.68317,0.49763075,0.5625775,0.48770198,-0.119075656,0.02148509,-0.49065515,-0.08192104,0.04176286,-0.24932759,1,chr17:42112573:gastrocnemius_medialis:0,TP,1
-3.5724185,-1.2119867,-0.7202514,-0.43729138,-0.1983142,0.26999864,-0.061335754,-0.064830914,0.55224955,0.40567207,0,chr16:70703202:transverse_colon:0,TN,0
-3.1444564,-1.0899745,-0.6889164,1.624453,-0.022945326,-0.4847655,0.8036688,0.25942382,0.2533584,-0.7540525,0,chr22:17171570:spleen:0,TN,0
-2.1718743,-1.6536281,0.51583946,-0.49117503,0.2152913,-0.37099612,-0.6115491,1.0480456,1.864183,0.32021707,1,chr1:117018195:tibial_nerve:0,FN,0
-3.2603023,-0.0884496,2.2591424,-0.7121935,-0.12544756,-0.18269166,0.4620867,-0.5356895,-0.87819654,0.46500418,1,chr3:112393901:gastroesophageal_sphincter:0,FN,0
-3.5172353,-1.6950525,1.382863,0.227343,0.20129287,-0.6842402,0.6162103,-0.1670695,-0.1990738,-0.036951955,1,chr20:25845383:tibial_nerve:0,FN,0
0.62244415,1.7405144,-0.74511963,-0.36036137,0.40078855,-0.5918813,0.020926856,0.8096717,-0.7350805,1.6460232,1,chr8:119906507:gastrocnemius_medialis:0,TP,1
4.3218083,0.38917497,-0.05786639,0.7122006,-0.10195468,-0.008067754,-0.66775376,-0.05817145,-0.21338789,0.38738722,1,chr16:2520692:esophagus_muscularis_mucosa:0,TP,1
-4.296962,0.15485011,0.9872399,-0.5364228,0.22291875,-0.69297266,-0.49374807,-0.6785503,-0.17043735,-0.1661941,0,chr16:4863367:spleen:0,TN,0
-1.3311987,-0.40835553,-0.27237132,0.15410939,1.0298226,0.13582022,-0.6063805,-0.5551215,0.45452178,-0.27253562,0,chr19:1898770:tibial_nerve:0,TN,0
-3.101576,-0.3914919,2.0764935,0.45618486,0.1862737,-1.1160177,-0.28458497,0.5713886,-0.077217914,-0.1579517,1,chr1:146052879:body_of_pancreas:0,FN,0
4.982511,0.17261492,0.37808248,-0.20016876,-0.3805442,0.1200421,-0.24507067,-0.17608808,0.095701955,-0.34085917,1,chr17:78356295:transverse_colon:0,TP,1
4.641575,-0.5397527,0.65975314,-0.122979715,0.01677057,0.5217356,-0.3166991,-0.17342512,0.29117447,-0.30640784,0,chr15:50003528:tibial_nerve:0,FP,1
5.247445,-0.81012595,-0.017669858,-0.47607124,-0.3533581,-0.10353603,0.06167363,-0.20961186,0.045037895,-0.09808906,1,chr9:63859633:gastroesophageal_sphincter:0,TP,1
3.168467,1.8724052,0.01131972,0.0018411422,0.14619344,0.49498677,-0.35590464,0.5702599,-0.12688294,0.1646297,0,chr22:41442110:esophagus_squamous_epithelium:0,FP,1
-1.0795083,-0.15844058,3.1386929,1.2046701,1.2503276,-0.6335117,-0.6588332,-0.13589694,0.25174063,-0.022492286,1,chr1:162549120:tibial_nerve:0,FN,0
-3.4386353,0.49237838,-0.00058229646,-0.60560614,0.86243206,0.5316004,0.65470326,-0.35330543,-0.46060386,0.12977295,0,chr1:13593284:gastrocnemius_medialis:0,TN,0
-2.9887831,0.56179154,-1.1289127,-0.918018,0.9252088,1.1787417,-0.47039783,0.13303517,-0.43834215,-1.3295804,0,chr22:35378037:stomach:0,TN,0
4.8159986,-0.23547833,0.28764486,0.4133544,-0.10711472,0.033230778,-0.50150114,-0.14691891,-0.046018474,-0.12649529,1,chr15:75348373:tibial_nerve:0,TP,1
-3.4138877,1.996861,-1.2999579,-0.8823054,0.6533182,-0.001077458,-0.0018366006,-0.6121902,0.5026274,-0.24907452,0,chr18:6732461:gastrocnemius_medialis:0,TN,0
-2.3157718,-0.8563134,0.24209242,-0.67612445,-0.30857864,0.43301585,0.0055399407,-0.58419156,0.5567261,1.0432856,1,chr1:117060976:gastroesophageal_sphincter:0,FN,0
-2.1776748,0.43693048,0.6486495,1.0414225,-0.25784615,-0.8192177,-0.48035225,0.7909117,0.12097724,0.13556513,1,chr15:93066387:gastrocnemius_medialis:0,FN,0
-3.9454038,1.1640137,0.44353583,0.38844946,-0.13343799,-0.4695478,-0.36849698,0.07457578,0.88884175,0.38750473,0,chr20:44143072:gastrocnemius_medialis:0,TN,0
-1.9529454,-0.60024846,-0.8637247,-0.1879857,1.3294065,0.4570687,-0.49111265,0.12479884,0.9090867,-0.44987285,0,chr10:80203020:transverse_colon:0,TN,0
4.684415,0.10906915,0.433337,0.58479357,-0.16829027,-0.03774808,-0.75703233,-0.20088197,-0.05552042,-0.022179298,1,chr19:55600444:tibial_artery:0,TP,1
-3.3336453,-2.399566,0.80396765,-0.26554078,-0.23361708,-0.3288975,0.08653696,0.5966003,0.30258223,-0.35280153,0,chr5:150612239:body_of_pancreas:0,TN,0
5.2474456,-0.81012577,-0.017670054,-0.47607186,-0.35335878,-0.10353673,0.061673027,-0.20961204,0.045038097,-0.098088995,0,chr9:63859633:suprapubic_skin:0,FP,1
-0.24540336,0.29245743,-2.0831416,-0.19437489,0.015877143,-0.42310646,0.20922264,0.9065164,-1.3529586,1.5348215,0,chr17:885978:body_of_pancreas:0,FP,1
3.0648732,-0.85130334,-0.35096124,1.3683909,0.34501138,-0.116473995,-0.22434366,-0.019869348,0.246355,1.1439844,1,chr4:9532667:transverse_colon:0,TP,1
-3.3880289,-1.1887206,-0.1527252,-0.6007661,-0.8356963,0.47820905,-0.042531963,0.7478665,-1.1335821,-0.46680382,0,chr12:631895:tibial_nerve:0,TN,0
-1.9590468,2.798455,0.19289412,-0.21795356,0.03241412,1.3053895,-0.13324578,-1.0362866,0.3857657,0.43469167,1,chr2:239319425:tibial_nerve:0,FN,0
-3.8865173,0.06380874,-1.2850221,-0.9514203,0.5600789,0.22098903,-0.72853804,-0.4758174,0.10420123,-0.056059103,0,chr4:57053440:body_of_pancreas:0,TN,0
4.9811254,0.21503575,0.35050038,-0.048774455,-0.43707314,0.07947911,-0.34125385,-0.056568693,-0.0497005,-0.24804193,1,chr10:31321113:transverse_colon:0,TP,1
4.321806,0.38918403,-0.057864998,0.7122035,-0.10195513,-0.008068221,-0.66775423,-0.058170307,-0.21338893,0.3873895,1,chr16:2520692:tibial_artery:0,TP,1
-2.286557,2.6745353,0.43633443,-0.4492735,0.27900523,0.34851876,1.2144399,-0.6905608,0.6386088,0.28395784,0,chr11:86792094:gastroesophageal_sphincter:0,TN,0
-3.123747,-0.1474886,0.8182902,0.35739976,-0.61933786,-1.1107781,0.2236384,-0.09125423,0.85490614,-0.060092274,0,chr9:4742160:prostate_gland:0,TN,0
-2.37733,-0.06596948,-1.354957,-0.47304574,0.16129716,0.56541723,0.23861794,0.5821676,-0.2791075,-0.88044775,0,chr5:149451856:spleen:0,TN,0
-2.8188665,4.059063,-0.09737119,-1.4294621,0.00021508826,0.71461886,-0.9072748,-0.84543663,0.388996,0.21351346,1,chr1:8119683:esophagus_muscularis_mucosa:0,FN,0
-2.7719865,-2.1233268,-0.08248759,-0.4391279,-0.25743565,1.0713799,0.041380066,0.7837361,-0.21354018,-0.30607727,0,chr3:195967477:body_of_pancreas:0,TN,0
-3.4592211,-0.26134878,-2.3004825,0.80909663,-1.0281378,-0.29090503,-0.16253819,-0.14533019,1.2381347,-0.15285991,0,chr17:83051585:prostate_gland:0,TN,0
3.0080812,0.4740228,0.41681364,1.5677379,-0.7237473,0.90325,-1.2162832,0.6097073,-0.89041406,0.6847476,1,chr10:28302669:prostate_gland:0,TP,1
-2.9134274,-0.78150636,0.72590554,-0.44461226,1.3152438,0.3217909,-0.038874652,-0.14398508,0.20692407,0.24975882,0,chr14:68779405:transverse_colon:0,TN,0
-2.6762252,-1.3251388,1.0935489,0.6652682,0.7585608,-0.86995393,-0.28951657,0.34680787,0.71806985,0.03675583,0,chr12:52074491:prostate_gland:0,TN,0
-3.268371,-1.7278196,0.8989753,-0.09849263,-0.27787268,-0.2454065,0.7508345,-0.165149,-0.19888622,-0.16904156,0,chr2:54642143:gastroesophageal_sphincter:0,TN,0
-1.3722548,-1.5881424,1.8217193,-0.720436,0.27971157,1.4145522,0.58986104,-0.9067487,-0.9150203,0.42719752,0,chr12:110578824:gastrocnemius_medialis:0,TN,0
-3.1348646,-1.5563931,-0.8432103,0.0672664,-1.1575829,-0.6145451,-0.35008678,0.33375332,0.77040535,-0.33988306,0,chr19:2240495:spleen:0,TN,0
3.8041492,-0.048738323,0.38752183,1.27505,-0.39912862,0.02068092,-1.2923269,-0.10414258,0.12527888,0.588622,1,chr19:12946073:gastrocnemius_medialis:0,TP,1
5.0567484,-0.227073,0.2108739,-0.35809028,-0.43563566,-0.07494236,-0.10790399,-0.3146096,0.12214299,-0.50702167,1,chr4:160356292:adrenal_gland:0,TP,1
4.8660955,0.060932923,0.20102349,0.0634913,-0.40437716,-0.04011545,-0.4410267,0.080856904,-0.009370803,-0.14404505,1,chr5:80654888:spleen:0,TP,1
3.671743,-0.5917746,0.9038419,0.57799613,0.6308117,0.07799888,1.0369034,0.18650734,0.08616831,-0.5996445,0,chr3:134351361:gastroesophageal_sphincter:0,FP,1
-1.0348152,1.9210395,0.18792242,0.62189907,0.19160298,0.27643046,0.63563055,-0.20232141,-0.5187136,-0.41177443,1,chr1:21024559:gastrocnemius_medialis:0,FN,0
4.578103,0.8493029,0.49985406,0.40070605,-0.17025508,0.34057775,-0.57417566,0.019905197,0.15404303,-0.16066286,1,chr14:77269783:body_of_pancreas:0,TP,1
-1.7977834,1.0535294,-0.90738297,-0.18131106,1.2310395,1.0434406,0.9805861,-0.96933097,0.327551,0.38332587,0,chr11:61151262:sigmoid_colon:0,TN,0
-3.9701376,0.98475254,-0.1521002,-1.2193958,-1.0271899,0.25682214,-0.06510064,0.05382508,-0.45269564,-0.27999485,0,chr1:23957161:sigmoid_colon:0,TN,0
-1.4355699,0.16823299,-0.29697746,-0.91380286,0.1660644,1.8722342,-0.13916147,0.7880535,-0.40737122,-0.3509843,1,chr3:186589830:body_of_pancreas:0,FN,0
4.4657016,-0.08186899,-0.5884921,-0.014107413,-0.24228586,-0.07665505,0.8569725,0.304093,0.10315374,-0.2933897,1,chr22:23431652:gastrocnemius_medialis:0,TP,1
-0.028353704,2.0343928,0.6869539,-0.96513313,0.29443932,0.2157433,0.0997129,0.9518734,-0.69256186,0.20954873,0,chr4:124020498:esophagus_muscularis_mucosa:0,FP,1
0.29582906,-0.54881567,0.14010364,-1.0210164,-0.6507082,1.4869214,1.1733207,-0.65222174,1.4782145,1.5282509,0,chr3:172857078:body_of_pancreas:0,FP,1
-0.8876473,-0.66123575,1.093544,2.261285,0.19809274,-0.110603176,-0.7944183,-0.034325656,-0.5560505,0.8619819,1,chr3:37453118:sigmoid_colon:0,FN,0
-2.4851353,0.452029,1.3045493,-0.734483,0.9735677,-0.089160904,-0.15181409,1.1589679,-0.84085417,0.5444904,0,chr1:178030052:gastrocnemius_medialis:0,TN,0
1.0436616,-0.38613603,2.209626,1.8334199,1.1157595,-0.6175906,-0.30357438,-0.27970153,-0.10161096,0.7171059,0,chr17:82103668:sigmoid_colon:0,FP,1
4.4109116,0.7503422,0.48623794,0.22262107,0.1382516,0.31135598,-0.7707422,-0.10596047,0.21322162,-0.57324636,1,chr10:102568961:transverse_colon:0,TP,1
4.4716964,0.45968086,-0.3231277,-0.869779,-0.37696236,-0.6224944,0.1965467,-0.025516124,-0.21664569,0.22795202,1,chr21:32561880:esophagus_muscularis_mucosa:0,TP,1
-4.5277514,-0.07362497,0.32616732,-0.3583415,-0.26131502,-0.3581306,0.0047306004,0.009387323,-0.5373633,-0.4589097,0,chr12:47821449:tibial_artery:0,TN,0
-1.9831623,-0.99425286,0.23073047,-0.8189024,0.20052768,-0.12432559,-0.42284068,0.88780695,1.6261514,0.29971108,0,chr17:45574144:gastrocnemius_medialis:0,TN,0
-1.5921564,-2.605637,-1.0102667,1.3204972,0.0005028679,0.06678567,-0.02322804,-0.38164055,1.1708772,0.067945704,0,chr1:41242426:esophagus_muscularis_mucosa:0,TN,0
5.0578704,-0.69865566,-0.20469923,-0.7336141,-0.16345777,-0.5621354,0.17489715,-0.037756857,-0.16889866,-0.10104235,1,chr6:17600825:gastroesophageal_sphincter:0,TP,1
1.3704877,-0.97714436,-1.3547537,-0.28425375,1.2529774,0.28530008,-0.2808284,-0.34252462,-0.34276477,0.72761846,0,chr17:50915788:body_of_pancreas:0,FP,1
1.8664155,0.4379656,0.6014533,0.7926501,0.33377427,-0.3102902,0.112358,0.78411245,0.8416155,-0.02411454,0,chr9:114990093:spleen:0,FP,1
4.9455166,0.10719738,0.1531188,-0.27660117,-0.56506103,-0.121453725,-0.124056324,-0.24880242,0.12623714,-0.4662711,1,chr2:67906572:suprapubic_skin:0,TP,1
3.3577254,-3.592523,0.38285926,-1.7605168,0.4748388,1.599157,0.24773964,-1.0209509,1.3461264,1.4955025,1,chr6:32663513:spleen:0,TP,1
2.0341446,0.1520716,-0.9229343,-0.006486399,0.8334506,-0.037936646,-0.25925857,-0.17839025,-0.387764,0.8850557,1,chr3:26843584:gastrocnemius_medialis:0,TP,1
-2.2992845,0.71865296,1.715316,0.20366104,-0.05473306,-0.09371568,-0.8451351,-0.021668263,0.7529964,0.5807513,0,chr14:44960985:tibial_nerve:0,TN,0
4.7632127,0.34054616,0.007455656,0.7652433,-0.40609345,0.12528086,-0.13711992,-0.13172728,0.12734789,-0.13171197,1,chr7:30284569:gastrocnemius_medialis:0,TP,1
-2.1577451,0.29129624,-0.6737573,0.00048638185,-0.10561461,1.8109244,0.7483521,1.3975058,-0.28834477,-0.437206,1,chr22:37282772:stomach:0,FN,0
-3.9961178,0.5579819,-0.12052566,0.36025658,-0.96584815,0.027988428,0.69098884,-0.39141932,-0.17441867,-0.09696621,0,chr7:151089958:body_of_pancreas:0,TN,0
5.0640965,-0.46743584,-0.094198234,-0.8112494,-0.47911912,-0.38309863,0.25770015,-0.07868591,0.020451939,-0.16325353,1,chr17:43360579:spleen:0,TP,1
-2.6735473,-1.7790767,2.0182228,-1.040199,-0.6472714,0.4639178,0.1919157,0.12705138,-0.4160262,0.23322591,0,chr12:51753180:tibial_nerve:0,TN,0
-2.61247,0.011325159,2.2026072,-0.1898495,1.2721792,-0.6367243,0.36518055,-0.15268616,-0.14059037,-0.029289102,0,chr11:130025910:prostate_gland:0,TN,0
-2.3628407,-0.08649936,-2.6357627,1.369452,-0.6807869,-0.27291092,0.26758277,-0.6592012,-0.5419071,-0.5834941,0,chr20:462292:upper_lobe_of_left_lung:0,TN,0
-3.1490428,0.5957575,0.33571574,-0.5545377,-0.7040831,-1.0694709,-0.14493273,0.35456416,1.1634462,0.14055826,0,chr2:46701026:gastroesophageal_sphincter:0,TN,0
-2.5156705,-0.8243535,2.792093,-0.047259025,0.6306517,-1.26563,0.036212888,0.030862322,-0.08485215,0.20934236,0,chr2:212906614:transverse_colon:0,TN,0
-3.533032,1.7406482,-0.2436508,0.35067952,0.6743013,-0.6355196,0.5908508,0.0013921445,-0.244897,-0.7669546,0,chr5:150214269:gastrocnemius_medialis:0,TN,0
1.4116188,-0.97831666,-1.3531199,-1.1394525,1.186653,-0.74891615,0.5210663,0.1130743,-0.2714167,0.045120943,1,chr11:52777739:gastrocnemius_medialis:0,TP,1
-2.5349252,0.50225115,-0.79331017,-0.016312402,1.1136861,-0.5690037,0.01303039,-0.2671883,0.33267263,-0.24324341,0,chr4:182531772:sigmoid_colon:0,TN,0
-3.8498468,1.126789,0.7121534,-0.40634596,-0.07929574,-0.45082468,-0.07897913,0.3478856,-0.22626068,-0.7264876,0,chr22:20558051:spleen:0,TN,0
0.95243424,-0.016676135,-0.37425265,-0.06491989,0.74738306,0.042184107,0.40799052,0.20183632,-0.70310646,0.8600379,1,chr2:178699961:gastrocnemius_medialis:0,TP,1
-2.5825553,-1.8897312,-2.300128,1.0530295,-0.88302326,0.5133716,0.27488658,-0.6613357,-0.06840205,0.10707945,0,chr16:11915292:transverse_colon:0,TN,0
-4.158555,1.3590535,0.17539139,-0.7884779,1.1126752,-0.53548914,-0.13960399,-0.45399338,-0.08150129,-0.32015127,0,chr20:1123849:transverse_colon:0,TN,0
1.0319725,0.54039466,0.7394299,2.0245986,0.47267497,0.73644257,0.91722476,-0.48960078,-0.37067774,-0.399442,1,chr18:48137415:suprapubic_skin:0,TP,1
-2.8013966,-0.98842555,1.4731433,1.1399491,-0.07201121,-0.485876,1.0047947,-0.23738015,0.19391407,-0.07791627,1,chr5:96333092:gastrocnemius_medialis:0,FN,0
3.7802846,-0.21047224,-0.62790555,0.22884789,-0.200836,-0.5448958,0.5751646,0.41584346,-0.02145847,0.5299315,1,chr1:22005838:body_of_pancreas:0,TP,1
4.4865217,0.60393614,0.005379978,0.40869907,-0.3551266,0.07147584,-0.50462854,0.57307994,-0.07770478,0.47149566,1,chr2:131492789:spleen:0,TP,1
-3.871863,-0.9068933,0.55691063,0.039911836,-0.19920722,-0.6043763,-0.39789346,0.06574825,0.11517467,0.2545448,1,chr6:3024351:esophagus_squamous_epithelium:0,FN,0
0.8313741,1.497818,0.49000245,-0.66916907,-0.9541587,0.59121287,1.3654845,0.15294704,-0.2868002,0.4382254,0,chr2:191247323:thoracic_aorta:0,FP,1
2.1332576,2.9900625,0.7379536,-0.66647387,-0.7954956,0.9246432,1.1410545,-0.12714173,0.36725384,0.5906475,1,chr10:58622844:gastrocnemius_medialis:0,TP,1
2.0661519,2.7354517,1.4288723,2.3459766,0.15402028,0.0121148825,-0.80695325,0.13662429,-0.5745585,-0.18508503,1,chr1:16914310:body_of_pancreas:0,TP,1
0.6958948,2.1677923,1.9979824,2.3570657,0.14855303,0.008170396,-0.9065274,0.38445622,0.25352058,-0.17227806,0,chr6:143677849:esophagus_muscularis_mucosa:0,FP,1
-2.841038,-0.9676951,-0.32584795,-0.23633142,-0.03087462,0.032278813,0.062825255,0.42025694,1.2579577,0.26211897,1,chr13:112114096:transverse_colon:0,FN,0
-2.6937401,-0.10115021,1.0329068,-1.2069362,0.08847329,0.35565346,-0.33445027,0.28189516,0.48835686,0.7653928,0,chr9:275178:spleen:0,TN,0
-4.487137,0.328485,-0.2817937,-0.67963773,0.16930342,-0.1936926,-0.01862163,0.46163678,0.317275,-0.60077596,0,chr10:79262083:esophagus_muscularis_mucosa:0,TN,0
-3.2481158,-0.049584173,0.616525,0.25539434,0.67441404,-0.65615225,0.5066184,-0.22551726,0.107189156,0.111124896,0,chr8:125648260:body_of_pancreas:0,TN,0
4.976485,-0.46591076,0.14301075,-0.45527077,-0.42657602,0.023014938,0.11419082,-0.15902682,0.26106757,-0.294382,1,chr6:31489525:Peyers_patch:0,TP,1
-3.5687656,-1.239341,0.9841025,0.2841287,-0.2015823,-0.014048591,0.13748054,-0.7871384,-1.0992482,0.16002859,0,chr7:10939768:upper_lobe_of_left_lung:0,TN,0
4.940561,-0.16896373,-0.2654082,-0.5624158,-0.35582823,-0.6368473,0.44061235,-0.0010075828,-0.2757244,-0.13954084,1,chr3:16366238:gastrocnemius_medialis:0,TP,1
-3.8344688,0.5543191,-1.0709554,-0.4339539,1.2815481,-0.31080374,-0.5018381,-0.015492485,-0.4847469,0.19770715,0,chr16:81822937:spleen:0,TN,0
5.0796056,-0.7227574,-0.18135728,-0.72264457,-0.23450752,-0.5397789,0.19477354,-0.04774105,-0.12108392,-0.07715678,1,chr6:17600812:upper_lobe_of_left_lung:0,TP,1
-2.5003204,0.5663118,1.2273369,-0.95221406,-0.2766865,-0.37887952,-0.30536446,0.0904844,0.5362056,0.22406717,0,chr5:103261590:gastrocnemius_medialis:0,TN,0
-2.662083,-1.0385996,-1.4393265,0.92746615,-0.67409724,-0.11501877,-0.7193729,-0.629061,-0.7811436,0.8360116,0,chr4:39527525:gastrocnemius_medialis:0,TN,0
-3.0731974,0.61882794,0.623829,-0.87217957,0.45901325,-0.43476805,0.0632608,-0.59015584,0.052151915,0.24235871,1,chr2:231131055:sigmoid_colon:0,FN,0
-2.6080377,-1.3796655,-1.634679,0.61614275,0.0322752,0.36808535,0.46826065,0.89661044,-0.1886818,-0.5878359,0,chr17:82217714:gastrocnemius_medialis:0,TN,0
-3.7204778,0.97444105,0.31776914,-0.044493522,0.66212344,-0.093123555,0.19960296,0.13771492,-0.28142732,-0.6291277,1,chr3:187101859:tibial_nerve:0,FN,0
3.5664792,0.3179824,-0.6059146,-0.9951073,0.07148638,-0.5783741,0.1577525,0.31825832,-0.32930827,0.28112862,1,chr9:43171156:gastrocnemius_medialis:0,TP,1
-1.4134777,-0.58586526,0.97417104,2.2826054,0.677662,-0.6875353,0.9813082,-0.24262597,0.08335347,0.30703756,0,chr16:3066323:body_of_pancreas:0,TN,0
4.8301244,0.2469882,0.5103658,-0.16554357,-0.41367036,0.20941348,-0.3863355,-0.2262296,0.22725429,-0.3465508,1,chr8:93405667:transverse_colon:0,TP,1
-0.7527228,-0.12351963,0.11371742,-0.03925644,0.86273205,0.86638874,0.3137172,-0.2997667,-0.5187143,0.99550587,1,chr22:18028739:gastrocnemius_medialis:0,FN,0
4.5887103,0.10285924,-0.50868946,0.63449883,-0.17328066,0.1831899,-0.25072762,0.030136703,-0.32291824,0.5272625,0,chr8:141128760:prostate_gland:0,FP,1
-3.194228,-0.11111871,-0.7033152,-0.7013226,1.6053009,0.19278994,-0.32696402,-0.4038441,0.3220579,0.08563536,1,chr2:46717413:transverse_colon:0,FN,0
-0.8854686,-1.4156343,-1.2103127,1.15775,0.8530739,-0.153318,0.28876647,0.39670143,1.4437345,0.09131365,1,chr6:41780524:sigmoid_colon:0,FN,0
0.37725803,-0.7656426,-0.5916377,-0.59476495,1.2817527,-0.4347805,0.45890245,-0.24437611,0.40376884,-0.46829107,1,chr18:16049034:prostate_gland:0,TP,1
-1.2208426,2.8864841,1.3845947,0.2196512,0.085521385,-0.1151989,0.12958439,0.36833635,0.87496096,0.770999,0,chr4:82901805:tibial_artery:0,TN,0
-3.228473,1.6690339,-0.2242813,-1.1571679,0.646748,-0.8148511,-0.64644855,0.7415103,-0.17222936,0.12413193,0,chr21:38819464:Peyers_patch:0,TN,0
-3.2494476,1.4187467,0.746163,-1.0652463,0.08123333,-0.26733586,-0.6054795,-0.24880506,0.38413873,0.18289566,0,chr4:176235016:gastrocnemius_medialis:0,TN,0
-3.3936245,-0.34586647,-0.535975,0.7849241,-1.0233202,0.30615208,-0.32455754,0.09323816,-0.20125733,0.0064750593,1,chr10:103854785:sigmoid_colon:0,FN,0
5.236789,-0.74785364,-0.0045602275,-0.34702247,-0.2298851,0.064738646,-0.04800649,-0.29183555,0.0738192,-0.089091346,1,chr12:42144537:esophagus_squamous_epithelium:0,TP,1
4.8764324,0.17282252,0.30345586,0.20151255,-0.30090022,-0.025151208,-0.46206185,-0.24842712,0.037670754,-0.25399536,1,chr17:28744291:gastroesophageal_sphincter:0,TP,1
-2.5273995,-1.7373986,0.009698523,0.15892492,-0.2849088,0.89479125,0.014394874,1.605156,0.6623751,-0.7306547,0,chr2:46818127:gastrocnemius_medialis:0,TN,0
0.11818175,1.783412,1.6233972,1.765537,0.017271267,0.6322294,-0.26369005,1.122171,-0.4336278,-0.32951474,0,chr4:38155795:esophagus_squamous_epithelium:0,FP,1
-3.562684,-0.20424941,0.16524597,0.31047338,-1.1004534,0.26020217,-0.7175942,0.89033693,-0.48790717,-0.5131952,1,chr9:131393667:prostate_gland:0,FN,0
-3.3927026,-1.0541962,0.28140172,0.45412698,-0.1652866,-0.6927446,0.23903137,0.38661128,0.8241757,-0.2983176,0,chr14:90553035:gastroesophageal_sphincter:0,TN,0
4.9668827,-0.31346694,-0.22218093,-0.8168934,-0.19280602,-0.6147603,0.47089773,0.083267815,-0.13133647,-0.009979386,1,chr19:21569220:esophagus_muscularis_mucosa:0,TP,1
4.8462152,-0.9247203,-0.20321244,-0.81904036,-0.36321685,-0.023332894,0.066331625,-0.31427065,-0.015188236,0.15253864,1,chr19:17415691:sigmoid_colon:0,TP,1
-2.8205492,-3.5901155,-0.6526408,0.77374685,-0.55232686,0.7393472,0.0685511,-0.4043892,0.16072513,-0.05220599,0,chr4:148445522:prostate_gland:0,TN,0
4.0309434,1.4498188,0.42437825,0.22041142,-0.36811993,0.46960595,-0.050347004,-0.09425596,0.43500933,-0.63296753,1,chr17:8375691:gastrocnemius_medialis:0,TP,1
-1.3399682,0.2417733,-0.5716697,0.12278366,0.06719011,0.793441,-0.25479737,1.5748435,-0.8383063,1.0809592,0,chr4:38318219:body_of_pancreas:0,TN,0
5.0796056,-0.7227574,-0.18135728,-0.72264457,-0.23450752,-0.5397789,0.19477354,-0.04774105,-0.12108392,-0.07715678,1,chr6:17600812:prostate_gland:0,TP,1
-3.4150662,0.89649725,-0.026634455,0.5509533,-1.35406,-0.26705983,1.370982,-0.039003957,-0.099503584,-0.21213916,0,chr11:120547735:gastroesophageal_sphincter:0,TN,0
5.101234,-0.3706786,0.27498662,-0.25018066,-0.16434896,0.13748765,-0.096852526,-0.022109617,0.1851778,-0.06490905,1,chr6:169251833:tibial_nerve:0,TP,1
-2.8890002,0.7565498,-2.0824845,1.4382504,-0.44087204,0.08819847,0.5715211,-0.70064723,-0.6229774,-0.312086,0,chr11:68841185:stomach:0,TN,0
-2.0047436,-1.8698314,-0.8595233,0.66421837,-0.15756565,-0.27160972,-0.51149815,0.36532772,0.7121039,0.23999296,0,chr5:6632928:body_of_pancreas:0,TN,0
3.8030944,-0.20721433,-0.7902958,-0.48405024,-0.2649842,-0.4528407,0.1327988,-0.25790715,-0.4892441,0.4757052,1,chr5:76913573:spleen:0,TP,1
4.8402424,0.20899254,-0.0936855,-0.30807877,-0.2937698,-0.23392224,0.44250324,-0.08160998,0.0009701213,-0.2721121,1,chr1:16513429:body_of_pancreas:0,TP,1
3.753082,1.4857281,0.707168,0.6437986,-0.2887268,0.4628484,-0.58942884,0.3205136,0.5309349,-0.3322046,1,chr2:46855233:gastroesophageal_sphincter:0,TP,1
4.749547,0.13585752,0.62089854,-0.21858841,-0.06857484,-0.04357402,-0.334474,-0.3511965,0.11277485,-0.43929487,1,chr5:176977597:gastrocnemius_medialis:0,TP,1
1.3288785,-2.593801,1.1969734,1.2179642,1.140599,0.24005318,0.7053009,0.5130871,0.6972661,-0.5961381,1,chr7:142773691:body_of_pancreas:0,TP,1
3.9236214,0.892731,-0.5992116,-0.8059093,-0.13328408,-0.8922933,0.367058,0.016119942,-0.47068897,-0.0429441,0,chr18:74204568:tibial_nerve:0,FP,1
1.1921427,-0.0075752977,0.30014658,2.2643766,0.27564293,-1.0135427,-0.062010303,0.10875211,-0.09730712,0.09056962,1,chr17:21551728:esophagus_muscularis_mucosa:0,TP,1
-1.2816794,1.3617485,1.030898,0.9766192,0.9668634,-0.29979578,-0.884989,0.4744542,0.086150445,0.48983717,0,chr1:8133233:suprapubic_skin:0,TN,0
4.93898,-0.31605285,0.0819508,0.006328351,-0.41626188,-0.18800029,-0.5445348,0.037278194,-0.006306101,0.06450897,0,chr1:145215421:body_of_pancreas:0,FP,1
-2.8686585,1.2655692,-0.91821635,-0.70994794,0.555551,0.47047046,-0.4112438,0.36465102,-0.67058516,-0.146992,0,chr16:85004458:tibial_nerve:0,TN,0
-4.0225916,0.55142266,0.4519679,-0.5872935,-1.5180913,-0.7421786,-0.8941395,-0.2721217,0.00010591455,0.2795478,1,chr14:35045889:tibial_nerve:0,FN,0
2.0661519,2.7354517,1.4288723,2.3459766,0.15402028,0.0121148825,-0.80695325,0.13662429,-0.5745585,-0.18508503,1,chr1:16914310:esophagus_squamous_epithelium:0,TP,1
4.9256597,-0.24102475,0.12499369,-0.039709482,-0.4620434,0.08359284,-0.4181745,0.04425833,0.03896081,-6.8444424e-05,0,chr2:201643258:prostate_gland:0,FP,1
-3.2338781,-0.6043423,0.32564765,-0.085161716,-0.28224403,0.18691236,-0.10118971,0.8625758,0.46807507,0.25748008,0,chr11:33724803:sigmoid_colon:0,TN,0
-2.3036203,0.65917706,1.3431046,-1.1634836,-0.046406094,0.0499165,-0.5875683,-0.75255835,0.19403102,0.14734904,0,chr19:20566279:body_of_pancreas:0,TN,0
-3.0066588,-0.17403114,1.0446624,0.5094001,-0.17700873,-0.4820988,1.1045055,-0.2701752,0.46245092,0.45020485,1,chr9:87527284:gastroesophageal_sphincter:0,FN,0
-3.3570554,0.4812253,0.85996604,-0.14682853,-1.1278304,-0.107853025,-0.21741778,0.25231594,0.0058471803,0.36281767,1,chr5:143154853:thoracic_aorta:0,FN,0
5.023384,0.17590399,0.24689268,-0.3563267,-0.4310157,0.06093616,-0.22600861,-0.21242894,0.14299695,-0.46287638,1,chr6:32557766:sigmoid_colon:0,TP,1
-2.1390567,0.16369587,0.5420141,-0.8611563,0.15565065,-0.01765608,-0.37605435,0.20091033,0.37021407,-0.1139185,0,chr7:32677081:transverse_colon:0,TN,0
4.7757382,-0.13315429,-0.033503942,0.2724663,-0.288011,-0.20806743,-0.5537683,-0.060506783,0.0127858175,0.17194766,0,chr11:568942:upper_lobe_of_left_lung:0,FP,1
1.3691317,-0.73332125,0.20921938,0.31835386,2.388139,0.8365366,-0.39837936,-1.4045349,-0.64255404,-0.5441857,1,chr20:3810780:esophagus_muscularis_mucosa:0,TP,1
-2.0343912,-2.1295094,0.5850849,-0.9395006,-0.51521873,0.6742469,0.3069143,-0.26646075,0.7314648,0.9601964,0,chr18:58915768:body_of_pancreas:0,TN,0
-3.6883078,-0.7490211,0.04173181,-0.9319684,-1.4264656,0.99394,-0.50534403,-0.035100225,-0.6922817,-0.12732358,1,chr1:15524057:spleen:0,FN,0
1.2964345,1.7716265,-0.46113095,0.37754315,-0.090901144,1.1115693,-0.023138605,-0.69506687,0.3073374,-0.22358556,1,chr6:32636864:spleen:0,TP,1
-3.790661,0.8776635,0.44019592,0.41162074,-0.6883911,-0.24450602,-0.26737413,-0.8166186,-0.34413248,0.34390146,0,chr6:42217825:gastrocnemius_medialis:0,TN,0
-2.0864146,-2.2333133,0.43061918,-0.47146338,-0.699907,1.3359113,0.029949712,1.6328526,-0.32289448,-0.7349036,0,chr18:22322904:gastrocnemius_medialis:0,TN,0
4.7221384,0.07954811,0.16522187,0.3133818,-0.3891654,0.28954178,-0.59492403,0.021642482,0.014669001,0.23731598,1,chr11:121722769:esophagus_squamous_epithelium:0,TP,1
-4.6769767,1.3842297,-1.4530385,-0.49136007,-0.024358613,-0.2341529,-0.29621518,-0.933209,0.19220002,-0.9991925,0,chr5:134904544:gastrocnemius_medialis:0,TN,0
1.0176466,-0.11565061,-1.8973542,1.6767465,-0.71867883,-0.0682763,-0.8374012,0.25292364,-0.42209297,1.5624653,0,chr12:82687294:prostate_gland:0,FP,1
-3.0038846,-0.47900704,0.95911336,-0.75286216,-0.8391847,-0.23045392,-0.17699303,0.09889936,0.21446544,0.19714957,0,chr4:173930916:thoracic_aorta:0,TN,0
-3.1404006,2.4362736,-1.3609766,-1.4944614,0.6546492,-0.3072729,-0.26696202,0.6940822,-0.9313685,0.3825638,0,chr10:4213972:transverse_colon:0,TN,0
1.2285248,-0.33304214,-1.883723,0.6241262,1.2380251,-0.06407149,-0.6503339,1.0765698,-0.05900515,-0.16484186,1,chr15:41283615:transverse_colon:0,TP,1
1.3487698,1.8442277,1.0391484,0.6298174,-0.17215759,0.06925291,-0.8732242,0.91680443,0.6982313,-0.06798329,0,chr19:13845100:esophagus_squamous_epithelium:0,FP,1
4.9615536,-0.546358,-0.38283852,-0.38300237,-0.25460133,-0.28825447,0.4434137,0.009359123,-0.090292014,-0.0044724457,1,chr19:489630:gastroesophageal_sphincter:0,TP,1
2.9232085,0.2366427,-0.19661565,1.6578461,-0.6591751,0.8049893,-1.3004354,-0.065776885,-0.40753025,0.5958794,1,chr1:156082827:body_of_pancreas:0,TP,1
-3.5193908,-0.80918694,0.8178114,0.67441946,-0.09617334,0.054545395,-0.08828828,0.78867894,-1.0849078,-0.5595058,1,chr4:88698124:spleen:0,FN,0
-3.0890892,-2.086719,0.90154254,-0.12697065,-0.6103667,0.15134849,0.7127737,-0.45258555,-1.2708639,-0.13593543,0,chr3:52455032:sigmoid_colon:0,TN,0
-3.5900729,-0.122034475,0.47107697,-0.36910447,1.7854053,-0.25617558,-0.6050032,-0.38369644,-0.12682486,-0.01656576,1,chr6:159722245:gastrocnemius_medialis:0,FN,0
-2.5586522,-0.8363263,2.0438986,-0.08586802,0.49240127,-0.23614968,-0.00563326,0.083794184,-0.06679446,0.2053732,0,chr2:232572334:gastrocnemius_medialis:0,TN,0
-3.9246917,0.2207943,0.71582234,-0.19463491,-0.6426428,-0.6949881,-0.49043918,0.8003862,0.05571645,-0.33746436,0,chr2:143473244:tibial_nerve:0,TN,0
1.017935,-2.1288395,1.1674163,0.9666998,1.7750711,0.23331162,0.19063736,0.37071192,-0.29459444,-0.43633005,1,chr17:74194325:suprapubic_skin:0,TP,1
5.0276704,-0.34445748,-0.0598752,-0.5089126,-0.38040748,-0.081829995,0.41313303,-0.032022625,0.017932743,-0.09715272,1,chr3:34208585:esophagus_squamous_epithelium:0,TP,1
4.7637005,0.050674498,0.15741925,-0.22567669,-0.40844667,0.1859404,0.11673286,-0.16144246,0.23948257,-0.36114064,1,chr14:106038248:spleen:0,TP,1
5.183123,-0.35255197,0.109025925,-0.26738188,-0.36261865,-0.005717122,-0.18019311,-0.16598524,0.015513702,-0.059636913,1,chr15:74541160:esophagus_squamous_epithelium:0,TP,1
-3.2469225,-1.2275478,0.9929556,-0.28416556,-0.7833767,0.1938231,0.5103375,-0.3017432,0.21159437,0.43903637,0,chr2:239153934:esophagus_muscularis_mucosa:0,TN,0
-2.1910057,-1.9740738,1.0597943,-0.1768244,0.08619276,-0.12168358,0.45902348,-0.21341936,0.79190165,0.36929846,0,chr2:105514867:gastrocnemius_medialis:0,TN,0
-3.7906244,0.13978891,0.5187554,0.28299034,-0.44145092,-0.4933039,0.038992494,0.59517306,-0.2248268,-0.43211293,0,chr16:86546020:prostate_gland:0,TN,0
-3.2781126,-1.1761322,1.4685338,-0.3724043,0.104136385,-0.46407905,-0.30207765,0.7487433,-0.06702925,-0.46716747,0,chr7:134740801:thoracic_aorta:0,TN,0
5.0276704,-0.34445748,-0.0598752,-0.5089126,-0.38040748,-0.081829995,0.41313303,-0.032022625,0.017932743,-0.09715272,1,chr3:34208585:tibial_artery:0,TP,1
-2.7886908,1.3354826,-0.123079784,-1.2707307,-0.7857265,0.5270383,-0.5826814,0.92197865,0.38200653,0.25428367,1,chr7:95549327:tibial_artery:0,FN,0
4.9455166,0.10719738,0.1531188,-0.27660117,-0.56506103,-0.121453725,-0.124056324,-0.24880242,0.12623714,-0.4662711,1,chr2:67906572:upper_lobe_of_left_lung:0,TP,1
-3.4631772,0.028839815,-0.10351058,-0.80020785,-0.6167517,0.55247694,0.14784423,0.07915264,-0.04386642,-0.23578501,0,chr11:128480790:gastroesophageal_sphincter:0,TN,0
4.1353765,0.2413756,0.02242076,1.1707209,-0.28837946,0.27895436,0.24785367,0.03913197,-0.044002857,0.18404171,1,chr7:100949741:transverse_colon:0,TP,1
3.9201694,-1.59236,-0.8028288,-1.5012734,0.3268453,-0.22685307,0.2815603,-0.4276918,0.10977456,-0.17069103,1,chr2:93976841:prostate_gland:0,TP,1
2.9211922,-0.8883783,0.3410249,0.50566703,0.810189,0.10994107,-0.22451377,-0.6546633,-0.51955354,-0.107730485,1,chr19:49218189:gastrocnemius_medialis:0,TP,1
3.9484737,0.3530001,0.8629109,0.16915272,-0.33792597,0.6117091,-0.8088297,0.34709716,0.21052097,-0.4827324,1,chr1:226034239:transverse_colon:0,TP,1
-3.9320624,-1.0064182,-0.20509902,0.5354096,-1.1298404,-0.39843592,0.55506146,-0.40238735,-0.22773856,-0.24556686,1,chr14:90522707:prostate_gland:0,FN,0
2.609423,-0.5743514,-0.11692281,-0.45744538,1.1107498,-0.5103158,0.68114537,0.812127,-1.2486172,1.837584,1,chr1:21935424:esophagus_muscularis_mucosa:0,TP,1
4.983064,-0.11981598,0.20989409,-0.10955647,-0.39363194,0.07937925,-0.058021516,-0.18139844,0.28852022,-0.36774272,0,chr19:559045:gastrocnemius_medialis:0,FP,1
-4.5262876,0.7098105,-0.95523715,0.16789678,0.19721492,-0.6834117,-0.2971834,0.05017995,0.3129952,-0.6218066,1,chr19:18154129:sigmoid_colon:0,FN,0
-3.280662,-0.25439543,1.9157944,-0.98887825,0.18680543,-0.02407189,-0.095932975,-0.016625661,0.14076163,0.64771885,0,chr4:38889551:transverse_colon:0,TN,0
-4.0700846,-0.20078573,0.7593646,0.07824843,0.054107413,-0.50908756,0.6872891,-0.20203619,-0.14239751,-0.2087689,0,chr2:64950554:transverse_colon:0,TN,0
4.5681176,0.3557187,-0.056038618,-0.6686034,0.041038908,-0.08157954,0.43933365,0.013170577,-0.026212124,-0.16453539,1,chr6:32667744:spleen:0,TP,1
3.105005,-1.2441014,-0.4866573,-0.932794,0.8465227,-0.65879685,0.13326629,0.09179895,0.40421578,-0.421397,1,chr4:51023823:transverse_colon:0,TP,1
-3.1809096,-1.7299346,0.8405579,-0.5964534,-0.52239317,-0.21891716,0.198852,0.5165576,0.69905466,-0.22003388,0,chr1:149488239:gastrocnemius_medialis:0,TN,0
4.84422,0.05040333,0.09802185,-0.46670732,-0.31044456,0.26699418,0.31332058,-0.10746707,0.33641112,-0.023583012,0,chr6:32666192:spleen:0,FP,1
5.236789,-0.74785364,-0.0045602275,-0.34702247,-0.2298851,0.064738646,-0.04800649,-0.29183555,0.0738192,-0.089091346,1,chr12:42144537:transverse_colon:0,TP,1
4.6940145,-0.64415866,-0.2556835,-0.78027266,0.0029902102,0.103821225,0.3322051,-0.6089618,-0.031444885,-0.103389695,1,chr9:27690768:esophagus_squamous_epithelium:0,TP,1
-3.2437258,0.3924988,0.5695067,-0.5985819,-0.5313239,0.09207727,-0.43918186,0.12968865,-0.07717943,0.45245317,1,chr4:17579993:transverse_colon:0,FN,0
4.961552,-0.5463545,-0.38283864,-0.3830023,-0.25460172,-0.28825524,0.44341367,0.009360451,-0.09029244,-0.004472008,1,chr19:489630:spleen:0,TP,1
4.219746,-0.42837346,-0.65388125,0.42319164,-0.08390711,-0.045847934,-0.17257124,-0.4068393,-0.026570361,-0.31167188,0,chr19:19203716:tibial_nerve:0,FP,1
5.1535034,-0.6558574,-0.015948454,-0.55167145,-0.26214427,-0.2503332,0.116172984,-0.16552019,0.02009077,-0.18185817,1,chr6:17600871:prostate_gland:0,TP,1
-3.812714,3.8861725,-0.6937487,-1.1995555,0.5835339,-0.7981346,-0.6612397,0.33491716,0.007740712,-0.22334057,0,chr6:3897800:gastrocnemius_medialis:0,TN,0
-3.1369817,1.8370551,0.12835047,0.5275486,0.046946112,0.014697518,0.9693839,-0.21084438,-0.054306168,-0.010876204,0,chr3:4503987:gastrocnemius_medialis:0,TN,0
1.3507787,1.5965573,-0.020619089,0.3377929,0.18123727,0.67490673,1.452243,-0.24150437,0.5795876,0.0696454,0,chr16:84302136:stomach:0,FP,1
-3.7363608,1.5686003,0.019498326,-0.8681335,0.8156144,0.11493498,-0.5721351,0.095501445,-0.12572318,-0.40683448,1,chr15:52660612:tibial_nerve:0,FN,0
4.682093,-0.267122,-0.3075518,-0.28640947,-0.3612952,-0.30015963,-0.3464322,0.033461194,-0.11424589,0.0012440978,1,chr10:94403625:testis:0,TP,1
-3.5264156,-1.3309678,0.466808,0.65318984,0.63726586,-0.56400144,0.11632383,-0.24951355,0.29696155,-0.4860116,0,chr17:73279355:sigmoid_colon:0,TN,0
-0.43566424,-0.11181376,0.1087556,1.4886671,0.28802782,-0.169846,0.18133564,0.3522184,1.066201,-0.1251239,1,chr3:196108967:gastrocnemius_medialis:0,TP,1
-0.9102491,2.7229013,-0.9564736,0.33220023,0.50514686,0.05335397,0.32917285,0.3203492,0.35792387,0.12330893,0,chr12:4148912:spleen:0,FP,1
-2.3168101,0.73026276,2.0079753,0.45895213,0.49459705,-0.56010014,-0.02213585,0.50467557,1.2078571,-0.05035971,1,chr1:16895136:spleen:0,FN,0
-0.8876473,-0.66123575,1.093544,2.261285,0.19809274,-0.110603176,-0.7944183,-0.034325656,-0.5560505,0.8619819,1,chr3:37453118:spleen:0,FN,0
4.951515,0.20415026,0.4239676,0.000997778,-0.23676246,0.08866595,-0.15531081,-0.13653702,0.21248448,-0.4267394,1,chr6:30683949:spleen:0,TP,1
-1.2524362,-2.3875015,1.617568,-0.3046151,1.4303664,0.8957544,-0.34354454,-0.41592348,-0.011783224,0.3903736,1,chr11:33342615:gastrocnemius_medialis:0,FN,0
-3.175887,-1.1227756,-2.5779014,0.59157866,-0.48110256,-0.06383733,0.16414334,-0.6698438,-0.5582261,-0.59200495,0,chr1:7705637:spleen:0,TN,0
4.9811254,0.21503575,0.35050038,-0.048774455,-0.43707314,0.07947911,-0.34125385,-0.056568693,-0.0497005,-0.24804193,1,chr10:31321113:gastrocnemius_medialis:0,TP,1
-2.0516562,-2.5651689,1.9418622,0.15554519,0.7014808,0.14125492,0.23873132,-0.49139842,0.7448418,0.22647683,0,chr1:41234234:gastrocnemius_medialis:0,TN,0
5.1522937,-0.5061601,-0.02423897,-0.35713375,-0.29306942,-0.13991755,-0.09230678,-0.17284228,-0.020585338,-0.2128144,1,chr11:47642410:tibial_artery:0,TP,1
-2.2514436,-2.7280083,-1.9898589,0.31868502,-0.3783732,1.4013453,0.11993773,0.402014,-0.8256533,-0.65524167,1,chr13:43879646:gastroesophageal_sphincter:0,FN,0
-3.1272695,-1.5476354,0.90825033,0.17525728,0.027434247,-0.115648314,0.66207683,0.08690794,0.014725946,-0.49796644,0,chr22:43745392:esophagus_muscularis_mucosa:0,TN,0
-1.1437963,-1.6489782,-1.6567148,0.43701053,-0.30412638,0.035143264,0.031867493,-0.43399835,0.45356146,1.144599,0,chr6:29943341:stomach:0,TN,0
-2.7057393,-1.0504427,-0.043660883,-0.9166211,-0.51707375,1.8455069,0.8520856,0.3338165,-0.2938266,0.17543708,0,chr12:31874914:body_of_pancreas:0,TN,0
-3.05325,-0.4022755,1.4361743,0.91719097,0.6761842,-0.353598,0.07649877,-0.585463,0.15021057,0.0800913,0,chr2:215425620:esophagus_muscularis_mucosa:0,TN,0
-3.0414965,-1.8011601,-0.134924,0.7313957,-0.25721478,0.03442418,0.14872736,1.0810373,-0.03284081,-0.27134717,0,chr16:70697398:sigmoid_colon:0,TN,0
-3.0236797,-0.818629,1.8760626,-0.20520478,-0.08918853,-0.49576527,0.32463965,-0.36394653,0.47264865,0.05400939,0,chr6:105303674:gastrocnemius_medialis:0,TN,0
-2.8890002,0.7565498,-2.0824845,1.4382504,-0.44087204,0.08819847,0.5715211,-0.70064723,-0.6229774,-0.312086,0,chr11:68841185:tibial_nerve:0,TN,0
4.321806,0.38918403,-0.057864998,0.7122035,-0.10195513,-0.008068221,-0.66775423,-0.058170307,-0.21338893,0.3873895,1,chr16:2520692:gastroesophageal_sphincter:0,TP,1
-3.652863,0.36627585,0.010970193,0.16415146,-0.6879688,-0.1291489,-0.037071634,-0.5116622,0.8365557,0.906022,1,chr20:58074477:suprapubic_skin:0,FN,0
1.0543013,0.0708079,-0.3501926,0.561579,1.3292577,-0.25198194,-0.36540914,-0.23803021,0.38745642,-0.52028245,1,chr11:19828084:body_of_pancreas:0,TP,1
-2.4159153,0.3837609,-0.078880146,-0.701848,-0.6468683,-0.14401789,-0.00084633054,0.7703704,1.3825829,0.40274903,0,chr15:88637870:Peyers_patch:0,TN,0
4.7221384,0.07954811,0.16522187,0.3133818,-0.3891654,0.28954178,-0.59492403,0.021642482,0.014669001,0.23731598,1,chr11:121722769:transverse_colon:0,TP,1
2.1276104,1.1815403,0.28769472,-0.62469834,0.20792845,2.0151422,-0.062355552,-1.2066339,0.5074722,0.7148283,1,chr8:69940905:thoracic_aorta:0,TP,1
3.1832194,0.7476996,-1.1399854,1.0377222,-0.84062177,0.24455455,0.7479996,-0.3220286,-0.17152518,0.90538853,1,chr22:31081181:esophagus_squamous_epithelium:0,TP,1
5.0413957,-0.12702484,-0.086786196,-0.72868186,-0.43591195,-0.37904122,0.3055445,-0.01710899,-0.025016665,-0.18815935,1,chr9:129427990:sigmoid_colon:0,TP,1
-0.32321104,0.34256908,-1.4787221,1.3362195,-0.60559964,0.21407326,0.8189412,0.30261338,0.87119204,1.0937841,1,chr1:153634639:transverse_colon:0,TP,1
-1.0450118,1.9446416,-1.8846956,1.8586687,-0.6048294,0.8400184,1.5257729,-0.86818266,-0.92292315,0.19880638,0,chr18:48975571:gastroesophageal_sphincter:0,TN,0
5.0538464,-0.45227683,-0.13397367,-0.9102576,-0.24834995,-0.6398574,0.28416273,0.036861192,-0.10064283,-0.09755215,1,chr7:142771782:body_of_pancreas:0,TP,1
4.9515147,0.20415609,0.423968,0.0009982638,-0.23676354,0.08866287,-0.15531175,-0.13653621,0.21248344,-0.4267411,1,chr6:30683949:tibial_nerve:0,TP,1
-3.9658146,0.15214223,1.221406,-0.90652615,-0.532343,-0.5410235,-0.26907703,-0.72064924,-0.40918934,0.07756239,0,chr4:38803867:spleen:0,TN,0
-0.97959334,-0.18432985,-1.559192,-0.32525185,1.3411657,0.708894,-0.3838966,-0.3344873,-0.46013936,0.2585797,0,chr17:82220814:spleen:0,TN,0
-2.1123996,0.113607384,-1.1256309,-1.3171965,1.5065099,0.2926949,-0.4776128,-0.2011498,0.6308272,0.7462657,0,chr8:65216857:gastrocnemius_medialis:0,TN,0
-2.474616,0.6579017,-1.0136943,-1.8213433,1.4699754,0.17121886,-0.60957223,0.3196107,0.12874031,0.25505227,0,chr8:41962317:gastrocnemius_medialis:0,TN,0
4.8422413,0.08581669,0.5680756,0.07606099,-0.16982646,0.12435766,-0.32118654,-0.20531265,0.030951297,-0.29328224,1,chr17:44980596:sigmoid_colon:0,TP,1
-3.8354602,-1.0343134,1.2558154,0.2879239,-0.25506788,-0.3644279,0.056119435,-0.7995815,-0.9997642,0.28618276,0,chr19:13731538:transverse_colon:0,TN,0
-3.5624776,-1.5649627,1.3043451,0.31304896,0.04822013,0.06984097,0.028213862,-0.4171339,-0.6744498,0.071765184,0,chr9:96218077:transverse_colon:0,TN,0
-0.8281493,2.0841615,-0.8359688,0.42379165,0.15753248,0.46054056,0.6358207,-0.09053175,0.524062,0.06556365,1,chr1:230209381:gastrocnemius_medialis:0,TP,1
4.514165,-0.051820375,-0.40842214,0.35104004,0.03333333,-0.11098299,0.3430918,-0.15749897,-0.22773258,-0.14761242,1,chr7:100949666:gastrocnemius_medialis:0,TP,1
-3.5668974,0.67687976,0.917085,1.3288741,-0.37795317,-0.14653102,-0.5520141,-0.61826533,-0.39884964,0.3830665,0,chr15:39934107:stomach:0,TN,0
-3.0565915,-2.065231,0.5461548,-0.105020046,0.84079105,-0.93730336,-0.42727363,-0.29615477,0.21053761,-0.037787292,0,chr12:57132862:sigmoid_colon:0,TN,0
-2.3741288,0.07137328,-0.63833827,0.4607819,-0.092880175,-0.0577572,-0.3302823,1.3406667,2.1643403,0.06693267,0,chr16:55509965:spleen:0,TN,0
-0.59556186,2.9103944,-0.61994404,0.2859174,-0.47477818,0.3247284,0.6423331,0.10070089,-0.52961797,-0.52522284,1,chr12:110172972:gastrocnemius_medialis:0,TP,1
1.3691317,-0.73332125,0.20921938,0.31835386,2.388139,0.8365366,-0.39837936,-1.4045349,-0.64255404,-0.5441857,1,chr20:3810780:tibial_nerve:0,TP,1
-0.2407567,-0.75090766,0.29833195,0.8301716,-0.33621132,0.5707104,1.9793999,0.276506,0.46609202,-0.10524074,0,chr16:11100072:sigmoid_colon:0,FP,1
-3.5690072,0.78861964,2.1200116,-1.0436598,-0.5898102,-0.45550877,-0.0370065,-0.39236233,-0.7550805,0.38635537,0,chr6:152165494:gastrocnemius_medialis:0,TN,0
5.0567484,-0.227073,0.2108739,-0.35809028,-0.43563566,-0.07494236,-0.10790399,-0.3146096,0.12214299,-0.50702167,1,chr4:160356292:tibial_artery:0,TP,1
3.105005,-1.2441014,-0.4866573,-0.932794,0.8465227,-0.65879685,0.13326629,0.09179895,0.40421578,-0.421397,1,chr4:51023823:suprapubic_skin:0,TP,1
-3.2132208,-1.0958834,0.5012762,0.45828405,-0.24002922,-0.37011302,1.1409441,0.064122535,0.20668706,-0.020930525,0,chr5:151208736:gastroesophageal_sphincter:0,TN,0
-3.7567635,0.89831835,-0.8664573,1.1472965,-1.710223,0.24921106,0.35675046,-0.5869926,-0.52154166,0.06298777,0,chr4:72568157:body_of_pancreas:0,TN,0
-3.6939366,1.0018231,0.9407992,0.96591043,0.013581113,-0.38694212,-0.07451945,0.2002329,-0.9129604,0.0025167621,0,chr12:53049171:gastroesophageal_sphincter:0,TN,0
-2.0209477,-2.213693,1.7393585,-0.14894783,0.670379,-0.06082254,0.80600256,0.3385536,-0.8469958,0.19972037,0,chr4:38051038:gastrocnemius_medialis:0,TN,0
-2.4208326,-1.7359725,2.0649738,0.15974796,0.5448992,-0.484124,0.0743296,0.01508185,0.049421385,0.4352714,1,chr15:97977674:esophagus_squamous_epithelium:0,FN,0
5.0796056,-0.7227574,-0.18135728,-0.72264457,-0.23450752,-0.5397789,0.19477354,-0.04774105,-0.12108392,-0.07715678,1,chr6:17600812:esophagus_muscularis_mucosa:0,TP,1
-1.2607247,-1.0338963,0.4799935,1.6039096,0.6634295,-0.5153815,0.21690153,0.47161573,0.1502452,0.61313117,0,chr11:320114:gastroesophageal_sphincter:0,TN,0
1.2285273,-0.33304465,-1.8837224,0.62412506,1.238026,-0.064071916,-0.6503352,1.0765707,-0.059004582,-0.16484247,1,chr15:41283615:tibial_nerve:0,TP,1
-2.615012,-2.8947587,1.15023,-0.56768334,0.15525582,0.8121641,0.38034123,-0.09030845,-0.6073509,0.2704124,0,chr4:168834328:thoracic_aorta:0,TN,0
3.956876,-0.07263821,-0.28130922,1.2828987,-0.120697975,-0.25550935,-0.04904399,-0.06770486,-0.2427245,0.2750766,0,chr7:76048420:transverse_colon:0,FP,1
4.694015,-0.64415246,-0.25568348,-0.78027314,0.0029878113,0.103816636,0.33220443,-0.60896254,-0.0314453,-0.10339203,1,chr9:27690768:transverse_colon:0,TP,1
-3.085091,0.3082264,1.642485,0.38531289,0.98519516,0.2541813,-0.16536108,-0.21173623,-0.22258653,0.14287925,1,chr19:36053072:tibial_nerve:0,FN,0
4.882447,0.09663805,0.51943845,0.008092198,-0.2816399,0.26838562,-0.5219753,-0.24096066,0.18104137,-0.3323616,1,chr10:13543570:transverse_colon:0,TP,1
-4.3294735,0.9002401,-0.6235638,-1.1873931,0.81556886,0.24406348,-0.7544007,-0.1793439,0.06819376,-0.8382625,0,chr11:106012886:gastrocnemius_medialis:0,TN,0
2.8244631,-0.502539,-0.51601464,-0.020517806,0.72645134,-0.21496709,1.1509196,-0.09863588,0.05577591,-0.053412195,1,chr21:5356930:prostate_gland:0,TP,1
-3.8233812,0.45293522,0.8556284,-0.38491714,0.21616726,-1.1538045,0.5059639,-0.52327335,-0.15394399,-0.00021203078,0,chr8:108468222:suprapubic_skin:0,TN,0
-3.8505423,-0.91512126,0.1323347,-0.45542413,0.6016554,0.13467318,0.0348903,-0.6103275,-0.9423487,-0.34396002,0,chr10:70229549:transverse_colon:0,TN,0
5.1522937,-0.5061581,-0.024238825,-0.35713413,-0.29307005,-0.13991794,-0.092306875,-0.17284182,-0.020585788,-0.2128142,1,chr11:47642410:stomach:0,TP,1
0.21357831,-0.25928152,-1.9737207,0.21034142,0.8486453,0.36835286,-0.20107925,-0.57675236,-0.84812194,-0.015209008,1,chr5:178730118:esophagus_muscularis_mucosa:0,TP,1
2.8685305,-0.9471883,0.17763746,-0.72349423,0.18578497,1.777008,1.1072271,0.08652546,1.0636901,0.5102228,1,chr6:32663326:spleen:0,TP,1
3.008079,0.4740249,0.41681373,1.567739,-0.72374856,0.90324926,-1.216284,0.6097083,-0.89041567,0.68474644,1,chr10:28302669:transverse_colon:0,TP,1
0.6978465,-0.6303711,1.5297997,-0.43611577,0.57959217,0.3794668,0.2639385,0.34227964,0.92189294,0.4014583,0,chr13:97250876:esophagus_squamous_epithelium:0,FP,1
4.9285774,-0.16470364,-0.14738305,-0.5546298,-0.35614306,-0.4421568,0.6335258,-0.011750793,-0.1189054,-0.13251474,1,chr14:106210119:spleen:0,TP,1
-2.1699216,-0.7564851,0.093054935,-1.5962793,-0.3830934,1.0973966,-0.23726185,1.342354,-0.972382,-0.84268785,0,chr1:113947350:body_of_pancreas:0,TN,0
0.07279634,-1.0491964,0.79714185,-1.8743302,-0.6198499,2.572881,0.12345667,0.30958584,0.5985107,0.9765033,0,chr5:76525902:tibial_nerve:0,FP,1
-2.6137204,0.41327462,-1.1363863,0.21794184,-0.35848272,-0.16210733,1.2238725,0.48220706,0.6199601,-0.04818689,1,chr8:133641582:gastrocnemius_medialis:0,FN,0
2.545015,3.3913567,-0.18372923,-0.89235604,-0.344422,-0.8171135,0.39871973,0.25423914,-0.8611349,-0.28351173,0,chr21:7245342:tibial_nerve:0,FP,1
4.7221384,0.07954811,0.16522187,0.3133818,-0.3891654,0.28954178,-0.59492403,0.021642482,0.014669001,0.23731598,1,chr11:121722769:suprapubic_skin:0,TP,1
-2.9505177,-0.16585633,-0.8719319,0.40639946,1.1750906,-0.08233738,-0.07387325,0.06318472,0.60076356,-0.66678417,1,chr6:16359076:esophagus_squamous_epithelium:0,FN,0
-3.1260464,-1.3711151,1.1532538,0.4281481,0.35783315,0.028422778,0.8365803,-0.2234564,-0.3445701,-0.188116,0,chr5:140246157:stomach:0,TN,0
-2.5825872,1.5314955,-0.89981353,0.6206537,-0.12925385,-0.3240676,0.19567186,1.0162742,0.57189167,0.5231179,0,chr11:34358898:body_of_pancreas:0,TN,0
-4.2544794,1.5035312,-1.1646208,-0.76412606,0.24988516,-0.3174499,0.34691796,-0.39625686,-0.6408729,0.16428548,0,chr2:218285487:upper_lobe_of_left_lung:0,TN,0
-2.9076972,0.77287096,-1.1833013,-0.63701767,1.2286302,0.055140465,0.05257861,-0.31878915,-0.08895446,-0.35473055,0,chr2:24439909:gastrocnemius_medialis:0,TN,0
-3.2160609,0.2166535,-0.47175327,-0.42018607,-1.4968482,0.31717172,0.5383127,0.33887815,-0.40836236,-0.17923978,0,chr14:89253255:gastrocnemius_medialis:0,TN,0
-2.3218408,-0.49934784,-0.45000356,-0.09199351,-0.4012236,0.20124643,-0.23299845,1.321823,0.063373335,-0.51798403,1,chr20:49414670:gastrocnemius_medialis:0,FN,0
-2.6842232,0.76521003,1.1299293,-1.6603379,-0.3973533,0.49152416,0.22022496,-0.37365118,0.076484114,0.26854056,1,chr10:115046739:gastrocnemius_medialis:0,FN,0
-3.6418517,2.167417,0.023949035,-1.0205402,-0.35825193,0.2646028,0.29067302,0.25699264,-0.4919727,-0.114913166,0,chr10:93481579:stomach:0,TN,0
-2.3800416,0.44841644,-2.2196794,0.39073798,-0.7553144,-0.47567865,-0.0961092,-0.22293386,-1.219053,1.1673454,0,chr15:101745629:spleen:0,TN,0
2.609423,-0.5743514,-0.11692281,-0.45744538,1.1107498,-0.5103158,0.68114537,0.812127,-1.2486172,1.837584,1,chr1:21935424:gastrocnemius_medialis:0,TP,1
-3.6995182,0.86732817,0.9920271,-0.8252722,-1.0882822,-0.71395016,0.009600434,-0.27285317,0.23612404,0.10974994,0,chr17:77160322:gastrocnemius_medialis:0,TN,0
5.1182194,-0.61321706,0.08499741,-0.548681,-0.35588866,-0.070933126,0.105207555,-0.2263244,0.07221467,-0.38057122,1,chr22:16339427:prostate_gland:0,TP,1
5.0578704,-0.6986577,-0.2046995,-0.73361284,-0.16345651,-0.5621331,0.1748974,-0.037756607,-0.16889884,-0.10104079,1,chr6:17600825:Peyers_patch:0,TP,1
-3.3308468,-0.23907794,1.1604836,-0.024553701,-0.8222268,-0.7240129,-0.3160118,0.37778282,0.8366759,0.6220188,0,chr5:119356759:spleen:0,TN,0
-0.68689716,0.8524704,-2.1657262,2.0503936,-0.9244514,-0.060731422,-0.3944602,-0.53297406,-0.6430156,0.6642583,0,chr16:1964933:spleen:0,TN,0
-4.3680325,0.009801557,-0.9336748,0.5123563,-1.3715825,-0.27692074,-0.27309966,-0.72801137,-0.039774403,-0.07485052,0,chr16:77190588:transverse_colon:0,TN,0
2.7818134,2.5272498,0.16085427,-0.20535178,-0.17916653,0.61215466,0.664464,-0.41725746,0.4496335,-0.16682182,1,chr6:31207428:body_of_pancreas:0,TP,1
-1.8636284,-1.4449049,1.6677388,-0.11434781,0.72154766,-0.5153068,1.1325159,-0.16784932,-0.3222142,-0.25536066,0,chr22:37013534:esophagus_squamous_epithelium:0,TN,0
-3.656676,1.3535413,-0.86592436,-0.14994773,0.46624106,0.46099338,-0.18926792,-0.030052196,-0.24036784,-0.83470684,0,chr19:49791383:spleen:0,TN,0
4.575256,-0.22671005,-0.31771126,-1.1082927,-0.085597076,-0.3394941,0.20910288,-0.10579058,0.14614253,-0.1900699,0,chr19:38672159:transverse_colon:0,FP,1
-4.2194815,0.31796947,-0.38440597,-0.19777466,-1.4762241,-0.8581681,-0.64619106,-0.4343153,0.17219651,-0.1093872,0,chr4:123399768:gastrocnemius_medialis:0,TN,0
5.0640974,-0.46743548,-0.094198294,-0.8112499,-0.47911945,-0.3830984,0.2576999,-0.078685656,0.020451834,-0.16325326,1,chr17:43360579:tibial_artery:0,TP,1
-1.1136836,1.8215278,-0.98830324,1.4387918,-0.08704325,0.733384,0.6660892,1.033545,0.17533763,0.06075128,1,chr16:29261549:body_of_pancreas:0,FN,0
-3.3898215,-2.0404408,0.897584,0.26621526,0.8996582,0.06488678,-0.10525318,-0.084017515,-0.4360768,-0.062807724,0,chr14:31208835:Peyers_patch:0,TN,0
3.5437956,1.0144206,1.0197812,0.87003624,-0.1519666,0.12826312,-0.82911795,-0.19568627,0.09340609,0.08117581,0,chr11:68843341:body_of_pancreas:0,FP,1
-1.8530852,-2.4185224,1.771459,0.21277449,1.5922334,0.14629266,0.5890081,-0.400752,-0.76627386,0.028911864,0,chr18:54240236:upper_lobe_of_left_lung:0,TN,0
4.3218083,0.38917497,-0.05786639,0.7122006,-0.10195468,-0.008067754,-0.66775376,-0.05817145,-0.21338789,0.38738722,1,chr16:2520692:transverse_colon:0,TP,1
4.8402424,0.20899253,-0.09368539,-0.30807924,-0.29376966,-0.23392247,0.4425029,-0.08160888,0.0009703426,-0.27211234,1,chr1:16513429:Peyers_patch:0,TP,1
4.8660955,0.060932923,0.20102349,0.0634913,-0.40437716,-0.04011545,-0.4410267,0.080856904,-0.009370803,-0.14404505,1,chr5:80654888:esophagus_squamous_epithelium:0,TP,1
-3.8526533,-0.0014371708,0.88594466,-0.31099567,-0.92415136,-0.6799566,0.08043914,0.36348477,-0.099877946,-0.27361658,0,chr18:76565821:suprapubic_skin:0,TN,0
3.753083,1.4857284,0.70716745,0.64379805,-0.2887273,0.4628477,-0.5894279,0.3205126,0.53093493,-0.332204,1,chr2:46855233:esophagus_muscularis_mucosa:0,TP,1
-2.3573656,-3.0965626,1.7136211,0.26678666,-0.22495848,0.39868942,0.72541994,-0.29156604,-1.0997975,0.041726764,0,chr8:38902386:esophagus_muscularis_mucosa:0,TN,0
-3.647837,0.305175,-1.1514763,0.088587716,-1.5835489,0.43846887,0.009661887,-0.5744966,-1.0214224,-0.45649558,0,chr1:22025546:thyroid_gland:0,TN,0
-0.24540481,0.29245856,-2.0831425,-0.1943746,0.01587546,-0.423107,0.20922235,0.90651596,-1.3529584,1.5348214,0,chr17:885978:stomach:0,FP,1
-2.850277,-0.9487404,0.36864546,-0.63595176,0.81812674,0.7157524,-0.5765434,-0.3978562,0.8789977,0.4751489,0,chr16:75026838:Peyers_patch:0,TN,0
-3.8627105,-0.70041364,-0.025534222,0.9250372,-0.060128786,-0.8023271,-0.38097033,-0.43578827,0.33144563,-0.052037302,1,chr4:119455384:esophagus_squamous_epithelium:0,FN,0
1.9159763,1.456312,1.7359517,2.5106947,0.50954115,0.4501559,0.18980603,0.29090282,-0.1479602,-0.7094057,1,chr13:114130746:esophagus_squamous_epithelium:0,TP,1
2.5193179,4.462654,0.5379912,-1.021752,-0.8017555,0.6587241,1.1236503,0.17832917,0.27707842,-0.100561075,0,chr5:124738319:gastrocnemius_medialis:0,FP,1
-3.6139762,-0.55588466,1.3245655,-0.28734934,-0.9043924,-1.0334216,-0.04134527,-0.12672666,0.013672393,0.044127487,0,chr4:151799217:suprapubic_skin:0,TN,0
-3.5590618,-0.10339703,-2.0569227,-0.02245521,-0.9782451,-0.46071807,-0.29826307,-0.34503925,-0.3349693,-0.17129934,0,chr19:32972151:sigmoid_colon:0,TN,0
-4.530724,1.3990961,-0.6514582,-1.0337782,0.24883392,0.17989115,-0.64919984,-0.35298637,-0.26897457,-0.29475817,0,chr18:77084200:transverse_colon:0,TN,0
-2.0859888,-0.9101453,-2.578353,0.7830489,-0.41175133,0.006994048,0.26438358,-0.104699634,-0.3002162,-0.11654717,0,chr15:99106093:esophagus_squamous_epithelium:0,TN,0
3.84736,0.23000869,0.25403255,-0.3968692,0.3835195,-0.309048,0.6417581,0.23461935,-0.018636417,-0.008958437,0,chr9:67155821:gastroesophageal_sphincter:0,FP,1
3.7108076,-0.07616392,0.6709544,0.10765227,0.21876015,-0.5335062,-0.1954768,-0.29411608,0.1408176,-0.43872818,0,chr19:46600216:spleen:0,FP,1
-3.2761662,-1.4850374,0.38207158,-0.1752829,1.5983119,-0.0888484,-0.33358532,-0.6248111,-0.7553863,0.09769556,0,chr10:122022486:prostate_gland:0,TN,0
5.1385007,-0.6614187,-0.18141663,-0.65808165,-0.26172322,-0.50601923,0.30425608,0.021930393,-0.12228461,-0.039334755,1,chr3:75785531:gastroesophageal_sphincter:0,TP,1
-4.309952,0.105363585,-1.5543268,-0.64045113,0.335463,0.010225406,-0.17871135,-0.14740923,-0.38451105,-0.14593445,0,chr21:38906852:testis:0,TN,0
-0.96312845,3.7736294,0.1797635,-0.7510077,-0.5430952,0.5572834,1.0250508,-0.5693442,0.15591538,0.36098766,0,chr12:96197873:esophagus_squamous_epithelium:0,FP,1
3.6464024,0.97741246,0.058112178,-0.106852435,0.11033254,-0.18610476,0.44512582,0.3026973,0.42316505,-0.4618588,0,chr12:1602651:transverse_colon:0,FP,1
2.1107845,-0.5775634,-1.0116524,-0.062660486,1.0844014,-0.9883027,1.1222243,0.82687277,-0.2605315,0.6388311,1,chr13:20526274:testis:0,TP,1
5.0266805,-0.39586928,0.2397838,-0.44971687,-0.009485626,-0.10504669,-0.121226326,0.138041,0.14232685,-0.19193663,1,chr16:4534701:body_of_pancreas:0,TP,1
-1.3523993,-2.4696941,0.35174748,-1.0862079,-0.012297262,0.8059007,0.21677488,0.14264673,0.7131486,0.9693086,1,chr13:28309372:esophagus_squamous_epithelium:0,FN,0
-1.5107359,2.5127866,-1.2855768,0.7252401,-1.1493143,0.80183065,1.4670285,-0.020323226,-0.15495352,0.24988939,0,chr16:88266822:gastrocnemius_medialis:0,TN,0
-3.880187,0.71121544,1.5152433,-0.274029,-0.3086248,-0.94147724,-0.56629515,0.12627585,0.030112423,0.22117689,0,chr17:64075057:spleen:0,TN,0
-3.3425467,0.5536186,-1.5901526,0.6129416,-1.5372486,-0.06573394,-1.0063304,-1.2272484,-0.08910417,0.4641415,1,chr2:55050819:spleen:0,FN,0
0.6404685,-0.44086716,-1.9853181,0.12761733,0.6867172,-0.62085813,0.197197,-0.7589743,-0.39354205,0.6123398,0,chr8:11808295:gastroesophageal_sphincter:0,FP,1
4.1353765,0.2413756,0.02242076,1.1707209,-0.28837946,0.27895436,0.24785367,0.03913197,-0.044002857,0.18404171,1,chr7:100949741:gastrocnemius_medialis:0,TP,1
-1.2323537,6.5798254,1.2242483,-1.6302999,-1.1196373,-0.111840166,1.0306555,0.27708307,-0.15012124,0.33177182,1,chr6:52786086:body_of_pancreas:0,TP,1
-0.51361287,-5.08351,0.7389833,0.29298702,1.0115132,1.476767,0.67194116,-0.9249662,0.9648202,0.81279224,0,chr19:48738142:body_of_pancreas:0,TN,0
-3.6989422,-0.53225785,-0.44882384,-0.36783686,-0.7924571,0.484024,-0.760122,0.65667516,-0.4278643,-0.5047076,0,chr19:10653526:thoracic_aorta:0,TN,0
-3.0325556,0.9447258,-1.2618862,0.98273695,-0.99407303,-0.69866484,0.36417103,0.022695404,0.33663756,-0.24529456,0,chr22:46674849:esophagus_squamous_epithelium:0,TN,0
-3.3130264,0.251366,0.76059306,-0.61293304,-0.25613514,0.60820967,-0.2292999,-0.5121169,0.057164166,0.5229521,0,chr3:47902482:gastrocnemius_medialis:0,TN,0
-2.3353114,0.40369362,-0.46075404,0.86692363,0.2996667,0.1435299,1.082936,0.061062377,-0.10823143,0.7865151,0,chr11:115700407:gastroesophageal_sphincter:0,TN,0
-1.5420182,-0.99401313,0.720534,-1.6407801,-0.376123,1.9177991,0.5781754,-0.07214956,-1.108442,-0.0029783787,0,chr21:34559277:gastroesophageal_sphincter:0,TN,0
-3.919433,-2.33093,-0.28171548,0.1919448,-0.48330078,-0.116539314,-0.538609,-0.83564556,-0.0590619,0.030699395,0,chr9:111897380:thoracic_aorta:0,TN,0
4.4041853,0.10367369,-0.27044323,-0.9247475,-0.32532156,-0.39261568,0.3491088,0.24158542,-0.5297111,0.54188263,1,chr19:2607094:esophagus_muscularis_mucosa:0,TP,1
-3.1882837,-1.3716507,0.53174233,0.852123,0.6951295,-0.014233798,0.5050839,-0.7083353,0.00024057395,0.63348824,0,chr15:64737161:esophagus_muscularis_mucosa:0,TN,0
4.9480624,-0.1856897,0.4435082,-0.33907303,-0.3351966,-0.014731306,-0.40415487,-0.33169687,0.21742105,-0.60851645,1,chr21:39217021:spleen:0,TP,1
4.6725545,-0.38728923,-0.49314764,-0.46540722,-0.15751438,-0.6522397,0.6198103,0.13139333,-0.24467713,0.17098193,1,chr11:22193356:gastrocnemius_medialis:0,TP,1
-1.9038701,1.685058,-1.0508804,0.19884239,0.60308343,0.5700513,1.3923044,-0.32106295,-0.116717294,-0.123652846,0,chr5:172419261:spleen:0,TN,0
2.6094263,-0.5743571,-0.116922684,-0.45744693,1.110751,-0.5103149,0.6811468,0.81212604,-1.2486156,1.8375851,1,chr1:21935424:tibial_artery:0,TP,1
-1.3435482,-0.5214922,-1.5457866,-0.2964783,0.51258975,-0.23726726,0.1283143,1.5345722,-0.1273765,0.6417854,0,chr6:127422715:sigmoid_colon:0,TN,0
5.0403924,-0.011112291,0.31909603,-0.24491069,-0.24840023,0.06730625,-0.21316946,-0.29072312,0.17631441,-0.51788837,0,chr9:104862107:gastrocnemius_medialis:0,FP,1
3.4835055,-0.7504702,-0.6797799,-0.9171175,0.37236977,-0.7039559,0.42377862,-0.036799442,-0.38347808,-0.24580422,1,chr14:30690596:spleen:0,TP,1
2.1779828,0.38343933,-0.82213163,-1.7557431,0.65374863,-0.66161203,-0.054647613,0.47971147,-0.52686244,0.7148073,0,chr4:15672360:spleen:0,FP,1
-1.7977836,1.0535293,-0.90738094,-0.18131259,1.231039,1.0434409,0.9805857,-0.96933043,0.32755157,0.38332495,0,chr11:61151262:gastroesophageal_sphincter:0,TN,0
-3.5511353,-0.60431635,-2.0861466,1.1789333,-0.48384306,0.10657774,-0.28171086,-1.0352498,0.004244036,-0.3465184,0,chr11:71813626:Peyers_patch:0,TN,0
4.4881134,0.7636035,0.2291558,0.05782853,-0.15507889,0.47065556,0.33522484,-0.16287898,0.17301531,-0.7643963,0,chr7:142760685:body_of_pancreas:0,FP,1
3.0648732,-0.85130334,-0.35096124,1.3683909,0.34501138,-0.116473995,-0.22434366,-0.019869348,0.246355,1.1439844,1,chr4:9532667:prostate_gland:0,TP,1
2.9232085,0.2366427,-0.19661565,1.6578461,-0.6591751,0.8049893,-1.3004354,-0.065776885,-0.40753025,0.5958794,1,chr1:156082827:esophagus_squamous_epithelium:0,TP,1
-3.595417,-0.079916716,0.56565523,-1.1986011,-0.96432686,0.06722856,-0.37537485,-0.09600795,0.008810104,0.13683803,0,chr4:184769446:gastrocnemius_medialis:0,TN,0
4.321806,0.38918403,-0.057864998,0.7122035,-0.10195513,-0.008068221,-0.66775423,-0.058170307,-0.21338893,0.3873895,1,chr16:2520692:suprapubic_skin:0,TP,1
-3.449959,-1.3934782,-1.5196344,0.8191524,-1.1035331,-0.06853553,-0.250106,-0.7030626,0.08693001,-0.17676343,0,chr6:29632774:prostate_gland:0,TN,0
3.8177109,-0.9987393,-0.45500696,-0.25069836,0.029751476,-0.26806447,-0.77556825,0.32078585,-0.17264695,1.157211,0,chr3:184135459:thyroid_gland:0,FP,1
5.023384,0.17590399,0.24689268,-0.3563267,-0.4310157,0.06093616,-0.22600861,-0.21242894,0.14299695,-0.46287638,1,chr6:32557766:esophagus_muscularis_mucosa:0,TP,1
-2.8681655,-0.5584636,-0.38225916,0.13227138,-0.08503863,-0.18403879,0.1163917,0.47229102,1.2848709,0.60514045,0,chr1:202227802:transverse_colon:0,TN,0
-2.1110053,3.2458162,1.1017778,0.79159725,0.6606802,0.5788448,-0.45186356,0.2081668,-0.037086334,-0.4903219,0,chr9:97010774:gastrocnemius_medialis:0,TN,0
-3.5883029,0.22405702,1.5792222,-0.4357242,0.16205096,-0.45965835,0.4350583,0.08639249,-0.31598377,0.03516348,0,chr11:33716186:tibial_nerve:0,TN,0
4.321806,0.38918403,-0.057864998,0.7122035,-0.10195513,-0.008068221,-0.66775423,-0.058170307,-0.21338893,0.3873895,1,chr16:2520692:prostate_gland:0,TP,1
2.5546513,1.1319942,0.64935553,1.7651316,0.6197717,-0.62620324,0.06282473,0.4425103,-0.21560387,-0.04517308,1,chr6:29942999:spleen:0,TP,1
3.9335108,0.074007876,-0.6309772,0.43679744,0.22145957,-0.7580887,0.501342,0.2641779,-0.600535,0.44463187,1,chr10:100913305:prostate_gland:0,TP,1
4.5436587,0.51863015,0.25529224,0.7771548,-0.2230511,0.36152577,-0.6554149,-0.23162957,-0.23837322,0.23648871,0,chr3:170038108:upper_lobe_of_left_lung:0,FP,1
-3.2060943,-0.7686921,0.031025577,0.0060513536,0.06671238,0.26421234,-0.14033802,0.89874876,0.106649235,-0.2934161,0,chr11:123488599:tibial_nerve:0,TN,0
-3.2813184,-0.6277186,1.7063699,-0.6219575,-0.74542785,-0.21983762,0.21825437,-0.44783035,-0.36823788,0.5068452,0,chr4:186606663:sigmoid_colon:0,TN,0
4.682092,-0.26712617,-0.30755135,-0.28640833,-0.36129358,-0.30015767,-0.34643304,0.033461217,-0.11424538,0.0012447236,1,chr10:94403625:gastroesophageal_sphincter:0,TP,1
-3.9092047,-0.58334535,-0.45763245,-0.30710602,-0.49378586,-0.061077304,-0.59159046,-0.8588338,-0.84975934,-0.05079468,0,chr12:124939730:esophagus_squamous_epithelium:0,TN,0
-3.2811584,-0.15689321,0.06765079,-0.7676827,-0.81422603,0.035191715,0.13625635,0.5971075,-0.33883634,-0.13410844,0,chr2:113285349:esophagus_muscularis_mucosa:0,TN,0
-3.9778879,-0.92041683,-0.9817096,0.6217172,-1.1511637,-0.26284754,0.058642223,-0.21916416,0.33270353,-0.3693131,0,chr20:25247507:transverse_colon:0,TN,0
-3.3570554,0.4812253,0.85996604,-0.14682853,-1.1278304,-0.107853025,-0.21741778,0.25231594,0.0058471803,0.36281767,1,chr5:143154853:tibial_artery:0,FN,0
3.9618807,0.12550783,-0.3098837,-0.8942708,0.34194082,-0.58174306,-0.023588134,-0.038257264,-0.038802397,-0.37529856,1,chr4:176255342:gastrocnemius_medialis:0,TP,1
-2.853141,0.90501827,0.327474,0.6919244,1.2931542,0.70089203,0.32817444,-0.81936216,0.36282006,-0.25872135,1,chr5:149452762:spleen:0,FN,0
-3.4555511,0.5798475,1.5754253,-0.46557105,-0.89383906,-0.57981086,0.28336504,-0.5048991,0.21209513,0.21488108,0,chr4:41146749:thoracic_aorta:0,TN,0
-1.5591872,-0.791727,1.7867553,0.8390097,0.9062499,-0.14104685,-0.87409633,1.2485844,-0.49470118,-0.6075464,1,chr17:15264357:gastrocnemius_medialis:0,FN,0
0.6214136,1.3066062,-1.0028975,-0.88843495,1.1259811,-0.6147858,-0.5475175,0.33802307,-0.097545326,-0.07291045,1,chr14:102406307:gastroesophageal_sphincter:0,TP,1
-1.4783643,-1.9376625,-2.7609487,1.3720287,-0.20729613,-0.009901749,0.35238808,0.11508941,1.2231472,-0.14430027,1,chr8:22109377:sigmoid_colon:0,FN,0
-4.196605,1.0591948,0.2476514,-0.96270585,0.017931633,-0.57119775,0.096371226,0.11427614,-0.13222435,-0.97906506,1,chr1:58968477:spleen:0,FN,0
4.989013,-0.1585647,0.0077293385,-0.640556,-0.4742466,-0.28850448,0.10040552,-0.10959851,0.025335694,-0.23201266,1,chr3:34208888:esophagus_squamous_epithelium:0,TP,1
-2.8130105,0.24410254,-1.4880458,-0.9042191,1.6973661,0.63203514,-0.3831987,-1.1911939,0.20952351,-0.5487648,1,chr16:16049086:esophagus_muscularis_mucosa:0,FN,0
1.5192317,1.0138003,-0.04124879,0.8687714,0.36106995,0.9352302,1.312784,1.1151971,0.27134088,-0.94970024,0,chr15:34576908:body_of_pancreas:0,FP,1
-3.0134883,-2.128247,1.1141351,0.7275728,-0.4609233,0.47128367,0.30794448,-0.51232415,-1.1676819,0.0013122231,1,chr3:192917558:tibial_artery:0,FN,0
-2.3534474,-0.8068741,0.7215667,-0.14318609,-0.51235336,1.5622509,0.9113669,-0.27707183,-0.33461833,0.28029978,0,chr12:6554208:transverse_colon:0,TN,0
-1.879604,-1.4932042,0.45785528,-1.5255868,-0.58607006,1.5924702,-0.49367967,1.1518946,-0.3947034,-0.70399827,0,chr5:127707959:sigmoid_colon:0,TN,0
5.0073066,-0.49574497,0.16107224,-0.51986915,-0.36072505,-0.25610697,-0.13998622,-0.29372218,0.06209458,-0.44236737,1,chr15:77077935:tibial_artery:0,TP,1
-1.5163468,-0.18087684,-1.9247204,-0.2713796,0.57636786,0.030591056,-0.15895306,0.28038198,-0.10627699,0.7297784,0,chr6:36442412:sigmoid_colon:0,TN,0
-1.4000584,0.33793047,-1.5932027,0.9114194,0.041725412,-0.5172465,-1.0044936,-0.24840283,-0.4543414,1.5936638,0,chr5:146204059:esophagus_squamous_epithelium:0,TN,0
-4.0703216,-0.00248991,0.8183131,-0.7038148,-1.0300883,0.06476086,-0.13948135,-0.3821874,-1.1945235,-0.15116929,0,chr7:148940697:gastrocnemius_medialis:0,TN,0
-3.6536248,-1.0665174,-0.7208066,1.2013346,-0.3133475,-0.2965563,-0.5471326,-0.8862209,0.19533676,0.29008102,0,chr3:52239404:prostate_gland:0,TN,0
-3.1263344,-2.724191,0.7547185,-0.021339174,-0.22258343,0.5041081,0.6163648,0.31364843,-0.9915427,-0.42035776,0,chr16:86296374:Peyers_patch:0,TN,0
-2.4463284,-0.81038105,-2.4734752,0.16495639,-0.5986763,0.2446485,-0.3223884,-0.42897934,-0.4244847,0.661903,0,chr15:70763261:thyroid_gland:0,TN,0
-3.7805228,-0.20731516,-0.7856876,-0.33588985,-1.4680015,0.32784978,-0.6732631,-0.5809452,-0.67952,0.2458952,0,chr6:105136375:esophagus_squamous_epithelium:0,TN,0
5.0077806,-0.32694745,0.09373334,-0.4229634,-0.4801105,-0.091991544,0.1802561,-0.299658,0.1960448,-0.32766154,1,chr3:34209211:gastroesophageal_sphincter:0,TP,1
4.682092,-0.26712617,-0.30755135,-0.28640833,-0.36129358,-0.30015767,-0.34643304,0.033461217,-0.11424538,0.0012447236,1,chr10:94403625:tibial_artery:0,TP,1
4.879454,-0.16122168,0.37223843,-0.0828834,-0.19359104,0.277994,-0.34386906,-0.4006207,0.28842503,-0.5471601,1,chr3:71126854:esophagus_muscularis_mucosa:0,TP,1
5.0939417,-0.39237145,-0.05282439,-0.6365348,-0.3993412,-0.33558962,0.25383726,-0.05229562,-0.055808026,-0.28136826,1,chr17:43360116:tibial_nerve:0,TP,1
-2.7701159,-1.1080173,-0.19205813,-0.3651396,-0.6414467,1.0524819,-0.061620582,1.1389576,-0.12995517,-0.466951,0,chr14:68949459:transverse_colon:0,TN,0
-2.2645378,-1.1750882,1.508606,-0.47230902,0.05914627,-0.386086,-0.23555979,1.3836256,-0.8740559,-0.83189,0,chr3:196624791:sigmoid_colon:0,TN,0
-4.2610726,-0.56705225,-0.43466225,0.027205823,-0.6665527,-0.17476672,-0.8777472,-0.56875545,-0.19302903,-0.30003196,0,chr16:86516377:esophagus_muscularis_mucosa:0,TN,0
4.4865227,0.6039344,0.0053799325,0.40869853,-0.35512567,0.07147658,-0.50462794,0.5730805,-0.07770562,0.47149518,1,chr2:131492789:prostate_gland:0,TP,1
-3.781025,-0.7900466,0.39115816,-0.35206664,-0.23409691,-0.16481401,0.23378195,0.42882025,-0.1972913,-0.6656812,1,chr6:32227178:spleen:0,FN,0
5.1398745,-0.12757362,0.1517175,-0.41504806,-0.41770574,-0.015802082,-0.063657574,-0.053656973,0.03506557,-0.13656183,1,chr12:120710365:prostate_gland:0,TP,1
1.3270758,1.2297665,0.9069765,2.1774092,0.43920538,-0.12182044,0.5958491,0.08696489,0.54008025,-0.64139104,1,chr22:45235283:spleen:0,TP,1
5.1398745,-0.12757362,0.1517175,-0.41504806,-0.41770574,-0.015802082,-0.063657574,-0.053656973,0.03506557,-0.13656183,1,chr12:120710365:stomach:0,TP,1
3.1342475,1.6860707,1.2380054,0.4351532,0.06583089,0.3823808,-0.77744997,0.03623293,0.62412167,-0.102188155,0,chr3:5177512:gastrocnemius_medialis:0,FP,1
2.9232085,0.2366427,-0.19661565,1.6578461,-0.6591751,0.8049893,-1.3004354,-0.065776885,-0.40753025,0.5958794,1,chr1:156082827:stomach:0,TP,1
4.68317,0.49763075,0.5625778,0.48770168,-0.11907583,0.021484138,-0.490656,-0.08192087,0.041763145,-0.2493287,1,chr17:42112573:stomach:0,TP,1
3.2006495,0.6675782,-0.5729678,-0.57397497,0.2965925,-0.38210195,0.24096753,0.78965724,-0.59422714,1.0664805,1,chr17:4091893:gastrocnemius_medialis:0,TP,1
-3.9347339,-0.031571195,-1.7906427,0.053006638,-1.5600514,-0.20073947,-0.6967023,-0.69148254,-0.28540248,-0.21366937,0,chr7:130440970:prostate_gland:0,TN,0
-3.2169955,-0.39557812,2.1774487,-0.2897551,-0.58948845,-0.8609623,-0.19796655,0.10369485,-0.23276566,0.28081226,1,chr8:40108986:tibial_nerve:0,FN,0
-2.0371153,0.7329661,0.2617043,0.30663747,1.1271963,-0.120465204,-0.4587165,-1.0089698,0.61577374,-1.3727064,1,chr13:20120444:esophagus_squamous_epithelium:0,FN,0
2.0661519,2.7354517,1.4288723,2.3459766,0.15402028,0.0121148825,-0.80695325,0.13662429,-0.5745585,-0.18508503,1,chr1:16914310:tibial_artery:0,TP,1
-0.8074378,1.1920271,-2.6259503,0.5700325,-0.07401527,-0.34154484,0.5516949,-0.60844135,-0.62950754,0.22411272,0,chr19:41135969:spleen:0,FP,1
-3.2389612,0.42873192,-1.8482196,0.34177992,-0.13856784,0.07127456,-0.059956454,-0.4060501,-0.8042389,-0.78838146,0,chr6:25992885:adrenal_gland:0,TN,0
-3.7878606,0.29059038,0.9294862,0.12860464,-0.39583245,-0.5423771,0.37023816,-0.51780915,0.28945196,0.42039275,0,chr1:22789445:tibial_nerve:0,TN,0
4.9101176,-0.28303736,0.123573355,-0.3856813,-0.23847462,0.09460288,0.17828195,-0.14243686,0.028777234,-0.31311342,1,chr6:32588187:spleen:0,TP,1
-3.4027028,1.4487224,-0.36921436,-1.1019516,0.9317058,-0.46783495,-0.18046658,0.05104084,0.09316072,-0.7375492,0,chr15:95429002:gastrocnemius_medialis:0,TN,0
-3.8787389,-0.37634307,-0.7576824,-0.014929497,-0.87468415,-0.17885694,0.11069505,0.14331618,0.5625779,0.036826815,0,chr16:85447934:sigmoid_colon:0,TN,0
-3.4430065,-0.69278675,-0.5066412,-0.7797652,0.0029413202,0.4020714,-0.2192702,-0.12920038,0.33096382,0.20407921,0,chr8:134686030:body_of_pancreas:0,TN,0
-4.3034344,1.0475833,0.82259727,-0.16049749,-1.2238861,-0.57904834,0.030414311,-0.75131166,-0.5300602,0.2193891,0,chr9:42129090:spleen:0,TN,0
4.7522855,0.31260127,0.6474418,0.2342012,-0.30027947,0.06525694,-0.34155774,-0.20900495,0.2460234,-0.37315625,1,chr17:72053625:body_of_pancreas:0,TP,1
5.0239744,-0.382138,0.11731154,-0.41822565,-0.20684747,0.055901043,0.48531327,-0.28130424,0.13362035,-0.2980602,1,chr7:142451821:transverse_colon:0,TP,1
-3.7375257,-2.0418518,0.24535125,-0.07358073,-0.9195242,-0.55004805,-0.6277754,-0.22522181,-0.079901196,-0.23428778,0,chr4:80184579:transverse_colon:0,TN,0
-4.356966,1.8683506,-1.2043313,-0.057074916,-0.8713807,-0.21239287,-0.3494888,-0.3119564,0.064602934,0.17268905,0,chr3:120596196:stomach:0,TN,0
4.152259,-0.35106888,0.5021279,0.18554956,0.30089194,0.38310453,-0.79829425,-0.7007005,0.39342582,-1.1478713,1,chr5:80182518:transverse_colon:0,TP,1
-4.0076904,0.010408631,0.556871,-0.10770708,-1.042971,-0.78848445,0.1821948,-0.19893712,0.043322302,0.064937286,0,chr7:12211861:transverse_colon:0,TN,0
-4.0638013,0.9949832,-0.2333535,-0.62484205,0.5393383,-0.29748675,-0.5176469,0.23886047,-0.1058721,-0.275056,0,chr2:33137923:esophagus_muscularis_mucosa:0,TN,0
-2.0894809,0.19152667,-0.5342865,-1.3751351,0.48267174,1.1565958,-0.04186957,-0.007502363,0.34607825,0.4371848,0,chr4:82886647:body_of_pancreas:0,TN,0
-0.6331082,-3.5771232,0.6565764,-1.1203249,1.0123003,1.0892062,0.05216223,0.16739415,0.12150394,-0.06863845,0,chr2:95948380:suprapubic_skin:0,TN,0
-3.3425434,0.55362993,-1.5901583,0.61294824,-1.5372434,-0.06573698,-1.0063312,-1.2272439,-0.089105956,0.46414477,1,chr2:55050819:esophagus_squamous_epithelium:0,FN,0
-3.859575,1.6329122,0.12894142,-1.1805102,-0.6575874,-0.10526212,-0.39482674,-0.4576209,0.39409643,0.4078311,0,chr7:20193648:spleen:0,TN,0
-2.5858672,-1.9960868,0.99486667,-0.031836666,0.48970604,0.67933613,0.60084987,0.6988276,-0.08541182,-0.5108517,0,chr11:123175996:esophagus_muscularis_mucosa:0,TN,0
4.4865217,0.60393614,0.005379978,0.40869907,-0.3551266,0.07147584,-0.50462854,0.57307994,-0.07770478,0.47149566,1,chr2:131492789:upper_lobe_of_left_lung:0,TP,1
-2.6479933,-1.8423916,-0.02272972,0.28958598,-0.05366354,-0.27948937,0.24100393,1.3122997,0.14455807,-0.8644642,1,chr14:100548080:transverse_colon:0,FN,0
-4.028511,-0.115917765,-0.6585991,0.7889091,-1.3776945,-0.472268,0.36251256,-0.8137647,0.095744915,0.04604687,0,chr14:50003354:esophagus_muscularis_mucosa:0,TN,0
4.2765636,1.1159321,0.5768726,-0.04265198,-0.52232194,0.3722167,-0.4866037,-0.21046244,0.3717974,-0.5625985,1,chr11:66768660:esophagus_squamous_epithelium:0,TP,1
2.8098269,0.66917795,0.44248882,-0.48345825,0.27057397,0.29685247,-0.44825912,-0.27830514,0.38473624,0.23964646,0,chr4:40513684:body_of_pancreas:0,FP,1
-4.0657196,0.22229491,-0.29488802,-1.0789415,-0.005572736,0.75380695,0.26490262,0.065221496,-0.64836484,-0.5483833,0,chr16:9047621:stomach:0,TN,0
4.8206205,-0.7852692,0.005327669,-0.622169,-0.118798345,-0.16654949,0.029701311,-0.27520216,0.03862691,-0.33291304,1,chr12:109210239:gastrocnemius_medialis:0,TP,1
-1.6164708,0.9807498,2.2286258,0.32517052,0.15657935,0.09697748,-0.3035175,0.7974735,0.5486464,0.11108945,1,chr2:152558729:gastrocnemius_medialis:0,FN,0
-3.7423105,1.2026622,-0.41404587,-0.45571357,0.9494759,-0.22350307,0.2929122,-0.02557005,-0.8966161,0.3845773,0,chr9:114401144:transverse_colon:0,TN,0
-2.5518005,-0.9225312,1.3026713,-1.6806846,-0.37825447,0.4870935,-0.3238303,0.108862616,0.18854137,0.09023393,1,chr21:15440733:gastrocnemius_medialis:0,FN,0
-4.3034344,1.0475833,0.82259727,-0.16049749,-1.2238861,-0.57904834,0.030414311,-0.75131166,-0.5300602,0.2193891,0,chr9:42129090:prostate_gland:0,TN,0
-3.0118926,-0.7041034,-0.5073421,0.6250154,-0.31108475,0.03444149,0.42404193,-0.1383927,-0.86106944,-0.16393088,0,chr1:20696637:sigmoid_colon:0,TN,0
-3.2912061,-0.9436164,0.5223763,-0.37144035,0.38295528,-0.6882223,0.22078378,0.66718775,-0.11160222,-0.44867188,0,chr1:109893257:gastrocnemius_medialis:0,TN,0
5.1182194,-0.61321706,0.08499741,-0.548681,-0.35588866,-0.070933126,0.105207555,-0.2263244,0.07221467,-0.38057122,1,chr22:16339427:tibial_nerve:0,TP,1
5.0073066,-0.49574497,0.16107224,-0.51986915,-0.36072505,-0.25610697,-0.13998622,-0.29372218,0.06209458,-0.44236737,1,chr15:77077935:gastroesophageal_sphincter:0,TP,1
5.122896,-0.47151017,-0.118333094,-0.58288246,-0.2520678,-0.30175474,0.42257273,-0.046209265,-0.029467512,-0.15238135,1,chr3:75785609:Peyers_patch:0,TP,1
-3.7038174,-0.9236871,-0.57968557,1.012707,-0.40331942,-0.042875584,-0.28166598,0.3850491,-0.52254605,-0.35632887,1,chr13:113839983:gastrocnemius_medialis:0,FN,0
-2.7843287,0.8251716,-1.2460285,-1.2749329,1.2580758,-0.20276943,-0.5011255,0.08363756,0.045531437,0.49964395,0,chr8:131912162:gastrocnemius_medialis:0,TN,0
-3.1809096,-1.7299346,0.8405579,-0.5964534,-0.52239317,-0.21891716,0.198852,0.5165576,0.69905466,-0.22003388,1,chr1:149488239:sigmoid_colon:0,FN,0
-3.4657912,-0.4977335,0.9954131,-0.34485677,-0.11358568,0.0007427735,-0.12849917,0.061696142,0.091519274,0.14239037,0,chr3:171978364:spleen:0,TN,0
-3.5319066,-0.37842816,0.9565024,-0.046330646,-0.6548702,-0.17498879,0.18588525,0.06116909,-0.844407,-0.039871525,0,chr1:230104702:tibial_nerve:0,TN,0
3.6783066,0.952502,1.4901758,0.7091915,-0.1111506,-0.078494154,-0.74653363,0.18617931,0.29960927,-0.24340887,1,chr15:90551902:tibial_nerve:0,TP,1
-3.9976387,-0.76789814,0.29596213,0.17471391,-0.62097955,-0.3351127,-0.10273804,0.23768766,0.24269332,-0.2804342,0,chr11:11396971:sigmoid_colon:0,TN,0
-1.9476955,-0.65197325,-0.5515353,-0.07436454,2.142374,-0.023061657,0.5035005,-0.03434875,-0.09405303,-0.6125177,0,chr6:31352248:spleen:0,TN,0
5.153505,-0.6558609,-0.015948646,-0.5516727,-0.26214436,-0.2503342,0.11617277,-0.1655216,0.020091845,-0.18185969,1,chr6:17600871:tibial_artery:0,TP,1
-1.7525197,0.079693824,1.4702399,-0.7877909,0.13579497,0.50502276,-0.40942207,1.2719482,-0.3520027,-0.0155922305,0,chr4:38804840:sigmoid_colon:0,TN,0
4.7221384,0.07954811,0.16522187,0.3133818,-0.3891654,0.28954178,-0.59492403,0.021642482,0.014669001,0.23731598,1,chr11:121722769:gastroesophageal_sphincter:0,TP,1
-3.8002732,0.3471861,1.2589211,-0.4975132,-1.0466058,-0.652419,-0.03681387,-0.16199858,0.007029968,0.31221646,0,chr4:38804578:tibial_nerve:0,TN,0
5.1398745,-0.12757362,0.1517175,-0.41504806,-0.41770574,-0.015802082,-0.063657574,-0.053656973,0.03506557,-0.13656183,1,chr12:120710365:tibial_nerve:0,TP,1
1.2285248,-0.33304214,-1.883723,0.6241262,1.2380251,-0.06407149,-0.6503339,1.0765698,-0.05900515,-0.16484186,1,chr15:41283615:tibial_artery:0,TP,1
3.105005,-1.2441014,-0.4866573,-0.932794,0.8465227,-0.65879685,0.13326629,0.09179895,0.40421578,-0.421397,1,chr4:51023823:spleen:0,TP,1
-3.4695747,-0.16610323,-1.0383223,-0.14613894,-0.085915945,0.8461002,-0.16074759,0.10093403,-0.54764974,0.47669598,0,chr22:24593952:prostate_gland:0,TN,0
1.7931454,1.4849954,-0.20703818,-0.42291147,0.4318956,-0.6601921,0.39121124,0.14838508,-0.30077735,0.60810035,0,chr12:52087532:prostate_gland:0,FP,1
-2.3313596,-0.31316072,-2.3558793,0.28739122,-0.20071563,-0.5478481,-0.028814407,-0.13047642,-0.5686336,0.8825324,1,chr19:53554522:gastrocnemius_medialis:0,FN,0
-2.3156297,-0.80646014,-0.7342269,1.041651,0.7458066,-0.6706133,-0.15808742,0.77997804,-1.136475,0.95482147,0,chr1:2276040:gastrocnemius_medialis:0,TN,0
-1.9449549,-1.1775943,-1.61397,1.0903234,-1.2125696,1.0813663,-0.52166575,0.29878426,-0.8006884,0.20189333,1,chr2:38602252:sigmoid_colon:0,FN,0
-1.8338366,-0.9784589,-0.8070307,-0.26415285,-0.309071,-0.00043157913,0.2440184,0.88057953,2.3042283,0.31842792,0,chr2:109231163:gastrocnemius_medialis:0,TN,0
4.6132708,-0.32307538,0.14523228,0.21008065,-0.15742663,0.2919779,-0.7950645,-0.23516229,0.12738556,-0.035551667,1,chr9:129437465:spleen:0,TP,1
5.0796056,-0.7227574,-0.18135728,-0.72264457,-0.23450752,-0.5397789,0.19477354,-0.04774105,-0.12108392,-0.07715678,1,chr6:17600812:Peyers_patch:0,TP,1
2.5546513,1.1319942,0.64935553,1.7651316,0.6197717,-0.62620324,0.06282473,0.4425103,-0.21560387,-0.04517308,1,chr6:29942999:transverse_colon:0,TP,1
-3.956303,0.29447725,-1.4579567,0.07407712,1.0840749,0.60414034,-0.301558,0.12907067,-0.21191403,-1.2228498,0,chr17:41974710:gastroesophageal_sphincter:0,TN,0
-3.7973292,1.6498606,1.3671907,-0.5211263,-0.9113653,-0.6780116,0.7775955,-0.2594523,-0.069424234,0.17843148,0,chr12:89347933:spleen:0,TN,0
3.0881124,0.9922694,0.09248679,-0.16399457,-0.31168976,0.616515,0.65872234,-0.0004263344,0.42366403,0.08315061,1,chr10:80158371:gastrocnemius_medialis:0,TP,1
-3.6561885,-0.22490652,1.1156883,-0.21807888,-0.9634355,-0.20025396,0.32629746,-0.4086808,0.22888193,0.27172428,1,chr8:8331567:gastrocnemius_medialis:0,FN,0
5.1243095,-0.17828937,0.1510222,-0.60675454,-0.3234432,-0.29595667,0.22616792,-0.057278417,0.01173408,-0.2509171,1,chr7:142776553:body_of_pancreas:0,TP,1
-3.3566885,-0.9050969,0.8222321,-0.29142648,-0.54429626,-0.33116388,-0.012364978,0.31762558,-0.32473984,0.16724962,0,chr1:225816669:esophagus_muscularis_mucosa:0,TN,0
5.0939417,-0.39237145,-0.05282439,-0.6365348,-0.3993412,-0.33558962,0.25383726,-0.05229562,-0.055808026,-0.28136826,1,chr17:43360116:sigmoid_colon:0,TP,1
5.0239744,-0.382138,0.11731154,-0.41822565,-0.20684747,0.055901043,0.48531327,-0.28130424,0.13362035,-0.2980602,1,chr7:142451821:Peyers_patch:0,TP,1
4.852333,-0.07403466,-0.07488723,-0.7206491,-0.40297475,-0.40735942,0.2772307,-0.2533538,0.0034752574,-0.26401395,1,chr6:32667622:spleen:0,TP,1
-2.0968525,-2.2171657,0.66062915,-0.5013161,0.7598203,0.95647097,0.07835776,0.5409713,0.4059292,0.18645996,0,chr3:196612980:gastroesophageal_sphincter:0,TN,0
-3.5193908,-0.80918694,0.8178114,0.67441946,-0.09617334,0.054545395,-0.08828828,0.78867894,-1.0849078,-0.5595058,1,chr4:88698124:tibial_nerve:0,FN,0
2.9776943,-0.65597075,-0.7744117,-0.42529282,0.64186597,0.53713596,-0.33841538,-0.98673487,-0.31980476,0.48728648,1,chr1:77895818:sigmoid_colon:0,TP,1
4.7508245,0.0484409,-0.08042901,0.48184034,-0.33791777,-0.08815181,-0.38277698,-0.09699913,-0.21352476,0.26894194,0,chr19:12801912:sigmoid_colon:0,FP,1
-1.519111,1.8865829,-1.440641,0.4215606,0.8210829,-0.5737345,-0.25043097,1.0684043,-0.6378886,1.1701752,1,chr17:80968429:sigmoid_colon:0,FN,0
-1.0222758,0.3938406,-0.3985297,-0.22843334,1.1306701,1.6055045,0.25087523,-0.31966004,0.4673231,0.6822096,0,chr8:123168283:esophagus_squamous_epithelium:0,TN,0
5.1182194,-0.61321706,0.08499741,-0.548681,-0.35588866,-0.070933126,0.105207555,-0.2263244,0.07221467,-0.38057122,1,chr22:16339427:gastrocnemius_medialis:0,TP,1
5.0077806,-0.32694745,0.09373334,-0.4229634,-0.4801105,-0.091991544,0.1802561,-0.299658,0.1960448,-0.32766154,1,chr3:34209211:esophagus_squamous_epithelium:0,TP,1
5.045141,-0.09228311,0.20466805,-0.30371615,-0.35739848,-0.026016934,0.31647605,-0.19418584,0.14388508,-0.29433328,1,chr19:21585454:body_of_pancreas:0,TP,1
-3.6699772,1.1023152,-0.32781458,1.1115524,0.3743158,-0.21211685,0.85924524,-0.05556796,0.5110667,-0.22392535,0,chr1:236002266:gastrocnemius_medialis:0,TN,0
5.0297146,-0.2669363,0.3214072,-0.46238092,-0.40004432,0.06437016,-0.077072695,-0.24065535,0.23365131,-0.36401007,1,chr1:93845496:esophagus_muscularis_mucosa:0,TP,1
-2.7921805,0.7972961,-1.8677967,-0.5847582,0.8163554,-0.18237808,-0.5320443,0.71187073,-0.003629525,-0.009285983,0,chr20:50303609:spleen:0,TN,0
-0.9971896,-0.0656433,0.5359388,1.2230431,-0.0893627,0.7998465,1.5909536,0.27146158,-0.36591026,-0.35511458,0,chr7:55101597:tibial_nerve:0,TN,0
4.2452607,0.52890575,0.44826978,0.9138327,0.20111667,0.27495074,0.1854639,-0.28020146,0.04690418,-0.5344655,1,chr4:3938334:transverse_colon:0,TP,1
4.842242,0.085814856,0.56807595,0.07606145,-0.16982587,0.12435799,-0.3211862,-0.2053135,0.030951686,-0.29328096,1,chr17:44980596:esophagus_muscularis_mucosa:0,TP,1
-3.945328,0.082221106,0.14665997,0.1440296,-0.82930225,-0.59361565,0.107265435,0.019638117,-0.0788567,-0.410842,0,chr16:67405635:body_of_pancreas:0,TN,0
-2.360976,-0.65436476,-1.3059572,-1.2070109,1.7239676,0.0128443325,-0.9093154,-0.85617745,-0.09482128,-0.5472249,0,chr5:42451960:gastrocnemius_medialis:0,TN,0
-3.8499172,-1.0367123,0.6011002,-0.0234922,-0.89015704,-0.46638304,-0.5169832,0.09284968,-0.70902795,-0.14729927,0,chr2:177553106:tibial_nerve:0,TN,0
-3.6982656,-1.5422969,-0.47403222,0.60358506,-0.53103936,-0.77717143,-0.03147824,-1.1209588,0.16421719,-0.23592962,1,chr20:38962540:body_of_pancreas:0,FN,0
-3.4570467,-0.452066,-0.7048975,-0.5215478,-0.62557155,-0.20828736,-0.9994988,-0.24308655,0.61473155,0.010861535,0,chr6:26537584:prostate_gland:0,TN,0
-2.2840564,-1.9368113,1.5095569,-0.88169575,0.09299704,0.63814604,-0.2862252,1.472983,-0.062047433,-0.22098306,0,chr5:77728549:gastrocnemius_medialis:0,TN,0
-2.3535433,-0.2539608,-0.52406645,1.0439091,1.5168079,0.33443084,0.8327677,-0.7635343,0.010182327,-0.3384764,1,chr1:18890370:tibial_nerve:0,FN,0
-3.6235576,-0.24182436,-1.1695384,-0.16873293,1.3900679,-0.33189788,-0.034469295,-0.20962048,-0.48603848,-1.1661708,0,chr6:11356011:gastrocnemius_medialis:0,TN,0
-1.83867,1.9124979,-2.2973213,1.7705909,-0.881208,0.3451671,1.0460695,-0.5674703,-0.41860765,0.099137455,0,chr10:15860303:suprapubic_skin:0,TN,0
1.6584631,1.6556447,1.715592,1.4241723,-0.05720528,-0.2869917,-1.2550696,0.9629601,1.0248144,-0.076384515,1,chr1:183805960:spleen:0,TP,1
-3.4386947,-1.4267821,1.3850019,-0.7339549,-0.3864129,-0.5520165,-0.7102034,0.33864516,0.03618931,-0.06551619,0,chr6:33018795:esophagus_muscularis_mucosa:0,TN,0
3.0080812,0.4740228,0.41681364,1.5677379,-0.7237473,0.90325,-1.2162832,0.6097073,-0.89041406,0.6847476,1,chr10:28302669:sigmoid_colon:0,TP,1
-2.4676638,-0.059538513,-2.3157673,1.0303937,-0.5642908,0.2043747,0.3327473,-0.97891605,-0.59203786,0.111802146,0,chr2:127107331:esophagus_muscularis_mucosa:0,TN,0
-3.4421945,-0.95576006,0.5000696,-0.6789918,-0.9330771,-0.090664014,-0.48173448,-0.19548702,0.42953834,0.3253621,0,chr8:13131204:gastroesophageal_sphincter:0,TN,0
2.9527757,0.05737881,0.21542321,-0.21939395,0.75718546,0.17919058,-0.6049309,-0.07480646,0.67628473,-0.53270835,1,chr4:87506856:gastrocnemius_medialis:0,TP,1
-3.9411907,-0.48532507,-0.2214965,0.6159674,0.08706108,-0.48708326,0.07472777,-0.29162127,0.27761117,-0.10993531,0,chr10:6202329:suprapubic_skin:0,TN,0
5.2474456,-0.81012577,-0.017670054,-0.47607186,-0.35335878,-0.10353673,0.061673027,-0.20961204,0.045038097,-0.098088995,1,chr9:63859633:transverse_colon:0,TP,1
-3.4326055,-0.7773147,-1.2778336,-0.5617459,1.9381716,0.23332813,-0.6969077,-0.18587916,0.5248435,-0.31721643,1,chr10:4867019:thoracic_aorta:0,FN,0
1.3691317,-0.73332125,0.20921938,0.31835386,2.388139,0.8365366,-0.39837936,-1.4045349,-0.64255404,-0.5441857,1,chr20:3810780:spleen:0,TP,1
-3.0139573,-1.1844934,-0.64358306,0.65229034,-1.0437088,0.04733028,-0.22255613,-0.6623122,-0.53946984,0.518402,0,chr19:1905356:sigmoid_colon:0,TN,0
-3.3096018,0.17796142,0.8926027,1.0775555,-0.64595866,-0.6984546,0.6724695,0.05108353,0.49821165,0.29837483,0,chr1:9429346:prostate_gland:0,TN,0
-3.8105853,2.9155822,1.1843106,-0.30573922,-0.48467174,-0.42905548,0.5737098,-0.10193011,-0.32414564,0.3180816,0,chr17:10048783:esophagus_muscularis_mucosa:0,TN,0
-2.8395326,0.040668905,0.42635423,1.0587981,0.65818596,-0.9200475,0.038239837,-0.072643265,-0.114187546,0.0462454,0,chr7:5413338:gastrocnemius_medialis:0,TN,0
2.8393147,0.6814024,-0.6231241,1.6719325,-0.29917985,0.41246516,-0.10450894,-0.01212108,0.20727819,0.8529834,0,chr11:75583287:spleen:0,FP,1
2.127759,-1.1114682,-1.2458234,0.73221016,0.4027698,-0.03746803,-0.6812323,-0.36233044,0.03673887,0.91685134,0,chr19:3627407:esophagus_muscularis_mucosa:0,FP,1
-2.8498201,0.48592582,0.52557874,-0.22771642,-0.2546824,0.9525963,-0.20950441,0.13657744,-0.08954213,0.2637105,0,chr6:73655454:transverse_colon:0,TN,0
4.671689,-0.323796,-0.15550269,-0.5036612,0.24486294,-0.095053636,-0.09881783,0.15896013,-0.311255,-0.08586567,1,chr22:41965097:tibial_nerve:0,TP,1
1.319249,0.24209672,-0.7886394,0.98821795,0.7865908,0.55458933,0.31244484,-0.040885963,0.1381836,-0.2654211,1,chr22:46740065:body_of_pancreas:0,TP,1
-2.4763255,0.4542952,0.6321855,0.19428098,0.87702984,0.0014210553,0.20715728,0.33028468,-1.0139539,0.32244754,1,chr11:123457116:spleen:0,FN,0
-3.4847693,2.2480698,1.1233376,-0.16026613,1.038361,-0.5858052,0.30452076,0.19912638,0.45724583,0.60056895,1,chr11:112753976:gastrocnemius_medialis:0,FN,0
-3.3983886,-2.391581,0.6006216,0.28807813,-0.46902728,-0.1580728,0.4311525,-0.3333147,0.19758104,0.03825497,0,chr20:49561330:gastroesophageal_sphincter:0,TN,0
-2.3124394,3.5947165,-0.6819357,0.31548235,-0.29974577,0.8388974,0.2617382,-1.0345117,0.0020771548,0.47194892,1,chr19:48899920:esophagus_squamous_epithelium:0,FN,0
4.7820754,0.33676118,0.27084833,-0.023154784,-0.21357553,0.17932849,-0.31967267,-0.17839333,0.008916037,-0.2160912,1,chr8:89729505:spleen:0,TP,1
5.0939417,-0.39237145,-0.052824497,-0.63653475,-0.39934132,-0.33558917,0.25383753,-0.052295346,-0.05580816,-0.2813682,1,chr17:43360116:prostate_gland:0,TP,1
-3.2849636,1.1482627,-1.5194262,0.1803298,-1.137739,-0.45691648,1.0352675,-0.32289213,-0.1190749,-0.57548344,1,chr17:77409151:spleen:0,FN,0
-4.2164435,1.2547556,0.3959996,-0.8474614,-1.450614,-0.26782584,-0.27133504,-0.27233657,0.04577759,0.11708533,0,chr11:128740367:spleen:0,TN,0
4.722139,0.07954428,0.16522238,0.31338271,-0.38916314,0.28954434,-0.59492326,0.021642508,0.014669358,0.23731643,1,chr11:121722769:Peyers_patch:0,TP,1
-2.7531755,-0.18233074,0.3574271,-0.8828118,-0.7706817,0.77127016,-0.24926476,-0.05663774,0.6962713,0.9554308,0,chr18:32353001:gastroesophageal_sphincter:0,TN,0
4.8660955,0.060932923,0.20102349,0.0634913,-0.40437716,-0.04011545,-0.4410267,0.080856904,-0.009370803,-0.14404505,1,chr5:80654888:sigmoid_colon:0,TP,1
-1.1437715,2.579092,0.05919543,-0.66611975,0.27597174,0.70296276,-0.10607119,-0.56976783,-0.13965087,-0.11528633,1,chr12:11017092:transverse_colon:0,FN,0
-1.2739187,-0.6454539,-2.1246462,-0.648797,1.3188384,0.13808013,-0.3668536,-0.30628946,-0.85896134,0.4074768,0,chr17:43173472:spleen:0,TN,0
-0.52030474,1.3046104,-1.7285532,1.8167615,-0.68363297,1.1920521,1.2578115,-0.7931433,-0.89450514,0.08650143,0,chr6:29942695:transverse_colon:0,FP,1
5.0042014,-0.1954412,-0.01819883,-0.63331306,-0.33178502,-0.20005848,0.28330785,-0.062225267,0.04195134,-0.10701419,1,chr3:34208471:gastroesophageal_sphincter:0,TP,1
-2.7921805,0.7972922,-1.8677967,-0.58475745,0.81635725,-0.1823775,-0.5320443,0.7118703,-0.0036295867,-0.009285885,0,chr20:50303609:sigmoid_colon:0,TN,0
4.600297,0.06694814,1.0498337,0.4711097,-0.08158712,-0.0094782105,-0.43891954,0.0022714518,0.13245025,-0.16359524,1,chr11:67055968:suprapubic_skin:0,TP,1
2.6836088,1.1428677,-0.5296137,0.7573066,0.017328633,0.3076044,0.572851,0.43009898,-0.19376798,0.086003825,0,chr22:19942585:upper_lobe_of_left_lung:0,FP,1
-3.1956778,-0.18916005,-1.162108,0.803252,-0.4893216,0.37258354,-0.8458014,-0.19261463,0.018914398,1.3544167,0,chr13:72728122:tibial_nerve:0,TN,0
-1.7577064,0.03308032,-1.788091,-0.7496012,1.5200926,0.15207095,0.43957913,-0.106143095,-0.21217015,1.0564417,0,chr13:105922042:transverse_colon:0,TN,0
1.7165021,0.7685444,0.06110677,-0.10216596,0.64165056,1.2996914,-0.15673831,0.4675323,0.74724406,0.32321122,0,chr2:148614039:body_of_pancreas:0,FP,1
5.122896,-0.47151017,-0.118333094,-0.58288246,-0.2520678,-0.30175474,0.42257273,-0.046209265,-0.029467512,-0.15238135,1,chr3:75785609:transverse_colon:0,TP,1
-2.4496028,2.0298324,-1.4966726,-0.107005276,0.6876446,-0.5319283,0.045882534,0.52905047,-0.2293077,0.00498413,0,chr16:17269478:body_of_pancreas:0,TN,0
-2.1690178,0.6838012,-1.2840579,0.75490427,-0.9744042,0.31771305,-0.08726477,0.30352938,-0.62190163,1.150492,0,chr21:14216453:prostate_gland:0,TN,0
4.9893184,-0.28727242,-0.19268593,-0.78646255,-0.15706666,-0.58348006,0.34121498,0.0031222447,-0.09209927,-0.34453496,1,chr7:142771801:body_of_pancreas:0,TP,1
-3.7833393,1.0571905,1.1755114,-0.13020122,0.5807368,-0.5493254,-0.4104583,-0.23701933,-0.16756088,0.13033059,0,chr7:134988569:body_of_pancreas:0,TN,0
-0.7540588,-0.4705496,1.2703233,1.6880958,0.9479788,0.68124795,1.4880208,0.055962384,-0.2830441,-0.61532277,0,chr11:73314925:transverse_colon:0,TN,0
5.0578704,-0.6986577,-0.2046995,-0.73361284,-0.16345651,-0.5621331,0.1748974,-0.037756607,-0.16889884,-0.10104079,1,chr6:17600825:testis:0,TP,1
-4.1169386,0.7999165,-0.41628897,-0.57813996,-0.017381554,-0.3467636,-0.43064287,0.09192136,0.3925296,-0.041012336,0,chr4:15809652:gastrocnemius_medialis:0,TN,0
-3.7021918,0.70875055,-1.1973745,-0.52139926,-0.92250144,0.10985669,-0.717635,0.5590704,0.13983119,-0.5253431,0,chr4:184395558:esophagus_squamous_epithelium:0,TN,0
-3.5934381,0.86572284,1.0124705,-0.96333605,-0.68930197,-0.31329527,-0.004521604,-0.45289543,0.22486226,0.5632733,0,chr1:178864374:gastrocnemius_medialis:0,TN,0
3.9447794,1.4851687,-0.092603855,-0.681253,-0.16340876,-0.6246639,0.4766119,0.116177395,-0.40664878,-0.030934382,1,chr5:15967:spleen:0,TP,1
4.911761,-0.4435102,0.062174164,-0.29372448,0.058531445,-0.25435448,0.08498241,-0.16219017,-0.044356313,-0.15917315,1,chr17:63611130:spleen:0,TP,1
5.1385016,-0.66142434,-0.18141705,-0.6580815,-0.2617216,-0.50601614,0.30425662,0.021930639,-0.12228427,-0.03933233,1,chr3:75785531:Peyers_patch:0,TP,1
-1.2581288,0.5480127,-0.1475202,-0.7114126,-0.17125252,1.1253322,-1.0415629,1.22049,-0.20567204,-1.013488,0,chr6:109380989:body_of_pancreas:0,TN,0
4.8391485,-0.61391866,-0.40812507,-0.48174268,0.048588444,-0.59349275,0.41664228,0.11438191,-0.13869545,-0.027644513,1,chr4:3938529:transverse_colon:0,TP,1
-2.6385689,0.6748331,-0.75203013,0.8399349,1.0387865,0.34862974,0.836495,-0.21871532,-0.1460953,-0.933299,1,chr7:370842:body_of_pancreas:0,FN,0
-3.8111243,-0.25400347,-1.3107892,0.3167044,-1.5341189,-0.86199796,-0.43648374,-1.0020188,-0.22043554,-0.32395416,0,chr1:10794517:prostate_gland:0,TN,0
-3.8355737,-1.1612322,1.5848548,0.28893113,0.20778769,-0.60655695,-0.056173667,-0.2707925,-0.073343925,0.18777375,0,chr14:21039197:gastrocnemius_medialis:0,TN,0
-1.7064356,0.95447123,0.50273126,0.46334818,0.6742708,0.5573926,0.20850638,-0.3760586,0.43049386,-0.31568173,0,chr3:42224853:gastrocnemius_medialis:0,TN,0
-2.9767601,0.79166204,-1.887556,-0.8475747,1.12189,-0.8411501,0.18027425,-0.13441591,-0.39171454,-1.0364324,1,chr5:149583424:gastrocnemius_medialis:0,FN,0
4.9009323,-0.35276738,-0.17876959,-0.9102426,-0.25090992,-0.30531207,0.3840073,-0.13548517,0.01342033,-0.3167131,1,chr7:142773975:body_of_pancreas:0,TP,1
-0.9410776,-0.04773708,-0.89549685,-0.44994667,0.5426676,-0.07811094,-0.59096426,1.5554587,0.3736478,1.4023237,0,chr5:150159876:esophagus_muscularis_mucosa:0,TN,0
-2.771026,0.34696352,0.060437284,1.363439,0.3134921,-0.4369434,1.1424743,0.8113282,1.0255811,-0.2035855,1,chr1:9003046:prostate_gland:0,FN,0
4.252084,-0.5940108,-0.65219116,-0.29338318,0.095326096,-0.32853085,0.4168926,-0.2722303,0.0917715,-0.7225526,1,chr1:16021228:gastroesophageal_sphincter:0,TP,1
3.9936528,-0.69484055,-0.4710012,-1.0854628,-0.028477645,-0.57616174,0.5403613,0.49281257,-0.07090038,0.3884246,0,chr21:5371727:transverse_colon:0,FP,1
-3.425073,-0.91589886,-0.06622179,0.8943387,-0.6506519,-0.04076332,0.14791083,0.10608733,-0.4834342,-0.3670991,0,chr7:1124092:tibial_artery:0,TN,0
-2.3005219,2.0163043,-1.716968,-0.27113298,0.8228044,0.49893063,0.39538652,-0.021666318,-0.12929608,0.37301645,0,chr12:108840694:thoracic_aorta:0,TN,0
-3.5852838,-1.3337718,0.7674084,-0.11071445,-0.41702694,-0.021084676,-0.92821765,0.50327986,-1.0102259,-0.65772843,0,chr20:43590553:gastroesophageal_sphincter:0,TN,0
-3.6054177,1.6643032,0.75302035,0.07481052,-0.4969019,-0.12684582,-0.5663894,-0.7163505,0.027109211,0.12733597,0,chr2:197498779:spleen:0,TN,0
-2.2624843,0.94121045,-0.78543544,1.3972054,-0.29835397,-0.46711245,1.3056713,0.7989358,0.44197553,-0.7806979,1,chr22:29137286:gastrocnemius_medialis:0,FN,0
4.910607,-0.41342896,-0.19156934,-0.58191776,-0.3306275,-0.12401721,0.4209677,-0.15879016,0.20924854,-0.02546629,1,chr17:21322681:gastrocnemius_medialis:0,TP,1
2.916766,1.2746035,-0.32974672,0.37230507,0.06335217,1.0869374,0.84439063,-0.038385138,0.46293703,0.18097718,1,chr14:65078334:esophagus_squamous_epithelium:0,TP,1
1.9159662,1.4563099,1.7359561,2.5106983,0.5095433,0.45015305,0.18980737,0.29090276,-0.14796145,-0.7094049,1,chr13:114130746:spleen:0,TP,1
-3.4328334,-1.8711073,1.5098158,-0.48942614,-0.24545918,0.024009384,0.016034307,-0.26024267,-0.48939922,0.35208198,0,chr12:71164667:body_of_pancreas:0,TN,0
-1.9736396,-2.0199814,-0.07085018,-1.2098951,-1.2405359,1.602079,-0.17145626,1.439417,-1.1102095,-0.9099696,0,chr2:29064038:esophagus_squamous_epithelium:0,TN,0
-2.8915498,-0.40567943,-2.1229455,1.2211088,-0.82769257,-0.21526974,-0.026644137,0.021307932,1.2032608,0.053167053,0,chr15:70099298:gastroesophageal_sphincter:0,TN,0
4.950358,-0.209447,0.16927212,0.096107475,-0.24555753,0.122719824,0.04719052,-0.28814924,0.40261248,-0.5669635,1,chr19:21585545:body_of_pancreas:0,TP,1
-3.2722685,0.0053349067,1.62152,-0.6998042,0.124436155,-0.6892187,-0.21151587,-0.7089237,-0.18399902,0.7679884,0,chr14:90301838:gastroesophageal_sphincter:0,TN,0
4.8159986,-0.23547833,0.28764486,0.4133544,-0.10711472,0.033230778,-0.50150114,-0.14691891,-0.046018474,-0.12649529,1,chr15:75348373:body_of_pancreas:0,TP,1
-3.0643191,-1.9423056,-0.6094499,0.68255734,0.39073434,0.38216978,0.19306956,0.4133368,-0.39177313,-0.16695222,0,chr17:17507047:gastrocnemius_medialis:0,TN,0
-0.88765264,-0.66123885,1.0935429,2.2612848,0.19809364,-0.11060376,-0.794418,-0.034325883,-0.5560515,0.8619822,1,chr3:37453118:gastroesophageal_sphincter:0,FN,0
-3.337279,-1.0229471,-0.06809364,-0.6485871,-1.2720298,0.17669484,0.072236344,1.3300916,-0.37038475,-0.6976113,0,chr10:113105729:gastrocnemius_medialis:0,TN,0
-3.86271,-0.7004154,-0.025533423,0.92503864,-0.060127553,-0.8023248,-0.38096938,-0.43578738,0.331445,-0.052034795,1,chr4:119455384:spleen:0,FN,0
-2.1906953,-1.4030424,2.275037,-0.27515295,0.40848148,-1.0818893,0.19825333,-0.27210924,-0.1020706,0.4351185,0,chr10:18147377:sigmoid_colon:0,TN,0
-3.6747212,-0.6365745,0.61841404,-0.48282522,0.15772592,-0.6870169,-0.20602378,0.13329124,0.11139824,-0.076510444,1,chr19:32363927:prostate_gland:0,FN,0
-1.0396919,0.18313833,0.19411309,2.0068333,0.9264593,-0.4017388,0.09862532,0.44204128,1.5338309,-0.1723471,0,chr6:33571087:tibial_artery:0,TN,0
-3.6893725,0.24202393,-0.6092386,-1.2293966,-0.028160648,0.7248182,-0.61425245,0.22817278,0.16311303,0.39992222,0,chr15:85408153:spleen:0,TN,0
3.782918,-2.1206288,-0.50330174,-0.57659405,0.21675634,0.3104574,-0.09592961,-0.66809416,0.15601908,0.15886985,1,chr5:126648869:transverse_colon:0,TP,1
-2.7705276,0.99243677,-1.9587275,-0.12055343,1.2215325,-0.29818383,-0.54074526,-0.047423817,-0.35473403,-0.32051706,0,chr7:5898317:esophagus_muscularis_mucosa:0,TN,0
2.2948308,-0.497217,-1.3568982,-0.87865454,1.3220594,0.09438121,0.4720428,-0.14723451,-0.16641746,0.49708784,0,chr8:17523303:gastrocnemius_medialis:0,FP,1
5.1385007,-0.6614187,-0.18141663,-0.65808165,-0.26172322,-0.50601923,0.30425608,0.021930393,-0.12228461,-0.039334755,1,chr3:75785531:transverse_colon:0,TP,1
4.682092,-0.26712617,-0.30755135,-0.28640833,-0.36129358,-0.30015767,-0.34643304,0.033461217,-0.11424538,0.0012447236,1,chr10:94403625:Peyers_patch:0,TP,1
-3.8751981,0.20650633,1.0028461,-0.51386696,-0.55578697,-0.5086746,-0.5358648,-0.40013662,0.10272148,0.49653628,1,chr2:28596648:sigmoid_colon:0,FN,0
-3.4483228,-0.8964043,0.69943184,-0.40809563,-0.6384939,-0.7424498,-0.2403182,0.35528058,0.43187734,-0.046391174,0,chr2:101043399:gastrocnemius_medialis:0,TN,0
-1.9132037,1.6328676,-1.2799121,-0.451749,0.32339573,0.6011785,0.28244463,0.23667088,0.06379743,0.6385702,0,chr6:32666333:esophagus_squamous_epithelium:0,TN,0
1.6020287,1.1654954,-1.0939261,-0.15773304,0.18185723,-0.29816204,0.7048034,0.5440042,0.26732707,0.16474068,0,chr22:45335848:suprapubic_skin:0,FP,1
-1.7805797,1.3150328,0.86685836,0.7037495,1.2001569,0.670246,-0.5336481,-0.18410772,0.8766599,0.21228138,0,chr2:167825541:gastrocnemius_medialis:0,TN,0
-1.9740481,1.4582864,0.18140085,-1.4501514,0.79944,0.5124492,0.33987498,-0.7136184,0.36593667,0.2552692,0,chr21:14593605:spleen:0,TN,0
-3.6883075,-0.749015,0.041731793,-0.9319677,-1.4264665,0.99393874,-0.50534505,-0.035098426,-0.6922832,-0.12732431,1,chr1:15524057:gastroesophageal_sphincter:0,FN,0
-3.2452104,-1.249835,0.031005286,-0.27938214,-0.87250704,-0.4499818,0.020938203,0.5996301,1.3901396,-0.1045053,0,chr2:55120688:esophagus_muscularis_mucosa:0,TN,0
-0.9641441,0.8689113,-1.5787498,-0.7611317,1.2340411,-0.037253205,-0.7062489,-0.6865154,-0.6545561,0.67000234,0,chr7:128537060:esophagus_squamous_epithelium:0,TN,0
4.742775,-0.10656327,-0.23526914,-0.33840024,-0.25466987,-0.030907523,0.041768465,-0.42111358,-0.09907001,-0.071540385,0,chr15:91868143:esophagus_muscularis_mucosa:0,FP,1
4.6132717,-0.32307684,0.14523226,0.21008,-0.15742709,0.2919781,-0.79506415,-0.23516263,0.1273857,-0.035551738,1,chr9:129437465:tibial_nerve:0,TP,1
-1.8924311,-2.28128,0.65884674,0.45607552,0.98234886,0.038033675,0.5768645,0.27233106,-0.5561472,0.026868675,0,chr4:7961500:transverse_colon:0,TN,0
-3.5185926,-0.72232777,0.40810695,-0.64177024,-0.74753064,-0.16143386,-0.17670316,-0.1986975,0.12037627,0.24208803,1,chr2:200744019:tibial_nerve:0,FN,0
4.5519524,-0.62461936,-0.81241965,-0.25820145,-0.08038521,-0.66558164,0.11685316,0.12729815,-0.14190055,0.021357741,1,chr6:31357175:gastroesophageal_sphincter:0,TP,1
-3.7656014,-0.44931427,1.2968712,-0.38443282,-0.70695144,-0.7276563,-0.4123394,-0.13927853,0.116099566,0.20381647,0,chr15:78019092:transverse_colon:0,TN,0
-1.8140647,2.487015,-1.4855984,0.00037759743,-0.30493134,0.10783791,0.4387162,0.5833594,0.76569337,0.8748556,1,chr12:94616594:prostate_gland:0,FN,0
5.007307,-0.4957488,0.16107194,-0.5198696,-0.3607249,-0.2561058,-0.13998595,-0.29372182,0.062095452,-0.44236702,1,chr15:77077935:esophagus_squamous_epithelium:0,TP,1
-3.4749985,1.3369577,-0.7787097,-1.237833,1.6361196,0.7225641,-1.1039501,-1.1753724,0.36749145,-0.08911481,1,chr12:120246128:tibial_nerve:0,FN,0
-3.2715178,-1.101687,-0.6635545,0.23370728,0.22812915,-0.6118481,1.1985345,-0.50667477,-0.69647855,-0.59579927,0,chr17:75640542:esophagus_squamous_epithelium:0,TN,0
-2.331359,-0.31315836,-2.3558795,0.28739205,-0.20071656,-0.5478495,-0.028813627,-0.13047583,-0.56863374,0.882532,1,chr19:53554522:esophagus_squamous_epithelium:0,FN,0
3.5035558,0.60697913,0.16669169,0.8080805,0.39697406,-0.24017012,0.80339545,0.17527506,-0.31049347,-0.049293797,0,chr5:170632222:spleen:0,FP,1
-2.9276543,0.8779075,-1.3166895,0.26139706,-1.6024066,0.41517395,0.472666,-0.20051903,-0.22596483,-0.74907917,1,chr17:63827363:suprapubic_skin:0,FN,0
4.8402424,0.20899254,-0.0936855,-0.30807877,-0.2937698,-0.23392224,0.44250324,-0.08160998,0.0009701213,-0.2721121,1,chr1:16513429:upper_lobe_of_left_lung:0,TP,1
5.095876,-0.64269584,0.15454704,-0.33746746,-0.1988656,0.07563742,-0.11977253,-0.341622,0.2837146,-0.43187293,1,chr19:18284052:transverse_colon:0,TP,1
-3.572619,-0.5752771,1.08279,0.03636772,-0.20617248,-0.15848556,0.32597837,-0.1273027,-0.26058745,-0.15488708,1,chr17:2062247:gastrocnemius_medialis:0,FN,0
4.684415,0.10906915,0.433337,0.58479357,-0.16829027,-0.03774808,-0.75703233,-0.20088197,-0.05552042,-0.022179298,1,chr19:55600444:transverse_colon:0,TP,1
4.3393703,-0.78102094,-0.008728882,-0.262923,0.31438082,0.25684363,-0.29048848,-0.4636723,0.15033641,-0.03032752,1,chr16:2835687:esophagus_squamous_epithelium:0,TP,1
-3.3425467,0.5536186,-1.5901526,0.6129416,-1.5372486,-0.06573394,-1.0063304,-1.2272484,-0.08910417,0.4641415,1,chr2:55050819:suprapubic_skin:0,FN,0
-1.3858849,-0.7416549,0.58404046,1.5140243,0.46568525,-0.51116484,1.0351235,0.31499454,-0.4986991,-0.09774089,1,chr9:136107309:spleen:0,FN,0
-2.6354904,-1.9740684,-0.68387514,-0.28072745,-0.05874098,-0.020519605,-0.009987454,0.83830935,0.79608303,-0.19634138,0,chr2:23553783:gastroesophageal_sphincter:0,TN,0
-2.465396,0.49588686,0.81900036,1.4988801,1.1113297,-0.21493152,0.8640441,-0.11741648,0.69542325,-0.18597586,0,chr1:30816745:sigmoid_colon:0,TN,0
-3.3329628,-0.9004656,0.01876329,-0.1756718,-0.7151486,-0.15441215,-0.2740983,1.604461,0.33706784,-0.5893319,1,chr10:79104771:sigmoid_colon:0,FN,0
5.0536184,-0.4414904,-0.16450207,-0.7546226,-0.29298797,-0.48551953,0.34430134,0.0005859908,0.061508723,-0.22198358,0,chr7:142451329:prostate_gland:0,FP,1
-2.278177,0.06482369,0.77326137,1.9022058,-0.16871266,-0.6797363,-0.42988303,0.5100104,-0.11616026,0.22258672,0,chr17:68457178:body_of_pancreas:0,TN,0
5.1182194,-0.61321706,0.08499741,-0.548681,-0.35588866,-0.070933126,0.105207555,-0.2263244,0.07221467,-0.38057122,1,chr22:16339427:gastroesophageal_sphincter:0,TP,1
2.0295646,0.79214555,-0.6991793,0.36370343,-0.48640412,0.6211081,-0.23159711,-0.69613194,-0.59702176,1.1129165,1,chr15:88542684:gastrocnemius_medialis:0,TP,1
3.2983844,0.49313554,-0.14081965,-0.23419997,0.80475086,-0.33197764,-0.35841966,0.107836545,-0.016456995,0.24483442,0,chr20:19885727:esophagus_squamous_epithelium:0,FP,1
5.236789,-0.7478577,-0.004560436,-0.34702188,-0.22988361,0.064740896,-0.04800623,-0.29183635,0.07381973,-0.08908776,1,chr12:42144537:Peyers_patch:0,TP,1
4.8160005,-0.23548165,0.28764457,0.41335303,-0.10711411,0.033231463,-0.5015009,-0.14691879,-0.04601834,-0.12649499,1,chr15:75348373:gastroesophageal_sphincter:0,TP,1
4.9577656,-0.29004452,0.017328953,-0.40472513,-0.09699051,-0.09456367,-0.029556192,-0.19941068,0.08467459,-0.2092447,1,chr17:63611132:spleen:0,TP,1
-3.5934381,0.86572284,1.0124705,-0.96333605,-0.68930197,-0.31329527,-0.004521604,-0.45289543,0.22486226,0.5632733,0,chr1:178864374:sigmoid_colon:0,TN,0
-0.8009196,-1.7664316,1.2106192,-0.27306488,0.72151476,1.0527967,0.88262653,-0.55007696,0.4811153,0.6945121,0,chr1:148923630:gastrocnemius_medialis:0,TN,0
-3.2281327,1.19715,-0.3213557,-1.5000558,-0.72550184,0.4659467,-0.06412554,-0.18781756,0.39412478,0.16775098,0,chr3:58388287:esophagus_squamous_epithelium:0,TN,0
-3.9935424,0.508735,1.4748502,0.015787324,-0.9383928,-0.69594926,0.23956192,-0.4684266,-0.18587996,0.18263264,0,chr4:30946091:stomach:0,TN,0
4.244874,-1.3388199,-0.62615013,-0.8191637,0.31876445,-0.45734623,0.379065,0.3865801,-0.36030504,0.84054005,1,chr22:43153641:spleen:0,TP,1
4.9455166,0.10719738,0.1531188,-0.27660117,-0.56506103,-0.121453725,-0.124056324,-0.24880242,0.12623714,-0.4662711,1,chr2:67906572:prostate_gland:0,TP,1
-3.8063524,1.6075819,-0.39785466,-1.0022607,0.28078693,0.42203975,-0.3879043,-0.0595695,0.6157222,0.44062525,1,chr19:51764307:spleen:0,FN,0
-2.8712156,-2.284628,1.4489102,-0.587248,-0.03813018,0.16666217,-0.2156377,-0.2620637,0.19808243,0.71939206,0,chr5:39526339:transverse_colon:0,TN,0
-2.3168101,0.73026276,2.0079753,0.45895213,0.49459705,-0.56010014,-0.02213585,0.50467557,1.2078571,-0.05035971,1,chr1:16895136:esophagus_muscularis_mucosa:0,FN,0
-2.8033152,-0.14553644,-0.90393484,0.8291843,-0.9785531,-0.12073115,0.36536285,0.39946693,0.7031775,0.3634305,0,chr1:12184971:sigmoid_colon:0,TN,0
-1.5640941,-0.6703864,-0.4338318,1.1843247,0.9565478,-0.4616018,0.77015305,0.6514102,0.76526546,-0.24965465,1,chr14:99560413:gastroesophageal_sphincter:0,FN,0
-3.6883075,-0.749015,0.041731793,-0.9319677,-1.4264665,0.99393874,-0.50534505,-0.035098426,-0.6922832,-0.12732431,1,chr1:15524057:body_of_pancreas:0,FN,0
-3.839864,0.867206,-0.6829068,-0.60027003,1.5748007,-0.3405972,-0.51720744,-0.37161627,-0.011457648,-0.5902615,0,chr12:50849195:gastrocnemius_medialis:0,TN,0
-3.738187,-1.0440089,-0.07396004,0.12195504,-0.56801856,-0.4557639,0.15020455,0.44754106,0.38526854,-0.6008455,0,chr16:2884172:spleen:0,TN,0
-2.3353212,-1.4319775,-0.10297493,0.59402096,-0.16129231,1.0986584,0.28588033,1.5574203,-0.5950799,-0.9444705,0,chr7:2607865:suprapubic_skin:0,TN,0
-2.5590446,2.0523782,-0.81138474,-0.72802854,0.7680987,0.08258726,-0.9970626,0.37145248,0.3784404,-0.34071386,0,chr20:41003030:spleen:0,TN,0
0.6781315,-1.3561485,-1.0334241,-0.56158423,0.66676664,-0.46175313,0.23514697,-0.3396512,0.18973967,-0.26393914,1,chr10:40700981:upper_lobe_of_left_lung:0,TP,1
5.069897,-0.10226622,0.031660352,-0.579474,-0.40147114,-0.3464444,0.22061506,-0.11921858,-0.07058559,-0.18798828,1,chr3:16366043:gastrocnemius_medialis:0,TP,1
-3.6142654,0.6730358,0.0665213,-1.520235,-1.5685112,0.36051175,-0.94240123,0.23331082,-0.27516267,0.15799785,0,chr10:11163755:tibial_nerve:0,TN,0
4.83767,0.37922296,0.43494794,0.18656942,-0.44335103,0.10789671,-0.5107313,-0.15731348,-0.012852642,-0.04166725,1,chr7:74657687:gastrocnemius_medialis:0,TP,1
-3.3238282,0.6303666,-0.38342863,-0.29186028,-0.13373433,-0.8317594,0.13829537,0.8451259,1.478103,0.3856392,0,chr14:61542887:thoracic_aorta:0,TN,0
4.799113,-0.44395176,-0.3153364,-0.79168063,-0.09473355,-0.36616373,0.30260015,-0.116750896,-0.096827686,-0.19622101,1,chr8:45502142:testis:0,TP,1
-2.3665664,-0.869534,1.41177,-0.181584,0.4923955,-0.75485295,0.64523125,-0.39009228,-0.39560968,-0.024973232,0,chr11:83410163:body_of_pancreas:0,TN,0
0.68230534,1.6778003,1.1425289,0.45892867,-0.08936416,0.19966938,0.39073023,-0.100131035,0.36799353,0.29300755,0,chr5:42433716:gastrocnemius_medialis:0,FP,1
-3.43032,-0.72269565,-0.71561617,0.34106562,-0.6426625,-0.38677648,0.9145095,0.18647082,1.0981854,-0.15983213,1,chr14:68819434:esophagus_muscularis_mucosa:0,FN,0
5.0578704,-0.6986577,-0.2046995,-0.73361284,-0.16345651,-0.5621331,0.1748974,-0.037756607,-0.16889884,-0.10104079,1,chr6:17600825:suprapubic_skin:0,TP,1
1.2285248,-0.33304214,-1.883723,0.6241262,1.2380251,-0.06407149,-0.6503339,1.0765698,-0.05900515,-0.16484186,1,chr15:41283615:testis:0,TP,1
-1.937177,-0.2551538,1.5109802,-0.6613657,0.9027275,0.40401325,-0.23477711,-0.8160244,0.38115972,0.8905097,1,chr18:76955269:stomach:0,FN,0
-3.0431206,-1.9822162,0.3821503,0.5055286,-0.5443252,-0.25396007,0.21308191,0.19006291,-0.99823886,-1.1298602,0,chr9:133348099:tibial_artery:0,TN,0
-3.8345797,-0.5156187,0.5395971,0.34586477,-0.2612256,-0.4913765,0.531881,-0.22252546,0.17237303,0.013135415,1,chr10:116691663:gastroesophageal_sphincter:0,FN,0
2.765495,-0.27017665,0.9026295,0.55838776,1.0195574,0.68205273,-0.34492186,-1.1436775,0.18404503,-0.16387635,0,chr17:42401523:gastrocnemius_medialis:0,FP,1
-1.0542042,3.558595,1.0180628,-0.46505535,-0.67486435,0.5921739,0.9251629,-0.43201298,-0.22235979,0.57336414,0,chr1:94979911:transverse_colon:0,FP,1
-2.2159586,0.6411573,0.38037318,-0.62852025,1.0571692,-0.30985478,-0.4195991,0.20035137,0.39450034,1.0516576,0,chr1:110870987:spleen:0,TN,0
4.842242,0.085814856,0.56807595,0.07606145,-0.16982587,0.12435799,-0.3211862,-0.2053135,0.030951686,-0.29328096,1,chr17:44980596:transverse_colon:0,TP,1
4.722139,0.07954428,0.16522238,0.31338271,-0.38916314,0.28954434,-0.59492326,0.021642508,0.014669358,0.23731643,1,chr11:121722769:body_of_pancreas:0,TP,1
0.18681702,0.70294297,1.7875267,0.66568923,0.47913027,0.7714747,-0.48210174,0.36086455,0.14994296,-0.014318756,1,chr2:157441592:upper_lobe_of_left_lung:0,TP,1
-3.7863708,0.36162758,0.6767181,-0.46456897,0.3907405,-0.17076315,0.0028048852,-0.19822045,0.7721637,0.40085205,0,chr12:104596690:sigmoid_colon:0,TN,0
5.078066,-0.03132366,0.15039213,-0.09037268,-0.5225561,0.025618678,-0.12836376,-0.13028403,0.022396088,-0.14386484,1,chr20:36461197:sigmoid_colon:0,TP,1
-1.5804337,1.2561909,-0.09172084,-0.08616128,1.1339208,-0.75199074,-0.49305108,0.59744763,-0.6375362,-0.40502357,1,chr17:16246843:transverse_colon:0,FN,0
-2.6479933,-1.8423916,-0.02272972,0.28958598,-0.05366354,-0.27948937,0.24100393,1.3122997,0.14455807,-0.8644642,1,chr14:100548080:spleen:0,FN,0
-3.291508,-0.3284989,1.1663258,-0.8289764,-0.85098755,-0.4092375,-0.73683405,0.682514,0.60365784,0.24719508,0,chr7:136326702:sigmoid_colon:0,TN,0
5.139875,-0.12757148,0.15171754,-0.41504726,-0.41770628,-0.01580291,-0.06365801,-0.05365649,0.03506528,-0.13656296,1,chr12:120710365:esophagus_squamous_epithelium:0,TP,1
-3.0805838,-0.24032852,-1.2094196,-0.667589,1.7582364,-0.16550091,-0.3293394,-0.6716627,-0.04396533,-0.79894334,1,chr14:71556654:spleen:0,FN,0
4.879453,-0.16122001,0.37223816,-0.08288364,-0.19359192,0.27799332,-0.34386894,-0.40062135,0.28842556,-0.5471598,1,chr3:71126854:thoracic_aorta:0,TP,1
-1.0400534,1.3880736,-0.076377146,-2.0666673,-1.0787659,1.4981736,0.2873592,0.7415307,-0.548029,-0.090102784,0,chr4:38856860:spleen:0,TN,0
3.9908142,-0.19723791,-0.23486394,0.043048892,-0.25225654,0.4314416,0.6911293,0.16609368,0.8084367,-0.35516128,1,chr22:24005821:sigmoid_colon:0,TP,1
5.1060104,-0.6234165,-0.10775183,-0.3750311,-0.06727945,-0.3344397,0.3284271,-0.19716182,-0.121301815,-0.24471325,1,chr9:129438310:prostate_gland:0,TP,1
-1.7251174,-0.20019536,-2.0792809,-0.42898342,1.6496608,-0.7109296,0.024249103,1.1222184,0.5449739,0.09579487,0,chr9:113558541:esophagus_muscularis_mucosa:0,TN,0
5.183122,-0.3525483,0.10902623,-0.2673822,-0.3626202,-0.0057192533,-0.18019374,-0.16598508,0.0155134825,-0.05963866,1,chr15:74541160:gastroesophageal_sphincter:0,TP,1
-3.8114426,1.2157261,0.5342307,-1.2562472,-0.15136042,-0.5110462,-0.23680697,-0.03722597,0.1665256,-0.37276477,0,chr12:95718654:spleen:0,TN,0
4.6725545,-0.38728923,-0.49314764,-0.46540788,-0.15751353,-0.65223944,0.61981016,0.13139504,-0.24467853,0.17098184,1,chr11:22193356:sigmoid_colon:0,TP,1
4.4439087,0.43837208,0.75276345,-0.2656018,0.14671026,-0.2699958,-0.218322,-0.018097574,0.35364562,-0.32183886,1,chr4:85612202:esophagus_squamous_epithelium:0,TP,1
2.609423,-0.5743514,-0.11692281,-0.45744538,1.1107498,-0.5103158,0.68114537,0.812127,-1.2486172,1.837584,1,chr1:21935424:spleen:0,TP,1
-3.3252323,-0.82308453,-2.0271952,1.0456109,-0.6798009,0.14982165,-0.470041,-0.5227241,0.62535405,-0.021344459,1,chr14:70642224:gastrocnemius_medialis:0,FN,0
-1.3399682,0.2417733,-0.5716697,0.12278366,0.06719011,0.793441,-0.25479737,1.5748435,-0.8383063,1.0809592,0,chr4:38318219:gastrocnemius_medialis:0,TN,0
-4.055741,0.42152432,-0.10157612,0.016555775,-0.3485185,0.020790143,0.7857496,0.44976205,-0.18187724,-0.2915196,0,chr3:127762852:gastroesophageal_sphincter:0,TN,0
-3.1740718,-0.72064656,1.2397867,-0.06915303,0.3056852,0.063450135,0.44602826,-0.055207316,1.0412338,0.44957697,1,chr10:47382219:gastrocnemius_medialis:0,FN,0
-3.0850923,0.3082269,1.642484,0.38531214,0.9851961,0.254179,-0.16536143,-0.21173717,-0.22258723,0.14287876,1,chr19:36053072:sigmoid_colon:0,FN,0
-3.6957073,0.8869883,0.25642708,-1.159375,-1.3421751,-0.6104285,0.01958944,-0.16535878,-0.022161812,0.09146916,1,chr10:76445312:gastrocnemius_medialis:0,FN,0
5.1385007,-0.6614187,-0.18141663,-0.65808165,-0.26172322,-0.50601923,0.30425608,0.021930393,-0.12228461,-0.039334755,1,chr3:75785531:gastrocnemius_medialis:0,TP,1
-3.4841197,-1.3788726,-1.378453,0.10492291,-1.0731294,-0.29322043,0.038659964,-0.66652685,0.9307926,-0.060778067,1,chr1:53889972:body_of_pancreas:0,FN,0
-2.8075325,-1.3426675,-2.32515,0.9641146,-0.6117572,0.3465706,-0.22630773,-0.7113381,-0.00740267,0.32340023,1,chr7:129779672:spleen:0,FN,0
-3.6032073,-1.1467755,0.62179214,-1.0699416,-0.9909896,0.27042398,-0.6395261,0.63612646,0.04892435,-0.33273822,0,chr19:20051590:spleen:0,TN,0
-2.9588754,-2.7073448,1.8541807,-0.32096925,0.04834142,0.015992336,-0.10513639,0.51451826,-0.5398837,-0.24091053,1,chr11:34652854:esophagus_squamous_epithelium:0,FN,0
-3.2881935,-0.039121505,-1.5080804,0.20550261,1.2465419,0.079352856,-0.2065471,-0.6599065,-0.05254551,-0.49073473,1,chr2:113704164:transverse_colon:0,FN,0
4.6228156,-0.80268174,-0.51338464,-0.25172538,0.21655245,-0.2325378,0.59413666,-0.32675856,-0.21203303,-0.06140035,1,chr7:100950092:gastrocnemius_medialis:0,TP,1
5.1182194,-0.61321706,0.08499741,-0.548681,-0.35588866,-0.070933126,0.105207555,-0.2263244,0.07221467,-0.38057122,1,chr22:16339427:spleen:0,TP,1
-3.0693524,-0.97902554,2.036405,-0.132287,0.26033542,-0.74553734,0.36374024,-0.5804282,0.15264156,0.71699584,0,chr11:74991073:gastrocnemius_medialis:0,TN,0
-4.353863,0.71845347,-0.40145358,0.27856678,-1.1150938,-0.44777253,-0.2022401,-1.0358045,-0.060079,-0.18600047,0,chr2:216013284:esophagus_squamous_epithelium:0,TN,0
1.6233168,1.7483478,-0.9340032,0.73938674,0.062617436,0.67417455,0.88647,0.2837876,0.35055116,-0.27296796,0,chr3:184567820:transverse_colon:0,FP,1
0.19625203,1.5951946,-0.8550171,0.5156965,0.63659537,0.7417552,0.032616757,-0.7043127,0.7804321,-0.8775143,1,chr19:7347926:spleen:0,TP,1
-3.0640903,-0.30447415,-0.08781946,-0.040926438,0.31675434,0.1988724,-0.20006827,0.4281942,0.03377538,0.39914164,1,chr8:140791547:sigmoid_colon:0,FN,0
-2.9767263,0.17501315,-0.9776432,0.9313411,-0.7132198,-0.715601,0.63241965,-0.036557976,0.22319672,0.1438562,0,chr19:1262039:tibial_nerve:0,TN,0
5.016012,-0.22789063,-0.2511128,-0.7397048,-0.21840566,-0.5923965,0.4554174,0.17084974,-0.21090727,0.042481013,1,chr9:129438198:prostate_gland:0,TP,1
-2.3807797,-1.6833078,1.8856461,-0.565965,0.0687807,0.0694208,0.517921,-0.8254001,0.5058561,0.77542937,1,chr11:60498529:spleen:0,FN,0
-3.38765,-1.5155172,1.6021488,-0.015211753,0.19518936,-0.72736514,0.2049467,0.646429,-0.624598,-0.70260656,1,chr16:10121126:thoracic_aorta:0,FN,0
-1.0162005,-1.0578951,-1.7515184,1.2600638,-0.24042141,0.5358911,0.009731613,0.41025117,-0.821113,0.1427943,0,chr9:17135435:tibial_artery:0,TN,0
-3.417008,-0.91500616,1.6504223,-1.0188986,-0.4329473,0.042222433,-0.18935043,0.4599207,-0.43157753,-0.040985405,0,chr12:101562531:gastrocnemius_medialis:0,TN,0
5.0567484,-0.227073,0.2108739,-0.35809028,-0.43563566,-0.07494236,-0.10790399,-0.3146096,0.12214299,-0.50702167,1,chr4:160356292:stomach:0,TP,1
4.5379195,-0.6389527,-0.42028114,-0.60128057,-0.0063154884,-0.2856903,0.4003405,-0.38075194,-0.18194027,-0.13792679,1,chr9:27690787:body_of_pancreas:0,TP,1
-3.932661,-0.2234617,-0.29247895,0.3582925,-1.0042093,-0.4520432,-0.65435904,-0.019437077,0.72798127,0.19681308,0,chr12:51218763:prostate_gland:0,TN,0
5.0796056,-0.7227574,-0.18135728,-0.72264457,-0.23450752,-0.5397789,0.19477354,-0.04774105,-0.12108392,-0.07715678,1,chr6:17600812:spleen:0,TP,1
-2.7277386,-2.1173286,0.9469889,-0.59557045,-0.32314265,0.41316968,0.016848547,0.4820983,0.60837764,0.18498981,1,chr12:108691258:thoracic_aorta:0,FN,0
-1.6625663,-0.81654865,1.0150405,1.649105,1.139133,-0.38497442,0.6210888,1.2366872,0.50456727,-0.48243758,0,chr15:76176739:suprapubic_skin:0,TN,0
4.9825106,0.17261279,0.37808183,-0.20016934,-0.38054368,0.1200414,-0.24507087,-0.17608832,0.09570217,-0.34085917,1,chr17:78356295:gastroesophageal_sphincter:0,TP,1
-4.0243616,0.54456145,0.4915218,-0.09706541,0.03550346,-0.8846546,0.6578142,-0.1517415,-0.2555306,-0.18758671,0,chr16:53093933:esophagus_muscularis_mucosa:0,TN,0
4.217538,-0.49853295,-0.006877381,-0.5988477,-0.23884037,0.13247529,0.0031447748,-0.35395747,0.5955993,-0.627173,0,chr2:69789889:body_of_pancreas:0,FP,1
3.9504573,0.92103136,0.77731496,1.2322284,-0.11937733,-0.1447383,-0.534435,0.091729365,-0.040316615,0.24803038,1,chr2:60550564:spleen:0,TP,1
0.48578072,1.0972922,0.9757565,-0.64238703,0.3823338,0.8868317,-0.048563186,0.728069,0.86551267,0.41706538,0,chr11:26846346:esophagus_muscularis_mucosa:0,FP,1
2.824461,-0.5025289,-0.5160143,-0.020517105,0.7264483,-0.2149699,1.1509199,-0.098635495,0.055775173,-0.05341295,0,chr21:5356930:spleen:0,FP,1
5.122896,-0.47151017,-0.118333094,-0.58288246,-0.2520678,-0.30175474,0.42257273,-0.046209265,-0.029467512,-0.15238135,1,chr3:75785609:stomach:0,TP,1
4.545967,-0.15105896,0.054371376,-0.03040583,0.14664453,0.040518213,-0.4916958,-0.07333919,0.12436268,-0.2623132,0,chr6:36359428:testis:0,FP,1
1.3691317,-0.73332125,0.20921938,0.31835386,2.388139,0.8365366,-0.39837936,-1.4045349,-0.64255404,-0.5441857,1,chr20:3810780:testis:0,TP,1
5.0692368,-0.74862236,0.22183332,-0.6120367,-0.14824848,-0.06250813,-0.3630293,-0.12272756,0.08186972,-0.04006824,1,chr19:34307817:gastrocnemius_medialis:0,TP,1
2.6836088,1.1428677,-0.5296137,0.7573066,0.017328633,0.3076044,0.572851,0.43009898,-0.19376798,0.086003825,0,chr22:19942585:suprapubic_skin:0,FP,1
3.6418724,-0.3555897,-0.7398705,0.5544653,0.50889146,-0.4213015,0.1380219,0.39967594,-0.34490135,0.49230766,0,chr6:116279289:spleen:0,FP,1
-4.3096128,1.0538614,-0.7137265,-1.2444962,0.852023,0.4450902,-0.8645183,-0.24310695,0.18541028,-0.082148656,0,chr3:149131475:tibial_nerve:0,TN,0
4.684415,0.10906915,0.433337,0.58479357,-0.16829027,-0.03774808,-0.75703233,-0.20088197,-0.05552042,-0.022179298,1,chr19:55600444:esophagus_squamous_epithelium:0,TP,1
-3.17037,0.48541856,0.08747758,-0.32755113,0.8072058,-0.82615507,0.30326378,0.89957386,-0.37254754,0.022687508,1,chr16:16028978:transverse_colon:0,FN,0
-3.7205925,-0.85582685,0.37932265,0.37174374,-0.80698603,-0.6804246,-0.06741385,-0.1268896,0.12448323,-0.16301097,0,chr3:195031011:spleen:0,TN,0
4.8165746,0.15625262,0.37131265,-0.23295048,-0.17809816,0.22785573,-0.54939383,-0.08525173,-0.016979652,-0.23032455,1,chr3:103094197:transverse_colon:0,TP,1
-3.8612783,-0.31090868,1.1665437,-0.4928753,-0.23836397,-0.6553181,0.2609267,-0.380162,-0.19864081,0.35657528,0,chr9:4833959:stomach:0,TN,0
1.5139445,1.5344934,1.286975,1.2380593,0.104408115,-0.21770379,-0.8722017,0.35433286,-0.014762414,-0.65922344,1,chr18:55586134:esophagus_muscularis_mucosa:0,TP,1
4.9825106,0.17261279,0.37808183,-0.20016934,-0.38054368,0.1200414,-0.24507087,-0.17608832,0.09570217,-0.34085917,1,chr17:78356295:esophagus_squamous_epithelium:0,TP,1
4.8660946,0.0609326,0.20102297,0.06349114,-0.4043776,-0.040115632,-0.44102722,0.080856405,-0.009370288,-0.14404447,1,chr5:80654888:esophagus_muscularis_mucosa:0,TP,1
-3.852504,-0.28050622,1.36099,-0.32721034,0.5145033,-0.38009337,-0.45103723,-0.22556189,0.3111961,0.27053103,0,chr5:115710212:tibial_nerve:0,TN,0
-3.905365,0.6599751,1.3951914,-0.63280594,-0.8687913,-0.607821,-0.13453917,0.00483186,-0.42063078,0.24827188,0,chr17:31319013:esophagus_squamous_epithelium:0,TN,0
-0.1576462,4.2374935,0.5863161,0.71551293,-0.41394907,0.81033003,1.8476652,-0.3049785,0.05427675,-0.300975,0,chr1:207845021:spleen:0,FP,1
-3.4038746,1.6038034,-0.106526315,0.71287274,1.3139329,-0.13723022,-0.55791754,-0.5678653,0.038424786,-0.58541304,0,chr22:17641039:gastrocnemius_medialis:0,TN,0
1.479435,0.7603424,0.47258046,1.2970014,-0.3300728,0.1337772,-1.3229773,0.8224405,0.4346211,0.41894066,0,chr13:32031949:gastrocnemius_medialis:0,FP,1
3.9504561,0.9210329,0.7773149,1.2322285,-0.119378746,-0.14473887,-0.5344354,0.09173036,-0.040316038,0.24803184,1,chr2:60550564:esophagus_squamous_epithelium:0,TP,1
-3.1466703,3.1877332,-0.7325985,-1.1533282,-0.06395346,0.5105449,0.029498436,0.1803402,0.51396894,-0.32783327,0,chr12:15208780:tibial_artery:0,TN,0
3.7529638,0.6235412,1.5899072,0.88501763,0.012029947,0.12343569,-0.29739195,0.2964239,0.0022767228,-0.27497864,1,chr2:174635542:spleen:0,TP,1
-2.627946,0.37954795,0.97762036,0.65114003,0.61983377,-0.6371306,0.0736236,0.2543259,0.36409104,-0.40258282,1,chr2:15043541:sigmoid_colon:0,FN,0
-3.5210307,0.29410625,0.11511232,0.46892855,-0.17037295,0.12987743,0.6693932,-0.6847928,0.72478205,0.69563615,0,chr5:80135195:spleen:0,TN,0
-2.3222544,1.3229587,-1.5676024,-0.35569263,0.17501125,-0.6670655,0.060760774,0.45185992,0.3983488,-0.88753647,1,chr13:73531346:gastrocnemius_medialis:0,FN,0
4.7561736,0.2037608,-0.06928441,-0.48376137,-0.18815471,-0.4720667,-0.009342643,-0.17024408,-0.053820375,-0.340784,1,chr19:1037681:spleen:0,TP,1
-2.6530967,-1.5966829,0.7226966,-1.2513442,-0.13555361,0.36459497,-0.23628397,0.46257207,0.7772303,0.31518075,0,chr16:15855517:tibial_artery:0,TN,0
-3.1553128,-0.8740797,1.8196582,0.09472082,0.32623515,0.044161826,-0.29077265,-0.10303142,0.039267905,0.3535664,0,chr10:6470678:gastrocnemius_medialis:0,TN,0
-3.2748127,-1.7187124,0.9472003,0.08305009,0.022307357,-0.547585,0.013655015,-0.1312334,0.3214382,-0.05447769,0,chr6:52566486:gastrocnemius_medialis:0,TN,0
-3.9035292,-0.6363401,-0.31745982,-0.21759705,-0.92264855,-0.03640896,0.17721272,-0.47337723,-1.4344689,-0.82302773,0,chr1:826892:spleen:0,TN,0
-2.260138,1.0019212,-0.9765495,-0.9856927,0.9753119,1.2261726,0.004125989,-0.2955839,0.0027664872,0.31402346,0,chr12:109464498:spleen:0,TN,0
-4.4834623,2.3461585,-1.0473989,-0.7937972,-0.34905425,-0.16442372,-0.34119204,-0.021983232,-0.11880947,-0.3813582,0,chr20:21302796:body_of_pancreas:0,TN,0
-3.6382997,1.4810094,1.0752032,-0.22760293,-0.7986076,-0.69142514,-0.1863716,0.2759565,0.3225214,0.3791773,0,chr15:85011424:spleen:0,TN,0
-2.679968,-2.2995224,2.034866,0.15509476,0.6456044,-1.1037899,0.26870325,-0.46466234,-0.14675416,-0.0822158,1,chr3:119631141:esophagus_squamous_epithelium:0,FN,0
-3.1902642,-1.0300786,-0.73217934,0.055279348,-0.3604526,-0.3162867,-0.030985478,0.441293,1.7704046,0.0807109,1,chr1:33274253:spleen:0,FN,0
3.1466687,-0.09870315,-0.8717786,-0.8193854,0.52212226,-0.6667084,0.3302689,1.6536555,0.08757483,2.1723382,1,chr1:21935425:esophagus_squamous_epithelium:0,TP,1
-3.3922517,-0.9841595,1.5238235,0.15612486,1.0225712,-0.36218187,0.7015531,-0.6732138,-0.44003278,-0.20215476,1,chr1:160255805:gastrocnemius_medialis:0,FN,0
-2.8983576,-0.3101588,-0.77802926,0.055496424,-0.87466824,-0.030475404,-0.2704199,0.22161609,0.7083298,0.41251042,1,chr16:31351931:spleen:0,FN,0
-2.6921482,-2.2322352,1.9338092,0.0048096306,0.79335433,0.056270123,0.17200337,-0.508654,-0.28939223,0.31227487,0,chr8:17798436:esophagus_muscularis_mucosa:0,TN,0
1.8257335,2.0623195,1.3769068,0.39234313,0.43306953,-0.41922614,-0.58947414,0.15935488,0.2476806,-1.0166043,0,chr2:12466182:gastrocnemius_medialis:0,FP,1
-3.2417915,-0.6875797,-2.0570445,0.5195098,-0.5595942,-0.64411134,-0.037333723,-1.0037813,-0.2812629,-0.27286667,1,chr15:83011534:gastroesophageal_sphincter:0,FN,0
3.5812588,-1.1323485,-0.96038073,-1.2819769,0.59332323,-0.5427739,0.5652576,-0.017228317,-0.20527326,0.69680965,1,chr2:203964838:tibial_artery:0,TP,1
-3.7942436,2.225462,1.182561,-0.20326032,-0.05696672,-0.6025634,0.37166625,-0.15245342,-0.042393245,0.43934485,1,chr18:31233973:body_of_pancreas:0,FN,0
2.1791105,-0.16629086,0.44822764,-0.17418405,0.95491725,-1.1199389,0.79512954,-0.194143,-0.032823518,-0.9350976,0,chr20:29891789:prostate_gland:0,FP,1
-4.1778708,2.1723254,0.6739187,-1.1000302,0.045276973,-0.10799696,-0.6071171,0.050600275,0.18700345,-0.18400648,0,chr22:30421380:transverse_colon:0,TN,0
5.0962825,-0.37090883,0.00022480158,-0.2609019,-0.3035092,-0.016517315,0.22266485,-0.2461746,0.064108185,-0.21474881,1,chr3:16366385:tibial_nerve:0,TP,1
2.4149683,-0.2906528,-0.30668515,-0.07024522,0.8768795,0.2978394,0.6643104,-0.45234644,-0.19637401,0.18298502,0,chr21:5337062:thyroid_gland:0,FP,1
4.570441,-0.7763094,-0.3613668,-0.26680258,0.18920128,0.25496003,0.6998985,0.0014672168,0.32694662,-0.25486386,1,chr17:82233469:gastrocnemius_medialis:0,TP,1
-4.0180907,0.4757579,-0.51323354,-0.8577515,-0.28017005,1.0506892,-0.18197359,0.6439596,-0.50376046,-0.014498071,0,chr19:16112798:transverse_colon:0,TN,0
3.5445948,0.71375066,0.10737317,0.22035816,0.46995792,-0.6534618,0.72950983,0.21553203,0.21290189,-0.39956814,0,chr2:126666989:body_of_pancreas:0,FP,1
-4.024586,0.8267267,-0.41376474,-0.110434525,-0.642935,-0.345813,-0.7697547,0.0804475,-0.5034982,-0.33302867,0,chr1:167715485:sigmoid_colon:0,TN,0
-0.8217058,0.035884324,-1.8011787,0.019226277,0.6984121,-0.07677382,-0.36035636,1.2745613,-0.9411382,0.90262556,0,chr11:8683980:esophagus_squamous_epithelium:0,TN,0
-0.37803763,-1.1795862,-1.612106,0.8934925,-0.1932032,0.44560105,0.3309946,-0.22777802,0.40442562,0.4412753,0,chr3:101574831:esophagus_squamous_epithelium:0,FP,1
4.7632127,0.34055015,0.007455978,0.76524323,-0.40609473,0.12527846,-0.13712011,-0.13172613,0.12734702,-0.13171478,1,chr7:30284569:Peyers_patch:0,TP,1
-3.2289033,1.016192,-0.1420114,-1.2945794,0.023044882,0.5385024,-0.52579844,-0.0037461182,0.39597148,-0.4342596,0,chr2:121718131:gastrocnemius_medialis:0,TN,0
-3.303667,-0.3241577,0.047953058,0.27449447,1.2109067,0.1055224,-0.033559684,0.67725366,0.007659084,-0.5856193,0,chr11:43992921:spleen:0,TN,0
4.8402424,0.20899254,-0.0936855,-0.30807877,-0.2937698,-0.23392224,0.44250324,-0.08160998,0.0009701213,-0.2721121,1,chr1:16513429:sigmoid_colon:0,TP,1
5.0640974,-0.46743548,-0.094198294,-0.8112499,-0.47911945,-0.3830984,0.2576999,-0.078685656,0.020451834,-0.16325326,1,chr17:43360579:testis:0,TP,1
-2.9690146,-0.7193772,-0.39708447,-0.41614586,-0.6278652,0.5733507,-0.2626525,-0.5271139,-0.403894,0.24820548,0,chr19:37210671:body_of_pancreas:0,TN,0
-4.021391,1.4263618,-0.27164602,-1.2176105,1.2160654,0.08676293,-0.23403764,-0.7202713,0.021090113,-0.2576348,0,chr5:7404273:gastrocnemius_medialis:0,TN,0
-3.1017835,-1.8941256,1.0320004,0.15185986,-0.3659521,0.71048176,0.8867831,-0.13420875,-1.2676511,-0.4406656,0,chr19:30450649:spleen:0,TN,0
-3.4715168,0.9310957,0.8602965,-1.7307796,-1.1613243,-0.054635927,-0.36835444,0.4046396,0.03545836,0.01608497,0,chr4:26754479:gastrocnemius_medialis:0,TN,0
-2.3609538,-3.0286655,0.92698395,-0.3167252,-0.05519119,0.9678449,0.96421355,0.36995563,-0.52786803,-0.008982057,0,chr7:42176955:esophagus_muscularis_mucosa:0,TN,0
-0.9204549,-0.6611259,-1.8034322,2.1047292,0.08817822,-0.4163111,0.28194052,-0.46189427,-0.5831146,0.28968704,0,chr6:168441432:tibial_artery:0,TN,0
-2.6060913,-0.5812154,-1.9215053,1.502684,-0.12275209,-0.48593137,0.33574727,0.08980704,-0.80957896,-0.6185835,0,chr19:57192000:upper_lobe_of_left_lung:0,TN,0
4.0612826,0.2468246,0.3268195,0.99651444,0.1249432,0.021924589,-0.07084089,-0.016872343,0.10223556,0.000764877,1,chr8:144062764:gastrocnemius_medialis:0,TP,1
-3.3072371,0.5937818,1.8351333,-0.6004279,-0.41738674,-0.20809488,0.3260701,-0.16384752,-1.3795412,0.13722375,0,chr8:60911642:gastrocnemius_medialis:0,TN,0
-3.5524175,-1.9149733,-1.3545007,1.1178625,-0.66385937,0.26822725,0.045960248,-1.1215295,-0.53983617,0.16271305,0,chr19:38770329:spleen:0,TN,0
4.6465163,-0.5379431,-0.47033313,0.57860583,-0.061667487,-0.103532575,-0.19248545,-0.36306486,0.12534857,-0.07753458,1,chr2:178451029:tibial_nerve:0,TP,1
-3.1444569,-1.0899756,-0.688916,1.6244546,-0.022944544,-0.48476493,0.80366844,0.25942308,0.25335804,-0.7540514,0,chr22:17171570:sigmoid_colon:0,TN,0
1.6641564,-1.8489271,-0.6015536,-0.3627321,0.820357,-0.7837226,-0.008191188,0.6858191,-0.111437954,1.215539,1,chr5:6606693:gastrocnemius_medialis:0,TP,1
4.9816427,-0.18588865,0.093839884,-0.6080755,-0.4838337,-0.17259765,0.24214105,-0.12984534,-0.0051645455,-0.20068513,1,chr3:34208835:gastroesophageal_sphincter:0,TP,1
3.5332673,0.714294,0.17006533,-0.691634,0.111277685,-0.20851466,-0.17647563,0.15114278,-0.3947775,0.061177727,0,chr3:56996899:body_of_pancreas:0,FP,1
3.105005,-1.2441014,-0.4866573,-0.932794,0.8465227,-0.65879685,0.13326629,0.09179895,0.40421578,-0.421397,1,chr4:51023823:gastrocnemius_medialis:0,TP,1
4.9515147,0.20415609,0.423968,0.0009982638,-0.23676354,0.08866287,-0.15531175,-0.13653621,0.21248344,-0.4267411,1,chr6:30683949:gastrocnemius_medialis:0,TP,1
5.0186143,-0.59313923,-0.04582909,-0.53011334,0.06449583,-0.2382984,-0.0054161074,0.25416002,-0.17339374,0.44361988,1,chr6:99516089:gastroesophageal_sphincter:0,TP,1
-3.7776828,0.48720914,0.10332011,0.70196885,0.63134795,-0.6770881,-0.11941304,-0.38072878,0.10476421,-0.08821949,0,chr19:11084353:transverse_colon:0,TN,0
-4.2496953,0.97914803,1.2151027,-0.3591601,-0.97499007,-0.9986465,-0.09087465,-0.495344,-0.5760573,-0.14666437,0,chr3:183253016:prostate_gland:0,TN,0
-1.3765093,-1.8294635,0.64582515,-1.4458034,-0.47637665,1.32581,0.305862,0.6807706,0.264503,0.75165105,0,chr1:183026097:sigmoid_colon:0,TN,0
-1.0692471,-3.6781175,-0.47448644,1.582217,0.39665848,0.9379346,0.5529846,0.3684383,-0.4805462,-0.46602994,0,chr19:797703:gastroesophageal_sphincter:0,TN,0
-3.1163592,1.1986581,-0.5650181,-0.80300254,1.0048102,0.40473643,0.48497817,0.07935384,0.27575,0.2701738,1,chr11:102727725:spleen:0,FN,0
-3.4962182,-1.0429901,0.9906422,-0.89776903,-1.4954937,0.4111284,-0.31826356,0.5028056,-0.5454706,-0.17860743,0,chr3:196754899:transverse_colon:0,TN,0
-0.80714697,0.8697132,2.4519627,1.1959459,1.3929896,-0.4418098,0.028118536,-0.3801825,0.29427102,0.1957633,1,chr17:75527786:transverse_colon:0,TP,1
-2.0630808,0.6597369,-2.2174258,1.2053379,-1.1945508,1.0403993,0.599661,-0.0056634853,-1.189011,-0.23490527,1,chr10:32347408:spleen:0,FN,0
-3.6824775,-0.73315674,0.26185668,-0.66394454,1.464555,0.43120897,0.16760676,-0.22309974,-1.0916661,-0.14174764,0,chr7:71272641:sigmoid_colon:0,TN,0
-2.9634185,-2.481263,-0.74867356,1.2251656,-0.49554875,0.32685885,0.8624595,-0.96131754,-1.1857371,-0.086219706,0,chr6:159727315:tibial_nerve:0,TN,0
-1.7967315,0.010290454,0.13950454,1.8646132,0.318067,0.121935435,0.16245362,0.70095485,-0.40152675,0.5424472,1,chr10:11877358:esophagus_squamous_epithelium:0,FN,0
-2.9412787,0.705322,1.0918133,-0.5588742,-0.39143282,0.04172507,0.06323468,0.8179065,-0.21592373,0.1611297,1,chr2:149169307:esophagus_squamous_epithelium:0,FN,0
-4.3417854,-0.18915066,0.018262362,-0.6829839,0.7350529,-0.5825846,-0.59689534,0.23784421,-0.058513217,-0.861292,0,chr5:43662131:gastrocnemius_medialis:0,TN,0
-4.213141,0.4826937,0.047503006,0.077890754,-0.8706073,-0.36724854,0.2562755,-0.46615747,-0.44152582,-0.07531176,1,chr1:13544470:gastrocnemius_medialis:0,FN,0
4.399958,-0.6176208,-0.2354477,-1.3396306,-0.19722387,-0.5892227,0.3732519,-0.37001032,0.007454347,-0.41818318,1,chr5:127014561:transverse_colon:0,TP,1
-1.9002258,-0.16347896,-2.4427648,1.1104851,-0.027041502,-0.7439917,0.89529693,0.7814297,0.85980195,-0.84106433,0,chr16:70693036:stomach:0,TN,0
-4.0371056,-0.09598037,0.49253416,0.044325348,-0.74470687,-0.79243475,-0.5785032,0.020109043,-0.75738585,-0.5780572,0,chr18:12947483:transverse_colon:0,TN,0
-3.0353885,-0.50003004,2.450937,-0.644905,-0.1258275,-0.294573,0.35575756,-0.46723297,-0.7375999,0.3777845,0,chr4:137533446:esophagus_squamous_epithelium:0,TN,0
-2.846976,2.3620338,0.29859984,0.047436442,0.5507675,-0.0638655,0.0072663757,0.9187694,0.3143093,0.13378626,0,chr9:93245319:body_of_pancreas:0,TN,0
-3.82424,1.4015783,1.0870553,-0.671919,-1.2961655,-0.752197,0.45124307,-0.41324565,-0.21616842,0.14995268,0,chr12:11812262:tibial_nerve:0,TN,0
-3.5741544,0.381854,-1.0022846,-0.62935823,0.22976953,-0.5794638,-0.47955173,0.35910732,1.0231173,-0.090827495,0,chr19:38545370:gastrocnemius_medialis:0,TN,0
1.6558543,-0.092187144,-1.4942726,-0.60874856,1.0600308,-0.4781093,0.33240032,-0.20089188,-0.051346287,-0.07525349,0,chr15:45654884:transverse_colon:0,FP,1
1.4868252,2.1383288,0.67807585,-0.7759358,-1.1333534,0.85934776,0.7873535,0.28786954,-0.22574842,0.6315042,0,chr1:86430269:suprapubic_skin:0,FP,1
-3.1604016,-1.822858,1.3138099,-0.08591731,-0.40520746,0.25529498,-0.10018916,0.80549955,-0.36637214,-0.2851024,0,chr12:5499857:transverse_colon:0,TN,0
4.6465163,-0.5379431,-0.47033313,0.57860583,-0.061667487,-0.103532575,-0.19248545,-0.36306486,0.12534857,-0.07753458,1,chr2:178451029:transverse_colon:0,TP,1
-3.3296275,2.1645222,0.65323627,-0.663087,0.5181273,-0.7874584,-0.07073488,0.08025475,-0.20045172,0.48549104,0,chr4:76081638:gastrocnemius_medialis:0,TN,0
-3.6182282,0.48799223,-0.66406894,-0.64596486,1.2773899,0.58018684,-0.16000494,-0.33741552,-1.0702066,-0.11469603,0,chr6:13713426:sigmoid_colon:0,TN,0
-2.147872,-0.3480203,2.2256994,-0.2510932,0.08889049,-0.15743247,1.0500777,-0.146658,-0.03946447,0.34131885,0,chr10:63644550:gastrocnemius_medialis:0,TN,0
-0.9325474,-1.6343117,0.85123247,0.92753226,0.66737676,0.16660848,0.5092684,0.07511408,-0.35671195,0.5546699,0,chr7:106065637:sigmoid_colon:0,TN,0
-3.714353,-0.827366,0.73906606,0.21276541,-0.56011474,-0.23286952,-0.05158329,-0.40140292,-0.60679096,-0.3595488,0,chr2:96739702:thoracic_aorta:0,TN,0
4.5379195,-0.6389527,-0.42028114,-0.60128057,-0.0063154884,-0.2856903,0.4003405,-0.38075194,-0.18194027,-0.13792679,1,chr9:27690787:transverse_colon:0,TP,1
-3.567634,-0.6626713,1.301247,-0.58801126,-0.41880846,-0.36416754,0.056473557,-0.12845363,-0.38188338,-0.26049137,0,chr9:35492531:gastroesophageal_sphincter:0,TN,0
-4.0971303,0.49441952,-1.3100067,-1.236458,1.306461,-0.22602955,-0.81803095,-0.5205313,0.08799331,-0.9038278,0,chr6:13575900:spleen:0,TN,0
-3.1751559,-1.0587902,1.5961292,-0.64401656,-0.4178504,-0.8572656,0.2803981,-0.19541597,-0.17303963,-0.06818381,0,chr3:21944398:gastroesophageal_sphincter:0,TN,0
3.8041492,-0.048738323,0.38752183,1.27505,-0.39912862,0.02068092,-1.2923269,-0.10414258,0.12527888,0.588622,1,chr19:12946073:stomach:0,TP,1
3.4835055,-0.7504702,-0.6797799,-0.9171175,0.37236977,-0.7039559,0.42377862,-0.036799442,-0.38347808,-0.24580422,1,chr14:30690596:body_of_pancreas:0,TP,1
-3.8665235,-1.0553979,-0.27047795,0.6758721,-0.10668139,-0.14641517,0.30141002,-0.8780354,-0.59920406,-0.5920695,0,chr20:62862183:tibial_nerve:0,TN,0
-3.3827605,0.9874768,-0.7564352,-0.89076966,-1.194161,0.7165531,0.3301131,-0.25224826,0.7131832,0.17973538,0,chr2:33475868:suprapubic_skin:0,TN,0
-2.3301897,0.18529828,-0.9958013,1.2827009,0.71051735,-0.19294879,1.3324043,-0.043353572,-0.46550938,-0.58821493,1,chr11:1870722:gastrocnemius_medialis:0,FN,0
0.9811961,0.9159932,2.2467573,1.1857667,0.4234446,0.38499776,-0.7941332,1.2271326,-1.0615772,-0.6174327,1,chr3:156605692:gastrocnemius_medialis:0,TP,1
5.2630115,-0.6366254,0.046044093,-0.4792325,-0.34481475,-0.12709416,-0.11297346,-0.18492004,-0.049525753,-0.16482988,1,chr12:42144490:thoracic_aorta:0,TP,1
-3.760571,-1.4076363,-1.7857708,0.09425727,-1.1521002,-0.1562382,-0.6534178,-0.9199686,-0.036383387,0.0517652,1,chr17:18363533:spleen:0,FN,0
-0.55311537,-4.568818,0.4184132,-0.783709,-0.09700021,0.7935363,0.62794226,-0.2774007,1.5508611,0.58949596,0,chr6:157671021:esophagus_muscularis_mucosa:0,TN,0
-0.925008,1.8106817,0.36145395,0.2662682,-0.33352914,-0.004596728,0.5072835,-0.08969512,-0.7620104,-0.68607885,1,chr11:8978900:spleen:0,FN,0
-3.3989875,0.46679848,-0.21344313,-0.9130443,-0.9086427,0.47835326,-0.3976417,0.9492144,0.2564127,-0.16470084,0,chr7:150786148:body_of_pancreas:0,TN,0
4.5430093,0.74635375,0.57524997,0.4302894,-0.27606636,0.35133874,-0.8543697,-0.090656854,0.06706245,-0.25715443,1,chr9:129437018:prostate_gland:0,TP,1
-0.39162615,2.0671654,1.1051906,1.2363204,-0.34093404,0.37403485,0.04926574,0.68938893,-0.08319206,0.17246398,0,chr16:84302970:sigmoid_colon:0,FP,1
0.9119657,-0.52854437,-0.38333386,1.19817,0.7009259,-0.21454626,-0.7098094,-0.7368745,-0.9445063,0.39909655,0,chr8:30156242:Peyers_patch:0,FP,1
-1.5235068,1.5454862,-0.63581026,-0.32569104,1.1304389,-0.6917158,-0.5629999,0.7045482,-0.36674395,0.274278,1,chr6:161434078:body_of_pancreas:0,FN,0
-3.8300087,-0.6732225,0.31851298,0.07769941,-0.36627418,-0.04124828,-0.2690824,1.094224,-0.1977024,-0.6306026,0,chr6:157239639:gastrocnemius_medialis:0,TN,0
-2.7119427,-2.4410858,1.4058303,-0.70238227,-0.4433192,0.26829934,-0.08023246,0.84756327,-1.1986179,-0.7309845,0,chr8:125637679:transverse_colon:0,TN,0
-3.0810602,0.6479402,0.39600906,-0.9359027,-0.34706715,1.2176342,-0.109420985,-0.5753273,0.116036065,0.85374624,0,chr3:11845590:tibial_nerve:0,TN,0
-3.8265314,0.2987537,-0.9159382,-0.86279726,0.8609742,0.86352694,-0.2841502,0.6046806,-0.01976551,-1.048537,0,chr10:3851181:sigmoid_colon:0,TN,0
4.682092,-0.26712617,-0.30755135,-0.28640833,-0.36129358,-0.30015767,-0.34643304,0.033461217,-0.11424538,0.0012447236,1,chr10:94403625:suprapubic_skin:0,TP,1
3.4835055,-0.7504702,-0.6797799,-0.9171175,0.37236977,-0.7039559,0.42377862,-0.036799442,-0.38347808,-0.24580422,0,chr14:30690596:prostate_gland:0,FP,1
5.101234,-0.3706786,0.27498662,-0.25018066,-0.16434896,0.13748765,-0.096852526,-0.022109617,0.1851778,-0.06490905,1,chr6:169251833:esophagus_squamous_epithelium:0,TP,1
-4.39253,-0.15555716,-0.23366278,-0.028065471,-1.253727,-0.15472615,-0.7068506,-0.77229714,-0.23393886,0.09648995,0,chr6:116571062:prostate_gland:0,TN,0
-2.513538,1.8178138,0.7718427,-0.31650147,0.7985733,0.5647966,1.1978068,-0.70028687,-0.03322912,0.7806929,1,chr13:35713235:sigmoid_colon:0,FN,0
5.1522937,-0.5061601,-0.02423897,-0.35713375,-0.29306942,-0.13991755,-0.09230678,-0.17284228,-0.020585338,-0.2128144,1,chr11:47642410:upper_lobe_of_left_lung:0,TP,1
-2.5931058,2.1198626,-0.40945426,-1.6240641,-0.58506614,0.19944869,0.3384321,-0.18327229,-0.041741814,-0.1363156,0,chr3:135213238:gastrocnemius_medialis:0,TN,0
-2.7908964,1.3594713,1.6541092,0.55143344,0.29241157,-0.9403272,-0.93909,0.6559466,0.4561255,-0.15201609,0,chr19:7425334:Peyers_patch:0,TN,0
-2.7264178,-0.79239786,-0.3970789,-0.093980916,-1.4530026,0.10053702,0.024563154,0.9618681,-0.1633127,-0.38606897,1,chr4:86936369:sigmoid_colon:0,FN,0
4.68317,0.49763075,0.5625778,0.48770168,-0.11907583,0.021484138,-0.490656,-0.08192087,0.041763145,-0.2493287,1,chr17:42112573:esophagus_muscularis_mucosa:0,TP,1
-3.3566885,-0.9050969,0.8222321,-0.29142648,-0.54429626,-0.33116388,-0.012364978,0.31762558,-0.32473984,0.16724962,0,chr1:225816669:esophagus_squamous_epithelium:0,TN,0
5.0041127,-0.31467953,0.06587418,-0.4234091,-0.01682539,0.09845078,-0.330259,-0.10044989,-0.037930086,-0.088421896,0,chr17:29736750:gastrocnemius_medialis:0,FP,1
3.9526215,0.6381943,-0.39654285,-0.9482002,0.15916322,-0.8440987,0.45257455,0.5623094,-0.26225755,0.23921467,1,chr9:43171166:gastrocnemius_medialis:0,TP,1
-2.9401026,0.5225257,-2.10838,0.42894238,1.0600094,0.3083353,0.42963585,0.48077634,-0.24579097,-0.62837994,0,chr19:1883547:gastrocnemius_medialis:0,TN,0
2.4085534,-0.59130543,-1.9355152,1.0271691,-0.432528,0.015750576,0.14610171,-0.20421383,-0.9769681,1.3751616,1,chr17:45585041:gastrocnemius_medialis:0,TP,1
-3.831366,0.42962515,-1.8537598,0.65352213,-0.9973798,-0.51033336,0.35798755,0.031563047,0.34143332,-0.42995664,0,chr8:141285279:prostate_gland:0,TN,0
-1.9132037,1.6328676,-1.2799121,-0.451749,0.32339573,0.6011785,0.28244463,0.23667088,0.06379743,0.6385702,0,chr6:32666333:upper_lobe_of_left_lung:0,TN,0
4.529337,0.14374892,-0.56680244,-0.5444585,-0.12671533,-0.6204863,0.38674757,0.02177129,-0.0587254,0.21183716,1,chr15:61655494:gastrocnemius_medialis:0,TP,1
2.4347732,0.18992949,-1.742381,1.4464065,-0.37786734,-0.105566114,-0.13656338,0.745966,-0.3404306,0.6775991,0,chr12:118371788:prostate_gland:0,FP,1
-2.316812,0.73026705,2.0079753,0.4589516,0.4945964,-0.5601002,-0.022136154,0.5046757,1.2078543,-0.050360743,1,chr1:16895136:sigmoid_colon:0,FN,0
-3.0342839,-0.714586,1.3252891,-0.68142974,-0.44883227,-0.4188287,-0.11189842,-0.34807175,0.4453495,0.22856252,0,chr13:45333602:spleen:0,TN,0
-3.8036015,-0.23873535,-1.5720634,0.5366009,-1.3057142,0.07254926,-0.84132373,-0.700071,-0.3270865,0.42314047,0,chr15:96354776:tibial_artery:0,TN,0
-3.0394664,-0.7216363,-0.6976393,-0.9300852,-0.004070033,1.0559703,-0.80335253,1.0797207,-0.020178728,-0.7795484,1,chr17:2374769:gastrocnemius_medialis:0,FN,0
5.153505,-0.6558609,-0.015948646,-0.5516727,-0.26214436,-0.2503342,0.11617277,-0.1655216,0.020091845,-0.18185969,1,chr6:17600871:esophagus_muscularis_mucosa:0,TP,1
-3.5578701,-0.62663424,0.1570996,-0.6216138,-0.50302535,-0.22309299,-0.29453224,-0.001632395,0.025416745,0.18558142,0,chr17:5422824:esophagus_squamous_epithelium:0,TN,0
4.8294225,-0.28387347,0.267278,0.3501328,-0.2565871,0.10213799,-0.5629376,-0.30984372,0.10111842,-0.20558108,1,chr9:129437494:prostate_gland:0,TP,1
-0.64516383,0.80724263,1.0214984,0.69809794,1.1536217,-0.5301829,0.49946696,0.11533853,0.14197224,-0.63333035,0,chr14:54447298:Peyers_patch:0,FP,1
-3.908612,1.1863759,0.9833171,-0.6487445,0.7491955,-0.33597362,0.107883915,-0.42673036,-0.024908574,-0.009691856,0,chr17:4230823:esophagus_squamous_epithelium:0,TN,0
0.1868095,0.7029368,1.7875273,0.665687,0.47913128,0.7714771,-0.48210058,0.3608663,0.1499426,-0.014317414,1,chr2:157441592:stomach:0,TP,1
-3.2565243,-0.6735636,-2.156342,0.5517346,-1.0262249,-0.305081,-0.016333876,-1.0908111,0.21070124,-0.12583305,0,chr6:135497758:tibial_nerve:0,TN,0
4.68317,0.49763075,0.5625778,0.48770168,-0.11907583,0.021484138,-0.490656,-0.08192087,0.041763145,-0.2493287,1,chr17:42112573:spleen:0,TP,1
-1.7951267,1.0060618,-1.1378381,0.9738686,-0.39044255,0.2568287,-0.51391506,0.007155775,0.61613023,0.28455883,0,chr17:77390149:tibial_nerve:0,TN,0
4.9276185,0.050483637,0.3515112,-0.06250808,-0.3005908,0.099904805,0.0005571844,-0.07684476,0.070073195,-0.5209045,1,chr12:49664927:gastrocnemius_medialis:0,TP,1
-3.4175603,-0.050441924,0.91042954,-0.6231562,-0.7844048,-0.18529834,-0.5212782,-0.10790381,0.7199994,0.3571102,0,chr4:83011896:transverse_colon:0,TN,0
-3.4610958,0.30010685,-0.76346636,1.713431,-0.9407083,-0.21882327,-0.24324821,-0.063737474,0.36934438,0.17247953,0,chr2:43225946:gastroesophageal_sphincter:0,TN,0
5.1522937,-0.5061601,-0.02423897,-0.35713375,-0.29306942,-0.13991755,-0.09230678,-0.17284228,-0.020585338,-0.2128144,1,chr11:47642410:gastrocnemius_medialis:0,TP,1
4.6725545,-0.38728923,-0.49314764,-0.46540788,-0.15751353,-0.65223944,0.61981016,0.13139504,-0.24467853,0.17098184,1,chr11:22193356:prostate_gland:0,TP,1
-2.6079514,1.9349997,-0.31668442,0.41653475,0.4452812,1.1353612,0.66861904,-0.07298087,0.33217087,-0.2490873,0,chr11:75720840:transverse_colon:0,TN,0
-3.8953907,0.41609278,0.813002,-0.41118452,-1.0632888,-0.5927287,0.10420364,-0.21375106,0.46388626,-0.04280353,0,chr1:181063018:spleen:0,TN,0
-4.505758,0.113451734,-1.2670454,-0.7369764,1.3111994,-0.02685643,-0.40990698,-0.5854323,0.14964029,-0.8124815,0,chr4:52995417:body_of_pancreas:0,TN,0
-1.9213828,0.90076643,-1.1833392,1.8637024,-0.34308296,0.62190986,0.2235109,-0.7587515,-0.5487318,1.0681866,1,chr2:223944373:stomach:0,FN,0
0.44105825,1.3826689,0.2438525,0.72931,0.76658326,-0.5960283,0.6078084,-0.6368222,-0.086985,-1.1545346,0,chr6:17581845:sigmoid_colon:0,FP,1
5.0536184,-0.4414904,-0.16450207,-0.7546226,-0.29298797,-0.48551953,0.34430134,0.0005859908,0.061508723,-0.22198358,1,chr7:142451329:transverse_colon:0,TP,1
-3.5851343,-1.1931015,-0.6680219,0.68568003,-0.56705624,-0.3881754,0.9166399,-0.5098822,0.022938773,-0.49778077,0,chr14:24036866:esophagus_muscularis_mucosa:0,TN,0
-1.2864636,-0.8540926,1.8279266,0.1298793,0.8687969,0.4328577,-0.30973575,0.5554445,0.6395016,0.7359579,0,chr3:124973006:Peyers_patch:0,TN,0
-3.4354608,-0.44484112,-0.5618205,-0.7621288,0.67345697,-0.31021294,-0.7521661,0.8521707,1.7533389,0.005547211,1,chr6:32626692:spleen:0,FN,0
-0.6730948,-0.1441247,0.25323784,0.85196733,0.62272274,0.8580921,0.23779157,0.44256654,-0.03866614,0.5784632,0,chr19:35068719:prostate_gland:0,TN,0
5.122896,-0.47151017,-0.118333094,-0.58288246,-0.2520678,-0.30175474,0.42257273,-0.046209265,-0.029467512,-0.15238135,1,chr3:75785609:body_of_pancreas:0,TP,1
-2.1421738,-2.113098,-1.8607383,1.3773277,0.0032839193,-0.17117499,-0.62061924,-0.2322987,-0.76679647,0.38156235,1,chr6:117482982:body_of_pancreas:0,FN,0
-3.8144162,-0.45859686,-0.08571499,0.8703772,0.20168352,-0.72456896,-0.057889212,-0.38488248,0.41328907,0.1328684,0,chr11:2097629:transverse_colon:0,TN,0
-3.280662,-0.25439543,1.9157944,-0.98887825,0.18680543,-0.02407189,-0.095932975,-0.016625661,0.14076163,0.64771885,0,chr4:38889551:suprapubic_skin:0,TN,0
4.3982944,0.45762974,0.70544755,0.94370973,-0.016401066,0.12432231,-0.68399626,-0.076683186,-0.060591467,-0.08442384,1,chr11:625252:transverse_colon:0,TP,1
-1.2556971,-1.4955024,0.30997077,-1.110442,-0.51686144,0.9725796,-0.48006263,1.2862595,1.1062641,0.1750959,1,chr2:109225305:spleen:0,FN,0
-1.7694175,0.4693363,-1.7439935,1.9249303,-0.85154164,0.05594156,0.20594648,0.28248423,-0.268055,0.6295062,0,chr10:43436778:testis:0,TN,0
3.4708922,1.2572675,0.5019755,0.047459897,-0.6018183,0.63077724,0.16586648,-0.15631515,-0.042897534,-0.02558312,1,chr2:235511878:transverse_colon:0,TP,1
-1.908438,1.2741928,-2.129268,-0.06951997,0.2586864,-0.09144502,-0.16244286,0.18975458,-0.88878155,1.1303761,0,chr11:68316759:gastroesophageal_sphincter:0,TN,0
3.4557378,0.07486814,-0.7607089,-1.00605,0.7948814,-0.2837437,0.02216019,-0.06672987,-0.09241499,0.5557618,1,chr19:43679424:Peyers_patch:0,TP,1
2.5546513,1.1319942,0.64935553,1.7651316,0.6197717,-0.62620324,0.06282473,0.4425103,-0.21560387,-0.04517308,1,chr6:29942999:sigmoid_colon:0,TP,1
1.9159662,1.4563099,1.7359561,2.5106983,0.5095433,0.45015305,0.18980737,0.29090276,-0.14796145,-0.7094049,1,chr13:114130746:tibial_nerve:0,TP,1
-1.4984026,-1.6368252,0.12917249,0.8368967,0.8887699,0.28559977,0.6025912,-0.79270995,-0.95192385,-1.0968506,0,chr5:173301404:spleen:0,TN,0
-2.2767315,-2.5343425,0.94023824,-1.0240376,-0.40031895,0.69663924,0.039709724,-0.26874557,0.5801309,1.1632371,0,chr1:202017295:transverse_colon:0,TN,0
-0.8369585,1.2762214,0.09788994,-0.76868004,0.23757449,0.95518684,0.062880374,0.21575317,0.10257883,1.3818132,0,chr20:50484177:body_of_pancreas:0,TN,0
-3.6867409,-0.16607597,1.3242486,-0.476928,-0.8455085,-0.3934867,-0.17366493,-0.24224135,-0.3551024,0.4803079,0,chr3:191356411:esophagus_squamous_epithelium:0,TN,0
5.0796056,-0.7227574,-0.18135728,-0.72264457,-0.23450752,-0.5397789,0.19477354,-0.04774105,-0.12108392,-0.07715678,1,chr6:17600812:gastroesophageal_sphincter:0,TP,1
-2.9839263,-1.7198628,-0.2163558,-1.0295401,-1.041273,0.812481,0.30528793,0.46212265,0.16080292,-0.045996927,0,chr8:66519870:tibial_artery:0,TN,0
1.3691317,-0.73332125,0.20921938,0.31835386,2.388139,0.8365366,-0.39837936,-1.4045349,-0.64255404,-0.5441857,1,chr20:3810780:prostate_gland:0,TP,1
-2.0112464,-1.2112267,-1.2167823,1.2749363,0.866502,-0.08101718,1.0181193,0.5581198,0.73053116,-0.59860754,0,chr21:46097597:spleen:0,TN,0
-2.0996518,-0.8486665,0.81642836,1.1917465,0.68281883,-0.7692414,1.5599352,0.16116819,0.15823287,-0.07859246,1,chr17:21404976:gastrocnemius_medialis:0,FN,0
-3.3161733,-0.9015501,1.306085,-0.5082761,-0.6706857,0.3785507,0.37745363,-0.26674086,-1.2877657,0.11254642,0,chr11:112164001:tibial_nerve:0,TN,0
5.236789,-0.74785364,-0.0045602275,-0.34702247,-0.2298851,0.064738646,-0.04800649,-0.29183555,0.0738192,-0.089091346,1,chr12:42144537:thoracic_aorta:0,TP,1
-3.3224525,-1.767625,-1.4957409,0.6573374,-1.0793486,-0.2923493,-0.53348947,-1.0099993,0.6378798,0.08386942,0,chr17:50866573:esophagus_squamous_epithelium:0,TN,0
-2.733368,-0.10573842,0.36925465,-0.5040051,-0.08651848,0.44834995,-0.44197538,1.0593354,-0.11908535,-0.16485527,0,chr11:130584877:tibial_nerve:0,TN,0
-3.6262453,-0.89528465,0.049498145,-0.56837523,-0.6993913,-0.41070876,0.5029933,-0.761189,-0.37006256,-0.22566232,0,chr1:33364811:spleen:0,TN,0
-3.0159802,-1.6690302,-1.9679371,0.28107417,-0.33274084,0.124679476,-0.838568,-0.66005915,0.15980059,0.7710757,0,chr16:57486601:gastrocnemius_medialis:0,TN,0
-2.9690146,-0.7193772,-0.39708447,-0.41614586,-0.6278652,0.5733507,-0.2626525,-0.5271139,-0.403894,0.24820548,0,chr19:37210671:prostate_gland:0,TN,0
2.2850804,0.14873356,-1.0428876,-0.13883108,0.5227185,-0.44839203,0.21425259,1.156788,-0.995078,0.9951141,0,chr17:7133514:spleen:0,FP,1
-1.744624,-0.42973167,0.18203188,0.13718407,-0.5239749,1.2257382,0.5546734,0.36106652,0.20711368,-0.14259012,1,chr11:2301791:spleen:0,FN,0
-3.2732246,0.053522915,-2.0941014,0.3004705,0.22172183,0.3098397,0.008808574,-0.037077665,-0.042115126,0.12675446,0,chr19:40689663:sigmoid_colon:0,TN,0
-1.9002508,1.5351743,-0.4137759,1.4044025,0.13540466,0.007687493,1.0977771,0.8151224,0.5014863,-0.23212014,1,chr8:141126864:transverse_colon:0,FN,0
-1.4873482,0.768245,-1.0803283,0.603587,0.22644618,0.20328036,0.7280431,1.1389112,-0.23470774,-0.48387018,1,chr17:21422266:transverse_colon:0,FN,0
0.9811961,0.9159932,2.2467573,1.1857667,0.4234446,0.38499776,-0.7941332,1.2271326,-1.0615772,-0.6174327,1,chr3:156605692:spleen:0,TP,1
-2.4773295,0.28007683,0.80741626,-0.038378395,1.3432438,0.37510732,-0.19095485,-0.7290751,0.34339073,-0.17195156,0,chr15:63073112:sigmoid_colon:0,TN,0
-2.8091366,-1.2284659,0.8901563,-1.5058303,-0.6327029,0.45805368,-0.6816086,-0.16644432,0.33178347,0.44329023,0,chr7:113873556:gastrocnemius_medialis:0,TN,0
5.0186143,-0.59313923,-0.04582909,-0.53011334,0.06449583,-0.2382984,-0.0054161074,0.25416002,-0.17339374,0.44361988,1,chr6:99516089:prostate_gland:0,TP,1
-3.1192381,-0.13253613,0.978249,-0.11906816,1.0225366,-0.17911728,-0.0992749,-0.26935938,-0.1620138,-0.15267561,0,chr7:134804679:sigmoid_colon:0,TN,0
-3.464902,-0.8268977,-1.8970801,1.0800866,-0.8115895,-0.75749594,-0.512332,-0.5018685,0.5132393,0.12193803,0,chr6:159727859:testis:0,TN,0
-1.9686776,-1.4557676,-0.73710394,0.8225183,0.28358924,0.30929673,-0.34451663,0.5382608,0.95914495,-0.11522837,0,chr7:975770:body_of_pancreas:0,TN,0
5.236789,-0.74785364,-0.0045602275,-0.34702247,-0.2298851,0.064738646,-0.04800649,-0.29183555,0.0738192,-0.089091346,1,chr12:42144537:suprapubic_skin:0,TP,1
-2.1500268,1.1477054,-1.4737742,1.155311,0.4515326,0.12800013,0.91272753,-0.08932538,0.7503724,0.36056474,0,chr17:2060723:transverse_colon:0,TN,0
4.7632127,0.34055015,0.007455978,0.76524323,-0.40609473,0.12527846,-0.13712011,-0.13172613,0.12734702,-0.13171478,1,chr7:30284569:spleen:0,TP,1
-3.0682647,-1.675563,0.39237586,0.5283918,0.40950024,0.6243769,0.61832654,0.34320134,0.11675906,-0.41700223,1,chr5:14251663:gastrocnemius_medialis:0,FN,0
4.9825106,0.17261279,0.37808183,-0.20016934,-0.38054368,0.1200414,-0.24507087,-0.17608832,0.09570217,-0.34085917,1,chr17:78356295:stomach:0,TP,1
1.2285248,-0.33304214,-1.883723,0.6241262,1.2380251,-0.06407149,-0.6503339,1.0765698,-0.05900515,-0.16484186,1,chr15:41283615:prostate_gland:0,TP,1
-1.4783643,-1.9376625,-2.7609487,1.3720287,-0.20729613,-0.009901749,0.35238808,0.11508941,1.2231472,-0.14430027,1,chr8:22109377:gastrocnemius_medialis:0,FN,0
0.67041314,0.5264127,-1.1208673,0.24175417,1.4258693,-0.61353946,-0.5662163,0.14852545,-0.45969698,-0.57383955,1,chr17:32310780:gastroesophageal_sphincter:0,TP,1
3.4615076,-0.24748679,-1.1427367,0.7148552,0.09836994,-0.18068035,1.3771367,0.03698289,-0.003400204,0.44939318,1,chr11:827992:spleen:0,TP,1
-2.9929743,1.0586447,-0.5914393,0.32787254,0.46800828,0.75997216,-0.39494118,1.24861,-0.38704908,-0.41273344,1,chr17:82685306:gastrocnemius_medialis:0,FN,0
-4.0439644,0.7768036,0.42787758,0.10836317,-1.3575522,-0.9853926,-0.027758174,-0.36706942,0.12822656,-0.05969088,0,chr16:88119682:gastrocnemius_medialis:0,TN,0
-4.086603,0.6379331,-1.2908752,0.019131524,-1.4878037,-0.26599178,-0.4937256,-1.3459035,-0.16192292,-0.21980843,0,chr1:161314506:upper_lobe_of_left_lung:0,TN,0
3.1151135,0.8407749,1.354373,1.6423694,-0.06981841,-0.011465018,-0.9763798,0.2596062,0.16689955,0.49659485,0,chr14:100305542:tibial_artery:0,FP,1
-3.6010692,-0.4426433,1.1994745,-0.14600167,-0.27296236,-0.92992145,-0.14010629,-0.009512952,0.16116767,0.11840276,0,chr5:95816788:gastrocnemius_medialis:0,TN,0
-3.2018752,-1.3377246,1.0051191,-0.75337875,-0.59052444,0.82426614,-0.4604196,0.9734444,-0.9256919,-0.47194535,0,chr17:8479880:suprapubic_skin:0,TN,0
4.4865227,0.6039344,0.0053799325,0.40869853,-0.35512567,0.07147658,-0.50462794,0.5730805,-0.07770562,0.47149518,1,chr2:131492789:tibial_nerve:0,TP,1
-2.7189784,-0.97825986,1.4845212,-1.2866594,-0.0041296477,1.0224017,0.14945197,0.17331591,-0.89665794,-0.16026473,0,chr5:88886208:esophagus_squamous_epithelium:0,TN,0
-3.4673648,-0.65229666,1.4471226,-0.7406945,-0.9332268,0.12582566,0.029598765,-0.49617642,-0.2149298,0.7241243,0,chr2:159099062:prostate_gland:0,TN,0
4.497266,0.7177603,0.5886759,0.036077805,-0.12347811,0.31513482,0.10907091,-0.26109004,0.24508606,-0.46035454,1,chr6:32588080:gastrocnemius_medialis:0,TP,1
4.799113,-0.44395176,-0.3153364,-0.79168063,-0.09473355,-0.36616373,0.30260015,-0.116750896,-0.096827686,-0.19622101,1,chr8:45502142:transverse_colon:0,TP,1
-3.4468184,-0.07321699,-0.3193211,0.6687472,-0.48465455,-0.45961022,1.0622734,-0.33090943,-0.848888,-0.8707691,0,chr22:50289491:stomach:0,TN,0
-0.8854686,-1.4156343,-1.2103127,1.15775,0.8530739,-0.153318,0.28876647,0.39670143,1.4437345,0.09131365,1,chr6:41780524:gastroesophageal_sphincter:0,FN,0
-3.3085506,-0.018782757,0.23850785,-1.051366,-1.1236962,-0.66302985,-0.7994826,-0.08364449,0.5031358,-0.052760486,0,chr8:141265701:esophagus_muscularis_mucosa:0,TN,0
0.1868095,0.7029368,1.7875273,0.665687,0.47913128,0.7714771,-0.48210058,0.3608663,0.1499426,-0.014317414,1,chr2:157441592:body_of_pancreas:0,TP,1
-3.4321518,-1.0617169,1.5739135,-0.23991083,-0.69014734,0.16677019,0.50137204,-0.4832984,-1.09342,0.27186656,0,chr13:30371794:body_of_pancreas:0,TN,0
-4.4977245,-0.34678066,-0.6972508,-0.8482672,0.5965727,-0.057251073,-0.54683185,-0.01905341,-0.4449665,-1.0738375,0,chr15:100601690:body_of_pancreas:0,TN,0
4.8402424,0.20899254,-0.0936855,-0.30807877,-0.2937698,-0.23392224,0.44250324,-0.08160998,0.0009701213,-0.2721121,1,chr1:16513429:prostate_gland:0,TP,1
4.8637795,-0.262115,-0.22745652,-0.5124433,0.068433784,-0.2574222,0.2889763,-0.10883076,0.023498507,0.046732657,1,chr9:129442831:transverse_colon:0,TP,1
4.603194,-0.5252409,0.023867317,0.14558738,0.22811437,0.18515527,0.124980256,-0.24955389,0.20907174,0.019284094,1,chr15:90098530:Peyers_patch:0,TP,1
4.2324743,-0.00611044,-0.12506989,0.22075011,0.13414991,0.5976142,0.61840457,0.47777283,0.3527336,-0.016883913,0,chr2:219475801:tibial_artery:0,FP,1
-2.9783711,-0.29937193,-0.88800615,2.0193279,-0.19542111,-0.8027844,-0.51502734,-0.38520238,-0.44721267,0.27044874,0,chr17:29566874:sigmoid_colon:0,TN,0
0.39249703,-1.1365706,-0.30317873,-0.90428174,1.3308762,0.95531744,0.28205037,0.31296572,1.5378044,0.07459625,0,chr13:97404363:gastrocnemius_medialis:0,FP,1
-1.2847989,0.7828936,1.492059,-1.2967479,0.13659553,0.10782154,-0.011896793,-1.1106153,0.2110125,0.32881597,1,chr5:110736795:Peyers_patch:0,FN,0
-1.8164222,-0.81790614,1.3482574,0.5587537,1.7682673,0.1552897,-0.7134972,0.40712023,-0.56596243,-0.9353639,0,chr11:114079017:thyroid_gland:0,TN,0
-3.347038,0.41492078,0.8506795,-1.2396244,-0.4841915,0.04501751,-0.06600358,-0.5059912,-0.25263843,0.68818283,0,chr8:108468073:sigmoid_colon:0,TN,0
-3.5290003,1.2474983,-0.9303879,1.7705246,-0.71175873,-0.56749064,-0.07680325,-0.49842784,-0.5668989,-0.057826698,0,chr11:6319638:body_of_pancreas:0,TN,0
-4.240481,0.60759,0.31277606,-0.34750578,0.26437676,0.06863719,-0.7332109,-0.25634077,-0.09041217,-0.2062521,0,chr1:24151317:transverse_colon:0,TN,0
4.6465163,-0.5379431,-0.47033313,0.57860583,-0.061667487,-0.103532575,-0.19248545,-0.36306486,0.12534857,-0.07753458,1,chr2:178451029:testis:0,TP,1
0.055994857,-1.991777,-0.18474363,-1.1027298,0.643823,1.6041002,0.7777109,-0.97451717,0.682834,1.1019471,0,chr9:111896126:body_of_pancreas:0,FP,1
-0.370351,1.0333765,0.297162,-0.43137187,0.9538086,0.8415322,0.73855186,-1.1169609,0.083080575,0.6555552,0,chr6:133578536:gastrocnemius_medialis:0,FP,1
-2.813694,0.4037421,0.44802365,0.49897537,1.804671,0.10290672,0.40710694,-0.08139121,-0.06534725,-0.8194166,1,chr7:8132842:spleen:0,FN,0
-2.9176953,1.2137696,-0.7317813,-0.3774993,1.0220973,0.020793233,-0.15549693,0.09196246,0.9117749,0.7990501,0,chr1:43767254:esophagus_squamous_epithelium:0,TN,0
-3.8751981,0.20650633,1.0028461,-0.51386696,-0.55578697,-0.5086746,-0.5358648,-0.40013662,0.10272148,0.49653628,1,chr2:28596648:esophagus_muscularis_mucosa:0,FN,0
0.013522678,0.59957355,-0.33511284,1.4237792,-0.1447557,0.62624264,0.5044469,0.3762702,0.81185037,0.68224937,1,chr15:57323768:esophagus_squamous_epithelium:0,TP,1
-3.5977452,-1.6296234,-1.5347539,0.5093093,-1.0756693,-0.16439396,-0.36433494,-0.92588574,0.5759756,0.006748384,0,chr2:8685881:Peyers_patch:0,TN,0
-3.5105386,0.22077669,0.40661538,0.72528577,0.39210448,-0.68777615,0.1596955,0.25644144,0.22890471,0.324495,0,chr1:7986317:gastrocnemius_medialis:0,TN,0
-1.4783643,-1.9376625,-2.7609487,1.3720287,-0.20729613,-0.009901749,0.35238808,0.11508941,1.2231472,-0.14430027,1,chr8:22109377:esophagus_squamous_epithelium:0,FN,0
4.3544555,-0.3609693,-0.4610995,-1.5214233,-0.0962864,-0.74630105,0.6012914,0.08063317,-0.33849102,0.20447104,1,chr1:246969454:spleen:0,TP,1
-2.6830304,1.266866,0.7003351,0.74345297,-0.17411591,-0.19271562,0.33069736,0.61180454,0.07802332,-0.00035325869,0,chr7:5237576:prostate_gland:0,TN,0
-4.4977245,-0.34678066,-0.6972508,-0.8482672,0.5965727,-0.057251073,-0.54683185,-0.01905341,-0.4449665,-1.0738375,0,chr15:100601690:stomach:0,TN,0
2.021734,1.6963379,-0.5760884,-0.25060317,0.089217186,-0.9174431,0.29665324,0.3594716,-0.68641025,-0.21071917,1,chr19:47781804:gastroesophageal_sphincter:0,TP,1
-3.0224702,-0.10002387,0.9914877,0.7190519,0.09347964,-0.40194103,0.23081517,0.30389893,0.4592336,0.2278264,0,chr14:69719722:body_of_pancreas:0,TN,0
-3.0019863,-0.07652199,-0.535555,0.035159227,-0.121493764,-0.18703797,0.8720737,0.03960763,0.38511053,-0.21886481,0,chr22:46051216:sigmoid_colon:0,TN,0
-2.8251386,0.7144277,0.1994994,-0.8896947,0.86328816,-0.3891625,0.0572926,0.60414267,-0.554983,0.47014293,0,chr17:2101946:spleen:0,TN,0
-3.6103327,0.18173143,-0.15157248,0.19838674,-1.1674054,-0.056652438,-0.41214183,-0.42636067,0.103935115,0.5996882,0,chr1:154272665:stomach:0,TN,0
-3.7299852,-0.009607011,0.13119102,-0.51399726,-0.99456376,-0.38872653,-0.62160534,0.87090164,0.68652433,0.036888592,0,chr3:177442032:esophagus_squamous_epithelium:0,TN,0
-0.4457264,0.8233503,-1.197345,-0.57560873,0.9671903,-0.014191469,-0.1340297,0.69633245,-0.83636904,0.36357558,0,chr13:49357121:tibial_nerve:0,FP,1
1.369133,-0.73332524,0.20922132,0.31835613,2.3881407,0.83653873,-0.39837867,-1.4045316,-0.64255476,-0.5441839,1,chr20:3810780:suprapubic_skin:0,TP,1
-3.7584784,0.19462109,-0.7383017,-0.6289085,-0.7114935,-0.4306479,0.37745813,0.28875056,0.5463223,-0.45578632,0,chr6:39812049:esophagus_muscularis_mucosa:0,TN,0
5.0578704,-0.69865566,-0.20469923,-0.7336141,-0.16345777,-0.5621354,0.17489715,-0.037756857,-0.16889866,-0.10104235,1,chr6:17600825:sigmoid_colon:0,TP,1
3.1466687,-0.09870315,-0.8717786,-0.8193854,0.52212226,-0.6667084,0.3302689,1.6536555,0.08757483,2.1723382,1,chr1:21935425:prostate_gland:0,TP,1
4.2851076,0.58805656,0.11087468,-0.17672198,0.14784847,-0.36380953,-0.105853,-0.020119272,0.009321097,-0.33226168,0,chr8:12767489:prostate_gland:0,FP,1
-0.8272431,-1.0236198,2.238477,0.7091691,0.9779476,0.14235127,-0.38490406,0.5116772,0.15138605,0.31693643,0,chr15:65512647:transverse_colon:0,TN,0
0.6439495,-0.7798095,0.31196406,0.45114928,1.6541289,-0.5587757,-0.013211463,-0.23500533,-0.041598037,-0.30750045,1,chr10:46269894:spleen:0,TP,1
4.46259,0.5532582,0.6763757,0.19509089,-0.3323365,0.28238687,-0.54756725,-0.3039205,0.3095939,-0.4269738,1,chr9:22290372:prostate_gland:0,TP,1
-3.068408,-1.5142637,1.1041415,-0.10405086,-0.1622923,-1.2204411,0.056483287,-0.12973082,0.32196552,0.17387706,0,chr20:11892668:body_of_pancreas:0,TN,0
1.369133,-0.73332524,0.20922132,0.31835613,2.3881407,0.83653873,-0.39837867,-1.4045316,-0.64255476,-0.5441839,1,chr20:3810780:transverse_colon:0,TP,1
-3.3609226,-0.7885605,1.3366265,-0.62774545,-0.37368447,0.08995323,0.43955123,-0.15227407,-0.59690803,0.10029746,0,chr2:33496428:spleen:0,TN,0
4.8169966,0.4764158,0.51664317,-0.3004143,-0.47098082,0.31905115,-0.24362513,-0.15523003,0.23035009,-0.4900443,1,chr2:73898790:gastroesophageal_sphincter:0,TP,1
4.9643655,0.07689528,0.2980049,-0.28651148,-0.37139723,0.06689358,-0.32803145,-0.09511223,0.1372335,-0.32604283,1,chr19:36838128:transverse_colon:0,TP,1
-3.5389838,-0.5668642,0.78538305,0.7645533,0.27296975,-0.5442937,0.9465382,-0.20966618,-0.33145016,-0.087212525,1,chr8:42661983:gastrocnemius_medialis:0,FN,0
5.1170254,-0.28732866,0.13306747,-0.49310336,-0.36695084,-0.14595835,-0.12247509,-0.13976444,0.043739248,-0.3420003,1,chr15:24767533:spleen:0,TP,1
3.1557887,2.8158307,0.18056735,0.11658216,-0.74144316,0.7687914,0.51275605,0.038074277,0.28982073,-0.4900095,1,chr3:77779983:prostate_gland:0,TP,1
-2.0682414,-1.9511744,1.3764375,-0.5392398,-0.1265024,0.9902009,0.07231503,0.021917973,-0.77922076,-0.07446639,1,chr12:128813105:sigmoid_colon:0,FN,0
-3.7779377,-0.2690958,0.583905,-0.36652678,-0.5266829,0.119196415,-0.05572599,0.16343765,0.020085292,-0.18629074,1,chr1:205237886:gastrocnemius_medialis:0,FN,0
2.9212224,1.5855162,-0.06918107,0.50306326,0.1308085,0.40881383,0.4135426,0.19490132,0.085067496,0.23750915,0,chr5:151119540:gastrocnemius_medialis:0,FP,1
-0.9612647,1.3081503,-0.44346172,2.3053336,0.15301628,-0.2045695,1.697505,0.14227982,0.37698922,-0.07542847,0,chr17:9230616:gastroesophageal_sphincter:0,FP,1
-3.5144796,0.7187722,-1.172211,0.77048194,-0.41538283,0.612688,-0.17820737,1.3208864,-0.237533,-0.52863,1,chr6:31400922:gastrocnemius_medialis:0,FN,0
4.9838405,0.033824027,0.103893615,-0.32170784,-0.53782505,-0.11557557,-0.14248523,-0.25915205,0.11411408,-0.44226596,1,chr2:67906577:thyroid_gland:0,TP,1
3.0648732,-0.85130334,-0.35096124,1.3683909,0.34501138,-0.116473995,-0.22434366,-0.019869348,0.246355,1.1439844,1,chr4:9532667:Peyers_patch:0,TP,1
3.0080812,0.4740228,0.41681364,1.5677379,-0.7237473,0.90325,-1.2162832,0.6097073,-0.89041406,0.6847476,1,chr10:28302669:gastrocnemius_medialis:0,TP,1
-3.5967546,0.4803223,-0.20735778,-1.1705589,-0.04795784,0.46580464,-0.36005715,0.10315088,0.07869303,0.08600197,0,chr1:12604203:spleen:0,TN,0
4.827673,-0.023308214,-0.0040089716,-0.42647722,-0.43269083,-0.37118903,0.32672575,-0.046911146,0.064276114,-0.3260177,1,chr14:106038102:spleen:0,TP,1
3.4391067,-0.3847897,-0.387372,0.039071377,0.61327636,0.28383195,-0.22030585,0.22617659,0.26659825,-0.22385378,0,chr14:35373800:spleen:0,FP,1
-3.612967,-1.7692884,-0.015250455,0.7343993,-0.45946306,-0.23225385,-0.87103766,-0.7818679,0.11146298,0.65270734,0,chr15:47184934:tibial_nerve:0,TN,0
-2.1332684,-2.359407,-1.3692788,0.10773281,-0.9747812,0.5924166,-0.3697834,1.4193472,-0.7297803,-0.892762,0,chr11:9573213:esophagus_squamous_epithelium:0,TN,0
1.0379661,2.2711155,-0.0023711012,-1.4486047,0.7029809,0.5812466,0.22335625,-0.05019142,-0.3749686,0.71452916,1,chr4:7890807:esophagus_squamous_epithelium:0,TP,1
5.0939417,-0.39237145,-0.05282439,-0.6365348,-0.3993412,-0.33558962,0.25383726,-0.05229562,-0.055808026,-0.28136826,1,chr17:43360116:gastroesophageal_sphincter:0,TP,1
4.0614424,-0.46176222,-0.65512675,-1.1365153,0.5297039,0.078688174,0.41148725,-0.090491876,0.015862407,0.39552173,1,chr16:84923788:gastrocnemius_medialis:0,TP,1
-3.9512832,1.6657336,-0.341247,-0.81089664,0.71015483,-0.6890612,-0.4163534,-0.09116972,0.66223913,-0.23008415,0,chr12:89326347:tibial_nerve:0,TN,0
-2.6953762,-0.05633765,0.36451977,0.5179677,0.007640384,-0.5766461,0.7011156,0.3456854,-0.0071995007,0.43559057,0,chr19:3058022:testis:0,TN,0
5.0186143,-0.59313923,-0.04582909,-0.53011334,0.06449583,-0.2382984,-0.0054161074,0.25416002,-0.17339374,0.44361988,1,chr6:99516089:body_of_pancreas:0,TP,1
-0.64511263,-0.3104002,-1.313468,1.3486224,-0.023898043,0.11341567,-0.030896353,1.2063283,2.1221795,-0.14087951,0,chr2:9556434:tibial_nerve:0,TN,0
-1.4783643,-1.9376625,-2.7609487,1.3720287,-0.20729613,-0.009901749,0.35238808,0.11508941,1.2231472,-0.14430027,1,chr8:22109377:Peyers_patch:0,FN,0
-2.5643265,2.7565103,-0.009828985,-1.665163,-1.1161112,0.91069853,0.60743666,-0.14238565,0.25300887,0.4510272,0,chr3:191356178:gastrocnemius_medialis:0,TN,0
3.787559,-0.81361634,-0.21211445,0.6168591,0.042677496,0.37985674,-0.42099425,0.05566954,0.01976944,0.30938256,0,chr7:151126201:transverse_colon:0,FP,1
-3.6464162,0.01632661,0.38407198,-0.7623018,-1.0154858,0.051464375,0.26531032,0.17635608,0.49457797,0.21651486,0,chr18:3595766:Peyers_patch:0,TN,0
4.8422413,0.08581669,0.5680756,0.07606099,-0.16982646,0.12435766,-0.32118654,-0.20531265,0.030951297,-0.29328224,1,chr17:44980596:gastroesophageal_sphincter:0,TP,1
-3.7782242,0.8109926,-0.3415816,-0.726071,0.69976944,-0.44027603,-0.587533,0.0068729525,0.2951935,0.22234628,0,chr4:118276579:transverse_colon:0,TN,0
-3.8674917,-0.14928773,0.45892435,-0.027361576,0.26423275,0.0048538046,-0.4116373,-0.13498232,0.108096235,-0.17599048,0,chr16:27520781:gastrocnemius_medialis:0,TN,0
-3.7423582,0.81892407,-1.1121519,-0.5759423,0.89146256,-0.44531432,-0.5997056,0.26003274,-0.3177074,0.04222473,0,chr16:22211872:gastrocnemius_medialis:0,TN,0
-3.2338781,-0.6043423,0.32564765,-0.085161716,-0.28224403,0.18691236,-0.10118971,0.8625758,0.46807507,0.25748008,0,chr11:33724803:body_of_pancreas:0,TN,0
3.1615067,0.7580679,-0.13370304,0.5929272,-0.4426819,1.916604,0.40914473,-0.117588945,-0.0033619124,-0.09185693,1,chr17:1029308:gastrocnemius_medialis:0,TP,1
1.1546972,0.44023296,-0.0031329924,1.5891982,0.63498336,-0.09378133,0.49406996,0.76633656,0.054278072,-0.18594714,0,chr12:124569353:gastrocnemius_medialis:0,FP,1
-3.3705628,-0.97177315,0.86863214,0.10989446,-0.21813677,-0.55468607,-0.44228995,0.49536058,0.53105825,-0.35748476,0,chr21:41491851:sigmoid_colon:0,TN,0
-4.02499,0.043147545,-0.5754688,0.62074786,-0.28459314,-0.6320245,0.32964477,-0.16137937,-0.5059309,-0.28649157,0,chr17:74447052:spleen:0,TN,0
-2.9002826,0.6390885,0.032967515,-1.3159474,-1.1522585,0.16284479,-0.27430588,0.8626694,0.5111406,0.16963245,0,chr6:107641265:gastrocnemius_medialis:0,TN,0
1.8836358,0.67630696,0.9366871,0.51895255,0.47336954,-0.018499974,-0.01338437,-0.12972583,0.5883052,0.3317067,0,chr5:10364680:gastrocnemius_medialis:0,FP,1
-3.8751981,0.20650633,1.0028461,-0.51386696,-0.55578697,-0.5086746,-0.5358648,-0.40013662,0.10272148,0.49653628,1,chr2:28596648:gastroesophageal_sphincter:0,FN,0
-2.6439083,-2.1250467,1.2578002,-0.05065008,0.8286374,-0.4187244,0.5490757,-0.085889466,-0.3063378,0.014756201,0,chr5:150638295:gastrocnemius_medialis:0,TN,0
-4.20275,-0.36551878,0.27394742,0.02754174,-0.9966492,-0.13764104,0.07197338,-0.98168063,-0.56970716,0.24567246,1,chr8:27772077:transverse_colon:0,FN,0
4.9825106,0.17261279,0.37808183,-0.20016934,-0.38054368,0.1200414,-0.24507087,-0.17608832,0.09570217,-0.34085917,1,chr17:78356295:tibial_nerve:0,TP,1
2.9232085,0.2366427,-0.19661565,1.6578461,-0.6591751,0.8049893,-1.3004354,-0.065776885,-0.40753025,0.5958794,1,chr1:156082827:gastrocnemius_medialis:0,TP,1
3.105005,-1.2441014,-0.4866573,-0.932794,0.8465227,-0.65879685,0.13326629,0.09179895,0.40421578,-0.421397,1,chr4:51023823:sigmoid_colon:0,TP,1
-2.2681546,-3.0500238,-0.49929228,0.6039751,0.26346204,-0.14180483,0.24092053,-0.104988806,-0.6546386,-0.37509426,1,chr14:52268389:spleen:0,FN,0
-3.6883078,-0.7490211,0.04173181,-0.9319684,-1.4264656,0.99394,-0.50534403,-0.035100225,-0.6922817,-0.12732358,1,chr1:15524057:upper_lobe_of_left_lung:0,FN,0
3.6717417,-0.5917681,0.9038412,0.5779958,0.6308094,0.07799659,1.0369033,0.18650775,0.0861677,-0.5996462,1,chr3:134351361:sigmoid_colon:0,TP,1
4.3754025,0.39497238,0.1777388,0.68911666,-0.072966784,0.37409067,0.3846168,-0.086122975,0.29147196,-0.11906955,1,chr7:142772173:body_of_pancreas:0,TP,1
0.08290331,0.26174054,-0.33790627,0.574433,0.84936196,0.24444231,0.74790996,0.5510537,0.3720777,-0.023556419,0,chr2:20614822:body_of_pancreas:0,FP,1
2.665039,0.49352878,0.7169753,1.5152321,0.63438416,0.23286264,-0.6196992,-0.37249625,-0.19226961,-0.24276486,1,chr4:186204369:tibial_nerve:0,TP,1
-0.25186354,0.24478367,-1.3695607,-0.7225645,0.9851948,-0.53081375,0.11148673,1.1796465,-0.97100043,0.8557895,1,chr10:3131861:gastrocnemius_medialis:0,TP,1
4.684415,0.10906915,0.433337,0.58479357,-0.16829027,-0.03774808,-0.75703233,-0.20088197,-0.05552042,-0.022179298,1,chr19:55600444:esophagus_muscularis_mucosa:0,TP,1
-4.0641074,1.4741024,0.7891446,-0.016279388,-0.6083518,-0.8894173,0.5014273,-0.1639336,0.24947558,-0.24456316,1,chr4:186204922:tibial_nerve:0,FN,0
4.558352,-0.578496,0.2850897,-0.53405607,-0.053226203,0.37356114,0.44717595,-0.079826824,0.522653,-0.08749642,0,chr2:227775457:transverse_colon:0,FP,1
4.6465163,-0.5379431,-0.47033313,0.57860583,-0.061667487,-0.103532575,-0.19248545,-0.36306486,0.12534857,-0.07753458,1,chr2:178451029:thoracic_aorta:0,TP,1
-4.2348967,1.1587231,0.2112453,-0.48640427,1.2752154,0.013884401,-0.73650956,-0.5610907,-0.0227958,0.11265043,1,chr9:119801142:gastrocnemius_medialis:0,FN,0
4.7632127,0.34055015,0.007455978,0.76524323,-0.40609473,0.12527846,-0.13712011,-0.13172613,0.12734702,-0.13171478,1,chr7:30284569:stomach:0,TP,1
5.0073066,-0.49574497,0.16107224,-0.51986915,-0.36072505,-0.25610697,-0.13998622,-0.29372218,0.06209458,-0.44236737,1,chr15:77077935:esophagus_muscularis_mucosa:0,TP,1
-3.5430684,-0.16943361,-0.9746477,0.60558444,0.20243189,0.0068589575,-0.047938723,1.10499,-0.09835222,-1.0451726,1,chr20:48025318:esophagus_muscularis_mucosa:0,FN,0
2.9232085,0.2366427,-0.19661565,1.6578461,-0.6591751,0.8049893,-1.3004354,-0.065776885,-0.40753025,0.5958794,1,chr1:156082827:tibial_artery:0,TP,1
4.816995,0.47642112,0.5166434,-0.30041426,-0.47098222,0.3190506,-0.24362503,-0.15522932,0.23035048,-0.49004436,1,chr2:73898790:sigmoid_colon:0,TP,1
-3.5595727,-0.13615668,-0.6184152,-0.55331075,-0.57344556,-0.86478555,0.11399074,0.52309895,0.25363103,-0.4372764,0,chr11:2941791:transverse_colon:0,TN,0
4.5118966,-0.2516117,-0.38713497,-0.97666603,0.076767355,-0.44382173,0.4415434,0.32244742,-0.01839433,0.31386414,0,chr14:22839776:gastrocnemius_medialis:0,FP,1
4.916069,-0.34814876,-0.20426168,0.17594188,-0.2374767,0.11820648,0.46103686,-0.39544794,0.04431119,-0.15336518,1,chr7:100950141:gastrocnemius_medialis:0,TP,1
-2.2412102,1.156041,-0.5853603,0.33031315,-0.53985757,0.49660054,0.45747185,0.70375884,0.68414795,0.19178164,0,chr7:51226381:suprapubic_skin:0,TN,0
-4.0225916,0.55142266,0.4519679,-0.5872935,-1.5180913,-0.7421786,-0.8941395,-0.2721217,0.00010591455,0.2795478,0,chr14:35045889:stomach:0,TN,0
-4.0788183,1.2884997,-0.5560424,-0.20309085,-1.6267314,-0.17286009,-0.032776657,-0.31949076,0.13883723,-0.07136226,1,chr8:12455491:esophagus_muscularis_mucosa:0,FN,0
-2.464177,0.4247484,-0.8578171,-0.3295476,1.2069839,0.72474664,-0.87425876,-0.54891044,-0.06842685,-0.22423916,1,chr22:41493358:gastrocnemius_medialis:0,FN,0
-1.0795118,-0.15844093,3.1386921,1.2046702,1.2503283,-0.63351214,-0.65883255,-0.13589719,0.2517404,-0.022491341,1,chr1:162549120:esophagus_muscularis_mucosa:0,FN,0
4.9590316,-1.0266333,0.03915303,0.16961664,-0.10609771,-0.16748929,-0.30086213,0.035555977,-0.013064116,-0.0072850785,1,chr19:58347711:tibial_nerve:0,TP,1
3.652355,0.22663738,-0.2747723,1.4929879,-0.5555958,0.2714448,-0.61255926,0.11679105,-0.2356821,0.5614945,0,chr6:2634419:spleen:0,FP,1
4.321806,0.38918403,-0.057864998,0.7122035,-0.10195513,-0.008068221,-0.66775423,-0.058170307,-0.21338893,0.3873895,1,chr16:2520692:spleen:0,TP,1
4.876364,-0.28930876,-0.36502337,-0.62782997,-0.096690774,-0.6496247,0.5108202,0.30747178,-0.28863752,0.052351527,1,chr9:129438044:prostate_gland:0,TP,1
-3.0866535,-1.5506635,0.037051495,-1.3007911,-0.78906536,0.8179192,-0.32382149,1.4392244,-0.64721215,-1.1710088,0,chr6:32668837:spleen:0,TN,0
-1.5910914,-0.5350903,-0.961561,-1.124876,-0.3368316,0.48573956,0.19655782,1.5063244,0.47188586,-0.46476328,0,chr16:69926701:body_of_pancreas:0,TN,0
-3.0565915,-2.065231,0.5461548,-0.105020046,0.84079105,-0.93730336,-0.42727363,-0.29615477,0.21053761,-0.037787292,0,chr12:57132862:gastrocnemius_medialis:0,TN,0
4.3805637,-0.40802678,-0.53257924,0.5914752,-0.06634627,0.07245983,0.6415841,-0.013959766,0.031194935,-0.08803475,0,chr7:539073:body_of_pancreas:0,FP,1
-2.5154045,-0.92891175,0.25027263,0.66319084,0.7604274,-0.23268203,0.8064218,0.02392484,-0.46966097,0.1634253,1,chr10:124631422:esophagus_squamous_epithelium:0,FN,0
-1.9837059,1.5248036,0.20403498,0.65689534,0.021916995,0.303775,-0.097220294,0.9575653,0.85277444,-0.2816475,0,chr3:150079443:gastrocnemius_medialis:0,TN,0
-1.5757052,1.449939,-0.80120647,-1.3182385,1.083449,-0.27605003,-0.5537915,-0.12714113,-0.43321562,0.60855144,0,chr7:22300201:body_of_pancreas:0,TN,0
-3.0522404,0.59007424,-0.17964093,1.9080085,-0.45854408,-0.6690459,0.45109928,-0.029193811,-0.3886,-0.30038896,0,chr1:228102141:body_of_pancreas:0,TN,0
3.8041492,-0.048738323,0.38752183,1.27505,-0.39912862,0.02068092,-1.2923269,-0.10414258,0.12527888,0.588622,1,chr19:12946073:body_of_pancreas:0,TP,1
4.83767,0.37922296,0.43494794,0.18656942,-0.44335103,0.10789671,-0.5107313,-0.15731348,-0.012852642,-0.04166725,1,chr7:74657687:prostate_gland:0,TP,1
-2.548798,0.4757081,-0.6822525,-0.49489042,0.51606345,-0.06701633,-0.83173597,-0.05768285,0.2967605,0.21814412,1,chr6:3024651:sigmoid_colon:0,FN,0
3.4361744,0.20289622,-1.0525922,-0.45065546,0.23822811,-0.5080184,0.33824632,1.0690339,-0.86562544,1.5075731,1,chr2:64991895:gastrocnemius_medialis:0,TP,1
3.0648718,-0.851303,-0.35095936,1.3683918,0.3450125,-0.11647514,-0.22434208,-0.019869473,0.24635462,1.1439826,1,chr4:9532667:stomach:0,TP,1
-3.1976292,-0.67362684,0.8977601,1.3287969,0.38759792,-0.5072979,0.98868877,-0.26322907,0.23376995,0.18525381,0,chr10:79184337:esophagus_muscularis_mucosa:0,TN,0
5.2630115,-0.6366214,0.046044298,-0.47923312,-0.34481573,-0.12709507,-0.11297321,-0.18491985,-0.0495257,-0.16482988,1,chr12:42144490:gastroesophageal_sphincter:0,TP,1
-2.08477,-2.1264803,0.90579253,0.5859127,0.4210965,-0.0007792841,0.07476538,1.3266145,-0.10843511,-0.45008317,0,chr5:149747992:gastroesophageal_sphincter:0,TN,0
4.902625,-0.3824667,0.25812083,-0.2871643,-0.37458494,0.21415013,0.19035767,-0.24384364,0.34360948,-0.30979607,1,chr6:31489568:transverse_colon:0,TP,1
4.638143,0.44161224,0.21907175,-0.5138899,-0.2071801,0.19686285,-0.07946991,-0.058544677,0.11672406,-0.060786758,1,chr21:25640826:esophagus_muscularis_mucosa:0,TP,1
-2.028879,0.24259707,-2.2496874,1.4624828,-0.15917277,-0.17553207,0.47067887,0.7614748,1.0413963,-0.31417382,0,chr19:48753130:gastrocnemius_medialis:0,TN,0
1.8131973,0.7533501,-1.6964988,-0.3091575,0.92908365,-0.46439832,-0.32346892,-0.21099465,-0.3529445,0.16237353,0,chr3:128684706:spleen:0,FP,1
5.122896,-0.47151017,-0.11833348,-0.58288354,-0.25206852,-0.30175543,0.42257303,-0.046209082,-0.029467028,-0.15238075,1,chr3:75785609:tibial_nerve:0,TP,1
3.1466687,-0.09870315,-0.8717786,-0.8193854,0.52212226,-0.6667084,0.3302689,1.6536555,0.08757483,2.1723382,1,chr1:21935425:Peyers_patch:0,TP,1
-4.3771925,1.5760627,-0.85871375,-0.5777696,0.33330134,0.097756125,-0.5672232,0.3795449,0.60104036,-0.43861893,1,chr2:43405095:gastroesophageal_sphincter:0,FN,0
3.0093775,1.8597037,1.0409882,1.1483104,0.3477421,0.6791687,0.35209626,-0.16890559,0.50674,-0.50061226,1,chr5:32175519:gastrocnemius_medialis:0,TP,1
-4.028511,-0.115917765,-0.6585991,0.7889091,-1.3776945,-0.472268,0.36251256,-0.8137647,0.095744915,0.04604687,0,chr14:50003354:spleen:0,TN,0
-2.4597106,-1.10653,-2.007022,0.92812103,-0.5415876,-0.037634544,-0.9857016,-0.36507013,1.3175294,0.6856581,0,chr11:44095893:stomach:0,TN,0
3.496489,1.6601866,-0.39850733,-0.8859465,0.12077632,-0.78554463,0.4760159,1.0961978,-0.33818483,0.70853305,1,chr15:42270488:transverse_colon:0,TP,1
-2.9939215,1.6189339,-0.9585672,-0.98511463,1.3113807,0.3502103,-0.82167995,-0.32906485,0.0956859,0.5867317,0,chr6:155493195:sigmoid_colon:0,TN,0
4.829422,-0.28387564,0.26727775,0.3501326,-0.25658676,0.10213918,-0.56293786,-0.30984288,0.10111887,-0.20558113,1,chr9:129437494:spleen:0,TP,1
1.804144,-1.9753191,-0.40571094,-0.3579099,1.5144466,-0.19731984,0.31363848,-0.63534087,-0.8934459,0.8463951,1,chr3:30455293:sigmoid_colon:0,TP,1
4.9480624,-0.1856897,0.4435082,-0.33907303,-0.3351966,-0.014731306,-0.40415487,-0.33169687,0.21742105,-0.60851645,1,chr21:39217021:gastroesophageal_sphincter:0,TP,1
-2.5154064,-1.0753692,1.033886,-0.70126337,0.038161267,0.29759774,-0.1664824,-0.29048264,0.4796242,0.6441434,0,chr8:11833360:prostate_gland:0,TN,0
3.4835045,-0.7504676,-0.6797802,-0.91711795,0.37236997,-0.70395595,0.42377827,-0.036798842,-0.38347936,-0.24580607,1,chr14:30690596:transverse_colon:0,TP,1
-1.4355699,0.16823299,-0.29697746,-0.91380286,0.1660644,1.8722342,-0.13916147,0.7880535,-0.40737122,-0.3509843,1,chr3:186589830:esophagus_squamous_epithelium:0,FN,0
4.862033,-1.0194798,-0.33301798,0.13179362,-0.25495914,0.02325815,-0.12143626,-0.38086396,-0.06430571,0.24750394,1,chr17:45585602:stomach:0,TP,1
-2.8339996,-1.7715737,-0.9145907,0.7979809,-0.24934699,0.4586233,-0.2743656,-0.7249654,-0.09838806,0.31020752,1,chr7:55019445:gastrocnemius_medialis:0,FN,0
-1.4414362,2.3788054,0.15966396,0.18978009,0.81528974,-0.027866924,0.83895415,0.25535476,-0.51200396,0.3286941,0,chr1:208237289:gastrocnemius_medialis:0,TN,0
-3.4381769,-1.6931361,0.111003675,0.63728416,0.8016858,-0.7279601,0.53742945,0.2427705,0.14696874,-0.5366855,1,chr2:20617191:esophagus_squamous_epithelium:0,FN,0
1.0607903,4.8881726,0.3939325,-0.63070667,-1.1394,0.6050667,0.5231555,0.095459096,0.41125458,0.60910815,1,chr10:122233146:gastrocnemius_medialis:0,TP,1
-2.0371149,0.7329724,0.2617017,0.30663702,1.1271943,-0.120464,-0.45871687,-1.008968,0.61577505,-1.3727064,1,chr13:20120444:transverse_colon:0,FN,0
-3.8751986,0.20650616,1.0028446,-0.513868,-0.5557873,-0.5086728,-0.53586507,-0.4001356,0.10272151,0.49653682,1,chr2:28596648:thoracic_aorta:0,FN,0
3.2783086,0.86795574,-0.076088406,-0.29149896,-0.2539935,0.8883368,1.3409785,-0.17579927,0.6296791,-0.1037501,1,chr10:47380890:Peyers_patch:0,TP,1
3.7765176,-0.15855831,0.5324978,1.2462901,-0.152341,-0.1592111,-0.8513797,0.0033627409,-0.15152636,0.17714672,0,chr16:2673366:stomach:0,FP,1
0.055994857,-1.991777,-0.18474363,-1.1027298,0.643823,1.6041002,0.7777109,-0.97451717,0.682834,1.1019471,0,chr9:111896126:Peyers_patch:0,FP,1
5.0796056,-0.7227574,-0.18135728,-0.72264457,-0.23450752,-0.5397789,0.19477354,-0.04774105,-0.12108392,-0.07715678,1,chr6:17600812:tibial_artery:0,TP,1
0.9811961,0.9159932,2.2467573,1.1857667,0.4234446,0.38499776,-0.7941332,1.2271326,-1.0615772,-0.6174327,1,chr3:156605692:thoracic_aorta:0,TP,1
-3.5986245,0.86696017,-0.35459164,-0.25960067,0.62554336,0.29411906,-0.6500648,0.4311255,0.009142866,-1.324217,1,chr3:195679607:transverse_colon:0,FN,0
-3.6358144,0.3563798,0.19698985,-1.0815402,-1.2139963,-0.30690157,-0.32961062,-0.4036378,0.22601058,0.18827376,0,chr7:17524795:tibial_nerve:0,TN,0
-3.4652646,-0.6933306,-2.3186553,0.8593705,-1.1535028,-0.0059452485,-0.1491133,-0.52774316,-0.7601064,-0.444683,0,chr2:98608534:suprapubic_skin:0,TN,0
-4.6769767,1.3842297,-1.4530385,-0.49136007,-0.024358613,-0.2341529,-0.29621518,-0.933209,0.19220002,-0.9991925,0,chr5:134904544:prostate_gland:0,TN,0
4.9811254,0.21503575,0.35050038,-0.048774455,-0.43707314,0.07947911,-0.34125385,-0.056568693,-0.0497005,-0.24804193,1,chr10:31321113:sigmoid_colon:0,TP,1
4.6583657,-0.49922985,0.32571658,-0.20301796,0.093757436,-0.11232893,-0.37013817,-0.230233,-0.09321256,-0.39914936,1,chr10:73646263:gastrocnemius_medialis:0,TP,1
-3.5193908,-0.80918694,0.8178114,0.67441946,-0.09617334,0.054545395,-0.08828828,0.78867894,-1.0849078,-0.5595058,1,chr4:88698124:gastrocnemius_medialis:0,FN,0
-3.9519012,0.99382967,-0.49015778,-0.92018026,1.053416,0.4222244,-0.9696501,-0.21618119,0.40335914,-0.43329793,0,chr9:99059600:body_of_pancreas:0,TN,0
3.105005,-1.2441014,-0.4866573,-0.932794,0.8465227,-0.65879685,0.13326629,0.09179895,0.40421578,-0.421397,1,chr4:51023823:thoracic_aorta:0,TP,1
3.753082,1.4857281,0.707168,0.6437986,-0.2887268,0.4628484,-0.58942884,0.3205136,0.5309349,-0.3322046,1,chr2:46855233:sigmoid_colon:0,TP,1
-2.7132752,-2.433805,0.43558314,-0.8549867,-0.40842777,1.2554103,-0.21879832,0.7530995,-0.3553917,-0.37828213,0,chr16:69444336:spleen:0,TN,0
-3.4629927,-1.1410171,0.82031065,0.5020985,-0.06257169,-0.9088289,0.5935162,-0.08360245,-0.23839791,-0.13317953,0,chr20:4064966:prostate_gland:0,TN,0
-1.3005091,-1.1395907,1.0577308,-0.43685868,2.1334758,0.49781543,0.3631718,-0.8990824,-0.92257535,0.39373025,0,chr2:48248429:sigmoid_colon:0,TN,0
-3.5637705,-0.7964773,0.9254979,-0.6669917,-0.5745257,0.41433486,-0.39132872,-0.37773672,0.44987985,0.47455445,0,chr13:32429590:transverse_colon:0,TN,0
4.9676127,0.0034106635,0.17596324,-0.4906401,-0.40758324,-0.11063103,-0.23853196,-0.20586143,0.00907801,-0.38509658,0,chr19:40435145:gastroesophageal_sphincter:0,FP,1
-3.4642866,0.7322318,0.46521688,-0.17820661,1.13678,-0.54310703,0.35017642,-0.13415927,0.10816335,-0.43271706,0,chr8:66124337:suprapubic_skin:0,TN,0
5.1182194,-0.613221,0.08499771,-0.5486802,-0.35588712,-0.07093088,0.1052075,-0.22632457,0.07221449,-0.3805691,1,chr22:16339427:sigmoid_colon:0,TP,1
-3.0178983,-0.36901504,1.6818657,-1.128312,-0.95051616,0.24748574,-0.17667662,0.22710791,-0.9746299,0.011041103,0,chr20:8151793:gastrocnemius_medialis:0,TN,0
-1.4783646,-1.9376605,-2.7609494,1.3720274,-0.20729685,-0.009903277,0.3523872,0.11508968,1.223148,-0.14430079,1,chr8:22109377:spleen:0,FN,0
-2.72954,-1.1481974,0.838118,-0.86800474,-0.48267934,0.41432002,-0.45312887,0.6858964,-0.50880414,-0.22508192,0,chr15:65304861:gastrocnemius_medialis:0,TN,0
2.2099128,0.23438409,-0.95135474,-0.42216715,0.28332242,-0.7552095,0.40892103,0.74211085,-0.32349032,1.1761323,0,chr16:12538498:esophagus_squamous_epithelium:0,FP,1
4.794942,0.09991372,0.12124632,-0.22976553,-0.3492367,-0.00063463446,-0.20342092,-0.002984216,0.010440076,-0.046308834,1,chr19:44212377:gastrocnemius_medialis:0,TP,1
4.6009307,-0.20542388,-0.12776844,-0.03955917,0.04016075,-0.08189667,0.55308926,0.045356534,0.3105793,-0.27298197,1,chr19:54574279:spleen:0,TP,1
-3.5488403,0.89746696,-0.96421057,-0.26590893,1.4789779,0.10106239,-1.0681672,-0.17981036,0.36048013,-0.28342408,0,chr17:45301334:esophagus_muscularis_mucosa:0,TN,0
3.7224648,-0.35363296,0.6318396,0.92723435,0.55779266,-0.33333898,0.07307025,0.19505635,0.3868215,-0.33321166,0,chr20:50304653:body_of_pancreas:0,FP,1
-3.8822522,-0.80529255,1.2451673,0.038296156,-0.08871555,-0.5267173,0.19631922,-0.35237482,-0.48954093,-0.3596857,1,chr10:34768925:esophagus_squamous_epithelium:0,FN,0
-0.58583325,0.124830775,-1.1362538,-0.9219208,0.900578,-0.27255517,-0.6835715,-0.99938655,-0.12661682,-0.37409937,0,chr12:81245354:transverse_colon:0,TN,0
-3.3425434,0.55362993,-1.5901583,0.61294824,-1.5372434,-0.06573698,-1.0063312,-1.2272439,-0.089105956,0.46414477,1,chr2:55050819:gastroesophageal_sphincter:0,FN,0
0.7547192,0.5676727,0.51849926,-0.18225238,0.261363,1.1067982,0.97765005,-1.1642851,0.93441033,0.860157,0,chr15:63056401:Peyers_patch:0,FP,1
-4.353863,0.71845347,-0.40145397,0.27856755,-1.1150941,-0.44777122,-0.20223966,-1.0358042,-0.060078096,-0.18600033,0,chr2:216013284:spleen:0,TN,0
-3.5014064,0.3470818,0.67991036,-0.5377363,-1.1166953,-0.22710314,-0.44904026,0.15393145,0.43829086,0.48437744,0,chr7:37337791:spleen:0,TN,0
-3.8014004,-0.60031974,-0.28269085,0.097288445,-0.2272399,-0.76089233,0.027948208,-0.2897021,0.65684575,-0.2851762,0,chr11:75491017:spleen:0,TN,0
-3.1105917,0.8246574,1.37872,-0.3096428,-0.4750308,-0.45617372,-0.14742874,-0.105887815,0.5295726,0.48150522,0,chr21:37379561:gastrocnemius_medialis:0,TN,0
2.1201072,3.8071635,0.5425626,0.27577958,-0.43210495,1.3217411,1.1581527,-0.14801815,-0.5687065,-0.0591023,1,chr8:11921579:tibial_nerve:0,TP,1
5.0578704,-0.69865566,-0.20469923,-0.7336141,-0.16345777,-0.5621354,0.17489715,-0.037756857,-0.16889866,-0.10104235,1,chr6:17600825:upper_lobe_of_left_lung:0,TP,1
-3.0780752,2.3886237,1.3316426,-0.81680304,-0.09933719,0.20847432,-0.8626906,0.43122664,-0.11103541,-0.04622554,1,chr16:15875394:sigmoid_colon:0,FN,0
-2.5005565,-0.6118398,-0.19076264,1.6496235,0.011112196,-0.22701585,0.9282016,0.89898777,-0.35897866,-0.70803183,0,chr21:45302174:gastrocnemius_medialis:0,TN,0
-3.537733,-1.0827645,1.0014764,-0.10824512,-0.5644182,-0.75440985,-0.007920661,-0.5272648,0.197738,0.33965737,0,chr9:91196139:transverse_colon:0,TN,0
4.6521587,-0.061923657,0.028809613,-0.39848846,-0.20361683,-0.11418538,0.41414565,-0.1019133,0.25798845,-0.37008145,1,chr14:106038309:spleen:0,TP,1
-4.2975883,1.3741163,-1.1353178,0.14902739,-1.5050455,0.36694854,-0.091859415,-0.17173216,-0.90234023,-0.17108366,0,chr12:95942502:gastrocnemius_medialis:0,TN,0
-2.1351905,-0.10771198,-1.9766171,-0.9055561,1.295657,0.5986985,-0.111969404,-0.018330984,-0.65409297,-0.7293037,1,chr17:45578826:gastrocnemius_medialis:0,FN,0
-3.4702206,-1.9763348,0.4562079,-0.093991384,-0.20030183,-0.53781456,-0.41229847,0.5530887,1.0912563,-0.060503237,0,chr22:46736152:spleen:0,TN,0
-2.1421752,-2.1131024,-1.8607386,1.3773279,0.0032856655,-0.17117295,-0.6206191,-0.23229924,-0.7667975,0.381563,1,chr6:117482982:gastrocnemius_medialis:0,FN,0
3.0093775,1.8597037,1.0409882,1.1483104,0.3477421,0.6791687,0.35209626,-0.16890559,0.50674,-0.50061226,1,chr5:32175519:sigmoid_colon:0,TP,1
4.5519524,-0.6246174,-0.8124198,-0.25820178,-0.08038564,-0.6655837,0.116852924,0.12729803,-0.14190039,0.021357015,1,chr6:31357175:Peyers_patch:0,TP,1
-3.7923217,-0.5829088,-0.7046816,0.93113434,-0.62818104,-0.21678287,0.20147909,-1.3343883,-0.45069844,0.16719286,0,chr16:2267775:body_of_pancreas:0,TN,0
-2.8262632,-1.873946,0.46513546,0.4153496,0.42833826,-0.88437754,0.31222942,-0.32374936,0.039851468,0.08721769,0,chr16:75342:transverse_colon:0,TN,0
4.684415,0.10906915,0.433337,0.58479357,-0.16829027,-0.03774808,-0.75703233,-0.20088197,-0.05552042,-0.022179298,1,chr19:55600444:prostate_gland:0,TP,1
-0.68689716,0.8524704,-2.1657262,2.0503936,-0.9244514,-0.060731422,-0.3944602,-0.53297406,-0.6430156,0.6642583,0,chr16:1964933:tibial_nerve:0,TN,0
2.6133287,0.32724902,0.9169773,1.7287188,-0.33304843,0.59303373,-0.15335952,0.99572784,-0.4683882,-0.42214125,0,chr8:140549850:tibial_nerve:0,FP,1
-3.7151453,0.24365641,-1.5565491,0.30245644,-1.2577714,-0.026228104,-0.30952826,-1.3639294,-0.24152906,0.164689,0,chr9:6716243:spleen:0,TN,0
4.920461,-0.407259,0.027504452,-0.29589283,-0.40978613,0.20794016,0.28796956,-0.23406145,0.21328397,-0.06386504,1,chr14:106210186:spleen:0,TP,1
1.026098,2.1605299,0.7596071,-0.7824199,0.32900268,-1.2506161,-0.19220045,0.6358438,-0.041506067,-0.107842736,1,chr9:126814348:gastrocnemius_medialis:0,TP,1
-1.1437963,-1.6489782,-1.6567148,0.43701053,-0.30412638,0.035143264,0.031867493,-0.43399835,0.45356146,1.144599,0,chr6:29943341:spleen:0,TN,0
-3.9191804,0.6393415,0.63075393,-0.7961352,1.1891832,-0.5761903,-0.20859277,0.119216345,-0.5404771,0.051164836,0,chr12:75661444:esophagus_squamous_epithelium:0,TN,0
-2.9934955,-0.37779966,1.810636,-0.50460744,-0.71084523,-0.6969427,0.601582,-0.2940776,-0.008258715,0.33629853,0,chr9:73137883:gastrocnemius_medialis:0,TN,0
5.0962453,-0.64279234,0.17738765,-0.46677694,-0.15747206,-0.10559287,-0.23801292,-0.3932743,0.024943052,-0.3305395,1,chr18:68210231:transverse_colon:0,TP,1
-3.8064702,0.93033606,-0.64780045,-0.6158841,-1.238077,0.038468353,-0.74748516,0.18981282,-0.52738714,-0.9310132,1,chr6:26016498:gastrocnemius_medialis:0,FN,0
4.7377596,-0.79441154,-0.6047144,-0.08206006,-0.18043195,-0.35910982,0.074755564,0.2971007,-0.44167536,0.7797963,0,chr1:120415406:esophagus_squamous_epithelium:0,FP,1
3.239979,0.48507679,-0.5777018,-0.2367041,0.74886245,-0.9063407,0.024400845,0.8191746,-0.8343127,0.52166367,1,chr10:69325527:gastrocnemius_medialis:0,TP,1
5.1385007,-0.6614187,-0.18141663,-0.65808165,-0.26172322,-0.50601923,0.30425608,0.021930393,-0.12228461,-0.039334755,1,chr3:75785531:esophagus_muscularis_mucosa:0,TP,1
-4.5337815,0.056141406,-0.13257729,-0.56020427,0.83505267,-0.0546564,-0.17701286,-0.37941673,-0.5050787,0.18139979,0,chr12:131074169:tibial_nerve:0,TN,0
-3.194228,-0.11111871,-0.7033152,-0.7013226,1.6053009,0.19278994,-0.32696402,-0.4038441,0.3220579,0.08563536,1,chr2:46717413:esophagus_muscularis_mucosa:0,FN,0
-2.4554837,2.1194122,-0.5693618,1.415035,-1.2345515,-0.4341411,2.380076,-0.228378,-0.33052474,-0.56068,1,chr10:11741873:esophagus_squamous_epithelium:0,FN,0
1.3691317,-0.73332125,0.20921938,0.31835386,2.388139,0.8365366,-0.39837936,-1.4045349,-0.64255404,-0.5441857,1,chr20:3810780:stomach:0,TP,1
-2.7716267,-0.55286616,0.7460449,-0.53015417,0.3213415,1.0679332,0.23138045,0.115359224,-0.10430762,0.281939,0,chr8:8638972:gastrocnemius_medialis:0,TN,0
4.9911976,-0.16363594,0.3858815,-0.19324328,-0.16159204,0.24077499,-0.21226168,-0.2065185,0.2687949,-0.25450724,0,chr1:38001749:esophagus_squamous_epithelium:0,FP,1
4.70333,0.32125476,0.2052431,0.3784758,-0.4135382,0.050467152,-0.62377447,0.17762294,0.33987686,-0.15180066,1,chr17:17823662:gastroesophageal_sphincter:0,TP,1
-2.1290665,-1.5817788,0.6053092,-0.27269024,0.252305,1.220692,-1.2995433,0.24398641,0.16167426,0.23064502,0,chr12:29725189:esophagus_muscularis_mucosa:0,TN,0
-3.4770863,0.39784235,0.29233092,-1.3809525,-0.42695466,0.34058738,-0.577022,0.23114127,-0.48591167,-0.19806169,0,chr13:41017586:prostate_gland:0,TN,0
-3.6693418,0.7218283,-0.09225233,0.6050432,0.04793258,-0.3302661,0.62301785,-0.43617576,-0.13846329,-0.13210411,0,chr12:47818748:upper_lobe_of_left_lung:0,TN,0
3.7574952,1.6563007,-0.38374957,-1.0394388,-0.030799877,-0.8097161,0.28902486,0.102856055,-0.33417904,-0.090022385,0,chr1:94558924:esophagus_squamous_epithelium:0,FP,1
2.0661519,2.7354517,1.4288723,2.3459766,0.15402028,0.0121148825,-0.80695325,0.13662429,-0.5745585,-0.18508503,1,chr1:16914310:suprapubic_skin:0,TP,1
-2.8986843,0.995301,1.3869787,0.18775314,0.41587758,-0.6309992,-0.30750048,0.98868704,0.16671869,-0.6412109,0,chr1:234544910:sigmoid_colon:0,TN,0
4.7632127,0.34055015,0.007455978,0.76524323,-0.40609473,0.12527846,-0.13712011,-0.13172613,0.12734702,-0.13171478,1,chr7:30284569:upper_lobe_of_left_lung:0,TP,1
5.0130925,-0.6589318,-0.23487274,-0.987696,0.06013922,-0.42570642,0.2080741,-0.15296543,-0.09801535,0.01310468,1,chr19:21585141:body_of_pancreas:0,TP,1
4.4716964,0.45968086,-0.3231277,-0.869779,-0.37696236,-0.6224944,0.1965467,-0.025516124,-0.21664569,0.22795202,1,chr21:32561880:gastrocnemius_medialis:0,TP,1
4.8682823,0.31687152,0.2377286,-0.5895661,-0.15059045,-0.07105303,-0.14303236,-0.07315849,-0.04047991,-0.0800498,1,chr2:85432403:gastrocnemius_medialis:0,TP,1
5.112122,-0.5877518,0.12143434,-0.58067214,-0.40038416,-0.21968141,-0.012522279,-0.26501924,0.10537434,-0.44736585,1,chr4:47123804:gastrocnemius_medialis:0,TP,1
1.7144804,1.4089068,2.306718,1.3229634,0.26629066,0.045792803,-1.0885055,0.02392674,0.12558399,-0.67854047,1,chr2:33277798:gastroesophageal_sphincter:0,TP,1
-3.1851864,1.1615272,-0.75937223,0.8928847,-1.4167838,0.39530155,0.62203354,0.27428716,-0.5377732,0.028936453,0,chr4:154416510:stomach:0,TN,0
-3.1770043,-0.5142089,1.77598,-0.22881666,0.17407672,-0.28108266,0.4754272,0.059250657,-0.6497749,-0.106974244,1,chr7:95549262:body_of_pancreas:0,FN,0
3.5200632,2.590519,0.5558451,-0.281884,-0.4775233,0.7122618,0.47762492,-0.18817039,0.52834207,-0.5420422,1,chr3:137535766:transverse_colon:0,TP,1
-2.8936949,-0.013832119,-1.5431222,-0.738383,1.8938987,-0.3149137,-0.13734932,0.2611232,-0.73296595,-0.26760906,0,chr1:40045841:tibial_nerve:0,TN,0
-3.8205807,0.46192816,0.3690691,1.1170626,-0.12946317,-1.0678622,0.48162645,0.011931699,-0.11638314,-0.26849648,0,chr7:2173122:esophagus_muscularis_mucosa:0,TN,0
1.369133,-0.73332524,0.20922132,0.31835613,2.3881407,0.83653873,-0.39837867,-1.4045316,-0.64255476,-0.5441839,1,chr20:3810780:Peyers_patch:0,TP,1
-3.8056207,1.0561943,-1.4086028,-0.4176783,1.5186546,-0.017366767,-0.9299177,-0.59549767,-0.5135614,-0.28277496,0,chr1:40063356:spleen:0,TN,0
-3.0570152,-0.086648725,1.1466242,-1.0443276,-0.4983862,0.31751692,-0.44726852,0.5603671,-0.36634868,-0.08995052,0,chr6:148515501:gastrocnemius_medialis:0,TN,0
4.8160005,-0.23548165,0.28764457,0.41335303,-0.10711411,0.033231463,-0.5015009,-0.14691879,-0.04601834,-0.12649499,1,chr15:75348373:esophagus_muscularis_mucosa:0,TP,1
5.1522937,-0.5061581,-0.024238825,-0.35713413,-0.29307005,-0.13991794,-0.092306875,-0.17284182,-0.020585788,-0.2128142,1,chr11:47642410:prostate_gland:0,TP,1
-3.6878984,1.1169486,-0.006832576,0.18014474,0.0115167,-0.31288573,1.1531551,-0.18576555,0.55834424,0.17580068,0,chr8:119177582:transverse_colon:0,TN,0
-3.6771376,0.71196896,1.0054502,-0.22802974,-0.0029949227,0.044326574,-0.07155071,-0.025880884,0.100544184,0.4262418,1,chr1:85339294:gastrocnemius_medialis:0,FN,0
1.1926033,-0.044233385,-0.9406912,0.061143894,0.82901025,0.59072816,0.21267554,0.9330128,0.8335821,1.0537568,0,chr2:20432762:sigmoid_colon:0,FP,1
-0.82660544,-2.3897707,1.7409604,0.41903368,0.7731494,0.8609467,0.10490539,1.3469756,-0.45812172,-0.56682044,0,chr2:105577381:body_of_pancreas:0,TN,0
3.640711,0.38959932,-0.8071158,-0.7219042,0.23802735,-0.838019,0.30738327,0.3506602,-0.39402783,0.55658424,1,chr8:42716491:sigmoid_colon:0,TP,1
-3.0426729,-1.7337517,0.20264097,-0.5427494,-1.2253386,0.8295972,-0.2570314,0.74564016,0.021977605,-0.0014524641,1,chr1:230168304:tibial_nerve:0,FN,0
-2.4660087,-1.7873982,1.6748705,-0.7262433,1.0809683,-0.07491446,0.50648016,-0.23402955,-0.29161176,-0.12328115,1,chr6:32665852:body_of_pancreas:0,FN,0
-2.1625295,0.21928483,2.1660564,0.49754703,0.50484765,0.023061322,0.2823155,-0.48091438,-0.16918875,0.13021559,0,chr2:40434657:esophagus_muscularis_mucosa:0,TN,0
4.3204746,-0.17117986,-0.32511818,0.9831723,-0.28267753,-0.04426795,-0.3526539,-0.2535755,-0.20091966,-0.266825,0,chr17:82212774:Peyers_patch:0,FP,1
-1.6120679,0.13162613,0.33779448,2.3128948,0.43028092,-0.07053761,1.323884,-0.050957065,0.61337703,-0.16178787,0,chr9:127563617:transverse_colon:0,TN,0
-3.3656535,-0.2921184,-0.051934686,0.06447538,0.91608536,-0.0637381,-0.26423702,-0.6116397,0.023115091,0.6770838,1,chr19:37211107:spleen:0,FN,0
-1.7976574,-1.5328758,1.4379175,-1.1488987,-0.40911114,1.4397141,0.7361486,-0.4632255,-0.90440017,0.49755687,0,chr4:26884673:esophagus_squamous_epithelium:0,TN,0
-4.56355,0.1479791,-0.6697183,-0.7681311,0.4186411,-0.094928704,-0.24014081,0.6114325,-0.31587505,-1.2581545,1,chr1:31416372:gastrocnemius_medialis:0,FN,0
-4.3858275,1.3860303,-1.4010118,-1.3438781,0.9383297,-0.17389366,-0.47244227,-0.22870216,0.17285368,-0.71340966,0,chr14:54697995:sigmoid_colon:0,TN,0
3.6607702,-0.05826129,-0.00019553138,0.62464947,0.019524986,-0.60720396,-0.122253016,0.14204787,-0.3683802,0.3894019,1,chr17:21842787:testis:0,TP,1
-3.2849636,1.1482627,-1.5194262,0.1803298,-1.137739,-0.45691648,1.0352675,-0.32289213,-0.1190749,-0.57548344,0,chr17:77409151:transverse_colon:0,TN,0
4.1589627,0.82879007,-0.28709987,0.5274911,-0.33552012,0.67082286,1.0484987,0.24088809,0.24184318,-0.58630157,1,chr22:48694186:tibial_nerve:0,TP,1
-3.085091,0.3082264,1.642485,0.38531289,0.98519516,0.2541813,-0.16536108,-0.21173623,-0.22258653,0.14287925,1,chr19:36053072:esophagus_muscularis_mucosa:0,FN,0
5.078066,-0.03132366,0.15039213,-0.09037268,-0.5225561,0.025618678,-0.12836376,-0.13028403,0.022396088,-0.14386484,1,chr20:36461197:body_of_pancreas:0,TP,1
-0.32321104,0.34257045,-1.4787221,1.336221,-0.60559976,0.214073,0.8189412,0.3026128,0.87119114,1.093785,1,chr1:153634639:esophagus_squamous_epithelium:0,TP,1
4.1541886,0.18770204,0.22944237,0.58550847,0.07660723,0.0283385,-0.5389903,0.043597247,-0.45846266,0.44911376,1,chr17:45583727:gastrocnemius_medialis:0,TP,1
-3.4189658,2.6434724,0.10927409,-0.38864878,0.34666967,0.7205144,0.2607666,-0.4022463,0.2167238,0.5677168,0,chr5:16930624:prostate_gland:0,TN,0
-3.3570564,0.4812219,0.85996383,-0.14683029,-1.127832,-0.10785248,-0.21741666,0.2523139,0.005846778,0.3628168,1,chr5:143154853:tibial_nerve:0,FN,0
1.3235892,1.0818111,1.1007308,-0.6729837,-0.49485248,1.924469,0.95906407,0.7284706,-0.07875386,-0.717343,1,chr4:185256145:spleen:0,TP,1
-2.9059517,2.7131026,1.8497965,-0.667098,-0.39597103,-0.9982163,0.56704825,-0.22663392,-0.2444855,0.16082878,1,chr6:29941742:testis:0,FN,0
-2.416989,0.9305174,1.2887714,-0.3560612,-0.22277224,-0.29913947,-0.43919352,0.19171193,0.6213553,0.3029687,0,chr1:21171296:sigmoid_colon:0,TN,0
0.92169553,-0.96471566,-1.1120616,-0.44604233,1.8022214,0.09174502,-0.69111526,-0.07270953,-0.4287379,0.38021848,1,chr10:72221998:gastrocnemius_medialis:0,TP,1
-3.216563,-0.9671544,-0.9621069,-0.08427837,-0.69522196,-0.36455715,0.08209389,0.15567304,0.94667953,-0.09050997,0,chr2:28991635:sigmoid_colon:0,TN,0
-2.9453173,1.010866,1.6161854,-0.27228227,0.38101688,-0.28911394,0.3100013,0.22338769,0.49576655,0.40996507,0,chr6:32640050:spleen:0,TN,0
5.0297146,-0.2669363,0.3214072,-0.46238092,-0.40004432,0.06437016,-0.077072695,-0.24065535,0.23365131,-0.36401007,1,chr1:93845496:body_of_pancreas:0,TP,1
4.6279902,0.3958895,0.2735636,-0.2742932,-0.04670188,0.003640798,-0.5917237,-0.30303538,0.08881554,-0.68075854,1,chr3:195532202:gastrocnemius_medialis:0,TP,1
2.2058823,1.0512019,-0.5870716,-1.0540735,0.5336992,-0.22744492,0.19638506,1.0762368,-0.30889115,-0.022061234,1,chr20:44150125:gastroesophageal_sphincter:0,TP,1
-2.3729908,-2.859503,1.036579,0.26551214,-0.5236333,0.70130247,0.5565684,0.42281115,-1.0450481,-0.5322203,1,chr16:84806565:gastrocnemius_medialis:0,FN,0
-3.3790476,1.0502715,-0.016957523,-0.50837886,-1.3122209,1.0897354,-0.12812585,0.63732046,0.054360602,0.05031881,0,chr1:244274104:esophagus_muscularis_mucosa:0,TN,0
-3.2132819,0.20752957,-0.8833906,-0.69687545,-0.041898698,0.7676481,-0.53632313,1.2835559,-0.09065238,0.5701066,0,chr15:82541188:gastroesophageal_sphincter:0,TN,0
1.9302078,5.3043957,-0.34120905,1.0357243,-0.9988563,0.44151407,0.91239756,0.10779753,-0.2653408,-0.10544637,0,chr7:67302591:suprapubic_skin:0,FP,1
-2.4053063,-0.09949031,1.6562991,1.2884978,1.2004026,-0.27896294,0.42432773,-0.29412264,0.31034634,0.0074718106,0,chr10:77392785:prostate_gland:0,TN,0
-3.4580195,-1.1589646,-0.74949497,-0.23092575,-0.8244707,-0.023188516,-0.28902593,-0.44814453,0.46077907,0.4153698,0,chr7:38178364:Peyers_patch:0,TN,0
4.8017335,-0.25335556,-0.100637525,-0.42848143,-0.26021206,0.14544247,0.680005,-0.06883718,0.068711236,-0.23205185,1,chr7:142759179:body_of_pancreas:0,TP,1
4.763286,0.21464702,-0.033308815,0.312182,-0.33385655,0.3580854,-0.23912549,-0.06075535,-0.15039994,-0.09724638,0,chr3:196639613:gastrocnemius_medialis:0,FP,1
3.8041492,-0.048738323,0.38752183,1.27505,-0.39912862,0.02068092,-1.2923269,-0.10414258,0.12527888,0.588622,1,chr19:12946073:esophagus_muscularis_mucosa:0,TP,1
4.910607,-0.41342896,-0.19156934,-0.58191776,-0.3306275,-0.12401721,0.4209677,-0.15879016,0.20924854,-0.02546629,1,chr17:21322681:transverse_colon:0,TP,1
0.14117599,1.3942988,0.7034875,0.19206125,1.6022714,0.5211317,-0.81031346,-1.3229072,0.5471825,-0.44530454,0,chr20:51753065:esophagus_squamous_epithelium:0,FP,1
4.6496887,-0.9816907,-0.17234161,-1.1957424,-0.09868352,-0.31472683,0.48886085,-0.42156807,0.07889412,-0.3846356,1,chr5:127014565:transverse_colon:0,TP,1
-3.401547,-0.39955252,0.42852035,-1.2196109,-1.6427433,0.67993045,-0.38870016,-0.36638078,-0.23116918,0.36680004,0,chr10:17006708:gastroesophageal_sphincter:0,TN,0
5.0034337,-0.32158658,-0.14454912,-0.91826755,-0.2796376,-0.62409407,0.4272287,0.064243026,-0.17697637,-0.061632507,1,chr7:142750282:body_of_pancreas:0,TP,1
3.1466644,-0.09870079,-0.8717794,-0.8193853,0.5221228,-0.666708,0.33026895,1.653657,0.08757568,2.1723387,1,chr1:21935425:esophagus_muscularis_mucosa:0,TP,1
-3.4015357,-0.6872482,-2.22751,1.1055009,-1.2849061,-0.27290478,-0.2909561,-0.72442716,-0.080651656,-0.2531854,0,chr8:41578275:tibial_artery:0,TN,0
-2.826259,-1.87864,-0.17438619,-0.9272281,-1.1978263,0.6915763,-0.17712902,0.81706643,0.15750483,-0.004007008,0,chr12:109160750:body_of_pancreas:0,TN,0
2.665039,0.49352878,0.7169753,1.5152321,0.63438416,0.23286264,-0.6196992,-0.37249625,-0.19226961,-0.24276486,1,chr4:186204369:body_of_pancreas:0,TP,1
1.1429374,0.7958127,1.7019047,1.4115641,0.050226696,0.3818462,-0.21840495,1.214483,0.0719608,-0.23874377,0,chr12:124519158:gastroesophageal_sphincter:0,FP,1
0.837795,2.6788108,-0.6409223,-0.0063653006,0.270905,-1.460324,0.057526696,0.33509213,-0.7512958,-0.35762423,1,chr8:144767582:stomach:0,TP,1
-4.013467,0.2999535,-1.1763039,-0.04344607,-1.0543704,-0.6620211,-0.98900753,-0.043107245,0.51138633,-0.110634975,0,chr11:57667738:thyroid_gland:0,TN,0
-2.4622283,0.9688038,-1.673139,1.2830516,0.50488544,0.7265875,0.45783883,-0.32318908,-0.18239857,-0.66986483,0,chr9:128829552:tibial_artery:0,TN,0
5.1271634,-0.819968,0.18543483,-0.53008914,-0.17816438,0.0037978285,-0.2941488,-0.20148182,0.12996797,-0.14406356,1,chr19:34307815:gastrocnemius_medialis:0,TP,1
-3.572619,-0.5752771,1.08279,0.03636772,-0.20617248,-0.15848556,0.32597837,-0.1273027,-0.26058745,-0.15488708,1,chr17:2062247:esophagus_squamous_epithelium:0,FN,0
1.5139445,1.5344934,1.286975,1.2380593,0.104408115,-0.21770379,-0.8722017,0.35433286,-0.014762414,-0.65922344,1,chr18:55586134:gastroesophageal_sphincter:0,TP,1
-2.1577468,0.29130659,-0.6737592,0.00048723418,-0.10561604,1.8109232,0.7483531,1.397506,-0.28834495,-0.43720666,1,chr22:37282772:body_of_pancreas:0,FN,0
-3.6494894,-0.193693,2.0674193,-0.39380446,-0.22402452,-0.75378865,0.07555711,-0.7607224,-0.43419135,0.40133855,0,chr5:96661007:tibial_artery:0,TN,0
2.5546513,1.1319942,0.64935553,1.7651316,0.6197717,-0.62620324,0.06282473,0.4425103,-0.21560387,-0.04517308,0,chr6:29942999:testis:0,FP,1
3.875336,-0.21247229,-0.80609185,-0.99254066,0.14583373,-0.68337995,0.70968837,0.40641767,-0.57296985,0.5687101,1,chr3:19103090:spleen:0,TP,1
1.8370485,1.9909478,-0.6639809,-0.7144254,0.11851201,-1.5014685,-0.010410553,0.3488751,-0.8597895,0.059645142,0,chr8:144557652:esophagus_squamous_epithelium:0,FP,1
-3.736949,0.24576283,-0.6903281,0.2071038,-1.2015655,-0.7070964,-0.47615987,-0.17256998,0.71140707,-0.024541244,0,chr1:121116926:testis:0,TN,0
-0.94543165,-1.1611279,1.1240199,1.5442952,0.97859865,-0.67702323,0.8398451,0.066938646,-0.34130332,0.25766608,0,chr2:237575700:stomach:0,TN,0
-3.4391837,1.5649649,-0.95606786,-0.22230054,0.13132836,-0.2168667,0.5457768,0.18640408,-0.03386125,-0.39080107,0,chr10:101013253:gastrocnemius_medialis:0,TN,0
4.945516,0.1072012,0.15311895,-0.27660212,-0.56506276,-0.12145628,-0.12405654,-0.24880254,0.1262369,-0.46627197,1,chr2:67906572:thoracic_aorta:0,TP,1
4.6137614,0.4758488,0.06310014,-0.29796052,-0.2803735,-0.2503467,0.09422578,-0.16357513,-0.08872855,-0.53371257,1,chr19:21585366:body_of_pancreas:0,TP,1
-4.3920584,0.45415714,-1.348667,0.061893765,-1.1997631,-0.15653156,-0.49693927,-0.22230056,-0.4926717,-0.35109457,0,chr1:16760374:body_of_pancreas:0,TN,0
-3.8687298,-0.47872955,1.1554075,-0.6094076,0.42738914,0.44342083,0.025794731,-0.76278216,-0.18106477,0.59056354,0,chr22:25605698:body_of_pancreas:0,TN,0
4.682093,-0.267122,-0.3075518,-0.28640947,-0.3612952,-0.30015963,-0.3464322,0.033461194,-0.11424589,0.0012440978,1,chr10:94403625:transverse_colon:0,TP,1
-3.6924741,-0.8131952,0.40678164,-0.41137877,-0.44873282,0.052106626,0.012229139,-0.13561644,0.54773766,0.35773146,0,chr10:110844269:prostate_gland:0,TN,0
3.008079,0.4740249,0.41681373,1.567739,-0.72374856,0.90324926,-1.216284,0.6097083,-0.89041567,0.68474644,1,chr10:28302669:body_of_pancreas:0,TP,1
-0.32124034,3.49982,-0.1616679,-0.14528205,0.489707,-0.73258865,-0.15592366,0.21323273,0.31336364,-0.830417,0,chr8:42721444:body_of_pancreas:0,FP,1
5.0640965,-0.46743584,-0.094198234,-0.8112494,-0.47911912,-0.38309863,0.25770015,-0.07868591,0.020451939,-0.16325353,1,chr17:43360579:esophagus_muscularis_mucosa:0,TP,1
-0.4087069,-0.18401726,-2.0053744,-1.3259683,1.9072828,0.023418475,-0.2139397,0.2063853,-0.80778855,0.78865963,0,chr19:47637599:spleen:0,TN,0
-3.213186,1.5033437,-0.6720061,-0.55676776,1.2574074,-0.2433468,0.03621216,-0.16603096,-0.58588636,0.0517554,0,chr6:96300932:body_of_pancreas:0,TN,0
-3.46498,0.2730859,-0.48088816,-0.20344701,1.1342481,-0.2706162,-0.20866443,-0.78448534,-0.76612276,-0.33877128,0,chr7:74030783:body_of_pancreas:0,TN,0
-2.690999,-1.3026428,0.7572036,0.8713803,0.2924038,0.23269993,0.2786493,1.3309319,-0.18734583,-0.40392745,0,chr22:23289613:tibial_nerve:0,TN,0
-1.4783646,-1.9376605,-2.7609494,1.3720274,-0.20729685,-0.009903277,0.3523872,0.11508968,1.223148,-0.14430079,1,chr8:22109377:body_of_pancreas:0,FN,0
-0.6027794,1.2665415,0.31129915,-1.0479807,1.3429921,-0.062722564,-0.77250624,-0.2738744,-0.12425666,0.629978,0,chr1:52699156:body_of_pancreas:0,TN,0
-2.2612004,0.5852675,-0.8619246,-0.038252093,1.889106,-0.029760743,-0.57833266,-0.02600633,0.016762676,-0.900752,1,chr22:43146360:spleen:0,FN,0
-3.2199907,2.431694,-0.5451114,0.6427475,-0.28721586,0.49515557,-0.29404873,-1.1593083,-0.02059481,-0.09406893,0,chr19:22526756:body_of_pancreas:0,TN,0
-1.9201578,-0.59146094,-2.5565555,1.5680982,-0.083434135,-0.1711443,0.39219669,0.026798893,-0.48847735,0.02779271,0,chr10:70888578:sigmoid_colon:0,TN,0
-4.1962543,-0.022032414,-0.7739028,0.04066125,-1.3220546,-0.26222953,-0.4290115,-0.57158506,0.09878817,-0.11992804,0,chr6:32970296:stomach:0,TN,0
-0.4140577,0.34072065,0.7190593,0.37341154,0.41484818,-0.123527326,0.78913283,0.4535445,0.14981079,0.51709783,1,chr2:67837569:body_of_pancreas:0,TP,1
-2.5481317,-1.896734,1.5050857,-0.1510997,0.3038868,-0.8769849,0.506886,-0.32637593,-0.046679627,0.02113315,0,chr11:114559891:transverse_colon:0,TN,0
-2.4605691,-1.7943151,-1.142281,0.136194,-0.79998153,1.3216422,0.5121192,-0.35905543,-0.9869641,-0.29678687,1,chr7:66413673:gastrocnemius_medialis:0,FN,0
5.122896,-0.47151017,-0.118333094,-0.58288246,-0.2520678,-0.30175474,0.42257273,-0.046209265,-0.029467512,-0.15238135,1,chr3:75785609:sigmoid_colon:0,TP,1
-0.011854848,1.5160419,-1.5041622,-1.1869832,0.7423926,-1.1158472,-0.16656299,0.4052054,-1.0162786,0.02349054,0,chr5:157915951:sigmoid_colon:0,FP,1
1.4276223,1.2722769,-0.62457544,-1.342653,1.0393127,0.3973807,-0.5700728,-0.34077948,-0.6302365,0.8866772,0,chr3:101379630:spleen:0,FP,1
-3.5328002,-0.6514739,1.4654883,-0.2534816,-0.55062217,-0.8287382,-0.32620847,-0.34184593,0.3673203,0.477773,0,chr7:22205440:gastrocnemius_medialis:0,TN,0
3.3625493,0.04605867,-0.91139203,1.6922976,-0.22940403,-0.16608335,-0.3328125,0.12689005,-0.62862015,0.8836795,1,chr10:115093409:gastrocnemius_medialis:0,TP,1
-0.32321104,0.34256908,-1.4787221,1.3362195,-0.60559964,0.21407326,0.8189412,0.30261338,0.87119204,1.0937841,1,chr1:153634639:sigmoid_colon:0,TP,1
-2.9520214,-1.5964807,-0.95589757,0.32860947,-0.71247387,-0.18257265,-0.5412498,0.02528736,1.2581553,0.12975648,1,chr3:174440978:transverse_colon:0,FN,0
5.0796056,-0.7227574,-0.18135728,-0.72264457,-0.23450752,-0.5397789,0.19477354,-0.04774105,-0.12108392,-0.07715678,1,chr6:17600812:thoracic_aorta:0,TP,1
4.258652,-0.9964057,-0.6792133,-1.1505725,0.01810134,-0.6583648,0.6604248,0.026706917,-0.07087185,0.17210996,1,chr10:35403939:gastrocnemius_medialis:0,TP,1
-3.039904,1.0946058,-0.7466977,0.24924447,-0.40766275,0.9833395,1.0435458,1.556667,-0.680673,-0.95732355,0,chr1:182088495:esophagus_squamous_epithelium:0,TN,0
-2.6317513,2.1680245,1.2238982,-0.28165367,0.28416482,-0.34773132,0.48615655,-0.23693903,-0.3357226,0.28567797,0,chr15:98007914:sigmoid_colon:0,TN,0
2.0661519,2.7354517,1.4288723,2.3459766,0.15402028,0.0121148825,-0.80695325,0.13662429,-0.5745585,-0.18508503,1,chr1:16914310:gastrocnemius_medialis:0,TP,1
-2.0543551,-1.3320199,0.86389536,1.2521209,0.72643584,0.034124646,0.23890938,-0.004725126,0.3847157,0.17784324,0,chr3:66403919:gastrocnemius_medialis:0,TN,0
-4.300958,0.8963411,0.072287574,0.2317785,0.6663386,-0.5749448,-0.72962815,0.07235252,-0.004094385,-0.367968,1,chr14:96206756:transverse_colon:0,FN,0
5.0506105,-0.6651213,-0.14515355,-0.81731534,-0.31304538,-0.2704403,0.44371417,-0.008109451,0.0040171635,-0.07336226,1,chr3:16366617:tibial_nerve:0,TP,1
4.8061004,-0.40999246,0.10698143,-0.24640717,-0.26750633,0.6365646,0.30630922,-0.40618476,0.24654068,-0.36491936,1,chr17:75298409:transverse_colon:0,TP,1
3.5840814,0.65329504,0.3287487,1.2144542,-0.3774661,0.42670074,-0.8835295,0.0034411345,0.16303603,0.27195743,0,chr9:106864106:esophagus_muscularis_mucosa:0,FP,1
5.0640974,-0.46743548,-0.094198294,-0.8112499,-0.47911945,-0.3830984,0.2576999,-0.078685656,0.020451834,-0.16325326,1,chr17:43360579:esophagus_squamous_epithelium:0,TP,1
-3.238293,1.235804,-0.35642418,-1.1977377,1.837589,0.42606643,-0.95773816,-0.80556536,-0.17121059,0.86670256,0,chr2:28226315:gastrocnemius_medialis:0,TN,0
-2.1928558,-1.6266477,-1.6742697,0.32927987,-0.17217258,0.62497026,0.4273654,1.3975319,1.732526,-0.34539592,0,chr16:85384888:suprapubic_skin:0,TN,0
5.0939417,-0.39237145,-0.05282439,-0.6365348,-0.3993412,-0.33558962,0.25383726,-0.05229562,-0.055808026,-0.28136826,1,chr17:43360116:body_of_pancreas:0,TP,1
4.6465163,-0.5379431,-0.47033313,0.57860583,-0.061667487,-0.103532575,-0.19248545,-0.36306486,0.12534857,-0.07753458,1,chr2:178451029:body_of_pancreas:0,TP,1
3.8288498,1.4300615,0.96741104,-0.017039774,-0.2956669,0.32594973,-0.6462605,0.045562502,0.48641723,-0.432811,1,chr1:45979435:transverse_colon:0,TP,1
-4.0931754,-0.35414708,0.0657471,-0.8488649,0.57534045,-0.31878614,-0.6607082,0.2744646,0.12465089,-0.68516123,0,chr10:24213126:gastrocnemius_medialis:0,TN,0
4.1920767,-0.37425393,-0.8404378,-0.57623154,0.18991283,-0.7172896,0.5479745,0.17306197,-0.47092566,0.21843646,1,chr6:29942964:gastrocnemius_medialis:0,TP,1
-0.6385946,0.70047486,1.0660626,1.8853862,0.9775533,-0.3177057,0.55200714,0.82622486,0.5484706,-0.7657534,0,chr21:38819989:esophagus_squamous_epithelium:0,FP,1
1.0614499,1.6350476,-0.22006345,-0.30467382,0.48004612,0.27348003,-0.32566673,-0.1241199,-0.14774927,-0.43087465,0,chr13:23287637:gastrocnemius_medialis:0,FP,1
5.1385007,-0.6614187,-0.18141663,-0.65808165,-0.26172322,-0.50601923,0.30425608,0.021930393,-0.12228461,-0.039334755,1,chr3:75785531:tibial_artery:0,TP,1
4.0182652,0.09219955,-0.08575212,-0.77968234,-0.24938655,0.0022421817,-0.11039625,-0.4092321,0.25535667,-0.6548766,1,chr12:31641261:body_of_pancreas:0,TP,1
1.3018738,1.5795587,-1.1314344,-1.0198423,0.082889445,0.3537007,0.26709726,1.0883408,0.59810764,1.0386183,1,chr6:32761227:spleen:0,TP,1
1.1240941,2.7214587,-0.1419288,-0.64633995,-0.021465603,-1.2318137,0.43091002,0.50614166,-0.78239304,0.1441675,1,chr21:7246060:prostate_gland:0,TP,1
2.8404312,0.49444827,-0.46254054,-0.42035288,1.1370027,-0.6640442,0.06940998,0.44175223,-0.3126419,-0.630685,1,chr2:9162888:thoracic_aorta:0,TP,1
-0.043887947,0.4272251,-1.4506135,-0.4417832,1.0630438,-0.048255894,0.062101394,1.33652,-0.7913628,1.3838786,0,chr11:35907681:body_of_pancreas:0,FP,1
3.2254918,-0.19955797,-0.15380742,1.8874139,-0.62777346,0.5172438,-0.6954926,-0.013325786,-0.30176604,0.6530303,0,chr5:16936294:upper_lobe_of_left_lung:0,FP,1
-4.3589196,0.31049812,-0.7750068,0.006145422,-1.2799286,-0.3405027,-0.22866696,-0.7015113,-0.10877782,-0.3809634,0,chr1:94927827:spleen:0,TN,0
-1.8482587,-1.4654417,-0.5561138,1.1767088,0.6867998,-0.48303065,0.49620464,1.0997533,2.152139,-0.26575688,1,chr22:46588560:gastrocnemius_medialis:0,FN,0
-3.3034356,1.0594077,0.5485282,-0.5414442,-0.5244468,-0.038901843,0.57464856,0.08911953,0.393112,-0.08948554,0,chr4:7905864:gastrocnemius_medialis:0,TN,0
3.781541,1.4368953,0.8360542,0.7850509,-0.23172097,0.5436043,-0.76989216,0.39131597,0.18046968,-0.6756987,0,chr13:20119613:esophagus_squamous_epithelium:0,FP,1
-3.837824,0.81015253,1.4391059,-0.57999384,-0.47975397,-0.56261355,-0.060314383,0.052241325,-0.22266352,-0.032620605,0,chr3:102089534:gastrocnemius_medialis:0,TN,0
-2.5133452,-1.0998322,0.31671423,-1.4674127,-1.162477,1.1533756,-0.33333585,0.5087663,-0.11769089,0.33733588,0,chr13:33277474:esophagus_muscularis_mucosa:0,TN,0
0.8884093,-0.75581443,-1.5840139,0.13592982,0.72037554,-0.011435432,0.17527147,-0.36323255,-0.1885364,-0.41235742,0,chr11:89382761:thoracic_aorta:0,FP,1
1.6734571,0.6413647,0.5805323,1.0691835,0.21198043,0.80520266,0.9327693,0.11951038,0.9256185,-0.47477773,1,chr3:134368301:gastrocnemius_medialis:0,TP,1
-4.23027,-0.52857494,-0.3257289,-0.91445446,0.8859031,-0.27886966,-0.45754337,0.034331605,0.3527695,0.22134747,0,chr14:88542201:transverse_colon:0,TN,0
-3.6426997,-0.35917187,1.3646904,-0.46690595,-0.8557064,-0.39163184,-0.4246195,-0.49053144,0.14780533,0.49505857,0,chr4:40585437:spleen:0,TN,0
-1.2219068,-2.0680013,0.017494999,-1.4355172,-0.030342216,1.2685959,-0.40811756,1.4420806,0.085543506,-0.5693205,0,chr15:99111593:gastrocnemius_medialis:0,TN,0
4.4865217,0.60393614,0.005379978,0.40869907,-0.3551266,0.07147584,-0.50462854,0.57307994,-0.07770478,0.47149566,1,chr2:131492789:stomach:0,TP,1
-0.18983524,1.9135078,1.4445531,0.0043143737,0.8016098,-0.67128676,-0.15300365,-0.030667802,0.37534037,0.6219696,0,chr19:50899425:prostate_gland:0,FP,1
-1.3111696,-0.38662297,0.23148844,-0.3483706,0.5274148,0.68873423,-0.7059245,1.5413084,0.27674332,0.7589732,0,chr11:112162880:stomach:0,TN,0
-2.569654,0.20014307,0.64644355,-0.7201462,0.26117426,0.8959742,-0.3526115,-0.039271355,1.0370753,1.1319889,0,chr4:142266609:gastrocnemius_medialis:0,TN,0
-4.0986915,-1.219945,-0.7745667,0.4758091,-0.9383236,-0.2716668,-0.25092497,-0.8199994,-0.095996685,-0.069048695,0,chr5:176416882:esophagus_muscularis_mucosa:0,TN,0
4.790891,-0.11610324,0.27239653,-0.54020774,-0.01906307,-0.21535136,-0.21704742,0.01552512,-0.0738774,-0.25544345,0,chr13:21017651:body_of_pancreas:0,FP,1
1.9159763,1.456312,1.7359517,2.5106947,0.50954115,0.4501559,0.18980603,0.29090282,-0.1479602,-0.7094057,1,chr13:114130746:gastrocnemius_medialis:0,TP,1
5.018615,-0.59314084,-0.04582885,-0.5301123,0.064496726,-0.23829663,-0.005416832,0.25415993,-0.17339356,0.44362012,1,chr6:99516089:spleen:0,TP,1
4.953225,0.24610667,-0.09346887,-0.7631281,-0.46646875,-0.56076896,0.3143417,0.06978423,-0.19064856,-0.045569126,1,chr19:21569427:body_of_pancreas:0,TP,1
-3.9280283,0.6299309,-1.4274997,-0.7918045,1.2699479,0.081047796,-0.5164381,-0.18303674,-0.15101857,-0.9650789,0,chr16:50209022:gastrocnemius_medialis:0,TN,0
-3.5194802,-0.62498385,-0.6227009,0.5132195,-0.54971033,-0.96973896,0.71234936,-0.2982855,0.71661586,-0.48721474,1,chr17:81050564:sigmoid_colon:0,FN,0
-2.9865367,1.1856965,-0.8389239,-1.2896776,0.390269,0.5930246,0.45911932,-0.22278214,0.09964384,0.09741153,0,chr15:99173965:stomach:0,TN,0
-4.04266,1.8152393,-0.624212,-0.42403463,1.1784546,-0.07866775,-0.7258151,-0.15910338,0.028294243,0.18178804,0,chr20:41002630:transverse_colon:0,TN,0
2.0661514,2.7354515,1.4288731,2.345976,0.15402001,0.012114755,-0.80695367,0.13662441,-0.574558,-0.18508472,1,chr1:16914310:upper_lobe_of_left_lung:0,TP,1
-3.647305,0.8829582,-0.59888023,-0.7583098,-0.050926726,-0.11125213,0.34559172,-0.21848685,0.41751286,-0.08578565,0,chr3:14337978:gastrocnemius_medialis:0,TN,0
5.1319914,-0.42268208,0.11896531,-0.46531236,-0.2955529,0.0054847994,0.31208932,-0.2614628,0.19378352,-0.40784234,1,chr7:142470340:transverse_colon:0,TP,1
-4.13935,-0.13059984,-0.061677687,0.15225382,-1.0732031,-0.68464595,-0.39396182,-0.262683,-0.2793622,-0.3190749,0,chr9:128276970:esophagus_squamous_epithelium:0,TN,0
-4.205309,0.7087707,-0.14261256,0.10971857,-1.216095,-0.645514,-0.31422338,-0.021005474,0.31413704,0.040745985,0,chr5:65563764:spleen:0,TN,0
-3.800305,0.055556804,-0.71375465,0.87976176,-0.03511116,-0.7019128,0.24899581,0.16887242,0.6333041,-0.5168445,1,chr20:37337142:transverse_colon:0,FN,0
4.039712,0.07503389,-0.6267109,0.38159582,0.022856148,-0.5519728,0.22421537,0.21449585,0.15603492,0.047794547,0,chr16:88783012:sigmoid_colon:0,FP,1
3.8246424,-0.20027338,0.111419156,-0.11424223,0.046921335,0.43178597,0.6727944,0.23516822,0.039334387,0.37266782,0,chr2:41898369:thoracic_aorta:0,FP,1
2.63252,2.5346918,0.009448465,-0.3174019,-0.08242986,0.70500946,0.8316107,-0.052496772,0.46215194,-0.58788705,1,chr7:142774800:body_of_pancreas:0,TP,1
-3.4592211,-0.26134878,-2.3004825,0.80909663,-1.0281378,-0.29090503,-0.16253819,-0.14533019,1.2381347,-0.15285991,0,chr17:83051585:esophagus_squamous_epithelium:0,TN,0
2.1665204,0.49044576,-1.247538,-0.64038336,0.8319523,-0.72226864,0.20407218,0.714434,-0.35041153,-0.16325496,1,chr16:9127589:body_of_pancreas:0,TP,1
-1.9291682,-1.1472919,-1.9940503,0.80567133,-0.21730277,-0.2430089,-0.120346904,-0.3677354,-0.10732635,0.20541483,0,chr13:19782800:upper_lobe_of_left_lung:0,TN,0
4.9825106,0.17261279,0.37808183,-0.20016934,-0.38054368,0.1200414,-0.24507087,-0.17608832,0.09570217,-0.34085917,1,chr17:78356295:Peyers_patch:0,TP,1
-3.1656296,-0.7866527,1.5426112,-0.82980925,-0.77331686,-0.6303768,-0.43497524,0.15323533,0.21505918,0.39228153,0,chr4:142567682:spleen:0,TN,0
4.68317,0.49763075,0.5625778,0.48770168,-0.11907583,0.021484138,-0.490656,-0.08192087,0.041763145,-0.2493287,1,chr17:42112573:gastroesophageal_sphincter:0,TP,1
-0.4837492,0.20383486,-0.07959233,2.1427166,0.1304365,0.2978914,0.3732242,0.07212711,-0.9971797,0.43859157,1,chr1:3134475:upper_lobe_of_left_lung:0,TP,1
4.4865227,0.6039344,0.0053799325,0.40869853,-0.35512567,0.07147658,-0.50462794,0.5730805,-0.07770562,0.47149518,1,chr2:131492789:suprapubic_skin:0,TP,1
5.1170254,-0.28732866,0.13306747,-0.49310336,-0.36695084,-0.14595835,-0.12247509,-0.13976444,0.043739248,-0.3420003,1,chr15:24767533:transverse_colon:0,TP,1
4.8160005,-0.23548165,0.28764457,0.41335303,-0.10711411,0.033231463,-0.5015009,-0.14691879,-0.04601834,-0.12649499,1,chr15:75348373:prostate_gland:0,TP,1
1.2285273,-0.33304465,-1.8837224,0.62412506,1.238026,-0.064071916,-0.6503352,1.0765707,-0.059004582,-0.16484247,1,chr15:41283615:Peyers_patch:0,TP,1
-1.4147748,1.1243596,-1.1035719,-0.7141453,1.7941252,0.25473833,-0.35734716,-0.58371526,-0.034782257,-0.500969,1,chr2:54461098:tibial_nerve:0,FN,0
0.18448219,0.29154626,1.8380154,1.5343828,0.85931295,-0.010884898,0.377227,-0.04709026,-1.1445676,0.27477616,1,chr1:234723756:gastrocnemius_medialis:0,TP,1
4.2846518,0.44388762,-0.4581386,-0.9996006,0.12903547,-0.39064857,0.21284519,0.05416249,-0.40080908,0.28951302,1,chr19:2607097:esophagus_muscularis_mucosa:0,TP,1
-3.2888007,-0.33515674,0.12268639,-0.2540775,-0.048822373,0.16720101,-0.13009879,0.66012895,1.2293525,0.2610987,0,chr16:84607730:body_of_pancreas:0,TN,0
5.236789,-0.7478577,-0.004560436,-0.34702188,-0.22988361,0.064740896,-0.04800623,-0.29183635,0.07381973,-0.08908776,1,chr12:42144537:testis:0,TP,1
-3.0849767,-1.4580977,0.2962065,-0.3954795,-1.1073139,0.7810134,-0.09357738,1.0067458,-0.639093,-0.72263205,0,chr10:42961987:gastrocnemius_medialis:0,TN,0
3.6250255,-0.9276959,-0.7193136,0.9524091,-0.29217193,-0.139382,-0.69171655,0.25554264,-0.4951621,0.46562994,1,chr16:58197748:stomach:0,TP,1
3.3966615,1.3723134,1.4050815,0.71672535,-0.057223734,0.28535438,-0.88354856,-0.032458913,0.38551775,-0.15811339,1,chr10:74290079:gastroesophageal_sphincter:0,TP,1
-3.467762,0.15455453,0.0060526556,-0.304778,1.663046,-0.6524168,-0.025491536,-0.36146352,-0.2798735,-0.54669654,0,chr19:46967814:Peyers_patch:0,TN,0
2.1153703,-0.7024378,0.5838127,0.76243705,0.98682266,0.44972208,0.1799018,-0.7679761,-0.17320476,0.29531667,1,chr20:5656721:esophagus_muscularis_mucosa:0,TP,1
4.9708734,-0.32783553,-0.066594504,-0.5957059,-0.25638765,-0.4668543,0.20171538,-0.09152475,-0.06539112,-0.19914657,1,chr6:32670916:spleen:0,TP,1
3.395141,-0.5568436,0.039630115,-0.22106189,1.0204318,-0.24196208,0.05454748,0.10548061,-0.5492182,0.2345088,0,chr22:44023561:gastrocnemius_medialis:0,FP,1
4.959032,-1.026635,0.039152984,0.16961646,-0.10609772,-0.16748862,-0.30086255,0.035555597,-0.013063883,-0.007284604,1,chr19:58347711:spleen:0,TP,1
-2.0137112,-0.13332643,-1.3557274,1.2725658,0.13365304,-0.20569885,0.86485565,0.3270328,0.5202396,-0.23362826,0,chr16:1794779:body_of_pancreas:0,TN,0
-0.8876473,-0.66123575,1.093544,2.261285,0.19809274,-0.110603176,-0.7944183,-0.034325656,-0.5560505,0.8619819,1,chr3:37453118:esophagus_squamous_epithelium:0,FN,0
0.6214126,1.3066081,-1.0028967,-0.8884342,1.1259804,-0.6147871,-0.5475179,0.33802333,-0.097545125,-0.07291096,1,chr14:102406307:gastrocnemius_medialis:0,TP,1
-3.2335682,-1.6835037,-0.7169012,0.875284,-0.57208663,-0.61832523,0.30414358,-0.0019173442,0.97773665,-0.50454754,0,chr16:2082280:esophagus_muscularis_mucosa:0,TN,0
5.1522937,-0.5061581,-0.024238825,-0.35713413,-0.29307005,-0.13991794,-0.092306875,-0.17284182,-0.020585788,-0.2128142,1,chr11:47642410:transverse_colon:0,TP,1
1.9159763,1.456312,1.7359517,2.5106947,0.50954115,0.4501559,0.18980603,0.29090282,-0.1479602,-0.7094057,1,chr13:114130746:stomach:0,TP,1
2.9232085,0.2366427,-0.19661613,1.6578461,-0.6591749,0.8049894,-1.3004363,-0.065777384,-0.4075297,0.59587973,1,chr1:156082827:gastroesophageal_sphincter:0,TP,1
-2.7048879,-0.28442106,-0.14956427,-0.7406049,-0.43882373,1.162686,0.22550245,0.5987894,-0.10613536,0.27271855,1,chr12:47561447:spleen:0,FN,0
4.815799,0.15504342,0.2220735,-0.40244895,-0.5508396,0.114867024,0.29127112,-0.31747836,0.20185,-0.44456527,1,chr14:106470002:spleen:0,TP,1
-4.1532116,0.4432674,0.9988755,-0.15437679,-0.055095594,0.12093148,0.5250276,-0.65730584,-0.64649856,0.023182046,0,chr12:97760520:esophagus_muscularis_mucosa:0,TN,0
-2.5331936,-0.9740986,0.22721139,0.15908822,0.47484553,1.0427421,1.0219673,-0.11317461,-0.08109504,0.19383486,1,chr16:84806911:spleen:0,FN,0
-3.8627105,-0.70041364,-0.025534222,0.9250372,-0.060128786,-0.8023271,-0.38097033,-0.43578827,0.33144563,-0.052037302,1,chr4:119455384:gastroesophageal_sphincter:0,FN,0
-1.239178,0.14424294,-1.5450194,-0.8069419,1.2453942,-0.09428436,0.54580957,0.114859104,-0.08033408,0.053035527,1,chr15:89159417:gastrocnemius_medialis:0,FN,0
4.53792,-0.63895255,-0.4202814,-0.60128105,-0.0063155666,-0.285692,0.40033942,-0.38075134,-0.18194109,-0.13792804,1,chr9:27690787:spleen:0,TP,1
1.369133,-0.73332524,0.20922132,0.31835613,2.3881407,0.83653873,-0.39837867,-1.4045316,-0.64255476,-0.5441839,1,chr20:3810780:sigmoid_colon:0,TP,1
-3.800305,0.055557806,-0.7137554,0.87976134,-0.03511208,-0.7019133,0.24899569,0.16887204,0.6333049,-0.5168449,1,chr20:37337142:body_of_pancreas:0,FN,0
-3.1372063,-0.5472779,1.842959,0.29757246,-0.30385986,-1.3088048,-0.17716916,-0.120065674,0.10120967,0.3929157,0,chr2:108449967:suprapubic_skin:0,TN,0
0.67813385,-1.3561496,-1.0334245,-0.561584,0.66676605,-0.461752,0.23514636,-0.33965108,0.18974024,-0.26393828,1,chr10:40700981:prostate_gland:0,TP,1
-3.297531,-0.7924612,-0.35243022,0.6678529,-0.10512692,-0.48196644,0.5638347,0.4571428,1.0209967,-0.012780796,0,chr10:3719308:body_of_pancreas:0,TN,0
-2.6900306,-1.2418674,-0.25227663,-0.84948534,-0.83816886,0.57182413,-0.36929467,1.4807464,-0.5518509,-0.796097,0,chr7:47572353:esophagus_muscularis_mucosa:0,TN,0
-3.5147479,0.025514897,0.3061706,-0.93518,0.38062227,0.8049561,-0.24372001,-0.14318112,0.32532835,0.008323898,1,chr3:149277361:spleen:0,FN,0
-3.7359815,-0.14035058,-0.6550522,-1.2158778,1.4756066,0.22575055,-0.2431632,0.30442062,-0.38140947,-1.4530462,0,chr6:32965209:gastrocnemius_medialis:0,TN,0
-1.8814995,2.194717,-0.13878082,-0.34099522,0.06182067,1.2072799,1.5201262,-0.23632127,-0.45450416,0.5222381,0,chr4:76198064:gastrocnemius_medialis:0,TN,0
-4.005249,0.56453985,0.5057004,0.42584094,0.4402291,-0.58558315,0.041477136,-0.53790945,-0.28432,0.15823725,0,chr2:46916789:esophagus_muscularis_mucosa:0,TN,0
-3.8801885,0.7112219,1.5152438,-0.27402934,-0.30862707,-0.9414789,-0.5662953,0.12627645,0.030112997,0.22117575,0,chr17:64075057:esophagus_squamous_epithelium:0,TN,0
-3.776964,-0.5702592,1.6412503,0.22865884,0.28311175,-1.1151313,0.18601826,-0.3115032,-0.2707938,-0.115313455,0,chr5:149176492:gastrocnemius_medialis:0,TN,0
-0.43746662,1.3759655,1.110291,2.7670553,0.34508497,0.09259993,0.23520668,-0.03201885,0.28433743,0.028482862,0,chr11:72626034:gastroesophageal_sphincter:0,FP,1
4.405112,0.9000766,0.24833106,0.2911896,-0.047109593,-0.0637546,0.31800094,0.093416385,0.2883201,-0.66774654,1,chr3:195550284:transverse_colon:0,TP,1
5.1024327,-0.22624741,0.2710241,-0.20658797,-0.36911598,0.098223515,-0.25050956,-0.24784611,0.15246563,-0.31131765,1,chr17:72468174:stomach:0,TP,1
-2.903981,-1.1503257,-0.4019611,-0.0463815,0.09623536,-0.40559885,0.2675446,-0.36140004,-1.3477223,0.4836776,1,chr15:36579274:spleen:0,FN,0
-3.9961178,0.5579819,-0.12052566,0.36025658,-0.96584815,0.027988428,0.69098884,-0.39141932,-0.17441867,-0.09696621,0,chr7:151089958:Peyers_patch:0,TN,0
0.5866469,-0.63996786,0.26133654,0.06713379,1.7928256,0.6646514,0.08501869,-1.3672577,-0.23783703,-0.85134745,1,chr19:43342836:spleen:0,TP,1
5.089403,-0.7479021,0.09333263,-0.4166607,-0.3292165,0.14804024,0.47239313,-0.18410452,0.22104955,0.0021955492,0,chr13:24033515:transverse_colon:0,FP,1
1.3006055,0.13997905,-0.6971322,-0.4426629,0.91555154,-0.21180826,-0.13029088,-0.23572378,0.3278257,0.42627388,0,chr1:153119647:body_of_pancreas:0,FP,1
0.85918254,0.8325169,-0.40417078,1.7966464,0.35665968,-0.22134778,-0.6523727,-0.10796201,-0.86809963,0.7307944,1,chr17:68035608:gastrocnemius_medialis:0,TP,1
-0.5741205,-0.71396416,0.35999507,0.3023107,1.5922571,-1.0598962,0.61620045,-0.42231327,-0.47187972,-0.9537954,0,chr19:11187037:tibial_nerve:0,TN,0
-3.6794915,-0.43138883,0.17059751,-0.77577186,0.9249738,0.5672446,-0.9652369,-0.12078088,0.12032582,-0.46966502,0,chr13:49356276:gastroesophageal_sphincter:0,TN,0
4.5075006,1.3989893,-0.057127204,-0.7120754,-0.5195941,-0.82385,0.34942648,0.18215013,-0.21213621,-0.343822,0,chr3:16366937:gastrocnemius_medialis:0,FP,1
3.1466687,-0.09870315,-0.8717786,-0.8193854,0.52212226,-0.6667084,0.3302689,1.6536555,0.08757483,2.1723382,1,chr1:21935425:tibial_artery:0,TP,1
-0.55408335,-0.32543212,1.6276008,-0.29755205,0.3392859,1.7274809,1.6023248,-0.044393238,0.031853624,0.30613154,0,chr9:115944112:body_of_pancreas:0,FP,1
4.705489,-0.2602284,-0.40437466,-0.051093105,-0.2275946,-0.39406118,0.16161111,0.03496567,-0.3747174,0.45545277,0,chr19:20052152:prostate_gland:0,FP,1
-2.0893514,-1.9318379,0.18148576,-1.3866448,-0.19766052,0.678148,-0.3552399,0.26773047,1.2282598,0.65608495,0,chr8:8935354:thoracic_aorta:0,TN,0
-2.1929746,1.0189288,0.4506089,1.38254,0.616943,0.32180032,0.8134526,-0.21230301,0.7588703,-0.15617166,1,chr1:27887943:spleen:0,FN,0
-3.194229,-0.11112012,-0.70331514,-0.7013209,1.6053023,0.19279037,-0.32696453,-0.40384275,0.32205722,0.08563604,1,chr2:46717413:body_of_pancreas:0,FN,0
4.1522603,-0.3510724,0.5021274,0.18554933,0.30089322,0.38310516,-0.79829365,-0.7007004,0.39342526,-1.1478714,0,chr5:80182518:body_of_pancreas:0,FP,1
-3.5844355,1.1562595,0.48033813,0.3157604,0.42824754,-0.17574076,0.17924239,-0.15625246,0.0724105,-0.0029236462,0,chr6:16245724:sigmoid_colon:0,TN,0
5.0297146,-0.2669363,0.3214072,-0.46238092,-0.40004432,0.06437016,-0.077072695,-0.24065535,0.23365131,-0.36401007,1,chr1:93845496:tibial_nerve:0,TP,1
-1.5473788,-0.5480645,-1.6254802,-0.6753249,0.93982327,-0.057702985,-0.030480577,0.1572541,-0.88761383,0.54000896,0,chr17:31805561:suprapubic_skin:0,TN,0
3.4759676,0.51384544,-0.36157346,-0.063783444,0.17073241,0.43050838,0.2413619,0.16676697,0.45045787,0.08462207,0,chr10:110759254:body_of_pancreas:0,FP,1
-2.9307368,-1.3478751,1.1887182,-1.084093,-0.6163161,-0.04652698,-0.7409541,0.971051,-0.054985303,-0.46761578,0,chr5:124740389:esophagus_squamous_epithelium:0,TN,0
-3.745842,0.95024353,-1.2235537,-1.0902432,1.0750546,0.22739115,-0.8127075,-0.75712985,0.110196374,-0.069387816,0,chr2:26114284:gastrocnemius_medialis:0,TN,0
1.8605511,0.911499,0.362694,0.13939595,0.30294895,1.4769255,1.1689441,-0.7473057,0.80924547,0.59671193,1,chr14:99267046:spleen:0,TP,1
-1.4506148,-0.47908244,-0.9766189,0.4962649,-0.6949081,0.820031,0.003350105,-0.082150206,0.17046663,1.2415694,1,chr9:41074985:gastrocnemius_medialis:0,FN,0
-2.651974,-1.3764621,0.5273494,-1.201458,-0.5627578,0.916708,-0.6358111,0.12275822,0.7267571,0.916025,0,chr1:172934704:esophagus_squamous_epithelium:0,TN,0
-2.1140711,-1.5217961,0.6107834,1.035101,0.788213,-0.26068702,1.5731534,-0.4181854,0.22317664,-0.24875583,1,chr6:36734601:tibial_nerve:0,FN,0
3.2223554,0.5560766,-1.028321,-0.61059904,0.22415288,-0.59999865,0.703877,0.486103,-0.55884296,0.52488536,1,chr18:77373574:gastrocnemius_medialis:0,TP,1
4.7631965,-0.61599594,-0.2843513,0.18511987,-0.21681307,-0.24233022,-0.1453009,0.13394187,-0.016281456,-0.11564466,0,chr21:46097683:esophagus_squamous_epithelium:0,FP,1
0.9811958,0.915993,2.2467582,1.1857659,0.42344418,0.3849954,-0.7941323,1.2271316,-1.0615772,-0.6174327,1,chr3:156605692:esophagus_muscularis_mucosa:0,TP,1
5.0276704,-0.34445748,-0.0598752,-0.5089126,-0.38040748,-0.081829995,0.41313303,-0.032022625,0.017932743,-0.09715272,1,chr3:34208585:thoracic_aorta:0,TP,1
4.039713,0.07503223,-0.6267114,0.3815954,0.022856249,-0.55197215,0.2242146,0.21449538,0.15603599,0.047794335,0,chr16:88783012:transverse_colon:0,FP,1
-2.0371149,0.7329724,0.2617017,0.30663702,1.1271943,-0.120464,-0.45871687,-1.008968,0.61577505,-1.3727064,1,chr13:20120444:tibial_nerve:0,FN,0
-1.4452491,0.15237527,-1.4263911,-0.9802932,2.1666093,0.21212842,-0.66673696,-0.8161356,-0.18181871,-0.27334812,1,chr7:98330753:gastrocnemius_medialis:0,FN,0
-2.7886908,1.3354826,-0.123079784,-1.2707307,-0.7857265,0.5270383,-0.5826814,0.92197865,0.38200653,0.25428367,1,chr7:95549327:gastrocnemius_medialis:0,FN,0
-3.3033657,-0.19735658,0.576429,0.34809482,0.30037346,-0.13075665,0.37721995,-0.0958784,0.07357384,-0.28214422,1,chr16:10121395:thoracic_aorta:0,FN,0
-3.234386,-0.91999435,-2.2418814,0.85810333,-1.3235253,0.19042483,0.04725874,-0.7684071,-0.62012875,-0.5513667,1,chr8:11868003:spleen:0,FN,0
5.1385007,-0.6614187,-0.18141663,-0.65808165,-0.26172322,-0.50601923,0.30425608,0.021930393,-0.12228461,-0.039334755,1,chr3:75785531:prostate_gland:0,TP,1
-3.5177324,-1.942522,-0.8805245,0.727711,-0.3145231,0.17220534,-0.54196066,-0.2185839,-0.3221816,-0.309593,0,chr4:87007051:body_of_pancreas:0,TN,0
-2.7636366,-0.8964656,1.5301738,0.036044102,0.90140355,-0.11744387,0.9764417,-0.17185654,-0.14146972,0.38720196,1,chr4:16114630:gastrocnemius_medialis:0,FN,0
-3.8159187,0.015032957,0.7991077,-0.5761287,-0.57329166,0.19139737,-0.4245312,-0.3341075,0.26575136,0.06922499,0,chr2:54076695:body_of_pancreas:0,TN,0
4.7221384,0.07954811,0.16522187,0.3133818,-0.3891654,0.28954178,-0.59492403,0.021642482,0.014669001,0.23731598,1,chr11:121722769:tibial_artery:0,TP,1
-3.6052105,1.9533125,1.3461529,0.42149168,0.48024744,-0.28294232,-0.27306718,-0.058124065,0.06000202,-0.17721461,0,chr6:167844171:body_of_pancreas:0,TN,0
0.75064576,-2.0827892,-0.09341348,1.121955,0.7622618,0.775096,1.1084883,0.03758539,-0.09976166,0.0018203072,0,chr17:80900434:transverse_colon:0,FP,1
-3.8656747,1.5902095,0.39854226,-0.7044272,0.90257317,-0.15321922,-0.7034668,0.6872173,0.26944655,0.3090103,0,chr1:59730694:prostate_gland:0,TN,0
4.5443444,0.30769044,-0.3111214,-1.0912757,-0.41887414,-0.6986265,0.37380934,0.16826499,-0.27984953,0.2849696,1,chr12:11015192:transverse_colon:0,TP,1
-2.3210952,1.0134182,1.7318337,0.43848318,0.2549657,0.44158652,1.3362617,-0.748532,-0.094847284,0.5838406,1,chr9:96156150:gastrocnemius_medialis:0,FN,0
-0.7309894,-2.7456758,-1.0482548,1.4372491,0.4786722,-0.6963733,-0.053062458,-0.12916876,-0.04961295,1.0383878,0,chr12:132711134:gastrocnemius_medialis:0,TN,0
-2.1332684,-2.359407,-1.3692788,0.10773281,-0.9747812,0.5924166,-0.3697834,1.4193472,-0.7297803,-0.892762,1,chr11:9573213:gastrocnemius_medialis:0,FN,0
4.5500627,-0.015778512,0.5006643,-0.30723932,0.00850007,0.57663375,-0.54247504,-0.35693333,0.5477505,-0.5373277,0,chr10:12075364:spleen:0,FP,1
-2.9395733,2.3301065,-0.9974037,-1.118557,0.9647898,-0.49393934,-0.18515466,-0.18087827,-0.45388368,0.05790603,1,chr15:67100706:spleen:0,FN,0
5.0819173,-0.6920183,-0.10651464,-0.8645774,-0.34483266,-0.28181267,0.40354308,-0.09582654,0.068391025,-0.11343543,1,chr3:16366587:tibial_nerve:0,TP,1
-2.8289587,-2.1848488,1.2933413,-0.7699918,-0.6822237,0.57273656,0.48548105,-0.28509083,-0.60263216,0.33985993,0,chr9:69180596:body_of_pancreas:0,TN,0
-2.9724898,1.787988,-0.7890663,-0.96399015,-0.72911114,0.6536775,-0.85416466,-0.0015048855,0.015833618,0.35219005,1,chr10:115046628:gastrocnemius_medialis:0,FN,0
-2.9003227,-0.36269626,0.46281752,-0.88450134,-1.0088296,0.20164645,-0.35205662,1.7369367,-0.8599699,-0.7249558,0,chr10:95793212:esophagus_squamous_epithelium:0,TN,0
-3.3645859,0.07259735,1.9223334,-0.14989346,0.49411932,-0.11421422,-0.3142302,-0.2472362,0.49917117,0.8003313,0,chr4:142961859:gastrocnemius_medialis:0,TN,0
-2.6818693,-0.5235743,-0.37461552,-0.34569892,0.03895302,-0.01024326,-0.54080206,0.0019451916,0.5798816,0.2570359,0,chr7:128859805:esophagus_muscularis_mucosa:0,TN,0
-1.4634923,0.09282087,-0.225624,-0.9334613,0.66001624,1.354317,0.29703867,-1.1879288,0.1764092,0.2914772,0,chr1:244961738:gastrocnemius_medialis:0,TN,0
-3.2813258,1.716445,-0.85937417,-1.3740625,1.0292037,0.9723244,-0.7071592,0.25501168,0.41181287,0.4338762,0,chr7:114985290:gastrocnemius_medialis:0,TN,0
4.9665513,-0.1350414,0.11698018,-0.38528046,-0.2139347,-0.08126366,0.19616117,-0.28996873,0.07450897,-0.41623178,1,chr7:142749981:body_of_pancreas:0,TP,1
-4.179759,0.42703995,-1.5069716,-0.5899205,-1.2676883,-0.51708055,-0.69061977,-0.5961305,-0.1432283,-0.39154842,0,chr19:34677528:prostate_gland:0,TN,0
3.0903652,-0.21894786,0.098946035,1.7744336,-0.070719704,0.09808257,-0.8753575,0.5697524,1.0602564,0.46883,0,chr20:653323:prostate_gland:0,FP,1
-1.9891808,0.5510194,-1.3997271,-0.3746156,1.4749839,0.018757373,0.031337403,-0.12682645,-0.64299744,-0.4574943,0,chr3:48477496:spleen:0,TN,0
-3.3570564,0.4812219,0.85996383,-0.14683029,-1.127832,-0.10785248,-0.21741666,0.2523139,0.005846778,0.3628168,1,chr5:143154853:esophagus_muscularis_mucosa:0,FN,0
4.252084,-0.5940108,-0.65219116,-0.29338318,0.095326096,-0.32853085,0.4168926,-0.2722303,0.0917715,-0.7225526,1,chr1:16021228:gastrocnemius_medialis:0,TP,1
-2.8993993,1.8428422,-0.30904102,-0.115953766,0.9194138,0.14604515,-0.4423805,0.30804625,0.31271318,0.44543937,0,chr14:68545858:transverse_colon:0,TN,0
0.033505283,0.3240041,-1.381745,-0.5888908,0.8390206,0.17368841,-0.45415983,-0.15924457,-0.72806674,0.865949,1,chr2:203681376:gastrocnemius_medialis:0,TP,1
0.9847848,-0.589955,-0.47570762,-0.8469179,1.3833742,-0.6282139,0.064516425,0.0030459876,-0.030401452,0.35733977,0,chr9:136789544:transverse_colon:0,FP,1
0.92572296,0.6239086,-1.3744725,2.4683857,-0.5258325,-0.09054893,0.2605579,0.081199616,-0.16708012,0.6042593,0,chr15:90529824:stomach:0,FP,1
-3.9170592,1.8252295,-1.062786,-0.031018829,0.55586416,-0.6972415,0.50964856,0.05299003,0.055923577,-0.15883403,0,chr7:155301028:body_of_pancreas:0,TN,0
3.908313,-0.6020655,0.313664,1.4058272,-0.080272935,0.27434868,-0.3856366,0.63207656,0.6044824,0.2695251,1,chr19:34500645:tibial_nerve:0,TP,1
-4.403595,1.7618774,-0.49768582,-0.58196944,0.79023546,-0.12742588,-0.4207175,-0.09540294,0.11709953,-0.4042792,0,chr8:124271645:esophagus_squamous_epithelium:0,TN,0
-3.6333294,-0.8141343,0.53596455,-0.3444018,-1.1318502,0.58029556,-0.20262024,-0.009469129,-0.80416864,-0.24051796,0,chr7:98085902:Peyers_patch:0,TN,0
4.8768687,0.054972753,0.44438308,-0.37297353,-0.46048552,0.04417574,-0.412507,-0.41513276,0.20585789,-0.47606722,1,chr4:113924103:transverse_colon:0,TP,1
1.4116228,-0.9783176,-1.3531199,-1.1394522,1.1866528,-0.7489158,0.52106667,0.11307468,-0.27141765,0.045121863,1,chr11:52777739:testis:0,TP,1
2.0523667,-1.7645717,-0.49007183,0.13244367,1.387819,-0.3849818,0.047500346,0.21189457,0.20970514,0.4481373,0,chr11:518305:tibial_artery:0,FP,1
-3.6142654,0.6730358,0.0665213,-1.520235,-1.5685112,0.36051175,-0.94240123,0.23331082,-0.27516267,0.15799785,0,chr10:11163755:esophagus_muscularis_mucosa:0,TN,0
-3.28048,0.31883854,-2.1530633,0.8575672,-0.9978079,-0.5824557,-0.41861838,0.32889304,0.44048497,-0.59152746,0,chr1:226703511:gastrocnemius_medialis:0,TN,0
-2.0711458,-1.1252816,1.9713634,-0.0128041385,0.26869154,-0.68872386,0.43014532,0.24911892,-0.0049841558,-0.10960083,0,chr13:59458947:spleen:0,TN,0
3.9447684,-0.43493882,-0.57551706,-0.6894173,0.34604746,-0.00896462,0.75430113,0.062961936,0.183324,0.45383573,0,chr16:84829725:esophagus_squamous_epithelium:0,FP,1
-3.8687308,-0.47872987,1.155406,-0.60940754,0.42739108,0.44342402,0.025795337,-0.7627825,-0.18106319,0.59056497,0,chr22:25605698:prostate_gland:0,TN,0
-3.4996395,0.78378487,1.0450511,0.19876112,0.64143026,-0.6551202,-0.3834646,-0.38171518,0.3822965,0.5906402,0,chr15:67882818:spleen:0,TN,0
1.7889123,1.4735837,0.18104444,0.49943063,-0.3067099,0.31633422,-0.09487203,-0.4016572,0.5298226,0.044606205,1,chr22:23367570:prostate_gland:0,TP,1
-3.7551105,-0.20641841,-1.5381075,0.8007155,-0.98831064,-0.75199217,-0.26704672,-0.39938262,0.026622623,-0.17412488,0,chr10:113679634:spleen:0,TN,0
-1.7967288,0.010288935,0.13950475,1.8646128,0.31806675,0.12193769,0.16245309,0.7009561,-0.4015263,0.54244757,1,chr10:11877358:body_of_pancreas:0,FN,0
5.115301,-0.641325,0.054985408,-0.58841205,-0.38677943,-0.23689152,-0.01511764,-0.24161339,0.061049793,-0.438139,1,chr4:47123786:gastrocnemius_medialis:0,TP,1
-2.672303,0.10964046,-0.59820163,0.6359788,0.516329,-0.59199435,0.08763678,-0.09715173,0.38652334,0.048297606,1,chr17:21402309:gastroesophageal_sphincter:0,FN,0
-3.3506553,1.8318343,0.12257844,-0.35987362,0.15797162,-0.19818673,-0.46305177,-0.6038981,-0.40172035,0.1337423,0,chr16:10615996:tibial_nerve:0,TN,0
-2.0224352,0.5108725,-2.1821215,1.5328826,-0.44438913,-0.3163117,0.7177113,0.37588036,-0.6181348,-0.50035965,0,chr17:32495811:thoracic_aorta:0,TN,0
-2.2412097,1.1560372,-0.5853603,0.3303135,-0.53985673,0.49660188,0.4574714,0.70375866,0.6841487,0.19178234,0,chr7:51226381:tibial_nerve:0,TN,0
-2.914576,-1.046535,-0.57211053,-0.75482136,0.43886808,0.8684305,-0.26011956,0.6264501,-0.4972289,-0.32136124,0,chr19:4976345:gastroesophageal_sphincter:0,TN,0
-3.4779787,-0.57294905,-1.3900007,-0.8858012,0.75784236,0.60709095,-1.1111593,0.3672725,0.012941522,-0.68558484,1,chr16:12080938:spleen:0,FN,0
2.3550875,-0.30249962,-0.6346964,-0.35158697,1.302357,0.7501916,-0.09284759,-1.3349981,0.2397072,-0.6198881,1,chr7:140511008:transverse_colon:0,TP,1
-1.3258278,-0.7953502,2.0079477,-0.05040362,0.86372215,0.19083634,0.6817938,-0.8111539,0.5766263,0.6753524,0,chr10:93478420:sigmoid_colon:0,TN,0
1.1833812,2.736604,0.15673079,-1.028193,-0.20874591,1.240737,0.15738425,-0.5343287,0.43077222,0.28450498,1,chr6:32623651:spleen:0,TP,1
-1.4913545,1.2833492,-1.3614517,-0.498777,-0.23562708,0.65544105,0.93200004,-0.07937906,0.3720191,0.52592087,0,chr1:53146229:body_of_pancreas:0,TN,0
5.007307,-0.4957488,0.16107194,-0.5198696,-0.3607249,-0.2561058,-0.13998595,-0.29372182,0.062095452,-0.44236702,1,chr15:77077935:suprapubic_skin:0,TP,1
4.135046,0.2877954,0.2460635,1.0253625,-0.112204246,0.68584603,-0.7063665,-0.062570356,-0.3604883,0.24241714,1,chr19:4457794:spleen:0,TP,1
4.5436473,-0.16076186,-0.09735921,-0.043872587,-0.021966878,0.38508797,1.0902295,0.16175026,0.59008265,0.07890937,1,chr7:142520947:transverse_colon:0,TP,1
-2.9730473,-0.412569,-0.45455468,-0.15814331,0.048176635,0.81377876,-0.09095171,1.3712142,-0.9725095,-1.157225,0,chr7:5527039:sigmoid_colon:0,TN,0
-3.2398233,2.2109888,-1.6336995,-0.8359747,1.1725717,-0.7029941,-0.32927933,0.27511412,-0.29203892,-0.027522428,0,chr22:40218622:sigmoid_colon:0,TN,0
-3.0615973,-1.4594231,0.30976406,-0.2399546,0.46776262,-0.41176838,-0.19117106,0.97426784,1.157559,-0.4989725,0,chr7:36593631:spleen:0,TN,0
4.905041,-0.5258194,-0.27423018,-0.9969947,-0.37648037,-0.5510332,0.43466824,-0.069551334,-0.11733088,-0.059939045,1,chr6:52787964:prostate_gland:0,TP,1
5.0578704,-0.6986577,-0.2046995,-0.73361284,-0.16345651,-0.5621331,0.1748974,-0.037756607,-0.16889884,-0.10104079,1,chr6:17600825:prostate_gland:0,TP,1
-1.4783643,-1.9376625,-2.7609487,1.3720287,-0.20729613,-0.009901749,0.35238808,0.11508941,1.2231472,-0.14430027,1,chr8:22109377:transverse_colon:0,FN,0
2.5546513,1.1319942,0.64935553,1.7651316,0.6197717,-0.62620324,0.06282473,0.4425103,-0.21560387,-0.04517308,1,chr6:29942999:gastrocnemius_medialis:0,TP,1
2.3608942,0.2147076,-1.3288082,1.7377478,0.0732165,-0.18313676,0.26691148,-0.21276139,-0.17684907,0.50343555,0,chr10:86400836:body_of_pancreas:0,FP,1
4.25208,-0.5940102,-0.6521923,-0.29338256,0.09532688,-0.32853237,0.41689265,-0.27223185,0.091771446,-0.7225563,1,chr1:16021228:sigmoid_colon:0,TP,1
-2.771974,0.99025923,-1.0515983,-0.95960635,0.9807666,-0.08556856,-0.01969837,-0.3766732,-0.19411008,0.22226858,0,chr20:21159700:sigmoid_colon:0,TN,0
5.1121225,-0.58775747,0.12143392,-0.5806722,-0.40038317,-0.2196794,-0.012521626,-0.2650206,0.10537505,-0.44736457,1,chr4:47123804:body_of_pancreas:0,TP,1
-1.3106126,-1.4525279,-0.024577113,1.4186321,0.5880585,1.0938731,1.7817318,-0.10246068,-0.99432933,-0.1996011,1,chr19:4024338:gastrocnemius_medialis:0,FN,0
4.4803634,1.1539453,0.6163604,0.045413416,-0.3675045,0.28235173,-0.45415455,-0.20627233,0.15802915,-0.4816421,1,chr17:46984366:transverse_colon:0,TP,1
-2.8565853,1.555767,-1.0958068,0.6429628,-0.156875,-0.23150027,-0.44919276,0.32098922,-0.29677132,0.5125234,1,chr6:132813797:gastroesophageal_sphincter:0,FN,0
-2.8137705,-1.6998537,1.4823277,-0.94086486,-0.5460089,0.6151278,-0.06783216,0.20163703,-0.82827544,0.03998286,0,chr11:103164874:body_of_pancreas:0,TN,0
0.837795,2.6788108,-0.6409223,-0.0063653006,0.270905,-1.460324,0.057526696,0.33509213,-0.7512958,-0.35762423,1,chr8:144767582:suprapubic_skin:0,TP,1
-3.2003284,0.85525036,1.5133343,-0.07826569,0.83552676,-0.020094434,0.40251505,-0.43186146,0.1676579,0.5963822,0,chr1:212597051:body_of_pancreas:0,TN,0
4.682093,-0.267122,-0.3075518,-0.28640947,-0.3612952,-0.30015963,-0.3464322,0.033461194,-0.11424589,0.0012440978,1,chr10:94403625:gastrocnemius_medialis:0,TP,1
5.1535034,-0.6558574,-0.015948454,-0.55167145,-0.26214427,-0.2503332,0.116172984,-0.16552019,0.02009077,-0.18185817,1,chr6:17600871:suprapubic_skin:0,TP,1
5.0640965,-0.46743584,-0.094198234,-0.8112494,-0.47911912,-0.38309863,0.25770015,-0.07868591,0.020451939,-0.16325353,1,chr17:43360579:gastroesophageal_sphincter:0,TP,1
-1.7594627,-1.6669179,0.99306744,-1.2831655,-0.09247646,0.67982,0.18270743,0.25882393,0.4508672,0.33048287,0,chr6:26200491:sigmoid_colon:0,TN,0
-3.339099,1.3443283,0.44174567,-0.18351607,0.40397185,-0.007740054,-0.34092924,-0.39211723,-0.2313949,-0.20877601,0,chr22:37020761:transverse_colon:0,TN,0
-2.697328,-1.3014457,0.9369777,-0.84403193,-0.34217715,-0.22761513,-0.14763394,-0.022785814,0.59277165,0.71083146,1,chr16:84995167:body_of_pancreas:0,FN,0
-2.0964613,2.5530622,0.99907297,-1.6324732,-1.2673165,0.23830906,0.30313748,-0.0902484,-0.47349963,0.56812936,0,chr14:74838410:spleen:0,TN,0
0.18448219,0.29154626,1.8380154,1.5343828,0.85931295,-0.010884898,0.377227,-0.04709026,-1.1445676,0.27477616,1,chr1:234723756:prostate_gland:0,TP,1
-0.6667864,0.78513926,2.4631083,2.0044184,0.6558701,-0.14500509,0.7817511,-0.11759919,-0.030698108,0.4557031,0,chr7:44631900:esophagus_squamous_epithelium:0,FP,1
-3.376037,0.48012072,1.529108,0.6811071,1.2381142,-0.28964785,0.64953244,-0.5354031,0.24562798,0.2721364,0,chr16:15794697:tibial_artery:0,TN,0
2.441717,0.7201123,-0.84726536,-0.6257111,0.5544909,0.08391164,0.12651007,0.8205499,-0.47119534,1.0685171,0,chr12:57134895:stomach:0,FP,1
5.1170254,-0.28732866,0.13306747,-0.49310336,-0.36695084,-0.14595835,-0.12247509,-0.13976444,0.043739248,-0.3420003,1,chr15:24767533:sigmoid_colon:0,TP,1
-2.6247303,-0.7318132,-1.9779994,0.7980317,0.085060924,0.08483368,-0.13549481,-0.40600118,0.07233255,0.18758537,0,chr15:84817810:transverse_colon:0,TN,0
-2.1558948,3.1839168,0.5661106,0.98574424,0.26269454,0.2019386,1.0721496,-0.41458696,-0.36181492,0.2380639,1,chr16:84750224:spleen:0,FN,0
-2.0473084,-3.0073397,0.3143981,-1.4204488,0.33724284,1.1505028,-0.2718814,0.74184495,0.20299248,-0.27474067,1,chr1:78082726:spleen:0,FN,0
0.4975612,1.6277689,-0.02687501,1.5448853,0.4375438,-0.5489597,0.1456858,0.046012964,-0.34460983,0.28372404,0,chr17:39755267:gastrocnemius_medialis:0,FP,1
-3.0879643,-2.0258594,0.71722925,0.28948122,0.49515992,0.54605556,0.08510277,1.1929042,-0.7821518,-0.8192901,0,chr2:130183460:prostate_gland:0,TN,0
-3.68635,-1.094855,1.3608474,-0.059904728,-0.029656723,0.109077856,0.30431372,-0.4983446,-0.5784164,0.15693338,0,chr4:105991664:gastrocnemius_medialis:0,TN,0
-3.4555516,0.57985127,1.5754248,-0.46556896,-0.89383817,-0.5798097,0.28336683,-0.50489765,0.2120948,0.21488188,0,chr4:41146749:gastrocnemius_medialis:0,TN,0
-3.1540544,-2.4078524,0.59046215,-0.11199093,-0.7182469,0.13057974,0.18811649,-0.06981668,-0.5801587,-0.34786692,0,chr11:47255123:Peyers_patch:0,TN,0
-3.226401,-1.4954066,0.54117864,-0.3158931,-0.17819682,0.24644585,-0.083410665,1.0385234,0.26481345,-0.3741828,0,chr17:65064908:sigmoid_colon:0,TN,0
-3.1809082,-1.7299421,0.84055763,-0.59645367,-0.5223914,-0.2189159,0.1988523,0.5165573,0.6990553,-0.22003347,1,chr1:149488239:spleen:0,FN,0
5.1170254,-0.28732866,0.13306747,-0.49310336,-0.36695084,-0.14595835,-0.12247509,-0.13976444,0.043739248,-0.3420003,1,chr15:24767533:suprapubic_skin:0,TP,1
-2.3261833,-1.671035,2.059137,-0.94800365,-0.4251825,0.6128118,0.4253656,-0.040609412,-0.7412268,0.29460496,0,chr12:95002892:esophagus_squamous_epithelium:0,TN,0
2.0661514,2.7354515,1.4288731,2.345976,0.15402001,0.012114755,-0.80695367,0.13662441,-0.574558,-0.18508472,1,chr1:16914310:spleen:0,TP,1
2.7708502,1.0806435,0.10217564,0.41032293,0.33687308,0.15623082,-0.045762807,-0.12971038,0.0021024563,-0.84974295,0,chr20:50730343:Peyers_patch:0,FP,1
-3.8779404,-0.20800675,0.7222276,-0.5858946,-0.5155492,-0.48040453,-0.32650876,0.45187366,0.21899934,-0.09213365,0,chr9:106878554:gastroesophageal_sphincter:0,TN,0
-4.024292,-1.0664823,0.3276536,0.37237546,-1.0716827,-0.6882877,-0.42976832,-0.9782341,-0.18521674,0.252353,0,chr3:111859447:body_of_pancreas:0,TN,0
-3.324839,0.15962906,1.8337936,-0.34937027,-0.2396119,-0.90825206,0.1794348,-0.32424843,0.19950575,0.33558527,0,chr14:60253225:transverse_colon:0,TN,0
-0.45506784,0.326416,0.2925665,1.7280135,0.47805944,-0.44792706,-0.5561606,0.8776085,1.0421089,0.2723468,1,chr1:18907679:sigmoid_colon:0,TP,1
5.007307,-0.4957488,0.16107194,-0.5198696,-0.3607249,-0.2561058,-0.13998595,-0.29372182,0.062095452,-0.44236702,1,chr15:77077935:sigmoid_colon:0,TP,1
-4.003249,1.2988737,-0.17305888,-0.6373998,0.85879576,-0.5747779,-0.34098744,-0.25951627,-0.41545266,0.04998373,0,chr2:119366127:spleen:0,TN,0
-0.518903,2.4799392,-0.5246416,-0.87160295,0.6088739,-0.24253942,-0.2468345,0.45466247,0.14512485,0.6873705,0,chr10:18638672:gastroesophageal_sphincter:0,FP,1
5.0578704,-0.6986577,-0.2046995,-0.73361284,-0.16345651,-0.5621331,0.1748974,-0.037756607,-0.16889884,-0.10104079,1,chr6:17600825:thyroid_gland:0,TP,1
-0.88798076,1.7690408,0.18579507,-0.81319785,-1.1317877,1.0127438,0.615034,1.2182202,-0.008508749,-0.34754127,1,chr10:46107472:prostate_gland:0,TP,1
5.0031815,-0.24839458,-0.04884408,0.15102933,-0.27387503,-0.060312666,-0.025458299,-0.024942579,-0.0065126405,-0.18676291,0,chr6:32665116:transverse_colon:0,FP,1
-3.0536494,-0.21244851,0.5281426,0.049396526,0.1064055,-0.43902144,0.5596322,0.31038943,0.6613921,0.2648347,1,chr7:36208831:gastrocnemius_medialis:0,FN,0
-4.105869,-0.9600899,-0.41250932,0.2308751,-0.7017752,-0.24521002,-0.09303741,-1.195063,-0.8162725,-0.24377528,0,chr19:58475933:esophagus_muscularis_mucosa:0,TN,0
-2.8928287,-1.0963975,0.97880405,-0.90281636,-0.82349724,0.13389425,-0.29235458,-0.0057927375,0.066964656,0.34006703,0,chr2:121360885:gastrocnemius_medialis:0,TN,0
-0.89448065,-1.6598523,-1.2955797,1.656691,0.2456917,-0.72514737,-0.241938,-0.07873532,-0.5635338,0.46447843,0,chr4:42657121:spleen:0,TN,0
-3.339078,-0.99922806,0.043155245,-0.69692814,-1.1033365,0.9970517,-0.5786517,1.0407379,-0.73959637,-0.735114,0,chr15:32614943:tibial_nerve:0,TN,0
-2.8890002,0.7565498,-2.0824845,1.4382504,-0.44087204,0.08819847,0.5715211,-0.70064723,-0.6229774,-0.312086,0,chr11:68841185:gastrocnemius_medialis:0,TN,0
2.4288013,-0.9569628,-1.1583863,-1.1476505,0.8967179,-0.12959693,0.5143343,0.308223,0.07393233,0.35419658,0,chr21:41421863:spleen:0,FP,1
-3.0862122,0.113804586,-1.1153327,-0.10107049,-1.5611745,0.120065704,0.6488151,-0.82065237,-0.6058917,-0.3926508,0,chr7:129055224:adrenal_gland:0,TN,0
5.1636925,-0.25663543,0.16275899,-0.36693084,-0.40423834,-0.072425455,0.07341597,-0.07663467,0.087350406,-0.23438886,1,chr9:129441117:prostate_gland:0,TP,1
-3.5511353,-0.60431635,-2.0861466,1.1789333,-0.48384306,0.10657774,-0.28171086,-1.0352498,0.004244036,-0.3465184,1,chr11:71813626:esophagus_muscularis_mucosa:0,FN,0
1.7204765,0.5582121,-0.7280398,0.6908743,-0.16675815,0.030483905,-0.3221448,-0.12187727,-0.04397214,1.1297946,1,chr2:189661497:spleen:0,TP,1
2.2068064,2.432264,1.6925074,0.55216694,-0.21933465,0.76827866,0.018059764,-0.10262545,0.68634593,0.18808621,1,chr12:42218119:gastrocnemius_medialis:0,TP,1
4.6132708,-0.32307538,0.14523228,0.21008065,-0.15742663,0.2919779,-0.7950645,-0.23516229,0.12738556,-0.035551667,1,chr9:129437465:stomach:0,TP,1
-3.6989422,-0.53226185,-0.44882396,-0.36783636,-0.7924553,0.4840244,-0.76012284,0.6566764,-0.42786452,-0.5047066,0,chr19:10653526:testis:0,TN,0
-3.6883078,-0.7490211,0.04173181,-0.9319684,-1.4264656,0.99394,-0.50534403,-0.035100225,-0.6922817,-0.12732358,1,chr1:15524057:esophagus_muscularis_mucosa:0,FN,0
-1.1114796,-0.15189508,-1.2677661,-0.25024948,0.8222071,0.24346703,0.018301275,0.93916637,-0.17238264,0.016593654,0,chr17:82712269:gastrocnemius_medialis:0,TN,0
-2.9915614,-0.53742343,-1.1715088,-0.15185386,0.25502503,0.96116215,0.7622788,0.9271149,-0.49199313,-1.1027952,0,chr16:57633655:gastrocnemius_medialis:0,TN,0
3.0648732,-0.85130334,-0.35096124,1.3683909,0.34501138,-0.116473995,-0.22434366,-0.019869348,0.246355,1.1439844,1,chr4:9532667:sigmoid_colon:0,TP,1
-1.1909665,-1.8840631,-0.31068194,1.091381,0.43978482,0.51843756,0.016269969,1.3802958,-0.509723,0.03831353,1,chr2:241817148:gastrocnemius_medialis:0,FN,0
5.2474456,-0.81012577,-0.017670054,-0.47607186,-0.35335878,-0.10353673,0.061673027,-0.20961204,0.045038097,-0.098088995,1,chr9:63859633:esophagus_squamous_epithelium:0,TP,1
2.1276104,1.1815403,0.28769472,-0.62469834,0.20792845,2.0151422,-0.062355552,-1.2066339,0.5074722,0.7148283,1,chr8:69940905:gastrocnemius_medialis:0,TP,1
-1.4783643,-1.9376625,-2.7609487,1.3720287,-0.20729613,-0.009901749,0.35238808,0.11508941,1.2231472,-0.14430027,1,chr8:22109377:tibial_artery:0,FN,0
0.628736,0.42892054,1.790606,1.4671905,1.1955976,-0.46920326,0.65136087,-0.33961603,0.01526267,-0.33046982,0,chr15:89197141:body_of_pancreas:0,FP,1
-0.52030474,1.3046104,-1.7285532,1.8167615,-0.68363297,1.1920521,1.2578115,-0.7931433,-0.89450514,0.08650143,1,chr6:29942695:gastrocnemius_medialis:0,TP,1
-0.39248866,0.54897505,2.303169,0.18873335,0.36580816,-0.24140576,-0.5646058,0.118829384,0.641486,0.1641968,1,chr5:16468836:gastrocnemius_medialis:0,TP,1
2.2098632,0.31941602,0.15463085,-0.43269673,0.96358955,0.45695692,0.014278581,-0.44953495,0.24780563,0.13938683,0,chr2:102417364:spleen:0,FP,1
5.025626,-0.0066810753,0.045062814,-0.6239186,-0.36070803,-0.16506325,0.27933496,-0.010705039,0.0838432,-0.38054398,1,chr7:142771397:body_of_pancreas:0,TP,1
4.9668827,-0.31346694,-0.22218093,-0.8168934,-0.19280602,-0.6147603,0.47089773,0.083267815,-0.13133647,-0.009979386,1,chr19:21569220:body_of_pancreas:0,TP,1
1.4116228,-0.9783176,-1.3531199,-1.1394522,1.1866528,-0.7489158,0.52106667,0.11307468,-0.27141765,0.045121863,1,chr11:52777739:thyroid_gland:0,TP,1
-2.767227,-0.11323037,-1.0129684,-0.35107866,0.40268147,-0.2231127,-0.33218837,0.19209082,0.8088141,-0.027400242,0,chr1:22237487:esophagus_squamous_epithelium:0,TN,0
-3.2811084,0.2589901,0.35660163,0.2962638,0.46796215,-0.39937383,0.74285567,0.22186123,-0.4942741,-0.09795773,0,chr4:8534260:spleen:0,TN,0
2.0686529,-0.1125261,-0.7677805,0.44286525,0.20102769,0.739141,0.7662782,-0.1543054,0.627976,0.011791354,0,chr15:101267168:body_of_pancreas:0,FP,1
4.9439893,0.22309119,0.0142382495,0.023932034,-0.19444698,-0.16591886,-0.082109295,-0.021912016,0.008007163,-0.27386186,1,chr17:45584817:esophagus_muscularis_mucosa:0,TP,1
-2.9003239,-0.36269268,0.4628173,-0.88450146,-1.0088298,0.2016468,-0.35205692,1.736938,-0.8599707,-0.72495604,0,chr10:95793212:esophagus_muscularis_mucosa:0,TN,0
-2.3400395,-2.4011033,-1.1685764,1.1072742,0.75914156,-1.1263759,-0.47377297,-0.7122276,-0.78935665,0.38204923,0,chr9:136866721:gastroesophageal_sphincter:0,TN,0
-3.4747193,-1.0271358,-1.6476222,1.0412836,-0.5456729,0.24344362,0.12387801,-0.25542578,0.05977696,-0.4619308,0,chr5:151447742:body_of_pancreas:0,TN,0
3.2319698,-0.25581706,-0.9279599,0.3402985,0.21262598,0.08713763,0.30522856,0.27877864,0.17588595,0.32785052,1,chr11:324634:esophagus_muscularis_mucosa:0,TP,1
3.32404,1.5975454,-0.35453275,-0.63964236,0.05884441,-0.44434178,0.21140729,0.12661177,-0.5433216,-0.23935118,0,chr19:34860338:sigmoid_colon:0,FP,1
-2.2514436,-2.7280083,-1.9898589,0.31868502,-0.3783732,1.4013453,0.11993773,0.402014,-0.8256533,-0.65524167,1,chr13:43879646:stomach:0,FN,0
1.0024269,-0.3456109,-0.39353898,-0.86805207,0.6831468,-0.18840674,0.20230009,0.51651365,-0.56993794,-0.3758504,0,chr20:44120329:sigmoid_colon:0,FP,1
-2.6261196,-1.2944819,2.1818004,-0.20543833,0.2021935,-0.45962083,0.31816596,-0.6867803,-0.4183892,0.7280719,0,chr10:50469815:transverse_colon:0,TN,0
4.6465163,-0.5379431,-0.47033313,0.57860583,-0.061667487,-0.103532575,-0.19248545,-0.36306486,0.12534857,-0.07753458,1,chr2:178451029:gastroesophageal_sphincter:0,TP,1
4.8402424,0.20899254,-0.0936855,-0.30807877,-0.2937698,-0.23392224,0.44250324,-0.08160998,0.0009701213,-0.2721121,1,chr1:16513429:gastrocnemius_medialis:0,TP,1
4.600297,0.06694814,1.0498337,0.4711097,-0.08158712,-0.0094782105,-0.43891954,0.0022714518,0.13245025,-0.16359524,1,chr11:67055968:gastrocnemius_medialis:0,TP,1
-3.4849656,-1.1147598,-1.6659323,0.95737743,-0.90305,-0.37916902,-0.40978685,-0.5358229,0.26911122,0.2526954,0,chr19:8832665:esophagus_squamous_epithelium:0,TN,0
-2.3314946,-1.7078333,-1.8899716,0.15511936,-0.6181111,0.10602893,-0.0021195624,-0.13672289,1.8480643,0.19439949,0,chr12:89354055:stomach:0,TN,0
-3.6608267,1.6177247,-0.47570902,-0.6507673,-1.6060727,-0.40671018,-0.3276631,-0.5288617,0.4098214,0.051601227,0,chr12:109463307:thyroid_gland:0,TN,0
5.115301,-0.641325,0.054985408,-0.58841205,-0.38677943,-0.23689152,-0.01511764,-0.24161339,0.061049793,-0.438139,1,chr4:47123786:body_of_pancreas:0,TP,1
-2.1946924,3.2615933,1.8901659,-0.970326,-0.80083424,-0.33472428,0.3015957,-0.18129036,0.056209367,0.081775166,0,chr6:136696267:body_of_pancreas:0,TN,0
-2.9627793,-1.300312,-0.57639134,-0.14275159,-0.852201,0.516944,0.02308982,0.5431331,-0.34330875,-0.36082813,1,chr19:33509818:esophagus_squamous_epithelium:0,FN,0
-0.5954938,1.0320959,0.2513064,2.6614516,0.10200704,-1.1324171,-0.50456995,0.3212841,-0.5226468,-0.041622903,0,chr3:49673880:sigmoid_colon:0,FP,1
-3.176384,-0.83450365,0.51649696,0.3128042,0.07951708,0.07431517,-0.16939081,0.037237663,0.71484035,0.6996529,0,chr9:134492250:esophagus_muscularis_mucosa:0,TN,0
4.9811244,0.2150394,0.35050038,-0.04877441,-0.4370735,0.07947863,-0.34125343,-0.056568254,-0.049700957,-0.24804142,1,chr10:31321113:esophagus_muscularis_mucosa:0,TP,1
-2.622107,-0.63394135,1.7830621,0.4907567,0.6375824,-0.2991551,1.1649423,-0.872948,-0.16248304,0.19794732,0,chr5:157828474:body_of_pancreas:0,TN,0
0.29576054,-1.6973809,0.08639108,0.56477535,0.72801864,1.0049679,1.1712334,0.15305232,1.0253085,-0.096019536,1,chr8:119921100:body_of_pancreas:0,TP,1
1.4116188,-0.97831666,-1.3531199,-1.1394525,1.186653,-0.74891615,0.5210663,0.1130743,-0.2714167,0.045120943,1,chr11:52777739:tibial_nerve:0,TP,1
-2.1460102,-2.9971387,1.3370218,-0.54306537,-0.3481318,1.1056334,0.35748452,0.8921876,-0.37145555,-0.37971315,0,chr9:125890735:gastroesophageal_sphincter:0,TN,0
3.9274893,0.7420459,0.41111016,0.15525821,-0.0029582123,0.26801518,0.1867156,-0.24842685,0.34287766,-0.47579548,0,chr12:52875925:suprapubic_skin:0,FP,1
1.2285273,-0.33304465,-1.8837224,0.62412506,1.238026,-0.064071916,-0.6503352,1.0765707,-0.059004582,-0.16484247,1,chr15:41283615:thyroid_gland:0,TP,1
-4.3689923,0.19572264,0.40098625,-0.5064993,-0.09856437,-0.28647605,-0.26243356,-0.24348739,-0.15275349,-0.33508492,0,chr6:41917580:esophagus_muscularis_mucosa:0,TN,0
-4.2053075,0.7087651,-0.14261249,0.109718196,-1.2160952,-0.64551187,-0.31422314,-0.021005103,0.31413722,0.04074603,0,chr5:65563764:esophagus_squamous_epithelium:0,TN,0
-0.8876473,-0.66123575,1.093544,2.261285,0.19809274,-0.110603176,-0.7944183,-0.034325656,-0.5560505,0.8619819,1,chr3:37453118:tibial_artery:0,FN,0
-3.656328,-0.8005971,0.16063322,0.70349336,-0.038982414,-0.07122279,0.3479216,-0.029662756,0.061892234,0.24456406,0,chr11:44805253:stomach:0,TN,0
-4.4127827,0.91431016,-0.4940715,-0.27008227,0.4737744,-0.010049147,-0.36490753,-0.4908631,-0.026635785,-0.8347198,0,chr5:43007847:esophagus_muscularis_mucosa:0,TN,0
0.9387231,1.4867569,-1.373431,-0.6572556,0.61765194,-0.4909508,-0.44126952,0.17467037,-1.2422107,0.7844937,0,chr1:8891354:gastrocnemius_medialis:0,FP,1
-2.7689333,-0.23871748,1.904375,-1.3946023,-0.6540519,-0.07729163,-0.16226876,0.20050077,0.27796277,0.39076322,0,chr4:185722492:body_of_pancreas:0,TN,0
-2.6445968,-1.9130678,0.6423522,-1.0157942,-0.76726025,0.5288077,-0.9007906,1.4443605,-0.52042776,-0.73552907,0,chr9:739463:gastroesophageal_sphincter:0,TN,0
-3.588712,0.13909864,-0.825487,0.14228031,1.026608,0.095240854,-0.42901167,-0.070113234,-0.028168214,-0.53821546,0,chr16:31117346:sigmoid_colon:0,TN,0
1.0319725,0.54039466,0.7394299,2.0245986,0.47267497,0.73644257,0.91722476,-0.48960078,-0.37067774,-0.399442,1,chr18:48137415:esophagus_squamous_epithelium:0,TP,1
-2.279972,-0.7524019,0.45335335,0.49825588,1.3189722,0.25853276,-0.0916633,-0.6659162,-0.4526292,0.40280455,1,chr1:24022781:body_of_pancreas:0,FN,0
-1.4783646,-1.9376605,-2.7609494,1.3720274,-0.20729685,-0.009903277,0.3523872,0.11508968,1.223148,-0.14430079,1,chr8:22109377:gastroesophageal_sphincter:0,FN,0
-3.6191611,0.0236377,-0.040420618,-0.34174833,0.10862519,0.062423855,0.32512233,-0.22959003,0.20690143,-0.1849474,0,chr1:107535006:esophagus_squamous_epithelium:0,TN,0
-3.5867782,-1.2678335,1.7482136,-0.36780146,0.27305138,-0.03425983,-0.19815755,-0.4223472,-0.8824043,0.20593789,0,chr2:86746925:transverse_colon:0,TN,0
-2.1554487,0.78905493,0.0912131,-1.248207,-0.94126946,1.3901492,-0.62860936,0.6817905,0.27291122,0.3406211,0,chr12:25804415:sigmoid_colon:0,TN,0
-3.1749375,-0.97605413,0.98042625,-0.039048273,1.6084752,-0.4232816,-0.3745804,0.27965087,-0.26795635,0.061306383,1,chr14:23996824:gastrocnemius_medialis:0,FN,0
1.369133,-0.73332524,0.20922132,0.31835613,2.3881407,0.83653873,-0.39837867,-1.4045316,-0.64255476,-0.5441839,1,chr20:3810780:tibial_artery:0,TP,1
2.42536,-0.121787585,-0.27504325,0.0025250001,0.2413082,0.20279896,0.7503893,-0.26476133,0.41665053,-1.0253155,1,chr6:31358294:gastrocnemius_medialis:0,TP,1
-1.4783643,-1.9376625,-2.7609487,1.3720287,-0.20729613,-0.009901749,0.35238808,0.11508941,1.2231472,-0.14430027,1,chr8:22109377:upper_lobe_of_left_lung:0,FN,0
5.2630115,-0.6366254,0.046044093,-0.4792325,-0.34481475,-0.12709416,-0.11297346,-0.18492004,-0.049525753,-0.16482988,1,chr12:42144490:suprapubic_skin:0,TP,1
-3.599468,-0.12582174,0.18254292,-0.60403955,-1.3588685,0.67497724,-0.20097351,0.71137667,-1.0816491,-0.7804171,0,chr2:111366197:spleen:0,TN,0
-3.7378147,0.7361069,0.8449745,-0.689371,-1.0185484,-0.79167616,0.05487211,-0.2806226,0.09839582,0.29717788,1,chr3:3708136:body_of_pancreas:0,FN,0
1.1921427,-0.0075752977,0.30014658,2.2643766,0.27564293,-1.0135427,-0.062010303,0.10875211,-0.09730712,0.09056962,1,chr17:21551728:spleen:0,TP,1
4.25208,-0.5940102,-0.6521923,-0.29338256,0.09532688,-0.32853237,0.41689265,-0.27223185,0.091771446,-0.7225563,1,chr1:16021228:esophagus_muscularis_mucosa:0,TP,1
-4.437841,0.18858081,0.7311436,-0.38241687,0.4303441,-0.39701158,-0.291453,-0.32402167,0.1699537,-0.23004757,0,chr7:74031458:esophagus_squamous_epithelium:0,TN,0
-1.5805316,4.3008094,0.15547244,-1.0074118,-1.185227,0.31082347,1.5379779,-0.4678937,0.23744088,0.52566063,0,chr21:38801783:esophagus_squamous_epithelium:0,TN,0
-0.29136154,0.8813786,-0.90874946,-0.8935282,-0.2135607,-0.000322164,0.15476051,0.8922691,-0.44205454,-0.10509005,0,chr18:50819188:body_of_pancreas:0,FP,1
4.84422,0.05040333,0.09802185,-0.46670732,-0.31044456,0.26699418,0.31332058,-0.10746707,0.33641112,-0.023583012,1,chr6:32666192:gastrocnemius_medialis:0,TP,1
4.209782,-0.16922309,-0.98152685,-0.666172,0.2681813,-0.6135264,0.17051296,-0.07436026,-0.5843539,0.31020838,0,chr16:2916357:spleen:0,FP,1
-1.8669782,-2.9258323,1.0577272,-0.43919736,0.112901196,0.53504705,0.35683143,-0.06949983,0.57099503,0.6784042,0,chr2:152172552:prostate_gland:0,TN,0
4.989013,-0.1585647,0.0077293385,-0.640556,-0.4742466,-0.28850448,0.10040552,-0.10959851,0.025335694,-0.23201266,1,chr3:34208888:gastroesophageal_sphincter:0,TP,1
4.839147,-0.61391723,-0.4081256,-0.4817426,0.048588313,-0.5934927,0.41664296,0.114382885,-0.13869563,-0.02764281,1,chr4:3938529:esophagus_squamous_epithelium:0,TP,1
-3.0696769,-0.42113107,-0.24742703,1.2487378,-0.28279784,0.31955284,0.2930727,-0.33713162,-1.4778591,0.020416176,0,chr1:100132742:tibial_nerve:0,TN,0
-2.8858407,-0.15940472,1.558707,0.83963436,0.9352374,-1.0064328,0.5426739,-0.10796511,-0.014427932,-0.006236807,1,chr6:11357215:suprapubic_skin:0,FN,0
-4.1169896,1.386853,0.9723597,-0.97327465,-0.98384607,-0.31558964,-0.0052719307,-0.54435694,0.095974386,0.4060973,0,chr6:113457988:tibial_nerve:0,TN,0
-3.9102285,0.15155162,-0.5056589,0.38136542,0.68683994,-0.31477493,0.44448033,0.1790922,-0.33116537,-0.50176865,0,chr2:31312765:esophagus_squamous_epithelium:0,TN,0
4.548698,0.6653197,0.49984652,0.51639605,-0.32114634,0.41514832,-0.84831494,-0.143443,0.26569834,-0.21720754,1,chr19:35900821:gastrocnemius_medialis:0,TP,1
5.0939417,-0.39237145,-0.052824497,-0.63653475,-0.39934132,-0.33558917,0.25383753,-0.052295346,-0.05580816,-0.2813682,1,chr17:43360116:stomach:0,TP,1
5.078066,-0.03132366,0.15039213,-0.09037268,-0.5225561,0.025618678,-0.12836376,-0.13028403,0.022396088,-0.14386484,1,chr20:36461197:transverse_colon:0,TP,1
-0.36147547,0.3057741,1.7797866,0.5500967,0.45067334,0.8641363,0.8388787,-0.5392335,0.6688329,0.37195206,0,chr13:59345882:spleen:0,FP,1
-1.2125788,-0.8105216,-0.29422948,-0.27476418,0.19738626,1.6672902,-0.09625541,1.1559055,-0.21722999,-0.25759074,1,chr10:58618137:gastrocnemius_medialis:0,FN,0
-3.9715872,0.015275129,1.4873352,-0.34046203,0.8004526,-1.0298315,0.04665985,0.050759196,-0.44862914,-0.23210806,1,chr16:49556732:gastrocnemius_medialis:0,FN,0
-2.9120135,0.1944365,0.32369968,-0.83934593,-0.8419383,-0.16549098,-0.30011675,1.3833896,0.569189,-0.3685578,1,chr15:72851617:gastrocnemius_medialis:0,FN,0
-1.4470435,-1.3976436,-1.0875069,-0.14946035,0.35879394,0.596187,-0.0084116515,0.15968488,1.1095123,0.4656535,1,chr7:2709473:spleen:0,FN,0
3.4428906,1.5270704,-0.8512979,-0.7831746,-0.010947787,-0.9061451,0.26143277,0.40798685,-0.7631687,0.43771735,0,chr10:114551630:body_of_pancreas:0,FP,1
-2.2545109,0.8847084,0.26220292,0.003917705,-0.39564827,1.7526212,1.1725202,0.6958277,-0.844654,0.21880679,0,chr20:38109597:sigmoid_colon:0,TN,0
-2.4121308,0.2826439,-1.2476774,-0.20042957,1.2250624,0.30695748,-0.52096945,-0.41678244,-0.25559857,0.10481539,0,chr4:38176861:stomach:0,TN,0
5.079605,-0.72275156,-0.18135726,-0.7226449,-0.23450913,-0.53977937,0.19477305,-0.04774057,-0.12108343,-0.07715565,1,chr6:17600812:gastrocnemius_medialis:0,TP,1
-1.3608168,0.2504131,-1.4246478,-0.37176546,0.65675604,0.5241016,-0.3729134,-0.4338056,-0.054909147,0.77196825,0,chr14:49597908:gastrocnemius_medialis:0,TN,0
4.3218083,0.38917497,-0.05786639,0.7122006,-0.10195468,-0.008067754,-0.66775376,-0.05817145,-0.21338789,0.38738722,1,chr16:2520692:tibial_nerve:0,TP,1
-2.616318,-1.6215558,-1.0254661,0.64676195,-0.16318455,-0.41087118,0.4883098,0.7813416,0.17787154,-0.4693181,0,chr18:9804043:prostate_gland:0,TN,0
-3.4015353,-0.68724906,-2.2275093,1.105499,-1.2849057,-0.27290577,-0.29095697,-0.72442764,-0.080651894,-0.25318655,0,chr8:41578275:prostate_gland:0,TN,0
5.0939417,-0.39237145,-0.052824497,-0.63653475,-0.39934132,-0.33558917,0.25383753,-0.052295346,-0.05580816,-0.2813682,1,chr17:43360116:gastrocnemius_medialis:0,TP,1
2.1819897,-0.9018423,-0.7140073,-1.167702,0.50716996,0.89558905,0.08833851,-0.41235912,0.3288066,-0.14691672,1,chr10:15209418:spleen:0,TP,1
3.6250255,-0.9276959,-0.7193136,0.9524091,-0.29217193,-0.139382,-0.69171655,0.25554264,-0.4951621,0.46562994,1,chr16:58197748:esophagus_muscularis_mucosa:0,TP,1
-3.2132802,0.2075341,-0.8833895,-0.6968753,-0.041900232,0.76764613,-0.5363227,1.2835555,-0.09065177,0.5701058,0,chr15:82541188:body_of_pancreas:0,TN,0
3.1049988,-1.2441007,-0.4866556,-0.9327923,0.84652454,-0.65879774,0.1332655,0.09179852,0.4042166,-0.42139798,1,chr4:51023823:testis:0,TP,1
1.6659546,-2.0973568,-0.6745815,0.33884996,-0.009595203,1.2726198,1.3062744,0.1502465,0.9658873,0.31926668,0,chr17:31582408:prostate_gland:0,FP,1
4.7347827,-0.34300742,0.34347194,-0.36832243,0.21946868,-0.020904895,-0.27799073,0.19976123,0.10810529,-0.24529982,0,chr12:57875745:spleen:0,FP,1
-3.8535862,1.0511492,0.039948463,0.36133444,-0.25317642,-0.8964612,0.33152276,0.255515,0.2990005,0.053658646,0,chr1:226665033:testis:0,TN,0
-0.06447242,0.5911312,-0.28613907,1.9910715,0.50340015,-0.4880516,-0.77962714,0.39682147,-0.78337526,-0.36572254,0,chr22:11707208:esophagus_muscularis_mucosa:0,FP,1
-1.5193094,1.3751086,1.1121595,1.4885546,-0.0055828206,-0.26776993,0.17179424,0.54131246,0.7226275,0.21572766,0,chr7:25180899:stomach:0,TN,0
-3.5647674,0.72097194,1.3034619,-0.089753106,0.9677944,0.093794405,-0.2349352,-0.7131508,0.41894808,0.27423465,0,chr10:114653472:transverse_colon:0,TN,0
1.9159763,1.456312,1.7359517,2.5106947,0.50954115,0.4501559,0.18980603,0.29090282,-0.1479602,-0.7094057,1,chr13:114130746:prostate_gland:0,TP,1
2.2817822,-1.369227,-0.7024097,-0.97831506,1.2687091,0.9355967,-0.17397542,-0.83722,0.49837518,-0.33496803,1,chr9:129439175:prostate_gland:0,TP,1
-3.6421227,-0.47301632,0.29245624,0.85761535,-0.7402863,-0.20360985,0.6797123,0.4193591,-0.0011030685,-0.3680228,0,chr16:29264994:gastroesophageal_sphincter:0,TN,0
-3.264138,-1.9240237,0.24511515,1.2393156,0.42451808,-1.0933661,0.0584009,-0.80542904,0.15375102,0.032330483,0,chr12:47759013:stomach:0,TN,0
-2.9471474,1.1199063,1.5090743,0.5609019,1.3696226,-0.1620921,0.28060117,-0.67908716,-0.21721132,0.47780293,0,chr12:101888976:transverse_colon:0,TN,0
5.017713,-0.09252283,0.048222225,-0.60089314,-0.5048506,-0.2974015,0.3426194,-0.18170302,0.039644256,-0.30557686,1,chr19:21569410:body_of_pancreas:0,TP,1
3.739064,0.36172315,0.29626206,1.7433685,-0.32483596,0.08900093,-0.86487067,-0.17200415,-0.2337845,0.5047068,0,chr19:1905559:tibial_artery:0,FP,1
-3.228579,-1.1282637,0.60172945,-0.5949075,-0.31901994,-0.41211945,-0.69617414,-0.35836565,0.7119195,0.7604234,0,chr15:61660301:tibial_nerve:0,TN,0
-3.849765,-1.4558066,-1.3347688,0.8075544,-0.1063855,-0.3354108,-0.27510163,-0.8026883,-0.26739085,-0.1477155,0,chr9:111662074:body_of_pancreas:0,TN,0
2.4518392,-0.0969737,0.5723545,0.41767251,0.81133354,-0.6201853,-0.39047283,-0.44667265,-0.12560488,-0.92153704,0,chr11:16740737:gastrocnemius_medialis:0,FP,1
5.0578704,-0.6986577,-0.2046995,-0.73361284,-0.16345651,-0.5621331,0.1748974,-0.037756607,-0.16889884,-0.10104079,1,chr6:17600825:esophagus_muscularis_mucosa:0,TP,1
2.1902864,0.7073667,-0.0951938,-0.75961053,0.87391883,0.009437681,-0.032042764,-0.52685195,0.4872147,0.4364469,0,chr14:22824044:esophagus_muscularis_mucosa:0,FP,1
-2.2939868,-0.42161462,1.4542453,-1.4423518,-0.39818805,0.2491605,-0.35224727,-0.15585236,-0.55405426,0.1635238,1,chr10:58368301:gastrocnemius_medialis:0,FN,0
1.9159662,1.4563099,1.7359561,2.5106983,0.5095433,0.45015305,0.18980737,0.29090276,-0.14796145,-0.7094049,1,chr13:114130746:gastroesophageal_sphincter:0,TP,1
1.6240151,-1.2440178,0.047197554,1.7611822,0.27600425,-0.049416978,0.12278112,0.92271745,1.6053556,0.29253086,0,chr4:2796780:spleen:0,FP,1
-3.0850923,0.3082269,1.642484,0.38531214,0.9851961,0.254179,-0.16536143,-0.21173717,-0.22258723,0.14287876,1,chr19:36053072:gastroesophageal_sphincter:0,FN,0
4.504144,0.1657106,-0.23065163,-1.0026215,-0.1804775,-0.5257284,0.22008406,0.04099385,-0.21556178,0.13701129,1,chr21:32561912:thoracic_aorta:0,TP,1
-2.8185499,-0.6472467,-0.7405593,0.5696796,-0.3370254,-0.08134788,0.032719724,1.1164755,1.3510205,0.17621851,1,chr15:82300700:gastrocnemius_medialis:0,FN,0
-2.2201982,1.0111914,-1.2437565,-0.39224473,0.84260976,0.48878607,-0.89513123,-0.07576693,0.254155,0.6342861,0,chr10:59895538:transverse_colon:0,TN,0
1.9159662,1.4563099,1.7359561,2.5106983,0.5095433,0.45015305,0.18980737,0.29090276,-0.14796145,-0.7094049,1,chr13:114130746:upper_lobe_of_left_lung:0,TP,1
-2.1421738,-2.113098,-1.8607383,1.3773277,0.0032839193,-0.17117499,-0.62061924,-0.2322987,-0.76679647,0.38156235,0,chr6:117482982:sigmoid_colon:0,TN,0
5.2630115,-0.6366254,0.046044093,-0.4792325,-0.34481475,-0.12709416,-0.11297346,-0.18492004,-0.049525753,-0.16482988,1,chr12:42144490:sigmoid_colon:0,TP,1
4.695801,-0.38923734,0.23091148,-0.3425863,0.12345069,0.2624841,-0.31872162,-0.5155766,0.29436767,-0.009402204,0,chr17:40021028:transverse_colon:0,FP,1
-2.959318,1.9038652,1.3370451,0.41504058,1.0287279,0.24120933,-0.55816597,-1.1846962,0.20396765,0.088514045,0,chr1:27881375:spleen:0,TN,0
4.9515147,0.20415609,0.423968,0.0009982638,-0.23676354,0.08866287,-0.15531175,-0.13653621,0.21248344,-0.4267411,1,chr6:30683949:tibial_artery:0,TP,1
-3.612134,-1.1663707,-1.5750663,0.74082357,-0.64885384,-0.088090874,0.17753361,-0.70985925,-0.72924244,-0.2830908,0,chr17:5078409:esophagus_muscularis_mucosa:0,TN,0
-3.3866744,-0.81013936,0.16412099,0.3573226,-1.2448496,-0.941628,0.16051146,-0.4295945,0.16846167,-0.006188188,0,chr20:25248927:spleen:0,TN,0
-3.8629873,-1.0405023,1.0555394,-0.5020559,0.5484498,0.30742842,0.07849456,0.37133572,-0.6018418,-0.65215117,0,chr10:93481435:gastroesophageal_sphincter:0,TN,0
-2.5242782,-0.9815942,-2.003794,0.8603041,-0.6580752,0.7619939,0.5057986,0.12746313,-0.51981914,0.09329284,0,chr6:29943337:testis:0,TN,0
1.2285248,-0.33304214,-1.883723,0.6241262,1.2380251,-0.06407149,-0.6503339,1.0765698,-0.05900515,-0.16484186,1,chr15:41283615:gastroesophageal_sphincter:0,TP,1
5.0795727,-0.37360948,-0.14489943,-0.5111719,-0.30479825,-0.3962247,0.3543981,-0.08379567,-0.0999373,-0.2329778,1,chr7:142470226:transverse_colon:0,TP,1
5.0297146,-0.26693216,0.32140702,-0.46238154,-0.40004578,0.06436715,-0.077073574,-0.24065363,0.23364997,-0.36401275,1,chr1:93845496:sigmoid_colon:0,TP,1
-2.445998,-0.4403754,1.1826117,0.047965646,0.6678554,-0.32723707,-0.20619914,0.09806627,1.1837597,0.31236652,0,chr10:15209137:transverse_colon:0,TN,0
-2.3517349,0.19492304,0.0628238,-1.3219625,-1.2975497,0.7240368,-0.5283601,-0.37790942,0.34863394,0.7309836,0,chr6:7165142:gastrocnemius_medialis:0,TN,0
-1.3255444,-1.273345,-0.38488343,-0.36660674,0.52737516,0.8338844,0.17592533,-0.12570192,0.2775239,0.50314987,0,chr3:126460648:body_of_pancreas:0,TN,0
-3.8014674,0.9148597,0.9703791,-0.95639396,-0.67062074,-0.058551785,0.044392064,-0.30769056,0.47898787,0.6477935,0,chr4:119518371:esophagus_muscularis_mucosa:0,TN,0
3.301643,-0.9468838,0.5796556,-0.6848576,0.92564195,1.0787859,-0.13825394,-0.4648732,1.0106394,-0.09039535,1,chr7:152410152:gastrocnemius_medialis:0,TP,1
-3.43719,1.3338034,1.7704229,-0.4364739,-0.52222395,-1.2296684,-0.28333133,0.4566195,0.067113556,0.31691787,0,chr5:52675234:gastrocnemius_medialis:0,TN,0
0.96302915,1.9252762,1.2249075,2.2722445,0.48175776,0.4033114,-0.6772543,0.067552395,0.45812902,0.1926334,0,chr4:76147942:tibial_nerve:0,FP,1
3.008079,0.4740249,0.41681373,1.567739,-0.72374856,0.90324926,-1.216284,0.6097083,-0.89041567,0.68474644,1,chr10:28302669:Peyers_patch:0,TP,1
4.4608927,0.5396807,0.69037884,0.28537047,-0.35041243,0.15407856,-0.4075624,-0.2670543,0.3063173,-0.40180117,1,chr8:72561692:prostate_gland:0,TP,1
-3.7927716,-1.2084057,-0.31907737,-0.4217751,-0.43474323,0.4624388,-0.16514915,0.333275,0.2793505,-0.20757462,1,chr20:23126241:spleen:0,FN,0
-2.6385174,0.59910536,-0.57490987,-0.008646701,-1.0331438,-0.5166331,0.5848267,0.5263988,1.072646,-0.08508842,0,chr22:46088584:esophagus_muscularis_mucosa:0,TN,0
1.0319725,0.54039466,0.7394299,2.0245986,0.47267497,0.73644257,0.91722476,-0.48960078,-0.37067774,-0.399442,1,chr18:48137415:stomach:0,TP,1
-0.2381158,-0.25688204,2.7197552,0.5268088,0.8358663,-0.7697586,-0.6134852,0.2352458,0.6344273,0.52854645,0,chr4:77853742:esophagus_squamous_epithelium:0,FP,1
-0.87306535,-0.033913147,-0.6840055,-0.26931775,1.5585511,0.3394949,0.041787483,0.12903516,-0.5814535,-0.3276907,1,chr12:26953318:spleen:0,FN,0
-0.8369564,1.2762197,0.097888954,-0.76867986,0.23757416,0.95518786,0.06288015,0.2157531,0.102579676,1.3818145,0,chr20:50484177:spleen:0,TN,0
-3.5519834,0.2194733,-0.61010057,-0.2623959,0.4408911,-0.13771212,0.16287799,0.5445743,0.32420382,-0.33240002,0,chr2:88855808:spleen:0,TN,0
3.3939135,0.13823879,-1.1886588,-0.6274603,0.51420975,-1.1092062,0.62005717,0.95873487,-0.8182733,1.1868033,0,chr20:63639133:esophagus_muscularis_mucosa:0,FP,1
3.4345164,-0.36133572,-0.34972724,1.689241,-0.42137024,-0.09826933,-0.4432733,-0.20184001,-0.38615897,0.7299994,0,chr19:7680919:tibial_artery:0,FP,1
-3.43032,-0.72269565,-0.71561617,0.34106562,-0.6426625,-0.38677648,0.9145095,0.18647082,1.0981854,-0.15983213,0,chr14:68819434:tibial_nerve:0,TN,0
-2.7440681,-1.8157732,-1.5012922,-0.13649608,-0.5175315,-0.18416956,-0.45628828,-0.19201358,-0.342379,0.5107985,0,chr19:14690353:spleen:0,TN,0
-4.1523614,0.82061726,-1.5493091,-0.16277981,-1.5422281,-0.19392316,-0.9742166,-0.6888806,-0.69401425,-0.0041025626,0,chr19:36528794:tibial_artery:0,TN,0
4.1350474,0.2878039,0.24606317,1.0253592,-0.112207115,0.68584317,-0.70636535,-0.06257083,-0.3604876,0.24241817,1,chr19:4457794:sigmoid_colon:0,TP,1
-3.8849847,-0.29526547,0.007019885,0.8176238,0.021465745,-0.52949977,0.44503516,0.33428875,0.69270194,-0.40902284,0,chr19:35280028:tibial_nerve:0,TN,0
3.8041492,-0.048738323,0.38752183,1.27505,-0.39912862,0.02068092,-1.2923269,-0.10414258,0.12527888,0.588622,1,chr19:12946073:gastroesophageal_sphincter:0,TP,1
5.0186143,-0.59313923,-0.04582909,-0.53011334,0.06449583,-0.2382984,-0.0054161074,0.25416002,-0.17339374,0.44361988,1,chr6:99516089:transverse_colon:0,TP,1
1.9402578,0.40124875,-0.07478954,-0.32052803,-0.13779974,1.6180758,1.2299871,-0.31266785,1.0077459,1.1315751,1,chr3:24213260:gastroesophageal_sphincter:0,TP,1
-4.145454,-0.56959194,1.2362704,-0.33118173,0.127543,-0.251563,-0.3395198,-0.43478203,-0.25049576,0.09695342,0,chr1:91732373:thyroid_gland:0,TN,0
5.0796056,-0.7227574,-0.18135728,-0.72264457,-0.23450752,-0.5397789,0.19477354,-0.04774105,-0.12108392,-0.07715678,1,chr6:17600812:thyroid_gland:0,TP,1
-0.777359,0.5898614,-0.46481293,2.083608,0.38524255,-0.19858027,1.8188872,0.6677675,1.2955462,-0.5871162,1,chr20:59002449:spleen:0,TP,1
-3.5144796,0.7187722,-1.172211,0.77048194,-0.41538283,0.612688,-0.17820737,1.3208864,-0.237533,-0.52863,0,chr6:31400922:stomach:0,TN,0
-4.105869,-0.9600899,-0.41250932,0.2308751,-0.7017752,-0.24521002,-0.09303741,-1.195063,-0.8162725,-0.24377528,1,chr19:58475933:thoracic_aorta:0,FN,0
4.295324,0.5152025,0.1767811,-0.66843784,-0.052056756,-0.06576693,0.27310863,-0.19792345,0.29287925,-0.038083833,1,chr3:16365628:gastrocnemius_medialis:0,TP,1
-3.3735764,-1.0707893,1.8735492,-0.33219478,0.2556907,-0.1174376,0.24957918,-0.34832072,-1.0219548,0.108489074,0,chr7:134728250:thoracic_aorta:0,TN,0
-4.1459217,-0.845373,0.616919,-0.00062242866,0.13945854,-1.1255088,-0.11669417,-0.16864106,0.07847461,-0.16424072,0,chr2:47071506:gastroesophageal_sphincter:0,TN,0
-3.8681774,-0.17934126,0.9251148,-0.2785201,-0.91677773,-0.45476583,-0.121823125,0.4317659,-0.60251945,-0.2994436,0,chr2:38469896:stomach:0,TN,0
-4.4865026,1.3588544,-0.55206335,-0.9164691,0.51465106,0.29950446,-0.85029465,-0.31104615,-0.11858533,0.21643431,0,chr15:67026273:transverse_colon:0,TN,0
5.1182194,-0.61321706,0.08499741,-0.548681,-0.35588866,-0.070933126,0.105207555,-0.2263244,0.07221467,-0.38057122,1,chr22:16339427:thyroid_gland:0,TP,1
-1.8612413,-0.6401948,0.28410456,-0.8625332,0.70270413,1.7423306,0.13942625,-0.5458501,0.1554025,-0.09869754,0,chr5:149447351:gastroesophageal_sphincter:0,TN,0
5.0042014,-0.1954412,-0.01819883,-0.63331306,-0.33178502,-0.20005848,0.28330785,-0.062225267,0.04195134,-0.10701419,1,chr3:34208471:esophagus_squamous_epithelium:0,TP,1
-3.2519922,-0.6939303,1.596591,-0.20190439,0.025844414,-1.2665303,0.2766392,0.16685565,0.1585224,-0.13924591,0,chr1:164693747:gastrocnemius_medialis:0,TN,0
-4.011151,0.3417149,-1.1322128,0.10470506,-1.31669,-0.06830525,-0.7029299,-0.87850785,-0.7231844,-0.4876595,0,chr8:73746347:stomach:0,TN,0
4.9059296,0.3665119,0.35797113,-0.32824647,-0.47541553,0.084276706,0.07963084,-0.09387478,0.2303748,-0.3359978,1,chr9:33797572:body_of_pancreas:0,TP,1
3.5536273,-0.19760226,-1.0360509,0.11758388,0.41827175,-0.15352225,-0.052766703,-0.076117225,-0.4696117,-0.046851598,1,chr6:17580457:gastrocnemius_medialis:0,TP,1
-3.4088013,-1.059367,1.3869252,-0.53140014,-0.07639732,-0.16692792,0.21479872,-0.68599486,0.033733267,0.61079407,0,chr5:137218802:body_of_pancreas:0,TN,0
2.605919,2.1614597,0.17861106,-0.10631548,-0.39359057,0.18103759,0.5365108,-0.27521494,0.5295482,-1.0935081,1,chr14:106511114:spleen:0,TP,1
-2.4497397,0.6159145,-0.75917643,-0.7464115,0.969441,0.44646642,-0.52308404,-0.87943244,-0.28464982,0.163473,0,chr11:76920883:transverse_colon:0,TN,0
-3.5010674,-0.33641312,-1.8054825,-1.129112,0.97464937,0.5707981,-0.5988607,-0.4127345,-0.50301534,0.18421797,0,chr10:113628608:gastrocnemius_medialis:0,TN,0
4.9816427,-0.18588865,0.093839884,-0.6080755,-0.4838337,-0.17259765,0.24214105,-0.12984534,-0.0051645455,-0.20068513,1,chr3:34208835:thoracic_aorta:0,TP,1
4.6465163,-0.5379431,-0.47033313,0.57860583,-0.061667487,-0.103532575,-0.19248545,-0.36306486,0.12534857,-0.07753458,1,chr2:178451029:spleen:0,TP,1
-2.3699484,-0.112355016,1.0905367,-1.2083102,0.3827852,1.1532862,-0.010984948,0.007459681,-0.10463164,0.0874543,0,chr16:89332213:gastrocnemius_medialis:0,TN,0
3.1049988,-1.2441007,-0.4866556,-0.9327923,0.84652454,-0.65879774,0.1332655,0.09179852,0.4042166,-0.42139798,1,chr4:51023823:adrenal_gland:0,TP,1
2.3483262,-0.07102406,1.2477579,0.17795682,0.631074,0.8647703,-0.8265148,-0.30752498,1.1167718,0.058806263,0,chr12:122375293:spleen:0,FP,1
-3.3224442,1.2866209,1.7580684,-0.3319537,-0.117340885,-0.14752929,-0.49639186,-0.52925706,0.4902547,0.6749713,0,chr7:98187325:prostate_gland:0,TN,0
5.0640965,-0.46743584,-0.094198234,-0.8112494,-0.47911912,-0.38309863,0.25770015,-0.07868591,0.020451939,-0.16325353,1,chr17:43360579:tibial_nerve:0,TP,1
-1.6591656,-2.9824345,0.575878,-1.1598152,-0.38493022,1.1944138,-0.107566535,0.99686354,0.3369295,0.07536691,1,chr6:33717185:body_of_pancreas:0,FN,0
5.018615,-0.59314084,-0.04582885,-0.5301123,0.064496726,-0.23829663,-0.005416832,0.25415993,-0.17339356,0.44362012,1,chr6:99516089:Peyers_patch:0,TP,1
-2.8287673,2.6135871,0.05945564,-0.4018203,0.12020108,0.99632424,-0.47270477,-0.4488336,0.18892345,0.37414882,0,chr16:1963487:body_of_pancreas:0,TN,0
0.18448219,0.29154626,1.8380154,1.5343828,0.85931295,-0.010884898,0.377227,-0.04709026,-1.1445676,0.27477616,1,chr1:234723756:gastroesophageal_sphincter:0,TP,1
-0.06364971,-0.59437275,-1.4383163,2.2986896,-0.14526305,-0.18933633,-0.23564966,-0.10459595,-0.8078945,1.1141632,1,chr20:26208460:spleen:0,TP,1
4.438988,-0.00849484,0.3668416,0.48218295,0.12842037,-0.36175713,0.24055031,-0.2374959,0.03511197,-0.2232343,1,chr9:129441277:prostate_gland:0,TP,1
-3.3570564,0.4812219,0.85996383,-0.14683029,-1.127832,-0.10785248,-0.21741666,0.2523139,0.005846778,0.3628168,1,chr5:143154853:gastroesophageal_sphincter:0,FN,0
4.829422,-0.28387564,0.26727775,0.3501326,-0.25658676,0.10213918,-0.56293786,-0.30984288,0.10111887,-0.20558113,1,chr9:129437494:tibial_nerve:0,TP,1
5.007307,-0.4957488,0.16107194,-0.5198696,-0.3607249,-0.2561058,-0.13998595,-0.29372182,0.062095452,-0.44236702,1,chr15:77077935:upper_lobe_of_left_lung:0,TP,1
-3.1923819,0.25820854,-1.1659913,1.2851446,-0.21368623,-0.25358066,0.44528255,-0.140847,0.8209291,0.038790654,0,chr19:32972539:esophagus_muscularis_mucosa:0,TN,0
-2.1577451,0.29129624,-0.6737573,0.00048638185,-0.10561461,1.8109244,0.7483521,1.3975058,-0.28834477,-0.437206,1,chr22:37282772:esophagus_squamous_epithelium:0,FN,0
-3.5186982,-0.37696543,1.4417701,-0.5176198,-0.5067216,-0.371045,0.42726898,-0.26245704,-0.37692305,-0.05105593,1,chr3:5138765:gastrocnemius_medialis:0,FN,0
5.079605,-0.72275156,-0.18135726,-0.7226449,-0.23450913,-0.53977937,0.19477305,-0.04774057,-0.12108343,-0.07715565,1,chr6:17600812:stomach:0,TP,1
4.2415786,0.6327823,0.07832164,-0.85088223,-0.15991206,-0.84601265,0.19250837,0.28056383,0.023622943,-0.15262198,1,chr10:47381073:body_of_pancreas:0,TP,1
-4.527346,0.7968587,-0.4762591,-0.2986524,0.03928933,-0.2153581,-0.4803744,-0.3455799,0.07743152,-0.022218999,0,chr14:68659077:transverse_colon:0,TN,0
-2.3227034,1.1550343,-1.1940626,0.18068418,-1.1069262,1.3249472,1.7121416,0.2942637,-1.3518052,-0.3189583,0,chr17:2012268:transverse_colon:0,TN,0
1.1889544,1.784791,0.76123506,-0.88824224,0.32718018,1.1483326,0.06467629,0.32254544,0.8928229,0.13714483,1,chr10:69425231:esophagus_muscularis_mucosa:0,TP,1
-3.8311498,1.1262501,-1.4306768,0.40339595,-0.96759754,0.38448444,-0.5069238,-0.35763204,-0.6062988,0.21514335,0,chr15:26082829:thyroid_gland:0,TN,0
4.789672,0.23707044,0.08491667,-0.32697126,-0.45493144,-0.2131419,0.23546703,-0.25094065,0.059125304,-0.45421192,1,chr7:142519803:transverse_colon:0,TP,1
3.6131516,0.8869314,0.72138083,0.1968979,-0.19987077,0.31582215,-0.51217747,-0.103044376,0.4038389,-0.36297402,0,chr18:23499868:spleen:0,FP,1
-3.390884,-1.4473108,0.62171596,-0.058014065,-0.24011159,-0.2963366,0.22812977,0.11057872,0.26174718,0.084067576,0,chr4:185524240:gastroesophageal_sphincter:0,TN,0
-2.1466513,-0.29611516,-2.7124894,1.6111617,-0.43402874,0.058797725,-0.1471525,-0.37088934,-0.4382891,0.6514803,1,chr19:10543786:spleen:0,FN,0
4.7612233,-0.31583244,-0.12362715,-0.8391657,-0.2204864,-0.3970089,0.39353046,-0.17467393,0.09361485,-0.44532782,1,chr8:45161494:thyroid_gland:0,TP,1
-4.463977,0.26130167,-0.5118024,-0.8922687,0.8766321,-0.44647476,-0.29700288,0.15892147,0.3746388,-0.42833507,0,chr6:89022381:esophagus_squamous_epithelium:0,TN,0
3.9484737,0.35300207,0.8629112,0.16915153,-0.33792713,0.6117074,-0.80882984,0.34709737,0.21052073,-0.48273355,1,chr1:226034239:spleen:0,TP,1
4.982511,0.17261492,0.37808248,-0.20016876,-0.3805442,0.1200421,-0.24507067,-0.17608808,0.095701955,-0.34085917,1,chr17:78356295:sigmoid_colon:0,TP,1
-1.7470218,1.9674245,0.70461726,-0.23743603,0.74106234,0.7425814,0.3572713,0.09159422,-0.78265154,-0.67691183,1,chr16:85001367:body_of_pancreas:0,FN,0
-2.425599,-0.14300512,-2.0663457,-0.37971807,1.2405145,0.3433336,-0.7137072,-0.0491186,-0.59159815,0.22844864,1,chr22:25163816:gastrocnemius_medialis:0,FN,0
-1.914207,1.3519149,-1.4819661,-0.5305382,0.9812466,0.7587735,-0.11333817,-0.051508773,1.08077,-0.099030845,1,chr20:13875284:sigmoid_colon:0,FN,0
5.0939417,-0.39237145,-0.05282439,-0.6365348,-0.3993412,-0.33558962,0.25383726,-0.05229562,-0.055808026,-0.28136826,1,chr17:43360116:esophagus_muscularis_mucosa:0,TP,1
4.9926715,-0.13868679,0.18417658,-0.079855144,-0.3007653,0.1445259,0.120162934,-0.31569743,0.09403188,-0.4874312,1,chr19:21585438:body_of_pancreas:0,TP,1
-0.974439,1.9769294,-0.43351603,0.1692829,0.64972794,0.5897576,0.86431855,0.29919484,0.29388234,-0.046848603,0,chr17:12342824:sigmoid_colon:0,TN,0
-3.36126,-0.88650143,0.39028007,0.14227536,0.8013173,0.39438084,0.05233193,0.23561957,-0.32233363,-0.1842579,0,chr16:84832380:prostate_gland:0,TN,0
-2.2514436,-2.7280083,-1.9898589,0.31868502,-0.3783732,1.4013453,0.11993773,0.402014,-0.8256533,-0.65524167,1,chr13:43879646:gastrocnemius_medialis:0,FN,0
4.9838405,0.033824027,0.103893615,-0.32170784,-0.53782505,-0.11557557,-0.14248523,-0.25915205,0.11411408,-0.44226596,1,chr2:67906577:upper_lobe_of_left_lung:0,TP,1
-1.0433887,-0.65350807,0.91263634,-1.4195644,0.16460615,1.0133196,-0.4436809,-0.9162253,0.6886433,0.6189362,0,chr17:29737479:gastrocnemius_medialis:0,TN,0
-2.0805533,-1.2403741,1.7799662,-0.24118613,0.3666443,-0.42433846,-0.286221,-0.13552092,0.8037052,0.8236159,0,chr12:70547158:gastrocnemius_medialis:0,TN,0
-4.3034344,1.0475833,0.82259727,-0.16049749,-1.2238861,-0.57904834,0.030414311,-0.75131166,-0.5300602,0.2193891,0,chr9:42129090:esophagus_muscularis_mucosa:0,TN,0
2.8393147,0.6814024,-0.6231241,1.6719325,-0.29917985,0.41246516,-0.10450894,-0.01212108,0.20727819,0.8529834,1,chr11:75583287:esophagus_muscularis_mucosa:0,TP,1
1.0436604,-0.386136,2.2096257,1.8334206,1.1157598,-0.6175913,-0.3035744,-0.27970126,-0.101611264,0.7171057,1,chr17:82103668:suprapubic_skin:0,TP,1
-3.6976886,1.0953285,-0.08658268,0.291199,-0.82984513,-0.50544375,-0.13474827,-0.2109721,0.54521793,0.10587441,0,chr17:42421261:sigmoid_colon:0,TN,0
5.236789,-0.74785364,-0.0045602275,-0.34702247,-0.2298851,0.064738646,-0.04800649,-0.29183555,0.0738192,-0.089091346,1,chr12:42144537:esophagus_muscularis_mucosa:0,TP,1
4.8764324,0.17282252,0.30345586,0.20151255,-0.30090022,-0.025151208,-0.46206185,-0.24842712,0.037670754,-0.25399536,1,chr17:28744291:esophagus_muscularis_mucosa:0,TP,1
3.1466644,-0.09870079,-0.8717794,-0.8193853,0.5221228,-0.666708,0.33026895,1.653657,0.08757568,2.1723387,1,chr1:21935425:stomach:0,TP,1
5.0796056,-0.7227574,-0.18135728,-0.72264457,-0.23450752,-0.5397789,0.19477354,-0.04774105,-0.12108392,-0.07715678,1,chr6:17600812:esophagus_squamous_epithelium:0,TP,1
5.122896,-0.47151017,-0.118333094,-0.58288246,-0.2520678,-0.30175474,0.42257273,-0.046209265,-0.029467512,-0.15238135,1,chr3:75785609:esophagus_muscularis_mucosa:0,TP,1
-3.365847,-0.10154527,1.2052017,-0.57312983,-0.02312766,0.35357442,-0.1242379,0.69999534,-0.548051,-0.14288189,0,chr12:108696262:sigmoid_colon:0,TN,0
-3.3182955,0.6799226,-0.8018025,-0.27891755,0.5796292,-0.24066363,-0.14535622,-0.1667286,0.4610406,-0.9826172,0,chr9:87561936:sigmoid_colon:0,TN,0
-1.2208426,2.8864841,1.3845947,0.2196512,0.085521385,-0.1151989,0.12958439,0.36833635,0.87496096,0.770999,0,chr4:82901805:gastrocnemius_medialis:0,TN,0
4.992446,0.0055842632,0.36790535,-0.28690633,-0.39067462,0.19319735,-0.4016647,-0.12103602,0.02506664,-0.15243396,1,chr20:32116829:gastrocnemius_medialis:0,TP,1
-2.9491074,-0.34422877,0.97052306,0.7050318,0.68553096,-0.6169886,0.39373875,0.27452278,0.37498802,-0.40056187,0,chr2:42938006:spleen:0,TN,0
-1.9781331,0.89959174,-1.4536324,-0.38765478,1.4116294,-0.3961592,-0.728634,-1.0456672,-0.27792087,-1.071787,0,chr2:85513254:transverse_colon:0,TN,0
-2.5216622,1.0590756,-0.64939356,-1.0386444,-0.63292766,1.8919305,0.34648374,0.6268139,-0.972753,-0.5126979,0,chr8:100558855:gastrocnemius_medialis:0,TN,0
-3.2010021,-1.6118728,-1.4951782,0.13271452,-1.3523334,0.82572144,-0.16308801,0.14401539,-0.1755336,-0.6637558,0,chr2:216412525:upper_lobe_of_left_lung:0,TN,0
2.7966216,-1.1743279,-0.029593393,0.57060635,0.8373375,0.22942926,0.033235483,-1.1226754,0.24549314,0.40231323,0,chr19:19865891:esophagus_muscularis_mucosa:0,FP,1
5.236789,-0.74785364,-0.0045602275,-0.34702247,-0.2298851,0.064738646,-0.04800649,-0.29183555,0.0738192,-0.089091346,1,chr12:42144537:prostate_gland:0,TP,1
4.537186,-0.4274998,-0.49339342,-0.6716727,0.41767907,-0.2705175,0.20888253,-0.24498989,-0.17687877,-0.14340018,1,chr19:38644857:Peyers_patch:0,TP,1
4.684415,0.10906915,0.433337,0.58479357,-0.16829027,-0.03774808,-0.75703233,-0.20088197,-0.05552042,-0.022179298,1,chr19:55600444:upper_lobe_of_left_lung:0,TP,1
-2.6860974,0.36354607,-1.5665499,0.68469065,-0.6088036,0.41364276,0.84311897,0.37895676,0.63009197,-0.096289776,0,chr19:1107335:prostate_gland:0,TN,0
4.964366,0.076897435,0.29800448,-0.28651235,-0.37139797,0.06689124,-0.3280315,-0.095111415,0.13723275,-0.32604516,0,chr19:36838128:sigmoid_colon:0,FP,1
3.1615067,0.7580679,-0.13370304,0.5929272,-0.4426819,1.916604,0.40914473,-0.117588945,-0.0033619124,-0.09185693,1,chr17:1029308:Peyers_patch:0,TP,1
4.8633065,0.03884182,0.03637297,-0.93528324,-0.13424318,-0.48003492,0.065900765,0.15205872,0.014359068,-0.22171144,0,chr19:45455035:body_of_pancreas:0,FP,1
-1.4771718,2.5144408,0.50254613,-1.6478062,-0.3561707,0.62698746,0.18971568,-0.437572,0.7544611,0.3699607,0,chr1:120254086:gastrocnemius_medialis:0,TN,0
5.0578704,-0.6986577,-0.2046995,-0.73361284,-0.16345651,-0.5621331,0.1748974,-0.037756607,-0.16889884,-0.10104079,1,chr6:17600825:stomach:0,TP,1
-3.6790328,0.7787641,1.9315228,-0.8155089,-0.5556862,-0.93219787,0.30673298,-0.26983333,-0.23399319,0.20058493,0,chr1:235061755:spleen:0,TN,0
4.2462473,-1.4304355,-0.6569745,-0.41170254,0.1860808,0.13071248,0.21109475,-0.24996875,0.2956098,0.36790845,1,chr7:106207431:prostate_gland:0,TP,1
1.8037581,0.73560166,0.4655983,1.1904048,0.2212595,-0.28838837,-0.19079691,-0.02631368,0.4383658,0.26767346,0,chr8:8330714:spleen:0,FP,1
-2.6079514,1.9349997,-0.31668442,0.41653475,0.4452812,1.1353612,0.66861904,-0.07298087,0.33217087,-0.2490873,0,chr11:75720840:Peyers_patch:0,TN,0
3.9201694,-1.59236,-0.8028288,-1.5012734,0.3268453,-0.22685307,0.2815603,-0.4276918,0.10977456,-0.17069103,1,chr2:93976841:spleen:0,TP,1
4.1861563,0.3293787,-0.54652,-0.8417312,-0.10456741,-0.5693115,0.1553492,0.6693418,0.009169164,0.8771557,1,chr22:31226723:sigmoid_colon:0,TP,1
5.1522937,-0.5061601,-0.02423897,-0.35713375,-0.29306942,-0.13991755,-0.09230678,-0.17284228,-0.020585338,-0.2128144,1,chr11:47642410:gastroesophageal_sphincter:0,TP,1
-2.5427794,0.61789995,-1.2830017,0.07430171,0.99304986,1.0092716,-0.3897606,0.63693845,-0.55326223,-1.2656667,0,chr10:99982944:gastrocnemius_medialis:0,TN,0
4.9577217,0.1576836,0.31979266,0.039490514,-0.2974754,0.36618307,-0.19998509,-0.23503393,0.20556457,-0.23908749,1,chr2:237591230:transverse_colon:0,TP,1
4.9615536,-0.546358,-0.38283852,-0.38300237,-0.25460133,-0.28825447,0.4434137,0.009359123,-0.090292014,-0.0044724457,1,chr19:489630:Peyers_patch:0,TP,1
0.9858635,1.4555783,-0.07922112,1.4884198,0.003918599,-0.61474264,-0.81036526,0.16034408,-0.1276884,0.48047552,0,chr2:219497834:spleen:0,FP,1
-3.9453278,0.08221131,0.1466589,0.14402768,-0.8293009,-0.59361506,0.1072652,0.01963648,-0.07885711,-0.41084155,0,chr16:67405635:prostate_gland:0,TN,0
-2.9489622,-2.0037937,-0.6847951,0.31640708,0.16968274,0.06380462,0.20766237,0.43124497,0.7056531,0.017293958,1,chr19:35309816:spleen:0,FN,0
-2.9340644,-1.4857852,2.346774,-0.50339633,0.09958459,-0.04644203,0.55170673,-0.5941647,-0.41765112,0.493179,0,chr5:164234510:body_of_pancreas:0,TN,0
-3.5516508,0.012775039,-0.05816927,0.79281616,1.5700673,-0.4832462,0.11116036,0.04100652,-0.19316468,-0.5615545,0,chr16:29203628:body_of_pancreas:0,TN,0
-3.0920076,-2.1816664,1.1644713,0.0046197088,-0.078701414,0.18365727,0.81490916,-0.34513208,-0.5789904,-0.13869639,0,chr16:84826327:esophagus_squamous_epithelium:0,TN,0
-3.6616848,0.015295019,1.3151003,-0.5131712,-1.3112584,-0.70605594,-0.40522802,-0.11915292,-0.20504709,0.4531372,0,chr6:15477098:thoracic_aorta:0,TN,0
-3.082038,0.1396773,1.9369795,-0.41971612,-1.1481813,-0.41997176,0.6099203,-0.12120209,-0.17141631,0.23603064,0,chr12:69534591:gastrocnemius_medialis:0,TN,0
3.9526215,0.63818836,-0.39654303,-0.9481991,0.15916543,-0.84409493,0.45257592,0.56231064,-0.2622578,0.2392172,1,chr9:43171166:prostate_gland:0,TP,1
-0.057453625,-0.7571879,-1.4599527,1.7728139,-0.5952188,0.20203543,-0.685689,-0.4447399,-0.1520288,0.4596108,0,chr11:71787133:body_of_pancreas:0,FP,1
-3.234386,-0.91999435,-2.2418818,0.85810286,-1.3235261,0.19042364,0.04725834,-0.7684077,-0.62012863,-0.55136716,0,chr8:11868003:prostate_gland:0,TN,0
4.8137536,-0.24663825,0.0016311352,-0.545701,0.05493449,0.09885198,0.24159104,0.026614172,-0.023562495,0.29813123,1,chr7:71486873:esophagus_squamous_epithelium:0,TP,1
-3.5750217,0.99721783,-0.18087494,-0.5462217,0.7878768,-0.25643435,-0.40354705,0.82539105,0.21733862,0.1451991,0,chr9:124783903:spleen:0,TN,0
-3.650781,0.13513851,0.4916494,-0.48377904,-1.515475,0.022795355,0.56867653,0.22919267,-0.1400655,-0.24202096,0,chr6:158642577:gastrocnemius_medialis:0,TN,0
-2.0074315,1.0405062,-1.1039511,-0.05919764,1.4554995,0.5950751,-0.6189734,-0.26552606,1.1872005,-0.6001884,0,chr15:28634350:gastrocnemius_medialis:0,TN,0
-3.8414485,0.72738665,0.7870404,0.3146702,-0.69308335,-1.3045352,0.7140988,-0.15313277,0.14610426,-0.12787579,0,chr9:111897926:testis:0,TN,0
-1.6026754,-0.13958637,0.14107586,-0.479595,1.2825086,0.41971138,-0.2816674,-0.07493833,-0.7527343,0.73065126,0,chr18:50796022:body_of_pancreas:0,TN,0
-4.3886743,0.956354,-0.31060877,-0.47286654,0.24113303,0.008704829,-0.33559468,-0.58823925,0.36669794,0.42441383,1,chr2:203681822:gastrocnemius_medialis:0,FN,0
-0.99677896,-1.2153522,-1.707804,1.3787057,-0.27392504,-0.1518753,-0.7538827,-0.26914954,0.6419987,0.68522435,1,chr13:29850489:Peyers_patch:0,FN,0
4.466795,0.28997138,0.82190466,0.3112566,-0.23692441,0.08349505,-0.62534446,-0.10414755,0.37102225,-0.1983862,0,chr15:90551884:tibial_nerve:0,FP,1
-2.4877024,1.8727493,-1.1015737,0.49204373,-1.2456222,0.75076205,0.13281111,0.19141623,0.13457003,0.5516493,1,chr12:25386693:prostate_gland:0,FN,0
2.5123425,-0.62535256,-0.4009185,-0.15088484,0.8876374,-0.2788969,-0.31115127,-0.20659254,-0.4717884,-0.24185266,0,chr7:71240674:gastroesophageal_sphincter:0,FP,1
-1.5450037,2.60728,-0.4208282,-0.95009136,0.554258,0.0151155535,-0.27622426,0.4497764,0.8511405,-0.97538173,0,chr20:5132067:sigmoid_colon:0,TN,0
-3.0238152,1.2903199,0.2851196,-0.7083681,-0.09509652,0.37525195,-0.5429927,-0.21102574,0.74190116,0.6038488,0,chr15:76006402:body_of_pancreas:0,TN,0
4.600297,0.06694814,1.0498337,0.4711097,-0.08158712,-0.0094782105,-0.43891954,0.0022714518,0.13245025,-0.16359524,1,chr11:67055968:body_of_pancreas:0,TP,1
-3.5657973,-1.4427592,-1.37735,0.9975438,-0.44036302,0.27608168,-0.48845834,-0.970506,0.10502938,0.08855724,0,chr17:80455102:transverse_colon:0,TN,0
-2.196232,-1.6325053,1.7855736,-0.121087,0.86364686,-0.373893,0.022446346,-0.27529833,-0.39114812,0.094794266,0,chr6:159966885:spleen:0,TN,0
3.0793421,0.11332134,-1.2965969,1.132568,-0.5048435,0.013397595,-0.45297673,-0.08830437,-0.25309473,1.1883591,0,chr21:33324561:sigmoid_colon:0,FP,1
0.94578844,0.48068807,-0.23433517,1.8936244,0.56607383,-0.643169,0.9789315,0.50412023,0.61092794,0.020225195,0,chr2:233088955:spleen:0,FP,1
0.2738533,-0.89889455,-0.63945997,1.5033314,0.72807777,-0.16074316,0.5097661,0.96653634,1.623279,-0.20041062,0,chr19:751552:prostate_gland:0,FP,1
-2.0712633,-0.32023934,-2.0331743,1.2732387,-0.5446031,0.2475139,0.44893274,0.022388672,-0.7303883,0.4163801,0,chr1:120415061:esophagus_squamous_epithelium:0,TN,0
4.3316107,1.0491309,0.79356086,0.30399355,-0.09408076,0.37846005,-0.77507246,-0.18459074,0.12814786,-0.19092353,1,chr20:56789575:sigmoid_colon:0,TP,1
-3.3468022,-0.6235786,0.17665945,0.19202185,-1.0059521,0.20230801,-0.289867,-0.71989286,-0.090029545,0.35492852,0,chr9:22446751:sigmoid_colon:0,TN,0
-2.2379365,3.3712835,0.9155812,-1.4822524,-1.1129209,0.84283626,0.5147074,-0.86367023,0.24574727,1.2628883,0,chr21:28418815:gastroesophageal_sphincter:0,TN,0
-2.1577468,0.29130659,-0.6737592,0.00048723418,-0.10561604,1.8109232,0.7483531,1.397506,-0.28834495,-0.43720666,1,chr22:37282772:spleen:0,FN,0
1.3768812,1.8461231,-0.7645581,-0.6996228,0.5844736,-0.43129483,0.0033959874,0.9131301,1.1584058,-0.51884186,1,chr3:8598409:gastrocnemius_medialis:0,TP,1
-3.751125,-0.31552348,-1.6316612,-0.33182162,-0.3937511,0.040434215,-0.3855399,0.22534327,0.14477028,-0.3728383,0,chr19:36127795:tibial_artery:0,TN,0
-2.5057595,1.4904177,-0.37143478,-1.350746,-1.4548362,0.7742073,0.90822047,0.8527213,-0.47876444,-0.68777084,1,chr8:23350069:sigmoid_colon:0,FN,0
-1.7209244,-0.7235643,-1.4572946,0.8339007,0.021266159,0.41522613,0.37313995,1.0176481,0.09634282,-0.51435417,0,chr9:93098993:esophagus_squamous_epithelium:0,TN,0
4.798893,-0.724499,-0.36470702,-0.44542953,0.13073923,-0.5588438,0.7534194,-0.030007277,-0.24190997,0.06515628,1,chr7:100950076:gastrocnemius_medialis:0,TP,1
2.9147794,0.15314232,-0.6076677,-0.08114748,-0.0386368,1.5101725,1.6417967,0.10237126,0.43323213,-0.019985868,1,chr10:47380854:body_of_pancreas:0,TP,1
-3.6661325,0.76210344,1.1362704,-1.3168854,-1.0282596,-0.17054603,0.2528119,-0.80845326,-0.5207836,0.10625811,0,chr7:150306356:body_of_pancreas:0,TN,0
-3.4549048,-0.11996023,-0.78404707,0.21799353,-0.67304015,-0.30678317,0.27430975,-0.023093836,0.43893775,-0.1839522,0,chr3:129595595:upper_lobe_of_left_lung:0,TN,0
5.022734,-0.21832037,0.074210875,-0.058815148,-0.26802334,0.12850721,-0.06142823,0.012891436,0.0152219245,0.12687182,0,chr17:7857385:Peyers_patch:0,FP,1
