PC1,PC2,PC3,PC4,PC5,PC6,PC7,PC8,PC9,PC10,target,example_id,confusion_category,pred_label
6.040893,0.29505986,0.17305587,0.22390816,0.32471874,-0.7556911,-0.46279585,0.041453756,-0.40731168,0.32963222,1,chr12:52949266:prostate_gland:0,TP,1
-2.23953,-0.13335972,-0.56417084,0.7764916,0.8537055,0.0202426,0.07548548,-0.525438,-0.063318886,-0.3306051,0,chr1:208268555:body_of_pancreas:0,TN,0
-2.2191575,-1.5001153,-0.22680736,0.41586316,0.17415662,0.07427889,-0.74753535,-0.3679324,-0.04834432,0.17669699,0,chr10:100267607:transverse_colon:0,TN,0
-2.0624,1.6338654,-1.0240395,0.78787607,-0.7273947,0.5374724,-0.15321004,-0.5569764,0.09351113,-0.20591767,0,chr15:85840427:sigmoid_colon:0,TN,0
-2.129841,1.7025807,-0.74448454,0.66988486,-0.5806543,1.1268513,0.28372082,0.9251967,-0.09953075,-0.0014424727,0,chr20:53943966:thoracic_aorta:0,TN,0
0.02122517,-1.5841204,-1.7070234,1.1440135,-1.1010789,0.6845452,-0.29509866,-0.41684508,0.31689906,-0.33277965,1,chr2:46699152:prostate_gland:0,FN,0
-2.1597285,1.0157375,-0.6981063,0.8631917,1.2728405,-0.5137913,0.3025877,0.6195216,0.20148215,-0.0536391,0,chr5:150847159:prostate_gland:0,TN,0
5.6115766,1.2073463,0.099057086,-0.8963103,-0.3350986,-0.66562915,-0.28531304,0.4531687,-0.0007813888,0.1687085,1,chr2:86221296:thoracic_aorta:0,TP,1
-0.38776305,-2.843467,0.5506459,0.27834123,-1.1145247,-0.5719804,-0.008406292,0.3038436,-1.1137458,1.0882897,1,chr9:33447548:prostate_gland:0,FN,0
-3.0676541,0.27037907,-0.6189324,0.23997669,-0.4819466,-0.9620211,0.31444967,-0.21932498,-0.18278097,0.39877805,0,chr7:100950296:Peyers_patch:0,TN,0
-2.518561,-0.7923735,0.6981804,-1.6227994,-0.17490393,-0.32045102,0.007188136,-0.53213155,0.088461,-0.9991537,1,chr8:41651698:testis:0,FN,0
-2.3408568,1.0525106,-0.24579833,0.22780259,0.86526495,0.44095588,-0.05789391,0.0379712,-0.3871772,0.1413917,0,chr1:239067551:body_of_pancreas:0,TN,0
-3.476023,0.58593214,-0.71937394,0.38863868,0.21720079,-0.9736953,-1.1343249,-0.27658704,0.51368153,0.40776488,1,chr1:146376989:lower_leg_skin:0,FN,0
1.5178608,-2.928821,1.4437306,1.2707382,0.4485836,0.5551097,-1.3104903,2.1792278,1.0950907,-0.2265625,1,chr8:44636977:gastrocnemius_medialis:0,FN,0
-1.5065625,-1.2319378,1.1322638,0.021886382,0.21865776,-0.5763558,-0.25112027,-0.42973363,-0.056957766,-0.013626154,0,chr22:50533646:body_of_pancreas:0,TN,0
-1.6585395,0.04051384,0.40867603,0.59778076,0.11267335,0.011185305,0.010301991,-0.12309703,-0.4943114,-0.4649868,1,chr2:8910313:body_of_pancreas:0,FN,0
5.1863875,-0.9751587,-0.71166533,1.0582637,0.32361248,0.50713235,0.82095325,-0.6745648,-0.22830008,-0.87160224,1,chr6:44627517:body_of_pancreas:0,TP,1
-1.2759515,-0.40902668,-0.86828965,-0.51022846,-1.1965969,0.09993241,-0.55107445,-0.7423123,0.5018054,0.3019366,1,chr6:157274469:tibial_nerve:0,FN,0
-2.4180233,-1.0991119,-0.59443295,0.12703091,-0.3769733,-0.59708613,-0.21534765,-0.7586138,-0.04641656,0.028710084,0,chr2:130144620:spleen:0,TN,0
-2.635527,1.0958574,-0.191024,-0.0022169752,-0.2690433,-0.4786323,-0.12068415,-0.020652685,-0.13568775,-0.33481038,0,chr20:59515611:transverse_colon:0,TN,0
2.4968898,2.123179,-0.45215932,-1.3789973,0.14849795,0.72911036,0.085946344,0.666332,0.13328272,0.3558122,0,chr15:63000361:body_of_pancreas:0,FP,1
-3.2877104,-0.43035555,-0.7672349,0.17193486,-0.8074376,-0.628408,-0.69815534,-0.36798763,0.016670428,0.25527677,0,chr7:150323436:spleen:0,TN,0
3.7954488,0.9323052,-0.06527419,-0.4570142,-0.44906017,0.84719145,0.47857955,0.0807637,0.3956119,-0.22749224,1,chr6:131199853:adrenal_gland:0,TP,1
6.042911,0.16955851,-0.15559418,-0.1728083,0.02108957,-0.60005456,-0.6202952,0.18417436,-0.32473007,0.20254815,1,chr17:45585364:esophagus_muscularis_mucosa:0,TP,1
-3.0366883,2.9018855,-0.020902425,0.101198114,0.25558966,0.22933337,-0.058167852,0.6501,0.19889332,-0.23904784,1,chr9:127348292:gastroesophageal_sphincter:0,FN,0
-3.403371,-0.2026714,-0.25484112,0.3286216,0.06104787,-0.43456593,-0.3898465,0.3463192,-0.32362998,-0.1549167,0,chr21:43723793:body_of_pancreas:0,TN,0
-1.5816249,-2.358648,-1.0901338,0.7773183,-0.41181207,-0.38295668,-0.70403266,0.03850969,0.44222796,-0.002237892,0,chr6:138988030:esophagus_squamous_epithelium:0,TN,0
5.929857,-0.2756206,0.51088834,0.5621675,0.56035453,-0.19533886,-0.28741986,0.20371899,0.07295325,0.6483816,1,chr17:22909996:testis:0,TP,1
-3.1314266,1.7726519,-0.16902658,0.13459568,0.07356938,-0.5152271,-0.024148379,0.110069945,-0.010560632,0.2407674,1,chr18:56728983:transverse_colon:0,FN,0
5.657139,-0.24284792,0.15869656,1.0344713,0.25848135,-0.11020069,0.22154236,-0.2687018,-0.54250395,0.08439425,1,chr11:29644415:prostate_gland:0,TP,1
-3.048801,-0.9107506,0.46623632,-0.55122393,0.7645414,-0.39173642,-0.09989624,-0.46531245,-0.33310053,-0.45625558,0,chr6:11013986:body_of_pancreas:0,TN,0
5.4939137,1.143756,-0.2233198,-0.6044693,-0.20421815,-0.7272347,0.13254562,0.12117262,-0.04151026,-0.5152119,1,chr7:100949214:Peyers_patch:0,TP,1
-0.18086901,-1.1915665,-1.0757903,-1.2075031,-0.3716171,0.46446756,0.15981366,-0.2613386,-0.06133295,0.7066158,0,chr15:63122523:gastrocnemius_medialis:0,TN,0
-1.2997092,-0.12449718,0.48860097,0.94456154,-0.38386756,-0.030469486,0.17721026,-0.37106958,-0.13599877,0.1394104,0,chr1:19659758:tibial_nerve:0,TN,0
5.2066774,0.06896894,0.0988887,1.2818893,-0.046446975,-0.12513958,0.4654844,-0.7014928,-0.21899039,-0.17115745,1,chr11:46305551:body_of_pancreas:0,TP,1
-3.194021,0.5919163,-0.49032646,0.37168062,0.3468108,-0.12219106,-0.5492685,0.073672675,-0.31042454,-0.38632816,1,chr5:759207:body_of_pancreas:0,FN,0
-1.778318,0.7040057,-0.75859475,0.095706604,0.47665587,0.86635435,0.15581597,0.23927835,0.17311211,0.8341269,0,chr7:100217197:tibial_artery:0,TN,0
-2.354564,-0.3595677,0.25408947,-0.6271116,0.71002346,-0.08087554,-0.3887736,0.18350266,0.16295381,-0.23252498,0,chr9:105609267:thoracic_aorta:0,TN,0
-2.1296093,0.2764861,0.64297295,-0.36073124,0.6508712,-0.5824477,0.71562165,-1.4192082,-0.1058302,0.082835786,0,chr3:64325309:thoracic_aorta:0,TN,0
3.1387887,-0.37800822,-1.292165,-0.10766859,-1.2657411,0.75600874,0.5108653,-0.2958048,-0.018573502,0.14668375,0,chr17:4639421:upper_lobe_of_left_lung:0,FP,1
-3.3914258,0.9089154,0.107050054,-0.3396955,-0.17229569,0.14770006,-0.05045173,0.42707047,-0.29311496,-0.6110073,0,chr14:34228362:thoracic_aorta:0,TN,0
5.2308965,0.09858932,0.42486215,-0.7555484,0.2337735,-0.2748324,-0.412344,0.5303493,0.46962658,-0.047711592,1,chr7:142521135:transverse_colon:0,TP,1
5.4376097,-0.59811294,-0.26138514,1.2291099,0.16397358,0.1616654,0.78124523,-0.9241033,-0.4497135,-0.745366,1,chr7:73725711:suprapubic_skin:0,TP,1
-1.8877592,1.012718,-1.2387657,-0.2015414,-1.9346372,0.5032069,0.10820873,-0.19265398,-0.1778412,-0.16499527,0,chr3:9862475:body_of_pancreas:0,TN,0
-3.1200573,0.0342636,-0.42843506,-0.13208233,0.18693632,-0.8786986,0.94513756,0.25177628,-0.44095084,0.07713669,0,chr1:225816669:transverse_colon:0,TN,0
-2.6832848,0.29803556,-0.2697316,0.22187279,0.2182082,-0.37169614,0.20779443,0.1878373,-0.4715116,-0.39405447,0,chr2:46818510:body_of_pancreas:0,TN,0
-2.2181287,0.37201595,-0.5242347,0.5328958,1.3727986,0.29269046,-0.2860008,0.56333905,-0.16508271,-0.0028065287,0,chr6:2448888:adrenal_gland:0,TN,0
-3.3651576,0.64931387,-0.44079202,0.5218956,0.5770172,-0.7561892,-0.66126156,-0.29612988,0.32862127,0.30036464,0,chr12:21437622:tibial_artery:0,TN,0
-1.0295482,-2.4721942,1.0215231,-0.29964492,-0.020333258,-1.1822703,-0.28983602,0.15321554,-1.4372265,1.2075913,0,chr6:31356771:prostate_gland:0,TN,0
2.5648482,1.6542543,-0.018428095,-0.58266497,0.030470341,1.4668405,-0.86394894,-0.78385675,0.04097844,1.4168442,1,chr5:123274158:body_of_pancreas:0,TP,1
-3.2297246,-0.34968552,-0.4784835,0.4053314,-0.535025,-1.1971074,-0.42752138,0.020624975,-0.016339853,-0.4316841,1,chr17:49764139:body_of_pancreas:0,FN,0
5.7531967,0.36722806,-0.48441768,-0.3102987,-0.051448237,-0.1280922,-0.23108132,-0.06574609,-0.1268892,-0.06456483,1,chr12:121918386:transverse_colon:0,TP,1
-2.2095594,-0.48667952,0.4561412,0.21801892,-0.6047239,0.1484577,0.36161587,-0.22318734,0.7791537,-0.42436153,0,chr9:133565456:testis:0,TN,0
-3.4468517,0.68921703,-0.60784036,0.06528752,-0.5036519,-0.51787657,-0.33506286,0.20622048,0.067606255,0.21329416,0,chr1:100249897:lower_leg_skin:0,TN,0
3.0203786,-1.0248631,-2.0061097,0.899182,-0.3477591,0.9300246,-0.13934802,-1.4946845,0.5245329,-0.2213914,0,chr7:26377045:sigmoid_colon:0,FP,1
1.5114224,-0.79376245,-0.81140876,-0.19990495,-0.7472585,1.9020827,-1.0596287,-0.23692283,1.5017918,0.37094,1,chr2:196068383:spleen:0,TP,1
5.542901,0.05353978,-0.30748913,1.1148365,0.10088458,0.27000418,0.062739566,-0.5502535,-0.49802205,-0.34559494,1,chr3:165196968:body_of_pancreas:0,TP,1
-3.5009534,0.568397,-0.5444028,0.5529777,0.39154568,-1.2742753,-0.26188138,-0.113626204,0.035002608,0.022158796,0,chr6:29942249:spleen:0,TN,0
-1.7684588,-0.6989244,0.7101052,-0.3907241,-0.1844662,-0.19349946,1.1974435,0.5123322,-0.56087524,0.28737196,0,chr19:48152501:omental_fat_pad:0,TN,0
5.351921,1.0659748,-0.5084616,-0.5259339,-0.7975022,-0.39772302,-0.08895053,-0.22847113,0.0463206,-0.5365684,1,chr9:42852316:suprapubic_skin:0,TP,1
-2.0810106,-1.0325394,-1.1571562,0.3938428,0.7902006,-0.6411467,-0.32319188,-0.5966449,0.84717184,0.17430393,1,chr1:29230711:body_of_pancreas:0,FN,0
-1.0991145,-2.4035308,-1.3442432,-0.81760776,0.58224946,-1.6264879,1.3984666,0.17082831,0.44478723,0.90057343,0,chr19:7637688:body_of_pancreas:0,TN,0
-2.3016768,-0.7940967,1.4003967,-0.7608774,-0.85173285,0.021550693,0.56891316,-0.5502292,0.4411096,-0.2663221,0,chr16:85056622:adrenal_gland:0,TN,0
6.0036983,0.52964723,0.19451751,0.30956036,0.38471892,-0.7517967,-0.40266106,0.0803391,-0.32324743,0.17713463,1,chr3:75785357:upper_lobe_of_left_lung:0,TP,1
-2.8710182,-0.6812753,-0.81664413,0.15217225,-0.24932104,-0.90238297,-0.04468852,0.2320704,-0.5493898,-0.38983622,0,chr7:5487175:body_of_pancreas:0,TN,0
5.4216404,1.9528798,0.007080064,-0.58491504,-0.51344013,-0.53712237,-0.69022006,0.08586405,-0.36232933,-0.29818955,1,chr7:142771759:body_of_pancreas:0,TP,1
3.7954488,0.9323052,-0.06527419,-0.4570142,-0.44906017,0.84719145,0.47857955,0.0807637,0.3956119,-0.22749224,1,chr6:131199853:Peyers_patch:0,TP,1
-3.2752237,1.9418792,-0.061362326,0.56071186,0.056778647,-0.3236706,-0.27132556,-0.15586396,-0.44087604,-0.24549729,1,chr12:8058040:tibial_nerve:0,FN,0
-1.8157835,0.8123119,0.31225967,-0.7152898,-0.14982656,0.089478076,-0.05542498,-0.88681185,0.22347212,-0.2564193,1,chr6:32967583:body_of_pancreas:0,FN,0
-1.9031876,-0.16162977,-0.10852396,0.3316984,1.0614892,-0.3177456,0.56915915,1.2734385,-0.15198512,0.15067771,0,chr6:32622665:body_of_pancreas:0,TN,0
-2.9968922,0.72934496,0.25621226,-0.075636506,0.9462382,0.3057199,0.09175703,-0.010609485,-0.3757791,0.049173295,0,chr5:75681235:upper_lobe_of_left_lung:0,TN,0
-2.5518622,0.47543576,0.023632132,-0.848555,1.0683783,0.57409686,-0.16074364,-0.04165803,0.15123433,0.14313489,0,chr13:108155918:adrenal_gland:0,TN,0
-2.7668614,1.5188187,0.06079229,0.44642162,0.5172115,-0.16765197,-0.008622482,-0.5945346,-0.015996976,0.056426436,1,chr5:149431239:upper_lobe_of_left_lung:0,FN,0
-1.236493,-1.0050365,0.55347335,0.5576393,-0.5738263,0.4174866,-0.60224336,0.5827569,-0.3121273,-0.020597612,0,chr17:74791544:spleen:0,TN,0
-3.0366883,2.9018855,-0.020902425,0.101198114,0.25558966,0.22933337,-0.058167852,0.6501,0.19889332,-0.23904784,1,chr9:127348292:Peyers_patch:0,FN,0
5.6714764,-0.13392444,0.72877884,0.2321779,0.67745155,-0.34470215,-0.0930225,0.46286824,0.24346702,0.51091653,1,chr17:22856764:adrenal_gland:0,TP,1
-2.8652952,0.69800216,-0.045108013,-0.016786668,0.75208765,-0.18575056,-0.098961495,-0.46967918,-0.27682754,0.04928165,0,chr10:1227900:thoracic_aorta:0,TN,0
5.0001607,2.4299338,0.11259613,-1.1333749,-0.8511259,-0.4934635,-0.83222115,0.19863893,0.07111908,0.022388479,1,chr11:60251676:spleen:0,TP,1
-2.6114063,-0.958463,0.31659725,-0.25353813,1.0554701,-0.31944835,-0.34287593,-0.7879012,0.20022339,0.18422152,0,chr1:51769068:tibial_artery:0,TN,0
-1.9189416,-2.2442768,-0.53679603,0.40799192,-0.4102873,0.07710969,-0.27912357,0.47230315,0.21819408,0.049828067,0,chr15:34210265:tibial_nerve:0,TN,0
6.03064,0.5468609,-0.10262636,-0.3188469,0.09422796,-1.1541351,-0.19705577,0.072596684,-0.067124546,0.10947836,1,chr9:42974893:transverse_colon:0,TP,1
-2.3876753,1.0309005,1.4758976,0.27587986,-0.59471256,-0.16513588,0.06683641,0.2663656,0.66908306,-0.8616464,0,chr2:171054379:body_of_pancreas:0,TN,0
-2.8012283,-0.90685064,-0.7977902,0.22128625,-0.26946294,0.028651047,-0.742561,0.112174265,-0.46349043,-0.05344874,1,chr5:181184339:prostate_gland:0,FN,0
6.000722,0.4226834,-0.060889807,-0.10412818,0.31273735,-0.5799064,-0.46243924,0.12757678,-0.11098882,-0.002888669,1,chr6:31374359:spleen:0,TP,1
-0.78304464,-0.41611487,1.8532829,-0.4654973,-0.5361991,-0.21714684,0.51788485,-0.1469826,0.36672813,0.2608748,0,chr12:21313572:upper_lobe_of_left_lung:0,TN,0
-3.1703386,0.61447585,-0.6086175,-0.01904358,-0.10778827,-0.8785384,0.3915408,0.45581383,-0.44927743,-0.41297612,0,chr10:77620178:thoracic_aorta:0,TN,0
0.7498017,-0.083376005,0.49043095,0.25083807,-1.1302737,0.37117717,0.36612594,-0.29516128,1.2922051,1.0622318,1,chr19:47436804:sigmoid_colon:0,TP,1
5.464038,0.44869885,-0.05204753,-0.46831262,-0.44678065,-0.39172927,0.266614,0.3695246,0.02350609,-0.20285262,0,chr5:109409450:transverse_colon:0,FP,1
3.668524,0.71618164,0.4651474,0.8824983,0.23924696,-0.061800323,-0.19318976,-0.5452029,-0.4418039,0.7465055,0,chr12:14454207:adrenal_gland:0,FP,1
-2.8474886,0.9936529,0.08450278,0.3253806,0.46312863,-0.3997671,-0.2378938,-0.1109641,0.26703784,-0.053514797,0,chr22:26483000:body_of_pancreas:0,TN,0
-2.5390296,0.19776091,-0.36094606,0.07937879,1.255769,-0.8403444,0.14791153,0.5227555,0.260191,0.16639125,0,chr4:10582403:Peyers_patch:0,TN,0
-2.5434206,0.7571913,-0.013016214,-0.06597973,1.2222071,0.3521963,-0.4963738,-0.68454707,0.6741719,-0.13937658,0,chr2:161273349:adrenal_gland:0,TN,0
-2.3290143,-0.31131336,-0.17354551,0.15870361,0.86621815,-0.50421524,0.5663411,0.24601738,-0.44103798,0.19700906,1,chr4:77240591:gastroesophageal_sphincter:0,FN,0
3.6629243,-0.2788963,0.43507183,0.22305922,0.39535508,0.429961,0.21985812,-0.42391604,0.4418363,1.1692239,1,chr17:43360096:transverse_colon:0,TP,1
-2.7608685,-1.3448166,-0.10896435,0.16982429,0.4908402,-0.9316124,-0.30001438,-0.09957423,0.61905825,-0.27530834,0,chr16:70801195:esophagus_muscularis_mucosa:0,TN,0
-3.0702043,0.405018,0.3878717,0.079537936,0.34987858,-0.20478241,0.21688578,-0.7341286,-0.4153006,-0.050675277,1,chr2:111313881:body_of_pancreas:0,FN,0
-3.6649733,1.8559474,-0.45536408,0.53862697,0.61462355,-0.6068816,-0.7896972,0.21682699,0.47013184,-0.011319592,1,chr4:119212065:upper_lobe_of_left_lung:0,FN,0
5.6714764,-0.13392444,0.72877884,0.2321779,0.67745155,-0.34470215,-0.0930225,0.46286824,0.24346702,0.51091653,1,chr17:22856764:sigmoid_colon:0,TP,1
-2.4520915,0.59644103,-0.3004428,0.5550548,0.37394318,0.16860875,0.07709362,-0.47941142,-0.30489722,-0.3994972,0,chr18:46481136:Peyers_patch:0,TN,0
1.757421,0.041841943,-1.4889503,1.2820022,-0.4233372,1.1392689,0.9215488,-0.96041805,-0.56891793,-0.8139224,1,chr15:40906278:transverse_colon:0,TP,1
0.08119581,-0.94380784,-0.0934425,-0.76881737,-0.6760467,0.95432043,-0.6472485,-0.3874954,-0.10221503,0.03266154,0,chr4:2764553:thoracic_aorta:0,TN,0
-2.7553217,0.025086839,-0.13381939,0.50084996,0.61112064,-0.30868864,0.15940204,-0.7631652,0.07947852,0.39090025,0,chr1:220775349:transverse_colon:0,TN,0
-3.2555134,-0.46200833,-0.111767136,0.21941783,-0.21893172,-0.2244046,-0.69753,-0.65858674,0.21066047,0.005563976,0,chr8:123042465:testis:0,TN,0
6.042911,0.16955851,-0.15559418,-0.1728083,0.02108957,-0.60005456,-0.6202952,0.18417436,-0.32473007,0.20254815,1,chr17:45585364:body_of_pancreas:0,TP,1
3.2073278,-2.7508724,-0.7188721,0.32030493,0.078126036,1.1490333,-0.10391656,0.46568447,0.04803824,0.038208287,1,chr19:4352840:upper_lobe_of_left_lung:0,TP,1
1.0431652,-1.543235,0.8119367,0.27704278,-0.5740084,-0.1055193,0.15083914,0.37146276,-1.2854255,2.0486708,1,chr19:45678133:adrenal_gland:0,TP,1
-1.8157835,0.8123119,0.31225967,-0.7152898,-0.14982656,0.089478076,-0.05542498,-0.88681185,0.22347212,-0.2564193,0,chr6:32967583:gastrocnemius_medialis:0,TN,0
4.5471053,0.5008361,-0.6459007,-0.64886665,-1.0556729,0.56831324,0.2666791,0.12393774,-0.0015776441,0.17311314,0,chr16:87950990:body_of_pancreas:0,FP,1
1.1922241,-0.20688875,0.04683048,-1.7593492,0.6880418,0.7383252,1.2934967,-0.31692302,0.24581148,0.041994922,0,chr19:22302101:esophagus_squamous_epithelium:0,FP,1
-2.1212378,0.28068864,1.769187,0.509709,-1.106515,-0.19850044,0.3345862,-0.20932665,0.7024324,0.082396545,1,chr7:5085799:spleen:0,FN,0
6.03064,0.5468609,-0.10262636,-0.3188469,0.09422796,-1.1541351,-0.19705577,0.072596684,-0.067124546,0.10947836,1,chr9:42974893:tibial_nerve:0,TP,1
-1.8936794,-1.6039972,-1.8522226,0.6860638,-0.9572044,-0.51612407,-0.18096188,0.12980753,0.5482369,-0.28842545,1,chr11:32892862:upper_lobe_of_left_lung:0,FN,0
-2.2009645,-0.39809763,0.34825125,-0.7341554,-0.76716626,0.4883218,0.56533164,-0.050691277,-0.26934725,-0.5278872,0,chr10:69743429:testis:0,TN,0
5.90837,0.16492598,0.56623924,0.8208895,0.33191448,-0.61889803,-0.48854306,0.41082937,-0.2421341,0.62320435,1,chr3:75785547:gastrocnemius_medialis:0,TP,1
-3.1127965,-0.81535906,0.6257883,-0.40430626,0.14114818,-0.47751254,0.0034337756,-0.5182309,-0.030030467,-0.15732759,0,chr1:201704952:spleen:0,TN,0
0.284317,1.4056244,-0.6720685,-0.36386287,-1.1981448,1.5784975,-0.3793232,0.36776927,-0.07015935,-0.44973427,1,chr17:879808:tibial_artery:0,TP,1
-2.791041,0.9523246,-0.10451731,-0.14093561,0.48354974,0.056097485,-0.14943466,-0.050727222,-0.5074823,-0.16119906,0,chr3:177592618:thoracic_aorta:0,TN,0
-2.5079467,0.53545463,0.3004585,-0.5647704,0.31070802,0.021293996,0.07567565,-1.1727159,0.050217286,0.24969321,1,chr15:82365725:suprapubic_skin:0,FN,0
-3.138216,0.46926913,-1.0594409,0.51633036,-0.7136922,-1.0630238,-0.44595993,-0.2378549,0.46703902,0.28082436,0,chr8:94640757:transverse_colon:0,TN,0
-1.8563136,-0.60243857,-1.4321244,-0.6317604,-1.2998996,-0.17448564,0.9218781,1.0500109,-0.29926932,0.20164607,1,chr22:49724957:upper_lobe_of_left_lung:0,FN,0
-2.015091,-0.14823094,-0.65070987,-0.40804583,0.26827806,-0.36790746,0.83363163,0.4092945,-0.68641174,-0.014453949,0,chr22:23289163:upper_lobe_of_left_lung:0,TN,0
5.7904344,0.6880064,0.24781,-0.500087,0.12641378,-0.6895186,-0.21200399,0.13727278,0.019903367,0.53167,1,chr12:11071467:body_of_pancreas:0,TP,1
-2.695413,-0.27230865,0.009845699,-0.48646992,-0.32225567,0.33132145,-0.15978284,0.1577061,-0.007682268,-0.19254287,1,chr6:169655219:tibial_nerve:0,FN,0
-0.1305043,-2.6256258,-0.2663414,-1.124486,0.25508812,0.23535739,-0.7773529,0.32377034,-0.7565797,-0.45984018,0,chr19:41706904:upper_lobe_of_left_lung:0,TN,0
2.0438166,1.2244258,0.06973869,0.40569735,-1.0329728,0.016917132,-0.15799113,-1.1384294,0.13976978,1.515471,1,chr19:49085162:gastroesophageal_sphincter:0,TP,1
4.578515,-0.035605974,-0.51422733,-0.984302,-0.24471489,-0.019260757,-0.056782812,-0.07731216,0.4124773,0.8798671,0,chr16:2661012:tibial_nerve:0,FP,1
-1.5401719,0.8097014,-0.6420375,1.0575329,0.7792444,0.796353,0.24957792,-0.25201976,-0.3038178,0.1972732,0,chr6:16409816:esophagus_squamous_epithelium:0,TN,0
-2.315669,-0.26804662,0.0115437815,-0.78530866,0.5980575,0.72589576,0.75977093,0.32456625,-0.4879879,-0.18895791,0,chr6:154371294:thoracic_aorta:0,TN,0
-3.3736749,0.07630322,-1.1405061,0.49323654,-0.7372896,-0.845323,-0.6575865,0.33306354,0.34242588,0.0068306755,0,chr17:37489615:gastroesophageal_sphincter:0,TN,0
-2.7668614,1.5188187,0.06079229,0.44642162,0.5172115,-0.16765197,-0.008622482,-0.5945346,-0.015996976,0.056426436,1,chr5:149431239:spleen:0,FN,0
-1.7611947,-1.6430552,-1.1738567,-0.10115392,-1.3292944,0.07030745,-0.1032044,-0.37136614,0.558209,0.11082755,1,chr12:1922226:body_of_pancreas:0,FN,0
1.2018081,-0.7153238,-0.01731297,0.10534094,-0.5828657,0.5993294,1.0014088,0.38031137,1.0897666,0.63350207,0,chr22:11703827:prostate_gland:0,FP,1
-2.8923142,0.12606439,1.4993168,0.49255884,-0.74445695,-0.07704782,-0.08866506,-0.20406638,-0.25587133,0.10534738,0,chr3:58305852:sigmoid_colon:0,TN,0
5.4628677,1.7396044,-0.07442152,-0.5570839,-0.5758322,-0.6431139,-0.23766631,-0.13470383,-0.13641556,-0.15629563,1,chr21:42863253:Peyers_patch:0,TP,1
-1.2398357,-2.7288058,-0.10500097,-0.62203497,-0.20354147,-0.019242534,-0.6365099,-0.61972076,0.06343531,0.010665314,1,chr12:104294234:transverse_colon:0,FN,0
-3.2300184,1.4828603,-0.07340763,-0.11600194,0.6015916,-0.40516204,0.040202875,-0.031828295,-0.27534986,-0.24396966,0,chr18:3595766:Peyers_patch:0,TN,0
1.5178608,-2.928821,1.4437306,1.2707382,0.4485836,0.5551097,-1.3104903,2.1792276,1.0950907,-0.22656278,1,chr8:44636977:sigmoid_colon:0,FN,0
5.826041,0.4613748,-0.047446426,-0.406744,-0.041058633,-0.7569835,-0.37618205,0.17926632,-0.3467058,0.36007687,1,chr19:21585701:body_of_pancreas:0,TP,1
-2.132507,-0.40553766,-0.5078064,-0.4253354,0.70622766,-0.08821675,0.082456425,0.11377742,-0.041945264,0.17102464,1,chr14:25132674:body_of_pancreas:0,FN,0
-1.509854,-0.9806278,-0.8352746,-0.9416012,0.49899808,-0.26562488,1.9060049,0.80905354,0.5667513,0.4575775,0,chr1:165592941:suprapubic_skin:0,TN,0
4.22798,1.6575178,-0.100234434,-0.97277606,-0.28946042,0.47232783,-0.9614896,-0.15037481,-0.30731428,1.3212698,1,chr8:18872306:body_of_pancreas:0,TP,1
2.8675659,1.6789408,0.6145964,-1.4427094,0.046222538,-0.3717941,1.048081,0.6635071,1.0152775,-0.7332622,1,chr2:158415565:gastroesophageal_sphincter:0,TP,1
3.1990237,1.7142497,-0.77271533,-0.6284646,-0.8028653,0.20579575,0.15565091,0.14213099,-0.44809633,-0.5792387,0,chr14:74252095:tibial_artery:0,FP,1
-2.3296916,0.15643777,-0.30935764,0.82155526,0.5818212,0.18410724,0.47880262,-0.09469556,-0.42988318,-0.13592131,0,chr2:111667723:gastrocnemius_medialis:0,TN,0
-2.4836495,1.9412671,0.03159723,0.42157137,0.84729916,0.66980976,0.13316505,-0.055014253,0.098417655,0.20420848,0,chr21:30341086:testis:0,TN,0
-1.073259,-2.618841,0.17729293,-1.1722769,0.0787515,0.29939547,-0.071396224,-0.34678403,0.018366488,-0.23058215,0,chr19:42884973:prostate_gland:0,TN,0
-1.6253573,-0.9188219,0.13521361,-0.8201138,0.1407311,-0.6341698,0.745139,-0.32799503,0.15153614,-0.4788932,0,chr9:94623665:Peyers_patch:0,TN,0
-2.6698577,1.1011778,-0.5329016,0.82068807,0.29514748,-0.38602096,0.0013362425,-0.18890496,-0.029706107,-0.6213263,1,chr20:54201250:sigmoid_colon:0,FN,0
5.351921,1.0659748,-0.5084616,-0.5259339,-0.7975022,-0.39772302,-0.08895053,-0.22847113,0.0463206,-0.5365684,1,chr9:42852316:spleen:0,TP,1
5.1712737,-0.34697828,0.35749903,1.8842393,0.44561043,0.09234782,0.19302283,-0.51331043,-0.22830924,-0.027871843,1,chr16:14812040:prostate_gland:0,TP,1
-3.2782087,0.15860082,-0.27174577,0.28345603,0.26207513,-0.15253921,0.25801915,0.74291027,-0.6216956,-0.2280393,0,chr15:61621312:upper_lobe_of_left_lung:0,TN,0
-3.129223,1.0558552,-0.6089054,-0.6349562,-0.10038135,-0.32428774,-0.784604,0.09207771,0.33146653,0.11226165,1,chr9:83219701:Peyers_patch:0,FN,0
4.118654,1.6444969,-0.0059975954,-1.273731,0.053884257,0.12899618,-0.5495089,-0.35299736,0.7961774,-0.2799315,1,chr4:75289967:upper_lobe_of_left_lung:0,TP,1
-1.8313278,-1.1796712,0.14464468,-0.4022291,0.44794402,-0.07493965,0.11966714,0.16462848,0.19834284,0.3649337,0,chr11:13873413:transverse_colon:0,TN,0
5.7928886,0.7728145,-0.13873008,-0.14662488,-0.12580433,-0.17079863,-0.10332618,-0.107265174,-0.43306127,-0.19078055,1,chr6:29705705:adrenal_gland:0,TP,1
1.5114224,-0.79376245,-0.81140876,-0.19990495,-0.7472585,1.9020827,-1.0596287,-0.23692283,1.5017918,0.37094,1,chr2:196068383:tibial_artery:0,TP,1
-3.3193989,0.281031,-1.0593988,0.7505348,-0.16545278,-1.0894122,-0.80458623,0.059444368,0.15374663,-0.05074551,0,chr2:231056871:esophagus_muscularis_mucosa:0,TN,0
-1.1638979,1.105031,2.262792,0.8895653,-1.3874364,0.14957865,0.4317508,-0.28984717,0.31441426,0.1350419,1,chr8:30230823:esophagus_squamous_epithelium:0,FN,0
-2.8896303,2.1863172,-0.1825211,0.8484992,0.5460113,-0.026967231,0.094979174,0.44817275,0.38462567,0.28121462,0,chr4:42568593:esophagus_squamous_epithelium:0,TN,0
-2.6466024,0.45527515,-1.6185317,-0.087521166,-0.46737456,-0.38649464,0.43430492,-0.017793102,0.59450364,0.28628054,0,chr17:49223905:testis:0,TN,0
-2.1910555,-0.8640985,1.433553,-0.14305341,-0.37381822,-0.28049803,0.023508828,-0.40602702,0.5148557,-0.11080738,0,chr19:19901831:body_of_pancreas:0,TN,0
-2.4621248,-1.5244337,-0.086709395,0.109789066,-0.2166237,-0.22108135,-0.7786894,0.21219678,0.17085299,0.16378042,0,chr6:33789269:tibial_artery:0,TN,0
-3.359313,0.22171374,-1.0369799,0.70493585,-0.12479751,-0.51591045,-0.4326878,0.40139413,0.4663016,0.11804949,0,chr2:213152392:gastroesophageal_sphincter:0,TN,0
-3.3648384,0.14689574,-0.9654605,0.5164303,-0.45711985,-0.8876278,-0.7702711,-0.36224467,0.4520374,0.0681991,0,chr7:66591994:gastroesophageal_sphincter:0,TN,0
-3.6649742,1.855946,-0.45536423,0.5386269,0.61462414,-0.6068822,-0.78969765,0.21682698,0.4701311,-0.011319975,1,chr4:119212065:transverse_colon:0,FN,0
-2.472234,-0.35819316,-1.7714995,0.42924425,-0.7052709,-0.88422763,-0.38058317,-0.28795782,1.1916225,0.30944425,0,chr16:89701647:prostate_gland:0,TN,0
5.792278,-0.3573606,0.46583977,1.2936356,0.49977046,0.14118679,-0.12193215,-0.057053726,-0.454539,0.20548084,1,chr15:24767525:gastrocnemius_medialis:0,TP,1
1.3730712,0.16053659,-0.25440586,-1.2474989,0.73412454,1.5935203,-0.69005024,-0.3751722,-0.5790636,0.3054287,1,chr6:134677172:body_of_pancreas:0,TP,1
-2.5169303,1.5035203,-0.071011424,0.6482058,0.51657104,0.23371005,-0.57200354,-0.76984024,0.3485648,-0.008372072,1,chr12:91578079:upper_lobe_of_left_lung:0,FN,0
3.5352743,-0.4114316,-0.18139173,0.60699826,0.115927376,1.1317434,0.44696555,-0.8270618,-0.8132211,0.50495833,1,chr12:48753691:prostate_gland:0,TP,1
-3.3549316,0.643476,-0.7880831,0.16223311,-0.5059213,-0.41250342,-0.46886304,0.64811486,0.15021592,0.35989028,0,chr7:56052250:transverse_colon:0,TN,0
2.355318,-0.50769186,0.43256295,1.0743732,0.38250688,0.23386262,0.5485061,0.18777259,0.5694166,-1.0302874,1,chr2:168375394:esophagus_squamous_epithelium:0,TP,1
-3.568054,0.92134863,-0.675407,0.8418123,0.053769883,-0.8037663,-0.5107693,-0.46342438,0.12804109,0.1825359,0,chr11:8225583:body_of_pancreas:0,TN,0
-0.6183882,1.5199441,2.4352052,1.5754585,-1.610299,0.2090711,-0.111557394,0.5186363,0.9050758,0.04424608,1,chr20:28507029:Peyers_patch:0,FN,0
-3.09701,1.4630176,-0.269129,0.58933663,1.0287539,-0.02224519,-0.60265034,0.03831833,0.27189004,0.028475188,0,chr12:66270210:Peyers_patch:0,TN,0
-2.619015,1.2417926,0.23640957,0.3190819,1.0740013,0.2702422,0.4614873,-0.3018128,0.3492119,0.1130346,1,chr6:106223515:thoracic_aorta:0,FN,0
0.732675,0.63862324,-1.4664361,0.2542045,0.028624102,0.8797042,-0.48277313,-0.60801154,0.41848648,0.7677531,0,chr6:125956733:prostate_gland:0,FP,1
-1.9323046,-0.66648966,0.4616756,-0.09824283,0.2031316,-0.06985002,-0.67001283,-0.7191075,0.07399297,-0.22641791,0,chr1:86740786:body_of_pancreas:0,TN,0
6.0036983,0.52964723,0.19451751,0.30956036,0.38471892,-0.7517967,-0.40266106,0.0803391,-0.32324743,0.17713463,1,chr3:75785357:tibial_nerve:0,TP,1
5.6115766,1.2073463,0.099057086,-0.8963103,-0.33509856,-0.6656288,-0.28531483,0.45317066,-0.0007790342,0.1687065,1,chr2:86221296:spleen:0,TP,1
-2.288765,-0.52653855,-0.17029378,-0.5023349,-1.0835629,0.50561005,-0.38716173,-0.23195282,0.077960946,-0.55898446,0,chr22:38412761:tibial_artery:0,TN,0
5.6714764,-0.13392444,0.72877884,0.2321779,0.67745155,-0.34470215,-0.0930225,0.46286824,0.24346702,0.51091653,1,chr17:22856764:esophagus_muscularis_mucosa:0,TP,1
-2.4542317,-1.3289627,0.5430163,-0.7500935,0.6173585,0.15181078,-0.19186705,-0.83857584,-0.19802774,0.02703592,0,chr10:90003755:omental_fat_pad:0,TN,0
1.2950064,-0.37221986,-1.2747362,-1.5246847,-0.32261312,0.60666907,1.1962703,0.4460461,0.07620182,1.6562556,1,chr9:83219889:prostate_gland:0,TP,1
-2.3075116,-0.7354697,0.4482801,-0.37427056,0.3924926,0.065482534,0.6720761,-0.018167652,-0.6171909,-0.65299064,0,chr15:92073710:upper_lobe_of_left_lung:0,TN,0
0.9540348,-2.0809405,0.4712355,-0.33189538,-0.329486,0.039657623,1.2836133,0.40587795,-0.16177772,1.0741092,1,chr16:24041998:thoracic_aorta:0,TP,1
5.6115766,1.2073463,0.099057086,-0.8963103,-0.33509856,-0.6656288,-0.28531483,0.45317066,-0.0007790342,0.1687065,1,chr2:86221296:transverse_colon:0,TP,1
-2.3257189,-1.5152355,-0.04573601,-1.0636116,-0.09571922,0.17734568,-0.553476,-0.0638365,-1.149437,-0.69195837,1,chr7:22550492:upper_lobe_of_left_lung:0,FN,0
-1.2398357,-2.7288058,-0.10500097,-0.62203497,-0.20354147,-0.019242534,-0.6365099,-0.61972076,0.06343531,0.010665314,1,chr12:104294234:upper_lobe_of_left_lung:0,FN,0
-2.2451735,1.6077096,-0.09630723,-0.5203192,0.59670043,0.80587244,-0.1868081,-0.22176346,-0.65203726,0.48784223,1,chr9:17531876:testis:0,FN,0
-2.5663066,-0.83439136,-1.0626273,0.10032302,-0.8653564,-0.16305953,-0.41359034,-0.53220445,0.18101902,-0.034454603,0,chr17:81513924:transverse_colon:0,TN,0
-1.6652565,-1.515563,-1.6921284,0.49035564,-0.7867692,-1.1042101,0.111737214,0.11927346,0.07748409,-0.44310075,1,chr8:28701937:tibial_artery:0,FN,0
-3.4361708,2.5180292,0.16844189,0.46477422,0.73112166,-0.29711267,-0.23712237,0.054598924,0.07111354,-0.040888626,0,chr10:57850111:body_of_pancreas:0,TN,0
-0.7155776,0.92746043,2.4955828,0.94280916,-1.3933277,0.01634507,-0.13981476,0.35850555,0.5180812,0.20001236,1,chr2:92401043:gastrocnemius_medialis:0,FN,0
-2.9863498,0.07994194,-1.5932707,0.48232776,-1.1835403,-0.726751,-0.16584456,-0.23399249,0.14809775,-0.13045233,1,chr7:100894790:Peyers_patch:0,FN,0
-2.5631995,1.2903799,-0.016595576,0.5039705,1.0933734,0.40912518,-0.26941317,-0.42549738,-0.16976154,0.009451636,0,chr2:168136611:spleen:0,TN,0
-2.1007092,0.28418577,-0.45793083,-0.82227385,0.5000096,0.102076426,0.23657037,0.1438827,-0.062121436,0.6188401,0,chr5:138352147:Peyers_patch:0,TN,0
-2.2104652,0.37895444,1.6421609,-0.19302388,0.018645661,0.39007714,-0.09066391,0.12304465,0.68422633,-0.8482086,1,chr7:97819413:Peyers_patch:0,FN,0
-2.0989513,1.3857119,0.28081998,0.4692059,0.22201525,0.50440204,-0.2944672,-0.2327433,-0.21811758,-0.36175266,0,chr2:19313124:tibial_artery:0,TN,0
-2.256711,-0.33997577,0.33361295,-1.3510797,0.551809,0.109186456,0.5232587,0.76022065,0.40340102,-0.06954601,0,chr7:144362043:tibial_artery:0,TN,0
-2.290907,1.3658856,-0.62602395,0.3986382,-0.1004909,0.044201028,1.0961689,0.8608769,-0.15388532,0.2641608,0,chr11:10669815:body_of_pancreas:0,TN,0
-2.2319803,-1.1023616,0.88052636,0.095780626,0.11650597,-0.15251353,0.5292273,0.35922405,0.11858744,-0.32248923,1,chr2:15431088:body_of_pancreas:0,FN,0
-2.671671,-0.9097176,2.0826178,-0.0018447012,-0.47118825,-0.020865778,-0.059020054,0.23957476,0.051149506,-0.7526616,0,chr5:56888782:body_of_pancreas:0,TN,0
1.6998699,0.77817357,-0.45581988,0.62816626,0.36941677,1.1725699,0.64474154,0.04966611,-0.388887,-0.05544881,0,chr10:125126834:body_of_pancreas:0,FP,1
-2.884599,-0.048424494,-1.1096438,0.6955333,0.06159547,-0.4127308,-0.5010678,-0.22540507,0.4290344,-0.072050825,1,chr5:141914293:upper_lobe_of_left_lung:0,FN,0
3.9210765,0.31924266,-0.03671331,-0.79411316,-0.5940269,-0.30224428,0.31366557,0.31738886,0.14566644,-0.6186862,1,chr9:16133854:body_of_pancreas:0,TP,1
-3.3343906,1.6305363,-0.25855467,0.048570354,0.33487034,0.04982195,0.14608794,0.54210943,-0.5072731,0.05779957,1,chr7:16695960:tibial_artery:0,FN,0
0.8099786,-0.38869083,1.0603161,0.7291526,-0.44656873,-0.16207126,-0.132193,-0.2608566,-1.0701972,1.2195556,0,chr4:112286542:body_of_pancreas:0,FP,1
-1.0782651,-0.13153003,1.9540443,-0.55787176,0.082881846,-0.076197274,-0.038542625,-0.19278021,-0.5513128,0.89796597,1,chr9:117160276:body_of_pancreas:0,FN,0
-1.5977638,-1.7648544,0.3506914,-0.698582,0.12747554,-0.60575217,0.63219875,-1.0401697,-0.29434013,0.565157,0,chr19:3545629:Peyers_patch:0,TN,0
4.452417,1.331104,0.24332719,-0.86643016,0.32929257,-0.9723194,0.3256952,0.53770965,0.77796197,-0.19019604,1,chr7:142479143:body_of_pancreas:0,TP,1
-2.323701,-1.1283191,-1.1382638,0.75588197,-1.1818115,-0.6968837,-0.10967627,0.35929972,-0.022853656,0.25999117,1,chr17:42761347:transverse_colon:0,FN,0
-3.395837,0.07624105,-1.0206696,0.34079912,0.06296055,-0.67370176,0.083165,0.5931832,-0.061616693,0.36935595,0,chr6:32969433:esophagus_muscularis_mucosa:0,TN,0
-2.7981696,-0.51704425,0.7280498,0.020859953,0.16424295,-0.21671174,0.614574,-0.6801539,-0.31080636,0.08990835,0,chr8:102782110:thoracic_aorta:0,TN,0
-2.798146,2.0322862,-0.2193256,-0.48129857,-0.3876483,0.20701116,0.2882338,0.075244434,-0.2872526,-0.018307926,1,chr10:70551637:testis:0,FN,0
-2.6546056,-0.48350435,-0.9921022,0.4910973,-0.38723674,-0.3997548,-0.49370736,0.07978866,0.17079708,0.008494283,0,chr2:113199470:Peyers_patch:0,TN,0
-2.354562,-0.3595657,0.25408986,-0.62711257,0.7100241,-0.0808743,-0.3887735,0.18350315,0.16295509,-0.23252495,0,chr9:105609267:adrenal_gland:0,TN,0
-2.8344786,-0.50204545,-0.8578213,0.16864438,-1.1231774,-0.62948453,-0.27851453,0.5983843,-0.7334406,-0.26390994,1,chr4:1752766:prostate_gland:0,FN,0
-2.619013,1.241792,0.23640881,0.31908125,1.0740026,0.27024174,0.46148714,-0.30181348,0.34921286,0.113036476,0,chr6:106223515:prostate_gland:0,TN,0
1.5178608,-2.928821,1.4437306,1.2707382,0.4485836,0.5551097,-1.3104903,2.1792276,1.0950907,-0.22656278,1,chr8:44636977:suprapubic_skin:0,FN,0
3.1035182,-1.7101848,0.3483028,0.25736225,0.49769303,-0.5832144,0.33764926,0.2670035,0.23581213,0.99870926,1,chr19:52748468:adrenal_gland:0,TP,1
-1.5728023,-1.2441876,-0.713801,-0.4409597,1.5718107,-0.8359495,0.4327921,0.9711959,0.015029309,-0.34367162,0,chr4:82739688:prostate_gland:0,TN,0
4.3060927,0.8005319,0.18423747,-0.48409235,-0.3726265,0.3223805,0.3049138,0.32741943,0.36060703,-0.80674314,1,chr9:129443002:body_of_pancreas:0,TP,1
5.985963,0.11544102,0.31364098,0.21283798,0.26752818,-0.730168,-0.43331698,0.41177738,-0.3636499,0.53088045,1,chr3:75785609:body_of_pancreas:0,TP,1
1.5178634,-2.9288235,1.4437289,1.270737,0.44858515,0.5551091,-1.3104893,2.1792276,1.0950891,-0.22656316,1,chr8:44636977:stomach:0,FN,0
5.2735567,0.64678913,-0.15303366,0.64452237,-0.4024678,0.71288604,0.13541201,-0.414198,-0.37810844,-0.1739452,1,chr14:73509873:prostate_gland:0,TP,1
-1.2734921,0.03735185,-0.30259138,-1.2116586,-1.6521752,-0.34178686,0.7197852,0.09180775,-0.09225958,0.08153683,0,chr2:240690614:transverse_colon:0,TN,0
-2.7356293,1.2579887,-0.13794947,0.37490928,1.5593451,-0.22667453,0.53821254,0.37508866,0.59635866,0.041622076,0,chr8:128173749:body_of_pancreas:0,TN,0
0.7326777,0.63862365,-1.4664352,0.2542038,0.028622968,0.8797031,-0.4827742,-0.60801196,0.41848615,0.76775354,0,chr6:125956733:tibial_artery:0,FP,1
1.2949877,-0.37221885,-1.2747372,-1.5246834,-0.32261387,0.6066747,1.1962698,0.44604883,0.07620347,1.6562496,1,chr9:83219889:thoracic_aorta:0,TP,1
-2.037051,0.26042527,1.9430908,1.2153151,-1.1665092,0.10268129,0.61438966,-0.45689997,-0.26032925,0.53234243,1,chr16:4548780:Peyers_patch:0,FN,0
2.4950354,0.16855498,-0.5529404,0.7487989,0.7607248,1.9112623,-0.40909183,-0.73007196,-1.0983672,-0.53902155,1,chr1:108214824:body_of_pancreas:0,TP,1
3.6099172,-1.3613756,0.15402488,0.876162,0.19912852,0.08716105,0.21192575,0.067467235,0.72206104,0.116025455,0,chr1:41432909:suprapubic_skin:0,FP,1
-2.5742235,2.2833838,-0.42667988,-0.3614806,0.4887037,0.06672193,0.13591564,0.37985975,0.05080708,0.35423654,1,chr5:158014121:body_of_pancreas:0,FN,0
-2.695414,-0.27230597,0.009846372,-0.48646858,-0.3222566,0.33132192,-0.1597827,0.15770553,-0.00768214,-0.19254315,1,chr6:169655219:body_of_pancreas:0,FN,0
-2.8919692,0.9191917,-1.3003348,0.13438512,-0.8911273,0.18021525,-0.51920354,0.103774235,0.16976158,0.16178346,1,chr11:1652791:adrenal_gland:0,FN,0
5.7030306,-0.7185334,-0.04519034,1.4462513,0.4057755,0.36406112,0.26130494,-0.50774777,-0.6975822,-0.21407253,1,chr10:102568961:prostate_gland:0,TP,1
5.973521,0.5020475,-0.17399445,-0.18931119,-0.07994198,-0.5121265,-0.115488715,0.04540719,-0.081759006,-0.68610305,1,chr9:61668518:omental_fat_pad:0,TP,1
1.2949877,-0.37221885,-1.2747372,-1.5246834,-0.32261387,0.6066747,1.1962698,0.44604883,0.07620347,1.6562496,1,chr9:83219889:tibial_artery:0,TP,1
5.2352333,1.0872264,-0.18780695,-0.39946416,-0.22840066,-0.002682473,-0.16741972,-0.06941294,-0.037039086,-0.36163655,1,chr10:38653055:upper_lobe_of_left_lung:0,TP,1
-1.3669984,-0.119197726,1.3848072,-0.7749223,0.15239698,0.4162962,0.39951015,-0.46766472,-0.004050999,0.43058354,0,chr18:73841942:prostate_gland:0,TN,0
-2.8919692,0.9191917,-1.3003348,0.13438512,-0.8911273,0.18021525,-0.51920354,0.103774235,0.16976158,0.16178346,1,chr11:1652791:suprapubic_skin:0,FN,0
-1.9725363,2.2789576,2.5111616,1.3140146,-1.365449,0.24274045,-0.19170839,0.15427692,0.5066501,0.1297543,0,chr10:4901325:body_of_pancreas:0,TN,0
-0.18002695,-0.66097355,-0.40392914,-0.72694135,-1.6296077,1.3424063,-1.1271502,0.07770944,0.010061674,0.68890595,0,chr18:75856:esophagus_muscularis_mucosa:0,TN,0
0.029173482,0.22778022,-0.09345313,-0.42660266,1.4818051,1.1579622,1.4587576,0.23798487,1.0934106,0.5668769,1,chr6:43386692:upper_lobe_of_left_lung:0,FN,0
-2.1951861,-1.9894575,1.5918472,-0.47645438,-0.90064293,-0.08482777,-0.6404725,0.4099214,-0.7164222,-0.2642681,0,chr17:3935331:transverse_colon:0,TN,0
-1.5544388,1.8422343,2.9179265,1.0040447,-1.4730939,0.16792305,-0.2194113,0.030938067,0.25680906,0.5769392,0,chr2:93976867:body_of_pancreas:0,TN,0
0.16615103,-0.9865203,-0.068690434,-0.32691333,0.78171396,-0.0327635,0.006978004,-0.2934994,-0.09082746,0.8483913,0,chr11:115694609:testis:0,TN,0
-2.8384895,1.284531,0.088499725,0.61970913,0.42010376,-0.6965948,0.20704585,0.3707954,-0.32596117,-0.15349723,1,chr6:32622553:Peyers_patch:0,FN,0
-2.235662,0.10018634,-0.6062387,-0.46960032,-0.3008427,-0.22431386,0.9644256,0.18026958,-0.69228965,-0.53191245,1,chr5:173860759:body_of_pancreas:0,FN,0
0.24159706,-0.47721124,1.566259,0.18053262,-0.39791378,0.42972738,-0.6122538,0.44819,0.31681392,-0.24530299,0,chr10:94939686:transverse_colon:0,TN,0
-1.8381959,-0.48737025,-1.0998287,-0.4469374,-1.797894,-0.5750247,0.58544123,-0.21956736,-0.32007864,0.050948117,0,chr2:240232939:esophagus_squamous_epithelium:0,TN,0
5.772053,0.38876304,-0.078542784,-0.23573805,0.27854264,-0.93934244,0.1290776,0.1876791,-0.06885336,0.05320533,1,chr19:1037766:tibial_nerve:0,TP,1
3.795464,0.93230015,-0.06527496,-0.45701432,-0.44905546,0.84718573,0.47857708,0.08076299,0.39561066,-0.2274896,1,chr6:131199853:suprapubic_skin:0,TP,1
-2.484299,0.94913644,1.4464159,0.48742244,-0.56374884,-0.16202067,0.24566193,-0.5307678,0.5440531,-0.035463575,1,chr6:137697537:prostate_gland:0,FN,0
-2.861228,1.29634,-0.7084187,0.6061477,0.5248347,0.5769268,0.049893852,0.7109727,-0.17232013,0.08108574,0,chr8:103073701:transverse_colon:0,TN,0
0.06457281,-0.15068716,1.1336039,0.072590455,-0.19984427,1.7578242,0.8203456,0.6054683,0.62828124,-0.39688355,1,chr20:41572206:adrenal_gland:0,FN,0
3.9213414,0.4767662,-0.98838186,-0.4517403,-1.3221372,0.933008,-0.28832954,-0.0028268395,-0.2697876,0.46241117,0,chr19:1929478:omental_fat_pad:0,FP,1
3.2384505,-0.32870772,0.11011569,-0.7314315,0.549003,-1.4296913,0.97512037,-0.8913221,1.5922588,-1.4023666,1,chr9:43171156:tibial_artery:0,TP,1
-3.0537393,1.1619416,-0.19834432,0.4866062,0.7584742,-0.5010207,-0.3562873,-0.09543942,-0.13364793,0.1904935,0,chr7:67041098:prostate_gland:0,TN,0
-2.2193015,-1.2205311,-0.54705757,-1.1521043,-0.08357471,-0.58578104,1.309562,0.82187545,-0.14169325,-0.15597329,0,chr9:92716650:spleen:0,TN,0
-2.2239568,0.03990859,1.450561,0.59193873,-0.7761536,-0.07674291,0.06221428,-0.046981957,-0.29848793,0.15896618,0,chr10:14074116:thoracic_aorta:0,TN,0
-2.5518622,0.47543576,0.023632132,-0.848555,1.0683783,0.57409686,-0.16074364,-0.04165803,0.15123433,0.14313489,0,chr13:108155918:esophagus_squamous_epithelium:0,TN,0
0.13864546,-2.9851952,1.0783395,0.51392895,-0.1499707,0.20008984,0.09989731,0.9168266,-0.56622815,0.6519658,0,chr19:510314:spleen:0,TN,0
5.445553,-0.15875404,0.33294854,0.52991295,0.43650472,0.18216196,-0.0771057,-0.3543891,-0.19147088,0.13036026,1,chr14:30690707:esophagus_squamous_epithelium:0,TP,1
-2.518561,-0.7923735,0.6981804,-1.6227994,-0.17490393,-0.32045102,0.0071876682,-0.53213215,0.088461824,-0.9991519,1,chr8:41651698:upper_lobe_of_left_lung:0,FN,0
-2.5774126,0.69151884,-1.3791301,0.17749509,-0.9809534,-0.40024805,0.48336312,1.0028806,-0.21289225,-0.21032107,0,chr14:52951620:sigmoid_colon:0,TN,0
1.7901865,-0.8360636,0.31903267,-0.39597318,-0.5859904,0.45372623,0.70891243,0.2868345,0.74849373,-0.4724359,1,chr11:1303541:transverse_colon:0,TP,1
-3.0179198,-0.0064403703,1.448181,-0.0111990385,-0.15530035,-0.060867246,-0.19063102,-0.19663663,-0.041660823,-0.0047658677,0,chr1:180153849:body_of_pancreas:0,TN,0
-2.6831021,-1.5377471,-1.0145584,0.47250214,-0.6460802,-1.1868483,-0.8116283,-0.7434966,0.2575542,0.369047,1,chr2:241734688:tibial_nerve:0,FN,0
3.328324,2.1680043,-0.6866437,-0.8172316,-1.1304309,0.59523565,-0.5552186,-0.15981573,0.210762,-0.010928829,1,chr1:16741091:tibial_nerve:0,TP,1
-2.031106,-1.1748517,-0.03668974,-0.36823472,0.54522103,-0.7986496,0.54631084,0.3369222,-0.48503202,0.25835222,1,chr1:36097556:thoracic_aorta:0,FN,0
-2.5079467,0.53545463,0.3004585,-0.5647704,0.31070802,0.021293996,0.07567565,-1.1727159,0.050217286,0.24969321,0,chr15:82365725:thoracic_aorta:0,TN,0
-3.2921822,1.1847999,-0.077315584,0.57764405,1.1167812,-0.5397993,0.08424355,0.2639761,0.2616015,0.3934095,0,chr9:69878042:gastrocnemius_medialis:0,TN,0
5.437609,-0.59811187,-0.2613853,1.2291099,0.16397345,0.1616666,0.7812453,-0.9241024,-0.44971234,-0.7453668,1,chr7:73725711:upper_lobe_of_left_lung:0,TP,1
-2.4182088,-1.5563389,-1.0777882,-0.47756854,-0.58083236,-0.4826411,-0.5896639,0.06682319,-0.054331187,-0.669836,0,chr10:124389232:spleen:0,TN,0
-1.510247,0.5939346,1.7640096,-0.3269053,-0.38174698,0.35132268,-0.36040804,-0.99209505,-0.17936797,-0.5096991,0,chr2:203811449:transverse_colon:0,TN,0
1.9251984,-0.18708731,-0.6910845,-1.8438449,-0.39424324,1.0868994,-0.19805099,0.16250594,-0.8794536,0.3351454,0,chr19:51473170:spleen:0,FP,1
5.854133,-0.4684049,-0.0699294,1.1882348,0.41654184,-0.05311388,0.0485661,-0.49956787,-0.78608674,-0.15756884,1,chr2:67906567:spleen:0,TP,1
-2.7225716,0.32165068,-0.6943234,0.0012813475,0.6247506,-0.05905706,0.67764866,1.000986,-0.35485613,-0.14377445,0,chr5:136058064:esophagus_muscularis_mucosa:0,TN,0
5.0340304,-0.7046226,-0.7774849,0.99613804,0.2766779,0.42494914,0.88146114,-0.8510974,-0.14731556,-1.3315725,1,chr2:239532360:body_of_pancreas:0,TP,1
-1.1638979,1.105031,2.262792,0.8895653,-1.3874364,0.14957865,0.4317508,-0.28984717,0.31441426,0.1350419,1,chr8:30230823:body_of_pancreas:0,FN,0
-3.0346613,0.72281814,-0.39243096,0.22121869,1.0253701,-0.7905296,0.4560561,0.76995516,0.11993292,0.09420277,0,chr21:39504322:body_of_pancreas:0,TN,0
-1.3009588,-1.189806,1.7654237,-0.45565972,0.012674742,0.0022612866,-0.3393206,-0.3727785,0.09710801,-0.86516255,0,chr11:68924672:thoracic_aorta:0,TN,0
-1.5690238,2.1023479,-0.030343452,-0.12327506,0.2349003,0.9946706,-0.42121077,-0.05399005,0.12117036,-0.019703299,1,chr1:48109545:transverse_colon:0,FN,0
-2.7840912,0.5978625,-0.49209192,0.26359805,-0.24526434,-0.22863668,0.0829369,-0.2506534,-0.55779904,-0.18562199,0,chr20:40962875:transverse_colon:0,TN,0
-2.9975088,1.3421702,-0.32598603,0.57765675,-0.06463203,-0.68660915,0.15057991,0.10393651,-0.47139546,-0.0038061207,0,chr17:27495197:thoracic_aorta:0,TN,0
-2.5922554,-0.15924287,-1.331864,0.57881033,0.15109698,-0.01011899,-0.22176553,0.43514702,-0.2009168,-0.0969604,0,chr1:200035394:body_of_pancreas:0,TN,0
-3.1765337,1.8332283,0.5265716,0.27908143,0.52548355,-0.56659436,-0.32725036,-0.09553137,0.0024567028,-0.39229393,0,chr3:171000206:Peyers_patch:0,TN,0
-3.3343616,-0.9965556,-0.23505387,-0.08059048,0.25549594,-0.8240661,-0.3123582,-0.026691984,-0.6092122,-0.25948787,0,chr19:18104350:thoracic_aorta:0,TN,0
-2.6829927,-0.8636696,-1.021113,0.4543623,-0.3835526,-0.32006523,-0.11658486,0.14171763,0.021746328,0.30964515,0,chr17:47189065:Peyers_patch:0,TN,0
5.997985,0.07447646,0.22969393,0.27668273,0.25909707,-0.3058364,-0.3608998,0.34914473,-0.1654975,-0.040524896,1,chr17:23044492:testis:0,TP,1
-2.2413533,0.5600532,0.1602494,-0.058344863,1.5051739,0.5945692,-0.11148439,0.035481814,0.3583776,0.1653645,0,chr1:100455633:tibial_artery:0,TN,0
-3.120134,1.1915339,-0.7397574,0.5383577,1.3111856,0.012284912,0.08069045,0.6798931,0.26601335,0.42253694,0,chr17:80671737:Peyers_patch:0,TN,0
3.6629243,-0.2788963,0.43507183,0.22305922,0.39535508,0.429961,0.21985812,-0.42391604,0.4418363,1.1692239,1,chr17:43360096:Peyers_patch:0,TP,1
-3.0195866,-1.2073833,0.49369717,-0.5935285,1.1375973,-0.46542448,0.038517676,-0.36584866,0.09257877,-0.18758924,0,chr6:106445359:upper_lobe_of_left_lung:0,TN,0
5.689398,1.3547797,-0.0852666,-0.66871756,-0.1662779,-0.45431638,-0.6258819,0.26207396,-0.25196454,-0.28745523,1,chr10:96641123:Peyers_patch:0,TP,1
2.6586447,2.5789351,-0.040093668,-0.7763298,-0.17758104,1.1619592,-0.8275353,-0.5288987,-0.30162692,0.16628252,0,chr7:106542629:suprapubic_skin:0,FP,1
5.5711317,1.2311317,0.107256696,-0.83419085,-0.034746893,-1.0355105,-0.40417153,0.13558611,-0.07815157,-0.45765114,1,chr22:24006049:thoracic_aorta:0,TP,1
-2.8270576,1.1035231,-0.07478601,0.7795568,0.7613772,-0.35552555,-0.07333579,0.24512532,0.2492717,-0.17800313,0,chr9:4156303:body_of_pancreas:0,TN,0
-0.5494033,1.3586456,1.0165434,-0.3961255,-0.025087383,-0.0093295565,-0.63690037,-1.5205469,0.39567778,1.116136,0,chr9:6680593:body_of_pancreas:0,TN,0
-3.0366883,2.9018855,-0.020902425,0.101198114,0.25558966,0.22933337,-0.058167852,0.6501,0.19889332,-0.23904784,1,chr9:127348292:upper_lobe_of_left_lung:0,FN,0
-0.9018277,-0.34117803,0.3392924,-1.033943,0.57720745,0.9309461,-0.24925312,-0.91774726,0.019280512,0.3971267,0,chr14:58829528:transverse_colon:0,TN,0
-0.93914574,-1.2191427,0.46514365,-0.22787586,-0.6802467,0.08766873,0.11965122,0.19143845,-0.6433467,0.27706957,0,chr19:18388969:transverse_colon:0,TN,0
-0.857698,1.4711792,-0.29068893,-0.1946862,0.55072844,0.62019587,0.030681506,0.5980535,-0.6346326,0.5789603,1,chr17:15574102:esophagus_squamous_epithelium:0,FN,0
6.0007224,0.42268366,-0.06089019,-0.10412734,0.3127374,-0.57990587,-0.4624396,0.1275772,-0.110988006,-0.0028894695,1,chr6:31374359:body_of_pancreas:0,TP,1
-3.5198464,3.0830088,0.48704982,0.23723115,0.3564682,-0.36131647,-0.29421383,0.030649986,0.07706077,-0.0964991,0,chr9:83583147:adrenal_gland:0,TN,0
6.1612864,-0.3811787,-0.16282219,0.27088606,0.5794186,-0.9618694,-0.06362667,-0.12488995,0.08766219,-0.52436614,1,chr12:8390645:prostate_gland:0,TP,1
-3.084202,2.796221,0.09200496,0.54030985,-0.4170727,-0.039793774,0.055450015,0.20795983,-0.23171793,-0.28411332,0,chr11:17813808:body_of_pancreas:0,TN,0
-2.3407056,0.24919412,0.032862384,-0.33572546,-0.029554544,0.021244297,-0.012406601,-0.4228527,-0.30015048,0.40516543,0,chr11:47426945:upper_lobe_of_left_lung:0,TN,0
-1.981569,-1.1644615,0.9634535,0.046490453,-0.15427902,0.21805438,-0.24304953,-0.98117554,-0.6745897,0.5945226,0,chr16:4254564:esophagus_squamous_epithelium:0,TN,0
-2.6707497,-0.4101855,-0.43829986,0.43934083,-0.4979813,-0.115318544,0.36953694,0.02460864,-1.0073581,-0.04512885,1,chr2:109423970:Peyers_patch:0,FN,0
-2.325718,-1.5152375,-0.045735713,-1.0636109,-0.09571901,0.17734565,-0.55347526,-0.0638372,-1.1494378,-0.69195783,1,chr7:22550492:transverse_colon:0,FN,0
-1.6502395,0.30827862,1.6127,-0.2840443,0.2463266,0.06882577,-0.49022853,-0.13540606,0.06439535,-0.38682076,0,chr1:86401813:body_of_pancreas:0,TN,0
-1.4182831,0.93429846,2.1319613,-0.06309283,-1.5828707,0.8312549,0.13593076,0.5209289,0.28300673,0.17968605,0,chr14:93139367:esophagus_muscularis_mucosa:0,TN,0
0.03464018,-1.0343893,-1.282794,-0.33544385,-0.53532106,-0.5211675,0.06873893,0.30768874,0.73495376,0.32909042,0,chr7:135170966:transverse_colon:0,TN,0
-0.9275963,-2.2814982,-0.93303204,0.80868953,-0.21874365,-0.64143956,0.036325227,0.189736,0.43045834,0.08256386,0,chr14:54902267:thoracic_aorta:0,TN,0
-3.4015176,0.38374716,-0.993972,0.4426955,-0.3733394,-0.17010716,-0.38731623,0.08861062,-0.13363557,-0.29576594,0,chr21:41069108:esophagus_squamous_epithelium:0,TN,0
-1.9271561,-0.5933852,-1.3804228,0.40349144,-0.36235243,-0.6717409,1.0107753,0.37119818,-0.35255903,-0.57442915,0,chr14:101235442:suprapubic_skin:0,TN,0
-2.619015,1.2417926,0.23640957,0.3190819,1.0740013,0.2702422,0.4614873,-0.3018128,0.3492119,0.1130346,1,chr6:106223515:body_of_pancreas:0,FN,0
0.37320277,-1.8996863,-2.045682,1.5474346,-0.82430756,0.9085859,0.13979682,-0.9845184,0.15439607,-0.43587604,0,chr20:381900:prostate_gland:0,TN,0
5.188446,1.4187882,-0.088933155,-0.25156903,-0.19855365,-0.63711715,0.1461123,0.034304686,-0.2582733,-0.42787087,1,chr10:26574003:thoracic_aorta:0,TP,1
-2.9206636,-0.6166531,-1.2438768,0.5094213,-0.5432853,-0.8282395,-0.6504391,-0.33650357,0.5078741,-0.05309705,1,chr1:26921783:thoracic_aorta:0,FN,0
5.6714764,-0.13392444,0.72877884,0.2321779,0.67745155,-0.34470215,-0.0930225,0.46286824,0.24346702,0.51091653,1,chr17:22856764:stomach:0,TP,1
5.689398,1.3547797,-0.0852666,-0.66871756,-0.1662779,-0.45431638,-0.6258819,0.26207396,-0.25196454,-0.28745523,1,chr10:96641123:thoracic_aorta:0,TP,1
1.5178608,-2.928821,1.4437306,1.2707382,0.4485836,0.5551097,-1.3104903,2.1792276,1.0950907,-0.22656278,1,chr8:44636977:tibial_artery:0,FN,0
4.85825,-0.54525626,-1.6167437,0.20071292,-0.52701855,0.08994809,0.75410795,-0.6793034,-0.102490805,0.060479794,0,chr5:138352584:stomach:0,FP,1
-2.42318,-1.376259,1.375385,-0.5898684,-0.5175418,-0.39365208,-0.27252275,-0.17723702,-0.2382755,-0.060587313,0,chr22:36123792:tibial_artery:0,TN,0
-2.3729646,-0.23607711,1.3801682,-0.54273343,-0.7767108,0.27701148,0.7689757,-0.121639356,0.30827212,0.28110114,0,chr20:57435558:prostate_gland:0,TN,0
0.08831754,0.45468402,-1.0092621,1.3056607,0.62073696,0.84552693,1.065883,0.39545366,-0.31524938,0.2252194,0,chr19:38711140:thoracic_aorta:0,TN,0
0.13804133,-0.26766783,-0.48516527,1.219349,1.2634479,0.6669406,0.37364724,-1.1917634,0.06034458,0.58656114,1,chr17:47681054:body_of_pancreas:0,FN,0
-3.363888,1.0344794,-0.72883546,0.303344,-0.11275193,-0.8144217,0.76441526,0.60889,-0.2953572,0.39127427,1,chr3:187162343:omental_fat_pad:0,FN,0
4.8323126,-0.12393839,0.4535551,-0.58410305,0.45577282,-0.1233973,-0.12674925,0.13847774,0.47309637,-0.66957027,1,chr1:217479610:body_of_pancreas:0,TP,1
5.938791,0.0117330905,-0.10649433,-0.20510307,0.23684312,-1.1151193,0.25151065,0.2786039,0.10204296,-0.51274985,1,chr7:100966122:prostate_gland:0,TP,1
1.8045795,1.411631,1.1880345,0.6973571,-1.1366633,-0.64299,1.0124297,-0.8064478,-0.06670968,1.261609,0,chr14:52679600:body_of_pancreas:0,FP,1
-2.0669215,-0.61853296,0.10979161,-0.49089116,-0.048091676,-0.1794967,0.59411937,-0.45026225,-0.83479923,-0.42299697,0,chr17:1967091:body_of_pancreas:0,TN,0
-3.3172324,1.16211,-0.68911356,0.5322227,-0.13450298,-0.76707375,0.25389576,0.24615224,-0.27337843,0.18003285,0,chr7:22853784:spleen:0,TN,0
-3.0825315,1.4567881,-0.1562819,0.692018,1.1613499,-0.08515316,-0.550595,-0.32942766,0.51162976,0.21569239,0,chr1:193190428:prostate_gland:0,TN,0
0.5004048,3.9780874,0.45626783,-0.6340479,-1.551562,0.23639382,-0.06244498,0.16841021,0.37633806,0.1552004,1,chr10:12781382:tibial_artery:0,TP,1
5.6115766,1.2073463,0.099057086,-0.8963103,-0.33509856,-0.6656288,-0.28531483,0.45317066,-0.0007790342,0.1687065,1,chr2:86221296:body_of_pancreas:0,TP,1
-2.3692412,-0.1306306,-1.3019264,0.14614196,-1.271952,-0.69958156,0.26757684,0.090791985,-0.3966467,-0.10682496,0,chr22:50190316:esophagus_squamous_epithelium:0,TN,0
-3.124101,1.0258332,-0.2392985,0.043424338,0.3588835,-0.24491316,-0.16893561,0.78879654,-0.14097388,-0.20571028,1,chr17:58391751:body_of_pancreas:0,FN,0
-3.4375165,0.7879484,-0.5984957,0.64886427,0.53071594,-0.9387759,-0.23114216,0.532394,0.32162184,0.26200995,1,chr9:97633155:gastrocnemius_medialis:0,FN,0
2.2894235,-2.164111,0.4510031,-0.45799062,-0.3586835,0.14039548,0.05998302,0.1866413,0.28405944,-0.639721,0,chr9:7799605:upper_lobe_of_left_lung:0,FP,1
-1.1881572,-1.9980934,0.109752126,0.9287932,0.4418381,0.11699794,-0.23412003,-0.62428445,-0.02803817,0.18460968,0,chr6:116616178:body_of_pancreas:0,TN,0
-1.4259974,-0.7042454,-0.71694016,0.3485664,0.4353072,1.2288471,-1.0136557,-1.1341302,-0.11403971,0.39942092,1,chr19:45427778:transverse_colon:0,FN,0
-0.5393907,-0.6567013,0.7420944,-0.48460442,-0.051476087,0.15721348,0.17927676,0.34878942,-0.49263805,0.21762712,0,chr12:108853906:thoracic_aorta:0,TN,0
1.439503,0.60722196,-1.4625975,-0.41634613,-0.9756235,-0.00729543,0.117823675,0.15557374,0.7707056,0.39192775,0,chr11:130069518:sigmoid_colon:0,FP,1
-2.2451735,1.6077096,-0.09630723,-0.5203192,0.59670043,0.80587244,-0.1868081,-0.22176346,-0.65203726,0.48784223,1,chr9:17531876:spleen:0,FN,0
-3.3830454,0.07331029,0.3572039,-0.08310172,0.8471552,-0.53910154,-0.84201175,-0.6366122,0.015064242,-0.21512486,0,chr8:24977691:upper_lobe_of_left_lung:0,TN,0
-3.2860427,-0.6038176,-0.80467963,-0.040649477,-0.39712688,-0.53018796,-0.71540487,-0.3517531,0.14076312,-0.020472607,0,chr1:235504860:transverse_colon:0,TN,0
-2.4683735,-0.658736,-0.2620345,0.13034846,0.49396455,-0.50022334,0.93285066,0.3508356,-0.50619763,-0.11707647,0,chr14:94486682:body_of_pancreas:0,TN,0
-2.3467324,0.8008486,-0.7164113,-0.9586301,-0.7906491,0.08726185,-0.8529944,-0.42881787,0.55096674,0.6119877,0,chr1:179365922:transverse_colon:0,TN,0
-2.929047,0.11584971,-1.7500488,0.5390446,-0.92403543,-0.87884367,-0.2900779,0.056844547,-0.011352497,-0.1965948,0,chr8:94948718:prostate_gland:0,TN,0
-3.3690898,0.383858,2.031193,0.4174679,-0.87102133,-0.2047298,-0.45009914,3.75187e-05,-0.01197864,-0.31245098,0,chr15:31466972:body_of_pancreas:0,TN,0
-0.04710843,0.47826183,0.18090361,0.45020378,1.2087154,0.9731537,0.7264777,-0.53987306,-0.2499111,0.18864879,1,chr5:53035925:Peyers_patch:0,FN,0
-2.730709,-0.9464214,0.96618235,0.31001306,-0.050809607,-0.61334276,0.8349061,0.048261233,-0.030364677,-0.13098346,1,chr7:102531695:prostate_gland:0,FN,0
-2.349467,0.9353419,2.4417331,0.48025385,-1.705618,0.09470441,-0.46275273,0.1787532,0.28317562,-0.08043097,0,chr2:70302481:esophagus_squamous_epithelium:0,TN,0
-2.5659878,-1.3573873,0.43107763,0.589282,0.6482912,0.25879604,-0.2607177,0.14889528,-0.2603815,-0.3714743,0,chr3:64244756:esophagus_muscularis_mucosa:0,TN,0
0.5065326,-0.8491155,-1.5704807,0.28616786,-0.6005547,0.60610414,-0.039037056,-0.68948525,1.1265541,0.76748556,1,chr12:50283650:gastrocnemius_medialis:0,TP,1
-2.0337412,1.1311958,0.2847959,-0.57865846,1.1790526,1.0701679,0.770022,0.30966407,0.08379355,0.26382312,1,chr5:146662327:body_of_pancreas:0,FN,0
-2.5149121,0.39407983,1.1675981,-1.0671271,-0.031042648,0.703819,0.18125702,-0.44444773,0.037306886,-0.6835712,1,chr6:98652201:body_of_pancreas:0,FN,0
3.8478642,-0.22751483,-0.5839914,0.49450782,-0.36808464,0.6970462,1.2096469,-0.15447931,-0.2619561,-1.4954109,1,chr3:48425836:spleen:0,TP,1
3.5352743,-0.4114316,-0.18139173,0.60699826,0.115927376,1.1317434,0.44696555,-0.8270618,-0.8132211,0.50495833,0,chr12:48753691:gastrocnemius_medialis:0,FP,1
-2.8919692,0.9191917,-1.3003348,0.13438512,-0.8911273,0.18021525,-0.51920354,0.103774235,0.16976158,0.16178346,1,chr11:1652791:Peyers_patch:0,FN,0
-3.0208316,0.5763832,-0.95383805,0.03802742,-0.90081584,-0.96657985,0.99055374,0.42776537,-0.5049432,-0.2376284,0,chr1:225746955:esophagus_squamous_epithelium:0,TN,0
5.2446027,-0.43094382,-0.6469279,-0.28689158,-0.28682366,-0.37683657,0.38021776,0.019124037,0.15668751,-1.1086162,1,chr16:2005851:upper_lobe_of_left_lung:0,TP,1
5.4475894,0.69146305,0.013946451,0.7917853,0.012191215,0.47925296,0.0013410192,-0.47386324,-0.5851819,-0.43873394,1,chr13:103220859:gastrocnemius_medialis:0,TP,1
1.5114224,-0.79376245,-0.81140876,-0.19990495,-0.7472585,1.9020827,-1.0596287,-0.23692283,1.5017918,0.37094,1,chr2:196068383:sigmoid_colon:0,TP,1
1.5114224,-0.79376245,-0.81140876,-0.19990495,-0.7472585,1.9020827,-1.0596287,-0.23692283,1.5017918,0.37094,1,chr2:196068383:esophagus_squamous_epithelium:0,TP,1
-2.145238,-0.9292431,-1.0216596,-0.6971729,-0.7512653,-0.82884187,0.33262396,0.43486914,-0.3328527,-0.8320948,0,chr8:142545679:tibial_artery:0,TN,0
-2.2580256,-1.2522947,-0.06362227,0.2498203,0.17421977,-0.48337564,0.4665121,0.26418826,-0.070582464,-0.17231236,0,chr19:43595610:esophagus_squamous_epithelium:0,TN,0
-1.8653625,1.1198034,0.16386303,0.79343784,1.6098458,-0.41257742,0.107837036,1.0884172,0.038339343,0.1486343,0,chr20:30196740:transverse_colon:0,TN,0
4.872941,1.2519455,-0.25381142,0.12404774,-0.84717834,0.19917917,0.30663118,-0.08470208,-0.23454887,-0.7434269,1,chr17:50931916:tibial_nerve:0,TP,1
-2.9864032,0.26800972,-1.2680849,0.09459991,-0.6554575,-0.8095412,-0.2472246,-0.12043291,0.10227149,-0.07801667,0,chr3:194070771:gastroesophageal_sphincter:0,TN,0
-2.0773687,-1.335904,-1.4966761,0.25314456,-0.2774962,-0.881525,-0.36832502,-0.05111946,0.6178902,0.48806655,0,chr16:10942438:transverse_colon:0,TN,0
-2.886234,-1.6509095,0.5941906,-0.5516659,0.32697034,-0.32005543,-0.07041579,-0.6138376,-0.6778639,-0.4535482,0,chr2:46988928:body_of_pancreas:0,TN,0
5.90837,0.16492598,0.56623924,0.8208895,0.33191448,-0.61889803,-0.48854306,0.41082937,-0.2421341,0.62320435,1,chr3:75785547:sigmoid_colon:0,TP,1
1.0431652,-1.543235,0.8119367,0.27704278,-0.5740084,-0.1055193,0.15083914,0.37146276,-1.2854255,2.0486708,1,chr19:45678133:esophagus_squamous_epithelium:0,TP,1
-2.735979,2.156999,0.1394689,1.0039685,1.0120715,-0.22036031,-0.40024856,-0.42193517,0.645812,0.008485765,0,chr6:106446661:body_of_pancreas:0,TN,0
4.543257,1.1497518,-0.0810639,-0.73994327,-0.44404897,-0.41528615,0.6488468,-0.2910813,0.95300573,-0.59054774,1,chr10:47380926:body_of_pancreas:0,TP,1
-3.446707,0.9675949,-0.4499064,0.3713863,0.39551052,-0.7257017,0.21675219,0.4411232,0.023625046,-0.02019484,0,chr9:110058627:suprapubic_skin:0,TN,0
-1.7889942,-1.4818232,1.7933362,-0.26495188,-0.52392703,-0.43144846,0.6364682,-0.21738005,-0.27306324,0.20438263,0,chr4:182455751:body_of_pancreas:0,TN,0
-2.98007,0.6173607,-0.1594419,0.2937577,-0.27062708,-0.5592192,0.74795866,0.31750685,-0.5822766,-0.3645782,0,chr5:173625851:adrenal_gland:0,TN,0
-2.3931231,-0.26179144,1.7190241,0.22655389,-0.5251263,0.24904744,-0.31170046,0.21417671,0.91485405,-0.70080274,0,chr1:15523847:transverse_colon:0,TN,0
0.7498017,-0.083376005,0.49043095,0.25083807,-1.1302737,0.37117717,0.36612594,-0.29516128,1.2922051,1.0622318,1,chr19:47436804:esophagus_muscularis_mucosa:0,TP,1
3.9661708,3.4086459,0.07249264,-1.3686961,-1.1388674,-0.6256533,-0.51484734,-0.2114584,-0.023913406,-1.1320802,1,chr7:63015743:adrenal_gland:0,TP,1
-3.0300174,0.96146137,-0.1392185,-0.016488181,0.5480055,0.040056627,0.23486099,0.47164825,-0.32000664,0.4304979,1,chr8:60233242:suprapubic_skin:0,FN,0
0.44021326,0.2413297,0.90007436,-0.86093765,-0.4907231,1.6953706,0.83252245,0.9091012,0.23770142,0.35825366,0,chr1:24587480:body_of_pancreas:0,FP,1
6.000722,0.4226834,-0.060889807,-0.10412818,0.31273735,-0.5799064,-0.46243924,0.12757678,-0.11098882,-0.002888669,1,chr6:31374359:Peyers_patch:0,TP,1
-2.4683735,-0.658736,-0.2620345,0.13034846,0.49396455,-0.50022334,0.93285066,0.3508356,-0.50619763,-0.11707647,0,chr14:94486682:prostate_gland:0,TN,0
-3.436534,0.57666117,0.09853982,0.0059506926,0.78759074,-0.35077542,0.015163509,-0.09356134,-0.07824545,0.039411742,0,chr16:24737881:thoracic_aorta:0,TN,0
-2.9859912,-1.103123,-0.29048932,0.7231145,0.6539863,-0.7813046,-0.30098462,0.12419586,-0.17931566,-0.028813403,0,chr15:43690237:gastrocnemius_medialis:0,TN,0
-3.1240091,0.0161828,-1.1598309,0.04008337,-0.6814851,-0.86075234,-0.19325185,0.59982854,0.2567109,0.2942401,0,chr1:201171387:upper_lobe_of_left_lung:0,TN,0
-2.8919704,0.91919553,-1.3003348,0.13438572,-0.8911284,0.18021545,-0.5192037,0.10377524,0.16976234,0.16178332,1,chr11:1652791:testis:0,FN,0
5.7928886,0.7728145,-0.13873008,-0.14662488,-0.12580433,-0.17079863,-0.10332618,-0.107265174,-0.43306127,-0.19078055,1,chr6:29705705:Peyers_patch:0,TP,1
0.50652874,-0.84911674,-1.5704806,0.28616625,-0.6005545,0.6061037,-0.03903738,-0.6894842,1.1265538,0.7674848,1,chr12:50283650:gastroesophageal_sphincter:0,TP,1
-2.5362058,-0.6148417,-0.062594734,0.02775052,-0.053950492,0.23188685,0.18888302,-0.13730876,-0.5445582,-0.027621545,0,chr1:22005335:body_of_pancreas:0,TN,0
-0.8843337,-1.4337685,1.248148,-0.6729396,-0.35655248,0.35977852,0.51374626,-0.075108506,0.57343096,-0.7639371,0,chr5:133944376:gastrocnemius_medialis:0,TN,0
-2.9075594,0.93384093,2.1741352,0.45182553,-1.3563546,0.01840388,0.36404037,0.28511035,0.26709828,-0.46013522,0,chr2:210449832:body_of_pancreas:0,TN,0
5.6714764,-0.13392444,0.72877884,0.2321779,0.67745155,-0.34470215,-0.0930225,0.46286824,0.24346702,0.51091653,1,chr17:22856764:transverse_colon:0,TP,1
-2.619013,1.241792,0.23640881,0.31908125,1.0740026,0.27024174,0.46148714,-0.30181348,0.34921286,0.113036476,1,chr6:106223515:sigmoid_colon:0,FN,0
0.15983671,-1.7537233,-1.911657,0.14741962,-1.6135955,0.64067084,-0.18070605,-0.18539765,0.29217958,-0.8709603,0,chr9:136133471:suprapubic_skin:0,TN,0
-1.3414055,-2.3413932,0.83080274,-0.012582905,0.58635175,0.16892377,-0.13141969,0.20542423,0.29502934,-0.348062,0,chr1:85581627:esophagus_muscularis_mucosa:0,TN,0
-2.8331277,-0.46068174,-0.5920639,-0.550422,-0.14009961,-0.15015244,0.5176298,0.57968026,-0.1905649,0.26485547,1,chr10:86585710:sigmoid_colon:0,FN,0
-2.619013,1.241792,0.23640881,0.31908125,1.0740026,0.27024174,0.46148714,-0.30181348,0.34921286,0.113036476,1,chr6:106223515:esophagus_muscularis_mucosa:0,FN,0
-1.8716811,-0.8251723,0.5741876,-0.6208108,0.8240474,0.16091377,-0.103613414,-0.07210879,0.7183357,-0.19245906,0,chr2:224749181:adrenal_gland:0,TN,0
-2.4145927,2.2994514,-0.16861363,0.26420885,0.6244568,0.56519496,0.08033792,-0.22148694,0.23647569,0.18588136,1,chr5:22214242:adrenal_gland:0,FN,0
-0.21265005,-0.12276702,-1.1308217,0.9547062,-1.1753011,1.0609945,0.46023002,-0.28404215,-0.45860273,-0.2985279,0,chr5:671854:upper_lobe_of_left_lung:0,TN,0
-3.3305316,0.40563637,1.8813603,0.20098987,-0.8125053,-0.29394954,-0.44646183,-0.24613631,-0.18030095,-0.016909178,0,chr2:239934641:prostate_gland:0,TN,0
-2.8919704,0.91919553,-1.3003348,0.13438572,-0.8911284,0.18021545,-0.5192037,0.10377524,0.16976234,0.16178332,1,chr11:1652791:prostate_gland:0,FN,0
-3.0446992,-1.112724,0.8198195,0.17425479,0.14229393,-0.35602957,-0.3507031,-0.33843443,-0.5779563,-0.34680063,0,chr12:29889854:testis:0,TN,0
-2.3194027,0.02131549,0.98673075,-0.7627897,0.6744279,-0.06730627,0.21997333,-0.2881304,0.02647724,-0.398171,0,chr20:53784467:sigmoid_colon:0,TN,0
4.988772,-0.4986553,-0.27645007,1.0967724,-0.3833347,1.0720364,0.30460525,-0.017711403,-0.42520598,-0.87075204,1,chr13:20119527:thoracic_aorta:0,TP,1
-0.034898914,0.7292551,-1.086529,-0.23981015,-0.39482665,1.269147,-0.117336944,0.6037163,-0.18831113,-0.7048445,0,chr16:84062971:spleen:0,TN,0
-3.2380788,-0.4630301,0.06441458,-0.17320418,0.047356997,-0.7895238,-0.012030265,-0.35783312,-0.23492374,-0.2824264,0,chr7:45260456:thoracic_aorta:0,TN,0
6.025777,-1.0428462,0.1877997,1.312955,0.54639775,-0.00091410405,-0.080511615,0.10893918,-0.5661514,-0.19803196,1,chr5:5816584:prostate_gland:0,TP,1
-1.411304,0.043942586,-0.4104278,-1.427389,0.653447,0.6658917,0.29052833,0.31434965,0.23287804,-0.19328958,1,chr4:37179008:omental_fat_pad:0,FN,0
-1.4259974,-0.7042454,-0.71694016,0.3485664,0.4353072,1.2288471,-1.0136557,-1.1341302,-0.11403971,0.39942092,1,chr19:45427778:spleen:0,FN,0
-0.79634625,0.0056942664,-0.4804541,-0.13768657,0.22833884,1.0000367,-0.8564858,-0.9962889,0.8365523,0.5231487,0,chr1:150363696:esophagus_muscularis_mucosa:0,TN,0
1.3066379,1.1449894,1.0976595,-0.52778006,0.5218676,-0.4230925,0.4001773,-0.23389126,1.1755419,-0.0023062031,1,chr7:142757640:body_of_pancreas:0,TP,1
-1.2090918,-2.167581,0.509189,-1.5615484,-0.2892751,0.7519193,-1.3565439,0.44581547,-0.15129426,-0.13593093,1,chr16:11211:gastrocnemius_medialis:0,FN,0
-1.8414,-0.38500684,0.09360003,-1.3332208,-0.6097135,1.1284772,0.30371508,0.26778582,-0.45045125,0.20961328,0,chr6:29738272:body_of_pancreas:0,TN,0
-2.9431596,1.1884433,1.0506942,0.8506456,-0.34657258,-0.19656873,-0.13624087,-0.055114392,0.04922469,-0.25335562,0,chr3:132237163:prostate_gland:0,TN,0
5.6021276,0.31468073,-0.09962344,0.94559443,0.26351342,0.34964705,0.086162254,-0.72015643,-0.6264422,-0.44638386,1,chr3:181610462:suprapubic_skin:0,TP,1
-1.0934575,0.28652322,1.2492536,0.5955226,-0.56635,-0.34170917,0.9930386,-0.49347612,-0.3290408,1.0252951,1,chr5:151096567:transverse_colon:0,FN,0
-0.034898914,0.7292551,-1.086529,-0.23981015,-0.39482665,1.269147,-0.117336944,0.6037163,-0.18831113,-0.7048445,0,chr16:84062971:tibial_artery:0,TN,0
4.807458,-0.35354707,0.30940074,-0.9467602,0.24083325,0.37211555,-0.70169836,0.030619815,-0.38780275,0.82563066,0,chr4:37567061:gastrocnemius_medialis:0,FP,1
-3.0275261,-0.8264628,-0.22237596,-0.16423689,-0.33606583,-0.27583078,-0.02851491,0.061617322,-0.33424297,-0.17766891,0,chr19:14348783:thoracic_aorta:0,TN,0
-2.518561,-0.7923735,0.6981804,-1.6227994,-0.17490393,-0.32045102,0.0071876682,-0.53213215,0.088461824,-0.9991519,1,chr8:41651698:prostate_gland:0,FN,0
-2.4836495,1.9412671,0.03159723,0.42157137,0.84729916,0.66980976,0.13316505,-0.055014253,0.098417655,0.20420848,0,chr21:30341086:prostate_gland:0,TN,0
6.042911,0.16955851,-0.15559418,-0.1728083,0.02108957,-0.60005456,-0.6202952,0.18417436,-0.32473007,0.20254815,1,chr17:45585364:adrenal_gland:0,TP,1
5.689398,1.3547797,-0.0852666,-0.66871756,-0.1662779,-0.45431638,-0.6258819,0.26207396,-0.25196454,-0.28745523,1,chr10:96641123:upper_lobe_of_left_lung:0,TP,1
5.5401483,1.638914,0.045091107,-0.5659701,-0.04358584,-0.67274934,-0.34128895,0.06859566,-0.58148783,-0.13657744,1,chr6:32641895:body_of_pancreas:0,TP,1
-3.1995304,0.9333566,-1.0094004,0.066966705,-0.24122453,-0.8953828,0.5544818,1.0138321,-0.4953866,0.121465646,0,chr3:114290888:Peyers_patch:0,TN,0
-3.1224837,0.5509488,-0.3480517,-0.21023464,0.77494293,0.129296,-0.018319659,0.56653255,-0.00023807463,-0.053471565,1,chr1:53861076:prostate_gland:0,FN,0
-0.7443625,-0.24275286,1.5531292,-0.39713964,-0.32553962,-0.24341962,0.25500625,-0.0011335269,0.74107444,-0.15842979,0,chr6:13575946:thoracic_aorta:0,TN,0
-2.354562,-0.3595657,0.25408986,-0.62711257,0.7100241,-0.0808743,-0.3887735,0.18350315,0.16295509,-0.23252495,0,chr9:105609267:transverse_colon:0,TN,0
-0.53493965,0.59181136,-0.043302894,0.15657207,1.2127125,0.4142504,0.30503094,-0.8212104,0.4531721,0.46777403,1,chr12:69130142:body_of_pancreas:0,FN,0
-0.18002427,-0.66097414,-0.40392944,-0.72694063,-1.6296055,1.3424054,-1.1271507,0.07771031,0.010061131,0.6889066,1,chr18:75856:tibial_nerve:0,FN,0
-0.69661057,-0.8527011,-0.24078907,-1.1689879,0.9264418,0.36680335,0.55966234,0.848582,0.38778287,0.061230972,1,chr1:160835143:gastroesophageal_sphincter:0,FN,0
-2.6032405,-0.5352478,-0.5134938,-0.42427745,1.2874649,-0.12060104,0.63685787,0.46056738,0.39500248,-0.10031154,0,chr7:128217994:body_of_pancreas:0,TN,0
3.319976,1.5575122,0.26030144,-1.1519276,-0.36483866,0.52180755,0.30346653,0.08324521,0.39095783,-0.03856949,1,chr1:89276833:prostate_gland:0,TP,1
1.5114224,-0.79376245,-0.81140876,-0.19990495,-0.7472585,1.9020827,-1.0596287,-0.23692283,1.5017918,0.37094,1,chr2:196068383:body_of_pancreas:0,TP,1
-2.6097655,-1.1416037,-0.5728299,-0.68526506,-0.73816615,-0.7062051,-0.026068991,0.07374519,-0.961872,-0.4948272,1,chr4:1752731:transverse_colon:0,FN,0
1.9435847,-1.8621347,1.5957247,0.62419873,0.33414736,-0.0073612514,-0.21045297,0.07344235,-0.06275178,0.3028577,0,chr10:41286903:sigmoid_colon:0,FP,1
-3.6649733,1.8559474,-0.45536408,0.53862697,0.61462355,-0.6068816,-0.7896972,0.21682699,0.47013184,-0.011319592,1,chr4:119212065:gastroesophageal_sphincter:0,FN,0
-2.210754,-0.10057911,1.4523302,-0.9916363,0.97521526,0.08750113,0.38278866,-0.88425374,0.09763284,0.20468384,1,chr10:89030249:prostate_gland:0,FN,0
-2.4662302,-1.4416411,-0.02318752,-0.53487116,0.7243228,-0.48636568,-0.30877072,-0.7630441,0.17560188,-0.25780967,0,chr15:92077943:spleen:0,TN,0
1.2657518,-1.4104632,-1.2312999,0.6650666,-1.0937841,0.65790105,-0.42577615,-0.4591586,0.06830503,-0.5286428,1,chr1:904530:esophagus_muscularis_mucosa:0,TP,1
-2.0312772,-0.5313114,0.83269495,-0.28375715,-0.3168418,-0.49578476,0.7763247,-0.24080594,-0.9606332,0.5373537,0,chr6:15623592:gastrocnemius_medialis:0,TN,0
-1.1431558,-0.6982281,0.47771242,-0.33679283,0.49594945,0.49899772,-0.015995657,0.24970879,0.49398583,0.0114857135,1,chr20:7274841:body_of_pancreas:0,FN,0
5.689398,1.3547797,-0.0852666,-0.66871756,-0.1662779,-0.45431638,-0.6258819,0.26207396,-0.25196454,-0.28745523,1,chr10:96641123:tibial_artery:0,TP,1
0.50652874,-0.84911674,-1.5704806,0.28616625,-0.6005545,0.6061037,-0.03903738,-0.6894842,1.1265538,0.7674848,1,chr12:50283650:thoracic_aorta:0,TP,1
5.192261,1.455933,0.28548783,-0.85303974,0.124393284,-0.8496021,-0.124152906,-0.02683436,0.39707538,0.44473496,1,chr7:67176863:adrenal_gland:0,TP,1
-0.16957359,0.62911046,1.8521463,1.5610175,-1.2073354,0.17045985,0.105477005,0.7534685,0.55722654,0.11075403,1,chr1:183658622:esophagus_squamous_epithelium:0,FN,0
-2.037051,0.2604253,1.9430888,1.2153149,-1.1665099,0.1026816,0.6143901,-0.45689976,-0.26032898,0.532342,1,chr16:4548780:tibial_nerve:0,FN,0
-0.7744006,0.6950464,-0.22196399,0.4323779,1.4909694,-0.35135758,0.6669045,0.624395,0.5276862,-0.024319492,1,chr7:129371021:transverse_colon:0,FN,0
-2.4376688,-1.0010098,-1.4656485,0.36644208,-0.5302325,-0.29975978,-0.3010361,0.1269083,0.5607642,0.1097923,0,chr10:86401298:body_of_pancreas:0,TN,0
-3.573296,1.269508,-0.098435774,0.0893944,0.083719246,-0.6416865,0.13951257,0.038101923,0.038600523,-0.07507396,0,chr1:13901731:tibial_nerve:0,TN,0
5.235233,1.0872262,-0.18780708,-0.3994636,-0.22840026,-0.0026825073,-0.16741867,-0.06941345,-0.037038792,-0.36163753,1,chr10:38653055:adrenal_gland:0,TP,1
1.9013019,0.34649268,-0.7575379,-0.28052115,-0.068067305,1.7383449,-0.722324,-0.24779722,-0.38043034,0.09033283,1,chr9:114682109:body_of_pancreas:0,TP,1
-2.129841,1.7025807,-0.7444846,0.6698833,-0.58065516,1.1268467,0.28371832,0.9251981,-0.099532045,-0.0014398062,1,chr20:53943966:upper_lobe_of_left_lung:0,FN,0
-0.3703567,-2.1388083,-2.0147254,0.9583963,-1.135286,0.4514672,0.3106132,0.3123448,-0.075184144,-0.5542848,0,chr10:79825897:suprapubic_skin:0,TN,0
0.01842611,-0.03621786,1.6041114,2.3720016,-0.6603677,1.0686324,-0.032661762,-0.4005222,0.19322775,0.3722388,0,chr19:55582846:body_of_pancreas:0,TN,0
2.935348,-0.49598598,1.3808972,-0.9841615,-0.36079976,-0.010179609,-0.14601028,0.4600773,1.2306888,-0.5292499,1,chr17:81176879:thoracic_aorta:0,TP,1
-1.5544388,1.8422343,2.9179265,1.0040447,-1.4730939,0.16792305,-0.2194113,0.030938067,0.25680906,0.5769392,1,chr2:93976867:body_of_pancreas:1,FN,0
1.8738364,-2.4348977,-0.26976454,0.5611551,-0.2974429,0.7661355,0.81471264,0.8197022,-0.15940236,-0.11081931,1,chr19:4352765:thoracic_aorta:0,TP,1
-1.6837704,0.02610306,1.3911357,-0.47096515,0.22689892,-0.31677148,0.18863024,-0.77769244,0.41343156,-0.23609123,0,chr6:17012587:body_of_pancreas:0,TN,0
5.015823,-1.7343963,-1.5449842,-0.17181875,-0.19656397,-0.46189183,1.1992048,-0.00036643408,0.56817317,-0.18346047,0,chr19:47230618:Peyers_patch:0,FP,1
-2.3771248,-0.09865827,0.061104573,0.088854186,0.19409354,-0.028041635,0.28190768,0.55567694,-0.8637155,-0.47912666,1,chr6:106445145:esophagus_squamous_epithelium:0,FN,0
-2.4055963,0.41378883,-0.2535983,0.70303166,0.9515747,-0.13210551,-0.44403034,0.19650368,-0.11950202,-0.08783149,0,chr21:28745951:sigmoid_colon:0,TN,0
3.8899176,-2.6318264,-1.6774405,0.72804743,0.36799917,0.9615856,0.14562368,-0.6171687,0.32614797,-0.40204093,0,chr10:71889106:prostate_gland:0,FP,1
-1.8644444,-1.1724439,0.10264299,-0.77798104,0.67637384,0.3162828,-0.02970952,-0.2721832,-0.05461357,-0.5003391,1,chr10:42178741:body_of_pancreas:0,FN,0
-1.7299894,-2.3778286,0.7079431,-0.94428504,-0.12685554,0.10821684,-0.050916445,-0.2123465,0.7495508,-0.3013767,0,chr22:43904486:thoracic_aorta:0,TN,0
-1.8201154,0.28342694,-0.65350455,0.16614074,-1.0055245,0.84946626,-0.051585622,-0.22612411,-0.6912143,-0.4225511,1,chr17:21317316:prostate_gland:0,FN,0
4.841451,0.52933735,-0.3890344,-0.29613012,0.17564818,-0.1455319,-0.049046274,0.080820695,-0.41788998,-0.39393476,0,chr16:7405298:upper_lobe_of_left_lung:0,FP,1
-2.484299,0.94913644,1.4464159,0.48742244,-0.56374884,-0.16202067,0.24566193,-0.5307678,0.5440531,-0.035463575,1,chr6:137697537:Peyers_patch:0,FN,0
-2.3004498,-1.104042,1.1066294,-0.5129039,-0.1159125,-0.21832228,1.0255156,0.15766749,-0.013156909,-0.10612053,0,chr5:142015574:Peyers_patch:0,TN,0
-3.0166001,1.6383646,-0.4940182,0.5143431,-0.6623586,-0.6494117,0.1754179,0.20157547,-0.3084193,0.0016677207,0,chr8:42271986:spleen:0,TN,0
-3.1814222,0.4557373,0.12025534,-0.30212384,0.5936364,0.22944327,-0.21090288,-0.0024713224,-0.2208821,-0.35873052,1,chr7:143512714:body_of_pancreas:0,FN,0
-2.6131947,-1.345427,0.86418086,0.4597622,-0.04175034,-0.1351496,-0.49614742,-0.19402207,0.10812599,0.2920741,0,chr10:11792875:tibial_artery:0,TN,0
2.355318,-0.50769186,0.43256295,1.0743732,0.38250688,0.23386262,0.5485061,0.18777259,0.5694166,-1.0302874,1,chr2:168375394:upper_lobe_of_left_lung:0,TP,1
5.742974,0.055788916,0.6449897,0.5696201,0.21192694,-0.19221602,-0.21942915,0.30394182,-0.13605782,0.70854527,1,chr17:22822734:lower_leg_skin:0,TP,1
6.071449,0.048356056,0.3486628,0.51434255,0.36910787,-0.6322048,-0.4592453,0.56372935,-0.4308971,0.3113589,1,chr12:42144490:gastroesophageal_sphincter:0,TP,1
-2.116088,-0.8280954,0.9738642,-0.23720483,-0.10765131,0.03742169,0.22429629,-0.16839683,-0.7325619,-0.2642771,1,chr9:113653314:thoracic_aorta:0,FN,0
-0.8640931,1.5285405,-0.56044257,-0.79423887,-0.41429073,1.7974473,0.31731662,0.67778736,-0.07951133,0.78517604,0,chr18:45691426:Peyers_patch:0,TN,0
-2.0480483,0.9799623,-0.8040956,0.049828675,-1.1491548,0.2511514,0.6977287,0.7710284,-0.50302815,-0.7078776,0,chr7:2064001:transverse_colon:0,TN,0
0.38140827,-2.4080493,0.25275767,-0.4951959,-0.6444,0.7073864,-0.32938018,-0.087159745,-0.39832827,-0.40334544,0,chr19:38962208:sigmoid_colon:0,TN,0
1.9534218,1.6056606,-0.20229225,-0.10742037,0.74099785,1.614322,-0.67920214,-0.6338642,-0.13582534,0.12314328,1,chr2:57516866:prostate_gland:0,TP,1
-2.970086,-0.44121435,-0.44633958,0.10130972,0.82641023,-0.40062618,0.15601827,0.44607395,-0.0045068474,0.083582595,0,chr4:89307086:Peyers_patch:0,TN,0
-3.0845695,2.3949292,0.12847336,0.4657392,-0.33357286,-0.35308966,0.8276284,0.37069184,-0.20415941,0.04524226,1,chr6:159463481:tibial_artery:0,FN,0
-1.2409648,0.29734153,-0.28369355,0.26663733,0.2948342,1.0171146,-0.7982751,0.326183,-0.5425053,-0.5080866,0,chr12:128531252:body_of_pancreas:0,TN,0
0.8131285,-2.5596719,0.82920533,-0.45914316,-0.755834,0.8234966,-0.6724634,0.97030616,-1.5488443,0.15242755,1,chr7:22550431:transverse_colon:0,FN,0
5.35277,1.1376928,-0.49525124,-0.39313215,-0.34291184,-0.22229432,0.11030292,-0.15612699,-0.38470364,-0.5738121,1,chr18:12086252:body_of_pancreas:0,TP,1
-3.4330628,0.02226123,-1.060293,0.6435063,-0.3282686,-0.658336,-0.336981,0.5537259,-0.015714413,0.19207124,0,chr12:38906938:suprapubic_skin:0,TN,0
5.6115766,1.2073463,0.099057086,-0.8963103,-0.33509856,-0.6656288,-0.28531483,0.45317066,-0.0007790342,0.1687065,1,chr2:86221296:suprapubic_skin:0,TP,1
-2.9011257,1.8423312,-0.529197,0.5546662,0.593335,0.20278281,0.012524348,0.7462664,-0.030061236,0.118845634,1,chr7:120989215:gastroesophageal_sphincter:0,FN,0
-1.509854,-0.9806278,-0.8352746,-0.9416012,0.49899808,-0.26562488,1.9060049,0.80905354,0.5667513,0.4575775,0,chr1:165592941:gastrocnemius_medialis:0,TN,0
-3.0629783,1.1905432,-0.4809158,0.1772208,-0.29375178,-0.1771913,0.37418428,0.45818987,-0.6001359,-0.17438422,1,chr3:157077735:tibial_artery:0,FN,0
-1.5442061,0.33566248,-0.57846314,-0.8946833,-0.6629741,1.1727599,0.8595485,0.827598,-0.43150958,-0.11874157,1,chr2:121480354:transverse_colon:0,FN,0
-3.4818292,0.6599401,0.30098927,-0.14447957,-0.6055233,-0.5842641,-0.354285,-0.059543654,0.123364665,-0.2999724,0,chr2:231190438:upper_lobe_of_left_lung:0,TN,0
-1.7250621,1.8529369,-0.436542,-0.4853649,-0.07700537,1.1128023,0.37079585,0.049395688,-0.0028210827,0.5130871,0,chr2:73690919:suprapubic_skin:0,TN,0
5.5087085,0.4077888,-0.27942574,0.33275536,0.33502573,0.24297686,-0.1385233,-0.52602285,-0.39734817,0.07384111,0,chr7:95686088:tibial_nerve:0,FP,1
3.7954488,0.9323052,-0.06527419,-0.4570142,-0.44906017,0.84719145,0.47857955,0.0807637,0.3956119,-0.22749224,1,chr6:131199853:transverse_colon:0,TP,1
-2.2204483,0.1839368,-0.19521904,-0.028947448,1.2847155,-0.11694086,0.86638767,0.75339615,-0.6904767,0.09535449,0,chr15:65773686:body_of_pancreas:0,TN,0
-2.817711,1.2224007,-0.1434764,0.38721013,0.5178159,0.23728316,0.39983067,0.27193823,-0.1466311,0.11539461,1,chr13:24313653:tibial_artery:0,FN,0
-2.0374372,0.2856884,2.3895257,0.24504174,-1.0645336,0.18767579,-0.76496124,0.40641928,0.7036545,-0.9066409,0,chr3:172030553:transverse_colon:0,TN,0
-2.0734744,-1.4176373,-0.37957078,0.5145791,0.5602513,0.14392877,-0.781515,0.269056,-0.42388043,0.004641421,0,chr8:11746516:suprapubic_skin:0,TN,0
-2.207829,-0.78602535,1.4366682,-0.41548285,-0.5325557,-0.09589508,0.5463123,-0.24977644,0.20808291,-0.6048518,0,chr22:23862464:upper_lobe_of_left_lung:0,TN,0
-1.7299895,-2.3778296,0.70794255,-0.94428504,-0.12685615,0.10821734,-0.050915588,-0.21234551,0.7495497,-0.30137652,0,chr22:43904486:transverse_colon:0,TN,0
5.2308955,0.098592535,0.4248632,-0.7555479,0.23377182,-0.27483195,-0.41234323,0.53034854,0.4696269,-0.04771289,1,chr7:142521135:upper_lobe_of_left_lung:0,TP,1
-2.695414,-0.27230597,0.009846372,-0.48646858,-0.3222566,0.33132192,-0.1597827,0.15770553,-0.00768214,-0.19254315,1,chr6:169655219:Peyers_patch:0,FN,0
-3.5198464,3.0830088,0.48704982,0.23723115,0.3564682,-0.36131647,-0.29421383,0.030649986,0.07706077,-0.0964991,0,chr9:83583147:body_of_pancreas:0,TN,0
6.03064,0.5468596,-0.10262616,-0.3188472,0.09422855,-1.1541355,-0.19705689,0.072596595,-0.06712447,0.10947919,1,chr9:42974893:spleen:0,TP,1
-2.4730914,-1.3870094,1.0667064,0.15615918,0.11781794,0.22920586,0.08640186,-0.059349936,-0.6960363,-0.035103675,1,chr3:186589830:body_of_pancreas:0,FN,0
-0.14573872,1.2622627,-0.66001475,0.28746125,0.41980267,1.1531303,-0.09669241,-0.65676457,0.15146214,0.46843287,0,chr3:195106278:adrenal_gland:0,TN,0
5.929857,-0.2756206,0.51088774,0.5621674,0.5603541,-0.1953402,-0.28742012,0.20371814,0.07295337,0.6483828,1,chr17:22909996:esophagus_squamous_epithelium:0,TP,1
-1.8863094,1.5646584,-0.42700905,0.17003925,-0.3380275,0.38649708,0.36976105,-0.07154394,-0.19051236,-0.2647996,0,chr14:96179120:body_of_pancreas:0,TN,0
5.689396,1.3547865,-0.085265666,-0.66871834,-0.16628073,-0.45431626,-0.625883,0.26207414,-0.2519635,-0.2874554,1,chr10:96641123:esophagus_muscularis_mucosa:0,TP,1
5.151763,-1.2153724,-0.5947611,0.9618374,0.4130361,-0.051395454,0.7263317,-0.48125076,-0.110872924,-0.9459183,1,chr9:93818542:body_of_pancreas:0,TP,1
-2.9599357,-0.77911574,-0.9533164,0.093795106,-0.5089759,-0.4750191,-0.5597873,0.010612307,0.13930842,-0.21781625,0,chr4:185204254:Peyers_patch:0,TN,0
-2.308842,-0.3474905,0.36753118,-0.9921863,-0.19357632,0.17321025,-0.034629036,-0.4979005,0.39645582,-0.69578403,0,chr6:16965286:thoracic_aorta:0,TN,0
0.029173482,0.22778022,-0.09345313,-0.42660266,1.4818051,1.1579622,1.4587576,0.23798487,1.0934106,0.5668769,1,chr6:43386692:testis:0,FN,0
-3.0383575,-0.3504641,-0.02382741,0.06072192,1.3167163,-0.06830586,-0.76395214,0.068483934,-0.019959403,-0.252235,0,chr4:64585289:transverse_colon:0,TN,0
-2.8485892,1.9112031,0.051010642,0.9473553,1.4934678,-0.27340052,-0.12377023,0.2374255,0.50607616,0.090068996,1,chr1:146013114:tibial_artery:0,FN,0
-3.487772,-0.06547132,-0.37194124,0.10310798,-0.011957085,-1.1253234,-0.40087485,-0.16075474,0.40976062,0.18299252,1,chr9:89310799:thoracic_aorta:0,FN,0
0.15408982,0.58164114,0.65535194,-0.8414644,-0.5682175,0.4184463,1.5366641,-0.9784277,0.41821292,0.3522699,0,chr14:77030275:body_of_pancreas:0,TN,0
-0.7451969,-0.18376356,-0.19675563,-1.0592701,0.90636295,0.84176046,-0.20462193,-1.0051345,-0.5953973,1.0751107,0,chr3:53677614:prostate_gland:0,TN,0
-2.3596072,-1.1786587,0.035902012,-0.18813585,-0.30259898,0.0018696121,-0.28376642,0.11223057,-0.3068996,-0.33615983,0,chr8:11564982:transverse_colon:0,TN,0
-1.9048194,-0.8739497,-0.5065822,-0.750288,-1.0229887,-0.064283036,1.0967516,0.19027106,-0.15583387,-0.19782265,0,chr4:6327379:prostate_gland:0,TN,0
-2.5894191,-0.22515997,2.2135367,0.32182217,-0.36192885,-0.13032985,-0.09013336,-0.3589084,-0.3449066,-0.114626475,0,chr5:144956359:body_of_pancreas:0,TN,0
-1.8007718,0.8383482,-1.1083826,0.9707144,0.40738913,0.40797532,-0.12973459,0.2113842,-0.0069199866,-0.14374258,1,chr8:143532225:thoracic_aorta:0,FN,0
-2.5206554,-1.5934473,0.8995716,-0.94314283,0.7679655,0.2272278,-0.7510588,-0.5947496,-0.5895426,-0.020124326,0,chr7:93055928:body_of_pancreas:0,TN,0
3.4338558,-0.45312402,-0.17306668,1.7450887,0.9153677,0.7090644,0.44861406,-1.6940867,-0.012922267,-0.32899827,1,chr2:227762560:body_of_pancreas:0,TP,1
2.5648482,1.6542518,-0.018427486,-0.58266395,0.030470522,1.4668415,-0.8639505,-0.78385586,0.04097936,1.416845,1,chr5:123274158:thoracic_aorta:0,TP,1
-1.5636,0.4728562,-0.6180454,0.5723265,0.5683582,0.8981719,-0.324108,0.30574885,-0.52073103,-0.65743506,0,chr5:32116107:body_of_pancreas:0,TN,0
6.1612864,-0.3811787,-0.16282219,0.27088606,0.5794186,-0.9618694,-0.06362667,-0.12488995,0.08766219,-0.52436614,1,chr12:8390645:spleen:0,TP,1
-1.467145,-0.024313621,1.4234284,1.2492551,-0.8339565,0.059792597,0.14134659,-0.116918094,-0.38389274,0.45164925,0,chr18:63016144:esophagus_muscularis_mucosa:0,TN,0
-0.69660723,-0.852702,-0.24078983,-1.1689875,0.9264439,0.36680353,0.559664,0.8485807,0.38778457,0.06123178,1,chr1:160835143:prostate_gland:0,FN,0
-1.2090895,-2.1675804,0.50918937,-1.5615491,-0.28927553,0.7519194,-1.3565435,0.44581458,-0.1512936,-0.13592987,1,chr16:11211:thoracic_aorta:0,FN,0
-2.325718,-1.5152375,-0.045735713,-1.0636109,-0.09571901,0.17734565,-0.55347526,-0.0638372,-1.1494378,-0.69195783,1,chr7:22550492:tibial_artery:0,FN,0
-1.5442233,0.3356699,-0.5784619,-0.89467305,-0.66297317,1.1727533,0.85954994,0.82759553,-0.43151134,-0.11874259,1,chr2:121480354:transverse_colon:1,FN,0
5.2308965,0.09858932,0.42486215,-0.7555484,0.2337735,-0.2748324,-0.412344,0.5303493,0.46962658,-0.047711592,1,chr7:142521135:tibial_artery:0,TP,1
-3.5407684,0.51260644,-0.5251108,0.32175255,0.49460948,-0.84175503,-0.26473656,0.3296084,0.26551545,0.16541108,0,chr3:11272223:esophagus_muscularis_mucosa:0,TN,0
-2.2319493,2.3444178,-0.23289837,0.5003887,0.6039143,0.3454639,-0.075051144,-0.24722166,0.20558697,-0.02642973,0,chr5:77419305:thoracic_aorta:0,TN,0
-1.6969063,0.45172054,0.34647214,-1.0351318,0.30984086,0.04175858,-0.24022739,-0.81772465,-0.021970069,-0.10928338,1,chr8:132052052:body_of_pancreas:0,FN,0
-2.2451735,1.6077096,-0.09630723,-0.5203192,0.59670043,0.80587244,-0.1868081,-0.22176346,-0.65203726,0.48784223,1,chr9:17531876:Peyers_patch:0,FN,0
-1.4259974,-0.7042454,-0.71694016,0.3485664,0.4353072,1.2288471,-1.0136557,-1.1341302,-0.11403971,0.39942092,1,chr19:45427778:thoracic_aorta:0,FN,0
-0.73986644,1.7490697,-0.17477016,-1.0593383,-0.051860835,1.5643005,-0.68087804,0.42559016,-0.3940517,-0.053532805,0,chr20:6265412:tibial_artery:0,TN,0
-2.3296554,-2.1441567,0.067386776,0.6341214,-0.113222845,-1.1538506,-0.7500576,0.3458268,-0.7280277,0.39991447,0,chr9:111897362:upper_lobe_of_left_lung:0,TN,0
5.244603,-0.43094608,-0.6469281,-0.28689173,-0.2868216,-0.37683696,0.38021618,0.019124635,0.15668654,-1.1086174,1,chr16:2005851:tibial_nerve:0,TP,1
5.689398,1.3547797,-0.0852666,-0.66871756,-0.1662779,-0.45431638,-0.6258819,0.26207396,-0.25196454,-0.28745523,1,chr10:96641123:transverse_colon:0,TP,1
-1.2090918,-2.167581,0.509189,-1.5615484,-0.2892751,0.7519193,-1.3565439,0.44581547,-0.15129426,-0.13593093,1,chr16:11211:prostate_gland:0,FN,0
-2.5179353,-1.3710796,0.18685085,-0.10366812,0.6184683,-1.3027086,0.20964536,-0.6362136,-0.01246951,-0.12004837,0,chr6:26474513:lower_leg_skin:0,TN,0
6.0165586,0.22701114,-0.028487913,0.11678945,0.33539456,-0.4970742,-0.24670504,-0.12414292,-0.24212953,-0.16685426,1,chr8:13655256:Peyers_patch:0,TP,1
-3.6773403,1.4382759,-0.39312118,0.44775328,0.17015198,-0.72858024,0.16793916,0.2880345,-0.30785954,0.20206062,0,chr2:234135669:suprapubic_skin:0,TN,0
-2.0734744,-1.4176373,-0.37957078,0.5145791,0.5602513,0.14392877,-0.781515,0.269056,-0.42388043,0.004641421,1,chr8:11746516:tibial_nerve:0,FN,0
0.50652874,-0.84911674,-1.5704806,0.28616625,-0.6005545,0.6061037,-0.03903738,-0.6894842,1.1265538,0.7674848,1,chr12:50283650:thoracic_aorta:1,TP,1
6.040878,0.29483488,0.17300954,0.22390291,0.32477847,-0.7556942,-0.46276543,0.04145085,-0.40734446,0.32963035,1,chr12:52949266:body_of_pancreas:0,TP,1
-1.9118513,-2.3638816,1.1171823,-0.7571984,-0.0664932,-0.005160365,0.24676815,-0.4190586,0.1190479,-0.20780014,0,chr3:14651055:transverse_colon:0,TN,0
5.7928886,0.7728145,-0.13873008,-0.14662488,-0.12580433,-0.17079863,-0.10332618,-0.107265174,-0.43306127,-0.19078055,1,chr6:29705705:prostate_gland:0,TP,1
-3.174006,-0.93065244,-0.11693615,-0.53862953,-0.10985305,-0.60000014,-0.40005487,-0.44678122,0.031065328,0.10116519,0,chr19:1907479:transverse_colon:0,TN,0
-2.7116122,-0.6162879,-0.34283844,-0.49556327,0.8895055,-0.098717384,-0.005428806,0.23879783,-0.41586554,-0.093100935,1,chr7:66352345:body_of_pancreas:0,FN,0
5.351921,1.0659748,-0.5084616,-0.5259339,-0.7975022,-0.39772302,-0.08895053,-0.22847113,0.0463206,-0.5365684,1,chr9:42852316:body_of_pancreas:0,TP,1
-1.0367856,0.76994747,-1.000294,0.61490524,-0.7133112,0.10177577,0.9364449,0.3150389,-0.7375813,-0.65375286,0,chr11:2305689:testis:0,TN,0
-1.8468559,-0.7025539,-0.10582095,-0.53201234,-0.6589777,-0.037965417,-0.3847158,-0.026269546,0.32463986,-0.20949924,0,chr20:17680970:esophagus_muscularis_mucosa:0,TN,0
-1.4259974,-0.7042454,-0.71694016,0.3485664,0.4353072,1.2288471,-1.0136557,-1.1341302,-0.11403971,0.39942092,1,chr19:45427778:tibial_nerve:0,FN,0
-2.2451735,1.6077096,-0.09630723,-0.5203192,0.59670043,0.80587244,-0.1868081,-0.22176346,-0.65203726,0.48784223,1,chr9:17531876:omental_fat_pad:0,FN,0
4.8076243,0.097480565,-0.026022479,-1.2530466,0.6559493,-0.9616113,0.6855992,0.4815787,0.8250214,-0.23633347,1,chr7:142479093:upper_lobe_of_left_lung:0,TP,1
-1.8881432,0.16438963,-0.16184327,0.66348994,0.46427974,-0.045425206,0.21686915,0.5321497,-0.22754562,-0.057994608,0,chr4:119463038:esophagus_muscularis_mucosa:0,TN,0
3.6908019,-0.05349039,-0.6465286,1.6147616,-0.13085783,1.2218312,0.2625288,-0.7266812,-0.34159473,-1.5697678,1,chr7:140035925:body_of_pancreas:0,TP,1
-2.1798563,-0.40869248,0.97060716,-0.21461599,-0.3846548,-1.1704998,-0.11236356,-0.5865414,-0.4884789,0.40829378,1,chr3:196941403:body_of_pancreas:0,FN,0
-2.6569965,0.12013831,-0.64191794,-0.48368433,0.22415915,0.7356574,0.023944153,0.1709571,-0.33553314,-0.14354765,0,chr12:7933199:transverse_colon:0,TN,0
-3.1995304,0.9333566,-1.0094004,0.066966705,-0.24122453,-0.8953828,0.5544818,1.0138321,-0.4953866,0.121465646,0,chr3:114290888:body_of_pancreas:0,TN,0
-1.9047488,-1.48009,1.0129912,-0.6839835,0.98888916,-0.80365795,0.08530651,-0.50414705,0.25539708,-0.3031235,0,chr15:76185720:transverse_colon:0,TN,0
5.0001607,2.4299338,0.11259613,-1.1333749,-0.8511259,-0.4934635,-0.83222115,0.19863893,0.07111908,0.022388479,1,chr11:60251676:tibial_artery:0,TP,1
-2.9837143,1.307882,0.06743414,0.23612736,1.1177036,-0.3519239,-0.096146345,-0.070356935,0.27617523,-0.11220293,0,chr5:43482712:transverse_colon:0,TN,0
5.7928886,0.7728145,-0.13873008,-0.14662488,-0.12580433,-0.17079863,-0.10332618,-0.107265174,-0.43306127,-0.19078055,1,chr6:29705705:gastroesophageal_sphincter:0,TP,1
-2.083016,0.111113794,0.31731036,0.19022198,0.004802601,0.36341116,-0.02385645,-0.06419579,-0.53514457,-0.62544906,1,chr13:20489384:transverse_colon:0,FN,0
4.396363,-0.48766878,-0.13439876,0.13660486,0.50231725,-0.68801165,0.6353248,0.35080472,0.15416655,-0.09804176,1,chr5:127014548:transverse_colon:0,TP,1
-1.0146412,0.5953022,-0.38820472,-0.31703904,0.48385108,0.20242132,0.5615276,0.010297793,0.20434403,0.5190679,0,chr10:64376359:transverse_colon:0,TN,0
-2.9630902,-0.19861399,-1.3393526,0.42079446,-0.6188477,-0.7244729,-0.62715113,-0.37103772,0.6654128,0.19293553,0,chr15:62391807:gastrocnemius_medialis:0,TN,0
-2.083016,0.111113794,0.31731036,0.19022198,0.004802601,0.36341116,-0.02385645,-0.06419579,-0.53514457,-0.62544906,1,chr13:20489384:tibial_artery:0,FN,0
-2.2081432,1.6461161,-0.99922824,0.37244207,-1.7916226,0.7102704,-0.043035362,-0.44846088,-0.036684703,0.020742023,0,chr16:67816625:spleen:0,TN,0
6.0165586,0.22701114,-0.028487913,0.11678945,0.33539456,-0.4970742,-0.24670504,-0.12414292,-0.24212953,-0.16685426,1,chr8:13655256:esophagus_squamous_epithelium:0,TP,1
-3.2297246,-0.34968552,-0.4784835,0.4053314,-0.535025,-1.1971074,-0.42752138,0.020624975,-0.016339853,-0.4316841,1,chr17:49764139:tibial_artery:0,FN,0
-0.9283092,-1.8104229,0.39910853,-0.093689,-0.4289253,-0.4889062,0.054982584,0.63516384,-0.97583133,1.3425006,0,chr22:50244435:upper_lobe_of_left_lung:0,TN,0
-0.92243,-1.425748,2.0959876,-0.7226784,-0.42567196,-0.49872953,0.8369472,0.18451807,0.90947366,-0.16994011,0,chr19:122313:transverse_colon:0,TN,0
-3.0323727,-0.107132144,-1.644,0.2919997,-0.33693597,0.017787961,-0.28929818,0.15686464,0.46483997,0.28521442,0,chr19:35248016:adrenal_gland:0,TN,0
-2.6526656,2.3416793,0.56914705,0.20262666,0.6011736,0.09240583,-0.07200924,-0.7573333,0.21526676,0.20541672,0,chr9:72352699:tibial_artery:0,TN,0
-0.30789122,-2.11081,-1.7943587,1.2725778,0.011995266,0.2868787,-0.12987615,-0.21453755,-0.023768345,0.07823651,1,chr3:136195872:gastrocnemius_medialis:0,FN,0
-2.8919704,0.91919553,-1.3003348,0.13438572,-0.8911284,0.18021545,-0.5192037,0.10377524,0.16976234,0.16178332,1,chr11:1652791:sigmoid_colon:0,FN,0
5.0001607,2.4299338,0.11259613,-1.1333749,-0.8511259,-0.4934635,-0.83222115,0.19863893,0.07111908,0.022388479,1,chr11:60251676:adrenal_gland:0,TP,1
5.6115766,1.2073463,0.099057086,-0.8963103,-0.33509856,-0.6656288,-0.28531483,0.45317066,-0.0007790342,0.1687065,1,chr2:86221296:sigmoid_colon:0,TP,1
-0.67015076,-0.7321494,1.6689104,-0.5355078,-0.33026078,-0.099716224,0.8475094,-0.3828556,0.29377347,-0.15356274,0,chr12:92950033:transverse_colon:0,TN,0
-3.3224933,0.5750483,-0.5146498,0.53383833,0.15951227,-0.857294,-0.5097069,-0.86215335,0.12628445,0.056889065,0,chr5:157731317:adrenal_gland:0,TN,0
-2.9197915,-0.3519454,-1.1374183,0.119872876,-0.53193784,-0.04216641,-0.06773627,0.11114868,-0.081694715,-0.07659839,0,chr6:125153992:upper_lobe_of_left_lung:0,TN,0
-1.7702913,1.2655925,-0.66470647,0.47163072,-0.30657396,0.73547924,0.1484781,-0.34080726,-0.11922391,0.04426739,0,chr9:98998958:Peyers_patch:0,TN,0
-1.8567472,-1.67557,0.8104285,0.879777,-0.11288158,-0.106161654,-0.14764564,0.66425294,-0.947654,0.4548405,0,chr14:92456555:transverse_colon:0,TN,0
-2.0805042,1.5786145,2.1028557,0.47607613,-0.93714875,0.27877045,0.059364554,-0.35007846,0.43545365,-0.46260232,0,chr6:26173538:thoracic_aorta:0,TN,0
-2.2789938,0.99237686,0.9719086,0.04342762,0.22954696,0.47153977,-0.37240243,-1.0216241,0.29512554,-0.080722764,0,chr16:33058162:upper_lobe_of_left_lung:0,TN,0
-3.1254783,1.8210521,-0.6161684,0.4875127,0.27079442,-0.4377943,0.27550265,1.0229567,0.30327657,0.40141934,0,chr6:144284220:esophagus_squamous_epithelium:0,TN,0
-2.2248538,-1.3074683,1.05231,-0.16930506,-0.48318207,-0.8157264,0.040989064,-0.13549586,-0.6294722,0.018821107,0,chr2:22980262:body_of_pancreas:0,TN,0
5.351921,1.0659748,-0.5084616,-0.5259339,-0.7975022,-0.39772302,-0.08895053,-0.22847113,0.0463206,-0.5365684,1,chr9:42852316:upper_lobe_of_left_lung:0,TP,1
-2.5184214,-1.9500316,1.2898915,0.2671791,0.06896559,-0.21815908,-0.25224182,0.35911995,-0.37180674,-0.11402617,1,chr2:110446543:tibial_artery:0,FN,0
-2.551121,-0.34520176,2.057021,-0.37254432,-0.53560895,0.040549286,-0.14730267,-0.51881707,-0.15425491,0.35426384,0,chr4:38783176:tibial_artery:0,TN,0
-3.0956326,0.052599862,-0.669005,-0.13187517,-0.14230892,0.039608885,-0.5734318,0.06056785,-0.14202666,-0.037112683,0,chr13:33610826:adrenal_gland:0,TN,0
2.5718126,-0.5735111,0.95364404,-1.0500339,0.07925674,-0.5604019,1.5703341,-0.05300199,0.67528087,1.0422926,1,chr22:35043457:Peyers_patch:0,TP,1
-2.5090597,1.2105618,-0.79410756,0.27812707,0.11192017,0.28967974,0.18463922,0.69311357,-0.050857786,0.15564345,0,chr12:117025584:esophagus_muscularis_mucosa:0,TN,0
1.5178608,-2.928821,1.4437306,1.2707382,0.4485836,0.5551097,-1.3104903,2.1792276,1.0950907,-0.22656278,1,chr8:44636977:body_of_pancreas:0,FN,0
-1.8669046,-1.7684573,-1.6975985,0.4717871,-0.36889005,-0.7720979,0.08941099,0.14368385,0.4705537,0.101453885,0,chr11:119728930:upper_lobe_of_left_lung:0,TN,0
-2.4938278,2.2064083,0.29658684,0.10005513,0.95947427,0.40418136,0.25440496,0.25834778,0.20496786,0.58726704,0,chr6:87393430:testis:0,TN,0
-1.8741933,0.1413544,-1.0436502,-0.3366986,0.13124442,1.417377,0.09571789,0.92654735,0.22157459,-0.06888843,1,chr12:3658553:prostate_gland:0,FN,0
3.7954488,0.9323052,-0.06527419,-0.4570142,-0.44906017,0.84719145,0.47857955,0.0807637,0.3956119,-0.22749224,1,chr6:131199853:thoracic_aorta:0,TP,1
-1.8741933,0.1413544,-1.0436502,-0.3366986,0.13124442,1.417377,0.09571789,0.92654735,0.22157459,-0.06888843,1,chr12:3658553:upper_lobe_of_left_lung:0,FN,0
3.9189148,-0.36549592,-0.2100392,-0.86542016,0.2171006,1.1230848,-0.7313168,-0.8392521,-0.09453949,0.33449998,0,chr4:108572789:stomach:0,FP,1
-2.047417,-2.3685758,-0.24698725,0.38820088,-0.50455725,-1.016044,-0.2794381,0.32216418,-0.9615674,0.6047071,0,chr6:13711046:gastroesophageal_sphincter:0,TN,0
1.2950064,-0.37221986,-1.2747362,-1.5246847,-0.32261312,0.60666907,1.1962703,0.4460461,0.07620182,1.6562556,1,chr9:83219889:esophagus_muscularis_mucosa:0,TP,1
-2.4333007,-0.526172,0.32998556,-0.49447814,0.6135918,-0.040460143,-0.123901196,-0.16300163,-0.52441835,-0.24911237,0,chr20:404407:body_of_pancreas:0,TN,0
5.192261,1.455933,0.28548783,-0.85303974,0.124393284,-0.8496021,-0.124152906,-0.02683436,0.39707538,0.44473496,1,chr7:67176863:prostate_gland:0,TP,1
-2.033325,-0.7931244,1.8073175,-0.40053356,0.31816983,-0.44959778,0.21301425,-0.81319743,-0.34191546,0.5309165,0,chr17:69525822:Peyers_patch:0,TN,0
5.534416,1.374139,0.23412856,-0.65056425,-0.115566574,-0.5906626,-0.5309001,-0.058578704,-0.05027775,-0.84182125,1,chr17:43360656:esophagus_muscularis_mucosa:0,TP,1
-2.0710502,-2.2435527,0.93028265,0.03231765,0.5617488,0.13062991,-0.013730606,0.061364554,-0.1166293,0.24394435,0,chr18:49448059:spleen:0,TN,0
-3.0378585,-0.8773886,-0.55482376,0.32844955,-0.081887536,-0.808478,-0.8095801,-0.82750374,0.40977862,0.35798758,0,chr19:8513975:upper_lobe_of_left_lung:0,TN,0
5.792278,-0.3573606,0.46583977,1.2936356,0.49977046,0.14118679,-0.12193215,-0.057053726,-0.454539,0.20548084,1,chr15:24767525:suprapubic_skin:0,TP,1
-2.6797535,0.7887557,-0.95883507,0.6728416,0.38946396,-0.2578653,0.8911063,1.1661415,-0.1810388,0.17225371,0,chr9:127562119:tibial_nerve:0,TN,0
-0.5642969,0.6504344,-0.3778959,-0.2036837,-0.26023746,1.6287233,-0.39437798,0.24641043,0.06692799,0.48241127,0,chr12:20946859:upper_lobe_of_left_lung:0,TN,0
3.2418022,-2.328975,-0.35871834,2.1596754,0.6363584,1.0311574,0.016111154,-1.1253208,0.58986413,-0.15998493,1,chr9:66270561:spleen:0,TP,1
5.7531967,0.36723307,-0.4844165,-0.31029898,-0.051451188,-0.12809196,-0.23108234,-0.06574513,-0.1268893,-0.06456317,1,chr12:121918386:body_of_pancreas:0,TP,1
-2.5405731,-0.15740393,0.9375884,-0.6293527,0.46307838,-0.29315847,0.25134873,-0.8775205,0.35186845,-0.42990753,0,chr17:49032635:body_of_pancreas:0,TN,0
-3.1292217,1.0558586,-0.60890603,-0.63495845,-0.100382626,-0.32428724,-0.7846039,0.092077486,0.33146712,0.11226259,1,chr9:83219701:tibial_artery:0,FN,0
-2.370753,-1.3747874,-1.483197,0.4548914,-0.43343887,-1.2389528,-0.14600216,0.16450961,0.6162412,0.3046754,0,chr7:55019086:tibial_nerve:0,TN,0
-3.349128,0.41472214,0.52025163,-0.52669626,0.8965712,-0.36899832,0.3384091,-0.06881234,0.01710625,-0.20149097,1,chr12:90978516:Peyers_patch:0,FN,0
-1.1878128,-1.2309964,-0.39724883,-0.35579014,0.3526622,-0.07692484,1.3337104,1.1553186,-0.32705423,0.5006694,0,chr22:20953099:body_of_pancreas:0,TN,0
-2.8632739,-0.12609749,-1.3800396,0.62316036,-0.37323117,-0.84251606,-0.32983783,0.2719592,0.4423747,0.37650415,0,chr10:136159:tibial_nerve:0,TN,0
4.928322,-0.3761019,-0.18242007,0.16189572,0.67861706,-0.53827316,0.051317953,-0.99238837,0.27340186,-0.8544783,0,chr16:85522896:transverse_colon:0,FP,1
-2.7573268,1.9344326,-0.313981,0.06834873,-0.047664154,-0.039539684,0.30891165,0.6704594,-0.20417418,0.018171303,1,chr8:94357326:upper_lobe_of_left_lung:0,FN,0
1.0431731,-1.5432361,0.81193614,0.27704284,-0.5740077,-0.105519645,0.15083876,0.37146297,-1.2854257,2.0486715,1,chr19:45678133:body_of_pancreas:0,TP,1
5.689396,1.3547865,-0.085265666,-0.66871834,-0.16628073,-0.45431626,-0.625883,0.26207414,-0.2519635,-0.2874554,1,chr10:96641123:gastroesophageal_sphincter:0,TP,1
-1.4015695,-0.3819498,1.4528,-0.24514642,-0.27061406,0.548038,0.40804085,0.27905536,-0.024958776,-0.56554705,0,chr5:81574764:body_of_pancreas:0,TN,0
-1.4370843,-0.4848384,-1.2989298,-0.06706769,-0.8480642,0.6244843,-0.71230036,-0.40575016,0.74317217,0.31749326,1,chr3:142596466:body_of_pancreas:0,FN,0
3.2418022,-2.328975,-0.35871834,2.1596754,0.6363584,1.0311574,0.016111154,-1.1253208,0.58986413,-0.15998493,1,chr9:66270561:prostate_gland:0,TP,1
-1.5161518,-1.3913059,1.1680218,-0.56716675,-0.35341635,-0.5964148,0.22280332,-0.3352872,0.32567868,0.1387442,1,chr19:38623437:body_of_pancreas:0,FN,0
-2.991247,1.562832,0.20599154,0.07652142,0.89370805,0.087586835,0.21077746,0.33652034,0.25956622,-0.07314473,0,chr4:54999243:thyroid_gland:0,TN,0
-3.0805395,0.5376247,0.22582734,0.7384562,0.20816574,-0.34751505,-0.06176898,0.11734041,-0.6377478,-0.12404202,0,chr2:65686952:body_of_pancreas:0,TN,0
5.2308965,0.09858932,0.42486215,-0.7555484,0.2337735,-0.2748324,-0.412344,0.5303493,0.46962658,-0.047711592,1,chr7:142521135:tibial_nerve:0,TP,1
-1.6652575,-1.5155638,-1.6921282,0.49035588,-0.7867691,-1.1042104,0.11173595,0.119273536,0.0774835,-0.44310105,1,chr8:28701937:upper_lobe_of_left_lung:0,FN,0
-1.5601828,0.8985888,1.8898214,1.275772,-1.0628233,-0.33010566,0.046470016,0.25079805,0.1337346,0.16711822,1,chr10:86410439:body_of_pancreas:0,FN,0
3.0747619,-2.5639198,1.1561257,0.8619982,0.6449613,0.60636604,0.3474958,0.29517803,0.15010971,0.37794805,1,chr9:33798018:body_of_pancreas:0,TP,1
-0.93788046,-0.069137745,1.1690577,-0.15740877,-1.1779072,-0.3045166,0.6112953,-0.67843336,0.14881131,0.16493018,0,chr19:10564657:body_of_pancreas:0,TN,0
-1.4259969,-0.70424604,-0.71694124,0.3485676,0.43530726,1.2288469,-1.0136554,-1.1341302,-0.11403972,0.39942187,1,chr19:45427778:sigmoid_colon:0,FN,0
2.935348,-0.49598598,1.3808972,-0.9841615,-0.36079976,-0.010179609,-0.14601028,0.4600773,1.2306888,-0.5292499,1,chr17:81176879:tibial_artery:0,TP,1
1.5705814,0.1797725,0.88361186,1.9607098,-0.43313494,0.51446307,0.56780386,0.01473772,0.93252826,-0.08176933,1,chr19:4511877:body_of_pancreas:0,TP,1
-1.5669549,0.662908,0.86677086,-0.29344147,0.28482568,0.77717084,-0.054488804,-1.0753578,0.4731715,0.08127167,0,chr4:102604773:Peyers_patch:0,TN,0
5.4376097,-0.59811294,-0.26138514,1.2291099,0.16397358,0.1616654,0.78124523,-0.9241033,-0.4497135,-0.745366,1,chr7:73725711:adrenal_gland:0,TP,1
3.7954488,0.9323052,-0.06527419,-0.4570142,-0.44906017,0.84719145,0.47857955,0.0807637,0.3956119,-0.22749224,1,chr6:131199853:body_of_pancreas:0,TP,1
0.7467665,0.28888875,1.5740417,1.1837447,-0.862875,0.46202487,0.14764293,-0.112821065,0.78083485,0.2879082,1,chr16:13187058:body_of_pancreas:0,TP,1
0.9043589,-1.9038024,0.7076223,0.8116296,0.30423793,-0.03430208,0.873047,0.8477918,1.9851643,-0.55460894,1,chr21:5321015:gastroesophageal_sphincter:0,FN,0
-3.2962427,-0.12360744,-0.25220627,0.050633214,0.5920787,-0.23218243,-0.7719107,-0.4180449,-0.09677387,-0.27453092,0,chr22:50542613:upper_lobe_of_left_lung:0,TN,0
-1.5550003,-0.035231203,1.5754807,0.6817513,-0.89148444,0.28798863,0.8748302,0.4833998,0.8653949,-0.10229452,1,chr6:30815926:testis:0,FN,0
-2.4299788,0.72899824,0.1425608,0.56629956,1.0988169,-0.46032128,0.3191293,-0.10672486,0.025015125,-0.1867247,0,chr4:21512796:body_of_pancreas:0,TN,0
-1.641656,-0.40904585,0.66259706,-0.7303864,1.0936308,0.41161448,-0.5798341,0.57151276,0.3405247,-0.75357926,1,chr2:105345245:esophagus_squamous_epithelium:0,FN,0
-2.8495142,1.3396899,-0.10639356,0.709698,0.98423827,-0.4382766,0.011856331,-0.0047027925,0.11539013,-0.06067436,0,chr6:13397911:transverse_colon:0,TN,0
5.7928886,0.7728145,-0.13873008,-0.14662488,-0.12580433,-0.17079863,-0.10332618,-0.107265174,-0.43306127,-0.19078055,1,chr6:29705705:esophagus_squamous_epithelium:0,TP,1
4.872941,1.2519455,-0.25381142,0.12404774,-0.84717834,0.19917917,0.30663118,-0.08470208,-0.23454887,-0.7434269,1,chr17:50931916:body_of_pancreas:0,TP,1
5.0001607,2.4299338,0.11259613,-1.1333749,-0.8511259,-0.4934635,-0.83222115,0.19863893,0.07111908,0.022388479,1,chr11:60251676:suprapubic_skin:0,TP,1
0.18638335,0.46255606,-0.18437755,-1.0506785,0.8645717,0.8189505,-0.6866143,-0.54662013,-0.3297587,0.18130803,0,chr2:71299493:thoracic_aorta:0,TN,0
4.2655544,-1.1588218,-0.6769955,0.60207224,0.6234405,0.3192457,1.0989224,0.45938903,-0.11257439,-0.6450221,0,chr10:5548966:body_of_pancreas:0,FP,1
-1.802141,1.946656,0.00863966,-0.65415597,0.8937239,0.8424822,-0.51336807,-0.32724732,0.07036896,-0.0015996745,0,chr4:38804840:thoracic_aorta:0,TN,0
4.108492,-0.3114631,-0.47050607,-0.9476191,-0.6225793,-0.19047636,0.69847995,0.40543377,0.5863243,-0.53129333,1,chr3:125766003:spleen:0,TP,1
-0.922335,-1.3873252,0.97736895,-0.91813165,0.48189846,0.18681733,-0.08999245,-0.16973817,-0.27891693,-0.23716615,0,chr7:120792051:esophagus_squamous_epithelium:0,TN,0
-2.5930803,0.2050772,-0.58383507,-0.15547718,0.77135545,0.23879226,-0.4360514,-0.23800296,0.5377981,-0.24077286,0,chr17:66737621:upper_lobe_of_left_lung:0,TN,0
3.7109988,-2.632601,0.15243538,0.19903798,1.1909732,-0.8181218,1.2816273,0.43776995,1.4125054,-0.2643456,0,chr21:10758794:Peyers_patch:0,FP,1
5.7284875,0.70632106,-0.14104915,-0.23068254,-0.013828839,-0.42951536,-0.600347,-0.2270844,-0.0022719512,0.4653152,1,chr3:75723672:Peyers_patch:0,TP,1
-3.6773403,1.4382759,-0.39312118,0.44775328,0.17015198,-0.72858024,0.16793916,0.2880345,-0.30785954,0.20206062,1,chr2:234135669:spleen:0,FN,0
-3.020229,0.07795868,-0.8943734,0.30897093,-0.83088183,-1.4632004,-0.75518364,-0.49297777,0.8253431,0.38137764,0,chr13:26557550:tibial_nerve:0,TN,0
-2.9762475,-0.4713046,-0.09273701,-0.08070769,1.1654769,0.10353932,-0.07103435,0.23642857,-0.7319397,0.29565075,0,chr8:86044371:tibial_artery:0,TN,0
-3.1938746,-0.6918034,-0.38483793,0.057745244,0.98741984,3.793009e-05,-0.8176878,0.1887329,-0.3524617,-0.2077294,0,chr1:235417411:tibial_artery:0,TN,0
6.0915437,-0.79753655,0.20252372,1.1437899,0.52627116,-0.14373997,-0.095106296,0.08949767,-0.54030335,-0.03997883,1,chr5:5816786:prostate_gland:0,TP,1
4.5184436,-0.5517363,-0.5836405,-0.9026128,0.115481056,-0.5541026,0.94641006,0.15075505,1.036022,-0.26822123,1,chr10:47380851:body_of_pancreas:0,TP,1
-1.566315,0.65524316,-0.5839973,-0.038275134,-0.86383545,0.080026664,1.5599835,0.09547814,-0.43678525,-0.12863988,0,chr16:89505406:upper_lobe_of_left_lung:0,TN,0
-3.3839154,1.5607699,0.1703714,0.072448745,0.24408504,-0.6646714,0.029924331,-0.3789049,-0.122966014,-0.17244005,0,chr10:18234045:body_of_pancreas:0,TN,0
-0.9781567,-2.1403291,-0.016480695,-1.3951492,-0.5788944,-0.33318606,0.85056293,0.14964904,-0.36732817,-0.3706644,0,chr12:110698653:transverse_colon:0,TN,0
-1.6696881,-0.10529176,-0.26339632,-0.26045373,0.40979975,1.008913,-0.35813186,0.48039585,-0.2575282,-0.4040427,0,chr5:160685485:transverse_colon:0,TN,0
5.881639,0.7711173,0.05387432,-0.021047037,0.07906476,-0.07499302,-0.44783548,0.084743604,-0.4640773,0.02891728,1,chr11:86939404:thoracic_aorta:0,TP,1
4.8479843,0.39222816,0.19204538,-0.28114447,0.3879661,-0.07946701,0.39924964,0.25784132,-0.05114364,0.038914744,1,chr7:142752409:body_of_pancreas:0,TP,1
4.9809103,0.1587337,0.43913704,-0.1876561,0.9759702,-0.5019929,-0.07974694,-0.7071971,0.49692297,0.8459395,1,chr17:62719660:thoracic_aorta:0,TP,1
5.192261,1.455933,0.28548783,-0.85303974,0.124393284,-0.8496021,-0.124152906,-0.02683436,0.39707538,0.44473496,1,chr7:67176863:gastroesophageal_sphincter:0,TP,1
5.4309797,-0.6529015,-0.25026435,-0.331988,0.556183,-0.88600266,0.24582352,-0.10061475,0.38458702,1.0849184,1,chr19:7799767:esophagus_squamous_epithelium:0,TP,1
-1.2201399,-0.83966404,1.3695068,-1.3230082,0.89785445,0.60534745,-0.09788561,-0.51224494,0.396664,-1.2391725,0,chr14:39289929:body_of_pancreas:0,TN,0
-2.9250126,-0.9794786,0.25878024,0.032308925,-0.018849622,-0.073125176,-0.7267307,-0.38637978,0.222851,0.022919077,0,chr17:13018327:esophagus_squamous_epithelium:0,TN,0
-1.1005017,-0.07210999,-0.5231582,-0.6379441,0.33555815,-0.024701916,0.72137606,0.39075062,-0.093035795,0.24799332,1,chr4:2713690:body_of_pancreas:0,FN,0
5.3090596,0.80810845,-0.0913525,-0.44393593,0.055192653,-0.32938677,-0.3514067,-0.5630184,0.013817621,0.42171952,1,chr12:9283691:esophagus_muscularis_mucosa:0,TP,1
-2.6897764,0.115084775,-0.2826018,0.7314302,0.726096,-0.25493404,-0.47926196,0.34015092,-0.19464518,-0.45046997,0,chr20:57545214:transverse_colon:0,TN,0
0.042758323,-1.946631,0.44616655,-1.296214,-1.1881745,0.1368707,0.2825409,-0.018950082,-0.6679982,0.8043479,1,chr22:20592014:prostate_gland:0,FN,0
5.195432,2.0146275,-0.020318775,-0.764568,-0.64181435,-0.56413615,-0.496761,-0.13024324,-0.14192887,-0.6934738,0,chr12:125683924:body_of_pancreas:0,FP,1
-2.1016366,-0.586767,1.9367526,0.43020937,-0.22256866,0.14945705,0.0798197,-0.34004742,-0.39368126,0.2780561,1,chr20:62837970:transverse_colon:0,FN,0
-3.0222602,2.4438052,-0.02401568,0.75551426,0.8321643,0.25702655,0.20477875,0.46494967,-0.010279738,0.115122385,0,chr15:55917969:Peyers_patch:0,TN,0
-1.9436172,-0.3571488,2.3987916,0.28818995,0.045107935,-0.07247521,0.3813803,-0.7794851,0.08677039,0.26681423,1,chr8:109217625:body_of_pancreas:0,FN,0
-0.79090923,-1.072219,0.11804104,-0.68035895,-0.68470275,-0.4231871,0.39450988,0.049426295,-1.0349854,1.3313893,1,chr11:65552279:Peyers_patch:0,FN,0
-2.5779843,-0.50213206,1.9434152,0.36875638,-0.6468928,0.11160607,-0.15399547,0.31297955,0.25499642,-0.80016506,0,chr15:54769246:body_of_pancreas:0,TN,0
-1.4024985,-2.0729218,0.8817836,-0.77762836,0.5996223,-0.06968599,-0.9470431,0.22102779,-0.109257706,-0.23847072,0,chr17:32925352:body_of_pancreas:0,TN,0
-2.1813,-0.11615913,-1.4281343,-0.047523133,-1.3503917,-0.5289385,0.3437468,-0.5345253,0.05128225,0.55276406,0,chr17:81519038:body_of_pancreas:0,TN,0
5.445553,-0.15875404,0.33294854,0.52991295,0.43650472,0.18216196,-0.0771057,-0.3543891,-0.19147088,0.13036026,1,chr14:30690707:spleen:0,TP,1
-2.373981,-1.2644405,-0.06493711,-1.1864538,-0.0100518335,-0.8889862,0.9179029,0.0038816542,0.10057841,-0.5444055,1,chr16:11259072:body_of_pancreas:0,FN,0
-2.6602077,-0.33163092,-0.025066925,0.040451333,0.020258509,0.023658073,-0.42135116,-0.56892943,-0.5914966,0.117216356,0,chr19:38268301:body_of_pancreas:0,TN,0
-2.518561,-0.7923735,0.6981804,-1.6227994,-0.17490393,-0.32045102,0.0071876682,-0.53213215,0.088461824,-0.9991519,1,chr8:41651698:thoracic_aorta:0,FN,0
0.25930306,0.58846146,1.4888113,0.17443113,-1.1711999,-0.074012585,0.6040392,-0.56805813,0.980301,-0.48270777,1,chr6:30815321:body_of_pancreas:0,FN,0
-2.484298,0.949137,1.4464151,0.4874227,-0.56374943,-0.16202074,0.24566177,-0.5307679,0.5440532,-0.035463206,1,chr6:137697537:transverse_colon:0,FN,0
-0.21265005,-0.12276702,-1.1308217,0.9547062,-1.1753011,1.0609945,0.46023002,-0.28404215,-0.45860273,-0.2985279,1,chr5:671854:body_of_pancreas:0,FN,0
-1.1638979,1.105031,2.262792,0.8895653,-1.3874364,0.14957865,0.4317508,-0.28984717,0.31441426,0.1350419,1,chr8:30230823:thoracic_aorta:0,FN,0
-2.9488175,0.71352416,1.6688683,0.36436576,-0.70105016,-0.46816897,0.07410108,-0.49078017,-0.29211015,-0.004456854,0,chr16:19899851:adrenal_gland:0,TN,0
-2.7079906,1.9419115,0.008505036,0.15985033,-0.37505898,0.32386163,0.1308937,-0.28139973,-0.47653183,-0.16335435,0,chr8:17349423:upper_lobe_of_left_lung:0,TN,0
2.5648482,1.6542543,-0.018428095,-0.58266497,0.030470341,1.4668405,-0.86394894,-0.78385675,0.04097844,1.4168442,1,chr5:123274158:tibial_nerve:0,TP,1
-2.877792,0.27667728,2.2571013,0.16354598,-1.1962407,-0.15711442,0.13248584,0.35238177,0.60191625,-0.8227583,0,chr7:144335661:upper_lobe_of_left_lung:0,TN,0
5.5659657,-0.33414635,-0.22680098,1.2762839,0.35746178,0.29381737,0.056751873,-0.7831146,-0.7489034,-0.39755377,1,chr2:67906552:suprapubic_skin:0,TP,1
5.90837,0.16492598,0.56623924,0.8208895,0.33191448,-0.61889803,-0.48854306,0.41082937,-0.2421341,0.62320435,1,chr3:75785547:esophagus_muscularis_mucosa:0,TP,1
-2.7516794,0.29258937,0.028663645,0.47738242,0.8224903,-0.37363517,-0.31478336,-0.27509966,-0.09927139,-0.20896181,0,chr2:68834711:transverse_colon:0,TN,0
-1.4345337,0.9409919,1.6275218,1.4939615,-0.7473898,-0.5494546,0.124444105,-0.2278646,-0.009966812,0.11683431,1,chr20:60884699:body_of_pancreas:0,FN,0
5.0001607,2.4299338,0.11259613,-1.1333749,-0.8511259,-0.4934635,-0.83222115,0.19863893,0.07111908,0.022388479,1,chr11:60251676:prostate_gland:0,TP,1
0.6098041,1.5511625,-0.93648154,-0.21797688,-1.3408902,0.9346124,0.6125746,-0.06954312,-0.46964598,0.20677218,1,chr7:38368307:transverse_colon:0,TP,1
-2.5079467,0.53545463,0.3004585,-0.5647704,0.31070802,0.021293996,0.07567565,-1.1727159,0.050217286,0.24969321,0,chr15:82365725:upper_lobe_of_left_lung:0,TN,0
-2.7937026,-0.32464463,-0.47544265,-0.030641256,0.04501354,-0.8628496,0.5378962,-0.18564618,-0.64249414,-0.39190343,1,chr17:21422450:transverse_colon:0,FN,0
-2.7432528,0.33764204,-0.2669654,-0.5347737,0.017179498,-0.02970471,0.59103507,1.2619027,-0.28396267,0.21700048,0,chr5:151316162:gastroesophageal_sphincter:0,TN,0
-1.4259974,-0.7042454,-0.71694016,0.3485664,0.4353072,1.2288471,-1.0136557,-1.1341302,-0.11403971,0.39942092,1,chr19:45427778:esophagus_squamous_epithelium:0,FN,0
5.437609,-0.59811187,-0.2613853,1.2291099,0.16397345,0.1616666,0.7812453,-0.9241024,-0.44971234,-0.7453668,1,chr7:73725711:testis:0,TP,1
-0.38776305,-2.843467,0.5506459,0.27834126,-1.1145247,-0.57198024,-0.0084058745,0.30384737,-1.1137465,1.0882881,1,chr9:33447548:transverse_colon:0,FN,0
2.890866,-1.7473865,-2.3780787,0.37987447,-0.750676,-0.526791,0.9296158,-0.5161316,0.48930347,-0.43353587,0,chr19:51689166:sigmoid_colon:0,FP,1
0.79961115,-1.316811,0.28906327,0.41301653,-0.2542051,0.514595,0.22023183,0.6144489,-1.0439062,0.5279744,1,chr6:170165633:thoracic_aorta:0,TP,1
-1.0107943,-0.89986223,0.28064626,0.20379889,1.190407,-0.13674444,0.64677036,0.307132,0.03538876,-0.12857494,1,chr4:57612418:transverse_colon:0,FN,0
-2.3257189,-1.5152355,-0.04573601,-1.0636116,-0.09571922,0.17734568,-0.553476,-0.0638365,-1.149437,-0.69195837,1,chr7:22550492:esophagus_squamous_epithelium:0,FN,0
4.688691,3.0236764,0.36379516,-0.9719608,-0.7178983,-0.88774,-0.7595117,-0.01331318,-0.25904423,-0.44037232,1,chr14:106468932:transverse_colon:0,TP,1
-2.518561,-0.7923735,0.6981804,-1.6227994,-0.17490393,-0.32045102,0.0071876682,-0.53213215,0.088461824,-0.9991519,1,chr8:41651698:gastrocnemius_medialis:0,FN,0
-0.67879367,-1.7938604,-0.07120627,-1.4832467,1.6024178,0.32987127,-0.22105764,-0.048664298,-0.48673952,0.79031837,1,chr11:19980954:esophagus_squamous_epithelium:0,FN,0
4.669205,-0.9829758,-0.03963187,0.26484582,0.30372712,0.33308333,-0.35951674,0.07777346,0.30316877,0.4533093,0,chr5:53201806:upper_lobe_of_left_lung:0,FP,1
-3.132146,1.9666711,0.1196875,0.47042504,1.0223678,0.11087363,-0.10428454,-0.19850099,0.48194227,0.1617079,1,chr19:56254090:prostate_gland:0,FN,0
-2.328066,1.7609493,-0.1895137,0.42318982,0.62642163,0.3265501,-0.074819,-0.59832555,0.0112192,0.046191067,1,chr17:70622547:body_of_pancreas:0,FN,0
0.41066766,0.64790344,-1.0611392,-0.21284331,-1.6917579,0.60978293,1.2287465,0.18377244,-0.6972258,-0.93970406,0,chr19:4449412:gastroesophageal_sphincter:0,FP,1
-1.6073898,1.0024153,-0.66330194,-0.7407855,-1.3970761,0.16307929,0.4579895,-0.044718683,-0.32057917,-0.15648411,0,chr10:119206480:tibial_artery:0,TN,0
0.26544425,-0.57493776,-1.0352397,0.09652232,0.037693862,-0.23201922,0.55058146,0.5547992,0.3530272,-0.16574478,1,chr11:78417000:prostate_gland:0,FN,0
-2.554803,-0.4329581,-0.30481827,-0.49626154,-0.29243854,-0.75599,0.42424807,-0.2905888,-0.29692635,-0.12343628,0,chr1:41283218:body_of_pancreas:0,TN,0
-1.8812528,-0.9279504,1.4917334,-1.2484527,0.75545126,-0.035591766,0.057258017,-1.0055238,0.15963705,-0.09025272,0,chr1:94463928:upper_lobe_of_left_lung:0,TN,0
-2.97756,-1.827511,0.41585147,-0.22492926,0.4852116,-0.16663267,-0.57776034,-0.061526127,-0.52695256,-0.107048035,0,chr2:3424736:transverse_colon:0,TN,0
-3.07921,1.0390726,-0.2194762,-0.32007766,0.784744,-0.11001461,-0.22399202,0.58892864,-0.18765806,-0.1214823,0,chr12:20681084:tibial_nerve:0,TN,0
-0.97815555,-2.1403294,-0.01648201,-1.3951497,-0.5788937,-0.33318648,0.8505643,0.14964794,-0.36732924,-0.37066388,0,chr12:110698653:esophagus_squamous_epithelium:0,TN,0
-3.2252603,-0.91364,0.81381714,-0.41410643,0.37562186,0.20104152,-0.28560397,-0.21410449,-0.106834784,-0.54054826,0,chr4:112637717:adrenal_gland:0,TN,0
-2.8164997,-0.056538064,0.14298601,-0.15577173,0.8610067,-0.005134501,0.5832574,0.04386937,-0.59098417,-0.11391941,0,chr14:70585409:adrenal_gland:0,TN,0
-3.1546066,1.3149171,-0.07495069,0.57424194,1.1574416,-0.3179627,-0.3397099,0.44333363,0.29098734,-0.2780922,0,chr6:16406191:prostate_gland:0,TN,0
-0.7155776,0.92746043,2.4955828,0.94280916,-1.3933277,0.01634507,-0.13981476,0.35850555,0.5180812,0.20001236,1,chr2:92401043:transverse_colon:0,FN,0
5.6376944,1.1328932,0.08093672,-0.5264079,0.054768078,-0.3136527,-0.20581755,-0.19006245,0.056780428,-0.19892132,1,chr9:75238689:prostate_gland:0,TP,1
5.5710363,0.10392399,-0.16933183,-0.005520961,-0.042707056,-0.1395342,0.24162461,-0.21638976,-0.14954506,0.4716397,1,chr9:129442758:thoracic_aorta:0,TP,1
4.2042413,2.6933532,0.07420185,-1.1777635,-1.3610747,0.030990118,-0.56086755,0.2523224,0.15654626,-0.45401987,1,chr7:63015928:adrenal_gland:0,TP,1
3.2628868,-1.1432976,-0.062091365,-0.49738455,1.0316298,-1.3576349,1.432671,-0.8527919,1.8959454,-1.2569519,1,chr20:29893438:transverse_colon:0,TP,1
5.491511,-0.6815751,0.12002291,0.12404071,0.30475864,0.40818793,-0.47368443,0.45202333,0.45379484,-1.0447093,1,chr17:43360554:Peyers_patch:0,TP,1
3.711544,-0.8469448,0.16837397,0.8106393,-0.3383663,0.6295441,0.7084029,0.46816757,-0.14500728,-0.21344173,1,chr7:155190614:transverse_colon:0,TP,1
-1.4642246,-0.5668163,-0.26670855,0.08132359,0.30626005,1.1887636,-0.92569536,0.19766542,0.2567562,-0.32436842,0,chr1:244971512:lower_leg_skin:0,TN,0
5.445553,-0.15875404,0.33294854,0.52991295,0.43650472,0.18216196,-0.0771057,-0.3543891,-0.19147088,0.13036026,1,chr14:30690707:suprapubic_skin:0,TP,1
4.9331903,1.48207,0.047972202,-0.5967171,-0.20553364,0.52421093,-0.5446189,-0.09617017,-0.14803252,0.13087231,0,chr17:21723750:upper_lobe_of_left_lung:0,FP,1
-3.3482754,1.1567485,-0.15424132,0.18624844,-0.34174782,-0.5890415,0.08345907,-0.3162363,-0.7094362,-0.34613037,1,chr1:109532985:transverse_colon:0,FN,0
-2.7701747,-0.48531562,-1.2679826,0.22844203,-0.71035963,-0.74156827,-0.6212984,-0.14975844,0.3006079,0.22368811,0,chr20:10674862:upper_lobe_of_left_lung:0,TN,0
-2.865276,0.37224343,-0.7162639,0.593548,1.1635358,-0.6628364,0.56271696,1.1266682,-0.14235778,0.5046785,0,chr7:22727025:body_of_pancreas:0,TN,0
-0.9604433,-0.8182227,-0.34530845,-1.0310926,-0.3145955,0.71637756,0.22847417,0.5711439,0.41037273,-0.90754735,1,chr7:155253890:body_of_pancreas:0,FN,0
-0.03637599,-2.6084182,0.076534584,-1.4522876,1.1544724,0.15160555,-0.5906099,-0.22343028,-0.15551536,0.47700796,0,chr14:20682435:upper_lobe_of_left_lung:0,TN,0
5.8418055,-0.13676134,-0.17389819,-0.4479615,0.06491097,-0.2113601,-0.5161583,0.11449855,0.14613405,-0.21179232,1,chr17:43361257:adrenal_gland:0,TP,1
3.2536452,0.54373103,-0.782132,-0.45858636,0.2537188,1.0979561,-1.4227699,0.08109555,-0.078628115,0.088437356,0,chr6:66662320:tibial_nerve:0,FP,1
-2.6569965,0.12013831,-0.64191794,-0.48368433,0.22415915,0.7356574,0.023944153,0.1709571,-0.33553314,-0.14354765,0,chr12:7933199:transverse_colon:1,TN,0
-1.922615,-1.4868102,-0.63831407,-0.3882887,0.34385848,0.82967997,-0.44502145,-0.2544978,0.3155004,-0.2052407,0,chr6:32413694:tibial_nerve:0,TN,0
0.29220095,-2.5351284,-1.9494483,-0.30312723,-1.0919484,-0.468245,0.9104235,-0.13585831,0.19393007,0.89679587,1,chr14:100828072:adrenal_gland:0,FN,0
5.522953,-1.069417,0.42662913,0.056056313,0.65688545,-0.36256194,0.21774538,0.1236518,0.29114532,0.8804386,1,chr11:78081329:body_of_pancreas:0,TP,1
5.5087085,0.4077888,-0.27942574,0.33275536,0.33502573,0.24297686,-0.1385233,-0.52602285,-0.39734817,0.07384111,1,chr7:95686088:transverse_colon:0,TP,1
-2.5448093,-0.48081782,-1.1264347,0.04021649,0.13990937,-0.62138593,-0.36753103,0.3882745,0.14456485,0.09223319,0,chr3:197510147:tibial_artery:0,TN,0
0.32546756,-0.49520025,1.476931,-0.20007706,-1.15261,0.610958,1.1306323,0.3038873,0.40501502,-0.7358321,1,chr11:121379366:body_of_pancreas:0,FN,0
0.284317,1.4056244,-0.6720685,-0.36386287,-1.1981448,1.5784975,-0.3793232,0.36776927,-0.07015935,-0.44973427,1,chr17:879808:adrenal_gland:0,TP,1
-2.1212378,0.28068864,1.769187,0.509709,-1.106515,-0.19850044,0.3345862,-0.20932665,0.7024324,0.082396545,0,chr7:5085799:prostate_gland:0,TN,0
5.929857,-0.2756206,0.51088834,0.5621675,0.56035453,-0.19533886,-0.28741986,0.20371899,0.07295325,0.6483816,1,chr17:22909996:Peyers_patch:0,TP,1
-1.5977638,-1.7648544,0.3506914,-0.698582,0.12747554,-0.60575217,0.63219875,-1.0401697,-0.29434013,0.565157,0,chr19:3545629:spleen:0,TN,0
-2.1055539,-0.9053643,-1.326539,-0.7150618,-1.05633,-0.24795406,-0.050949555,-0.64223284,0.16064,-0.010529283,0,chr2:3379969:suprapubic_skin:0,TN,0
-3.4056654,-0.2631572,-0.20130722,0.3594555,0.33346224,-0.79484874,-0.96788085,-0.20655277,0.44604075,0.10844617,0,chr17:45148226:adrenal_gland:0,TN,0
1.2950064,-0.37221986,-1.2747362,-1.5246847,-0.32261312,0.60666907,1.1962703,0.4460461,0.07620182,1.6562556,1,chr9:83219889:gastrocnemius_medialis:0,TP,1
5.6714764,-0.13392444,0.72877884,0.2321779,0.67745155,-0.34470215,-0.0930225,0.46286824,0.24346702,0.51091653,1,chr17:22856764:prostate_gland:0,TP,1
0.8131207,-2.559672,0.8292085,-0.45914176,-0.7558346,0.82349634,-0.67246294,0.97030777,-1.5488429,0.15242659,1,chr7:22550431:upper_lobe_of_left_lung:0,FN,0
5.742974,0.05578892,0.6449893,0.56962043,0.21192686,-0.19221592,-0.21942858,0.30394247,-0.1360575,0.7085448,1,chr17:22822734:Peyers_patch:0,TP,1
-2.9416137,0.041709494,-0.5573245,0.02238308,-0.33756387,-1.0548053,0.6355234,-0.2656916,-0.27807325,-0.22256596,1,chr2:218069236:gastrocnemius_medialis:0,FN,0
2.5718126,-0.5735111,0.95364404,-1.0500339,0.07925674,-0.5604019,1.5703341,-0.05300199,0.67528087,1.0422926,1,chr22:35043457:transverse_colon:0,TP,1
-1.5019721,-1.445807,1.3436792,-0.8877533,0.0152085405,-0.25445312,0.4184108,-0.4182286,0.18789582,-0.36920413,0,chr6:149943644:gastroesophageal_sphincter:0,TN,0
5.742974,0.05578892,0.6449893,0.56962043,0.21192686,-0.19221592,-0.21942858,0.30394247,-0.1360575,0.7085448,1,chr17:22822734:body_of_pancreas:0,TP,1
4.688691,3.0236764,0.36379516,-0.9719608,-0.7178983,-0.88774,-0.7595117,-0.01331318,-0.25904423,-0.44037232,0,chr14:106468932:adrenal_gland:0,FP,1
-2.9305627,0.6708281,-1.1890593,0.45778582,-0.43506122,-0.057124726,-0.0806672,1.0276327,-0.05128857,0.11868521,0,chr15:100918470:sigmoid_colon:0,TN,0
-1.3458858,-0.7631743,0.58480734,-1.1066068,0.8117176,0.7837598,-0.8590475,-0.48825467,-0.8814759,-0.29325822,1,chr10:4704477:Peyers_patch:0,FN,0
5.938791,0.0117330905,-0.10649433,-0.20510307,0.23684312,-1.1151193,0.25151065,0.2786039,0.10204296,-0.51274985,1,chr7:100966122:upper_lobe_of_left_lung:0,TP,1
-2.6403172,2.0374198,0.26670942,-0.25990495,0.77481157,0.06815096,0.40701038,0.34767133,0.051156793,-0.20685375,0,chr6:32622887:thoracic_aorta:0,TN,0
0.7498017,-0.083376005,0.49043095,0.25083807,-1.1302737,0.37117717,0.36612594,-0.29516128,1.2922051,1.0622318,1,chr19:47436804:upper_lobe_of_left_lung:0,TP,1
-3.3014822,1.586761,0.12747186,0.354075,0.9739302,-0.45367056,-0.32026243,-0.010738753,-0.065682776,-0.6462094,0,chr12:91384363:body_of_pancreas:0,TN,0
-3.4993808,2.0129595,-0.49074903,0.5952824,0.14521296,-0.20080061,-0.56741077,0.5176269,0.03739022,0.0045103654,0,chr20:57558460:transverse_colon:0,TN,0
1.3660437,-0.631796,0.76710546,-0.8349748,0.25409442,-0.6589026,-0.57687205,-0.073268205,-0.6720531,1.2876803,1,chr4:24687610:transverse_colon:0,TP,1
-2.6602924,0.09984123,0.21056138,-0.3445584,0.7075289,-0.02130471,0.2355114,-0.27755594,-0.5315054,-0.12712188,0,chr14:106469920:upper_lobe_of_left_lung:0,TN,0
5.997985,0.07447646,0.22969393,0.27668273,0.25909707,-0.3058364,-0.3608998,0.34914473,-0.1654975,-0.040524896,1,chr17:23044492:prostate_gland:0,TP,1
3.6629243,-0.2788963,0.43507183,0.22305922,0.39535508,0.429961,0.21985812,-0.42391604,0.4418363,1.1692239,1,chr17:43360096:body_of_pancreas:0,TP,1
-2.2451735,1.6077096,-0.09630723,-0.5203192,0.59670043,0.80587244,-0.1868081,-0.22176346,-0.65203726,0.48784223,1,chr9:17531876:testis:1,FN,0
1.6435231,-0.4587717,0.41428843,-1.4647462,-0.8482866,-0.012579328,1.1161498,-0.49680552,0.6683143,0.18749967,0,chr15:92683492:transverse_colon:0,FP,1
5.0001607,2.4299338,0.11259613,-1.1333749,-0.8511259,-0.4934635,-0.83222115,0.19863893,0.07111908,0.022388479,1,chr11:60251676:thoracic_aorta:0,TP,1
0.98072445,-1.4740491,-0.7950212,0.021800054,-0.7998936,0.69293773,-0.5613017,-0.5968406,0.6981936,0.39769927,0,chr19:49929552:upper_lobe_of_left_lung:0,FP,1
6.03064,0.5468609,-0.10262636,-0.3188469,0.09422796,-1.1541351,-0.19705577,0.072596684,-0.067124546,0.10947836,1,chr9:42974893:Peyers_patch:0,TP,1
1.5178608,-2.928821,1.4437306,1.2707382,0.4485836,0.5551097,-1.3104903,2.1792276,1.0950907,-0.22656278,1,chr8:44636977:spleen:0,FN,0
4.688691,3.0236764,0.36379516,-0.9719608,-0.7178983,-0.88774,-0.7595117,-0.01331318,-0.25904423,-0.44037232,1,chr14:106468932:spleen:0,TP,1
-0.7676732,0.73839283,1.940729,0.69114023,-1.2434351,-0.8440301,0.5861298,-0.32226038,-0.43408465,1.0076315,0,chr3:4690257:body_of_pancreas:0,TN,0
-3.1224837,0.5509488,-0.3480517,-0.21023464,0.77494293,0.129296,-0.018319659,0.56653255,-0.00023807463,-0.053471565,1,chr1:53861076:body_of_pancreas:0,FN,0
-2.3261085,-1.1257846,0.87198704,0.1862175,0.2557046,0.26271755,-0.22646262,0.7665602,-0.80995685,0.25337845,0,chr2:112501338:tibial_artery:0,TN,0
-1.1712638,0.29400757,-0.62118006,0.0008269658,0.16107285,0.38520113,-0.25773585,0.11376088,0.12063296,-0.10941908,0,chr1:244834478:thoracic_aorta:0,TN,0
-3.4452202,-0.1921333,-1.1191628,0.5273913,-0.5827977,-0.8523052,-0.6621553,0.15462454,0.5193173,0.20387127,0,chr11:6603667:esophagus_squamous_epithelium:0,TN,0
-2.9912477,1.56283,0.20599099,0.07652192,0.8937085,0.08758753,0.21077666,0.3365206,0.2595657,-0.073144086,0,chr4:54999243:tibial_artery:0,TN,0
5.72352,-0.23319145,-0.2012803,-0.43506,-0.020152377,-0.27035248,-0.42541462,-0.085959256,0.12687142,-0.5274394,0,chr17:43361240:Peyers_patch:0,FP,1
-3.1492798,2.039361,-0.2887249,0.46751407,-0.36831936,0.08457248,-0.1641191,0.18975756,-0.4358766,-0.095583044,0,chr17:9256767:spleen:0,TN,0
1.6298733,-2.7260237,0.31456575,0.83836144,0.07195595,0.01458157,0.48307076,0.1962429,0.5470649,-0.39379263,0,chr15:76337961:gastroesophageal_sphincter:0,FP,1
0.98072445,-1.4740491,-0.7950212,0.021800054,-0.7998936,0.69293773,-0.5613017,-0.5968406,0.6981936,0.39769927,0,chr19:49929552:testis:0,FP,1
-1.8468559,-0.7025539,-0.10582095,-0.53201234,-0.6589777,-0.037965417,-0.3847158,-0.026269546,0.32463986,-0.20949924,0,chr20:17680970:prostate_gland:0,TN,0
-3.055526,-0.102945425,-1.5649792,0.49602115,-0.8909278,-0.95880854,-0.16223647,0.54962116,0.6580674,0.1106397,0,chr4:184649312:transverse_colon:0,TN,0
5.90837,0.16492598,0.56623924,0.8208895,0.33191448,-0.61889803,-0.48854306,0.41082937,-0.2421341,0.62320435,1,chr3:75785547:Peyers_patch:0,TP,1
6.1928616,0.16321123,0.13583247,0.14303398,0.46821943,-0.61828166,-0.11798573,0.11871556,-0.025924798,0.1422686,1,chr17:26601376:lower_leg_skin:0,TP,1
5.696488,-0.09959437,-0.21446079,1.1096163,0.244058,0.0135991415,0.10035833,-0.635883,-0.79716796,-0.3741377,1,chr2:67906557:body_of_pancreas:0,TP,1
4.1476445,0.86604697,0.06982437,-0.2002092,-0.37985563,0.2429407,0.07902576,-0.19463445,0.3093828,-0.22254492,1,chr2:240194478:body_of_pancreas:0,TP,1
5.7531967,0.36722806,-0.48441768,-0.3102987,-0.051448237,-0.1280922,-0.23108132,-0.06574609,-0.1268892,-0.06456483,1,chr12:121918386:spleen:0,TP,1
-2.285646,-0.8851954,0.42539227,-1.0230225,-0.018920248,0.2506263,0.44381693,-0.22842394,-0.10687236,-0.55004144,0,chr19:38033971:transverse_colon:0,TN,0
-3.225321,0.1603343,-0.07353112,-0.3100188,0.17514974,-0.4911308,0.21331318,-0.07689322,-0.32895216,-0.09049882,0,chr1:161041526:suprapubic_skin:0,TN,0
5.1461153,0.20689216,-0.16039687,1.0981429,0.60746586,0.49172664,0.16022871,-0.9132461,-0.4306659,-0.026315302,1,chr11:19259633:spleen:0,TP,1
-2.0115564,-0.083012514,0.42352405,-0.50215715,0.5684395,0.9743331,0.5684255,0.7501543,0.3844031,-0.04039883,0,chr6:34819759:body_of_pancreas:0,TN,0
1.757421,0.041841943,-1.4889503,1.2820022,-0.4233372,1.1392689,0.9215488,-0.96041805,-0.56891793,-0.8139224,1,chr15:40906278:suprapubic_skin:0,TP,1
-2.3001642,0.34982222,-0.39747632,-0.2539185,0.2511747,0.17180628,1.2746725,0.81845105,-0.17481436,0.39659142,0,chr7:49001913:transverse_colon:0,TN,0
3.2418015,-2.3289778,-0.35871816,2.159675,0.63635975,1.0311574,0.016110618,-1.1253206,0.58986354,-0.15998392,1,chr9:66270561:thoracic_aorta:0,TP,1
5.854133,-0.4684049,-0.0699294,1.1882348,0.41654184,-0.05311388,0.0485661,-0.49956787,-0.78608674,-0.15756884,1,chr2:67906567:body_of_pancreas:0,TP,1
4.85825,-0.54525626,-1.6167437,0.20071292,-0.52701855,0.08994809,0.75410795,-0.6793034,-0.102490805,0.060479794,1,chr5:138352584:body_of_pancreas:0,TP,1
-3.086657,-0.45902252,1.8628265,0.48890427,-0.93974,-0.08116301,0.0074277595,0.21397223,0.33431804,-0.4461542,1,chr6:36701731:body_of_pancreas:0,FN,0
-3.196647,-0.5219741,-0.7077637,0.030512387,-0.026771862,-0.43713525,-0.83271617,-0.38182285,0.32270813,0.20934086,0,chr1:94417980:prostate_gland:0,TN,0
-2.8919692,0.9191917,-1.3003348,0.13438512,-0.8911273,0.18021525,-0.51920354,0.103774235,0.16976158,0.16178346,1,chr11:1652791:prostate_gland:1,FN,0
-2.536205,-0.61484385,-0.0625927,0.027750239,-0.053950354,0.23188652,0.18888266,-0.1373093,-0.5445587,-0.027621105,0,chr1:22005335:transverse_colon:0,TN,0
4.3492255,-1.1919634,-0.0956987,1.9975376,0.50025856,0.6496014,0.7308787,-0.9835479,-0.16242823,-0.54551345,1,chr8:141876753:adrenal_gland:0,TP,1
4.53428,-1.049306,0.21130668,-0.5210641,0.126038,-0.33387405,1.6773486,0.18639812,0.4486581,-0.0624948,1,chr5:2070951:esophagus_squamous_epithelium:0,TP,1
2.935348,-0.49598598,1.3808972,-0.9841615,-0.36079976,-0.010179609,-0.14601028,0.4600773,1.2306888,-0.5292499,1,chr17:81176879:body_of_pancreas:0,TP,1
1.9251994,-0.18708603,-0.69108456,-1.8438431,-0.39424437,1.0869006,-0.1980497,0.16250576,-0.8794535,0.3351457,1,chr19:51473170:tibial_artery:0,TP,1
-2.24517,1.6077042,-0.096307635,-0.5203194,0.5967018,0.8058746,-0.18680766,-0.22176349,-0.6520375,0.4878433,1,chr9:17531876:tibial_artery:0,FN,0
-3.0245557,-0.4446863,-0.44748685,-0.006166049,0.5044563,-0.371443,-0.33503494,-0.49764326,-0.076128416,-0.07989517,1,chr12:64609188:thoracic_aorta:0,FN,0
6.003697,0.5296492,0.19451816,0.309561,0.3847178,-0.7517968,-0.40266097,0.080339335,-0.32324794,0.17713474,1,chr3:75785357:transverse_colon:0,TP,1
-2.8961332,-1.3698856,1.4364569,-0.5152654,0.1285998,-0.043693215,0.6519237,-0.07674488,-0.10666459,-0.18704115,0,chr3:10190743:body_of_pancreas:0,TN,0
-2.4628909,-1.1282386,0.8316338,-0.81725407,0.6330642,-0.2218347,0.38345975,0.114743635,0.20998704,-0.15984875,0,chr9:108565762:thoracic_aorta:0,TN,0
4.2042394,2.6933594,0.07420337,-1.1777642,-1.3610767,0.030989025,-0.56087023,0.25232187,0.1565466,-0.45401868,1,chr7:63015928:transverse_colon:0,TP,1
-2.8263972,-0.7542657,-0.17468645,0.26891133,0.02004872,-0.7952108,0.023109522,-0.71504784,0.008683343,-0.18488793,1,chr6:41369476:transverse_colon:0,FN,0
-3.198851,0.7187003,-0.11597097,0.12348231,1.3480175,-0.25762543,-0.22995475,-0.19898121,-0.04914157,-0.11942998,0,chr8:141237205:body_of_pancreas:0,TN,0
-1.2636958,-0.96859884,-0.030124016,-0.1361764,0.24393108,-0.4530363,0.31197086,-0.2897243,-0.37557232,-0.48122296,0,chr9:99013086:tibial_nerve:0,TN,0
-1.5224652,-2.0347888,0.18329816,-0.80461085,2.0353148,0.031373028,-0.061723217,-1.1155317,-0.48964453,0.48190388,0,chr6:118776888:upper_lobe_of_left_lung:0,TN,0
-1.5690238,2.1023479,-0.030343452,-0.12327506,0.2349003,0.9946706,-0.42121077,-0.05399005,0.12117036,-0.019703299,0,chr1:48109545:thoracic_aorta:0,TN,0
3.711544,-0.8469448,0.16837397,0.8106393,-0.3383663,0.6295441,0.7084029,0.46816757,-0.14500728,-0.21344173,1,chr7:155190614:upper_lobe_of_left_lung:0,TP,1
-3.0232778,1.731683,-0.19900571,0.39180195,-0.17032033,-0.25328764,0.2280706,0.33059245,-0.38134432,-0.36147717,1,chr22:22207829:body_of_pancreas:0,FN,0
-2.3311958,-0.35552615,0.31847912,0.2030748,1.0624418,0.12727892,-0.125559,-0.34722346,-0.046389986,-0.2317776,0,chr7:154503901:transverse_colon:0,TN,0
-3.0275261,-0.8264628,-0.22237596,-0.16423689,-0.33606583,-0.27583078,-0.02851491,0.061617322,-0.33424297,-0.17766891,0,chr19:14348783:upper_lobe_of_left_lung:0,TN,0
-3.0102503,-0.4383936,-0.7246432,0.6082448,-0.43125564,-0.31207374,0.005835643,0.10861778,-0.28572366,-0.1202678,0,chr20:35278272:gastroesophageal_sphincter:0,TN,0
-3.0471637,-0.058951095,0.035519954,-0.03321462,1.3241853,-0.15938199,-0.19984888,-0.47069353,-0.12953669,-0.18999597,0,chr20:9978829:upper_lobe_of_left_lung:0,TN,0
6.161287,-0.38117737,-0.16282196,0.27088574,0.57941806,-0.96186906,-0.06362656,-0.12488981,0.087661624,-0.52436656,1,chr12:8390645:Peyers_patch:0,TP,1
4.85825,-0.54525626,-1.6167437,0.20071292,-0.52701855,0.08994809,0.75410795,-0.6793034,-0.102490805,0.060479794,0,chr5:138352584:adrenal_gland:0,FP,1
-0.9897652,-0.21015237,-0.8585173,0.8338534,-0.68309116,0.61326605,0.6284134,0.54492015,-0.89439934,-0.6446189,0,chr15:40341099:tibial_nerve:0,TN,0
-2.7363677,-0.08709145,0.33933786,0.15072274,1.4380425,0.071867764,-0.333968,0.13885364,0.24982318,-0.34231782,0,chr18:74196868:tibial_nerve:0,TN,0
-0.2607631,0.8066474,-0.28361362,0.5566171,1.0325474,0.50668657,0.5629173,-0.12556086,0.8257268,-0.09734007,1,chr7:6323189:adrenal_gland:0,FN,0
-3.3173018,4.24443,0.59462565,1.1282502,-1.0664659,-0.29745424,0.48807162,0.2006773,0.41257566,0.0366639,0,chr1:149488095:transverse_colon:0,TN,0
-2.9648504,1.609634,0.016679525,0.35617077,-0.06951858,0.23785892,-0.15083691,0.105608724,-0.67942935,-0.27525425,0,chr6:6683882:body_of_pancreas:0,TN,0
5.188446,1.4187882,-0.088933155,-0.25156903,-0.19855365,-0.63711715,0.1461123,0.034304686,-0.2582733,-0.42787087,1,chr10:26574003:body_of_pancreas:0,TP,1
-2.990084,0.65135056,-0.18475083,0.3092762,0.74194664,-0.29204348,0.5120939,-0.07792423,-0.42498326,-0.1558416,1,chr5:74529283:thoracic_aorta:0,FN,0
-3.1213765,-1.2625157,-0.7019031,-0.027244348,-0.1788478,-1.1912693,-0.47761798,-0.5061803,0.097377695,0.051359702,0,chr14:75294151:esophagus_muscularis_mucosa:0,TN,0
-2.2410865,0.5283089,-0.15032777,0.24239944,0.92119,-0.28342012,-0.044227485,0.43615028,0.009129065,-0.28060025,0,chr12:96113009:body_of_pancreas:0,TN,0
5.937239,0.0162772,-0.33690637,-0.38758957,0.19985963,-0.9554545,-0.1407317,-0.09342811,-0.23820098,0.183833,1,chr9:129437686:thoracic_aorta:0,TP,1
1.5801915,-2.8188918,-0.52480954,1.4972556,-0.868246,0.67616516,-0.71362793,0.49787349,-0.37590134,0.20968355,1,chr4:1009781:gastroesophageal_sphincter:0,TP,1
-2.5383537,1.2231597,0.012580432,0.58389884,1.1366198,-0.014172797,0.6551634,0.3478531,0.134951,0.38222522,1,chr7:152236247:body_of_pancreas:0,FN,0
-1.5263569,-1.8829051,0.46700075,-0.21873324,-0.24057682,0.061075743,-0.47478473,0.035391867,0.11481896,-0.8246796,0,chr5:126600688:body_of_pancreas:0,TN,0
0.9700737,-1.3900385,-0.21843122,0.8264097,1.3470031,-0.24773969,0.30862185,0.33110592,0.38970637,-0.020035898,0,chr10:96229707:transverse_colon:0,TN,0
5.7531967,0.36722806,-0.48441768,-0.3102987,-0.051448237,-0.1280922,-0.23108132,-0.06574609,-0.1268892,-0.06456483,1,chr12:121918386:esophagus_squamous_epithelium:0,TP,1
-2.0716343,0.017460402,-2.0123188,0.53071344,-0.83945704,-0.20028855,0.38681245,0.5603358,0.5447879,0.5297599,0,chr19:9914701:gastrocnemius_medialis:0,TN,0
-2.6271672,1.9127101,0.16149575,0.58877,0.9448361,0.14349718,-0.49761096,-0.4631825,0.33294496,0.41521195,0,chr1:193407323:body_of_pancreas:0,TN,0
-2.1758142,-0.2341855,1.3028249,0.6956743,-0.27777624,0.19765843,0.026929742,-0.05262954,-0.1408266,0.30556813,0,chr21:30257815:prostate_gland:0,TN,0
3.140196,0.76166826,-0.015424188,-0.10101988,0.052659944,0.85671264,-0.022257341,-0.06514498,-0.24811783,0.858959,0,chr9:64877929:thoracic_aorta:0,FP,1
-1.0031567,1.2654774,-0.632524,0.9151115,0.37617573,0.7809348,0.66183865,0.8569867,-0.627292,0.01442703,1,chr5:125835849:testis:0,FN,0
-2.129841,1.7025807,-0.7444846,0.6698833,-0.58065516,1.1268467,0.28371832,0.9251981,-0.099532045,-0.0014398062,0,chr20:53943966:tibial_nerve:0,TN,0
-2.2858417,1.1917857,-0.5627268,0.3077412,0.97965777,-0.03442567,0.24339172,-0.014249129,-0.102297075,0.39585456,0,chr3:9067378:body_of_pancreas:0,TN,0
-2.5840359,0.9757186,-0.05641813,0.26342672,0.5580002,0.1089583,-0.20358016,-0.73458326,-0.27989504,-0.010014538,0,chr4:11623963:body_of_pancreas:0,TN,0
-0.8211932,-0.22043142,-0.7423834,-0.18202117,-0.39831105,0.25232127,0.6844229,-0.74652356,-0.88902646,-0.24242269,1,chr5:173972837:body_of_pancreas:0,FN,0
-2.48369,-1.4974077,0.5632048,-0.19885683,1.3115567,-0.33344862,-0.3761144,-0.78320396,0.29989812,-0.15859611,0,chr11:83087183:body_of_pancreas:0,TN,0
-3.6431065,1.6539472,-0.5873838,0.58266646,-0.18976861,-0.77714026,-0.20820542,0.29378515,0.036227714,-0.16208492,0,chr4:54227787:upper_lobe_of_left_lung:0,TN,0
1.5178634,-2.9288235,1.4437289,1.270737,0.44858515,0.5551091,-1.3104893,2.1792276,1.0950891,-0.22656316,1,chr8:44636977:body_of_pancreas:1,FN,0
6.1612864,-0.3811787,-0.16282219,0.27088606,0.5794186,-0.9618694,-0.06362667,-0.12488995,0.08766219,-0.52436614,0,chr12:8390645:omental_fat_pad:0,FP,1
-2.9613197,0.0957993,0.03873133,-0.3948891,0.9495826,-0.111234486,-1.0494534,-0.37231612,0.26919043,0.028610112,0,chr6:6057736:prostate_gland:0,TN,0
5.430979,-0.65290177,-0.25026453,-0.33198845,0.5561824,-0.88600343,0.24582373,-0.100615926,0.3845868,1.0849184,1,chr19:7799767:Peyers_patch:0,TP,1
-3.0469253,1.8750167,0.023483012,0.72747505,1.2197499,0.0014249366,-0.12441746,-0.017932093,0.1227313,-0.15063263,0,chr2:79892425:body_of_pancreas:0,TN,0
-3.0366886,2.9018874,-0.020901885,0.101198986,0.255589,0.22933352,-0.058168,0.6500996,0.19889331,-0.2390478,1,chr9:127348292:esophagus_squamous_epithelium:0,FN,0
-1.0020442,-2.08175,0.10080015,-1.3588959,-0.0060280925,0.49897754,-0.2386202,-0.22888182,0.07899444,-0.39434162,0,chr2:110395064:esophagus_squamous_epithelium:0,TN,0
3.2418022,-2.328975,-0.35871834,2.1596754,0.6363584,1.0311574,0.016111154,-1.1253208,0.58986413,-0.15998493,1,chr9:66270561:adrenal_gland:0,TP,1
-1.9345313,-1.6572181,-0.94157004,-0.28814638,-0.89948606,-0.49781132,-0.40457553,0.04836649,0.18810833,-0.0025483829,0,chr13:50125958:upper_lobe_of_left_lung:0,TN,0
5.792278,-0.3573606,0.46583977,1.2936356,0.49977046,0.14118679,-0.12193215,-0.057053726,-0.454539,0.20548084,1,chr15:24767525:transverse_colon:0,TP,1
4.0840554,-0.75584775,0.3786257,1.8395014,0.24496041,0.6092324,0.8877548,-0.73221785,0.72174686,-1.105574,0,chr13:52084763:transverse_colon:0,FP,1
-0.29346094,-0.08472693,1.5760347,-0.95818985,0.42346388,-0.6969791,-0.10407757,-0.9869626,0.14352867,0.34310812,1,chr14:58748455:transverse_colon:0,FN,0
3.4709404,-2.7587366,0.76014066,1.630391,0.25784433,0.9286361,0.7692215,-0.078383885,-0.32913905,-0.19622916,1,chr9:37932294:thoracic_aorta:0,TP,1
-2.3261073,-1.1257849,0.8719863,0.18621863,0.25570485,0.26271716,-0.22646244,0.7665609,-0.8099567,0.25337964,0,chr2:112501338:upper_lobe_of_left_lung:0,TN,0
-3.168059,-0.55509216,-1.0050373,0.6214688,-0.63620466,-0.7281632,-0.4732934,-0.0043095155,0.20214848,0.025749097,0,chr6:19804984:tibial_nerve:0,TN,0
-2.3705034,-0.9260787,0.10842926,-0.57649696,-0.2995146,-0.17962559,1.2653563,0.19115458,-0.26275504,-0.30383396,0,chr6:41776276:adrenal_gland:0,TN,0
-2.766859,1.5188158,0.060792666,0.44642052,0.51721376,-0.16765058,-0.008621895,-0.59453416,-0.015995692,0.056425516,1,chr5:149431239:body_of_pancreas:0,FN,0
-2.5412567,0.21857218,-0.23086907,0.1546699,1.8062394,-0.07050696,0.24807234,0.8281062,0.28905725,-0.21168077,0,chr1:81306001:tibial_artery:0,TN,0
1.5114253,-0.79376227,-0.8114084,-0.19990425,-0.7472593,1.9020824,-1.059628,-0.23692237,1.5017918,0.3709394,1,chr2:196068383:thoracic_aorta:0,TP,1
-2.24517,1.6077042,-0.096307635,-0.5203194,0.5967018,0.8058746,-0.18680766,-0.22176349,-0.6520375,0.4878433,1,chr9:17531876:tibial_artery:1,FN,0
-2.7284155,-0.0002519213,-0.2207493,0.28640008,-0.007919992,-0.30876786,0.15582728,0.25787732,-0.8764859,-0.18364565,0,chr9:98791378:body_of_pancreas:0,TN,0
6.0429125,0.16955775,-0.15559474,-0.17280833,0.021089926,-0.60005385,-0.62029505,0.18417509,-0.32473114,0.20254743,1,chr17:45585364:tibial_artery:0,TP,1
5.985963,0.11544101,0.31364152,0.2128381,0.26752856,-0.73016727,-0.43331695,0.41177765,-0.36364937,0.5308794,1,chr3:75785609:adrenal_gland:0,TP,1
-2.936615,-1.6449982,1.0065471,-0.65806895,-0.2191964,-0.45477262,0.41100055,0.48064867,-0.004119257,-0.23588307,1,chr15:64895020:esophagus_squamous_epithelium:0,FN,0
3.4600236,-0.97328687,-0.679637,1.0737869,-0.23355123,0.5638065,0.64055526,-0.36036494,-0.8852092,0.12359626,1,chr9:113348522:body_of_pancreas:0,TP,1
-2.037051,0.26042527,1.9430908,1.2153151,-1.1665092,0.10268129,0.61438966,-0.45689997,-0.26032925,0.53234243,1,chr16:4548780:tibial_artery:0,FN,0
5.3534446,2.1225717,0.20873082,-0.9173436,-0.5784473,-0.36016512,-0.4747515,0.123339854,-0.19556391,-0.08240267,1,chr7:142753134:body_of_pancreas:0,TP,1
-2.3557734,0.37548938,1.8669523,1.099882,-0.98328227,-0.19121167,-0.25700822,0.20190793,0.16203216,-0.19161895,0,chr17:46922280:body_of_pancreas:0,TN,0
3.319976,1.5575122,0.26030144,-1.1519276,-0.36483866,0.52180755,0.30346653,0.08324521,0.39095783,-0.03856949,1,chr1:89276833:adrenal_gland:0,TP,1
3.0203786,-1.0248631,-2.0061097,0.899182,-0.3477591,0.9300246,-0.13934802,-1.4946845,0.5245329,-0.2213914,1,chr7:26377045:prostate_gland:0,TP,1
0.50652874,-0.84911674,-1.5704806,0.28616625,-0.6005545,0.6061037,-0.03903738,-0.6894842,1.1265538,0.7674848,1,chr12:50283650:adrenal_gland:0,TP,1
-1.1638979,1.105031,2.262792,0.8895653,-1.3874364,0.14957865,0.4317508,-0.28984717,0.31441426,0.1350419,1,chr8:30230823:sigmoid_colon:0,FN,0
0.7188189,0.81150484,-0.31652367,-0.6510634,-0.45779243,0.11045027,0.94985104,0.68933445,0.27146816,0.3391504,0,chr13:112619880:upper_lobe_of_left_lung:0,FP,1
-2.05535,0.6290956,-0.4470368,0.12941049,0.021068828,0.13209105,0.023738926,-0.17074573,0.6048708,0.028142244,0,chr17:9207075:Peyers_patch:0,TN,0
1.5178608,-2.928821,1.4437306,1.2707382,0.4485836,0.5551097,-1.3104903,2.1792276,1.0950907,-0.22656278,1,chr8:44636977:omental_fat_pad:0,FN,0
-2.354562,-0.3595657,0.25408986,-0.62711257,0.7100241,-0.0808743,-0.3887735,0.18350315,0.16295509,-0.23252495,0,chr9:105609267:upper_lobe_of_left_lung:0,TN,0
6.161287,-0.38117737,-0.16282196,0.27088574,0.57941806,-0.96186906,-0.06362656,-0.12488981,0.087661624,-0.52436656,1,chr12:8390645:tibial_artery:0,TP,1
-2.3008032,1.3791965,-0.7491199,-0.3740766,-1.0785339,0.06782462,0.6875356,0.4002224,-0.42533395,-0.2608269,1,chr5:177447939:body_of_pancreas:0,FN,0
5.6115766,1.2073463,0.099057086,-0.8963103,-0.33509856,-0.6656288,-0.28531483,0.45317066,-0.0007790342,0.1687065,1,chr2:86221296:Peyers_patch:0,TP,1
-2.5616908,-0.0923563,1.5478015,-0.26386106,-0.3756315,0.063051365,-0.25260884,0.012963488,0.46254605,-0.71955025,0,chr1:167534285:spleen:0,TN,0
-2.4055965,0.41379002,-0.253598,0.7030313,0.9515738,-0.13210467,-0.44403124,0.19650334,-0.11950159,-0.08783093,0,chr21:28745951:prostate_gland:0,TN,0
-1.6602182,0.010596635,-1.5356535,0.60658616,-1.7349752,0.10622465,-0.27644086,-0.41417727,0.30872887,-0.007211595,1,chr3:197510257:adrenal_gland:0,FN,0
5.8418055,-0.13676134,-0.17389819,-0.4479615,0.06491097,-0.2113601,-0.5161583,0.11449855,0.14613405,-0.21179232,1,chr17:43361257:body_of_pancreas:0,TP,1
3.795464,0.93230015,-0.06527496,-0.45701432,-0.44905546,0.84718573,0.47857708,0.08076299,0.39561066,-0.2274896,1,chr6:131199853:prostate_gland:0,TP,1
-2.959314,1.0783862,0.19892168,0.21333033,1.258658,-0.1663156,-0.37988707,-0.17456566,0.010570809,-0.19574949,0,chr1:244842538:body_of_pancreas:0,TN,0
1.7574239,0.041841783,-1.4889501,1.2820027,-0.42333576,1.1392703,0.9215474,-0.9604169,-0.5689174,-0.8139222,1,chr15:40906278:esophagus_muscularis_mucosa:0,TP,1
5.9387918,0.011735835,-0.106493816,-0.20510365,0.23684248,-1.1151186,0.25150988,0.27860478,0.10204463,-0.5127496,1,chr7:100966122:body_of_pancreas:0,TP,1
6.014902,0.09237791,-0.010435622,0.17091757,0.33928218,-0.01848847,-0.2991433,-0.042350765,-0.4672175,0.334305,1,chr4:147741804:body_of_pancreas:0,TP,1
5.2530212,1.0282863,-0.41312307,-0.54981846,0.06856639,-0.37732953,0.0002416344,-0.04281529,-0.13437633,-0.44792357,1,chr3:194058844:esophagus_squamous_epithelium:0,TP,1
-0.25951892,1.6548672,0.38952368,-0.28994378,0.915993,1.739378,-0.017282126,-0.21245864,0.4422594,0.07175811,0,chr2:178891874:esophagus_muscularis_mucosa:0,TN,0
-2.0474172,-2.3685765,-0.24698785,0.3882001,-0.5045571,-1.0160443,-0.27943805,0.32216415,-0.9615668,0.60470766,0,chr6:13711046:upper_lobe_of_left_lung:0,TN,0
6.003697,0.5296492,0.19451816,0.309561,0.3847178,-0.7517968,-0.40266097,0.080339335,-0.32324794,0.17713474,1,chr3:75785357:esophagus_muscularis_mucosa:0,TP,1
3.2793696,2.5208564,0.2808886,-0.7898795,-1.1445979,-0.113995254,0.17564008,-0.0639144,0.531377,-0.14428002,1,chr21:32433539:body_of_pancreas:0,TP,1
-3.3285935,1.4593178,-0.46198982,0.7289136,0.7884559,-0.18371624,-0.17451727,0.5569608,-0.018710986,0.103893965,1,chr17:66304962:body_of_pancreas:0,FN,0
4.8716283,-1.2675765,0.044448785,2.0736136,0.61953264,0.4383233,0.5802716,-0.5994274,-0.33368984,-0.10366564,1,chr11:123119045:thoracic_aorta:0,TP,1
-2.7407908,0.025140906,-1.1307015,0.07988586,-0.914675,-0.6858332,0.30743545,0.021156793,-0.18536626,-0.072167926,0,chr13:24541018:esophagus_squamous_epithelium:0,TN,0
-2.55718,0.7136588,-0.23115298,-0.22514115,0.9949485,0.48803765,-0.17196427,0.05509066,-0.109915994,0.08923393,0,chr1:235513987:tibial_artery:0,TN,0
1.7574239,0.041841783,-1.4889501,1.2820027,-0.42333576,1.1392703,0.9215474,-0.9604169,-0.5689174,-0.8139222,1,chr15:40906278:testis:0,TP,1
-3.349128,0.41472214,0.52025163,-0.52669626,0.8965712,-0.36899832,0.3384091,-0.06881234,0.01710625,-0.20149097,0,chr12:90978516:thoracic_aorta:0,TN,0
-2.8148506,-1.0939482,2.0368297,0.6265037,-0.64268553,-0.4193539,0.026434166,-0.18961456,0.028258165,-0.11832918,0,chr19:11131103:thyroid_gland:0,TN,0
5.924679,-0.022997934,-0.35130408,-0.027036145,0.5316567,-1.0271573,0.24157207,0.01760986,-0.04158759,-0.41065115,0,chr9:129437253:upper_lobe_of_left_lung:0,FP,1
4.382427,-0.6837335,-0.292772,1.1526676,-0.23959516,0.9347139,0.22251245,-0.44838378,-0.70743537,-0.31699798,1,chr2:132277537:body_of_pancreas:0,TP,1
5.7531967,0.36722806,-0.48441768,-0.3102987,-0.051448237,-0.1280922,-0.23108132,-0.06574609,-0.1268892,-0.06456483,1,chr12:121918386:upper_lobe_of_left_lung:0,TP,1
5.8401995,0.8347221,-0.08131167,-0.5512623,-0.037800204,-0.71311873,-0.1330061,0.055029955,0.041443102,-0.20949197,1,chr1:157311320:body_of_pancreas:0,TP,1
1.9534248,1.6056579,-0.20229271,-0.107420966,0.740998,1.6143211,-0.67920256,-0.6338643,-0.13582571,0.123142764,1,chr2:57516866:body_of_pancreas:0,TP,1
6.0527763,-0.78149384,0.18715812,0.9881689,0.4652002,-0.14309217,-0.26056132,0.18099433,-0.62213194,0.13592902,1,chr6:159653130:tibial_nerve:0,TP,1
0.50652874,-0.84911674,-1.5704806,0.28616625,-0.6005545,0.6061037,-0.03903738,-0.6894842,1.1265538,0.7674848,1,chr12:50283650:transverse_colon:0,TP,1
1.7029752,0.33778313,-0.2677034,-1.0911728,1.3507566,1.2011688,-1.0564394,-0.6891345,0.20741817,0.5470231,0,chr2:79876829:body_of_pancreas:0,FP,1
-3.0780034,1.3621513,-0.34635442,0.31392947,0.21719907,-0.38018242,-0.101055056,0.47559515,0.074167214,-0.38764402,1,chr1:18256427:body_of_pancreas:0,FN,0
1.2950064,-0.37221986,-1.2747362,-1.5246847,-0.32261312,0.60666907,1.1962703,0.4460461,0.07620182,1.6562556,1,chr9:83219889:transverse_colon:0,TP,1
5.457335,0.46681067,-0.11417381,-1.1436006,-0.14826149,-0.73211783,-0.25559604,0.06026662,0.367181,-0.71711797,1,chr22:24006120:thoracic_aorta:0,TP,1
-3.4379578,2.0491755,-0.0014333503,0.36628345,0.5057547,-0.1400897,-0.22996905,0.38705936,0.027252385,0.004227392,0,chr8:89848574:esophagus_muscularis_mucosa:0,TN,0
-2.518561,-0.7923735,0.6981804,-1.6227994,-0.17490393,-0.32045102,0.0071876682,-0.53213215,0.088461824,-0.9991519,1,chr8:41651698:gastroesophageal_sphincter:0,FN,0
4.762805,-0.10706044,-1.382904,-0.6469941,-0.7923806,-0.09342343,0.27608982,0.19193763,0.5401896,-0.5201248,1,chr14:74257715:gastrocnemius_medialis:0,TP,1
-2.4156122,-0.12614547,0.1345821,0.044507846,0.56713146,1.198712,-0.6690818,0.34775123,0.032276683,-0.0012203958,0,chr1:95116645:body_of_pancreas:0,TN,0
4.1186547,1.6444972,-0.005997648,-1.2737304,0.053884346,0.1289964,-0.5495089,-0.35299745,0.79617834,-0.27993158,1,chr4:75289967:transverse_colon:0,TP,1
-3.3343906,1.6305363,-0.25855467,0.048570354,0.33487034,0.04982195,0.14608794,0.54210943,-0.5072731,0.05779957,0,chr7:16695960:transverse_colon:0,TN,0
5.742974,0.055788916,0.6449897,0.5696201,0.21192694,-0.19221602,-0.21942915,0.30394182,-0.13605782,0.70854527,1,chr17:22822734:stomach:0,TP,1
4.7290597,-0.8989353,-0.19120835,0.9983595,0.15552817,0.59953856,0.7960516,-0.113295235,-0.24406277,-1.600918,0,chr7:157433451:upper_lobe_of_left_lung:0,FP,1
-2.3979454,-0.5240424,-1.0398258,-0.29405874,-0.4411943,-0.45365676,0.24155904,0.15229918,-0.37118468,-0.32394186,0,chr11:44617033:tibial_artery:0,TN,0
-0.80307335,2.14042,-0.39954472,-0.36089107,-0.06429875,1.2967885,0.6103405,0.19488037,-0.8008847,0.71765494,1,chr11:30131641:body_of_pancreas:0,FN,0
-2.4683735,-0.65873784,-0.26203474,0.13034779,0.49396518,-0.5002239,0.93284965,0.3508342,-0.5061972,-0.11707696,0,chr14:94486682:tibial_nerve:0,TN,0
3.350088,-2.7769907,0.44163722,1.2344989,-0.19148152,0.49921137,0.47624934,0.5553996,-0.009936305,-0.5064199,0,chr19:18327910:adrenal_gland:0,FP,1
5.351921,1.0659772,-0.50846106,-0.5259335,-0.79750246,-0.39772323,-0.088950895,-0.22847074,0.046321165,-0.5365684,1,chr9:42852316:prostate_gland:0,TP,1
-1.9210788,-2.347195,0.8257855,-1.2412289,1.4113959,0.055429507,-0.13856153,-0.016753023,0.30498195,-0.5257232,0,chr6:70686874:tibial_nerve:0,TN,0
1.9047474,-2.2633972,-2.0070956,0.7116359,-0.7111017,0.14981852,-0.11686646,-0.37893704,0.22953945,-0.40628153,1,chr1:940389:esophagus_muscularis_mucosa:0,TP,1
5.985963,0.11544101,0.31364152,0.2128381,0.26752856,-0.73016727,-0.43331695,0.41177765,-0.36364937,0.5308794,1,chr3:75785609:gastrocnemius_medialis:0,TP,1
-2.2210572,-1.677098,1.2800382,-0.18513553,0.07667225,0.34338057,-0.19352517,-0.5609806,-0.3208072,0.22180548,1,chr14:104897072:sigmoid_colon:0,FN,0
-2.0830173,0.111118145,0.3173093,0.19022326,0.0048024748,0.36340994,-0.023855694,-0.064195156,-0.5351432,-0.62545013,1,chr13:20489384:transverse_colon:1,FN,0
-2.7980642,-0.9400555,0.61815804,-0.6844961,0.1263271,-0.068257965,0.19534048,-0.036881197,-0.53042465,-0.4142466,0,chr11:114198629:esophagus_muscularis_mucosa:0,TN,0
1.3575885,-1.2008231,-0.65742177,1.6144084,0.28058448,0.5455896,0.62683964,-0.24640454,0.39261085,-0.77245295,1,chr1:149097138:body_of_pancreas:0,TP,1
-2.695413,-0.27230865,0.009845699,-0.48646992,-0.32225567,0.33132145,-0.15978284,0.1577061,-0.007682268,-0.19254287,1,chr6:169655219:esophagus_muscularis_mucosa:0,FN,0
-1.5647547,0.1315161,0.91665375,-0.96471196,0.5639672,0.21814486,-0.113196604,-0.24336925,-0.3138529,-1.0554276,0,chr14:35526207:body_of_pancreas:0,TN,0
-2.8344786,-0.50204545,-0.8578213,0.16864438,-1.1231774,-0.62948453,-0.27851453,0.5983843,-0.7334406,-0.26390994,1,chr4:1752766:esophagus_squamous_epithelium:0,FN,0
-2.6097655,-1.1416037,-0.5728299,-0.68526506,-0.73816615,-0.7062051,-0.026068991,0.07374519,-0.961872,-0.4948272,1,chr4:1752731:upper_lobe_of_left_lung:0,FN,0
-0.9330879,-1.7698247,-1.9285867,0.13749653,-0.9930594,0.08125612,-0.49184772,0.16761492,0.4083836,0.0012438473,1,chr1:85580877:Peyers_patch:0,FN,0
5.6115766,1.2073463,0.099057086,-0.8963103,-0.33509856,-0.6656288,-0.28531483,0.45317066,-0.0007790342,0.1687065,1,chr2:86221296:transverse_colon:1,TP,1
-1.7550191,-0.3712436,0.4305574,-1.5483054,0.6180105,0.33598018,0.07731079,-0.2737126,0.49782357,-0.03055263,1,chr2:171150230:body_of_pancreas:0,FN,0
-3.6941087,2.2412057,0.048205476,0.10787838,0.329589,0.19083488,-0.08886466,0.18194914,0.27617437,-0.13663527,0,chr17:11987147:spleen:0,TN,0
1.9534248,1.6056579,-0.20229271,-0.107420966,0.740998,1.6143211,-0.67920256,-0.6338643,-0.13582571,0.123142764,0,chr2:57516866:esophagus_muscularis_mucosa:0,FP,1
-0.6159277,-3.022949,0.3690294,-0.8577969,-0.07031038,-0.4807208,-0.17230089,-0.4882585,-0.3671321,1.1045647,0,chr6:31356728:adrenal_gland:0,TN,0
-1.8007699,0.8383462,-1.1083837,0.97071385,0.40738982,0.40797558,-0.12973532,0.21138422,-0.006920066,-0.14374293,1,chr8:143532225:tibial_artery:0,FN,0
-2.5434206,0.7571913,-0.013016214,-0.06597973,1.2222071,0.3521963,-0.4963738,-0.68454707,0.6741719,-0.13937658,0,chr2:161273349:tibial_artery:0,TN,0
-0.03637599,-2.6084182,0.076534584,-1.4522876,1.1544724,0.15160555,-0.5906099,-0.22343028,-0.15551536,0.47700796,0,chr14:20682435:prostate_gland:0,TN,0
5.9735203,0.5020509,-0.173994,-0.18931183,-0.0799431,-0.5121276,-0.11548976,0.04540676,-0.081758656,-0.6861036,1,chr9:61668518:testis:0,TP,1
5.6115766,1.2073463,0.099057086,-0.8963103,-0.33509856,-0.6656288,-0.28531483,0.45317066,-0.0007790342,0.1687065,1,chr2:86221296:testis:0,TP,1
3.7954488,0.9323052,-0.06527419,-0.4570142,-0.44906017,0.84719145,0.47857955,0.0807637,0.3956119,-0.22749224,1,chr6:131199853:tibial_artery:0,TP,1
-2.247133,1.0496622,-0.081838205,0.05280085,-0.79746974,0.07928943,0.7455227,-0.23233512,-0.4877524,-0.259583,1,chr5:133906516:thoracic_aorta:0,FN,0
-1.835545,-0.16771238,-0.6117393,0.25910467,-0.7504845,0.6417883,0.64174455,-0.04357942,-0.31364545,-0.08406921,0,chr17:43394499:upper_lobe_of_left_lung:0,TN,0
6.0036983,0.52964723,0.19451751,0.30956036,0.38471892,-0.7517967,-0.40266106,0.0803391,-0.32324743,0.17713463,1,chr3:75785357:transverse_colon:1,TP,1
-1.3782337,-0.59931797,-0.10573871,0.2675946,0.6551425,0.7289743,0.17166577,-0.37715474,0.1827309,0.40807977,0,chr6:33118676:spleen:0,TN,0
0.7498017,-0.083376005,0.49043095,0.25083807,-1.1302737,0.37117717,0.36612594,-0.29516128,1.2922051,1.0622318,1,chr19:47436804:testis:0,TP,1
-2.7020376,-0.5189165,0.86357397,0.38599625,-0.5393289,-0.50277835,0.06904681,-0.70278865,0.31189555,0.41860193,0,chr3:142596231:prostate_gland:0,TN,0
-2.9826882,-0.18715,-0.13321134,-0.41520238,0.94942826,-0.26386797,-0.34113246,-0.20787773,-0.4874922,-0.39951158,0,chr4:153083282:body_of_pancreas:0,TN,0
2.9353502,-0.49598816,1.380896,-0.98416317,-0.36079878,-0.010180158,-0.14601041,0.46007586,1.2306882,-0.52924937,1,chr17:81176879:tibial_artery:1,TP,1
0.7498017,-0.083376005,0.49043095,0.25083807,-1.1302737,0.37117717,0.36612594,-0.29516128,1.2922051,1.0622318,0,chr19:47436804:transverse_colon:0,FP,1
5.6714764,-0.13392444,0.72877884,0.2321779,0.67745155,-0.34470215,-0.0930225,0.46286824,0.24346702,0.51091653,1,chr17:22856764:omental_fat_pad:0,TP,1
5.570213,-0.36070976,-0.021507632,-0.09070751,0.11758447,-0.10675638,0.18614392,0.7204179,-0.27238798,0.029348822,1,chr7:142773266:body_of_pancreas:0,TP,1
5.6115766,1.2073463,0.099057086,-0.8963103,-0.33509856,-0.6656288,-0.28531483,0.45317066,-0.0007790342,0.1687065,1,chr2:86221296:upper_lobe_of_left_lung:0,TP,1
-2.7799666,-0.25949377,1.3128957,-0.68370855,-0.5139494,0.39970344,-0.2516849,-0.22939238,-0.15780576,-0.14228386,0,chr3:159805298:thoracic_aorta:0,TN,0
-3.0792894,0.24258983,-1.0507222,0.568274,-0.2482379,-0.90365624,-0.51207733,-0.11133632,0.25557807,0.22030076,0,chr4:87006868:gastrocnemius_medialis:0,TN,0
0.26492524,-3.4450815,0.91110754,-1.800087,0.77039254,0.3408449,-0.5830501,0.03768395,-0.5285827,0.5595387,0,chr17:37397955:upper_lobe_of_left_lung:0,TN,0
-2.23348,-0.17994702,-0.66330594,0.53522974,-0.32355905,-0.20715079,-0.00707031,-0.35031676,0.12874801,0.1859237,1,chr6:31814839:body_of_pancreas:0,FN,0
6.0714498,0.04835286,0.34866154,0.51434195,0.36910892,-0.6322055,-0.45924452,0.5637283,-0.43089813,0.31135964,1,chr12:42144490:prostate_gland:0,TP,1
-1.1881572,-1.9980934,0.109752126,0.9287932,0.4418381,0.11699794,-0.23412003,-0.62428445,-0.02803817,0.18460968,0,chr6:116616178:prostate_gland:0,TN,0
5.929857,-0.2756206,0.51088834,0.5621675,0.56035453,-0.19533886,-0.28741986,0.20371899,0.07295325,0.6483816,1,chr17:22909996:tibial_artery:0,TP,1
5.985963,0.11544102,0.31364098,0.21283798,0.26752818,-0.730168,-0.43331698,0.41177738,-0.3636499,0.53088045,1,chr3:75785609:thoracic_aorta:0,TP,1
-2.2835722,0.015227588,-1.4076059,-0.16983826,-0.6773532,-0.18711993,0.5753701,0.3883262,-0.20166978,0.3839078,0,chr10:70887675:body_of_pancreas:0,TN,0
0.029166527,0.22777984,-0.09345365,-0.4266048,1.4818046,1.1579622,1.4587533,0.23798604,1.0934095,0.56687725,1,chr6:43386692:gastroesophageal_sphincter:0,FN,0
-1.4259974,-0.7042454,-0.71694016,0.3485664,0.4353072,1.2288471,-1.0136557,-1.1341302,-0.11403971,0.39942092,1,chr19:45427778:Peyers_patch:0,FN,0
0.33646607,-2.1646707,-1.5821141,-0.21670626,-0.83619213,-0.9040664,0.37966257,-0.33700866,1.1020702,0.53881156,0,chr9:136400120:esophagus_squamous_epithelium:0,TN,0
1.8306346,-3.3446574,0.5593825,-0.6734244,0.08873936,0.5572326,-0.57519364,-0.23463888,0.01284534,0.51363355,0,chr8:14457379:transverse_colon:0,FP,1
-3.0869017,0.94837064,-0.24968751,0.4134343,-0.017473811,0.01230677,0.06722796,0.27238083,-0.3562801,0.07455291,1,chr1:10507600:esophagus_squamous_epithelium:0,FN,0
-1.1932726,3.3522875,0.87406033,0.33763736,-0.101310275,-0.5594117,-0.05867343,-0.3802271,0.6273253,-0.45830876,0,chr6:32609915:transverse_colon:0,TN,0
-1.328026,0.6364412,0.06294219,-0.9141703,0.31311128,0.9853913,-0.14042091,0.6238236,-0.14932835,0.4310601,0,chr3:108915007:Peyers_patch:0,TN,0
-3.2297246,-0.34968552,-0.4784835,0.4053314,-0.535025,-1.1971074,-0.42752138,0.020624975,-0.016339853,-0.4316841,1,chr17:49764139:prostate_gland:0,FN,0
-2.8933945,-0.008295743,-0.6549085,0.052323192,-0.24727677,-1.1679475,0.09432059,-0.19391088,-0.5390075,-0.20919672,0,chr5:690323:sigmoid_colon:0,TN,0
-2.9786513,0.101986185,-0.9478349,0.18774143,0.29949138,-0.19099376,-0.74295324,-0.029646834,0.22590609,0.20119026,0,chr3:122416394:thoracic_aorta:0,TN,0
0.284317,1.4056244,-0.6720685,-0.36386287,-1.1981448,1.5784975,-0.3793232,0.36776927,-0.07015935,-0.44973427,1,chr17:879808:esophagus_muscularis_mucosa:0,TP,1
6.0714498,0.04835286,0.34866154,0.51434195,0.36910892,-0.6322055,-0.45924452,0.5637283,-0.43089813,0.31135964,1,chr12:42144490:testis:0,TP,1
6.1223907,0.20811175,0.10734556,0.27472162,0.32904533,-0.7749344,-0.21922705,-0.078606464,-0.06732252,0.08876061,1,chr6:17600816:transverse_colon:0,TP,1
-2.9206636,-0.6166531,-1.2438768,0.5094213,-0.5432853,-0.8282395,-0.6504391,-0.33650357,0.5078741,-0.05309705,0,chr1:26921783:gastroesophageal_sphincter:0,TN,0
-3.0387695,2.3039994,0.062394723,-0.01259266,-0.005295257,0.25708464,-0.09080498,-0.4691175,0.042656068,0.04529436,0,chr4:77385264:spleen:0,TN,0
-3.1476004,-0.55887103,0.66962105,-0.68318135,0.56244045,-0.59702367,-0.18455985,-0.61715466,0.19456209,-0.5221806,0,chr16:20383677:transverse_colon:0,TN,0
4.118654,1.6444969,-0.0059975954,-1.273731,0.053884257,0.12899618,-0.5495089,-0.35299736,0.7961774,-0.2799315,1,chr4:75289967:transverse_colon:1,TP,1
5.5659657,-0.33414635,-0.22680098,1.2762839,0.35746178,0.29381737,0.056751873,-0.7831146,-0.7489034,-0.39755377,1,chr2:67906552:body_of_pancreas:0,TP,1
-3.287066,-0.08596672,-0.512366,0.015578279,-0.10069282,-0.7421926,-0.24212608,-0.03137408,-0.38833678,0.055806488,0,chr20:35146689:adrenal_gland:0,TN,0
-3.025919,-0.16524139,1.1098723,-0.05221099,0.36815077,-0.6785935,-0.45876074,-0.30218512,-0.047072504,-0.023739686,0,chr1:39539494:esophagus_muscularis_mucosa:0,TN,0
-2.635737,0.9932445,-0.14564341,0.20609406,0.47196198,0.21493475,0.5908771,0.5724112,-0.30991,0.07195769,1,chr22:22208022:esophagus_squamous_epithelium:0,FN,0
4.2042413,2.6933532,0.07420185,-1.1777635,-1.3610747,0.030990118,-0.56086755,0.2523224,0.15654626,-0.45401987,1,chr7:63015928:spleen:0,TP,1
0.7237517,2.9132075,-0.10346809,-1.392043,-0.4279775,1.1474055,-0.08016885,-0.070652805,0.1955394,0.22103864,1,chr14:55133563:esophagus_squamous_epithelium:0,TP,1
-1.8457575,-0.04938629,0.1712064,-0.5135946,0.7584923,0.05557271,-0.3297021,-0.13764478,-0.15711099,-0.116977155,0,chr6:137705216:tibial_nerve:0,TN,0
-1.4184856,0.048558436,1.8026704,0.8899429,-1.4318652,0.028254913,0.32641545,0.27871478,0.013869282,-0.23537457,0,chr7:139433767:thoracic_aorta:0,TN,0
5.6115766,1.2073463,0.099057086,-0.8963103,-0.33509856,-0.6656288,-0.28531483,0.45317066,-0.0007790342,0.1687065,1,chr2:86221296:gastrocnemius_medialis:0,TP,1
-1.2039288,-0.40120596,-0.73683447,0.93019056,0.91739196,0.43651602,0.112853594,0.53910834,-0.22829163,-0.37003994,0,chr7:6436199:body_of_pancreas:0,TN,0
4.346282,1.4713726,-0.4921785,-0.8602335,-0.20611411,0.09106545,-0.31823206,-0.36336923,-0.6554717,0.47125646,0,chr2:130454949:upper_lobe_of_left_lung:0,FP,1
-2.083016,0.111113794,0.31731036,0.19022198,0.004802601,0.36341116,-0.02385645,-0.06419579,-0.53514457,-0.62544906,1,chr13:20489384:gastrocnemius_medialis:0,FN,0
-3.1224837,0.5509488,-0.3480517,-0.21023464,0.77494293,0.129296,-0.018319659,0.56653255,-0.00023807463,-0.053471565,1,chr1:53861076:tibial_artery:0,FN,0
0.041688524,-0.98181665,0.07195084,-1.3551904,0.51083684,-0.37882167,0.86007595,-0.6929345,0.6782362,-0.1499359,0,chr13:98266233:body_of_pancreas:0,TN,0
-1.3191558,0.3743644,-0.44777814,-0.3546951,0.9786179,-0.17051369,1.1326733,0.56985193,-0.022969788,0.6484311,0,chr7:142760685:body_of_pancreas:0,TN,0
3.2073278,-2.7508724,-0.7188721,0.32030493,0.078126036,1.1490333,-0.10391656,0.46568447,0.04803824,0.038208287,1,chr19:4352840:esophagus_squamous_epithelium:0,TP,1
5.90837,0.16492598,0.56623924,0.8208895,0.33191448,-0.61889803,-0.48854306,0.41082937,-0.2421341,0.62320435,1,chr3:75785547:prostate_gland:0,TP,1
5.351921,1.0659748,-0.5084616,-0.5259339,-0.7975022,-0.39772302,-0.08895053,-0.22847113,0.0463206,-0.5365684,1,chr9:42852316:transverse_colon:0,TP,1
-3.4906876,-0.2529522,-0.033320934,0.1296637,-0.48592293,-0.6876967,-0.7024481,-0.16518022,-0.1123901,0.0041981586,0,chr12:108562656:esophagus_squamous_epithelium:0,TN,0
-2.9968922,0.72934496,0.25621226,-0.075636506,0.9462382,0.3057199,0.09175703,-0.010609485,-0.3757791,0.049173295,0,chr5:75681235:prostate_gland:0,TN,0
4.803789,1.1608735,0.010205888,0.59849584,0.1670565,0.72151643,0.32008868,-0.46345815,-0.27736813,-0.22205856,0,chr1:149554253:body_of_pancreas:0,FP,1
5.351921,1.0659748,-0.5084616,-0.5259339,-0.7975022,-0.39772302,-0.08895053,-0.22847113,0.0463206,-0.5365684,1,chr9:42852316:esophagus_squamous_epithelium:0,TP,1
-2.3556027,-0.6057492,2.0537949,0.34074584,-0.6861707,-0.036004465,-0.16114104,-0.06842638,-0.4817303,0.5322915,1,chr19:45427520:transverse_colon:0,FN,0
-2.7065225,-0.85055673,-1.4486867,0.091232784,-0.69959444,-0.85611594,-0.6172516,-0.6608262,0.57307297,0.2544839,0,chr9:114611303:prostate_gland:0,TN,0
-2.7180026,-1.0087607,-0.4694181,-0.16898586,-0.92038006,-0.14349954,-0.11280507,-0.11407974,0.47691745,-0.24513517,0,chr19:45681958:suprapubic_skin:0,TN,0
5.672909,0.64635986,-0.304707,0.12840301,-0.15687554,0.1623842,-0.07729989,-0.055663597,-0.2723368,-0.4349015,1,chr2:165698939:adrenal_gland:0,TP,1
-3.1224837,0.5509488,-0.3480517,-0.21023464,0.77494293,0.129296,-0.018319659,0.56653255,-0.00023807463,-0.053471565,1,chr1:53861076:esophagus_squamous_epithelium:0,FN,0
-2.7597404,0.19598344,0.23677346,0.28218463,0.60904497,0.20038201,-0.31311306,-0.0011555507,-0.37826803,-0.27712262,0,chr7:138886782:transverse_colon:0,TN,0
-2.2451735,1.6077096,-0.09630723,-0.5203192,0.59670043,0.80587244,-0.1868081,-0.22176346,-0.65203726,0.48784223,1,chr9:17531876:thoracic_aorta:0,FN,0
-2.9645565,-0.15298192,-0.47357392,-0.22343944,-0.31831336,-0.5927806,0.2160128,0.06891194,-0.30281368,-0.1740699,0,chr15:88834575:sigmoid_colon:0,TN,0
-3.1449757,-0.47001538,-0.88687617,0.30972388,0.1517012,-0.82816046,-0.61574966,0.06975888,0.42086214,0.27893385,0,chr5:58460191:lower_leg_skin:0,TN,0
5.0001607,2.4299338,0.11259613,-1.1333749,-0.8511259,-0.4934635,-0.83222115,0.19863893,0.07111908,0.022388479,1,chr11:60251676:thoracic_aorta:1,TP,1
0.029166527,0.22777984,-0.09345365,-0.4266048,1.4818046,1.1579622,1.4587533,0.23798604,1.0934095,0.56687725,1,chr6:43386692:tibial_artery:0,FN,0
5.854133,-0.4684049,-0.0699294,1.1882348,0.41654184,-0.05311388,0.0485661,-0.49956787,-0.78608674,-0.15756884,1,chr2:67906567:transverse_colon:0,TP,1
5.192261,1.455933,0.28548783,-0.85303974,0.124393284,-0.8496021,-0.124152906,-0.02683436,0.39707538,0.44473496,1,chr7:67176863:esophagus_muscularis_mucosa:0,TP,1
-1.8769321,-1.5238074,0.55391735,-1.2342733,0.1669688,-4.81814e-06,0.47271848,-0.23703098,0.26417205,-0.36267728,0,chr22:36368167:body_of_pancreas:0,TN,0
-2.5405731,-0.1574015,0.9375883,-0.62935036,0.46307838,-0.29315993,0.2513497,-0.8775213,0.35186756,-0.4299077,0,chr17:49032635:adrenal_gland:0,TN,0
-3.360037,0.6066442,-0.11114949,-0.28275666,-0.06798316,-0.07917485,-0.29006943,0.25922668,-0.036292676,-0.21505891,0,chr19:38769553:upper_lobe_of_left_lung:0,TN,0
-2.695413,-0.27230865,0.009845699,-0.48646992,-0.32225567,0.33132145,-0.15978284,0.1577061,-0.007682268,-0.19254287,1,chr6:169655219:adrenal_gland:0,FN,0
6.0065327,0.4366753,-0.00917794,-0.24109414,0.24260102,-0.8415128,-0.26966727,0.08146365,-0.17872246,-0.14213891,1,chr6:137653697:tibial_artery:0,TP,1
-1.4605422,-1.1469091,-0.3848043,-1.1678357,0.9357354,-0.11710157,1.0743438,0.25363874,0.21144976,0.10786668,0,chr2:96580929:tibial_artery:0,TN,0
1.757421,0.041841943,-1.4889503,1.2820022,-0.4233372,1.1392689,0.9215488,-0.96041805,-0.56891793,-0.8139224,1,chr15:40906278:adrenal_gland:0,TP,1
-3.3265932,2.0190017,-0.35024244,0.59187025,0.6888105,-0.25150627,0.0061203,1.1721808,-0.118441895,0.1861299,0,chr8:141265701:thoracic_aorta:0,TN,0
-2.2416842,-0.1953525,1.310372,0.72295445,-0.34829396,-0.15412499,0.088244215,0.20659935,-0.22548616,-0.11207947,0,chr4:177339717:body_of_pancreas:0,TN,0
-1.7478139,1.7131863,0.19009973,0.35439563,1.0112276,0.75086373,-0.14592221,-0.35003564,0.3923449,-0.2047008,1,chr9:18690008:body_of_pancreas:0,FN,0
0.38140613,-2.4080508,0.2527584,-0.4951933,-0.6443989,0.7073884,-0.32938182,-0.08715857,-0.39832732,-0.4033457,0,chr19:38962208:adrenal_gland:0,TN,0
2.110803,-0.3545424,0.422786,0.14594793,-0.35103345,1.2327942,1.0457293,-0.43269092,-0.7522025,-0.42780626,0,chr22:30303096:body_of_pancreas:0,FP,1
-2.218923,-2.257798,0.050839882,0.13473845,-0.6968663,-0.46441713,-0.5996166,0.35445756,-0.7823547,0.63864523,0,chr18:32470392:prostate_gland:0,TN,0
-2.9060905,0.999906,-0.21123469,0.8991363,-0.13835873,-0.748723,0.08076062,-0.11172778,-0.42743132,-0.13188386,0,chr2:218607608:thoracic_aorta:0,TN,0
-2.1857264,1.3237671,-0.63096863,0.15510231,0.084723,0.34250298,-0.31659058,0.5778095,0.013754588,-0.4259213,1,chr21:36929924:adrenal_gland:0,FN,0
-2.0849497,0.018007576,-1.1130798,-0.113730736,-1.0869159,0.44819364,0.018512705,0.17781019,-0.163675,-0.40961328,0,chr1:184036610:body_of_pancreas:0,TN,0
-3.0827203,0.025558352,-0.3649374,-0.22184873,-1.0397598,-0.3451369,-0.079236284,-0.13313209,-0.7146787,-0.17722033,0,chr20:46563164:body_of_pancreas:0,TN,0
-3.3172324,1.16211,-0.68911356,0.5322227,-0.13450298,-0.76707375,0.25389576,0.24615224,-0.27337843,0.18003285,0,chr7:22853784:tibial_artery:0,TN,0
1.757421,0.041841943,-1.4889503,1.2820022,-0.4233372,1.1392689,0.9215488,-0.96041805,-0.56891793,-0.8139224,1,chr15:40906278:body_of_pancreas:0,TP,1
3.5352757,-0.4114322,-0.18139288,0.606999,0.11592798,1.1317446,0.4469663,-0.8270614,-0.8132205,0.5049567,1,chr12:48753691:Peyers_patch:0,TP,1
-2.6546056,-0.48350435,-0.9921022,0.4910973,-0.38723674,-0.3997548,-0.49370736,0.07978866,0.17079708,0.008494283,0,chr2:113199470:sigmoid_colon:0,TN,0
5.002128,1.378101,-0.18901786,-0.92441076,-0.5373736,-0.5189702,0.061503906,-0.003563723,0.1621408,-0.014111271,1,chr22:24006151:thoracic_aorta:0,TP,1
0.046457298,0.5421027,-0.5280488,-1.5541649,0.4778229,1.1789345,-1.094191,0.33248475,-0.55547965,-0.74726474,0,chr8:58657616:body_of_pancreas:0,TN,0
4.5663905,0.62059367,0.45358267,-0.2554744,-0.4106232,-0.1536825,0.99721664,-0.09638091,0.37759978,0.038123183,1,chr5:2070979:upper_lobe_of_left_lung:0,TP,1
-2.6922371,1.0121425,-0.5234509,0.28446227,0.5810777,0.10271902,-0.16936678,0.081003174,0.26674205,0.0070141368,0,chr2:19542021:transverse_colon:0,TN,0
6.03064,0.5468609,-0.10262636,-0.3188469,0.09422796,-1.1541351,-0.19705577,0.072596684,-0.067124546,0.10947836,1,chr9:42974893:thoracic_aorta:0,TP,1
2.35532,-0.5076936,0.43256235,1.0743736,0.38250798,0.23386246,0.54850656,0.18777174,0.56941646,-1.0302866,1,chr2:168375394:body_of_pancreas:0,TP,1
6.0165586,0.22701114,-0.028487913,0.11678945,0.33539456,-0.4970742,-0.24670504,-0.12414292,-0.24212953,-0.16685426,1,chr8:13655256:prostate_gland:0,TP,1
-3.1760848,0.308039,-0.35572276,-0.011302233,0.26726153,-0.5328391,-0.28271994,0.47402078,0.007703045,0.07957707,0,chr17:2095050:adrenal_gland:0,TN,0
-0.08175622,-1.2160162,-0.042067263,-0.7652509,1.1476529,0.17093445,0.615108,-0.9662942,0.15785253,0.13847607,1,chr11:19993673:body_of_pancreas:0,FN,0
-3.2871141,0.9263579,-0.5852306,0.37477073,-0.036974844,-0.70830256,0.06752724,0.20023797,-0.4526698,-0.2813931,0,chr1:211517288:transverse_colon:0,TN,0
-1.8669046,-1.7684573,-1.6975985,0.4717871,-0.36889005,-0.7720979,0.08941099,0.14368385,0.4705537,0.101453885,0,chr11:119728930:Peyers_patch:0,TN,0
5.7642493,0.74146086,-0.25364918,-0.038546957,-0.16700472,-0.04383271,-0.35354522,-0.20068055,-0.29160964,-0.44116297,1,chr2:165698937:adrenal_gland:0,TP,1
-0.6457795,0.7826484,-1.3683355,0.4601722,-1.4975897,0.34167415,0.70881176,0.36413088,-0.051333763,-0.7206749,0,chr16:88759576:tibial_nerve:0,TN,0
5.536976,0.44538337,-0.9549562,-0.22420019,-0.44563442,-0.77318996,-0.05987998,-0.20659994,-0.16244313,0.27777395,1,chr9:129437589:body_of_pancreas:0,TP,1
0.7498017,-0.083376005,0.49043095,0.25083807,-1.1302737,0.37117717,0.36612594,-0.29516128,1.2922051,1.0622318,0,chr19:47436804:adrenal_gland:0,FP,1
4.3117065,-0.58586067,-1.3723888,-0.34096608,-0.706293,-0.28161323,0.3677069,-0.60321856,0.4724154,-0.60467625,1,chr10:78303516:sigmoid_colon:0,TP,1
5.7928886,0.7728145,-0.13873008,-0.14662488,-0.12580433,-0.17079863,-0.10332618,-0.107265174,-0.43306127,-0.19078055,1,chr6:29705705:tibial_nerve:0,TP,1
1.757421,0.041841943,-1.4889503,1.2820022,-0.4233372,1.1392689,0.9215488,-0.96041805,-0.56891793,-0.8139224,1,chr15:40906278:tibial_artery:0,TP,1
-2.323701,-1.1283191,-1.1382638,0.75588197,-1.1818115,-0.6968837,-0.10967627,0.35929972,-0.022853656,0.25999117,1,chr17:42761347:gastroesophageal_sphincter:0,FN,0
-2.3452084,0.5921733,-0.37055904,1.0051788,1.2188263,0.10332436,-0.35617816,0.61923283,-0.07455148,-0.2283294,0,chr8:16831872:gastrocnemius_medialis:0,TN,0
-2.405533,-0.003538006,0.052033134,0.41271248,1.2497091,0.12306413,-0.07270348,-0.44965136,0.14039706,-0.08805188,0,chr5:128905877:Peyers_patch:0,TN,0
-1.2034948,-1.4909977,-0.5742828,-1.2570949,-1.1721083,-0.42368346,1.3351334,0.39059684,0.30278945,0.5558381,0,chr4:8607735:upper_lobe_of_left_lung:0,TN,0
3.2418015,-2.3289778,-0.35871816,2.159675,0.63635975,1.0311574,0.016110618,-1.1253206,0.58986354,-0.15998392,1,chr9:66270561:testis:0,TP,1
0.06457281,-0.15068716,1.1336039,0.072590455,-0.19984427,1.7578242,0.8203456,0.6054683,0.62828124,-0.39688355,1,chr20:41572206:body_of_pancreas:0,FN,0
-1.328026,0.6364412,0.06294219,-0.9141703,0.31311128,0.9853913,-0.14042091,0.6238236,-0.14932835,0.4310601,0,chr3:108915007:transverse_colon:0,TN,0
3.9661708,3.4086459,0.07249264,-1.3686961,-1.1388674,-0.6256533,-0.51484734,-0.2114584,-0.023913406,-1.1320802,0,chr7:63015743:body_of_pancreas:0,FP,1
-2.1548214,-0.751454,-0.41183358,-0.021112273,1.5090843,0.32072645,0.03941716,0.66036046,0.14684966,-0.1478534,0,chr6:131915397:esophagus_muscularis_mucosa:0,TN,0
-2.178719,-0.2770436,-1.0598124,-0.054678936,-0.26818845,0.5071466,-0.35905161,-0.3471522,0.42001095,0.74648565,0,chr12:123584376:body_of_pancreas:0,TN,0
-1.8741933,0.1413544,-1.0436502,-0.3366986,0.13124442,1.417377,0.09571789,0.92654735,0.22157459,-0.06888843,1,chr12:3658553:Peyers_patch:0,FN,0
-2.083016,0.111113794,0.31731036,0.19022198,0.004802601,0.36341116,-0.02385645,-0.06419579,-0.53514457,-0.62544906,1,chr13:20489384:thoracic_aorta:0,FN,0
-2.7210793,1.6908653,-0.29444245,0.14571978,0.49489,0.46238658,0.5964273,0.5684523,-0.34102216,0.15325294,0,chr2:215920242:body_of_pancreas:0,TN,0
-2.520707,0.12270215,-0.5887429,0.3974652,0.4549331,-0.17868029,-0.01513271,0.02998803,-0.39755085,-0.11006839,0,chr16:4924992:body_of_pancreas:0,TN,0
-0.75685906,1.419541,0.01087,-1.1488705,0.20663697,1.0432706,-0.1513982,0.17834312,0.75283116,0.024102265,0,chr21:34362280:esophagus_muscularis_mucosa:0,TN,0
-2.904086,1.4647448,0.6179011,0.5109157,0.55802506,-0.14396971,0.11574017,-0.6733583,0.34463155,-0.10261439,0,chr7:86939315:suprapubic_skin:0,TN,0
-2.2451735,1.6077096,-0.09630723,-0.5203192,0.59670043,0.80587244,-0.1868081,-0.22176346,-0.65203726,0.48784223,1,chr9:17531876:suprapubic_skin:0,FN,0
-1.2090918,-2.167581,0.509189,-1.5615484,-0.2892751,0.7519193,-1.3565439,0.44581547,-0.15129426,-0.13593093,1,chr16:11211:tibial_nerve:0,FN,0
1.5178608,-2.928821,1.4437306,1.2707382,0.4485836,0.5551097,-1.3104903,2.1792276,1.0950907,-0.22656278,1,chr8:44636977:tibial_nerve:0,FN,0
-3.3335142,0.12653102,-0.54827553,0.18438418,-0.4062688,-0.44930214,-1.034886,-0.11377638,0.62055045,0.06846504,0,chr4:189940927:upper_lobe_of_left_lung:0,TN,0
-0.30789122,-2.11081,-1.7943587,1.2725778,0.011995266,0.2868787,-0.12987615,-0.21453755,-0.023768345,0.07823651,1,chr3:136195872:prostate_gland:0,FN,0
-3.0366883,2.9018855,-0.020902425,0.101198114,0.25558966,0.22933337,-0.058167852,0.6501,0.19889332,-0.23904784,1,chr9:127348292:thoracic_aorta:0,FN,0
6.1223907,0.20811175,0.10734556,0.27472162,0.32904533,-0.7749344,-0.21922705,-0.078606464,-0.06732252,0.08876061,1,chr6:17600816:upper_lobe_of_left_lung:0,TP,1
-0.61838883,1.5199431,2.4352052,1.5754591,-1.6102993,0.20907226,-0.11155709,0.5186373,0.9050764,0.044245075,1,chr20:28507029:thoracic_aorta:0,FN,0
-3.4126275,1.8025595,-0.16985588,0.69666946,0.75182986,-0.36791396,-0.38759312,-0.3514753,0.22972834,0.14698459,0,chr13:50911951:esophagus_squamous_epithelium:0,TN,0
-3.1087244,-0.114744425,-0.60582316,0.07293676,0.2708263,-0.5453761,-0.029119028,0.24976948,-0.06540193,-0.28725842,0,chr20:51372287:suprapubic_skin:0,TN,0
-3.183356,1.9535091,-0.32489127,0.13437207,0.53927064,-0.008512775,0.26220453,0.58269227,-0.145562,0.09364658,1,chr9:546973:upper_lobe_of_left_lung:0,FN,0
-3.1219506,0.012141333,-0.35033983,0.29259875,0.35989276,-1.1850222,-0.16964589,0.17506947,-0.38195524,-0.18704152,1,chr15:70467027:upper_lobe_of_left_lung:0,FN,0
4.750394,-1.0931108,0.641603,0.91756123,0.5468128,0.2971288,-0.6143107,1.4790547,0.545674,-0.5240114,1,chr8:45161471:gastrocnemius_medialis:0,TP,1
-0.41574976,0.21127231,1.1308179,-0.21716501,0.042910103,-0.27671435,0.18237881,-1.2917436,1.1917257,0.38135,0,chr21:45290006:tibial_artery:0,TN,0
-3.4074357,-0.17797878,-0.34803212,0.0133615555,0.40507582,-1.1852007,-0.52841216,-0.39009616,0.19711804,0.1887294,0,chr1:111449472:upper_lobe_of_left_lung:0,TN,0
-3.4411917,1.423719,-0.33585247,0.18341732,0.7646723,-0.12222943,-0.5006088,0.42758942,-0.012164434,0.050080065,0,chr1:11909859:esophagus_squamous_epithelium:0,TN,0
-1.8043987,-1.2212342,1.0004442,-0.6139607,0.9433326,-0.53884786,0.3528088,-0.770554,-0.10525671,0.290931,0,chr20:54207207:thoracic_aorta:0,TN,0
-2.8569715,2.4986694,0.24618639,0.42487735,-0.06370366,-0.1086209,0.09077106,-0.49354628,-0.3463229,-0.3659603,0,chr5:177463640:body_of_pancreas:0,TN,0
-2.4307866,3.7447019,0.23368904,-0.024059385,0.0925813,0.675364,0.5865023,0.7581811,-0.18364877,-0.025704794,0,chr9:42498879:body_of_pancreas:0,TN,0
-2.5511198,-0.34520248,2.0570195,-0.3725437,-0.5356089,0.040549364,-0.14730191,-0.51881695,-0.154256,0.35426515,0,chr4:38783176:spleen:0,TN,0
3.10352,-1.7101871,0.3483017,0.25736177,0.497694,-0.58321553,0.33764982,0.2670036,0.23581263,0.99870926,0,chr19:52748468:testis:0,FP,1
0.5065326,-0.8491155,-1.5704807,0.28616786,-0.6005547,0.60610414,-0.039037056,-0.68948525,1.1265541,0.76748556,1,chr12:50283650:tibial_artery:0,TP,1
-2.3329341,-0.4250203,-0.22361146,0.026333157,0.5827286,-0.9964913,0.64022684,0.31399426,-0.16453946,-0.50798786,0,chr19:9435783:testis:0,TN,0
-0.261569,-0.063973896,1.6890638,0.91668963,-1.051019,0.14633037,0.53206074,0.8350109,0.8049917,-0.24106462,0,chr5:110692916:upper_lobe_of_left_lung:0,TN,0
5.742974,0.055788916,0.6449897,0.5696201,0.21192694,-0.19221602,-0.21942915,0.30394182,-0.13605782,0.70854527,1,chr17:22822734:gastroesophageal_sphincter:0,TP,1
-1.793571,-1.7352793,-1.6319311,0.15013103,-0.40471205,0.07222399,0.41725373,0.8703421,0.28349793,0.56029403,1,chr3:196528837:body_of_pancreas:0,FN,0
2.2692862,-1.4490534,-0.1886726,0.6345067,0.28734258,1.9756647,0.21050388,0.1834122,-0.33402514,-1.0973718,1,chr14:75132451:prostate_gland:0,TP,1
5.929857,-0.2756206,0.51088774,0.5621674,0.5603541,-0.1953402,-0.28742012,0.20371814,0.07295337,0.6483828,1,chr17:22909996:spleen:0,TP,1
1.2491331,0.03898033,0.94388026,2.1490974,-0.20981978,0.12920718,0.22570136,-0.43853462,0.19211765,0.3465532,1,chr16:20436111:body_of_pancreas:0,TP,1
-2.5169303,1.5035203,-0.071011424,0.6482058,0.51657104,0.23371005,-0.57200354,-0.76984024,0.3485648,-0.008372072,0,chr12:91578079:gastrocnemius_medialis:0,TN,0
4.9442368,0.41512376,-0.08970157,0.65364313,-0.08971607,-0.06258681,0.59995943,-0.84478253,-0.39601675,-0.40490964,1,chr3:47793520:body_of_pancreas:0,TP,1
4.53428,-1.049306,0.21130668,-0.5210641,0.126038,-0.33387405,1.6773486,0.18639812,0.4486581,-0.0624948,1,chr5:2070951:spleen:0,TP,1
-2.121237,0.28068832,1.7691861,0.5097104,-1.1065148,-0.19850081,0.3345869,-0.20932601,0.70243174,0.0823961,0,chr7:5085799:suprapubic_skin:0,TN,0
-1.9271561,-0.5933852,-1.3804228,0.40349144,-0.36235243,-0.6717409,1.0107753,0.37119818,-0.35255903,-0.57442915,1,chr14:101235442:tibial_artery:0,FN,0
-1.5224686,-2.0347822,0.18329898,-0.8046086,2.0353127,0.031373207,-0.061722413,-1.1155317,-0.48964453,0.48190337,0,chr6:118776888:gastrocnemius_medialis:0,TN,0
-1.5611372,-0.74193776,0.8833322,-0.36859587,-0.74164516,0.45476836,0.6845735,-0.7830632,-0.30694628,-0.11037049,1,chr10:78471394:adrenal_gland:0,FN,0
5.0001607,2.4299338,0.112596065,-1.1333759,-0.8511263,-0.49346232,-0.83222026,0.19864026,0.07112056,0.022388872,1,chr11:60251676:transverse_colon:0,TP,1
-2.5845876,-1.4359794,-0.0066523296,0.96510506,-0.52385503,-0.9051184,-0.64398855,0.65579677,-0.34000063,0.013615631,1,chr1:11926477:spleen:0,FN,0
6.0905566,0.4454636,0.043288246,0.0822302,0.45202392,-0.91122633,-0.1839441,0.11308269,-0.2279174,0.09103277,1,chr9:33523921:prostate_gland:0,TP,1
-3.6543941,1.5623705,-0.04528787,0.06031568,-0.24469848,-0.8331826,-0.14052205,0.28967905,-0.18431583,-0.4224482,0,chr3:38651525:tibial_artery:0,TN,0
5.826166,-0.086122595,-0.28474146,-0.26535654,0.5475871,-0.9748127,0.09783628,0.08567876,-0.072053365,-0.44432062,0,chr9:129437460:tibial_nerve:0,FP,1
-3.0333912,0.6086845,-1.2523186,0.7119315,0.18447913,-0.40680015,-0.45207787,-0.09343891,0.6719604,0.5526554,0,chr18:5628414:Peyers_patch:0,TN,0
-2.3290136,-0.3113131,-0.17354585,0.15870397,0.8662177,-0.5042147,0.5663414,0.24601819,-0.44103757,0.19700931,1,chr4:77240591:tibial_artery:0,FN,0
0.95162416,-1.3469199,0.6275695,-0.47651383,-0.36745355,0.6930681,0.750555,0.73853654,0.57519525,-0.33307853,0,chr16:8538467:body_of_pancreas:0,FP,1
-1.778318,0.7040057,-0.75859475,0.095706604,0.47665587,0.86635435,0.15581597,0.23927835,0.17311211,0.8341269,0,chr7:100217197:prostate_gland:0,TN,0
-0.05601267,-1.3367944,2.105861,0.4180852,-0.37992337,-0.56240267,0.5152278,-0.43227535,-0.30177984,1.0056146,1,chr20:15174656:body_of_pancreas:0,FN,0
-3.0780785,-0.38982302,0.7597511,0.02319834,-0.0043821936,-0.3750784,0.041926946,-0.23290883,-0.59626395,-0.5415555,1,chr17:43944338:adrenal_gland:0,FN,0
1.8738364,-2.4348977,-0.26976454,0.5611551,-0.2974429,0.7661355,0.81471264,0.8197022,-0.15940236,-0.11081931,1,chr19:4352765:tibial_nerve:0,TP,1
5.929857,-0.2756206,0.51088774,0.5621674,0.5603541,-0.1953402,-0.28742012,0.20371814,0.07295337,0.6483828,1,chr17:22909996:tibial_nerve:0,TP,1
-2.670832,-0.2237172,2.1762888,-0.16570368,-0.7399445,-0.43402812,0.21014667,-0.6281375,0.043598033,-0.46081048,0,chr10:15106907:sigmoid_colon:0,TN,0
2.308362,0.3362957,0.47344956,-0.28761923,-0.10490612,-0.15723361,1.5538368,0.20058048,0.124096304,0.092820354,0,chr1:96416401:thoracic_aorta:0,FP,1
3.10352,-1.7101871,0.3483017,0.25736177,0.497694,-0.58321553,0.33764982,0.2670036,0.23581263,0.99870926,0,chr19:52748468:prostate_gland:0,FP,1
-2.718362,-1.018654,1.115904,-0.39399305,-0.219769,0.3349941,-0.12891899,-0.10777575,0.33484024,-0.8965489,0,chr20:22750344:body_of_pancreas:0,TN,0
-2.1438086,0.42933688,2.489435,0.8736362,-0.737047,-0.36770007,0.024941586,-0.24711107,-0.3432018,0.4613499,1,chr10:115584868:body_of_pancreas:0,FN,0
-3.196647,-0.5219741,-0.7077637,0.030512387,-0.026771862,-0.43713525,-0.83271617,-0.38182285,0.32270813,0.20934086,1,chr1:94417980:tibial_artery:0,FN,0
-3.1224833,0.5509466,-0.3480524,-0.21023497,0.77494293,0.12929611,-0.01831895,0.5665333,-0.00023806049,-0.05347114,1,chr1:53861076:upper_lobe_of_left_lung:0,FN,0
-2.0830173,0.111118145,0.3173093,0.19022326,0.0048024748,0.36340994,-0.023855694,-0.064195156,-0.5351432,-0.62545013,1,chr13:20489384:prostate_gland:0,FN,0
-2.6078591,1.8283423,0.19076516,0.3326563,0.12201613,0.16751435,-0.46231687,-0.16512427,-0.0668151,-0.18283543,0,chr16:20439274:body_of_pancreas:0,TN,0
-2.8919692,0.9191917,-1.3003348,0.13438512,-0.8911273,0.18021525,-0.51920354,0.103774235,0.16976158,0.16178346,1,chr11:1652791:thyroid_gland:0,FN,0
5.7516813,-0.15306441,0.44117296,0.37951258,0.36748472,-0.3076506,-0.20223098,-0.057783842,0.011447783,0.43840724,1,chr1:124794087:gastrocnemius_medialis:0,TP,1
5.1461153,0.20689707,-0.16039532,1.0981439,0.6074648,0.49172616,0.1602293,-0.91324663,-0.4306652,-0.02631552,1,chr11:19259633:upper_lobe_of_left_lung:0,TP,1
-2.695414,-0.27230597,0.009846372,-0.48646858,-0.3222566,0.33132192,-0.1597827,0.15770553,-0.00768214,-0.19254315,1,chr6:169655219:thoracic_aorta:0,FN,0
6.0677805,0.42151645,-0.13214242,-0.012846331,0.29632893,-0.8357311,-0.29378167,-0.09261483,-0.30979025,-0.16561835,1,chr8:38060269:upper_lobe_of_left_lung:0,TP,1
-2.325718,-1.5152375,-0.045735713,-1.0636109,-0.09571901,0.17734565,-0.55347526,-0.0638372,-1.1494378,-0.69195783,1,chr7:22550492:adrenal_gland:0,FN,0
6.0036983,0.52964723,0.19451751,0.30956036,0.38471892,-0.7517967,-0.40266106,0.0803391,-0.32324743,0.17713463,1,chr3:75785357:tibial_artery:0,TP,1
6.042911,0.16955851,-0.15559418,-0.1728083,0.02108957,-0.60005456,-0.6202952,0.18417436,-0.32473007,0.20254815,1,chr17:45585364:spleen:0,TP,1
-2.5840352,0.9757176,-0.05641821,0.26342598,0.5580019,0.108957276,-0.20358007,-0.73458385,-0.27989468,-0.010015684,0,chr4:11623963:thoracic_aorta:0,TN,0
-0.58697224,-0.79219294,0.88871384,-0.4327087,1.1362984,-0.47167414,-0.28876618,-1.0158617,-0.7807721,0.22132657,1,chr2:169676609:body_of_pancreas:0,FN,0
0.33646607,-2.1646707,-1.5821141,-0.21670626,-0.83619213,-0.9040664,0.37966257,-0.33700866,1.1020702,0.53881156,0,chr9:136400120:transverse_colon:0,TN,0
-0.61285317,0.3966857,-0.044100866,-0.26183832,-0.4610334,0.20005774,1.4523357,0.98067373,-0.034368478,0.47446594,0,chr7:104945068:tibial_nerve:0,TN,0
-0.69661057,-0.8527011,-0.24078907,-1.1689879,0.9264418,0.36680335,0.55966234,0.848582,0.38778287,0.061230972,1,chr1:160835143:gastrocnemius_medialis:0,FN,0
5.853317,0.5200487,-0.3019769,-0.059398923,-0.15719362,-0.65036756,-0.4188635,0.2260984,-0.35350537,-0.020377373,1,chr17:50532736:Peyers_patch:0,TP,1
1.5114224,-0.79376245,-0.81140876,-0.19990495,-0.7472585,1.9020827,-1.0596287,-0.23692283,1.5017918,0.37094,1,chr2:196068383:Peyers_patch:0,TP,1
5.7531967,0.36722806,-0.48441768,-0.3102987,-0.051448237,-0.1280922,-0.23108132,-0.06574609,-0.1268892,-0.06456483,1,chr12:121918386:thoracic_aorta:0,TP,1
-3.2533019,-0.028383257,1.8273408,-0.112433486,-0.087728254,-0.2768411,0.11863898,-0.3712494,0.4679775,0.038716495,0,chr4:38130119:Peyers_patch:0,TN,0
-3.394961,-0.08895098,-0.9950551,0.36516225,-0.21738482,-0.6657035,-0.9203433,-0.14337255,0.42385212,0.011826554,0,chr9:41124996:body_of_pancreas:0,TN,0
-1.6733612,0.11876856,-0.17660303,0.40445814,0.7242281,-0.3352493,0.45159397,-0.10688701,-0.9438792,0.029489074,0,chr1:162612587:adrenal_gland:0,TN,0
-3.452576,0.85327953,-0.41695026,0.60869896,0.9221313,-0.65883166,-0.46308222,-0.33530888,0.2719019,0.20483312,0,chr6:25962722:lower_leg_skin:0,TN,0
1.2950064,-0.37221986,-1.2747362,-1.5246847,-0.32261312,0.60666907,1.1962703,0.4460461,0.07620182,1.6562556,1,chr9:83219889:esophagus_squamous_epithelium:0,TP,1
5.445553,-0.15875404,0.33294854,0.52991295,0.43650472,0.18216196,-0.0771057,-0.3543891,-0.19147088,0.13036026,1,chr14:30690707:gastroesophageal_sphincter:0,TP,1
-2.6758366,0.78100353,-0.038994454,-0.49619296,0.62562627,0.1833518,0.0019278069,0.08728724,-0.3771803,-0.19904657,1,chr12:71214746:Peyers_patch:0,FN,0
-0.08789624,1.1763432,1.0600247,0.40652615,-1.478043,0.9074799,-0.67996657,0.50331366,-0.9205769,0.22374626,0,chr2:64978546:adrenal_gland:0,FP,1
-2.8836334,-0.7425907,-0.73082525,0.55695057,0.41316935,-1.1552085,-0.884286,-0.6169407,0.6335839,0.61534417,0,chr12:52278872:tibial_nerve:0,TN,0
5.192261,1.455933,0.28548783,-0.85303974,0.124393284,-0.8496021,-0.124152906,-0.02683436,0.39707538,0.44473496,1,chr7:67176863:upper_lobe_of_left_lung:0,TP,1
3.77929,0.1898045,-1.251906,-0.4211033,-0.7377323,-0.2941775,0.6484207,0.27424788,0.5160806,0.09791165,0,chr4:41216732:suprapubic_skin:0,FP,1
-2.432356,-0.20062588,-0.45744008,-0.22353174,-0.37046555,-0.12486318,0.5663269,-0.16809231,-0.5016353,-0.33840403,0,chr20:47735973:omental_fat_pad:0,TN,0
4.7481484,-1.0202394,-0.1225313,1.7389288,0.53286034,0.5449081,0.8474447,-0.6620287,0.25464162,-0.8288091,0,chr20:51830686:body_of_pancreas:0,FP,1
-0.7516728,-0.6560835,-0.6136,-0.38472483,-0.73152447,1.341936,0.04886871,0.9899738,-0.6826894,0.1644806,1,chr3:194640569:thoracic_aorta:0,FN,0
-2.7563589,-0.65399945,-0.3349347,0.5792363,0.23427731,-0.3079718,0.29178268,0.14772417,-0.057342168,0.038585965,1,chr19:39194126:body_of_pancreas:0,FN,0
-3.472027,1.593839,1.6822026,0.12423808,-0.66591626,-0.17386097,-0.29243484,-0.32654092,0.05683324,0.08351013,0,chr5:54489403:thoracic_aorta:0,TN,0
0.284317,1.4056244,-0.6720685,-0.36386287,-1.1981448,1.5784975,-0.3793232,0.36776927,-0.07015935,-0.44973427,1,chr17:879808:body_of_pancreas:0,TP,1
-2.7363677,-0.08709145,0.33933786,0.15072274,1.4380425,0.071867764,-0.333968,0.13885364,0.24982318,-0.34231782,0,chr18:74196868:Peyers_patch:0,TN,0
-3.3391194,-0.82831794,-0.62147576,0.31366226,0.69709384,-0.8989765,-0.42722845,0.17324427,0.3419,0.2551425,0,chr19:55259460:tibial_artery:0,TN,0
-3.4375165,0.7879484,-0.5984957,0.64886427,0.53071594,-0.9387759,-0.23114216,0.532394,0.32162184,0.26200995,1,chr9:97633155:upper_lobe_of_left_lung:0,FN,0
-0.97447956,1.5874821,-0.20914039,0.26871568,0.78191507,0.90553904,-0.06383474,-0.20097524,-0.17787457,0.2704241,0,chr1:167600210:esophagus_muscularis_mucosa:0,TN,0
-2.518561,-0.7923735,0.6981804,-1.6227994,-0.17490393,-0.32045102,0.0071876682,-0.53213215,0.088461824,-0.9991519,1,chr8:41651698:body_of_pancreas:0,FN,0
5.556337,-0.5432849,-0.12907329,1.0951878,0.25318685,0.6150619,0.37316465,-0.43083137,-0.37242725,-0.82437056,1,chr3:127748429:thoracic_aorta:0,TP,1
-1.8593612,2.8567047,-0.23308216,-0.19616312,0.5103919,1.1723187,-0.1099232,0.4750138,-0.5238913,-0.11330937,1,chr6:52099017:transverse_colon:0,FN,0
-1.5870835,1.3180588,2.18509,1.2669644,-1.6077461,0.35193893,0.71059513,0.092241175,0.45095456,-0.014277877,1,chr6:34406952:body_of_pancreas:0,FN,0
-2.3771248,-0.09865827,0.061104573,0.088854186,0.19409354,-0.028041635,0.28190768,0.55567694,-0.8637155,-0.47912666,0,chr6:106445145:omental_fat_pad:0,TN,0
-3.281121,-1.1515156,0.021639027,-0.41149396,0.25496447,-0.4614391,-0.5946662,-0.24235705,-0.45225543,-0.071817346,0,chr1:20522585:spleen:0,TN,0
-2.3691025,1.7382002,0.07802758,0.98609763,1.0106649,0.06281176,-0.10430396,-0.30891672,0.096161634,-0.07037016,0,chr5:31270447:transverse_colon:0,TN,0
-2.8919692,0.9191917,-1.3003348,0.13438512,-0.8911273,0.18021525,-0.51920354,0.103774235,0.16976158,0.16178346,1,chr11:1652791:esophagus_muscularis_mucosa:0,FN,0
-2.6707497,-0.4101855,-0.43829986,0.43934083,-0.4979813,-0.115318544,0.36953694,0.02460864,-1.0073581,-0.04512885,0,chr2:109423970:gastrocnemius_medialis:0,TN,0
-3.2372415,-0.19442692,0.03765375,-0.2285918,0.30660903,-0.61672443,0.5503905,0.29588705,-0.500903,-0.035177,0,chr1:202046809:body_of_pancreas:0,TN,0
-2.8341193,-0.58843225,0.7023133,-0.39013663,-0.13303807,0.06780088,-0.21815436,-0.21958928,-0.09026916,-0.16951431,0,chr6:25138494:upper_lobe_of_left_lung:0,TN,0
-1.6743436,-1.0153649,0.07373079,0.52431184,0.30089033,0.68383527,-0.9497524,1.0785624,-0.61337996,-0.1821136,0,chr2:38834937:body_of_pancreas:0,TN,0
-0.6183882,1.5199441,2.4352052,1.5754585,-1.610299,0.2090711,-0.111557394,0.5186363,0.9050758,0.04424608,1,chr20:28507029:prostate_gland:0,FN,0
-2.510189,-0.4694527,1.7028811,-0.56899387,-0.105047375,-0.2534823,-0.04139924,-0.93288684,0.032527253,-0.2481228,0,chr15:60921364:body_of_pancreas:0,TN,0
-1.6064308,0.9356666,-0.5876583,0.8396853,-0.6112678,0.793503,0.5504276,-0.41226634,-0.91098,-0.082282744,0,chr3:187740332:body_of_pancreas:0,TN,0
0.08962706,1.9837034,0.18665594,-1.5634999,-0.40741116,1.4420699,-0.11744819,0.20117083,0.2633035,-0.138188,1,chr8:79352229:body_of_pancreas:0,TP,1
-2.0337412,1.1311958,0.2847959,-0.57865846,1.1790526,1.0701679,0.770022,0.30966407,0.08379355,0.26382312,1,chr5:146662327:adrenal_gland:0,FN,0
-2.389991,-0.01101405,-0.14421083,-0.8118173,-0.7854759,0.27615097,0.5118102,-0.12808596,0.3915168,0.21470599,0,chr21:28993000:Peyers_patch:0,TN,0
1.5178608,-2.928821,1.4437306,1.2707382,0.4485836,0.5551097,-1.3104903,2.1792276,1.0950907,-0.22656278,1,chr8:44636977:tibial_artery:1,FN,0
-2.0734744,-1.4176373,-0.37957078,0.5145791,0.5602513,0.14392877,-0.781515,0.269056,-0.42388043,0.004641421,1,chr8:11746516:esophagus_squamous_epithelium:0,FN,0
-3.1705353,0.18066704,-1.2983245,0.5461006,-0.3117417,-0.7470223,-0.66893226,-0.12363395,0.06951192,-0.04986259,0,chr17:45584661:tibial_nerve:0,TN,0
-1.4259974,-0.7042454,-0.71694016,0.3485664,0.4353072,1.2288471,-1.0136557,-1.1341302,-0.11403971,0.39942092,1,chr19:45427778:body_of_pancreas:0,FN,0
-2.859919,-0.24292773,0.1203156,-1.0003543,0.5210062,-0.17650008,0.29628056,-0.29140162,0.33804336,-0.034068037,0,chr5:172892732:body_of_pancreas:0,TN,0
5.386659,-0.54541314,-0.24843203,0.6049231,0.16379544,0.38538897,0.13800737,-0.17348556,-0.30890948,-1.0883118,1,chr13:26472649:adrenal_gland:0,TP,1
-1.819119,-1.3398892,0.14443055,1.3418359,-0.4085738,-0.5293563,-0.27479628,0.64912224,-0.9365222,0.8747307,0,chr6:37171545:body_of_pancreas:0,TN,0
5.7531967,0.36722806,-0.48441768,-0.3102987,-0.051448237,-0.1280922,-0.23108132,-0.06574609,-0.1268892,-0.06456483,1,chr12:121918386:Peyers_patch:0,TP,1
5.7284875,0.70632106,-0.14104915,-0.23068254,-0.013828839,-0.42951536,-0.600347,-0.2270844,-0.0022719512,0.4653152,1,chr3:75723672:transverse_colon:0,TP,1
3.2384913,-1.8171285,-0.13762031,1.9365195,1.2080148,0.53875387,1.0001066,-0.55049,0.7505769,-0.84763753,1,chr7:25457611:body_of_pancreas:0,TP,1
-2.5448093,-0.48081782,-1.1264347,0.04021649,0.13990937,-0.62138593,-0.36753103,0.3882745,0.14456485,0.09223319,0,chr3:197510147:adrenal_gland:0,TN,0
-3.2698607,0.5868891,-0.4230479,-0.035303034,-0.1429252,-0.4392624,-0.18371904,0.05537062,-0.012908878,-0.26362404,0,chr16:4882927:upper_lobe_of_left_lung:0,TN,0
4.750394,-1.0931108,0.641603,0.91756123,0.5468128,0.2971288,-0.6143107,1.4790547,0.545674,-0.5240114,1,chr8:45161471:tibial_artery:0,TP,1
-2.1950047,-1.0597429,0.26376215,-0.4947841,0.0078075062,0.12500763,0.28227377,0.35529846,-0.92610997,0.33298278,0,chr15:78618838:transverse_colon:0,TN,0
0.0433393,1.9477257,1.7666571,1.671409,-1.6381917,0.18550223,0.15648209,0.3863236,0.42650098,-0.18551381,0,chr8:629456:upper_lobe_of_left_lung:0,TN,0
2.3913703,-0.8075915,1.3751113,0.49709773,0.33938968,0.23629238,0.7064605,-0.3984022,-0.04689974,0.92891604,0,chr1:177987079:body_of_pancreas:0,FP,1
-2.1735938,-1.8964719,0.21357475,-0.9357444,0.122058585,0.10867091,0.2248478,0.00991009,0.11197057,-0.290748,0,chr12:2885560:sigmoid_colon:0,TN,0
-1.5887506,-2.110562,-1.092829,-0.2226887,-0.74979967,0.40637353,-0.8714382,-0.032187875,0.666564,0.09571298,0,chr5:1654154:esophagus_muscularis_mucosa:0,TN,0
6.161287,-0.38117737,-0.16282196,0.27088574,0.57941806,-0.96186906,-0.06362656,-0.12488981,0.087661624,-0.52436656,1,chr12:8390645:testis:0,TP,1
-3.0096085,1.5566608,-0.40095505,-0.017450176,-0.5779841,-0.6467968,0.21380849,0.16494288,-0.3671744,-0.016096996,0,chr12:5022780:adrenal_gland:0,TN,0
-3.2826023,0.45990044,-0.49197432,0.46218526,-0.37578765,-0.9115136,0.49466336,0.32451332,-0.73536444,-0.12631804,0,chr10:132223615:upper_lobe_of_left_lung:0,TN,0
-1.2662276,1.1337906,0.057023726,0.66444594,0.66314024,0.32866782,0.11230775,0.4972397,-0.08797693,-0.26746675,0,chr16:14186081:tibial_artery:0,TN,0
4.559608,0.019836724,-0.34405282,0.76279116,0.6266179,0.0077464585,1.1544048,-0.14887795,-0.27553403,-0.04919447,0,chr9:127023140:body_of_pancreas:0,FP,1
-1.7851554,-0.6138099,0.8684012,-0.5952393,-0.63655514,-0.40895766,0.34727612,-0.34196872,0.643722,-0.00015997124,0,chr2:106587462:tibial_artery:0,TN,0
0.0424174,-0.12251834,1.6228917,0.025828194,0.7073941,0.06453245,-0.001492661,-1.0283115,0.4919932,0.5259129,0,chr17:13330453:body_of_pancreas:0,TN,0
-2.4233875,-0.32780212,1.3024123,-0.19416015,-0.5077752,0.6268723,-0.27683267,-0.5389419,0.51723945,-0.47960156,1,chr1:31423083:upper_lobe_of_left_lung:0,FN,0
-2.7269647,0.860366,-0.19748451,-0.36090267,0.4439332,0.5203697,-0.4608192,-0.3993275,0.12830602,-0.3251822,0,chr7:106462338:adrenal_gland:0,TN,0
-1.9301695,-0.42275992,0.025544738,0.14420493,0.23049217,-0.18030053,0.37149614,-0.8999912,-0.9315828,0.23290797,0,chr19:2391777:thoracic_aorta:0,TN,0
-2.9507484,-1.0914963,-0.7980635,0.34657952,0.16598842,-0.603499,-0.56449133,-0.0019062829,0.1078466,-0.13525353,0,chr2:23927224:tibial_artery:0,TN,0
5.6264873,0.8240596,0.01542106,0.31299442,0.06743603,0.055528454,-0.4317324,-0.22334626,-0.5312443,-0.40211293,1,chr1:103345473:thyroid_gland:0,TP,1
-1.5759201,1.4159986,0.9327629,-1.0424836,0.5901667,0.6204201,-0.54392946,-0.6909514,0.14707175,-0.17411338,0,chr1:241896446:adrenal_gland:0,TN,0
5.90837,0.16492598,0.56623924,0.8208895,0.33191448,-0.61889803,-0.48854306,0.41082937,-0.2421341,0.62320435,1,chr3:75785547:tibial_artery:0,TP,1
5.6115766,1.2073463,0.099057086,-0.8963103,-0.33509856,-0.6656288,-0.28531483,0.45317066,-0.0007790342,0.1687065,1,chr2:86221296:body_of_pancreas:1,TP,1
5.985963,0.11544102,0.31364098,0.21283798,0.26752818,-0.730168,-0.43331698,0.41177738,-0.3636499,0.53088045,1,chr3:75785609:esophagus_squamous_epithelium:0,TP,1
-0.2215935,4.0273786,-0.23728752,-0.9092282,-0.10142956,1.186218,0.52614367,0.9319411,-0.15524067,0.7647735,0,chr18:30281031:thoracic_aorta:0,FP,1
0.65133524,-0.82066333,-2.1635163,0.1655499,-1.2383727,-0.05318579,0.50311804,-0.18063867,0.65836906,-0.14571753,0,chr12:104456761:sigmoid_colon:0,FP,1
5.445553,-0.15875404,0.33294854,0.52991295,0.43650472,0.18216196,-0.0771057,-0.3543891,-0.19147088,0.13036026,1,chr14:30690707:prostate_gland:0,TP,1
5.188446,1.4187882,-0.088933155,-0.25156903,-0.19855365,-0.63711715,0.1461123,0.034304686,-0.2582733,-0.42787087,1,chr10:26574003:adrenal_gland:0,TP,1
-1.2107815,0.9861587,2.240845,0.19324167,-0.6032866,0.28033224,0.8707591,-0.089910656,-0.17896089,-0.24584654,1,chr1:103953594:body_of_pancreas:0,FN,0
-0.79090923,-1.072219,0.11804104,-0.68035895,-0.68470275,-0.4231871,0.39450988,0.049426295,-1.0349854,1.3313893,1,chr11:65552279:tibial_artery:0,FN,0
-3.1476004,-0.55887103,0.66962105,-0.68318135,0.56244045,-0.59702367,-0.18455985,-0.61715466,0.19456209,-0.5221806,0,chr16:20383677:prostate_gland:0,TN,0
5.924679,-0.022997934,-0.35130408,-0.027036145,0.5316567,-1.0271573,0.24157207,0.01760986,-0.04158759,-0.41065115,1,chr9:129437253:Peyers_patch:0,TP,1
5.2308955,0.098592535,0.4248632,-0.7555479,0.23377182,-0.27483195,-0.41234323,0.53034854,0.4696269,-0.04771289,1,chr7:142521135:gastrocnemius_medialis:0,TP,1
5.2559366,1.2303774,0.457904,-0.59170616,-0.11551984,-0.0063530765,-0.65579236,0.15192811,0.22007325,-0.09280599,1,chr7:142485709:gastrocnemius_medialis:0,TP,1
-1.7785965,2.882571,0.073382825,0.08532989,0.3663896,1.1439586,-0.07384588,-0.5607624,0.14425625,0.19010004,1,chr3:24264803:upper_lobe_of_left_lung:0,FN,0
-2.2451735,1.6077096,-0.09630723,-0.5203192,0.59670043,0.80587244,-0.1868081,-0.22176346,-0.65203726,0.48784223,1,chr9:17531876:esophagus_muscularis_mucosa:0,FN,0
-2.8153872,-0.3350384,0.41393456,-0.22715971,0.42655528,0.63332945,-0.49860057,-0.052031502,-0.18591161,-0.32755357,0,chr2:166385021:upper_lobe_of_left_lung:0,TN,0
-0.21265005,-0.12276702,-1.1308217,0.9547062,-1.1753011,1.0609945,0.46023002,-0.28404215,-0.45860273,-0.2985279,0,chr5:671854:prostate_gland:0,TN,0
-1.5816381,-1.2561547,1.970624,-0.11499034,0.07233125,-0.4664543,-0.07886753,0.13983521,0.13224874,-0.053776048,0,chr3:180242324:prostate_gland:0,TN,0
-3.0378592,-0.877387,-0.5548236,0.32844862,-0.08188813,-0.80847836,-0.8095808,-0.8275038,0.40977907,0.35798666,0,chr19:8513975:tibial_artery:0,TN,0
-1.293646,-0.5223743,1.0130306,-0.1866833,-1.151305,-0.1746338,0.9154079,-0.7135831,0.6889025,-0.16010506,0,chr15:67841278:transverse_colon:0,TN,0
3.9661708,3.4086459,0.07249264,-1.3686961,-1.1388674,-0.6256533,-0.51484734,-0.2114584,-0.023913406,-1.1320802,1,chr7:63015743:transverse_colon:0,TP,1
1.5178608,-2.928821,1.4437306,1.2707382,0.4485836,0.5551097,-1.3104903,2.1792276,1.0950907,-0.22656278,1,chr8:44636977:spleen:1,FN,0
0.65578663,-1.1326336,-0.9883207,0.37077844,-0.44612148,0.7145855,1.0139089,0.9718601,-0.027920024,-0.5987978,1,chr5:671892:upper_lobe_of_left_lung:0,TP,1
-0.69661057,-0.8527011,-0.24078907,-1.1689879,0.9264418,0.36680335,0.55966234,0.848582,0.38778287,0.061230972,1,chr1:160835143:esophagus_muscularis_mucosa:0,FN,0
0.47142223,-1.1946083,-1.2803062,-0.39270186,-1.2545189,0.057799604,1.1420306,0.4255795,0.46805793,-0.054188244,0,chr17:55751131:suprapubic_skin:0,FP,1
1.5114224,-0.79376245,-0.81140876,-0.19990495,-0.7472585,1.9020827,-1.0596287,-0.23692283,1.5017918,0.37094,1,chr2:196068383:transverse_colon:0,TP,1
-3.2784972,1.531681,-0.2453956,0.34443188,0.12947044,-0.7695596,-0.12808718,0.08595861,-0.346899,-0.35684308,0,chr14:34379735:body_of_pancreas:0,TN,0
-1.427517,-0.7962569,-1.6716046,-0.51013964,-0.640613,-1.2653081,1.0136812,-0.07164571,-0.1771076,-0.021993147,0,chr7:2524037:body_of_pancreas:0,TN,0
-2.932425,0.822413,0.39854228,0.0860084,0.2807127,-0.4729136,0.36721525,-0.71727145,-0.29536265,-0.11917184,1,chr20:53680309:sigmoid_colon:0,FN,0
-2.358115,-1.2257802,2.1365137,0.40675366,-0.022262545,-0.6613928,0.13861528,0.07668776,-0.18629904,-0.04887432,0,chr9:38208721:body_of_pancreas:0,TN,0
-1.1638979,1.105031,2.262792,0.8895653,-1.3874364,0.14957865,0.4317508,-0.28984717,0.31441426,0.1350419,1,chr8:30230823:tibial_artery:0,FN,0
3.2418015,-2.3289778,-0.35871816,2.159675,0.63635975,1.0311574,0.016110618,-1.1253206,0.58986354,-0.15998392,1,chr9:66270561:esophagus_muscularis_mucosa:0,TP,1
-3.062078,1.4636859,-0.3063862,0.10802312,-0.08846196,-0.81562865,0.75729203,0.23179188,-0.8092397,-0.49569935,0,chr4:15396281:Peyers_patch:0,TN,0
4.495985,1.2536995,-0.59096026,-0.81676894,-0.14165443,0.69873726,-0.5177197,0.43500447,-0.493209,0.406591,0,chr9:114805768:upper_lobe_of_left_lung:0,FP,1
5.944322,0.61660296,-0.12180177,-0.3085412,-0.011157831,-0.46555743,-0.3731735,0.12090157,-0.18119691,-0.070262276,1,chr19:21569254:body_of_pancreas:0,TP,1
-2.8651383,0.52383244,0.1276774,-0.16637737,0.8779145,0.09546423,-0.29246405,-0.55293965,-0.35527748,-0.34626967,1,chr11:19980899:body_of_pancreas:0,FN,0
-2.4167776,0.45767438,-0.318244,0.44130424,-0.019519933,-0.52068967,0.46868232,0.14715388,-0.32008314,-0.08255622,1,chr12:65511599:tibial_artery:0,FN,0
-1.7562565,-1.2132171,-2.2672236,0.785595,-0.73917365,-0.8806892,-0.13949592,-0.28575885,1.24598,0.39520428,0,chr1:19644358:prostate_gland:0,TN,0
-2.3828785,0.5222699,-0.033497967,0.616157,1.4109179,-0.00033001794,-0.45905888,-0.5877684,0.269668,0.1837003,0,chr14:81625444:tibial_nerve:0,TN,0
5.985963,0.11544102,0.31364098,0.21283798,0.26752818,-0.730168,-0.43331698,0.41177738,-0.3636499,0.53088045,1,chr3:75785609:tibial_nerve:0,TP,1
-0.9857196,-0.8287422,2.0722558,0.22647029,-0.1755501,0.08406948,0.36776897,-0.12493821,0.11795877,-0.22195895,0,chr2:240277255:thoracic_aorta:0,TN,0
-2.7768412,0.06709196,0.26795584,0.10850193,1.3448433,-0.5045786,-0.29312035,-0.32791543,-0.0219094,-0.47687525,0,chr2:89262782:body_of_pancreas:0,TN,0
-1.9716547,0.7984957,0.0079463,-0.074572615,0.96751803,-1.1967987,-0.08505384,0.17343043,0.6348059,0.08284064,0,chr3:22680021:body_of_pancreas:0,TN,0
3.668524,0.71618164,0.4651474,0.8824983,0.23924696,-0.061800323,-0.19318976,-0.5452029,-0.4418039,0.7465055,0,chr12:14454207:transverse_colon:0,FP,1
-2.7169201,0.10813199,-0.0817343,0.10298427,1.304118,-0.061464164,-0.4200381,0.2974628,-0.27937055,-0.4475002,0,chr3:35965898:prostate_gland:0,TN,0
-2.1639233,0.27356684,0.097013265,0.15648104,0.7092714,-0.11288647,1.1925155,0.35233995,-0.29035002,0.18916112,0,chr14:72905360:upper_lobe_of_left_lung:0,TN,0
-2.300452,-1.1040393,1.1066301,-0.51290286,-0.11591393,-0.21832222,1.0255145,0.15766707,-0.013157852,-0.10612134,0,chr5:142015574:sigmoid_colon:0,TN,0
3.1803448,-2.8451352,0.38472253,-0.36422816,0.3715924,0.42990568,-0.19699554,-0.45565522,0.17610468,1.1353816,0,chr19:49266564:esophagus_squamous_epithelium:0,FP,1
-3.2533777,-0.6406286,0.5000413,-0.3483418,-0.014349945,-0.80488914,0.19852161,-0.28378004,-0.52424544,-0.5185801,0,chr1:20307439:body_of_pancreas:0,TN,0
1.1934726,0.502098,1.8215135,1.8571163,-0.6474782,0.05704943,0.20258823,0.35030553,0.28379256,0.60422176,0,chr12:36701197:transverse_colon:0,FP,1
-2.7203345,-0.7862949,-0.3602901,-0.39522886,0.2257342,0.6709986,-0.539307,-0.09461727,-0.5030647,-0.13141522,0,chr16:80466557:transverse_colon:0,TN,0
5.304486,0.2856133,-0.13356416,0.48049402,0.14945026,0.38166872,0.3888073,-0.5112253,-0.47666216,-1.1108524,1,chr12:129747445:body_of_pancreas:0,TP,1
-0.60442466,-0.22100839,-0.7672585,-1.3799475,0.009755292,0.35246587,0.11664549,-0.44917622,-0.4114681,-0.82331777,1,chr12:113299179:thoracic_aorta:0,FN,0
-0.09805839,-1.9221642,0.5015057,-1.7889943,0.7011381,0.7728243,-0.44527465,-0.5071615,-0.23426273,-0.88201773,0,chr4:37568634:Peyers_patch:0,TN,0
-3.1147926,0.7963998,-0.60739475,-0.08670286,0.2930628,-0.6147329,0.51447266,-0.03411462,0.020680083,-0.23880641,1,chr6:7217283:thoracic_aorta:0,FN,0
-2.325718,-1.5152375,-0.045735713,-1.0636109,-0.09571901,0.17734565,-0.55347526,-0.0638372,-1.1494378,-0.69195783,1,chr7:22550492:thoracic_aorta:0,FN,0
5.430979,-0.65290177,-0.25026453,-0.33198845,0.5561824,-0.88600343,0.24582373,-0.100615926,0.3845868,1.0849184,1,chr19:7799767:tibial_artery:0,TP,1
5.792278,-0.3573606,0.46583977,1.2936356,0.49977046,0.14118679,-0.12193215,-0.057053726,-0.454539,0.20548084,1,chr15:24767525:thyroid_gland:0,TP,1
1.0431731,-1.5432361,0.81193614,0.27704284,-0.5740077,-0.105519645,0.15083876,0.37146297,-1.2854257,2.0486715,1,chr19:45678133:esophagus_muscularis_mucosa:0,TP,1
-0.64688927,-2.0375986,1.361084,0.4491223,-0.4022481,0.007286632,0.095176786,0.6804436,-0.022069708,-0.71498,1,chr13:24968605:prostate_gland:0,FN,0
-2.7998245,-0.6242456,-0.038739715,-0.6403566,1.1238786,0.24982262,-0.9201642,0.020147355,0.057242885,-0.20973848,0,chr5:80672451:body_of_pancreas:0,TN,0
-1.2090895,-2.1675804,0.50918937,-1.5615491,-0.28927553,0.7519194,-1.3565435,0.44581458,-0.1512936,-0.13592987,1,chr16:11211:adrenal_gland:0,FN,0
5.430979,-0.65290177,-0.25026453,-0.33198845,0.5561824,-0.88600343,0.24582373,-0.100615926,0.3845868,1.0849184,1,chr19:7799767:transverse_colon:0,TP,1
6.1223927,0.2081087,0.107345074,0.2747212,0.3290468,-0.7749347,-0.2192275,-0.07860544,-0.06732229,0.088760644,1,chr6:17600816:tibial_nerve:0,TP,1
-2.5483613,-1.4046748,0.60074645,-1.1216657,0.6780374,-0.5590358,-0.14187586,-0.6806555,0.5651332,-0.17878288,0,chr6:36987043:esophagus_muscularis_mucosa:0,TN,0
-2.841635,0.39584374,0.021956924,-0.08178057,0.4969423,-0.2354993,-0.3494484,-0.8783348,0.062070344,0.5017131,0,chr16:24749189:body_of_pancreas:0,TN,0
-1.6987623,-1.9758275,1.1026096,-0.5832901,-0.12836006,-0.20788346,0.90859896,0.48560122,0.37581038,-0.7546737,0,chr10:104622830:body_of_pancreas:0,TN,0
1.5114224,-0.79376245,-0.81140876,-0.19990495,-0.7472585,1.9020827,-1.0596287,-0.23692283,1.5017918,0.37094,1,chr2:196068383:suprapubic_skin:0,TP,1
6.0714498,0.04835286,0.34866154,0.51434195,0.36910892,-0.6322055,-0.45924452,0.5637283,-0.43089813,0.31135964,1,chr12:42144490:tibial_artery:0,TP,1
-2.0337417,1.1311942,0.28479657,-0.57865983,1.1790531,1.070168,0.7700208,0.3096638,0.083794765,0.2638232,0,chr5:146662327:sigmoid_colon:0,TN,0
0.44021326,0.2413297,0.90007436,-0.86093765,-0.4907231,1.6953706,0.83252245,0.9091012,0.23770142,0.35825366,0,chr1:24587480:upper_lobe_of_left_lung:0,FP,1
-2.2738888,-1.5796825,0.301472,-1.2404681,0.6083995,0.0061757048,0.3533297,0.30581912,-0.2529535,-0.3713045,0,chr10:102583670:transverse_colon:0,TN,0
0.029166527,0.22777984,-0.09345365,-0.4266048,1.4818046,1.1579622,1.4587533,0.23798604,1.0934095,0.56687725,1,chr6:43386692:esophagus_squamous_epithelium:0,FN,0
-3.4906876,-0.2529522,-0.033320934,0.1296637,-0.48592293,-0.6876967,-0.7024481,-0.16518022,-0.1123901,0.0041981586,0,chr12:108562656:upper_lobe_of_left_lung:0,TN,0
-0.91568357,-0.19422336,1.9878563,0.39935565,-0.63818973,0.2653745,0.15885833,-0.41863117,-0.31966367,0.06502248,0,chr8:129303244:Peyers_patch:0,TN,0
-0.11873669,-1.510687,-0.7984996,0.8895922,-0.2704884,1.15688,0.46935087,-0.29310232,-0.8491517,-0.29833615,0,chr16:10828854:prostate_gland:0,TN,0
-0.61838883,1.5199431,2.4352052,1.5754591,-1.6102993,0.20907226,-0.11155709,0.5186373,0.9050764,0.044245075,1,chr20:28507029:sigmoid_colon:0,FN,0
-0.03637599,-2.6084182,0.076534584,-1.4522876,1.1544724,0.15160555,-0.5906099,-0.22343028,-0.15551536,0.47700796,0,chr14:20682435:esophagus_squamous_epithelium:0,TN,0
5.6115766,1.2073463,0.099057086,-0.8963103,-0.33509856,-0.6656288,-0.28531483,0.45317066,-0.0007790342,0.1687065,1,chr2:86221296:thoracic_aorta:1,TP,1
5.846576,-0.09602512,-0.2539328,-0.07544455,0.40655062,-0.9623438,0.07078569,0.009345778,-0.038690176,-0.5825404,0,chr9:129437243:transverse_colon:0,FP,1
5.7185693,-0.08762973,-0.5239202,-0.06856953,-0.0909298,-0.5573746,0.39102906,-0.015528427,0.23506159,-0.44458786,1,chr17:81050152:transverse_colon:0,TP,1
3.7954488,0.9323052,-0.06527419,-0.4570142,-0.44906017,0.84719145,0.47857955,0.0807637,0.3956119,-0.22749224,1,chr6:131199853:transverse_colon:1,TP,1
-3.1026306,0.75459665,-0.5421011,0.51235324,0.56313264,-0.18763015,-0.69843376,0.8053691,-0.14957897,-0.053413507,0,chr5:174419583:adrenal_gland:0,TN,0
-2.083016,0.111113794,0.31731036,0.19022198,0.004802601,0.36341116,-0.02385645,-0.06419579,-0.53514457,-0.62544906,1,chr13:20489384:suprapubic_skin:0,FN,0
1.9251984,-0.18708731,-0.6910845,-1.8438449,-0.39424324,1.0868994,-0.19805099,0.16250594,-0.8794536,0.3351454,0,chr19:51473170:tibial_artery:1,FP,1
-2.7980657,-0.94005656,0.6181575,-0.68449545,0.1263267,-0.06825813,0.19534004,-0.036881067,-0.5304248,-0.41424686,1,chr11:114198629:sigmoid_colon:0,FN,0
4.872941,1.2519455,-0.25381142,0.12404774,-0.84717834,0.19917917,0.30663118,-0.08470208,-0.23454887,-0.7434269,1,chr17:50931916:tibial_artery:0,TP,1
-1.2614634,0.5212382,1.9655583,-0.5693779,-0.41052678,0.02268881,0.83913934,-0.17356034,0.76529545,0.09980743,1,chr19:36177142:body_of_pancreas:0,FN,0
-3.0383573,-0.35046464,-0.023827078,0.060719684,1.316715,-0.068305604,-0.7639518,0.068482555,-0.019960491,-0.2522344,0,chr4:64585289:thoracic_aorta:0,TN,0
5.7185693,-0.08762973,-0.5239202,-0.06856953,-0.0909298,-0.5573746,0.39102906,-0.015528427,0.23506159,-0.44458786,0,chr17:81050152:prostate_gland:0,FP,1
-2.7663286,1.879063,0.37262923,0.6235996,0.5769036,0.33098906,0.01720979,-0.5011837,-0.22603722,0.047769044,0,chr11:101457070:upper_lobe_of_left_lung:0,TN,0
-2.7901452,-0.7523103,-1.3444097,0.52423,-0.21668611,-0.90897393,-0.2291064,0.540231,0.4640148,0.07334034,1,chr12:6868194:body_of_pancreas:0,FN,0
-3.0366883,2.9018855,-0.020902425,0.101198114,0.25558966,0.22933337,-0.058167852,0.6501,0.19889332,-0.23904784,1,chr9:127348292:adrenal_gland:0,FN,0
-2.9558966,-0.2843263,-0.70631117,-0.23832816,-0.4476742,-0.10182203,-0.2656196,0.01252191,-0.29570806,-0.33371916,0,chr19:295227:body_of_pancreas:0,TN,0
5.274122,1.5775344,-0.23571263,-0.7194033,-0.53517425,-0.35355002,0.27856997,0.16939507,-0.08233326,-0.698575,1,chr7:142776507:thoracic_aorta:0,TP,1
4.0237393,-1.2576681,0.29063547,-0.44898587,0.16866727,0.038768794,0.0011721166,-0.00065835734,0.39618403,0.83196014,1,chr8:11480223:spleen:0,TP,1
-1.5974519,1.6205919,-0.17390376,0.11750364,0.3362261,1.01789,0.74329937,0.53051734,-0.4599676,0.20029607,1,chr8:18814498:body_of_pancreas:0,FN,0
5.5311003,0.66382694,0.14246602,0.96505517,0.32995552,-0.031375937,0.06244654,-0.8051532,-0.2131716,-0.37211907,1,chr10:36190244:prostate_gland:0,TP,1
-3.4325223,2.0821245,-0.13303615,0.4033459,0.38685375,-0.24195898,0.2475558,1.0077744,-0.314221,0.08338421,0,chr5:106844074:esophagus_squamous_epithelium:0,TN,0
0.2922051,-2.5351262,-1.9494497,-0.30312818,-1.0919496,-0.46824595,0.91042435,-0.1358592,0.19393079,0.8967961,1,chr14:100828072:prostate_gland:0,FN,0
-3.056477,1.6751821,-0.08627431,0.5922549,1.282617,-0.00751037,0.12799841,0.58443236,-0.019631524,0.081352934,0,chr10:60032814:gastrocnemius_medialis:0,TN,0
-2.9486444,-0.63643533,1.3345687,0.38570845,-1.0895168,-0.6944805,-0.47519535,0.06042114,-0.10201372,0.30578527,0,chr22:37849254:gastroesophageal_sphincter:0,TN,0
-2.0312753,-0.53130764,0.83269453,-0.2837578,-0.3168425,-0.49578482,0.7763244,-0.24080573,-0.96063244,0.5373543,1,chr6:15623592:prostate_gland:0,FN,0
3.352885,1.8965571,-0.14243461,-0.30850267,-0.37400043,0.15176113,0.3484131,-0.40298024,-0.2086338,-0.09334497,1,chr10:16314441:body_of_pancreas:0,TP,1
-0.6734227,-1.2697043,0.3914523,-0.6900668,0.5039112,0.3021603,0.17030609,0.082113035,-0.34790722,-0.04172211,1,chr6:115078844:upper_lobe_of_left_lung:0,FN,0
-2.7225704,0.32164818,-0.69432354,0.0012810782,0.624752,-0.059056688,0.6776491,1.0009866,-0.35485563,-0.14377514,0,chr5:136058064:tibial_artery:0,TN,0
6.0527773,-0.78149354,0.18715797,0.9881698,0.46520007,-0.14309104,-0.2605611,0.18099563,-0.6221317,0.13592845,1,chr6:159653130:Peyers_patch:0,TP,1
-2.619015,1.2417926,0.23640957,0.3190819,1.0740013,0.2702422,0.4614873,-0.3018128,0.3492119,0.1130346,1,chr6:106223515:transverse_colon:0,FN,0
-2.1548212,-0.75145453,-0.41183364,-0.021112327,1.5090841,0.32072568,0.039417192,0.66035974,0.14684892,-0.14785273,1,chr6:131915397:tibial_artery:0,FN,0
-2.325718,-1.5152375,-0.045735713,-1.0636109,-0.09571901,0.17734565,-0.55347526,-0.0638372,-1.1494378,-0.69195783,1,chr7:22550492:spleen:0,FN,0
-1.8168126,-0.12026412,1.1649984,-0.6450769,-0.11626648,0.29706264,-0.076817654,-0.27498966,0.26689255,-0.86498356,1,chr4:38069317:tibial_nerve:0,FN,0
-3.0262356,0.60622907,-0.041896276,-0.2561381,-0.2737777,-0.23115216,-0.035008386,-0.26290956,-0.40169734,-0.14115396,0,chr5:56270878:esophagus_muscularis_mucosa:0,TN,0
-0.54871476,-0.92919827,-1.6482862,-0.23512354,-1.3642392,0.39114562,-0.36538672,0.20763522,0.6327928,0.4839675,0,chr14:76353026:Peyers_patch:0,TN,0
5.611577,1.2073439,0.09905672,-0.89631075,-0.3350982,-0.66562825,-0.28531444,0.45317012,-0.0007793556,0.16870658,1,chr2:86221296:tibial_artery:0,TP,1
-3.0782564,1.4851767,-0.70772654,-0.073842876,-0.0889767,-0.12462117,0.595221,1.2492625,-0.21458687,0.2714744,0,chr10:29517801:adrenal_gland:0,TN,0
4.7503886,-1.0931126,0.6416047,0.917564,0.5468119,0.2971307,-0.6143113,1.4790567,0.5456753,-0.52401227,1,chr8:45161471:spleen:0,TP,1
6.0007224,0.42268366,-0.06089019,-0.10412734,0.3127374,-0.57990587,-0.4624396,0.1275772,-0.110988006,-0.0028894695,1,chr6:31374359:suprapubic_skin:0,TP,1
-0.36158007,0.06602533,0.3379984,-1.1736611,-0.51515037,-0.08263933,0.27566943,-1.1849656,0.34347692,0.44411147,0,chr20:47195810:spleen:0,TN,0
-3.1224833,0.5509466,-0.3480524,-0.21023497,0.77494293,0.12929611,-0.01831895,0.5665333,-0.00023806049,-0.05347114,1,chr1:53861076:gastroesophageal_sphincter:0,FN,0
-1.4259969,-0.70424604,-0.71694124,0.3485676,0.43530726,1.2288469,-1.0136554,-1.1341302,-0.11403972,0.39942187,1,chr19:45427778:prostate_gland:0,FN,0
-0.6968945,-0.6846511,-0.22984171,-0.2064573,-0.10459021,0.65375274,-0.1005738,0.07508402,0.116097845,0.75360674,0,chr4:125608:esophagus_squamous_epithelium:0,TN,0
-2.24517,1.6077042,-0.096307635,-0.5203194,0.5967018,0.8058746,-0.18680766,-0.22176349,-0.6520375,0.4878433,1,chr9:17531876:transverse_colon:0,FN,0
-1.7595602,-0.97665983,1.5585864,-0.25683862,-0.658061,0.04596869,0.3699283,0.2902003,0.5018079,-0.5152999,0,chr19:2577374:transverse_colon:0,TN,0
4.1186547,1.6444972,-0.005997648,-1.2737304,0.053884346,0.1289964,-0.5495089,-0.35299745,0.79617834,-0.27993158,1,chr4:75289967:spleen:0,TP,1
-2.1214154,-0.36073244,-0.89416945,-0.6897774,-0.4032951,-0.5461219,0.34929112,-0.69418865,-0.0019035978,0.37144402,0,chr19:45693375:transverse_colon:0,TN,0
-1.3148922,0.4068964,0.39626732,1.1978098,-1.244175,-0.30311364,-0.245661,-0.1537956,0.15948115,-0.5292696,1,chr7:66100475:body_of_pancreas:0,FN,0
-1.8487015,-1.171251,-1.6913314,0.44378507,-0.8197842,-0.7045459,-0.25310862,-0.17369063,0.7875903,-0.0060231616,1,chr11:10450691:upper_lobe_of_left_lung:0,FN,0
1.5178634,-2.9288235,1.4437289,1.270737,0.44858515,0.5551091,-1.3104893,2.1792276,1.0950891,-0.22656316,1,chr8:44636977:esophagus_squamous_epithelium:0,FN,0
-2.604462,1.1415647,1.7415624,0.87370384,-1.6611989,-0.5035766,-0.36688304,0.09547727,0.025482954,0.2397108,1,chr17:64922003:body_of_pancreas:0,FN,0
-2.896054,2.1336586,-0.713468,0.249088,0.22040187,-0.25303975,-0.5013485,-0.01600178,0.19549535,0.37943158,0,chr11:79097410:gastroesophageal_sphincter:0,TN,0
5.7928886,0.7728145,-0.13873008,-0.14662488,-0.12580433,-0.17079863,-0.10332618,-0.107265174,-0.43306127,-0.19078055,1,chr6:29705705:tibial_artery:0,TP,1
-2.3344162,-0.09919172,0.10190544,0.47617334,0.3405418,-0.5175711,0.74922967,-0.635247,-0.17590286,0.10998687,0,chr17:73289110:Peyers_patch:0,TN,0
-3.4823844,1.1372242,-0.40184894,0.3074581,0.9015576,-0.2767334,-0.5263136,0.4837219,0.02019927,-0.067853294,0,chr13:33542012:thoracic_aorta:0,TN,0
-1.4605422,-1.1469091,-0.3848043,-1.1678357,0.9357354,-0.11710157,1.0743438,0.25363874,0.21144976,0.10786668,1,chr2:96580929:transverse_colon:0,FN,0
-2.5821474,-1.8040584,0.4599555,-1.0589749,1.1673331,-0.13292216,-0.40349793,-0.51825035,-0.086406596,-0.8178543,1,chr5:149045142:body_of_pancreas:0,FN,0
-2.1125193,-0.055414516,0.5056048,-0.993145,0.15509751,0.19856927,-0.055910423,-0.008283939,0.047871716,-0.47145298,1,chr3:39448127:esophagus_muscularis_mucosa:0,FN,0
-2.2259092,1.52579,-0.05019776,0.28750688,0.30976665,0.800058,-0.15553056,-0.48655936,-0.23559906,0.30040452,1,chr8:90610711:Peyers_patch:0,FN,0
-3.1553903,-1.281715,1.4564095,-0.53377056,0.30406618,0.0010717409,0.028519941,-0.21962711,-0.17513384,-0.41044626,0,chr2:113084823:transverse_colon:0,TN,0
6.1928616,0.16321123,0.13583247,0.14303398,0.46821943,-0.61828166,-0.11798573,0.11871556,-0.025924798,0.1422686,1,chr17:26601376:tibial_nerve:0,TP,1
5.3898396,-0.18251184,-0.44975823,-0.14679456,-0.1958328,-0.28183907,0.54952043,0.1327794,0.08884301,-0.5603164,1,chr2:132257617:body_of_pancreas:0,TP,1
6.161287,-0.38117737,-0.16282196,0.27088574,0.57941806,-0.96186906,-0.06362656,-0.12488981,0.087661624,-0.52436656,1,chr12:8390645:thoracic_aorta:0,TP,1
-2.5718203,-1.6078371,2.1308985,0.63652515,-0.3896934,-0.251814,-0.52269083,0.39011365,0.082514495,-0.07729219,0,chr19:48588976:tibial_nerve:0,TN,0
-2.6170635,-0.24964252,1.189243,0.27883556,-0.6930651,0.2764812,0.3391773,0.45173413,-0.04529323,0.13447927,0,chr7:102357462:tibial_nerve:0,TN,0
-2.4835641,1.8311086,0.15721087,1.251632,0.7713826,-0.12898722,0.3978217,-0.10580457,-0.17471646,0.15913571,1,chr6:32622574:Peyers_patch:0,FN,0
-2.8127072,-0.30765784,0.13020244,-0.5472232,1.0901917,-0.84504753,0.2307616,-0.5071395,-0.2616144,-0.15718769,0,chr10:13995049:upper_lobe_of_left_lung:0,TN,0
5.929857,-0.2756206,0.51088834,0.5621675,0.56035453,-0.19533886,-0.28741986,0.20371899,0.07295325,0.6483816,1,chr17:22909996:omental_fat_pad:0,TP,1
-2.9260497,1.562872,-0.50164366,0.629672,1.3878119,0.11657999,-0.034509756,0.90192187,0.20908575,0.30292904,1,chr6:257245:tibial_nerve:0,FN,0
-1.0137029,-1.8734038,0.6844242,-1.8361975,1.3113793,-0.067387044,0.41353178,-0.71191293,-0.14285055,0.123863995,1,chr7:96586519:omental_fat_pad:0,FN,0
-3.0275261,-0.8264628,-0.22237596,-0.16423689,-0.33606583,-0.27583078,-0.02851491,0.061617322,-0.33424297,-0.17766891,0,chr19:14348783:gastrocnemius_medialis:0,TN,0
0.534591,-1.4000692,0.8182767,1.0695138,-0.16759004,-0.09840525,0.9107284,0.62810147,1.7264271,-0.83493507,1,chr15:19810211:transverse_colon:0,FN,0
-2.9863503,0.0799405,-1.5932705,0.4823283,-1.1835401,-0.72675157,-0.16584466,-0.23399286,0.1480967,-0.13045247,1,chr7:100894790:transverse_colon:0,FN,0
-0.7838684,-1.1212921,-0.38504255,-0.81812495,0.45346752,0.9809603,-0.5762277,-0.8174012,-0.49105993,0.25848588,0,chr6:30131189:omental_fat_pad:0,TN,0
0.26544407,-0.5749405,-1.0352404,0.09652262,0.037695866,-0.23201992,0.5505819,0.5547999,0.3530276,-0.16574557,1,chr11:78417000:spleen:0,FN,0
-2.3198652,0.19553512,-0.21570112,0.054729123,-0.29445052,0.2529122,0.71815723,0.22181065,-0.7756252,0.01152187,0,chr14:74638313:tibial_nerve:0,TN,0
0.6098041,1.5511625,-0.93648154,-0.21797688,-1.3408902,0.9346124,0.6125746,-0.06954312,-0.46964598,0.20677218,1,chr7:38368307:body_of_pancreas:0,TP,1
2.3072457,0.758492,-0.3315424,-1.449783,-0.15504248,0.77955407,0.83248985,1.5238416,0.5385001,-0.20123917,1,chr1:13277297:transverse_colon:0,TP,1
-2.2451735,1.6077096,-0.09630723,-0.5203192,0.59670043,0.80587244,-0.1868081,-0.22176346,-0.65203726,0.48784223,1,chr9:17531876:gastroesophageal_sphincter:0,FN,0
-2.3088412,-0.34749082,0.36753133,-0.9921864,-0.19357823,0.17321144,-0.03462845,-0.49790037,0.39645725,-0.6957836,0,chr6:16965286:gastroesophageal_sphincter:0,TN,0
5.445553,-0.15875404,0.33294854,0.52991295,0.43650472,0.18216196,-0.0771057,-0.3543891,-0.19147088,0.13036026,1,chr14:30690707:transverse_colon:0,TP,1
-2.178719,-0.2770436,-1.0598124,-0.054678936,-0.26818845,0.5071466,-0.35905161,-0.3471522,0.42001095,0.74648565,0,chr12:123584376:transverse_colon:0,TN,0
6.0036983,0.52964723,0.19451751,0.30956036,0.38471892,-0.7517967,-0.40266106,0.0803391,-0.32324743,0.17713463,1,chr3:75785357:thoracic_aorta:0,TP,1
-2.0480494,0.97996247,-0.80409515,0.049829163,-1.1491545,0.2511508,0.69772863,0.7710283,-0.50302863,-0.70787764,0,chr7:2064001:esophagus_muscularis_mucosa:0,TN,0
0.64147204,-0.5281001,0.46853703,-0.587619,-0.5444662,1.3228151,0.15491503,0.36882347,-0.8074433,-0.68421096,0,chr2:20501025:body_of_pancreas:0,FP,1
5.9735203,0.5020509,-0.173994,-0.18931183,-0.0799431,-0.5121276,-0.11548976,0.04540676,-0.081758656,-0.6861036,1,chr9:61668518:prostate_gland:0,TP,1
-3.0106676,1.2708428,-0.2872445,0.023287965,0.7150171,-0.42483065,1.1286947,0.5791618,0.1110107,0.5974055,0,chr3:12135582:body_of_pancreas:0,TN,0
3.711544,-0.8469448,0.16837397,0.8106393,-0.3383663,0.6295441,0.7084029,0.46816757,-0.14500728,-0.21344173,1,chr7:155190614:prostate_gland:0,TP,1
-2.3257189,-1.5152355,-0.04573601,-1.0636116,-0.09571922,0.17734568,-0.553476,-0.0638365,-1.149437,-0.69195837,1,chr7:22550492:gastrocnemius_medialis:0,FN,0
-2.5950623,-1.080552,1.4331105,-0.6313431,0.3820076,0.0341779,-0.40533614,-0.7142431,0.17815334,-0.5152553,0,chr4:109027375:body_of_pancreas:0,TN,0
4.274915,1.8980395,0.026924348,-1.0138091,-0.46530497,-0.22017407,0.54983604,0.013953459,0.39027002,0.41582,1,chr1:89276837:body_of_pancreas:0,TP,1
-0.8877857,-0.326303,-0.73327565,0.5863885,0.6368177,-0.2031372,0.20470008,0.7237882,0.49279588,-0.26308727,0,chr6:129710347:body_of_pancreas:0,TN,0
0.22456685,1.380125,-0.47480798,-0.83773524,-0.07199924,0.8057661,-0.610915,0.77827597,-0.103481404,0.21842088,0,chr2:276907:body_of_pancreas:0,FP,1
5.5563374,-0.5432861,-0.12907442,1.0951865,0.2531868,0.61506,0.37316403,-0.4308314,-0.3724278,-0.82436967,1,chr3:127748429:body_of_pancreas:0,TP,1
-1.7611947,-1.6430552,-1.1738567,-0.10115392,-1.3292944,0.07030745,-0.1032044,-0.37136614,0.558209,0.11082755,1,chr12:1922226:spleen:0,FN,0
-0.3703567,-2.1388083,-2.0147254,0.9583963,-1.135286,0.4514672,0.3106132,0.3123448,-0.075184144,-0.5542848,0,chr10:79825897:tibial_nerve:0,TN,0
-1.2034948,-1.4909977,-0.5742828,-1.2570949,-1.1721083,-0.42368346,1.3351334,0.39059684,0.30278945,0.5558381,0,chr4:8607735:esophagus_muscularis_mucosa:0,TN,0
-2.156617,1.8773457,-0.015165538,0.69009566,0.3062941,0.53309035,0.10852034,-0.2577371,-0.1782006,-0.08459602,0,chr6:32622456:upper_lobe_of_left_lung:0,TN,0
-2.8960762,-0.37006488,-0.60060614,0.10969804,-0.025886009,0.01584494,-0.4839529,-0.18853892,0.17536326,-0.061633147,1,chr11:62787769:Peyers_patch:0,FN,0
6.0165586,0.22701114,-0.02848786,0.1167889,0.3353942,-0.4970746,-0.24670552,-0.12414217,-0.24212864,-0.16685353,1,chr8:13655256:transverse_colon:0,TP,1
3.2073338,-2.7508657,-0.7188727,0.32030675,0.07812515,1.1490327,-0.10391435,0.46568176,0.04803858,0.03820814,1,chr19:4352840:Peyers_patch:0,TP,1
-3.303636,1.7331651,-0.5818716,0.19358815,0.16745305,-0.6057517,0.9122157,1.0835919,-0.13472085,0.34203187,0,chr3:128354543:body_of_pancreas:0,TN,0
3.2785983,-1.3293387,0.43882525,0.7513863,-0.31112388,1.0038862,0.045263026,0.17033239,-0.6177622,-0.03008537,0,chr1:150996465:spleen:0,FP,1
3.1401877,0.7616632,-0.015423929,-0.10102059,0.052661516,0.8567134,-0.022256209,-0.06514881,-0.24811839,0.8589596,0,chr9:64877929:transverse_colon:0,FP,1
0.22309051,0.25551558,1.2753521,1.681273,-0.80555516,-0.1420319,0.6319496,-0.10237678,-0.06118415,0.6039967,1,chr17:61262874:sigmoid_colon:0,FN,0
5.4232435,-0.279355,0.30963707,-1.1108993,0.13555317,-0.35394952,-0.09059161,-0.11594318,-0.12887731,0.85559857,0,chr16:18131839:gastroesophageal_sphincter:0,FP,1
3.704266,-0.30277452,-0.02337221,-0.8862336,0.7935235,-1.3170283,1.6277306,-0.43095234,1.7704331,-0.8730874,1,chr21:10801382:omental_fat_pad:0,TP,1
0.5065326,-0.8491155,-1.5704807,0.28616786,-0.6005547,0.60610414,-0.039037056,-0.68948525,1.1265541,0.76748556,1,chr12:50283650:Peyers_patch:0,TP,1
-1.6917012,-1.5686328,-0.29095435,-0.56178373,-0.21289498,0.5110214,-0.036907017,0.55177903,-0.3302315,-0.4036483,0,chr7:154804806:prostate_gland:0,TN,0
-2.9447854,0.5507701,-0.8247044,-0.15504247,-0.6014596,0.12991484,0.010360184,-0.14061953,-0.38861394,-0.23008631,1,chr6:167203541:sigmoid_colon:0,FN,0
-2.550174,0.12408738,-0.47467813,0.31104138,0.9173148,-0.8271866,-0.7017578,-0.72112584,0.82115746,-0.05372694,0,chr1:6603493:upper_lobe_of_left_lung:0,TN,0
-2.628237,-0.7410615,0.21619481,-0.035324868,1.5130695,-0.1413961,-0.22768582,-0.842466,0.033454493,0.02129474,0,chr6:78611920:body_of_pancreas:0,TN,0
-2.4473062,-1.2902328,-1.0076603,-0.076867245,-0.3700116,-0.2815304,-0.680396,-0.664269,0.48471272,0.37637833,1,chr5:179796643:gastrocnemius_medialis:0,FN,0
-1.9350047,2.1711686,-0.5810622,-0.08858763,-0.7742995,0.3891423,0.5968925,0.98890334,-0.45434967,-0.15597145,0,chr16:15778039:prostate_gland:0,TN,0
0.93081164,-1.0172606,0.5507922,1.1249638,0.23139244,-0.28774366,0.406644,-0.93275315,-0.7609903,1.445823,0,chr6:158660281:Peyers_patch:0,TN,0
-1.8131771,0.13179472,-1.2060459,0.12906243,-0.34102854,0.49298334,-0.14756547,-0.26398715,-0.3311057,-0.053113144,1,chr5:138610665:thoracic_aorta:0,FN,0
5.7928886,0.7728145,-0.13873008,-0.14662488,-0.12580433,-0.17079863,-0.10332618,-0.107265174,-0.43306127,-0.19078055,1,chr6:29705705:thoracic_aorta:0,TP,1
-2.083016,0.111113794,0.31731036,0.19022198,0.004802601,0.36341116,-0.02385645,-0.06419579,-0.53514457,-0.62544906,1,chr13:20489384:esophagus_squamous_epithelium:0,FN,0
-3.3791084,0.42300516,-0.70109034,0.27435085,-0.021591129,-0.72915226,0.33826712,0.8218239,-0.1974047,0.27991146,0,chr11:117198333:thoracic_aorta:0,TN,0
-0.3439556,-0.74724954,0.17474313,-1.683736,0.7050507,0.99833703,-1.3689207,-0.5731102,-0.42291713,0.564997,0,chr3:150286763:tibial_artery:0,TN,0
-3.0792108,1.0390718,-0.219477,-0.32007763,0.784745,-0.11001571,-0.22399192,0.5889282,-0.18765768,-0.121481575,0,chr12:20681084:upper_lobe_of_left_lung:0,TN,0
-1.4605422,-1.1469091,-0.3848043,-1.1678357,0.9357354,-0.11710157,1.0743438,0.25363874,0.21144976,0.10786668,1,chr2:96580929:adrenal_gland:0,FN,0
-2.5031002,0.92785287,-0.4577841,0.20239565,0.7988826,0.9758984,-0.5319138,0.64494133,-0.120226786,0.26339513,1,chr4:38856860:prostate_gland:0,FN,0
5.929857,-0.2756206,0.51088834,0.5621675,0.56035453,-0.19533886,-0.28741986,0.20371899,0.07295325,0.6483816,1,chr17:22909996:stomach:0,TP,1
0.3081023,0.7626664,1.345288,1.833373,-1.0813663,0.22233692,0.27238443,-0.12594712,0.31285012,0.21857578,1,chr3:183116478:transverse_colon:0,FN,0
-3.0467412,-0.16181442,-0.95877653,0.2670933,-0.036288098,-1.0674824,-0.187502,0.35541496,0.011785912,-0.04726851,0,chr2:231673215:upper_lobe_of_left_lung:0,TN,0
-3.0915,0.019604238,-1.1198281,0.027839718,-0.5859013,-0.5450843,-0.4090116,-0.15731695,0.24272314,-0.14881143,0,chr6:144286509:body_of_pancreas:0,TN,0
6.0036983,0.52964723,0.19451751,0.30956036,0.38471892,-0.7517967,-0.40266106,0.0803391,-0.32324743,0.17713463,1,chr3:75785357:testis:0,TP,1
4.5663905,0.62059367,0.45358267,-0.2554744,-0.4106232,-0.1536825,0.99721664,-0.09638091,0.37759978,0.038123183,1,chr5:2070979:adrenal_gland:0,TP,1
-2.9758182,-0.72375774,0.9489045,-0.41384462,-0.17192256,-0.30445647,-0.38925347,-0.8257583,-1.0120149,0.3608144,0,chr18:57629910:adrenal_gland:0,TN,0
-3.0108812,0.44274613,-1.1537418,0.62885916,-0.2856032,-0.5698533,0.1849006,-0.031200476,0.06496855,0.42066413,0,chr8:10334955:body_of_pancreas:0,TN,0
4.791439,1.8358968,-0.19319202,-0.9037487,-0.6700931,-0.5349777,0.8205332,0.17218289,0.3003627,-0.39871594,1,chr10:47381118:body_of_pancreas:0,TP,1
-2.0193923,-2.1774914,0.092893295,-0.22115998,0.7856907,0.6496476,-0.6487413,0.13693917,-0.26997975,-0.15910609,0,chr10:30001050:tibial_artery:0,TN,0
-2.3261085,-1.1257846,0.87198704,0.1862175,0.2557046,0.26271755,-0.22646262,0.7665602,-0.80995685,0.25337845,0,chr2:112501338:sigmoid_colon:0,TN,0
-1.710463,-2.8456893,0.32044953,-0.033164337,-0.4884957,-0.20183176,-0.6332852,0.7022202,-0.22063556,-0.45548847,0,chr4:88007815:prostate_gland:0,TN,0
-1.6652565,-1.515563,-1.6921284,0.49035564,-0.7867692,-1.1042101,0.111737214,0.11927346,0.07748409,-0.44310075,1,chr8:28701937:prostate_gland:0,FN,0
3.6367834,0.5086713,0.107252106,-0.27114722,0.31612664,-0.077633806,1.0777817,0.336451,0.7798232,0.2572463,1,chr5:10111731:body_of_pancreas:0,TP,1
-1.8936794,-1.6039972,-1.8522226,0.6860638,-0.9572044,-0.51612407,-0.18096188,0.12980753,0.5482369,-0.28842545,1,chr11:32892862:tibial_nerve:0,FN,0
-2.037051,0.2604253,1.9430888,1.2153149,-1.1665099,0.1026816,0.6143901,-0.45689976,-0.26032898,0.532342,1,chr16:4548780:adrenal_gland:0,FN,0
5.846576,-0.09602512,-0.2539328,-0.07544455,0.40655062,-0.9623438,0.07078569,0.009345778,-0.038690176,-0.5825404,1,chr9:129437243:Peyers_patch:0,TP,1
3.319976,1.5575122,0.26030144,-1.1519276,-0.36483866,0.52180755,0.30346653,0.08324521,0.39095783,-0.03856949,1,chr1:89276833:Peyers_patch:0,TP,1
-3.0926964,0.08302556,-0.3566411,0.559796,0.14331654,-0.8653504,-0.3022673,-0.0128047,-0.046448,-0.06826402,0,chr17:15263333:upper_lobe_of_left_lung:0,TN,0
-1.0430723,-0.75328016,0.66735655,-0.18677302,0.14867245,-0.9697025,0.32136232,0.15104234,0.14341445,0.2529352,0,chr1:24768222:sigmoid_colon:0,TN,0
5.2058434,0.5649561,0.044488624,-0.68482393,0.32037622,-0.08302122,-0.71801066,-0.015461885,-0.18667884,0.512641,0,chr8:93361164:tibial_artery:0,FP,1
-2.2451735,1.6077096,-0.09630723,-0.5203192,0.59670043,0.80587244,-0.1868081,-0.22176346,-0.65203726,0.48784223,1,chr9:17531876:prostate_gland:0,FN,0
-3.3467376,1.8451653,-0.23804903,0.54508066,0.370855,-0.1422286,0.23613726,0.4322291,-0.252935,0.1956439,0,chr7:138739189:body_of_pancreas:0,TN,0
-3.183806,2.2532766,0.24624093,0.60961235,0.2467273,-0.6468599,0.66850656,0.19268154,-0.46967986,-0.01387526,0,chr18:35386084:gastroesophageal_sphincter:0,TN,0
-0.61574876,0.15408838,-0.8508698,0.4983706,-0.8697781,1.53719,-0.5675952,0.4009998,-0.47951627,-0.17771277,0,chr17:48556597:thoracic_aorta:0,TN,0
-0.79085577,0.27602917,1.9208806,1.4526286,-0.9459109,-0.22538142,0.25235066,0.08759232,0.18715133,0.5506184,0,chr7:139500496:adrenal_gland:0,TN,0
0.6652975,-0.57730365,-1.2716244,-0.27114233,-0.021387598,0.5663651,-0.03067227,-0.31581336,1.1691978,-0.30208057,0,chr15:52784128:tibial_artery:0,TN,0
-1.0031567,1.2654774,-0.632524,0.9151115,0.37617573,0.7809348,0.66183865,0.8569867,-0.627292,0.01442703,0,chr5:125835849:tibial_artery:0,TN,0
3.77929,0.1898045,-1.251906,-0.4211033,-0.7377323,-0.2941775,0.6484207,0.27424788,0.5160806,0.09791165,0,chr4:41216732:gastroesophageal_sphincter:0,FP,1
5.742974,0.05578892,0.6449893,0.56962043,0.21192686,-0.19221592,-0.21942858,0.30394247,-0.1360575,0.7085448,1,chr17:22822734:tibial_nerve:0,TP,1
0.34447145,0.89261603,1.4313588,0.01757889,-0.7891444,0.15612105,0.36517915,-0.5993534,0.17330897,0.7325171,0,chr3:95832150:body_of_pancreas:0,FP,1
-1.4259974,-0.7042454,-0.71694016,0.3485664,0.4353072,1.2288471,-1.0136557,-1.1341302,-0.11403971,0.39942092,1,chr19:45427778:tibial_artery:0,FN,0
-1.1935198,-3.151191,0.1623014,0.20934948,-0.87413454,-0.37400937,-0.3385745,1.076365,-0.22926801,0.048057944,0,chr8:143771613:upper_lobe_of_left_lung:0,TN,0
-2.7888598,-0.4781292,1.4706814,-0.19407988,-0.25998715,-0.6244365,0.16576411,-0.7247108,0.16665189,-0.27523157,0,chr1:93014266:body_of_pancreas:0,TN,0
-2.7970448,0.15415822,-1.0551095,0.5053704,-0.11183222,-0.5548606,-0.23024732,-0.15424882,-0.13612041,-0.25308698,0,chr11:44316808:body_of_pancreas:0,TN,0
5.1225314,0.279239,-0.42575637,-0.37498197,-0.6578982,-0.20638216,0.43955615,0.18869337,0.19411692,-0.49002844,1,chr2:132257640:body_of_pancreas:0,TP,1
-2.083016,0.111113794,0.31731036,0.19022198,0.004802601,0.36341116,-0.02385645,-0.06419579,-0.53514457,-0.62544906,1,chr13:20489384:adrenal_gland:0,FN,0
6.042911,0.16955851,-0.15559418,-0.1728083,0.02108957,-0.60005456,-0.6202952,0.18417436,-0.32473007,0.20254815,1,chr17:45585364:gastrocnemius_medialis:0,TP,1
-2.083016,0.111113794,0.31731036,0.19022198,0.004802601,0.36341116,-0.02385645,-0.06419579,-0.53514457,-0.62544906,1,chr13:20489384:spleen:0,FN,0
0.029166527,0.22777984,-0.09345365,-0.4266048,1.4818046,1.1579622,1.4587533,0.23798604,1.0934095,0.56687725,1,chr6:43386692:body_of_pancreas:0,FN,0
5.881639,0.7711173,0.05387432,-0.021047037,0.07906476,-0.07499302,-0.44783548,0.084743604,-0.4640773,0.02891728,1,chr11:86939404:body_of_pancreas:0,TP,1
-3.3178709,0.34385267,-0.08885701,0.29658502,0.9104299,-0.36031923,-0.09872145,0.117821254,-0.22058344,0.04596667,0,chr5:148121352:tibial_artery:0,TN,0
-0.922335,-1.3873252,0.97736895,-0.91813165,0.48189846,0.18681733,-0.08999245,-0.16973817,-0.27891693,-0.23716615,0,chr7:120792051:spleen:0,TN,0
-2.45932,-0.3986014,0.7518402,-0.59970945,0.3046627,0.32904115,-0.013252359,-0.84348136,-0.43933916,-0.25138044,0,chr22:24002319:adrenal_gland:0,TN,0
-2.484298,0.949137,1.4464151,0.4874227,-0.56374943,-0.16202074,0.24566177,-0.5307679,0.5440532,-0.035463206,1,chr6:137697537:upper_lobe_of_left_lung:0,FN,0
4.5663905,0.62059367,0.45358267,-0.2554744,-0.4106232,-0.1536825,0.99721664,-0.09638091,0.37759978,0.038123183,1,chr5:2070979:spleen:0,TP,1
-3.327711,1.4466814,-0.006152314,0.54952675,1.1382242,-0.40264854,-0.021839013,-0.050254773,0.0053914823,-0.32852435,0,chr7:71349612:body_of_pancreas:0,TN,0
-2.1334555,0.7255871,1.4786302,0.29093778,-1.322592,0.10117634,0.17433867,-1.0010436,-0.112918854,0.29488415,1,chr15:77023791:spleen:0,FN,0
-2.982488,0.7365205,1.5430607,0.105956934,-1.0461711,-0.17219919,-0.628864,-0.23961823,-0.61550087,0.1925785,0,chr11:130003946:spleen:0,TN,0
6.000722,0.4226834,-0.060889807,-0.10412818,0.31273735,-0.5799064,-0.46243924,0.12757678,-0.11098882,-0.002888669,1,chr6:31374359:gastroesophageal_sphincter:0,TP,1
5.536976,0.44538337,-0.9549562,-0.22420019,-0.44563442,-0.77318996,-0.05987998,-0.20659994,-0.16244313,0.27777395,1,chr9:129437589:testis:0,TP,1
-1.1937349,-1.8812917,0.31927428,-1.2040571,1.0538071,0.121241,-0.0030111514,-0.5913448,0.112032436,-0.061634842,0,chr14:57062012:body_of_pancreas:0,TN,0
-0.5952998,1.2410473,-0.36088622,-0.70327085,-0.12985738,-0.522927,0.51783836,-0.26509517,0.21083508,0.22830065,1,chr2:23481261:body_of_pancreas:0,FN,0
-1.6168724,2.2103598,0.8734275,0.038266044,-0.27641168,0.28051355,-0.6347772,0.5670499,-0.019515453,-1.095278,0,chr3:140898292:body_of_pancreas:0,TN,0
4.750394,-1.0931108,0.641603,0.91756123,0.5468128,0.2971288,-0.6143107,1.4790547,0.545674,-0.5240114,1,chr8:45161471:prostate_gland:0,TP,1
0.17684948,-2.880786,0.078862585,-0.66508675,0.20452955,0.3091162,-0.22249648,-0.682244,0.6181497,0.6184684,0,chr10:11792968:suprapubic_skin:0,TN,0
-2.5101814,-1.4724189,1.2321856,-0.38826597,0.16988286,-0.8529311,-0.37222603,-0.54937255,0.069566935,-0.43085253,0,chr20:54207587:body_of_pancreas:0,TN,0
-1.4259969,-0.70424604,-0.71694124,0.3485676,0.43530726,1.2288469,-1.0136554,-1.1341302,-0.11403972,0.39942187,1,chr19:45427778:body_of_pancreas:1,FN,0
-2.766859,1.5188158,0.060792666,0.44642052,0.51721376,-0.16765058,-0.008621895,-0.59453416,-0.015995692,0.056425516,1,chr5:149431239:prostate_gland:0,FN,0
-3.282176,1.3662939,-0.25812417,0.099953,0.5064554,-0.45584312,0.56251585,1.1184295,-0.1318166,0.3849579,0,chr9:70113868:body_of_pancreas:0,TN,0
4.7570524,-0.94954526,-0.18688715,2.003746,0.788899,0.39374456,0.5797844,-1.2265732,-0.39332026,-0.01936052,0,chr1:117693574:body_of_pancreas:0,FP,1
6.1928616,0.16321123,0.1358327,0.1430334,0.46821925,-0.6182819,-0.11798597,0.118715994,-0.025923902,0.14226848,1,chr17:26601376:esophagus_squamous_epithelium:0,TP,1
-2.325718,-1.5152375,-0.045735713,-1.0636109,-0.09571901,0.17734565,-0.55347526,-0.0638372,-1.1494378,-0.69195783,1,chr7:22550492:gastroesophageal_sphincter:0,FN,0
5.430979,-0.65290177,-0.25026453,-0.33198845,0.5561824,-0.88600343,0.24582373,-0.100615926,0.3845868,1.0849184,1,chr19:7799767:tibial_artery:1,TP,1
-3.056493,-0.021268396,-0.38925552,-0.34828755,0.23543033,-0.8162845,0.7831038,-0.33666345,-0.24710938,-0.09914572,0,chr3:16366113:body_of_pancreas:0,TN,0
4.53428,-1.049306,0.21130668,-0.5210641,0.126038,-0.33387405,1.6773486,0.18639812,0.4486581,-0.0624948,1,chr5:2070951:body_of_pancreas:0,TP,1
-2.24517,1.6077042,-0.096307635,-0.5203194,0.5967018,0.8058746,-0.18680766,-0.22176349,-0.6520375,0.4878433,1,chr9:17531876:esophagus_squamous_epithelium:0,FN,0
5.400724,0.06140091,-0.06328912,-0.40870148,-0.10414197,-0.9958637,-0.28675866,-0.10961406,0.13251564,0.42306778,1,chr6:32477160:transverse_colon:0,TP,1
-2.3037317,-0.912678,-1.5027093,-0.1493393,-0.84405196,0.20868723,0.4108222,0.87932867,0.06762706,0.01990656,0,chr1:231041257:body_of_pancreas:0,TN,0
0.23027687,-1.2693042,1.532386,0.61685944,-0.3099005,-0.12303218,0.9594048,-0.4836848,0.12814054,0.7674417,0,chr2:138141558:body_of_pancreas:0,TN,0
-2.1632605,0.3904093,-0.7362819,-0.4065817,-0.36156735,0.6439475,0.42304096,1.5516266,-0.2637868,-0.06489469,0,chr3:4656242:prostate_gland:0,TN,0
-2.498185,1.4011847,0.22881564,0.594511,0.2769108,-0.49478677,0.35856634,0.136183,-0.32106197,-0.18633436,0,chr7:38106003:suprapubic_skin:0,TN,0
-2.037051,0.26042527,1.9430908,1.2153151,-1.1665092,0.10268129,0.61438966,-0.45689997,-0.26032925,0.53234243,1,chr16:4548780:spleen:0,FN,0
-2.9870784,0.2819169,-1.04958,0.9475734,-0.6016054,-0.7609855,-0.5462002,0.33754194,0.14283545,0.028399179,0,chr2:69387505:Peyers_patch:0,TN,0
-1.3179913,-0.12537037,-0.04661615,-1.2401063,-1.0432528,0.62615985,0.44431692,0.07287989,0.20104288,-0.8706311,0,chr7:5488082:thoracic_aorta:0,TN,0
-2.24517,1.6077042,-0.096307635,-0.5203194,0.5967018,0.8058746,-0.18680766,-0.22176349,-0.6520375,0.4878433,1,chr9:17531876:upper_lobe_of_left_lung:0,FN,0
5.696489,-0.09959772,-0.21446107,1.109617,0.24405909,0.013599543,0.10035881,-0.6358824,-0.79716784,-0.37413925,1,chr2:67906557:prostate_gland:0,TP,1
-1.9942285,-1.896436,1.2648516,0.5953839,-0.11249279,-0.5024429,-0.59425277,0.39566723,-0.506986,0.1009693,0,chr11:9748014:upper_lobe_of_left_lung:0,TN,0
-2.5960355,1.4101455,-0.24910802,0.4383817,1.2048869,0.29227364,0.6590675,0.06937431,0.02449038,0.4595193,0,chr8:114454597:prostate_gland:0,TN,0
-2.5587673,1.2120132,-0.6799843,0.6367498,0.61131996,0.25372508,0.45869017,0.53840387,0.11171177,0.28825158,0,chr7:151244657:sigmoid_colon:0,TN,0
6.0165586,0.22701114,-0.02848786,0.1167889,0.3353942,-0.4970746,-0.24670552,-0.12414217,-0.24212864,-0.16685353,1,chr8:13655256:prostate_gland:1,TP,1
0.58416253,-1.6727791,0.91407716,0.4814397,0.552042,0.7751837,0.18955417,0.2163249,1.1400574,0.051006846,0,chr3:119690403:Peyers_patch:0,TN,0
1.8738364,-2.4348977,-0.26976454,0.5611551,-0.2974429,0.7661355,0.81471264,0.8197022,-0.15940236,-0.11081931,1,chr19:4352765:body_of_pancreas:0,TP,1
2.935348,-0.49598598,1.3808972,-0.9841615,-0.36079976,-0.010179609,-0.14601028,0.4600773,1.2306888,-0.5292499,1,chr17:81176879:thoracic_aorta:1,TP,1
-1.7693006,0.107963085,-0.19736369,-0.88684976,-0.09040157,0.5830766,-0.040480897,0.448404,-0.29988885,-0.26902583,0,chr20:33262841:transverse_colon:0,TN,0
-1.1052206,-2.4182918,0.8228134,0.27746636,-0.5283981,-1.1076965,-0.31274003,0.46740487,-1.1951419,0.7936063,1,chr6:31356821:thoracic_aorta:0,FN,0
3.9724755,-3.0062988,0.27465647,2.1939888,0.82519746,0.89487344,0.004819021,0.30867982,-0.47015992,-0.5835733,1,chr9:101449087:thoracic_aorta:0,TP,1
-3.4167106,-0.19685188,-0.8759621,0.45562783,0.40324062,-0.98255837,-0.68386054,-0.031794965,0.32798135,0.13464698,0,chr3:187738805:body_of_pancreas:0,TN,0
2.7762861,-2.3245063,-0.9188169,1.443598,0.13810815,1.0857731,-0.110743664,0.00045947544,0.11338674,-0.69026715,0,chr7:102478962:thyroid_gland:0,FP,1
-3.0366883,2.9018855,-0.020902425,0.101198114,0.25558966,0.22933337,-0.058167852,0.6501,0.19889332,-0.23904784,1,chr9:127348292:tibial_artery:0,FN,0
5.534416,1.374139,0.23412856,-0.65056425,-0.115566574,-0.5906626,-0.5309001,-0.058578704,-0.05027775,-0.84182125,1,chr17:43360656:lower_leg_skin:0,TP,1
-2.536114,0.07623454,-0.22407547,-0.64107645,1.2003919,0.7592416,-0.58009017,-0.48094305,0.52620214,0.6462494,0,chr10:12214559:adrenal_gland:0,TN,0
5.2717834,-0.35684437,0.42140025,0.7146958,0.66168743,-0.57645303,-0.13193403,-0.30271384,-0.15431316,0.8613089,1,chr3:104102588:tibial_artery:0,TP,1
-1.7764044,-0.21076313,-1.0267498,0.34404525,-0.47147107,0.44199815,1.1569977,0.103540726,-0.6800724,0.105507724,0,chr7:151111021:prostate_gland:0,TN,0
-3.0877619,0.106862485,0.83338684,-0.1220863,-0.7531316,-0.43721828,0.17846547,0.08279917,0.15076,0.09740098,0,chr19:33143907:esophagus_muscularis_mucosa:0,TN,0
-3.3914633,0.42969412,-0.92441773,0.49045372,-0.5215805,-0.2886544,-0.6284553,-0.06375778,0.20344411,0.010293732,1,chr14:80955078:esophagus_muscularis_mucosa:0,FN,0
4.23007,-1.3491999,0.30033875,1.3839778,-0.10787466,0.6168963,0.9442597,-0.10552878,-0.28464913,0.19706248,0,chr2:218297705:thoracic_aorta:0,FP,1
5.542901,0.05353978,-0.30748913,1.1148365,0.10088458,0.27000418,0.062739566,-0.5502535,-0.49802205,-0.34559494,1,chr3:165196968:sigmoid_colon:0,TP,1
5.8401995,0.8347221,-0.08131167,-0.5512623,-0.037800204,-0.71311873,-0.1330061,0.055029955,0.041443102,-0.20949197,1,chr1:157311320:prostate_gland:0,TP,1
-1.7428094,-1.7426975,0.39673412,-0.17726564,-0.9463245,-0.88685155,0.09714311,0.61569625,-1.1650836,0.5095983,0,chr6:149863745:upper_lobe_of_left_lung:0,TN,0
5.929857,-0.2756206,0.51088834,0.5621675,0.56035453,-0.19533886,-0.28741986,0.20371899,0.07295325,0.6483816,1,chr17:22909996:body_of_pancreas:0,TP,1
-2.9988737,2.1982048,-0.3070415,-0.019170437,-0.40214613,0.39823776,-0.32644746,-0.5011472,-0.12803099,0.21368726,0,chr18:24726802:upper_lobe_of_left_lung:0,TN,0
-1.4659843,-1.82255,0.5291584,-0.710535,0.39354205,-0.14443679,0.5090572,-0.6363797,-0.37145197,0.2715301,0,chr13:98212399:body_of_pancreas:0,TN,0
-1.9502004,-2.1889758,0.3685969,-0.0040342277,-0.4496412,0.17278875,-0.75262123,0.56243193,-0.2083368,-0.09405932,0,chr5:69093778:transverse_colon:0,TN,0
6.000722,0.4226834,-0.060889807,-0.10412818,0.31273735,-0.5799064,-0.46243924,0.12757678,-0.11098882,-0.002888669,1,chr6:31374359:spleen:1,TP,1
-2.241688,-0.070481054,-0.06103666,-0.6276104,0.65546554,0.13540706,0.20530543,-0.32310903,0.13030255,-0.8318815,0,chr2:174603562:body_of_pancreas:0,TN,0
-1.9922932,0.6322125,0.28672412,-1.0344548,0.077532254,-0.21942341,-0.07236474,0.3359337,0.24815623,0.14519842,1,chr7:142771231:body_of_pancreas:0,FN,0
-2.826676,0.58249974,0.28648224,-0.14837997,0.6620034,0.32850277,0.017711362,-0.7381781,-0.5569509,-0.12972212,0,chr19:48261599:body_of_pancreas:0,TN,0
5.4309797,-0.6529015,-0.25026435,-0.331988,0.556183,-0.88600266,0.24582352,-0.10061475,0.38458702,1.0849184,1,chr19:7799767:upper_lobe_of_left_lung:0,TP,1
-1.6789157,-0.56240857,0.38979313,0.16143645,0.8849375,-0.03910113,0.072360516,0.47737503,0.05287721,-0.110955164,0,chr11:5712853:transverse_colon:0,TN,0
-2.967609,1.3924606,0.06001183,0.81366843,1.1589525,0.067501135,-0.4255951,0.077679105,0.34505907,-0.07926904,0,chr10:72808210:Peyers_patch:0,TN,0
-3.3343906,1.6305376,-0.25855413,0.04856674,0.3348704,0.04982278,0.14608698,0.5421084,-0.5072719,0.05779929,0,chr7:16695960:esophagus_squamous_epithelium:0,TN,0
-3.025919,-0.16524139,1.1098723,-0.05221099,0.36815077,-0.6785935,-0.45876074,-0.30218512,-0.047072504,-0.023739686,1,chr1:39539494:prostate_gland:0,FN,0
-3.2010498,0.33537522,-0.8428727,0.4237049,0.26353848,-0.7549404,-0.5626371,-0.4525549,0.14668143,-0.15137304,0,chr1:46718523:body_of_pancreas:0,TN,0
-1.8281709,1.1214558,-0.4251783,-0.2568743,-1.083926,0.64087176,0.33150628,-0.20977472,0.096271746,-0.46599376,0,chr1:204128730:transverse_colon:0,TN,0
5.437609,-0.59811187,-0.2613853,1.2291099,0.16397345,0.1616666,0.7812453,-0.9241024,-0.44971234,-0.7453668,1,chr7:73725711:sigmoid_colon:0,TP,1
-3.0530581,-0.026842488,-0.118198425,-0.40066084,0.9264556,-0.33565533,0.053634677,0.34659782,-0.48339128,-0.20715211,0,chr5:126544416:adrenal_gland:0,TN,0
-2.518561,-0.7923735,0.6981804,-1.6227994,-0.17490393,-0.32045102,0.0071876682,-0.53213215,0.088461824,-0.9991519,1,chr8:41651698:esophagus_muscularis_mucosa:0,FN,0
-2.7888942,-0.4232253,0.016111715,-0.6062159,-0.08324224,0.25284386,-0.35844374,-0.524354,-0.36952716,-0.1988097,0,chr11:44538347:tibial_artery:0,TN,0
2.6880736,-0.7267256,-0.35644877,1.6033235,-0.36972278,0.872943,0.8906412,-1.0084745,-0.20650364,0.3285922,0,chr19:51661129:spleen:0,FP,1
-1.5690202,2.1023533,-0.03034349,-0.12327655,0.23489627,0.9946719,-0.4212123,-0.053991195,0.12116913,-0.019702723,0,chr1:48109545:spleen:0,TN,0
-0.9524193,-0.9021623,0.3541418,0.2440333,1.2275246,-0.3057762,-0.047433034,0.16024539,-0.094303064,-0.18059269,0,chr3:172341837:esophagus_squamous_epithelium:0,TN,0
-2.9206636,-0.6166524,-1.2438765,0.5094211,-0.5432853,-0.82823825,-0.6504388,-0.33650297,0.5078744,-0.053097237,1,chr1:26921783:transverse_colon:0,FN,0
-0.23087168,-1.2301093,0.3067479,-0.6800971,-0.15286446,1.2909654,-0.7708624,0.72194165,-0.95973766,-0.17890811,0,chr4:28686853:testis:0,TN,0
0.064575166,-0.15068531,1.1336039,0.07259239,-0.19984433,1.757825,0.82034594,0.60546976,0.62828267,-0.39688388,0,chr20:41572206:prostate_gland:0,TN,0
5.154299,-0.7433197,-0.26666993,1.0598885,0.46986857,0.44163862,0.2796083,-0.74055725,-0.3748002,-0.80158937,1,chr21:33895616:body_of_pancreas:0,TP,1
-2.7070315,-0.36270982,-0.24969558,0.064071566,-0.7637327,-0.1921954,-0.06869936,0.3760442,-0.59370947,-0.5142096,0,chr9:133980264:body_of_pancreas:0,TN,0
-3.200663,1.8100506,0.12817259,0.6034565,1.3105996,-0.13816723,0.08693741,0.19425435,0.08925284,0.09394839,0,chr2:30503669:body_of_pancreas:0,TN,0
5.2066774,0.06896894,0.0988887,1.2818893,-0.046446975,-0.12513958,0.4654844,-0.7014928,-0.21899039,-0.17115745,0,chr11:46305551:spleen:0,FP,1
5.908369,0.16492555,0.566239,0.8208894,0.3319147,-0.6188986,-0.48854277,0.41082892,-0.24213493,0.62320626,1,chr3:75785547:tibial_artery:1,TP,1
-2.4593098,-1.3725855,0.7153921,-1.0112422,0.42152143,-0.43749908,0.5219171,-0.31818905,0.024210908,0.16617621,0,chr5:168305601:body_of_pancreas:0,TN,0
3.9724755,-3.0062988,0.27465647,2.1939888,0.82519746,0.89487344,0.004819021,0.30867982,-0.47015992,-0.5835733,1,chr9:101449087:transverse_colon:0,TP,1
6.0429125,0.16955775,-0.15559474,-0.17280833,0.021089926,-0.60005385,-0.62029505,0.18417509,-0.32473114,0.20254743,1,chr17:45585364:transverse_colon:0,TP,1
-3.694107,2.2411993,0.048204385,0.107878305,0.32959113,0.19083427,-0.088864855,0.18195045,0.27617443,-0.13663599,0,chr17:11987147:testis:0,TN,0
-3.2190154,-0.10109058,1.9830109,-0.2767176,-0.5060565,-0.028255492,-0.09724558,-0.63843226,0.041997455,-0.54083914,0,chr9:41774679:transverse_colon:0,TN,0
2.35532,-0.5076936,0.43256235,1.0743736,0.38250798,0.23386246,0.54850656,0.18777174,0.56941646,-1.0302866,0,chr2:168375394:spleen:0,FP,1
5.672909,0.64635986,-0.304707,0.12840301,-0.15687554,0.1623842,-0.07729989,-0.055663597,-0.2723368,-0.4349015,0,chr2:165698939:body_of_pancreas:0,FP,1
-2.8919704,0.91919553,-1.3003348,0.13438572,-0.8911284,0.18021545,-0.5192037,0.10377524,0.16976234,0.16178332,1,chr11:1652791:testis:1,FN,0
0.284317,1.4056244,-0.6720685,-0.36386287,-1.1981448,1.5784975,-0.3793232,0.36776927,-0.07015935,-0.44973427,0,chr17:879808:upper_lobe_of_left_lung:0,FP,1
6.058692,0.34700304,0.030160146,-0.18884991,0.31067866,-0.7298241,-0.2551179,0.18533257,-0.09683157,-0.4277639,1,chr2:158848532:prostate_gland:0,TP,1
-3.4375165,0.7879484,-0.5984957,0.64886427,0.53071594,-0.9387759,-0.23114216,0.532394,0.32162184,0.26200995,1,chr9:97633155:tibial_nerve:0,FN,0
-1.6827726,-0.14183652,0.9824937,-0.23063478,-0.07937707,-0.04617141,0.72683316,-1.2293937,0.47808552,0.0319222,0,chr4:128298307:Peyers_patch:0,TN,0
5.244603,-0.43094608,-0.6469281,-0.28689173,-0.2868216,-0.37683696,0.38021618,0.019124635,0.15668654,-1.1086174,1,chr16:2005851:body_of_pancreas:0,TP,1
5.784341,0.7432148,0.06285333,-0.30328324,-0.009862135,-0.36568916,-0.22773337,0.42776057,-0.29595244,0.0069164964,1,chr7:142752912:body_of_pancreas:0,TP,1
-2.83849,1.2845289,0.088500574,0.6197087,0.42010337,-0.6965932,0.20704533,0.3707952,-0.32596165,-0.1534983,0,chr6:32622553:transverse_colon:0,TN,0
3.6367834,0.5086713,0.107252106,-0.27114722,0.31612664,-0.077633806,1.0777817,0.336451,0.7798232,0.2572463,1,chr5:10111731:Peyers_patch:0,TP,1
-2.7432528,0.33764204,-0.2669654,-0.5347737,0.017179498,-0.02970471,0.59103507,1.2619027,-0.28396267,0.21700048,0,chr5:151316162:prostate_gland:0,TN,0
-1.8929751,-0.4265561,0.00043350176,-1.1712941,0.6313122,0.88794404,0.7034021,0.048553396,-0.12589148,0.34356156,0,chr8:30227839:body_of_pancreas:0,TN,0
-1.4259974,-0.7042454,-0.71694016,0.3485664,0.4353072,1.2288471,-1.0136557,-1.1341302,-0.11403971,0.39942092,1,chr19:45427778:esophagus_muscularis_mucosa:0,FN,0
-2.477091,0.57060236,0.033624124,0.9293606,-0.030427793,-0.5256982,0.32660714,-0.07850194,-0.43887305,-0.4428084,0,chr11:72661026:thoracic_aorta:0,TN,0
4.803789,1.1608735,0.010205888,0.59849584,0.1670565,0.72151643,0.32008868,-0.46345815,-0.27736813,-0.22205856,1,chr1:149554253:spleen:0,TP,1
-0.9275947,-2.281499,-0.93303186,0.80868953,-0.21874283,-0.64143854,0.036325306,0.18973716,0.43045902,0.08256407,0,chr14:54902267:upper_lobe_of_left_lung:0,TN,0
-2.8989727,-1.2309431,1.3626434,-0.19057517,-0.27505434,-0.19262967,-0.4674888,-0.18564665,-0.09374633,-0.24958238,0,chr20:62808622:spleen:0,TN,0
-3.129223,1.0558552,-0.6089054,-0.6349562,-0.10038135,-0.32428774,-0.784604,0.09207771,0.33146653,0.11226165,0,chr9:83219701:suprapubic_skin:0,TN,0
-1.4296455,-2.2296598,1.152627,-1.2602297,0.7038995,-0.31416544,0.7175624,-0.36111945,0.033023242,-0.6242307,0,chr1:225549929:body_of_pancreas:0,TN,0
-2.025857,-1.3009546,-2.0004945,0.7470245,-0.84898055,-0.83250743,-0.6339997,-0.7585909,0.89460737,0.15584889,1,chr9:67059302:thoracic_aorta:0,FN,0
-2.1636162,0.5580622,-0.035609778,-0.2195818,0.5772983,0.019460374,-0.107666366,-0.09363243,0.088269874,-0.20500559,0,chr11:5600232:tibial_artery:0,TN,0
4.436485,-0.4065723,0.33792412,1.5093066,0.124224484,0.60917634,0.07259466,0.13039847,-0.00901608,-0.7009176,0,chr15:57688895:tibial_artery:0,FP,1
-3.049306,0.78126067,-0.0011118407,-0.2023823,0.7271981,-0.086113155,-0.14137448,-0.7330929,-0.3497262,-0.3576277,1,chr9:41798915:transverse_colon:0,FN,0
-2.4974096,-0.3290826,1.8461429,-0.4713316,-0.32046828,-0.0528676,-0.0011952572,-1.2535238,0.24819165,0.06600194,1,chr19:49327988:transverse_colon:0,FN,0
-2.8437276,-0.9365921,-0.61922514,0.16344927,0.37179327,-0.3448724,-0.8226413,0.2538219,-0.033420898,0.016713815,0,chr14:77761288:body_of_pancreas:0,TN,0
-0.7255705,-1.324128,-0.57775396,0.41003153,1.0542969,-0.3342971,1.0137861,1.4972337,0.23003122,0.07812081,0,chr20:57715442:thoracic_aorta:0,TN,0
-1.9012468,-0.51862675,1.8668247,-0.554208,0.4384385,0.18160616,-0.09408103,0.06919448,0.52644074,-0.73455626,0,chr2:129661559:body_of_pancreas:0,TN,0
-3.162606,1.4466804,-1.3336365,0.5470291,-0.9157248,-0.4249008,-0.45184562,-0.122215286,0.27458796,0.15673475,1,chr7:116671875:thoracic_aorta:0,FN,0
-2.651491,0.010311133,-1.1248673,-0.22344464,-0.23407774,-0.46404475,0.37168008,0.5624006,-0.4527776,-0.16169901,1,chr3:13015510:upper_lobe_of_left_lung:0,FN,0
4.274915,1.8980395,0.026924348,-1.0138091,-0.46530497,-0.22017407,0.54983604,0.013953459,0.39027002,0.41582,1,chr1:89276837:esophagus_muscularis_mucosa:0,TP,1
-2.9197178,-0.19976604,-0.3512865,0.64418024,1.0058265,-0.6823837,-0.49249133,-0.013372926,0.5873475,0.20123896,0,chr17:21512888:transverse_colon:0,TN,0
-3.2125585,0.9896994,-0.1715047,0.25365636,0.5368066,-0.5464513,-0.2800031,0.3661154,-0.07376694,-0.23253708,0,chr6:1686364:thoracic_aorta:0,TN,0
-1.9053732,-1.1746136,0.9390614,-0.19684513,-0.17626137,-0.08411018,0.4908444,0.31114772,-0.513538,0.43753242,0,chr7:6430691:thoracic_aorta:0,TN,0
-0.034891605,0.7292529,-1.0865295,-0.23981139,-0.3948256,1.2691469,-0.117337056,0.603715,-0.18831053,-0.7048447,0,chr16:84062971:Peyers_patch:0,TN,0
-2.3596072,-1.1786587,0.035902012,-0.18813585,-0.30259898,0.0018696121,-0.28376642,0.11223057,-0.3068996,-0.33615983,0,chr8:11564982:tibial_artery:0,TN,0
-2.325718,-1.5152375,-0.045735713,-1.0636109,-0.09571901,0.17734565,-0.55347526,-0.0638372,-1.1494378,-0.69195783,1,chr7:22550492:suprapubic_skin:0,FN,0
2.8908713,-1.7473874,-2.378078,0.37987316,-0.75067484,-0.5267895,0.929616,-0.5161313,0.48930278,-0.43353754,0,chr19:51689166:esophagus_squamous_epithelium:0,FP,1
5.792278,-0.3573606,0.46583977,1.2936356,0.49977046,0.14118679,-0.12193215,-0.057053726,-0.454539,0.20548084,1,chr15:24767525:prostate_gland:0,TP,1
3.704266,-0.30277452,-0.02337221,-0.8862336,0.7935235,-1.3170283,1.6277306,-0.43095234,1.7704331,-0.8730874,1,chr21:10801382:sigmoid_colon:0,TP,1
-2.6438913,-1.036279,0.8258586,-0.4219672,0.5936618,0.36982837,-0.63264316,-0.122312054,-0.6427471,-0.08870973,0,chr16:13874171:gastroesophageal_sphincter:0,TN,0
4.7290597,-0.8989353,-0.19120835,0.9983595,0.15552817,0.59953856,0.7960516,-0.113295235,-0.24406277,-1.600918,0,chr7:157433451:body_of_pancreas:0,FP,1
-1.7611957,-1.6430554,-1.1738557,-0.10115419,-1.3292944,0.0703063,-0.1032054,-0.37136665,0.5582082,0.11082776,1,chr12:1922226:transverse_colon:0,FN,0
-2.037051,0.26042527,1.9430908,1.2153151,-1.1665092,0.10268129,0.61438966,-0.45689997,-0.26032925,0.53234243,1,chr16:4548780:body_of_pancreas:0,FN,0
3.1676304,0.041389927,0.8398281,-0.2795316,0.3058729,0.2577101,0.054773096,-0.96840525,-0.112091295,0.24289136,0,chr4:184722988:transverse_colon:0,FP,1
-1.7785968,2.8825724,0.073382914,0.08532912,0.36638808,1.143959,-0.073846556,-0.560763,0.14425604,0.19009979,1,chr3:24264803:esophagus_squamous_epithelium:0,FN,0
3.7635398,-1.5583682,-0.77150685,-0.088419236,-0.11428108,-1.2220731,0.5342805,-0.082562335,0.20297128,0.8660361,0,chr19:40541453:esophagus_squamous_epithelium:0,FP,1
1.5114253,-0.79376227,-0.8114084,-0.19990425,-0.7472593,1.9020824,-1.059628,-0.23692237,1.5017918,0.3709394,1,chr2:196068383:spleen:1,TP,1
-0.38776305,-2.843467,0.5506459,0.27834126,-1.1145247,-0.57198024,-0.0084058745,0.30384737,-1.1137465,1.0882881,1,chr9:33447548:esophagus_squamous_epithelium:0,FN,0
6.042911,0.16955851,-0.15559418,-0.1728083,0.02108957,-0.60005456,-0.6202952,0.18417436,-0.32473007,0.20254815,1,chr17:45585364:transverse_colon:1,TP,1
-0.922335,-1.3873252,0.97736895,-0.91813165,0.48189846,0.18681733,-0.08999245,-0.16973817,-0.27891693,-0.23716615,0,chr7:120792051:sigmoid_colon:0,TN,0
-2.5851402,-0.027844345,-1.7209026,0.0447958,-1.0108411,-0.25169775,-0.230427,0.16244663,0.658858,0.47928187,1,chr3:196528862:tibial_artery:0,FN,0
0.022486849,-1.9898925,1.5538282,-0.5151786,-0.32614538,0.13228954,0.06380777,0.5548959,0.5694404,-0.9051951,0,chr8:79982979:transverse_colon:0,TN,0
1.5178608,-2.928821,1.4437306,1.2707382,0.4485836,0.5551097,-1.3104903,2.1792276,1.0950907,-0.22656278,1,chr8:44636977:testis:0,FN,0
1.7025802,-1.2176328,0.52743286,-0.13749342,-0.77973896,1.0606325,0.020578468,0.53410196,-0.7150881,-0.25668088,0,chr11:68030237:tibial_artery:0,FP,1
1.5662649,1.1471332,0.012640719,-1.0635769,0.5121742,1.0286665,-0.7054132,-1.1439011,0.056995716,1.1000168,0,chr2:162153500:transverse_colon:0,FP,1
-1.4259974,-0.7042454,-0.71694016,0.3485664,0.4353072,1.2288471,-1.0136557,-1.1341302,-0.11403971,0.39942092,1,chr19:45427778:gastroesophageal_sphincter:0,FN,0
5.0001607,2.4299338,0.11259613,-1.1333749,-0.8511259,-0.4934635,-0.83222115,0.19863893,0.07111908,0.022388479,1,chr11:60251676:tibial_nerve:0,TP,1
5.351921,1.0659748,-0.5084616,-0.5259339,-0.7975022,-0.39772302,-0.08895053,-0.22847113,0.0463206,-0.5365684,1,chr9:42852316:gastrocnemius_medialis:0,TP,1
1.5178608,-2.928821,1.4437306,1.2707382,0.4485836,0.5551097,-1.3104903,2.1792276,1.0950907,-0.22656278,1,chr8:44636977:upper_lobe_of_left_lung:0,FN,0
-1.1403179,-1.8402086,-0.22054425,-0.60266334,0.13066177,0.40479344,-0.5330163,0.38172862,-0.33323866,0.7568212,1,chr4:3985054:tibial_artery:0,FN,0
-0.8577001,1.4711822,-0.29068863,-0.19468297,0.5507281,0.620195,0.030680241,0.59805566,-0.63463163,0.5789587,0,chr17:15574102:esophagus_muscularis_mucosa:0,TN,0
-1.8347223,-1.9165497,-0.9414064,0.028891468,-0.8188216,-0.15993339,-0.050517187,-0.38772342,-0.19813271,0.0771827,0,chr12:108857917:transverse_colon:0,TN,0
4.021981,-1.1031752,-0.13998103,1.3765485,0.5418732,0.5594493,0.40685955,-0.702562,0.19125465,-0.39342025,1,chr11:27851874:body_of_pancreas:0,TP,1
-1.3339028,-1.7496908,0.76852036,-0.03339025,0.15663102,0.46567297,-0.4627942,-0.07917124,0.15405884,0.15804473,0,chr15:45796658:body_of_pancreas:0,TN,0
5.72352,-0.23319145,-0.2012803,-0.43506,-0.020152377,-0.27035248,-0.42541462,-0.085959256,0.12687142,-0.5274394,1,chr17:43361240:body_of_pancreas:0,TP,1
-2.2815633,-0.9732969,-1.1302063,0.6492196,0.20890594,-0.47990415,-0.24458636,0.41350526,0.29852897,-0.01411405,0,chr2:231615297:adrenal_gland:0,TN,0
-2.8919704,0.91919553,-1.3003348,0.13438572,-0.8911284,0.18021545,-0.5192037,0.10377524,0.16976234,0.16178332,1,chr11:1652791:esophagus_squamous_epithelium:0,FN,0
5.2308955,0.098592535,0.4248632,-0.7555479,0.23377182,-0.27483195,-0.41234323,0.53034854,0.4696269,-0.04771289,1,chr7:142521135:transverse_colon:1,TP,1
3.2418015,-2.3289778,-0.35871816,2.159675,0.63635975,1.0311574,0.016110618,-1.1253206,0.58986354,-0.15998392,1,chr9:66270561:gastroesophageal_sphincter:0,TP,1
-1.6652565,-1.515563,-1.6921284,0.49035564,-0.7867692,-1.1042101,0.111737214,0.11927346,0.07748409,-0.44310075,1,chr8:28701937:esophagus_muscularis_mucosa:0,FN,0
-0.5419082,-1.4277394,1.0594288,1.5187061,-0.7746579,0.029761352,-0.107420124,0.7194613,0.10770062,0.12660606,1,chr13:45465271:body_of_pancreas:0,FN,0
-0.546622,-0.7931882,-1.1503744,0.27202192,-1.0605468,0.5232279,-0.44564793,0.45643693,0.65792614,-0.18620835,0,chr16:87384014:upper_lobe_of_left_lung:0,TN,0
-2.4004116,1.0731193,-0.43283522,-0.52237946,0.8865217,-0.2543992,0.9607684,0.57361436,-0.27400392,0.19509661,0,chr11:11558437:sigmoid_colon:0,TN,0
5.235233,1.0872262,-0.18780708,-0.3994636,-0.22840026,-0.0026825073,-0.16741867,-0.06941345,-0.037038792,-0.36163753,1,chr10:38653055:transverse_colon:0,TP,1
6.040878,0.29483488,0.17300954,0.22390291,0.32477847,-0.7556942,-0.46276543,0.04145085,-0.40734446,0.32963035,1,chr12:52949266:transverse_colon:0,TP,1
-0.61838883,1.5199431,2.4352052,1.5754591,-1.6102993,0.20907226,-0.11155709,0.5186373,0.9050764,0.044245075,1,chr20:28507029:esophagus_squamous_epithelium:0,FN,0
5.41612,-0.289306,0.4996155,0.69962126,0.22356133,-0.20094004,0.21564525,0.12935838,0.060090553,-0.06585025,0,chr18:50349719:transverse_colon:0,FP,1
-1.9360086,-1.3004233,0.056483295,-1.237944,0.47481617,0.09814015,0.11049387,0.14107949,0.13440354,-0.48136127,0,chr18:77207677:esophagus_muscularis_mucosa:0,TN,0
3.8899145,-2.6318269,-1.6774406,0.72804815,0.367999,0.9615866,0.1456235,-0.6171676,0.32614803,-0.4020406,0,chr10:71889106:tibial_artery:0,FP,1
6.000722,0.4226834,-0.060889807,-0.10412818,0.31273735,-0.5799064,-0.46243924,0.12757678,-0.11098882,-0.002888669,1,chr6:31374359:thoracic_aorta:0,TP,1
5.4232445,-0.27935833,0.30963603,-1.1108978,0.13555537,-0.35394937,-0.090590954,-0.11594197,-0.12887743,0.8555978,1,chr16:18131839:upper_lobe_of_left_lung:0,TP,1
-2.1615992,-1.0091894,1.3532176,-0.086026736,-0.5159963,0.04581746,0.6537415,-0.7262694,0.10152252,0.22106718,0,chr14:68817273:spleen:0,TN,0
-2.2193015,-1.2205311,-0.54705757,-1.1521043,-0.08357471,-0.58578104,1.309562,0.82187545,-0.14169325,-0.15597329,0,chr9:92716650:tibial_artery:0,TN,0
-2.7912993,2.9637306,0.030448096,0.18772121,0.92816836,0.14884791,0.7177221,0.9266647,0.028038919,0.45498955,0,chr1:168939485:Peyers_patch:0,TN,0
-2.5599365,0.016948745,0.09944967,0.16851473,0.53535944,-0.114862874,1.1499048,0.19317205,-0.4397146,0.14161012,0,chr13:44270101:body_of_pancreas:0,TN,0
4.6842027,-0.35061678,0.19078878,1.2777234,0.16835462,0.010826618,0.7256043,-0.6837732,0.19663715,0.4724182,1,chr12:93525455:body_of_pancreas:0,TP,1
-2.7727141,-0.12066208,-0.2842306,0.4143664,-0.20645775,-1.1296694,0.5747066,0.12891161,-0.73763156,-0.36092842,0,chr12:47736989:sigmoid_colon:0,TN,0
-3.129223,1.0558552,-0.6089054,-0.6349562,-0.10038135,-0.32428774,-0.784604,0.09207771,0.33146653,0.11226165,1,chr9:83219701:thoracic_aorta:0,FN,0
-2.596033,1.4101397,-0.2491097,0.43838248,1.2048889,0.29227328,0.6590681,0.0693745,0.024489976,0.45951995,0,chr8:114454597:testis:0,TN,0
-1.8741933,0.1413544,-1.0436502,-0.3366986,0.13124442,1.417377,0.09571789,0.92654735,0.22157459,-0.06888843,1,chr12:3658553:body_of_pancreas:0,FN,0
-3.1454537,1.1835971,-0.32523888,0.16570126,-0.26114222,0.17250046,-0.13610138,0.044061214,0.0006804473,-0.18920588,0,chr10:98415896:prostate_gland:0,TN,0
-2.9206636,-0.6166531,-1.2438768,0.5094213,-0.5432853,-0.8282395,-0.6504391,-0.33650357,0.5078741,-0.05309705,1,chr1:26921783:Peyers_patch:0,FN,0
5.985963,0.11544102,0.31364098,0.21283798,0.26752818,-0.730168,-0.43331698,0.41177738,-0.3636499,0.53088045,1,chr3:75785609:upper_lobe_of_left_lung:0,TP,1
-2.4913151,-0.095844515,-1.3381907,-0.3302725,-0.6041085,0.20604557,0.56869024,0.2882378,-0.35109332,0.28749567,0,chr17:82577491:transverse_colon:0,TN,0
4.1476445,0.86604697,0.06982437,-0.2002092,-0.37985563,0.2429407,0.07902576,-0.19463445,0.3093828,-0.22254492,1,chr2:240194478:adrenal_gland:0,TP,1
-3.2955372,0.9677962,-0.25386515,0.1453165,0.5139627,-0.34608614,0.5930255,0.50120986,-0.113248594,0.074167244,0,chr5:74127887:prostate_gland:0,TN,0
4.1910243,-0.122562565,0.86263466,0.565393,0.35290107,-0.27720213,0.77219015,-0.55439943,0.27594128,0.7236569,1,chr7:60019551:tibial_artery:0,TP,1
6.0165586,0.22701114,-0.02848786,0.1167889,0.3353942,-0.4970746,-0.24670552,-0.12414217,-0.24212864,-0.16685353,1,chr8:13655256:tibial_artery:0,TP,1
-1.691604,0.44360065,-0.31397662,0.68474483,0.9598535,0.33210543,0.31453186,0.33480373,-0.21173821,-0.250283,0,chr3:169391022:thoracic_aorta:0,TN,0
-2.49903,-0.18428934,0.050605346,-0.21137665,0.45920265,0.44788092,0.008839669,-0.3939945,-0.6037484,-0.41532224,0,chr12:20377162:esophagus_squamous_epithelium:0,TN,0
-0.95375496,1.0394412,0.4052389,0.9741681,1.2009629,0.42760605,0.3228536,-1.346243,0.75113904,0.74335396,1,chr6:52788016:body_of_pancreas:0,FN,0
-2.7192764,1.9114859,-0.11687858,-0.043666247,1.0092516,0.16955303,-0.11350077,0.14059407,0.098418325,-0.12694065,0,chr9:41088786:stomach:0,TN,0
-1.8381959,-0.48737025,-1.0998287,-0.4469374,-1.797894,-0.5750247,0.58544123,-0.21956736,-0.32007864,0.050948117,0,chr2:240232939:transverse_colon:0,TN,0
-2.619015,1.2417926,0.23640957,0.3190819,1.0740013,0.2702422,0.4614873,-0.3018128,0.3492119,0.1130346,1,chr6:106223515:body_of_pancreas:1,FN,0
4.5258856,-0.62867874,-0.31658012,1.7008836,0.41817027,0.61503935,0.69354457,-1.1156218,-0.34051415,-0.51289386,1,chr8:141876713:adrenal_gland:0,TP,1
-2.7550025,-1.0659317,1.0508746,-0.6837272,1.1047064,-0.5682196,0.06841043,-0.6740786,-0.27726987,-0.0013089986,0,chr3:100003551:body_of_pancreas:0,TN,0
-0.34348482,0.22701745,1.8055105,-0.9006829,-0.5341717,1.0612648,0.891395,0.68947184,0.67695683,-0.5601064,0,chr11:103659622:Peyers_patch:0,TN,0
-2.6241648,-0.02266925,0.7548879,0.27794054,0.5653668,-0.15595858,-0.2191078,-0.5569475,-0.6259834,-0.27860802,0,chr11:114340041:transverse_colon:0,TN,0
-3.2123854,0.9312066,-0.39996728,-0.011056615,0.56883377,-0.56903166,-0.2852646,0.36574632,0.06558231,0.03769072,0,chr3:30658939:thoracic_aorta:0,TN,0
5.742974,0.055788916,0.6449897,0.5696201,0.21192694,-0.19221602,-0.21942915,0.30394182,-0.13605782,0.70854527,1,chr17:22822734:thoracic_aorta:0,TP,1
-2.207831,-0.7860231,1.4366688,-0.415484,-0.53255653,-0.09589554,0.5463114,-0.24977791,0.20808095,-0.6048515,0,chr22:23862464:thoracic_aorta:0,TN,0
5.491511,-0.6815751,0.12002291,0.12404071,0.30475864,0.40818793,-0.47368443,0.45202333,0.45379484,-1.0447093,1,chr17:43360554:lower_leg_skin:0,TP,1
6.0036983,0.52964723,0.19451751,0.30956036,0.38471892,-0.7517967,-0.40266106,0.0803391,-0.32324743,0.17713463,1,chr3:75785357:sigmoid_colon:0,TP,1
4.688691,3.0236764,0.36379516,-0.9719608,-0.7178983,-0.88774,-0.7595117,-0.01331318,-0.25904423,-0.44037232,1,chr14:106468932:suprapubic_skin:0,TP,1
-3.0366883,2.9018855,-0.020902425,0.101198114,0.25558966,0.22933337,-0.058167852,0.6501,0.19889332,-0.23904784,1,chr9:127348292:tibial_artery:1,FN,0
-0.30789122,-2.11081,-1.7943587,1.2725778,0.011995266,0.2868787,-0.12987615,-0.21453755,-0.023768345,0.07823651,1,chr3:136195872:esophagus_muscularis_mucosa:0,FN,0
1.8738394,-2.4349003,-0.26976594,0.56115454,-0.29744184,0.76613563,0.81471145,0.8197022,-0.15940301,-0.110819586,1,chr19:4352765:esophagus_muscularis_mucosa:0,TP,1
3.38055,-1.6068757,-0.8704944,0.9357294,1.0978813,-0.12003564,0.009755204,-0.78557575,0.44490117,0.76005334,0,chr10:70540226:body_of_pancreas:0,FP,1
-1.6589829,-1.5224721,1.400196,0.9387477,-1.1569166,-0.35609382,-0.79230887,1.081534,-0.6890519,0.29456633,0,chr9:25678197:transverse_colon:0,TN,0
-3.1213765,-1.2625157,-0.7019031,-0.027244348,-0.1788478,-1.1912693,-0.47761798,-0.5061803,0.097377695,0.051359702,0,chr14:75294151:transverse_colon:0,TN,0
-3.133793,0.7795467,0.054950874,-0.38928044,1.1415433,0.30634353,-0.41535082,0.39543042,-0.3399671,-0.24991204,1,chr15:21284342:thoracic_aorta:0,FN,0
-2.7919888,1.3991317,-0.59732896,0.16906005,-0.07679056,-0.17160709,0.8476927,0.6716895,0.14632794,0.286604,1,chr1:9110877:upper_lobe_of_left_lung:0,FN,0
6.000722,0.4226834,-0.060889807,-0.10412818,0.31273735,-0.5799064,-0.46243924,0.12757678,-0.11098882,-0.002888669,1,chr6:31374359:esophagus_squamous_epithelium:0,TP,1
-3.0426204,0.05309293,0.7891758,-0.8041623,-0.44243845,0.115793906,0.22625642,-0.6821362,-0.5775139,-0.48047054,0,chr8:122937553:gastrocnemius_medialis:0,TN,0
-3.0869017,0.94837064,-0.24968751,0.4134343,-0.017473811,0.01230677,0.06722796,0.27238083,-0.3562801,0.07455291,1,chr1:10507600:transverse_colon:0,FN,0
-2.484298,0.949137,1.4464151,0.4874227,-0.56374943,-0.16202074,0.24566177,-0.5307679,0.5440532,-0.035463206,1,chr6:137697537:transverse_colon:1,FN,0
-2.1503818,-0.9244285,-0.069098674,-0.8976892,-0.63755536,0.42174923,0.70017856,0.3192074,-0.022835802,-0.36825955,1,chr9:89919259:body_of_pancreas:0,FN,0
-2.635737,0.9932445,-0.14564341,0.20609406,0.47196198,0.21493475,0.5908771,0.5724112,-0.30991,0.07195769,1,chr22:22208022:prostate_gland:0,FN,0
-3.035118,0.89139307,-0.7393479,0.49451444,0.39146984,0.6553942,-0.5512697,0.0072888355,-0.066106655,0.2872446,0,chr10:23158214:transverse_colon:0,TN,0
-2.1951864,-1.9894559,1.591847,-0.47645447,-0.90064394,-0.08482688,-0.64047116,0.40992028,-0.7164229,-0.26426795,0,chr17:3935331:suprapubic_skin:0,TN,0
-2.9864032,0.26800972,-1.2680849,0.09459991,-0.6554575,-0.8095412,-0.2472246,-0.12043291,0.10227149,-0.07801667,1,chr3:194070771:transverse_colon:0,FN,0
0.9982814,-1.1981707,1.1256713,1.2177087,0.8572903,0.3694804,0.5807441,-0.53808874,-0.019011695,0.3657444,1,chr10:97562448:body_of_pancreas:0,FN,0
0.33959395,0.15465374,2.5797956,0.8947956,-0.77467483,0.6866224,-0.50308055,0.8837917,0.4792421,-0.026213229,0,chr12:35996588:transverse_colon:0,TN,0
-3.390785,2.0503442,-0.1742272,0.48245567,-0.06291771,-0.4571038,-0.1407674,-0.37261426,-0.10780013,0.20605205,0,chr9:19926412:Peyers_patch:0,TN,0
-1.8741933,0.1413544,-1.0436502,-0.3366986,0.13124442,1.417377,0.09571789,0.92654735,0.22157459,-0.06888843,1,chr12:3658553:transverse_colon:0,FN,0
5.846576,-0.09602512,-0.2539328,-0.07544455,0.40655062,-0.9623438,0.07078569,0.009345778,-0.038690176,-0.5825404,0,chr9:129437243:tibial_artery:0,FP,1
-1.373279,-0.24085677,-0.14245263,1.066299,1.5046638,-0.04232874,0.02937125,0.7601073,0.024967927,-0.06784768,0,chr9:14098420:body_of_pancreas:0,TN,0
-2.8923142,0.12606439,1.4993168,0.49255884,-0.74445695,-0.07704782,-0.08866506,-0.20406638,-0.25587133,0.10534738,0,chr3:58305852:transverse_colon:0,TN,0
0.85958886,-2.3338854,-0.49625248,-0.23229621,2.2906475,-0.87071323,0.7140526,-0.02763948,0.8204021,-0.2211829,0,chr10:24463398:prostate_gland:0,TN,0
-3.1026306,0.75459665,-0.5421011,0.51235324,0.56313264,-0.18763015,-0.69843376,0.8053691,-0.14957897,-0.053413507,1,chr5:174419583:prostate_gland:0,FN,0
-3.2845182,-0.64965165,0.06056822,-0.34143722,0.9826228,-0.039355613,-0.3153612,0.4059416,0.064547665,-0.038469084,0,chr10:125982633:prostate_gland:0,TN,0
-2.8206143,-0.2882254,0.26563162,-0.5314093,-0.2682524,-0.85189295,-0.9675326,-0.6515083,0.58237743,0.691821,0,chr5:149960526:Peyers_patch:0,TN,0
-2.7701747,-0.48531562,-1.2679826,0.22844203,-0.71035963,-0.74156827,-0.6212984,-0.14975844,0.3006079,0.22368811,0,chr20:10674862:gastrocnemius_medialis:0,TN,0
2.2637594,2.0564857,-0.10769281,-1.6747831,-0.78086096,0.9923321,0.056536518,0.5545605,-0.12834118,0.48835084,0,chr9:19029106:thoracic_aorta:0,FP,1
-3.1474333,-0.051851917,-0.3267903,-0.053236116,0.095219605,-1.4270635,0.31460866,-0.042411562,-0.010922388,-0.028177526,0,chr12:57146967:Peyers_patch:0,TN,0
-3.3622627,-0.38564172,-0.23669794,0.27919105,0.21398193,-0.7039642,-0.5609126,-0.42256486,0.41558668,-0.11357245,0,chr17:45061228:prostate_gland:0,TN,0
-2.1667426,-0.9628145,-0.04832985,-1.3564385,0.26580423,-0.1693363,0.5289754,-0.2575082,-0.2556256,-0.15510352,1,chr20:54068087:sigmoid_colon:0,FN,0
-2.3799112,-0.8779,-1.2031667,-0.4877527,-0.648651,-0.5803314,-0.29854143,-0.11480466,0.1604856,-0.22687733,0,chr10:124389233:gastroesophageal_sphincter:0,TN,0
-1.6652565,-1.515563,-1.6921284,0.49035564,-0.7867692,-1.1042101,0.111737214,0.11927346,0.07748409,-0.44310075,1,chr8:28701937:transverse_colon:0,FN,0
6.0165586,0.22701114,-0.028487913,0.11678945,0.33539456,-0.4970742,-0.24670504,-0.12414292,-0.24212953,-0.16685426,1,chr8:13655256:transverse_colon:1,TP,1
5.9862423,-0.5806766,-0.6072873,-0.16398206,-0.093414076,-0.64938945,0.5019923,0.17762443,0.35003152,-0.4264107,1,chr7:30284575:prostate_gland:0,TP,1
-2.9863503,0.0799405,-1.5932705,0.4823283,-1.1835401,-0.72675157,-0.16584466,-0.23399286,0.1480967,-0.13045247,1,chr7:100894790:body_of_pancreas:0,FN,0
-2.7421753,-1.5321205,0.87623864,-1.1591213,0.8242826,-0.4726611,0.05109378,-0.7755233,-0.31592748,0.03712636,0,chr1:178031767:prostate_gland:0,TN,0
-2.028906,-1.3679149,0.06696668,-0.71777767,-0.27106294,0.07051001,0.56381875,-0.31025165,0.29926142,-0.6571625,0,chr16:2962307:transverse_colon:0,TN,0
6.03064,0.5468609,-0.10262636,-0.3188469,0.09422796,-1.1541351,-0.19705577,0.072596684,-0.067124546,0.10947836,1,chr9:42974893:upper_lobe_of_left_lung:0,TP,1
-2.2106223,0.27777788,-0.20096223,-0.38801533,1.0957159,0.2172768,1.1844696,0.16733024,-0.519507,0.358581,0,chr10:114103871:thoracic_aorta:0,TN,0
5.4309797,-0.6529015,-0.25026435,-0.331988,0.556183,-0.88600266,0.24582352,-0.10061475,0.38458702,1.0849184,1,chr19:7799767:esophagus_muscularis_mucosa:0,TP,1
-1.6601058,-1.2667118,0.18489397,-0.5337451,-0.28244796,0.20289685,0.93171185,1.0549185,-0.35299677,-0.46741292,1,chr1:149692978:Peyers_patch:0,FN,0
-2.5405731,-0.1574015,0.9375883,-0.62935036,0.46307838,-0.29315993,0.2513497,-0.8775213,0.35186756,-0.4299077,0,chr17:49032635:suprapubic_skin:0,TN,0
2.2521288,2.7563407,0.04862097,-0.2916081,-0.30789575,1.5970093,-0.38706362,-0.16601907,-0.47075891,-0.052881915,0,chr1:160006718:tibial_nerve:0,FP,1
-2.3799112,-0.8779,-1.2031667,-0.4877527,-0.648651,-0.5803314,-0.29854143,-0.11480466,0.1604856,-0.22687733,0,chr10:124389233:body_of_pancreas:0,TN,0
-2.410236,-0.36956975,-1.7596481,0.5697196,-0.89090395,-0.64625084,-0.13489208,0.1791791,0.35499722,0.08245573,0,chr12:106956309:tibial_nerve:0,TN,0
-2.7799666,-0.25949377,1.3128957,-0.68370855,-0.5139494,0.39970344,-0.2516849,-0.22939238,-0.15780576,-0.14228386,0,chr3:159805298:omental_fat_pad:0,TN,0
3.0701654,-2.2727518,0.07658203,2.2243457,0.8716904,0.42757073,0.9226631,-1.007027,0.49427444,-0.7982421,0,chr10:48787964:transverse_colon:0,FP,1
-3.1871562,-0.08023128,-0.91285497,0.4081721,-0.62169266,-1.160527,-0.5987114,-0.23462553,0.1253279,-0.0825618,0,chr12:55974293:prostate_gland:0,TN,0
5.445553,-0.15875404,0.33294854,0.52991295,0.43650472,0.18216196,-0.0771057,-0.3543891,-0.19147088,0.13036026,1,chr14:30690707:upper_lobe_of_left_lung:0,TP,1
-2.9962876,1.3640319,-0.67963654,0.68244857,0.68627596,-0.10044197,-0.8002376,-0.07887517,0.5999987,-0.09551932,0,chr2:19363367:transverse_colon:0,TN,0
3.6347692,1.5412561,-0.19119072,-0.95647484,-0.55244046,0.08090388,-0.26412123,0.15522946,-0.21415004,0.32367346,0,chr21:36929828:suprapubic_skin:0,FP,1
0.8215171,1.3357595,0.14607419,-0.45057535,0.942654,2.0932503,-0.8136977,-0.31804642,-0.068013996,0.12457933,0,chr16:78503576:Peyers_patch:0,FP,1
-3.1086564,1.2559444,-0.9246425,0.28110856,0.11764554,-0.2420407,-0.6003458,0.025916195,0.32131222,0.20084292,0,chr6:168884578:body_of_pancreas:0,TN,0
-2.0801485,2.0145316,-0.37662032,0.14774492,0.5518727,0.50508803,1.131624,1.555437,-0.34282696,0.33157617,0,chr3:30518302:gastrocnemius_medialis:0,TN,0
-1.9360086,-1.3004233,0.056483295,-1.237944,0.47481617,0.09814015,0.11049387,0.14107949,0.13440354,-0.48136127,0,chr18:77207677:prostate_gland:0,TN,0
0.8131207,-2.559672,0.8292085,-0.45914176,-0.7558346,0.82349634,-0.67246294,0.97030777,-1.5488429,0.15242659,1,chr7:22550431:spleen:0,FN,0
1.757421,0.041841943,-1.4889503,1.2820022,-0.4233372,1.1392689,0.9215488,-0.96041805,-0.56891793,-0.8139224,1,chr15:40906278:tibial_nerve:0,TP,1
-0.71798927,0.66351885,2.6986914,1.4542671,-0.9709053,0.20855437,-0.22046094,0.3300025,0.5041655,0.11492795,1,chr16:34280008:sigmoid_colon:0,FN,0
3.5352757,-0.4114322,-0.18139288,0.606999,0.11592798,1.1317446,0.4469663,-0.8270614,-0.8132205,0.5049567,1,chr12:48753691:upper_lobe_of_left_lung:0,TP,1
-1.8593605,2.856705,-0.23308209,-0.19616413,0.5103919,1.1723198,-0.109923474,0.47501484,-0.5238918,-0.113310635,1,chr6:52099017:Peyers_patch:0,FN,0
-1.6168724,2.2103598,0.8734275,0.038266044,-0.27641168,0.28051355,-0.6347772,0.5670499,-0.019515453,-1.095278,0,chr3:140898292:spleen:0,TN,0
4.274915,1.8980395,0.026924348,-1.0138091,-0.46530497,-0.22017407,0.54983604,0.013953459,0.39027002,0.41582,1,chr1:89276837:gastrocnemius_medialis:0,TP,1
-2.46151,-2.111233,0.05720012,-0.1705707,0.09858462,0.15281405,-0.20827073,0.17083374,0.1858224,-0.08426036,0,chr9:132241599:esophagus_muscularis_mucosa:0,TN,0
4.5342803,-1.0493057,0.21130638,-0.5210623,0.12603843,-0.3338735,1.6773489,0.18639919,0.44865924,-0.0624959,1,chr5:2070951:adrenal_gland:0,TP,1
-3.1224837,0.5509488,-0.3480517,-0.21023464,0.77494293,0.129296,-0.018319659,0.56653255,-0.00023807463,-0.053471565,1,chr1:53861076:transverse_colon:0,FN,0
-1.2090918,-2.167581,0.509189,-1.5615484,-0.2892751,0.7519193,-1.3565439,0.44581547,-0.15129426,-0.13593093,1,chr16:11211:gastroesophageal_sphincter:0,FN,0
5.6714764,-0.13392444,0.72877884,0.2321779,0.67745155,-0.34470215,-0.0930225,0.46286824,0.24346702,0.51091653,1,chr17:22856764:esophagus_squamous_epithelium:0,TP,1
5.437609,-0.59811187,-0.2613853,1.2291099,0.16397345,0.1616666,0.7812453,-0.9241024,-0.44971234,-0.7453668,1,chr7:73725711:spleen:0,TP,1
3.711544,-0.8469448,0.16837397,0.8106393,-0.3383663,0.6295441,0.7084029,0.46816757,-0.14500728,-0.21344173,1,chr7:155190614:body_of_pancreas:0,TP,1
5.1858177,0.15775874,-0.22148304,0.9176976,0.41400582,0.55977446,0.25199792,-0.7989006,-0.5213471,-0.2836334,1,chr4:159802048:body_of_pancreas:0,TP,1
-2.396003,-0.97129476,-1.6877203,0.82675886,-0.82368004,-0.68916494,-0.601724,-0.21267171,0.4980196,0.07013792,0,chr17:45585048:upper_lobe_of_left_lung:0,TN,0
5.8261676,-0.0861258,-0.28474253,-0.2653571,0.547588,-0.974813,0.09783557,0.08567891,-0.07205393,-0.44432035,1,chr9:129437460:tibial_artery:0,TP,1
5.445553,-0.15875404,0.33294854,0.52991295,0.43650472,0.18216196,-0.0771057,-0.3543891,-0.19147088,0.13036026,1,chr14:30690707:thoracic_aorta:0,TP,1
1.2657518,-1.4104632,-1.2312999,0.6650666,-1.0937841,0.65790105,-0.42577615,-0.4591586,0.06830503,-0.5286428,1,chr1:904530:upper_lobe_of_left_lung:0,TP,1
5.742974,0.055788916,0.6449897,0.5696201,0.21192694,-0.19221602,-0.21942915,0.30394182,-0.13605782,0.70854527,1,chr17:22822734:upper_lobe_of_left_lung:0,TP,1
-2.6425574,-0.5973635,-0.23670697,-0.73337156,-0.41693118,-0.19176416,1.2027088,0.30352172,-0.33628607,0.00035525736,0,chr5:159965848:adrenal_gland:0,TN,0
-0.69660723,-0.852702,-0.24078983,-1.1689875,0.9264439,0.36680353,0.559664,0.8485807,0.38778457,0.06123178,1,chr1:160835143:transverse_colon:0,FN,0
-3.5537791,0.30018628,-0.86183983,0.26475716,-0.19118808,-0.5528336,-0.43422544,0.3504221,0.18915488,-0.13583824,0,chr11:8682393:adrenal_gland:0,TN,0
-3.1938748,-0.69180346,-0.38483787,0.057746828,0.9874193,3.747168e-05,-0.8176872,0.18873319,-0.3524622,-0.2077291,0,chr1:235417411:thoracic_aorta:0,TN,0
-2.964555,-0.15298444,-0.47357464,-0.22344089,-0.31831226,-0.5927816,0.21601354,0.0689122,-0.3028129,-0.17407012,0,chr15:88834575:transverse_colon:0,TN,0
-2.9987144,-0.7517837,0.44636145,-0.049708344,0.32991022,-0.038762663,-0.50342464,-0.62476856,-0.41614157,-0.19371285,0,chr22:30592530:testis:0,TN,0
-3.0302362,0.81166166,-0.3931437,0.3236081,-0.12704338,-0.50636524,0.7677041,0.57506067,-0.3981928,-0.02519846,0,chr2:127453642:thoracic_aorta:0,TN,0
2.355318,-0.50769186,0.43256295,1.0743732,0.38250688,0.23386262,0.5485061,0.18777259,0.5694166,-1.0302874,1,chr2:168375394:thoracic_aorta:0,TP,1
2.5336466,-0.217114,0.39605096,-0.3643793,1.0795463,-0.2759686,0.6698006,0.53339833,0.78556335,1.0682234,0,chr12:23959366:body_of_pancreas:0,FP,1
-1.2662244,1.1337912,0.057025343,0.6644459,0.66313887,0.3286684,0.11230817,0.49723905,-0.08797671,-0.267467,0,chr16:14186081:prostate_gland:0,TN,0
3.9661715,3.408646,0.07249246,-1.3686959,-1.1388674,-0.62565345,-0.5148479,-0.21145867,-0.023914197,-1.1320798,1,chr7:63015743:thoracic_aorta:0,TP,1
-2.5390344,0.19776706,-0.3609446,0.07938002,1.2557666,-0.8403439,0.14791146,0.5227551,0.26018983,0.16639043,0,chr4:10582403:spleen:0,TN,0
5.973521,0.5020475,-0.17399445,-0.18931119,-0.07994198,-0.5121265,-0.115488715,0.04540719,-0.081759006,-0.68610305,1,chr9:61668518:spleen:0,TP,1
-3.3178701,0.34385172,-0.08885637,0.2965855,0.9104304,-0.36031905,-0.09872087,0.11782224,-0.22058345,0.045967057,0,chr5:148121352:Peyers_patch:0,TN,0
-2.9120371,-0.023664918,1.5312537,0.39715335,-0.6135071,-0.34537098,-0.30178353,0.016415918,-0.26589778,0.024988256,1,chr17:75327531:thoracic_aorta:0,FN,0
2.6611772,3.4352832,-0.50856525,-1.1221008,-2.0310233,0.44955748,-0.38434917,-0.061518736,-0.043815374,-0.54693586,1,chr2:3493889:prostate_gland:0,TP,1
-2.9863503,0.0799405,-1.5932705,0.4823283,-1.1835401,-0.72675157,-0.16584466,-0.23399286,0.1480967,-0.13045247,0,chr7:100894790:prostate_gland:0,TN,0
-2.2030509,-0.89646506,-0.27790156,-1.0100925,0.6727767,-0.2833066,-0.7104205,-0.73201865,0.3296755,0.054716084,0,chr15:52568355:adrenal_gland:0,TN,0
3.7243452,1.2251016,-0.24872151,1.0135852,0.19135225,1.5152447,0.45413414,-0.6095367,-0.5527164,0.015617317,0,chr3:172623400:Peyers_patch:0,FP,1
-0.52367693,-0.28662217,1.1960809,1.2647252,-0.5068246,0.39551535,0.50631654,0.37569937,-0.13595688,-0.07808784,1,chr1:37177516:Peyers_patch:0,FN,0
3.6324155,-1.4725136,-0.118862875,-0.6957925,1.0827031,-1.4469068,1.4251804,-0.9113738,1.8404759,-1.3767263,1,chr21:7235508:omental_fat_pad:0,TP,1
-2.7919888,1.3991317,-0.59732896,0.16906005,-0.07679056,-0.17160709,0.8476927,0.6716895,0.14632794,0.286604,0,chr1:9110877:thoracic_aorta:0,TN,0
5.5659657,-0.33414635,-0.22680098,1.2762839,0.35746178,0.29381737,0.056751873,-0.7831146,-0.7489034,-0.39755377,1,chr2:67906552:spleen:0,TP,1
-2.1918194,-0.291106,-0.68774563,-0.71601534,-0.21618874,0.1760846,-0.31000358,-0.45422322,-0.7302835,-0.26105165,0,chr22:33000773:esophagus_squamous_epithelium:0,TN,0
2.7616346,0.24179658,0.7534168,-0.33229664,-0.55355334,-0.22358967,-0.20466569,-0.44595194,0.5695636,1.0550114,0,chr7:30505578:gastroesophageal_sphincter:0,FP,1
-1.4259974,-0.7042454,-0.71694016,0.3485664,0.4353072,1.2288471,-1.0136557,-1.1341302,-0.11403971,0.39942092,1,chr19:45427778:adrenal_gland:0,FN,0
-2.9984288,-0.38240883,-1.2219529,-0.075314425,-0.35825068,-0.39244318,-0.08834182,0.19879656,0.49398616,0.2897087,0,chr1:100132742:body_of_pancreas:0,TN,0
0.8860944,-0.83418,-0.37929776,-1.3847258,-1.0209582,-0.08275164,0.93419415,-0.07076008,-1.1688831,1.4898218,1,chr7:100965487:transverse_colon:0,TP,1
-2.5966892,0.8885473,-0.6135796,0.38588202,0.57272536,0.14994924,0.9247798,0.553662,-0.5950502,0.1060034,0,chr5:152349662:Peyers_patch:0,TN,0
5.6115766,1.2073463,0.099057086,-0.8963103,-0.33509856,-0.6656288,-0.28531483,0.45317066,-0.0007790342,0.1687065,1,chr2:86221296:esophagus_squamous_epithelium:0,TP,1
-1.3566152,-2.724373,0.545627,-0.83514977,0.103685066,1.1082265,-0.86816573,0.047240637,-0.3094462,-0.38993898,0,chr19:54481591:spleen:0,TN,0
-2.2081432,1.6461161,-0.99922824,0.37244207,-1.7916226,0.7102704,-0.043035362,-0.44846088,-0.036684703,0.020742023,0,chr16:67816625:transverse_colon:0,TN,0
0.12308158,-0.7031764,0.92080563,-0.8607164,1.0044323,-0.16300884,0.82563776,0.4482222,0.058564756,0.2854988,0,chr9:73183930:body_of_pancreas:0,TN,0
-1.3289509,-1.1773163,1.5125891,0.12766732,0.14897175,-0.23989333,1.0680362,-0.22850712,-0.32046244,0.83082366,0,chr1:161647550:adrenal_gland:0,TN,0
1.5114224,-0.79376245,-0.81140876,-0.19990495,-0.7472585,1.9020827,-1.0596287,-0.23692283,1.5017918,0.37094,1,chr2:196068383:upper_lobe_of_left_lung:0,TP,1
1.0431652,-1.543235,0.8119367,0.27704278,-0.5740084,-0.1055193,0.15083914,0.37146276,-1.2854255,2.0486708,1,chr19:45678133:spleen:0,TP,1
-2.859776,0.48644644,-0.08576956,0.2030292,0.054415148,-0.73749185,0.3863297,-0.67016095,-0.36896834,0.10802494,0,chr22:24992350:prostate_gland:0,TN,0
-3.2856266,1.2689004,-0.18766977,0.25855207,0.46191528,-0.71627647,-0.26432166,-0.62487817,-0.21355696,-0.12772004,0,chr2:64859163:upper_lobe_of_left_lung:0,TN,0
3.2536452,0.54373103,-0.782132,-0.45858636,0.2537188,1.0979561,-1.4227699,0.08109555,-0.078628115,0.088437356,0,chr6:66662320:thoracic_aorta:0,FP,1
5.491511,-0.6815751,0.12002291,0.12404071,0.30475864,0.40818793,-0.47368443,0.45202333,0.45379484,-1.0447093,1,chr17:43360554:upper_lobe_of_left_lung:0,TP,1
3.1411016,0.18959819,-0.5990888,0.33114624,0.22852081,1.4716061,-0.44089073,-0.40493974,0.53118616,-0.98257935,1,chr3:75723600:body_of_pancreas:0,TP,1
-1.8593605,2.856705,-0.23308209,-0.19616413,0.5103919,1.1723198,-0.109923474,0.47501484,-0.5238918,-0.113310635,1,chr6:52099017:body_of_pancreas:0,FN,0
0.50652874,-0.84911674,-1.5704806,0.28616625,-0.6005545,0.6061037,-0.03903738,-0.6894842,1.1265538,0.7674848,1,chr12:50283650:esophagus_muscularis_mucosa:0,TP,1
-0.71557766,0.92745805,2.4955823,0.9428087,-1.3933265,0.016345194,-0.13981499,0.35850585,0.51808137,0.2000127,1,chr2:92401043:testis:0,FN,0
-3.44904,2.1340606,-0.22899948,0.79811794,0.5078634,-0.41100007,0.25010744,0.7423291,0.1927516,0.34395128,0,chr5:11064967:body_of_pancreas:0,TN,0
-2.1449125,0.9796795,0.67168444,0.8368238,-1.2185572,0.11972391,-0.28299657,0.0024838299,-0.23273972,0.31408918,1,chr4:184858269:transverse_colon:0,FN,0
-2.3556027,-0.6057492,2.0537949,0.34074584,-0.6861707,-0.036004465,-0.16114104,-0.06842638,-0.4817303,0.5322915,1,chr19:45427520:spleen:0,FN,0
-0.96887684,3.8146508,-0.08281806,-1.1771828,-0.38025007,0.78796333,-0.3514112,0.67732525,0.17033105,0.19845016,0,chr5:41843694:transverse_colon:0,TN,0
-0.30789122,-2.11081,-1.7943587,1.2725778,0.011995266,0.2868787,-0.12987615,-0.21453755,-0.023768345,0.07823651,1,chr3:136195872:tibial_artery:0,FN,0
-3.1224837,0.5509488,-0.3480517,-0.21023464,0.77494293,0.129296,-0.018319659,0.56653255,-0.00023807463,-0.053471565,1,chr1:53861076:transverse_colon:1,FN,0
-1.0521369,-1.2315685,0.09740872,-0.7727585,0.112138,0.8803239,0.16972165,0.41694072,0.21935187,-1.1075621,0,chr17:13735684:Peyers_patch:0,TN,0
5.9736032,0.1953492,0.03910431,-0.0035898052,0.27694482,-0.5136413,-0.128389,0.109120764,-0.14023344,-0.39560375,1,chr5:178818360:body_of_pancreas:0,TP,1
5.90837,0.16492598,0.56623924,0.8208895,0.33191448,-0.61889803,-0.48854306,0.41082937,-0.2421341,0.62320435,1,chr3:75785547:esophagus_squamous_epithelium:0,TP,1
5.989569,-0.7897752,0.32596633,1.2273084,0.39534476,-0.13948795,-0.1478913,0.17004664,-0.79989505,0.14084174,1,chr17:71610481:prostate_gland:0,TP,1
0.8131207,-2.559672,0.8292085,-0.45914176,-0.7558346,0.82349634,-0.67246294,0.97030777,-1.5488429,0.15242659,1,chr7:22550431:esophagus_squamous_epithelium:0,FN,0
-1.6809877,-2.0972254,-0.16647077,-0.10612519,-0.42453304,-0.8833266,0.49037853,-0.27161664,-0.5802139,0.38430196,0,chr5:134411662:gastroesophageal_sphincter:0,TN,0
1.4478914,0.30480674,-1.1491245,-0.03742495,-0.79857606,0.5771471,1.6089973,0.39203787,0.15805173,-0.26420158,0,chr12:120229295:sigmoid_colon:0,FP,1
-2.6557136,-1.7700493,-0.45611605,-0.29355085,-0.38738346,-0.26331264,-0.080007665,-0.09884271,0.0016303529,0.003142001,1,chr5:151758649:body_of_pancreas:0,FN,0
-2.0337417,1.1311942,0.28479657,-0.57865983,1.1790531,1.070168,0.7700208,0.3096638,0.083794765,0.2638232,1,chr5:146662327:thoracic_aorta:0,FN,0
-2.9029703,0.86471045,1.7242264,0.4592396,-0.82599777,-0.21836372,-0.18983264,-0.19020331,-0.52183855,0.07061881,1,chr17:49343088:sigmoid_colon:0,FN,0
5.715228,-1.4639349,-0.07087691,1.3540566,0.4196746,0.2839787,0.16835134,-0.054616757,-0.51383716,-0.5938329,1,chr12:39895838:body_of_pancreas:0,TP,1
-2.8919704,0.91919553,-1.3003348,0.13438572,-0.8911284,0.18021545,-0.5192037,0.10377524,0.16976234,0.16178332,1,chr11:1652791:thoracic_aorta:0,FN,0
-2.0399976,-0.44784388,-0.34515792,0.69596916,0.30438405,-0.0610755,-0.27292657,-1.2653021,-0.1664363,0.626788,1,chr7:43584104:body_of_pancreas:0,FN,0
-2.6644118,1.545073,-0.6714208,0.5750175,-0.7237488,-0.8369901,1.3390371,0.4647283,-0.40886292,0.0007510538,0,chr21:45293098:upper_lobe_of_left_lung:0,TN,0
-2.3101861,1.5897249,0.24236114,1.020717,0.9939379,0.10045273,-0.29339018,-0.41788605,0.31317425,0.115017,0,chr8:81641451:thoracic_aorta:0,TN,0
5.8401995,0.8347221,-0.08131167,-0.5512623,-0.037800204,-0.71311873,-0.1330061,0.055029955,0.041443102,-0.20949197,1,chr1:157311320:transverse_colon:0,TP,1
-2.6676664,-1.0353129,0.44564298,0.6333076,-0.0024658048,0.11941837,-0.42826605,0.27301636,-0.18760918,-0.26353347,0,chr5:126600706:adrenal_gland:0,TN,0
-3.4330628,0.022261232,-1.0602934,0.64350575,-0.32826874,-0.6583358,-0.33698076,0.55372554,-0.015714493,0.19207016,0,chr12:38906938:transverse_colon:0,TN,0
-3.073552,0.7198952,-0.024493385,0.43441397,0.2667141,-0.08517019,-0.15984023,-0.22384396,-0.30784196,-0.44861653,1,chr22:26437194:body_of_pancreas:0,FN,0
-2.8537931,2.5443096,0.28448588,0.40660635,0.7207027,0.34421578,0.14593762,-0.2255267,0.009534489,0.26015678,0,chr9:6306060:adrenal_gland:0,TN,0
0.6098041,1.5511625,-0.93648154,-0.21797688,-1.3408902,0.9346124,0.6125746,-0.06954312,-0.46964598,0.20677218,0,chr7:38368307:body_of_pancreas:1,FP,1
-3.408938,2.0982175,-0.34610158,0.5555201,0.45335546,-0.5047007,0.40786627,1.0789936,0.21150096,0.30252564,0,chr7:36251780:body_of_pancreas:0,TN,0
-2.7293594,1.0291597,-0.66367555,0.51802015,0.4882491,0.32534933,-0.4357124,0.4212874,-0.13784468,-0.13208784,0,chr3:121593404:tibial_artery:0,TN,0
6.0036983,0.52964723,0.19451751,0.30956036,0.38471892,-0.7517967,-0.40266106,0.0803391,-0.32324743,0.17713463,1,chr3:75785357:thoracic_aorta:1,TP,1
0.029166527,0.22777984,-0.09345365,-0.4266048,1.4818046,1.1579622,1.4587533,0.23798604,1.0934095,0.56687725,1,chr6:43386692:transverse_colon:0,FN,0
-2.7805526,1.0608678,-0.013478857,0.2927975,1.1877487,-0.06910242,-0.0475519,0.53906393,0.17150003,0.36149213,1,chr3:167284369:body_of_pancreas:0,FN,0
-3.0227072,-0.06305696,-1.2517304,1.1126019,-0.5371987,-0.5985192,-0.55737936,0.02127475,0.27725926,0.17121795,0,chr9:129203006:gastroesophageal_sphincter:0,TN,0
-2.3257189,-1.5152355,-0.04573601,-1.0636116,-0.09571922,0.17734568,-0.553476,-0.0638365,-1.149437,-0.69195837,1,chr7:22550492:body_of_pancreas:0,FN,0
-0.35002306,0.14353505,-0.7158064,0.07259669,0.39292774,0.6000093,0.6186118,0.5667162,-0.8467222,0.14251451,0,chr3:171830190:gastrocnemius_medialis:0,TN,0
-2.168299,2.2631376,-0.24255326,0.5174703,0.5815786,0.26369107,0.0035448056,-0.9169741,0.55539095,0.09061878,0,chr6:161434437:testis:0,TN,0
-3.694107,2.2411993,0.048204385,0.107878305,0.32959113,0.19083427,-0.088864855,0.18195045,0.27617443,-0.13663599,1,chr17:11987147:gastrocnemius_medialis:0,FN,0
5.908369,0.16492555,0.566239,0.8208894,0.3319147,-0.6188986,-0.48854277,0.41082892,-0.24213493,0.62320626,1,chr3:75785547:thoracic_aorta:0,TP,1
-3.1264956,1.848686,-0.062193677,0.12214921,0.96495456,-0.0727083,-0.08509862,0.12064744,-0.118027166,-0.21557145,0,chr12:63624601:tibial_artery:0,TN,0
-2.037051,0.26042527,1.9430908,1.2153151,-1.1665092,0.10268129,0.61438966,-0.45689997,-0.26032925,0.53234243,1,chr16:4548780:esophagus_squamous_epithelium:0,FN,0
-2.5742235,2.2833838,-0.42667988,-0.3614806,0.4887037,0.06672193,0.13591564,0.37985975,0.05080708,0.35423654,1,chr5:158014121:transverse_colon:0,FN,0
5.6264863,0.8240592,0.015420983,0.3129943,0.067435265,0.055528592,-0.43173262,-0.22334613,-0.5312443,-0.40211347,1,chr1:103345473:prostate_gland:0,TP,1
-1.8007718,0.8383482,-1.1083826,0.9707144,0.40738913,0.40797532,-0.12973459,0.2113842,-0.0069199866,-0.14374258,0,chr8:143532225:transverse_colon:0,TN,0
-2.9239802,-1.4486474,1.7403222,-0.44070867,0.20851065,-0.56672007,0.00565259,-0.11313782,-0.04349003,-0.26180595,0,chr1:23210397:Peyers_patch:0,TN,0
-1.5173895,-0.19117156,1.3632436,-0.33883962,0.06552065,-0.049767446,-0.32014707,-0.55344516,-0.017211627,0.48559532,0,chr14:52045062:body_of_pancreas:0,TN,0
3.3283234,2.168004,-0.6866437,-0.8172305,-1.1304296,0.5952357,-0.55521834,-0.15981591,0.21076152,-0.010929297,0,chr1:16741091:thoracic_aorta:0,FP,1
-2.1068106,0.6265534,-0.010663003,-0.21204257,0.5043663,-0.72411793,-0.096029535,0.18820103,0.079949334,-0.34689328,1,chr21:39788700:adrenal_gland:0,FN,0
-2.801229,-0.9068515,-0.7977897,0.22128561,-0.26946253,0.028650438,-0.7425617,0.11217301,-0.46349117,-0.053449232,1,chr5:181184339:thoracic_aorta:0,FN,0
5.2308965,0.09858932,0.42486215,-0.7555484,0.2337735,-0.2748324,-0.412344,0.5303493,0.46962658,-0.047711592,1,chr7:142521135:body_of_pancreas:0,TP,1
-2.8028562,-1.219105,-1.2713562,0.52798814,-0.4012848,-1.0394644,-0.45179433,0.07414863,0.49660024,0.1369241,0,chr11:44095821:gastrocnemius_medialis:0,TN,0
5.4056425,1.7052377,0.15631407,0.14992146,-0.1382018,-0.021076888,-0.3884174,-0.36475104,-0.46708018,0.34138244,1,chr5:28501388:thyroid_gland:0,TP,1
4.558129,-0.021233346,0.35996878,0.46481535,0.05775986,-0.62381464,0.88515615,0.28528088,0.049376685,0.60002935,0,chr16:15427447:transverse_colon:0,FP,1
-1.8593605,2.856705,-0.23308209,-0.19616413,0.5103919,1.1723198,-0.109923474,0.47501484,-0.5238918,-0.113310635,1,chr6:52099017:prostate_gland:0,FN,0
-2.0225797,-0.16574793,0.59058994,-1.0071878,0.88623965,0.20913717,-0.31336248,-0.48716596,0.5652699,-0.16754672,0,chr16:13923701:esophagus_squamous_epithelium:0,TN,0
-2.383356,-1.1858099,-0.40753812,-0.25622225,-0.179627,-0.46344787,0.2564936,-0.23427908,-0.4610272,0.3272809,1,chr7:48035359:tibial_artery:0,FN,0
0.50652874,-0.84911674,-1.5704806,0.28616625,-0.6005545,0.6061037,-0.03903738,-0.6894842,1.1265538,0.7674848,1,chr12:50283650:spleen:0,TP,1
-1.2090918,-2.167581,0.509189,-1.5615484,-0.2892751,0.7519193,-1.3565439,0.44581547,-0.15129426,-0.13593093,1,chr16:11211:prostate_gland:1,FN,0
5.445553,-0.15875404,0.33294854,0.52991295,0.43650472,0.18216196,-0.0771057,-0.3543891,-0.19147088,0.13036026,1,chr14:30690707:spleen:1,TP,1
-3.060397,-1.4380883,-0.8619762,0.38885584,-0.2688375,-0.8503712,-0.772754,-0.36020654,0.0908623,0.09189835,0,chr6:31357109:adrenal_gland:0,TN,0
3.1411016,0.18959819,-0.5990888,0.33114624,0.22852081,1.4716061,-0.44089073,-0.40493974,0.53118616,-0.98257935,1,chr3:75723600:esophagus_squamous_epithelium:0,TP,1
0.12604876,-1.2717896,-1.540219,1.1148405,0.29532793,0.7828901,0.47390556,-0.14670475,0.33583874,-0.1851818,0,chr3:134374927:esophagus_muscularis_mucosa:0,TN,0
5.7922764,-0.35735738,0.46584064,1.2936369,0.4997692,0.14118819,-0.12193228,-0.057052795,-0.45453903,0.20548089,1,chr15:24767525:spleen:0,TP,1
-0.35002306,0.14353505,-0.7158064,0.07259669,0.39292774,0.6000093,0.6186118,0.5667162,-0.8467222,0.14251451,0,chr3:171830190:transverse_colon:0,TN,0
-2.0585546,-0.61693627,-1.0461923,-0.06144201,0.056742534,-0.35470012,0.5499738,1.2532891,0.11102301,0.14853033,1,chr12:131830940:tibial_nerve:0,FN,0
-3.309263,0.32589728,-0.52652365,0.10139662,-0.34904742,-0.4730549,-0.16011496,-0.012992587,-0.031179143,-0.20522209,0,chr16:6573925:Peyers_patch:0,TN,0
1.5178608,-2.928821,1.4437306,1.2707382,0.4485836,0.5551097,-1.3104903,2.1792276,1.0950907,-0.22656278,1,chr8:44636977:adrenal_gland:0,FN,0
-2.037051,0.2604253,1.9430888,1.2153149,-1.1665099,0.1026816,0.6143901,-0.45689976,-0.26032898,0.532342,1,chr16:4548780:thoracic_aorta:0,FN,0
-1.9612339,-1.9204423,0.06796375,-1.2079421,-0.04217002,0.022051346,0.0051817577,0.02975353,0.17595917,-0.9003259,1,chr19:37994583:upper_lobe_of_left_lung:0,FN,0
-2.5434206,0.7571913,-0.013016214,-0.06597973,1.2222071,0.3521963,-0.4963738,-0.68454707,0.6741719,-0.13937658,0,chr2:161273349:sigmoid_colon:0,TN,0
-2.866763,1.6486981,-0.31432128,-0.06534568,1.1206642,0.4385814,0.6791893,0.74155927,0.39857614,0.12881656,0,chr5:126044651:body_of_pancreas:0,TN,0
1.757421,0.041841943,-1.4889503,1.2820022,-0.4233372,1.1392689,0.9215488,-0.96041805,-0.56891793,-0.8139224,1,chr15:40906278:transverse_colon:1,TP,1
-1.0288436,-0.6052754,0.12630723,0.57658714,0.8312673,-0.09573728,0.52501905,0.24761842,0.056796018,-0.043431237,0,chr2:43131987:Peyers_patch:0,TN,0
-3.129223,1.0558552,-0.6089054,-0.6349562,-0.10038135,-0.32428774,-0.784604,0.09207771,0.33146653,0.11226165,1,chr9:83219701:prostate_gland:0,FN,0
-2.9700856,-0.44121656,-0.44633958,0.10130821,0.8264101,-0.40062612,0.1560182,0.446073,-0.004507767,0.083581924,0,chr4:89307086:body_of_pancreas:0,TN,0
0.6367878,-0.3504991,0.18568979,0.28076273,0.056694217,0.85892713,0.6667785,-0.30474666,0.049627893,1.1729153,1,chr2:88950093:spleen:0,TP,1
-3.1856375,-1.0728292,1.1140275,-0.83363634,-0.09845413,-0.50468445,-0.50463456,-0.58540756,-0.040521316,-0.27277777,0,chr5:142108413:adrenal_gland:0,TN,0
-2.0996742,-0.4250599,1.934794,-0.09166627,-0.6081026,0.18672107,0.62286633,-0.24441278,-0.0013040229,-0.2725301,0,chr13:33781626:body_of_pancreas:0,TN,0
0.26544407,-0.5749405,-1.0352404,0.09652262,0.037695866,-0.23201992,0.5505819,0.5547999,0.3530276,-0.16574557,1,chr11:78417000:Peyers_patch:0,FN,0
-2.13329,-0.859303,0.35114387,0.2652346,0.24410471,0.10313921,0.040523447,-0.77386767,-0.70283747,-0.3806676,0,chr19:6632542:body_of_pancreas:0,TN,0
5.437455,0.7928759,-0.038086466,-0.815543,-0.39942348,-0.76013994,-0.11579711,0.2585011,-0.18391341,0.46043187,1,chr6:32664823:upper_lobe_of_left_lung:0,TP,1
5.0083003,-0.5045322,0.03440828,1.6744925,0.10406478,0.16270255,0.35203052,-0.81682044,-0.6339362,0.15109631,0,chr9:34352324:body_of_pancreas:0,FP,1
0.29260904,-0.11595821,-0.23223785,-0.08249016,0.762067,-1.0588927,0.74894345,-0.3088166,0.59381676,-0.56162006,0,chr2:97605404:body_of_pancreas:0,TN,0
-0.71557766,0.92745805,2.4955823,0.9428087,-1.3933265,0.016345194,-0.13981499,0.35850585,0.51808137,0.2000127,1,chr2:92401043:prostate_gland:0,FN,0
-1.0482956,0.13767591,-0.9349846,-0.8499667,-0.29400742,0.17700358,1.7198814,0.83564556,-0.13013625,0.30513945,0,chr6:39362403:Peyers_patch:0,TN,0
-3.4823844,1.1372242,-0.40184894,0.3074581,0.9015576,-0.2767334,-0.5263136,0.4837219,0.02019927,-0.067853294,1,chr13:33542012:body_of_pancreas:0,FN,0
-2.7668614,1.5188187,0.06079229,0.44642162,0.5172115,-0.16765197,-0.008622482,-0.5945346,-0.015996976,0.056426436,0,chr5:149431239:tibial_artery:0,TN,0
-3.1224837,0.5509488,-0.3480517,-0.21023464,0.77494293,0.129296,-0.018319659,0.56653255,-0.00023807463,-0.053471565,1,chr1:53861076:thoracic_aorta:0,FN,0
-2.675351,-1.5287395,0.042208016,-0.7029851,-0.3564859,-0.21286045,0.15371253,-0.35859978,0.11180876,-0.23872156,0,chr21:43812440:Peyers_patch:0,TN,0
-2.9709792,0.8051233,0.12968852,0.03795446,0.7256364,0.2192085,-0.3293639,-0.8656838,-0.026630087,0.017198764,0,chr15:65304945:adrenal_gland:0,TN,0
-0.18002427,-0.66097414,-0.40392944,-0.72694063,-1.6296055,1.3424054,-1.1271507,0.07771031,0.010061131,0.6889066,1,chr18:75856:upper_lobe_of_left_lung:0,FN,0
5.8797545,-0.18944348,-0.5848919,-0.38432422,-0.2693914,-0.73079526,-0.10051354,0.06454054,0.02591165,0.11120969,0,chr7:65239919:body_of_pancreas:0,FP,1
5.924679,-0.022997934,-0.35130408,-0.027036145,0.5316567,-1.0271573,0.24157207,0.01760986,-0.04158759,-0.41065115,1,chr9:129437253:esophagus_muscularis_mucosa:0,TP,1
-2.6626613,0.85617983,-0.20915385,0.5716256,0.25805745,0.17859852,-0.2801042,-0.28760278,-0.36569786,0.06952242,0,chr10:15419718:adrenal_gland:0,TN,0
-2.970485,0.19908918,-0.58200544,0.31280252,0.72629184,-0.50984627,0.3121539,-0.28758025,-0.4597504,-0.26985496,0,chr14:99555145:upper_lobe_of_left_lung:0,TN,0
-0.9524182,-0.90216345,0.354141,0.24403328,1.2275256,-0.30577764,-0.04743374,0.16024481,-0.09430288,-0.18059207,1,chr3:172341837:suprapubic_skin:0,FN,0
-0.7744006,0.6950464,-0.22196399,0.4323779,1.4909694,-0.35135758,0.6669045,0.624395,0.5276862,-0.024319492,0,chr7:129371021:prostate_gland:0,TN,0
-2.1797736,-1.0590949,-0.57027435,-0.6103394,-0.8062973,-0.45799237,0.7967834,-0.23243745,-0.5510915,-0.4041906,0,chr11:69066414:esophagus_muscularis_mucosa:0,TN,0
-3.0023482,0.43621033,-0.23335849,0.53327537,-0.244064,-0.7939594,0.3101274,0.22133113,-0.48421434,-0.16306892,0,chr1:203129465:body_of_pancreas:0,TN,0
-3.1199417,-1.0785385,-0.58127904,-0.26814604,0.18958615,-0.93350095,-0.61615485,-0.6025623,0.2687341,0.21196954,0,chr14:55271299:esophagus_squamous_epithelium:0,TN,0
-1.3482732,1.454172,2.060862,0.30324996,-1.3611093,0.1686867,0.5895303,0.008407534,0.7159286,-0.22941838,0,chr14:90630709:spleen:0,TN,0
-0.031086149,0.6625185,2.0635724,1.8200785,-0.8884643,-0.14660965,-0.116019905,0.3121818,0.19680579,0.5205984,0,chr10:41275109:omental_fat_pad:0,TN,0
-2.7799666,-0.25949377,1.3128957,-0.68370855,-0.5139494,0.39970344,-0.2516849,-0.22939238,-0.15780576,-0.14228386,0,chr3:159805298:suprapubic_skin:0,TN,0
1.7671714,-0.021404164,-0.29590082,-1.2608345,0.19200523,0.19745502,0.45618773,0.28892383,0.8132401,-0.71997243,0,chr14:50040415:transverse_colon:0,FP,1
5.192261,1.455933,0.28548783,-0.85303974,0.124393284,-0.8496021,-0.124152906,-0.02683436,0.39707538,0.44473496,1,chr7:67176863:thoracic_aorta:0,TP,1
-2.4836495,1.9412671,0.03159723,0.42157137,0.84729916,0.66980976,0.13316505,-0.055014253,0.098417655,0.20420848,0,chr21:30341086:sigmoid_colon:0,TN,0
-2.9735157,0.38580307,-0.27915677,0.31456342,0.90791136,0.021703083,-0.22929187,0.27178392,-0.246726,-0.08811453,0,chr9:77150994:thyroid_gland:0,TN,0
-2.1872935,-0.9202634,0.32199794,0.7562971,-0.26078898,-0.4646146,-0.47948253,0.42957553,-0.56620854,-0.070566066,0,chr8:124563081:body_of_pancreas:0,TN,0
-3.422952,1.9349383,0.067753226,0.5892852,0.66893125,-0.68259287,-0.47057727,0.54715586,0.26317444,-0.2614336,0,chr12:14256256:thoracic_aorta:0,TN,0
-1.4714935,-0.9853546,1.9667494,-0.56265223,0.4614329,-0.6641326,0.6349913,-0.96752834,-0.36017013,0.49877876,1,chr7:143520534:body_of_pancreas:0,FN,0
0.50652874,-0.84911674,-1.5704806,0.28616625,-0.6005545,0.6061037,-0.03903738,-0.6894842,1.1265538,0.7674848,1,chr12:50283650:suprapubic_skin:0,TP,1
-0.97978765,-0.46578562,-1.7470416,-0.3124854,-1.1513742,-0.014590277,0.7309171,0.1675355,0.009790557,-0.010208116,0,chr12:132414110:transverse_colon:0,TN,0
5.666192,0.524471,-0.028109701,0.7086091,0.18593366,0.046139013,-0.11293553,-0.6844133,-0.61994123,-0.068663776,1,chr4:113924077:thyroid_gland:0,TP,1
-2.243279,-1.4388478,-1.3681705,0.5704582,-0.75122863,-0.5788599,-0.7809535,-0.16865577,0.5804193,0.34358346,0,chr16:2673240:tibial_artery:0,TN,0
-1.1881572,-1.9980934,0.109752126,0.9287932,0.4418381,0.11699794,-0.23412003,-0.62428445,-0.02803817,0.18460968,0,chr6:116616178:spleen:0,TN,0
0.8248537,3.4036555,-0.40874752,-1.4236083,-0.8036472,1.207801,-0.9188375,-0.16175836,0.09493029,-0.1296945,1,chr2:224449555:tibial_artery:0,TP,1
4.274915,1.8980395,0.026924348,-1.0138091,-0.46530497,-0.22017407,0.54983604,0.013953459,0.39027002,0.41582,1,chr1:89276837:adrenal_gland:0,TP,1
-2.8206143,-0.2882254,0.26563162,-0.5314093,-0.2682524,-0.85189295,-0.9675326,-0.6515083,0.58237743,0.691821,1,chr5:149960526:spleen:0,FN,0
5.192261,1.455933,0.28548783,-0.85303974,0.124393284,-0.8496021,-0.124152906,-0.02683436,0.39707538,0.44473496,1,chr7:67176863:spleen:0,TP,1
-2.5068262,1.7384738,2.9114687,0.3888363,-1.5715458,-0.1522975,-0.15171236,0.081678025,-0.2690294,0.03767363,0,chr5:150743200:body_of_pancreas:0,TN,0
-2.8012283,-0.90685064,-0.7977902,0.22128625,-0.26946294,0.028651047,-0.742561,0.112174265,-0.46349043,-0.05344874,0,chr5:181184339:sigmoid_colon:0,TN,0
5.5679207,0.95846504,0.03519571,-0.12485693,0.19471209,-0.11487858,-0.53521997,-0.087641224,-0.45684603,0.23667054,1,chr2:157434868:body_of_pancreas:0,TP,1
-2.8153872,-0.3350384,0.41393456,-0.22715971,0.42655528,0.63332945,-0.49860057,-0.052031502,-0.18591161,-0.32755357,0,chr2:166385021:sigmoid_colon:0,TN,0
3.7129483,-1.3704737,-0.6016975,-0.46522847,-0.87667835,-0.07370435,-0.19365042,0.08594396,0.2812658,0.9691778,1,chr19:36257536:gastroesophageal_sphincter:0,TP,1
0.50652874,-0.84911674,-1.5704806,0.28616625,-0.6005545,0.6061037,-0.03903738,-0.6894842,1.1265538,0.7674848,1,chr12:50283650:esophagus_squamous_epithelium:0,TP,1
-2.3452084,0.5921733,-0.37055904,1.0051788,1.2188263,0.10332436,-0.35617816,0.61923283,-0.07455148,-0.2283294,0,chr8:16831872:gastroesophageal_sphincter:0,TN,0
1.3847703,1.3544852,0.27296472,-1.0845808,-0.019728584,-0.1603219,0.8877932,0.2089522,0.7854874,-0.31126052,0,chr4:121675914:body_of_pancreas:0,FP,1
-2.1612191,-0.88249236,-0.44449326,-0.041641604,0.76559323,0.65599465,-0.46854547,-0.22942819,-0.527766,-0.31080917,0,chr6:11655830:esophagus_squamous_epithelium:0,TN,0
-1.6513888,-1.2740393,0.4616466,-0.14544114,0.17979337,0.16910197,-0.36751068,-0.037413113,-0.9340825,-0.09296275,1,chr6:106445115:esophagus_squamous_epithelium:0,FN,0
-2.405533,-0.003538006,0.052033134,0.41271248,1.2497091,0.12306413,-0.07270348,-0.44965136,0.14039706,-0.08805188,0,chr5:128905877:prostate_gland:0,TN,0
-2.815162,-0.864561,0.39016065,-0.57320035,-0.04572007,-0.35816967,0.22918876,-0.32472187,-0.555287,0.016944217,0,chr17:14068979:body_of_pancreas:0,TN,0
-3.0999427,0.49905714,-0.5095252,0.5408161,-0.45418316,-0.903184,0.18312053,0.31568262,-0.44878933,-0.32003957,0,chr1:109239414:prostate_gland:0,TN,0
-1.9414908,-1.6671503,-0.9337895,0.94100773,-0.57824326,-0.66899806,-0.3554025,0.24015412,-0.30669415,0.20775928,0,chr2:86720659:tibial_nerve:0,TN,0
5.6714764,-0.13392444,0.72877884,0.2321779,0.67745155,-0.34470215,-0.0930225,0.46286824,0.24346702,0.51091653,1,chr17:22856764:lower_leg_skin:0,TP,1
4.118654,1.6444969,-0.0059975954,-1.273731,0.053884257,0.12899618,-0.5495089,-0.35299736,0.7961774,-0.2799315,0,chr4:75289967:prostate_gland:0,FP,1
-3.047587,0.22190528,-0.6658888,0.69599336,-0.12441732,-0.3813792,-0.37394422,-0.6122614,-0.035116598,0.10323542,0,chr9:62376482:adrenal_gland:0,TN,0
-1.5442061,0.33566248,-0.57846314,-0.8946833,-0.6629741,1.1727599,0.8595485,0.827598,-0.43150958,-0.11874157,1,chr2:121480354:body_of_pancreas:0,FN,0
4.688691,3.0236764,0.36379516,-0.9719608,-0.7178983,-0.88774,-0.7595117,-0.01331318,-0.25904423,-0.44037232,1,chr14:106468932:prostate_gland:0,TP,1
6.0714498,0.04835286,0.34866154,0.51434195,0.36910892,-0.6322055,-0.45924452,0.5637283,-0.43089813,0.31135964,1,chr12:42144490:tibial_nerve:0,TP,1
0.09154499,0.07659838,1.4886156,-0.028022625,-1.4065917,1.0297776,-0.37608263,0.7096551,1.149061,-0.43699527,0,chr17:18403268:body_of_pancreas:0,TN,0
-3.1119254,-0.28417343,-0.15271008,0.27716473,0.15185429,-0.5507305,-0.013238391,-0.14988303,-0.5928042,-0.274655,0,chr9:121725215:prostate_gland:0,TN,0
-2.428927,-1.0189117,0.33393547,-0.90836036,-0.26737773,-0.3955517,-0.4157469,0.2595312,0.40186235,-0.4284279,0,chr11:119084798:body_of_pancreas:0,TN,0
-2.0893898,-1.2959678,-1.7915591,0.74121404,-0.57993937,-0.21739353,-0.028978586,-0.44658622,0.2797019,0.22525534,0,chr19:18428933:transverse_colon:0,TN,0
-2.8727827,0.6434127,-1.100041,0.014910132,-0.6447317,-0.20297922,0.15877482,0.24450482,-0.23907113,0.01746967,0,chr11:78420361:gastrocnemius_medialis:0,TN,0
5.9324617,0.5472537,-0.14986983,-0.22216295,0.23462342,-0.61150783,0.10375891,0.35923034,-0.30289394,-0.24680212,1,chr7:142773190:body_of_pancreas:0,TP,1
3.2073278,-2.7508724,-0.7188721,0.32030493,0.078126036,1.1490333,-0.10391656,0.46568447,0.04803824,0.038208287,1,chr19:4352840:esophagus_muscularis_mucosa:0,TP,1
3.9190178,-1.3938398,-0.0057463227,0.24843137,0.6877575,-0.06611877,-0.055808254,0.0632261,0.28964007,0.53031385,1,chr4:184250991:body_of_pancreas:0,TP,1
5.696488,-0.09959437,-0.21446079,1.1096163,0.244058,0.0135991415,0.10035833,-0.635883,-0.79716796,-0.3741377,1,chr2:67906557:transverse_colon:0,TP,1
0.23911774,-3.0593507,1.3126026,-0.096787475,-0.44610888,0.3369879,0.07758617,1.1000167,0.029730516,-0.05135263,0,chr16:24906416:adrenal_gland:0,TN,0
5.9030533,0.28587225,0.1441862,0.2203411,0.43743667,-0.4862139,-0.1720693,-0.06257864,-0.31701496,0.16947746,0,chr12:40213295:body_of_pancreas:0,FP,1
-2.2020154,0.34117928,2.3893907,0.9692843,-1.3132179,-0.23393792,-0.10213819,0.25672472,0.16974857,0.053905144,0,chr9:42416375:sigmoid_colon:0,TN,0
-2.6046846,-0.39867735,0.99019545,-0.34922335,-0.35710353,0.35896897,-0.06401259,-0.1783878,-0.17198183,-0.33677202,0,chr22:24850766:thoracic_aorta:0,TN,0
-2.642433,-1.3365386,-1.3119019,0.52945924,-0.78745574,-1.0445793,-0.88244104,-0.093384475,0.58261806,0.31009868,0,chr12:69738928:transverse_colon:0,TN,0
-3.2497177,-0.8499263,-0.06031291,-0.1774389,0.43592826,-0.95729965,-0.2471474,-0.26583508,-0.5423616,-0.41629076,0,chr1:16079455:Peyers_patch:0,TN,0
-1.5638825,-0.59009624,-0.37532827,-0.4891198,0.89997065,0.2609935,0.45888847,0.20912181,-0.14544086,-0.46428505,0,chr6:26402533:body_of_pancreas:0,TN,0
2.355318,-0.50769186,0.43256295,1.0743732,0.38250688,0.23386262,0.5485061,0.18777259,0.5694166,-1.0302874,1,chr2:168375394:Peyers_patch:0,TP,1
-3.0731847,0.66317415,-0.24486719,0.5761389,0.79938424,-0.62241054,-0.12671296,0.57337517,0.09659209,-0.04813172,0,chr16:9099865:Peyers_patch:0,TN,0
-2.9038923,0.9453975,0.04269936,-0.6482208,0.6429059,0.22881085,-0.10116597,0.04727014,-0.45389855,-0.29654324,0,chr2:12455288:body_of_pancreas:0,TN,0
-3.1224833,0.5509466,-0.3480524,-0.21023497,0.77494293,0.12929611,-0.01831895,0.5665333,-0.00023806049,-0.05347114,1,chr1:53861076:adrenal_gland:0,FN,0
1.7574239,0.041841783,-1.4889501,1.2820027,-0.42333576,1.1392703,0.9215474,-0.9604169,-0.5689174,-0.8139222,1,chr15:40906278:thoracic_aorta:0,TP,1
-3.3999932,0.85954064,-0.3372896,0.364056,-0.14620537,-0.6570038,-0.38748193,-0.19854864,-0.12093366,-0.17661199,0,chr20:3045422:transverse_colon:0,TN,0
5.671476,-0.13392092,0.72878,0.23217912,0.67745006,-0.34470105,-0.09302207,0.46286735,0.24346682,0.5109179,1,chr17:22856764:gastroesophageal_sphincter:0,TP,1
-2.6357374,0.99324614,-0.14564373,0.20609407,0.4719604,0.21493618,0.59087723,0.5724115,-0.3099092,0.071957394,1,chr22:22208022:adrenal_gland:0,FN,0
-2.1813164,-0.27443573,-0.16174267,-0.64897734,0.4541736,0.80478436,-0.13416353,0.16647106,-0.4954725,-0.51743317,1,chr3:31880131:upper_lobe_of_left_lung:0,FN,0
-2.2451735,1.6077096,-0.09630723,-0.5203192,0.59670043,0.80587244,-0.1868081,-0.22176346,-0.65203726,0.48784223,1,chr9:17531876:adrenal_gland:0,FN,0
-0.87001103,-1.5470235,-0.9173815,-0.5047815,-1.1225225,0.65214723,-0.099467315,-0.45693013,-0.25919318,-0.10059795,0,chr6:44238150:suprapubic_skin:0,TN,0
-1.1548485,-1.198201,-0.20637892,-0.6858437,0.6823921,1.0077292,-0.9141686,-0.45398515,-0.43826717,0.35489404,0,chr14:39368522:adrenal_gland:0,TN,0
-1.6899844,-1.5970002,-0.5399433,0.20024918,0.41248938,0.13972162,-0.66949934,0.1797238,0.37659076,-0.38050628,1,chr15:43824787:tibial_artery:0,FN,0
-2.333137,0.592848,-0.59998363,0.3597377,-0.6552256,-0.50789016,0.25799653,-0.34433836,-0.11847643,-0.029723657,0,chr2:19863824:prostate_gland:0,TN,0
5.0001607,2.4299338,0.11259613,-1.1333749,-0.8511259,-0.4934635,-0.83222115,0.19863893,0.07111908,0.022388479,1,chr11:60251676:upper_lobe_of_left_lung:0,TP,1
-1.793572,-1.7352749,-1.631931,0.150132,-0.40471208,0.07222329,0.41725466,0.87034255,0.2834986,0.5602943,0,chr3:196528837:upper_lobe_of_left_lung:0,TN,0
-3.129223,1.0558552,-0.6089054,-0.6349562,-0.10038135,-0.32428774,-0.784604,0.09207771,0.33146653,0.11226165,1,chr9:83219701:gastrocnemius_medialis:0,FN,0
-2.9701324,1.7473207,0.10432037,1.0067482,0.90813816,-0.44344407,-0.20591238,-0.37457293,0.29015473,0.04908856,0,chr7:116527389:thoracic_aorta:0,TN,0
-2.3828785,0.5222699,-0.033497967,0.616157,1.4109179,-0.00033001794,-0.45905888,-0.5877684,0.269668,0.1837003,0,chr14:81625444:body_of_pancreas:0,TN,0
-2.7770443,1.9241023,-0.36841816,0.5139602,0.7715453,-0.03849589,0.050872706,0.20192866,-0.29032505,-0.31963655,0,chr11:65481617:transverse_colon:0,TN,0
0.029166527,0.22777984,-0.09345365,-0.4266048,1.4818046,1.1579622,1.4587533,0.23798604,1.0934095,0.56687725,1,chr6:43386692:gastrocnemius_medialis:0,FN,0
5.853317,0.5200487,-0.3019769,-0.059398923,-0.15719362,-0.65036756,-0.4188635,0.2260984,-0.35350537,-0.020377373,1,chr17:50532736:transverse_colon:0,TP,1
3.5084689,3.097603,-0.14304571,-1.5890692,-1.1947353,0.93716806,-0.80100805,-0.05804037,-0.18381971,-0.05846875,0,chr11:131511951:tibial_artery:0,FP,1
-2.075653,-0.08295894,1.5189333,-0.3646142,-0.20305476,-0.2533813,1.2415266,-0.6187514,0.24655867,0.529349,1,chr5:130892783:Peyers_patch:0,FN,0
-2.9927697,-0.8655187,1.2306001,0.20221871,-0.1401849,-0.57635903,-0.43805912,-0.5911314,0.14799817,0.36754906,0,chr5:71587089:body_of_pancreas:0,TN,0
5.8401995,0.8347221,-0.08131167,-0.5512623,-0.037800204,-0.71311873,-0.1330061,0.055029955,0.041443102,-0.20949197,1,chr1:157311320:body_of_pancreas:1,TP,1
4.274915,1.8980395,0.026924348,-1.0138091,-0.46530497,-0.22017407,0.54983604,0.013953459,0.39027002,0.41582,1,chr1:89276837:prostate_gland:0,TP,1
-3.0220082,-0.12838338,1.5069705,-0.5707785,-0.4176158,-0.006335213,-0.29962483,-0.21982673,0.117642514,-0.6342061,0,chr11:128831136:Peyers_patch:0,TN,0
2.1092546,-2.510469,-2.5764513,0.7806568,-0.82356405,-0.07877117,1.1154307,-0.16238934,0.08266002,-0.18893099,0,chr9:136327775:tibial_artery:0,FP,1
-2.333137,0.592848,-0.59998363,0.3597377,-0.6552256,-0.50789016,0.25799653,-0.34433836,-0.11847643,-0.029723657,0,chr2:19863824:tibial_artery:0,TN,0
6.000722,0.4226834,-0.060889807,-0.10412818,0.31273735,-0.5799064,-0.46243924,0.12757678,-0.11098882,-0.002888669,1,chr6:31374359:upper_lobe_of_left_lung:0,TP,1
4.5663905,0.62059367,0.45358267,-0.2554744,-0.4106232,-0.1536825,0.99721664,-0.09638091,0.37759978,0.038123183,1,chr5:2070979:esophagus_squamous_epithelium:0,TP,1
-2.6356292,0.79503345,-0.40877923,0.69637537,1.1379238,-0.24384995,-0.26755875,-0.6089736,0.3133593,0.17320745,0,chr6:169810241:transverse_colon:0,TN,0
5.859711,-0.528347,-0.15414342,0.37235358,0.10083322,-0.33369923,-0.22441916,0.021586867,-0.03759249,-0.61607254,1,chr6:17600759:prostate_gland:0,TP,1
-3.3315141,1.5418763,0.1697114,0.5343656,1.0754844,0.05129753,-0.13422453,0.23095417,0.223409,0.017163923,1,chr21:17925986:tibial_artery:0,FN,0
-1.3662027,0.43197918,-0.3030351,0.5630147,0.98975545,0.6491851,0.15256976,1.2221487,-0.49721527,-0.029446892,0,chr4:147018881:upper_lobe_of_left_lung:0,TN,0
-2.2580256,-1.2522947,-0.06362227,0.2498203,0.17421977,-0.48337564,0.4665121,0.26418826,-0.070582464,-0.17231236,0,chr19:43595610:upper_lobe_of_left_lung:0,TN,0
-1.055369,-0.22912322,-1.102145,0.025347833,0.40482578,0.39218315,0.64739954,0.40554386,-0.0022018026,0.81460935,0,chr12:106224338:thyroid_gland:0,TN,0
4.295472,1.4758259,-0.15559396,-0.2164422,-0.7199615,1.0784976,-0.5982304,-0.2906705,-0.25841784,0.032219455,0,chr2:165306402:body_of_pancreas:0,FP,1
-1.7158723,-2.3514154,0.060155924,-0.9623066,0.15602748,-0.40738237,-0.14463307,-0.7444167,0.35750705,0.17442913,0,chr19:43210878:prostate_gland:0,TN,0
-1.3977282,0.028685916,-0.9347383,-0.9858037,0.2047463,-0.29836848,0.64175177,-0.25222918,0.36657596,-0.070536636,0,chr1:10541703:upper_lobe_of_left_lung:0,TN,0
-2.9569108,-0.35316166,-0.24236283,0.3559801,-0.032832753,-0.6498909,0.15240373,0.41927132,-0.4196603,-0.12419885,0,chr6:42166670:thyroid_gland:0,TN,0
-2.078386,-0.4749348,-0.4708486,-0.40457848,0.2931391,-0.0414096,1.1345563,0.031183332,-0.042928617,0.18305045,1,chr10:71384120:sigmoid_colon:0,FN,0
-1.8561016,1.8790653,0.47757545,-0.46861568,-0.17955111,1.1090392,-0.63064075,-0.29597712,0.11620253,-0.66894954,0,chr9:101406369:thoracic_aorta:0,TN,0
1.0524143,-3.0166814,-0.008405118,-0.43149447,-0.9153738,0.7343084,-0.56636417,0.7282212,0.28251976,-0.06897805,1,chr7:6826206:tibial_nerve:0,FN,0
-3.0366886,2.9018874,-0.020901885,0.101198986,0.255589,0.22933352,-0.058168,0.6500996,0.19889331,-0.2390478,1,chr9:127348292:tibial_nerve:0,FN,0
-2.619015,1.2417926,0.23640957,0.3190819,1.0740013,0.2702422,0.4614873,-0.3018128,0.3492119,0.1130346,1,chr6:106223515:suprapubic_skin:0,FN,0
2.5648482,1.6542518,-0.018427486,-0.58266395,0.030470522,1.4668415,-0.8639505,-0.78385586,0.04097936,1.416845,1,chr5:123274158:esophagus_squamous_epithelium:0,TP,1
-1.8450933,-1.8804917,0.19383393,-0.25247642,0.30940828,-0.6859645,1.0285746,-0.25747657,-0.19639301,0.3646001,1,chr7:150356565:prostate_gland:0,FN,0
-2.3772001,-0.32919675,-0.18537068,-0.9488509,-0.4318089,-0.0495703,0.17336513,-0.25048593,-0.24226883,-0.022179706,0,chr16:83954062:tibial_nerve:0,TN,0
-2.3296902,0.15643647,-0.3093576,0.8215562,0.5818215,0.18410653,0.478803,-0.09469487,-0.4298839,-0.13592035,0,chr2:111667723:spleen:0,TN,0
-2.8919692,0.9191917,-1.3003348,0.13438512,-0.8911273,0.18021525,-0.51920354,0.103774235,0.16976158,0.16178346,1,chr11:1652791:transverse_colon:0,FN,0
6.0429125,0.16955775,-0.15559474,-0.17280833,0.021089926,-0.60005385,-0.62029505,0.18417509,-0.32473114,0.20254743,1,chr17:45585364:testis:0,TP,1
4.346282,1.4713678,-0.49217916,-0.8602316,-0.20611307,0.09106696,-0.31823125,-0.36336988,-0.65547293,0.47125632,0,chr2:130454949:prostate_gland:0,FP,1
-3.2068975,-0.14495863,0.34755573,-0.37774497,0.71559507,-0.09819913,-0.16674069,-0.2872133,-0.31297493,-0.013002275,1,chr8:105643644:upper_lobe_of_left_lung:0,FN,0
-2.5654106,-0.46042293,-1.1338856,-0.28566122,-0.4343882,-0.33612168,-0.41118592,0.05766475,-0.05944344,-0.33789998,0,chr4:2764361:adrenal_gland:0,TN,0
0.5784952,0.012840942,-0.8709297,0.6810186,-1.0683252,0.45702812,0.50442624,-0.08313374,-0.52709615,-0.5048821,0,chr19:12953523:upper_lobe_of_left_lung:0,FP,1
-3.3475573,0.3673887,1.0408233,-0.10823554,0.06987952,0.20555282,-0.66638386,0.0642839,0.33046237,-0.49650693,0,chr8:10798926:tibial_nerve:0,TN,0
1.5114224,-0.79376245,-0.81140876,-0.19990495,-0.7472585,1.9020827,-1.0596287,-0.23692283,1.5017918,0.37094,1,chr2:196068383:esophagus_muscularis_mucosa:0,TP,1
-2.2041223,-1.9172124,0.9757718,-0.6557083,1.1252872,0.17454916,-0.49033368,0.15982439,-0.7221488,-0.44657204,0,chr9:6306293:prostate_gland:0,TN,0
-2.939544,-0.35163397,0.9057543,-0.34359264,0.50550914,-0.211434,0.24615963,-0.93526995,-0.50997394,-0.3864635,0,chr8:11945091:body_of_pancreas:0,TN,0
-1.6740034,-0.525907,0.31248683,0.15192053,-0.50169355,-0.25500873,0.92031443,-0.3201768,0.059471738,-0.010765972,0,chr1:19398379:upper_lobe_of_left_lung:0,TN,0
-3.0155947,-0.3870982,1.3542602,0.05162413,-0.49022928,-0.56397355,0.5603355,-0.5644237,0.028042255,-0.32671884,0,chr3:10739319:thoracic_aorta:0,TN,0
-1.0565289,-2.3140662,-0.3299144,-0.9389021,0.1452959,-0.18778981,-0.3632762,-1.1713889,0.59841377,-0.14039782,0,chr19:43210910:suprapubic_skin:0,TN,0
5.0605583,1.4266279,-0.16555852,-0.80414075,-0.3131298,-0.35084033,-0.08328662,0.16466524,-0.04576151,-0.8855392,1,chr7:100949181:Peyers_patch:0,TP,1
3.6367834,0.5086713,0.107252106,-0.27114722,0.31612664,-0.077633806,1.0777817,0.336451,0.7798232,0.2572463,1,chr5:10111731:adrenal_gland:0,TP,1
-1.2303685,-2.3382776,1.9831294,0.2256703,-0.1612305,-0.0035618537,-0.06406083,0.23521489,-0.1711763,0.4810841,0,chr20:50171759:body_of_pancreas:0,TN,0
-1.2746711,-0.086069785,1.1933587,-0.85950774,-0.29549852,1.2678896,-0.14938267,-0.11776195,-0.0780326,-0.61611176,0,chr19:6604006:body_of_pancreas:0,TN,0
-3.2800074,2.5855777,0.25103518,0.27717823,0.3630846,-0.1907256,-0.06520304,0.17380977,0.0717366,-0.15735103,0,chr3:6220791:upper_lobe_of_left_lung:0,TN,0
1.5178608,-2.928821,1.4437306,1.2707382,0.4485836,0.5551097,-1.3104903,2.1792276,1.0950907,-0.22656278,1,chr8:44636977:esophagus_muscularis_mucosa:0,FN,0
5.937239,0.0162772,-0.33690637,-0.38758957,0.19985963,-0.9554545,-0.1407317,-0.09342811,-0.23820098,0.183833,1,chr9:129437686:body_of_pancreas:0,TP,1
-1.9343934,-1.5764712,1.5680498,0.47607043,-0.92262936,0.048589002,-0.2013214,0.57746345,-0.17350367,0.12540777,0,chr10:69483275:esophagus_muscularis_mucosa:0,TN,0
-2.2124639,-0.24913077,-0.5389632,0.7844705,1.3582882,-0.19861968,-0.121819,0.122747615,0.06586848,0.32557648,0,chr19:11624742:gastroesophageal_sphincter:0,TN,0
2.778313,-0.6354708,-1.3011705,1.4289981,-0.8271639,1.4427491,0.30558914,-0.8950683,-0.38683543,-0.4954815,0,chr8:100950672:tibial_artery:0,FP,1
1.4680252,-1.4108846,0.785996,0.6828722,0.8279334,-0.10176347,0.48241895,-0.63993573,0.19502242,0.9148751,1,chr6:18805042:body_of_pancreas:0,TP,1
-1.4593825,-0.0011054698,1.2479389,0.25021482,-0.32671058,1.1018167,-0.16515264,0.04907911,0.556652,-0.66694975,1,chr9:72949663:body_of_pancreas:0,FN,0
-2.341212,-1.0222696,-1.074502,-0.31704032,-0.13001075,-0.99447703,0.6142553,-0.18664142,0.1873311,0.2579716,0,chr16:72008925:thoracic_aorta:0,TN,0
-2.5362058,-0.6148417,-0.062594734,0.02775052,-0.053950492,0.23188685,0.18888302,-0.13730876,-0.5445582,-0.027621545,0,chr1:22005335:thoracic_aorta:0,TN,0
-1.6677109,0.97941834,-1.0793997,0.9741826,-1.148901,0.64145714,0.39878422,-0.30891785,-0.6536197,-0.8569883,0,chr1:19647719:transverse_colon:0,TN,0
-2.3903947,0.17561454,1.7843572,-0.101001605,-1.2349523,-0.1861412,0.66694677,-0.07949343,0.4471157,0.026920859,1,chr8:12664369:body_of_pancreas:0,FN,0
-3.5747244,1.3932472,-0.09324875,0.13087057,0.2126397,-0.55025226,-0.5856457,-0.20100479,0.018205948,0.1779283,0,chr10:99930879:body_of_pancreas:0,TN,0
-2.518561,-0.7923735,0.6981804,-1.6227994,-0.17490393,-0.32045102,0.0071876682,-0.53213215,0.088461824,-0.9991519,1,chr8:41651698:transverse_colon:0,FN,0
5.6714764,-0.13392444,0.72877884,0.2321779,0.67745155,-0.34470215,-0.0930225,0.46286824,0.24346702,0.51091653,1,chr17:22856764:testis:0,TP,1
-3.1241643,0.28065947,-1.0848945,0.06451913,0.09957513,-0.6019248,-0.2347329,0.40266573,0.01653048,-0.16455744,0,chr11:65873434:body_of_pancreas:0,TN,0
-3.0629783,1.1905432,-0.4809158,0.1772208,-0.29375178,-0.1771913,0.37418428,0.45818987,-0.6001359,-0.17438422,1,chr3:157077735:thoracic_aorta:0,FN,0
-1.8131771,0.13179472,-1.2060459,0.12906243,-0.34102854,0.49298334,-0.14756547,-0.26398715,-0.3311057,-0.053113144,0,chr5:138610665:upper_lobe_of_left_lung:0,TN,0
5.772053,0.38876182,-0.078543365,-0.23573892,0.27854267,-0.93934315,0.12907729,0.18767841,-0.06885334,0.053204093,1,chr19:1037766:upper_lobe_of_left_lung:0,TP,1
-2.6229858,-0.36938396,-1.0626286,0.42348695,-0.26773846,-0.42621288,-0.26148522,0.04130665,0.1374591,-0.049218256,0,chr1:222465592:transverse_colon:0,TN,0
1.6879109,-0.49937114,1.463177,-0.70288324,-0.42726687,0.07951734,0.19718958,-0.64937276,0.776741,0.21992502,1,chr22:31561078:body_of_pancreas:0,TP,1
5.985963,0.11544102,0.31364098,0.21283798,0.26752818,-0.730168,-0.43331698,0.41177738,-0.3636499,0.53088045,1,chr3:75785609:transverse_colon:0,TP,1
5.192261,1.455933,0.28548783,-0.85303974,0.124393284,-0.8496021,-0.124152906,-0.02683436,0.39707538,0.44473496,1,chr7:67176863:tibial_artery:0,TP,1
-1.3269352,-1.18663,0.9252802,-0.14858547,0.13156915,0.24442402,0.96341234,-0.50970626,0.12421897,1.003361,1,chr14:100072770:prostate_gland:0,FN,0
-2.518561,-0.7923735,0.6981804,-1.6227994,-0.17490393,-0.32045102,0.0071876682,-0.53213215,0.088461824,-0.9991519,1,chr8:41651698:tibial_nerve:0,FN,0
-2.7180026,-1.0087607,-0.4694181,-0.16898586,-0.92038006,-0.14349954,-0.11280507,-0.11407974,0.47691745,-0.24513517,0,chr19:45681958:tibial_artery:0,TN,0
0.50652874,-0.84911674,-1.5704806,0.28616625,-0.6005545,0.6061037,-0.03903738,-0.6894842,1.1265538,0.7674848,1,chr12:50283650:spleen:1,TP,1
-3.0471637,-0.058951095,0.035519954,-0.03321462,1.3241853,-0.15938199,-0.19984888,-0.47069353,-0.12953669,-0.18999597,0,chr20:9978829:Peyers_patch:0,TN,0
2.2521288,2.7563407,0.04862097,-0.2916081,-0.30789575,1.5970093,-0.38706362,-0.16601907,-0.47075891,-0.052881915,0,chr1:160006718:transverse_colon:0,FP,1
4.495985,1.2536995,-0.59096026,-0.81676894,-0.14165443,0.69873726,-0.5177197,0.43500447,-0.493209,0.406591,0,chr9:114805768:transverse_colon:0,FP,1
-2.7744706,-0.09522301,-0.6492659,-0.14937611,0.19273573,0.08408972,-1.046853,-0.4485058,1.0553443,0.39633587,0,chr20:49278663:transverse_colon:0,TN,0
-0.15725385,-0.8426645,-0.24995998,-1.4014993,0.6949562,-0.040617432,-0.09795555,0.55391294,0.3899623,-0.5694054,1,chr6:132799413:esophagus_muscularis_mucosa:0,FN,0
-0.7165523,-2.499247,1.0549022,1.1817288,-0.32426068,-0.50827736,-0.47638068,0.779049,-0.20472002,0.41885537,1,chr19:49128146:spleen:0,FN,0
-1.4041576,-0.2045656,-0.6868044,-0.05265399,1.1749626,0.40496927,1.0308623,0.42493254,0.14031047,1.1229608,1,chr20:22691781:tibial_artery:0,FN,0
-2.697693,-0.95403624,-0.7341857,0.22385007,-1.2554682,-0.24802952,-0.50325614,0.16723776,0.19422376,-0.4117667,0,chr15:52180075:tibial_nerve:0,TN,0
-2.2056782,-0.18261503,-1.7755746,0.5945532,-1.2618748,0.007395712,-0.538708,-0.083620906,0.2001622,0.048175193,1,chr4:67700970:spleen:0,FN,0
-3.3250904,2.077289,-0.41174692,0.8385542,-0.10798118,-0.19969364,-0.005799167,0.18294026,-0.35664663,-0.0495155,0,chr2:64866002:adrenal_gland:0,TN,0
-2.7668614,1.5188187,0.06079229,0.44642162,0.5172115,-0.16765197,-0.008622482,-0.5945346,-0.015996976,0.056426436,1,chr5:149431239:adrenal_gland:0,FN,0
-2.8973413,-0.38636976,0.46586192,-0.22445723,0.0926886,-0.7042111,0.20413543,-0.6509803,0.18114309,-0.08615152,0,chr16:10954516:body_of_pancreas:0,TN,0
3.3200152,-0.832927,-0.5789495,0.4496852,-0.13740309,-0.012044254,-0.060014755,-1.3456696,0.7674689,1.1820422,1,chr19:6199758:gastroesophageal_sphincter:0,TP,1
5.6049833,0.55089575,-0.26114854,-0.29521447,-0.3610159,-0.769466,0.118918,-0.024209246,0.0963392,-0.01820476,1,chr2:132257677:body_of_pancreas:0,TP,1
5.689398,1.3547797,-0.0852666,-0.66871756,-0.1662779,-0.45431638,-0.6258819,0.26207396,-0.25196454,-0.28745523,1,chr10:96641123:prostate_gland:0,TP,1
1.757421,0.041841943,-1.4889503,1.2820022,-0.4233372,1.1392689,0.9215488,-0.96041805,-0.56891793,-0.8139224,1,chr15:40906278:spleen:0,TP,1
-1.0749038,1.8730116,-0.2687993,0.40049523,0.7814942,1.2883794,-0.38104913,-0.5061608,0.113639794,0.20332322,0,chr18:72672805:transverse_colon:0,TN,0
-1.1962109,-0.6560755,1.0177902,-1.0724388,-0.1486051,-0.03395554,0.26872694,-1.033203,0.30192268,-0.16143993,0,chr4:38873771:thoracic_aorta:0,TN,0
-2.4925983,-1.0539875,-0.48112953,0.2366226,0.80863273,-0.107333675,-0.1105704,0.15497014,0.031275682,0.003204914,0,chr5:96807102:upper_lobe_of_left_lung:0,TN,0
5.997985,0.07447646,0.22969393,0.27668273,0.25909707,-0.3058364,-0.3608998,0.34914473,-0.1654975,-0.040524896,1,chr17:23044492:transverse_colon:0,TP,1
3.7278228,-1.61863,-0.67831445,0.08717435,-0.1235002,0.73405695,-0.116507344,0.14329533,0.9221847,-1.2890723,1,chr17:43361037:body_of_pancreas:0,TP,1
-2.6845047,-0.44088858,0.15836926,-0.79182094,0.022067148,-0.28732598,-0.06214907,0.032756194,-0.173593,-0.46701244,1,chr14:106537942:transverse_colon:0,FN,0
-3.2350593,0.9827683,-0.06903561,0.7824956,0.97829795,-0.2658583,-0.74735844,0.34412035,-0.11755766,-0.20468032,0,chr15:85249361:body_of_pancreas:0,TN,0
6.040878,0.29483488,0.17300954,0.22390291,0.32477847,-0.7556942,-0.46276543,0.04145085,-0.40734446,0.32963035,1,chr12:52949266:upper_lobe_of_left_lung:0,TP,1
-1.2949708,1.0580518,-1.0418102,-0.35038984,-0.84744996,0.28467387,0.3724643,0.93074363,0.39024556,-0.43144342,1,chr22:38870445:esophagus_squamous_epithelium:0,FN,0
-2.2575471,1.3165022,1.535348,-0.034126524,-1.0004544,0.55711704,0.11850254,-0.4503019,0.037274595,0.148592,1,chr7:47266370:adrenal_gland:0,FN,0
1.2833824,-0.04691675,0.00676499,-1.6089927,-0.56162506,0.77768385,0.15794587,-0.24805209,0.66201746,0.6477256,1,chr16:3131961:Peyers_patch:0,TP,1
-2.083016,0.111113794,0.31731036,0.19022198,0.004802601,0.36341116,-0.02385645,-0.06419579,-0.53514457,-0.62544906,1,chr13:20489384:tibial_artery:1,FN,0
6.161287,-0.38117737,-0.16282196,0.27088574,0.57941806,-0.96186906,-0.06362656,-0.12488981,0.087661624,-0.52436656,1,chr12:8390645:transverse_colon:0,TP,1
-3.4375165,0.7879484,-0.5984957,0.64886427,0.53071594,-0.9387759,-0.23114216,0.532394,0.32162184,0.26200995,1,chr9:97633155:esophagus_muscularis_mucosa:0,FN,0
6.0714498,0.04835286,0.34866154,0.51434195,0.36910892,-0.6322055,-0.45924452,0.5637283,-0.43089813,0.31135964,1,chr12:42144490:upper_lobe_of_left_lung:0,TP,1
-2.7573261,1.9344336,-0.31398144,0.06834811,-0.047664065,-0.039538164,0.30891252,0.6704596,-0.2041741,0.018171959,0,chr8:94357326:gastroesophageal_sphincter:0,TN,0
0.8131207,-2.559672,0.8292085,-0.45914176,-0.7558346,0.82349634,-0.67246294,0.97030777,-1.5488429,0.15242659,1,chr7:22550431:Peyers_patch:0,FN,0
-3.025669,-0.3073803,-1.2507712,0.21324761,-1.1105314,-0.59006625,-0.50072485,-0.033516116,0.06424628,0.32862562,1,chr8:13133008:prostate_gland:0,FN,0
-3.035118,0.89139307,-0.7393479,0.49451444,0.39146984,0.6553942,-0.5512697,0.0072888355,-0.066106655,0.2872446,0,chr10:23158214:Peyers_patch:0,TN,0
-3.017886,-0.5454611,1.7628021,0.07409057,-0.91174364,-0.7702641,0.5014318,-0.035903897,-0.0714744,0.2671842,0,chr16:79261428:body_of_pancreas:0,TN,0
-1.626136,1.6037055,1.8223449,0.4223845,-0.12914857,0.22687897,0.72902346,0.45831892,-0.16990843,0.22278544,1,chr3:180803011:body_of_pancreas:0,FN,0
-1.8569365,-0.1443568,-1.7495705,1.1546822,-0.21518523,0.034567915,-0.23924139,-0.23141485,0.39920172,-0.19771573,0,chr6:150599745:transverse_colon:0,TN,0
0.77970254,-1.6540769,-0.33464807,-1.2095639,-0.6482463,-0.027899925,1.0619762,-0.011121555,-1.097394,1.1124103,1,chr7:100965476:transverse_colon:0,TP,1
2.4950316,0.16855119,-0.55294055,0.74879867,0.76072633,1.9112625,-0.40909243,-0.73007137,-1.098368,-0.53902185,1,chr1:108214824:transverse_colon:0,TP,1
3.7954488,0.9323052,-0.06527419,-0.4570142,-0.44906017,0.84719145,0.47857955,0.0807637,0.3956119,-0.22749224,1,chr6:131199853:tibial_nerve:0,TP,1
-1.0020381,-2.0817506,0.100798965,-1.3588967,-0.0060280645,0.49897867,-0.23861977,-0.2288831,0.07899397,-0.3943414,0,chr2:110395064:tibial_nerve:0,TN,0
-1.21078,0.9861571,2.240844,0.19323982,-0.6032857,0.280333,0.87075984,-0.08991129,-0.1789609,-0.2458473,1,chr1:103953594:transverse_colon:0,FN,0
-0.7909125,-1.0722191,0.11804111,-0.6803581,-0.6847025,-0.4231872,0.39450955,0.049426634,-1.0349857,1.3313881,0,chr11:65552279:testis:0,TN,0
5.985963,0.11544101,0.31364152,0.2128381,0.26752856,-0.73016727,-0.43331695,0.41177765,-0.36364937,0.5308794,1,chr3:75785609:testis:0,TP,1
4.2042394,2.6933594,0.07420337,-1.1777642,-1.3610767,0.030989025,-0.56087023,0.25232187,0.1565466,-0.45401868,1,chr7:63015928:testis:0,TP,1
-1.733932,-1.0357317,1.3884279,-0.48989087,-0.5886054,-0.44929042,0.72787684,-0.88692635,-0.5767322,0.3766379,0,chr9:96567831:thoracic_aorta:0,TN,0
0.6802038,-1.0367551,0.13735084,-0.06451129,-0.3040874,-0.16194035,0.32687774,-0.23351543,-0.3907859,0.3782594,1,chr22:25447916:upper_lobe_of_left_lung:0,FN,0
3.8478642,-0.22751483,-0.5839914,0.49450782,-0.36808464,0.6970462,1.2096469,-0.15447931,-0.2619561,-1.4954109,0,chr3:48425836:gastroesophageal_sphincter:0,FP,1
-0.44980106,-1.2258036,-0.72083205,0.49247697,-0.9120154,0.6798857,-0.57779366,0.36829638,0.4773501,-0.14416835,0,chr12:31118939:body_of_pancreas:0,TN,0
0.053761967,-0.9758028,1.5278383,-0.465512,0.060796246,-0.41200492,0.6200872,-0.75706106,0.717146,0.50494236,1,chr19:17260758:spleen:0,FN,0
-1.3528578,-1.6965506,-0.24600615,-1.0117259,-0.68662333,0.43555737,0.74416137,0.6078569,-0.34661093,-0.12766625,0,chr11:66222967:prostate_gland:0,TN,0
-2.766859,1.5188158,0.060792666,0.44642052,0.51721376,-0.16765058,-0.008621895,-0.59453416,-0.015995692,0.056425516,1,chr5:149431239:Peyers_patch:0,FN,0
5.4915113,-0.68157744,0.120022796,0.12403974,0.30475917,0.4081863,-0.4736841,0.45202562,0.45379516,-1.0447093,1,chr17:43360554:body_of_pancreas:0,TP,1
2.33156,-3.0329213,-0.3184549,-0.4514715,2.143018,-1.347854,0.21786812,-0.32913706,0.82394826,-0.57444674,0,chr11:11625732:upper_lobe_of_left_lung:0,FP,1
0.5919121,-2.7229652,-2.2108057,1.314906,-0.7340636,0.6649801,0.5512463,-0.16258039,0.31878418,0.050158165,0,chr17:77281144:prostate_gland:0,TN,0
-2.9988732,2.1982074,-0.30704162,-0.019170126,-0.40214694,0.39823908,-0.32644734,-0.50114685,-0.12803026,0.21368672,0,chr18:24726802:testis:0,TN,0
-1.5544388,1.8422343,2.9179265,1.0040447,-1.4730939,0.16792305,-0.2194113,0.030938067,0.25680906,0.5769392,1,chr2:93976867:gastrocnemius_medialis:0,FN,0
-1.2090918,-2.167581,0.509189,-1.5615484,-0.2892751,0.7519193,-1.3565439,0.44581547,-0.15129426,-0.13593093,1,chr16:11211:stomach:0,FN,0
5.90837,0.16492598,0.56623924,0.8208895,0.33191448,-0.61889803,-0.48854306,0.41082937,-0.2421341,0.62320435,1,chr3:75785547:adrenal_gland:0,TP,1
0.045941114,-0.9083789,-0.09071911,-0.54784274,0.72334296,1.7243378,-0.21947551,-0.17182676,0.67482156,-1.1530762,0,chr9:88723074:prostate_gland:0,TN,0
-1.9778539,-0.96405625,0.8441745,-0.88916415,1.1770335,-0.25837186,-0.15404479,-0.98964703,-0.52857715,-0.5485361,0,chr6:32700322:gastroesophageal_sphincter:0,TN,0
-0.79090923,-1.072219,0.11804104,-0.68035895,-0.68470275,-0.4231871,0.39450988,0.049426295,-1.0349854,1.3313893,1,chr11:65552279:sigmoid_colon:0,FN,0
-2.619013,1.241792,0.23640881,0.31908125,1.0740026,0.27024174,0.46148714,-0.30181348,0.34921286,0.113036476,1,chr6:106223515:prostate_gland:1,FN,0
-1.4235293,-1.7762673,-0.80033284,-0.9062154,-0.98374635,0.19832821,-0.24223037,0.12719914,0.3828939,-0.6154616,0,chr4:186723355:Peyers_patch:0,TN,0
-1.0301974,1.5198461,2.2244322,-0.42302004,0.052780643,-0.0040206756,0.58518994,-1.2988507,0.3262802,0.09051247,0,chr8:132267625:body_of_pancreas:0,TN,0
-2.8012283,-0.90685064,-0.7977902,0.22128625,-0.26946294,0.028651047,-0.742561,0.112174265,-0.46349043,-0.05344874,1,chr5:181184339:body_of_pancreas:0,FN,0
-2.8482552,1.9342163,-0.054774534,0.3473329,0.5733357,0.45768893,0.25975266,0.0034146644,-0.2791794,0.19260268,1,chr4:44760360:body_of_pancreas:0,FN,0
-2.8012283,-0.90685064,-0.7977902,0.22128625,-0.26946294,0.028651047,-0.742561,0.112174265,-0.46349043,-0.05344874,0,chr5:181184339:upper_lobe_of_left_lung:0,TN,0
5.689398,1.3547797,-0.0852666,-0.66871756,-0.1662779,-0.45431638,-0.6258819,0.26207396,-0.25196454,-0.28745523,1,chr10:96641123:esophagus_squamous_epithelium:0,TP,1
4.392158,-0.42258996,0.38527346,-0.8568519,0.871252,0.41208008,0.1259133,-0.42320004,0.010195483,0.8426954,0,chr5:117521670:body_of_pancreas:0,FP,1
3.123379,-1.3409085,1.0369403,0.3095536,-0.47577032,1.3094553,0.12547329,0.6911723,0.018561507,0.06411358,0,chr5:179948726:adrenal_gland:0,FP,1
-1.5963273,0.34631857,-0.3380194,0.19922748,1.0450553,0.63877225,-0.3297671,-0.23371483,-0.047353864,-0.060332157,1,chr8:119641601:thoracic_aorta:0,FN,0
6.1928616,0.16321123,0.13583247,0.14303398,0.46821943,-0.61828166,-0.11798573,0.11871556,-0.025924798,0.1422686,1,chr17:26601376:adrenal_gland:0,TP,1
-0.6159277,-3.022949,0.3690294,-0.8577969,-0.07031038,-0.4807208,-0.17230089,-0.4882585,-0.3671321,1.1045647,1,chr6:31356728:thoracic_aorta:0,FN,0
4.5342803,-1.0493057,0.21130638,-0.5210623,0.12603843,-0.3338735,1.6773489,0.18639919,0.44865924,-0.0624959,1,chr5:2070951:upper_lobe_of_left_lung:0,TP,1
-2.9751842,-0.436382,-0.17995542,0.24846433,-0.38822475,-0.81600344,-0.059471652,0.24975921,-0.8703722,-0.5429364,0,chr2:28452449:Peyers_patch:0,TN,0
-2.2356403,-0.48724565,0.1688932,-0.3634725,0.71360976,-0.34646538,0.5367734,0.43178865,-0.26252753,-0.14486812,0,chr2:239300106:transverse_colon:0,TN,0
-3.3255098,0.30682614,-0.16825426,0.19372033,0.22629035,-0.7504676,-0.66631263,-0.48753145,0.33415172,0.057105016,0,chr5:146182787:prostate_gland:0,TN,0
-1.8677281,-0.515133,1.7841907,-1.2979017,0.140607,-0.0049780835,0.08978472,-0.6506919,0.5283464,-0.59567136,0,chr2:159922434:body_of_pancreas:0,TN,0
-1.9317575,0.6616426,2.2394662,0.9176975,-1.4910553,-0.27697125,0.23860389,-0.20621091,0.051468227,0.2757455,1,chr1:237570558:body_of_pancreas:0,FN,0
-2.8026845,-0.17061912,2.4573555,0.060702648,-0.6728236,-0.23998895,0.3639632,-0.14608943,0.2562845,-0.06082675,0,chr2:73481655:body_of_pancreas:0,TN,0
-1.4257795,-2.5089445,0.834117,-1.5046619,0.72731566,-0.41807446,0.7239866,-0.31352141,-0.30526698,0.067269735,1,chr5:174623802:prostate_gland:0,FN,0
-0.021565076,2.4873953,0.6917932,0.2288027,-1.0621682,-0.38006926,0.37882033,-1.1063555,-0.46118507,1.23629,0,chr3:152472531:sigmoid_colon:0,FP,1
-1.6073916,1.0024143,-0.6633012,-0.74078524,-1.3970754,0.16307892,0.4579893,-0.04471911,-0.3205788,-0.15648414,0,chr10:119206480:Peyers_patch:0,TN,0
1.6484731,0.51901317,1.2075921,-0.60875785,-0.52459466,0.24432585,0.60577404,-0.51867604,0.45100448,0.24951649,1,chr12:106205548:tibial_artery:0,TP,1
5.404771,0.9419225,-0.28936696,-0.51817155,0.06002989,-0.76717514,-0.013531835,-0.010868175,0.026423912,-0.61085594,0,chr14:74257882:gastrocnemius_medialis:0,FP,1
3.6367834,0.5086713,0.107252106,-0.27114722,0.31612664,-0.077633806,1.0777817,0.336451,0.7798232,0.2572463,1,chr5:10111731:upper_lobe_of_left_lung:0,TP,1
-1.6969063,0.45172054,0.34647214,-1.0351318,0.30984086,0.04175858,-0.24022739,-0.81772465,-0.021970069,-0.10928338,0,chr8:132052052:transverse_colon:0,TN,0
-3.6896343,1.6174936,-0.7003514,0.13885143,-0.18758206,-0.64771754,-0.5633119,0.35780722,0.38989326,0.32154596,0,chr1:218347500:gastroesophageal_sphincter:0,TN,0
0.02122517,-1.5841204,-1.7070234,1.1440135,-1.1010787,0.6845453,-0.2950987,-0.416852,0.31689894,-0.33277616,1,chr2:46699152:spleen:0,FN,0
1.5114224,-0.79376245,-0.81140876,-0.19990495,-0.7472585,1.9020827,-1.0596287,-0.23692283,1.5017918,0.37094,1,chr2:196068383:prostate_gland:0,TP,1
5.7928886,0.7728145,-0.13873008,-0.14662488,-0.12580433,-0.17079863,-0.10332618,-0.107265174,-0.43306127,-0.19078055,1,chr6:29705705:body_of_pancreas:0,TP,1
-0.36412144,-2.247913,-0.8889471,-1.2693604,-0.19818045,0.74407613,-0.49995178,-0.116157465,-0.24593334,0.6678302,0,chr15:63122525:gastrocnemius_medialis:0,TN,0
4.762805,-0.10706044,-1.382904,-0.6469941,-0.7923806,-0.09342343,0.27608982,0.19193763,0.5401896,-0.5201248,0,chr14:74257715:transverse_colon:0,FP,1
-0.5487132,-0.92919844,-1.6482862,-0.23512402,-1.36424,0.3911455,-0.36538604,0.20763543,0.6327914,0.48396838,1,chr14:76353026:thoracic_aorta:0,FN,0
5.7531967,0.36722806,-0.48441768,-0.3102987,-0.051448237,-0.1280922,-0.23108132,-0.06574609,-0.1268892,-0.06456483,0,chr12:121918386:testis:0,FP,1
-2.9206636,-0.6166531,-1.2438768,0.5094213,-0.5432853,-0.8282395,-0.6504391,-0.33650357,0.5078741,-0.05309705,1,chr1:26921783:body_of_pancreas:0,FN,0
-1.6334424,-2.4267938,1.5030177,-0.0070731128,-0.25499868,-0.20276378,-0.14505431,0.6980554,-0.31038263,-0.75213397,0,chr19:14097969:adrenal_gland:0,TN,0
-1.3237543,1.1327388,1.8149348,0.48143557,-1.2245632,-0.09860158,0.6511161,-0.46838614,-0.046211015,0.30969605,0,chr12:97502746:body_of_pancreas:0,TN,0
5.853317,0.5200487,-0.3019769,-0.059398923,-0.15719362,-0.65036756,-0.4188635,0.2260984,-0.35350537,-0.020377373,1,chr17:50532736:body_of_pancreas:0,TP,1
-2.518561,-0.7923735,0.6981804,-1.6227994,-0.17490393,-0.32045102,0.0071876682,-0.53213215,0.088461824,-0.9991519,1,chr8:41651698:body_of_pancreas:1,FN,0
5.437609,-0.59811187,-0.2613853,1.2291099,0.16397345,0.1616666,0.7812453,-0.9241024,-0.44971234,-0.7453668,1,chr7:73725711:tibial_artery:0,TP,1
-3.1224837,0.5509488,-0.3480517,-0.21023464,0.77494293,0.129296,-0.018319659,0.56653255,-0.00023807463,-0.053471565,1,chr1:53861076:tibial_nerve:0,FN,0
0.042758323,-1.946631,0.44616655,-1.296214,-1.1881745,0.1368707,0.2825409,-0.018950082,-0.6679982,0.8043479,1,chr22:20592014:body_of_pancreas:0,FN,0
-1.7485052,-0.48613372,-0.23424065,-0.16591467,0.746112,0.73800296,-0.17582612,-0.19112527,-0.7153108,-0.046056498,0,chr16:11407716:thoracic_aorta:0,TN,0
-2.6674604,-0.81635195,1.3897359,-0.85526973,0.13789085,-0.4424967,-0.1898923,-0.6028621,0.15526132,-0.11749367,1,chr4:87530426:upper_lobe_of_left_lung:0,FN,0
4.5663905,0.62059367,0.45358253,-0.25547418,-0.41062403,-0.1536826,0.9972173,-0.09638173,0.3775987,0.038124274,1,chr5:2070979:prostate_gland:0,TP,1
-3.694107,2.2411993,0.048204385,0.107878305,0.32959113,0.19083427,-0.088864855,0.18195045,0.27617443,-0.13663599,0,chr17:11987147:esophagus_muscularis_mucosa:0,TN,0
5.5659657,-0.3341465,-0.22680105,1.2762839,0.35746157,0.29381827,0.05675161,-0.7831143,-0.7489032,-0.397554,1,chr2:67906552:prostate_gland:0,TP,1
5.5710363,0.10392399,-0.16933183,-0.005520961,-0.042707056,-0.1395342,0.24162461,-0.21638976,-0.14954506,0.4716397,1,chr9:129442758:body_of_pancreas:0,TP,1
6.0429125,0.16955775,-0.15559474,-0.17280833,0.021089926,-0.60005385,-0.62029505,0.18417509,-0.32473114,0.20254743,1,chr17:45585364:thoracic_aorta:0,TP,1
2.9097517,2.6422923,-0.46671593,-1.1377137,-1.6771113,-0.36252233,0.857754,0.38804978,0.2031498,0.16728559,0,chr17:10128117:tibial_nerve:0,FP,1
5.853317,0.5200535,-0.30197594,-0.05939835,-0.15719514,-0.65036756,-0.41886452,0.22609821,-0.35350487,-0.020376904,1,chr17:50532736:adrenal_gland:0,TP,1
-2.5185602,-0.79237384,0.69818044,-1.6228001,-0.1749036,-0.32045037,0.007188223,-0.53213185,0.08846223,-0.9991537,1,chr8:41651698:spleen:0,FN,0
6.0429125,0.16955775,-0.15559474,-0.17280833,0.021089926,-0.60005385,-0.62029505,0.18417509,-0.32473114,0.20254743,1,chr17:45585364:tibial_artery:1,TP,1
1.0431731,-1.5432361,0.81193614,0.27704284,-0.5740077,-0.105519645,0.15083876,0.37146297,-1.2854257,2.0486715,1,chr19:45678133:upper_lobe_of_left_lung:0,TP,1
-2.8344781,-0.5020464,-0.8578221,0.16864398,-1.123177,-0.6294837,-0.27851465,0.5983845,-0.73343986,-0.26390955,1,chr4:1752766:upper_lobe_of_left_lung:0,FN,0
4.0237403,-1.2576731,0.29063374,-0.44898677,0.16866878,0.038769074,0.0011727848,-0.0006582032,0.39618456,0.8319586,1,chr8:11480223:transverse_colon:0,TP,1
5.0426307,0.7846506,0.1528015,1.1646863,0.25130886,0.19715507,-0.0280417,-0.8078667,-0.5550097,0.33472463,1,chr10:49526098:spleen:0,TP,1
-1.6746992,0.13392131,-0.10459057,0.1767626,1.9925029,-0.04764322,0.25011405,-0.5468424,0.24342276,0.5321648,1,chr10:18216593:Peyers_patch:0,FN,0
-2.6229873,-0.36938635,-1.0626285,0.42348662,-0.26773784,-0.4262135,-0.26148528,0.04130539,0.1374584,-0.049218595,1,chr1:222465592:body_of_pancreas:0,FN,0
0.41099498,-0.475285,1.1074893,0.89392084,-0.7154716,-0.06275025,0.7999066,-0.11832774,-0.21519028,1.1473997,0,chr16:71961415:prostate_gland:0,TN,0
-2.1781976,-0.786029,-0.29076594,0.6119541,0.5036213,-0.73981696,0.09662231,0.3732953,-0.19818121,0.116824284,1,chr13:99926117:body_of_pancreas:0,FN,0
-1.9189416,-2.2442768,-0.53679603,0.40799192,-0.4102873,0.07710969,-0.27912357,0.47230315,0.21819408,0.049828067,0,chr15:34210265:gastrocnemius_medialis:0,TN,0
5.6115766,1.2073463,0.099057086,-0.8963103,-0.33509856,-0.6656288,-0.28531483,0.45317066,-0.0007790342,0.1687065,1,chr2:86221296:prostate_gland:0,TP,1
-3.0366883,2.9018855,-0.020902425,0.101198114,0.25558966,0.22933337,-0.058167852,0.6501,0.19889332,-0.23904784,1,chr9:127348292:gastrocnemius_medialis:0,FN,0
-0.021464756,-0.06706076,-0.8896901,0.012574396,-0.96168065,1.6295539,-0.49525762,0.24818721,-0.7826833,-0.4569546,0,chr1:3074429:tibial_artery:0,TN,0
-2.0783856,-0.47493213,-0.4708493,-0.404579,0.29313827,-0.041408498,1.1345568,0.031183545,-0.042928483,0.18304986,0,chr10:71384120:transverse_colon:0,TN,0
4.346282,1.4713726,-0.4921785,-0.8602335,-0.20611411,0.09106545,-0.31823206,-0.36336923,-0.6554717,0.47125646,0,chr2:130454949:spleen:0,FP,1
4.4026055,-1.5075998,0.33635047,0.81853396,-0.04920124,-0.1341199,0.22082844,0.2434926,0.3159509,0.09532875,1,chr15:72664270:body_of_pancreas:0,TP,1
5.2719817,-0.19811302,-0.39649493,1.152815,0.48241892,0.18527138,0.7533284,-0.9775308,-0.33383533,-0.9390805,1,chr12:49925490:body_of_pancreas:0,TP,1
-2.4004116,1.0731193,-0.43283522,-0.52237946,0.8865217,-0.2543992,0.9607684,0.57361436,-0.27400392,0.19509661,0,chr11:11558437:esophagus_squamous_epithelium:0,TN,0
-3.0937533,-0.3179436,-0.04256595,0.38663018,0.71949935,-1.1819763,-0.589739,-0.92814976,0.40566602,-0.0144756725,0,chr16:57735487:transverse_colon:0,TN,0
-3.1760848,0.308039,-0.35572276,-0.011302233,0.26726153,-0.5328391,-0.28271994,0.47402078,0.007703045,0.07957707,0,chr17:2095050:esophagus_squamous_epithelium:0,TN,0
-3.5264745,0.06185801,-0.3014931,0.15262957,0.22928888,-0.8673041,-0.6502743,-0.40000468,-0.15401538,0.09023955,0,chr11:65135266:transverse_colon:0,TN,0
-3.6543946,1.5623704,-0.04528804,0.060315594,-0.24469827,-0.8331829,-0.14052212,0.28967956,-0.1843156,-0.42244753,0,chr3:38651525:transverse_colon:0,TN,0
-2.389991,-0.01101405,-0.14421083,-0.8118173,-0.7854759,0.27615097,0.5118102,-0.12808596,0.3915168,0.21470599,0,chr21:28993000:testis:0,TN,0
-2.913443,0.6334837,-0.066880405,0.8092443,0.99997467,-0.35999045,-0.46842492,-0.2251676,0.31506604,0.055747304,0,chr2:171729084:body_of_pancreas:0,TN,0
3.6032157,0.37650374,0.2606942,-0.89592254,0.4734385,0.044683747,0.49256477,0.77393806,1.0257576,-0.32519037,1,chr6:13414315:upper_lobe_of_left_lung:0,TP,1
-2.221,2.5381806,-0.8932699,0.2379047,-0.46760353,0.4306211,0.051303867,0.79351956,-0.090567075,-0.053264506,1,chr9:128295503:spleen:0,FN,0
-2.0893905,-1.29597,-1.7915595,0.74121314,-0.5799383,-0.21739417,-0.028979162,-0.44658622,0.27970222,0.22525528,0,chr19:18428933:tibial_nerve:0,TN,0
5.219041,1.9785753,0.039372828,-0.91788065,-0.5313836,-0.30864087,-0.28694278,0.41676703,-0.11692774,-0.21209477,1,chr14:106470090:transverse_colon:0,TP,1
5.7531967,0.36723307,-0.4844165,-0.31029898,-0.051451188,-0.12809196,-0.23108234,-0.06574513,-0.1268893,-0.06456317,1,chr12:121918386:prostate_gland:0,TP,1
-3.3839154,1.5607699,0.17037138,0.0724483,0.24408439,-0.6646718,0.029923987,-0.37890548,-0.122965574,-0.17244063,0,chr10:18234045:adrenal_gland:0,TN,0
5.336365,0.3813545,-0.3932628,0.59229034,-0.25511262,0.6843453,0.20983078,-0.37748307,-0.4982127,-0.71256775,1,chr2:28383557:body_of_pancreas:0,TP,1
-2.7573268,1.9344326,-0.313981,0.06834873,-0.047664154,-0.039539684,0.30891165,0.6704594,-0.20417418,0.018171303,0,chr8:94357326:transverse_colon:0,TN,0
1.7901852,-0.8360647,0.3190328,-0.39597288,-0.585991,0.45372778,0.7089133,0.2868347,0.74849385,-0.47243664,1,chr11:1303541:body_of_pancreas:0,TP,1
5.351921,1.0659772,-0.50846106,-0.5259335,-0.79750246,-0.39772323,-0.088950895,-0.22847074,0.046321165,-0.5365684,1,chr9:42852316:adrenal_gland:0,TP,1
-2.1355503,-0.1443896,0.6050591,-0.98434544,1.013274,-0.43337655,-0.35959616,-0.8922625,0.26262608,-0.30620193,0,chr2:218570564:thoracic_aorta:0,TN,0
-3.4194698,1.5583154,-0.011470153,0.23043178,0.50036454,-0.26586396,-0.23271602,0.15193127,0.024995577,-0.007817521,0,chr10:110072679:thoracic_aorta:0,TN,0
2.2692862,-1.4490534,-0.1886726,0.6345067,0.28734258,1.9756647,0.21050388,0.1834122,-0.33402514,-1.0973718,0,chr14:75132451:esophagus_muscularis_mucosa:0,FP,1
-3.2840064,-0.6229252,0.8930902,-0.68427074,0.6660816,-0.45209277,-0.16196854,-0.6658778,-0.49637824,-0.41039953,1,chr1:182084728:Peyers_patch:0,FN,0
-2.41339,0.33357176,0.43229264,-0.10027989,0.77557385,-0.1811477,0.27990994,-0.87913066,0.17087366,0.100024946,0,chr7:131859739:adrenal_gland:0,TN,0
-3.4375165,0.78794724,-0.59849596,0.64886373,0.53071636,-0.9387751,-0.2311407,0.53239393,0.32162136,0.26201,1,chr9:97633155:gastroesophageal_sphincter:0,FN,0
5.0001607,2.4299338,0.112596065,-1.1333759,-0.8511263,-0.49346232,-0.83222026,0.19864026,0.07112056,0.022388872,1,chr11:60251676:Peyers_patch:0,TP,1
-2.537376,-0.46050674,-0.89350903,0.47018173,-0.046714045,0.04429899,-0.39522725,-0.285579,0.049555656,-0.062535845,0,chr17:7329842:tibial_nerve:0,TN,0
2.5700934,-0.64652514,0.39660707,-0.918882,-0.5556963,0.22722703,-0.24026707,-0.24291486,-0.32789242,0.28910968,1,chr16:84506624:suprapubic_skin:0,TP,1
-0.48593462,0.14660826,1.7503514,-0.385308,-0.8835472,0.25654927,0.436232,-0.5242886,0.57273805,0.3939789,1,chr20:63075397:body_of_pancreas:0,FN,0
-2.5448093,-0.48081905,-1.1264354,0.04021663,0.13991039,-0.62138593,-0.36753145,0.3882747,0.14456555,0.0922333,0,chr3:197510147:thoracic_aorta:0,TN,0
-2.037051,0.26042527,1.9430908,1.2153151,-1.1665092,0.10268129,0.61438966,-0.45689997,-0.26032925,0.53234243,1,chr16:4548780:gastroesophageal_sphincter:0,FN,0
4.108494,-0.3114611,-0.47050604,-0.94762003,-0.62257993,-0.19047603,0.6984814,0.40543136,0.58632445,-0.5312926,1,chr3:125766003:thoracic_aorta:0,TP,1
0.8131285,-2.5596719,0.82920533,-0.45914316,-0.755834,0.8234966,-0.6724634,0.97030616,-1.5488443,0.15242755,1,chr7:22550431:gastrocnemius_medialis:0,FN,0
5.671476,-0.13392092,0.72878,0.23217912,0.67745006,-0.34470105,-0.09302207,0.46286735,0.24346682,0.5109179,1,chr17:22856764:Peyers_patch:0,TP,1
5.192261,1.455933,0.2854873,-0.8530406,0.12439339,-0.84960216,-0.12415312,-0.026834892,0.39707577,0.44473502,1,chr7:67176863:transverse_colon:0,TP,1
5.7642493,0.74145967,-0.2536493,-0.03854715,-0.16700464,-0.043832473,-0.3535459,-0.20068142,-0.2916101,-0.44116208,1,chr2:165698937:body_of_pancreas:0,TP,1
4.5558205,2.5376852,0.073842175,-1.1596905,-0.4158709,-0.041979827,-0.6096448,0.3944196,0.017206535,-0.06188453,1,chr4:128660398:thoracic_aorta:0,TP,1
-2.7663295,1.8790644,0.37262955,0.62359893,0.5769029,0.33098906,0.01720965,-0.5011847,-0.22603743,0.04776899,0,chr11:101457070:tibial_artery:0,TN,0
5.2170773,1.5719604,-0.16440435,-0.066147886,-0.262182,0.025131226,0.101098746,-0.37290692,-0.23325877,0.09249312,1,chr11:30279727:body_of_pancreas:0,TP,1
5.759938,0.7118846,0.08866432,0.17191541,0.08890788,-0.0033356652,-0.41414413,-0.20965838,-0.36497295,-0.35402247,1,chr1:103345485:prostate_gland:0,TP,1
5.792889,0.77281356,-0.13873024,-0.14662395,-0.12580344,-0.1707986,-0.10332538,-0.107264854,-0.4330622,-0.19078061,1,chr6:29705705:transverse_colon:0,TP,1
-0.8246124,-0.6891959,-1.3888257,0.033845924,-0.7865268,0.76189077,0.1405091,-0.2862066,0.55801886,0.33435398,1,chr3:184135459:body_of_pancreas:0,FN,0
-0.4577884,0.6540031,-0.32109472,-0.2157884,-0.74919015,0.654894,1.0715603,0.053484328,-0.15588655,0.5239454,1,chr1:12341810:transverse_colon:0,FN,0
-2.1961305,-0.61776924,-0.79526556,-0.18859702,-0.5438893,-0.8159636,-0.3120889,-0.71674275,0.1631535,0.23199585,0,chr6:89118335:body_of_pancreas:0,TN,0
2.4950354,0.16855498,-0.5529404,0.7487989,0.7607248,1.9112623,-0.40909183,-0.73007196,-1.0983672,-0.53902155,1,chr1:108214824:esophagus_squamous_epithelium:0,TP,1
-0.6183882,1.5199441,2.4352052,1.5754585,-1.610299,0.2090711,-0.111557394,0.5186363,0.9050758,0.04424608,1,chr20:28507029:tibial_artery:0,FN,0
6.0429125,0.16955775,-0.15559474,-0.17280833,0.021089926,-0.60005385,-0.62029505,0.18417509,-0.32473114,0.20254743,1,chr17:45585364:tibial_nerve:0,TP,1
-3.5642338,1.1761718,-0.28238156,0.32933494,0.42316678,-0.66806823,0.239586,0.394936,-0.24828123,0.30549952,0,chr20:9616907:adrenal_gland:0,TN,0
-0.6930162,-0.40726358,-1.2227587,-0.6945144,-1.5750716,1.2074012,-0.23912315,0.9605955,-0.08451135,0.027520383,0,chr2:205885823:tibial_artery:0,TN,0
-2.619015,1.2417926,0.23640957,0.3190819,1.0740013,0.2702422,0.4614873,-0.3018128,0.3492119,0.1130346,1,chr6:106223515:spleen:0,FN,0
-0.6183882,1.5199441,2.4352052,1.5754585,-1.610299,0.2090711,-0.111557394,0.5186363,0.9050758,0.04424608,1,chr20:28507029:omental_fat_pad:0,FN,0
-2.669052,1.5373261,0.21381955,0.37213343,0.34799123,-0.00811249,0.8494946,0.08636214,-0.34796533,-0.008289532,0,chr22:15723506:prostate_gland:0,TN,0
1.5178634,-2.9288235,1.4437289,1.270737,0.44858515,0.5551091,-1.3104893,2.1792276,1.0950891,-0.22656316,1,chr8:44636977:transverse_colon:0,FN,0
-3.0262356,0.60622907,-0.041896276,-0.2561381,-0.2737777,-0.23115216,-0.035008386,-0.26290956,-0.40169734,-0.14115396,0,chr5:56270878:body_of_pancreas:0,TN,0
-1.2567012,0.9333359,-0.35724154,0.21040294,1.696129,1.0157676,-0.09421266,0.59560966,-0.17078291,0.16525553,0,chr4:167290814:body_of_pancreas:0,TN,0
4.045694,-2.4376287,0.07567052,1.7366525,0.49619487,0.704133,0.16673264,-0.057675727,-0.2641835,-0.028564606,1,chr16:3065626:body_of_pancreas:0,TP,1
5.929857,-0.2756206,0.51088834,0.5621675,0.56035453,-0.19533886,-0.28741986,0.20371899,0.07295325,0.6483816,1,chr17:22909996:lower_leg_skin:0,TP,1
-1.8390411,-0.8976202,0.876293,-1.1045579,-0.19054022,-0.12141479,1.2601779,0.26400214,0.24698426,-0.12861578,0,chr8:41146432:body_of_pancreas:0,TN,0
0.7498017,-0.083376005,0.49043095,0.25083807,-1.1302737,0.37117717,0.36612594,-0.29516128,1.2922051,1.0622318,1,chr19:47436804:esophagus_squamous_epithelium:0,TP,1
5.8401995,0.8347221,-0.08131167,-0.5512623,-0.037800204,-0.71311873,-0.1330061,0.055029955,0.041443102,-0.20949197,1,chr1:157311320:upper_lobe_of_left_lung:0,TP,1
2.8693652,1.4009492,-0.70164216,-0.0019822177,0.417984,1.6720686,-0.5694814,-0.23001125,-0.22135022,0.025634035,1,chr3:114900513:body_of_pancreas:0,TP,1
-2.145238,-0.9292431,-1.0216596,-0.6971729,-0.7512653,-0.82884187,0.33262396,0.43486914,-0.3328527,-0.8320948,1,chr8:142545679:upper_lobe_of_left_lung:0,FN,0
5.419969,0.12446161,-0.12792364,-0.17850974,0.30685255,-0.28243703,-0.4385358,0.21180792,-0.16399279,1.1464453,0,chr4:163544593:thyroid_gland:0,FP,1
-0.49638355,-0.041180197,-0.85729975,0.7637059,-0.75047636,0.64284885,0.08232073,-0.2608264,-0.14073637,-0.65396357,0,chr3:46892469:upper_lobe_of_left_lung:0,TN,0
-0.047108307,0.47826076,0.18090421,0.45020372,1.2087151,0.9731545,0.7264773,-0.53987324,-0.24991311,0.18864809,1,chr5:53035925:body_of_pancreas:0,FN,0
-2.454111,-1.4997374,0.7047352,-0.60288733,0.07383287,-0.32984802,0.734482,0.17039418,-0.58581245,-0.008058679,0,chr6:4647365:Peyers_patch:0,TN,0
-3.651926,1.0198603,-0.42562658,0.508979,0.49397537,-0.88606673,-0.5652784,-0.3041662,0.35122368,0.17775224,0,chr1:120942196:tibial_artery:0,TN,0
0.8215171,1.3357595,0.14607419,-0.45057535,0.942654,2.0932503,-0.8136977,-0.31804642,-0.068013996,0.12457933,0,chr16:78503576:esophagus_squamous_epithelium:0,FP,1
-1.4259974,-0.7042454,-0.71694016,0.3485664,0.4353072,1.2288471,-1.0136557,-1.1341302,-0.11403971,0.39942092,1,chr19:45427778:suprapubic_skin:0,FN,0
-2.083016,0.111113794,0.31731036,0.19022198,0.004802601,0.36341116,-0.02385645,-0.06419579,-0.53514457,-0.62544906,1,chr13:20489384:tibial_nerve:0,FN,0
-3.1175907,1.1586665,-0.11491885,0.26753265,0.12360997,-0.68089414,0.25961393,-0.019954603,-0.5139058,-0.26615208,0,chr10:77590980:body_of_pancreas:0,TN,0
-3.0845695,2.394928,0.12847279,0.46573925,-0.33357257,-0.35308865,0.8276286,0.37069276,-0.20415978,0.045242276,1,chr6:159463481:thoracic_aorta:0,FN,0
6.000722,0.4226834,-0.060889807,-0.10412818,0.31273735,-0.5799064,-0.46243924,0.12757678,-0.11098882,-0.002888669,1,chr6:31374359:tibial_artery:0,TP,1
-0.8469132,-2.9929266,0.5033396,0.97228605,-0.4575605,-0.32152915,-0.34742495,0.48143253,-0.14618966,0.7800212,0,chr11:101128039:upper_lobe_of_left_lung:0,TN,0
-1.7562565,-1.2132171,-2.2672236,0.785595,-0.73917365,-0.8806892,-0.13949592,-0.28575885,1.24598,0.39520428,0,chr1:19644358:tibial_nerve:0,TN,0
-2.5481904,0.08171355,0.4426004,-1.1957744,0.55222064,0.6907523,-0.045353774,0.33330005,0.26841128,0.08439734,0,chr6:113909501:body_of_pancreas:0,TN,0
-2.7347417,1.2812309,0.09890973,0.1983455,0.5287545,-0.15847813,0.2900032,-0.5677477,0.060721926,-0.07759977,0,chr5:61440716:esophagus_squamous_epithelium:0,TN,0
2.5718126,-0.5735111,0.95364404,-1.0500339,0.07925674,-0.5604019,1.5703341,-0.05300199,0.67528087,1.0422926,1,chr22:35043457:upper_lobe_of_left_lung:0,TP,1
5.267233,0.81891364,0.08004034,-0.10084214,0.17823951,0.12588295,-0.08180131,-0.2436625,-0.057516117,-0.2106496,1,chr19:21295213:prostate_gland:0,TP,1
-3.3914258,0.9089154,0.10705034,-0.33969608,-0.17229591,0.14770116,-0.050451722,0.4270715,-0.29311448,-0.6110079,0,chr14:34228362:sigmoid_colon:0,TN,0
-2.998867,1.0743018,1.8048004,0.5797992,-1.5364413,-0.47204244,-0.15679105,0.043080494,-0.25761834,0.23073731,1,chr17:64922002:body_of_pancreas:0,FN,0
5.2308955,0.098592535,0.4248632,-0.7555479,0.23377182,-0.27483195,-0.41234323,0.53034854,0.4696269,-0.04771289,1,chr7:142521135:body_of_pancreas:1,TP,1
-3.1016955,0.8987414,-0.44039539,0.09421567,-0.45257926,-0.78867596,1.0512458,0.7105142,-0.5457709,0.089038104,0,chr6:39281600:Peyers_patch:0,TN,0
-2.9863503,0.0799405,-1.5932705,0.4823283,-1.1835401,-0.72675157,-0.16584466,-0.23399286,0.1480967,-0.13045247,1,chr7:100894790:thoracic_aorta:0,FN,0
-2.5827243,0.44617766,-0.37095845,0.4333758,-0.29570642,-0.17214309,0.5795738,0.3333548,-0.47885296,-0.500292,0,chr17:1011382:tibial_nerve:0,TN,0
-2.5481904,0.08171355,0.4426004,-1.1957744,0.55222064,0.6907523,-0.045353774,0.33330005,0.26841128,0.08439734,0,chr6:113909501:spleen:0,TN,0
-1.2398357,-2.7288058,-0.10500097,-0.62203497,-0.20354147,-0.019242534,-0.6365099,-0.61972076,0.06343531,0.010665314,1,chr12:104294234:thoracic_aorta:0,FN,0
-3.1773148,0.69718,-0.8462477,0.5181931,-0.2501641,-0.6359236,0.21146859,0.459297,0.09646558,-0.04793004,0,chr19:38336716:tibial_artery:0,TN,0
6.161287,-0.38117737,-0.16282196,0.27088574,0.57941806,-0.96186906,-0.06362656,-0.12488981,0.087661624,-0.52436656,1,chr12:8390645:gastrocnemius_medialis:0,TP,1
-3.392268,-0.15854266,-0.39556172,0.3310511,0.1874212,-1.0573802,-0.6274999,-0.54750586,0.18046741,0.25027806,0,chr2:171922611:tibial_nerve:0,TN,0
6.000722,0.4226834,-0.060889807,-0.10412818,0.31273735,-0.5799064,-0.46243924,0.12757678,-0.11098882,-0.002888669,1,chr6:31374359:esophagus_muscularis_mucosa:0,TP,1
-1.4605422,-1.1469091,-0.3848043,-1.1678357,0.9357354,-0.11710157,1.0743438,0.25363874,0.21144976,0.10786668,1,chr2:96580929:body_of_pancreas:0,FN,0
-1.2386794,-0.22467174,1.9357928,-0.6387634,0.18675306,-0.028476646,-0.40892538,-0.08922166,0.26094505,-0.36078057,0,chr5:109402654:body_of_pancreas:0,TN,0
-3.1763337,0.031618074,-0.17214395,-0.19478583,0.043713987,-1.0378542,0.61732775,-0.045979384,-0.31507313,-0.27218837,0,chr9:93097817:gastroesophageal_sphincter:0,TN,0
3.2498314,2.07421,0.0632194,-0.72939044,-0.32666826,0.37771913,-0.17580819,0.68303406,-0.36523277,-0.86682975,1,chr5:36530254:body_of_pancreas:0,TP,1
5.5563374,-0.5432861,-0.12907442,1.0951865,0.2531868,0.61506,0.37316403,-0.4308314,-0.3724278,-0.82436967,1,chr3:127748429:transverse_colon:0,TP,1
-2.619013,1.241792,0.23640881,0.31908125,1.0740026,0.27024174,0.46148714,-0.30181348,0.34921286,0.113036476,1,chr6:106223515:tibial_nerve:0,FN,0
-1.4465376,-0.94622195,1.1442606,-0.19309251,-0.26231965,0.16243757,-0.15011847,0.25343564,0.30166835,-0.6192983,0,chr7:114182:adrenal_gland:0,TN,0
-1.6987623,-1.9758275,1.1026096,-0.5832901,-0.12836006,-0.20788346,0.90859896,0.48560122,0.37581038,-0.7546737,1,chr10:104622830:adrenal_gland:0,FN,0
-0.69661057,-0.8527011,-0.24078907,-1.1689879,0.9264418,0.36680335,0.55966234,0.848582,0.38778287,0.061230972,1,chr1:160835143:upper_lobe_of_left_lung:0,FN,0
-2.0709534,0.8697662,-0.11740784,-0.06420614,0.7331999,1.0841302,-0.66318494,0.31969643,-0.51467997,0.10241496,1,chr7:121373197:body_of_pancreas:0,FN,0
-1.5879854,-1.3386445,0.32281044,-0.91144836,-0.54879093,0.09354228,-0.11637162,-0.46121746,-0.7196182,0.98602796,0,chr11:45252683:spleen:0,TN,0
0.50652874,-0.84911674,-1.5704806,0.28616625,-0.6005545,0.6061037,-0.03903738,-0.6894842,1.1265538,0.7674848,1,chr12:50283650:transverse_colon:1,TP,1
-1.5570682,-1.2669407,0.31712502,-1.0018902,0.10312807,0.73382,-0.8189479,0.112876035,-0.34980345,-0.7877101,0,chr8:2086978:adrenal_gland:0,TN,0
1.2950064,-0.37221986,-1.2747362,-1.5246847,-0.32261312,0.60666907,1.1962703,0.4460461,0.07620182,1.6562556,0,chr9:83219889:spleen:0,FP,1
5.534416,1.374139,0.23412856,-0.65056425,-0.115566574,-0.5906626,-0.5309001,-0.058578704,-0.05027775,-0.84182125,1,chr17:43360656:upper_lobe_of_left_lung:0,TP,1
-2.383356,-1.1858099,-0.40753812,-0.25622225,-0.179627,-0.46344787,0.2564936,-0.23427908,-0.4610272,0.3272809,1,chr7:48035359:upper_lobe_of_left_lung:0,FN,0
-2.346363,-0.6376347,-1.2614994,0.37411013,-0.8079312,-0.4318837,0.08750006,0.4350127,-0.020128375,-0.2961376,1,chr17:9225880:thoracic_aorta:0,FN,0
-3.129223,1.0558552,-0.6089054,-0.6349562,-0.10038135,-0.32428774,-0.784604,0.09207771,0.33146653,0.11226165,1,chr9:83219701:transverse_colon:0,FN,0
-3.0383573,-0.35046464,-0.023827078,0.060719684,1.316715,-0.068305604,-0.7639518,0.068482555,-0.019960491,-0.2522344,0,chr4:64585289:body_of_pancreas:0,TN,0
-2.3329349,-0.4250188,-0.22361095,0.026332503,0.5827283,-0.9964923,0.64022636,0.31399372,-0.1645394,-0.5079884,0,chr19:9435783:prostate_gland:0,TN,0
-2.9624233,2.5687172,0.103617266,0.9143657,0.91258454,0.13574179,0.3959055,0.4208058,-0.11954995,0.2558415,0,chr21:17270309:testis:0,TN,0
-0.4247829,-2.1038709,0.611714,-0.028306518,-0.39267638,-0.4956345,0.4184612,0.2197723,-0.677437,1.3539543,1,chr12:31252335:body_of_pancreas:0,FN,0
-3.4375165,0.7879484,-0.5984957,0.64886427,0.53071594,-0.9387759,-0.23114216,0.532394,0.32162184,0.26200995,1,chr9:97633155:Peyers_patch:0,FN,0
-2.7331188,-0.5402088,-1.4248034,0.2406639,-0.32806557,-1.250374,-0.1318705,0.16958876,0.38225523,0.24041837,0,chr17:57084963:spleen:0,TN,0
4.688691,3.0236764,0.36379516,-0.9719608,-0.7178983,-0.88774,-0.7595117,-0.01331318,-0.25904423,-0.44037232,1,chr14:106468932:body_of_pancreas:0,TP,1
-3.1648154,2.2023802,-0.21963651,0.7021461,0.5565865,0.24875842,-0.018520778,0.6115388,-0.2573811,0.26879978,0,chr4:103099623:prostate_gland:0,TN,0
-2.9863503,0.0799405,-1.5932705,0.4823283,-1.1835401,-0.72675157,-0.16584466,-0.23399286,0.1480967,-0.13045247,1,chr7:100894790:upper_lobe_of_left_lung:0,FN,0
-3.4833095,1.6563007,-0.24887374,0.30995286,-0.13903295,-0.807622,0.23218484,-0.030788522,-0.035430312,0.0021283624,0,chr12:5023012:thoracic_aorta:0,TN,0
-2.3257189,-1.5152355,-0.04573601,-1.0636116,-0.09571922,0.17734568,-0.553476,-0.0638365,-1.149437,-0.69195837,1,chr7:22550492:transverse_colon:1,FN,0
-2.8745925,0.39801696,2.1499357,0.55418843,-0.84011996,-0.07719936,-0.36483765,-0.14967145,0.14236677,0.22502238,0,chr5:69574308:body_of_pancreas:0,TN,0
0.8131207,-2.559672,0.8292085,-0.45914176,-0.7558346,0.82349634,-0.67246294,0.97030777,-1.5488429,0.15242659,1,chr7:22550431:esophagus_muscularis_mucosa:0,FN,0
2.715477,-0.37192333,1.2405683,-0.6663609,0.4095167,-0.31053823,0.42946815,-0.44640097,0.44504374,1.0336062,1,chr1:219089207:thoracic_aorta:0,TP,1
-3.0687442,-0.28637818,0.20063782,0.5122249,0.7217213,-0.48133755,-0.23350985,-0.18976535,-0.31346294,-0.13142599,0,chr10:95601649:prostate_gland:0,TN,0
-3.1938746,-0.6918034,-0.38483793,0.057745244,0.98741984,3.793009e-05,-0.8176878,0.1887329,-0.3524617,-0.2077294,1,chr1:235417411:sigmoid_colon:0,FN,0
-1.7501103,-0.9658943,-0.27004054,-0.08580042,1.7831899,0.09244456,0.2773129,-0.060754243,0.09161488,-0.19224945,0,chr1:208245885:thoracic_aorta:0,TN,0
-3.0877619,0.106862485,0.83338684,-0.1220863,-0.7531316,-0.43721828,0.17846547,0.08279917,0.15076,0.09740098,0,chr19:33143907:transverse_colon:0,TN,0
-2.683286,0.29803628,-0.26973063,0.22187191,0.21820726,-0.37169546,0.20779404,0.18783656,-0.47151232,-0.39405537,1,chr2:46818510:tibial_artery:0,FN,0
-2.4077396,0.43387374,1.5997081,0.576902,-0.3021882,0.24956998,0.15346353,0.14020778,0.76353174,-0.76410174,0,chr13:94334301:sigmoid_colon:0,TN,0
-0.18002427,-0.66097414,-0.40392944,-0.72694063,-1.6296055,1.3424054,-1.1271507,0.07771031,0.010061131,0.6889066,1,chr18:75856:transverse_colon:0,FN,0
0.01327725,-1.2992356,-0.6184783,-0.08161676,-0.5231232,0.6501767,0.69170296,0.593851,-0.5967517,0.6667787,0,chr3:197525948:esophagus_squamous_epithelium:0,TN,0
0.029166527,0.22777984,-0.09345365,-0.4266048,1.4818046,1.1579622,1.4587533,0.23798604,1.0934095,0.56687725,1,chr6:43386692:sigmoid_colon:0,FN,0
-2.5306063,-0.9730176,-1.4404113,0.84885764,-0.6283289,-1.1504449,-0.7855719,-0.2348095,0.34422898,0.28154653,0,chr10:110919871:esophagus_squamous_epithelium:0,TN,0
1.5178608,-2.928821,1.4437306,1.2707382,0.4485836,0.5551097,-1.3104903,2.1792276,1.0950907,-0.22656278,1,chr8:44636977:thyroid_gland:0,FN,0
-2.5481904,0.08171355,0.4426004,-1.1957744,0.55222064,0.6907523,-0.045353774,0.33330005,0.26841128,0.08439734,0,chr6:113909501:prostate_gland:0,TN,0
5.924679,-0.022997934,-0.35130408,-0.027036145,0.5316567,-1.0271573,0.24157207,0.01760986,-0.04158759,-0.41065115,1,chr9:129437253:gastroesophageal_sphincter:0,TP,1
-2.5185602,-0.79237384,0.69818044,-1.6228001,-0.1749036,-0.32045037,0.007188223,-0.53213185,0.08846223,-0.9991537,1,chr8:41651698:prostate_gland:1,FN,0
5.0001607,2.4299338,0.112596065,-1.1333759,-0.8511263,-0.49346232,-0.83222026,0.19864026,0.07112056,0.022388872,1,chr11:60251676:gastrocnemius_medialis:0,TP,1
5.331416,0.2332544,-0.52688926,-0.38382986,0.11840496,-0.9385978,0.34940562,-0.26833987,0.09218326,0.056272995,1,chr7:100949018:Peyers_patch:0,TP,1
5.5344157,1.3741401,0.23412864,-0.65056604,-0.115567006,-0.59066445,-0.53090125,-0.0585791,-0.0502782,-0.84181994,1,chr17:43360656:adrenal_gland:0,TP,1
6.0165586,0.22701114,-0.02848786,0.1167889,0.3353942,-0.4970746,-0.24670552,-0.12414217,-0.24212864,-0.16685353,1,chr8:13655256:body_of_pancreas:0,TP,1
5.742974,0.055788916,0.6449897,0.5696201,0.21192694,-0.19221602,-0.21942915,0.30394182,-0.13605782,0.70854527,1,chr17:22822734:adrenal_gland:0,TP,1
-3.2734761,1.4208164,-0.28315875,0.016786143,0.14912431,-0.35689938,0.39926562,0.5720581,-0.53653896,-0.04392826,1,chr10:80029434:upper_lobe_of_left_lung:0,FN,0
-3.0980802,1.6168237,-0.29092112,0.05131937,0.5736848,-0.10683475,0.15639581,0.5004779,-0.060424525,-0.00972565,0,chr14:75188648:upper_lobe_of_left_lung:0,TN,0
1.6783589,0.036713175,-0.71271884,-1.5551704,-0.014594851,0.2128853,1.2840234,1.168165,-0.3407889,0.52454364,1,chr14:90518894:prostate_gland:0,TP,1
-3.0262356,0.60622907,-0.041896276,-0.2561381,-0.2737777,-0.23115216,-0.035008386,-0.26290956,-0.40169734,-0.14115396,0,chr5:56270878:prostate_gland:0,TN,0
4.556201,-2.5517275,0.59174013,0.83016115,0.21120048,0.6687581,0.416319,0.42439315,-0.5736865,0.15891469,0,chr8:124751641:spleen:0,FP,1
-2.0337412,1.1311958,0.2847959,-0.57865846,1.1790526,1.0701679,0.770022,0.30966407,0.08379355,0.26382312,1,chr5:146662327:esophagus_muscularis_mucosa:0,FN,0
1.2347842,2.995824,0.33935896,-0.45424962,-1.5203665,0.81661856,-0.045851585,-0.12721281,0.14028348,0.1358929,0,chr12:8860732:body_of_pancreas:0,FP,1
0.029173482,0.22778022,-0.09345313,-0.42660266,1.4818051,1.1579622,1.4587576,0.23798487,1.0934106,0.5668769,1,chr6:43386692:tibial_nerve:0,FN,0
-3.347558,0.36739326,1.040824,-0.10823495,0.06987788,0.20555118,-0.6663841,0.064282864,0.330462,-0.49650514,1,chr8:10798926:adrenal_gland:0,FN,0
0.2922051,-2.5351262,-1.9494497,-0.30312818,-1.0919496,-0.46824595,0.91042435,-0.1358592,0.19393079,0.8967961,1,chr14:100828072:tibial_nerve:0,FN,0
4.0237393,-1.2576681,0.29063547,-0.44898587,0.16866727,0.038768794,0.0011721166,-0.00065835734,0.39618403,0.83196014,1,chr8:11480223:upper_lobe_of_left_lung:0,TP,1
-2.7809136,-0.1696642,-0.12302785,0.09952617,0.9452088,-0.51686615,0.41072175,-0.4991363,-0.6132725,-0.20840754,0,chr4:85370438:thoracic_aorta:0,TN,0
-0.92525876,-0.04960845,-0.64277196,0.7696881,-1.0447583,1.0465318,-0.18591776,-0.94203156,-0.12849723,-0.289991,0,chr4:74793795:esophagus_muscularis_mucosa:0,TN,0
4.346282,1.4713726,-0.4921785,-0.8602335,-0.20611411,0.09106545,-0.31823206,-0.36336923,-0.6554717,0.47125646,0,chr2:130454949:esophagus_squamous_epithelium:0,FP,1
-0.69661057,-0.8527011,-0.24078907,-1.1689879,0.9264418,0.36680335,0.55966234,0.848582,0.38778287,0.061230972,1,chr1:160835143:body_of_pancreas:0,FN,0
-2.695413,-0.27230865,0.009845699,-0.48646992,-0.32225567,0.33132145,-0.15978284,0.1577061,-0.007682268,-0.19254287,1,chr6:169655219:sigmoid_colon:0,FN,0
-0.18002427,-0.66097414,-0.40392944,-0.72694063,-1.6296055,1.3424054,-1.1271507,0.07771031,0.010061131,0.6889066,1,chr18:75856:prostate_gland:0,FN,0
5.300932,1.2806245,-0.24135669,-0.80012923,-0.34862924,-0.45036447,0.054972768,0.2953084,-0.0026031102,-0.2747354,1,chr8:38057123:Peyers_patch:0,TP,1
-1.1000326,-1.5988418,1.2607634,-0.34361348,0.7384668,0.067344256,0.4369695,-0.549154,0.71842915,0.5098709,0,chr1:178815081:body_of_pancreas:0,TN,0
-1.9237081,-1.287017,-1.2035776,0.7261158,-0.39006132,-0.2017383,0.14244235,0.33788952,0.19298717,0.14351593,0,chr19:17282639:sigmoid_colon:0,TN,0
-2.616065,-0.42258006,-1.4703977,0.7418808,-0.6236137,-0.93924004,-0.49166378,-0.33702883,0.103797,0.5708801,1,chr2:27211823:transverse_colon:0,FN,0
-3.3016276,0.58551073,-0.7434723,-0.051849473,0.13394552,-0.32344717,0.26800677,0.49499807,-0.1087335,0.44149095,0,chr20:25248927:body_of_pancreas:0,TN,0
5.0001607,2.4299338,0.11259613,-1.1333749,-0.8511259,-0.4934635,-0.83222115,0.19863893,0.07111908,0.022388479,1,chr11:60251676:gastroesophageal_sphincter:0,TP,1
-1.1417891,-2.9156642,0.5119495,-0.091241345,-0.2143994,-0.2228959,-0.41794798,0.56459635,-0.73301584,0.22223334,0,chr13:31161621:transverse_colon:0,TN,0
-2.375072,-0.078327365,-0.7099269,-0.36008835,-0.7348387,-0.17499997,0.74373287,0.3536709,-0.44913945,-0.27964666,0,chr20:50456100:body_of_pancreas:0,TN,0
-2.4027689,-0.8683214,0.08499219,1.2146611,-0.62151295,-0.7614765,-0.37878597,-0.1436705,0.08082687,0.52425706,0,chr9:66270738:transverse_colon:0,TN,0
-1.4041576,-0.2045656,-0.6868044,-0.05265399,1.1749626,0.40496927,1.0308623,0.42493254,0.14031047,1.1229608,0,chr20:22691781:Peyers_patch:0,TN,0
-3.4028182,0.8521508,0.32464758,-0.3537642,0.49808076,-0.37938422,0.113189094,0.098289885,-0.14749548,-0.20166126,0,chr1:232350159:esophagus_squamous_epithelium:0,TN,0
1.5114224,-0.79376245,-0.81140876,-0.19990495,-0.7472585,1.9020827,-1.0596287,-0.23692283,1.5017918,0.37094,1,chr2:196068383:gastroesophageal_sphincter:0,TP,1
-3.0123675,0.5032038,1.9778743,0.15740164,-1.053403,0.1316794,-0.51012224,-0.253939,-0.09177963,0.480636,0,chr6:125153644:suprapubic_skin:0,TN,0
-0.33552164,1.4017642,-1.1267323,0.7504757,-0.8112513,1.5346769,0.0073366356,-0.36915508,-0.7683919,-0.6384372,0,chr7:48139431:transverse_colon:0,TN,0
5.6115766,1.2073463,0.099057086,-0.8963103,-0.33509856,-0.6656288,-0.28531483,0.45317066,-0.0007790342,0.1687065,1,chr2:86221296:esophagus_muscularis_mucosa:0,TP,1
0.8131207,-2.559672,0.8292085,-0.45914176,-0.7558346,0.82349634,-0.67246294,0.97030777,-1.5488429,0.15242659,1,chr7:22550431:tibial_artery:0,FN,0
-1.0686225,0.48285335,1.4416935,0.08066626,-0.9901685,1.3303185,0.06355039,0.7887032,0.59215176,-0.5940062,1,chr7:35425098:body_of_pancreas:0,FN,0
-2.0724792,-0.13048975,0.9416807,-1.0005076,0.10670919,0.14850092,0.25522986,-0.670348,-0.6598882,0.10765465,1,chr8:52368898:Peyers_patch:0,FN,0
-0.7769434,-0.727994,0.044182394,-1.2549459,0.32619795,1.0590044,-0.12187914,-0.32714123,0.17375576,-0.71193516,0,chr6:37211009:body_of_pancreas:0,TN,0
-2.8491733,-0.17245279,-0.7966676,0.115160786,0.38841817,-0.41870156,-0.14479412,0.099121414,-0.014459545,0.2719845,0,chr11:78645452:tibial_artery:0,TN,0
-1.628699,0.47581577,-0.6224725,0.1972107,-0.10768979,0.2934138,0.28490284,0.21468952,0.3022496,-0.16685884,1,chr18:58124210:prostate_gland:0,FN,0
-2.2084076,-0.21580218,-0.3908318,-0.27247986,1.6819527,0.402699,-0.4029426,0.27072558,-0.068572536,-0.14888339,0,chr12:40099613:Peyers_patch:0,TN,0
-3.0166016,1.6383648,-0.49401784,0.5143433,-0.6623589,-0.6494118,0.17541653,0.20157547,-0.30841914,0.0016684212,0,chr8:42271986:transverse_colon:0,TN,0
-3.1363199,0.080773406,-0.075587995,0.08310234,0.40689313,-0.42702222,-0.5876381,-0.31326848,0.43141326,0.21200989,0,chr6:170554284:adrenal_gland:0,TN,0
-2.9760168,-0.5585287,-0.29132858,0.16533542,-0.040826842,-0.78095454,0.13468206,-0.21338427,-0.25294036,0.12639092,0,chr17:8080480:esophagus_squamous_epithelium:0,TN,0
-2.8998358,-0.7830849,-1.3759657,0.5455686,-0.28449774,-0.77578443,-1.1838853,-0.28920087,0.7645897,0.38244817,0,chr22:45164026:prostate_gland:0,TN,0
-3.086865,0.9456499,-0.6991151,0.4554031,1.1057153,-0.40499493,0.35587335,0.8698804,0.054458164,-0.050101582,0,chr9:99013823:spleen:0,TN,0
-1.4259974,-0.7042454,-0.71694016,0.3485664,0.4353072,1.2288471,-1.0136557,-1.1341302,-0.11403971,0.39942092,1,chr19:45427778:thoracic_aorta:1,FN,0
3.7954488,0.9323052,-0.06527419,-0.4570142,-0.44906017,0.84719145,0.47857955,0.0807637,0.3956119,-0.22749224,1,chr6:131199853:esophagus_squamous_epithelium:0,TP,1
-1.5879854,-1.3386445,0.32281044,-0.91144836,-0.54879093,0.09354228,-0.11637162,-0.46121746,-0.7196182,0.98602796,0,chr11:45252683:adrenal_gland:0,TN,0
-0.86197835,-0.222522,1.8950727,0.6329703,-0.15360484,0.4123751,0.041517057,-0.30707029,0.31002945,-0.0043606926,0,chr5:140596504:body_of_pancreas:0,TN,0
-3.1247067,-0.83624595,-1.3409607,0.394414,0.46337682,-0.8244642,-0.67975104,0.59854686,0.4673752,-0.017758634,0,chr21:26845000:esophagus_muscularis_mucosa:0,TN,0
4.2211604,-0.044184636,-0.47281924,-0.96007097,-0.021417871,-0.6842553,1.5736676,0.6792453,1.2009472,-0.07294587,1,chr10:47380850:body_of_pancreas:0,TP,1
-3.1938746,-0.6918034,-0.38483793,0.057745244,0.98741984,3.793009e-05,-0.8176878,0.1887329,-0.3524617,-0.2077294,0,chr1:235417411:omental_fat_pad:0,TN,0
5.6714764,-0.13392444,0.72877884,0.2321779,0.67745155,-0.34470215,-0.0930225,0.46286824,0.24346702,0.51091653,1,chr17:22856764:spleen:0,TP,1
-0.7414986,-2.1005065,0.3454664,-0.35734233,0.9548409,0.9903509,-0.49535462,-0.34481266,-1.4470139,0.76669633,0,chr7:47283555:transverse_colon:0,TN,0
-1.5759201,1.4159986,0.9327629,-1.0424836,0.5901667,0.6204201,-0.54392946,-0.6909514,0.14707175,-0.17411338,0,chr1:241896446:spleen:0,TN,0
5.447589,0.69146544,0.013947418,0.79178596,0.012190578,0.47925282,0.0013406842,-0.47386274,-0.585182,-0.43873456,1,chr13:103220859:thoracic_aorta:0,TP,1
5.90837,0.16492598,0.56623924,0.8208895,0.33191448,-0.61889803,-0.48854306,0.41082937,-0.2421341,0.62320435,1,chr3:75785547:thoracic_aorta:1,TP,1
-1.8741933,0.1413544,-1.0436502,-0.3366986,0.13124442,1.417377,0.09571789,0.92654735,0.22157459,-0.06888843,1,chr12:3658553:sigmoid_colon:0,FN,0
-1.3356668,-1.1982818,0.18929769,-1.234792,0.6548449,-0.30176795,1.112155,0.4013476,0.16819482,0.011092078,1,chr3:64140919:sigmoid_colon:0,FN,0
-3.1881716,1.12988,-1.3657136,0.56179637,-0.5256346,-0.5177188,-0.41074947,-0.3354999,0.56798166,0.71137077,0,chr8:28622353:prostate_gland:0,TN,0
1.9534248,1.6056579,-0.20229271,-0.107420966,0.740998,1.6143211,-0.67920256,-0.6338643,-0.13582571,0.123142764,1,chr2:57516866:thoracic_aorta:0,TP,1
-1.7842088,-1.9710044,0.8667784,-0.11320737,0.5468792,0.23225126,0.058318518,-0.24139231,0.2553767,0.113023356,0,chr8:26437717:Peyers_patch:0,TN,0
-1.4259974,-0.7042454,-0.71694016,0.3485664,0.4353072,1.2288471,-1.0136557,-1.1341302,-0.11403971,0.39942092,1,chr19:45427778:spleen:1,FN,0
3.2073278,-2.7508724,-0.7188721,0.32030493,0.078126036,1.1490333,-0.10391656,0.46568447,0.04803824,0.038208287,1,chr19:4352840:body_of_pancreas:0,TP,1
-2.458156,-1.4809351,1.5790906,-0.088490784,-0.49209744,-0.53896743,-0.5444322,0.2578557,-0.10808921,-0.44964468,0,chr10:25448452:body_of_pancreas:0,TN,0
-2.9558966,-0.2843263,-0.70631117,-0.23832816,-0.4476742,-0.10182203,-0.2656196,0.01252191,-0.29570806,-0.33371916,0,chr19:295227:suprapubic_skin:0,TN,0
-1.7476504,0.0597421,-0.1423377,-0.18459167,1.1009434,0.24898459,0.097244054,0.35486588,0.027809892,-0.38275945,0,chr3:133041374:sigmoid_colon:0,TN,0
-2.8444295,0.38281307,0.13142061,0.26967332,1.2477683,0.05486889,-0.2114969,-0.7048392,0.19716968,0.3053497,0,chr8:135466311:body_of_pancreas:0,TN,0
-2.5390296,0.19776091,-0.36094606,0.07937879,1.255769,-0.8403444,0.14791153,0.5227555,0.260191,0.16639125,0,chr4:10582403:suprapubic_skin:0,TN,0
5.9735203,0.5020509,-0.173994,-0.18931183,-0.0799431,-0.5121276,-0.11548976,0.04540676,-0.081758656,-0.6861036,1,chr9:61668518:suprapubic_skin:0,TP,1
0.28816882,-0.6299956,1.7135265,-0.257304,0.935954,-0.22436997,0.50176764,-1.2168412,0.79108334,0.4711352,0,chr3:172995986:body_of_pancreas:0,TN,0
-2.697693,-0.95403624,-0.7341857,0.22385007,-1.2554682,-0.24802952,-0.50325614,0.16723776,0.19422376,-0.4117667,0,chr15:52180075:prostate_gland:0,TN,0
1.4653256,1.1687585,0.58797866,-0.9275581,-0.04160889,0.69730926,0.37267917,0.3917551,1.35283,-0.086209804,0,chr17:9402852:suprapubic_skin:0,FP,1
5.742974,0.05578892,0.6449893,0.56962043,0.21192686,-0.19221592,-0.21942858,0.30394247,-0.1360575,0.7085448,1,chr17:22822734:prostate_gland:0,TP,1
-3.682211,1.5639467,-0.29455042,0.6557276,0.118491165,-0.7711263,-0.30073753,-0.018988706,-0.13530664,-0.09267473,0,chr6:148358415:tibial_nerve:0,TN,0
-3.4375165,0.7879484,-0.5984957,0.64886427,0.53071594,-0.9387759,-0.23114216,0.532394,0.32162184,0.26200995,1,chr9:97633155:transverse_colon:0,FN,0
5.7941003,-0.1328431,-0.29934603,0.90468794,0.040933806,-0.019758686,0.13468134,-0.6212255,-0.7096135,-0.36733505,1,chr1:91927306:tibial_artery:0,TP,1
-3.2258484,0.25600123,-0.83401984,0.116985254,-0.5983386,-0.13427252,-0.73577636,0.13508303,-0.04976092,-0.05547187,0,chr5:14264919:transverse_colon:0,TN,0
0.91291064,-0.5720798,0.67498076,0.32308197,-0.79662544,0.18186268,1.1689761,-0.8410288,-0.3054284,0.8090861,0,chr4:762256:body_of_pancreas:0,FP,1
-0.71557766,0.92745805,2.4955823,0.9428087,-1.3933265,0.016345194,-0.13981499,0.35850585,0.51808137,0.2000127,1,chr2:92401043:spleen:0,FN,0
0.42021385,0.0366062,-1.0388012,-1.0087304,-0.50049967,0.1256131,-0.8234392,-1.0386984,0.44729957,0.84841937,0,chr7:12211199:prostate_gland:0,FP,1
1.2879661,-0.89289874,1.0401629,2.2577496,-0.65125453,0.14227702,0.037290633,0.6993544,0.11866907,0.0004265124,0,chr17:40819075:upper_lobe_of_left_lung:0,FP,1
-1.8577484,2.8981152,0.6834508,1.1760155,0.4429372,-0.25700274,0.556719,-0.530888,0.57149523,-0.13183215,0,chr2:82234582:body_of_pancreas:0,TN,0
-0.18002427,-0.66097414,-0.40392944,-0.72694063,-1.6296055,1.3424054,-1.1271507,0.07771031,0.010061131,0.6889066,1,chr18:75856:body_of_pancreas:0,FN,0
-2.1230066,-0.6346567,-0.8672635,0.64794075,-0.12840426,-0.45923108,1.1524662,0.53286934,-0.8531889,-0.04327423,1,chr1:34825350:body_of_pancreas:0,FN,0
-2.4603155,-0.90213877,-1.7090555,0.09969565,-0.93478596,-0.2063213,-0.07099174,0.63706553,0.64677995,0.14761241,0,chr2:130797907:esophagus_muscularis_mucosa:0,TN,0
3.825393,1.2282687,0.3030464,-0.52618426,0.31022504,0.31827775,-0.2295836,-0.46852404,-0.22321993,1.0208561,0,chr9:101832744:Peyers_patch:0,FP,1
-2.2081192,-1.2215469,0.5608028,-0.8121404,-0.8821353,0.23254733,0.4655225,0.24458331,0.12821865,-0.8197662,0,chr7:3165746:body_of_pancreas:0,TN,0
-1.8414,-0.38500684,0.09360003,-1.3332208,-0.6097135,1.1284772,0.30371508,0.26778582,-0.45045125,0.20961328,0,chr6:29738272:adrenal_gland:0,TN,0
-2.714341,0.89467686,0.119372316,-0.9525578,-0.918085,-0.024600148,0.07432057,-0.041021414,-0.14632274,-0.5288948,0,chr9:67727077:transverse_colon:0,TN,0
-2.829601,1.2823318,-0.6075028,0.46817225,0.49396977,-0.07507484,-0.5387913,0.049565285,0.28511566,0.3164596,0,chr15:96356597:tibial_nerve:0,TN,0
-3.032373,-0.10712923,-1.6440002,0.29200092,-0.33693787,0.0177894,-0.28929788,0.15686457,0.46483913,0.28521386,1,chr19:35248016:body_of_pancreas:0,FN,0
-0.6183882,1.5199441,2.4352052,1.5754585,-1.610299,0.2090711,-0.111557394,0.5186363,0.9050758,0.04424608,1,chr20:28507029:testis:0,FN,0
-3.1292217,1.0558586,-0.60890603,-0.63495845,-0.100382626,-0.32428724,-0.7846039,0.092077486,0.33146712,0.11226259,1,chr9:83219701:tibial_nerve:0,FN,0
0.065373234,-1.0429429,0.19172812,-1.1035177,1.1097434,0.4685813,0.024987468,-0.16469516,0.36097023,-0.006083403,0,chr14:93178276:sigmoid_colon:0,TN,0
3.062813,1.3779409,-0.59181106,-0.24939418,0.7339549,1.1247003,0.24827938,-0.4686822,-0.44550124,0.364782,0,chr6:53484981:Peyers_patch:0,FP,1
5.95021,0.6214117,-0.14433944,-0.26082906,0.0047147525,-0.66698486,-0.29871696,0.07650254,-0.3007979,-0.40283605,1,chr8:38060291:upper_lobe_of_left_lung:0,TP,1
-3.0366886,2.9018874,-0.020901885,0.101198986,0.255589,0.22933352,-0.058168,0.6500996,0.19889331,-0.2390478,1,chr9:127348292:transverse_colon:0,FN,0
-1.8281732,1.1214592,-0.42517734,-0.25687262,-1.0839262,0.6408724,0.33150625,-0.20977557,0.09627117,-0.46599331,0,chr1:204128730:sigmoid_colon:0,TN,0
-2.9082756,-0.23039119,0.7719538,-0.3866002,0.14420146,-0.27407756,0.28452078,-0.650264,-0.3221701,-0.22160968,0,chr8:54166504:Peyers_patch:0,TN,0
-2.1857238,1.3237636,-0.6309695,0.15510139,0.084724106,0.34250236,-0.31659093,0.5778086,0.013754282,-0.42592153,1,chr21:36929924:body_of_pancreas:0,FN,0
-2.4772391,0.40399274,-0.3606561,0.6855575,1.0505263,0.21931076,-0.3987835,-0.61944675,0.33791977,0.19621246,0,chr3:113913036:transverse_colon:0,TN,0
-0.36696523,-2.4967182,1.3407865,-0.52193165,0.9658271,0.18425772,0.16541348,-0.6318875,0.5754365,0.26217803,1,chr7:64909835:body_of_pancreas:0,FN,0
5.4376097,-0.59811294,-0.26138514,1.2291099,0.16397358,0.1616654,0.78124523,-0.9241033,-0.4497135,-0.745366,1,chr7:73725711:prostate_gland:0,TP,1
0.8131285,-2.5596719,0.82920533,-0.45914316,-0.755834,0.8234966,-0.6724634,0.97030616,-1.5488443,0.15242755,1,chr7:22550431:transverse_colon:1,FN,0
-1.3145645,-0.90428036,-1.0622118,-0.52320313,-0.71513176,-0.55371433,0.8695275,0.25841802,-0.1356765,0.0061238394,0,chr17:77417984:upper_lobe_of_left_lung:0,TN,0
-3.0178766,1.1136509,-0.36292094,0.19436239,1.0262271,0.32887256,0.122947596,1.3478009,-0.22019862,0.14645644,0,chr12:90960030:thoracic_aorta:0,TN,0
-1.4259974,-0.7042454,-0.71694016,0.3485664,0.4353072,1.2288471,-1.0136557,-1.1341302,-0.11403971,0.39942092,1,chr19:45427778:transverse_colon:1,FN,0
-2.3717744,-0.043435115,0.16612403,0.3148766,0.9754302,0.0945214,0.015208201,-0.6998212,-0.009652003,0.10990334,0,chr20:44867967:esophagus_muscularis_mucosa:0,TN,0
-1.3199363,-1.0676706,1.8020555,0.96050924,-0.41752487,0.2942545,-0.11902309,-0.004270565,-0.1609532,0.22781336,1,chr8:38079885:body_of_pancreas:0,FN,0
-2.5742245,2.283384,-0.42667994,-0.3614815,0.48870295,0.06672223,0.1359161,0.37985831,0.05080656,0.3542368,1,chr5:158014121:prostate_gland:0,FN,0
-2.7764995,0.29109123,2.1875415,-0.64597595,-0.19977827,-0.26118758,0.29639447,-0.69394994,0.36455372,-0.6053787,0,chr2:18431017:body_of_pancreas:0,TN,0
-1.626136,1.6037055,1.8223449,0.4223845,-0.12914857,0.22687897,0.72902346,0.45831892,-0.16990843,0.22278544,0,chr3:180803011:prostate_gland:0,TN,0
-1.4629493,-1.8944203,1.0029781,-1.3517815,0.9040061,-0.18301414,0.3209027,-0.29228002,-0.12375931,0.37756914,0,chr10:103577536:body_of_pancreas:0,TN,0
-1.8257098,-1.7073679,-0.69442433,0.2875867,-0.6000656,0.40755314,-0.67402846,-0.24557248,-0.53559333,-0.09408418,0,chr14:20971524:esophagus_muscularis_mucosa:0,TN,0
-2.8495142,1.3396899,-0.10639356,0.709698,0.98423827,-0.4382766,0.011856331,-0.0047027925,0.11539013,-0.06067436,0,chr6:13397911:transverse_colon:1,TN,0
-3.0866563,-0.45902658,1.862825,0.48890236,-0.9397381,-0.08116282,0.0074277893,0.21397275,0.33431795,-0.44615442,1,chr6:36701731:transverse_colon:0,FN,0
-2.3799112,-0.8779,-1.2031667,-0.4877527,-0.648651,-0.5803314,-0.29854143,-0.11480466,0.1604856,-0.22687733,1,chr10:124389233:prostate_gland:0,FN,0
4.785508,-1.6351749,-1.3223685,0.4813498,-0.2503586,0.24980092,1.1082832,-0.36837253,0.05737004,-1.3049937,1,chr12:47942527:body_of_pancreas:0,TP,1
-2.075182,2.2268336,1.7561625,0.8685167,-1.6827167,0.027290905,0.41508362,-0.35945478,0.53852695,-0.31850472,0,chr14:93907255:thoracic_aorta:0,TN,0
-2.695413,-0.27230865,0.009845699,-0.48646992,-0.32225567,0.33132145,-0.15978284,0.1577061,-0.007682268,-0.19254287,1,chr6:169655219:prostate_gland:0,FN,0
-1.7357906,0.06691009,1.297434,0.9392273,-0.84238386,0.08313069,0.43921092,-0.06267526,0.02729982,-0.31258118,0,chr12:121494060:upper_lobe_of_left_lung:0,TN,0
-1.8257098,-1.7073679,-0.69442433,0.2875867,-0.6000656,0.40755314,-0.67402846,-0.24557248,-0.53559333,-0.09408418,0,chr14:20971524:omental_fat_pad:0,TN,0
3.4781358,2.6612382,0.03810528,-1.0954533,-0.014445361,0.94134027,-0.6921144,-0.17478618,0.13204616,0.49509618,1,chr8:76367949:transverse_colon:0,TP,1
1.6783589,0.036713175,-0.71271884,-1.5551704,-0.014594851,0.2128853,1.2840234,1.168165,-0.3407889,0.52454364,1,chr14:90518894:transverse_colon:0,TP,1
-3.0674694,0.17241329,-0.50042605,0.11922231,-0.2419244,-0.4217467,0.3381084,0.5798213,-0.44785455,0.5450384,0,chr14:35403719:upper_lobe_of_left_lung:0,TN,0
-2.2575483,1.3165054,1.5353485,-0.034125123,-1.000456,0.5571171,0.11850163,-0.4503016,0.03727434,0.14859268,0,chr7:47266370:thoracic_aorta:0,TN,0
0.123075515,-0.70317614,0.92080593,-0.8607162,1.004431,-0.1630093,0.82563597,0.4482217,0.058564283,0.28549814,0,chr9:73183930:adrenal_gland:0,TN,0
-3.448524,-0.84563345,0.77117133,-0.31793255,0.44057536,-0.45699263,-0.18570799,-0.09862648,0.051663548,-0.5532356,0,chr10:21278635:spleen:0,TN,0
-0.26076442,0.8066485,-0.28361335,0.5566174,1.0325468,0.50668687,0.56291753,-0.12556165,0.8257263,-0.09733875,0,chr7:6323189:testis:0,TN,0
4.4222674,1.4747432,-0.58119047,-0.9361484,0.008045854,0.36822218,-0.6684366,0.24295966,-0.39504611,-0.049868863,1,chr5:125412930:body_of_pancreas:0,TP,1
-2.484299,0.94913644,1.4464159,0.48742244,-0.56374884,-0.16202067,0.24566193,-0.5307678,0.5440531,-0.035463575,1,chr6:137697537:body_of_pancreas:0,FN,0
5.869793,0.73409647,0.10714208,-0.3075676,0.09448482,-0.6515106,-0.5145497,-0.02050842,-0.1789276,0.4774937,1,chr12:11071492:body_of_pancreas:0,TP,1
5.929857,-0.2756206,0.51088774,0.5621674,0.5603541,-0.1953402,-0.28742012,0.20371814,0.07295337,0.6483828,1,chr17:22909996:adrenal_gland:0,TP,1
-2.3296547,-2.144157,0.067386605,0.63412255,-0.1132229,-1.1538502,-0.7500579,0.3458279,-0.72802794,0.39991456,0,chr9:111897362:transverse_colon:0,TN,0
-1.9730343,1.7416047,2.215674,0.9001965,-1.728285,0.21891682,-0.06451342,-0.23429172,0.44903204,0.3981284,0,chr19:48267435:prostate_gland:0,TN,0
-2.037051,0.26042527,1.9430908,1.2153151,-1.1665092,0.10268129,0.61438966,-0.45689997,-0.26032925,0.53234243,1,chr16:4548780:spleen:1,FN,0
-2.4233875,-0.32780272,1.3024117,-0.19416048,-0.5077753,0.62687105,-0.2768325,-0.53894377,0.5172386,-0.47959974,0,chr1:31423083:transverse_colon:0,TN,0
-2.7744715,-0.09521844,-0.64926434,-0.14937472,0.19273491,0.084090605,-1.0468537,-0.44850534,1.0553446,0.39633578,0,chr20:49278663:testis:0,TN,0
-1.1763368,0.010370133,1.4348466,0.8008386,-0.5380173,0.021089684,0.29147092,-0.32829565,0.040932115,0.79224616,0,chr14:40292168:body_of_pancreas:0,TN,0
1.2950064,-0.37221986,-1.2747362,-1.5246847,-0.32261312,0.60666907,1.1962703,0.4460461,0.07620182,1.6562556,1,chr9:83219889:testis:0,TP,1
2.2637594,2.0564857,-0.10769281,-1.6747831,-0.78086096,0.9923321,0.056536518,0.5545605,-0.12834118,0.48835084,0,chr9:19029106:prostate_gland:0,FP,1
-3.656631,2.0630457,-0.39239293,0.4281088,0.46180502,-0.2704987,0.08346772,0.4584177,-0.54605526,0.1404355,0,chr12:114508482:tibial_artery:0,TN,0
-3.402042,0.75625306,-0.43118075,0.16361159,-0.20590451,-0.52884537,-0.37471732,0.055819556,-0.2949382,-0.12480397,0,chr6:7238862:thoracic_aorta:0,TN,0
0.50652874,-0.84911674,-1.5704806,0.28616625,-0.6005545,0.6061037,-0.03903738,-0.6894842,1.1265538,0.7674848,1,chr12:50283650:upper_lobe_of_left_lung:0,TP,1
5.7531967,0.36722806,-0.48441768,-0.3102987,-0.051448237,-0.1280922,-0.23108132,-0.06574609,-0.1268892,-0.06456483,1,chr12:121918386:gastroesophageal_sphincter:0,TP,1
0.9335062,-0.38388187,0.6802922,-0.36500573,0.81524694,-0.118117414,-0.24014951,-0.5620623,0.14698794,-0.07730669,0,chr18:3998780:upper_lobe_of_left_lung:0,FP,1
-1.9947542,0.66028374,-0.043179963,-0.018215878,1.4152467,0.48600033,0.48649225,0.00934976,-0.18204096,0.3043745,0,chr2:196249975:upper_lobe_of_left_lung:0,TN,0
-3.5680535,0.92135,-0.6754059,0.8418125,0.05376923,-0.803766,-0.51076937,-0.46342465,0.12804131,0.18253575,0,chr11:8225583:tibial_artery:0,TN,0
0.26492524,-3.4450815,0.91110754,-1.800087,0.77039254,0.3408449,-0.5830501,0.03768395,-0.5285827,0.5595387,0,chr17:37397955:gastrocnemius_medialis:0,TN,0
-3.0869017,0.94837064,-0.24968751,0.4134343,-0.017473811,0.01230677,0.06722796,0.27238083,-0.3562801,0.07455291,1,chr1:10507600:spleen:0,FN,0
1.2657518,-1.4104632,-1.2312999,0.6650666,-1.0937841,0.65790105,-0.42577615,-0.4591586,0.06830503,-0.5286428,1,chr1:904530:spleen:0,TP,1
-0.5135248,-1.3884407,-0.77125734,-0.908533,1.0977772,0.14259511,0.5273057,0.025650756,-0.037674468,0.41030195,0,chr5:140237023:upper_lobe_of_left_lung:0,TN,0
-1.447131,1.3192828,-0.7174566,-0.779776,-1.0559661,0.704588,-0.05566211,0.23717579,0.31239542,-0.35815212,0,chr17:30340560:tibial_artery:0,TN,0
-1.3148474,-1.4182409,-1.897103,0.2486188,-0.87597877,-0.37466815,-0.070168234,-0.5246495,-0.039125405,0.115567595,0,chr20:728474:esophagus_squamous_epithelium:0,TN,0
-3.2938988,0.86429864,-0.38975787,-0.2914717,0.30525267,0.04290625,0.15137644,-0.024585921,0.12104667,-0.050295692,0,chr17:66737619:upper_lobe_of_left_lung:0,TN,0
-3.0155947,-0.3870982,1.3542602,0.05162413,-0.49022928,-0.56397355,0.5603355,-0.5644237,0.028042255,-0.32671884,0,chr3:10739319:sigmoid_colon:0,TN,0
-3.1363199,0.080773406,-0.075587995,0.08310234,0.40689313,-0.42702222,-0.5876381,-0.31326848,0.43141326,0.21200989,0,chr6:170554284:tibial_artery:0,TN,0
-2.5197203,1.6697773,2.1024153,1.2977948,-1.7559404,-0.14592837,-0.057405923,0.05450284,0.1100936,0.031792257,1,chr9:66805309:body_of_pancreas:0,FN,0
-3.133793,0.7795467,0.054950874,-0.38928044,1.1415433,0.30634353,-0.41535082,0.39543042,-0.3399671,-0.24991204,1,chr15:21284342:Peyers_patch:0,FN,0
-2.8344786,-0.50204545,-0.8578213,0.16864438,-1.1231774,-0.62948453,-0.27851453,0.5983843,-0.7334406,-0.26390994,1,chr4:1752766:body_of_pancreas:0,FN,0
-2.3467333,0.80084944,-0.71641153,-0.9586303,-0.79064924,0.08726109,-0.8529949,-0.428819,0.5509676,0.6119877,1,chr1:179365922:body_of_pancreas:0,FN,0
1.4731375,0.91313493,-0.4111997,-1.1225032,-0.91800773,0.5341668,1.3851379,0.06597004,-0.27681583,0.6539847,0,chr3:36957263:transverse_colon:0,FP,1
-2.4990308,-0.18429025,0.05060505,-0.21137659,0.4592029,0.44788036,0.0088396715,-0.393994,-0.6037489,-0.41532233,0,chr12:20377162:Peyers_patch:0,TN,0
-0.51095927,-0.5401049,-0.14398985,0.06488001,0.43239415,1.3539152,-0.19038168,0.72600394,-0.0944742,-0.36216363,0,chr10:1715744:body_of_pancreas:0,TN,0
-2.256712,-0.33997247,0.33361205,-1.3510774,0.5518077,0.10918778,0.52325964,0.76022154,0.40340066,-0.06954666,0,chr7:144362043:prostate_gland:0,TN,0
5.8261676,-0.0861258,-0.28474253,-0.2653571,0.547588,-0.974813,0.09783557,0.08567891,-0.07205393,-0.44432035,0,chr9:129437460:body_of_pancreas:0,FP,1
5.445553,-0.15875404,0.33294854,0.52991295,0.43650472,0.18216196,-0.0771057,-0.3543891,-0.19147088,0.13036026,1,chr14:30690707:Peyers_patch:0,TP,1
5.445553,-0.15875404,0.33294854,0.52991295,0.43650472,0.18216196,-0.0771057,-0.3543891,-0.19147088,0.13036026,1,chr14:30690707:body_of_pancreas:0,TP,1
0.029166527,0.22777984,-0.09345365,-0.4266048,1.4818046,1.1579622,1.4587533,0.23798604,1.0934095,0.56687725,1,chr6:43386692:esophagus_muscularis_mucosa:0,FN,0
5.929857,-0.2756206,0.51088834,0.5621675,0.56035453,-0.19533886,-0.28741986,0.20371899,0.07295325,0.6483816,1,chr17:22909996:gastroesophageal_sphincter:0,TP,1
-3.2089398,0.8508713,-0.28660703,0.18604901,0.08359157,-0.7092872,-0.099753946,-0.24710202,0.07128281,-0.25643024,0,chr2:20614822:tibial_artery:0,TN,0
4.422265,1.4747434,-0.5811915,-0.93614835,0.00804539,0.36822534,-0.6684364,0.24295996,-0.3950462,-0.04986775,1,chr5:125412930:Peyers_patch:0,TP,1
-2.699269,-1.1666021,-1.105193,0.07942666,-0.18674779,-0.45180282,-0.3999828,-0.11750299,0.5079036,-0.114497796,0,chr19:35717320:adrenal_gland:0,TN,0
-2.8914695,0.4713155,-0.42685017,0.5058485,0.93419385,0.030670028,-0.3822297,0.338154,-0.117470816,-0.24831593,0,chr4:111283097:upper_lobe_of_left_lung:0,TN,0
2.9353502,-0.49598816,1.380896,-0.98416317,-0.36079878,-0.010180158,-0.14601041,0.46007586,1.2306882,-0.52924937,1,chr17:81176879:upper_lobe_of_left_lung:0,TP,1
-3.0014207,0.9209965,0.093898304,0.44155574,0.70350975,-0.70372075,-0.03395135,0.44323325,-0.14991607,-0.27716434,0,chr3:160810356:tibial_artery:0,TN,0
2.4802392,-2.5789173,-2.4609015,0.1586981,-0.051949665,-0.085198715,1.6894397,-0.11253777,1.0876758,0.36856338,1,chr6:151390284:tibial_nerve:0,TP,1
-1.7693012,0.10795919,-0.19736417,-0.88685125,-0.090399876,0.58307534,-0.040481552,0.44840392,-0.29989055,-0.26902643,0,chr20:33262841:spleen:0,TN,0
-2.711971,-1.1281792,0.6621012,0.6926006,-0.12718946,-0.9515651,0.058322214,0.04469721,-0.82534057,0.013104233,0,chr12:3873054:body_of_pancreas:0,TN,0
-2.4078982,0.21171968,1.8853747,-0.11142137,-0.18691957,0.48072258,-0.17808442,-0.5547943,0.22782554,-0.27019176,0,chr20:52889594:body_of_pancreas:0,TN,0
-3.5709734,2.5599704,-0.034925804,0.3236478,0.31226957,-0.060236245,0.06551314,0.6402146,0.04344527,0.118382625,0,chr8:73312756:prostate_gland:0,TN,0
1.2833824,-0.04691675,0.00676499,-1.6089927,-0.56162506,0.77768385,0.15794587,-0.24805209,0.66201746,0.6477256,1,chr16:3131961:spleen:0,TP,1
-2.2081432,1.6461161,-0.99922824,0.37244207,-1.7916226,0.7102704,-0.043035362,-0.44846088,-0.036684703,0.020742023,0,chr16:67816625:thyroid_gland:0,TN,0
5.989569,-0.7897752,0.32596633,1.2273084,0.39534476,-0.13948795,-0.1478913,0.17004664,-0.79989505,0.14084174,1,chr17:71610481:thyroid_gland:0,TP,1
-0.28911346,-1.8658358,-0.7517376,0.8630925,0.5331547,0.0153902,0.061400287,0.32413536,-0.0467909,-0.007035079,1,chr7:155337481:body_of_pancreas:0,FN,0
3.328324,2.1680043,-0.6866437,-0.8172316,-1.1304309,0.59523565,-0.5552186,-0.15981573,0.210762,-0.010928829,0,chr1:16741091:adrenal_gland:0,FP,1
-3.0175545,0.9453625,1.9425448,0.26493108,-0.8881944,0.30581594,0.08264932,0.20180835,0.62476426,-0.743263,0,chr3:187320455:body_of_pancreas:0,TN,0
-1.7165211,1.2698967,1.7099968,0.6589733,-1.692343,0.6361436,0.12825847,0.09333791,0.2741993,-0.005260273,0,chr16:84506497:tibial_artery:0,TN,0
3.711544,-0.8469448,0.16837397,0.8106393,-0.3383663,0.6295441,0.7084029,0.46816757,-0.14500728,-0.21344173,1,chr7:155190614:tibial_artery:0,TP,1
1.5936714,2.7955513,-0.11877896,-0.71755224,0.42392498,1.4260086,0.7977084,0.49376446,-0.2397039,0.7560144,1,chr15:26037526:transverse_colon:0,TP,1
-0.97447956,1.5874821,-0.20914039,0.26871568,0.78191507,0.90553904,-0.06383474,-0.20097524,-0.17787457,0.2704241,0,chr1:167600210:Peyers_patch:0,TN,0
3.9190178,-1.3938398,-0.0057463227,0.24843137,0.6877575,-0.06611877,-0.055808254,0.0632261,0.28964007,0.53031385,0,chr4:184250991:upper_lobe_of_left_lung:0,FP,1
5.491511,-0.6815751,0.12002291,0.12404071,0.30475864,0.40818793,-0.47368443,0.45202333,0.45379484,-1.0447093,1,chr17:43360554:adrenal_gland:0,TP,1
5.829736,-0.35303006,0.07216303,1.207473,0.6273116,0.077752195,0.18868035,-0.50025856,-0.44161603,0.07755887,1,chr9:8934493:prostate_gland:0,TP,1
5.924679,-0.022997934,-0.35130408,-0.027036145,0.5316567,-1.0271573,0.24157207,0.01760986,-0.04158759,-0.41065115,1,chr9:129437253:body_of_pancreas:0,TP,1
-3.1459782,1.0281302,-0.27040786,0.3057054,-0.3840742,-0.35068265,0.0037365376,0.20990148,-0.60837775,-0.33775005,0,chr7:100270788:body_of_pancreas:0,TN,0
-2.1249237,-0.30106956,1.7594446,-0.15628615,0.1497361,-0.6196439,-0.059824497,-0.827898,0.122171804,0.5078311,0,chr6:46568677:body_of_pancreas:0,TN,0
-2.278326,0.48600724,-1.4014567,0.43569177,0.0760457,-0.34028372,-0.08168178,-0.2573378,0.21373163,-0.40425184,0,chr8:22164420:upper_lobe_of_left_lung:0,TN,0
-2.9206636,-0.6166531,-1.2438768,0.5094213,-0.5432853,-0.8282395,-0.6504391,-0.33650357,0.5078741,-0.05309705,1,chr1:26921783:upper_lobe_of_left_lung:0,FN,0
-1.7216687,-1.6246431,0.1745068,-1.0424851,0.089246936,-0.3204344,-0.11429062,-0.71232474,0.19307704,0.031102348,0,chr10:70559265:body_of_pancreas:0,TN,0
-3.4322157,1.808542,-0.037358645,0.5132037,0.5539986,-0.40743023,-0.2708639,0.061509047,-0.041157693,-0.06558858,0,chr8:61096253:sigmoid_colon:0,TN,0
-1.6969179,-1.9056815,1.8742639,-0.57015836,-0.17796852,-0.3603147,0.12870753,-0.30037695,0.0628721,0.041688927,0,chr19:32364961:upper_lobe_of_left_lung:0,TN,0
5.3165665,-0.45359242,0.100989364,1.5008224,0.29122415,0.3034612,0.3777937,-0.57491285,-0.6639853,-0.63938814,0,chr2:47323106:transverse_colon:0,FP,1
3.5352757,-0.4114322,-0.18139288,0.606999,0.11592798,1.1317446,0.4469663,-0.8270614,-0.8132205,0.5049567,1,chr12:48753691:esophagus_muscularis_mucosa:0,TP,1
3.9189148,-0.36549592,-0.2100392,-0.86542016,0.2171006,1.1230848,-0.7313168,-0.8392521,-0.09453949,0.33449998,0,chr4:108572789:tibial_nerve:0,FP,1
-3.3288884,-0.9370221,0.10149449,-0.123550616,-0.10578893,-0.87471753,-0.13313672,-0.24665274,-0.6934466,-0.23979855,0,chr10:119417180:body_of_pancreas:0,TN,0
-3.1648154,2.2023802,-0.21963651,0.7021461,0.5565865,0.24875842,-0.018520778,0.6115388,-0.2573811,0.26879978,0,chr4:103099623:adrenal_gland:0,TN,0
4.3117065,-0.58586067,-1.3723888,-0.34096608,-0.706293,-0.28161323,0.3677069,-0.60321856,0.4724154,-0.60467625,0,chr10:78303516:transverse_colon:0,FP,1
4.8168225,-1.305213,1.3318447,1.1662725,0.33977208,-0.064566456,-0.5175201,1.1558987,-0.10889935,1.0369567,1,chr17:25564506:body_of_pancreas:0,TP,1
-1.6652565,-1.515563,-1.6921284,0.49035564,-0.7867692,-1.1042101,0.111737214,0.11927346,0.07748409,-0.44310075,1,chr8:28701937:gastrocnemius_medialis:0,FN,0
4.9252167,0.2734285,-0.5127063,-0.19843629,-0.56375283,0.41301808,0.24570882,-0.08656678,-0.24919564,-1.0076967,1,chr14:23988708:body_of_pancreas:0,TP,1
3.1108682,-0.9449776,0.032990936,-0.39357644,0.60998887,-1.1105124,0.9217956,-0.7660152,1.6622251,-1.5946696,0,chr21:7237416:transverse_colon:0,FP,1
-3.034664,-0.10835103,-0.9784286,-0.38618478,-0.55540437,-0.60794127,-0.33407345,0.14100412,0.40728787,-0.09062684,0,chr1:120558835:prostate_gland:0,TN,0
-2.3717744,-0.043435115,0.16612403,0.3148766,0.9754302,0.0945214,0.015208201,-0.6998212,-0.009652003,0.10990334,0,chr20:44867967:adrenal_gland:0,TN,0
5.274122,1.5775344,-0.23571263,-0.7194033,-0.53517425,-0.35355002,0.27856997,0.16939507,-0.08233326,-0.698575,1,chr7:142776507:body_of_pancreas:0,TP,1
6.000722,0.4226834,-0.060889807,-0.10412818,0.31273735,-0.5799064,-0.46243924,0.12757678,-0.11098882,-0.002888669,1,chr6:31374359:transverse_colon:0,TP,1
-3.0959294,-0.69145566,0.62029606,0.26457357,-0.30050343,-0.366675,-0.3904621,0.46323505,-0.4673608,0.12681118,0,chr11:87353067:testis:0,TN,0
-1.5638825,-0.5900986,-0.37532797,-0.48912093,0.89997065,0.26099214,0.45888808,0.20912059,-0.14544234,-0.46428448,0,chr6:26402533:prostate_gland:0,TN,0
-0.9524193,-0.9021623,0.3541418,0.2440333,1.2275246,-0.3057762,-0.047433034,0.16024539,-0.094303064,-0.18059269,0,chr3:172341837:adrenal_gland:0,TN,0
-1.8157845,0.8123097,0.31226078,-0.7152892,-0.14982553,0.089477964,-0.055425167,-0.88681203,0.22347215,-0.25641975,0,chr6:32967583:Peyers_patch:0,TN,0
4.653598,-2.4205077,0.062083934,-0.09550783,1.2096215,-1.0262153,1.2845476,0.5870497,1.3645501,-0.29390338,1,chr21:7230081:testis:0,TP,1
5.973521,0.5020475,-0.17399445,-0.18931119,-0.07994198,-0.5121265,-0.115488715,0.04540719,-0.081759006,-0.68610305,1,chr9:61668518:prostate_gland:1,TP,1
3.795464,0.93230015,-0.06527496,-0.45701432,-0.44905546,0.84718573,0.47857708,0.08076299,0.39561066,-0.2274896,1,chr6:131199853:upper_lobe_of_left_lung:0,TP,1
-2.9239802,-1.4486474,1.7403222,-0.44070867,0.20851065,-0.56672007,0.00565259,-0.11313782,-0.04349003,-0.26180595,0,chr1:23210397:transverse_colon:0,TN,0
6.0007224,0.42268366,-0.06089019,-0.10412734,0.3127374,-0.57990587,-0.4624396,0.1275772,-0.110988006,-0.0028894695,1,chr6:31374359:thoracic_aorta:1,TP,1
2.8693645,1.4009501,-0.7016426,-0.0019835671,0.4179831,1.6720694,-0.5694825,-0.2300113,-0.22135197,0.025635948,0,chr3:114900513:tibial_artery:0,FP,1
1.5178634,-2.9288235,1.4437289,1.270737,0.44858515,0.5551091,-1.3104893,2.1792276,1.0950891,-0.22656316,1,chr8:44636977:transverse_colon:1,FN,0
-1.7684569,-0.69892734,0.71010506,-0.3907241,-0.18446568,-0.19349869,1.1974443,0.5123333,-0.56087404,0.28737238,0,chr19:48152501:Peyers_patch:0,TN,0
-2.766859,1.5188158,0.060792666,0.44642052,0.51721376,-0.16765058,-0.008621895,-0.59453416,-0.015995692,0.056425516,1,chr5:149431239:esophagus_squamous_epithelium:0,FN,0
-2.2708783,0.8122405,2.2429552,0.29247037,-1.5436641,-0.20406692,0.3695908,-0.3085042,-0.081201755,0.6507644,0,chr19:6462880:transverse_colon:0,TN,0
5.0001607,2.4299338,0.112596065,-1.1333759,-0.8511263,-0.49346232,-0.83222026,0.19864026,0.07112056,0.022388872,1,chr11:60251676:transverse_colon:1,TP,1
-2.2535164,-0.24995287,1.0438714,-0.10864914,-0.42114776,0.037044015,-0.16175756,0.584835,0.31226894,-0.3556236,0,chr10:127032983:transverse_colon:0,TN,0
3.10352,-1.7101871,0.3483017,0.25736177,0.497694,-0.58321553,0.33764982,0.2670036,0.23581263,0.99870926,0,chr19:52748468:thoracic_aorta:0,FP,1
-0.14573872,1.2622627,-0.66001475,0.28746125,0.41980267,1.1531303,-0.09669241,-0.65676457,0.15146214,0.46843287,0,chr3:195106278:spleen:0,TN,0
-3.2768362,-0.7423641,0.057999276,-0.45684892,0.7731466,-0.6562173,-0.077392,-0.092554756,-0.44248122,-0.13791925,0,chr10:104614551:prostate_gland:0,TN,0
5.192261,1.455933,0.2854873,-0.8530406,0.12439339,-0.84960216,-0.12415312,-0.026834892,0.39707577,0.44473502,1,chr7:67176863:Peyers_patch:0,TP,1
-0.7909125,-1.0722191,0.11804111,-0.6803581,-0.6847025,-0.4231872,0.39450955,0.049426634,-1.0349857,1.3313881,1,chr11:65552279:upper_lobe_of_left_lung:0,FN,0
2.1503937,-1.239253,0.735503,-0.31354326,0.08997102,0.2025672,-0.3913886,-0.93785506,0.787235,1.1158979,0,chr8:143844073:suprapubic_skin:0,FP,1
-3.286044,-0.6038167,-0.80467963,-0.040649135,-0.39712647,-0.5301877,-0.7154051,-0.35175192,0.14076263,-0.020473177,0,chr1:235504860:suprapubic_skin:0,TN,0
-2.7421741,-1.5321237,0.87623876,-1.1591226,0.82428414,-0.47266245,0.05109366,-0.7755242,-0.31592733,0.037127845,0,chr1:178031767:body_of_pancreas:0,TN,0
-2.037051,0.26042527,1.9430908,1.2153151,-1.1665092,0.10268129,0.61438966,-0.45689997,-0.26032925,0.53234243,1,chr16:4548780:gastrocnemius_medialis:0,FN,0
-1.0298818,-1.1464895,0.08167174,0.46063358,-1.0761751,-0.10051721,0.24203613,0.5155846,-0.6747821,0.3825006,0,chr21:46143448:thoracic_aorta:0,TN,0
4.8168197,-1.3052092,1.3318465,1.1662732,0.33976987,-0.064565934,-0.5175201,1.1558994,-0.1089003,1.036957,1,chr17:25564506:Peyers_patch:0,TP,1
1.9534218,1.6056606,-0.20229225,-0.10742037,0.74099785,1.614322,-0.67920214,-0.6338642,-0.13582534,0.12314328,0,chr2:57516866:prostate_gland:1,FP,1
-2.0480483,0.9799623,-0.8040956,0.049828675,-1.1491548,0.2511514,0.6977287,0.7710284,-0.50302815,-0.7078776,1,chr7:2064001:tibial_nerve:0,FN,0
1.4945166,-0.31012863,0.7755713,2.001919,0.061134394,0.14929557,0.23356842,-0.63217634,0.09998308,0.41414714,0,chr10:28836414:adrenal_gland:0,FP,1
-2.3834622,0.3064739,0.32402924,-0.34127185,-0.015857644,0.39090836,0.12649666,-0.3966075,-0.17097242,-0.13566652,1,chr20:32674620:adrenal_gland:0,FN,0
-2.2431436,-0.8840817,2.4434507,-0.037378732,-0.17228575,-0.2644336,0.29789397,-0.07025102,-0.35030997,0.02141475,0,chr13:92742340:body_of_pancreas:0,TN,0
5.5344157,1.3741401,0.23412864,-0.65056604,-0.115567006,-0.59066445,-0.53090125,-0.0585791,-0.0502782,-0.84181994,0,chr17:43360656:sigmoid_colon:0,FP,1
5.6824846,0.39260677,-0.13864028,-0.11027317,0.08735367,-0.27931544,0.43630633,-0.42283008,-0.3116906,-0.9820778,1,chr11:60747463:body_of_pancreas:0,TP,1
-2.9561095,-0.97372276,-1.217909,0.5477104,-0.053599473,-1.0268799,-0.9353779,-0.36103615,0.56227607,0.28240883,0,chr1:120415033:transverse_colon:0,TN,0
-2.4233875,-0.32780212,1.3024123,-0.19416015,-0.5077752,0.6268723,-0.27683267,-0.5389419,0.51723945,-0.47960156,0,chr1:31423083:tibial_artery:0,TN,0
4.750394,-1.0931108,0.641603,0.91756123,0.5468128,0.2971288,-0.6143107,1.4790547,0.545674,-0.5240114,1,chr8:45161471:transverse_colon:0,TP,1
-2.2858403,1.1917833,-0.562727,0.30774087,0.97965914,-0.034425322,0.24339207,-0.014248796,-0.10229709,0.39585435,0,chr3:9067378:tibial_artery:0,TN,0
0.56323504,-0.69243884,0.62465596,-1.0955257,0.68022877,-0.23331219,-0.22088827,-0.7148236,0.46892008,-0.17183204,1,chr13:24154181:body_of_pancreas:0,FN,0
-1.2090918,-2.167581,0.509189,-1.5615484,-0.2892751,0.7519193,-1.3565439,0.44581547,-0.15129426,-0.13593093,1,chr16:11211:transverse_colon:0,FN,0
-0.6930251,-0.40725303,-1.2227607,-0.6945132,-1.5750744,1.2073984,-0.23912095,0.9605961,-0.08451017,0.027519256,0,chr2:205885823:tibial_artery:1,TN,0
5.90837,0.16492598,0.56623924,0.8208895,0.33191448,-0.61889803,-0.48854306,0.41082937,-0.2421341,0.62320435,1,chr3:75785547:testis:0,TP,1
-2.8919704,0.91919553,-1.3003348,0.13438572,-0.8911284,0.18021545,-0.5192037,0.10377524,0.16976234,0.16178332,1,chr11:1652791:spleen:0,FN,0
-2.9863503,0.0799405,-1.5932705,0.4823283,-1.1835401,-0.72675157,-0.16584466,-0.23399286,0.1480967,-0.13045247,0,chr7:100894790:testis:0,TN,0
-3.4593475,0.43039232,-0.43856418,0.1338842,-0.30936512,-0.9043899,-0.01628996,0.1265629,0.110395685,-0.1725556,1,chr1:229411201:prostate_gland:0,FN,0
-2.083016,0.111113794,0.31731036,0.19022198,0.004802601,0.36341116,-0.02385645,-0.06419579,-0.53514457,-0.62544906,1,chr13:20489384:prostate_gland:1,FN,0
0.010325246,-3.1510632,0.47698376,-1.9626455,0.45927086,0.7339201,-0.33871308,0.046265688,-0.035969064,-0.4225589,0,chr13:26698955:stomach:0,TN,0
-3.1012917,0.97743183,-0.73697484,0.33357942,-0.82323915,-1.1644545,0.38151494,0.31161648,-0.5095643,-0.4901668,0,chr19:13835960:thoracic_aorta:0,TN,0
5.534416,1.374139,0.23412856,-0.65056425,-0.115566574,-0.5906626,-0.5309001,-0.058578704,-0.05027775,-0.84182125,1,chr17:43360656:thoracic_aorta:0,TP,1
-2.3595715,-1.9686234,0.017148057,-0.5380595,-0.3483266,-0.10903294,0.20585237,0.6542468,-0.8997302,0.017390672,1,chr7:100965467:transverse_colon:0,FN,0
5.5563374,-0.5432861,-0.12907442,1.0951865,0.2531868,0.61506,0.37316403,-0.4308314,-0.3724278,-0.82436967,1,chr3:127748429:tibial_artery:0,TP,1
-2.2879343,1.7445896,1.892993,0.86689836,-1.1207372,0.12618522,0.07740737,-0.24598847,0.469901,0.028295958,0,chr9:41120313:transverse_colon:0,TN,0
1.5178608,-2.928821,1.4437306,1.2707382,0.4485836,0.5551097,-1.3104903,2.1792276,1.0950907,-0.22656278,1,chr8:44636977:testis:1,FN,0
4.887848,-1.3833477,0.32308978,0.045739964,0.9467599,-0.39566958,-0.19814086,0.41150987,-0.18804945,0.31721106,0,chr4:44827714:body_of_pancreas:0,FP,1
-1.1497289,-0.46250507,-0.8688383,0.23025514,0.35361212,-0.30343348,-0.09084916,0.47217727,0.32835728,0.44004303,1,chr18:9136156:esophagus_muscularis_mucosa:0,FN,0
5.2559366,1.2303774,0.457904,-0.59170616,-0.11551984,-0.0063530765,-0.65579236,0.15192811,0.22007325,-0.09280599,1,chr7:142485709:body_of_pancreas:0,TP,1
1.757421,0.041841943,-1.4889503,1.2820022,-0.4233372,1.1392689,0.9215488,-0.96041805,-0.56891793,-0.8139224,1,chr15:40906278:upper_lobe_of_left_lung:0,TP,1
-1.2949708,1.0580518,-1.0418102,-0.35038984,-0.84744996,0.28467387,0.3724643,0.93074363,0.39024556,-0.43144342,1,chr22:38870445:Peyers_patch:0,FN,0
-2.2451735,1.6077096,-0.09630723,-0.5203192,0.59670043,0.80587244,-0.1868081,-0.22176346,-0.65203726,0.48784223,1,chr9:17531876:transverse_colon:1,FN,0
6.0036983,0.52964723,0.19451751,0.30956036,0.38471892,-0.7517967,-0.40266106,0.0803391,-0.32324743,0.17713463,1,chr3:75785357:gastrocnemius_medialis:0,TP,1
-0.19567439,0.8476996,0.020662475,-0.7396388,1.3226225,0.94212383,-0.74047333,-0.39040098,0.33589756,0.41799474,0,chr2:130081606:body_of_pancreas:0,TN,0
-0.8957991,-1.6632357,-0.8012818,-0.6624038,-0.62564164,0.0040857266,-0.7334108,-0.22646287,0.99743915,0.586828,0,chr1:10430823:spleen:0,TN,0
-2.5675538,-0.6108552,0.19214201,-0.50313985,0.5232291,0.15042318,-0.22183298,-0.7667198,-0.72864175,0.010631111,0,chr16:11800357:body_of_pancreas:0,TN,0
2.35532,-0.5076936,0.43256235,1.0743736,0.38250798,0.23386246,0.54850656,0.18777174,0.56941646,-1.0302866,1,chr2:168375394:prostate_gland:0,TP,1
-2.078271,-1.0939113,-1.9905465,0.6486343,-1.3591529,-0.7950756,-0.66586274,-0.53553593,1.1650856,0.32267964,0,chr21:34890129:tibial_artery:0,TN,0
-2.7528212,1.0628877,2.142854,0.46731064,-1.4923601,0.097545065,0.1249406,-0.45024708,0.3398811,-0.3705146,0,chr20:34922316:body_of_pancreas:0,TN,0
6.1223907,0.20811175,0.10734556,0.27472162,0.32904533,-0.7749344,-0.21922705,-0.078606464,-0.06732252,0.08876061,1,chr6:17600816:gastroesophageal_sphincter:0,TP,1
-2.1943405,-1.3309368,-0.7996797,0.515211,-0.6289118,-0.17070735,-0.46573308,-0.05704516,0.58192784,0.22849709,1,chr1:211382788:lower_leg_skin:0,FN,0
-1.9672828,1.723113,2.3761814,1.0020221,-1.5366119,0.21756312,0.13769941,0.06943863,0.6601378,0.13104735,0,chr17:48872511:body_of_pancreas:0,TN,0
1.9534248,1.6056579,-0.20229271,-0.107420966,0.740998,1.6143211,-0.67920256,-0.6338643,-0.13582571,0.123142764,1,chr2:57516866:tibial_artery:0,TP,1
-2.1612191,-0.88249236,-0.44449326,-0.041641604,0.76559323,0.65599465,-0.46854547,-0.22942819,-0.527766,-0.31080917,0,chr6:11655830:spleen:0,TN,0
-2.0928972,0.56175864,2.5036933,0.87304485,-1.09388,0.046339806,0.07338257,0.25413105,0.21960618,0.2200687,1,chr1:23952136:tibial_artery:0,FN,0
6.000722,0.4226834,-0.060889807,-0.10412818,0.31273735,-0.5799064,-0.46243924,0.12757678,-0.11098882,-0.002888669,1,chr6:31374359:prostate_gland:0,TP,1
-1.6323806,1.3262936,1.7251157,-0.40084347,0.23280877,0.38476232,-0.16199526,-0.5877708,0.10147258,-0.29457536,0,chr6:7328346:body_of_pancreas:0,TN,0
2.7876859,-2.4789102,-2.2739289,0.86235136,-0.6452234,0.0675692,0.8913797,-0.6686412,0.027915115,-0.4307818,0,chr9:136327792:esophagus_muscularis_mucosa:0,FP,1
5.90837,0.16492598,0.56623924,0.8208895,0.33191448,-0.61889803,-0.48854306,0.41082937,-0.2421341,0.62320435,1,chr3:75785547:spleen:0,TP,1
-3.1797345,0.040396877,0.49237022,0.21232451,0.13957097,-0.35797554,-0.40128958,0.25803515,-0.43032607,-0.1616553,1,chr7:150743887:gastroesophageal_sphincter:0,FN,0
-3.456441,0.37795,-0.57235664,0.2709012,-0.19649065,-0.8602419,0.26669034,0.6693984,-0.8945488,-0.17133729,1,chr22:22768161:adrenal_gland:0,FN,0
5.534416,1.374139,0.23412856,-0.65056425,-0.115566574,-0.5906626,-0.5309001,-0.058578704,-0.05027775,-0.84182125,1,chr17:43360656:transverse_colon:0,TP,1
-3.4742377,0.3588881,-0.28066656,0.33604476,0.07049168,-0.5904894,-0.35669503,-0.023220956,-0.09830564,-0.0015585521,1,chr15:89177689:sigmoid_colon:0,FN,0
-3.0366883,2.9018855,-0.020902425,0.101198114,0.25558966,0.22933337,-0.058167852,0.6501,0.19889332,-0.23904784,1,chr9:127348292:esophagus_muscularis_mucosa:0,FN,0
-1.9709549,-0.6202969,-1.8331627,0.17566203,-0.75574577,-0.4984826,-0.43256453,0.032790564,0.8078825,0.04394339,0,chr3:179451169:tibial_nerve:0,TN,0
-2.9537365,0.2052976,-0.9966117,0.34667915,-0.40306202,-1.112972,0.68735063,0.3451831,-0.8276662,-0.050715066,0,chr4:3461724:body_of_pancreas:0,TN,0
-1.8563136,-0.60243857,-1.4321244,-0.6317604,-1.2998996,-0.17448564,0.9218781,1.0500109,-0.29926932,0.20164607,0,chr22:49724957:Peyers_patch:0,TN,0
5.90837,0.16492598,0.56623924,0.8208895,0.33191448,-0.61889803,-0.48854306,0.41082937,-0.2421341,0.62320435,1,chr3:75785547:lower_leg_skin:0,TP,1
-2.7668614,1.5188187,0.06079229,0.44642162,0.5172115,-0.16765197,-0.008622482,-0.5945346,-0.015996976,0.056426436,1,chr5:149431239:transverse_colon:0,FN,0
-2.7816029,0.80262643,-0.5788818,0.39371097,0.83835256,0.18522196,-0.30717325,-0.23596671,-0.41192082,0.08606818,0,chr11:114134373:tibial_artery:0,TN,0
-3.0114245,0.5013494,2.5054681,0.46781498,-0.7993959,-0.14563225,-0.013137996,0.058126386,0.08846286,-0.15914324,0,chr7:97787:body_of_pancreas:0,TN,0
5.0001607,2.4299338,0.11259613,-1.1333749,-0.8511259,-0.4934635,-0.83222115,0.19863893,0.07111908,0.022388479,1,chr11:60251676:body_of_pancreas:0,TP,1
0.47142223,-1.1946083,-1.2803062,-0.39270186,-1.2545189,0.057799604,1.1420306,0.4255795,0.46805793,-0.054188244,0,chr17:55751131:tibial_artery:0,FP,1
3.2073278,-2.7508724,-0.7188721,0.32030493,0.078126036,1.1490333,-0.10391656,0.46568447,0.04803824,0.038208287,1,chr19:4352840:thoracic_aorta:0,TP,1
-1.8100184,-0.89715165,-1.4685649,-0.026755206,-1.1907092,-0.45633826,-0.3973498,-0.43712443,0.13315618,0.36375216,1,chr6:157823513:upper_lobe_of_left_lung:0,FN,0
-3.1647985,0.20444822,1.1412302,0.0025228793,-0.0018089594,0.044857983,-0.04040683,-0.51115125,0.61658186,0.059744556,0,chr10:35136425:body_of_pancreas:0,TN,0
-1.9679585,0.3799649,-0.8492922,-0.35284796,-0.4396934,0.3255747,1.1587468,1.1880585,-0.26121625,0.41090515,0,chr7:32207252:upper_lobe_of_left_lung:0,TN,0
-0.6940433,0.18247804,-0.38720658,-0.7518227,0.025748864,-0.37126136,1.5001397,0.36176118,0.35146007,-0.38768208,0,chr17:40427353:transverse_colon:0,TN,0
1.0431652,-1.543235,0.8119367,0.27704278,-0.5740084,-0.1055193,0.15083914,0.37146276,-1.2854255,2.0486708,1,chr19:45678133:Peyers_patch:0,TP,1
5.7928886,0.7728145,-0.13873008,-0.14662488,-0.12580433,-0.17079863,-0.10332618,-0.107265174,-0.43306127,-0.19078055,1,chr6:29705705:transverse_colon:1,TP,1
-1.2398357,-2.7288058,-0.10500097,-0.62203497,-0.20354147,-0.019242534,-0.6365099,-0.61972076,0.06343531,0.010665314,1,chr12:104294234:gastroesophageal_sphincter:0,FN,0
1.979529,-0.06737826,0.79558593,-1.3811938,-0.35128462,0.066345125,1.2065098,0.006589406,0.67500615,0.28609097,0,chr10:7260351:spleen:0,FP,1
-3.4375165,0.7879484,-0.5984957,0.64886427,0.53071594,-0.9387759,-0.23114216,0.532394,0.32162184,0.26200995,1,chr9:97633155:body_of_pancreas:0,FN,0
-2.4564846,0.14322315,-0.9290502,0.7521657,-0.30072233,-0.49727833,0.34899098,0.3147912,-0.62725514,-0.65049607,0,chr2:20617191:upper_lobe_of_left_lung:0,TN,0
-3.1992338,1.4183232,-0.2172444,0.71047705,1.1352808,-0.32612205,-0.6174458,-5.775307e-05,0.34778148,-0.12814583,0,chr1:11909933:transverse_colon:0,TN,0
-2.787272,-0.5192742,-0.357522,0.798985,0.49619052,-0.68941474,-0.08564337,-0.54734063,0.31759566,0.26961687,0,chr19:15641326:Peyers_patch:0,TN,0
0.018260868,-1.1665456,-0.39554617,0.2072267,-0.07214805,0.68792886,-0.58665454,0.7918283,-0.27311417,-0.5326983,1,chr7:38398988:body_of_pancreas:0,FN,0
-0.5487132,-0.92919844,-1.6482862,-0.23512402,-1.36424,0.3911455,-0.36538604,0.20763543,0.6327914,0.48396838,0,chr14:76353026:omental_fat_pad:0,TN,0
5.90837,0.16492598,0.56623924,0.8208895,0.33191448,-0.61889803,-0.48854306,0.41082937,-0.2421341,0.62320435,1,chr3:75785547:gastroesophageal_sphincter:0,TP,1
-3.5459082,2.138586,-0.036923062,0.4002946,0.8110588,-0.4722482,0.03974365,0.3304019,0.18572813,-0.10524738,0,chr4:89275400:body_of_pancreas:0,TN,0
5.6115766,1.2073463,0.099057086,-0.8963103,-0.33509856,-0.6656288,-0.28531483,0.45317066,-0.0007790342,0.1687065,1,chr2:86221296:tibial_artery:1,TP,1
5.985963,0.11544102,0.31364098,0.21283798,0.26752818,-0.730168,-0.43331698,0.41177738,-0.3636499,0.53088045,1,chr3:75785609:tibial_artery:0,TP,1
1.8738394,-2.4349003,-0.26976594,0.56115454,-0.29744184,0.76613563,0.81471145,0.8197022,-0.15940301,-0.110819586,1,chr19:4352765:upper_lobe_of_left_lung:0,TP,1
-1.642387,-0.46398342,-1.6981041,1.0707202,-0.7652651,0.21198826,-0.33904073,-0.98246723,0.07599823,-0.14518169,0,chr4:1011075:body_of_pancreas:0,TN,0
5.351921,1.0659748,-0.5084616,-0.5259339,-0.7975022,-0.39772302,-0.08895053,-0.22847113,0.0463206,-0.5365684,1,chr9:42852316:tibial_artery:0,TP,1
4.118654,1.6444969,-0.0059975954,-1.273731,0.053884257,0.12899618,-0.5495089,-0.35299736,0.7961774,-0.2799315,1,chr4:75289967:tibial_artery:0,TP,1
5.742974,0.05578892,0.6449893,0.56962043,0.21192686,-0.19221592,-0.21942858,0.30394247,-0.1360575,0.7085448,1,chr17:22822734:transverse_colon:0,TP,1
3.3251595,1.568657,-0.72947574,-0.41352108,-0.63363093,1.4488938,-0.75616485,-0.41325969,-0.36008987,0.5474532,0,chr19:53659498:prostate_gland:0,FP,1
-3.1638818,1.0701989,-0.6396568,0.44565418,0.15579504,-0.039262805,-0.3930208,-0.1498555,0.44332567,-0.022478571,0,chr10:43202368:adrenal_gland:0,TN,0
-1.8100184,-0.89715165,-1.4685649,-0.026755206,-1.1907092,-0.45633826,-0.3973498,-0.43712443,0.13315618,0.36375216,1,chr6:157823513:tibial_artery:0,FN,0
4.8168225,-1.305213,1.3318447,1.1662725,0.33977208,-0.064566456,-0.5175201,1.1558987,-0.10889935,1.0369567,1,chr17:25564506:testis:0,TP,1
-1.8487024,-1.171249,-1.6913314,0.4437846,-0.81978536,-0.70454675,-0.2531092,-0.17369126,0.7875899,-0.0060240845,0,chr11:10450691:body_of_pancreas:0,TN,0
-3.059308,-1.2863374,0.55329716,-0.4136564,-0.13125196,-0.32373706,-0.18791093,0.01725481,-0.8357105,-0.35916945,1,chr17:80846528:body_of_pancreas:0,FN,0
-2.882268,-0.4057261,-0.9432848,0.65519226,0.44739002,-0.59463435,-0.5823415,-0.5868566,0.57879585,0.1296419,0,chr11:75815144:upper_lobe_of_left_lung:0,TN,0
-3.0869017,0.94837064,-0.24968751,0.4134343,-0.017473811,0.01230677,0.06722796,0.27238083,-0.3562801,0.07455291,0,chr1:10507600:tibial_artery:0,TN,0
-3.0378592,-0.877387,-0.5548236,0.32844862,-0.08188813,-0.80847836,-0.8095808,-0.8275038,0.40977907,0.35798666,0,chr19:8513975:tibial_nerve:0,TN,0
-1.2090918,-2.167581,0.509189,-1.5615484,-0.2892751,0.7519193,-1.3565439,0.44581547,-0.15129426,-0.13593093,1,chr16:11211:spleen:0,FN,0
5.7838783,-0.098694295,0.23016909,1.0035604,0.4341829,0.018196385,-0.06095388,-0.41644388,-0.43339607,0.22327115,1,chr4:113924101:thyroid_gland:0,TP,1
4.118654,1.6444969,-0.0059975954,-1.273731,0.053884257,0.12899618,-0.5495089,-0.35299736,0.7961774,-0.2799315,1,chr4:75289967:thoracic_aorta:0,TP,1
0.15900418,0.5731727,1.5272006,0.49585235,-0.6954155,-0.28921273,1.0224347,-0.64311314,-0.24926718,0.54811436,0,chr1:58752654:body_of_pancreas:0,TN,0
-0.057726786,1.5543023,-1.0979568,0.8891212,-0.9830318,0.8987116,0.878744,-0.03839485,-0.5441337,-0.18389677,0,chr10:76036236:body_of_pancreas:0,FP,1
5.5820265,0.7471176,-0.35567427,-0.3880604,-0.11062277,0.013969508,-0.42713717,0.03173712,-0.3514554,-0.1466045,1,chr2:71023799:prostate_gland:0,TP,1
5.31775,-0.64031327,-0.31296462,0.25041646,0.38960272,-0.09936405,0.44689146,-0.4217445,0.06177427,-0.9546403,1,chr2:239510018:body_of_pancreas:0,TP,1
-1.6852113,-1.6385536,1.8731651,0.5782028,-0.59096855,-0.14237148,0.24295656,-0.29804307,-0.34439057,-0.41044793,0,chr3:75772030:transverse_colon:0,TN,0
-2.6259153,0.80590796,1.9415903,0.5700727,-0.61289096,0.022739196,0.02039654,0.082873374,0.050474834,-0.13511595,0,chr3:23415046:upper_lobe_of_left_lung:0,TN,0
5.95021,0.6214117,-0.14433944,-0.26082906,0.0047147525,-0.66698486,-0.29871696,0.07650254,-0.3007979,-0.40283605,1,chr8:38060291:body_of_pancreas:0,TP,1
5.4376097,-0.59811294,-0.26138514,1.2291099,0.16397358,0.1616654,0.78124523,-0.9241033,-0.4497135,-0.745366,1,chr7:73725711:transverse_colon:0,TP,1
-0.21948037,0.9757351,-0.20254713,0.11569133,0.674997,1.5263078,0.78556377,-0.3179298,-0.11065564,0.641325,1,chr13:26657074:adrenal_gland:0,FN,0
3.4316647,-0.15399845,-0.7321911,1.7021116,0.19019672,1.3547902,0.47385672,-0.713892,-0.29875854,-1.3196774,1,chr7:140035901:body_of_pancreas:0,TP,1
1.2887461,-0.32562637,0.5444605,2.1928885,-0.4192092,0.7940227,0.8454448,-0.57995963,0.73743194,-0.57080716,0,chr19:16063158:body_of_pancreas:0,FP,1
-2.217924,-0.37234023,-0.13350478,0.7035171,-0.6615563,-0.33251902,0.042710144,-0.9105539,0.3812559,0.21423355,0,chr20:49277960:gastroesophageal_sphincter:0,TN,0
-1.6140018,-1.1661372,0.3894101,-1.0625361,-0.5108767,-0.3094348,0.51685005,0.063937716,0.6814936,-0.40718496,0,chr16:85056750:thoracic_aorta:0,TN,0
4.1452656,0.6886389,-0.84820336,-0.34260598,-0.97796,0.12511674,0.5684841,-0.048977535,0.1300297,-1.0563301,0,chr2:130138963:upper_lobe_of_left_lung:0,FP,1
-2.89154,1.5190859,0.1798832,0.5840713,0.20901129,-0.30067033,0.39543933,-0.07359164,0.16187857,0.3662625,0,chr1:241408474:adrenal_gland:0,TN,0
5.4915113,-0.68157744,0.120022796,0.12403974,0.30475917,0.4081863,-0.4736841,0.45202562,0.45379516,-1.0447093,1,chr17:43360554:gastroesophageal_sphincter:0,TP,1
-2.7359717,2.0782492,2.918634,0.40533653,-1.9291812,0.10029576,-0.48256034,0.53470796,0.63818526,-0.14875871,1,chr2:93802212:transverse_colon:0,FN,0
-3.017211,0.12461407,-0.9815667,0.51184475,0.030515166,-0.5904576,-0.71038467,0.19372539,0.3697103,0.4263558,0,chr3:170358513:transverse_colon:0,TN,0
3.5352743,-0.4114316,-0.18139173,0.60699826,0.115927376,1.1317434,0.44696555,-0.8270618,-0.8132211,0.50495833,1,chr12:48753691:spleen:0,TP,1
1.5114253,-0.79376227,-0.8114084,-0.19990425,-0.7472593,1.9020824,-1.059628,-0.23692237,1.5017918,0.3709394,1,chr2:196068383:thoracic_aorta:1,TP,1
5.7284875,0.70632106,-0.14104915,-0.23068254,-0.013828839,-0.42951536,-0.600347,-0.2270844,-0.0022719512,0.4653152,1,chr3:75723672:prostate_gland:0,TP,1
4.4805923,-1.7191838,0.22186014,-0.1651686,1.1745582,-0.95883405,1.40419,0.40008706,1.5132786,0.305705,1,chr10:39426691:testis:0,TP,1
5.491511,-0.6815751,0.12002291,0.12404071,0.30475864,0.40818793,-0.47368443,0.45202333,0.45379484,-1.0447093,1,chr17:43360554:esophagus_squamous_epithelium:0,TP,1
-0.9579926,-1.3748177,0.029381724,-0.7805415,1.2782428,-0.10172608,0.48539558,-0.1307465,0.78967667,0.19812185,1,chr9:113355344:body_of_pancreas:0,FN,0
-2.3462634,-1.6373551,-1.5557351,0.6930554,-0.7516887,-0.5836465,-0.8120713,-0.44145513,0.47611165,0.36669144,0,chr15:101961568:body_of_pancreas:0,TN,0
-2.7439866,-0.48536927,0.38619712,0.056247536,0.99988985,-0.44301242,-0.32208022,-1.1209486,-0.21930407,0.3560744,0,chr7:139358638:thoracic_aorta:0,TN,0
3.1067278,-0.30367815,-0.25853533,-0.7918998,0.33836204,-0.49219826,1.3161639,0.044969894,0.5646995,1.0255986,1,chr5:146451736:transverse_colon:0,TP,1
-0.39293936,0.06534548,-0.14446224,-0.106919244,-0.5747415,-0.119095035,0.11244555,-0.74003524,0.5487321,1.2776356,1,chr12:52025797:thyroid_gland:0,FN,0
-2.9735157,0.38580307,-0.27915677,0.31456342,0.90791136,0.021703083,-0.22929187,0.27178392,-0.246726,-0.08811453,0,chr9:77150994:prostate_gland:0,TN,0
5.679804,0.35497293,-0.052389335,0.8601813,0.29623708,0.25271788,0.0061349943,-0.577169,-0.5348015,-0.2200343,1,chr3:181610454:suprapubic_skin:0,TP,1
5.6714764,-0.13392444,0.72877884,0.2321779,0.67745155,-0.34470215,-0.0930225,0.46286824,0.24346702,0.51091653,1,chr17:22856764:body_of_pancreas:0,TP,1
5.9261293,-0.537302,-0.5749362,0.11216589,-0.16548008,-0.36504638,0.28644228,0.0008649067,0.08549609,-0.57609636,1,chr20:26209305:upper_lobe_of_left_lung:0,TP,1
-2.9684296,1.59186,-0.2047881,0.36068657,0.473966,-0.012657161,0.02100935,0.0151028,0.08722322,0.26142994,0,chr3:107690540:adrenal_gland:0,TN,0
-3.17916,0.5908743,-0.30121914,0.32503733,-0.15348941,-0.43415296,0.38475,0.28139803,-0.7258621,-0.19502988,0,chr14:68938090:prostate_gland:0,TN,0
-3.3045912,0.1881568,-0.27512518,-0.29878938,0.1264634,-1.0098836,0.9069422,0.36854768,-0.41150135,0.20634228,1,chr20:3020699:body_of_pancreas:0,FN,0
-2.8919704,0.91919553,-1.3003348,0.13438572,-0.8911284,0.18021545,-0.5192037,0.10377524,0.16976234,0.16178332,1,chr11:1652791:transverse_colon:1,FN,0
3.9661715,3.408646,0.07249246,-1.3686959,-1.1388674,-0.62565345,-0.5148479,-0.21145867,-0.023914197,-1.1320798,1,chr7:63015743:spleen:0,TP,1
-2.6883986,-1.2207628,1.8008004,-0.048948757,-0.39065498,-0.36371335,0.19621769,-0.019039458,0.004977969,-0.1343377,0,chr21:5260543:transverse_colon:0,TN,0
-2.8502188,-1.0843434,0.26879528,-0.31137723,0.91739875,-0.5083803,-0.29626575,-0.08159973,-0.59537226,0.13119853,0,chr11:102792771:body_of_pancreas:0,TN,0
-2.956944,-0.76464015,-0.45615464,0.2664678,0.47707188,-0.80357504,-0.91488224,-0.58484125,0.60836256,0.068636134,0,chr7:134646672:lower_leg_skin:0,TN,0
-3.013107,-0.01134676,-0.06310691,-0.8625626,0.3501845,-0.28254434,0.36124757,0.12834981,0.050742693,0.004183832,0,chr3:172594823:Peyers_patch:0,TN,0
-2.6840441,-0.6833149,0.15304747,-0.36331198,0.64186794,-0.1943307,-0.060644712,-0.17044488,0.2572023,-0.28152183,0,chr10:93289207:Peyers_patch:0,TN,0
5.929857,-0.2756206,0.51088774,0.5621674,0.5603541,-0.1953402,-0.28742012,0.20371814,0.07295337,0.6483828,1,chr17:22909996:prostate_gland:0,TP,1
-1.4259969,-0.70424604,-0.71694124,0.3485676,0.43530726,1.2288469,-1.0136554,-1.1341302,-0.11403972,0.39942187,1,chr19:45427778:upper_lobe_of_left_lung:0,FN,0
-1.8741949,0.14134859,-1.0436486,-0.3367001,0.13124561,1.4173753,0.09571603,0.9265471,0.22157319,-0.0688886,1,chr12:3658553:gastrocnemius_medialis:0,FN,0
-3.284355,0.91239655,-0.48697087,0.54081136,-0.34790146,-0.44070432,-0.043591358,0.4977383,-0.5925296,-0.16586328,1,chr18:79381166:tibial_artery:0,FN,0
-2.5185602,-0.79237384,0.69818044,-1.6228001,-0.1749036,-0.32045037,0.007188223,-0.53213185,0.08846223,-0.9991537,1,chr8:41651698:tibial_artery:0,FN,0
4.692105,0.5572206,-0.25003284,1.126843,0.43588457,0.1767822,0.55575925,-1.2893689,-0.24663484,-0.17287654,0,chr14:84888482:body_of_pancreas:0,FP,1
1.2949877,-0.37221885,-1.2747372,-1.5246834,-0.32261387,0.6066747,1.1962698,0.44604883,0.07620347,1.6562496,1,chr9:83219889:Peyers_patch:0,TP,1
6.0165586,0.22701114,-0.02848786,0.1167889,0.3353942,-0.4970746,-0.24670552,-0.12414217,-0.24212864,-0.16685353,1,chr8:13655256:body_of_pancreas:1,TP,1
-2.0337412,1.1311958,0.2847959,-0.57865846,1.1790526,1.0701679,0.770022,0.30966407,0.08379355,0.26382312,1,chr5:146662327:upper_lobe_of_left_lung:0,FN,0
1.8957673,-0.5097173,0.14899188,-0.85675526,0.5157948,0.23010594,0.15056565,-0.24942216,-0.27865994,0.6230537,0,chr14:75196264:body_of_pancreas:0,FP,1
-2.4683604,0.47250128,-0.2254499,-0.30069432,-0.49146268,-0.43627807,0.7591301,-0.39162877,0.01058142,-0.407306,0,chr7:143321691:body_of_pancreas:0,TN,0
-3.0227659,0.90396863,0.062207796,0.61062044,0.7599499,-0.2682759,0.0045167543,0.39629123,0.07587908,-0.08077782,1,chr6:31380625:transverse_colon:0,FN,0
6.0429125,0.16955775,-0.15559474,-0.17280833,0.021089926,-0.60005385,-0.62029505,0.18417509,-0.32473114,0.20254743,1,chr17:45585364:suprapubic_skin:0,TP,1
-2.8384895,1.284531,0.088499725,0.61970913,0.42010376,-0.6965948,0.20704585,0.3707954,-0.32596117,-0.15349723,0,chr6:32622553:thyroid_gland:0,TN,0
-2.3503218,-1.0655537,-0.034438875,-0.11300292,1.4852414,-0.47393763,0.1416449,0.6022871,-0.40591693,-0.21715446,1,chr10:33657748:gastroesophageal_sphincter:0,FN,0
5.671476,-0.13392092,0.72878,0.23217912,0.67745006,-0.34470105,-0.09302207,0.46286735,0.24346682,0.5109179,1,chr17:22856764:tibial_artery:0,TP,1
-3.1699052,-1.1629772,-0.68079144,0.29055673,-0.10316179,-0.6339742,-0.61343485,-0.077788666,0.3056113,0.041617297,0,chr8:22245169:esophagus_squamous_epithelium:0,TN,0
-2.4041631,0.34741956,-0.61247116,-0.44335204,0.17598638,-0.1217078,1.0322539,0.5794822,-0.19269347,-0.01890793,0,chr1:156503678:body_of_pancreas:0,TN,0
-1.4929847,0.32106653,1.8533381,0.2235324,-0.43285716,-0.16647613,0.65133846,-0.61745983,0.550454,0.6213339,0,chr5:96787351:body_of_pancreas:0,TN,0
-3.1034389,1.769185,-0.6151271,0.28786677,-0.82336766,-0.3407083,0.10155788,0.32808048,-0.6383782,-0.47593325,0,chr2:239391046:adrenal_gland:0,TN,0
5.33723,0.549478,0.22380175,1.0376348,0.07315621,0.17181142,0.22940588,-0.511507,-0.43211815,-0.55846304,1,chr2:13818796:thyroid_gland:0,TP,1
5.8554935,-1.1354966,0.24926165,1.5139147,0.5810588,0.19767785,-0.039279647,-0.03358633,-0.59757966,-0.05078697,1,chr11:62951854:prostate_gland:0,TP,1
-2.4463148,1.085356,-0.5466214,0.16765875,0.36880755,0.33404917,0.64733315,0.8970273,-0.3561978,0.4026861,1,chr1:6183654:prostate_gland:0,FN,0
-0.33841795,2.3301396,1.7860205,1.6501828,-1.4871292,0.03638714,0.08491955,0.014687125,0.3672857,0.20390041,0,chr9:137509482:body_of_pancreas:0,TN,0
-1.8812528,-0.9279504,1.4917334,-1.2484527,0.75545126,-0.035591766,0.057258017,-1.0055238,0.15963705,-0.09025272,1,chr1:94463928:transverse_colon:0,FN,0
5.792889,0.77281356,-0.13873024,-0.14662395,-0.12580344,-0.1707986,-0.10332538,-0.107264854,-0.4330622,-0.19078061,1,chr6:29705705:prostate_gland:1,TP,1
1.5936714,2.7955513,-0.11877896,-0.71755224,0.42392498,1.4260086,0.7977084,0.49376446,-0.2397039,0.7560144,0,chr15:26037526:transverse_colon:1,FP,1
-2.253536,1.7615901,-0.18498775,0.31937453,0.75098604,0.5612891,0.2614078,0.7390787,0.23509888,-0.2794384,1,chr1:8015873:gastroesophageal_sphincter:0,FN,0
-2.354562,-0.3595657,0.25408986,-0.62711257,0.7100241,-0.0808743,-0.3887735,0.18350315,0.16295509,-0.23252495,1,chr9:105609267:spleen:0,FN,0
-2.083016,0.111113794,0.31731036,0.19022198,0.004802601,0.36341116,-0.02385645,-0.06419579,-0.53514457,-0.62544906,1,chr13:20489384:upper_lobe_of_left_lung:0,FN,0
-3.6649733,1.8559474,-0.45536408,0.53862697,0.61462355,-0.6068816,-0.7896972,0.21682699,0.47013184,-0.011319592,1,chr4:119212065:Peyers_patch:0,FN,0
4.988772,-0.4986553,-0.27645007,1.0967724,-0.3833347,1.0720364,0.30460525,-0.017711403,-0.42520598,-0.87075204,1,chr13:20119527:body_of_pancreas:0,TP,1
-2.7242522,-0.891566,0.25063825,-0.24689023,-1.3422182,-0.63164103,-0.44898808,-0.3128929,-0.20568168,0.39493367,0,chr4:7719471:body_of_pancreas:0,TN,0
5.997985,0.07447646,0.22969393,0.27668273,0.25909707,-0.3058364,-0.3608998,0.34914473,-0.1654975,-0.040524896,1,chr17:23044492:thoracic_aorta:0,TP,1
5.2308955,0.098592535,0.4248632,-0.7555479,0.23377182,-0.27483195,-0.41234323,0.53034854,0.4696269,-0.04771289,1,chr7:142521135:prostate_gland:0,TP,1
-1.9132631,1.2065572,-0.52790743,0.4178137,0.4742078,1.1365441,-0.19093056,0.30825508,-0.5173566,-0.40716085,0,chr12:128531274:Peyers_patch:0,TN,0
-3.0260353,1.2765932,-0.021059562,0.61490595,0.81337345,-0.4315243,-0.27330965,0.357941,0.22053339,-0.069739036,0,chr13:40986566:body_of_pancreas:0,TN,0
-0.8016564,-1.2115576,2.297104,-0.46268263,0.04283255,-0.192542,0.5091845,-0.42379016,0.03899028,-0.14257659,0,chr2:192488639:transverse_colon:0,TN,0
-3.0239923,0.84675777,0.3599736,0.007538491,-0.04730676,-0.368082,-0.20374522,0.17335641,-0.44892085,-0.42721745,0,chr18:3585456:transverse_colon:0,TN,0
0.018260868,-1.1665456,-0.39554617,0.2072267,-0.07214805,0.68792886,-0.58665454,0.7918283,-0.27311417,-0.5326983,0,chr7:38398988:thoracic_aorta:0,TN,0
-2.7705328,-0.60362756,-0.6049614,-0.11358771,-0.17152971,-0.36759382,-0.8699122,-0.8298844,0.67597264,0.42108548,0,chr4:73259274:body_of_pancreas:0,TN,0
5.437609,-0.59811187,-0.2613853,1.2291099,0.16397345,0.1616666,0.7812453,-0.9241024,-0.44971234,-0.7453668,1,chr7:73725711:thoracic_aorta:0,TP,1
-1.919374,-0.49945903,5.349519e-05,-0.2878881,1.5647794,0.20079984,-0.16012235,-0.05347968,0.208958,0.1927228,0,chr1:117128872:adrenal_gland:0,TN,0
-2.0337417,1.1311942,0.28479657,-0.57865983,1.1790531,1.070168,0.7700208,0.3096638,0.083794765,0.2638232,1,chr5:146662327:Peyers_patch:0,FN,0
-2.7794878,0.77142686,1.4661998,0.48923567,-0.2171341,-0.6003914,0.44252414,-0.5272921,0.10058069,0.07647832,1,chr8:26625312:thoracic_aorta:0,FN,0
3.763541,-1.5583663,-0.77150536,-0.088418275,-0.114282474,-1.2220733,0.5342793,-0.08256246,0.20296977,0.8660368,0,chr19:40541453:tibial_nerve:0,FP,1
6.0036983,0.52964723,0.19451751,0.30956036,0.38471892,-0.7517967,-0.40266106,0.0803391,-0.32324743,0.17713463,1,chr3:75785357:esophagus_squamous_epithelium:0,TP,1
-1.2090918,-2.167581,0.509189,-1.5615484,-0.2892751,0.7519193,-1.3565439,0.44581547,-0.15129426,-0.13593093,1,chr16:11211:Peyers_patch:0,FN,0
-1.7787035,0.3766235,-0.13407615,-0.4365669,1.2972045,0.6716178,-0.8989111,0.03816653,-0.18835966,-0.13477258,0,chr4:65401402:prostate_gland:0,TN,0
-3.2497177,-0.8499263,-0.060312282,-0.1774392,0.43592837,-0.95729995,-0.2471469,-0.265835,-0.54236174,-0.4162909,0,chr1:16079455:transverse_colon:0,TN,0
-1.3782337,-0.59931797,-0.10573871,0.2675946,0.6551425,0.7289743,0.17166577,-0.37715474,0.1827309,0.40807977,0,chr6:33118676:body_of_pancreas:0,TN,0
-2.8919704,0.91919553,-1.3003348,0.13438572,-0.8911284,0.18021545,-0.5192037,0.10377524,0.16976234,0.16178332,1,chr11:1652791:upper_lobe_of_left_lung:0,FN,0
-3.3550568,1.9387366,-0.35735357,0.4343233,0.27366754,-0.6039844,0.56076175,0.87792236,-0.08954934,0.046375163,1,chr1:203369396:gastroesophageal_sphincter:0,FN,0
2.4950316,0.16855119,-0.55294055,0.74879867,0.76072633,1.9112625,-0.40909243,-0.73007137,-1.098368,-0.53902185,1,chr1:108214824:tibial_artery:0,TP,1
5.929857,-0.2756206,0.51088834,0.5621675,0.56035453,-0.19533886,-0.28741986,0.20371899,0.07295325,0.6483816,1,chr17:22909996:upper_lobe_of_left_lung:0,TP,1
-2.699269,-1.1666021,-1.105193,0.07942666,-0.18674779,-0.45180282,-0.3999828,-0.11750299,0.5079036,-0.114497796,0,chr19:35717320:spleen:0,TN,0
0.8131207,-2.559672,0.8292085,-0.45914176,-0.7558346,0.82349634,-0.67246294,0.97030777,-1.5488429,0.15242659,1,chr7:22550431:thoracic_aorta:0,FN,0
5.689398,1.3547797,-0.0852666,-0.66871756,-0.1662779,-0.45431638,-0.6258819,0.26207396,-0.25196454,-0.28745523,1,chr10:96641123:adrenal_gland:0,TP,1
-2.4974103,-0.32908168,1.8461443,-0.47133064,-0.32046875,-0.052866276,-0.001193965,-1.2535228,0.24819183,0.06600162,0,chr19:49327988:spleen:0,TN,0
-2.813174,-1.3932014,0.48419446,-0.6614519,0.6451905,-0.18175809,0.014808046,0.13541374,-0.45807108,-0.12549022,0,chr17:63904060:transverse_colon:0,TN,0
-0.6930162,-0.40726358,-1.2227587,-0.6945144,-1.5750716,1.2074012,-0.23912315,0.9605955,-0.08451135,0.027520383,0,chr2:205885823:body_of_pancreas:0,TN,0
-0.20216155,2.6705527,0.4526876,-1.4784832,0.19290307,0.43645343,-0.6125715,-0.4676179,-0.25230464,0.21949312,1,chr4:134530389:body_of_pancreas:0,TP,1
-2.037051,0.26042527,1.9430908,1.2153151,-1.1665092,0.10268129,0.61438966,-0.45689997,-0.26032925,0.53234243,1,chr16:4548780:transverse_colon:0,FN,0
-1.6323469,-0.036102008,-0.98667413,0.15728463,-0.38370058,0.22873132,0.94188887,0.6488685,-0.5090897,0.11324286,0,chr1:205582709:prostate_gland:0,TN,0
-2.1978843,-0.20253637,-0.020713858,0.73171115,0.50398755,-0.22677371,0.23673084,-0.2303694,-0.3844685,-0.0976322,1,chr7:73734702:body_of_pancreas:0,FN,0
-1.5570688,-1.2669384,0.31712466,-1.0018897,0.10312666,0.7338199,-0.81894773,0.11287588,-0.34980315,-0.7877109,0,chr8:2086978:spleen:0,TN,0
-3.426359,1.2247126,-0.31305194,-0.02251749,-0.18914935,-0.26085946,0.032276884,0.024153218,-0.30229533,0.25679106,0,chr22:22156976:esophagus_squamous_epithelium:0,TN,0
-0.69660723,-0.852702,-0.24078983,-1.1689875,0.9264439,0.36680353,0.559664,0.8485807,0.38778457,0.06123178,1,chr1:160835143:thoracic_aorta:0,FN,0
0.18638247,0.46255195,-0.18437739,-1.0506786,0.86457455,0.8189512,-0.6866133,-0.5466203,-0.32975966,0.18130763,0,chr2:71299493:Peyers_patch:0,TN,0
-2.076077,0.6015783,-0.503234,-0.25499606,0.21970494,0.2318074,0.55649596,0.45575547,-0.3287465,-0.08790026,0,chr5:61464872:transverse_colon:0,TN,0
-2.9751842,-0.43638262,-0.17995495,0.24846376,-0.38822523,-0.816003,-0.059472147,0.2497598,-0.8703721,-0.542936,0,chr2:28452449:suprapubic_skin:0,TN,0
-2.5344827,-2.0576344,1.256939,0.11112003,-0.44923204,-0.2664403,0.01636976,0.2467642,-0.906467,-0.4883387,0,chr1:30657706:transverse_colon:0,TN,0
-3.2761798,1.370191,0.018343814,-0.22046123,0.5487154,-0.005483868,-0.43510664,0.060945723,-0.16190816,-0.15733966,0,chr4:11420596:Peyers_patch:0,TN,0
-0.8876781,-1.3890294,1.4844007,-0.3529126,-0.81011504,-0.3461787,0.86765677,0.14297618,0.04886559,-0.03125243,0,chr19:13049023:body_of_pancreas:0,TN,0
-2.2052236,-1.0470712,-1.1746624,-0.23679994,-0.16932169,-0.44151548,-0.47543553,0.012605163,0.7789136,0.256773,0,chr13:41194553:thoracic_aorta:0,TN,0
-1.8513079,-0.70131916,2.2547283,-1.1615721,-0.0003514313,-0.1243467,0.120802976,-0.8355543,0.5659569,0.32119307,0,chr2:200510474:gastroesophageal_sphincter:0,TN,0
-3.0754006,2.2645395,-0.12775996,0.29116866,0.24228702,-0.37399375,0.22893046,0.37394175,-0.18133415,-0.4922286,0,chr7:142499458:transverse_colon:0,TN,0
-2.8107228,2.2405005,-0.31937227,0.43264338,0.8704142,0.26921305,-0.07891187,0.017401077,0.46336356,0.26265517,0,chr6:85323578:spleen:0,TN,0
-2.4021618,-0.94806045,0.65784144,-0.21295185,-0.9375544,0.56590617,0.46513107,0.096757025,-0.20532218,-0.19927585,1,chr16:88746170:spleen:0,FN,0
3.9724755,-3.0062988,0.27465647,2.1939888,0.82519746,0.89487344,0.004819021,0.30867982,-0.47015992,-0.5835733,1,chr9:101449087:body_of_pancreas:0,TP,1
-1.7476494,0.059739962,-0.14233765,-0.18459328,1.1009432,0.24898404,0.09724347,0.35486373,0.027809309,-0.38275823,0,chr3:133041374:tibial_artery:0,TN,0
1.2949877,-0.37221885,-1.2747372,-1.5246834,-0.32261387,0.6066747,1.1962698,0.44604883,0.07620347,1.6562496,1,chr9:83219889:transverse_colon:1,TP,1
-3.0323172,0.24420273,1.6178119,0.22052023,-0.18580969,-0.1319129,-0.331834,-0.3673515,0.68469226,-0.11205073,0,chr3:125054830:Peyers_patch:0,TN,0
5.4915113,-0.68157744,0.120022796,0.12403974,0.30475917,0.4081863,-0.4736841,0.45202562,0.45379516,-1.0447093,1,chr17:43360554:tibial_nerve:0,TP,1
5.3745737,-0.26069516,-0.3955101,1.0580328,0.42728198,-0.061580975,0.5846065,-0.591326,-0.32835948,-0.25050995,0,chr1:221034915:body_of_pancreas:0,FP,1
1.7611655,-2.371128,1.0612649,1.1013287,-0.1317793,0.10174503,0.5520836,-0.25741944,-0.28067464,0.79293674,0,chr5:69097447:body_of_pancreas:0,FP,1
-2.7141423,-0.8186107,0.2323329,-0.18409312,1.2923622,0.10206366,-0.003082998,-0.33164454,-0.15320931,-0.14124723,0,chr3:16266763:Peyers_patch:0,TN,0
0.099920206,-1.9743677,1.7270485,0.6803879,-0.1394259,0.7505285,0.85393393,-0.2595585,0.41770032,-0.44646314,0,chr2:217924381:upper_lobe_of_left_lung:0,TN,0
-3.359313,0.22171374,-1.0369799,0.70493585,-0.12479751,-0.51591045,-0.4326878,0.40139413,0.4663016,0.11804949,0,chr2:213152392:adrenal_gland:0,TN,0
-3.373674,0.07630062,-1.1405065,0.4932358,-0.737289,-0.8453232,-0.6575867,0.33306342,0.34242532,0.006830547,0,chr17:37489615:body_of_pancreas:0,TN,0
-0.26133034,-1.3731974,1.6803898,-0.8847576,0.3597196,0.19111446,0.16642556,-0.883952,0.5844918,-0.21400614,0,chr4:103012210:body_of_pancreas:0,TN,0
-2.7421753,-1.5321205,0.87623864,-1.1591213,0.8242826,-0.4726611,0.05109378,-0.7755233,-0.31592748,0.03712636,0,chr1:178031767:upper_lobe_of_left_lung:0,TN,0
-3.3616004,2.1669383,0.23815824,0.46775058,0.8698082,-0.4580856,-0.3264396,-0.23689236,0.17614019,-0.26405135,1,chr10:22428849:body_of_pancreas:0,FN,0
-1.9664357,0.58979785,0.108606696,-0.714722,1.617298,0.15065932,0.27021885,0.4410349,0.41542923,0.20366907,0,chr20:20084056:upper_lobe_of_left_lung:0,TN,0
-2.6021414,-0.17585972,-1.1241945,0.57511115,-0.60091525,-0.5101171,-0.22426125,0.17177197,0.30848923,-0.09947213,1,chr8:97869687:body_of_pancreas:0,FN,0
-1.6809877,-2.0972254,-0.16647077,-0.10612519,-0.42453304,-0.8833266,0.49037853,-0.27161664,-0.5802139,0.38430196,0,chr5:134411662:Peyers_patch:0,TN,0
5.351921,1.0659748,-0.5084616,-0.5259339,-0.7975022,-0.39772302,-0.08895053,-0.22847113,0.0463206,-0.5365684,1,chr9:42852316:tibial_nerve:0,TP,1
2.5718126,-0.5735111,0.95364404,-1.0500339,0.07925674,-0.5604019,1.5703341,-0.05300199,0.67528087,1.0422926,1,chr22:35043457:prostate_gland:0,TP,1
-2.8914695,0.4713155,-0.42685017,0.5058485,0.93419385,0.030670028,-0.3822297,0.338154,-0.117470816,-0.24831593,0,chr4:111283097:tibial_artery:0,TN,0
3.5352757,-0.4114322,-0.18139288,0.606999,0.11592798,1.1317446,0.4469663,-0.8270614,-0.8132205,0.5049567,1,chr12:48753691:sigmoid_colon:0,TP,1
-1.7702913,1.2655925,-0.66470647,0.47163072,-0.30657396,0.73547924,0.1484781,-0.34080726,-0.11922391,0.04426739,0,chr9:98998958:thoracic_aorta:0,TN,0
5.192261,1.455933,0.28548783,-0.85303974,0.124393284,-0.8496021,-0.124152906,-0.02683436,0.39707538,0.44473496,1,chr7:67176863:tibial_nerve:0,TP,1
-1.9031876,-0.16162977,-0.10852396,0.3316984,1.0614892,-0.3177456,0.56915915,1.2734385,-0.15198512,0.15067771,0,chr6:32622665:transverse_colon:0,TN,0
-3.6649733,1.8559474,-0.45536408,0.53862697,0.61462355,-0.6068816,-0.7896972,0.21682699,0.47013184,-0.011319592,1,chr4:119212065:esophagus_muscularis_mucosa:0,FN,0
5.2899585,1.4294441,0.027768541,-0.663761,0.080203086,0.023516037,0.02103895,0.15414532,-0.12316235,0.122544765,0,chr7:32034243:body_of_pancreas:0,FP,1
5.534416,1.374139,0.23412856,-0.65056425,-0.115566574,-0.5906626,-0.5309001,-0.058578704,-0.05027775,-0.84182125,1,chr17:43360656:body_of_pancreas:0,TP,1
-1.6425567,-0.9831399,2.1074507,-0.08644195,-0.29040545,0.21222974,-0.41109803,0.7460462,1.0336859,-0.9458077,0,chr1:16675085:stomach:0,TN,0
-1.5263569,-1.8829051,0.46700075,-0.21873324,-0.24057682,0.061075743,-0.47478473,0.035391867,0.11481896,-0.8246796,0,chr5:126600688:sigmoid_colon:0,TN,0
-3.2361126,0.34530854,-0.8255369,0.37009886,-0.88812864,-0.65481997,-0.59200263,-0.47231254,0.26508248,0.011341908,0,chr16:88663241:body_of_pancreas:0,TN,0
-3.0295687,0.17924538,-0.47240457,-0.16421615,-0.38978443,-0.96062064,0.50303155,0.29485217,-1.1040052,-0.6953339,0,chr17:80968878:gastroesophageal_sphincter:0,TN,0
1.5178608,-2.928821,1.4437306,1.2707382,0.4485836,0.5551097,-1.3104903,2.1792276,1.0950907,-0.22656278,1,chr8:44636977:lower_leg_skin:0,FN,0
2.5648482,1.6542543,-0.018428095,-0.58266497,0.030470341,1.4668405,-0.86394894,-0.78385675,0.04097844,1.4168442,1,chr5:123274158:adrenal_gland:0,TP,1
-3.2259855,-0.029715244,-0.033679347,0.20186312,0.73172176,-0.35247797,-0.17940809,-0.41454425,0.22869827,0.06663327,1,chr6:32855197:adrenal_gland:0,FN,0
-3.133793,0.7795467,0.054950874,-0.38928044,1.1415433,0.30634353,-0.41535082,0.39543042,-0.3399671,-0.24991204,1,chr15:21284342:transverse_colon:0,FN,0
2.3322096,0.46253997,-0.3563971,-0.62336946,1.4485182,0.08126426,-0.61219144,0.22512297,-0.026261624,0.23089449,1,chr9:72293106:transverse_colon:0,TP,1
-1.4605422,-1.1469091,-0.3848043,-1.1678357,0.9357354,-0.11710157,1.0743438,0.25363874,0.21144976,0.10786668,1,chr2:96580929:prostate_gland:0,FN,0
-1.3909507,-2.558351,0.8333994,0.5901468,0.10035334,0.37882078,-0.4521748,0.69709855,-0.05366074,-0.2536706,0,chr19:41136198:esophagus_squamous_epithelium:0,TN,0
3.2073278,-2.7508724,-0.7188721,0.32030493,0.078126036,1.1490333,-0.10391656,0.46568447,0.04803824,0.038208287,1,chr19:4352840:prostate_gland:0,TP,1
3.2073278,-2.7508724,-0.7188721,0.32030493,0.078126036,1.1490333,-0.10391656,0.46568447,0.04803824,0.038208287,1,chr19:4352840:testis:0,TP,1
4.762805,-0.10706044,-1.382904,-0.6469941,-0.7923806,-0.09342343,0.27608982,0.19193763,0.5401896,-0.5201248,1,chr14:74257715:suprapubic_skin:0,TP,1
2.7160344,-0.18145125,-0.015545675,-0.68536735,-0.07375578,-0.020694437,0.81876385,0.88840693,1.3872316,-0.2550143,1,chr19:21595330:body_of_pancreas:0,TP,1
-2.8107243,2.240503,-0.31937182,0.4326435,0.87041265,0.26921415,-0.07891125,0.017401207,0.46336257,0.2626541,0,chr6:85323578:esophagus_muscularis_mucosa:0,TN,0
-2.037051,0.26042527,1.9430908,1.2153151,-1.1665092,0.10268129,0.61438966,-0.45689997,-0.26032925,0.53234243,1,chr16:4548780:prostate_gland:0,FN,0
-2.037051,0.26042527,1.9430908,1.2153151,-1.1665092,0.10268129,0.61438966,-0.45689997,-0.26032925,0.53234243,1,chr16:4548780:transverse_colon:1,FN,0
-1.4605398,-1.1469058,-0.3848056,-1.1678339,0.93573445,-0.11709965,1.074345,0.25364065,0.21145137,0.10786697,1,chr2:96580929:Peyers_patch:0,FN,0
4.785509,-1.6351708,-1.3223672,0.48134962,-0.25035888,0.24979989,1.108283,-0.36837256,0.057369836,-1.3049942,1,chr12:47942527:spleen:0,TP,1
-2.3289104,-0.8297365,0.328658,-1.0738171,0.4095129,-0.08821549,-0.080070734,-0.61613816,-0.20665857,-0.048384458,0,chr17:80894641:body_of_pancreas:0,TN,0
3.9459856,-1.4237806,-0.09064448,2.0544405,0.53705525,0.4389945,1.0532378,-1.0341278,0.43586934,-1.0633082,1,chr11:32503790:body_of_pancreas:0,TP,1
5.192261,1.455933,0.2854873,-0.8530406,0.12439339,-0.84960216,-0.12415312,-0.026834892,0.39707577,0.44473502,1,chr7:67176863:gastrocnemius_medialis:0,TP,1
-2.8598096,1.6184705,-0.9639257,0.33279264,0.07010211,0.079885975,-0.025152396,0.7213288,-0.110998414,0.28944275,0,chr14:34228112:suprapubic_skin:0,TN,0
5.846577,-0.09602848,-0.25393352,-0.07544546,0.40655258,-0.96234334,0.07078683,0.009346589,-0.0386899,-0.5825413,1,chr9:129437243:body_of_pancreas:0,TP,1
-3.3994634,0.23890235,-0.27084294,0.20328587,0.0681736,-1.2605349,-0.8082364,-0.5211954,0.41107062,0.14714164,0,chr12:49568079:esophagus_muscularis_mucosa:0,TN,0
-3.2921152,1.0217923,-0.27761203,0.1516523,0.4327542,-0.5381113,-0.47466883,-0.14529192,-0.1483929,0.016486876,1,chr15:89136894:body_of_pancreas:0,FN,0
5.556337,-0.5432849,-0.12907329,1.0951878,0.25318685,0.6150619,0.37316465,-0.43083137,-0.37242725,-0.82437056,1,chr3:127748429:upper_lobe_of_left_lung:0,TP,1
5.2075214,-0.23954216,-0.13927636,1.5368468,0.1877956,-0.050423797,0.8907399,-0.67720586,-0.46806937,-0.06274411,1,chr6:41006476:thoracic_aorta:0,TP,1
-3.0227082,-0.06305368,-1.2517294,1.1126013,-0.53720033,-0.5985192,-0.55737984,0.021274392,0.27725962,0.17121777,1,chr9:129203006:Peyers_patch:0,FN,0
-1.5312185,0.8189952,1.637992,1.4365561,-1.0794537,-0.08009072,0.05458166,0.4931746,0.06697049,0.056132525,1,chr2:18921941:body_of_pancreas:0,FN,0
-1.6899843,-1.5969976,-0.53994304,0.20024928,0.41248935,0.13972104,-0.66949916,0.17972422,0.37659082,-0.38050526,0,chr15:43824787:prostate_gland:0,TN,0
2.5648482,1.6542518,-0.018427486,-0.58266395,0.030470522,1.4668415,-0.8639505,-0.78385586,0.04097936,1.416845,1,chr5:123274158:Peyers_patch:0,TP,1
3.5352743,-0.4114316,-0.18139173,0.60699826,0.115927376,1.1317434,0.44696555,-0.8270618,-0.8132211,0.50495833,1,chr12:48753691:body_of_pancreas:0,TP,1
0.5069397,0.577802,0.5992758,-1.0487546,-0.61402684,0.5083742,0.35436633,0.32878593,0.09809816,-0.1731403,0,chr12:55446541:transverse_colon:0,FP,1
-2.7064598,-0.70365393,-1.5412045,0.5171012,-0.6835412,-0.9579894,-0.21437153,-0.3498774,0.47123137,0.040109724,0,chr2:56184021:thoracic_aorta:0,TN,0
-2.5336401,-0.47497237,0.19371586,-0.034997933,0.46315506,-0.28303322,0.091586426,-0.6105295,-0.32744908,-0.09593715,0,chr19:47296043:sigmoid_colon:0,TN,0
5.742974,0.055788916,0.6449897,0.5696201,0.21192694,-0.19221602,-0.21942915,0.30394182,-0.13605782,0.70854527,1,chr17:22822734:spleen:0,TP,1
5.33723,0.549478,0.22380175,1.0376348,0.07315621,0.17181142,0.22940588,-0.511507,-0.43211815,-0.55846304,1,chr2:13818796:prostate_gland:0,TP,1
-1.9047323,-2.7182596,0.8556326,-1.0895756,0.64665675,0.23706715,-0.40908417,-0.3030386,-0.46616396,-0.5676612,0,chr12:50926506:transverse_colon:0,TN,0
-1.8313259,-1.1796747,0.14464456,-0.4022305,0.4479441,-0.07493731,0.11966823,0.16462986,0.19834347,0.36493307,0,chr11:13873413:gastroesophageal_sphincter:0,TN,0
1.9534218,1.6056606,-0.20229225,-0.10742037,0.74099785,1.614322,-0.67920214,-0.6338642,-0.13582534,0.12314328,1,chr2:57516866:adrenal_gland:0,TP,1
1.4046025,-0.16052316,0.23336075,-2.2286358,0.23620006,1.0651588,0.7655356,0.7160418,0.06474659,0.72949976,0,chr3:30875789:gastrocnemius_medialis:0,FP,1
-3.206045,-0.9936949,0.23571597,0.21367033,-0.066514514,-0.5830476,-0.27678147,-0.16314933,-0.2720567,-0.16314635,0,chr8:41528891:thoracic_aorta:0,TN,0
-0.67937124,-1.1680678,0.21447617,-0.4371815,0.50951636,0.47423935,0.5888777,0.065418005,0.5065013,-0.60140306,0,chr16:89404837:prostate_gland:0,TN,0
0.5065326,-0.8491155,-1.5704807,0.28616786,-0.6005547,0.60610414,-0.039037056,-0.68948525,1.1265541,0.76748556,1,chr12:50283650:tibial_nerve:0,TP,1
-2.9603534,-1.2399966,0.8413526,-0.40947312,0.67094004,-0.8207685,0.034068923,-0.8351083,-0.6701033,-0.23120756,0,chr11:114193931:thoracic_aorta:0,TN,0
-3.032373,-0.10712923,-1.6440002,0.29200092,-0.33693787,0.0177894,-0.28929788,0.15686457,0.46483913,0.28521386,1,chr19:35248016:testis:0,FN,0
-1.2090918,-2.167581,0.509189,-1.5615484,-0.2892751,0.7519193,-1.3565439,0.44581547,-0.15129426,-0.13593093,1,chr16:11211:tibial_artery:0,FN,0
-0.30789122,-2.11081,-1.7943587,1.2725778,0.011995266,0.2868787,-0.12987615,-0.21453755,-0.023768345,0.07823651,1,chr3:136195872:upper_lobe_of_left_lung:0,FN,0
-3.194019,-0.1771191,0.1393294,-0.20996587,0.1758732,-0.052457985,-0.11147427,-0.20234084,-0.43790254,0.012184185,0,chr5:10364680:gastrocnemius_medialis:0,TN,0
-3.3673112,-0.86691624,-0.2225687,0.20720032,0.42931235,-0.72662693,-0.78943,-0.29382914,-0.025137924,-0.041624445,0,chr9:34329606:tibial_nerve:0,TN,0
-2.749164,0.91535366,-0.17787124,0.51996416,-0.85854864,-0.34171426,0.360328,-0.03399085,-0.71545905,-0.3406429,1,chr17:74770112:Peyers_patch:0,FN,0
6.0036983,0.52964723,0.19451751,0.30956036,0.38471892,-0.7517967,-0.40266106,0.0803391,-0.32324743,0.17713463,1,chr3:75785357:Peyers_patch:0,TP,1
-2.7799666,-0.25949377,1.3128957,-0.68370855,-0.5139494,0.39970344,-0.2516849,-0.22939238,-0.15780576,-0.14228386,0,chr3:159805298:transverse_colon:0,TN,0
-2.8919704,0.91919553,-1.3003348,0.13438572,-0.8911284,0.18021545,-0.5192037,0.10377524,0.16976234,0.16178332,1,chr11:1652791:body_of_pancreas:0,FN,0
-2.4637985,0.98564404,2.543942,0.86681616,-1.6553313,0.40857324,0.12008532,0.25042996,0.12529637,-0.46564195,0,chr12:66409237:body_of_pancreas:0,TN,0
-1.055369,-0.22912322,-1.102145,0.025347833,0.40482578,0.39218315,0.64739954,0.40554386,-0.0022018026,0.81460935,0,chr12:106224338:prostate_gland:0,TN,0
-1.1585933,0.73615146,-0.3985619,-1.3382438,-0.22866893,0.666563,1.0338674,0.4949613,-0.05726433,1.1645278,0,chr4:38759649:upper_lobe_of_left_lung:0,TN,0
-2.704332,-0.48215598,0.19648898,-0.29281685,-0.2581979,-0.37225705,0.34086525,-0.5271829,-0.42404523,-0.5584434,0,chr17:21766120:upper_lobe_of_left_lung:0,TN,0
-0.30615792,-3.1836102,-1.6071304,0.88305193,-0.4163134,-0.015726482,0.014021125,0.1814973,0.2283924,0.34325826,0,chr12:116881269:upper_lobe_of_left_lung:0,TN,0
-0.5201784,-0.9222428,-0.40170687,0.40070283,-0.4161807,0.50070584,1.0831323,0.4748449,-0.54243493,-0.13312253,0,chr10:103653884:Peyers_patch:0,TN,0
1.0431652,-1.543235,0.8119367,0.27704278,-0.5740084,-0.1055193,0.15083914,0.37146276,-1.2854255,2.0486708,1,chr19:45678133:transverse_colon:0,TP,1
0.06457281,-0.15068716,1.1336039,0.072590455,-0.19984427,1.7578242,0.8203456,0.6054683,0.62828124,-0.39688355,1,chr20:41572206:Peyers_patch:0,FN,0
-1.5624107,-1.3827432,-1.3995254,-0.28057393,-1.415813,0.01350541,-0.055818386,0.3687679,0.09927369,0.037693452,0,chr1:32893155:tibial_nerve:0,TN,0
-1.8201154,0.28342605,-0.653505,0.166141,-1.0055232,0.84946597,-0.05158608,-0.22612382,-0.6912144,-0.42255038,1,chr17:21317316:upper_lobe_of_left_lung:0,FN,0
-2.9751842,-0.436382,-0.17995542,0.24846433,-0.38822475,-0.81600344,-0.059471652,0.24975921,-0.8703722,-0.5429364,0,chr2:28452449:esophagus_muscularis_mucosa:0,TN,0
0.8131207,-2.559672,0.8292085,-0.45914176,-0.7558346,0.82349634,-0.67246294,0.97030777,-1.5488429,0.15242659,1,chr7:22550431:thoracic_aorta:1,FN,0
3.9599667,-0.31970036,-0.9383516,-0.67366964,-1.1395494,0.8164293,1.0150365,0.4865201,-0.49778265,-0.33948246,0,chr2:239275653:body_of_pancreas:0,FP,1
4.5795603,1.7593973,0.09262922,-0.7441087,-0.6317754,0.3993025,-0.34543043,-0.05073504,-0.3932181,0.277067,0,chr7:143319072:prostate_gland:0,FP,1
6.058692,0.34700304,0.030160146,-0.18884991,0.31067866,-0.7298241,-0.2551179,0.18533257,-0.09683157,-0.4277639,1,chr2:158848532:esophagus_squamous_epithelium:0,TP,1
-2.4615984,-0.5958627,-0.28042004,-0.47342098,-0.41385803,0.67552227,-0.5940465,-0.69191617,-0.015010079,-0.3734844,0,chr12:49568783:upper_lobe_of_left_lung:0,TN,0
-3.049306,0.78126067,-0.0011118407,-0.2023823,0.7271981,-0.086113155,-0.14137448,-0.7330929,-0.3497262,-0.3576277,1,chr9:41798915:Peyers_patch:0,FN,0
-1.1964905,-0.019917782,0.94653976,-0.46830228,0.8072062,-0.06940038,0.2635296,-0.5203719,-0.42106524,0.0844448,0,chr13:99033849:sigmoid_colon:0,TN,0
-1.914133,-0.44117862,-1.6638571,-0.16474664,-0.7853513,0.00943659,1.1335549,1.2335722,-0.20588033,0.19600001,0,chr10:132836619:transverse_colon:0,TN,0
1.8742067,0.04935093,1.0535421,1.6061952,0.0992644,0.19601516,0.2820862,0.19794616,0.24107,0.24452195,0,chr7:142451294:body_of_pancreas:0,FP,1
-2.5058622,-0.23074372,2.1146483,-0.123634204,-0.09050304,0.097633116,-0.20891362,0.121283256,0.46692502,-0.7773029,0,chr17:26980218:spleen:0,TN,0
4.9375362,-1.6807796,-0.15377367,1.5992668,0.39228585,0.30052403,0.63153046,-0.41197634,-0.28125373,-0.5901334,1,chr11:71098108:body_of_pancreas:0,TP,1
-2.619013,1.241792,0.23640881,0.31908125,1.0740026,0.27024174,0.46148714,-0.30181348,0.34921286,0.113036476,1,chr6:106223515:esophagus_squamous_epithelium:0,FN,0
4.1172924,0.7198784,0.6472596,-0.5760706,0.6548321,0.10913678,0.62770915,0.13481072,0.47044823,-0.18911448,1,chr10:26573766:body_of_pancreas:0,TP,1
-2.4376688,-1.0010098,-1.4656485,0.36644208,-0.5302325,-0.29975978,-0.3010361,0.1269083,0.5607642,0.1097923,0,chr10:86401298:testis:0,TN,0
5.5507684,1.4310983,0.07142726,-0.41697112,0.043522228,-0.6729172,-0.2588239,-0.04227893,-0.15319036,-0.43621382,1,chr7:142775335:body_of_pancreas:0,TP,1
-0.11873669,-1.510687,-0.7984996,0.8895922,-0.2704884,1.15688,0.46935087,-0.29310232,-0.8491517,-0.29833615,0,chr16:10828854:tibial_nerve:0,TN,0
-0.79090923,-1.072219,0.11804104,-0.68035895,-0.68470275,-0.4231871,0.39450988,0.049426295,-1.0349854,1.3313893,1,chr11:65552279:prostate_gland:0,FN,0
0.6371306,-0.4465648,0.21270359,-0.86703724,0.48982593,-0.17877635,0.9908374,0.3880227,0.2405272,0.0052680545,0,chr13:21242735:stomach:0,FP,1
-2.3467333,0.80084944,-0.71641153,-0.9586303,-0.79064924,0.08726109,-0.8529949,-0.428819,0.5509676,0.6119877,1,chr1:179365922:transverse_colon:1,FN,0
-1.5401719,0.8097014,-0.6420375,1.0575329,0.7792444,0.796353,0.24957792,-0.25201976,-0.3038178,0.1972732,0,chr6:16409816:gastroesophageal_sphincter:0,TN,0
-2.518561,-0.7923735,0.6981804,-1.6227994,-0.17490393,-0.32045102,0.0071876682,-0.53213215,0.088461824,-0.9991519,1,chr8:41651698:transverse_colon:1,FN,0
-2.8919704,0.91919553,-1.3003348,0.13438572,-0.8911284,0.18021545,-0.5192037,0.10377524,0.16976234,0.16178332,1,chr11:1652791:body_of_pancreas:1,FN,0
-1.0923469,-0.10515247,1.4475907,-0.6832305,-0.44879448,-0.23258092,-0.07784135,-0.5244544,0.5923129,0.42857766,0,chr20:48698949:body_of_pancreas:0,TN,0
6.0527763,-0.78149384,0.18715812,0.9881689,0.4652002,-0.14309217,-0.26056132,0.18099433,-0.62213194,0.13592902,1,chr6:159653130:thoracic_aorta:0,TP,1
3.9189148,-0.36549592,-0.2100392,-0.86542016,0.2171006,1.1230848,-0.7313168,-0.8392521,-0.09453949,0.33449998,1,chr4:108572789:thoracic_aorta:0,TP,1
-3.1599462,0.2619987,-0.6358561,0.0728255,0.38085166,-0.2141943,-0.8743145,0.102004945,-0.10786737,-0.28034306,0,chr5:43008814:Peyers_patch:0,TN,0
-1.61808,-1.8703465,0.85714763,0.6344157,-0.5735264,-1.0310868,-0.72930264,0.69566387,-1.1339965,0.7503648,1,chr2:219570652:upper_lobe_of_left_lung:0,FN,0
-2.9766195,0.5840827,0.013519443,-0.23882458,0.052452754,0.33973014,0.069882765,-0.21641721,-0.2313367,-0.46955264,0,chr7:95549948:Peyers_patch:0,TN,0
-3.0222726,1.780414,1.1078516,-0.1290465,-0.3238478,0.5394297,-0.5048173,-0.9627419,0.25482038,0.2429334,0,chr8:23960566:Peyers_patch:0,TN,0
6.161287,-0.38117737,-0.16282196,0.27088574,0.57941806,-0.96186906,-0.06362656,-0.12488981,0.087661624,-0.52436656,1,chr12:8390645:body_of_pancreas:0,TP,1
-2.3257189,-1.5152355,-0.04573601,-1.0636116,-0.09571922,0.17734568,-0.553476,-0.0638365,-1.149437,-0.69195837,1,chr7:22550492:tibial_nerve:0,FN,0
-2.8210413,-0.786985,0.07422107,-0.18499792,-0.08361909,-0.30803847,-0.17418414,0.49422726,-0.4031162,-0.61719334,0,chr4:2468253:transverse_colon:0,TN,0
5.958271,-0.97921443,0.24842767,1.306571,0.54507744,0.07286642,-0.1849324,0.06926028,-0.52008265,0.057860773,1,chr7:145020238:thyroid_gland:0,TP,1
-2.6130764,0.67289776,-0.6572175,-0.18285722,-0.16513358,0.0019029311,-0.36381257,0.39342758,0.12344218,-0.39439255,0,chr7:47578970:prostate_gland:0,TN,0
6.0036983,0.52964723,0.19451751,0.30956036,0.38471892,-0.7517967,-0.40266106,0.0803391,-0.32324743,0.17713463,1,chr3:75785357:tibial_artery:1,TP,1
-1.3489003,0.17129758,-0.23817311,-0.26093537,-0.25255314,0.24110234,0.5914171,-0.26118824,-0.830263,-0.041972075,0,chr7:142474185:body_of_pancreas:0,TN,0
-3.3622627,-0.38564172,-0.23669794,0.27919105,0.21398193,-0.7039642,-0.5609126,-0.42256486,0.41558668,-0.11357245,0,chr17:45061228:transverse_colon:0,TN,0
-3.0222602,2.4438052,-0.02401568,0.75551426,0.8321643,0.25702655,0.20477875,0.46494967,-0.010279738,0.115122385,0,chr15:55917969:tibial_artery:0,TN,0
-2.8588333,-0.32476023,-1.3175583,0.50782126,-0.98371047,-0.6538311,-0.8020767,0.29295072,0.38762474,0.06460191,0,chr3:174441132:tibial_artery:0,TN,0
-1.8033514,0.29565328,1.5512183,0.5179172,-0.89441305,0.055510458,-0.07079628,-0.19450715,0.4449154,-0.2240565,0,chr19:54509430:tibial_nerve:0,TN,0
4.118654,1.6444969,-0.0059975954,-1.273731,0.053884257,0.12899618,-0.5495089,-0.35299736,0.7961774,-0.2799315,1,chr4:75289967:esophagus_squamous_epithelium:0,TP,1
-2.619013,1.241792,0.23640881,0.31908125,1.0740026,0.27024174,0.46148714,-0.30181348,0.34921286,0.113036476,1,chr6:106223515:adrenal_gland:0,FN,0
6.161287,-0.38117737,-0.16282196,0.27088574,0.57941806,-0.96186906,-0.06362656,-0.12488981,0.087661624,-0.52436656,1,chr12:8390645:adrenal_gland:0,TP,1
-2.9897172,0.4605781,0.19415449,0.21191983,0.75707275,-0.08943857,0.18984357,-0.30269852,-0.16814364,-0.101343825,1,chr8:17700159:prostate_gland:0,FN,0
0.035534695,-1.5008518,0.46804157,0.23916611,0.10483749,-0.103977546,0.07569635,-0.81534934,-0.6074763,1.9124383,1,chr16:68367181:suprapubic_skin:0,FN,0
4.249874,0.60747963,0.4561767,0.6915182,-0.32356194,0.61193883,0.6256372,-0.73063076,0.0797799,-0.20042096,1,chr16:47400436:body_of_pancreas:0,TP,1
-2.316216,-0.6178086,0.016599312,0.04726765,0.32811716,-0.19340736,0.04920003,-0.74017155,-0.13489854,-0.28884107,0,chr7:4479619:spleen:0,TN,0
-0.9152657,-0.34428784,2.2479668,0.8807035,-0.4266245,0.02293619,0.39645138,-0.593012,0.24958341,0.40678802,0,chr21:28196830:body_of_pancreas:0,TN,0
-2.9027646,0.1824196,-0.7241376,-0.07328514,0.25810894,-0.1187811,-0.668342,-0.41600385,0.14277095,0.25263605,0,chr3:122416407:tibial_nerve:0,TN,0
3.2491157,-0.70547605,-0.5208055,0.16989985,0.49360076,-0.015611603,0.6255615,-0.6442123,0.32735807,-0.8473236,1,chr2:240269659:tibial_artery:0,TP,1
6.000722,0.4226834,-0.060889807,-0.10412818,0.31273735,-0.5799064,-0.46243924,0.12757678,-0.11098882,-0.002888669,1,chr6:31374359:tibial_artery:1,TP,1
-1.2643524,-1.9600419,-1.8081411,1.0012256,-0.54288423,0.028499424,-0.19525455,0.069212765,0.32306105,0.055272106,1,chr10:89414808:sigmoid_colon:0,FN,0
5.351921,1.0659748,-0.5084616,-0.5259339,-0.7975022,-0.39772302,-0.08895053,-0.22847113,0.0463206,-0.5365684,1,chr9:42852316:gastroesophageal_sphincter:0,TP,1
-0.63170964,-0.20349006,0.7989846,-0.6948066,-0.3799096,0.4817365,0.6000365,0.40268782,-0.28309026,-0.030320449,1,chr9:95908010:Peyers_patch:0,FN,0
-2.6721494,-0.012163224,0.45577422,-0.7074498,0.8575993,0.5004685,-0.4393876,-0.17747879,-0.4008883,-0.41886234,0,chr1:158883630:prostate_gland:0,TN,0
-1.9287653,0.9417057,-0.8848642,0.15468842,-0.8489696,-0.39191115,1.1684194,0.4132804,-0.5289145,-0.15038687,0,chr16:18400041:esophagus_squamous_epithelium:0,TN,0
-2.518561,-0.7923735,0.6981804,-1.6227994,-0.17490393,-0.32045102,0.0071876682,-0.53213215,0.088461824,-0.9991519,1,chr8:41651698:suprapubic_skin:0,FN,0
5.351921,1.0659748,-0.5084616,-0.5259339,-0.7975022,-0.39772302,-0.08895053,-0.22847113,0.0463206,-0.5365684,1,chr9:42852316:esophagus_muscularis_mucosa:0,TP,1
-1.8503703,-1.6917739,-0.33948967,-0.16988471,-0.13522023,0.013143528,0.6007269,0.13170515,-0.21872243,-0.38763958,0,chr22:37015148:transverse_colon:0,TN,0
5.447342,0.52643293,-0.95722497,-0.30876076,-0.43750656,-0.6501132,-0.0056004855,-0.20511495,-0.15384038,0.12868156,1,chr9:129437586:body_of_pancreas:0,TP,1
-2.635527,1.0958574,-0.191024,-0.0022169754,-0.2690433,-0.4786323,-0.12068414,-0.020652685,-0.13568775,-0.33481038,0,chr20:59515611:body_of_pancreas:0,TN,0
-0.14557627,-0.38410598,1.6747258,-0.5072184,-0.16850013,-0.23113652,0.3469257,-0.17019048,-0.26864374,-0.68531835,0,chr10:4907993:body_of_pancreas:0,TN,0
-2.0858562,-1.5772028,0.119308546,-0.7745782,0.3284667,0.5908521,-0.69652396,-0.3123166,0.11997087,-0.4690268,0,chr3:14948877:thoracic_aorta:0,TN,0
0.33646607,-2.1646707,-1.5821141,-0.21670626,-0.83619213,-0.9040664,0.37966257,-0.33700866,1.1020702,0.53881156,0,chr9:136400120:tibial_nerve:0,TN,0
5.7531967,0.36722806,-0.48441768,-0.3102987,-0.051448237,-0.1280922,-0.23108132,-0.06574609,-0.1268892,-0.06456483,1,chr12:121918386:tibial_artery:0,TP,1
-2.8588004,-1.5577823,-0.48854196,0.06353922,-0.3472675,-0.71455514,-0.8285879,-0.43189207,0.02776361,0.07624601,0,chr6:145814988:spleen:0,TN,0
-2.247133,1.0496622,-0.081838205,0.05280085,-0.79746974,0.07928943,0.7455227,-0.23233512,-0.4877524,-0.259583,1,chr5:133906516:body_of_pancreas:0,FN,0
3.2641444,-1.0930686,0.39533615,0.4718147,0.72902316,0.52378154,0.23746966,-0.4349088,0.93301165,0.24045333,0,chr17:43365041:body_of_pancreas:0,FP,1
-1.561133,-0.74193335,0.88333106,-0.36859483,-0.7416486,0.45477015,0.6845745,-0.78306246,-0.30694538,-0.110370055,1,chr10:78471394:gastroesophageal_sphincter:0,FN,0
5.666192,0.524471,-0.028109701,0.7086091,0.18593366,0.046139013,-0.11293553,-0.6844133,-0.61994123,-0.068663776,1,chr4:113924077:prostate_gland:0,TP,1
-3.2811217,-1.1515145,0.021639632,-0.41149333,0.2549637,-0.4614395,-0.59466666,-0.24235718,-0.45225555,-0.071816586,0,chr1:20522585:prostate_gland:0,TN,0
-1.4605422,-1.1469091,-0.3848043,-1.1678357,0.9357354,-0.11710157,1.0743438,0.25363874,0.21144976,0.10786668,1,chr2:96580929:thoracic_aorta:0,FN,0
-2.857766,-0.3556824,-1.0421488,0.5894564,-0.12456492,-0.22180398,-0.79819244,-0.00208525,-0.1195476,-0.3757422,0,chr5:54310714:gastrocnemius_medialis:0,TN,0
1.2341464,-1.8411586,-1.2686695,0.36013865,0.5242669,0.37708423,1.5376475,0.371632,0.7311799,1.3000634,0,chr19:6199327:esophagus_muscularis_mucosa:0,FP,1
6.042911,0.16955851,-0.15559418,-0.1728083,0.02108957,-0.60005456,-0.6202952,0.18417436,-0.32473007,0.20254815,1,chr17:45585364:Peyers_patch:0,TP,1
-1.9048176,-0.8739502,-0.5065826,-0.7502882,-1.0229887,-0.06428317,1.0967529,0.19027035,-0.15583454,-0.1978221,0,chr4:6327379:tibial_nerve:0,TN,0
1.743406,-1.0851121,1.0804443,1.3457428,0.41224873,0.47495037,0.40758353,-1.014808,-0.2790123,0.8932041,0,chr14:52072233:gastroesophageal_sphincter:0,FP,1
-3.206043,-0.993699,0.23571439,0.21366976,-0.066512235,-0.583048,-0.27678105,-0.1631495,-0.2720562,-0.16314544,0,chr8:41528891:stomach:0,TN,0
5.4309797,-0.6529015,-0.25026435,-0.331988,0.556183,-0.88600266,0.24582352,-0.10061475,0.38458702,1.0849184,1,chr19:7799767:transverse_colon:1,TP,1
-2.7825525,-1.5249451,-0.022436978,-0.53524536,0.19072035,-0.42237845,-0.30484986,-0.66933703,-0.09706536,-0.71000063,0,chr11:76152508:gastrocnemius_medialis:0,TN,0
-2.5362058,-0.6148417,-0.062594734,0.02775052,-0.053950492,0.23188685,0.18888302,-0.13730876,-0.5445582,-0.027621545,0,chr1:22005335:Peyers_patch:0,TN,0
-3.0089042,0.23230505,-0.52383363,0.4161614,0.60976905,-0.35933796,-0.3225238,0.09463162,0.17639925,0.11271657,1,chr7:142483027:body_of_pancreas:0,FN,0
6.042911,0.16955851,-0.15559418,-0.1728083,0.02108957,-0.60005456,-0.6202952,0.18417436,-0.32473007,0.20254815,1,chr17:45585364:upper_lobe_of_left_lung:0,TP,1
-2.7740614,0.0888539,1.4934016,0.11637433,-0.43442264,0.34566674,-0.3911544,-0.16088039,0.7803378,-0.5706514,0,chr17:66523671:sigmoid_colon:0,TN,0
5.997985,0.07447646,0.22969393,0.27668273,0.25909707,-0.3058364,-0.3608998,0.34914473,-0.1654975,-0.040524896,1,chr17:23044492:suprapubic_skin:0,TP,1
-1.7428094,-1.7426975,0.39673412,-0.17726564,-0.9463245,-0.88685155,0.09714311,0.61569625,-1.1650836,0.5095983,1,chr6:149863745:body_of_pancreas:0,FN,0
3.6099129,-1.361376,0.15402488,0.8761618,0.19912818,0.087162696,0.21192624,0.0674679,0.72206134,0.11602589,1,chr1:41432909:prostate_gland:0,TP,1
5.626315,0.5451873,-0.46522847,-0.79987115,-0.35491803,-0.9776431,0.056648396,-0.015668344,0.36800122,-0.053516723,0,chr4:148444756:transverse_colon:0,FP,1
3.3261323,-0.32523346,0.057018954,-0.58070505,0.5117329,-1.2621518,1.2382783,-0.7681538,1.5828799,-1.307862,1,chr22:12494588:omental_fat_pad:0,TP,1
-2.4133914,0.33356997,0.43229315,-0.10028027,0.7755739,-0.18114807,0.27991027,-0.8791303,0.17087348,0.1000241,1,chr7:131859739:body_of_pancreas:0,FN,0
-2.3162513,-0.21407478,-0.39193073,-0.70441747,0.12377265,-0.3066938,0.58458865,0.38798603,-0.25841132,-0.339349,0,chr21:45880470:body_of_pancreas:0,TN,0
-1.4819822,0.5505682,1.4148688,-0.3222669,-2.1689954,0.8303373,-0.035826758,0.3142967,0.25404283,0.6111633,1,chr17:27760418:Peyers_patch:0,FN,0
-2.2106664,0.58839154,-0.8920396,-0.0009894682,0.49627787,-0.3444681,0.59093523,0.86052084,0.016650373,0.01425752,0,chr17:36706271:thoracic_aorta:0,TN,0
0.44840848,1.5497969,1.2838368,-0.506202,-0.20207362,0.13242325,0.37076992,-0.4581581,0.4109323,0.55932677,0,chr4:139609982:esophagus_squamous_epithelium:0,FP,1
-2.5857005,0.21094716,0.29665473,-0.4859376,0.49151042,0.26875803,-0.5067976,-0.5085313,0.5160529,0.42026848,0,chr18:63518671:tibial_artery:0,TN,0
1.324897,-0.9160296,-0.62970805,0.0683492,1.6950767,-0.11688806,0.9176985,0.05386009,1.7406358,-0.49521515,0,chr13:98466905:esophagus_squamous_epithelium:0,FP,1
-2.349467,0.9353419,2.4417331,0.48025385,-1.705618,0.09470441,-0.46275273,0.1787532,0.28317562,-0.08043097,0,chr2:70302481:sigmoid_colon:0,TN,0
-2.3037317,-0.912678,-1.5027093,-0.1493393,-0.84405196,0.20868723,0.4108222,0.87932867,0.06762706,0.01990656,0,chr1:231041257:thoracic_aorta:0,TN,0
5.908369,0.16492555,0.566239,0.8208894,0.3319147,-0.6188986,-0.48854277,0.41082892,-0.24213493,0.62320626,1,chr3:75785547:upper_lobe_of_left_lung:0,TP,1
-2.4025745,-1.4909337,0.50288296,-1.435311,1.0789431,-0.21102123,-0.6190388,-0.6064088,0.46063238,-0.41227219,0,chr6:150623406:upper_lobe_of_left_lung:0,TN,0
-3.4437115,1.1298561,-1.0159094,0.20293976,-1.3871257,-0.55187505,-0.374007,-0.07185276,0.28933316,0.31687933,0,chr1:3857565:adrenal_gland:0,TN,0
-2.716048,-0.45490238,1.802145,0.0048738657,-0.82269156,-0.26426178,0.20122008,0.05730109,-0.026044358,-0.10323308,1,chr20:53666987:sigmoid_colon:0,FN,0
-1.9867336,-1.1502783,-0.105836764,-0.8017421,-0.26979005,0.5243286,0.20801121,-0.47730246,-0.9246179,-0.21392651,0,chr19:510621:spleen:0,TN,0
-3.3012571,0.102283694,-0.48141983,0.23008285,-0.3683309,-0.7783338,-0.3489801,-0.3506489,-0.3730485,-0.07768167,0,chr19:8506645:esophagus_muscularis_mucosa:0,TN,0
-3.0366886,2.9018874,-0.020901885,0.101198986,0.255589,0.22933352,-0.058168,0.6500996,0.19889331,-0.2390478,1,chr9:127348292:prostate_gland:0,FN,0
5.4915113,-0.68157744,0.120022796,0.12403974,0.30475917,0.4081863,-0.4736841,0.45202562,0.45379516,-1.0447093,1,chr17:43360554:transverse_colon:0,TP,1
-0.13050483,-2.6256254,-0.26634136,-1.1244854,0.25508764,0.23535775,-0.777353,0.32377106,-0.75658035,-0.45984372,0,chr19:41706904:tibial_artery:0,TN,0
6.0527773,-0.78149354,0.18715797,0.9881698,0.46520007,-0.14309104,-0.2605611,0.18099563,-0.6221317,0.13592845,1,chr6:159653130:tibial_artery:0,TP,1
0.62677705,-0.16035059,1.712335,-0.5961335,0.035910346,0.121046014,0.23025972,-0.24190444,0.6379048,0.28082973,0,chr8:125829059:testis:0,TN,0
3.5352757,-0.4114322,-0.18139288,0.606999,0.11592798,1.1317446,0.4469663,-0.8270614,-0.8132205,0.5049567,1,chr12:48753691:tibial_artery:0,TP,1
0.11598002,1.5586939,-0.6653306,-0.096192874,0.821999,1.4808234,-0.22695406,0.23985536,0.26450714,0.23367986,0,chr1:199762641:Peyers_patch:0,TN,0
-2.3101861,1.5897249,0.24236114,1.020717,0.9939379,0.10045273,-0.29339018,-0.41788605,0.31317425,0.115017,0,chr8:81641451:Peyers_patch:0,TN,0
-2.5534081,-0.7078461,-1.3403016,0.54441434,0.6618802,-0.31054372,-0.105164476,0.35444266,-0.0024558469,-0.062398173,0,chr17:76523217:adrenal_gland:0,TN,0
5.9735203,0.5020509,-0.173994,-0.18931183,-0.0799431,-0.5121276,-0.11548976,0.04540676,-0.081758656,-0.6861036,1,chr9:61668518:body_of_pancreas:0,TP,1
-2.9988737,2.1982048,-0.3070415,-0.019170437,-0.40214613,0.39823776,-0.32644746,-0.5011472,-0.12803099,0.21368726,0,chr18:24726802:Peyers_patch:0,TN,0
-2.58145,-0.080970176,-0.37514064,-0.17277554,0.18277572,0.33112675,-0.71393573,0.099465266,-0.21754745,-0.3874662,0,chr5:36507468:tibial_artery:0,TN,0
-2.4539397,0.7378908,-1.1651427,0.0536354,-1.1363676,0.32131264,0.29097313,0.0822558,-0.64049107,-0.030554075,0,chr6:167320601:sigmoid_colon:0,TN,0
-2.0399976,-0.44784388,-0.34515792,0.69596916,0.30438405,-0.0610755,-0.27292657,-1.2653021,-0.1664363,0.626788,1,chr7:43584104:thoracic_aorta:0,FN,0
4.5342803,-1.0493057,0.21130638,-0.5210623,0.12603843,-0.3338735,1.6773489,0.18639919,0.44865924,-0.0624959,1,chr5:2070951:prostate_gland:0,TP,1
-2.3257189,-1.5152355,-0.04573601,-1.0636116,-0.09571922,0.17734568,-0.553476,-0.0638365,-1.149437,-0.69195837,1,chr7:22550492:esophagus_muscularis_mucosa:0,FN,0
3.7411993,1.9930327,0.14786902,-1.0363157,-1.1317736,0.10034168,0.064055905,-0.28252703,0.5917833,0.02422111,1,chr21:32433561:body_of_pancreas:0,TP,1
6.0036983,0.52964723,0.19451751,0.30956036,0.38471892,-0.7517967,-0.40266106,0.0803391,-0.32324743,0.17713463,1,chr3:75785357:body_of_pancreas:0,TP,1
5.6115766,1.2073463,0.099057086,-0.8963103,-0.33509856,-0.6656288,-0.28531483,0.45317066,-0.0007790342,0.1687065,1,chr2:86221296:prostate_gland:1,TP,1
5.938791,0.0117330905,-0.10649433,-0.20510307,0.23684312,-1.1151193,0.25151065,0.2786039,0.10204296,-0.51274985,1,chr7:100966122:Peyers_patch:0,TP,1
-2.427228,1.9189688,-0.27192616,0.7963849,0.61542416,0.28235558,0.17882419,-0.27839375,0.03371302,0.12820563,0,chr6:44268115:sigmoid_colon:0,TN,0
-2.858313,-0.19241157,-0.024635788,0.15171969,0.33642614,-0.121982045,0.0053144577,-0.6917692,-0.31221366,-0.08933432,0,chr10:5949478:prostate_gland:0,TN,0
-3.0790424,-0.13997327,1.9189317,-0.043780256,-0.70136636,-0.60032403,0.4381514,-0.750498,-0.13770798,-0.0816829,0,chr8:73406546:body_of_pancreas:0,TN,0
-1.055369,-0.22912322,-1.102145,0.025347833,0.40482578,0.39218315,0.64739954,0.40554386,-0.0022018026,0.81460935,0,chr12:106224338:gastroesophageal_sphincter:0,TN,0
-2.8131728,-1.3932039,0.48419467,-0.6614526,0.6451918,-0.18175906,0.014807649,0.13541387,-0.4580714,-0.12548962,0,chr17:63904060:spleen:0,TN,0
-3.3972719,-0.078416064,-0.45937118,0.41783187,0.3494154,-1.3229884,-0.8898115,-0.23090157,0.45037454,0.20464495,0,chr10:73785358:prostate_gland:0,TN,0
6.000722,0.4226834,-0.060889807,-0.10412818,0.31273735,-0.5799064,-0.46243924,0.12757678,-0.11098882,-0.002888669,1,chr6:31374359:transverse_colon:1,TP,1
-2.0932698,1.0622431,-0.07789469,0.96603316,1.5991337,0.13832065,0.450475,0.14214398,0.081444025,0.418205,0,chr17:31216250:testis:0,TN,0
-3.3288884,-0.9370221,0.10149449,-0.123550616,-0.10578893,-0.87471753,-0.13313672,-0.24665274,-0.6934466,-0.23979855,0,chr10:119417180:transverse_colon:0,TN,0
-2.713293,-1.6312588,-0.019798974,-0.33189967,0.1721254,-0.12536612,-0.17141332,0.25617146,-0.20388384,-0.48821923,0,chr3:10738911:upper_lobe_of_left_lung:0,TN,0
-1.3148474,-1.4182409,-1.897103,0.2486188,-0.87597877,-0.37466815,-0.070168234,-0.5246495,-0.039125405,0.115567595,0,chr20:728474:prostate_gland:0,TN,0
-2.3261085,-1.1257846,0.87198704,0.1862175,0.2557046,0.26271755,-0.22646262,0.7665602,-0.80995685,0.25337845,0,chr2:112501338:thoracic_aorta:0,TN,0
-0.5520447,-0.82398933,-2.235791,0.28186825,-1.4256582,-0.61994076,0.84844303,0.011387581,0.8452229,0.28205028,0,chr2:178194196:gastroesophageal_sphincter:0,TN,0
-3.4216642,0.6242338,-0.23225641,0.25997108,0.046786446,-0.6371647,0.3508852,0.19184102,-0.6226585,-0.014544152,0,chr1:220874518:esophagus_squamous_epithelium:0,TN,0
5.929857,-0.2756206,0.51088834,0.5621675,0.56035453,-0.19533886,-0.28741986,0.20371899,0.07295325,0.6483816,1,chr17:22909996:esophagus_muscularis_mucosa:0,TP,1
-2.7998266,-0.6242385,-0.03873877,-0.64035463,1.1238756,0.24982336,-0.9201637,0.020148415,0.05724362,-0.20973943,0,chr5:80672451:Peyers_patch:0,TN,0
-2.7668614,1.5188187,0.06079229,0.44642162,0.5172115,-0.16765197,-0.008622482,-0.5945346,-0.015996976,0.056426436,1,chr5:149431239:thoracic_aorta:0,FN,0
-2.0555027,-1.3521601,-0.3219409,-1.0361278,-0.454101,-0.41798693,0.19065668,-0.38597572,-0.027055262,-0.15763707,0,chr9:67726975:Peyers_patch:0,TN,0
1.5178608,-2.928821,1.4437306,1.2707382,0.4485836,0.5551097,-1.3104903,2.1792276,1.0950907,-0.22656278,1,chr8:44636977:gastroesophageal_sphincter:0,FN,0
-0.69661057,-0.8527011,-0.24078907,-1.1689879,0.9264418,0.36680335,0.55966234,0.848582,0.38778287,0.061230972,1,chr1:160835143:testis:0,FN,0
-1.3057762,-1.156221,-0.23828597,-1.4212528,-0.34469408,-0.07116367,0.5731098,0.25403303,-0.681144,0.14150831,0,chr22:20175097:spleen:0,TN,0
5.351921,1.0659748,-0.5084616,-0.5259339,-0.7975022,-0.39772302,-0.08895053,-0.22847113,0.0463206,-0.5365684,1,chr9:42852316:body_of_pancreas:1,TP,1
-2.8189437,-0.5922356,-0.67466015,-0.4249531,-0.48163852,-1.1694777,-0.07491825,-0.5259881,-0.042642657,0.12142944,0,chr17:77374281:upper_lobe_of_left_lung:0,TN,0
-3.1224837,0.5509488,-0.3480517,-0.21023464,0.77494293,0.129296,-0.018319659,0.56653255,-0.00023807463,-0.053471565,1,chr1:53861076:body_of_pancreas:1,FN,0
-2.3329349,-0.4250188,-0.22361095,0.026332503,0.5827283,-0.9964923,0.64022636,0.31399372,-0.1645394,-0.5079884,0,chr19:9435783:body_of_pancreas:0,TN,0
-2.695413,-0.27230865,0.009845699,-0.48646992,-0.32225567,0.33132145,-0.15978284,0.1577061,-0.007682268,-0.19254287,1,chr6:169655219:transverse_colon:0,FN,0
1.2833824,-0.04691675,0.00676499,-1.6089927,-0.56162506,0.77768385,0.15794587,-0.24805209,0.66201746,0.6477256,0,chr16:3131961:body_of_pancreas:0,FP,1
-2.635737,0.9932445,-0.14564341,0.20609406,0.47196198,0.21493475,0.5908771,0.5724112,-0.30991,0.07195769,1,chr22:22208022:upper_lobe_of_left_lung:0,FN,0
-0.18124862,0.28026035,-0.18965498,-0.6973251,-0.014067371,0.55753076,-0.34091315,-0.4350534,-0.16506754,0.8608076,0,chr10:99930621:body_of_pancreas:0,TN,0
-0.3439556,-0.74724954,0.17474313,-1.683736,0.7050507,0.99833703,-1.3689207,-0.5731102,-0.42291713,0.564997,0,chr3:150286763:tibial_artery:1,TN,0
-1.1638979,1.105031,2.262792,0.8895653,-1.3874364,0.14957865,0.4317508,-0.28984717,0.31441426,0.1350419,1,chr8:30230823:prostate_gland:0,FN,0
5.742974,0.05578892,0.6449893,0.56962043,0.21192686,-0.19221592,-0.21942858,0.30394247,-0.1360575,0.7085448,1,chr17:22822734:testis:0,TP,1
5.689398,1.3547797,-0.0852666,-0.66871756,-0.1662779,-0.45431638,-0.6258819,0.26207396,-0.25196454,-0.28745523,1,chr10:96641123:spleen:0,TP,1
5.1895914,-0.4546611,-0.0044706916,0.2991052,-0.1970037,-0.023584042,0.16425681,0.031354208,-0.42070675,-0.39701587,0,chr4:2931543:upper_lobe_of_left_lung:0,FP,1
-2.6425574,-0.5973635,-0.23670697,-0.73337156,-0.41693118,-0.19176416,1.2027088,0.30352172,-0.33628607,0.00035525736,0,chr5:159965848:upper_lobe_of_left_lung:0,TN,0
0.6802038,-1.0367551,0.13735084,-0.06451129,-0.3040874,-0.16194035,0.32687774,-0.23351543,-0.3907859,0.3782594,0,chr22:25447916:adrenal_gland:0,TN,0
-1.9429443,1.4794499,1.4376014,0.3798611,-0.5080121,0.420192,0.45289227,-0.5459778,0.5723955,-0.090226345,1,chr10:26684953:tibial_artery:0,FN,0
-1.0295675,-0.7200247,-0.2686645,-1.2360656,-0.23064493,0.124557234,1.7446674,0.25405008,-0.3522588,0.112433165,0,chr3:186418724:body_of_pancreas:0,TN,0
2.2733216,-1.1485677,-1.7076156,-0.17823146,-0.7901746,0.6209041,0.76962066,0.48497403,0.42743933,-1.1433554,1,chr20:38165491:testis:0,TP,1
-1.1639012,1.1050282,2.2627935,0.8895641,-1.3874364,0.14957882,0.43175063,-0.289847,0.31441352,0.13504137,1,chr8:30230823:adrenal_gland:0,FN,0
4.346282,1.4713678,-0.49217916,-0.8602316,-0.20611307,0.09106696,-0.31823125,-0.36336988,-0.65547293,0.47125632,1,chr2:130454949:transverse_colon:0,TP,1
-2.4604619,0.84986025,-0.50698596,-0.04047579,0.65613586,-0.30243072,0.35860047,1.0298342,0.07078982,-0.24570902,1,chr7:47470949:body_of_pancreas:0,FN,0
-2.687513,-0.029581498,1.7825724,-0.3437744,-0.5764814,0.14544185,0.51424843,0.16119854,0.39994383,-0.3656788,0,chr10:13778931:thoracic_aorta:0,TN,0
0.9589502,-3.1794155,1.4208472,0.29136115,0.30602702,-0.43351406,-0.74298817,1.5911802,-1.1951926,0.612743,1,chr6:73602443:body_of_pancreas:0,FN,0
-0.30788845,-2.1108117,-1.7943599,1.2725782,0.011995012,0.28688183,-0.12987554,-0.21453543,-0.023767099,0.07823643,1,chr3:136195872:gastroesophageal_sphincter:0,FN,0
-2.832329,0.031398803,-1.2672015,0.47108418,-0.17216851,-0.34184182,-0.68888247,-0.026712485,0.72127265,0.21069,0,chr13:33543009:spleen:0,TN,0
1.4801306,0.17716244,-0.22022747,-1.4024649,-0.4841698,0.443072,0.4086213,-0.09830885,0.4984855,-0.00845505,0,chr6:87929945:transverse_colon:0,FP,1
-3.2840064,-0.6229252,0.8930902,-0.68427074,0.6660816,-0.45209277,-0.16196854,-0.6658778,-0.49637824,-0.41039953,0,chr1:182084728:sigmoid_colon:0,TN,0
-1.0005397,-1.7472922,0.8351874,-0.9812719,1.3946191,1.0637418,-0.7788181,0.23597646,-0.34267706,-0.19356905,0,chr2:42858885:tibial_artery:0,TN,0
-2.3885384,-1.1928277,0.46125773,-0.71003956,0.83820015,0.25456557,-0.34617117,-0.07357092,-0.20914483,-0.31497282,0,chr13:98653376:gastrocnemius_medialis:0,TN,0
-2.798502,1.8621447,0.0043570935,0.55528075,0.71858716,-0.35992053,-0.4593945,0.1964274,0.056159288,0.13582829,1,chr18:12744428:thoracic_aorta:0,FN,0
5.4743314,1.5011059,0.030938234,-0.6903058,-0.16835132,-0.24709727,-0.29351103,0.5015403,-0.17067115,-0.023858676,1,chr7:142776245:body_of_pancreas:0,TP,1
2.4802392,-2.5789173,-2.4609015,0.1586981,-0.051949665,-0.085198715,1.6894397,-0.11253777,1.0876758,0.36856338,1,chr6:151390284:gastroesophageal_sphincter:0,TP,1
-2.028911,0.5921433,-0.45996267,-0.0526909,0.9694049,0.45643649,-0.14891402,0.38444653,-0.3532058,-0.41332674,0,chr16:19432535:body_of_pancreas:0,TN,0
-1.6454774,1.8118244,-0.37861335,-0.22924754,-0.2447292,1.0871761,0.2026614,-0.12980518,-0.43496507,0.07201337,0,chr12:50222562:suprapubic_skin:0,TN,0
-2.4651415,0.76011693,0.06494599,0.11536883,0.6718772,0.22947513,-0.4641109,-0.43797028,-0.35502276,0.037960585,0,chr6:104897160:transverse_colon:0,TN,0
-2.3001642,0.34982222,-0.39747632,-0.2539185,0.2511747,0.17180628,1.2746725,0.81845105,-0.17481436,0.39659142,0,chr7:49001913:body_of_pancreas:0,TN,0
2.273321,-1.148566,-1.7076151,-0.17823249,-0.79017615,0.6209048,0.7696193,0.4849756,0.42743817,-1.1433549,0,chr20:38165491:transverse_colon:0,FP,1
-2.2235756,0.34851706,-0.29184288,-0.56048375,0.29593757,0.720023,-0.6119884,-0.08854873,0.08969133,0.5297521,0,chr1:161530339:tibial_artery:0,TN,0
-1.0396903,-2.319506,0.13599136,-0.39239144,-0.62719333,0.33918217,-0.75261563,-0.252018,0.3146574,0.2605609,0,chr20:38033852:body_of_pancreas:0,TN,0
-0.15033795,-2.2388434,-0.73396593,0.35635358,-0.6421358,0.25292712,-0.15458755,0.14403579,0.23651321,-0.03206812,0,chr10:121608835:prostate_gland:0,TN,0
0.961118,0.30990848,-0.9870879,0.76080114,-1.0650051,1.2755643,1.1337454,-0.090456195,-1.0178827,-1.0869431,1,chr2:25308909:body_of_pancreas:0,TP,1
6.1223907,0.20811175,0.10734556,0.27472162,0.32904533,-0.7749344,-0.21922705,-0.078606464,-0.06732252,0.08876061,1,chr6:17600816:body_of_pancreas:0,TP,1
-2.8505254,0.3035709,-1.1833643,0.49704742,-0.66862905,-0.6490169,-0.79773515,-0.4711983,0.72123337,0.2769175,0,chr3:143971774:transverse_colon:0,TN,0
-2.1502876,-0.8533569,1.9224193,-0.7240802,-0.2674661,0.039204817,-0.037865605,-0.34112638,0.48120844,-0.40108547,0,chr9:120410239:Peyers_patch:0,TN,0
1.593688,2.795555,-0.11877769,-0.7175567,0.42392018,1.4260082,0.7977035,0.4937608,-0.2397034,0.7560142,0,chr15:26037526:thoracic_aorta:0,FP,1
-1.7933749,0.75074077,2.2638836,1.3108523,-1.2608185,-0.148365,0.45769146,-0.11647689,0.11076741,0.16050376,0,chr11:19999554:body_of_pancreas:0,TN,0
-3.2238672,0.09403768,-1.1372147,0.11789469,-0.5198365,-0.21932006,-0.12510988,-0.01993321,-0.051862855,-0.06518479,0,chr7:30478985:Peyers_patch:0,TN,0
-3.1775181,-1.0352192,0.66365385,-0.5262696,0.1993321,-0.39311776,-0.3179602,-0.48752603,-0.117747195,-0.30790833,1,chr6:143699762:body_of_pancreas:0,FN,0
-1.7487516,-2.0790997,0.52448493,-0.6465231,0.24211727,0.13553315,-0.32855302,0.012842385,-0.48417673,-0.6943762,1,chr1:205141788:body_of_pancreas:0,FN,0
-3.026417,1.3755385,-0.042330522,0.33350307,0.569588,-0.03662333,0.44816098,0.16423856,-0.28312397,0.2532722,0,chr13:32310515:gastroesophageal_sphincter:0,TN,0
-2.9101658,1.0390494,-0.27120945,0.42902684,1.4289944,0.092044994,-0.25014234,0.16699894,0.44773504,-0.10641998,0,chr8:86344119:body_of_pancreas:0,TN,0
-2.9859924,-1.1031185,-0.29048857,0.7231148,0.653984,-0.7813038,-0.30098432,0.12419476,-0.17931609,-0.028813463,0,chr15:43690237:thyroid_gland:0,TN,0
1.0881448,-1.3084562,-0.77959746,-1.3790969,-0.6727685,0.2614919,0.6101343,-0.52247304,0.61135393,0.040014878,0,chr9:83818135:thoracic_aorta:0,FP,1
3.892677,-1.1427659,-0.06234742,1.9178317,0.6058593,0.23998329,1.1022823,-1.0222902,0.40444016,-0.23264578,1,chr2:54522635:spleen:0,TP,1
-2.0858755,-0.60017675,1.3903974,0.6669619,-0.41565835,-0.05636433,0.09591596,0.25307593,0.15342237,0.23480813,0,chr14:88879825:body_of_pancreas:0,TN,0
5.818792,0.44454658,0.13708876,0.3644641,0.47694105,-0.3424952,-0.38536754,-0.09347714,-0.44819143,0.25750017,1,chr1:103345525:thyroid_gland:0,TP,1
-3.5089302,0.96822643,0.17345299,-0.12487129,0.7423158,0.118786454,-0.059589542,0.040074453,0.14852364,0.018094253,0,chr13:108227395:spleen:0,TN,0
-2.548191,0.08170958,0.4426001,-1.1957735,0.5522225,0.690752,-0.04535478,0.3332999,0.26841113,0.08439491,1,chr6:113909501:tibial_artery:0,FN,0
1.5114253,-0.79376227,-0.8114084,-0.19990425,-0.7472593,1.9020824,-1.059628,-0.23692237,1.5017918,0.3709394,1,chr2:196068383:tibial_artery:1,TP,1
-0.86302376,-1.2076801,0.5667095,-1.2599455,1.1937755,0.1209583,1.2222838,-0.23353153,0.09959337,0.2330962,0,chr9:31138740:body_of_pancreas:0,TN,0
-3.4797,2.1869817,0.29791832,0.80982596,0.64082205,-0.20856594,-0.48235628,0.2737767,0.40727293,-0.17290299,0,chr8:78738905:body_of_pancreas:0,TN,0
-0.79090923,-1.072219,0.11804104,-0.68035895,-0.68470275,-0.4231871,0.39450988,0.049426295,-1.0349854,1.3313893,1,chr11:65552279:body_of_pancreas:0,FN,0
-0.18087071,-1.1915671,-1.0757905,-1.2075021,-0.37161762,0.46446845,0.15981334,-0.26133722,-0.06133348,0.7066136,0,chr15:63122523:thoracic_aorta:0,TN,0
-3.0063384,0.06557339,-0.42469984,-0.19255462,0.6478569,0.17020972,0.37755382,0.47704762,-0.32364556,0.22781628,0,chr4:83569554:body_of_pancreas:0,TN,0
4.301134,-3.0149934,-0.019293923,-0.11788402,1.6068758,-1.1664827,1.5466961,0.3709944,1.7350065,-0.38538936,1,chr22:12372337:upper_lobe_of_left_lung:0,TP,1
-3.0947506,-1.2565969,0.12883411,-0.63059646,0.102010295,-0.5018899,-0.092166856,-0.27432135,-0.14293535,-0.5146384,0,chr1:53145864:body_of_pancreas:0,TN,0
-2.5851402,-0.027844345,-1.7209026,0.0447958,-1.0108411,-0.25169775,-0.230427,0.16244663,0.658858,0.47928187,0,chr3:196528862:prostate_gland:0,TN,0
6.1928616,0.16321123,0.13583247,0.14303398,0.46821943,-0.61828166,-0.11798573,0.11871556,-0.025924798,0.1422686,1,chr17:26601376:body_of_pancreas:0,TP,1
-3.3673112,-0.86691624,-0.2225687,0.20720032,0.42931235,-0.72662693,-0.78943,-0.29382914,-0.025137924,-0.041624445,0,chr9:34329606:transverse_colon:0,TN,0
-2.57713,-1.2313969,-0.34158376,-0.21613815,-0.026362214,0.33539274,-0.05330212,-0.029557794,-0.0060505485,-0.63631696,0,chr5:103224668:spleen:0,TN,0
-2.383356,-1.1858099,-0.40753812,-0.25622225,-0.179627,-0.46344787,0.2564936,-0.23427908,-0.4610272,0.3272809,1,chr7:48035359:body_of_pancreas:0,FN,0
-1.1638979,1.105031,2.262792,0.8895653,-1.3874364,0.14957865,0.4317508,-0.28984717,0.31441426,0.1350419,1,chr8:30230823:gastroesophageal_sphincter:0,FN,0
6.161287,-0.38117737,-0.16282196,0.27088574,0.57941806,-0.96186906,-0.06362656,-0.12488981,0.087661624,-0.52436656,1,chr12:8390645:prostate_gland:1,TP,1
-3.2899196,0.12593262,-0.39938587,0.46540985,-0.061037373,-0.46681076,-0.113659464,0.017019795,-0.36823037,-0.087878615,0,chr13:49652863:suprapubic_skin:0,TN,0
-3.161891,-0.88989747,0.10502569,-0.25842404,-0.66638553,-0.6760641,0.3617428,-0.11329531,-0.667621,-0.12971161,0,chr1:39799683:esophagus_squamous_epithelium:0,TN,0
-2.3257189,-1.5152355,-0.04573601,-1.0636116,-0.09571922,0.17734568,-0.553476,-0.0638365,-1.149437,-0.69195837,1,chr7:22550492:sigmoid_colon:0,FN,0
-2.8919692,0.9191917,-1.3003348,0.13438512,-0.8911273,0.18021525,-0.51920354,0.103774235,0.16976158,0.16178346,1,chr11:1652791:tibial_artery:0,FN,0
-2.24517,1.6077042,-0.096307635,-0.5203194,0.5967018,0.8058746,-0.18680766,-0.22176349,-0.6520375,0.4878433,1,chr9:17531876:prostate_gland:1,FN,0
4.2042394,2.6933594,0.07420337,-1.1777642,-1.3610767,0.030989025,-0.56087023,0.25232187,0.1565466,-0.45401868,1,chr7:63015928:prostate_gland:0,TP,1
-2.4606385,1.5386378,0.6997642,0.8117413,0.026960276,0.22271852,0.53967124,0.4195793,-0.18327191,-0.30951962,0,chr2:16630547:spleen:0,TN,0
-2.683508,0.8336287,-0.3928954,0.003042218,1.1205962,0.24022551,0.5679898,0.4879955,-0.25433862,0.123632856,1,chr12:87848729:tibial_artery:0,FN,0
-2.0298502,1.530414,-0.12803267,-0.1385382,0.20555073,0.83933944,0.95509267,1.1644089,0.06438814,0.4481278,1,chr12:101118054:body_of_pancreas:0,FN,0
-1.5544388,1.8422343,2.9179265,1.0040447,-1.4730939,0.16792305,-0.2194113,0.030938067,0.25680906,0.5769392,1,chr2:93976867:testis:0,FN,0
-1.2090895,-2.1675804,0.50918937,-1.5615491,-0.28927553,0.7519194,-1.3565435,0.44581458,-0.1512936,-0.13592987,1,chr16:11211:body_of_pancreas:0,FN,0
-0.7155776,0.92746043,2.4955828,0.94280916,-1.3933277,0.01634507,-0.13981476,0.35850555,0.5180812,0.20001236,1,chr2:92401043:body_of_pancreas:0,FN,0
-3.4615653,1.8132495,-0.00017129577,0.1309739,0.3293451,-0.1799754,0.15548533,0.6036713,-0.0061431727,0.06763024,0,chr5:55935708:spleen:0,TN,0
-1.2364862,-1.0050422,0.55346966,0.55763805,-0.5738247,0.41748807,-0.60224384,0.5827583,-0.31212702,-0.02059835,0,chr17:74791544:testis:0,TN,0
-2.8485892,1.9112031,0.051010642,0.9473553,1.4934678,-0.27340052,-0.12377023,0.2374255,0.50607616,0.090068996,0,chr1:146013114:tibial_artery:1,TN,0
-3.4681525,1.667477,-0.50878346,0.7081413,-0.15014568,-0.85616124,-0.04692594,-0.0654669,-9.380978e-05,-0.14898582,0,chr17:43927931:body_of_pancreas:0,TN,0
-3.1224833,0.5509466,-0.3480524,-0.21023497,0.77494293,0.12929611,-0.01831895,0.5665333,-0.00023806049,-0.05347114,1,chr1:53861076:spleen:0,FN,0
-2.619015,1.2417926,0.23640957,0.3190819,1.0740013,0.2702422,0.4614873,-0.3018128,0.3492119,0.1130346,1,chr6:106223515:upper_lobe_of_left_lung:0,FN,0
-2.9660327,0.38600162,-0.39441258,-0.12073638,5.4598884e-05,-0.7472438,0.19853783,-0.5881421,-0.6785875,-0.2414132,0,chr6:31442087:tibial_nerve:0,TN,0
6.1223907,0.20811175,0.10734556,0.27472162,0.32904533,-0.7749344,-0.21922705,-0.078606464,-0.06732252,0.08876061,1,chr6:17600816:prostate_gland:0,TP,1
5.3481226,-1.0388906,-0.28120968,0.9331889,0.54638046,0.2275298,0.5168212,-0.68431944,-0.19177061,-1.0157193,1,chr9:135170031:body_of_pancreas:0,TP,1
-2.8914695,0.4713155,-0.42685017,0.5058485,0.93419385,0.030670028,-0.3822297,0.338154,-0.117470816,-0.24831593,0,chr4:111283097:spleen:0,TN,0
-2.619013,1.241792,0.23640881,0.31908125,1.0740026,0.27024174,0.46148714,-0.30181348,0.34921286,0.113036476,1,chr6:106223515:thoracic_aorta:1,FN,0
-3.493143,1.2820414,-0.20047212,0.22501002,0.20063144,-0.45407298,-0.53983057,-0.14084198,-0.10754124,-0.14708635,0,chr2:190882251:body_of_pancreas:0,TN,0
5.351921,1.0659748,-0.5084616,-0.5259339,-0.7975022,-0.39772302,-0.08895053,-0.22847113,0.0463206,-0.5365684,1,chr9:42852316:testis:0,TP,1
-2.7688577,0.18236679,1.9140608,-0.70256644,-0.1872675,-0.12950931,0.916174,-0.090459146,0.5056787,0.06741922,0,chr15:87672338:upper_lobe_of_left_lung:0,TN,0
-2.8989727,-1.2309431,1.3626434,-0.19057517,-0.27505434,-0.19262967,-0.4674888,-0.18564665,-0.09374633,-0.24958238,0,chr20:62808622:transverse_colon:0,TN,0
-1.4259974,-0.7042454,-0.71694016,0.3485664,0.4353072,1.2288471,-1.0136557,-1.1341302,-0.11403971,0.39942092,1,chr19:45427778:prostate_gland:1,FN,0
-3.0869017,0.94837064,-0.24968751,0.4134343,-0.017473811,0.01230677,0.06722796,0.27238083,-0.3562801,0.07455291,1,chr1:10507600:thoracic_aorta:0,FN,0
-2.3088412,-0.34749082,0.36753133,-0.9921864,-0.19357823,0.17321144,-0.03462845,-0.49790037,0.39645725,-0.6957836,0,chr6:16965286:transverse_colon:0,TN,0
0.8131207,-2.559672,0.8292085,-0.45914176,-0.7558346,0.82349634,-0.67246294,0.97030777,-1.5488429,0.15242659,1,chr7:22550431:tibial_artery:1,FN,0
0.7237517,2.9132075,-0.10346809,-1.392043,-0.4279775,1.1474055,-0.08016885,-0.070652805,0.1955394,0.22103864,1,chr14:55133563:thoracic_aorta:0,TP,1
2.8351307,0.19786246,-0.1087649,0.33487883,0.4066447,0.96737933,0.8276958,-0.34803468,-0.71839696,-0.92165494,0,chr8:114695469:transverse_colon:0,FP,1
-3.133793,0.7795467,0.054950874,-0.38928044,1.1415433,0.30634353,-0.41535082,0.39543042,-0.3399671,-0.24991204,1,chr15:21284342:upper_lobe_of_left_lung:0,FN,0
-2.817711,1.2224007,-0.1434764,0.38721013,0.5178159,0.23728316,0.39983067,0.27193823,-0.1466311,0.11539461,0,chr13:24313653:testis:0,TN,0
1.2950064,-0.37221986,-1.2747362,-1.5246847,-0.32261312,0.60666907,1.1962703,0.4460461,0.07620182,1.6562556,1,chr9:83219889:tibial_artery:1,TP,1
-2.7432528,0.33764204,-0.2669654,-0.5347737,0.017179498,-0.02970471,0.59103507,1.2619027,-0.28396267,0.21700048,0,chr5:151316162:tibial_nerve:0,TN,0
5.351921,1.0659748,-0.5084616,-0.5259339,-0.7975022,-0.39772302,-0.08895053,-0.22847113,0.0463206,-0.5365684,1,chr9:42852316:Peyers_patch:0,TP,1
-2.5206566,-1.5934484,0.899572,-0.9431407,0.7679655,0.22722635,-0.751058,-0.59474945,-0.58954304,-0.02012427,0,chr7:93055928:suprapubic_skin:0,TN,0
-1.845092,-1.8804938,0.19383328,-0.25247592,0.30940858,-0.6859637,1.0285748,-0.25747648,-0.19639263,0.3645999,0,chr7:150356565:Peyers_patch:0,TN,0
-2.3080904,-0.68791455,1.0474577,-0.55056655,-0.45060858,0.009462278,0.59142965,-0.50054353,-0.64171535,-0.34542304,1,chr14:22514804:thoracic_aorta:0,FN,0
-2.9358594,-0.46647456,-0.90280145,-0.498216,-0.88854694,-0.98290944,-0.57150716,-0.50272965,0.4408824,0.14570263,1,chr7:91940814:gastroesophageal_sphincter:0,FN,0
-2.6852636,-0.5713171,1.9393889,0.45308995,-1.0205866,0.14508289,-0.49768454,0.66089886,0.46459663,-0.058594316,0,chr10:102729253:thoracic_aorta:0,TN,0
-1.8741933,0.1413544,-1.0436502,-0.3366986,0.13124442,1.417377,0.09571789,0.92654735,0.22157459,-0.06888843,1,chr12:3658553:transverse_colon:1,FN,0
4.8309073,0.31442297,-0.572132,-0.51050365,-0.8210725,-0.032371715,-0.46014282,-0.35250774,0.07516683,0.4780209,0,chr19:15125650:tibial_artery:0,FP,1
-2.283429,-0.636045,1.6141219,-0.49225292,0.23821795,-0.52539015,0.26582998,-0.41764572,0.6192542,-0.6057275,0,chr6:107726791:upper_lobe_of_left_lung:0,TN,0
-2.671747,1.6970667,0.37260777,1.056872,1.1846374,-0.41247988,-0.09435226,-0.23653947,0.33780992,-0.45444152,0,chr6:82252285:transverse_colon:0,TN,0
1.3248993,-0.9160336,-0.62970835,0.068347305,1.6950777,-0.11688948,0.91769797,0.05385934,1.7406362,-0.49521473,0,chr13:98466905:adrenal_gland:0,FP,1
0.6098041,1.5511625,-0.93648154,-0.21797688,-1.3408902,0.9346124,0.6125746,-0.06954312,-0.46964598,0.20677218,0,chr7:38368307:testis:0,FP,1
5.802364,0.5178986,0.009052014,-0.49982503,0.019683922,-0.49219304,-0.6300437,0.18992883,-0.0027359107,-0.07611575,1,chr19:21569394:body_of_pancreas:0,TP,1
-2.3049998,1.0779846,-0.699037,0.10314034,0.2820227,0.15861334,0.24734068,1.1982297,-0.0921457,0.3471632,0,chr9:109469946:gastrocnemius_medialis:0,TN,0
-2.4233875,-0.32780212,1.3024123,-0.19416015,-0.5077752,0.6268723,-0.27683267,-0.5389419,0.51723945,-0.47960156,0,chr1:31423083:spleen:0,TN,0
-1.4679186,-1.6109979,-0.7490003,0.012810825,-1.1971343,-0.7041223,0.4105963,-1.035219,0.023147926,0.20967871,0,chr5:178204781:upper_lobe_of_left_lung:0,TN,0
-2.7540739,-1.0718448,0.43192804,-0.82349783,0.5093441,-0.32364115,-0.22170447,-0.49571976,0.4418127,-0.25461662,0,chr17:51153129:prostate_gland:0,TN,0
-1.9048176,-0.8739502,-0.5065826,-0.7502882,-1.0229887,-0.06428317,1.0967529,0.19027035,-0.15583454,-0.1978221,0,chr4:6327379:upper_lobe_of_left_lung:0,TN,0
-1.1388855,-1.6797101,1.3143741,-0.85001355,-0.12554954,0.045224935,1.2008544,0.050369095,0.8737351,-0.4351699,0,chr2:208133048:body_of_pancreas:0,TN,0
5.929857,-0.2756206,0.51088834,0.5621675,0.56035453,-0.19533886,-0.28741986,0.20371899,0.07295325,0.6483816,1,chr17:22909996:thoracic_aorta:0,TP,1
-0.009542761,-2.197488,-0.69251895,-1.2430565,-0.59042513,-0.022888778,0.6153024,0.23570889,-0.5876485,0.51061904,0,chr5:172187779:tibial_artery:0,TN,0
-3.02443,-0.26253268,-0.18015724,0.081737906,1.0079352,-0.6166568,-0.22869617,0.4386138,0.064794555,-0.01607901,0,chr5:132872670:body_of_pancreas:0,TN,0
-2.7765844,-0.29991353,-0.640343,0.687238,0.42894125,-0.81787443,-0.8444491,0.25199962,0.3920934,0.03645746,0,chr21:37074018:adrenal_gland:0,TN,0
-2.202159,-0.3486156,0.18669525,-1.2221211,1.1698196,0.19044669,-0.3296547,-0.23209625,0.089423254,-0.35193467,0,chr8:106856479:gastrocnemius_medialis:0,TN,0
-2.518561,-0.7923735,0.6981804,-1.6227994,-0.17490393,-0.32045102,0.0071876682,-0.53213215,0.088461824,-0.9991519,1,chr8:41651698:adrenal_gland:0,FN,0
-1.1403179,-1.8402086,-0.22054425,-0.60266334,0.13066177,0.40479344,-0.5330163,0.38172862,-0.33323866,0.7568212,0,chr4:3985054:spleen:0,TN,0
1.3248993,-0.9160336,-0.62970835,0.068347305,1.6950777,-0.11688948,0.91769797,0.05385934,1.7406362,-0.49521473,0,chr13:98466905:tibial_nerve:0,FP,1
2.0266688,0.008031444,0.6035781,-0.715023,0.71396446,1.0204768,0.64619505,-0.13642411,0.42999563,0.87228304,0,chr7:142518535:body_of_pancreas:0,FP,1
-2.3979473,-0.5240407,-1.0398244,-0.2940594,-0.4411953,-0.45365685,0.24155833,0.15229824,-0.37118596,-0.32394236,1,chr11:44617033:gastrocnemius_medialis:0,FN,0
-0.5419082,-1.4277394,1.0594288,1.5187061,-0.7746579,0.029761352,-0.107420124,0.7194613,0.10770062,0.12660606,0,chr13:45465271:prostate_gland:0,TN,0
0.8131285,-2.5596719,0.82920533,-0.45914316,-0.755834,0.8234966,-0.6724634,0.97030616,-1.5488443,0.15242755,1,chr7:22550431:tibial_nerve:0,FN,0
3.1927857,-0.03070604,-0.6100888,0.17286497,0.13027541,1.301441,-0.7297936,-0.73578334,0.44306788,-0.91166675,1,chr3:75723596:esophagus_squamous_epithelium:0,TP,1
-3.00089,1.0108229,-0.037100594,0.114737615,1.2819316,-0.82667917,-0.03431162,-0.29316816,0.6904343,0.047298063,0,chr15:62142956:body_of_pancreas:0,TN,0
-3.09701,1.4630176,-0.269129,0.58933663,1.0287539,-0.02224519,-0.60265034,0.03831833,0.27189004,0.028475188,0,chr12:66270210:esophagus_muscularis_mucosa:0,TN,0
-0.7611849,0.6548518,0.5866723,-0.9818166,0.7229738,0.5766459,0.6089471,-0.8277956,-0.65281886,0.3831051,0,chr2:240060997:transverse_colon:0,TN,0
-1.7354985,0.8968016,-0.949251,0.64443475,0.30906138,0.365518,0.044080947,0.04128358,-0.04179589,-0.3600953,0,chr16:18969284:thoracic_aorta:0,TN,0
-2.1731756,0.54164714,2.0028656,0.5393953,-0.5166477,0.12586671,0.012984627,-0.6938372,0.061046947,0.3033083,0,chr15:20318492:gastrocnemius_medialis:0,TN,0
-1.1437979,-2.1505384,0.7878883,-0.27201435,0.4410104,0.2616352,0.012753994,-0.5784261,0.124887325,0.35947588,0,chr1:59689076:body_of_pancreas:0,TN,0
-1.3608689,0.22000918,2.0177279,-0.42390475,-0.28624728,0.1026271,1.2660142,-0.83458334,0.108259425,0.26528856,0,chr22:12721755:omental_fat_pad:0,TN,0
-1.9193746,-0.49945742,5.379655e-05,-0.28788716,1.5647783,0.20079969,-0.16012181,-0.05347952,0.20895767,0.19272326,0,chr1:117128872:transverse_colon:0,TN,0
-2.548419,-0.6731576,0.04564734,-0.6401585,0.6169892,-0.16288593,0.2670832,-0.7271768,0.14549373,0.46725324,0,chr14:75307827:tibial_artery:0,TN,0
-3.299139,1.2365565,0.31849197,0.38278797,0.5660015,0.105413064,-0.44559127,-0.33599237,-0.29941684,-0.15242751,1,chr5:125994469:body_of_pancreas:0,FN,0
1.4653212,1.1687586,0.5879794,-0.9275576,-0.041609578,0.69731027,0.37267995,0.39175668,1.3528302,-0.0862094,0,chr17:9402852:spleen:0,FP,1
3.795464,0.93230015,-0.06527496,-0.45701432,-0.44905546,0.84718573,0.47857708,0.08076299,0.39561066,-0.2274896,1,chr6:131199853:prostate_gland:1,TP,1
-1.3286904,-1.3389064,1.6602511,0.4231118,-0.36123335,0.08500104,0.5472804,-0.369585,-0.08608643,0.057416372,0,chr4:185303580:transverse_colon:0,TN,0
0.6557883,-1.132637,-0.988321,0.37077653,-0.44612,0.7145853,1.013909,0.97186023,-0.027918477,-0.598799,0,chr5:671892:tibial_artery:0,FP,1
-0.36158141,0.06602191,0.33799908,-1.1736617,-0.51515025,-0.08264035,0.2756689,-1.1849657,0.34347787,0.44411105,0,chr20:47195810:body_of_pancreas:0,TN,0
-3.5188086,0.38528097,-0.538808,0.3949095,0.33577025,-1.1554397,-0.38439065,-0.5868471,0.2631529,-0.057473984,0,chr1:6624845:esophagus_muscularis_mucosa:0,TN,0
-3.2407908,0.96217483,-0.33427343,0.29177195,0.8599155,0.32016802,-0.1991891,0.36365178,-0.12874198,0.0874431,1,chr2:68752169:Peyers_patch:0,FN,0
4.274915,1.8980395,0.026924348,-1.0138091,-0.46530497,-0.22017407,0.54983604,0.013953459,0.39027002,0.41582,1,chr1:89276837:Peyers_patch:0,TP,1
-1.2258524,0.41747534,-1.3634782,-0.13898517,-1.8637841,-0.09771393,1.2826109,0.5657922,-0.8168931,-0.1724932,1,chr7:963374:body_of_pancreas:0,FN,0
-3.4375165,0.7879484,-0.5984957,0.64886427,0.53071594,-0.9387759,-0.23114216,0.532394,0.32162184,0.26200995,1,chr9:97633155:esophagus_squamous_epithelium:0,FN,0
-2.8344786,-0.50204545,-0.8578213,0.16864438,-1.1231774,-0.62948453,-0.27851453,0.5983843,-0.7334406,-0.26390994,1,chr4:1752766:transverse_colon:0,FN,0
-1.126625,-1.4563942,0.9198074,-0.8283302,0.7893915,-0.41115484,0.042227667,-0.7858999,-0.28476858,-0.20034489,0,chr5:69042156:thoracic_aorta:0,TN,0
1.8738394,-2.4349003,-0.26976594,0.56115454,-0.29744184,0.76613563,0.81471145,0.8197022,-0.15940301,-0.110819586,1,chr19:4352765:gastrocnemius_medialis:0,TP,1
5.997985,0.07447646,0.22969393,0.27668273,0.25909707,-0.3058364,-0.3608998,0.34914473,-0.1654975,-0.040524896,1,chr17:23044492:tibial_artery:0,TP,1
-1.9077976,-2.131525,1.2044058,-0.1871095,0.13115767,0.4461013,-0.23136152,0.5533299,-0.31180963,-0.893433,0,chr3:32469480:body_of_pancreas:0,TN,0
3.1803448,-2.8451352,0.38472253,-0.36422816,0.3715924,0.42990568,-0.19699554,-0.45565522,0.17610468,1.1353816,0,chr19:49266564:prostate_gland:0,FP,1
-3.0679147,-0.36490098,-0.106648766,-0.387768,-0.4011252,0.10585397,0.29982665,0.45995504,-0.42814484,-0.2499588,0,chr19:32976608:gastrocnemius_medialis:0,TN,0
-2.4055965,0.41379002,-0.253598,0.7030313,0.9515738,-0.13210467,-0.44403124,0.19650334,-0.11950159,-0.08783093,0,chr21:28745951:thoracic_aorta:0,TN,0
4.4379153,1.5863876,-0.5626859,-1.2118667,-0.5440932,-0.44530365,-0.20994592,0.16052324,0.37114328,-0.71245176,0,chr6:29848256:transverse_colon:0,FP,1
3.3528876,1.8965594,-0.14243169,-0.30850446,-0.37400073,0.15175878,0.34841314,-0.40298092,-0.20863403,-0.09334296,1,chr10:16314441:adrenal_gland:0,TP,1
-3.4659588,1.8351382,-0.07550697,0.5156663,0.1582157,-0.5536832,0.25764576,0.4589026,-0.19175273,-0.032994572,0,chr1:204438169:thoracic_aorta:0,TN,0
-2.7006161,1.1323432,-0.3233176,0.14470123,0.6724425,0.44944838,-0.63897705,-0.29170814,0.44000646,-0.12618403,1,chr2:172465936:Peyers_patch:0,FN,0
-3.2297673,0.682725,-0.5941442,0.5409591,-0.41765833,-0.9561782,0.60917634,0.10550644,-0.42168224,-0.3103267,1,chr3:129089924:omental_fat_pad:0,FN,0
1.3200547,-0.015405595,-0.74681705,-1.4191089,-1.4587473,0.9640405,0.7488249,0.12214208,-0.36327997,-0.23523234,0,chr22:48944026:Peyers_patch:0,FP,1
-3.2840068,-0.62292486,0.8930903,-0.68426996,0.66608185,-0.45209256,-0.16196837,-0.66587746,-0.4963784,-0.41040045,0,chr1:182084728:upper_lobe_of_left_lung:0,TN,0
-2.8919704,0.91919553,-1.3003348,0.13438572,-0.8911284,0.18021545,-0.5192037,0.10377524,0.16976234,0.16178332,1,chr11:1652791:gastrocnemius_medialis:0,FN,0
-1.7790318,1.4893514,-0.46714512,0.5269895,0.5717234,0.50461006,0.42069745,-0.117106855,0.20467223,0.50174415,0,chr8:17391899:thoracic_aorta:0,TN,0
5.0001607,2.4299338,0.11259613,-1.1333749,-0.8511259,-0.4934635,-0.83222115,0.19863893,0.07111908,0.022388479,1,chr11:60251676:prostate_gland:1,TP,1
-2.5712397,-1.0185584,0.6948366,-0.79104125,0.15262158,-0.31564838,0.9204854,-0.787066,-0.40454978,0.297978,0,chr20:49743405:body_of_pancreas:0,TN,0
-2.8447065,-0.531526,0.07594796,0.4119073,0.69468987,-0.42040855,-0.32974344,0.18544033,-0.12040673,0.086939774,0,chr7:151820055:body_of_pancreas:0,TN,0
-3.6649733,1.8559474,-0.45536408,0.53862697,0.61462355,-0.6068816,-0.7896972,0.21682699,0.47013184,-0.011319592,1,chr4:119212065:thoracic_aorta:0,FN,0
-1.3329154,-1.4884281,0.3171049,-1.2119904,-0.35678,-0.351141,0.5244267,0.093964905,-0.12494869,-0.9007867,1,chr1:43227860:spleen:0,FN,0
5.0001607,2.4299338,0.11259613,-1.1333749,-0.8511259,-0.4934635,-0.83222115,0.19863893,0.07111908,0.022388479,1,chr11:60251676:sigmoid_colon:0,TP,1
-2.5448093,-0.48081782,-1.1264347,0.04021649,0.13990937,-0.62138593,-0.36753103,0.3882745,0.14456485,0.09223319,0,chr3:197510147:tibial_artery:1,TN,0
1.8738394,-2.4349003,-0.26976594,0.56115454,-0.29744184,0.76613563,0.81471145,0.8197022,-0.15940301,-0.110819586,1,chr19:4352765:esophagus_squamous_epithelium:0,TP,1
-2.706278,0.18749021,-0.61699474,0.3335638,-0.44326967,-0.48597807,0.81648356,0.17462595,-0.5960737,-0.36844638,0,chr17:44109053:esophagus_squamous_epithelium:0,TN,0
5.7531967,0.36722806,-0.48441768,-0.3102987,-0.051448237,-0.1280922,-0.23108132,-0.06574609,-0.1268892,-0.06456483,1,chr12:121918386:gastrocnemius_medialis:0,TP,1
-2.0801485,2.0145316,-0.37662032,0.14774492,0.5518727,0.50508803,1.131624,1.555437,-0.34282696,0.33157617,0,chr3:30518302:tibial_artery:0,TN,0
5.4232445,-0.27935833,0.30963603,-1.1108978,0.13555537,-0.35394937,-0.090590954,-0.11594197,-0.12887743,0.8555978,1,chr16:18131839:Peyers_patch:0,TP,1
-2.0883002,-1.1177157,1.9787494,-0.31293264,-0.5964665,-0.30788356,0.6041159,-0.6923452,0.2982012,-0.12539357,0,chr22:37928315:body_of_pancreas:0,TN,0
-2.518561,-0.7923735,0.6981804,-1.6227994,-0.17490393,-0.32045102,0.0071876682,-0.53213215,0.088461824,-0.9991519,1,chr8:41651698:spleen:1,FN,0
-2.1583283,-0.34504133,1.357941,-0.3130744,-0.39115572,-0.08426786,0.22413276,0.05764012,0.27987123,-1.0506297,0,chr6:45803328:body_of_pancreas:0,TN,0
0.029166527,0.22777984,-0.09345365,-0.4266048,1.4818046,1.1579622,1.4587533,0.23798604,1.0934095,0.56687725,1,chr6:43386692:body_of_pancreas:1,FN,0
-1.903791,1.0032839,0.3326289,-0.21233773,0.92305094,0.12933339,-0.3897495,-1.2951232,0.3005587,-0.053262617,1,chr20:53656240:sigmoid_colon:0,FN,0
-3.3692472,-0.11745108,-0.58248365,0.5182246,0.35679317,-0.88888866,-1.1300856,-0.4286003,0.40909126,0.40990096,0,chr1:146377127:adrenal_gland:0,TN,0
-2.8022532,0.011357039,-0.80351454,0.48855713,0.30983728,-0.033001985,0.48534027,0.9076167,-0.29001495,0.18647972,0,chr6:10424234:transverse_colon:0,TN,0
5.689398,1.3547797,-0.0852666,-0.66871756,-0.1662779,-0.45431638,-0.6258819,0.26207396,-0.25196454,-0.28745523,1,chr10:96641123:transverse_colon:1,TP,1
-2.156617,1.8773457,-0.015165538,0.69009566,0.3062941,0.53309035,0.10852034,-0.2577371,-0.1782006,-0.08459602,1,chr6:32622456:esophagus_squamous_epithelium:0,FN,0
-2.9537365,0.2052976,-0.9966117,0.34667915,-0.40306202,-1.112972,0.68735063,0.3451831,-0.8276662,-0.050715066,1,chr4:3461724:upper_lobe_of_left_lung:0,FN,0
-2.8919704,0.91919553,-1.3003348,0.13438572,-0.8911284,0.18021545,-0.5192037,0.10377524,0.16976234,0.16178332,1,chr11:1652791:gastroesophageal_sphincter:0,FN,0
-2.695413,-0.27230865,0.009845699,-0.48646992,-0.32225567,0.33132145,-0.15978284,0.1577061,-0.007682268,-0.19254287,1,chr6:169655219:upper_lobe_of_left_lung:0,FN,0
-2.3771262,-0.09865574,0.06110543,0.088855594,0.1940923,-0.028041916,0.2819071,0.5556768,-0.86371535,-0.4791265,1,chr6:106445145:adrenal_gland:0,FN,0
-0.98013777,0.18557645,1.6928018,0.3271922,-1.7462578,0.5042332,0.5814531,-0.07482545,0.5608186,-0.45718828,0,chr1:20641896:body_of_pancreas:0,TN,0
0.65578663,-1.1326336,-0.9883207,0.37077844,-0.44612148,0.7145855,1.0139089,0.9718601,-0.027920024,-0.5987978,0,chr5:671892:prostate_gland:0,FP,1
-2.9630902,-0.19861399,-1.3393526,0.42079446,-0.6188477,-0.7244729,-0.62715113,-0.37103772,0.6654128,0.19293553,0,chr15:62391807:transverse_colon:0,TN,0
-1.2258524,0.41747534,-1.3634782,-0.13898517,-1.8637841,-0.09771393,1.2826109,0.5657922,-0.8168931,-0.1724932,1,chr7:963374:gastroesophageal_sphincter:0,FN,0
5.978183,0.08027039,-0.041871767,-0.006093153,0.4088219,-0.11188529,-0.25045285,-0.27740872,-0.40972456,0.21806584,1,chr11:43434241:body_of_pancreas:0,TP,1
-3.4167752,0.1337663,-0.63161546,0.6266914,0.70026594,-0.7899695,-0.67982185,-0.08974297,-0.065884374,-0.107120715,0,chr1:226994136:upper_lobe_of_left_lung:0,TN,0
5.5563374,-0.5432861,-0.12907442,1.0951865,0.2531868,0.61506,0.37316403,-0.4308314,-0.3724278,-0.82436967,1,chr3:127748429:testis:0,TP,1
-2.6600444,2.3034942,-0.6053538,0.3504543,0.17839988,0.10143879,0.8143381,0.381012,-0.014073565,0.48385403,0,chr14:56129391:body_of_pancreas:0,TN,0
-2.9656408,0.6563684,0.3346122,-0.052705836,0.7955175,0.2470347,0.18277405,-0.34174854,0.12553227,0.10578405,0,chr7:141012817:body_of_pancreas:0,TN,0
4.872941,1.2519455,-0.25381142,0.12404774,-0.84717834,0.19917917,0.30663118,-0.08470208,-0.23454887,-0.7434269,1,chr17:50931916:esophagus_muscularis_mucosa:0,TP,1
3.8759985,0.06585408,0.07566449,-0.8410667,0.5066122,-0.48689035,0.416245,-0.3126378,-0.06554105,0.07342859,0,chr1:164092657:prostate_gland:0,FP,1
-1.5544407,1.8422365,2.9179263,1.004045,-1.4730948,0.16792415,-0.219411,0.030939193,0.25680995,0.57693815,1,chr2:93976867:transverse_colon:0,FN,0
5.689398,1.3547797,-0.0852666,-0.66871756,-0.1662779,-0.45431638,-0.6258819,0.26207396,-0.25196454,-0.28745523,1,chr10:96641123:spleen:1,TP,1
-2.518561,-0.7923735,0.6981804,-1.6227994,-0.17490393,-0.32045102,0.0071876682,-0.53213215,0.088461824,-0.9991519,1,chr8:41651698:thoracic_aorta:1,FN,0
-2.4356315,-0.095256574,-0.89680433,-0.2750066,-0.509406,-0.11904633,-1.0955628,-0.8112477,1.0494791,0.75791484,0,chr19:34677528:esophagus_squamous_epithelium:0,TN,0
-3.0107057,-0.0096338475,-0.75201553,0.6037302,-0.052986063,-0.5509364,-0.62092584,-0.48930252,0.26781964,-0.02380574,0,chr6:31740369:body_of_pancreas:0,TN,0
6.03064,0.5468609,-0.10262636,-0.3188469,0.09422796,-1.1541351,-0.19705577,0.072596684,-0.067124546,0.10947836,0,chr9:42974893:transverse_colon:1,FP,1
6.0036983,0.52964723,0.19451751,0.30956036,0.38471892,-0.7517967,-0.40266106,0.0803391,-0.32324743,0.17713463,1,chr3:75785357:adrenal_gland:0,TP,1
-2.0734744,-1.4176373,-0.37957078,0.5145791,0.5602513,0.14392877,-0.781515,0.269056,-0.42388043,0.004641421,1,chr8:11746516:tibial_artery:0,FN,0
-3.0782568,1.4851748,-0.70772576,-0.07384334,-0.08897619,-0.124622725,0.59521985,1.2492613,-0.214588,0.2714752,1,chr10:29517801:transverse_colon:0,FN,0
-2.5097694,-0.26304492,-1.4387901,0.0032362249,-0.67017233,-0.5878118,0.18257262,0.038594816,0.09964727,-0.22178237,0,chr7:22082944:testis:0,TN,0
-3.3475573,0.3673887,1.0408233,-0.10823554,0.06987952,0.20555282,-0.66638386,0.0642839,0.33046237,-0.49650693,1,chr8:10798926:esophagus_squamous_epithelium:0,FN,0
-2.3829017,1.0095872,0.16093476,-0.0046288758,0.6886835,-0.35698444,0.7680087,-0.6301283,-0.27276513,0.31415704,0,chr17:55296188:transverse_colon:0,TN,0
-3.0596497,-0.68544024,-0.770229,-0.075263925,-0.05027502,-0.31554917,-0.63001347,-0.13133289,-0.010346444,-0.30813822,0,chr12:93573258:upper_lobe_of_left_lung:0,TN,0
-1.347157,-1.1777472,1.5374615,0.17533684,-0.15785623,0.24563916,0.26369125,-0.5890008,0.07443578,-0.33323818,0,chr12:97609181:body_of_pancreas:0,TN,0
3.7482016,-1.3526648,-0.02613809,-0.44627866,0.41406998,0.4259446,-0.55171394,0.15362953,0.2779262,-0.7862651,1,chr8:120868912:body_of_pancreas:0,TP,1
-0.27786505,-1.0488256,0.13413481,-0.99139094,-0.8664384,-0.17501013,0.4086258,-0.67699885,0.28925323,0.42878965,0,chr19:48333415:Peyers_patch:0,TN,0
5.7928886,0.7728145,-0.13873008,-0.14662488,-0.12580433,-0.17079863,-0.10332618,-0.107265174,-0.43306127,-0.19078055,1,chr6:29705705:sigmoid_colon:0,TP,1
-3.1219506,0.012141333,-0.35033983,0.29259875,0.35989276,-1.1850222,-0.16964589,0.17506947,-0.38195524,-0.18704152,0,chr15:70467027:testis:0,TN,0
4.6444125,1.3424982,0.10650115,-0.5824052,0.103704505,-0.8397499,-0.2519831,0.08255289,0.4274585,0.42007396,1,chr7:142747945:body_of_pancreas:0,TP,1
-3.6533332,1.4357841,-0.20039564,0.6209418,0.2701302,-0.2653923,-0.8293014,-0.29070696,0.2726647,0.05303827,1,chr15:65304799:adrenal_gland:0,FN,0
-2.0312772,-0.5313114,0.83269495,-0.28375715,-0.3168418,-0.49578476,0.7763247,-0.24080594,-0.9606332,0.5373537,0,chr6:15623592:spleen:0,TN,0
-1.692421,-0.58725965,1.2712101,-0.42478564,-0.54251397,-0.42630622,0.25430208,-0.628474,0.34767106,-0.54647094,1,chr5:150148755:thoracic_aorta:0,FN,0
6.0165586,0.22701114,-0.028487913,0.11678945,0.33539456,-0.4970742,-0.24670504,-0.12414292,-0.24212953,-0.16685426,1,chr8:13655256:esophagus_muscularis_mucosa:0,TP,1
4.785508,-1.6351749,-1.3223685,0.4813498,-0.2503586,0.24980092,1.1082832,-0.36837253,0.05737004,-1.3049937,1,chr12:47942527:upper_lobe_of_left_lung:0,TP,1
2.5648482,1.6542543,-0.018428095,-0.58266497,0.030470341,1.4668405,-0.86394894,-0.78385675,0.04097844,1.4168442,1,chr5:123274158:gastroesophageal_sphincter:0,TP,1
-2.247133,1.0496622,-0.081838205,0.05280085,-0.79746974,0.07928943,0.7455227,-0.23233512,-0.4877524,-0.259583,1,chr5:133906516:Peyers_patch:0,FN,0
-3.2329085,0.13325034,-0.5616876,0.072994284,0.14859615,-0.7724512,-0.56888974,-0.2027647,0.69598496,0.18502136,1,chr10:84139494:tibial_artery:0,FN,0
-0.13270098,-0.22590205,1.4136599,-1.0294294,-0.073285446,0.24997407,-0.16418736,-0.29287001,0.06980962,-1.0709985,0,chr5:149003401:body_of_pancreas:0,TN,0
5.5563374,-0.5432861,-0.12907442,1.0951865,0.2531868,0.61506,0.37316403,-0.4308314,-0.3724278,-0.82436967,1,chr3:127748429:tibial_nerve:0,TP,1
0.27137455,1.0801648,1.3970548,-0.7472141,0.71840596,-0.28168085,0.76628435,-0.58383983,0.37476033,0.455962,0,chr7:142552003:body_of_pancreas:0,TN,0
3.2384505,-0.32870772,0.11011569,-0.7314315,0.549003,-1.4296913,0.97512037,-0.8913221,1.5922588,-1.4023666,0,chr9:43171156:spleen:0,FP,1
3.6629243,-0.2788963,0.43507183,0.22305922,0.39535508,0.429961,0.21985812,-0.42391604,0.4418363,1.1692239,1,chr17:43360096:testis:0,TP,1
5.7284875,0.70632106,-0.14104915,-0.23068254,-0.013828839,-0.42951536,-0.600347,-0.2270844,-0.0022719512,0.4653152,1,chr3:75723672:esophagus_squamous_epithelium:0,TP,1
-3.1705353,0.18066704,-1.2983245,0.5461006,-0.3117417,-0.7470223,-0.66893226,-0.12363395,0.06951192,-0.04986259,0,chr17:45584661:Peyers_patch:0,TN,0
-2.300452,-1.1040393,1.1066301,-0.51290286,-0.11591393,-0.21832222,1.0255145,0.15766707,-0.013157852,-0.10612134,0,chr5:142015574:body_of_pancreas:0,TN,0
6.1928616,0.16321123,0.13583247,0.14303398,0.46821943,-0.61828166,-0.11798573,0.11871556,-0.025924798,0.1422686,1,chr17:26601376:prostate_gland:0,TP,1
1.1895392,-1.6526442,0.37180543,0.71172804,-0.37503114,-0.27263698,0.1730117,-0.059435803,-0.33461645,1.1873857,1,chr10:73649:body_of_pancreas:0,TP,1
-0.7958263,-2.4310007,0.7247739,-1.2077416,0.067489214,0.6941564,0.09835155,0.26686844,-0.19567594,-0.068885095,0,chr1:67535734:adrenal_gland:0,TN,0
4.85825,-0.54525626,-1.6167437,0.20071292,-0.52701855,0.08994809,0.75410795,-0.6793034,-0.102490805,0.060479794,0,chr5:138352584:esophagus_squamous_epithelium:0,FP,1
-2.9709792,0.8051233,0.12968852,0.03795446,0.7256364,0.2192085,-0.3293639,-0.8656838,-0.026630087,0.017198764,0,chr15:65304945:upper_lobe_of_left_lung:0,TN,0
-3.323967,0.64753187,-1.012563,0.5746886,-0.45294985,-0.9690846,0.18208534,0.40022424,-0.36273947,-0.07741138,0,chr4:74794557:sigmoid_colon:0,TN,0
1.2856755,0.7189359,-1.6799995,-0.69132346,-1.3833696,0.5785573,-0.4100437,0.36110702,0.25281495,0.7134896,0,chr12:63668906:thoracic_aorta:0,FP,1
-2.2056782,-0.18261503,-1.7755746,0.5945532,-1.2618748,0.007395712,-0.538708,-0.083620906,0.2001622,0.048175193,1,chr4:67700970:gastrocnemius_medialis:0,FN,0
-2.7831898,1.2721288,0.29561037,0.4007728,0.21509534,0.18233733,0.019248785,-0.71570987,-0.23451903,-0.2914549,0,chr2:108654376:body_of_pancreas:0,TN,0
-3.129223,1.0558552,-0.6089054,-0.6349562,-0.10038135,-0.32428774,-0.784604,0.09207771,0.33146653,0.11226165,1,chr9:83219701:body_of_pancreas:0,FN,0
5.445553,-0.15875404,0.33294854,0.52991295,0.43650472,0.18216196,-0.0771057,-0.3543891,-0.19147088,0.13036026,1,chr14:30690707:transverse_colon:1,TP,1
-0.57875496,0.94466263,-0.38694268,0.44486392,0.76433295,0.5378671,0.8568497,0.6536446,-0.19766004,-0.33155102,0,chr9:7186362:transverse_colon:0,TN,0
6.1928616,0.16321123,0.13583247,0.14303398,0.46821943,-0.61828166,-0.11798573,0.11871556,-0.025924798,0.1422686,1,chr17:26601376:transverse_colon:0,TP,1
0.8860944,-0.83418,-0.37929776,-1.3847258,-1.0209582,-0.08275164,0.93419415,-0.07076008,-1.1688831,1.4898218,0,chr7:100965487:body_of_pancreas:0,FP,1
6.161287,-0.38117737,-0.16282196,0.27088574,0.57941806,-0.96186906,-0.06362656,-0.12488981,0.087661624,-0.52436656,1,chr12:8390645:thyroid_gland:0,TP,1
3.9724743,-3.006298,0.27465704,2.1939905,0.8251966,0.8948736,0.004819034,0.30868042,-0.47015917,-0.58357316,1,chr9:101449087:adrenal_gland:0,TP,1
-1.6652565,-1.515563,-1.6921284,0.49035564,-0.7867692,-1.1042101,0.111737214,0.11927346,0.07748409,-0.44310075,1,chr8:28701937:tibial_nerve:0,FN,0
-3.0866563,-0.45902658,1.862825,0.48890236,-0.9397381,-0.08116282,0.0074277893,0.21397275,0.33431795,-0.44615442,1,chr6:36701731:esophagus_squamous_epithelium:0,FN,0
-2.3707535,-1.3747871,-1.4831971,0.4548911,-0.4334395,-1.2389525,-0.14600235,0.16450974,0.61624044,0.30467483,0,chr7:55019086:esophagus_squamous_epithelium:0,TN,0
-2.8153872,-0.3350384,0.41393456,-0.22715971,0.42655528,0.63332945,-0.49860057,-0.052031502,-0.18591161,-0.32755357,0,chr2:166385021:testis:0,TN,0
-2.243279,-1.4388478,-1.3681705,0.5704582,-0.75122863,-0.5788599,-0.7809535,-0.16865577,0.5804193,0.34358346,0,chr16:2673240:upper_lobe_of_left_lung:0,TN,0
5.437609,-0.59811187,-0.2613853,1.2291099,0.16397345,0.1616666,0.7812453,-0.9241024,-0.44971234,-0.7453668,1,chr7:73725711:gastrocnemius_medialis:0,TP,1
5.997985,0.07447646,0.22969393,0.27668273,0.25909707,-0.3058364,-0.3608998,0.34914473,-0.1654975,-0.040524896,1,chr17:23044492:thyroid_gland:0,TP,1
-2.1035469,-1.5288996,0.77862245,-1.4149805,1.2438326,-0.09194374,-0.2162885,-0.3873445,0.094675556,-0.22800097,0,chr3:87350538:transverse_colon:0,TN,0
-2.8491733,-0.17245279,-0.7966676,0.115160786,0.38841817,-0.41870156,-0.14479412,0.099121414,-0.014459545,0.2719845,1,chr11:78645452:upper_lobe_of_left_lung:0,FN,0
-2.9895804,2.0783834,-0.19070439,0.6084609,-0.323735,-0.029894069,0.040390447,-0.5386794,0.12874743,0.23317856,0,chr2:71072083:upper_lobe_of_left_lung:0,TN,0
-2.6478262,-0.40051106,2.010321,-0.6596759,-0.37439093,-0.010061692,0.39792448,-0.3364756,0.831198,-0.21924208,0,chr8:141002859:transverse_colon:0,TN,0
-2.9926732,-1.2433168,0.67584836,-0.18354806,0.7355247,-0.6606906,0.011176363,-0.42249382,-0.41054833,-0.37534273,0,chr9:74379718:body_of_pancreas:0,TN,0
-2.8222601,2.134894,0.11714414,0.48792464,0.39474225,-0.49017978,0.093275435,0.70083237,-0.20932132,-0.31708643,0,chr1:153190715:body_of_pancreas:0,TN,0
-2.7520068,0.5722396,-0.38052633,0.15401766,-0.17785773,-0.41597432,1.0793421,0.8435887,-0.73343354,0.14753228,0,chr15:25788067:upper_lobe_of_left_lung:0,TN,0
5.985963,0.11544102,0.31364098,0.21283798,0.26752818,-0.730168,-0.43331698,0.41177738,-0.3636499,0.53088045,1,chr3:75785609:prostate_gland:0,TP,1
-1.4049547,-1.6595007,-1.8662708,0.3841005,-1.1684682,-0.6023133,0.2593395,-0.34268612,0.844876,0.2220617,1,chr11:118925860:gastrocnemius_medialis:0,FN,0
-0.6509399,-0.66720057,-0.6147319,-0.66171235,1.1661192,0.4630821,-0.29767367,-0.25759423,0.0374866,0.09287261,0,chr7:93443008:thoracic_aorta:0,TN,0
-0.8246175,-0.6891948,-1.3888257,0.033845566,-0.78652644,0.7618901,0.1405087,-0.28620628,0.55801874,0.3343534,1,chr3:184135459:upper_lobe_of_left_lung:0,FN,0
2.4802392,-2.5789173,-2.4609015,0.1586981,-0.051949665,-0.085198715,1.6894397,-0.11253777,1.0876758,0.36856338,1,chr6:151390284:prostate_gland:0,TP,1
-3.1539307,0.15940677,0.6475494,-0.7360493,0.41408858,0.28699583,-0.03629855,-0.274667,-0.74264723,0.041768715,0,chr16:71157043:esophagus_squamous_epithelium:0,TN,0
-2.4637985,0.98564404,2.543942,0.86681616,-1.6553313,0.40857324,0.12008532,0.25042996,0.12529637,-0.46564195,0,chr12:66409237:transverse_colon:0,TN,0
-0.89584094,-1.5376813,-1.5132567,0.07550221,-0.45321172,-0.5046552,0.42429408,-0.26830018,0.57195896,0.17297041,0,chr14:77800247:esophagus_muscularis_mucosa:0,TN,0
-2.8505962,-1.5215228,0.64935184,-0.8265852,0.19457702,-0.7235058,-0.09113454,-0.6067069,-0.58549064,-0.42005563,1,chr16:75110509:sigmoid_colon:0,FN,0
-2.518561,-0.7923735,0.6981804,-1.6227994,-0.17490393,-0.32045102,0.0071876682,-0.53213215,0.088461824,-0.9991519,1,chr8:41651698:tibial_artery:1,FN,0
5.818792,0.44454417,0.13708818,0.3644635,0.47694132,-0.342495,-0.3853681,-0.093477376,-0.4481915,0.2574993,1,chr1:103345525:prostate_gland:0,TP,1
-2.8919704,0.91919553,-1.3003348,0.13438572,-0.8911284,0.18021545,-0.5192037,0.10377524,0.16976234,0.16178332,1,chr11:1652791:tibial_nerve:0,FN,0
-2.5685768,-0.51708496,-0.1336081,-0.7432081,0.9577916,-0.16077057,-0.4150606,-0.15689018,0.12599291,0.1710849,0,chr15:34110369:tibial_artery:0,TN,0
-3.133793,0.7795467,0.054950874,-0.38928044,1.1415433,0.30634353,-0.41535082,0.39543042,-0.3399671,-0.24991204,1,chr15:21284342:spleen:0,FN,0
-1.2090918,-2.167581,0.509189,-1.5615484,-0.2892751,0.7519193,-1.3565439,0.44581547,-0.15129426,-0.13593093,1,chr16:11211:spleen:1,FN,0
-2.857766,-0.3556824,-1.0421488,0.5894564,-0.12456492,-0.22180398,-0.79819244,-0.00208525,-0.1195476,-0.3757422,0,chr5:54310714:prostate_gland:0,TN,0
5.696488,-0.09959437,-0.21446079,1.1096163,0.244058,0.0135991415,0.10035833,-0.635883,-0.79716796,-0.3741377,1,chr2:67906557:spleen:0,TP,1
-3.5445094,2.1154723,-0.14096789,0.42635757,0.49125886,-0.4037869,0.12508525,0.68677884,-0.07949338,0.008107124,1,chr13:58041818:body_of_pancreas:0,FN,0
-1.9174529,-0.27600768,-0.2359083,-0.51789314,-1.1396899,-0.7645858,0.8662226,-0.5825192,0.123290166,-0.32655498,0,chr11:2305174:gastrocnemius_medialis:0,TN,0
-3.6267886,2.0383124,-0.2576648,0.25305915,-0.31757692,-0.92282784,0.26880512,0.23952639,-0.4342324,-0.3322079,1,chr1:43505284:body_of_pancreas:0,FN,0
3.4781265,2.661247,0.03810621,-1.0954537,-0.014447124,0.9413424,-0.6921145,-0.1747856,0.1320475,0.49509546,0,chr8:76367949:prostate_gland:0,FP,1
5.4652314,0.6915026,-0.3891075,0.19336781,0.2601459,0.47735956,-0.19165039,-0.5100431,-0.4479,-0.2585351,1,chr10:52595542:transverse_colon:0,TP,1
-3.1478567,-1.1130505,0.75872356,-0.72593164,0.94078606,-0.31693923,-0.10526747,-0.40197033,0.015101157,-0.45495206,0,chr6:11435131:tibial_artery:0,TN,0
-0.79090923,-1.072219,0.11804104,-0.68035895,-0.68470275,-0.4231871,0.39450988,0.049426295,-1.0349854,1.3313893,1,chr11:65552279:adrenal_gland:0,FN,0
-2.970095,0.10258445,1.3434554,-0.40191066,-0.39373913,-0.18794361,0.048989452,-0.45172146,0.32995436,-0.21741554,0,chr5:172354447:body_of_pancreas:0,TN,0
0.23909998,-1.4442024,-0.8329396,-0.9100339,-1.3439745,0.008562082,-0.15523939,-0.43640837,-0.07331989,0.7132353,0,chr6:31271600:body_of_pancreas:0,TN,0
-2.386901,-0.46910036,-1.3078864,0.6710321,-0.7852359,-0.98176605,-0.4741688,-0.006791445,0.33052534,-0.04880145,0,chr15:34583875:prostate_gland:0,TN,0
-2.699269,-1.1666021,-1.105193,0.07942666,-0.18674779,-0.45180282,-0.3999828,-0.11750299,0.5079036,-0.114497796,0,chr19:35717320:thoracic_aorta:0,TN,0
5.985963,0.11544102,0.31364098,0.21283798,0.26752818,-0.730168,-0.43331698,0.41177738,-0.3636499,0.53088045,1,chr3:75785609:sigmoid_colon:0,TP,1
-2.7203333,-0.7862956,-0.36029026,-0.39522758,0.22573367,0.6710014,-0.53930753,-0.09461618,-0.50306565,-0.1314157,1,chr16:80466557:upper_lobe_of_left_lung:0,FN,0
-1.6916027,0.4436017,-0.31397638,0.68474364,0.9598524,0.33210778,0.31453133,0.33480245,-0.21173842,-0.2502826,0,chr3:169391022:Peyers_patch:0,TN,0
-0.61285317,0.3966857,-0.044100866,-0.26183832,-0.4610334,0.20005774,1.4523357,0.98067373,-0.034368478,0.47446594,0,chr7:104945068:thoracic_aorta:0,TN,0
-2.884832,0.18608099,0.7259815,-0.11415501,0.31055915,0.13042848,0.5476237,0.20814994,-0.24522892,0.058005147,1,chr5:32852903:body_of_pancreas:0,FN,0
-2.1555011,-1.331309,0.7083861,-0.68912494,-0.26865453,-0.5452896,0.23359919,-0.11912577,-0.87099314,0.09003897,0,chr20:45895142:transverse_colon:0,TN,0
5.534416,1.374139,0.23412856,-0.65056425,-0.115566574,-0.5906626,-0.5309001,-0.058578704,-0.05027775,-0.84182125,1,chr17:43360656:tibial_artery:0,TP,1
5.7531967,0.36722806,-0.48441768,-0.3102987,-0.051448237,-0.1280922,-0.23108132,-0.06574609,-0.1268892,-0.06456483,1,chr12:121918386:prostate_gland:1,TP,1
-0.2529405,1.3504754,1.6721615,1.550861,-1.1834803,0.09097252,0.256865,0.08242606,0.31963536,0.106214665,0,chr12:124912514:body_of_pancreas:0,TN,0
-2.642433,-1.3365386,-1.3119019,0.52945924,-0.78745574,-1.0445793,-0.88244104,-0.093384475,0.58261806,0.31009868,0,chr12:69738928:body_of_pancreas:0,TN,0
-1.8877592,1.012718,-1.2387657,-0.2015414,-1.9346372,0.5032069,0.10820873,-0.19265398,-0.1778412,-0.16499527,1,chr3:9862475:gastroesophageal_sphincter:0,FN,0
5.465232,0.6915004,-0.3891076,0.19336636,0.2601467,0.477359,-0.19165023,-0.51004225,-0.44789997,-0.25853586,1,chr10:52595542:body_of_pancreas:0,TP,1
-0.38776428,-2.8434663,0.5506471,0.27834052,-1.1145251,-0.5719804,-0.008406997,0.30384818,-1.1137456,1.0882878,1,chr9:33447548:transverse_colon:1,FN,0
0.029173482,0.22778022,-0.09345313,-0.42660266,1.4818051,1.1579622,1.4587576,0.23798487,1.0934106,0.5668769,1,chr6:43386692:prostate_gland:0,FN,0
0.74980396,-0.08337631,0.4904302,0.2508376,-1.1302731,0.37117672,0.36612657,-0.2951605,1.2922053,1.0622325,1,chr19:47436804:prostate_gland:0,TP,1
-1.9193746,-0.49945742,5.379655e-05,-0.28788716,1.5647783,0.20079969,-0.16012181,-0.05347952,0.20895767,0.19272326,1,chr1:117128872:prostate_gland:0,FN,0
-1.8520787,0.21212065,-1.1262889,-0.49038965,0.10120617,-0.1469821,-0.13630606,0.31526265,0.5569869,0.2929717,0,chr10:29517740:adrenal_gland:0,TN,0
-1.5544388,1.8422343,2.9179265,1.0040447,-1.4730939,0.16792305,-0.2194113,0.030938067,0.25680906,0.5769392,1,chr2:93976867:spleen:0,FN,0
3.3199773,1.5575078,0.26030076,-1.1519272,-0.3648373,0.5218073,0.3034666,0.08324535,0.39095798,-0.038569514,1,chr1:89276833:gastrocnemius_medialis:0,TP,1
-0.4988662,1.2626106,1.6869198,1.7571443,-1.1699269,-0.24845296,0.38127095,0.027102806,0.26966617,0.48957834,0,chr15:41022969:adrenal_gland:0,TN,0
3.795464,0.93230015,-0.06527496,-0.45701432,-0.44905546,0.84718573,0.47857708,0.08076299,0.39561066,-0.2274896,1,chr6:131199853:spleen:0,TP,1
-2.6357374,0.99324614,-0.14564373,0.20609407,0.4719604,0.21493618,0.59087723,0.5724115,-0.3099092,0.071957394,1,chr22:22208022:Peyers_patch:0,FN,0
-2.0429547,-1.7414201,0.4372609,-1.4258684,0.3002655,-0.34476164,-0.122668974,-0.3279374,0.51490307,-0.5287328,0,chr16:86045602:Peyers_patch:0,TN,0
-2.480526,-0.078168295,2.2576287,0.13249315,-1.0384972,-0.13547933,-0.66351813,0.34518906,0.11319196,0.09165948,0,chr17:76593629:esophagus_squamous_epithelium:0,TN,0
6.0429125,0.16955775,-0.15559474,-0.17280833,0.021089926,-0.60005385,-0.62029505,0.18417509,-0.32473114,0.20254743,1,chr17:45585364:prostate_gland:0,TP,1
5.997985,0.074474014,0.22969325,0.27668306,0.25909758,-0.30583683,-0.36089918,0.34914488,-0.1654981,-0.040523827,1,chr17:23044492:gastrocnemius_medialis:0,TP,1
6.0429125,0.16955775,-0.15559474,-0.17280833,0.021089926,-0.60005385,-0.62029505,0.18417509,-0.32473114,0.20254743,1,chr17:45585364:body_of_pancreas:1,TP,1
-2.7393134,-0.4359822,-0.3570662,0.18916063,-0.31101048,0.39087743,-0.6753583,0.19737197,0.103062674,-0.27425712,0,chr19:628473:testis:0,TN,0
-3.2897174,-0.75342876,1.272697,-0.562638,-0.14869025,-0.5152287,-0.2137414,-0.690121,0.40528777,-0.40841252,0,chr5:134003887:transverse_colon:0,TN,0
-2.0460968,-0.67939794,1.9738004,-0.06994202,-0.08989041,-0.15140094,-0.03172284,0.10549725,0.1700996,-0.56027156,1,chr17:53268585:body_of_pancreas:0,FN,0
-2.4945908,-0.060896423,-0.04186448,0.29533124,0.1173791,0.17301744,-0.369157,-0.31514937,-0.66185236,-0.5328186,0,chr9:124712314:esophagus_squamous_epithelium:0,TN,0
5.7642493,0.74145967,-0.2536493,-0.03854715,-0.16700464,-0.043832473,-0.3535459,-0.20068142,-0.2916101,-0.44116208,1,chr2:165698937:thoracic_aorta:0,TP,1
2.2733216,-1.1485677,-1.7076156,-0.17823146,-0.7901746,0.6209041,0.76962066,0.48497403,0.42743933,-1.1433554,0,chr20:38165491:suprapubic_skin:0,FP,1
5.452518,1.246878,-0.1581583,-0.56660384,-0.35044688,-0.3288854,0.15573065,0.2594027,-0.1584945,-0.553095,1,chr7:142776471:thoracic_aorta:0,TP,1
-3.1069918,1.7966698,-0.01231718,0.6065739,1.1814196,-0.20577441,-0.27625751,-0.13728526,0.27061704,-0.021854753,0,chr4:156966706:thoracic_aorta:0,TN,0
5.7941003,-0.13284189,-0.29934627,0.90468764,0.040933542,-0.019757934,0.13468133,-0.6212245,-0.70961237,-0.36733603,1,chr1:91927306:adrenal_gland:0,TP,1
-2.4974103,-0.32908168,1.8461443,-0.47133064,-0.32046875,-0.052866276,-0.001193965,-1.2535228,0.24819183,0.06600162,0,chr19:49327988:testis:0,TN,0
-2.652185,-0.7536053,1.7808789,0.06344908,-0.6452871,-0.5110304,-0.6188353,0.008908262,-0.44840577,-0.20992203,0,chr19:4139851:spleen:0,TN,0
-1.813022,0.15937316,0.41760835,0.31872594,0.6126209,0.71645665,-0.2623727,-0.23895408,-0.20915759,0.11980412,0,chr10:25726273:Peyers_patch:0,TN,0
-2.1636162,0.55806285,-0.03560879,-0.21958242,0.5772986,0.019459486,-0.10766663,-0.09363341,0.08826985,-0.20500547,0,chr11:5600232:transverse_colon:0,TN,0
-1.2034948,-1.4909977,-0.5742828,-1.2570949,-1.1721083,-0.42368346,1.3351334,0.39059684,0.30278945,0.5558381,0,chr4:8607735:suprapubic_skin:0,TN,0
-2.4182088,-1.5563389,-1.0777882,-0.47756854,-0.58083236,-0.4826411,-0.5896639,0.06682319,-0.054331187,-0.669836,1,chr10:124389232:prostate_gland:0,FN,0
2.7876859,-2.4789102,-2.2739289,0.86235136,-0.6452234,0.0675692,0.8913797,-0.6686412,0.027915115,-0.4307818,0,chr9:136327792:esophagus_squamous_epithelium:0,FP,1
-3.1224837,0.5509488,-0.3480517,-0.21023464,0.77494293,0.129296,-0.018319659,0.56653255,-0.00023807463,-0.053471565,1,chr1:53861076:Peyers_patch:0,FN,0
5.689398,1.3547797,-0.0852666,-0.66871756,-0.1662779,-0.45431638,-0.6258819,0.26207396,-0.25196454,-0.28745523,1,chr10:96641123:body_of_pancreas:0,TP,1
0.029166527,0.22777984,-0.09345365,-0.4266048,1.4818046,1.1579622,1.4587533,0.23798604,1.0934095,0.56687725,1,chr6:43386692:spleen:0,FN,0
-2.4937208,0.6543326,2.356547,0.59187543,-0.7893484,-0.03836656,0.41890568,0.19088781,0.7104706,-0.36971375,0,chr3:64324523:sigmoid_colon:0,TN,0
-2.520675,1.9247284,-0.08349519,0.06622433,0.20120835,0.31564686,0.69047886,0.30729622,-0.41482088,0.55793256,0,chr1:183623434:tibial_artery:0,TN,0
5.997985,0.07447646,0.22969393,0.27668273,0.25909707,-0.3058364,-0.3608998,0.34914473,-0.1654975,-0.040524896,1,chr17:23044492:spleen:0,TP,1
5.518663,-1.2734697,-0.79928774,0.24629946,0.13198012,-0.36558115,0.4607657,-0.33161995,0.21763353,-0.33530822,0,chr8:12659347:omental_fat_pad:0,FP,1
-2.0008812,1.5251935,0.016997226,0.66729164,1.8348057,0.040131748,0.04175464,0.8931765,0.32973093,-0.15710329,0,chr8:52420940:esophagus_muscularis_mucosa:0,TN,0
-1.1638979,1.105031,2.262792,0.8895653,-1.3874364,0.14957865,0.4317508,-0.28984717,0.31441426,0.1350419,1,chr8:30230823:transverse_colon:0,FN,0
3.5352757,-0.4114322,-0.18139288,0.606999,0.11592798,1.1317446,0.4469663,-0.8270614,-0.8132205,0.5049567,1,chr12:48753691:thoracic_aorta:0,TP,1
-3.2053802,0.5855234,0.14518614,-0.30921692,0.2711438,-0.40617052,0.40200302,-0.5755921,-0.15479612,0.12628269,0,chr13:30796409:transverse_colon:0,TN,0
-3.0366883,2.9018855,-0.020902425,0.101198114,0.25558966,0.22933337,-0.058167852,0.6501,0.19889332,-0.23904784,1,chr9:127348292:body_of_pancreas:0,FN,0
-2.4356315,-0.095256574,-0.89680433,-0.2750066,-0.509406,-0.11904633,-1.0955628,-0.8112477,1.0494791,0.75791484,1,chr19:34677528:upper_lobe_of_left_lung:0,FN,0
-1.2984177,-0.7366836,-1.8346974,-0.18144794,-0.6895634,0.2956655,-0.4720754,0.03370368,1.1617513,0.28244355,0,chr15:98421861:Peyers_patch:0,TN,0
5.2559366,1.2303774,0.457904,-0.59170616,-0.11551984,-0.0063530765,-0.65579236,0.15192811,0.22007325,-0.09280599,1,chr7:142485709:prostate_gland:0,TP,1
-2.8568738,-0.022172587,0.60165685,-0.5264962,0.52220976,-0.21178192,0.032895133,-0.41313824,0.018458981,-0.20591785,0,chr12:6285511:adrenal_gland:0,TN,0
3.8478618,-0.22751088,-0.58399105,0.49450815,-0.36808655,0.69704723,1.2096469,-0.15447907,-0.26195598,-1.4954114,1,chr3:48425836:body_of_pancreas:0,TP,1
-3.1744654,-0.59053105,-0.80039376,0.3165376,0.059269756,-0.77818877,-0.51114124,-0.3896347,0.69172,0.30789378,0,chr1:155563361:adrenal_gland:0,TN,0
-2.4621496,0.58720875,0.3116927,-0.9133649,0.8725989,0.39939705,0.42341575,0.006167794,0.4753736,-0.3200899,0,chr1:162034055:thoracic_aorta:0,TN,0
-0.7790804,-0.9228581,1.5647593,-0.9051185,0.018804034,0.45643598,0.52727115,0.017389268,0.27013615,-0.5744153,1,chr11:120737512:body_of_pancreas:0,FN,0
0.6652975,-0.57730365,-1.2716244,-0.27114233,-0.021387598,0.5663651,-0.03067227,-0.31581336,1.1691978,-0.30208057,0,chr15:52784128:upper_lobe_of_left_lung:0,TN,0
-2.4788766,-0.0051746485,-0.80840194,0.29026467,0.81515765,0.4396819,-0.5035331,0.24453549,0.4533299,-0.13297221,1,chr17:43361351:tibial_nerve:0,FN,0
-2.563551,0.27254117,-1.5595132,1.0633289,-0.65410364,0.01361146,0.2694257,0.43818226,-0.28903294,0.28460708,1,chr17:4004013:body_of_pancreas:0,FN,0
-2.518561,-0.7923735,0.6981804,-1.6227994,-0.17490393,-0.32045102,0.0071876682,-0.53213215,0.088461824,-0.9991519,1,chr8:41651698:Peyers_patch:0,FN,0
-2.8783796,0.16070269,-0.6878633,0.3226103,0.058645148,-0.47306913,0.3514239,-0.16880378,-0.742055,-0.5073728,0,chr12:117685539:prostate_gland:0,TN,0
-2.9262278,-1.2423071,1.0195355,-0.03604105,-0.5543986,-0.39070505,-0.23819155,-0.53722614,0.30132017,0.17097086,0,chr9:127451228:Peyers_patch:0,TN,0
5.7531967,0.36722806,-0.48441768,-0.3102987,-0.051448237,-0.1280922,-0.23108132,-0.06574609,-0.1268892,-0.06456483,1,chr12:121918386:tibial_nerve:0,TP,1
-1.4948729,-0.62773246,1.6305683,0.86230356,-0.8597176,-0.7459987,0.81275094,0.09060863,-0.18790421,0.8329524,0,chr17:8966421:body_of_pancreas:0,TN,0
3.418979,-0.3518871,0.05908948,-0.6503199,0.5708472,-1.3542056,1.1346624,-0.8426621,1.5497718,-1.4882191,0,chr9:43171158:transverse_colon:0,FP,1
-2.0936837,-0.014688281,-1.5482571,0.8993466,-1.1277483,-0.16635568,-0.31598154,-0.062627025,0.5303306,-0.016537115,0,chr17:4710334:tibial_artery:0,TN,0
-2.4204228,-0.40156767,2.0437472,-0.038918324,-0.7364033,-0.32802767,-0.3911454,0.015895098,0.48825228,-0.36446017,0,chr7:152899729:esophagus_squamous_epithelium:0,TN,0
-3.594237,1.7494843,0.10332297,0.49893445,0.43152383,-0.13500895,-0.7959304,-0.41956323,0.17992763,-0.103002734,1,chr1:230216193:tibial_artery:0,FN,0
-3.0220668,0.42900857,0.5655234,-0.3970595,0.31062102,-0.051188033,0.5270428,0.035654955,-0.38000372,-0.10660442,0,chr3:42829201:Peyers_patch:0,TN,0
-1.4259974,-0.7042454,-0.71694016,0.3485664,0.4353072,1.2288471,-1.0136557,-1.1341302,-0.11403971,0.39942092,1,chr19:45427778:gastrocnemius_medialis:0,FN,0
-3.133793,0.7795467,0.054950874,-0.38928044,1.1415433,0.30634353,-0.41535082,0.39543042,-0.3399671,-0.24991204,1,chr15:21284342:esophagus_squamous_epithelium:0,FN,0
-2.3250356,0.9133367,0.734633,-0.20509082,0.055301737,-0.42846754,0.1197731,-0.8531878,0.090861656,-0.38113037,0,chr10:73886123:body_of_pancreas:0,TN,0
-3.3467376,1.8451653,-0.23804903,0.54508066,0.370855,-0.1422286,0.23613726,0.4322291,-0.252935,0.1956439,0,chr7:138739189:adrenal_gland:0,TN,0
-3.129223,1.0558552,-0.6089054,-0.6349562,-0.10038135,-0.32428774,-0.784604,0.09207771,0.33146653,0.11226165,1,chr9:83219701:sigmoid_colon:0,FN,0
0.4143326,0.28188103,1.0603857,-1.1395379,0.35586724,0.46140063,0.3327202,0.39072117,1.0110596,-0.9330835,0,chr11:35106269:thoracic_aorta:0,FP,1
5.985963,0.11544102,0.31364098,0.21283798,0.26752818,-0.730168,-0.43331698,0.41177738,-0.3636499,0.53088045,1,chr3:75785609:tibial_artery:1,TP,1
5.419969,0.12446161,-0.12792364,-0.17850974,0.30685255,-0.28243703,-0.4385358,0.21180792,-0.16399279,1.1464453,0,chr4:163544593:tibial_nerve:0,FP,1
-1.2009562,1.1346983,1.3643847,-0.010125495,-0.16827364,0.9378387,-0.38885984,-0.0024964411,0.5810827,-0.53528726,0,chr3:32375439:tibial_artery:0,TN,0
-2.5718203,-1.6078371,2.1308985,0.63652515,-0.3896934,-0.251814,-0.52269083,0.39011365,0.082514495,-0.07729219,0,chr19:48588976:thoracic_aorta:0,TN,0
-2.8661249,1.2946141,1.5024331,0.4708827,-1.0443356,-0.0801616,0.13578202,-0.32011414,-0.18981414,0.07636942,0,chr2:120553360:body_of_pancreas:0,TN,0
4.9040504,-0.41564602,-0.28147468,0.18430528,0.8935847,0.08191545,0.50092655,-0.9397319,0.059556134,-1.3602177,0,chr1:230111058:body_of_pancreas:0,FP,1
0.7237517,2.9132075,-0.10346809,-1.392043,-0.4279775,1.1474055,-0.08016885,-0.070652805,0.1955394,0.22103864,1,chr14:55133563:body_of_pancreas:0,TP,1
0.8131207,-2.559672,0.8292085,-0.45914176,-0.7558346,0.82349634,-0.67246294,0.97030777,-1.5488429,0.15242659,1,chr7:22550431:prostate_gland:0,FN,0
-2.758783,-0.2781721,-0.693496,-0.23267365,0.026578562,-0.1933788,0.19168082,-0.27218488,-0.33930597,-0.50093615,0,chr10:5949380:body_of_pancreas:0,TN,0
-1.7842088,-1.9710044,0.8667784,-0.11320737,0.5468792,0.23225126,0.058318518,-0.24139231,0.2553767,0.113023356,1,chr8:26437717:upper_lobe_of_left_lung:0,FN,0
-2.2451735,1.6077096,-0.09630723,-0.5203192,0.59670043,0.80587244,-0.1868081,-0.22176346,-0.65203726,0.48784223,1,chr9:17531876:thoracic_aorta:1,FN,0
-2.5851614,-0.69644105,-1.6527114,0.6920344,-0.24316914,-0.1486756,-0.6077741,0.24109308,0.28845003,-0.030603735,0,chr4:123397899:prostate_gland:0,TN,0
0.6098041,1.5511625,-0.93648154,-0.21797688,-1.3408902,0.9346124,0.6125746,-0.06954312,-0.46964598,0.20677218,0,chr7:38368307:testis:1,FP,1
-2.9709792,0.8051233,0.12968852,0.03795446,0.7256364,0.2192085,-0.3293639,-0.8656838,-0.026630087,0.017198764,0,chr15:65304945:transverse_colon:0,TN,0
-1.5879854,-1.3386445,0.32281044,-0.91144836,-0.54879093,0.09354228,-0.11637162,-0.46121746,-0.7196182,0.98602796,0,chr11:45252683:prostate_gland:0,TN,0
0.29220095,-2.5351284,-1.9494483,-0.30312723,-1.0919484,-0.468245,0.9104235,-0.13585831,0.19393007,0.89679587,1,chr14:100828072:upper_lobe_of_left_lung:0,FN,0
0.38140613,-2.4080508,0.2527584,-0.4951933,-0.6443989,0.7073884,-0.32938182,-0.08715857,-0.39832732,-0.4033457,0,chr19:38962208:transverse_colon:0,TN,0
-1.509854,-0.9806278,-0.8352746,-0.9416012,0.49899808,-0.26562488,1.9060049,0.80905354,0.5667513,0.4575775,0,chr1:165592941:upper_lobe_of_left_lung:0,TN,0
-2.6876118,-0.8338317,0.37403724,-0.32159802,0.92555904,-0.08748349,-0.19674213,-0.43094066,-0.35361758,-0.2548272,0,chr10:89531733:body_of_pancreas:0,TN,0
5.9735203,0.5020509,-0.173994,-0.18931183,-0.0799431,-0.5121276,-0.11548976,0.04540676,-0.081758656,-0.6861036,1,chr9:61668518:gastroesophageal_sphincter:0,TP,1
-1.7069333,1.6776481,-0.6180054,0.37600827,-0.09369926,0.7350125,-0.5188435,-0.2836302,0.51529986,0.11639978,1,chr12:106136382:testis:0,FN,0
-2.518561,-0.7923735,0.6981804,-1.6227994,-0.17490393,-0.32045102,0.0071876682,-0.53213215,0.088461824,-0.9991519,1,chr8:41651698:esophagus_squamous_epithelium:0,FN,0
5.4915113,-0.68157744,0.120022796,0.12403974,0.30475917,0.4081863,-0.4736841,0.45202562,0.45379516,-1.0447093,1,chr17:43360554:thoracic_aorta:0,TP,1
-0.20316921,-3.2253103,1.4690554,0.2772988,-0.0164882,0.6248916,-0.12297271,-0.058373153,0.40428787,0.22505546,0,chr17:2352877:upper_lobe_of_left_lung:0,TN,0
-2.037051,0.26042527,1.9430908,1.2153151,-1.1665092,0.10268129,0.61438966,-0.45689997,-0.26032925,0.53234243,1,chr16:4548780:upper_lobe_of_left_lung:0,FN,0
-2.8919692,0.9191917,-1.3003348,0.13438512,-0.8911273,0.18021525,-0.51920354,0.103774235,0.16976158,0.16178346,1,chr11:1652791:spleen:1,FN,0
6.0429125,0.16955775,-0.15559474,-0.17280833,0.021089926,-0.60005385,-0.62029505,0.18417509,-0.32473114,0.20254743,1,chr17:45585364:esophagus_squamous_epithelium:0,TP,1
-2.652185,-0.7536053,1.7808789,0.06344908,-0.6452871,-0.5110304,-0.6188353,0.008908262,-0.44840577,-0.20992203,0,chr19:4139851:prostate_gland:0,TN,0
-2.9305634,0.67083263,-1.1890582,0.45778576,-0.43506345,-0.057124186,-0.08066766,1.0276324,-0.051288243,0.118684866,0,chr15:100918470:tibial_artery:0,TN,0
2.4950354,0.16855498,-0.5529404,0.7487989,0.7607248,1.9112623,-0.40909183,-0.73007196,-1.0983672,-0.53902155,0,chr1:108214824:spleen:0,FP,1
-2.8245885,-0.5271082,0.65586156,-0.4625019,0.8486355,0.1496402,-0.1084657,-0.6499852,-0.3138683,-0.16550463,1,chr1:222057506:body_of_pancreas:0,FN,0
-0.8883527,1.8508397,0.32298148,1.0509132,0.4085611,-0.033683274,0.8976685,-1.0464786,0.003054127,0.023865353,0,chr1:203365192:transverse_colon:0,TN,0
-1.7375629,-0.29274037,2.0403824,0.5513424,-0.49257424,0.1205963,-0.091711156,-0.58048576,-0.5867461,0.5526614,0,chr10:73942523:thoracic_aorta:0,TN,0
-0.69660723,-0.852702,-0.24078983,-1.1689875,0.9264439,0.36680353,0.559664,0.8485807,0.38778457,0.06123178,1,chr1:160835143:spleen:0,FN,0
1.9375542,-2.0579584,1.117162,-0.22613195,-0.70856273,0.5896647,-0.49812073,1.18239,0.3460307,-0.56131756,0,chr5:65624163:gastroesophageal_sphincter:0,FP,1
0.8131285,-2.5596719,0.82920533,-0.45914316,-0.755834,0.8234966,-0.6724634,0.97030616,-1.5488443,0.15242755,1,chr7:22550431:suprapubic_skin:0,FN,0
-1.6416551,-0.40904763,0.6625963,-0.73038614,1.0936316,0.4116154,-0.57983303,0.57151294,0.34052482,-0.7535789,0,chr2:105345245:upper_lobe_of_left_lung:0,TN,0
5.192261,1.455933,0.2854873,-0.8530406,0.12439339,-0.84960216,-0.12415312,-0.026834892,0.39707577,0.44473502,1,chr7:67176863:body_of_pancreas:0,TP,1
5.759938,0.7118846,0.08866432,0.17191541,0.08890788,-0.0033356652,-0.41414413,-0.20965838,-0.36497295,-0.35402247,1,chr1:103345485:thyroid_gland:0,TP,1
-2.7920718,1.6040041,-0.63077515,0.3948759,-0.034220852,-0.024890734,0.3369896,1.0574044,-0.13691406,-0.5138295,0,chr1:168833987:body_of_pancreas:0,TN,0
5.985963,0.11544101,0.31364152,0.2128381,0.26752856,-0.73016727,-0.43331695,0.41177765,-0.36364937,0.5308794,1,chr3:75785609:esophagus_muscularis_mucosa:0,TP,1
-3.010667,1.2708436,-0.28724465,0.023286207,0.7150162,-0.42483136,1.128695,0.57915986,0.11101065,0.5974074,0,chr3:12135582:adrenal_gland:0,TN,0
-3.0259194,-0.16524154,1.1098722,-0.052211802,0.3681506,-0.67859405,-0.45876184,-0.3021848,-0.04707219,-0.02374051,0,chr1:39539494:transverse_colon:0,TN,0
-2.8565712,-0.93377465,0.39059216,-0.69042,-0.05409651,-0.34449902,-0.8125288,-0.20141435,-0.15567641,-0.33277875,0,chr11:64916815:transverse_colon:0,TN,0
2.355318,-0.50769186,0.43256295,1.0743732,0.38250688,0.23386262,0.5485061,0.18777259,0.5694166,-1.0302874,1,chr2:168375394:adrenal_gland:0,TP,1
0.029173482,0.22778022,-0.09345313,-0.42660266,1.4818051,1.1579622,1.4587576,0.23798487,1.0934106,0.5668769,1,chr6:43386692:thoracic_aorta:0,FN,0
-2.24517,1.6077042,-0.096307635,-0.5203194,0.5967018,0.8058746,-0.18680766,-0.22176349,-0.6520375,0.4878433,1,chr9:17531876:tibial_nerve:0,FN,0
-2.5875943,0.41361043,-1.0416704,-0.15352786,-1.1662064,-0.4669933,0.3023126,-0.06364786,-0.044016294,0.11002419,0,chr1:86155476:upper_lobe_of_left_lung:0,TN,0
-3.212919,-0.77184194,0.39555946,-0.19356848,0.46749645,-0.20475173,-0.55924594,-0.21317999,-0.3844934,-0.4959294,0,chr2:98446685:body_of_pancreas:0,TN,0
0.18638247,0.46255195,-0.18437739,-1.0506786,0.86457455,0.8189512,-0.6866133,-0.5466203,-0.32975966,0.18130763,0,chr2:71299493:gastrocnemius_medialis:0,TN,0
3.636783,0.5086748,0.107252195,-0.27114585,0.31612635,-0.077633426,1.0777828,0.336451,0.779822,0.25724584,1,chr5:10111731:esophagus_squamous_epithelium:0,TP,1
1.4532411,2.5302958,1.0309985,1.2301477,-1.4783895,0.112064235,0.71692204,-0.7019468,1.0232748,0.04426156,1,chr22:45568414:upper_lobe_of_left_lung:0,TP,1
-1.5879865,-1.3386427,0.32281077,-0.91144794,-0.5487911,0.093541935,-0.11637231,-0.46121636,-0.71961755,0.9860284,0,chr11:45252683:thoracic_aorta:0,TN,0
-3.4144278,2.4546084,-0.0472766,0.5546949,-0.110411726,-0.23304144,-0.55306655,-0.10260932,0.28595218,0.17513937,1,chr4:16196815:esophagus_squamous_epithelium:0,FN,0
5.611577,1.2073439,0.09905672,-0.89631075,-0.3350982,-0.66562825,-0.28531444,0.45317012,-0.0007793556,0.16870658,1,chr2:86221296:spleen:1,TP,1
0.029173482,0.22778022,-0.09345313,-0.42660266,1.4818051,1.1579622,1.4587576,0.23798487,1.0934106,0.5668769,1,chr6:43386692:tibial_artery:1,FN,0
5.7235193,-0.23319036,-0.2012801,-0.4350603,-0.020152703,-0.27035162,-0.42541423,-0.08595853,0.1268714,-0.52743834,1,chr17:43361240:thoracic_aorta:0,TP,1
5.5915356,-1.3495103,-0.050677795,0.080101185,0.48035896,0.3575484,-0.28551698,0.32418463,0.23913977,-0.08752111,1,chr8:137282836:body_of_pancreas:0,TP,1
-0.41733617,-0.8705779,0.3813734,-0.8216163,0.64073616,0.35981312,0.8340011,0.3873108,-0.04368742,0.10539396,0,chr12:32411732:body_of_pancreas:0,TN,0
-3.2252603,-0.91364,0.81381714,-0.41410643,0.37562186,0.20104152,-0.28560397,-0.21410449,-0.106834784,-0.54054826,0,chr4:112637717:body_of_pancreas:0,TN,0
2.5129116,1.5256717,0.7048084,1.4263517,-0.5755166,-0.02243834,0.71360755,-0.7663825,0.7672278,-0.2357349,1,chr4:189687730:testis:0,TP,1
-2.9398193,0.39961177,-1.5320396,0.4030193,-0.7103845,-0.53212875,0.15292455,0.47250894,0.21142533,0.28451005,0,chr1:94926416:esophagus_squamous_epithelium:0,TN,0
-1.9470234,1.555079,0.08454159,0.39540592,0.25763962,1.3470168,0.48760998,0.029972887,-0.47618222,0.16755626,0,chr11:118749250:body_of_pancreas:0,TN,0
0.10276373,0.9189575,1.5703738,1.2531452,-1.3034536,0.079006106,0.17340948,0.15936606,1.0668875,0.07552391,1,chr7:152395421:body_of_pancreas:0,FN,0
4.7980595,0.72277296,-0.30803183,0.5902425,0.1857886,0.5644756,0.6358966,-0.9974672,-0.32625312,-0.7449182,1,chr19:21574155:body_of_pancreas:0,TP,1
5.7030306,-0.7185334,-0.04519034,1.4462513,0.4057755,0.36406112,0.26130494,-0.50774777,-0.6975822,-0.21407253,1,chr10:102568961:thyroid_gland:0,TP,1
5.192261,1.455933,0.2854873,-0.8530406,0.12439339,-0.84960216,-0.12415312,-0.026834892,0.39707577,0.44473502,1,chr7:67176863:prostate_gland:1,TP,1
-2.6425574,-0.5973635,-0.23670697,-0.73337156,-0.41693118,-0.19176416,1.2027088,0.30352172,-0.33628607,0.00035525736,0,chr5:159965848:testis:0,TN,0
-2.4348767,-0.5972714,0.9523794,0.20791925,-0.9387858,-0.49585333,-0.018778725,-0.19314976,-0.30974525,-0.15719348,0,chr19:38402789:transverse_colon:0,TN,0
-3.1880856,0.76929283,0.8293092,0.786064,-0.33519757,0.059688576,0.10299168,0.31741884,0.054476414,0.17243524,0,chr8:125668710:Peyers_patch:0,TN,0
2.3563936,0.634716,0.7552961,0.46801484,-0.015433401,-0.19900973,0.69166756,-0.3051118,-0.34814724,1.1402439,0,chr3:46372543:Peyers_patch:0,FP,1
1.5217947,-0.85623145,0.27159303,0.39737424,-0.022847112,-0.13973628,0.20336704,0.569348,-0.06983559,-0.10403637,0,chr6:20529196:spleen:0,FP,1
-1.6602182,0.010595108,-1.5356536,0.6065863,-1.7349752,0.1062234,-0.27644154,-0.41417745,0.30872777,-0.0072113294,0,chr3:197510257:stomach:0,TN,0
-3.5170023,-0.11185821,-0.34052563,0.09409902,0.27715868,-0.7977269,0.13186581,0.08328175,-0.3377613,-0.40612745,0,chr8:140090684:body_of_pancreas:0,TN,0
3.6037107,-1.5124565,-0.34964234,-0.046900038,0.027127057,1.4398825,0.1107078,0.6106305,-0.94904715,-0.24105068,0,chr22:36355055:tibial_nerve:0,FP,1
4.988772,-0.4986565,-0.27645028,1.0967726,-0.38333395,1.0720354,0.30460533,-0.017711412,-0.42520618,-0.8707516,1,chr13:20119527:Peyers_patch:0,TP,1
-2.8711243,-0.27469322,-0.17384015,-0.50847113,-0.07746581,0.3827491,-0.0022773668,0.1326166,-0.38127658,0.23705935,1,chr6:29686025:adrenal_gland:0,FN,0
4.4222674,1.4747432,-0.58119047,-0.9361484,0.008045854,0.36822218,-0.6684366,0.24295966,-0.39504611,-0.049868863,0,chr5:125412930:tibial_artery:0,FP,1
5.696489,-0.09959772,-0.21446107,1.109617,0.24405909,0.013599543,0.10035881,-0.6358824,-0.79716784,-0.37413925,1,chr2:67906557:suprapubic_skin:0,TP,1
-2.0258067,0.13885367,-0.14419052,-0.5108209,1.6486444,0.8769459,-0.8604899,0.4114289,-0.6030784,-0.24069199,0,chr12:90960103:esophagus_muscularis_mucosa:0,TN,0
5.689396,1.3547865,-0.085265666,-0.66871834,-0.16628073,-0.45431626,-0.625883,0.26207414,-0.2519635,-0.2874554,1,chr10:96641123:tibial_nerve:0,TP,1
5.7531967,0.36723307,-0.4844165,-0.31029898,-0.051451188,-0.12809196,-0.23108234,-0.06574513,-0.1268893,-0.06456317,1,chr12:121918386:testis:1,TP,1
2.2637553,2.0564835,-0.107692495,-1.6747836,-0.7808602,0.9923338,0.056536693,0.5545596,-0.12834086,0.48835057,0,chr9:19029106:Peyers_patch:0,FP,1
3.5432038,-2.0325737,0.43653047,1.6861707,0.004624269,1.1419066,0.55010587,0.060004953,-0.30828974,-0.16140912,0,chr12:30844990:esophagus_squamous_epithelium:0,FP,1
-2.2056785,-0.18261693,-1.7755743,0.5945522,-1.2618752,0.0073955623,-0.5387086,-0.08362116,0.20016162,0.048175417,1,chr4:67700970:body_of_pancreas:0,FN,0
-2.3500934,-0.60980785,-0.126009,-0.8033328,-0.16888611,0.42057383,0.37873957,-0.010852064,-0.07454797,-0.09482345,0,chr11:75532459:sigmoid_colon:0,TN,0
5.908369,0.16492555,0.566239,0.8208894,0.3319147,-0.6188986,-0.48854277,0.41082892,-0.24213493,0.62320626,1,chr3:75785547:tibial_nerve:0,TP,1
-2.84127,0.12686218,-1.5900563,0.34174067,-0.88338035,-0.8101895,-0.16462536,-0.17191373,0.6385658,0.10917996,1,chr14:21103947:adrenal_gland:0,FN,0
-3.1292217,1.0558586,-0.60890603,-0.63495845,-0.100382626,-0.32428724,-0.7846039,0.092077486,0.33146712,0.11226259,1,chr9:83219701:transverse_colon:1,FN,0
-3.1224833,0.5509466,-0.3480524,-0.21023497,0.77494293,0.12929611,-0.01831895,0.5665333,-0.00023806049,-0.05347114,1,chr1:53861076:sigmoid_colon:0,FN,0
-3.3914258,0.9089154,0.107050054,-0.3396955,-0.17229569,0.14770006,-0.05045173,0.42707047,-0.29311496,-0.6110073,0,chr14:34228362:suprapubic_skin:0,TN,0
-1.4267031,2.0609674,2.0486882,1.5827459,-1.8430707,-0.07039614,0.29214934,0.051262062,0.3295507,0.06626831,0,chr17:78235213:body_of_pancreas:0,TN,0
5.689396,1.3547865,-0.085265666,-0.66871834,-0.16628073,-0.45431626,-0.625883,0.26207414,-0.2519635,-0.2874554,1,chr10:96641123:sigmoid_colon:0,TP,1
-2.6852624,-0.5713147,1.9393889,0.4530921,-1.0205883,0.14508545,-0.49768353,0.6609008,0.4645972,-0.0585945,0,chr10:102729253:tibial_nerve:0,TN,0
-1.8593612,2.8567047,-0.23308216,-0.19616312,0.5103919,1.1723187,-0.1099232,0.4750138,-0.5238913,-0.11330937,1,chr6:52099017:tibial_artery:0,FN,0
5.4376097,-0.59811294,-0.26138514,1.2291099,0.16397358,0.1616654,0.78124523,-0.9241033,-0.4497135,-0.745366,1,chr7:73725711:transverse_colon:1,TP,1
5.3175507,1.1442748,-0.15155037,0.46628964,0.014047759,-0.4620548,0.07093606,-0.51746583,-0.23932432,0.21059419,1,chr7:128135164:body_of_pancreas:0,TP,1
-1.7913904,-0.93740743,0.9188886,-0.6977307,0.20016094,-0.48888025,0.074869886,-0.77079797,0.004916957,0.54228246,0,chr3:161097093:prostate_gland:0,TN,0
-2.5456777,0.3628756,-0.19743499,0.04868981,1.3492886,0.24502309,-0.48926392,-0.18879418,0.3655903,-0.006487446,1,chr14:30522151:sigmoid_colon:0,FN,0
1.5178634,-2.9288235,1.4437289,1.270737,0.44858515,0.5551091,-1.3104893,2.1792276,1.0950891,-0.22656316,1,chr8:44636977:prostate_gland:0,FN,0
-2.9223552,-0.68783134,-0.44758904,-0.05289938,-0.29733986,-0.2699021,-0.08853331,0.560031,0.3461442,-0.121023834,0,chr6:32665321:upper_lobe_of_left_lung:0,TN,0
-3.64204,1.2447629,-0.21825755,0.42028528,0.54683316,-0.44512895,-0.9803451,-0.15806296,0.3909237,0.0140038645,0,chr6:26224174:esophagus_muscularis_mucosa:0,TN,0
2.4802432,-2.5789144,-2.4609,0.15869671,-0.051951107,-0.08519881,1.6894398,-0.112538494,1.0876765,0.36856368,1,chr6:151390284:upper_lobe_of_left_lung:0,TP,1
-3.3120964,0.85956025,0.16911781,-0.14414006,0.78574085,-0.01842345,-0.3775371,-0.0661232,-0.21643107,-0.27122733,1,chr6:94637322:upper_lobe_of_left_lung:0,FN,0
0.48742214,-3.3207812,1.0237718,0.30534875,0.62726456,0.46537644,0.120700054,1.0188723,0.6711585,0.2531991,0,chr3:101696161:spleen:0,TN,0
-1.5974519,1.6205919,-0.17390376,0.11750364,0.3362261,1.01789,0.74329937,0.53051734,-0.4599676,0.20029607,1,chr8:18814498:tibial_artery:0,FN,0
-3.133794,0.77954644,0.054950763,-0.38927805,1.1415429,0.306344,-0.415351,0.39543104,-0.3399668,-0.24991217,1,chr15:21284342:body_of_pancreas:0,FN,0
-2.2034128,-1.4828094,0.8056529,-0.80983186,1.0268315,0.24796285,-0.18528089,-0.30364504,-0.06797939,-0.5252015,0,chr9:4077900:Peyers_patch:0,TN,0
-1.15852,0.782815,-0.18742876,-0.45724055,0.6715393,0.5676063,-0.28276053,0.25438362,0.018694187,0.7437055,0,chr6:166157203:transverse_colon:0,TN,0
-3.4720268,1.593841,1.6822028,0.12423802,-0.66591734,-0.17385985,-0.29243544,-0.3265407,0.056833923,0.08350849,1,chr5:54489403:transverse_colon:0,FN,0
5.2075214,-0.23954216,-0.13927636,1.5368468,0.1877956,-0.050423797,0.8907399,-0.67720586,-0.46806937,-0.06274411,0,chr6:41006476:transverse_colon:0,FP,1
-2.24517,1.6077042,-0.096307635,-0.5203194,0.5967018,0.8058746,-0.18680766,-0.22176349,-0.6520375,0.4878433,1,chr9:17531876:body_of_pancreas:0,FN,0
5.689396,1.3547865,-0.085265666,-0.66871834,-0.16628073,-0.45431626,-0.625883,0.26207414,-0.2519635,-0.2874554,1,chr10:96641123:prostate_gland:1,TP,1
1.5178634,-2.9288235,1.4437289,1.270737,0.44858515,0.5551091,-1.3104893,2.1792276,1.0950891,-0.22656316,1,chr8:44636977:prostate_gland:1,FN,0
0.6802038,-1.0367551,0.13735084,-0.06451129,-0.3040874,-0.16194035,0.32687774,-0.23351543,-0.3907859,0.3782594,1,chr22:25447916:transverse_colon:0,FN,0
-2.0337412,1.1311958,0.2847959,-0.57865846,1.1790526,1.0701679,0.770022,0.30966407,0.08379355,0.26382312,1,chr5:146662327:tibial_artery:0,FN,0
-2.79104,0.9523219,-0.104516976,-0.14093843,0.48354992,0.056100085,-0.14943424,-0.050728828,-0.50748366,-0.16119988,0,chr3:177592618:body_of_pancreas:0,TN,0
-2.4289,0.60614276,0.041687395,0.45322618,1.0251569,-0.16849412,0.1744468,0.649897,-0.28291956,-0.31310123,0,chr1:157580566:transverse_colon:0,TN,0
-3.1557822,-0.29269207,0.1387867,-0.5065984,0.419973,-0.12727325,-0.63788027,-0.75098467,-0.1830668,-0.21036953,0,chr7:55178970:Peyers_patch:0,TN,0
-3.2361796,-0.15969521,-0.8967489,0.40929547,-0.3843748,-1.1076037,-1.0475225,-0.40656015,0.56443024,0.10667814,0,chr7:66740594:Peyers_patch:0,TN,0
-3.2359698,0.16591483,0.32978612,-0.18987463,0.9099158,-0.70015913,-0.45801598,-0.47670814,0.12778415,-0.39385343,0,chr6:158707642:prostate_gland:0,TN,0
-1.7684588,-0.6989244,0.7101052,-0.3907241,-0.1844662,-0.19349946,1.1974435,0.5123322,-0.56087524,0.28737196,0,chr19:48152501:body_of_pancreas:0,TN,0
5.6115766,1.2073463,0.099057086,-0.8963103,-0.33509856,-0.6656288,-0.28531483,0.45317066,-0.0007790342,0.1687065,1,chr2:86221296:tibial_nerve:0,TP,1
-1.2398357,-2.7288058,-0.10500097,-0.62203497,-0.20354147,-0.019242534,-0.6365099,-0.61972076,0.06343531,0.010665314,1,chr12:104294234:transverse_colon:1,FN,0
0.1264846,-2.1952019,0.41717345,-1.2392293,0.4683996,0.7640367,-0.28092498,-0.34092712,-0.869084,-0.07580686,0,chr8:97822046:thoracic_aorta:0,TN,0
-0.69928,-1.821944,1.3674816,-0.6447772,0.74661535,-0.5485727,0.1585032,-0.9681386,-0.18206292,0.7440384,0,chr21:42459557:transverse_colon:0,TN,0
6.058692,0.34700304,0.030160146,-0.18884991,0.31067866,-0.7298241,-0.2551179,0.18533257,-0.09683157,-0.4277639,1,chr2:158848532:body_of_pancreas:0,TP,1
-0.2725095,-2.2673721,-1.0574162,-0.8010444,0.074061655,-0.6123244,1.2580867,-0.08431996,0.06087155,-0.044731915,0,chr6:7261647:transverse_colon:0,TN,0
0.029166527,0.22777984,-0.09345365,-0.4266048,1.4818046,1.1579622,1.4587533,0.23798604,1.0934095,0.56687725,1,chr6:43386692:transverse_colon:1,FN,0
6.03064,0.5468609,-0.10262636,-0.3188469,0.09422796,-1.1541351,-0.19705577,0.072596684,-0.067124546,0.10947836,1,chr9:42974893:gastroesophageal_sphincter:0,TP,1
0.6098041,1.5511625,-0.93648154,-0.21797688,-1.3408902,0.9346124,0.6125746,-0.06954312,-0.46964598,0.20677218,0,chr7:38368307:suprapubic_skin:0,FP,1
5.578983,-1.0710614,0.39133307,-0.27870405,0.72797066,-0.15704165,-0.39266387,0.05693523,-0.59835666,0.99113363,0,chr1:149075699:body_of_pancreas:0,FP,1
5.4652314,0.6915026,-0.3891075,0.19336781,0.2601459,0.47735956,-0.19165039,-0.5100431,-0.4479,-0.2585351,1,chr10:52595542:tibial_artery:0,TP,1
0.95795906,-0.4025319,0.49538654,-1.1840668,0.8354148,0.5804396,-0.33302522,-0.11315246,-0.24487521,-0.23785532,1,chr17:72710792:prostate_gland:0,TP,1
1.5114224,-0.79376245,-0.81140876,-0.19990495,-0.7472585,1.9020827,-1.0596287,-0.23692283,1.5017918,0.37094,1,chr2:196068383:adrenal_gland:0,TP,1
3.1260407,-1.0458663,0.44198892,-0.28642777,0.11381945,0.4757583,0.37568718,-0.18836035,-0.2037896,0.38371798,0,chr16:69848751:body_of_pancreas:0,FP,1
-2.9888775,-0.20111048,1.4025015,-0.34666035,0.014169681,-0.34575033,-0.10152136,-0.8673095,-0.120905675,0.00500504,0,chr14:75577682:gastrocnemius_medialis:0,TN,0
-3.5218537,2.8330634,0.050613087,0.5837159,-0.19082355,-0.08136673,-0.40705562,0.039863117,0.19117542,-0.15532541,0,chr4:120923266:body_of_pancreas:0,TN,0
-0.922335,-1.3873252,0.97736895,-0.91813165,0.48189846,0.18681733,-0.08999245,-0.16973817,-0.27891693,-0.23716615,0,chr7:120792051:transverse_colon:0,TN,0
5.7738605,-0.14146502,-0.5191314,-0.25515977,-0.06057768,-0.8018785,0.3089368,0.0326331,0.0104268445,0.055705156,1,chr20:26208422:upper_lobe_of_left_lung:0,TP,1
-0.93969977,-0.7796452,-1.4717886,-0.60119957,0.19691302,-0.10392519,0.45231748,0.20947593,0.44141132,-0.21200554,0,chr20:25196218:tibial_artery:0,TN,0
-2.7892828,0.68603957,-0.71664774,-0.48511338,-0.51904446,-0.13109326,0.5674474,0.6852098,-0.3119144,-0.22506298,0,chr12:121227530:Peyers_patch:0,TN,0
-2.7703984,-0.42660895,-1.3157513,0.7741078,-0.34744412,-0.645196,-0.6200669,-0.7552068,0.6476451,0.52967626,0,chr7:66682113:transverse_colon:0,TN,0
-3.0679147,-0.36490098,-0.106648766,-0.387768,-0.4011252,0.10585397,0.29982665,0.45995504,-0.42814484,-0.2499588,0,chr19:32976608:gastroesophageal_sphincter:0,TN,0
-1.8741933,0.1413544,-1.0436502,-0.3366986,0.13124442,1.417377,0.09571789,0.92654735,0.22157459,-0.06888843,1,chr12:3658553:spleen:0,FN,0
2.2748382,0.22896132,-0.2806825,-1.0626656,0.20008475,0.6044972,0.8915462,-0.08060446,-1.1755816,0.71936774,1,chr21:36719770:body_of_pancreas:0,TP,1
-1.2090918,-2.167581,0.509189,-1.5615484,-0.2892751,0.7519193,-1.3565439,0.44581547,-0.15129426,-0.13593093,1,chr16:11211:body_of_pancreas:1,FN,0
-2.9011257,1.8423312,-0.529197,0.5546662,0.593335,0.20278281,0.012524348,0.7462664,-0.030061236,0.118845634,0,chr7:120989215:tibial_nerve:0,TN,0
-2.0932698,1.0622431,-0.07789469,0.96603316,1.5991337,0.13832065,0.450475,0.14214398,0.081444025,0.418205,0,chr17:31216250:Peyers_patch:0,TN,0
-2.3376784,-0.9605094,-1.4216871,0.36975464,-0.0935196,-0.3632044,-0.3070414,-0.32137743,0.39385113,0.17232554,1,chr17:64965958:upper_lobe_of_left_lung:0,FN,0
-2.619013,1.241792,0.23640881,0.31908125,1.0740026,0.27024174,0.46148714,-0.30181348,0.34921286,0.113036476,1,chr6:106223515:tibial_artery:0,FN,0
5.854133,-0.4684049,-0.0699294,1.1882348,0.41654184,-0.05311388,0.0485661,-0.49956787,-0.78608674,-0.15756884,1,chr2:67906567:prostate_gland:0,TP,1
1.5114224,-0.79376245,-0.81140876,-0.19990495,-0.7472585,1.9020827,-1.0596287,-0.23692283,1.5017918,0.37094,1,chr2:196068383:tibial_nerve:0,TP,1
-2.9066129,-0.5951704,-0.51661193,-0.76606417,-0.24981509,0.15868554,-0.20142712,0.13727462,-0.41058987,-0.82377076,0,chr1:41574099:transverse_colon:0,TN,0
-2.7703984,-0.42660895,-1.3157513,0.7741078,-0.34744412,-0.645196,-0.6200669,-0.7552068,0.6476451,0.52967626,0,chr7:66682113:spleen:0,TN,0
-2.3162513,-0.21407478,-0.39193073,-0.70441747,0.12377265,-0.3066938,0.58458865,0.38798603,-0.25841132,-0.339349,0,chr21:45880470:adrenal_gland:0,TN,0
-0.26697946,1.1409075,1.6233574,0.23949282,-0.46331158,0.30469227,-0.21775289,0.49813473,0.638692,0.3888413,0,chr5:115541846:esophagus_muscularis_mucosa:0,TN,0
-2.771577,1.2303696,-0.3970247,0.37098593,0.61524194,0.262054,0.4352834,0.11837857,-0.2999464,0.027215468,0,chr5:56270699:tibial_artery:0,TN,0
5.5087085,0.4077888,-0.27942574,0.33275536,0.33502573,0.24297686,-0.1385233,-0.52602285,-0.39734817,0.07384111,1,chr7:95686088:body_of_pancreas:0,TP,1
-1.692421,-0.58725965,1.2712101,-0.42478564,-0.54251397,-0.42630622,0.25430208,-0.628474,0.34767106,-0.54647094,1,chr5:150148755:tibial_artery:0,FN,0
-2.6759086,2.3954413,0.2291259,0.08657257,0.58358216,0.38775015,-0.19317037,-0.189723,0.032858018,-0.12710798,0,chr3:111895177:upper_lobe_of_left_lung:0,TN,0
3.851668,-0.6515296,-1.0950111,1.350508,-0.49556947,1.2190889,0.82388294,-0.67925566,-0.41807726,-0.3235935,0,chr19:10404178:tibial_nerve:0,FP,1
-1.2636958,-0.96859884,-0.030124016,-0.1361764,0.24393108,-0.4530363,0.31197086,-0.2897243,-0.37557232,-0.48122296,0,chr9:99013086:transverse_colon:0,TN,0
3.0203786,-1.0248631,-2.0061097,0.899182,-0.3477591,0.9300246,-0.13934802,-1.4946845,0.5245329,-0.2213914,1,chr7:26377045:transverse_colon:0,TP,1
-2.121416,-0.360737,-0.8941705,-0.689778,-0.40329355,-0.5461232,0.34929135,-0.69418794,-0.0019028011,0.37144297,0,chr19:45693375:tibial_nerve:0,TN,0
1.5114224,-0.79376245,-0.81140876,-0.19990495,-0.7472585,1.9020827,-1.0596287,-0.23692283,1.5017918,0.37094,1,chr2:196068383:gastrocnemius_medialis:0,TP,1
-2.9758182,-0.72375774,0.9489045,-0.41384462,-0.17192256,-0.30445647,-0.38925347,-0.8257583,-1.0120149,0.3608144,0,chr18:57629910:thoracic_aorta:0,TN,0
-3.0323727,-0.107132144,-1.644,0.2919997,-0.33693597,0.017787961,-0.28929818,0.15686464,0.46483997,0.28521442,0,chr19:35248016:tibial_nerve:0,TN,0
-3.082368,-0.4585931,0.05287866,-0.57722896,0.34157643,0.008585421,-0.31100067,0.074534915,-0.21822172,-0.11067984,0,chr2:73690999:Peyers_patch:0,TN,0
3.4377422,-0.08271249,0.12993333,-1.7140096,0.12767334,0.12930912,1.0069114,0.5791702,0.28538734,0.797001,0,chr12:9284662:Peyers_patch:0,FP,1
5.689398,1.3547797,-0.0852666,-0.66871756,-0.1662779,-0.45431638,-0.6258819,0.26207396,-0.25196454,-0.28745523,1,chr10:96641123:testis:0,TP,1
-1.1638979,1.105031,2.262792,0.8895653,-1.3874364,0.14957865,0.4317508,-0.28984717,0.31441426,0.1350419,1,chr8:30230823:esophagus_muscularis_mucosa:0,FN,0
-2.619013,1.241792,0.23640881,0.31908125,1.0740026,0.27024174,0.46148714,-0.30181348,0.34921286,0.113036476,1,chr6:106223515:transverse_colon:1,FN,0
-3.0877619,0.106862485,0.83338684,-0.1220863,-0.7531316,-0.43721828,0.17846547,0.08279917,0.15076,0.09740098,0,chr19:33143907:tibial_artery:0,TN,0
-1.094896,0.5269376,-0.48485383,0.0014546675,-0.80810744,0.88632464,0.35440826,0.64858925,-0.38869032,-0.5375638,0,chr12:53063833:esophagus_squamous_epithelium:0,TN,0
-1.7851554,-0.6138099,0.8684012,-0.5952393,-0.63655514,-0.40895766,0.34727612,-0.34196872,0.643722,-0.00015997124,0,chr2:106587462:upper_lobe_of_left_lung:0,TN,0
-2.8485887,1.911204,0.051010493,0.94735575,1.4934671,-0.27340013,-0.12376933,0.23742607,0.5060763,0.09006932,0,chr1:146013114:adrenal_gland:0,TN,0
-3.0155947,-0.3870982,1.3542602,0.05162413,-0.49022928,-0.56397355,0.5603355,-0.5644237,0.028042255,-0.32671884,0,chr3:10739319:prostate_gland:0,TN,0
-2.184065,0.9125998,-0.68556297,-0.042772256,0.72957647,0.37678766,0.09299064,0.3162138,0.21675812,-0.04677882,0,chr11:134449943:body_of_pancreas:0,TN,0
-3.2008524,0.8536332,-0.36728016,0.40502322,0.9436016,-0.35543633,-0.6278221,0.11758828,0.25840005,-0.15386565,0,chr3:183255123:body_of_pancreas:0,TN,0
6.0036983,0.52964723,0.19451751,0.30956036,0.38471892,-0.7517967,-0.40266106,0.0803391,-0.32324743,0.17713463,1,chr3:75785357:prostate_gland:0,TP,1
-2.528631,-0.41132432,0.27578643,-0.22675428,1.4021074,0.041949846,-0.27691787,-0.56673634,-0.0042105215,0.06672407,0,chr10:57464083:body_of_pancreas:0,TN,0
-3.1147933,0.79640377,-0.6073944,-0.08670244,0.29306132,-0.6147315,0.51447296,-0.034113765,0.02068115,-0.23880579,1,chr6:7217283:tibial_artery:0,FN,0
-2.1125193,-0.055414516,0.5056048,-0.993145,0.15509751,0.19856927,-0.055910423,-0.008283939,0.047871716,-0.47145298,0,chr3:39448127:tibial_artery:0,TN,0
-1.8877596,1.01272,-1.2387662,-0.20153841,-1.9346375,0.50320596,0.1082109,-0.19265404,-0.17784162,-0.1649957,1,chr3:9862475:transverse_colon:0,FN,0
-2.8255434,1.9562649,0.0643424,-0.10687823,0.022444254,0.3152934,0.13601416,0.45552233,-0.19988322,-0.21526903,0,chr18:10052423:gastroesophageal_sphincter:0,TN,0
5.4309797,-0.6529015,-0.25026435,-0.331988,0.556183,-0.88600266,0.24582352,-0.10061475,0.38458702,1.0849184,1,chr19:7799767:thoracic_aorta:0,TP,1
-3.1638818,1.0701989,-0.6396568,0.44565418,0.15579504,-0.039262805,-0.3930208,-0.1498555,0.44332567,-0.022478571,0,chr10:43202368:sigmoid_colon:0,TN,0
-0.30789122,-2.11081,-1.7943587,1.2725778,0.011995266,0.2868787,-0.12987615,-0.21453755,-0.023768345,0.07823651,1,chr3:136195872:tibial_nerve:0,FN,0
-3.1342528,-0.86781096,-0.27970296,-0.04960261,0.13384402,-1.170303,-0.6519107,-0.4846963,0.30185297,0.5339906,0,chr18:56651624:tibial_nerve:0,TN,0
-2.506264,-1.2544113,-1.1477361,-0.046080165,-0.04406385,-0.7399293,0.07215071,0.15354237,-0.30762672,-0.10100243,0,chr21:31874486:suprapubic_skin:0,TN,0
-2.619013,1.241792,0.23640881,0.31908125,1.0740026,0.27024174,0.46148714,-0.30181348,0.34921286,0.113036476,1,chr6:106223515:Peyers_patch:0,FN,0
-3.013272,-0.8258163,-0.055096593,-0.85842574,0.4276475,-0.028362282,-0.2708291,-0.19289918,-0.021874554,-0.25024402,0,chr14:67526453:transverse_colon:0,TN,0
6.0165586,0.22701114,-0.028487913,0.11678945,0.33539456,-0.4970742,-0.24670504,-0.12414292,-0.24212953,-0.16685426,1,chr8:13655256:adrenal_gland:0,TP,1
5.351921,1.0659748,-0.5084616,-0.5259339,-0.7975022,-0.39772302,-0.08895053,-0.22847113,0.0463206,-0.5365684,1,chr9:42852316:testis:1,TP,1
5.859711,-0.528347,-0.15414342,0.37235358,0.10083322,-0.33369923,-0.22441916,0.021586867,-0.03759249,-0.61607254,1,chr6:17600759:body_of_pancreas:0,TP,1
-2.4473052,-1.2902336,-1.0076597,-0.0768672,-0.37001103,-0.28153074,-0.6803958,-0.6642681,0.48471278,0.37637803,0,chr5:179796643:prostate_gland:0,TN,0
-1.0985311,1.8717587,1.8573154,1.3878456,-1.5483485,-0.12577611,0.49699837,-0.080289446,0.30293855,0.14906642,0,chr2:24800161:body_of_pancreas:0,TN,0
-1.2602022,0.337452,0.24211283,-0.13558502,1.3439627,0.3546457,-0.012214774,-0.28683043,0.4242791,0.01946092,1,chr14:30215995:body_of_pancreas:0,FN,0
-0.54051656,-1.4095372,0.34024316,-0.19308871,-0.4644588,1.0400126,-0.5128582,0.7491618,0.62554884,-1.0789337,0,chr16:28802773:body_of_pancreas:0,TN,0
-3.1224837,0.5509488,-0.3480517,-0.21023464,0.77494293,0.129296,-0.018319659,0.56653255,-0.00023807463,-0.053471565,1,chr1:53861076:gastrocnemius_medialis:0,FN,0
3.9661708,3.4086459,0.07249264,-1.3686961,-1.1388674,-0.6256533,-0.51484734,-0.2114584,-0.023913406,-1.1320802,1,chr7:63015743:upper_lobe_of_left_lung:0,TP,1
-1.9346415,0.3598453,-0.41382745,0.35343775,1.561172,0.38671482,-0.16312182,0.2229623,0.29525766,-0.011721551,1,chr5:114207720:body_of_pancreas:0,FN,0
-3.315146,1.6011119,-0.25306705,0.6566589,0.73550373,-0.6768373,-0.31507736,-0.03571325,-0.057908256,0.015522787,0,chr6:29941967:transverse_colon:0,TN,0
5.211773,0.95912385,-0.4822282,-0.08052362,-0.99949986,-0.3202676,0.5017031,-0.1428696,-0.110112466,-0.45097837,1,chr20:26208968:upper_lobe_of_left_lung:0,TP,1
6.03064,0.5468609,-0.10262636,-0.3188469,0.09422796,-1.1541351,-0.19705577,0.072596684,-0.067124546,0.10947836,1,chr9:42974893:body_of_pancreas:0,TP,1
-2.056717,-0.07532381,0.562948,-0.32481274,0.7993359,0.32737035,0.48035988,-0.034301184,-0.5909394,-0.19665675,0,chr1:119099672:thoracic_aorta:0,TN,0
0.50652874,-0.84911674,-1.5704806,0.28616625,-0.6005545,0.6061037,-0.03903738,-0.6894842,1.1265538,0.7674848,1,chr12:50283650:tibial_artery:1,TP,1
-2.5739226,0.23967491,-0.8358421,0.3394462,0.21427703,-0.27108747,0.25043693,0.56396544,-0.02552053,-0.014556013,0,chr15:101496651:body_of_pancreas:0,TN,0
-2.502022,-1.6150863,-1.0793732,0.47583184,-0.13918734,-0.6908835,0.045031678,1.1292741,-0.096175365,0.16976088,1,chr1:100038436:tibial_nerve:0,FN,0
-2.9927697,-0.8655187,1.2306001,0.20221871,-0.1401849,-0.57635903,-0.43805912,-0.5911314,0.14799817,0.36754906,0,chr5:71587089:transverse_colon:0,TN,0
-1.4975395,0.88505226,-0.0757661,-0.40724197,1.2564014,0.030215105,0.35445693,0.031483836,0.22950149,-0.027566157,0,chr5:128675221:transverse_colon:0,TN,0
-3.293749,-0.44209138,-0.025783133,-0.09106693,1.0788743,-0.5928205,-0.32592452,-0.17280987,0.115091406,0.040891223,0,chr16:9297402:upper_lobe_of_left_lung:0,TN,0
-2.626784,1.5806283,0.40586057,0.7405369,0.6793873,-0.05835498,0.0961264,-0.80125713,0.25482935,0.2781599,0,chr5:102536432:body_of_pancreas:0,TN,0
6.0165586,0.22701114,-0.028487913,0.11678945,0.33539456,-0.4970742,-0.24670504,-0.12414292,-0.24212953,-0.16685426,1,chr8:13655256:upper_lobe_of_left_lung:0,TP,1
-2.2248828,-0.42719468,-0.8234848,-0.60767055,-0.050568096,0.4818116,0.71013844,0.5734485,0.5985442,0.31692982,0,chr6:158629599:Peyers_patch:0,TN,0
5.3261747,1.0449156,-0.06298034,-0.47185096,-0.19925736,-1.0187287,0.18280815,-0.02374697,0.25892538,-0.9787569,1,chr7:100965954:transverse_colon:0,TP,1
5.854133,-0.4684049,-0.0699294,1.1882348,0.41654184,-0.05311388,0.0485661,-0.49956787,-0.78608674,-0.15756884,1,chr2:67906567:suprapubic_skin:0,TP,1
-2.6557136,-1.7700493,-0.45611605,-0.29355085,-0.38738346,-0.26331264,-0.080007665,-0.09884271,0.0016303529,0.003142001,1,chr5:151758649:sigmoid_colon:0,FN,0
-2.8677354,-0.23233046,1.2400291,0.43686095,-0.83330363,-0.7009129,0.28944486,-0.21435943,-0.62929213,0.094005406,0,chr6:34790032:gastroesophageal_sphincter:0,TN,0
-2.9564083,0.041889146,-1.5451528,0.4772636,-1.14078,-0.5570744,-0.40454486,0.039759915,0.4475525,-0.2273787,0,chr10:46106606:tibial_nerve:0,TN,0
-2.0801485,2.0145316,-0.37662032,0.14774492,0.5518727,0.50508803,1.131624,1.555437,-0.34282696,0.33157617,1,chr3:30518302:adrenal_gland:0,FN,0
-2.061191,-0.042283565,0.11721325,-0.15406765,1.4127845,-0.071257494,-0.34874973,-0.30618262,0.3295784,0.12505794,0,chr2:79888161:sigmoid_colon:0,TN,0
6.042911,0.16955851,-0.15559418,-0.1728083,0.02108957,-0.60005456,-0.6202952,0.18417436,-0.32473007,0.20254815,1,chr17:45585364:thoracic_aorta:1,TP,1
0.18913153,1.3553813,-1.2396483,-0.002538189,-0.95919126,0.7542673,0.6110388,0.103992715,-0.7223663,-0.11953403,0,chr22:50237218:testis:0,FP,1
5.447342,0.52643293,-0.95722497,-0.30876076,-0.43750656,-0.6501132,-0.0056004855,-0.20511495,-0.15384038,0.12868156,1,chr9:129437586:tibial_artery:0,TP,1
0.7498017,-0.083376005,0.49043095,0.25083807,-1.1302737,0.37117717,0.36612594,-0.29516128,1.2922051,1.0622318,1,chr19:47436804:tibial_nerve:0,TP,1
-2.0734744,-1.4176373,-0.37957078,0.5145791,0.5602513,0.14392877,-0.781515,0.269056,-0.42388043,0.004641421,1,chr8:11746516:thoracic_aorta:0,FN,0
0.8236377,-3.436849,0.39650336,1.8277223,-0.32562086,0.7391881,-0.48377952,1.0826467,0.067327216,0.41867992,1,chr19:4457794:transverse_colon:0,FN,0
-2.6634908,-1.0089651,0.14876415,0.61056614,-0.34166017,-1.1446844,-0.115660705,0.36533046,-0.40694246,-0.092306934,0,chr5:132776296:tibial_nerve:0,TN,0
0.28431305,1.4056268,-0.6720687,-0.3638612,-1.1981444,1.5784967,-0.37932253,0.36776903,-0.07015929,-0.44973403,1,chr17:879808:thoracic_aorta:0,TP,1
0.029173482,0.22778022,-0.09345313,-0.42660266,1.4818051,1.1579622,1.4587576,0.23798487,1.0934106,0.5668769,1,chr6:43386692:thoracic_aorta:1,FN,0
-2.8158314,-0.72232187,-0.50785464,-0.41113028,-0.47603053,-0.91088396,0.7723383,0.25500503,-0.17241888,-0.1386414,0,chr7:142451749:body_of_pancreas:0,TN,0
-1.6501032,-0.14190817,-0.7940156,0.39699772,-0.14284775,-0.068825,-0.471825,-0.24186292,0.50265276,-0.11906416,0,chr4:6727553:tibial_nerve:0,TN,0
5.88164,0.7711176,0.053874493,-0.021046814,0.07906506,-0.074991964,-0.44783476,0.08474432,-0.4640761,0.028916996,1,chr11:86939404:body_of_pancreas:1,TP,1
-2.7993248,1.0260777,-0.74069715,0.59216017,0.8442641,0.07973934,-0.13403624,1.1137828,-0.022711568,0.036169603,1,chr6:112337271:thoracic_aorta:0,FN,0
-2.536754,0.83033687,-0.23915052,0.23065406,0.869527,0.051946238,0.5879392,0.55637026,0.04476103,0.17125493,0,chr9:43258503:thoracic_aorta:0,TN,0
1.4801306,0.17716244,-0.22022747,-1.4024649,-0.4841698,0.443072,0.4086213,-0.09830885,0.4984855,-0.00845505,0,chr6:87929945:gastrocnemius_medialis:0,FP,1
1.4326339,-0.87285006,0.9777305,1.7852775,-0.9866608,0.4283598,-0.2728344,0.337539,0.33002952,0.70204115,1,chr12:54326341:thoracic_aorta:0,TP,1
-2.0932717,1.0622439,-0.07789477,0.9660334,1.5991324,0.13831906,0.4504734,0.14214393,0.08144384,0.41820604,0,chr17:31216250:prostate_gland:0,TN,0
0.11954279,-0.43827373,-1.8628136,-0.20678268,-1.1150405,0.40663078,1.3303347,1.197905,-0.1440372,0.13660374,0,chr19:46786673:transverse_colon:0,TN,0
-3.2387812,1.2469608,-0.5013016,0.42244077,1.0518352,-0.417755,0.29588002,0.35581514,0.13029455,0.4603515,0,chr6:43530642:body_of_pancreas:0,TN,0
-1.8100183,-0.89715093,-1.4685644,-0.026755188,-1.1907107,-0.45633635,-0.3973491,-0.4371239,0.13315542,0.3637521,1,chr6:157823513:tibial_nerve:0,FN,0
-1.875195,-1.3204302,1.7103676,-1.1801628,0.49338287,-0.66276294,0.1904024,-0.5374365,0.44951984,-0.27588165,0,chr13:40212097:body_of_pancreas:0,TN,0
-1.3909383,1.6254109,1.9283996,0.7138075,-0.9921612,0.1081551,0.8778301,-0.03776688,0.16400124,0.045406114,0,chr6:112425290:body_of_pancreas:0,TN,0
0.064575166,-0.15068531,1.1336039,0.07259239,-0.19984433,1.757825,0.82034594,0.60546976,0.62828267,-0.39688388,0,chr20:41572206:upper_lobe_of_left_lung:0,TN,0
-1.6284604,-0.14376014,0.36966226,-0.9171214,-1.0691503,0.71556693,-0.505354,0.36178946,0.6087954,-0.91518056,1,chr19:21585454:body_of_pancreas:0,FN,0
4.4717784,1.2428297,-0.26511997,0.40105346,-0.1777985,0.9801812,0.40416324,-0.3357471,-0.56157494,-0.10617823,1,chr10:126257000:transverse_colon:0,TP,1
5.7941003,-0.13284189,-0.29934627,0.90468764,0.040933542,-0.019757934,0.13468133,-0.6212245,-0.70961237,-0.36733603,1,chr1:91927306:transverse_colon:0,TP,1
-2.7726355,1.5824676,-0.6415155,0.742493,0.77979696,0.37203613,0.065173276,0.5049924,-0.07557489,-0.20186432,1,chr16:78478415:spleen:0,FN,0
4.7503886,-1.0931126,0.6416047,0.917564,0.5468119,0.2971307,-0.6143113,1.4790567,0.5456753,-0.52401227,1,chr8:45161471:testis:0,TP,1
-1.3148485,-1.4182404,-1.8971024,0.24861863,-0.87597924,-0.37466887,-0.07016861,-0.52465075,-0.039125893,0.11556738,0,chr20:728474:thoracic_aorta:0,TN,0
5.951429,0.25857693,0.14867096,0.391173,0.11527641,-0.4812369,-0.53266424,0.14214501,-0.28720427,-0.09345555,0,chr14:22872456:gastrocnemius_medialis:0,FP,1
6.0429125,0.16955775,-0.15559474,-0.17280833,0.021089926,-0.60005385,-0.62029505,0.18417509,-0.32473114,0.20254743,1,chr17:45585364:prostate_gland:1,TP,1
-3.2213972,0.42421407,-0.7164531,0.20939706,0.118714914,-1.1091431,0.5818645,0.21370895,-0.43799657,-0.08619456,0,chr11:2779438:upper_lobe_of_left_lung:0,TN,0
-1.5544388,1.8422343,2.9179265,1.0040447,-1.4730939,0.16792305,-0.2194113,0.030938067,0.25680906,0.5769392,1,chr2:93976867:suprapubic_skin:0,FN,0
-2.4788773,-0.0051718196,-0.80840224,0.29026452,0.8151579,0.43968108,-0.5035337,0.24453416,0.45332944,-0.13297227,1,chr17:43361351:esophagus_muscularis_mucosa:0,FN,0
1.5178634,-2.9288235,1.4437289,1.270737,0.44858515,0.5551091,-1.3104893,2.1792276,1.0950891,-0.22656316,1,chr8:44636977:thoracic_aorta:0,FN,0
-1.4458585,0.21134585,1.3156557,0.93397933,-0.65794563,-0.38777122,0.08609751,-0.15185043,-0.5172426,-0.0076817917,1,chr11:35433805:body_of_pancreas:0,FN,0
3.704266,-0.30277452,-0.02337221,-0.8862336,0.7935235,-1.3170283,1.6277306,-0.43095234,1.7704331,-0.8730874,1,chr21:10801382:upper_lobe_of_left_lung:0,TP,1
5.192261,1.455933,0.2854873,-0.8530406,0.12439339,-0.84960216,-0.12415312,-0.026834892,0.39707577,0.44473502,1,chr7:67176863:esophagus_squamous_epithelium:0,TP,1
-0.6183882,1.5199441,2.4352052,1.5754585,-1.610299,0.2090711,-0.111557394,0.5186363,0.9050758,0.04424608,1,chr20:28507029:body_of_pancreas:0,FN,0
-0.6183882,1.5199441,2.4352052,1.5754585,-1.610299,0.2090711,-0.111557394,0.5186363,0.9050758,0.04424608,1,chr20:28507029:stomach:0,FN,0
5.88164,0.7711176,0.053874493,-0.021046814,0.07906506,-0.074991964,-0.44783476,0.08474432,-0.4640761,0.028916996,1,chr11:86939404:transverse_colon:0,TP,1
5.742974,0.055788916,0.6449897,0.5696201,0.21192694,-0.19221602,-0.21942915,0.30394182,-0.13605782,0.70854527,1,chr17:22822734:esophagus_muscularis_mucosa:0,TP,1
-2.6838112,-0.73734516,-0.07339063,-0.15093681,-0.5425575,-0.6307831,0.62653625,-0.35332552,-0.49801183,-0.29906148,0,chr5:176574398:transverse_colon:0,TN,0
-1.4259969,-0.70424604,-0.71694124,0.3485676,0.43530726,1.2288469,-1.0136554,-1.1341302,-0.11403972,0.39942187,1,chr19:45427778:tibial_artery:1,FN,0
-1.9734915,1.2736855,-0.18473673,0.8840259,0.9300084,-0.29236233,-0.23320745,0.3803842,0.15582809,0.15164731,0,chr14:94110590:Peyers_patch:0,TN,0
-2.4055963,0.41378883,-0.2535983,0.70303166,0.9515747,-0.13210551,-0.44403034,0.19650368,-0.11950202,-0.08783149,0,chr21:28745951:tibial_artery:0,TN,0
5.8597116,-0.5283493,-0.15414415,0.37235355,0.10083415,-0.3336993,-0.22441794,0.021587677,-0.037593026,-0.6160726,1,chr6:17600759:upper_lobe_of_left_lung:0,TP,1
4.1186547,1.6444972,-0.005997648,-1.2737304,0.053884346,0.1289964,-0.5495089,-0.35299745,0.79617834,-0.27993158,1,chr4:75289967:Peyers_patch:0,TP,1
-3.6649742,1.855946,-0.45536423,0.5386269,0.61462414,-0.6068822,-0.78969765,0.21682698,0.4701311,-0.011319975,1,chr4:119212065:body_of_pancreas:0,FN,0
-2.2052236,-1.0470712,-1.1746624,-0.23679994,-0.16932169,-0.44151548,-0.47543553,0.012605163,0.7789136,0.256773,0,chr13:41194553:spleen:0,TN,0
-0.38355795,-1.684543,2.1782117,-0.7832379,-0.079125926,-0.03960368,0.39459428,0.20814651,0.3918487,-0.5704459,0,chr3:8604337:thoracic_aorta:0,TN,0
1.3049614,0.4323279,-0.84756756,0.9147592,0.14324103,1.793455,0.3652967,-0.15873282,-0.92933375,0.11664767,0,chr8:41250953:suprapubic_skin:0,FP,1
-3.0010006,1.4191314,-0.18173732,0.50040513,0.2962813,-0.64879286,0.4961959,0.2878024,-0.59226334,-0.31000566,0,chr22:27420552:thoracic_aorta:0,TN,0
-0.69660723,-0.852702,-0.24078983,-1.1689875,0.9264439,0.36680353,0.559664,0.8485807,0.38778457,0.06123178,1,chr1:160835143:prostate_gland:1,FN,0
2.8879902,-0.015067586,-0.5932216,0.32999155,0.2458612,1.1110989,-0.052147333,-0.98542786,0.27954885,-0.062470067,0,chr16:28973793:thoracic_aorta:0,FP,1
4.452417,1.331104,0.24332719,-0.86643016,0.32929257,-0.9723194,0.3256952,0.53770965,0.77796197,-0.19019604,1,chr7:142479143:upper_lobe_of_left_lung:0,TP,1
0.5236147,1.6461637,1.1679306,1.438773,-1.4074203,0.1924479,1.0351657,-0.39186653,0.48189038,0.25330138,1,chr19:46754316:body_of_pancreas:0,TP,1
1.8738394,-2.4349003,-0.26976594,0.56115454,-0.29744184,0.76613563,0.81471145,0.8197022,-0.15940301,-0.110819586,1,chr19:4352765:testis:0,TP,1
-1.7250621,1.8529369,-0.436542,-0.4853649,-0.07700537,1.1128023,0.37079585,0.049395688,-0.0028210827,0.5130871,0,chr2:73690919:body_of_pancreas:0,TN,0
-2.0492141,-1.3862885,-0.9839151,-0.1307404,-0.6001925,-0.47397137,0.3301678,0.14107734,0.51306415,-0.39602992,1,chr17:45022255:omental_fat_pad:0,FN,0
0.19955999,-0.42770186,1.3296432,1.5315592,-0.6577386,-0.08311698,0.48917514,0.5389588,1.3288085,-0.3680859,0,chr21:10758759:esophagus_squamous_epithelium:0,TN,0
-2.6557136,-1.7700493,-0.45611605,-0.29355085,-0.38738346,-0.26331264,-0.080007665,-0.09884271,0.0016303529,0.003142001,1,chr5:151758649:upper_lobe_of_left_lung:0,FN,0
-1.247394,-1.233936,-0.3539936,0.062906526,0.21393256,-0.753961,0.48720622,-1.3405997,-1.0128431,0.44999117,1,chr22:42719563:thoracic_aorta:0,FN,0
-2.9684296,1.59186,-0.2047881,0.36068657,0.473966,-0.012657161,0.02100935,0.0151028,0.08722322,0.26142994,0,chr3:107690540:transverse_colon:0,TN,0
-3.3855748,0.46753293,-0.8753634,0.5167636,-0.6541368,-0.61399335,-0.34348345,0.40189654,-0.1229912,0.030289179,1,chr14:64880685:body_of_pancreas:0,FN,0
-3.3301408,2.2710094,0.2859004,0.5060622,0.7657596,-0.44901308,-0.077494405,-0.45687634,0.1426098,0.29625502,1,chr6:89635816:body_of_pancreas:0,FN,0
-2.4520915,0.59644103,-0.3004428,0.5550548,0.37394318,0.16860875,0.07709362,-0.47941142,-0.30489722,-0.3994972,1,chr18:46481136:sigmoid_colon:0,FN,0
5.672909,0.64635986,-0.304707,0.12840301,-0.15687554,0.1623842,-0.07729989,-0.055663597,-0.2723368,-0.4349015,1,chr2:165698939:body_of_pancreas:1,TP,1
-2.6821342,-0.83770394,-0.91743416,0.85444474,-0.30049828,-0.6959646,-0.51208884,-0.26390398,-0.087356776,0.17934187,0,chr16:21599482:lower_leg_skin:0,TN,0
-2.9206636,-0.6166531,-1.2438768,0.5094213,-0.5432853,-0.8282395,-0.6504391,-0.33650357,0.5078741,-0.05309705,1,chr1:26921783:esophagus_muscularis_mucosa:0,FN,0
-2.7816544,1.1295837,-0.38412455,-0.15599297,-0.2887463,0.89268327,-0.4974209,0.29281032,0.23911044,-0.07886475,1,chr15:34318762:body_of_pancreas:0,FN,0
-2.699269,-1.1666021,-1.105193,0.07942666,-0.18674779,-0.45180282,-0.3999828,-0.11750299,0.5079036,-0.114497796,0,chr19:35717320:spleen:1,TN,0
-2.0932698,1.0622431,-0.07789469,0.96603316,1.5991337,0.13832065,0.450475,0.14214398,0.081444025,0.418205,1,chr17:31216250:adrenal_gland:0,FN,0
1.5114224,-0.79376245,-0.81140876,-0.19990495,-0.7472585,1.9020827,-1.0596287,-0.23692283,1.5017918,0.37094,1,chr2:196068383:prostate_gland:1,TP,1
-1.289275,0.38542432,-0.3665534,0.5283702,0.8360409,0.012367349,0.8358137,0.45688054,-0.38421685,-0.23347375,0,chr11:128696262:body_of_pancreas:0,TN,0
-2.8638952,1.4129447,-0.13129343,0.33951056,0.77605546,0.39333028,-0.3373335,0.28706574,-0.02675267,0.15416276,0,chr7:129298397:upper_lobe_of_left_lung:0,TN,0
6.067782,0.42151326,-0.13214329,-0.012845546,0.2963303,-0.83573097,-0.29378095,-0.092614934,-0.30979073,-0.16561764,1,chr8:38060269:body_of_pancreas:0,TP,1
5.351921,1.0659748,-0.5084616,-0.5259339,-0.7975022,-0.39772302,-0.08895053,-0.22847113,0.0463206,-0.5365684,1,chr9:42852316:transverse_colon:1,TP,1
0.8131207,-2.559672,0.8292085,-0.45914176,-0.7558346,0.82349634,-0.67246294,0.97030777,-1.5488429,0.15242659,1,chr7:22550431:body_of_pancreas:0,FN,0
6.0527763,-0.78149384,0.18715812,0.9881689,0.4652002,-0.14309217,-0.26056132,0.18099433,-0.62213194,0.13592902,1,chr6:159653130:body_of_pancreas:0,TP,1
5.90837,0.16492598,0.56623924,0.8208895,0.33191448,-0.61889803,-0.48854306,0.41082937,-0.2421341,0.62320435,1,chr3:75785547:transverse_colon:0,TP,1
3.8459227,0.7298449,-0.43200892,-0.38819963,0.12280177,0.6484086,0.08470237,-0.2051768,0.015167198,-0.47234073,0,chr12:89346460:upper_lobe_of_left_lung:0,FP,1
-3.049306,0.78126067,-0.0011118407,-0.2023823,0.7271981,-0.086113155,-0.14137448,-0.7330929,-0.3497262,-0.3576277,1,chr9:41798915:thoracic_aorta:0,FN,0
-2.0480494,0.97996247,-0.80409515,0.049829163,-1.1491545,0.2511508,0.69772863,0.7710283,-0.50302863,-0.70787764,0,chr7:2064001:upper_lobe_of_left_lung:0,TN,0
5.534416,1.374139,0.23412856,-0.65056425,-0.115566574,-0.5906626,-0.5309001,-0.058578704,-0.05027775,-0.84182125,1,chr17:43360656:Peyers_patch:0,TP,1
-3.0275261,-0.8264628,-0.22237596,-0.16423689,-0.33606583,-0.27583078,-0.02851491,0.061617322,-0.33424297,-0.17766891,0,chr19:14348783:thyroid_gland:0,TN,0
5.4309797,-0.6529015,-0.25026435,-0.331988,0.556183,-0.88600266,0.24582352,-0.10061475,0.38458702,1.0849184,1,chr19:7799767:tibial_nerve:0,TP,1
-2.3257189,-1.5152355,-0.04573601,-1.0636116,-0.09571922,0.17734568,-0.553476,-0.0638365,-1.149437,-0.69195837,1,chr7:22550492:tibial_artery:1,FN,0
4.825929,1.1360605,0.054329976,-0.75132287,-0.36326838,-0.5782227,-0.6496924,-0.020925801,-0.05002685,0.4057821,0,chr13:112931226:body_of_pancreas:0,FP,1
5.7928886,0.7728145,-0.13873008,-0.14662488,-0.12580433,-0.17079863,-0.10332618,-0.107265174,-0.43306127,-0.19078055,1,chr6:29705705:upper_lobe_of_left_lung:0,TP,1
-2.8289628,1.7109495,-0.45491725,0.98487663,0.13217579,-0.18325461,0.36368775,0.254652,-0.052507885,0.3695461,0,chr2:134412470:thoracic_aorta:0,TN,0
-1.2090918,-2.167581,0.509189,-1.5615484,-0.2892751,0.7519193,-1.3565439,0.44581547,-0.15129426,-0.13593093,1,chr16:11211:sigmoid_colon:0,FN,0
-2.02959,1.76134,-1.1283486,0.51341754,-0.9549432,0.15048526,1.0917556,0.45509404,-0.25974944,0.07528434,0,chr10:103854693:body_of_pancreas:0,TN,0
3.7042673,-0.30277473,-0.023372052,-0.88623387,0.793523,-1.317029,1.627731,-0.43095347,1.7704332,-0.8730863,1,chr21:10801382:prostate_gland:0,TP,1
-2.9888775,-0.20111048,1.4025015,-0.34666035,0.014169681,-0.34575033,-0.10152136,-0.8673095,-0.120905675,0.00500504,0,chr14:75577682:thoracic_aorta:0,TN,0
-2.6300395,-0.5979376,0.17077757,0.27532637,-0.23571506,0.0051087253,-0.5057377,0.5001097,0.028812153,-0.3235727,1,chr11:133078710:upper_lobe_of_left_lung:0,FN,0
-2.9602394,-0.17406774,0.47018486,0.4325411,0.37095279,-0.8735098,0.20500864,-0.89895743,-0.54614466,-0.081058815,0,chr16:20079322:body_of_pancreas:0,TN,0
5.90837,0.16492598,0.56623924,0.8208895,0.33191448,-0.61889803,-0.48854306,0.41082937,-0.2421341,0.62320435,1,chr3:75785547:transverse_colon:1,TP,1
-3.0366883,2.9018855,-0.020902425,0.101198114,0.25558966,0.22933337,-0.058167852,0.6501,0.19889332,-0.23904784,1,chr9:127348292:thoracic_aorta:1,FN,0
6.0036983,0.52964723,0.19451751,0.30956036,0.38471892,-0.7517967,-0.40266106,0.0803391,-0.32324743,0.17713463,1,chr3:75785357:gastroesophageal_sphincter:0,TP,1
5.235233,1.0872262,-0.18780708,-0.3994636,-0.22840026,-0.0026825073,-0.16741867,-0.06941345,-0.037038792,-0.36163753,1,chr10:38653055:body_of_pancreas:0,TP,1
-1.6823012,-0.99814135,-0.37733343,-1.0427225,0.30072153,-0.2827473,0.92906606,0.12134606,-0.19111545,0.5104976,0,chr4:76196595:upper_lobe_of_left_lung:0,TN,0
-1.1815168,-0.028931873,1.7102509,-0.8852204,0.35330433,-0.3943705,-0.02634657,-1.1149986,-0.32662234,0.63364375,0,chr19:36692079:body_of_pancreas:0,TN,0
0.042758323,-1.946631,0.44616655,-1.296214,-1.1881745,0.1368707,0.2825409,-0.018950082,-0.6679982,0.8043479,1,chr22:20592014:upper_lobe_of_left_lung:0,FN,0
4.988772,-0.4986553,-0.27645007,1.0967724,-0.3833347,1.0720364,0.30460525,-0.017711403,-0.42520598,-0.87075204,1,chr13:20119527:transverse_colon:0,TP,1
-1.8812541,-0.9279496,1.4917353,-1.2484517,0.75545055,-0.035591934,0.057258584,-1.0055239,0.15963686,-0.090254724,1,chr1:94463928:thoracic_aorta:0,FN,0
5.985963,0.11544102,0.31364098,0.21283798,0.26752818,-0.730168,-0.43331698,0.41177738,-0.3636499,0.53088045,1,chr3:75785609:lower_leg_skin:0,TP,1
5.6372,0.8025039,0.14995262,-0.32293752,0.30578786,-0.43347767,-0.4110879,0.17683174,-0.14413616,-0.118012615,1,chr14:63599583:body_of_pancreas:0,TP,1
1.9661227,1.7786095,-0.10497248,-0.64378804,-0.29073226,2.0722682,-0.8957182,-0.09551834,-0.41068318,0.3859192,0,chr6:20875580:upper_lobe_of_left_lung:0,FP,1
-1.1585248,0.78281426,-0.18742812,-0.45723853,0.67153925,0.5676051,-0.28276083,0.25438353,0.018693855,0.74370533,0,chr6:166157203:transverse_colon:1,TN,0
-2.3257189,-1.5152355,-0.04573601,-1.0636116,-0.09571922,0.17734568,-0.553476,-0.0638365,-1.149437,-0.69195837,1,chr7:22550492:Peyers_patch:0,FN,0
-2.619013,1.241792,0.23640881,0.31908125,1.0740026,0.27024174,0.46148714,-0.30181348,0.34921286,0.113036476,1,chr6:106223515:gastroesophageal_sphincter:0,FN,0
-2.5751107,0.41027662,-0.033214826,0.119781,1.5905508,-0.09781936,0.075117946,-0.61617553,0.1425597,-0.061815236,0,chr5:167723159:transverse_colon:0,TN,0
-3.230326,0.8972179,-0.8248581,0.15735091,-0.5393245,-0.8251846,-0.8717347,-0.3064241,0.41760248,0.15540618,0,chr8:55773664:transverse_colon:0,TN,0
0.50652874,-0.84911674,-1.5704806,0.28616625,-0.6005545,0.6061037,-0.03903738,-0.6894842,1.1265538,0.7674848,1,chr12:50283650:sigmoid_colon:0,TP,1
6.000722,0.4226834,-0.060889807,-0.10412818,0.31273735,-0.5799064,-0.46243924,0.12757678,-0.11098882,-0.002888669,1,chr6:31374359:adrenal_gland:0,TP,1
0.16442016,-0.18437774,0.5980649,-0.1693391,-0.072716594,0.18737894,0.3504205,-0.83807236,0.3728928,0.35700884,1,chr1:15230084:transverse_colon:0,FN,0
-3.090252,-0.48413,-0.056683738,0.026919821,-0.63928074,-0.45725444,0.15727282,-0.402426,-0.41175422,-0.3260897,0,chr3:58178251:body_of_pancreas:0,TN,0
5.929857,-0.2756206,0.51088834,0.5621675,0.56035453,-0.19533886,-0.28741986,0.20371899,0.07295325,0.6483816,1,chr17:22909996:transverse_colon:0,TP,1
-0.75166374,-0.65608287,-0.6135999,-0.38472772,-0.7315259,1.3419386,0.048868164,0.9899745,-0.682689,0.16448186,0,chr3:194640569:prostate_gland:0,TN,0
-1.8378122,1.067638,1.9794478,0.90747344,-1.8788906,0.051905353,0.47029963,0.15510382,0.46487802,-0.28091317,0,chr17:40030247:body_of_pancreas:0,TN,0
5.430979,-0.65290177,-0.25026453,-0.33198845,0.5561824,-0.88600343,0.24582373,-0.100615926,0.3845868,1.0849184,1,chr19:7799767:prostate_gland:0,TP,1
-1.2090895,-2.1675804,0.50918937,-1.5615491,-0.28927553,0.7519194,-1.3565435,0.44581458,-0.1512936,-0.13592987,1,chr16:11211:testis:0,FN,0
0.09464051,-1.9833472,0.6771615,-0.38025087,-0.7634574,-0.78662014,0.69122845,0.08419125,-1.1955333,0.63971686,0,chr12:32755302:body_of_pancreas:0,TN,0
5.2308965,0.09858932,0.42486215,-0.7555484,0.2337735,-0.2748324,-0.412344,0.5303493,0.46962658,-0.047711592,1,chr7:142521135:Peyers_patch:0,TP,1
-3.462742,0.59328574,-0.69548404,0.29789603,-0.6927196,-1.2911836,-0.3772065,-0.8197618,0.32287836,0.2321918,0,chr15:70763520:esophagus_squamous_epithelium:0,TN,0
-1.7611957,-1.6430554,-1.1738557,-0.10115419,-1.3292944,0.0703063,-0.1032054,-0.37136665,0.5582082,0.11082776,1,chr12:1922226:transverse_colon:1,FN,0
-3.0351198,0.89139235,-0.7393478,0.49451476,0.3914704,0.65539193,-0.55127037,0.007289377,-0.06610701,0.28724363,1,chr10:23158214:esophagus_squamous_epithelium:0,FN,0
-2.0830173,0.111118145,0.3173093,0.19022326,0.0048024748,0.36340994,-0.023855694,-0.064195156,-0.5351432,-0.62545013,1,chr13:20489384:Peyers_patch:0,FN,0
-2.6796913,-0.79706836,-1.5394852,0.5801112,-0.7728602,-0.34333077,-0.8479075,-0.22067904,0.37494618,-0.017989708,0,chr8:47738667:transverse_colon:0,TN,0
-2.9273229,1.1001048,1.5453926,0.14308028,-1.0496136,0.055016264,-0.17110829,-0.851546,0.6075412,-0.11980254,0,chr3:4304222:transverse_colon:0,TN,0
3.93971,-1.017014,-0.12200175,2.0691855,0.6888336,0.34588978,0.7847442,-1.4114141,-0.06543283,-0.26056266,0,chr7:57317391:body_of_pancreas:0,FP,1
5.4232435,-0.279355,0.30963707,-1.1108993,0.13555317,-0.35394952,-0.09059161,-0.11594318,-0.12887731,0.85559857,1,chr16:18131839:body_of_pancreas:0,TP,1
1.2949877,-0.37221885,-1.2747372,-1.5246834,-0.32261387,0.6066747,1.1962698,0.44604883,0.07620347,1.6562496,1,chr9:83219889:tibial_nerve:0,TP,1
-0.90503216,-0.8443116,-1.4916891,-0.58793217,-1.3389555,0.9157615,0.21690153,0.04379336,-0.8026798,-0.5752166,0,chr1:2416126:Peyers_patch:0,TN,0
-3.129223,1.0558552,-0.6089054,-0.6349562,-0.10038135,-0.32428774,-0.784604,0.09207771,0.33146653,0.11226165,1,chr9:83219701:upper_lobe_of_left_lung:0,FN,0
-3.5085921,3.2593374,0.56003845,0.7202724,0.38116622,-0.117429554,-0.5723771,-0.058424804,0.23383927,-0.2563129,0,chr4:119545199:body_of_pancreas:0,TN,0
-1.7063315,0.9627996,-1.3393292,0.34122726,-0.27913868,0.47949356,-0.8038932,0.8499342,-0.067410916,-0.50856787,0,chr1:200302279:upper_lobe_of_left_lung:0,TN,0
3.711544,-0.8469448,0.16837397,0.8106393,-0.3383663,0.6295441,0.7084029,0.46816757,-0.14500728,-0.21344173,1,chr7:155190614:body_of_pancreas:1,TP,1
-1.2662276,1.1337906,0.057023726,0.66444594,0.66314024,0.32866782,0.11230775,0.4972397,-0.08797693,-0.26746675,0,chr16:14186081:spleen:0,TN,0
0.59191227,-2.7229638,-2.2108045,1.3149073,-0.7340633,0.6649792,0.5512448,-0.16258119,0.3187836,0.050158255,0,chr17:77281144:transverse_colon:0,TN,0
-2.0825198,0.9604807,0.14405373,0.29523638,0.43715256,0.0030921837,0.97415274,-0.47595224,-0.6419332,0.56860244,1,chr7:7290880:Peyers_patch:0,FN,0
-2.8919704,0.91919553,-1.3003348,0.13438572,-0.8911284,0.18021545,-0.5192037,0.10377524,0.16976234,0.16178332,1,chr11:1652791:tibial_artery:1,FN,0
5.6865687,0.8943472,-0.19465144,-0.40052986,-0.20714884,-0.33658707,-0.037317842,-0.017709587,-0.14673118,-0.16602473,0,chr18:12327752:upper_lobe_of_left_lung:0,FP,1
-1.2398357,-2.7288058,-0.10500097,-0.62203497,-0.20354147,-0.019242534,-0.6365099,-0.61972076,0.06343531,0.010665314,1,chr12:104294234:tibial_artery:0,FN,0
-3.1436238,-0.06255025,-0.8681993,0.32757506,-1.0715697,-0.93345803,-0.58211344,-0.39500695,0.29748738,0.20476031,0,chr21:39183682:Peyers_patch:0,TN,0
-2.7192729,1.911482,-0.11687951,-0.043666426,1.0092537,0.16955398,-0.11350022,0.14059451,0.09841867,-0.12694147,0,chr9:41088786:thoracic_aorta:0,TN,0
-1.3010359,-1.8999476,0.26375148,-1.2269969,0.48441833,0.5090253,0.71736586,0.12736504,-0.5914784,0.09020465,1,chr10:122030012:prostate_gland:0,FN,0
-3.3653684,2.0987725,-0.05650792,0.45350072,1.0663435,-0.2920149,-0.21686551,0.44071853,0.06392874,0.2521924,0,chr18:32041084:body_of_pancreas:0,TN,0
-3.029479,0.7610815,-0.2721633,0.10714018,0.72995216,-0.20849039,-0.1683837,0.5385077,-0.03402156,-0.13740914,0,chr11:128172276:spleen:0,TN,0
-1.0295482,-2.4721942,1.0215231,-0.29964492,-0.020333258,-1.1822703,-0.28983602,0.15321554,-1.4372265,1.2075913,1,chr6:31356771:thoracic_aorta:0,FN,0
-3.3651576,0.6493175,-0.44079173,0.5218953,0.57701594,-0.756188,-0.66126144,-0.29612926,0.32862154,0.30036438,0,chr12:21437622:transverse_colon:0,TN,0
4.8076243,0.097480565,-0.026022479,-1.2530466,0.6559493,-0.9616113,0.6855992,0.4815787,0.8250214,-0.23633347,1,chr7:142479093:body_of_pancreas:0,TP,1
1.5178608,-2.928821,1.4437306,1.2707382,0.4485836,0.5551097,-1.3104903,2.1792276,1.0950907,-0.22656278,1,chr8:44636977:thoracic_aorta:1,FN,0
1.757421,0.041841943,-1.4889503,1.2820022,-0.4233372,1.1392689,0.9215488,-0.96041805,-0.56891793,-0.8139224,1,chr15:40906278:gastrocnemius_medialis:0,TP,1
-1.3329154,-1.4884281,0.3171049,-1.2119904,-0.35678,-0.351141,0.5244267,0.093964905,-0.12494869,-0.9007867,0,chr1:43227860:sigmoid_colon:0,TN,0
-2.7407897,0.02513717,-1.130703,0.079885855,-0.9146739,-0.6858329,0.3074362,0.021156844,-0.18536651,-0.07216833,1,chr13:24541018:testis:0,FN,0
5.536976,0.44538337,-0.9549562,-0.22420019,-0.44563442,-0.77318996,-0.05987998,-0.20659994,-0.16244313,0.27777395,1,chr9:129437589:tibial_artery:0,TP,1
-2.037051,0.2604253,1.9430888,1.2153149,-1.1665099,0.1026816,0.6143901,-0.45689976,-0.26032898,0.532342,1,chr16:4548780:esophagus_muscularis_mucosa:0,FN,0
-2.629208,1.5266916,-0.30806717,1.0291923,-0.36915433,-0.14129776,0.25588757,-0.08491403,-0.60379136,-0.66626734,0,chr10:78290280:adrenal_gland:0,TN,0
-2.982705,-0.040796153,1.3863358,0.62753123,-0.35858917,-0.28185728,-0.03618827,-0.32709572,-0.19688112,-0.12785943,1,chr12:52873514:Peyers_patch:0,FN,0
-2.029799,-0.32136643,0.8823566,-0.9756495,0.2828063,-0.7052689,0.526857,-0.3829977,0.38327357,-0.53698885,0,chr19:39411698:lower_leg_skin:0,TN,0
-1.651917,-2.3991997,0.6299056,0.59462595,0.017031133,0.5030406,-0.112155214,0.73668724,-0.10829958,-0.05667794,0,chr19:41136196:esophagus_squamous_epithelium:0,TN,0
-0.3922508,1.5109901,1.5952669,1.8219997,-1.1927279,0.45203054,-0.036851414,0.09465707,0.36060148,0.6456615,0,chr14:106879455:thoracic_aorta:0,TN,0
-3.0530581,-0.026842488,-0.118198425,-0.40066084,0.9264556,-0.33565533,0.053634677,0.34659782,-0.48339128,-0.20715211,0,chr5:126544416:transverse_colon:0,TN,0
1.0431652,-1.543235,0.8119367,0.27704278,-0.5740084,-0.1055193,0.15083914,0.37146276,-1.2854255,2.0486708,1,chr19:45678133:prostate_gland:0,TP,1
-2.9904923,1.219732,-0.32603884,0.588748,0.7610168,-0.112036794,0.10757504,0.42596883,-0.56329525,0.2203551,0,chr2:231800692:testis:0,TN,0
5.997985,0.07447646,0.22969393,0.27668273,0.25909707,-0.3058364,-0.3608998,0.34914473,-0.1654975,-0.040524896,1,chr17:23044492:body_of_pancreas:0,TP,1
4.8168225,-1.305213,1.3318447,1.1662725,0.33977208,-0.064566456,-0.5175201,1.1558987,-0.10889935,1.0369567,1,chr17:25564506:thoracic_aorta:0,TP,1
5.742974,0.05578892,0.6449893,0.56962043,0.21192686,-0.19221592,-0.21942858,0.30394247,-0.1360575,0.7085448,1,chr17:22822734:tibial_artery:0,TP,1
5.351921,1.0659748,-0.5084616,-0.5259339,-0.7975022,-0.39772302,-0.08895053,-0.22847113,0.0463206,-0.5365684,1,chr9:42852316:spleen:1,TP,1
-2.0410814,-0.44618785,0.60019344,-0.50034916,1.22556,0.43555573,-0.086364366,-0.7437269,-0.000920557,-0.12132014,0,chr2:142113074:adrenal_gland:0,TN,0
3.2073278,-2.7508724,-0.7188721,0.32030493,0.078126036,1.1490333,-0.10391656,0.46568447,0.04803824,0.038208287,1,chr19:4352840:tibial_artery:0,TP,1
-3.273044,-0.26172712,0.14135715,-0.3685543,0.19568262,0.046432834,-0.16689096,0.058963638,-0.36796245,-0.3516761,0,chr2:128755951:spleen:0,TN,0
-1.5720909,-0.07234052,0.24989846,-1.1656595,-0.45107687,0.7744603,-0.7202686,-0.36691186,0.325122,-0.09429746,0,chr15:90956097:body_of_pancreas:0,TN,0
-0.49734065,-1.9504175,0.7433943,-0.8868242,0.72243136,0.24266261,0.425374,0.3305792,-0.34942323,-0.7867597,0,chr16:14664523:body_of_pancreas:0,TN,0
-0.57875496,0.94466263,-0.38694268,0.44486392,0.76433295,0.5378671,0.8568497,0.6536446,-0.19766004,-0.33155102,0,chr9:7186362:tibial_artery:0,TN,0
6.000722,0.4226834,-0.060889807,-0.10412818,0.31273735,-0.5799064,-0.46243924,0.12757678,-0.11098882,-0.002888669,1,chr6:31374359:sigmoid_colon:0,TP,1
4.422265,1.4747434,-0.5811915,-0.93614835,0.00804539,0.36822534,-0.6684364,0.24295996,-0.3950462,-0.04986775,0,chr5:125412930:adrenal_gland:0,FP,1
-1.7466874,0.75359875,1.1586703,1.1065878,-0.26959535,-0.59133554,0.3924716,-0.06980753,-0.47140414,0.2457156,1,chr8:30181834:thoracic_aorta:0,FN,0
-2.83233,0.031398956,-1.2672012,0.47108358,-0.17216857,-0.34184203,-0.68888265,-0.026711885,0.7212722,0.21069121,0,chr13:33543009:tibial_artery:0,TN,0
0.8131207,-2.559672,0.8292085,-0.45914176,-0.7558346,0.82349634,-0.67246294,0.97030777,-1.5488429,0.15242659,1,chr7:22550431:adrenal_gland:0,FN,0
5.4309797,-0.6529015,-0.25026435,-0.331988,0.556183,-0.88600266,0.24582352,-0.10061475,0.38458702,1.0849184,1,chr19:7799767:body_of_pancreas:0,TP,1
5.4376097,-0.59811294,-0.26138514,1.2291099,0.16397358,0.1616654,0.78124523,-0.9241033,-0.4497135,-0.745366,1,chr7:73725711:esophagus_muscularis_mucosa:0,TP,1
-2.037051,0.26042527,1.9430908,1.2153151,-1.1665092,0.10268129,0.61438966,-0.45689997,-0.26032925,0.53234243,1,chr16:4548780:body_of_pancreas:1,FN,0
-3.5586784,2.8093798,-0.05475346,0.41988087,0.5018637,0.018075438,-0.009924813,0.5955896,0.15316996,0.10310032,0,chr3:4712885:prostate_gland:0,TN,0
5.611577,1.2073439,0.09905672,-0.89631075,-0.3350982,-0.66562825,-0.28531444,0.45317012,-0.0007793556,0.16870658,1,chr2:86221296:adrenal_gland:0,TP,1
-2.4182081,-1.5563442,-1.0777888,-0.47756955,-0.5808308,-0.48264128,-0.589663,0.06682359,-0.054331694,-0.66983545,0,chr10:124389232:sigmoid_colon:0,TN,0
1.5178634,-2.9288235,1.4437289,1.270737,0.44858515,0.5551091,-1.3104893,2.1792276,1.0950891,-0.22656316,1,chr8:44636977:Peyers_patch:0,FN,0
-1.2009599,1.1347,1.3643868,-0.010125205,-0.16827618,0.93783814,-0.38886043,-0.0024969578,0.58108395,-0.53528756,0,chr3:32375439:upper_lobe_of_left_lung:0,TN,0
-2.6114063,-0.9584625,0.3165961,-0.2535373,1.0554699,-0.319448,-0.34287587,-0.7879011,0.2002234,0.18422322,0,chr1:51769068:esophagus_muscularis_mucosa:0,TN,0
5.452518,1.246878,-0.1581583,-0.56660384,-0.35044688,-0.3288854,0.15573065,0.2594027,-0.1584945,-0.553095,1,chr7:142776471:body_of_pancreas:0,TP,1
-2.4197276,-0.558992,2.2301497,-0.6635414,-0.51636094,-0.5383941,0.9461339,-0.5174742,0.24035858,-0.38613304,0,chr5:72164167:thoracic_aorta:0,TN,0
2.1098926,0.7080377,-0.8086002,0.7520815,-0.48438346,0.6855138,1.122026,-0.3856978,-0.17949285,-0.35144377,0,chr1:156385652:tibial_artery:0,FP,1
5.929857,-0.2756206,0.51088774,0.5621674,0.5603541,-0.1953402,-0.28742012,0.20371814,0.07295337,0.6483828,1,chr17:22909996:sigmoid_colon:0,TP,1
-1.8363894,1.4111779,-0.46814948,0.08886992,0.72426033,0.64941335,-0.23070602,-0.17026176,-0.038846772,0.09839299,0,chr13:40653727:esophagus_squamous_epithelium:0,TN,0
3.1803486,-2.8451352,0.3847224,-0.36422822,0.37159353,0.42990524,-0.19699495,-0.45565635,0.17610502,1.1353817,0,chr19:49266564:spleen:0,FP,1
2.567909,-1.5432901,0.6790123,-0.2731886,0.4276222,-0.4930939,-0.17763574,-0.6468417,-0.32268697,1.0876726,0,chr19:49199376:adrenal_gland:0,FP,1
-2.0088155,0.4749079,-0.0071594743,-0.3939751,0.57726586,-0.29556683,0.34918463,-0.3787425,-0.2489002,0.20820272,0,chr18:76983624:Peyers_patch:0,TN,0
-1.2297804,-1.269412,1.6829664,-1.0133742,-0.09656409,0.11010923,0.47977668,-0.46254894,0.826968,-0.40035933,0,chr15:52449656:gastrocnemius_medialis:0,TN,0
-3.1618922,-0.88989663,0.10502565,-0.25842407,-0.6663851,-0.6760645,0.36174172,-0.11329644,-0.6676228,-0.12971273,0,chr1:39799683:spleen:0,TN,0
0.5065326,-0.8491155,-1.5704807,0.28616786,-0.6005547,0.60610414,-0.039037056,-0.68948525,1.1265541,0.76748556,1,chr12:50283650:body_of_pancreas:0,TP,1
5.4475894,0.69146305,0.013946451,0.7917853,0.012191215,0.47925296,0.0013410192,-0.47386324,-0.5851819,-0.43873394,1,chr13:103220859:suprapubic_skin:0,TP,1
-2.1213365,-0.32652587,-0.77198076,-1.0427495,0.21020223,-0.5426162,1.2194417,0.5939412,-0.12965012,0.22428006,0,chr12:117837661:esophagus_muscularis_mucosa:0,TN,0
-1.8741949,0.14134859,-1.0436486,-0.3367001,0.13124561,1.4173753,0.09571603,0.9265471,0.22157319,-0.0688886,1,chr12:3658553:adrenal_gland:0,FN,0
-2.7993248,1.0260777,-0.74069715,0.59216017,0.8442641,0.07973934,-0.13403624,1.1137828,-0.022711568,0.036169603,0,chr6:112337271:body_of_pancreas:0,TN,0
0.2922051,-2.5351262,-1.9494497,-0.30312818,-1.0919496,-0.46824595,0.91042435,-0.1358592,0.19393079,0.8967961,1,chr14:100828072:body_of_pancreas:0,FN,0
5.030799,-1.133999,-0.75905794,-0.94798464,0.5761041,-0.9698062,1.3497605,0.269507,0.8815311,0.14995688,1,chr17:21322644:body_of_pancreas:0,TP,1
0.029173482,0.22778022,-0.09345313,-0.42660266,1.4818051,1.1579622,1.4587576,0.23798487,1.0934106,0.5668769,1,chr6:43386692:Peyers_patch:0,FN,0
-1.3367631,-1.385373,1.132479,-0.099795915,-0.57329655,-0.35069942,-0.2111821,0.47002953,-0.6331991,0.05094803,0,chr14:102063059:thoracic_aorta:0,TN,0
5.0544586,-0.11284191,-0.7619488,0.91626334,-0.08069078,0.21197775,0.41217148,-0.78554285,-0.49451703,-1.2385973,1,chr16:57628854:body_of_pancreas:0,TP,1
-1.6199028,-0.80883783,0.8132278,0.3753552,0.4188488,-0.74989843,1.1165336,-0.18139932,-0.61017275,1.3965472,1,chr10:86410550:body_of_pancreas:0,FN,0
