PC1,PC2,PC3,PC4,PC5,PC6,PC7,PC8,PC9,PC10,target,example_id,confusion_category,pred_label
6.259545,-0.43138233,-0.08170103,0.5873282,0.2628335,-0.87520385,-0.54650676,-0.16024664,-0.13969761,-0.5421427,1,chr12:52949266:prostate_gland:0,TP,1
-3.2829967,-0.8118433,-0.025090339,0.43250683,-0.0693161,0.36354464,-0.29156342,0.1931838,0.2847006,0.14527331,0,chr1:208268555:body_of_pancreas:0,TN,0
-2.5882986,0.5539656,0.48340842,-0.8731239,-0.37274522,-1.0063939,0.30802843,-0.35170946,0.198533,0.04775224,0,chr10:100267607:transverse_colon:0,TN,0
-2.2209356,-0.054327298,1.0974337,-0.2866592,0.95329005,0.11581632,0.6910979,0.19965968,0.5466583,0.40343466,0,chr15:85840427:sigmoid_colon:0,TN,0
1.238259,-0.6556151,-0.27464747,-0.13579568,-0.5900457,0.8384969,-0.16619837,-0.08459209,0.7097186,-0.29048273,0,chr20:53943966:thoracic_aorta:0,FP,1
-2.696252,0.7139479,0.12883464,-1.5578043,1.0748194,-0.59800637,-0.6128047,-0.08043296,0.09440939,0.43227336,1,chr2:46699152:prostate_gland:0,FN,0
2.8815408,2.993411,1.2044413,-1.0022124,-1.3598918,0.43844718,0.8387394,-0.15705635,-0.09246449,0.1248643,0,chr5:150847159:prostate_gland:0,FP,1
6.5428977,-0.111041605,0.4351018,0.30134103,-0.5045544,-0.04423978,-0.40126804,0.123514965,-0.26962116,0.08227837,1,chr2:86221296:thoracic_aorta:0,TP,1
-3.7798362,-2.122784,0.08537141,-0.134297,1.0352899,0.47410598,0.8181554,-0.1789844,-0.6762061,0.46636394,1,chr9:33447548:prostate_gland:0,FN,0
-1.1894213,-0.75773495,0.008995189,-0.050029304,1.0993437,-0.3327321,-0.21722269,0.93602556,-1.2598913,-0.41649583,0,chr7:100950296:Peyers_patch:0,TN,0
-2.055664,2.5404718,-0.32363212,-0.19385208,0.254371,-0.19443095,-0.86455667,-0.10568201,-0.4830239,-0.2398618,1,chr8:41651698:testis:0,FN,0
-1.9387598,-0.87793016,-1.789519,0.48545983,-0.12728852,0.564831,0.45834133,0.616769,0.07715948,0.30756745,0,chr1:239067551:body_of_pancreas:0,TN,0
-3.5076976,0.005271692,0.82611066,-0.13157862,-0.04779708,-0.306089,-0.24530584,0.20879008,-0.20941812,0.3961383,1,chr1:146376989:lower_leg_skin:0,FN,0
3.1883032,1.1410162,-1.0589631,0.55878574,-0.29239625,-0.18795685,0.73286736,2.6109786,0.8422393,0.8655582,1,chr8:44636977:gastrocnemius_medialis:0,TP,1
-1.998373,2.7497845,-1.4184107,0.13331127,0.15691184,0.90722865,-0.86708623,0.116905786,-0.37463054,-0.09425465,0,chr22:50533646:body_of_pancreas:0,TN,0
-2.1789215,1.1259836,-0.73678046,0.6064993,0.18177937,-0.119615875,0.36982006,-0.12799186,-0.21037346,-0.17078352,1,chr2:8910313:body_of_pancreas:0,FN,0
-0.65713155,-1.2270745,0.57738906,1.0787208,2.0514534,0.21992637,0.015473418,-0.25212297,0.35611504,0.196126,1,chr6:44627517:body_of_pancreas:0,FN,0
0.7823025,-0.65052277,1.2376103,-1.8534648,-0.4632299,0.15778793,0.10060312,0.06340335,1.1060547,-0.108262174,1,chr6:157274469:tibial_nerve:0,TP,1
-1.7546059,2.196967,-0.25932038,0.14478429,1.2360197,0.17340708,0.07893293,0.48855963,-0.2933248,0.43163353,0,chr2:130144620:spleen:0,TN,0
-4.0040445,-0.6872679,0.3560677,-0.8105326,-0.14125988,-0.64377207,-0.31309605,0.14960709,0.08358506,0.043749716,0,chr20:59515611:transverse_colon:0,TN,0
1.5663011,0.97625476,0.8427691,-0.7831354,-0.46952608,2.224241,-0.36857125,0.6572262,0.019635452,-0.77736497,0,chr15:63000361:body_of_pancreas:0,FP,1
-3.0080166,0.14476135,0.6289408,-1.0627875,0.4602278,-1.1582621,-0.003350375,-0.122981235,-0.07939761,0.10857171,0,chr7:150323436:spleen:0,TN,0
-2.102813,-0.26192638,1.6937122,1.6586822,0.7970378,0.742022,0.30960125,-0.17198467,-0.5602597,-0.20093793,1,chr6:131199853:adrenal_gland:0,FN,0
5.959428,-0.7566817,0.22227572,-0.37720188,-0.23449427,0.28436816,-0.5717494,-0.15190606,-0.2946778,0.2708261,1,chr17:45585364:esophagus_muscularis_mucosa:0,TP,1
-3.024745,-1.0150723,0.4336083,1.2466547,0.35379222,-0.5244723,-0.008718869,-0.099276416,-0.2231475,0.22237101,1,chr9:127348292:gastroesophageal_sphincter:0,FN,0
-3.642072,-0.9536293,0.73331666,0.61576825,0.07505346,-0.005630749,0.15612958,0.36785924,-0.19461644,0.7411832,0,chr21:43723793:body_of_pancreas:0,TN,0
-1.9700193,0.09467859,0.9377042,-1.7193396,1.2006344,-0.77638704,0.36322096,0.021427624,0.06299836,0.08982924,0,chr6:138988030:esophagus_squamous_epithelium:0,TN,0
6.5403433,-0.27105138,0.20992798,0.50180125,-0.38569477,-1.0855789,-0.1217049,-0.17993122,-0.3056529,-0.0671379,1,chr17:22909996:testis:0,TP,1
-3.539057,-1.1361914,0.8011777,0.6066175,0.5833204,-0.013816071,-0.4353538,0.08893068,-0.27892014,0.387892,1,chr18:56728983:transverse_colon:0,FN,0
5.724224,-0.16378374,-0.44212213,0.9576722,0.9090193,-0.3249805,-0.35563782,-0.6205388,0.37713605,0.33404565,1,chr11:29644415:prostate_gland:0,TP,1
-1.67378,0.36115184,0.38431385,0.10211108,-0.36986914,-0.14316161,0.75339824,-0.12567668,-0.42208585,-0.79465026,0,chr6:11013986:body_of_pancreas:0,TN,0
5.201364,-1.8137825,-0.65798813,0.08663898,-0.053842366,-0.52123797,-0.514374,-0.78085566,-0.0845988,-0.26618984,1,chr7:100949214:Peyers_patch:0,TP,1
-1.5117866,0.44514072,-0.11849603,-2.015953,0.710309,1.0799123,-0.35819897,0.050894137,-0.45023587,-0.10586118,0,chr15:63122523:gastrocnemius_medialis:0,TN,0
-0.72664326,1.5728425,-1.6801366,-0.26936805,0.016471917,-0.035629623,0.5801024,-0.9796929,-0.08818345,-0.09871633,0,chr1:19659758:tibial_nerve:0,TN,0
4.782162,-1.3878053,-0.85468125,0.47670898,1.4555488,-0.4291952,-0.8049152,-0.46099913,-0.12152528,-0.88375413,1,chr11:46305551:body_of_pancreas:0,TP,1
-3.2425742,0.111544885,0.8465561,-0.86891955,0.15318802,-0.21759665,-0.206818,0.375659,0.18342674,0.13033918,1,chr5:759207:body_of_pancreas:0,FN,0
-2.3074205,0.036473136,0.79280484,0.5158586,0.48400143,0.32498765,0.21435215,-0.019011894,0.3126755,-0.18442313,0,chr7:100217197:tibial_artery:0,TN,0
-3.020257,-1.875783,-1.7061803,1.1334568,-1.0291036,0.06846291,0.8700276,0.20700237,0.31415477,-1.0013983,0,chr9:105609267:thoracic_aorta:0,TN,0
-1.0917425,-1.5406661,-0.9324306,0.41129532,-1.3887302,-0.1260924,0.7851839,0.10611959,0.19309862,-1.2499954,0,chr3:64325309:thoracic_aorta:0,TN,0
-1.560509,-3.2526233,-1.0276958,-0.54354584,1.4348317,0.2811865,0.03970589,0.35540733,-0.6630623,-0.31486034,0,chr17:4639421:upper_lobe_of_left_lung:0,TN,0
-2.6759455,2.0238783,1.1526875,0.33814776,0.031496804,0.14380008,-0.75681233,-0.046701513,-0.24187134,-0.32489586,0,chr14:34228362:thoracic_aorta:0,TN,0
6.8625865,0.70572865,0.97313327,-0.06289573,-0.65732735,-0.068978585,0.0639698,0.34262082,-0.19967245,0.60594,1,chr7:142521135:transverse_colon:0,TP,1
3.7628887,-0.10592952,-0.94108796,0.026233539,-0.88462305,0.7314465,-0.254999,-1.0662771,-0.11674082,1.6115788,1,chr7:73725711:suprapubic_skin:0,TP,1
-2.1585221,-1.0017607,0.73483336,0.30250657,1.0171964,-0.021310885,0.6121325,0.7281206,-1.1002438,-0.03517741,0,chr3:9862475:body_of_pancreas:0,TN,0
-2.9004202,-0.27355242,1.1544919,1.2271171,-0.10534757,0.4718812,-0.008109807,-0.38243884,-0.4379247,0.29601398,0,chr1:225816669:transverse_colon:0,TN,0
4.6138425,2.2248592,1.1943293,-0.26733473,-0.4681941,-0.037938684,0.8071044,0.44730672,-0.17214447,0.93568087,0,chr2:46818510:body_of_pancreas:0,FP,1
-3.4343953,-0.064753875,1.4852579,1.0286611,-0.4706151,-0.32564253,-0.3619585,-0.1255082,0.50559205,0.15921125,0,chr6:2448888:adrenal_gland:0,TN,0
-4.3783145,-1.558862,-0.2043202,-0.17654036,-0.6336423,-0.28758955,-0.119643025,0.10887276,-0.40735584,0.2544467,0,chr12:21437622:tibial_artery:0,TN,0
-1.1416171,-3.4245875,-1.1860647,-1.1311675,1.6570531,-0.38153058,0.12066557,0.1866293,-0.35014564,0.07331368,0,chr6:31356771:prostate_gland:0,TN,0
-1.0879669,-0.2806216,-1.3028502,1.1169939,-0.75709546,0.8486476,0.23201467,-0.21798551,0.3976585,0.4892803,1,chr5:123274158:body_of_pancreas:0,FN,0
1.5165515,0.21666445,0.62077165,-1.0317065,1.607322,-1.1215254,1.0918052,0.07354311,-0.28173456,-0.6248581,1,chr17:49764139:body_of_pancreas:0,TP,1
4.52073,-2.3127553,-0.9930046,-0.09090433,-0.13725449,-0.71727425,-0.19187413,-0.24055132,-0.3203974,-0.18309498,1,chr12:121918386:transverse_colon:0,TP,1
-3.5127187,-1.2742246,0.16169506,-0.5574952,-0.21772528,-0.060024165,0.79004914,0.27338853,0.11984111,-0.021368934,0,chr9:133565456:testis:0,TN,0
-2.7601483,0.15146647,0.2602028,-1.6214015,0.2723002,-0.48791474,-0.5322084,-0.071262866,0.71680576,0.1476728,0,chr1:100249897:lower_leg_skin:0,TN,0
-2.2538395,0.2854841,0.75291693,-1.6526006,0.45828876,-0.7863361,0.14833783,0.026852895,0.78687924,0.35711432,0,chr7:26377045:sigmoid_colon:0,TN,0
2.7709038,0.46366382,-0.00021116024,-0.40558517,-1.6449254,-0.46927938,1.0873827,-1.1012499,0.2687418,-0.36851144,1,chr2:196068383:spleen:0,TP,1
5.4686446,-0.7037709,-0.010464979,-0.13193646,0.57526225,0.029514557,-0.2388508,-0.6379793,0.38795325,0.6775817,1,chr3:165196968:body_of_pancreas:0,TP,1
-2.5777168,0.6670096,1.0515503,0.8007797,-0.2545827,-0.36491686,0.5383372,-0.30197406,0.25233123,0.13627551,0,chr6:29942249:spleen:0,TN,0
-1.9290824,2.663869,-0.56227106,-0.70447046,-0.19076881,-0.61176515,-0.4328263,-0.35670793,-0.4533954,-0.48927274,0,chr19:48152501:omental_fat_pad:0,TN,0
4.7655797,-1.6806833,-0.09891185,-0.9347848,0.38362256,0.82211196,-0.48961177,-0.42325795,0.07863778,0.22835205,1,chr9:42852316:suprapubic_skin:0,TP,1
-3.3173285,0.53816426,-0.2790495,-0.10089655,-0.39272892,-0.585628,0.26363355,0.15476222,-0.30428398,-0.033848852,1,chr1:29230711:body_of_pancreas:0,FN,0
3.131244,-2.1505723,0.39089686,-1.5394126,-0.17824095,0.6335429,0.24415024,0.0151660135,-0.2411359,0.093631476,0,chr19:7637688:body_of_pancreas:0,FP,1
-0.6070015,-0.13141197,0.49327928,0.23123144,0.46146908,0.6936925,0.87229633,0.042040236,-0.94919926,-0.82277,0,chr16:85056622:adrenal_gland:0,TN,0
5.5443425,-1.3000529,-0.19769046,-0.013144729,0.3071591,0.27226648,-0.8518913,-0.37026983,0.12151706,0.041233115,1,chr3:75785357:upper_lobe_of_left_lung:0,TP,1
-3.1362696,0.87144476,0.16974355,-1.3158488,-0.12685767,-0.4970909,0.32416356,0.064051494,-0.47018218,-0.124777846,0,chr7:5487175:body_of_pancreas:0,TN,0
4.0439587,-1.7778398,-0.90500885,0.56622475,0.03920203,-0.09278586,-0.40199593,-0.32534194,0.016999777,-1.2689353,1,chr7:142771759:body_of_pancreas:0,TP,1
-2.102813,-0.26192638,1.6937122,1.6586822,0.7970378,0.742022,0.30960125,-0.17198467,-0.5602597,-0.20093793,1,chr6:131199853:Peyers_patch:0,FN,0
-4.1785083,-1.6848125,0.2449209,1.1424494,-0.56862944,0.13097532,-0.044115633,0.10792578,-0.2858712,0.26499152,1,chr12:8058040:tibial_nerve:0,FN,0
-3.981477,-0.41931742,-0.6331264,0.07550281,-0.6074604,-0.21703885,0.07916822,0.5654996,-0.49005872,0.2871985,1,chr6:32967583:body_of_pancreas:0,FN,0
-3.4785128,-0.1483525,0.47334304,0.23628333,-0.37902164,-0.28982434,-0.47165367,-0.029686792,0.6983182,-0.19151568,0,chr6:32622665:body_of_pancreas:0,TN,0
-4.1945024,-0.20306623,-0.6774813,-0.26364467,-1.089003,-0.71756375,-1.0475348,0.058670234,0.49280617,0.19629441,0,chr5:75681235:upper_lobe_of_left_lung:0,TN,0
-2.0507727,2.8343,-0.25563395,0.065653436,-0.025843594,-0.4044009,-1.3780994,-0.5335356,-0.03477138,-0.4452099,0,chr13:108155918:adrenal_gland:0,TN,0
-3.574057,-0.75066686,1.0102011,0.008312062,-0.06392813,0.41768208,-0.15091941,-0.0118001895,-0.53743225,-0.037894376,1,chr5:149431239:upper_lobe_of_left_lung:0,FN,0
-1.917824,1.9423939,-0.59994537,-0.45940065,0.40304095,-0.78644854,0.28548825,-0.35143855,-0.1131743,-0.26345906,0,chr17:74791544:spleen:0,TN,0
-3.024745,-1.0150723,0.4336083,1.2466547,0.35379222,-0.5244723,-0.008718869,-0.099276416,-0.2231475,0.22237101,1,chr9:127348292:Peyers_patch:0,FN,0
6.412731,-0.011112136,0.06743202,0.36835706,-0.511217,-0.95927846,0.26370156,-0.05179241,-0.1783405,0.24444138,1,chr17:22856764:adrenal_gland:0,TP,1
-3.137552,0.6846824,0.40481108,0.54904145,-0.2704232,0.11503313,-0.5530265,-0.0598225,-0.010972634,0.28406993,0,chr10:1227900:thoracic_aorta:0,TN,0
6.1421647,0.14585958,0.69419986,-0.31948262,-0.43469435,0.25825176,-0.0985454,0.47707692,-0.48468813,0.1824137,1,chr11:60251676:spleen:0,TP,1
-2.7730334,0.71550095,0.5095586,-0.2928626,-0.59508437,-0.14455898,-0.46739435,0.47777238,0.29487005,-0.32996696,0,chr1:51769068:tibial_artery:0,TN,0
-2.5410416,0.59361196,1.8881304,0.3192641,0.41897282,-0.33849004,0.21737722,-0.052577633,-0.8831475,0.21107073,0,chr15:34210265:tibial_nerve:0,TN,0
6.877429,0.046417132,0.62968266,0.2392281,-0.18503653,-0.37764516,-0.2740827,0.21500437,-0.05595636,0.1852011,1,chr9:42974893:transverse_colon:0,TP,1
-1.5890213,0.3097075,-1.0176742,0.5041661,0.14546607,0.41034853,0.048093148,0.6132406,-0.018385708,-0.75375026,0,chr2:171054379:body_of_pancreas:0,TN,0
-0.8653039,0.0059540663,1.1595556,-1.8698268,1.5738094,-0.118647344,0.45330957,0.18573904,0.25631475,-0.0129451845,1,chr5:181184339:prostate_gland:0,FN,0
6.1772027,-0.63483644,-0.024337973,0.48153552,-0.16339067,-0.51074135,-0.5850305,-0.30529273,-0.29247758,0.38366136,1,chr6:31374359:spleen:0,TP,1
-2.3787186,0.8286566,-2.0599563,-0.07641005,0.18543777,1.206039,-0.82373,-0.34401098,0.042025205,0.19053869,0,chr12:21313572:upper_lobe_of_left_lung:0,TN,0
1.4172382,-2.175339,0.32530868,-0.29893848,0.4316501,0.69579524,0.39097807,-0.2894296,0.924116,-0.25166148,0,chr10:77620178:thoracic_aorta:0,FP,1
5.79376,0.23801006,1.002711,-0.81415325,-0.6332064,0.12563895,0.28874654,0.26467854,-0.4941748,-0.08767683,1,chr19:47436804:sigmoid_colon:0,TP,1
-2.1776495,-1.0358464,0.29027602,-0.5706584,0.19569573,-0.74943644,0.52144825,-0.20631638,-0.2875393,0.44385606,0,chr5:109409450:transverse_colon:0,TN,0
-0.7824049,1.4674336,-0.92582613,0.16872986,-0.45077345,0.48954162,0.4295057,0.64653414,0.12797602,0.0882355,0,chr12:14454207:adrenal_gland:0,TN,0
-1.919171,-0.4701527,-0.27397084,-0.5649524,-0.21039055,0.4509242,0.0793561,0.401337,0.08086867,-0.41928422,0,chr22:26483000:body_of_pancreas:0,TN,0
0.4271912,-1.7540982,0.066397905,-0.6967539,-0.9683174,0.5875249,0.6946716,0.6710758,0.23579219,-0.79853266,0,chr4:10582403:Peyers_patch:0,FP,1
-2.7723958,2.0239859,-1.4962642,0.13254659,0.29310456,0.1176073,0.049992267,-0.22511503,-0.17312278,0.21686968,0,chr2:161273349:adrenal_gland:0,TN,0
-3.9298246,-1.5551846,-0.69152737,-0.30233076,-0.6230033,-0.42677054,0.1382334,0.52610993,-0.75985736,0.20214775,1,chr4:77240591:gastroesophageal_sphincter:0,FN,0
6.3376412,-0.015696133,0.62428665,-0.2506966,-0.683789,0.27584946,-0.15446301,0.18230022,-0.22760884,0.50744236,1,chr17:43360096:transverse_colon:0,TP,1
-3.141323,-0.15258105,-0.036517765,-0.6409567,0.83445364,-1.1548992,0.24455963,0.008556166,-0.7935386,0.38840035,0,chr16:70801195:esophagus_muscularis_mucosa:0,TN,0
1.5682465,-0.67368996,0.5630275,-0.63817275,-1.113486,0.106733404,1.0373336,0.43062124,-0.05950744,-0.24802063,1,chr2:111313881:body_of_pancreas:0,TP,1
-3.476643,-0.17689228,0.16304104,-0.09881003,-0.3836744,-0.37447312,-0.4317355,0.23684946,0.031962745,-0.08452856,1,chr4:119212065:upper_lobe_of_left_lung:0,FN,0
6.412731,-0.011112136,0.06743202,0.36835706,-0.511217,-0.95927846,0.26370156,-0.05179241,-0.1783405,0.24444138,1,chr17:22856764:sigmoid_colon:0,TP,1
-2.6910212,-0.9473432,0.7955778,1.1911452,-0.33614302,-0.12056183,-0.28455985,-0.035848156,1.3890474,0.28561008,0,chr18:46481136:Peyers_patch:0,TN,0
-0.50371194,1.0859503,1.5361247,-1.4897835,-0.52472645,-0.88304263,0.46990868,-0.19014806,1.1022409,-0.3054997,1,chr15:40906278:transverse_colon:0,FN,0
-1.1720194,1.0353757,1.0161532,-0.77830935,1.4610825,-0.47530258,0.16992888,0.20861557,0.26435915,0.12110464,0,chr4:2764553:thoracic_aorta:0,TN,0
-3.2232928,0.5867306,0.8463694,-0.20074734,-0.8480694,-0.12162863,-0.14133051,0.19508474,0.4973071,-0.3893554,0,chr1:220775349:transverse_colon:0,TN,0
-3.1911938,0.64314175,0.53498644,-0.85295653,-0.06657408,-0.5182694,-0.32406414,0.32267398,0.32193172,0.5094879,0,chr8:123042465:testis:0,TN,0
5.959428,-0.7566817,0.22227572,-0.37720188,-0.23449427,0.28436816,-0.5717494,-0.15190606,-0.2946778,0.2708261,1,chr17:45585364:body_of_pancreas:0,TP,1
2.8942146,0.4429584,-1.2859379,-0.25234288,0.5704545,1.672957,-0.19742651,0.044248793,-0.17322049,1.4422184,1,chr19:4352840:upper_lobe_of_left_lung:0,TP,1
5.0389867,-0.0036601506,-0.052204765,0.4815908,1.2067679,-0.13892567,-0.34106857,0.6576669,-0.17255624,-0.78632194,1,chr19:45678133:adrenal_gland:0,TP,1
-3.981477,-0.41931742,-0.6331264,0.07550281,-0.6074604,-0.21703885,0.07916822,0.5654996,-0.49005872,0.2871985,0,chr6:32967583:gastrocnemius_medialis:0,TN,0
-2.9823916,-1.6822245,0.06347737,-1.1365826,-0.6970358,-0.21079683,-0.12188908,-0.47802508,0.22656782,-0.06877037,0,chr16:87950990:body_of_pancreas:0,TN,0
-2.3502195,-1.3697301,0.14115039,1.3402731,-0.29215285,0.32461804,0.51289487,0.45498064,-0.66973495,-0.13890672,0,chr19:22302101:esophagus_squamous_epithelium:0,TN,0
-1.5324411,3.0214407,0.11823791,-0.22114235,-0.29276043,0.0108530875,-0.82968926,-0.27045238,-0.17826629,-0.41777793,1,chr7:5085799:spleen:0,FN,0
6.877429,0.046417132,0.62968266,0.2392281,-0.18503653,-0.37764516,-0.2740827,0.21500437,-0.05595636,0.1852011,1,chr9:42974893:tibial_nerve:0,TP,1
0.7837262,-1.8069365,-0.17473094,-2.012975,1.2744713,-0.7461811,0.2687048,-0.5050914,0.7210658,0.16913393,1,chr11:32892862:upper_lobe_of_left_lung:0,TP,1
-1.6417307,-0.5513078,-1.5372481,-0.319351,-0.98022634,0.47597566,-0.24781673,0.1402624,-0.47671753,-0.18359816,0,chr10:69743429:testis:0,TN,0
6.904042,0.118319914,0.4829873,0.5378541,-0.10061769,-1.0111066,-0.25865108,-0.49245015,-0.38271108,-0.026734523,1,chr3:75785547:gastrocnemius_medialis:0,TP,1
-1.2420697,-0.32472247,-1.4897829,-0.15140796,-0.25123313,0.09076391,-0.23675159,1.0513946,-0.75012326,-1.0121875,0,chr1:201704952:spleen:0,TN,0
4.1998715,0.6054546,-0.24015433,-0.6789706,-0.38580418,0.9110897,-0.08210409,-0.42408597,0.39302447,0.070006244,1,chr17:879808:tibial_artery:0,TP,1
-2.6265357,0.9424537,-0.17163216,0.38412717,-0.3909295,-0.19147035,-0.27640897,0.4199155,0.018529644,-0.17103355,0,chr3:177592618:thoracic_aorta:0,TN,0
-4.304642,-0.5798831,-0.64553714,-0.22858092,-1.051399,-0.9033647,-0.83454865,0.35038114,0.09514704,0.03353757,1,chr15:82365725:suprapubic_skin:0,FN,0
-2.9184296,0.8919186,0.56556565,-1.5138831,0.74689335,-0.4899919,-0.9024952,-0.054330625,0.09652574,-0.13606453,0,chr8:94640757:transverse_colon:0,TN,0
-0.8670708,-1.1777174,0.2949196,-1.569485,0.83441424,0.40522876,0.8183904,0.027152237,0.10855492,0.04723115,1,chr22:49724957:upper_lobe_of_left_lung:0,FN,0
-3.039846,-2.5171168,-0.7624916,-0.71130234,0.91316813,-0.18153816,0.35322678,0.06047863,-0.667563,0.22587438,0,chr22:23289163:upper_lobe_of_left_lung:0,TN,0
5.492151,-1.1732957,0.08344228,-0.23423591,-0.535666,0.0832332,0.028524335,-0.25879452,-0.21627134,0.0068264254,1,chr12:11071467:body_of_pancreas:0,TP,1
-2.2834978,-2.1833704,0.16795683,-0.24385141,0.5641585,0.66408134,0.07715834,0.6486049,0.60481864,-0.6126262,1,chr6:169655219:tibial_nerve:0,FN,0
-2.29951,0.5361906,-0.2555514,-1.6928383,-0.531807,-0.33232278,-0.032088477,0.5217076,-0.17298126,-0.29628474,0,chr19:41706904:upper_lobe_of_left_lung:0,TN,0
-3.388502,-0.036253665,0.14765532,-0.0506918,-0.38588688,-0.21008782,-0.58265525,0.6385808,0.25948524,0.15872271,1,chr19:49085162:gastroesophageal_sphincter:0,FN,0
2.7373347,-0.18444559,0.40452883,-0.8248794,0.37336406,1.4054246,-0.09550699,0.015924195,-0.20706311,-0.19810061,0,chr16:2661012:tibial_nerve:0,FP,1
2.2832472,0.35171443,-0.82027495,-0.03845302,0.08876075,-0.4359244,1.3619227,-1.3065428,1.2673911,0.25493088,0,chr6:16409816:esophagus_squamous_epithelium:0,FP,1
-3.1633828,-2.486889,-0.86827207,-0.033000395,-0.92444795,0.3878188,-0.65217847,0.27058125,1.400712,0.43949538,0,chr6:154371294:thoracic_aorta:0,TN,0
-2.8767073,-1.1730127,0.8983914,-1.2158757,0.9101016,-0.10736578,0.62167096,0.008644437,-0.3691619,0.16033098,0,chr17:37489615:gastroesophageal_sphincter:0,TN,0
-3.5740657,-0.75067645,1.0101956,0.008313097,-0.063928396,0.41768053,-0.15092102,-0.01180078,-0.5374336,-0.037891842,1,chr5:149431239:spleen:0,FN,0
3.5071826,-1.1180177,0.012469616,-0.40677813,0.34548366,-0.88937867,0.8345331,-0.90595615,0.23050909,0.05100763,1,chr12:1922226:body_of_pancreas:0,TP,1
3.3047345,-1.5296808,-0.69842637,-0.1524162,0.4688017,0.17425321,-0.03479869,0.8872425,0.059556108,-0.77475727,0,chr22:11703827:prostate_gland:0,FP,1
-1.1417928,2.474187,-1.421777,-0.3014725,0.27597,0.102100275,0.67382944,-0.32763442,-0.79776055,0.27404973,0,chr3:58305852:sigmoid_colon:0,TN,0
6.066187,-0.23998557,0.2860484,0.15814334,-0.004239648,-0.6400559,-0.15449083,-0.48634198,-0.14705615,0.11650155,1,chr21:42863253:Peyers_patch:0,TP,1
-1.4023141,0.8165511,1.8718655,1.2881641,0.43967295,0.6617879,0.5137232,-0.49549952,-0.31565225,0.14347117,1,chr12:104294234:transverse_colon:0,FN,0
-3.8965461,-1.7704608,0.5125248,1.8058321,-0.5168585,0.19385397,0.16393511,-0.32153675,-0.5604517,0.54750377,0,chr18:3595766:Peyers_patch:0,TN,0
3.1883044,1.1410156,-1.0589623,0.5587848,-0.2923958,-0.18795583,0.7328681,2.6109784,0.8422389,0.8655581,1,chr8:44636977:sigmoid_colon:0,TP,1
-1.1134025,-0.6628104,0.9058356,1.015543,0.33413512,0.70719403,0.8213623,0.04421109,-0.8429284,-0.81164855,1,chr19:21585701:body_of_pancreas:0,FN,0
-2.8266788,-1.9245607,-0.3898372,0.701668,-0.65004337,-0.20450543,0.09101495,-0.2855252,0.2718139,-0.46472543,1,chr14:25132674:body_of_pancreas:0,FN,0
-2.2828176,1.5032141,0.7922041,-0.97349465,-0.5765809,0.006203376,0.24194202,0.2614169,-0.15613714,-0.75572044,0,chr1:165592941:suprapubic_skin:0,TN,0
6.304405,0.13334675,0.74436647,0.002358383,-0.1978262,-0.031248989,0.013327842,0.828908,-0.210681,-0.26403832,1,chr8:18872306:body_of_pancreas:0,TP,1
5.4364915,-0.53719443,-0.26054823,0.37831566,-0.26028946,-0.6448035,-0.16664885,-0.5209814,0.048798654,-0.0337625,1,chr2:158415565:gastroesophageal_sphincter:0,TP,1
-0.57622385,0.5277328,0.738907,0.50205106,0.56655633,-0.3194027,0.23152374,0.2972461,0.17451282,0.049239643,0,chr14:74252095:tibial_artery:0,TN,0
-4.3019347,-2.5690947,-0.33332628,0.6457831,-0.7848095,0.2909947,-0.10587318,-0.11813882,-0.1903659,0.21463929,0,chr2:111667723:gastrocnemius_medialis:0,TN,0
-3.19917,-0.007708761,1.3753046,1.3158567,-0.54023194,0.07594894,-0.010472645,-0.057923358,0.63899046,-0.06300494,0,chr21:30341086:testis:0,TN,0
-3.2735171,-1.2646873,0.9126877,1.5630285,-0.024856798,0.5842698,0.3572118,-0.38354024,-0.45518124,0.27954456,0,chr19:42884973:prostate_gland:0,TN,0
-2.7587605,-0.0808343,-1.0163236,-0.57253087,0.58249205,0.4809174,0.027869789,0.25852206,-0.63560134,-0.42405432,0,chr9:94623665:Peyers_patch:0,TN,0
-3.864102,-2.2418876,-0.76466036,0.06970178,-0.053931855,-0.06177269,-0.16891852,0.46324947,-0.70212924,0.66143256,1,chr20:54201250:sigmoid_colon:0,FN,0
4.7655797,-1.6806833,-0.09891185,-0.9347848,0.38362256,0.82211196,-0.48961177,-0.42325795,0.07863778,0.22835205,1,chr9:42852316:spleen:0,TP,1
5.1985097,-0.7403892,-0.6330237,0.40681994,0.7957236,0.8157914,-0.9060496,-0.30149537,0.16941153,0.18993638,1,chr16:14812040:prostate_gland:0,TP,1
-3.3453603,0.5395326,-0.53494596,-0.2082808,-0.67360204,-0.40817812,-0.7564168,-0.24601942,-0.3744283,-0.5318301,0,chr15:61621312:upper_lobe_of_left_lung:0,TN,0
-3.3790538,-0.80265194,-0.03865573,-0.6450729,-0.19548985,0.075447194,-0.477704,1.0146201,-0.47043058,-0.0709791,1,chr9:83219701:Peyers_patch:0,FN,0
4.219795,-1.2565416,-0.3194681,0.27295136,-0.41022775,-0.16794565,-0.2320249,-0.002983795,-0.37837803,-1.0585762,1,chr4:75289967:upper_lobe_of_left_lung:0,TP,1
-2.3675475,0.5154819,1.9646875,1.010116,-0.4554926,0.11078358,-0.101516165,-0.35527855,0.20351902,-0.026774932,0,chr11:13873413:transverse_colon:0,TN,0
5.316351,-1.6196285,-0.12898335,-0.19090496,-0.43402997,0.34230033,-0.3580732,-0.14673313,0.12018393,-0.30901772,1,chr6:29705705:adrenal_gland:0,TP,1
2.7709038,0.46366382,-0.00021116024,-0.40558517,-1.6449254,-0.46927938,1.0873827,-1.1012499,0.2687418,-0.36851144,1,chr2:196068383:tibial_artery:0,TP,1
-3.6118343,-0.060822863,0.8692145,-0.317287,0.0010890397,-0.28551063,0.22892837,-0.18665099,-0.63023174,0.39550638,0,chr2:231056871:esophagus_muscularis_mucosa:0,TN,0
1.7153772,-0.30800194,-1.9323492,-0.30613628,-0.9733644,0.6758101,-0.14925945,-1.0356002,0.23003241,-0.61896247,1,chr8:30230823:esophagus_squamous_epithelium:0,TP,1
-4.113381,-0.67453074,-1.0641836,-0.29856613,-1.3963437,-1.2041415,-1.2487038,-0.28440285,0.16520889,-0.13965014,0,chr4:42568593:esophagus_squamous_epithelium:0,TN,0
-2.487563,0.115504175,1.2035662,-1.092446,-0.031586543,0.5151119,-0.5265539,0.2902665,0.4670881,-0.27645844,0,chr17:49223905:testis:0,TN,0
-1.8723716,2.2553163,-0.8128035,-0.36942664,-0.090686604,-0.10403108,-0.16998415,-0.2563504,-0.48816052,-0.20843153,0,chr19:19901831:body_of_pancreas:0,TN,0
-0.18582614,0.9691029,0.4731041,-0.22955708,0.51370806,0.039336357,0.7705172,0.17087291,-1.2404479,-0.30280074,0,chr6:33789269:tibial_artery:0,TN,0
-3.7600117,0.1964057,0.6818401,-0.105175525,-0.06695554,-0.6033853,-0.279951,0.24813439,-0.5940153,0.58399814,0,chr2:213152392:gastroesophageal_sphincter:0,TN,0
-2.454199,0.12360835,0.43220654,-1.2324346,0.7490449,-0.9476669,0.27146864,0.16144605,0.0848141,0.21036157,0,chr7:66591994:gastroesophageal_sphincter:0,TN,0
-3.4766424,-0.17689037,0.16303965,-0.098811604,-0.38367411,-0.3744729,-0.4317353,0.23684974,0.031963136,-0.08452938,1,chr4:119212065:transverse_colon:0,FN,0
-2.7819018,-0.40977928,1.0455161,-1.4522998,0.9643563,-0.6677965,0.12455771,0.3542423,0.48264807,0.3780697,0,chr16:89701647:prostate_gland:0,TN,0
5.9291415,-0.1846429,-0.3529808,0.67405796,0.73403436,-0.69051266,-0.70419425,-0.34049982,-0.21118177,-0.083081976,1,chr15:24767525:gastrocnemius_medialis:0,TP,1
5.706652,-0.41720605,0.5479395,-0.4556229,-0.7611574,0.35311025,-0.08192388,-0.222771,0.045122948,0.15935706,1,chr6:134677172:body_of_pancreas:0,TP,1
-2.5143695,0.2852638,1.4304769,1.6963681,-0.0492085,0.16145222,0.2690112,-0.60083646,-0.7305736,-0.019221779,1,chr12:91578079:upper_lobe_of_left_lung:0,FN,0
5.8753576,0.3450264,0.7812943,-0.380613,-0.98751724,0.83258873,0.22962396,-0.13675657,-0.1904314,1.259303,1,chr12:48753691:prostate_gland:0,TP,1
-2.7713227,-1.1427845,0.5605813,-1.035255,1.1042181,-0.6500314,0.40124744,0.16991544,-0.14523415,0.5932316,0,chr7:56052250:transverse_colon:0,TN,0
-1.2135348,2.0386426,-1.3447212,0.5046609,-0.25892824,-0.6280117,1.025873,-0.4067227,0.3614895,-0.08600176,1,chr2:168375394:esophagus_squamous_epithelium:0,FN,0
-2.9890764,1.8179213,-0.6608208,-0.6127063,-0.35894352,-0.38220742,-0.0645094,-0.11311095,-0.8241071,-0.05059314,0,chr11:8225583:body_of_pancreas:0,TN,0
-1.5054979,0.77784425,-1.7053108,0.8998125,1.065306,0.64575225,-0.67035216,1.3681672,0.81203425,0.41298538,1,chr20:28507029:Peyers_patch:0,FN,0
-2.2305875,2.6493058,0.16881128,0.3052904,-0.16571407,-0.29082382,-1.2228537,-0.46193254,-0.29021108,-0.48436013,0,chr12:66270210:Peyers_patch:0,TN,0
-3.0791657,-0.5705593,0.34495667,1.0733541,-0.9594494,-0.5888732,-0.646567,-0.40546614,0.86756945,0.31061006,1,chr6:106223515:thoracic_aorta:0,FN,0
-0.6015983,0.49214786,0.011009011,-1.6823142,-0.6919812,-0.62892777,0.05869826,-0.25819477,0.3070329,-0.44439504,0,chr6:125956733:prostate_gland:0,TN,0
-2.0054,-1.2390779,-1.1609567,0.056482736,-1.1612748,-0.44850668,0.3739522,0.7581907,-0.1448475,0.12056059,0,chr1:86740786:body_of_pancreas:0,TN,0
5.5443425,-1.3000529,-0.19769046,-0.013144729,0.3071591,0.27226648,-0.8518913,-0.37026983,0.12151706,0.041233115,1,chr3:75785357:tibial_nerve:0,TP,1
6.5428977,-0.111041605,0.4351018,0.30134103,-0.5045544,-0.044240296,-0.40126854,0.12351422,-0.26962364,0.082279995,1,chr2:86221296:spleen:0,TP,1
2.3094666,0.945623,0.52360344,-1.1618809,-0.5052798,-0.90935314,1.2423598,0.24534579,-0.22465657,-0.59038055,0,chr22:38412761:tibial_artery:0,FP,1
6.412731,-0.011112136,0.06743202,0.36835706,-0.511217,-0.95927846,0.26370156,-0.05179241,-0.1783405,0.24444138,1,chr17:22856764:esophagus_muscularis_mucosa:0,TP,1
-1.7779189,-0.21050185,0.39625162,1.5561948,-0.27209032,0.1586461,0.2976545,0.20265296,-0.21014552,-0.17772782,0,chr10:90003755:omental_fat_pad:0,TN,0
0.1787108,2.7772322,0.22523028,-1.7055745,-1.0909504,1.3521539,-0.6603173,0.11416217,-0.36436784,-0.53364766,1,chr9:83219889:prostate_gland:0,FN,0
-2.799091,-0.63589144,0.82369405,1.6945269,-0.07343176,0.94824606,0.506229,-0.11426546,-0.2380507,0.08448838,0,chr15:92073710:upper_lobe_of_left_lung:0,TN,0
-1.5325705,2.546141,-1.1673965,-0.22887476,-0.053971823,0.04138002,0.42008385,0.031042064,-0.18437143,-0.24033928,1,chr16:24041998:thoracic_aorta:0,FN,0
6.5428977,-0.111041605,0.4351018,0.30134103,-0.5045544,-0.044240296,-0.40126854,0.12351422,-0.26962364,0.082279995,1,chr2:86221296:transverse_colon:0,TP,1
6.371135,-0.47837594,0.472097,0.11989949,-0.3940549,-0.56443363,-0.35888922,-0.49461615,-0.28989688,0.34887367,1,chr7:22550492:upper_lobe_of_left_lung:0,TP,1
-1.4023136,0.8165536,1.8718657,1.2881628,0.43967298,0.66178715,0.5137233,-0.4954991,-0.315653,0.14347051,1,chr12:104294234:upper_lobe_of_left_lung:0,FN,0
-2.2514384,-0.70481443,0.26541516,0.46867782,-0.12005777,-0.06488338,-1.0291334,0.38589767,0.37783566,-0.0029869378,1,chr9:17531876:testis:0,FN,0
-3.3507574,-0.32141685,1.2069297,0.062455636,0.040349882,-0.014544715,0.452768,-0.2248337,-0.9571779,0.25282106,0,chr17:81513924:transverse_colon:0,TN,0
-1.4101579,-1.4115983,1.0304656,-0.8217575,2.0191188,-0.06967605,1.3942126,0.21074018,-0.45720628,0.58349603,1,chr8:28701937:tibial_artery:0,FN,0
-3.5193932,-2.1001537,-0.031274848,0.9926323,-0.9035211,-0.14135733,0.10395544,0.10577598,0.9471175,-0.29583573,0,chr10:57850111:body_of_pancreas:0,TN,0
1.280009,0.5157404,-1.6698858,0.56068134,-0.005141758,0.020451585,0.55658275,1.4847931,1.5374954,0.054389104,1,chr2:92401043:gastrocnemius_medialis:0,TP,1
-2.6693003,-1.508413,-1.0377649,-2.055946,0.55656546,-0.66617584,-0.013438495,0.5076051,-0.372339,0.15173942,1,chr7:100894790:Peyers_patch:0,FN,0
-2.9396305,1.0571417,-0.7707352,0.20158577,-0.48891082,-0.49078315,-0.16129285,-0.44212407,0.19495693,-0.37045336,0,chr2:168136611:spleen:0,TN,0
-1.5831987,0.05714077,0.28701472,0.1516954,-0.46959692,0.49405956,0.24017066,0.38480762,1.030644,-0.5787947,0,chr5:138352147:Peyers_patch:0,TN,0
-1.7436206,0.9846661,-1.9628513,0.6799068,-0.057401165,-0.15663537,1.1903635,-0.56012243,0.005674074,0.7917635,1,chr7:97819413:Peyers_patch:0,FN,0
-2.4144816,-0.054322843,1.4766594,2.1824768,-0.28704262,0.5202697,0.20737134,-0.6755553,-0.7423193,0.00046527167,0,chr2:19313124:tibial_artery:0,TN,0
-2.9430118,-0.9411828,-0.7447813,0.8261265,-0.7488946,0.03381003,-0.06691827,0.3652669,-0.2542864,0.17381914,0,chr7:144362043:tibial_artery:0,TN,0
5.1865015,2.612732,1.6320465,-1.1630086,-1.2293473,1.3392237,0.33088142,1.0463517,-0.41856626,-0.15600936,0,chr11:10669815:body_of_pancreas:0,FP,1
-1.5685558,1.3936687,-1.3878201,0.9909726,0.77757424,-0.7114175,0.026453711,-0.40909222,0.281162,0.6234151,1,chr2:15431088:body_of_pancreas:0,FN,0
-1.0207527,1.378045,-1.7598355,0.6142894,0.16292024,0.15643398,0.13049655,-0.054910738,0.044947185,0.6297961,0,chr5:56888782:body_of_pancreas:0,TN,0
-3.0444922,0.3028284,-0.14378515,-0.3456948,0.5260486,-0.2883632,-0.6265423,-0.04368788,0.55354,0.15462618,0,chr10:125126834:body_of_pancreas:0,TN,0
-3.7147608,-1.1432927,0.102548,-1.5301776,0.031221772,-0.61664903,-0.096036255,-0.054883134,0.023446986,0.24017552,1,chr5:141914293:upper_lobe_of_left_lung:0,FN,0
2.0434916,1.4716872,0.1670108,0.025271976,2.0563972,-0.31015715,0.80665964,0.33867848,-0.9478966,-0.8336147,1,chr9:16133854:body_of_pancreas:0,TP,1
-1.6084342,1.1838338,-0.1508797,-0.22830947,-0.34860775,-0.422168,-0.90213674,-0.059464306,-0.09295455,-0.2065643,1,chr7:16695960:tibial_artery:0,FN,0
-1.9798635,1.4376975,-0.84630114,-0.43407047,0.45653653,1.095836,-0.41117617,0.2061099,-0.39189872,0.06437518,0,chr4:112286542:body_of_pancreas:0,TN,0
0.555045,1.049516,-0.8144508,-0.09714871,-1.1502875,-0.92104894,1.9670525,-0.81189567,0.2801963,0.30376485,1,chr9:117160276:body_of_pancreas:0,TP,1
-2.1780221,1.7640465,-0.863429,-0.19574775,1.884776,0.21796647,-0.2669088,-0.3862133,-0.2673031,-0.4369414,0,chr19:3545629:Peyers_patch:0,TN,0
6.6840487,0.10183834,0.63280964,0.09040122,-0.51236874,-0.16360378,-0.30310106,0.22634105,-0.33652905,0.03894171,1,chr7:142479143:body_of_pancreas:0,TP,1
-2.717822,0.022186892,0.59485894,-1.4359885,1.2408959,-0.987301,-0.3836202,0.39715075,0.5766884,0.67010266,1,chr17:42761347:transverse_colon:0,FN,0
-2.6181445,1.8189086,0.6488513,-0.52575105,0.2550571,-0.14360897,-0.6441729,0.026871046,-0.18339369,-0.06421172,0,chr6:32969433:esophagus_muscularis_mucosa:0,TN,0
-3.4955952,-1.7701813,-0.65000606,-0.3796565,0.4551015,0.8008459,0.16291197,-0.10379786,-0.47829932,-0.5937598,0,chr8:102782110:thoracic_aorta:0,TN,0
-4.675567,-2.8638508,-0.04052032,0.7250648,0.113280125,-0.094813876,-0.24721672,-0.27174047,-0.18936047,0.7891365,1,chr10:70551637:testis:0,FN,0
-2.3504465,1.5126777,0.8254516,-0.3338114,0.5577177,0.29825488,-0.10640977,-0.39185885,-0.2630065,-0.18891554,0,chr2:113199470:Peyers_patch:0,TN,0
-3.020257,-1.875783,-1.7061803,1.1334568,-1.0291036,0.06846291,0.8700276,0.20700237,0.31415477,-1.0013983,0,chr9:105609267:adrenal_gland:0,TN,0
6.151238,1.497601,1.6517409,0.13050294,1.9777721,-0.5660046,1.2238383,0.33612147,-0.6722253,-1.0456687,1,chr4:1752766:prostate_gland:0,TP,1
-3.0791707,-0.57056844,0.3449501,1.0733517,-0.9594513,-0.58887327,-0.64656806,-0.40546605,0.86756843,0.3106108,0,chr6:106223515:prostate_gland:0,TN,0
3.1883032,1.1410162,-1.0589631,0.55878574,-0.29239625,-0.18795685,0.7328674,2.6109784,0.84223926,0.86555797,1,chr8:44636977:suprapubic_skin:0,TP,1
3.071836,3.6502032,-0.0734538,0.11939117,-0.61010647,-0.36663568,1.1635283,0.7456305,-0.42232582,0.26829243,1,chr19:52748468:adrenal_gland:0,TP,1
-3.0775561,1.3269316,0.7778855,0.2766948,0.49685326,0.16570698,-0.6105828,-0.20911711,-0.34219745,-0.2653828,0,chr4:82739688:prostate_gland:0,TN,0
5.174411,-0.64981943,-0.021635866,-0.44338998,-0.10951517,0.96564424,-0.6866665,0.2196871,-0.14326301,0.15883659,1,chr9:129443002:body_of_pancreas:0,TP,1
6.664995,-0.19422686,0.3570304,0.21528257,-0.039623093,-0.5658477,-0.354517,-0.33028904,-0.3994974,-0.09462845,1,chr3:75785609:body_of_pancreas:0,TP,1
3.1883044,1.1410156,-1.0589623,0.5587848,-0.2923958,-0.18795583,0.7328681,2.6109784,0.8422389,0.8655581,1,chr8:44636977:stomach:0,TP,1
4.7137256,-1.6168468,-0.7408614,0.19830672,-0.16609573,0.38499194,-0.7996992,-0.61771125,0.2723625,0.7474465,1,chr14:73509873:prostate_gland:0,TP,1
-0.32281134,-2.6960418,-0.37662867,-0.34514996,0.85440314,0.5396067,0.8816716,0.21972883,-0.24166402,-0.06430859,0,chr2:240690614:transverse_colon:0,FP,1
-3.8705978,-1.9714775,0.27144802,1.7801385,-0.6389462,0.72822803,-0.07089774,-0.5585922,-1.0164076,0.57204807,0,chr8:128173749:body_of_pancreas:0,TN,0
-0.60158646,0.49215353,0.011010713,-1.682315,-0.69198185,-0.6289263,0.058698773,-0.25819597,0.3070329,-0.44439575,0,chr6:125956733:tibial_artery:0,TN,0
0.17870878,2.7772295,0.22523035,-1.7055767,-1.0909519,1.3521538,-0.6603167,0.11416179,-0.36436644,-0.5336482,1,chr9:83219889:thoracic_aorta:0,FN,0
-1.5307094,2.7103572,0.0832781,-0.6444129,-0.8821707,-0.18619716,0.33464357,-0.37481,-0.45455256,-0.5876508,1,chr16:4548780:Peyers_patch:0,FN,0
-1.9621037,-0.5249898,-0.34528187,0.2219858,-0.7018291,0.8446844,0.077155285,-0.11196549,0.53832126,0.16460288,1,chr1:108214824:body_of_pancreas:0,FN,0
-1.1652732,0.13612713,-0.093769625,0.13128518,-0.26184627,-0.5922656,1.1504188,-0.123558626,0.66282743,-1.0577247,0,chr1:41432909:suprapubic_skin:0,TN,0
-3.5092664,-0.74132437,-0.1796389,0.6544401,-0.82966936,-0.3134467,-0.082670294,0.13504654,-0.29564902,0.30684003,1,chr5:158014121:body_of_pancreas:0,FN,0
-2.2834961,-2.183371,0.16795594,-0.24385189,0.5641586,0.66408163,0.077158615,0.64860356,0.6048169,-0.6126277,1,chr6:169655219:body_of_pancreas:0,FN,0
-2.4816098,-0.66692734,0.4346223,-1.6362133,-1.0826988,-0.32258514,0.53542817,-0.20948917,0.08603289,-0.32692894,1,chr11:1652791:adrenal_gland:0,FN,0
5.3570023,-0.34684515,-0.7809176,0.6257466,0.62499017,0.08159479,-0.26394373,-0.74284494,-0.07202864,0.8100982,1,chr10:102568961:prostate_gland:0,TP,1
4.7802744,-1.650543,-0.5435814,0.20016302,0.74034464,-0.34749782,-0.29307133,-0.7139349,-0.0962321,-0.26957294,1,chr9:61668518:omental_fat_pad:0,TP,1
0.17870878,2.7772295,0.22523035,-1.7055767,-1.0909519,1.3521538,-0.6603167,0.11416179,-0.36436644,-0.5336482,1,chr9:83219889:tibial_artery:0,FN,0
4.5152144,-1.143722,-0.38822636,-0.35701972,-0.32794043,0.6656101,0.025883818,-0.652192,-0.051521655,0.3653469,1,chr10:38653055:upper_lobe_of_left_lung:0,TP,1
-1.3898187,-0.48633206,-1.8783396,0.100322776,-0.26119816,1.0861081,0.12251678,-0.24321468,0.7104132,0.18446644,0,chr18:73841942:prostate_gland:0,TN,0
-2.4816115,-0.66692674,0.4346235,-1.6362114,-1.0826979,-0.32258564,0.53542864,-0.20948759,0.08603322,-0.32692817,1,chr11:1652791:suprapubic_skin:0,FN,0
-0.63447374,1.3554747,-1.4999706,0.10751349,0.27319103,1.7368542,-0.8511073,0.16882634,0.10054758,0.2653321,0,chr10:4901325:body_of_pancreas:0,TN,0
3.9600842,-2.1951566,0.04619171,-1.6013982,0.275017,0.7283699,-0.33548126,-0.19601761,0.2175079,0.19564599,0,chr18:75856:esophagus_muscularis_mucosa:0,FP,1
5.2258325,1.4724935,0.89172053,-1.0929096,-1.4290394,1.3400828,0.040239498,0.6410794,-0.2708433,0.7914916,1,chr6:43386692:upper_lobe_of_left_lung:0,TP,1
-2.8508983,0.790638,1.3826354,-0.21798652,0.09754474,0.24205329,0.16018134,-0.13639809,0.77056944,-0.16374935,0,chr17:3935331:transverse_colon:0,TN,0
1.1835582,1.9615538,-1.2324497,0.5521027,0.6905671,-0.10883145,1.0910115,2.051158,0.7511615,0.6915147,0,chr2:93976867:body_of_pancreas:0,TN,0
-1.875386,1.4388961,-1.207938,0.62307584,0.5298411,-0.51478505,-0.22587995,-0.52016723,0.82896334,-0.26660222,0,chr11:115694609:testis:0,TN,0
-2.8296235,1.535344,1.3825766,0.93349296,-0.17770861,-0.4320354,-0.6452727,-0.27803442,0.17551142,-0.07962125,1,chr6:32622553:Peyers_patch:0,FN,0
0.34854576,-0.69379395,-0.69869924,-0.16998255,-0.54003066,-0.21584427,-0.09666739,-0.41461578,0.5104278,-0.14899677,1,chr5:173860759:body_of_pancreas:0,TP,1
3.5475848,-0.867231,-1.1496786,-0.013322088,-0.48871934,0.80232334,-0.05027247,-0.15513694,0.82261837,1.0782646,0,chr10:94939686:transverse_colon:0,FP,1
-1.7016255,2.6741567,0.066551104,-0.8680833,-0.14071034,-0.40723673,-1.144196,-0.31703225,-0.20630068,-0.66735554,0,chr2:240232939:esophagus_squamous_epithelium:0,TN,0
5.9357677,-0.32051674,-0.028794978,0.5239917,0.74373525,-0.72660094,-0.18131207,0.017244456,0.13379182,-0.6083428,1,chr19:1037766:tibial_nerve:0,TP,1
-2.102813,-0.26192638,1.6937122,1.6586822,0.7970378,0.742022,0.30960125,-0.17198467,-0.5602597,-0.20093793,1,chr6:131199853:suprapubic_skin:0,FN,0
-1.6522121,0.0657595,1.0261921,1.6762,-0.14511856,-0.17935793,0.31046957,0.39818275,-0.11866088,-0.49429408,1,chr6:137697537:prostate_gland:0,FN,0
-3.6947587,-1.1915042,0.6100427,0.77742535,-0.6263695,-0.2281051,-0.43622488,0.33274415,0.36083874,0.52060825,0,chr8:103073701:transverse_colon:0,TN,0
1.5456591,0.053261835,-1.3416806,0.38002476,-0.61090624,-0.5095198,2.135401,-0.37237847,1.1449672,-0.58191115,1,chr20:41572206:adrenal_gland:0,TP,1
-0.7653284,-0.19639653,-1.4482338,-1.2127025,0.25443742,0.860512,0.18104033,-0.7378923,-0.007155853,0.53584486,0,chr19:1929478:omental_fat_pad:0,TN,0
2.4101691,0.24627289,-1.5036991,1.0066358,1.1449302,-0.22951081,-0.2005684,1.5440843,1.2053047,0.5264925,1,chr9:43171156:tibial_artery:0,TP,1
-2.5809915,1.948865,0.5632454,0.84650457,-0.3744423,0.5278287,-0.40799993,-0.23192683,-0.77291954,-0.20229292,0,chr7:67041098:prostate_gland:0,TN,0
-2.7056108,-0.94140416,0.8133011,0.022713095,0.4149951,0.1294569,0.7963608,-0.14699754,-0.7348738,0.10207964,0,chr9:92716650:spleen:0,TN,0
-1.0580176,1.6799493,-1.2328628,-0.7237206,0.39139685,0.6007183,0.30479002,-0.42234603,-0.6216086,-0.0073977527,0,chr10:14074116:thoracic_aorta:0,TN,0
-2.0507727,2.8343,-0.25563395,0.065653436,-0.025843594,-0.4044009,-1.3780994,-0.5335356,-0.03477138,-0.4452099,0,chr13:108155918:esophagus_squamous_epithelium:0,TN,0
-2.8556755,0.33144322,-0.5647942,0.056541383,0.6371576,0.16614181,0.6536693,0.008551716,-0.03389213,0.43436277,0,chr19:510314:spleen:0,TN,0
5.383939,-0.4768804,-0.24106766,0.3105705,0.0077459416,-0.78463906,-0.20555352,0.658446,-0.29544112,0.08738954,1,chr14:30690707:esophagus_squamous_epithelium:0,TP,1
-2.055664,2.5404718,-0.32363212,-0.19385208,0.25437102,-0.19443093,-0.86455685,-0.10568173,-0.48302326,-0.23986174,1,chr8:41651698:upper_lobe_of_left_lung:0,FN,0
-3.2048793,-0.12847085,0.66530377,-0.5797068,0.586998,0.27675,0.13045204,-0.123379916,-0.5350334,0.29752454,0,chr14:52951620:sigmoid_colon:0,TN,0
-1.6859778,0.7692511,0.21150279,-0.5865116,0.024383148,0.5024363,0.3029465,-0.094246976,-0.4943011,-0.08179725,1,chr11:1303541:transverse_colon:0,FN,0
-5.6107163,-2.644435,-2.4481454,-0.28509724,-0.5341608,-0.17342165,-1.182516,0.4216457,-0.565106,0.48285678,0,chr1:180153849:body_of_pancreas:0,TN,0
-3.2743478,0.20605741,1.199402,-0.15230785,0.277036,-0.51583433,0.20356567,-0.084702864,-0.5603709,0.49281195,1,chr2:241734688:tibial_nerve:0,FN,0
-1.5473285,-1.5797603,-0.023975968,-1.8869973,-0.37855843,0.28519574,-0.19474846,0.37488687,-0.40991056,-0.6038703,1,chr1:16741091:tibial_nerve:0,FN,0
-3.4782627,-1.9244496,-0.12577683,0.065313324,0.86743784,-0.23972891,-0.37265584,0.049503706,-0.3339636,0.99424165,1,chr1:36097556:thoracic_aorta:0,FN,0
-4.304642,-0.5798831,-0.64553714,-0.22858092,-1.051399,-0.9033647,-0.83454865,0.35038114,0.09514704,0.03353757,0,chr15:82365725:thoracic_aorta:0,TN,0
-2.3720312,1.4823227,-1.0760884,0.49387345,-0.19906022,0.80145395,-0.73720795,0.12652826,-0.07131199,-0.5776388,0,chr9:69878042:gastrocnemius_medialis:0,TN,0
3.7628887,-0.10592952,-0.94108796,0.026233539,-0.88462305,0.7314465,-0.254999,-1.0662771,-0.11674082,1.6115788,1,chr7:73725711:upper_lobe_of_left_lung:0,TP,1
-2.160726,-0.80903506,-0.41860634,-1.1974739,0.6442139,-1.5007347,0.87005866,-0.051415034,-0.70388335,0.41667235,0,chr10:124389232:spleen:0,TN,0
0.5112389,0.47278014,-0.7747782,0.7809836,-0.24299763,-0.1498536,0.46184576,-0.7934189,0.9648916,0.10805262,0,chr2:203811449:transverse_colon:0,FP,1
0.8358684,1.3517702,-0.23394197,-1.0513177,-1.8452817,0.2265313,0.79371876,-0.26723415,0.13616168,-0.5040561,0,chr19:51473170:spleen:0,FP,1
6.2461877,-0.28714073,0.15731323,0.6796855,0.029824508,-0.48610216,-0.54981744,-0.45342052,-0.0797745,0.36796784,1,chr2:67906567:spleen:0,TP,1
-3.081451,-1.2845216,0.7360586,0.68732,0.015931563,-0.14408132,-0.1256555,0.36760154,0.45511407,0.57824373,0,chr5:136058064:esophagus_muscularis_mucosa:0,TN,0
3.906616,-1.0648602,-0.65090686,0.80652237,1.8293012,-0.061721493,-0.22292551,-0.43580967,0.5697747,-0.78430927,1,chr2:239532360:body_of_pancreas:0,TP,1
1.7153772,-0.30800194,-1.9323492,-0.30613628,-0.9733644,0.6758101,-0.14925945,-1.0356002,0.23003241,-0.61896247,1,chr8:30230823:body_of_pancreas:0,TP,1
-2.5566757,-0.94415915,1.0953882,1.7713723,-0.04935714,0.5323481,0.2592189,-0.22963011,-0.5453468,-0.22007202,0,chr21:39504322:body_of_pancreas:0,TN,0
0.32523638,1.9045529,-1.1355653,0.16545585,0.16521287,1.0208762,0.042974047,0.33420393,-0.15114999,-0.10037148,0,chr11:68924672:thoracic_aorta:0,TN,0
-4.1357417,-1.0238192,-0.42389658,0.35275063,-1.0559647,-0.27954993,-0.32929206,0.31358537,-0.45510045,0.4210065,1,chr1:48109545:transverse_colon:0,FN,0
-3.377636,0.16760467,-1.0100116,0.39144373,0.1443313,0.48502564,0.37501535,-0.41419503,-0.9183082,-0.4161207,0,chr20:40962875:transverse_colon:0,TN,0
-3.5253549,-1.8474325,0.24033551,0.63180804,0.64031833,0.07574249,-0.02891005,0.04840662,-0.4838081,0.94575816,0,chr17:27495197:thoracic_aorta:0,TN,0
-3.534127,-0.82846403,-0.05022803,-1.1509631,-1.092194,-0.3906385,-0.15369223,0.005197024,0.02997572,0.21655485,0,chr1:200035394:body_of_pancreas:0,TN,0
-1.851271,0.58799994,2.0346286,2.301048,0.1544983,0.5061443,0.1525487,-0.4411003,-0.83852166,0.1583813,0,chr3:171000206:Peyers_patch:0,TN,0
-1.9536396,1.9118567,-1.6805743,-0.31445596,0.30090272,0.6078978,-0.096449584,-0.49277052,-0.4641754,0.51905817,0,chr19:18104350:thoracic_aorta:0,TN,0
-3.41379,-0.57438296,-0.15268558,-1.3029357,-0.34055138,-1.2603625,0.24168755,-0.18935397,-0.2962305,-0.046862017,0,chr17:47189065:Peyers_patch:0,TN,0
6.6560125,0.19078955,0.215341,0.69071203,-0.27128804,-1.0877428,-0.0210669,-0.019522954,-0.30808276,0.16027594,1,chr17:23044492:testis:0,TP,1
-4.0783033,-1.7089125,-0.7052081,0.55837697,-0.70160925,-0.23015238,-0.7337766,0.7116737,0.43903112,-0.36475497,0,chr1:100455633:tibial_artery:0,TN,0
-1.6787862,0.0037342645,2.0366187,2.3814611,-0.054711442,0.4146568,-0.04739145,-0.3200207,-0.7881331,0.5278441,0,chr17:80671737:Peyers_patch:0,TN,0
6.3376412,-0.015696133,0.62428665,-0.2506966,-0.683789,0.27584946,-0.15446301,0.18230022,-0.22760884,0.50744236,1,chr17:43360096:Peyers_patch:0,TP,1
-1.620328,3.0099406,-0.45260337,0.20178328,0.2549682,-0.052119788,-1.1868277,-0.38316622,-0.1210031,-0.36802775,0,chr6:106445359:upper_lobe_of_left_lung:0,TN,0
4.032107,-0.34393346,-0.22188886,-0.33722508,-0.30252793,1.3644681,-0.65884465,1.0275513,-0.12406205,-0.018394152,1,chr10:96641123:Peyers_patch:0,TP,1
-4.0973506,-1.5523695,-0.15745832,0.62395614,-0.7175908,-0.034517683,0.54400337,-0.2698533,0.3838172,-0.03545518,0,chr7:106542629:suprapubic_skin:0,TN,0
6.7984653,0.64998037,0.93114996,0.018941646,-0.24601714,0.092532866,-0.15664122,0.44098756,-0.12248739,0.09184675,1,chr22:24006049:thoracic_aorta:0,TP,1
-3.1516752,-0.12628646,0.8707447,1.1108965,-0.2662583,0.14103973,-0.17596157,-0.13521525,0.67180014,0.0742415,0,chr9:4156303:body_of_pancreas:0,TN,0
-1.2766902,1.5838948,-0.87568134,0.43247226,0.40152425,0.38630065,0.8052221,0.1970002,-0.8097294,0.016011095,0,chr9:6680593:body_of_pancreas:0,TN,0
-3.024745,-1.0150723,0.4336083,1.2466547,0.35379222,-0.5244723,-0.008718869,-0.099276416,-0.2231475,0.22237101,1,chr9:127348292:upper_lobe_of_left_lung:0,FN,0
-4.1369066,-0.8120518,-0.45303717,0.350366,-0.717815,0.115316,-0.8070962,0.11217048,0.39095688,0.29122785,0,chr14:58829528:transverse_colon:0,TN,0
2.3982096,-0.7041434,-1.0161837,0.3057107,1.510741,-0.5733533,0.41572678,0.60243136,0.22662981,-1.1316526,0,chr19:18388969:transverse_colon:0,FP,1
-2.9224904,-0.76769227,1.2689285,1.217049,-0.31384423,-0.21597363,-0.5910537,0.0054558767,1.3666009,0.10096376,1,chr17:15574102:esophagus_squamous_epithelium:0,FN,0
6.1772027,-0.63483644,-0.024337973,0.48153552,-0.16339067,-0.51074135,-0.5850305,-0.30529273,-0.29247758,0.38366136,1,chr6:31374359:body_of_pancreas:0,TP,1
-3.8146007,-1.1997492,0.8849503,1.1869998,-0.6223233,-0.11625408,-0.42462406,-0.07354882,0.61225325,0.13169456,0,chr9:83583147:adrenal_gland:0,TN,0
6.6258674,0.016264452,0.34037247,0.55257314,0.3068926,-0.7322628,-0.60708636,-0.0483653,-0.27145666,-0.2875272,1,chr12:8390645:prostate_gland:0,TP,1
-2.0948164,-0.07480345,1.6851758,1.3455714,0.23762572,-0.09666682,-0.16849062,0.1540792,0.60177565,0.34808764,0,chr11:17813808:body_of_pancreas:0,TN,0
2.4286127,1.9882951,1.385298,-1.7409269,-1.0167079,0.713748,0.6127558,0.66965884,-0.6889995,-0.4046772,0,chr11:47426945:upper_lobe_of_left_lung:0,FP,1
-2.3386173,2.1163816,-1.2010405,0.62068003,0.4542181,-0.26686776,-0.5598612,-0.09262703,-0.16091509,0.34758696,0,chr16:4254564:esophagus_squamous_epithelium:0,TN,0
-1.2056966,-0.04038674,0.061542302,-0.63738066,0.38089892,0.07596063,0.40682626,0.667108,-0.278173,-0.13402596,1,chr2:109423970:Peyers_patch:0,FN,0
6.371135,-0.47837594,0.472097,0.11989949,-0.3940549,-0.56443363,-0.35888922,-0.49461615,-0.28989688,0.34887367,1,chr7:22550492:transverse_colon:0,TP,1
-1.9966276,-0.05345269,-1.9847726,0.8397658,-0.69455445,-0.051048193,0.50870854,0.55482805,0.6513203,-0.40802592,0,chr1:86401813:body_of_pancreas:0,TN,0
-1.2455766,0.6470337,-1.160039,0.7302768,0.51932275,0.20060828,0.048266046,0.13371019,1.2659904,-0.4790379,0,chr14:93139367:esophagus_muscularis_mucosa:0,TN,0
1.0804805,-2.0939038,0.028122513,-1.8478036,1.1572392,0.024550624,0.24398771,0.005941592,-0.2168081,0.03045628,0,chr7:135170966:transverse_colon:0,FP,1
-3.1867135,-2.0276244,-0.13765113,-1.5375587,1.1207678,-1.127002,-0.0806499,0.27979013,0.10482853,0.6448957,0,chr14:54902267:thoracic_aorta:0,TN,0
-3.2356064,-0.00029920216,0.63833976,-0.63843566,0.24951726,-0.21273667,-0.25401568,0.45052782,-0.5422501,0.016091734,0,chr21:41069108:esophagus_squamous_epithelium:0,TN,0
-1.693248,0.12379653,1.2826319,-0.5729972,0.38505453,-0.37012246,0.40956005,-0.21535477,0.5400899,-0.33286318,0,chr14:101235442:suprapubic_skin:0,TN,0
-3.0791707,-0.57056844,0.3449501,1.0733517,-0.9594513,-0.58887327,-0.64656806,-0.40546605,0.86756843,0.3106108,1,chr6:106223515:body_of_pancreas:0,FN,0
-0.9610702,-1.8705015,0.48083586,-1.1005073,1.0342952,0.37633082,0.8980922,-0.10331934,0.6316418,0.42193523,0,chr20:381900:prostate_gland:0,TN,0
5.4734263,-0.6773497,-0.0024177337,0.1691205,-0.63160145,0.09601172,-0.19545063,-0.28774494,0.37404594,-0.22069773,1,chr10:26574003:thoracic_aorta:0,TP,1
-3.5580735,0.22312678,0.04989223,-0.62486535,-0.1568958,-0.78797024,-0.7534554,0.18630618,-0.07304153,0.3687641,1,chr1:26921783:thoracic_aorta:0,FN,0
6.412731,-0.011112136,0.06743202,0.36835706,-0.511217,-0.95927846,0.26370156,-0.05179241,-0.1783405,0.24444138,1,chr17:22856764:stomach:0,TP,1
4.032107,-0.34393346,-0.22188886,-0.33722508,-0.30252793,1.3644681,-0.65884465,1.0275513,-0.12406205,-0.018394152,1,chr10:96641123:thoracic_aorta:0,TP,1
3.1883032,1.1410162,-1.0589631,0.55878574,-0.29239625,-0.18795685,0.7328674,2.6109784,0.84223926,0.86555797,1,chr8:44636977:tibial_artery:0,TP,1
4.180449,-1.5153768,0.040558763,-1.4286044,-0.10489454,0.529148,-0.03784327,0.021070367,0.034786098,0.31534466,0,chr5:138352584:stomach:0,FP,1
-0.7283188,2.3411925,-0.69084835,0.68151027,1.5336579,0.59341323,-0.34299538,0.14213905,0.75855434,0.17190701,0,chr22:36123792:tibial_artery:0,TN,0
-2.9628954,-2.4555602,-0.8681153,0.49029902,0.14669715,0.79085964,0.09119199,0.27767652,0.4075283,-0.3281485,0,chr20:57435558:prostate_gland:0,TN,0
-2.4857836,-2.1220715,-1.0116541,-0.20603627,0.3489572,-0.113312416,0.51861584,0.20823312,-0.1880248,-0.49574023,0,chr19:38711140:thoracic_aorta:0,TN,0
-1.3084106,0.015270833,1.2508187,1.7280533,0.19700682,1.0392168,0.17972994,-0.0534125,-0.00044820076,-0.24483076,1,chr17:47681054:body_of_pancreas:0,FN,0
-2.294669,-0.9259803,0.09137356,-0.50556105,0.56312066,0.13210773,-0.5384461,0.63063437,-0.15542144,-0.34136158,1,chr3:187162343:omental_fat_pad:0,FN,0
5.5080504,0.39212155,0.03238009,1.0370711,-0.24658924,-0.3656597,0.62980175,-0.4034066,0.06136088,0.54323894,1,chr1:217479610:body_of_pancreas:0,TP,1
5.9173555,-0.7270343,0.06730195,0.18746442,0.36245152,-0.97110623,-0.31517825,-0.24221505,-0.27583724,-0.5216594,1,chr7:100966122:prostate_gland:0,TP,1
-2.1299963,-0.16416763,-0.7148356,0.8735954,-0.50038815,0.64681333,0.37585843,-0.013916814,0.3671272,-0.46641898,0,chr14:52679600:body_of_pancreas:0,TN,0
-0.83897156,-0.41624382,0.26212457,-0.12769704,1.6790941,1.1095736,0.38927472,-0.5390851,-0.87457675,-0.6154896,0,chr17:1967091:body_of_pancreas:0,TN,0
-1.9810218,1.1355903,-0.776946,-0.78475547,-0.1301344,0.367658,-0.63878787,0.35368553,-0.65550053,-0.6273205,0,chr7:22853784:spleen:0,TN,0
-3.7814832,-1.4081988,0.21191052,1.3164929,-0.58393973,-0.27967936,-1.1513212,0.15756242,0.15528417,0.61721903,0,chr1:193190428:prostate_gland:0,TN,0
-3.4758196,-0.7433124,0.6092802,0.8635606,-0.09847712,0.28118125,0.14208582,-0.033158023,-0.7410203,0.5608773,1,chr10:12781382:tibial_artery:0,FN,0
6.5428977,-0.111041605,0.4351018,0.30134103,-0.5045544,-0.044240296,-0.40126854,0.12351422,-0.26962364,0.082279995,1,chr2:86221296:body_of_pancreas:0,TP,1
-3.3336768,-0.9061792,1.0081278,-0.8584534,-0.07459693,-0.5988292,0.6376642,0.3164104,0.47934443,0.1546712,0,chr22:50190316:esophagus_squamous_epithelium:0,TN,0
-0.2736471,0.6993736,-0.31585062,-1.4188992,-1.1516211,1.1779113,-0.19548383,0.41376957,-0.064709954,-0.7858333,1,chr17:58391751:body_of_pancreas:0,FN,0
-3.9063864,-0.28675795,0.61191535,-0.6146087,-0.4249545,-0.8427097,-0.8736019,0.13157253,0.1663792,0.42345673,1,chr9:97633155:gastrocnemius_medialis:0,FN,0
-2.4881463,-0.45745677,0.8079864,-1.2421324,1.2872027,-0.5708202,0.111854024,0.3013973,0.184533,0.24416271,0,chr9:7799605:upper_lobe_of_left_lung:0,TN,0
-3.118353,-0.2589294,1.2451637,0.3194345,-0.068217754,-0.27167737,-0.024941519,0.36370388,-0.064065956,0.067058295,0,chr6:116616178:body_of_pancreas:0,TN,0
1.4626923,2.492617,-0.54720265,-0.9048585,-0.9906528,0.23871979,1.81586,-0.77747965,-0.3401652,0.47227237,1,chr19:45427778:transverse_colon:0,TP,1
-2.3950248,1.7626915,-2.0006058,0.64387816,0.9599822,-0.02210389,0.163473,-0.58005327,0.080339275,0.44599697,0,chr12:108853906:thoracic_aorta:0,TN,0
-2.7968051,0.22949678,0.4551438,-1.5597256,0.7100539,0.25275138,0.17230682,0.25672615,-0.783626,0.4529994,0,chr11:130069518:sigmoid_colon:0,TN,0
-2.2514384,-0.70481443,0.26541516,0.46867782,-0.12005777,-0.06488338,-1.0291334,0.38589767,0.37783566,-0.0029869378,1,chr9:17531876:spleen:0,FN,0
-3.39351,0.60664344,0.6089293,0.18282223,-0.9624905,-1.034032,-0.49284968,0.18356912,0.1793873,-0.08223817,0,chr8:24977691:upper_lobe_of_left_lung:0,TN,0
3.044681,-0.5821769,0.17272526,-1.8329,0.1911428,2.1782975,-0.48704374,-0.102650546,-0.22717775,-0.13641119,1,chr5:179213127:sigmoid_colon:0,TP,1
-2.6061609,0.2508943,1.349554,0.8316628,-0.044346537,-0.1498638,0.08114105,-0.30086815,-0.23946124,0.024693575,0,chr11:8624689:body_of_pancreas:0,TN,0
-2.910152,1.3949199,0.27176628,0.06200109,-0.5084841,-0.51296985,0.26934868,-0.09222281,0.34170014,-0.12368855,0,chr5:98768430:transverse_colon:0,TN,0
-2.7908885,0.47935262,-0.35317788,0.11190168,-0.5971019,-0.059215963,0.5003158,-0.54274565,-0.33411536,-0.21171837,0,chr14:54488111:body_of_pancreas:0,TN,0
-3.2661433,-1.0500318,0.77619916,1.0554072,-0.35392094,-0.37597096,-0.3109106,0.4156932,0.800978,0.6961116,0,chr1:70707294:body_of_pancreas:0,TN,0
-2.1335216,1.0902735,-2.576786,0.5074353,1.0890689,-0.10488596,0.76461035,-0.74624515,-0.16469797,1.2600367,0,chr12:111698778:body_of_pancreas:0,TN,0
-2.469449,0.96497387,2.0231607,0.48321593,1.2372466,0.13167162,0.037074316,-0.44721168,0.37231585,0.22495586,1,chr20:62355987:body_of_pancreas:0,FN,0
-3.2065523,-0.33969247,1.2320068,-0.22561118,0.12785283,0.0065278355,0.66775614,0.09653861,0.10786454,-0.039055463,0,chr11:77066685:Peyers_patch:0,TN,0
-3.063579,-0.6787256,0.48950636,0.28254095,0.26763442,-0.3218533,0.98995286,0.17293356,0.007753723,-0.026180582,0,chr4:7295960:sigmoid_colon:0,TN,0
0.61129457,1.4931625,-0.48968875,-0.5825228,0.2785267,-0.049409837,0.07540856,-0.51248294,0.25355318,-0.708198,1,chr14:106872713:prostate_gland:0,FN,0
-3.1075516,0.42860678,0.10091655,-0.6714326,-1.141809,-0.844847,-0.5124816,-0.060017657,0.28730488,-0.3344223,0,chr3:189961583:suprapubic_skin:0,TN,0
-2.8345952,0.310983,0.9825118,-0.06758187,0.40886405,-0.7025761,-0.65207297,0.7584719,0.34633982,0.04665122,0,chr7:100214465:transverse_colon:0,TN,0
-1.9808905,-1.6273471,-2.7080505,0.62347466,-1.2793251,0.034207117,0.6596583,0.13099635,0.4471271,-1.0104917,1,chr6:98652201:body_of_pancreas:0,FN,0
5.8753576,0.3450264,0.7812943,-0.380613,-0.98751724,0.83258873,0.22962396,-0.13675657,-0.1904314,1.259303,0,chr12:48753691:gastrocnemius_medialis:0,FP,1
-2.4816098,-0.66692734,0.4346223,-1.6362133,-1.0826988,-0.32258514,0.53542817,-0.20948917,0.08603289,-0.32692894,1,chr11:1652791:Peyers_patch:0,FN,0
-4.530206,-1.8913954,0.03734975,1.0067096,-0.8309181,-0.20410718,-0.33655605,-0.008127616,-0.18162696,0.3762169,0,chr5:50959031:thyroid_gland:0,TN,0
-2.5455892,-0.63665086,1.1649051,-1.490883,0.33907336,0.061409004,0.2373911,0.22164899,0.52350944,0.10885301,0,chr7:85186902:tibial_artery:0,TN,0
-2.3513067,1.516676,-0.2913665,1.1916753,0.008167274,-0.1821276,0.3939189,-0.87909734,-0.5293981,-0.11241109,1,chr21:39175402:spleen:0,FN,0
2.7709038,0.46366382,-0.00021116024,-0.40558517,-1.6449254,-0.46927938,1.0873827,-1.1012499,0.2687418,-0.36851144,1,chr2:196068383:sigmoid_colon:0,TP,1
2.7709038,0.46366382,-0.00021116024,-0.40558517,-1.6449254,-0.46927938,1.0873827,-1.1012499,0.2687418,-0.36851144,1,chr2:196068383:esophagus_squamous_epithelium:0,TP,1
0.10961271,2.3164065,0.34316844,-1.5481573,0.33573952,0.8258558,-0.064014085,0.22298376,-0.2286216,-0.8907119,0,chr22:18516206:Peyers_patch:0,TN,0
2.2418237,-0.27251288,-1.304044,0.0794713,-0.8874603,-0.9440308,1.261869,-0.7054593,-0.1271658,1.0875804,1,chr9:27690986:body_of_pancreas:0,TP,1
-1.5337107,0.5219745,0.7870824,0.30145293,0.7312913,-0.44383413,0.082678966,0.5329022,0.6055841,0.06959643,0,chr6:53795559:prostate_gland:0,TN,0
-3.4720275,-2.2330287,-1.0833412,-1.19403,0.7582417,-0.63817745,0.3538045,0.32943305,-0.28373736,0.66565657,0,chr2:101253125:tibial_nerve:0,TN,0
4.936293,-0.9552391,-0.6076849,0.20685641,0.30393308,-0.15544868,-0.37311655,-0.3657722,0.06757127,0.15897754,0,chr9:101449199:testis:0,FP,1
-2.778626,-1.9548628,-0.32637873,0.44026753,0.6738487,0.61804163,0.92912847,-0.4543183,-0.16654286,-0.37953395,0,chr17:17569298:sigmoid_colon:0,TN,0
-3.2088377,-0.40181714,0.64681166,-1.4246633,1.0122412,-0.7644406,0.09795972,0.19559737,-0.13023692,0.24811031,0,chr16:10942438:transverse_colon:0,TN,0
6.904042,0.118319914,0.4829873,0.5378541,-0.10061769,-1.0111066,-0.25865108,-0.49245015,-0.38271108,-0.026734523,1,chr3:75785547:sigmoid_colon:0,TP,1
5.0389867,-0.0036601506,-0.052204765,0.4815908,1.2067679,-0.13892567,-0.34106857,0.6576669,-0.17255624,-0.78632194,1,chr19:45678133:esophagus_squamous_epithelium:0,TP,1
3.9403694,0.5067761,0.0026651758,-0.15742168,0.1386362,1.449378,-0.5530859,-0.5483075,0.6438854,2.1553802,1,chr19:21484173:tibial_artery:0,TP,1
-3.5281837,-3.418161,-1.4621422,-0.37180853,-0.47927427,0.5739583,0.33077872,-0.17174098,0.2638357,-0.5077861,0,chr2:24791112:transverse_colon:0,TN,0
-2.9992793,0.08138589,0.7773736,-0.9738315,0.22614919,-0.8296649,-0.12542646,0.267689,0.27402222,0.26407564,0,chr9:35096636:testis:0,TN,0
-2.1099198,0.85895234,0.989653,0.7184205,-0.4020963,0.8796721,-0.033473045,-0.40805447,0.519355,-0.49826455,0,chr9:100323287:tibial_nerve:0,TN,0
0.56604975,1.3067545,-0.6906686,-0.14602579,-0.17960685,-0.8662331,0.33430988,-0.2464668,-0.2628676,0.3790914,0,chr19:18571531:transverse_colon:0,TN,0
6.5208035,0.6868683,0.8367796,-0.03903923,-0.05325166,0.32329732,-0.29449183,0.75659734,-0.23587878,-0.079978354,1,chr5:151298414:adrenal_gland:0,TP,1
5.79376,0.23801006,1.002711,-0.81415325,-0.6332064,0.12563895,0.28874654,0.26467854,-0.4941748,-0.08767683,1,chr19:47436804:esophagus_muscularis_mucosa:0,TP,1
-1.0366428,-0.36787647,-0.78802353,-0.5524271,1.9220554,-0.30798605,0.3980337,0.49621475,0.027436778,-0.56598973,0,chr6:160348778:body_of_pancreas:0,TN,0
-2.0003386,0.010478679,1.8584925,-0.39690298,1.3556557,0.24590813,0.4905911,-0.08341275,0.5837173,0.19160089,1,chr1:226736236:tibial_nerve:0,FN,0
-4.2766075,-0.17538951,-0.16035992,-0.24906173,-0.8117232,-1.0670644,-1.0303808,0.039827093,-0.040079538,0.181619,1,chr8:60233242:suprapubic_skin:0,FN,0
6.1772027,-0.63483644,-0.024337973,0.48153552,-0.16339067,-0.51074135,-0.5850305,-0.30529273,-0.29247758,0.38366136,1,chr6:31374359:Peyers_patch:0,TP,1
6.3076587,-0.2518817,0.45561323,-0.0025774278,-0.42895523,-0.14792034,-0.40157482,0.2550253,-0.3111333,-0.02211892,1,chr19:21569427:body_of_pancreas:0,TP,1
-4.1116514,-1.6385118,0.53731894,0.6004741,-0.0041919085,0.09827847,-0.38702977,0.2052546,-0.30878448,0.45497978,0,chr1:219347097:body_of_pancreas:0,TN,0
-3.8413484,0.25538385,-0.94498986,-0.58871907,-0.9425113,0.15556888,-0.53691685,-0.1615534,-0.57370126,-0.18272215,0,chr15:45705730:esophagus_squamous_epithelium:0,TN,0
-2.4816115,-0.66692674,0.4346235,-1.6362114,-1.0826979,-0.32258564,0.53542864,-0.20948759,0.08603322,-0.32692817,1,chr11:1652791:testis:0,FN,0
5.316351,-1.6196285,-0.12898335,-0.19090496,-0.43402997,0.34230033,-0.3580732,-0.14673313,0.12018393,-0.30901772,1,chr6:29705705:Peyers_patch:0,TP,1
-3.2039132,-1.16471,-0.30619177,0.7323562,-0.6508085,-0.55885994,-0.92336315,0.5666281,0.9509451,0.4877567,0,chr13:43905685:tibial_artery:0,TN,0
-3.547724,-1.2543104,-0.8312814,-0.055106834,-0.5165494,0.3324364,0.37688097,0.0066442643,-0.048774913,0.0531161,0,chr4:112638065:body_of_pancreas:0,TN,0
0.67841923,0.8386466,1.4188697,-1.0004586,0.08400184,1.3060027,-0.3141281,-1.2249303,2.1200209,-0.3652373,1,chr1:27556965:upper_lobe_of_left_lung:0,FN,0
6.412731,-0.011112136,0.06743202,0.36835706,-0.511217,-0.95927846,0.26370156,-0.05179241,-0.1783405,0.24444138,1,chr17:22856764:transverse_colon:0,TP,1
-3.0791707,-0.57056844,0.3449501,1.0733517,-0.9594513,-0.58887327,-0.64656806,-0.40546605,0.86756843,0.3106108,1,chr6:106223515:sigmoid_colon:0,FN,0
-2.7754555,-0.057856884,0.8584393,-1.3941149,0.51201904,-1.1380944,0.44571722,-0.04354035,0.62186533,0.36452845,0,chr22:49918386:prostate_gland:0,TN,0
4.4261856,-0.91385233,-0.5761894,0.6028973,-0.7486543,-0.5456307,-0.39315695,-0.07782539,-0.03641795,-1.4499437,0,chr2:95956474:testis:0,FP,1
-3.0440488,-0.52745444,1.3440404,0.0253657,-0.31036264,0.28066665,-0.21005827,0.22198732,0.5773021,0.15212055,0,chr15:53197580:spleen:0,TN,0
-3.0791707,-0.57056844,0.3449501,1.0733517,-0.9594513,-0.58887327,-0.64656806,-0.40546605,0.86756843,0.3106108,1,chr6:106223515:esophagus_muscularis_mucosa:0,FN,0
-3.0401905,0.3874348,1.1222407,-0.27701947,0.2482619,-0.51159275,-0.37062448,0.4724958,0.9714646,0.46528697,0,chr16:4254235:Peyers_patch:0,TN,0
-2.2184594,-0.7680439,-3.1116674,0.59882724,0.040670514,-0.114785835,0.28590927,-1.288605,0.5725175,0.29030073,0,chr12:58472112:body_of_pancreas:0,TN,0
-3.3044562,-1.2993746,0.7557581,1.88019,-0.66653717,0.007414408,-0.050634556,-0.2692632,0.3526115,0.1772982,1,chr5:22214242:adrenal_gland:0,FN,0
-0.17557143,-0.30009243,0.96862614,-0.8296121,1.7907302,-0.6154196,0.49248898,-0.014781787,1.0389555,0.13249734,0,chr9:133356489:transverse_colon:0,TN,0
-2.4816115,-0.66692674,0.4346235,-1.6362114,-1.0826979,-0.32258564,0.53542864,-0.20948759,0.08603322,-0.32692817,1,chr11:1652791:prostate_gland:0,FN,0
5.432573,0.75713974,0.50086117,-0.5184049,-0.75617945,0.7313404,0.024094211,0.08206794,-0.58687425,0.20536354,0,chr15:33226849:adrenal_gland:0,FP,1
-1.5347159,1.8645948,-1.8554035,0.52623045,0.3772826,-0.03083382,0.8098668,-0.32877597,0.27000156,0.7205841,0,chr17:37852040:body_of_pancreas:0,TN,0
-2.4275448,1.0830196,-0.18240368,-1.1048126,1.3011781,0.7451595,-0.2457039,-0.0025235242,-0.45199114,0.26015785,0,chr16:68264120:body_of_pancreas:0,TN,0
4.4377184,-1.8692024,-0.42346433,-0.5653644,0.22730277,0.5291745,-0.3299054,-0.49705213,0.17432457,0.10182653,1,chr13:20119527:thoracic_aorta:0,TP,1
-3.8147032,-1.6321639,-0.49655515,-1.4242218,0.65811056,-0.82090837,0.16929574,0.17738028,-0.35119218,0.8442818,0,chr2:11345104:tibial_artery:0,TN,0
-3.4669247,-0.3540775,0.79505026,-1.0489293,0.50013393,-0.64676315,-0.09946805,0.16775002,0.083598725,0.47753856,0,chr3:156675401:tibial_nerve:0,TN,0
0.67841923,0.8386466,1.4188697,-1.0004586,0.08400184,1.3060027,-0.3141281,-1.2249303,2.1200209,-0.3652373,1,chr1:27556965:thoracic_aorta:0,FN,0
-3.156855,-1.2662045,0.056668926,-0.5062298,-0.7860522,-0.88664496,-0.28170812,0.4513086,1.2449602,-0.17119198,1,chr8:116766330:tibial_artery:0,FN,0
1.4626923,2.492617,-0.54720265,-0.9048585,-0.9906528,0.23871979,1.81586,-0.77747965,-0.3401652,0.47227237,1,chr19:45427778:spleen:0,TP,1
-2.8228693,-0.578057,1.0547258,0.9018335,0.02500235,0.3288923,0.6779436,-0.05329088,0.41366565,0.37347916,1,chr3:56987764:esophagus_squamous_epithelium:0,FN,0
-2.843569,-0.50192404,0.5270975,0.4848161,-0.5908435,7.643548e-05,-0.32412735,-0.06467615,0.35987985,0.16803207,0,chr1:150363696:esophagus_muscularis_mucosa:0,TN,0
-3.1991243,0.49703845,-1.5771302,-0.2824501,0.41366842,0.023658274,-0.67714065,0.22941399,-0.7926667,-0.110882714,0,chr1:84753658:Peyers_patch:0,TN,0
1.2653279,-0.72283876,-0.08290305,0.10941396,1.2375818,0.36372614,0.036917463,-0.22728011,0.39509398,-0.11244393,1,chr14:77027452:gastroesophageal_sphincter:0,TP,1
2.1474314,-0.7288942,-1.4837462,0.3859528,-0.57219017,-0.26557449,-0.115844324,0.057944924,0.14670117,0.51237226,0,chr9:117607300:body_of_pancreas:0,FP,1
5.9514217,0.46913412,0.39074054,0.5765434,0.85053444,-0.46380332,-0.17785804,0.18259314,-0.1235676,-0.38145187,1,chr16:85086903:adrenal_gland:0,TP,1
1.3048294,2.1538296,-0.6737995,0.4061594,0.5243323,0.041267104,0.58827215,0.94089836,-0.2760277,0.16960634,1,chr15:40074737:body_of_pancreas:0,FN,0
-2.2004008,-0.3397557,-0.0041255783,-0.8275301,0.3011768,0.9558686,0.15111035,-0.20448656,-0.15794209,-0.4505459,0,chr17:63835031:gastroesophageal_sphincter:0,TN,0
-3.8881533,-2.0399358,0.19034044,1.2073383,-0.5693857,0.124970816,0.21517715,-0.120243885,0.32470903,0.15690508,0,chr17:64074419:body_of_pancreas:0,TN,0
-2.055664,2.5404718,-0.32363212,-0.19385208,0.25437102,-0.19443093,-0.86455685,-0.10568173,-0.48302326,-0.23986174,1,chr8:41651698:prostate_gland:0,FN,0
-3.19917,-0.007708761,1.3753046,1.3158567,-0.54023194,0.07594894,-0.010472645,-0.057923358,0.63899046,-0.06300494,0,chr21:30341086:prostate_gland:0,TN,0
5.959428,-0.7566817,0.22227572,-0.37720188,-0.23449427,0.28436816,-0.5717494,-0.15190606,-0.2946778,0.2708261,1,chr17:45585364:adrenal_gland:0,TP,1
4.032107,-0.34393346,-0.22188886,-0.33722508,-0.30252793,1.3644681,-0.65884465,1.0275513,-0.12406205,-0.018394152,1,chr10:96641123:upper_lobe_of_left_lung:0,TP,1
-1.2548976,0.12189731,-2.2823057,0.7637294,0.9031714,-0.3906411,0.1469808,-0.9871376,0.51085603,0.799852,1,chr22:20028091:body_of_pancreas:0,FN,0
-0.07594333,-0.8202393,-0.3760122,0.84936434,-1.5295345,0.23248723,0.275899,0.6397902,0.06219842,-0.88945985,0,chr11:26754057:esophagus_muscularis_mucosa:0,FP,1
-1.6818544,1.7081693,0.46020538,-1.1803918,-1.1347557,-0.2681419,-0.033234864,0.24312815,0.6698906,-0.35407242,0,chr14:20609415:Peyers_patch:0,TN,0
-1.1513753,0.45573887,-1.1255296,0.50022703,-0.14843129,-0.8304538,-0.8317313,0.52946424,-0.2911031,-0.5909419,0,chr16:76906820:body_of_pancreas:0,TN,0
-3.020257,-1.875783,-1.7061803,1.1334568,-1.0291036,0.06846291,0.8700276,0.20700237,0.31415477,-1.0013983,0,chr9:105609267:transverse_colon:0,TN,0
-0.6556385,1.8846647,1.2641532,0.76546526,1.4274539,0.81821877,-0.42155588,0.05483904,0.5777076,-0.63972193,1,chr16:21935488:upper_lobe_of_left_lung:0,FN,0
3.9600842,-2.1951566,0.04619171,-1.6013982,0.275017,0.7283699,-0.33548126,-0.19601761,0.2175079,0.19564599,1,chr18:75856:tibial_nerve:0,TP,1
-2.7348297,-0.5259211,0.7891813,1.1470059,-0.05587692,-0.111798406,-0.2807694,-0.23218621,-0.60702395,0.28193706,0,chr6:3826063:gastroesophageal_sphincter:0,TN,0
-2.6241088,-0.43541577,0.8112544,-1.1144793,0.83068836,-1.0037645,-0.03920518,0.5123346,0.59074104,0.5942011,0,chr17:82497277:gastroesophageal_sphincter:0,TN,0
-3.5556962,-0.5075791,1.1841578,0.21614602,-0.16537328,-0.12428119,0.31566378,0.0034710243,0.16558309,0.10395384,0,chr6:6008625:tibial_artery:0,TN,0
2.7709038,0.46366382,-0.00021116024,-0.40558517,-1.6449254,-0.46927938,1.0873827,-1.1012499,0.2687418,-0.36851144,1,chr2:196068383:body_of_pancreas:0,TP,1
6.3707566,-0.56304854,0.3011598,0.44575524,-0.36525708,-0.30648357,-0.14756456,-0.5187801,0.12196853,0.7374019,1,chr3:81292180:thoracic_aorta:0,TP,1
6.342216,-0.3202458,0.2527768,0.5220702,-0.080904365,-1.2090663,-0.3654673,-0.35400912,-0.35288018,-0.0922018,1,chr11:47642443:transverse_colon:0,TP,1
-3.476643,-0.17689228,0.16304104,-0.09881003,-0.3836744,-0.37447312,-0.4317355,0.23684946,0.031962745,-0.08452856,1,chr4:119212065:gastroesophageal_sphincter:0,FN,0
-2.579177,-0.055022694,1.3494852,-0.8628935,1.2225895,-1.1916728,-0.3698469,0.30997917,0.9648148,0.8447065,0,chr14:104137797:prostate_gland:0,TN,0
-1.0133326,3.4646719,-0.3957767,0.13924062,0.073094,-0.17303579,-1.1106961,-0.44743836,-0.22166206,-0.48576093,1,chr10:89030249:prostate_gland:0,FN,0
2.339692,-2.8046184,-0.41445345,-1.4677231,-0.043498866,-0.17477809,0.9499771,-0.71044385,0.16796347,0.4965908,1,chr9:63859743:body_of_pancreas:0,TP,1
-3.5112748,-1.0885786,-0.11040492,-0.8481212,1.0217454,-0.33325782,0.5409789,0.21310472,-0.68998784,0.52195615,1,chr9:112890745:body_of_pancreas:0,FN,0
-3.5340276,-0.22232504,0.47506595,-0.66315866,-0.45402753,-0.94809335,-0.1746486,0.05982152,0.6051061,0.29050773,0,chr6:26171990:tibial_artery:0,TN,0
4.032107,-0.34393188,-0.22188908,-0.33722612,-0.3025285,1.364468,-0.6588456,1.0275515,-0.1240614,-0.018395035,1,chr10:96641123:tibial_artery:0,TP,1
-1.9450207,0.9622344,0.34733918,-0.07083621,0.4795435,-0.19529308,0.010273735,0.030040631,-0.33094728,-0.03349038,1,chr1:245045785:transverse_colon:0,FN,0
-2.9277296,-0.33637616,1.70229,0.36786518,-0.06537577,0.2342996,-0.0089381635,0.31840444,0.6120335,-0.1624486,0,chr1:48498745:adrenal_gland:0,TN,0
-1.5307094,2.7103572,0.0832781,-0.6444129,-0.8821707,-0.18619716,0.33464357,-0.37481,-0.45455256,-0.5876508,1,chr16:4548780:tibial_nerve:0,FN,0
-3.3206809,0.049641345,0.67690265,-0.031023156,-0.46171188,0.26619497,-0.3902334,0.19932422,0.03807642,0.115829796,0,chr3:169149117:transverse_colon:0,TN,0
6.3085318,1.1148407,0.30355462,0.6562227,-0.12704824,-0.6558303,0.121263675,1.1782593,-0.45467743,0.832041,1,chr17:25564496:adrenal_gland:0,TP,1
0.26195723,1.6011512,-0.9773677,0.8376748,0.051792074,-0.1596874,1.0623493,-0.71993953,0.37720835,0.39470378,0,chr7:90757292:body_of_pancreas:0,TN,0
0.67842245,0.83864886,1.41887,-1.0004586,0.08400097,1.3060025,-0.31412685,-1.224931,2.120021,-0.36523712,1,chr1:27556965:Peyers_patch:0,FN,0
4.5152144,-1.143722,-0.38822636,-0.35701972,-0.32794043,0.6656101,0.025883818,-0.652192,-0.051521655,0.3653469,1,chr10:38653055:adrenal_gland:0,TP,1
-0.7982917,1.8614941,-0.29575196,0.39555392,-0.6409341,-0.36570922,1.1048504,0.32052055,0.20166668,0.11061597,0,chr8:19257625:upper_lobe_of_left_lung:0,TN,0
1.2382572,-0.65561527,-0.27464795,-0.13579564,-0.59004587,0.83849186,-0.16619556,-0.08458851,0.70972216,-0.29048416,1,chr20:53943966:upper_lobe_of_left_lung:0,TP,1
2.0817902,1.0698704,0.025755318,-0.7891765,0.049337856,1.1010764,0.7371181,0.16482358,-0.34939092,-0.55791295,0,chr2:116510398:transverse_colon:0,FP,1
-1.8974292,1.8755711,-1.0688359,-0.817994,0.78045386,0.24423353,-0.187926,-0.5743983,-0.23694366,-0.045979273,0,chr17:1724503:tibial_nerve:0,TN,0
-2.7588003,0.04444855,1.8743562,1.167587,0.54817706,0.31842697,-0.057561364,-0.11319015,-0.021389002,0.14635639,1,chr6:105318017:spleen:0,FN,0
1.1835582,1.9615538,-1.2324497,0.5521027,0.6905671,-0.10883145,1.0910115,2.051158,0.7511615,0.6915147,1,chr2:93976867:body_of_pancreas:1,FN,0
-1.1463424,2.1320636,-0.8083749,0.255594,-0.034843337,-0.09446812,0.4074262,-0.6455137,-0.2870047,0.163714,1,chr18:56389368:body_of_pancreas:0,FN,0
-1.9008062,-0.454699,0.6263136,-1.7183298,1.0691502,-1.0857288,0.4181755,0.28697783,0.22265776,0.026931308,1,chr5:178730754:omental_fat_pad:0,FN,0
2.6302657,2.0059803,1.8215208,-2.2609868,-0.69925684,1.1455345,0.25863862,0.21670389,0.21258207,0.19134621,0,chr1:6423522:thoracic_aorta:0,FP,1
-4.2297244,-1.2422326,-0.037051734,0.81562614,-1.0070478,-0.17709012,-0.32212853,0.35628697,-0.29871294,0.015991153,0,chr2:40760068:gastrocnemius_medialis:0,TN,0
0.49137515,0.22443567,-1.4150535,-0.38842785,-0.07824813,-1.4181231,0.8977397,-0.74578625,0.068467736,0.08186123,0,chr19:3627762:body_of_pancreas:0,FP,1
2.022428,-2.1791625,-0.6507667,-0.79396725,-0.7268043,1.0593157,-0.12734276,0.21832912,0.16900918,-0.38094494,1,chr5:4295869:gastrocnemius_medialis:0,TP,1
-0.46932176,-0.32207474,-1.3474715,-0.21859334,2.6773608,-0.42542112,0.075198844,-1.2267367,0.8092801,0.37354514,1,chr18:597094:Peyers_patch:0,FN,0
-0.8091837,0.08662196,1.2388381,-1.6208358,0.6621513,-0.7369659,0.3954697,0.18019766,0.966834,0.45671842,0,chr7:55019445:prostate_gland:0,TN,0
-2.244733,0.47614753,0.6359472,-1.853836,0.5928144,-0.64068234,0.09952794,0.10478298,0.09435755,0.16641605,0,chr11:11622213:tibial_artery:0,TN,0
6.354026,0.3421643,1.0573353,0.08607403,-0.8651284,-0.59021014,-0.12533857,0.46148306,-0.17164229,-0.109301716,1,chr4:98093069:body_of_pancreas:0,TP,1
-1.6522121,0.0657595,1.0261921,1.6762,-0.14511856,-0.17935793,0.31046957,0.39818275,-0.11866088,-0.49429408,1,chr6:137697537:Peyers_patch:0,FN,0
-1.9350218,-0.51548487,1.151406,0.13898133,0.14591414,0.788534,0.58831555,-0.9122786,-0.55639523,-0.04357777,0,chr13:40993520:body_of_pancreas:0,TN,0
-2.3870797,0.37430805,0.9794544,0.0346119,0.18523799,0.54461277,-0.01738934,-0.24370356,-0.46847522,-0.3667735,0,chr1:183635016:thoracic_aorta:0,TN,0
-1.6636269,1.1435195,0.73082554,1.1887971,0.016479295,0.8798711,0.6441723,-0.03956575,-1.0268059,-0.2574011,0,chr20:49608820:tibial_nerve:0,TN,0
-0.5082587,-2.8693268,-1.4953495,-0.37486976,1.2481987,-0.9137104,0.47257477,0.24931456,-0.25738785,-0.3071428,1,chr6:3259228:Peyers_patch:0,TP,1
-1.2135319,2.0386453,-1.34472,0.5046611,-0.25892845,-0.6280119,1.0258745,-0.4067235,0.36148885,-0.08600175,1,chr2:168375394:upper_lobe_of_left_lung:0,FN,0
-3.625181,-0.5598629,0.48766646,0.37807998,-0.08176004,-0.06166814,-0.19829431,0.35514438,-0.044698633,0.23926996,0,chr6:73733200:esophagus_muscularis_mucosa:0,TN,0
2.7049272,-0.026118334,-0.48143408,1.1432217,0.9839018,-0.5976687,0.12726858,-0.27320275,0.21316235,-0.4501689,1,chr12:33993:upper_lobe_of_left_lung:0,TP,1
-0.5082587,-2.8693268,-1.4953495,-0.37486976,1.2481987,-0.9137104,0.47257477,0.24931456,-0.25738785,-0.3071428,1,chr6:3259228:esophagus_squamous_epithelium:0,TP,1
0.44127417,-0.4720264,0.23158647,-1.2304007,0.27092478,1.360867,0.32387295,-0.7067064,0.2982229,0.21485515,0,chr2:10721169:upper_lobe_of_left_lung:0,FP,1
-0.19536473,0.61156684,-2.1698635,0.6713326,1.5165716,0.7522545,-0.8146597,0.14515354,0.80722296,0.95438474,0,chr20:43448755:spleen:0,TN,0
-3.5833561,-0.9525617,0.545678,1.4232574,-0.3065284,0.13947734,-0.21465671,0.15453574,-0.5958359,0.4295422,1,chr3:16550863:prostate_gland:0,FN,0
0.5937028,-2.379237,-1.0700574,-0.89600044,1.3501979,-0.10709049,0.36100882,-0.23796327,-0.18002184,-0.8993857,0,chr7:2064001:transverse_colon:0,FP,1
-2.3030705,0.9795259,0.78415525,0.8175873,0.36223504,0.7297179,-0.26591155,-0.08083399,0.2994275,0.26323685,0,chr3:195851784:upper_lobe_of_left_lung:0,TN,0
-3.4724977,-2.0654225,-0.3781454,1.3389149,-0.5683676,0.8308895,0.2945212,0.04535586,-1.1318604,-0.070500694,0,chr1:26597816:prostate_gland:0,TN,0
6.760247,0.48521045,0.43216082,0.5322903,-0.3658901,-0.9069448,0.27773726,0.44511706,-0.32251155,0.4124118,0,chr17:23378824:prostate_gland:0,FP,1
-3.3057973,0.2854608,0.956239,-0.7422712,-0.27338794,-0.35442585,-0.44650888,0.35024378,-0.29049885,-0.24222028,0,chr6:32177427:esophagus_squamous_epithelium:0,TN,0
-2.2817225,-0.28488305,0.93399143,-1.5171938,0.42505166,-0.47037768,-0.15226905,0.46402892,0.61588985,-0.19413602,0,chr3:131027020:upper_lobe_of_left_lung:0,TN,0
-1.9519209,3.213693,-0.70276797,-0.04980858,0.1262056,-0.47923714,-0.565903,-0.42523676,0.095221326,-0.024469828,0,chr10:11472145:body_of_pancreas:0,TN,0
-2.0594113,1.6204231,1.9957639,0.3189957,0.88240004,0.51741385,-0.0146350935,-0.23370817,-0.32220754,-0.098335326,0,chr3:12993182:upper_lobe_of_left_lung:0,TN,0
6.5428977,-0.111041605,0.4351018,0.30134103,-0.5045544,-0.044240296,-0.40126854,0.12351422,-0.26962364,0.082279995,1,chr2:86221296:suprapubic_skin:0,TP,1
-1.3404075,3.0047896,-0.77475554,-0.40904674,-0.21859919,-0.46683356,0.53195816,-0.60726684,-0.32313234,0.2024379,0,chr17:57857932:transverse_colon:0,TN,0
-0.07250431,-0.27472752,0.12811199,-1.0405512,-1.0579957,1.258799,-0.45471305,0.8992557,0.436068,-0.47621804,1,chr7:120989215:gastroesophageal_sphincter:0,FN,0
-2.2828238,1.503209,0.7922021,-0.9734927,-0.5765797,0.006203458,0.24194135,0.26141697,-0.15613544,-0.75572044,0,chr1:165592941:gastrocnemius_medialis:0,TN,0
-1.1990007,-2.5061865,-0.7378016,0.040796023,0.38859904,-0.04754006,0.3021196,-0.10605206,-0.45921212,-0.8280209,1,chr3:157077735:tibial_artery:0,FN,0
2.728044,-1.3863157,-1.0813218,0.43765086,1.4833894,-0.27838206,0.059412688,0.14807914,-0.053120535,-0.96772414,0,chr19:19342711:tibial_artery:0,FP,1
-2.978415,-0.010332442,1.8011416,-0.21969412,0.35441422,-0.16345817,0.41541326,0.2705853,0.20615464,0.14000103,0,chr9:77648932:prostate_gland:0,TN,0
5.515116,-0.2350076,0.29309952,0.23596954,0.77197534,-0.6879747,0.15874755,0.5712156,0.17253913,-0.61796653,1,chr7:100965858:transverse_colon:0,TP,1
-2.102813,-0.26192638,1.6937122,1.6586822,0.7970378,0.742022,0.30960125,-0.17198467,-0.5602597,-0.20093793,1,chr6:131199853:transverse_colon:0,FN,0
-4.111365,-2.0347219,-0.44815585,-1.0791111,0.590638,-0.7843307,0.14586245,0.13901319,-0.4556783,0.6902594,0,chr19:33226725:upper_lobe_of_left_lung:0,TN,0
4.107524,2.6965673,0.25682402,-0.2566023,-0.59893644,0.34508452,0.67957425,0.11083007,-0.4463412,0.7841408,1,chr11:121379397:body_of_pancreas:0,TP,1
5.158708,-1.3621672,-0.13712865,-0.34208614,-0.7465202,-0.18427275,-0.15804772,-0.2734085,-0.18818091,0.10887328,1,chr3:75723673:esophagus_squamous_epithelium:0,TP,1
-0.46458387,2.9949803,-0.6391119,-0.057647023,0.19751944,0.15430896,-0.0657529,0.0934377,-0.9141001,-0.04021591,1,chr17:74908021:esophagus_squamous_epithelium:0,FN,0
2.7557988,-1.7063832,-0.2041854,-1.2893251,0.5809392,-0.18054213,0.27530763,-0.15542834,0.4837145,-0.12201527,0,chr22:50806814:sigmoid_colon:0,FP,1
6.8625865,0.70572865,0.97313327,-0.06289573,-0.65732735,-0.068978585,0.0639698,0.34262082,-0.19967245,0.60594,1,chr7:142521135:upper_lobe_of_left_lung:0,TP,1
-2.2834978,-2.1833704,0.16795683,-0.24385141,0.5641585,0.66408134,0.07715834,0.6486049,0.60481864,-0.6126262,1,chr6:169655219:Peyers_patch:0,FN,0
-3.8146007,-1.1997492,0.8849503,1.1869998,-0.6223233,-0.11625408,-0.42462406,-0.07354882,0.61225325,0.13169456,0,chr9:83583147:body_of_pancreas:0,TN,0
6.8774276,0.046416402,0.6296816,0.23922871,-0.18503633,-0.3776452,-0.27408165,0.2150056,-0.05595541,0.185201,1,chr9:42974893:spleen:0,TP,1
6.6723332,0.91527337,1.0783056,-0.01531453,-0.69441116,-0.08249317,0.30053934,0.74510187,0.04883477,-0.27414465,1,chr9:62609408:prostate_gland:0,TP,1
2.3616664,-0.72412527,-0.16943014,0.50195944,1.9922643,-0.43226555,0.50218475,0.39943928,-0.8973173,-1.3363906,0,chr7:2525633:body_of_pancreas:0,FP,1
-0.5082598,-2.8693266,-1.4953486,-0.37486905,1.2482002,-0.9137097,0.4725736,0.2493136,-0.25738856,-0.30714318,1,chr6:3259228:prostate_gland:0,TP,1
6.540345,-0.2710499,0.2099284,0.5018001,-0.38569534,-1.0855796,-0.1217055,-0.17993109,-0.30565363,-0.06713808,1,chr17:22909996:esophagus_squamous_epithelium:0,TP,1
4.9660854,0.71255153,0.31517485,-0.3030636,-1.2530957,1.0302255,0.012705488,-0.542531,-0.111972846,1.5020248,1,chr6:46877329:body_of_pancreas:0,TP,1
4.032107,-0.34393188,-0.22188908,-0.33722612,-0.3025285,1.364468,-0.6588456,1.0275515,-0.1240614,-0.018395035,1,chr10:96641123:esophagus_muscularis_mucosa:0,TP,1
-3.971652,-0.7980604,0.15104517,-0.5061494,-1.1765213,-0.9262486,-0.4941589,0.10768455,0.577708,-0.056419156,1,chr1:84433767:esophagus_squamous_epithelium:0,FN,0
4.8788114,-1.0676874,-0.4241568,0.34469864,0.41504285,-0.609017,-0.42732775,-0.18145841,-0.031279415,-0.1676582,1,chr9:129437420:body_of_pancreas:0,TP,1
-3.675065,0.18460652,0.12523203,0.7766288,-0.289246,-0.115576655,-0.5684145,0.646762,0.34112352,-0.017449412,0,chr10:178314:tibial_artery:0,TN,0
5.2258325,1.4724963,0.89172167,-1.0929091,-1.42904,1.3400834,0.040241897,0.6410802,-0.2708434,0.79149234,1,chr6:43386692:testis:0,TP,1
-0.99181235,2.0466013,-0.817824,-0.32424602,-0.25997335,0.66934216,-0.9137331,-0.4063246,-0.14155592,-1.1418679,1,chr5:53430917:adrenal_gland:0,FN,0
-0.99838364,1.9656346,-1.455821,0.07536903,0.92090786,-0.17067583,0.35168487,0.26399928,0.07899973,0.044227537,0,chr8:94009288:transverse_colon:0,TN,0
3.4275897,0.25748175,-0.80068094,1.1990354,2.1074615,-0.24653569,-0.028391678,-0.5640582,1.3889769,-0.34491128,0,chr8:102730992:prostate_gland:0,FP,1
-2.7326722,1.0217098,1.3001255,-0.5379249,0.5418653,-0.6514925,-0.23617318,0.3029461,0.05276552,0.10800256,1,chr9:89310799:thoracic_aorta:0,FN,0
2.6763124,-0.57051766,-0.67473805,1.6498756,0.28623873,0.49099848,-0.251437,-0.043368857,0.26772165,-1.7052296,1,chr15:98081024:Peyers_patch:0,TP,1
6.595822,0.7454125,0.9662338,-0.07313614,-0.6858464,-0.80235565,0.37954414,0.19396926,-0.2987182,0.10402059,1,chr7:63016040:spleen:0,TP,1
-3.4738183,-0.8348544,1.2519825,1.193727,-0.39582524,0.031874787,-0.39426494,-0.07728389,-0.38210836,0.2290677,0,chr3:37968257:body_of_pancreas:0,TN,0
-0.43488154,-1.2283883,0.52209383,0.9843786,-0.23831484,0.32700828,-0.1264661,0.784506,-0.9930551,-0.8027766,0,chr16:1707616:transverse_colon:0,TN,0
-2.5064065,2.326016,-0.8393679,-0.28106287,-0.5374377,-0.79612684,-0.31128892,-0.5208217,-0.07266053,-0.38990632,0,chr1:201878136:tibial_artery:0,TN,0
-1.5554198,1.8971428,-0.23225515,0.9438975,0.7603019,-0.05327106,-0.2452712,-0.08708363,0.5172551,-0.11639851,0,chr10:87203579:testis:0,TN,0
5.3052163,-1.2058744,-0.44346824,0.47614554,-0.06969356,-0.15091328,-0.53504956,-0.7066218,0.58918697,0.09556529,1,chr2:53940959:prostate_gland:0,TP,1
-1.0879642,-0.2806201,-1.3028477,1.1169944,-0.7570949,0.8486476,0.23201445,-0.21798542,0.39765754,0.4892802,1,chr5:123274158:thoracic_aorta:0,FN,0
5.7432413,0.06548706,-0.43457675,0.9579522,0.9594144,-0.7832666,-0.5549342,-0.34632447,0.49499652,-0.62858295,1,chr15:77077965:transverse_colon:0,TP,1
6.6258674,0.016264452,0.34037268,0.5525726,0.30689198,-0.73226285,-0.60708594,-0.04836541,-0.2714572,-0.28752673,1,chr12:8390645:spleen:0,TP,1
6.3085318,1.1148407,0.30355462,0.6562227,-0.12704824,-0.6558303,0.121263675,1.1782593,-0.45467743,0.832041,1,chr17:25564496:esophagus_muscularis_mucosa:0,TP,1
-1.5007304,-0.7836922,1.3907039,2.2366066,0.030507099,0.86660457,0.43572935,-0.63157505,-1.0157021,0.059147757,0,chr2:242181884:body_of_pancreas:0,TN,0
6.371135,-0.47837594,0.4720972,0.119899124,-0.3940566,-0.5644332,-0.3588907,-0.494616,-0.28989735,0.3488738,1,chr7:22550492:tibial_artery:0,TP,1
0.67842245,0.83864886,1.41887,-1.0004586,0.08400097,1.3060025,-0.31412685,-1.224931,2.120021,-0.36523712,1,chr1:27556965:suprapubic_skin:0,FN,0
6.862587,0.70573014,0.9731345,-0.06289524,-0.6573283,-0.06897813,0.06397106,0.34262142,-0.19967206,0.6059406,1,chr7:142521135:tibial_artery:0,TP,1
-2.9101808,-0.03152341,-2.0645847,0.44197297,-0.97507757,-0.35690087,0.47145528,-0.34785002,0.218864,-0.20205186,0,chr11:60450347:body_of_pancreas:0,TN,0
-3.4257095,-1.114364,1.3274796,0.206851,-0.2599746,-0.26521787,0.36466563,-0.16772655,-0.2583676,0.17433807,0,chr3:11272223:esophagus_muscularis_mucosa:0,TN,0
-2.7780654,1.7811085,-0.84471416,0.048866004,0.00079504127,-0.30671325,-0.028051129,-0.42572656,-0.36360124,0.18480568,0,chr17:47831235:spleen:0,TN,0
-2.2514384,-0.70481443,0.26541516,0.46867782,-0.12005777,-0.06488338,-1.0291334,0.38589767,0.37783566,-0.0029869378,1,chr9:17531876:Peyers_patch:0,FN,0
1.4626923,2.492617,-0.54720265,-0.9048585,-0.9906528,0.23871979,1.81586,-0.77747965,-0.3401652,0.47227237,1,chr19:45427778:thoracic_aorta:0,TP,1
6.325227,-0.69844854,0.016741293,0.31036213,0.054202933,-0.48116463,-0.63077855,-0.41668054,-0.22027457,0.13010241,1,chr3:75785419:tibial_nerve:0,TP,1
-0.46023363,2.001226,-1.4027641,0.06271265,0.05340108,-0.3013421,1.1793511,-0.88860816,-0.27985054,0.806782,0,chr16:2874817:transverse_colon:0,TN,0
4.032107,-0.34393346,-0.22188886,-0.33722508,-0.30252793,1.3644681,-0.65884465,1.0275513,-0.12406205,-0.018394152,1,chr10:96641123:transverse_colon:0,TP,1
-2.0571153,-1.8569429,1.039227,-0.55713916,-0.19233365,0.84147954,1.0381411,0.02556888,0.4928555,-0.07880008,1,chr8:23472531:esophagus_squamous_epithelium:0,FN,0
-2.767398,1.830413,-0.2626219,0.051911935,-0.079492785,-0.2794764,0.11292144,0.25163904,0.204452,-0.26309446,0,chr6:26474513:lower_leg_skin:0,TN,0
-4.027288,-2.2517567,-1.3384168,-0.042788956,-0.733961,0.034171097,-0.62761563,0.4773872,0.4303051,-0.43002504,0,chr10:55926452:body_of_pancreas:0,TN,0
-2.0014596,0.6938933,0.12112212,1.1115752,1.1657956,0.3624983,0.2191437,-0.5680515,-0.7964205,0.07598714,0,chr16:67967543:body_of_pancreas:0,TN,0
6.259541,-0.43134367,-0.08167277,0.58731693,0.26283985,-0.8752112,-0.5465029,-0.16025455,-0.13971227,-0.54213995,1,chr12:52949266:body_of_pancreas:0,TP,1
5.316351,-1.6196285,-0.12898335,-0.19090496,-0.43402997,0.34230033,-0.3580732,-0.14673313,0.12018393,-0.30901772,1,chr6:29705705:prostate_gland:0,TP,1
-0.98243403,1.8440149,0.82535857,-1.6073222,-0.84177047,-0.21619597,0.1801918,-0.13308972,-0.16958824,-0.29568478,0,chr17:1187510:gastroesophageal_sphincter:0,TN,0
5.9684305,-0.086345784,0.56549746,-0.58842564,-0.046993416,0.4607495,-0.07431773,-0.27322033,0.051607482,1.117907,1,chr15:79896760:Peyers_patch:0,TP,1
4.7655797,-1.6806833,-0.09891185,-0.9347848,0.38362256,0.82211196,-0.48961177,-0.42325795,0.07863778,0.22835205,1,chr9:42852316:body_of_pancreas:0,TP,1
1.7827355,-3.0364141,-0.7308485,-1.402411,-0.169113,0.94931793,-0.1664943,-0.04723753,-0.43786848,-0.5696668,0,chr14:71188151:tibial_nerve:0,FP,1
-3.6638021,-1.0132442,1.3218849,1.1666126,0.1265371,0.22012186,-0.14426295,-0.07157622,-0.1260146,0.41917878,0,chr1:206107040:tibial_artery:0,TN,0
1.4626849,2.4926164,-0.54720396,-0.90485835,-0.9906514,0.23871925,1.815861,-0.77748096,-0.34016603,0.4722714,1,chr19:45427778:tibial_nerve:0,TP,1
-1.8920064,1.5589561,-1.0422379,-0.21846914,-0.08306861,0.2865947,-0.25721753,-0.031933803,-0.29639935,-0.35051617,0,chr19:52526944:spleen:0,TN,0
-2.2514346,-0.7048142,0.26541647,0.4686798,-0.120056696,-0.064882666,-1.0291332,0.38589758,0.3778365,-0.002986793,1,chr9:17531876:omental_fat_pad:0,FN,0
6.0532093,-0.15542188,0.30071214,0.22270127,-0.43932953,-0.2917743,0.22402665,-0.5796241,-0.022995947,-0.06727274,1,chr10:38653296:spleen:0,TP,1
5.010838,1.0771524,0.73405826,-1.0328308,-0.39407095,0.7128203,0.5683566,0.26028216,-0.16649948,0.6533524,1,chr7:105532581:prostate_gland:0,TP,1
-3.210422,1.2222823,-0.87254703,-0.096172996,0.13304459,0.64548105,-1.1629395,0.7668262,-0.4593879,-0.31487212,0,chr6:11145711:body_of_pancreas:0,TN,0
-3.034318,0.41554964,0.19665645,-0.4638871,-0.47434357,-0.77017355,0.08814017,0.44856152,-0.010457796,-0.21434666,0,chr3:14921124:thoracic_aorta:0,TN,0
4.3054013,-1.2730485,-0.73507625,-0.16889665,0.28063026,-0.004105834,0.29468563,-0.10488949,-0.5763352,-0.7299708,1,chr17:21322681:body_of_pancreas:0,TP,1
6.142165,0.14586113,0.6942018,-0.3194827,-0.43469453,0.258253,-0.09854386,0.47707766,-0.48468876,0.18241484,1,chr11:60251676:tibial_artery:0,TP,1
1.6212542,0.81877947,0.25649726,-0.74066865,1.2122315,0.48220405,0.42023432,0.8244286,-0.11271529,-0.71344465,0,chr22:43159583:transverse_colon:0,FP,1
-0.4693223,-0.3220727,-1.3474702,-0.2185933,2.6773603,-0.425422,0.075199045,-1.2267364,0.80927944,0.37354589,1,chr18:597094:body_of_pancreas:0,FN,0
-3.3758826,-0.16786574,0.8135531,-0.7250532,-0.29597485,-0.36740714,-0.4879926,-0.13771485,0.43902346,0.29356992,1,chr5:113606641:adrenal_gland:0,FN,0
5.31635,-1.6196294,-0.12898399,-0.19090457,-0.43402946,0.34230128,-0.35807368,-0.14673337,0.12018491,-0.3090184,1,chr6:29705705:gastroesophageal_sphincter:0,TP,1
-3.1143029,-0.9328301,-0.6254064,0.013019639,-0.99360865,-0.2988337,-0.27272573,0.4982183,0.52191645,0.15008305,0,chr2:25852638:Peyers_patch:0,TN,0
-3.0766988,-1.4264998,0.57564515,0.51776046,0.6332106,-0.6269723,0.3918668,0.2930788,0.1454401,0.27944836,0,chr12:124347927:gastrocnemius_medialis:0,TN,0
-2.6440449,-0.12591259,1.4198102,1.6524631,-0.029899655,0.3222869,0.3070077,-0.26030317,-1.0937315,0.42114404,0,chr13:50513189:adrenal_gland:0,TN,0
-4.7685895,-3.0814426,-0.87176305,0.554666,-1.1995465,0.023392007,-0.22333795,0.22651945,0.5256925,0.25815982,0,chr7:38222730:transverse_colon:0,TN,0
6.342216,-0.3202458,0.2527768,0.5220702,-0.080904365,-1.2090663,-0.3654673,-0.35400912,-0.35288018,-0.0922018,1,chr11:47642443:tibial_artery:0,TP,1
-2.9004555,-0.9833299,1.0506496,1.0197631,-0.057719592,-0.019645242,0.5520887,0.22597137,0.26989153,0.19052133,0,chr1:205230071:prostate_gland:0,TN,0
1.5165515,0.21666445,0.62077165,-1.0317065,1.607322,-1.1215254,1.0918052,0.07354311,-0.28173456,-0.6248581,1,chr17:49764139:tibial_artery:0,TP,1
-0.4408839,-2.0149891,0.12105252,-0.8729405,0.40970588,-0.07934399,1.3835907,0.3563411,0.68995756,-0.29315698,0,chr4:39698552:transverse_colon:0,FP,1
3.044681,-0.5821769,0.17272526,-1.8329,0.1911428,2.1782975,-0.48704374,-0.102650546,-0.22717775,-0.13641119,1,chr5:179213127:thoracic_aorta:0,TP,1
-1.7741932,1.8475621,-1.7467551,0.70886695,-0.12298029,-0.42891446,0.49996296,-0.78147376,-0.501922,0.17680624,0,chr19:122313:transverse_colon:0,TN,0
1.1105528,1.5316472,-0.7721309,0.3057641,-0.5892985,0.46966773,0.29617202,-0.31094164,0.17730731,-0.03756494,1,chr1:16742306:tibial_nerve:0,TP,1
-2.8119233,-0.15636472,0.21785626,0.108785346,-0.4358699,-0.22626126,-0.056010652,0.14650026,0.46395844,0.21784541,0,chr8:19869935:body_of_pancreas:0,TN,0
-2.4816115,-0.66692674,0.4346235,-1.6362114,-1.0826979,-0.32258564,0.53542864,-0.20948759,0.08603322,-0.32692817,1,chr11:1652791:sigmoid_colon:0,FN,0
6.1421647,0.14585958,0.69419986,-0.31948262,-0.43469435,0.25825176,-0.0985454,0.47707692,-0.48468813,0.1824137,1,chr11:60251676:adrenal_gland:0,TP,1
6.5428977,-0.111041605,0.4351018,0.30134103,-0.5045544,-0.044240296,-0.40126854,0.12351422,-0.26962364,0.082279995,1,chr2:86221296:sigmoid_colon:0,TP,1
0.10502555,-0.5389115,-0.69150215,1.4792451,0.04120868,1.1659812,0.34169614,-0.060395014,1.1814203,-0.3628418,1,chr4:24783719:body_of_pancreas:0,TP,1
-2.969383,-0.46962407,0.5711585,-0.057943933,0.2045812,-0.038360197,-0.74819094,-0.084048204,1.6306846,0.15204169,0,chr2:196337682:tibial_artery:0,TN,0
-2.9025543,0.31422824,0.014478406,-0.6531482,0.1618327,-0.9830246,0.054753616,0.1731446,0.07432148,0.9290357,0,chr15:78873098:lower_leg_skin:0,TN,0
-3.2429087,0.3513427,1.076215,-0.49488425,-0.020478552,-0.36836976,-0.17079356,-0.21396449,0.26100117,0.37191856,0,chr6:125153992:upper_lobe_of_left_lung:0,TN,0
-3.1953413,-0.1974561,0.6941064,-0.3055539,-0.23565266,-0.4339845,0.56183934,0.1359705,0.14348054,0.18528944,0,chr9:98998958:Peyers_patch:0,TN,0
-2.1952085,-0.7068819,0.22338155,0.75792325,-1.0199628,-0.4394333,1.410965,-0.4012719,0.87246203,-0.43123335,0,chr7:76356776:prostate_gland:0,TN,0
0.551464,-0.73395497,-0.56127536,0.15143068,-1.0224793,-1.809393,1.3492395,-0.5151708,0.47952834,0.31152502,0,chr2:35410573:esophagus_muscularis_mucosa:0,FP,1
4.693901,0.006282516,0.998446,-1.4091963,-0.3575358,0.20867716,0.62974155,0.2163938,0.35907224,0.562342,0,chr12:123458392:adrenal_gland:0,FP,1
-3.7086256,-0.16138394,0.9089481,-0.1400892,0.30914518,-0.9150882,-0.2633163,-0.009330339,-0.2760203,0.31355184,0,chr5:140647718:testis:0,TN,0
4.7655797,-1.6806833,-0.09891185,-0.9347848,0.38362256,0.82211196,-0.48961177,-0.42325795,0.07863778,0.22835205,1,chr9:42852316:upper_lobe_of_left_lung:0,TP,1
5.585131,0.3740688,0.5748682,-0.504512,0.10611147,0.6612687,-0.025964193,0.51707906,-0.22252704,-0.41717374,0,chr22:49062608:body_of_pancreas:0,FP,1
-4.1216674,-2.760569,-0.2840527,-0.83092093,0.54281634,-0.95851177,0.5903188,0.029062532,-0.7879632,0.7923308,1,chr9:33167269:body_of_pancreas:0,FN,0
-2.161,0.24573971,0.31420037,0.44303197,0.4172596,0.504818,-0.038008124,0.4665384,-0.51193094,0.0007206519,0,chr4:38783176:tibial_artery:0,TN,0
-3.804175,-0.22115529,-0.088504754,-0.42740375,-0.96083885,-0.1514851,-0.3142059,0.19396454,-0.18830182,-0.23070958,0,chr4:82462411:tibial_nerve:0,TN,0
-1.1129373,0.5969467,-0.49358007,-0.9007781,0.16271125,1.1263107,0.032451324,0.35466978,-0.44865686,-0.8652743,0,chr6:6722433:transverse_colon:0,TN,0
3.1883032,1.1410162,-1.0589631,0.55878574,-0.29239625,-0.18795685,0.7328674,2.6109784,0.84223926,0.86555797,1,chr8:44636977:body_of_pancreas:0,TP,1
-3.1345959,1.3952668,0.8977629,-0.1738236,-0.48211384,-0.5178674,-0.7377469,-0.050296087,0.17438117,-0.2641547,0,chr11:131064721:body_of_pancreas:0,TN,0
0.69079745,0.8122564,1.395534,-1.3523722,0.7483106,-0.33428344,0.06832748,-0.15038763,1.3273172,0.16756381,0,chr11:73761088:Peyers_patch:0,TN,0
-3.1124818,0.48964325,0.91098803,-1.1608955,0.030617338,-0.57468104,-0.25694874,-0.041271687,0.34748384,0.1517787,0,chr7:127392752:lower_leg_skin:0,TN,0
-2.102814,-0.26192835,1.6937112,1.6586809,0.79703814,0.7420216,0.30960196,-0.17198505,-0.56026065,-0.2009382,1,chr6:131199853:thoracic_aorta:0,FN,0
-1.9097052,-0.07115889,-1.2021703,0.64845216,-0.8757512,-0.29588646,0.4076123,-0.16959886,0.99318373,-0.7003802,1,chr8:60731508:adrenal_gland:0,FN,0
-2.3513067,1.516676,-0.2913665,1.1916753,0.008167274,-0.1821276,0.3939189,-0.87909734,-0.5293981,-0.11241109,0,chr21:39175402:prostate_gland:0,TN,0
0.4587617,0.91201425,-1.6957246,0.69103545,-0.3538717,-0.18996319,1.6087568,-0.7495462,0.1477215,0.658763,0,chr6:52724024:tibial_artery:0,TN,0
0.17870878,2.7772295,0.22523035,-1.7055767,-1.0909519,1.3521538,-0.6603167,0.11416179,-0.36436644,-0.5336482,1,chr9:83219889:esophagus_muscularis_mucosa:0,FN,0
-1.6109464,-0.87199503,-0.72686803,1.1806086,-1.1665182,0.07404994,1.6790847,-0.6691908,-0.77381504,0.10923087,0,chr5:76309196:transverse_colon:0,TN,0
-1.1202215,-0.7605685,1.7564226,-0.61407673,1.2954991,0.19382559,0.3997114,-0.08474351,0.15466696,-0.15768914,1,chr7:267146:Peyers_patch:0,FN,0
-2.7805352,0.21136205,-0.84580934,-0.52537644,0.64751923,0.6333524,-0.37011883,0.29179513,-0.591372,-0.5290786,0,chr8:477912:upper_lobe_of_left_lung:0,TN,0
-3.7440202,-0.11149909,-0.2716547,-1.0255326,0.05720363,-0.8476759,-0.3360638,0.19135267,-0.1407816,0.20321725,1,chr5:36690495:tibial_artery:0,FN,0
-2.5281227,0.23034793,1.4118472,1.2783643,0.00033127,0.73582727,0.21962753,-0.4634555,-0.079178974,-0.24957061,0,chr18:49448059:spleen:0,TN,0
5.9291415,-0.1846429,-0.3529808,0.67405796,0.73403436,-0.69051266,-0.70419425,-0.34049982,-0.21118177,-0.083081976,1,chr15:24767525:suprapubic_skin:0,TP,1
-1.77286,-1.1166562,-0.5567306,-0.8250298,-0.32535964,1.1086265,0.029291555,-0.036948964,0.10141801,-0.09322813,1,chr12:50133030:adrenal_gland:0,FN,0
-1.0645006,1.0463288,-1.7543381,0.54953444,-0.111729875,0.35703024,0.25903258,-0.6452952,-0.019541806,0.1630909,0,chr12:46648881:body_of_pancreas:0,TN,0
4.414157,-2.042088,-0.12738918,-1.3281057,0.39175746,0.054272555,-0.18001391,-0.42962295,-0.16378091,0.1997104,0,chr6:41786631:sigmoid_colon:0,FP,1
4.52073,-2.312753,-0.9930049,-0.09090343,-0.13725463,-0.7172739,-0.19187328,-0.2405493,-0.32039678,-0.18309674,1,chr12:121918386:body_of_pancreas:0,TP,1
-1.9166443,-1.154123,0.12977977,0.83034897,-0.533332,0.1673255,0.48056614,0.10388448,-0.017177898,0.25007614,0,chr11:115930426:upper_lobe_of_left_lung:0,TN,0
-3.3790529,-0.8026507,-0.038655456,-0.64507395,-0.19549043,0.0754478,-0.47770393,1.0146205,-0.47043085,-0.07097935,1,chr9:83219701:tibial_artery:0,FN,0
5.9514213,0.4691348,0.390741,0.5765446,0.8505354,-0.46380278,-0.17785671,0.18259373,-0.123567596,-0.38145292,1,chr16:85086903:gastroesophageal_sphincter:0,TP,1
-2.1497736,1.1508623,1.2214187,0.13867666,0.67079353,0.7404579,-0.12562442,-0.3333253,0.3955133,-0.045806404,0,chr14:69574943:adrenal_gland:0,TN,0
-2.096111,-0.64883274,-1.0702718,-0.053125914,-0.7152814,-0.15293224,0.17022313,0.2788441,-0.022332098,-0.22727856,0,chr10:84363834:omental_fat_pad:0,TN,0
-4.0047326,-0.9053856,0.31863055,-0.107780874,0.082642235,-0.24255998,-0.78361833,0.19133487,0.5129588,0.41446772,0,chr19:28466600:tibial_nerve:0,TN,0
-2.2103925,-0.24584034,1.8482406,1.4592904,0.4484916,0.22981013,0.66690964,0.16445082,-0.32248098,0.028951403,0,chr5:172807337:spleen:0,TN,0
-1.5696863,0.89313567,1.6207303,0.2631816,1.5433317,0.5403712,0.06358736,-0.2098712,0.31892094,-0.031602435,0,chr10:3046245:thoracic_aorta:0,TN,0
1.6532905,-0.5945732,-1.2036053,-0.11831797,-0.3836958,0.01551707,0.15053011,-0.655289,-0.58994687,-0.14451912,0,chr10:32211009:body_of_pancreas:0,FP,1
5.0389857,-0.003657987,-0.052203536,0.48159122,1.20677,-0.13892467,-0.34106758,0.6576679,-0.17255603,-0.7863236,1,chr19:45678133:body_of_pancreas:0,TP,1
4.032107,-0.34393188,-0.22188908,-0.33722612,-0.3025285,1.364468,-0.6588456,1.0275515,-0.1240614,-0.018395035,1,chr10:96641123:gastroesophageal_sphincter:0,TP,1
-3.6306136,0.42234632,0.5484613,-0.3339239,0.079279825,-0.67484146,-0.43765408,0.06462973,0.07187908,0.43365687,0,chr2:219499194:transverse_colon:0,TN,0
-3.5460274,-1.5845515,-0.17653187,0.45100456,0.22767794,-0.29196686,0.4252659,0.64046824,-0.22976738,0.14036712,0,chr6:166106112:spleen:0,TN,0
-2.875522,-0.29129687,0.40705097,-1.3242297,-0.18402562,-0.21232954,0.07677869,-0.187368,0.5426164,0.05950903,0,chr11:78416867:upper_lobe_of_left_lung:0,TN,0
-0.07593687,-0.8202377,-0.37601176,0.8493626,-1.5295359,0.23248753,0.2758974,0.6397901,0.062199116,-0.88946176,1,chr11:26754057:transverse_colon:0,TP,1
-2.1659086,1.7541012,-1.6007868,0.4806995,0.3009343,0.29143864,-0.033131562,-0.20846918,-0.3035923,0.33040532,0,chr1:67500109:transverse_colon:0,TN,0
-0.024559367,1.5619214,-0.22973694,-0.641813,-0.14653471,-0.33408812,1.0233818,-0.75415915,0.30284348,-0.074527934,0,chr2:20135852:prostate_gland:0,TN,0
6.8625865,0.70572865,0.97313327,-0.06289573,-0.65732735,-0.068978585,0.0639698,0.34262082,-0.19967245,0.60594,1,chr7:142521135:tibial_nerve:0,TP,1
-2.7648027,0.103990585,0.9501881,0.42063951,-0.50830746,0.23613134,-0.051745668,0.4080507,0.865402,-0.050807342,0,chr2:236702793:body_of_pancreas:0,TN,0
-1.4101579,-1.4115983,1.0304656,-0.8217575,2.0191188,-0.06967605,1.3942126,0.21074018,-0.45720628,0.58349603,1,chr8:28701937:upper_lobe_of_left_lung:0,FN,0
-3.0889926,0.23011221,-0.9873097,0.26381898,-0.6971029,0.0074624466,0.07644571,0.055313148,-0.4285221,0.12102266,1,chr10:86410439:body_of_pancreas:0,FN,0
-1.3103298,2.6220808,0.5330219,-1.4693563,-1.0324202,-0.17815803,-0.15027508,0.16824695,-0.23418605,-0.5000591,0,chr17:82494715:thoracic_aorta:0,TN,0
1.4626923,2.492617,-0.54720265,-0.9048585,-0.9906528,0.23871979,1.81586,-0.77747965,-0.3401652,0.47227237,1,chr19:45427778:sigmoid_colon:0,TP,1
-3.804175,-0.22115529,-0.088504754,-0.42740375,-0.96083885,-0.1514851,-0.3142059,0.19396454,-0.18830182,-0.23070958,0,chr4:82462411:Peyers_patch:0,TN,0
-2.2265122,1.5337542,-1.4754416,0.43947074,1.0275451,-0.24318725,0.23758611,-0.4108015,0.29144567,0.42132035,1,chr21:41722182:Peyers_patch:0,FN,0
2.4773202,-0.15504313,-0.009174437,-0.081163004,0.7806946,0.7442277,-0.08076333,0.05648424,-0.38780403,-1.0565816,1,chr7:142773685:body_of_pancreas:0,TP,1
3.7628887,-0.10592952,-0.94108796,0.026233539,-0.88462305,0.7314465,-0.254999,-1.0662771,-0.11674082,1.6115788,1,chr7:73725711:adrenal_gland:0,TP,1
-2.102813,-0.26192638,1.6937122,1.6586822,0.7970378,0.742022,0.30960125,-0.17198467,-0.5602597,-0.20093793,1,chr6:131199853:body_of_pancreas:0,FN,0
3.044681,-0.5821769,0.17272526,-1.8329,0.1911428,2.1782975,-0.48704374,-0.102650546,-0.22717775,-0.13641119,1,chr5:179213127:gastrocnemius_medialis:0,TP,1
6.3076587,-0.2518817,0.45561323,-0.0025774278,-0.42895523,-0.14792034,-0.40157482,0.2550253,-0.3111333,-0.02211892,0,chr19:21569427:transverse_colon:0,FP,1
-1.5772419,-0.42987016,-0.3228581,0.24936946,-0.6979171,0.56866753,0.6772527,-0.2858401,-0.87556285,-0.38800552,0,chr4:105521043:prostate_gland:0,TN,0
-0.9928985,0.034680206,0.57256734,-1.1144373,0.3948362,0.2727509,-0.19414316,-0.57221687,-0.10048026,-0.0685013,0,chr4:121696562:transverse_colon:0,TN,0
-3.2836885,0.2322204,0.5592698,-0.5178371,-0.94698936,0.00028277616,-0.8131529,0.5029575,0.014306219,0.1355124,0,chr10:15726047:body_of_pancreas:0,TN,0
-3.1881711,0.27777937,0.595298,0.0921933,0.51699746,0.15390113,-0.076233074,0.38981125,-0.1214988,-0.13656949,1,chr16:25126355:sigmoid_colon:0,FN,0
-1.7988542,-1.5283152,-0.9131511,-0.5219471,2.0138986,0.23790188,-0.032544922,0.46772164,-0.3069417,0.1221164,1,chr12:31118962:body_of_pancreas:0,FN,0
2.942929,1.386264,-0.7247121,0.6555784,0.779189,0.14573845,-0.12399055,1.478049,1.1295433,0.2461721,1,chr21:7322720:stomach:0,TP,1
6.354026,0.3421643,1.0573353,0.08607403,-0.8651284,-0.59021014,-0.12533857,0.46148306,-0.17164229,-0.109301716,1,chr4:98093069:Peyers_patch:0,TP,1
-2.407417,1.2279409,1.5330459,0.80009764,-0.19486366,-0.55223966,0.07878403,-0.22485486,0.22566833,-0.122455806,1,chr8:22756288:Peyers_patch:0,FN,0
5.316351,-1.6196285,-0.12898335,-0.19090496,-0.43402997,0.34230033,-0.3580732,-0.14673313,0.12018393,-0.30901772,1,chr6:29705705:esophagus_squamous_epithelium:0,TP,1
6.1421647,0.14585958,0.69419986,-0.31948262,-0.43469435,0.25825176,-0.0985454,0.47707692,-0.48468813,0.1824137,1,chr11:60251676:suprapubic_skin:0,TP,1
-2.7017632,1.5315882,1.0030099,-0.16319631,-0.24847957,-0.25318977,-0.5637285,0.21398273,0.6427289,-0.32885,0,chr17:69235781:esophagus_squamous_epithelium:0,TN,0
-4.5943036,-1.1768651,-0.31819066,0.039707154,-0.66567427,0.20229998,-0.5265091,0.27387142,0.39215413,0.5053165,0,chr1:114979744:gastroesophageal_sphincter:0,TN,0
-4.452359,-2.6895895,-0.54374814,0.6086235,-0.097337775,-0.05385517,-0.5757849,0.18774718,-1.0090965,0.5409515,0,chr17:69526231:thyroid_gland:0,TN,0
-0.6556385,1.8846647,1.2641532,0.76546526,1.4274539,0.81821877,-0.42155588,0.05483904,0.5777076,-0.63972193,1,chr16:21935488:transverse_colon:0,FN,0
-4.2732763,-2.8593364,-0.70010203,-0.09500266,-0.28758866,0.09042194,-0.4641767,0.21275719,-0.3950021,0.36971408,1,chr11:83293101:tibial_nerve:0,FN,0
-2.3562298,-2.4440248,-0.10146951,-1.8611588,0.095926635,0.04264807,0.37485272,0.47074464,-0.09102249,0.115563154,0,chr1:31715618:sigmoid_colon:0,TN,0
1.8592873,-1.3913274,-1.0907105,0.4524637,-0.5381443,0.73356634,0.39582908,-1.2114192,0.9619269,0.2556981,1,chr6:154454187:body_of_pancreas:0,TP,1
-2.7524555,-1.1635725,-0.17661197,-0.1582371,-0.4246373,-0.34774116,0.85260826,0.13640581,-1.0231005,-0.82101476,0,chr9:131053297:tibial_artery:0,TN,0
-1.8974301,1.8755705,-1.0688357,-0.8179954,0.7804543,0.24423365,-0.1879281,-0.57439953,-0.23694377,-0.045978688,0,chr17:1724503:upper_lobe_of_left_lung:0,TN,0
-1.4249933,-1.2594283,0.5439173,-1.3861803,0.85643655,1.1811768,-0.06834856,-0.05062304,1.0432185,-0.24056146,0,chr17:68457202:upper_lobe_of_left_lung:0,TN,0
-2.7304947,0.41618544,0.7787034,-0.74211663,0.04179312,0.4702284,-0.1370056,0.4406813,-0.38785613,-0.14660424,1,chr1:17336255:suprapubic_skin:0,FN,0
0.2690676,-0.48229876,-0.030385826,-0.43965182,-0.78571475,0.3008743,0.64532083,1.0482887,0.8208588,-0.73931134,0,chr2:227406335:spleen:0,FP,1
-2.9856672,0.59560376,-0.08301582,0.8364763,-0.5843997,-0.788397,-0.04709773,0.199484,0.69108784,0.13843413,1,chr6:147285258:esophagus_squamous_epithelium:0,FN,0
2.6855216,-0.27285346,0.9524098,0.4649309,1.1297517,1.0988003,0.40548176,-0.18041852,-0.29292428,-1.2058506,0,chr19:44513189:body_of_pancreas:0,FP,1
5.7855997,-0.7345612,-0.6274959,0.72424966,0.6010183,-0.7162002,-0.8389253,-0.3558746,0.00032018794,-0.32318917,1,chr5:5816786:prostate_gland:0,TP,1
4.0854363,-0.9356746,-0.24172448,-0.3462699,-0.49051082,-0.029726341,-0.09991868,0.18941736,-0.18396258,-0.5559089,0,chr12:47744238:suprapubic_skin:0,FP,1
6.053209,-0.15542285,0.3007113,0.22270262,-0.43933025,-0.29177555,0.22402684,-0.5796248,-0.022994315,-0.067272164,1,chr10:38653296:esophagus_squamous_epithelium:0,TP,1
5.9514217,0.46913412,0.39074054,0.5765434,0.85053444,-0.46380332,-0.17785804,0.18259314,-0.1235676,-0.38145187,1,chr16:85086903:transverse_colon:0,TP,1
-1.1979269,-0.2257658,0.62066805,1.6652497,-0.19773409,-0.11826465,-0.1535017,0.020686181,-0.43014023,0.09674846,0,chr1:218905274:body_of_pancreas:0,TN,0
6.325227,-0.69844854,0.016741293,0.31036213,0.054202933,-0.48116463,-0.63077855,-0.41668054,-0.22027457,0.13010241,1,chr3:75785419:suprapubic_skin:0,TP,1
-3.5221756,-0.9855864,1.0477182,0.548858,-0.10431041,0.3734302,-0.01545672,-0.17325537,0.6885974,0.21121508,0,chr13:99046407:prostate_gland:0,TN,0
-2.6852248,0.33230865,1.9252979,0.7565493,0.48825145,0.3001125,0.48211625,0.050110023,-0.263004,0.13594483,0,chr11:13964843:prostate_gland:0,TN,0
-2.7304947,0.41618544,0.7787034,-0.74211663,0.04179312,0.4702284,-0.1370056,0.4406813,-0.38785613,-0.14660424,0,chr1:17336255:tibial_nerve:0,TN,0
3.2922635,-2.5258362,0.12192005,-0.911275,-0.2105473,0.83384264,0.283851,-0.61325926,-0.30000377,-0.09501663,1,chr1:20575428:tibial_artery:0,TP,1
3.3517756,-2.784279,-1.4414301,-0.004125332,-0.80184215,0.3659076,-0.5630555,-0.20639671,0.30416256,-0.23392233,1,chr11:86939404:thoracic_aorta:0,TP,1
-1.5399933,-2.0007603,0.20803837,-1.6430093,1.4573321,-0.7538688,0.9845817,0.07988562,-0.5477408,0.3323828,1,chr17:45022145:upper_lobe_of_left_lung:0,FN,0
-1.9741243,-0.5395704,-2.112805,0.20748901,-1.2466282,-0.0521176,0.39578918,0.330601,0.13577136,-0.6009602,0,chr18:45777778:thoracic_aorta:0,TN,0
5.9514217,0.46913412,0.39074054,0.5765434,0.85053444,-0.46380332,-0.17785804,0.18259314,-0.1235676,-0.38145187,1,chr16:85086903:transverse_colon:1,TP,1
-2.106925,1.849996,-1.1415328,0.43410492,0.8902815,0.5309372,0.20127983,-0.09504771,-0.8212507,0.12604298,0,chr1:230167489:tibial_artery:0,TN,0
-3.4269614,0.01372781,0.107018195,-1.7718815,0.15457125,-0.9821501,-0.122852616,-0.10672859,-0.04322653,0.22654104,0,chr17:17281084:transverse_colon:0,TN,0
-2.8480108,1.148778,0.8246657,-0.32426053,-0.077742875,-0.7494768,-0.3003646,0.36715537,0.47401723,0.062031187,0,chr17:13018327:esophagus_squamous_epithelium:0,TN,0
-3.0001185,-2.2998536,0.11452024,0.43626153,0.41490114,0.8096949,0.12807676,0.45775318,0.23627041,-0.11471611,1,chr4:2713690:body_of_pancreas:0,FN,0
-3.9756567,-2.2253752,0.6480252,0.54289633,-0.64462775,-0.09780804,-0.42510447,0.043962814,-0.08773001,0.16688319,0,chr18:61551833:tibial_nerve:0,TN,0
4.549597,-0.25527665,-0.40321735,0.5006421,-0.8282597,-0.5234608,-0.016611228,0.890047,0.13881029,0.70029235,1,chr11:52511743:transverse_colon:0,TP,1
6.5208035,0.6868683,0.8367796,-0.03903923,-0.05325166,0.32329732,-0.29449183,0.75659734,-0.23587878,-0.079978354,1,chr5:151298414:upper_lobe_of_left_lung:0,TP,1
-2.942556,-0.97935927,-1.7546189,0.06911327,-0.8058548,-0.2726365,0.111320555,0.09634914,-0.045506254,0.39267543,0,chr11:63024537:spleen:0,TN,0
-2.8755052,-1.4088502,0.75449675,-0.6821717,-0.0022195233,-0.26562604,0.16354646,0.06847334,0.15026248,0.6476773,0,chr20:41340872:esophagus_squamous_epithelium:0,TN,0
5.8616414,-0.45999318,0.5467013,-0.65009356,-0.52998275,0.073049664,0.2650554,-0.11199779,-0.3054669,-0.069541745,1,chr7:1812632:Peyers_patch:0,TP,1
3.9403694,0.5067761,0.0026651758,-0.15742168,0.1386362,1.449378,-0.5530859,-0.5483075,0.6438854,2.1553802,1,chr19:21484173:upper_lobe_of_left_lung:0,TP,1
-1.3694117,-0.6865384,-0.01757605,-1.4687846,0.6690289,-0.6050841,0.76731485,0.38631153,0.022113128,-0.23177044,1,chr11:8964460:testis:0,FN,0
-3.6396492,-0.7970106,0.4775881,1.3240879,-0.43385282,0.35859153,0.0548463,-0.2359314,-0.4578491,-0.072503775,1,chr17:40964085:esophagus_muscularis_mucosa:0,FN,0
-3.355055,0.6191065,0.8682223,-1.0940763,0.28011215,-0.65063095,-0.3148035,0.034375962,0.13733529,0.1980432,0,chr22:20117295:Peyers_patch:0,TN,0
6.3085318,1.1148409,0.30355385,0.65622145,-0.12704869,-0.6558307,0.12126254,1.1782598,-0.45467687,0.8320402,1,chr17:25564496:upper_lobe_of_left_lung:0,TP,1
-3.6887908,0.0503105,0.54595256,-0.90620387,-0.56279796,-0.16041912,-0.4977159,0.2481463,-0.2735112,-0.06637263,1,chr10:29449249:tibial_artery:0,FN,0
-1.7946064,1.0288221,-1.4071559,0.5823512,0.5900229,0.2051577,0.5139973,-0.91212666,-0.110482395,0.26035663,0,chr6:18033001:gastroesophageal_sphincter:0,TN,0
5.383939,-0.4768804,-0.24106766,0.3105705,0.0077459416,-0.78463906,-0.20555352,0.658446,-0.29544112,0.08738954,1,chr14:30690707:spleen:0,TP,1
-3.0731313,0.65647644,-0.011494113,-0.96013045,-0.30928224,-0.7613573,-0.7400878,0.4972007,0.17584921,0.35734496,0,chr4:3956393:prostate_gland:0,TN,0
-3.6246166,-0.23279734,1.0319202,0.44084275,-0.036177218,0.059947066,-0.22327767,-0.12457541,-0.55228686,0.1020131,0,chr14:106061994:esophagus_muscularis_mucosa:0,TN,0
-2.4250634,-1.3350093,0.88157403,0.74402994,0.53606117,0.42072165,0.970725,0.117706664,0.27683622,0.022711065,0,chr19:38268301:body_of_pancreas:0,TN,0
-2.055664,2.5404718,-0.32363212,-0.19385208,0.25437102,-0.19443093,-0.86455685,-0.10568173,-0.48302326,-0.23986174,1,chr8:41651698:thoracic_aorta:0,FN,0
-1.6522121,0.0657595,1.0261921,1.6762,-0.14511856,-0.17935793,0.31046957,0.39818275,-0.11866088,-0.49429408,1,chr6:137697537:transverse_colon:0,FN,0
1.7153772,-0.30800194,-1.9323492,-0.30613628,-0.9733644,0.6758101,-0.14925945,-1.0356002,0.23003241,-0.61896247,1,chr8:30230823:thoracic_aorta:0,TP,1
0.52365893,0.01753488,-0.69195527,0.15235664,0.5391537,1.1789006,0.7148275,0.058548793,-0.18877636,-0.72857255,0,chr20:18904416:esophagus_squamous_epithelium:0,FP,1
5.2505474,-0.21558487,1.0561309,-0.76564795,-0.84556603,0.90049213,-0.06174101,-0.052851554,0.6806441,0.085603744,0,chr22:28009558:tibial_nerve:0,FP,1
3.0333197,-0.5558423,-1.1243151,0.8434763,1.2902967,-0.16036838,-0.038852617,-0.28336853,1.4244657,0.81200355,1,chr16:86190195:transverse_colon:0,TP,1
-1.0879669,-0.2806216,-1.3028502,1.1169939,-0.75709546,0.8486476,0.23201467,-0.21798551,0.3976585,0.4892803,1,chr5:123274158:tibial_nerve:0,FN,0
-3.5680616,-0.2646503,1.4739809,0.027183557,-0.43838713,-0.41383335,-0.20744517,0.040669207,0.34411898,0.08693114,0,chr17:65294245:esophagus_muscularis_mucosa:0,TN,0
6.5391665,0.112458766,0.7652725,0.26388326,-0.31972998,-0.14895988,-0.07649406,0.38112038,-0.010517595,0.45787856,1,chr7:142775530:body_of_pancreas:0,TP,1
6.904042,0.118319914,0.4829873,0.5378541,-0.10061769,-1.0111066,-0.25865108,-0.49245015,-0.38271108,-0.026734523,1,chr3:75785547:esophagus_muscularis_mucosa:0,TP,1
-2.568284,1.4175011,1.5629058,0.4034414,0.8284539,0.73226947,0.43155807,-0.49427012,0.29077864,-0.27448803,0,chr16:70715107:tibial_artery:0,TN,0
6.1421647,0.14585958,0.69419986,-0.31948262,-0.43469435,0.25825176,-0.0985454,0.47707692,-0.48468813,0.1824137,1,chr11:60251676:prostate_gland:0,TP,1
-1.7332804,-1.636769,-1.3314332,0.36290058,0.25001267,0.13612956,0.38155243,0.00021999949,-0.5842889,-0.43972942,0,chr2:42924253:body_of_pancreas:0,TN,0
-4.304642,-0.5798831,-0.64553714,-0.22858092,-1.051399,-0.9033647,-0.83454865,0.35038114,0.09514704,0.03353757,0,chr15:82365725:upper_lobe_of_left_lung:0,TN,0
-2.5123355,-0.6742539,1.2891359,1.7954487,0.89119446,0.696698,0.574426,-0.72171074,-1.3191049,0.32011917,1,chr6:33732104:body_of_pancreas:0,FN,0
2.2040818,-0.1611942,-0.84965104,-0.8225064,0.63682854,0.54454005,-0.28199956,0.06390814,-0.36045548,-0.92435217,0,chr19:47698394:esophagus_muscularis_mucosa:0,FP,1
1.4626923,2.492617,-0.54720265,-0.9048585,-0.9906528,0.23871979,1.81586,-0.77747965,-0.3401652,0.47227237,1,chr19:45427778:esophagus_squamous_epithelium:0,TP,1
3.7628887,-0.10592952,-0.94108796,0.026233539,-0.88462305,0.7314465,-0.254999,-1.0662771,-0.11674082,1.6115788,1,chr7:73725711:testis:0,TP,1
-3.7798362,-2.122784,0.08537141,-0.134297,1.0352899,0.47410604,0.81815535,-0.17898415,-0.67620623,0.46636516,1,chr9:33447548:transverse_colon:0,FN,0
3.8728933,-0.67996705,-0.17207672,-0.0014899642,-0.8786182,0.40947273,0.6326862,-0.25548023,0.8891819,0.6232444,1,chr5:33490477:transverse_colon:0,TP,1
-3.683809,-0.69062215,0.7095071,0.5313595,-0.26482016,0.24495377,-0.15322146,0.09949163,-0.21135473,0.46670598,1,chr3:66138807:esophagus_muscularis_mucosa:0,FN,0
-2.8104544,0.0034728416,1.3592341,0.65002126,-0.57661414,0.25299555,0.69038755,0.19340332,0.43713588,-0.42659545,1,chr17:45099253:esophagus_squamous_epithelium:0,FN,0
-1.194486,-0.4306374,-0.74778986,-1.0007662,1.6113868,-0.31405312,0.6807964,-0.16867787,-0.77286756,-0.35928568,0,chr19:4455864:adrenal_gland:0,TN,0
6.371135,-0.47837594,0.472097,0.11989949,-0.3940549,-0.56443363,-0.35888922,-0.49461615,-0.28989688,0.34887367,1,chr7:22550492:esophagus_squamous_epithelium:0,TP,1
-2.055664,2.5404718,-0.32363212,-0.19385208,0.25437102,-0.19443093,-0.86455685,-0.10568173,-0.48302326,-0.23986174,1,chr8:41651698:gastrocnemius_medialis:0,FN,0
0.1788767,0.32135248,-0.1233818,-0.11085894,0.69086015,-0.59176743,0.5537851,-0.3961831,0.6941697,-0.6210461,1,chr22:46739374:prostate_gland:0,FN,0
-2.7266657,-1.3175746,0.5406543,-1.9870548,0.37921256,-0.4987766,0.299153,0.23508091,0.35973516,0.40109247,1,chr1:21440169:Peyers_patch:0,FN,0
-3.452287,0.40224084,0.13510287,-1.1867751,0.0226442,-0.098690666,-0.3875656,0.22057079,0.0004112223,0.4743321,0,chr19:2977808:body_of_pancreas:0,TN,0
-3.4830575,-0.22769919,0.95572025,-0.76740766,0.44221342,-0.71374345,-0.11616303,0.12195655,0.17686062,0.3365494,0,chr6:166383231:body_of_pancreas:0,TN,0
-2.3781898,1.0830278,-1.073085,0.81605446,-0.16022503,0.23070236,0.092735104,0.31829515,-0.37392852,0.20307608,0,chr10:133437724:transverse_colon:0,TN,0
3.0972013,1.7970889,-0.061587133,-0.8336648,-0.1259204,1.412359,-0.17429714,1.1886005,-0.5507192,-0.26879823,1,chr16:9160191:thoracic_aorta:0,TP,1
-1.5328188,2.0669153,-1.8650737,0.29943332,0.9206061,0.571984,0.10858175,-0.39485872,-0.27903908,1.006416,0,chr12:106386409:esophagus_muscularis_mucosa:0,TN,0
-3.5581183,-1.4297647,0.2066372,0.21040036,-0.15008919,-0.15090647,-0.73408836,0.7573086,-0.51447964,-0.07983146,1,chr18:12884838:thoracic_aorta:0,FN,0
-2.8942845,0.9682163,1.7843502,0.4886201,-0.03137982,0.42969036,-0.30799812,-0.041897435,-0.30561352,0.11242642,0,chr1:41283218:body_of_pancreas:0,TN,0
-3.4718797,-1.1688269,-0.3049548,-1.1301731,-0.18378143,-1.252866,0.2044083,0.110026576,-0.098936476,-0.025893642,1,chr6:39725494:transverse_colon:0,FN,0
-2.7655473,2.2733173,-0.3926582,0.10581977,-0.44904554,-0.098137364,-0.6867069,-0.27416235,-0.14716548,-0.5656103,0,chr17:55526730:body_of_pancreas:0,TN,0
-1.0689851,0.56417644,1.3231847,0.21414474,0.643763,0.057311833,-0.6677621,0.04330391,1.479629,-0.845108,0,chr1:207321070:tibial_nerve:0,TN,0
-2.7919078,-0.13275707,1.4473819,0.7028247,-0.63921076,-0.9034483,-0.71382684,0.33411327,1.0009452,0.23897426,0,chr4:64158671:transverse_colon:0,TN,0
-3.9659638,-0.3187664,0.6747031,0.1864663,0.14502062,0.14770928,-0.3957617,-0.082439795,0.14956419,0.14225926,0,chr20:52061373:Peyers_patch:0,TN,0
1.2800063,0.5157394,-1.669887,0.560681,-0.0051412354,0.020452721,0.5565819,1.4847932,1.5374962,0.054389495,1,chr2:92401043:transverse_colon:0,TP,1
-3.1435354,0.590783,0.44627777,-0.3299609,-0.3785589,0.26238558,0.15784808,0.11071199,-0.26049173,-0.8259862,0,chr5:176404643:transverse_colon:0,TN,0
-2.9546545,1.705517,-0.6950024,-0.7277051,-0.28430945,-0.42685091,0.0067194267,0.084961444,-0.4804833,-0.26374424,0,chr8:42692479:tibial_artery:0,TN,0
3.4559007,0.83484226,-0.72391045,0.70728874,0.3440488,0.35497025,-0.091090314,2.0459616,0.5210663,0.17669037,0,chr19:27396901:body_of_pancreas:0,FP,1
-2.589103,2.0938709,-0.31335098,-0.18100384,-0.87410134,-0.9029981,0.14269672,-0.21664515,-0.3215529,-0.4558054,0,chr2:159118640:sigmoid_colon:0,TN,0
4.1217036,0.49464217,-0.74891865,1.1951144,0.8383169,-0.5332931,0.33726782,1.4306747,0.85344696,-0.64258146,1,chr20:29893438:transverse_colon:0,TP,1
1.7907655,1.0301859,-0.22653235,-0.4546332,2.0443053,0.33273762,0.39562562,-0.18662873,0.26588938,0.027333386,1,chr5:179212877:thoracic_aorta:0,TP,1
0.87643397,-0.14148991,0.6608477,-2.092118,0.09254573,1.6607697,-0.123180315,-0.39067417,0.5577587,-0.08434044,0,chr15:31329790:body_of_pancreas:0,FP,1
5.383939,-0.4768804,-0.24106766,0.3105705,0.0077459416,-0.78463906,-0.20555352,0.658446,-0.29544112,0.08738954,1,chr14:30690707:suprapubic_skin:0,TP,1
4.1300893,-1.720994,-0.6514634,-0.47284302,0.778323,0.07908948,-0.26169008,0.20404892,0.09097588,-0.6294727,0,chr8:23084304:tibial_nerve:0,FP,1
-2.6305537,-0.9861043,1.2301071,1.449388,-0.6634394,0.28498518,0.11532841,-0.22185059,1.2498976,-0.4967395,1,chr9:32069300:Peyers_patch:0,FN,0
-2.1157515,-1.433341,0.97235346,-0.7796823,0.47348896,1.049694,1.034041,0.008137841,-0.7711081,0.22181623,0,chr12:123762055:transverse_colon:0,TN,0
-2.0523505,0.63180625,-1.3699572,0.0063783713,-0.778254,0.2384762,0.7549296,0.01377406,-0.022784498,-0.44289324,0,chr9:211761:adrenal_gland:0,TN,0
-3.5183325,-0.2570278,0.27026027,-0.30172315,-1.1108488,-0.90079224,-0.71093124,0.32188746,0.887174,0.048767798,0,chr11:94519473:Peyers_patch:0,TN,0
-2.5839942,1.322245,-0.8737471,-0.43564722,0.47880703,0.2302063,0.13023958,0.18249053,-0.26664174,-0.16687368,0,chr11:6612917:sigmoid_colon:0,TN,0
-2.8709924,1.1773806,-2.6419194,0.5864404,0.47024712,0.04632181,-0.031921472,-0.5184561,-0.09068714,0.8238818,0,chr4:88924940:body_of_pancreas:0,TN,0
5.360976,-0.19221658,0.109495275,0.5626343,0.3962173,-0.5671232,-0.5007372,0.011998813,-0.40061373,-0.54407847,1,chr17:43361257:adrenal_gland:0,TP,1
-1.1977069,-0.55189973,0.110788494,0.30045062,0.6445386,-1.1027753,0.55710834,0.08497995,0.79885375,-0.21980542,0,chr14:99659383:transverse_colon:0,TN,0
-0.3898204,-0.6608727,-0.7310652,0.51997906,-1.4577794,0.07033184,1.7611618,0.33690295,0.95419085,-0.92508966,1,chr2:55432222:adrenal_gland:0,TP,1
-3.0419903,-0.45622113,0.21556747,0.072067395,0.27243128,0.5303614,0.49131954,0.23321077,-0.5553586,-0.17925952,0,chr3:11600688:thoracic_aorta:0,TN,0
-3.6306133,0.42234647,0.5484611,-0.33392406,0.07927963,-0.67484176,-0.43765435,0.06462993,0.07187967,0.43365705,0,chr2:219499194:tibial_artery:0,TN,0
-3.8052776,-0.7031532,0.51564753,0.22298045,-0.6314376,-0.29003686,-0.4631149,-0.019373124,0.43421376,0.16790597,0,chr6:24991997:suprapubic_skin:0,TN,0
-1.934471,2.4484231,0.6666338,-0.7682244,0.24942197,-0.0850044,-0.8439895,-0.04609642,0.13520876,-0.43773067,0,chr3:197510147:tibial_artery:0,TN,0
5.432573,0.75713974,0.50086117,-0.5184049,-0.75617945,0.7313404,0.024094211,0.08206794,-0.58687425,0.20536354,1,chr15:33226849:transverse_colon:0,TP,1
4.1998715,0.6054546,-0.24015433,-0.6789706,-0.38580418,0.9110897,-0.08210409,-0.42408597,0.39302447,0.070006244,1,chr17:879808:adrenal_gland:0,TP,1
-1.5324411,3.0214407,0.11823791,-0.22114235,-0.29276043,0.0108530875,-0.82968926,-0.27045238,-0.17826629,-0.41777793,0,chr7:5085799:prostate_gland:0,TN,0
6.5403433,-0.27105138,0.20992798,0.50180125,-0.38569477,-1.0855789,-0.1217049,-0.17993122,-0.3056529,-0.0671379,1,chr17:22909996:Peyers_patch:0,TP,1
-2.1780221,1.7640465,-0.863429,-0.19574775,1.884776,0.21796647,-0.2669088,-0.3862133,-0.2673031,-0.4369414,0,chr19:3545629:spleen:0,TN,0
1.366273,0.68800986,0.33714363,-0.81072104,1.5162759,0.6549073,0.13935944,0.09819949,-0.52316934,-0.51386875,1,chr12:121812942:body_of_pancreas:0,TP,1
1.910864,-0.93970346,-0.25094876,0.54067653,-0.8565837,0.38998505,1.5158468,0.31563494,1.1757123,-1.0972552,1,chr6:53956277:thoracic_aorta:0,TP,1
0.1787108,2.7772322,0.22523028,-1.7055745,-1.0909504,1.3521539,-0.6603173,0.11416217,-0.36436784,-0.53364766,1,chr9:83219889:gastrocnemius_medialis:0,FN,0
6.412731,-0.011112136,0.06743202,0.36835706,-0.511217,-0.95927846,0.26370156,-0.05179241,-0.1783405,0.24444138,1,chr17:22856764:prostate_gland:0,TP,1
-2.5105016,0.6781899,1.0887222,-1.0209124,-0.5465474,-0.787753,0.11908499,-0.19329113,0.44575498,-0.11091944,0,chr19:38403045:esophagus_muscularis_mucosa:0,TN,0
-3.3568046,-0.29779756,0.7837981,0.5324696,-0.060478818,0.21095908,-0.038689543,0.30765304,-0.17093284,0.21935384,1,chr2:29015302:spleen:0,FN,0
4.4337907,0.15071666,-0.44985938,0.27740067,-0.18088613,-0.34282744,0.93584657,-1.0606028,0.62010825,0.7022093,0,chr22:50449624:body_of_pancreas:0,FP,1
4.7072277,-1.5820018,-0.9729125,0.07626272,0.06876766,0.19826396,-0.37455916,-0.8637604,0.066760994,0.146018,1,chr7:100949035:Peyers_patch:0,TP,1
5.9173555,-0.7270343,0.06730195,0.18746442,0.36245152,-0.97110623,-0.31517825,-0.24221505,-0.27583724,-0.5216594,1,chr7:100966122:upper_lobe_of_left_lung:0,TP,1
5.2505474,-0.21558487,1.0561309,-0.76564795,-0.84556603,0.90049213,-0.06174101,-0.052851554,0.6806441,0.085603744,0,chr22:28009558:tibial_artery:0,FP,1
-1.3981739,0.14396083,1.2596316,-1.6873744,0.44944063,-0.45770124,0.7686204,0.09998026,0.35860315,-0.2529523,0,chr6:35727813:sigmoid_colon:0,TN,0
5.79376,0.23801006,1.002711,-0.81415325,-0.6332064,0.12563895,0.28874654,0.26467854,-0.4941748,-0.08767683,1,chr19:47436804:upper_lobe_of_left_lung:0,TP,1
-2.9412305,-0.55043507,0.01873776,-1.4005457,-0.42464787,-0.62293136,0.28409836,0.12802343,-0.085955285,0.2855543,0,chr6:32894511:tibial_nerve:0,TN,0
-0.052181207,-2.685125,-0.50882566,-1.2173064,1.2601779,-0.51468533,0.474624,-0.06103708,-0.55139714,0.3049712,0,chr5:132737309:sigmoid_colon:0,FP,1
-4.1087356,-1.8292212,0.51862,0.14841603,-0.26022986,-0.340722,-0.04697412,0.16098821,-0.38423657,0.5035772,0,chr4:4248127:transverse_colon:0,TN,0
6.477769,1.3881794,1.0587275,0.07815465,-0.3428097,-0.15682454,0.000802705,0.608149,-0.37928638,-0.15915442,1,chr1:13277261:transverse_colon:0,TP,1
6.6560125,0.19078955,0.215341,0.69071203,-0.27128804,-1.0877428,-0.0210669,-0.019522954,-0.30808276,0.16027594,1,chr17:23044492:prostate_gland:0,TP,1
6.3376412,-0.015696133,0.62428665,-0.2506966,-0.683789,0.27584946,-0.15446301,0.18230022,-0.22760884,0.50744236,1,chr17:43360096:body_of_pancreas:0,TP,1
-2.2514384,-0.70481443,0.26541516,0.46867782,-0.12005777,-0.06488338,-1.0291334,0.38589767,0.37783566,-0.0029869378,1,chr9:17531876:testis:1,FN,0
6.2009416,-0.73323274,-0.14280972,0.49682882,0.23484798,-0.7392693,-0.62715197,-0.1809958,-0.22360404,-0.3954531,1,chr12:52949183:prostate_gland:0,TP,1
6.1421647,0.14585958,0.69419986,-0.31948262,-0.43469435,0.25825176,-0.0985454,0.47707692,-0.48468813,0.1824137,1,chr11:60251676:thoracic_aorta:0,TP,1
-1.3943292,2.3028376,-1.3654709,0.20501104,0.80489105,0.057999063,0.30061823,-0.46414325,-0.49220216,0.21878885,0,chr11:65550651:body_of_pancreas:0,TN,0
6.877429,0.046417132,0.62968266,0.2392281,-0.18503653,-0.37764516,-0.2740827,0.21500437,-0.05595636,0.1852011,1,chr9:42974893:Peyers_patch:0,TP,1
3.1883032,1.1410162,-1.0589631,0.55878574,-0.29239625,-0.18795685,0.7328674,2.6109784,0.84223926,0.86555797,1,chr8:44636977:spleen:0,TP,1
-2.9277291,-0.33637726,1.7022907,0.367867,-0.065375805,0.23429841,-0.008938026,0.31840393,0.61203367,-0.162448,0,chr1:48498745:spleen:0,TN,0
-2.700465,0.41807553,0.65768343,-0.4681839,-0.040934313,-0.99912226,-0.06753053,0.032138232,0.42334926,0.099029064,0,chr5:139775176:thyroid_gland:0,TN,0
-3.3989155,-0.8606815,0.7130707,-1.4415628,0.4777827,-0.623852,0.09251265,0.264725,-0.021368932,0.45857045,0,chr1:200620702:tibial_artery:0,TN,0
-3.0635786,-0.6787282,0.48950586,0.2825412,0.26763567,-0.3218522,0.9899536,0.17293352,0.007752893,-0.026180392,0,chr4:7295960:esophagus_muscularis_mucosa:0,TN,0
-1.0741079,3.4816935,-0.064403996,-0.108422756,-0.09541444,-0.1472577,-0.8556324,-0.31270787,-0.3364032,-0.63933015,0,chr9:5886489:tibial_artery:0,TN,0
-1.3030717,1.3245621,-1.1674105,-0.3052787,0.98067105,0.0971844,-0.16551574,-0.4782445,-0.8552375,-0.13913488,0,chr1:244834478:thoracic_aorta:0,TN,0
-3.8681643,0.5689135,-0.59323126,-0.59160703,0.039051943,-0.1981664,-0.9211167,0.30259278,-0.49024948,-0.11368292,0,chr22:25134091:gastroesophageal_sphincter:0,TN,0
5.2567654,-0.5807108,-0.38490823,0.7989516,0.32026878,-1.0488583,-0.41121107,-0.17855336,-0.07508708,-0.6443321,0,chr17:43361240:Peyers_patch:0,FP,1
-2.3053474,1.8513776,-0.9097553,0.33270112,0.3466507,0.30452606,-0.32122996,-0.12596257,-0.29481936,-0.4542078,0,chr17:9256767:spleen:0,TN,0
-2.8366036,1.6729087,-0.69818616,-0.94701463,-0.7568141,0.016428705,-0.70565236,-0.22532766,-0.80812204,-0.57111156,1,chr14:77053349:transverse_colon:0,FN,0
-3.556357,-0.5546761,0.5861266,1.1846579,-0.49871776,0.0049491674,-0.7449616,-0.087691404,-0.6161822,0.19995813,0,chr18:56800010:gastroesophageal_sphincter:0,TN,0
6.904042,0.118319914,0.4829873,0.5378541,-0.10061769,-1.0111066,-0.25865108,-0.49245015,-0.38271108,-0.026734523,1,chr3:75785547:Peyers_patch:0,TP,1
-3.5400536,-0.16429818,0.7755966,0.86043847,-0.6033556,-0.81236666,-1.0418164,0.30729887,0.7625043,0.20621237,0,chr5:78269138:adrenal_gland:0,TN,0
-3.3602154,-2.2416518,0.14344567,1.3311887,-0.69242895,0.18660702,0.48345155,-0.07492478,1.0510929,-0.00068660855,1,chr14:106326554:body_of_pancreas:0,FN,0
4.52073,-2.3127553,-0.9930046,-0.09090433,-0.13725449,-0.71727425,-0.19187413,-0.24055132,-0.3203974,-0.18309498,1,chr12:121918386:spleen:0,TP,1
-3.479557,0.95564777,-0.6835864,-0.5847294,-0.14737932,0.08558368,-0.8236105,0.60470486,-0.9373634,-0.3532889,0,chr10:43667279:Peyers_patch:0,TN,0
-3.1258547,-0.9207943,-0.6704516,0.59845084,-0.026914446,0.33206382,0.6004629,0.23782581,0.1924892,-0.405236,0,chr5:75050124:tibial_artery:0,TN,0
-3.5759048,-1.1655945,-0.029522369,1.3197072,-0.15595062,0.85868853,-0.15579939,0.12707116,-1.0393914,0.20328821,0,chr1:77534260:transverse_colon:0,TN,0
5.1625066,-1.0694672,-0.6163026,0.25707883,-0.1352205,-0.15087272,-1.0501761,-0.83608377,-0.079137094,0.059135415,1,chr11:19259633:spleen:0,TP,1
-0.50371194,1.0859503,1.5361247,-1.4897835,-0.52472645,-0.88304263,0.46990868,-0.19014806,1.1022409,-0.3054997,1,chr15:40906278:suprapubic_skin:0,FN,0
-1.5580107,0.94244045,-2.0808063,0.7175929,0.5979304,-0.16848925,0.07757773,-0.31016806,0.108553566,0.18478964,0,chr3:122652910:body_of_pancreas:0,TN,0
6.2461877,-0.28714073,0.15731323,0.6796855,0.029824508,-0.48610216,-0.54981744,-0.45342052,-0.0797745,0.36796784,1,chr2:67906567:body_of_pancreas:0,TP,1
4.180449,-1.5153768,0.040558763,-1.4286044,-0.10489454,0.529148,-0.03784327,0.021070367,0.034786098,0.31534466,1,chr5:138352584:body_of_pancreas:0,TP,1
-3.0604174,-0.5921761,-0.4756131,0.42509928,-0.6570703,0.3690702,0.41591617,-0.25078794,-0.54181075,-0.09127408,0,chr9:37482764:esophagus_muscularis_mucosa:0,TN,0
-2.9042168,-0.06787162,0.50268984,-1.2266092,1.0919577,-0.111332424,0.25217682,0.30705437,-0.5900023,0.12404635,0,chr1:54499882:upper_lobe_of_left_lung:0,TN,0
-2.4816115,-0.66692674,0.4346235,-1.6362114,-1.0826979,-0.32258564,0.53542864,-0.20948759,0.08603322,-0.32692817,1,chr11:1652791:prostate_gland:1,FN,0
1.7801523,-1.7144619,0.615167,-1.2230912,1.5902057,0.6404718,0.7938635,-0.5664408,0.4079873,0.5307122,0,chr2:101151641:tibial_artery:0,FP,1
-3.057483,-1.338145,-1.1544484,-0.6422714,-0.48066387,0.8649487,-0.26706064,0.5554578,-0.10021188,-0.4079767,0,chr2:149125734:body_of_pancreas:0,TN,0
0.8358684,1.3517702,-0.23394197,-1.0513177,-1.8452817,0.2265313,0.79371876,-0.26723415,0.13616168,-0.5040561,1,chr19:51473170:tibial_artery:0,TP,1
5.445318,-0.7285479,0.3721907,-0.919893,-0.71426916,0.8591626,-0.3335653,-0.37068006,-0.19120464,0.68151903,1,chr7:78040381:upper_lobe_of_left_lung:0,TP,1
-2.2514384,-0.70481443,0.26541516,0.46867782,-0.12005777,-0.06488338,-1.0291334,0.38589767,0.37783566,-0.0029869378,1,chr9:17531876:tibial_artery:0,FN,0
5.5443425,-1.3000529,-0.19769046,-0.013144729,0.3071591,0.27226648,-0.8518913,-0.37026983,0.12151706,0.041233115,1,chr3:75785357:transverse_colon:0,TP,1
0.3127328,-0.8099581,-0.7074552,-0.2826207,-0.8095105,1.5150461,-0.3869657,0.54388213,0.9293814,-0.42160624,0,chr15:21297802:prostate_gland:0,FP,1
-2.409643,0.9091406,-1.733012,0.055575233,0.22761242,1.0581336,-0.656515,0.6055874,0.054571543,-0.282438,0,chr4:37873490:sigmoid_colon:0,TN,0
6.123304,0.37056306,0.18293944,0.70885706,-0.13459781,-0.025584748,-0.82780313,0.2632444,0.039861575,0.06356425,1,chr14:106468867:spleen:0,TP,1
-3.1117404,-1.2436844,0.99799645,1.7580739,-0.119857326,0.50252616,0.08789141,-0.176826,0.123993754,0.13067268,0,chr4:104860777:thyroid_gland:0,TN,0
-4.4456887,-3.373236,-0.8061538,-0.99482715,-0.41639102,-0.013374578,0.16980937,0.39064607,0.55473965,0.24420536,0,chr5:188780:body_of_pancreas:0,TN,0
3.7018442,-0.47986257,-0.23413141,0.05328591,0.547903,1.0368654,0.005744298,0.58188206,0.346525,-0.9198491,1,chr15:31200859:upper_lobe_of_left_lung:0,TP,1
-4.1357417,-1.0238192,-0.42389658,0.35275063,-1.0559647,-0.27954993,-0.32929206,0.31358537,-0.45510045,0.4210065,0,chr1:48109545:thoracic_aorta:0,TN,0
-4.256019,-1.7566211,-0.88676697,-0.6232378,-0.26749495,-0.22268243,-0.053380523,0.38588542,-0.70326394,0.77913463,0,chr5:175617565:body_of_pancreas:0,TN,0
-3.884215,-2.219823,0.21832862,-0.009852082,0.7060808,0.069906436,0.099881135,-0.17301472,-0.12233229,0.38422427,0,chr7:65751320:prostate_gland:0,TN,0
-2.1363735,-2.4414225,-0.4902774,-1.5520265,-0.4626996,0.08709999,-0.44649863,0.1954393,-0.20546131,-0.32565323,1,chr1:16741094:tibial_nerve:0,FN,0
-3.0645788,0.64738035,-0.5386572,0.3968369,-0.085400164,0.32222208,-0.18867381,0.24490054,-1.063362,0.24545051,0,chr5:149175166:thoracic_aorta:0,TN,0
6.6258674,0.016264452,0.34037247,0.55257314,0.3068926,-0.7322628,-0.60708636,-0.0483653,-0.27145666,-0.2875272,1,chr12:8390645:Peyers_patch:0,TP,1
4.180449,-1.5153768,0.040558763,-1.4286044,-0.10489454,0.529148,-0.03784327,0.021070367,0.034786098,0.31534466,0,chr5:138352584:adrenal_gland:0,FP,1
-2.1700227,2.1227307,-0.90602744,1.0144553,0.82052183,-0.08528371,0.09887154,-0.31802487,-0.36483887,-0.13502881,0,chr8:9029642:esophagus_squamous_epithelium:0,TN,0
-3.3385215,0.1949476,-1.1576437,0.44579616,-0.71333474,-0.44142023,-0.15625338,0.29529703,0.44537714,-0.1062935,1,chr4:15730066:body_of_pancreas:0,FN,0
-3.2140818,0.45330438,0.7502529,-0.53126687,0.69235665,0.0018215493,-0.82738924,0.038865946,0.26269925,0.30329916,0,chr14:50045393:adrenal_gland:0,TN,0
-3.3534036,-0.25745964,-0.06604138,-1.1629199,0.16254553,-1.3360881,-0.06081512,0.16468082,-0.050002202,0.6902798,0,chr2:42169581:prostate_gland:0,TN,0
-0.7320418,0.25409317,-0.34624335,0.3694662,-1.0561975,-1.1565498,0.77901495,-0.7584132,1.2195656,0.022286035,0,chr1:41117402:adrenal_gland:0,TN,0
6.477769,1.3881794,1.0587275,0.07815465,-0.3428097,-0.15682454,0.000802705,0.608149,-0.37928638,-0.15915442,0,chr1:13277261:body_of_pancreas:0,FP,1
5.4734263,-0.6773497,-0.0024177337,0.1691205,-0.63160145,0.09601172,-0.19545063,-0.28774494,0.37404594,-0.22069773,1,chr10:26574003:body_of_pancreas:0,TP,1
-3.074769,-2.7507966,-1.6261613,-0.42104095,0.8104292,-0.38696745,0.26749292,0.42949712,-0.4778991,-0.5397009,0,chr1:21573902:gastroesophageal_sphincter:0,TN,0
-3.016416,-0.82392067,1.184135,0.92817396,-0.20765695,0.17392792,0.024835287,0.00109439,0.4550372,0.23383202,0,chr1:203674144:body_of_pancreas:0,TN,0
-2.6612432,2.106034,-0.051338356,-0.23683321,0.8584454,-0.24858363,-0.43565285,-0.4935216,-0.34781128,-0.12542419,0,chr14:75294151:esophagus_muscularis_mucosa:0,TN,0
-2.681933,-0.6175042,-0.99899226,-0.32562727,0.34575596,0.14584348,0.59717363,0.18401264,0.3262886,-0.43099195,0,chr19:48152294:gastroesophageal_sphincter:0,TN,0
-3.5312133,-0.80787057,-0.3931941,-0.19611457,-0.60787404,0.38121796,-0.53265655,0.0029670342,0.024892107,0.1804587,0,chr7:80472426:body_of_pancreas:0,TN,0
-2.3709915,0.5908592,0.46939236,-0.5811472,0.02880544,0.12551476,0.11105769,-0.62595296,1.0265883,0.16183074,0,chr12:54259473:transverse_colon:0,TN,0
-4.6715665,-2.4373279,-0.65380794,1.0433224,-0.81135887,0.051487584,-0.83956534,-0.30736142,0.2876862,0.097422,1,chr7:152236247:body_of_pancreas:0,FN,0
-3.7466428,-0.36182326,-0.0151581075,-0.7696806,-0.5415542,-0.47852552,-0.40558466,0.6484613,-0.52540976,-0.17098372,1,chr6:169790103:suprapubic_skin:0,FN,0
4.52073,-2.3127553,-0.9930046,-0.09090433,-0.13725449,-0.71727425,-0.19187413,-0.24055132,-0.3203974,-0.18309498,1,chr12:121918386:esophagus_squamous_epithelium:0,TP,1
-3.3551118,0.37481263,0.43672118,-0.20965368,-1.0084422,-0.46044603,-0.47110766,-0.16031297,0.3791579,-0.015712067,0,chr12:115167233:body_of_pancreas:0,TN,0
-2.451307,-0.8113926,1.3595407,1.9406569,-0.04867845,0.10841293,0.350835,0.077201344,-0.1733189,0.19142732,0,chr6:26198220:Peyers_patch:0,TN,0
-3.6315062,-1.1720173,-0.5993515,-0.029288677,-1.2856338,0.38543195,-0.115635596,0.14405695,0.19988543,-0.31943092,0,chr10:84375202:esophagus_muscularis_mucosa:0,TN,0
5.432566,0.7571394,0.5008587,-0.51840705,-0.7561774,0.73134327,0.024094168,0.0820675,-0.5868757,0.20536129,1,chr15:33226849:Peyers_patch:0,TP,1
-1.1221795,0.6816908,-1.4109982,0.46229002,0.3204696,0.48249182,-0.4622539,0.08032149,0.6609762,-0.16719396,0,chr6:117189039:body_of_pancreas:0,TN,0
-3.2046568,-0.3387627,0.7992167,0.11816597,-0.10352682,-0.19538134,-0.29752982,0.32429707,0.9601329,-0.12220489,0,chr9:64877929:thoracic_aorta:0,TN,0
1.2382572,-0.65561527,-0.27464795,-0.13579564,-0.59004587,0.83849186,-0.16619556,-0.08458851,0.70972216,-0.29048416,0,chr20:53943966:tibial_nerve:0,FP,1
-3.234564,1.6243826,0.3240903,-0.35154626,-0.4638267,-0.3067961,-1.0300206,0.10168431,0.033859525,-0.4022094,0,chr2:191555430:testis:0,TN,0
0.6323612,1.8683083,0.150453,0.42347255,0.535168,-0.027652275,0.92952067,0.58657205,0.15176208,-1.1147695,1,chr9:113355403:body_of_pancreas:0,FN,0
5.158708,-1.3621678,-0.13712877,-0.34208587,-0.7465195,-0.18427335,-0.15804774,-0.27340785,-0.18818063,0.10887336,1,chr3:75723673:Peyers_patch:0,TP,1
0.63663393,0.82378715,-0.80457175,-0.5565209,0.47728467,0.7207583,-0.05977169,-0.055029593,-0.59982103,-0.48401564,0,chr16:87967119:thoracic_aorta:0,TN,0
-2.348206,-1.1577524,1.0995686,1.4610031,0.21284525,0.749162,0.51895267,-0.014042735,-1.1164107,0.2860901,0,chr1:146401430:transverse_colon:0,TN,0
-3.9536517,-0.21426776,-0.25785324,0.10714582,-1.2065527,-0.77671385,-0.6593372,-0.049557913,0.11933645,-0.14878015,0,chr4:95165949:tibial_nerve:0,TN,0
6.325227,-0.69844854,0.016741326,0.31036192,0.054202877,-0.48116446,-0.63077843,-0.416681,-0.22027507,0.13010256,1,chr3:75785419:body_of_pancreas:0,TP,1
3.1883044,1.1410156,-1.0589623,0.5587848,-0.2923958,-0.18795583,0.7328681,2.6109784,0.8422389,0.8655581,1,chr8:44636977:body_of_pancreas:1,TP,1
6.5208054,0.68686956,0.8367804,-0.03903855,-0.05325018,0.32329658,-0.2944917,0.7565972,-0.23588012,-0.07997768,1,chr5:151298414:spleen:0,TP,1
6.6258674,0.016264452,0.34037268,0.5525726,0.30689198,-0.73226285,-0.60708594,-0.04836541,-0.2714572,-0.28752673,0,chr12:8390645:omental_fat_pad:0,FP,1
-2.1575491,-2.4907885,-1.2179582,0.5297903,-0.536323,0.03143789,0.0022190432,-0.24832821,1.4286255,-0.121179655,1,chr2:235171687:adrenal_gland:0,FN,0
-2.0278554,0.38619828,1.5719165,0.9936968,-0.3232385,0.6509268,0.62650126,-0.49393243,-0.94441867,-0.5696635,0,chr14:91286688:thoracic_aorta:0,TN,0
-2.9139354,-0.90863216,0.5656385,2.077772,-0.5289693,0.2997072,-0.08840981,-0.11149086,-0.95243895,0.41605458,0,chr2:79892425:body_of_pancreas:0,TN,0
-3.0247445,-1.0150708,0.43361098,1.2466564,0.35379294,-0.5244725,-0.008718579,-0.09927595,-0.22314818,0.22237183,1,chr9:127348292:esophagus_squamous_epithelium:0,FN,0
-0.4616928,0.7057273,-1.4950863,-0.62236804,-1.1822077,0.49878487,0.60674024,-0.2960673,-0.35538796,-0.7855268,0,chr11:118295892:prostate_gland:0,TN,0
5.9291415,-0.1846429,-0.3529808,0.67405796,0.73403436,-0.69051266,-0.70419425,-0.34049982,-0.21118177,-0.083081976,1,chr15:24767525:transverse_colon:0,TP,1
-3.2014165,0.2284362,-1.7549698,-0.26736045,-0.28006873,0.2362279,0.22208527,0.00045489863,-0.3745769,0.22395518,1,chr15:54485836:adrenal_gland:0,FN,0
2.1389716,-0.029460235,-1.576207,0.87089837,0.7827834,0.29109448,0.70728356,-0.09882596,1.0696946,0.62334967,0,chr13:52084763:transverse_colon:0,FP,1
-1.3950167,2.4185007,-1.425982,0.045038123,0.86852866,0.12448631,-0.018962363,-0.24472567,-0.5165388,0.345518,0,chr11:102613094:transverse_colon:0,TN,0
5.4177866,2.4070435,0.22438353,0.73957694,0.39500132,0.014330123,-0.0057143304,1.9902781,-0.40993875,0.6282233,1,chr17:25579422:spleen:0,TP,1
-3.1146154,1.8784355,-0.79926956,-0.3236337,-0.6413035,0.002005983,-0.46018785,-0.05850109,-0.24984533,-0.4727889,0,chr6:10801331:body_of_pancreas:0,TN,0
-3.5740657,-0.75067645,1.0101956,0.008313097,-0.063928396,0.41768053,-0.15092102,-0.01180078,-0.5374336,-0.037891842,1,chr5:149431239:body_of_pancreas:0,FN,0
5.2476735,-1.0220068,-0.45160276,0.16910273,0.071807235,-0.5599729,-0.25200987,0.0061150547,0.04048464,-0.90535665,1,chr1:3724461:esophagus_muscularis_mucosa:0,TP,1
2.7709072,0.46366492,-0.00021047644,-0.40558535,-1.6449256,-0.4692807,1.0873833,-1.10125,0.26873988,-0.36851057,1,chr2:196068383:thoracic_aorta:0,TP,1
-2.2514346,-0.7048142,0.26541647,0.4686798,-0.120056696,-0.064882666,-1.0291332,0.38589758,0.3778365,-0.002986793,1,chr9:17531876:tibial_artery:1,FN,0
3.700896,-0.17567174,0.038180657,0.1463511,-0.31116647,0.048406642,0.030533332,0.057474945,0.42320186,-0.32880637,0,chr5:1134798:upper_lobe_of_left_lung:0,FP,1
5.9594293,-0.7566814,0.22227614,-0.37720168,-0.23449425,0.28436825,-0.5717492,-0.15190609,-0.29467803,0.27082688,1,chr17:45585364:tibial_artery:0,TP,1
6.6649947,-0.19422731,0.35702977,0.21528338,-0.03962138,-0.56584716,-0.35451692,-0.33028862,-0.3994967,-0.09462987,1,chr3:75785609:adrenal_gland:0,TP,1
-1.318324,0.446993,-0.30917656,0.09732993,-0.83151317,-0.20632935,0.7633171,0.3667232,1.2975299,-0.37048644,1,chr10:48659989:adrenal_gland:0,FN,0
-2.5152996,2.072036,0.6081474,-0.5782238,0.49491835,0.05195897,-0.30371806,-0.45628226,-0.09523585,-0.34565917,0,chr1:20152614:gastrocnemius_medialis:0,TN,0
-1.5307094,2.7103572,0.0832781,-0.6444129,-0.8821707,-0.18619716,0.33464357,-0.37481,-0.45455256,-0.5876508,1,chr16:4548780:tibial_artery:0,FN,0
-1.0234448,-0.07653307,-0.83352625,0.3823872,0.85866517,1.1021312,-0.5767364,1.2517911,0.22818689,-0.07672909,1,chr21:45886140:sigmoid_colon:0,FN,0
-3.7248988,-0.024459261,-1.4642329,-0.0041753426,-1.1332554,-0.06736539,-0.22149019,0.40767223,-0.20595971,0.095300436,0,chr7:90782948:body_of_pancreas:0,TN,0
1.9108638,-0.9397026,-0.2509477,0.54067606,-0.8565853,0.38998377,1.5158492,0.31563303,1.175711,-1.097255,1,chr6:53956277:tibial_artery:0,TP,1
-2.2538393,0.28548405,0.7529168,-1.6526006,0.45829067,-0.78633565,0.14833882,0.026852697,0.7868796,0.35711408,1,chr7:26377045:prostate_gland:0,FN,0
1.7153778,-0.3080008,-1.9323486,-0.30613565,-0.9733652,0.67580885,-0.14925848,-1.0355998,0.23003264,-0.61896336,1,chr8:30230823:sigmoid_colon:0,TP,1
-2.3537786,-0.18435012,-0.64479154,0.9804905,-0.7394132,-0.19559729,0.84829307,0.39500588,-0.3571925,-0.71246886,0,chr17:33674654:gastrocnemius_medialis:0,TN,0
-2.044012,-1.6142538,-0.13106284,-0.6181779,1.1031504,1.2887263,0.68654335,0.056494758,0.049181845,-0.23060258,0,chr17:27806150:body_of_pancreas:0,TN,0
3.1883044,1.1410156,-1.0589623,0.5587848,-0.2923958,-0.18795583,0.7328681,2.6109784,0.8422389,0.8655581,1,chr8:44636977:omental_fat_pad:0,TP,1
-3.020261,-1.8757885,-1.7061838,1.1334559,-1.029105,0.06846324,0.87002707,0.20700212,0.314155,-1.0013971,0,chr9:105609267:upper_lobe_of_left_lung:0,TN,0
-3.3758826,-0.16786574,0.8135531,-0.7250532,-0.29597485,-0.36740714,-0.4879926,-0.13771485,0.43902346,0.29356992,0,chr5:113606641:body_of_pancreas:0,TN,0
6.6258674,0.016264452,0.34037247,0.55257314,0.3068926,-0.7322628,-0.60708636,-0.0483653,-0.27145666,-0.2875272,1,chr12:8390645:tibial_artery:0,TP,1
3.7272937,-0.98439175,-0.8372588,0.45862335,2.0009608,-0.10049986,-0.39977738,-0.9084817,0.596174,-0.45423305,1,chr9:133915634:body_of_pancreas:0,TP,1
6.5428977,-0.111041605,0.4351018,0.30134103,-0.5045544,-0.044240296,-0.40126854,0.12351422,-0.26962364,0.082279995,1,chr2:86221296:Peyers_patch:0,TP,1
-3.2459178,-1.2791138,-0.97038734,0.6903054,-0.95585436,-0.16473797,-0.31027207,0.5575755,-0.4206813,-0.10761293,0,chr13:51250191:adrenal_gland:0,TN,0
6.325227,-0.69844854,0.016741293,0.31036213,0.054202933,-0.48116463,-0.63077855,-0.41668054,-0.22027457,0.13010241,1,chr3:75785419:testis:0,TP,1
-1.1262821,1.3613904,-1.4997574,0.4093008,1.4485801,1.2141916,-0.28119612,0.25629613,0.011662916,0.7304656,1,chr16:4448541:body_of_pancreas:0,FN,0
5.360976,-0.19221658,0.109495275,0.5626343,0.3962173,-0.5671232,-0.5007372,0.011998813,-0.40061373,-0.54407847,1,chr17:43361257:body_of_pancreas:0,TP,1
-2.102813,-0.26192638,1.6937122,1.6586822,0.7970378,0.742022,0.30960125,-0.17198467,-0.5602597,-0.20093793,1,chr6:131199853:prostate_gland:0,FN,0
-0.46932176,-0.32207474,-1.3474715,-0.21859334,2.6773608,-0.42542112,0.075198844,-1.2267367,0.8092801,0.37354514,1,chr18:597094:transverse_colon:0,FN,0
3.1051505,0.4532791,0.95964664,-1.0404928,-1.6789417,1.2151088,0.8426001,0.27598616,0.29928973,-0.3833826,0,chr4:85084629:transverse_colon:0,FP,1
-0.50371194,1.0859503,1.5361247,-1.4897835,-0.52472645,-0.88304263,0.46990868,-0.19014806,1.1022409,-0.3054997,1,chr15:40906278:esophagus_muscularis_mucosa:0,FN,0
5.9173555,-0.7270343,0.06730195,0.18746442,0.36245152,-0.97110623,-0.31517825,-0.24221505,-0.27583724,-0.5216594,1,chr7:100966122:body_of_pancreas:0,TP,1
-0.37645513,1.6639417,-0.80529994,0.05570097,-0.55345523,-1.1803147,1.3414723,-1.1893375,-0.107699186,0.37194204,0,chr4:141158317:body_of_pancreas:0,TN,0
-2.4097824,0.5620591,-1.4331208,0.66764575,-0.09856749,0.11697409,0.043548603,0.3512865,-0.6197826,-0.37774318,0,chr9:41689943:body_of_pancreas:0,TN,0
4.7014203,0.15337601,0.24373479,-0.55912405,0.89037544,-0.120775886,-0.0852417,0.12268407,-0.16746674,-0.22314858,0,chr17:50626390:transverse_colon:0,FP,1
6.342216,-0.3202458,0.2527768,0.5220702,-0.080904365,-1.2090663,-0.3654673,-0.35400912,-0.35288018,-0.0922018,1,chr11:47642443:Peyers_patch:0,TP,1
6.325227,-0.69844854,0.016741293,0.31036213,0.054202933,-0.48116463,-0.63077855,-0.41668054,-0.22027457,0.13010241,1,chr3:75785419:tibial_artery:0,TP,1
5.5443425,-1.3000529,-0.19769046,-0.013144729,0.3071591,0.27226648,-0.8518913,-0.37026983,0.12151706,0.041233115,1,chr3:75785357:esophagus_muscularis_mucosa:0,TP,1
-2.9643798,2.0458686,-0.49931097,0.37371293,0.12519693,-0.4143832,-0.8051286,-0.18067001,-0.5303488,-0.045358375,0,chr13:30132165:esophagus_muscularis_mucosa:0,TN,0
-3.4724977,-2.0654225,-0.3781454,1.3389149,-0.5683676,0.8308895,0.2945212,0.04535586,-1.1318604,-0.070500694,0,chr1:26597816:transverse_colon:0,TN,0
-2.728047,-1.1222095,0.9091608,1.7455899,-0.11067666,0.055549156,-0.33222616,-0.069007464,-0.36575943,0.36224407,1,chr12:26092001:thoracic_aorta:0,FN,0
-1.8000484,1.9147757,-1.464265,0.09429319,0.68144727,0.026286509,0.27313483,-0.30947,-0.27137512,0.57219434,0,chr19:16111230:thoracic_aorta:0,TN,0
-0.46932176,-0.32207474,-1.3474715,-0.21859334,2.6773608,-0.42542112,0.075198844,-1.2267367,0.8092801,0.37354514,1,chr18:597094:body_of_pancreas:1,FN,0
4.093905,-2.5985003,-1.0259626,-0.52396584,-0.49551874,0.5020764,-0.5880528,-0.0957365,-0.39917102,-0.7440223,1,chr7:142463879:transverse_colon:0,TP,1
-0.9711461,0.58911747,1.0450858,-0.054568306,0.5636256,-0.8996125,0.39140987,0.23627678,0.8507266,0.24165636,0,chr13:24541018:esophagus_squamous_epithelium:0,TN,0
-0.50371194,1.0859503,1.5361247,-1.4897835,-0.52472645,-0.88304263,0.46990868,-0.19014806,1.1022409,-0.3054997,1,chr15:40906278:testis:0,FN,0
-1.4067056,0.6293592,-2.2476614,0.9429201,0.50024843,0.21471526,-0.0055674445,-0.5273584,0.24120992,0.8930775,1,chr9:12741980:body_of_pancreas:0,FN,0
-3.114466,0.9300964,-0.5494296,0.34014142,-0.3348855,-0.22804049,-0.027403092,0.55145705,-0.586335,0.17741168,0,chr4:18934427:body_of_pancreas:0,TN,0
1.5148492,-1.1778202,-1.2412493,-0.10786054,0.47989684,0.83652896,0.60589427,-0.19461195,-0.12909928,-0.21796583,0,chr15:38627977:transverse_colon:0,FP,1
4.52073,-2.3127553,-0.9930046,-0.09090433,-0.13725449,-0.71727425,-0.19187413,-0.24055132,-0.3203974,-0.18309498,1,chr12:121918386:upper_lobe_of_left_lung:0,TP,1
-1.5316452,3.2532556,0.30906966,-0.3951264,0.044337954,-0.35123596,-0.880158,-0.21295436,-0.2590831,-0.3617352,0,chr5:178164512:upper_lobe_of_left_lung:0,TN,0
-1.9665757,2.0676203,-1.1132457,-0.009775197,0.8005946,0.370022,-0.029505352,0.20923264,-0.14470033,0.7312991,0,chr2:218658715:transverse_colon:0,TN,0
0.4749123,-1.7588556,0.17346647,-0.68909734,1.6987939,0.024444986,0.5695114,-0.064022735,0.018534243,-0.23584203,0,chr1:2174438:gastrocnemius_medialis:0,FP,1
-2.5411568,2.099883,0.3496854,-0.11566079,-0.15885532,-0.4684547,-1.3931,-0.16505766,0.31210133,-0.22353084,0,chr2:79876829:body_of_pancreas:0,TN,0
0.17870878,2.7772295,0.22523035,-1.7055767,-1.0909519,1.3521538,-0.6603167,0.11416179,-0.36436644,-0.5336482,1,chr9:83219889:transverse_colon:0,FN,0
-1.9600042,-2.576722,-0.8251465,1.023775,-1.0164498,0.31860307,0.3372458,-0.103885695,1.1989166,-0.6014933,0,chr11:36623030:thoracic_aorta:0,TN,0
2.5918424,-0.89907,-1.6484674,1.1565574,0.7225023,-0.28997365,-0.26202446,-1.0134298,0.9495253,0.05115351,1,chr1:25812473:body_of_pancreas:0,TP,1
-2.2003973,-0.33975577,-0.0041259807,-0.82753044,0.30117732,0.95587015,0.15111053,-0.20448498,-0.15794195,-0.4505459,1,chr17:63835031:upper_lobe_of_left_lung:0,FN,0
-2.0556607,2.5404744,-0.32363167,-0.19385125,0.25437152,-0.1944307,-0.864557,-0.10568198,-0.4830221,-0.23986256,1,chr8:41651698:gastroesophageal_sphincter:0,FN,0
-1.5710726,-2.2774067,-1.1633408,0.5921442,-0.49470994,0.68458873,-0.19675945,0.50487643,0.25062045,-1.4450718,1,chr5:52864214:body_of_pancreas:0,FN,0
-3.1524534,-0.7889418,-1.5170294,0.5020156,-0.85797703,-0.7257344,0.122789055,-0.06937253,-0.18324615,0.13604558,0,chr20:1963314:body_of_pancreas:0,TN,0
4.2197967,-1.2565409,-0.3194682,0.2729521,-0.41022706,-0.16794632,-0.23202547,-0.002983535,-0.37837818,-1.0585768,1,chr4:75289967:transverse_colon:0,TP,1
-1.6084342,1.1838338,-0.1508797,-0.22830947,-0.34860775,-0.422168,-0.90213674,-0.059464306,-0.09295455,-0.2065643,0,chr7:16695960:transverse_colon:0,TN,0
-1.0281155,-0.62513125,-0.10447921,-1.756767,-0.6703578,0.22013125,0.38848487,0.011674502,-0.3295409,0.03368837,0,chr12:48904001:prostate_gland:0,TN,0
-1.1756449,-0.3274084,0.78768396,-1.4565954,1.7963423,-0.3727099,0.048372436,0.15890165,1.0506417,0.8262154,0,chr1:226110297:tibial_nerve:0,TN,0
-3.5447767,-0.8021828,0.89093477,-0.40017274,0.16994405,-0.49842054,0.09011648,0.05783674,-0.23778737,0.16118288,0,chr11:44617033:tibial_artery:0,TN,0
-2.6930053,-2.2035816,-0.69670427,-1.2305067,1.1758021,-0.7320332,0.15450229,0.16166835,-0.59048635,0.71358395,1,chr1:239998087:Peyers_patch:0,FN,0
4.765581,-1.6806818,-0.098910496,-0.93478566,0.38362208,0.822112,-0.48961166,-0.4232573,0.0786368,0.22835203,1,chr9:42852316:prostate_gland:0,TP,1
-2.0710618,-1.0759175,0.12828222,-0.6102058,1.5551388,-0.75131273,0.24983656,0.27215418,-0.100504786,0.2207957,0,chr9:98796326:Peyers_patch:0,TN,0
-3.2850602,-1.0103445,-0.18227214,0.42656416,0.7584112,0.14272767,-0.33186325,0.3193914,-0.33600622,-0.15770756,0,chr20:48728044:tibial_nerve:0,TN,0
6.664995,-0.19422686,0.3570304,0.21528257,-0.039623093,-0.5658477,-0.354517,-0.33028904,-0.3994974,-0.09462845,1,chr3:75785609:gastrocnemius_medialis:0,TP,1
-2.937034,-1.2072809,1.0811161,1.5407094,0.522827,0.9266646,0.6533754,-0.24376567,-0.18408845,0.21983421,0,chr1:25572673:gastroesophageal_sphincter:0,TN,0
3.2487907,0.85021293,-0.428221,-0.19173194,-0.3077781,-0.018405883,0.54876405,-0.5576642,0.40410233,-0.4492051,0,chr13:24968302:upper_lobe_of_left_lung:0,FP,1
-3.9243104,-0.9119152,-0.7077584,-0.36183107,-1.0446618,-0.80862963,-0.24279688,0.18417151,0.45278156,-0.0055581713,0,chr10:79914625:upper_lobe_of_left_lung:0,TN,0
-2.2834978,-2.1833704,0.16795683,-0.24385141,0.5641585,0.66408134,0.07715834,0.6486049,0.60481864,-0.6126262,1,chr6:169655219:esophagus_muscularis_mucosa:0,FN,0
-3.0896544,0.4622877,0.97128254,-1.0866023,0.3025473,-0.8708688,-0.28326073,0.13072695,0.26783577,0.2828388,0,chr19:8514126:upper_lobe_of_left_lung:0,TN,0
6.151238,1.497601,1.6517409,0.13050294,1.9777721,-0.5660046,1.2238383,0.33612147,-0.6722253,-1.0456687,1,chr4:1752766:esophagus_squamous_epithelium:0,TP,1
1.910864,-0.93970346,-0.25094876,0.54067653,-0.8565837,0.38998505,1.5158468,0.31563494,1.1757123,-1.0972552,0,chr6:53956277:testis:0,FP,1
4.7494526,-1.0823057,-0.64858776,0.5728623,0.28940713,-0.7194774,-0.21964893,0.13251273,-0.2054443,-0.58640677,1,chr16:18131657:transverse_colon:0,TP,1
6.5428977,-0.111041605,0.4351018,0.30134103,-0.5045544,-0.044240296,-0.40126854,0.12351422,-0.26962364,0.082279995,1,chr2:86221296:transverse_colon:1,TP,1
-3.2065547,-0.33969572,1.2320042,-0.22561364,0.1278515,0.006527519,0.6677551,0.096539006,0.10786407,-0.039055165,0,chr11:77066685:lower_leg_skin:0,TN,0
-0.9766177,2.9424646,-1.001414,0.38626197,0.41652226,0.3029706,0.11830234,-0.08525226,-0.6232705,0.1758472,0,chr19:48978946:tibial_artery:0,TN,0
-2.9004555,-0.9833299,1.0506496,1.0197631,-0.057719592,-0.019645242,0.5520887,0.22597137,0.26989153,0.19052133,0,chr1:205230071:body_of_pancreas:0,TN,0
-2.855876,-1.3542985,0.9364087,1.7894367,-0.13195156,0.44691458,0.13924938,-0.1331713,-0.079828136,-0.25391355,0,chr12:69344098:body_of_pancreas:0,TN,0
-2.5517397,-0.8809889,0.11540124,0.1489659,-0.33041525,-0.4387939,0.105474755,0.2640146,-0.48145056,0.43551174,0,chr3:32177302:transverse_colon:0,TN,0
3.0972013,1.7970889,-0.061587133,-0.8336648,-0.1259204,1.412359,-0.17429714,1.1886005,-0.5507192,-0.26879823,1,chr16:9160191:tibial_artery:0,TP,1
-2.7723958,2.0239859,-1.4962642,0.13254659,0.29310456,0.1176073,0.049992267,-0.22511503,-0.17312278,0.21686968,0,chr2:161273349:tibial_artery:0,TN,0
4.780275,-1.6505412,-0.5435807,0.20016378,0.74034655,-0.34749904,-0.2930709,-0.713936,-0.09623137,-0.26957372,1,chr9:61668518:testis:0,TP,1
6.5428977,-0.111041605,0.4351018,0.30134103,-0.5045544,-0.044240296,-0.40126854,0.12351422,-0.26962364,0.082279995,1,chr2:86221296:testis:0,TP,1
-3.8052776,-0.7031532,0.51564753,0.22298045,-0.6314376,-0.29003686,-0.4631149,-0.019373124,0.43421376,0.16790597,1,chr6:24991997:sigmoid_colon:0,FN,0
-2.102813,-0.26192638,1.6937122,1.6586822,0.7970378,0.742022,0.30960125,-0.17198467,-0.5602597,-0.20093793,1,chr6:131199853:tibial_artery:0,FN,0
-1.3914678,1.6231363,-1.4910659,0.9217941,0.69937587,0.47595602,-0.04331228,0.42934102,0.88969135,0.25109035,0,chr3:67358006:upper_lobe_of_left_lung:0,TN,0
1.656881,-2.6710453,-0.7148211,0.19430287,-0.009432129,1.1252669,0.440416,-0.49771798,0.12303374,-0.6920459,1,chr3:37536143:tibial_artery:0,TP,1
5.5443425,-1.3000529,-0.19769046,-0.013144729,0.3071591,0.27226648,-0.8518913,-0.37026983,0.12151706,0.041233115,1,chr3:75785357:transverse_colon:1,TP,1
1.8348033,-1.2176108,-0.81912184,1.6412044,-0.3175279,-0.17646521,0.33171403,0.47657305,0.54437697,-1.5648824,1,chr7:95686086:esophagus_muscularis_mucosa:0,TP,1
5.79376,0.23801006,1.002711,-0.81415325,-0.6332064,0.12563895,0.28874654,0.26467854,-0.4941748,-0.08767683,1,chr19:47436804:testis:0,TP,1
5.570931,-0.27056685,-0.25398362,0.9662895,1.1358504,-0.6144432,-0.38518408,-0.55396366,0.5100368,-0.16698135,1,chr17:79827265:body_of_pancreas:0,TP,1
-0.34296986,-1.4158888,-0.78797835,-0.24341543,1.5499178,-0.5921967,0.4367625,0.797192,-0.05958257,0.0116382195,0,chr3:126475232:tibial_artery:0,TN,0
5.79376,0.23801006,1.002711,-0.81415325,-0.6332064,0.12563895,0.28874654,0.26467854,-0.4941748,-0.08767683,0,chr19:47436804:transverse_colon:0,FP,1
6.412731,-0.011112136,0.06743202,0.36835706,-0.511217,-0.95927846,0.26370156,-0.05179241,-0.1783405,0.24444138,1,chr17:22856764:omental_fat_pad:0,TP,1
6.053126,-0.7412661,0.30790073,0.12079148,-0.3970454,0.059457015,-0.24932186,0.13331512,-0.11771994,-0.49222946,0,chr10:66926170:tibial_nerve:0,FP,1
6.5428977,-0.111041605,0.4351018,0.30134103,-0.5045544,-0.044240296,-0.40126854,0.12351422,-0.26962364,0.082279995,1,chr2:86221296:upper_lobe_of_left_lung:0,TP,1
0.67841923,0.8386466,1.4188697,-1.0004586,0.08400184,1.3060027,-0.3141281,-1.2249303,2.1200209,-0.3652373,1,chr1:27556965:body_of_pancreas:0,FN,0
-1.8532622,0.19299512,1.9157337,1.2820667,1.2692236,0.92526084,0.18654053,-0.3788534,-0.3704197,-0.07969003,0,chr11:118870447:tibial_nerve:0,TN,0
3.9403694,0.5067761,0.0026651758,-0.15742168,0.1386362,1.449378,-0.5530859,-0.5483075,0.6438854,2.1553802,1,chr19:21484173:thoracic_aorta:0,TP,1
1.6734935,0.26676235,1.3719087,-2.1693347,-0.46224043,-0.08316987,1.0348152,-0.23372076,-0.26927617,-0.13531587,0,chr19:40425487:tibial_artery:0,FP,1
6.094221,-0.38384965,-0.07374263,0.3445407,-0.3569605,-0.9330924,0.012459208,0.24020427,-0.05800134,0.1264636,0,chr17:24931573:thoracic_aorta:0,FP,1
-2.7849376,0.08897837,1.82984,1.6785735,-0.35621467,-0.16890201,-0.00389481,-0.049599495,0.6733253,0.33810088,0,chr6:159252926:spleen:0,TN,0
-3.118353,-0.2589294,1.2451637,0.3194345,-0.068217754,-0.27167737,-0.024941519,0.36370388,-0.064065956,0.067058295,0,chr6:116616178:prostate_gland:0,TN,0
6.5403433,-0.27105138,0.20992798,0.50180125,-0.38569477,-1.0855789,-0.1217049,-0.17993122,-0.3056529,-0.0671379,1,chr17:22909996:tibial_artery:0,TP,1
6.664995,-0.19422686,0.3570304,0.21528257,-0.039623093,-0.5658477,-0.354517,-0.33028904,-0.3994974,-0.09462845,1,chr3:75785609:thoracic_aorta:0,TP,1
5.959368,0.63343185,0.9651521,-0.53696674,-1.4171253,0.97094023,0.21250755,0.0467428,-0.14952704,0.5995532,1,chr5:40430015:gastroesophageal_sphincter:0,TP,1
5.2258325,1.4724935,0.89172053,-1.0929096,-1.4290394,1.3400828,0.040239498,0.6410794,-0.2708433,0.7914916,1,chr6:43386692:gastroesophageal_sphincter:0,TP,1
5.158708,-1.3621672,-0.13712865,-0.34208614,-0.7465202,-0.18427275,-0.15804772,-0.2734085,-0.18818091,0.10887328,1,chr3:75723673:prostate_gland:0,TP,1
1.4626923,2.492617,-0.54720265,-0.9048585,-0.9906528,0.23871979,1.81586,-0.77747965,-0.3401652,0.47227237,1,chr19:45427778:Peyers_patch:0,TP,1
-2.6984615,-0.74757606,0.35264862,-0.73499674,1.0569366,-0.29959026,-0.34780702,-0.16490105,1.1000925,0.3898744,0,chr2:232440415:body_of_pancreas:0,TN,0
-0.98091537,-0.6337935,1.0529476,-1.3147099,1.6927806,-0.9394146,0.49795604,0.034227453,0.43154225,0.11126637,0,chr9:136400120:esophagus_squamous_epithelium:0,TN,0
-2.2855935,-0.007891798,1.4384314,-0.09155811,1.9801807,-0.38067913,0.62619954,0.25329632,0.3563033,0.35680112,0,chr17:44210759:upper_lobe_of_left_lung:0,TN,0
-1.3556925,1.5474293,-1.053271,0.7287473,0.8605962,0.8194032,-0.3796465,-0.30798832,0.375163,0.18667236,0,chr10:86953846:adrenal_gland:0,TN,0
6.508571,-0.05467695,0.74406815,-0.27254376,-0.3811413,0.031484872,-0.22725064,-0.0047327005,-0.23521079,-0.05951952,1,chr8:38060242:Peyers_patch:0,TP,1
1.5165515,0.21666445,0.62077165,-1.0317065,1.607322,-1.1215254,1.0918052,0.07354311,-0.28173456,-0.6248581,1,chr17:49764139:prostate_gland:0,TP,1
-1.2066172,-1.1289659,0.95596176,1.4598219,1.1558464,0.8241249,1.1944033,-0.5028666,-1.2841216,0.27915907,0,chr12:26944:upper_lobe_of_left_lung:0,TN,0
-1.8531134,2.6030703,0.5743182,-0.032944858,0.460508,0.020023681,-1.3154178,-0.32837477,0.8713114,-0.20798564,1,chr6:144337138:body_of_pancreas:0,FN,0
4.1998715,0.6054546,-0.24015433,-0.6789706,-0.38580418,0.9110897,-0.08210409,-0.42408597,0.39302447,0.070006244,1,chr17:879808:esophagus_muscularis_mucosa:0,TP,1
-3.2943258,1.601659,-0.55004936,-0.6255367,0.07068394,-0.8880973,-0.27844346,-0.07214588,-0.43745536,0.060379233,0,chr2:97590789:prostate_gland:0,TN,0
6.8174543,4.6649113,3.2614696,0.9205192,1.1895427,-0.96675205,1.9310662,0.80628526,-0.033550616,-1.3332795,1,chr14:90785685:body_of_pancreas:0,TP,1
-3.5580735,0.22312678,0.04989223,-0.62486535,-0.1568958,-0.78797024,-0.7534554,0.18630618,-0.07304153,0.3687641,0,chr1:26921783:gastroesophageal_sphincter:0,TN,0
-4.190358,-1.9758203,-0.8481506,-0.4381405,-1.3661616,-0.642578,-0.37175274,0.062415116,-0.37238216,0.12699173,0,chr3:196253627:suprapubic_skin:0,TN,0
4.219795,-1.2565416,-0.3194681,0.27295136,-0.41022775,-0.16794565,-0.2320249,-0.002983795,-0.37837803,-1.0585762,1,chr4:75289967:transverse_colon:1,TP,1
-1.7726666,0.67595,-0.64440334,0.12606895,0.047926575,-0.50456095,0.8060013,-1.1583222,0.40114704,-0.3749995,0,chr10:100424974:body_of_pancreas:0,TN,0
-2.3495665,1.857745,-1.5982847,-0.03485103,0.9852377,-0.2928357,-0.53906393,-0.3881732,-0.41591623,0.44453883,0,chr21:36989680:prostate_gland:0,TN,0
-2.7345963,0.49247226,1.5163412,-0.87197113,0.50546694,-0.28025162,0.2579034,-0.095748566,0.54562974,0.23641093,1,chr6:167351302:transverse_colon:0,FN,0
-0.6576081,0.59361213,0.35133868,0.12954542,-0.42121294,-0.09784623,-0.27287418,0.38022488,0.5960391,-0.9754486,0,chr2:105580940:Peyers_patch:0,TN,0
-2.2551768,-0.6722458,0.35691366,-2.216108,0.2922315,-0.116282724,0.40056235,-0.12366392,0.3929273,0.5547897,0,chr3:4978462:Peyers_patch:0,TN,0
1.220738,-1.410609,-1.1800789,0.15467842,-0.6980239,-0.13150448,1.1055452,-0.5694602,0.9479811,-0.3528826,0,chr6:137705216:tibial_nerve:0,FP,1
6.5428977,-0.111041605,0.4351018,0.30134103,-0.5045544,-0.044240296,-0.40126854,0.12351422,-0.26962364,0.082279995,1,chr2:86221296:gastrocnemius_medialis:0,TP,1
-2.9545512,-1.0293213,-0.37335062,0.27865508,0.2954815,-0.44107994,0.18098223,0.6301703,0.035905026,0.27718908,1,chr6:13414351:upper_lobe_of_left_lung:0,FN,0
4.0719986,0.18838069,0.5456282,0.5771113,0.28535265,-0.5032613,0.9438512,0.25195974,0.29867977,-1.4629676,1,chr10:47380940:body_of_pancreas:0,TP,1
-3.3624268,0.2085708,1.0045372,0.51160854,-0.30472684,-0.15130994,-0.31731784,0.22836421,0.7348138,0.6025846,0,chr2:38116986:body_of_pancreas:0,TN,0
-2.5520957,-0.1376018,0.051181063,0.17645484,-0.50900567,0.6491917,-0.17510697,-0.061742228,-0.026796272,-0.22848028,0,chr13:98266233:body_of_pancreas:0,TN,0
2.8942146,0.4429584,-1.2859379,-0.25234288,0.5704545,1.672957,-0.19742651,0.044248793,-0.17322049,1.4422184,1,chr19:4352840:esophagus_squamous_epithelium:0,TP,1
6.904042,0.118319914,0.4829873,0.5378541,-0.10061769,-1.0111066,-0.25865108,-0.49245015,-0.38271108,-0.026734523,1,chr3:75785547:prostate_gland:0,TP,1
4.7655797,-1.6806833,-0.09891185,-0.9347848,0.38362256,0.82211196,-0.48961177,-0.42325795,0.07863778,0.22835205,1,chr9:42852316:transverse_colon:0,TP,1
-0.049397327,1.4230489,-1.5190272,0.282311,-0.17727193,-0.13453788,1.3128601,-0.41921923,-0.2631229,0.316194,0,chr2:121718641:body_of_pancreas:0,TN,0
-4.1945024,-0.20306623,-0.6774813,-0.26364467,-1.089003,-0.71756375,-1.0475348,0.058670234,0.49280617,0.19629441,0,chr5:75681235:prostate_gland:0,TN,0
-2.8497083,0.13114528,-0.6196241,-0.03025976,0.37832525,-0.61415964,0.4300167,-0.19448428,-0.88443613,0.18334721,1,chr14:105012246:thoracic_aorta:0,FN,0
-3.4194443,-1.6652877,-0.788148,-0.42116025,0.34975687,-0.25310355,-0.19227391,0.7495033,-0.6091157,0.4577499,0,chr2:11670589:body_of_pancreas:0,TN,0
4.7655797,-1.6806833,-0.09891185,-0.9347848,0.38362256,0.82211196,-0.48961177,-0.42325795,0.07863778,0.22835205,1,chr9:42852316:esophagus_squamous_epithelium:0,TP,1
-5.156187,-2.2941968,-1.0141996,-0.36229163,-0.8328419,-0.67312425,-0.41437677,0.3320857,-0.49458125,0.6080215,0,chr11:115170291:body_of_pancreas:0,TN,0
-2.8688073,-1.0604968,-1.1471031,-0.5011821,-1.2314502,0.22448492,0.14609393,0.19841611,-0.029220793,-0.534994,1,chr20:54045596:sigmoid_colon:0,FN,0
-4.8107934,-2.021852,-0.22149935,0.6899537,-0.9802349,-0.29912424,-0.5114117,0.02536576,-0.16406012,0.37591898,0,chr11:86818560:gastrocnemius_medialis:0,TN,0
-1.7146833,-0.9064371,-0.15385671,0.27627182,-0.57738835,0.27911144,-0.0362791,0.10008326,0.048697647,-0.8098248,1,chr3:9994481:gastroesophageal_sphincter:0,FN,0
6.300166,0.6975343,0.5792311,-0.007623442,-0.48312736,-0.4713255,0.7273699,0.53860265,-0.15816544,-0.1025348,1,chr7:63016061:spleen:0,TP,1
-2.2514346,-0.7048142,0.26541647,0.4686798,-0.120056696,-0.064882666,-1.0291332,0.38589758,0.3778365,-0.002986793,1,chr9:17531876:thoracic_aorta:0,FN,0
-0.9361408,-3.0461388,-1.0891339,-1.6679096,0.07983231,0.5695705,0.15807812,0.19745383,0.02865488,-0.53499466,0,chr7:66492581:body_of_pancreas:0,FP,1
6.142165,0.14586113,0.6942018,-0.3194827,-0.43469453,0.258253,-0.09854386,0.47707766,-0.48468876,0.18241484,1,chr11:60251676:thoracic_aorta:1,TP,1
5.2258325,1.4724963,0.89172167,-1.0929091,-1.42904,1.3400834,0.040241897,0.6410802,-0.2708434,0.79149234,1,chr6:43386692:tibial_artery:0,TP,1
6.2461877,-0.28714195,0.15731353,0.67968434,0.029823506,-0.48610234,-0.54981863,-0.45342135,-0.079776116,0.3679683,1,chr2:67906567:transverse_colon:0,TP,1
-2.7017634,1.5315883,1.0030105,-0.16319597,-0.24847898,-0.25318956,-0.56372744,0.21398318,0.64273006,-0.32885036,1,chr17:69235781:tibial_artery:0,FN,0
4.1701403,-0.42897266,0.037265252,-0.66650474,0.5603269,0.319377,-0.02913066,-0.27558345,0.5955043,-0.5082172,0,chr16:75234163:prostate_gland:0,FP,1
-2.168307,0.2050863,-0.1903056,-0.7920322,0.5301339,1.1394128,0.5325688,0.013651686,-0.8457152,-0.07736548,0,chr1:8988967:spleen:0,TN,0
-2.2834961,-2.183371,0.16795594,-0.24385189,0.5641586,0.66408163,0.077158615,0.64860356,0.6048169,-0.6126277,1,chr6:169655219:adrenal_gland:0,FN,0
-0.5329039,0.64732593,2.821809,2.5848444,0.66347075,0.8555698,0.87189376,-0.25065103,0.29046687,-0.13565047,1,chr7:51066331:body_of_pancreas:0,FN,0
-1.5399977,-2.0007622,0.208037,-1.6430078,1.4573313,-0.7538676,0.9845815,0.07988495,-0.5477418,0.3323832,1,chr17:45022145:tibial_artery:0,FN,0
-1.5937897,3.2718244,0.21558629,-0.05991133,-0.14956442,-0.24531865,-0.86698693,-0.25599512,-0.10484089,-0.5828773,0,chr8:81235636:esophagus_squamous_epithelium:0,TN,0
-0.50371194,1.0859503,1.5361247,-1.4897835,-0.52472645,-0.88304263,0.46990868,-0.19014806,1.1022409,-0.3054997,1,chr15:40906278:adrenal_gland:0,FN,0
-3.9477272,-0.4332111,-1.2573904,-0.14884546,-0.68175304,0.6529776,-1.060282,0.032824498,-0.23779738,-0.23745567,0,chr10:15106547:transverse_colon:0,TN,0
-3.355055,0.6191065,0.8682223,-1.0940763,0.28011215,-0.65063095,-0.3148035,0.034375962,0.13733529,0.1980432,0,chr22:20117295:spleen:0,TN,0
-2.7813954,-0.116807595,0.7407731,1.3562913,0.10077446,0.56996334,0.09350894,0.4029558,-0.2925957,-0.43977383,0,chr22:20920861:body_of_pancreas:0,TN,0
1.7350988,-1.1442432,1.2468638,-1.6228298,0.58609635,1.2927661,0.37445524,-0.6050821,0.49380025,0.014539577,0,chr15:67836109:tibial_nerve:0,FP,1
-1.7657233,-0.7088084,0.043156132,0.6095573,0.43288025,-0.60587776,0.88794833,0.66701573,-0.1396026,0.0557973,0,chr11:118145352:prostate_gland:0,TN,0
-2.6512628,1.0482416,0.22419749,0.69035035,0.52917695,0.7747163,-0.078208126,-0.6425512,0.29909825,0.18056755,0,chr22:30303096:body_of_pancreas:0,TN,0
1.910864,-0.93970346,-0.25094876,0.54067653,-0.8565837,0.38998505,1.5158468,0.31563494,1.1757123,-1.0972552,1,chr6:53956277:body_of_pancreas:0,TP,1
3.2922635,-2.5258362,0.12192005,-0.911275,-0.2105473,0.83384264,0.283851,-0.61325926,-0.30000377,-0.09501663,1,chr1:20575428:upper_lobe_of_left_lung:0,TP,1
-2.8366036,1.6729087,-0.69818616,-0.94701463,-0.7568141,0.016428705,-0.70565236,-0.22532766,-0.80812204,-0.57111156,0,chr14:77053349:thoracic_aorta:0,TN,0
-2.160052,2.3607085,-0.7415801,-0.07704723,0.31463638,0.19296321,-0.38840204,-0.64681333,-0.9794912,0.063450575,0,chr6:32933573:spleen:0,TN,0
-3.2579994,1.0738537,0.2791235,-1.0923464,0.34234017,-0.9130728,-0.7566491,0.061030693,-0.5019205,0.1775088,0,chr19:13818234:Peyers_patch:0,TN,0
-2.0196002,0.6778932,1.066596,-0.010771862,-0.23792882,0.84224194,-0.21999241,0.34426412,0.60584867,-0.5665992,0,chr1:234611945:transverse_colon:0,TN,0
6.325227,-0.69844854,0.016741293,0.31036213,0.054202933,-0.48116463,-0.63077855,-0.41668054,-0.22027457,0.13010241,1,chr3:75785419:spleen:0,TP,1
-2.9079924,0.6374218,-0.34375715,0.81198126,0.3756974,0.91149235,0.56566083,-0.007133175,-0.904482,-0.6382355,1,chr5:149628438:transverse_colon:0,FN,0
-1.9810218,1.1355915,-0.7769441,-0.78475386,-0.13013433,0.36765438,-0.6387863,0.35368466,-0.65549964,-0.6273207,0,chr7:22853784:tibial_artery:0,TN,0
3.097204,1.7970917,-0.0615851,-0.83366483,-0.12592146,1.41236,-0.17429729,1.1886011,-0.5507204,-0.26879752,1,chr16:9160191:upper_lobe_of_left_lung:0,TP,1
-0.50370836,1.0859526,1.5361264,-1.4897835,-0.5247266,-0.8830419,0.46990997,-0.19014834,1.1022408,-0.30550048,1,chr15:40906278:body_of_pancreas:0,FN,0
5.8753576,0.3450264,0.7812943,-0.380613,-0.98751724,0.83258873,0.22962396,-0.13675657,-0.1904314,1.259303,1,chr12:48753691:Peyers_patch:0,TP,1
-2.350446,1.512678,0.82545197,-0.3338111,0.55771756,0.2982548,-0.10640798,-0.39185944,-0.26300657,-0.18891533,0,chr2:113199470:sigmoid_colon:0,TN,0
6.7889934,0.62799245,0.49650392,0.8772359,0.033129547,-0.62027466,-0.49534515,0.14578728,-0.2230136,0.0457365,1,chr7:142752843:body_of_pancreas:0,TP,1
6.202332,-0.48115152,-0.020163516,0.32433552,0.11503061,-0.28725228,-0.25807434,0.3353942,-0.12895665,-0.8850761,1,chr22:24006151:thoracic_aorta:0,TP,1
0.1202226,-0.7681592,-0.38553175,0.07251994,0.4806134,0.27578187,-0.84406585,0.017384432,0.46700084,-0.85954684,0,chr3:101070324:thoracic_aorta:0,FP,1
-3.4747238,1.182995,0.62126005,-0.18386891,0.22571473,-0.17670955,-0.4480401,-0.14904378,0.043154463,0.09667233,0,chr14:59576853:thyroid_gland:0,TN,0
6.8774276,0.046416402,0.6296816,0.23922871,-0.18503633,-0.3776452,-0.27408165,0.2150056,-0.05595541,0.185201,1,chr9:42974893:thoracic_aorta:0,TP,1
1.9108638,-0.9397026,-0.2509477,0.54067606,-0.8565853,0.38998377,1.5158492,0.31563303,1.175711,-1.097255,1,chr6:53956277:suprapubic_skin:0,TP,1
-1.2135348,2.0386426,-1.3447212,0.5046609,-0.25892824,-0.6280117,1.025873,-0.4067227,0.3614895,-0.08600176,1,chr2:168375394:body_of_pancreas:0,FN,0
-2.358367,-1.3102809,0.9483402,-0.04140168,1.1381224,0.22815801,0.46506897,0.001438492,-0.54387885,0.13984403,0,chr6:31367545:spleen:0,TN,0
-2.0150745,-0.25075147,1.6250978,0.43856218,0.49322966,0.28050908,0.07722279,-0.4209355,0.6529988,0.1818643,0,chr5:142249470:thoracic_aorta:0,TN,0
-3.8054492,0.5198952,-0.22128737,-0.70036465,-0.7328692,-0.34666792,-0.61804825,0.38713625,-0.36895713,-0.25922635,0,chr2:78999391:adrenal_gland:0,TN,0
-2.8104541,0.0034736893,1.3592322,0.65001875,-0.57661545,0.25299475,0.69038695,0.19340414,0.4371356,-0.42659557,1,chr17:45099253:prostate_gland:0,FN,0
6.1139235,0.006740227,0.8185009,-0.47268564,-0.8672904,0.0052517117,0.09596668,-0.040857416,-0.006815546,0.38560188,1,chr7:142750232:body_of_pancreas:0,TP,1
6.5208054,0.68686956,0.8367804,-0.03903855,-0.05325018,0.32329658,-0.2944917,0.7565972,-0.23588012,-0.07997768,1,chr5:151298414:body_of_pancreas:0,TP,1
-2.0775554,2.0594187,1.1814835,0.14427632,-0.29623583,-0.07455469,-0.8386319,-0.23182088,0.3085588,-0.35106197,0,chr5:76544689:transverse_colon:0,TN,0
-0.11392786,-1.3726898,0.6093295,-1.3256513,1.5567483,-0.53078014,0.92914456,-0.09904487,0.43155834,0.01629735,0,chr17:81413749:upper_lobe_of_left_lung:0,TN,0
3.7018514,-0.4798634,-0.23413193,0.05328465,0.5479019,1.0368631,0.005742123,0.5818804,0.3465237,-0.91984814,1,chr15:31200859:thoracic_aorta:0,TP,1
5.793759,0.23800911,1.0027106,-0.8141528,-0.63320595,0.12564006,0.28874794,0.26467863,-0.49417555,-0.08767689,0,chr19:47436804:adrenal_gland:0,FP,1
-1.8975737,1.7373638,-1.6792371,0.24500386,0.048698355,0.29770234,0.80163765,-0.17330663,-0.19632602,0.35585466,0,chr10:92074395:esophagus_muscularis_mucosa:0,TN,0
5.31635,-1.6196294,-0.12898399,-0.19090457,-0.43402946,0.34230128,-0.35807368,-0.14673337,0.12018491,-0.3090184,1,chr6:29705705:tibial_nerve:0,TP,1
-0.50370836,1.0859526,1.5361264,-1.4897835,-0.5247266,-0.8830419,0.46990997,-0.19014834,1.1022408,-0.30550048,1,chr15:40906278:tibial_artery:0,FN,0
-2.7178206,0.022189785,0.5948603,-1.435988,1.2408965,-0.98730004,-0.38362008,0.39715096,0.57668823,0.67010254,1,chr17:42761347:gastroesophageal_sphincter:0,FN,0
5.4774866,-0.7548755,-0.7602817,0.7051373,0.43426946,-0.21970402,-0.8850787,-0.32380944,0.1696194,-0.3895383,1,chr8:69248295:suprapubic_skin:0,TP,1
4.093908,-2.5984974,-1.0259608,-0.52396524,-0.49551842,0.502074,-0.58805144,-0.09573701,-0.3991707,-0.7440232,1,chr7:142463879:body_of_pancreas:0,TP,1
-3.372775,-0.30190346,0.24259911,-0.4660069,0.6197662,-0.13543387,0.23980227,-0.105987914,-0.76927614,0.30688614,0,chr7:88220243:body_of_pancreas:0,TN,0
5.6133285,-0.69013613,-0.40778214,0.62673444,0.8544074,-0.3093937,-0.8487612,-0.4830369,0.26817995,-0.51554734,1,chr12:109443212:body_of_pancreas:0,TP,1
1.5456532,0.0532614,-1.3416817,0.3800249,-0.6109055,-0.50951844,2.1354034,-0.37237805,1.144967,-0.5819113,1,chr20:41572206:body_of_pancreas:0,TP,1
3.1121647,-0.7571504,-1.1328038,0.9893041,2.199838,-0.24856086,-0.072445646,-0.62520087,1.1240486,-0.11522449,1,chr2:10271661:body_of_pancreas:0,TP,1
5.9122586,-0.04331593,0.030096404,0.5676352,0.8019669,-0.660101,-0.43868664,0.5494269,-0.11687808,-1.0728161,1,chr19:1037869:upper_lobe_of_left_lung:0,TP,1
5.9684305,-0.086345784,0.56549746,-0.58842564,-0.046993416,0.4607495,-0.07431773,-0.27322033,0.051607482,1.117907,1,chr15:79896760:upper_lobe_of_left_lung:0,TP,1
6.342216,-0.3202458,0.2527768,0.5220702,-0.080904365,-1.2090663,-0.3654673,-0.35400912,-0.35288018,-0.0922018,1,chr11:47642443:upper_lobe_of_left_lung:0,TP,1
-3.4537084,-0.24298096,0.9200702,0.63342917,-0.20287825,0.27612734,-0.27622432,0.3781716,0.04097866,0.31595728,0,chr8:9276778:body_of_pancreas:0,TN,0
-0.25152203,-0.22964205,0.01753235,-0.5208654,1.239581,-0.71059895,0.64330643,1.1559821,-0.59588504,-0.41694263,0,chr19:17283115:transverse_colon:0,TN,0
5.719719,-0.33311185,0.15902776,0.19656219,0.30936286,-0.6484382,-0.51173204,-0.14637347,-0.036539845,-0.04044481,1,chr9:129437413:prostate_gland:0,TP,1
4.92687,1.3415843,-0.015827311,0.21697354,-0.18165924,-0.1751513,0.8349528,-0.4082586,-0.10818796,1.1578037,1,chr11:94756207:body_of_pancreas:0,TP,1
-2.2514384,-0.70481443,0.26541516,0.46867782,-0.12005777,-0.06488338,-1.0291334,0.38589767,0.37783566,-0.0029869378,1,chr9:17531876:suprapubic_skin:0,FN,0
-1.0689851,0.56417644,1.3231847,0.21414474,0.643763,0.057311833,-0.6677621,0.04330391,1.479629,-0.845108,0,chr1:207321070:upper_lobe_of_left_lung:0,TN,0
-0.69028026,1.5942564,-1.555628,0.30817786,0.11982115,-0.27025554,1.4312904,-1.4325175,-0.07268186,0.6596732,1,chr8:30486503:thoracic_aorta:0,FN,0
3.1883032,1.1410162,-1.0589631,0.55878574,-0.29239625,-0.18795685,0.7328674,2.6109784,0.84223926,0.86555797,1,chr8:44636977:tibial_nerve:0,TP,1
-3.024745,-1.0150723,0.4336083,1.2466547,0.35379222,-0.5244723,-0.008718869,-0.099276416,-0.2231475,0.22237101,1,chr9:127348292:thoracic_aorta:0,FN,0
-1.5055009,0.7778418,-1.705312,0.8998115,1.0653062,0.6457513,-0.67035204,1.368166,0.8120351,0.4129865,1,chr20:28507029:thoracic_aorta:0,FN,0
-3.4395297,0.62474155,-1.060554,-0.47807276,-0.060646065,0.804498,-0.6698673,-0.23954196,-1.2299882,-0.067222655,0,chr5:139787668:testis:0,TN,0
-0.47400308,1.7448171,-0.41467133,0.16908377,0.2525033,-0.10780323,0.18404727,-0.74071467,-0.42834964,-0.2761915,0,chr10:29517575:esophagus_muscularis_mucosa:0,TN,0
-2.7710488,-1.8360324,-0.649642,-0.5238958,0.21354015,0.72155505,0.45538825,0.3084634,-0.39104047,0.27353716,1,chr2:239775219:body_of_pancreas:0,FN,0
-3.5159097,-2.1283832,0.81950897,2.128453,-0.36141366,0.54510003,0.017523196,-0.29669496,-0.4547069,0.37858877,1,chr9:546973:upper_lobe_of_left_lung:0,FN,0
-3.5341988,0.042045776,-1.6984202,-0.014927434,0.4779705,0.37967053,0.40910122,0.42322376,-0.88486683,0.21930286,0,chr16:67519147:body_of_pancreas:0,TN,0
5.8101344,0.72173256,0.027581602,0.4720169,-0.09179353,-0.3955892,-0.12732774,1.4176812,0.4529976,0.73122,1,chr8:45161471:gastrocnemius_medialis:0,TP,1
-1.37462,-1.5430597,0.3425267,-1.3791691,1.7333186,-0.4556738,-0.09498408,0.2893995,0.9484291,0.54282,1,chr18:74291399:tibial_nerve:0,FN,0
-1.0406848,-1.1785434,0.13950741,1.5034496,-0.8856958,0.057484735,0.66919416,0.32286677,0.05177379,-0.56066036,0,chr13:33543669:transverse_colon:0,TN,0
-1.1918298,-0.43956766,-0.88644207,0.710777,-0.04992839,1.1512846,0.89851236,-0.13131136,-0.4750593,0.19479139,0,chr13:23599548:body_of_pancreas:0,TN,0
-2.857751,-1.288283,0.7612274,0.80066943,-0.28147456,0.07403492,0.45558122,0.26884508,-0.38116318,-0.1956202,0,chr10:102775387:tibial_nerve:0,TN,0
2.9971578,-2.1030893,-0.9432907,-0.39331162,1.581174,-0.47426912,0.3908303,0.0738584,-0.17673482,-0.44060284,0,chr8:143574981:upper_lobe_of_left_lung:0,FP,1
-2.161,0.24573971,0.31420037,0.44303197,0.4172596,0.504818,-0.038008124,0.4665384,-0.51193094,0.0007206519,0,chr4:38783176:spleen:0,TN,0
3.071836,3.6502032,-0.0734538,0.11939117,-0.61010647,-0.36663568,1.1635283,0.7456305,-0.42232582,0.26829243,0,chr19:52748468:testis:0,FP,1
-1.7627678,1.0077487,-1.8908696,-0.0031173166,-0.111437306,0.10416144,-0.52316517,-0.104409136,-0.21660008,-0.35115603,1,chr6:291257:body_of_pancreas:0,FN,0
-2.9958565,-1.0668103,0.23424064,-0.329275,0.94717014,0.25320733,0.7833499,-0.08635276,-0.4819991,0.40462723,0,chr2:20617427:prostate_gland:0,TN,0
1.8348033,-1.2176108,-0.81912184,1.6412044,-0.3175279,-0.17646521,0.33171403,0.47657305,0.54437697,-1.5648824,1,chr7:95686086:transverse_colon:0,TP,1
6.3085318,1.1148409,0.30355385,0.65622145,-0.12704869,-0.6558307,0.12126254,1.1782598,-0.45467687,0.8320402,1,chr17:25564496:thoracic_aorta:0,TP,1
-1.1202174,-0.7605706,1.7564241,-0.6140764,1.2955009,0.19382526,0.39971274,-0.08474434,0.15466687,-0.15768908,1,chr7:267146:transverse_colon:0,FN,0
-0.33703446,-0.31686813,0.63995564,-0.9644965,-0.34954554,-0.62100756,0.14092518,0.62775767,-0.323199,-0.6557362,0,chr19:13803180:prostate_gland:0,TN,0
1.3080103,-1.1068338,0.4136638,-0.1545981,-0.80168337,0.091666244,0.68932813,0.20099002,0.7295968,-0.36871713,1,chr12:9283685:esophagus_muscularis_mucosa:0,TP,1
6.540345,-0.2710499,0.2099284,0.5018001,-0.38569534,-1.0855796,-0.1217055,-0.17993109,-0.30565363,-0.06713808,1,chr17:22909996:spleen:0,TP,1
-3.3758826,-0.16786574,0.8135531,-0.7250532,-0.29597485,-0.36740714,-0.4879926,-0.13771485,0.43902346,0.29356992,1,chr5:113606641:thoracic_aorta:0,FN,0
-0.7487153,3.473827,-0.1443086,-0.28065392,-0.029989397,0.3038049,-0.38532022,0.15025698,0.12452179,0.048687775,0,chr11:119031234:Peyers_patch:0,TN,0
-2.7655482,2.2733164,-0.39266056,0.10581903,-0.44904605,-0.09813743,-0.686708,-0.27416208,-0.14716594,-0.5656105,0,chr17:55526730:testis:0,TN,0
-2.5143695,0.2852638,1.4304769,1.6963681,-0.0492085,0.16145222,0.2690112,-0.60083646,-0.7305736,-0.019221779,0,chr12:91578079:gastrocnemius_medialis:0,TN,0
-1.4563558,-1.2360405,-0.017829012,-2.2646341,0.3490809,-0.021157235,-0.37750244,0.17875457,-0.038185433,0.032191034,0,chr17:65123411:upper_lobe_of_left_lung:0,TN,0
-0.5082598,-2.8693266,-1.4953486,-0.37486905,1.2482002,-0.9137097,0.4725736,0.2493136,-0.25738856,-0.30714318,1,chr6:3259228:tibial_nerve:0,TP,1
-1.5324413,3.0214407,0.118237354,-0.22114205,-0.29276043,0.010852845,-0.8296897,-0.27045208,-0.17826593,-0.41777757,0,chr7:5085799:suprapubic_skin:0,TN,0
-1.6932447,0.12379558,1.2826316,-0.5729993,0.38505352,-0.37012178,0.40956154,-0.21535473,0.540091,-0.33286354,1,chr14:101235442:tibial_artery:0,FN,0
-2.9299252,0.4486183,0.5397317,-0.8933511,-0.85981876,-0.50736386,-0.29057115,0.1928776,-0.09587579,0.0351099,0,chr19:40777787:spleen:0,TN,0
6.142165,0.14586113,0.6942018,-0.3194827,-0.43469453,0.258253,-0.09854386,0.47707766,-0.48468876,0.18241484,1,chr11:60251676:transverse_colon:0,TP,1
-0.10574968,0.43650684,1.6143936,-1.8798373,-0.71226066,0.7643636,0.35053304,0.2971679,0.81015414,-0.4733359,1,chr19:39824761:tibial_artery:0,FN,0
-0.8162534,0.0145949125,0.16321068,-1.1353045,0.94956774,1.4261527,0.13504833,0.24558707,1.0273815,0.4522329,0,chr5:42992982:transverse_colon:0,TN,0
-1.4268785,3.5015287,-0.45342526,0.021431101,0.06665472,-0.39778835,-0.057269193,-0.38780782,-0.31543225,-0.18300024,0,chr8:119862980:esophagus_squamous_epithelium:0,TN,0
5.4177866,2.4070435,0.22438353,0.73957694,0.39500132,0.014330123,-0.0057143304,1.9902781,-0.40993875,0.6282233,1,chr17:25579422:upper_lobe_of_left_lung:0,TP,1
-2.532153,1.9336935,-1.5021836,0.15548158,0.6462122,-0.115013056,-0.03923393,-0.74998564,-0.23408487,0.27124673,1,chr16:14300986:gastrocnemius_medialis:0,FN,0
-2.9760857,-0.089024276,1.1658043,1.5013285,0.3736127,0.8668899,0.60375935,-0.570666,-0.8673714,0.11770398,0,chr11:12087298:thoracic_aorta:0,TN,0
-3.9298353,-1.5551895,-0.69153184,-0.30233347,-0.6230038,-0.42676908,0.13822965,0.5261074,-0.75985676,0.20214853,1,chr4:77240591:tibial_artery:0,FN,0
-1.8473556,1.8814299,-1.46473,0.5600615,-0.039299574,0.702751,-0.25567317,0.6447666,0.28010496,-0.24626449,0,chr21:5260541:prostate_gland:0,TN,0
-2.307418,0.036475785,0.7928072,0.5158612,0.48400128,0.32498777,0.21435037,-0.019011578,0.31267452,-0.18442346,0,chr7:100217197:prostate_gland:0,TN,0
-3.7167037,-0.09088793,0.15292907,-0.74523413,0.3203593,-0.9438374,-0.30076867,-0.0052503287,-0.6995344,0.28618124,0,chr6:166383176:body_of_pancreas:0,TN,0
-3.8179495,-0.39883044,0.44929695,0.37337187,-0.7720144,0.22333491,0.15434615,0.021692341,-0.51233333,-0.18884085,0,chr19:43104227:esophagus_squamous_epithelium:0,TN,0
5.197052,-1.207987,-0.5906887,0.8602822,0.8656181,-0.6813505,-0.4630711,-0.7239494,0.11987421,-0.5306205,1,chr3:186302506:prostate_gland:0,TP,1
6.540345,-0.2710499,0.2099284,0.5018001,-0.38569534,-1.0855796,-0.1217055,-0.17993109,-0.30565363,-0.06713808,1,chr17:22909996:tibial_nerve:0,TP,1
-4.097631,-0.8046026,-1.0318174,0.7327544,-0.2638387,0.4392735,0.44664818,-0.1408854,-0.35222998,0.41680354,0,chr10:15106907:sigmoid_colon:0,TN,0
3.0718386,3.6502044,-0.073451795,0.1193912,-0.61010516,-0.36663488,1.1635288,0.74563223,-0.42232597,0.2682923,0,chr19:52748468:prostate_gland:0,FP,1
-2.3637464,1.8008149,-0.57550025,0.736527,-0.55597734,-0.47337583,0.0016293273,-0.18052296,-0.07631999,-0.23411924,0,chr8:8247882:thoracic_aorta:0,TN,0
-4.350193,-2.4992752,-1.0088555,1.119501,-1.0025461,0.13648133,-0.055146202,-0.12281362,-0.4483297,0.15435883,0,chr4:20422548:transverse_colon:0,TN,0
4.936294,-0.9552412,-0.60768497,0.20685582,0.30393264,-0.15545048,-0.37311673,-0.36577347,0.06757058,0.15897785,0,chr9:101449199:esophagus_muscularis_mucosa:0,FP,1
4.615281,-2.3398352,-1.205939,0.30964288,0.12528214,-0.37004504,-0.8445094,-0.5083382,-0.11592183,-0.27456608,1,chr7:100949229:Peyers_patch:0,TP,1
6.0532093,-0.15542188,0.30071214,0.22270127,-0.43932953,-0.2917743,0.22402665,-0.5796241,-0.022995947,-0.06727274,1,chr10:38653296:body_of_pancreas:0,TP,1
-1.2548976,0.12189731,-2.2823057,0.7637294,0.9031714,-0.3906411,0.1469808,-0.9871376,0.51085603,0.799852,1,chr22:20028091:prostate_gland:0,FN,0
-2.4816115,-0.66692674,0.4346235,-1.6362114,-1.0826979,-0.32258564,0.53542864,-0.20948759,0.08603322,-0.32692817,1,chr11:1652791:thyroid_gland:0,FN,0
1.5171922,0.3487226,-0.26354483,0.12012493,1.7059988,0.45384386,-0.26946118,0.6961604,0.18292195,-0.8234669,1,chr19:41914555:body_of_pancreas:0,TP,1
5.1625066,-1.0694672,-0.6163026,0.25707883,-0.1352205,-0.15087272,-1.0501761,-0.83608377,-0.079137094,0.059135415,1,chr11:19259633:upper_lobe_of_left_lung:0,TP,1
-2.2834978,-2.1833704,0.16795683,-0.24385141,0.5641585,0.66408134,0.07715834,0.6486049,0.60481864,-0.6126262,1,chr6:169655219:thoracic_aorta:0,FN,0
6.2545223,-0.6884814,0.24356188,0.1915971,-0.108428024,-0.46816498,-0.5381967,-0.21894999,-0.35004914,-0.080529384,1,chr9:129437752:body_of_pancreas:0,TP,1
6.371135,-0.47837594,0.472097,0.11989949,-0.3940549,-0.56443363,-0.35888922,-0.49461615,-0.28989688,0.34887367,1,chr7:22550492:adrenal_gland:0,TP,1
5.5443425,-1.3000529,-0.19769046,-0.013144729,0.3071591,0.27226648,-0.8518913,-0.37026983,0.12151706,0.041233115,1,chr3:75785357:tibial_artery:0,TP,1
5.9514217,0.46913412,0.39074054,0.5765434,0.85053444,-0.46380332,-0.17785804,0.18259314,-0.1235676,-0.38145187,1,chr16:85086903:prostate_gland:0,TP,1
5.959428,-0.7566817,0.22227572,-0.37720188,-0.23449427,0.28436816,-0.5717494,-0.15190606,-0.2946778,0.2708261,1,chr17:45585364:spleen:0,TP,1
0.77789605,-2.3069367,-1.4185268,-0.5274228,-0.857828,0.33800414,0.59484893,0.16219698,0.041805886,-0.39926812,0,chr2:215506074:body_of_pancreas:0,FP,1
6.477769,1.3881794,1.0587275,0.07815465,-0.3428097,-0.15682454,0.000802705,0.608149,-0.37928638,-0.15915442,1,chr1:13277261:spleen:0,TP,1
-2.579177,-0.055022694,1.3494852,-0.8628935,1.2225895,-1.1916728,-0.3698469,0.30997917,0.9648148,0.8447065,0,chr14:104137797:spleen:0,TN,0
-4.0570607,-1.8154984,0.7852387,1.312828,-0.59784013,0.47516617,-0.28492746,-0.32565966,0.17904876,0.36184844,0,chr3:178966680:Peyers_patch:0,TN,0
-0.98091537,-0.6337935,1.0529476,-1.3147099,1.6927806,-0.9394146,0.49795604,0.034227453,0.43154225,0.11126637,0,chr9:136400120:transverse_colon:0,TN,0
5.3765106,0.9899152,-0.19795746,0.90168387,-0.037355993,-0.64134735,0.31635383,1.4762933,0.45917353,0.39827296,1,chr17:23982409:testis:0,TP,1
6.325227,-0.69844854,0.016741293,0.31036213,0.054202933,-0.48116463,-0.63077855,-0.41668054,-0.22027457,0.13010241,1,chr3:75785419:prostate_gland:0,TP,1
-3.2504385,-1.0849935,-0.051835354,-0.19220062,-0.12217837,0.09210644,-0.018436523,0.3628088,0.61144465,-0.48201317,0,chr9:2872847:prostate_gland:0,TN,0
2.7709038,0.46366382,-0.00021116024,-0.40558517,-1.6449254,-0.46927938,1.0873827,-1.1012499,0.2687418,-0.36851144,1,chr2:196068383:Peyers_patch:0,TP,1
4.52073,-2.3127553,-0.9930046,-0.09090433,-0.13725449,-0.71727425,-0.19187413,-0.24055132,-0.3203974,-0.18309498,1,chr12:121918386:thoracic_aorta:0,TP,1
-1.8309304,-2.6898718,-0.9036524,-0.61649156,-1.2179652,-0.61823475,-0.03642318,0.20995776,1.1399744,-0.0613063,0,chr12:105235140:body_of_pancreas:0,TN,0
-0.45291245,0.3883016,-1.3423587,-0.89403087,-0.5644548,0.60341567,-0.37663877,0.21133819,-0.3208727,-1.2671672,1,chr2:3548243:body_of_pancreas:0,FN,0
-3.035335,-1.4166626,0.4158268,0.49237162,-1.1063615,0.9231397,-0.05048427,-0.45629138,0.3035596,-0.2312916,0,chr15:37133941:esophagus_squamous_epithelium:0,TN,0
0.1787108,2.7772322,0.22523028,-1.7055745,-1.0909504,1.3521539,-0.6603173,0.11416217,-0.36436784,-0.53364766,1,chr9:83219889:esophagus_squamous_epithelium:0,FN,0
-3.7943602,-0.99496573,-0.8581852,0.17678705,-0.884064,-0.5324383,-1.0320708,0.28662694,0.49253342,0.64726686,0,chr8:13656034:tibial_artery:0,TN,0
5.383939,-0.4768804,-0.24106766,0.3105705,0.0077459416,-0.78463906,-0.20555352,0.658446,-0.29544112,0.08738954,1,chr14:30690707:gastroesophageal_sphincter:0,TP,1
-3.158935,-0.48807916,-1.1354924,-0.06084618,-0.12168586,0.69437605,-0.47110376,0.06697314,-0.112429135,-0.37805724,1,chr12:71214746:Peyers_patch:0,FN,0
5.6520376,-0.817636,-0.04339556,-0.18745399,-0.70819885,0.2497911,-0.06437782,0.063691825,0.23517646,-0.08689356,1,chr18:68604528:body_of_pancreas:0,TP,1
5.9684305,-0.086345784,0.56549746,-0.58842564,-0.046993416,0.4607495,-0.07431773,-0.27322033,0.051607482,1.117907,1,chr15:79896760:suprapubic_skin:0,TP,1
-1.4754937,0.8095236,1.4278659,-1.3807384,0.7674008,-0.68975395,0.67235947,0.2124235,0.7855563,0.14659111,0,chr10:97737466:upper_lobe_of_left_lung:0,TN,0
-2.913948,-1.4277824,0.76066643,-0.8773497,0.3199674,-0.7987729,0.16089857,0.07016625,0.7694507,0.29427126,0,chr4:41216732:suprapubic_skin:0,TN,0
-2.7042031,0.15868396,1.8442508,0.92373604,0.40084016,0.32194594,0.3113164,-0.23072824,-0.02227796,0.44513306,0,chr20:47735973:omental_fat_pad:0,TN,0
3.5268981,-2.5618305,-1.0211166,-0.7364342,-0.49434447,0.8769225,-0.66968083,0.1675536,-0.285789,-0.58000636,0,chr7:142463839:upper_lobe_of_left_lung:0,FP,1
-2.589103,2.0938709,-0.31335098,-0.18100384,-0.87410134,-0.9029981,0.14269672,-0.21664515,-0.3215529,-0.4558054,0,chr2:159118640:thoracic_aorta:0,TN,0
1.7481123,-1.3874774,0.7680922,-0.7476373,1.6577694,0.18826003,0.8629488,0.4191243,0.43555883,-0.5334192,0,chr9:41356966:thoracic_aorta:0,FP,1
1.493841,-0.52055174,0.28327844,-0.52233404,2.3777988,-0.6626222,1.1674094,-0.25262707,-0.3844672,-0.18857066,1,chr20:26208339:upper_lobe_of_left_lung:0,TP,1
4.1998715,0.6054546,-0.24015433,-0.6789706,-0.38580418,0.9110897,-0.08210409,-0.42408597,0.39302447,0.070006244,1,chr17:879808:body_of_pancreas:0,TP,1
-3.1498263,0.27195418,-0.5311903,-0.27282044,-0.1779348,-0.12446604,0.24524382,0.08107199,0.7217683,0.1426604,0,chr2:216403921:spleen:0,TN,0
-1.1823467,-2.0325325,-0.5238416,0.62596375,1.821972,0.9296983,0.41367748,-0.7992525,-0.57133436,-0.0055764,1,chr2:46855233:thoracic_aorta:0,FN,0
-3.9063864,-0.28675795,0.61191535,-0.6146087,-0.4249545,-0.8427097,-0.8736019,0.13157253,0.1663792,0.42345673,1,chr9:97633155:upper_lobe_of_left_lung:0,FN,0
-2.055664,2.5404718,-0.32363212,-0.19385208,0.25437102,-0.19443093,-0.86455685,-0.10568173,-0.48302326,-0.23986174,1,chr8:41651698:body_of_pancreas:0,FN,0
5.4177866,2.407044,0.22438493,0.7395772,0.39500108,0.014330867,-0.0057136416,1.9902779,-0.4099393,0.62822497,1,chr17:25579422:esophagus_squamous_epithelium:0,TP,1
-1.6754506,-0.49436894,0.66565967,-2.224412,0.8853032,-0.6285523,0.6200518,0.16608933,-0.09177181,0.35381472,0,chr19:38770355:transverse_colon:0,TN,0
-3.7575865,-0.41157854,-1.4921883,-0.22031017,-0.8751228,-0.034031235,-0.5599107,0.55285454,-0.015164301,-0.21529137,0,chr16:75402814:prostate_gland:0,TN,0
-2.0671272,2.609157,0.4746032,-0.3646524,0.37785047,-0.48598567,-0.92633325,-0.36800304,-0.007762869,-0.177464,0,chr11:106077385:Peyers_patch:0,TN,0
-0.8688961,1.6852306,-1.5469118,0.17701459,-0.57929605,-0.0400321,0.3265617,-0.078485,-0.07394104,0.42414826,1,chr1:178788607:body_of_pancreas:0,FN,0
-1.0596355,-1.9850767,-0.42847723,-0.8293076,0.05248444,1.8335689,0.093444675,-0.18113597,-0.1769748,-0.4859879,1,chr12:8217209:body_of_pancreas:0,FN,0
-2.4816115,-0.66692674,0.4346235,-1.6362114,-1.0826979,-0.32258564,0.53542864,-0.20948759,0.08603322,-0.32692817,1,chr11:1652791:esophagus_muscularis_mucosa:0,FN,0
-1.2056984,-0.040387288,0.061541647,-0.6373802,0.38089904,0.07596093,0.40682736,0.66710854,-0.27817234,-0.13402592,0,chr2:109423970:gastrocnemius_medialis:0,TN,0
-0.75370723,1.8548495,-1.2857151,0.6662377,-0.16718052,0.035413355,1.121631,0.7008393,-0.08390365,-0.14980958,0,chr7:818297:Peyers_patch:0,TN,0
-0.46023393,2.0012233,-1.4027644,0.06271284,0.053401086,-0.30134267,1.1793516,-0.88860947,-0.2798503,0.80678266,1,chr16:2874817:tibial_artery:0,FN,0
-1.3176234,2.7473812,-0.61879355,0.009968025,0.1495068,0.068733424,-1.2733808,-0.4526359,0.009056421,-0.3435378,1,chr19:2391652:tibial_artery:0,FN,0
0.67842245,0.83864886,1.41887,-1.0004586,0.08400097,1.3060025,-0.31412685,-1.224931,2.120021,-0.36523712,1,chr1:27556965:omental_fat_pad:0,FN,0
-1.243776,0.55528754,-0.8381363,-0.11814015,0.81962097,0.067689516,0.63470155,0.2939038,-0.5000991,-0.11059938,0,chr20:17504720:esophagus_muscularis_mucosa:0,TN,0
-1.5054979,0.77784425,-1.7053108,0.8998125,1.065306,0.64575225,-0.67035216,1.3681672,0.81203425,0.41298538,1,chr20:28507029:prostate_gland:0,FN,0
-1.5406227,2.325501,-1.5536875,0.42595014,1.0161445,0.020462882,-0.5308844,-0.17981884,-0.0942678,0.3666606,0,chr1:1645734:adrenal_gland:0,TN,0
0.56565714,1.4046755,-0.7280022,0.067940585,-0.6508606,-0.11245508,1.2271569,0.5038235,-0.2245126,-0.38627288,0,chr15:60921364:body_of_pancreas:0,TN,0
-0.4693223,-0.3220727,-1.3474702,-0.2185933,2.6773603,-0.425422,0.075199045,-1.2267364,0.80927944,0.37354589,1,chr18:597094:spleen:0,FN,0
-2.270081,2.4442234,-0.75824165,-0.10676698,-0.122151084,-1.0023543,-0.11448038,-0.74479973,-0.2308357,0.047354598,0,chr2:88159923:prostate_gland:0,TN,0
-2.3065515,-0.8038319,0.28248003,-1.0002323,1.1904234,-0.63381255,0.8156199,0.34855726,0.16863678,0.45007595,0,chr10:103193249:upper_lobe_of_left_lung:0,TN,0
3.1883044,1.1410156,-1.0589623,0.5587848,-0.2923958,-0.18795583,0.7328681,2.6109784,0.8422389,0.8655581,1,chr8:44636977:tibial_artery:1,TP,1
-1.4462595,1.0834345,-1.5415726,0.8065424,-0.3896579,0.48102424,0.0077521335,0.37840086,0.7975607,0.20495851,0,chr14:35354324:body_of_pancreas:0,TN,0
1.4626849,2.4926164,-0.54720396,-0.90485835,-0.9906514,0.23871925,1.815861,-0.77748096,-0.34016603,0.4722714,1,chr19:45427778:body_of_pancreas:0,TP,1
-2.2875905,1.3065921,-1.2167631,0.2141284,-0.10652948,0.04576905,0.06732999,0.69334805,-0.6921897,-0.30156654,1,chr3:58025874:body_of_pancreas:0,FN,0
1.8802769,-0.95336026,-0.5540462,-0.13292879,1.0826732,0.20124727,-0.06925486,-0.1773455,0.4102763,-0.2937068,1,chr14:77027449:transverse_colon:0,TP,1
5.161336,-0.47174373,-0.70821345,0.6886828,1.4996494,-0.041349586,-0.85258067,-0.36766267,0.66177744,0.008413159,1,chr13:26472649:adrenal_gland:0,TP,1
4.52073,-2.3127553,-0.9930046,-0.09090433,-0.13725449,-0.71727425,-0.19187413,-0.24055132,-0.3203974,-0.18309498,1,chr12:121918386:Peyers_patch:0,TP,1
-0.11184087,-1.1285995,1.3856044,-1.181275,0.80926865,0.92301387,0.7748524,-0.736164,0.22987238,0.5047129,1,chr18:12307830:upper_lobe_of_left_lung:0,FN,0
-1.4224916,0.09642834,0.76543105,-1.3027786,1.0927157,-0.641609,0.40018624,0.0285075,0.52767026,0.36252427,0,chr17:42553705:body_of_pancreas:0,TN,0
-1.934471,2.4484231,0.6666338,-0.7682244,0.24942197,-0.0850044,-0.8439895,-0.04609642,0.13520876,-0.43773067,0,chr3:197510147:adrenal_gland:0,TN,0
-3.7524037,-2.6334474,-2.0388117,-0.25633094,-0.9877664,0.44001636,-0.018306239,0.14806482,0.14442463,-0.05404617,0,chr2:86948588:adrenal_gland:0,TN,0
5.8101344,0.72173256,0.027581602,0.4720169,-0.09179353,-0.3955892,-0.12732774,1.4176812,0.4529976,0.73122,1,chr8:45161471:tibial_artery:0,TP,1
1.3165326,-0.5297014,0.042109694,-1.788005,0.8902866,0.5524702,0.18509994,-0.70458454,0.5042367,-0.31741202,0,chr2:264820:esophagus_squamous_epithelium:0,FP,1
-2.0647707,1.056005,-0.8530684,0.5990418,-0.261508,-0.80683225,0.06890075,-0.37378386,0.8878143,-0.047406647,0,chr15:19942866:Peyers_patch:0,TN,0
-1.453807,0.3670479,-0.48620966,-0.4726762,0.18536693,0.6973742,1.0041171,-0.13842927,-0.43578386,0.23098376,1,chr19:8396778:Peyers_patch:0,FN,0
5.2460046,-0.6082634,-0.31282192,0.49297854,0.9380241,-0.5866273,-0.18679476,-0.353149,-0.3030503,-1.3022774,1,chr7:142771802:body_of_pancreas:0,TP,1
0.67841923,0.8386466,1.4188697,-1.0004586,0.08400184,1.3060027,-0.3141281,-1.2249303,2.1200209,-0.3652373,1,chr1:27556965:esophagus_squamous_epithelium:0,FN,0
6.6258674,0.016264452,0.34037247,0.55257314,0.3068926,-0.7322628,-0.60708636,-0.0483653,-0.27145666,-0.2875272,1,chr12:8390645:testis:0,TP,1
2.1262271,-1.3112899,0.7981612,-1.914693,0.06903274,-0.102000035,0.44158012,0.14963861,0.23177622,-0.14008065,1,chr12:57772619:thoracic_aorta:0,TP,1
-3.4489663,-1.9562302,0.013800307,1.7799889,-0.70673895,0.44372764,0.048322074,-0.46071318,0.09798049,0.14616995,0,chr13:113503334:body_of_pancreas:0,TN,0
-1.9951069,2.3562164,-1.1475493,0.020731628,0.5223078,-0.23428904,-0.20248726,-0.26675385,-0.6560128,0.2475121,0,chr6:32885726:body_of_pancreas:0,TN,0
2.0816338,-0.20713437,-0.19695619,0.4019349,0.5421679,1.9276129,0.13488165,0.46932068,0.06272716,-0.9567972,1,chr6:51569823:body_of_pancreas:0,TP,1
2.0203657,-1.4427669,-1.6691964,0.3335818,-0.67616487,1.106139,0.04114832,-0.7631754,0.066193685,0.94017464,0,chr9:127023140:body_of_pancreas:0,FP,1
-3.2032788,0.030353773,1.1844335,0.08827499,0.42272794,-0.33652377,-0.4199394,0.1975281,0.3777743,0.17668556,0,chr1:208242741:transverse_colon:0,TN,0
4.1565933,-1.8277026,-0.8353757,-0.039271764,-0.06649189,-0.19696239,-0.08931295,0.38944423,-0.023715135,-1.1121937,1,chr9:136983864:body_of_pancreas:0,TP,1
-1.5308673,3.2017581,0.18013333,-0.18131441,-0.25533897,-0.05376936,-0.84400266,-0.24603862,-0.06791918,-0.60580873,1,chr1:31423083:upper_lobe_of_left_lung:0,FN,0
0.7576806,-2.6810434,-1.9757755,0.09914129,-0.93515444,0.17689733,-0.16535817,0.19346702,0.16976877,-0.85350764,1,chr10:109892851:thoracic_aorta:0,TP,1
-3.081369,-0.95343137,0.86660844,1.8427244,-0.4968626,0.32512057,0.1015013,-0.4355247,-0.51762396,0.15489343,1,chr1:81549700:tibial_artery:0,FN,0
-1.7327594,2.2578704,-0.057124615,-0.58226824,-0.17880219,0.033349417,-0.9259891,-0.28056446,-0.38195348,-0.4310769,0,chr12:6938397:spleen:0,TN,0
-2.050338,0.2509568,1.2589339,-0.26157165,0.22390297,-0.025562081,0.10900458,0.32878885,0.09656696,-0.19564444,1,chr6:32852878:prostate_gland:0,FN,0
6.904042,0.118319914,0.4829873,0.5378541,-0.10061769,-1.0111066,-0.25865108,-0.49245015,-0.38271108,-0.026734523,1,chr3:75785547:tibial_artery:0,TP,1
6.5428977,-0.111041605,0.4351018,0.30134103,-0.5045544,-0.044240296,-0.40126854,0.12351422,-0.26962364,0.082279995,1,chr2:86221296:body_of_pancreas:1,TP,1
6.664995,-0.19422686,0.3570304,0.21528257,-0.039623093,-0.5658477,-0.354517,-0.33028904,-0.3994974,-0.09462845,1,chr3:75785609:esophagus_squamous_epithelium:0,TP,1
-3.5654457,0.42744616,0.5261151,-0.38302562,0.07372634,-0.7891908,-0.53951424,0.5096864,0.12523839,0.2893279,0,chr12:10723737:transverse_colon:0,TN,0
-3.1991243,0.49703845,-1.5771302,-0.2824501,0.41366842,0.023658274,-0.67714065,0.22941399,-0.7926667,-0.110882714,0,chr1:84753658:prostate_gland:0,TN,0
-1.8148918,1.7471681,-0.4206245,0.6097061,0.5090409,-0.40197682,-0.97584003,-0.0087684365,0.40784562,0.026380952,1,chr9:7273836:tibial_artery:0,FN,0
5.383939,-0.4768804,-0.24106766,0.3105705,0.0077459416,-0.78463906,-0.20555352,0.658446,-0.29544112,0.08738954,1,chr14:30690707:prostate_gland:0,TP,1
5.4734263,-0.6773497,-0.0024177337,0.1691205,-0.63160145,0.09601172,-0.19545063,-0.28774494,0.37404594,-0.22069773,1,chr10:26574003:adrenal_gland:0,TP,1
1.9353259,-1.2420859,0.98729324,-1.3016194,-0.15802063,1.341514,0.23590545,-0.051497787,0.37766317,-0.8112101,1,chr2:96533513:tibial_artery:0,TP,1
6.8625865,0.70572865,0.97313327,-0.06289573,-0.65732735,-0.068978585,0.0639698,0.34262082,-0.19967245,0.60594,1,chr7:142521135:gastrocnemius_medialis:0,TP,1
-3.668843,0.14933589,-0.04413385,0.2574406,0.34609315,0.062642,-0.476182,0.5738327,-0.45031318,0.031944748,0,chr15:85347229:upper_lobe_of_left_lung:0,TN,0
6.2009416,-0.73323274,-0.14280972,0.49682882,0.23484798,-0.7392693,-0.62715197,-0.1809958,-0.22360404,-0.3954531,1,chr12:52949183:body_of_pancreas:0,TP,1
-2.6449394,-0.010505629,0.36968935,-0.911852,0.048184596,-0.56006616,0.50746864,-0.41850173,-0.5539673,0.16845281,0,chr16:2004036:adrenal_gland:0,TN,0
-2.2514384,-0.70481443,0.26541516,0.46867782,-0.12005777,-0.06488338,-1.0291334,0.38589767,0.37783566,-0.0029869378,1,chr9:17531876:esophagus_muscularis_mucosa:0,FN,0
6.484976,0.9058605,0.9030134,0.05390395,-0.5141448,-0.82381153,0.3604676,0.40808105,-0.5064588,-0.41399515,1,chr7:63016031:upper_lobe_of_left_lung:0,TP,1
-3.3779027,0.37908682,-0.090346426,0.08775643,0.618524,0.503854,-0.051219814,0.42538172,-0.6103771,-0.61847264,0,chr3:71930956:upper_lobe_of_left_lung:0,TN,0
-2.6014235,-0.38311166,0.5655175,1.3653805,-0.7950285,-0.15295094,0.40452108,0.08680397,0.93120635,-0.41845626,0,chr16:33058240:prostate_gland:0,TN,0
5.8616414,-0.45999318,0.5467013,-0.65009356,-0.52998275,0.073049664,0.2650554,-0.11199779,-0.3054669,-0.069541745,1,chr7:1812632:gastrocnemius_medialis:0,TP,1
3.1883032,1.1410162,-1.0589631,0.55878574,-0.29239625,-0.18795685,0.7328674,2.6109784,0.84223926,0.86555797,1,chr8:44636977:spleen:1,TP,1
-2.68839,-0.6221867,-0.76631624,-0.90985906,0.011334063,-0.22234935,0.7215589,0.75172555,-0.81456834,0.011119159,1,chr3:75672243:body_of_pancreas:0,FN,0
-0.63644046,0.44811833,0.77009755,-2.2893698,0.5072712,0.33726487,0.2954207,0.62975186,-0.47118992,-0.3185364,1,chr19:2611355:tibial_artery:0,FN,0
2.7709038,0.46366382,-0.00021116024,-0.40558517,-1.6449254,-0.46927938,1.0873827,-1.1012499,0.2687418,-0.36851144,1,chr2:196068383:transverse_colon:0,TP,1
4.0371914,-1.1129698,-0.9341163,0.11276397,-0.5992955,0.33664975,-0.0974009,-0.6625312,0.66059387,0.74074906,1,chr5:168339955:body_of_pancreas:0,TP,1
5.9122586,-0.04331593,0.030096404,0.5676352,0.8019669,-0.660101,-0.43868664,0.5494269,-0.11687808,-1.0728161,1,chr19:1037869:transverse_colon:0,TP,1
-3.3875372,1.0034758,0.28379,0.02358414,-0.6255709,-0.26989815,-0.60838115,-0.57443714,0.2202624,-0.34823322,1,chr8:60233579:gastrocnemius_medialis:0,FN,0
-2.244733,0.47614753,0.6359472,-1.853836,0.5928144,-0.64068234,0.09952794,0.10478298,0.09435755,0.16641605,1,chr11:11622213:transverse_colon:0,FN,0
-3.3018265,-1.6856813,-0.58579147,0.9930175,-0.72595614,0.33462232,-0.2507766,-0.047631174,-0.53383446,-0.14515492,0,chr1:63896307:body_of_pancreas:0,TN,0
-3.7821884,-0.6117634,0.58450586,-0.33914977,0.60146725,-0.7065864,-0.009299884,0.2490528,-0.34822124,0.17367928,0,chr3:150546348:Peyers_patch:0,TN,0
1.7153772,-0.30800194,-1.9323492,-0.30613628,-0.9733644,0.6758101,-0.14925945,-1.0356002,0.23003241,-0.61896247,1,chr8:30230823:tibial_artery:0,TP,1
-0.052181207,-2.685125,-0.50882566,-1.2173064,1.2601779,-0.51468533,0.474624,-0.06103708,-0.55139714,0.3049712,1,chr5:132737309:thoracic_aorta:0,TP,1
-3.6259968,-0.5279173,1.0849863,0.2197297,-0.025713842,-0.15833758,0.45392132,-0.08318488,0.047287703,-0.03608109,0,chr4:153792277:body_of_pancreas:0,TN,0
-3.6303039,0.716368,0.18851793,-0.48338324,-0.54580235,-0.6504556,-0.19039746,-0.026986899,-0.77111536,-0.18354237,0,chr20:47677799:prostate_gland:0,TN,0
-3.2706833,0.6592427,0.88127524,-0.23665507,-0.6872202,-0.4023326,-0.5724857,-0.0043207887,0.9911594,-0.1791467,0,chr3:32510453:upper_lobe_of_left_lung:0,TN,0
-3.4199908,-1.9446832,-0.05271235,0.29320136,-0.6407014,0.054425437,-0.82669324,0.609106,0.30952752,0.051898874,0,chr10:6088262:thoracic_aorta:0,TN,0
-2.2555306,0.39047703,-1.2145305,0.11765037,0.07285025,0.43477854,0.21047786,-0.07544616,-0.2582802,-0.03920082,0,chr1:117678181:body_of_pancreas:0,TN,0
-3.2884445,0.18371192,0.9733174,1.1117893,-0.31463394,0.34262517,-0.25567877,-0.4388148,-1.0617741,0.07371065,0,chr1:9466896:body_of_pancreas:0,TN,0
-2.3799155,0.019422311,0.5341324,-1.0146304,1.4615992,-0.995196,-0.042699836,-0.21299388,-0.19764762,0.47837585,0,chr22:49918733:prostate_gland:0,TN,0
6.664995,-0.19422686,0.3570304,0.21528257,-0.039623093,-0.5658477,-0.354517,-0.33028904,-0.3994974,-0.09462845,1,chr3:75785609:tibial_nerve:0,TP,1
2.6467493,0.5166917,-0.2833712,-0.06338773,1.5501859,1.3840656,-0.88795424,1.2462367,0.33400202,-1.224255,0,chr21:44601263:transverse_colon:0,FP,1
1.0562639,-1.8022943,-1.9109324,0.8855239,-0.12280515,-0.28933755,-0.5771028,-0.3452725,0.41375363,-0.46447924,1,chr1:143504935:body_of_pancreas:0,TP,1
-3.7576466,-1.5122417,-0.8683131,1.6756747,-0.6797403,0.17827247,-0.6221877,0.02286329,0.27344376,0.111315355,0,chr2:89262782:body_of_pancreas:0,TN,0
-0.7824035,1.4674329,-0.925825,0.1687301,-0.45077354,0.4895417,0.42950657,0.64653504,0.12797672,0.08823492,0,chr12:14454207:transverse_colon:0,TN,0
5.3953547,1.7413466,1.2909517,-0.27086693,-1.6724465,0.4645792,0.75940645,0.33663866,0.19907135,0.62425214,1,chr3:172712400:body_of_pancreas:0,TP,1
-3.5111065,-1.4781455,0.55409235,0.92637193,-0.67896867,0.21211855,-0.29384816,-0.003659502,1.2708601,0.2639701,0,chr3:35965898:prostate_gland:0,TN,0
-2.987579,-0.06851009,1.0252464,1.6715945,-0.41833833,0.3541132,-0.1957628,-0.06966968,-0.90548134,0.2839928,0,chr1:63965939:body_of_pancreas:0,TN,0
1.7935119,0.15434137,-1.270716,-0.08215828,0.07422897,-1.0305676,0.93901813,0.015016414,-0.39623106,-0.09028712,0,chr15:43826691:upper_lobe_of_left_lung:0,FP,1
1.4368447,-1.1800869,0.48045248,-1.7641115,0.667385,0.5158609,0.08346026,0.6623709,-0.27948162,-0.40690076,0,chr1:111991123:upper_lobe_of_left_lung:0,FP,1
4.871829,-0.80906373,-0.8228221,0.5928972,0.093413495,0.11601076,-0.49961594,-0.070251465,0.59225255,0.6375798,1,chr3:103094197:thyroid_gland:0,TP,1
-2.988408,-1.534128,-0.0043254653,-1.5280056,1.5104218,-1.3966162,0.67298603,-0.28447175,-0.24742351,0.55860966,1,chr9:136728193:adrenal_gland:0,FN,0
-2.9046474,0.31207463,-1.446439,-0.09549621,-1.0122755,-0.16829094,0.84436405,0.4624468,0.26742193,0.04149308,0,chr14:72572939:body_of_pancreas:0,TN,0
-3.299134,-0.88706064,0.41401938,-0.0061517837,-0.33816484,0.6467135,0.025722813,-0.11553727,-0.12118993,-0.36935654,1,chr2:36701506:esophagus_squamous_epithelium:0,FN,0
-0.015120549,-0.028984392,0.6799418,-0.18024373,1.2042319,0.91498685,-0.2585316,0.39814273,1.1131996,-0.6402982,0,chr8:22210567:transverse_colon:0,TN,0
6.371135,-0.47837594,0.4720972,0.119899124,-0.3940566,-0.5644332,-0.3588907,-0.494616,-0.28989735,0.3488738,1,chr7:22550492:thoracic_aorta:0,TP,1
5.9291415,-0.1846429,-0.3529808,0.67405796,0.73403436,-0.69051266,-0.70419425,-0.34049982,-0.21118177,-0.083081976,1,chr15:24767525:thyroid_gland:0,TP,1
5.4774866,-0.7548755,-0.7602817,0.7051373,0.43426946,-0.21970402,-0.8850787,-0.32380944,0.1696194,-0.3895383,1,chr8:69248295:prostate_gland:0,TP,1
-1.9097052,-0.07115889,-1.2021703,0.64845216,-0.8757512,-0.29588646,0.4076123,-0.16959886,0.99318373,-0.7003802,0,chr8:60731508:Peyers_patch:0,TN,0
0.78074145,1.3139232,-1.2173712,0.69438535,1.1981626,0.7436875,0.91185457,0.14612257,0.58535045,0.35772958,0,chr9:113491519:thoracic_aorta:0,TN,0
5.0389857,-0.003657987,-0.052203536,0.48159122,1.20677,-0.13892467,-0.34106758,0.6576679,-0.17255603,-0.7863236,1,chr19:45678133:esophagus_muscularis_mucosa:0,TP,1
-3.6386354,0.97669935,-0.81761754,-0.2962315,-0.4105344,-0.5961967,-0.29100674,-0.38560984,-0.49755105,0.04758042,0,chr4:174222342:body_of_pancreas:0,TN,0
-0.4693223,-0.3220727,-1.3474702,-0.2185933,2.6773603,-0.425422,0.075199045,-1.2267364,0.80927944,0.37354589,1,chr18:597094:prostate_gland:0,FN,0
-1.728702,3.08548,0.41839966,0.23685631,0.23063153,0.1429168,-0.90883946,-0.65476036,0.17015134,-0.6160703,1,chr10:14543432:Peyers_patch:0,FN,0
-3.245615,-1.3936905,-0.37487626,0.9201159,-0.30996004,0.3807996,-0.5702211,0.48818427,-0.52227336,0.17814331,0,chr21:46683136:body_of_pancreas:0,TN,0
-3.056363,1.3242406,-0.97568476,-0.22200951,0.6998098,-0.3771175,-0.27249736,-0.43837672,-0.151501,0.13142815,0,chr16:24749189:body_of_pancreas:0,TN,0
2.7709072,0.46366492,-0.00021047644,-0.40558535,-1.6449256,-0.4692807,1.0873833,-1.10125,0.26873988,-0.36851057,1,chr2:196068383:suprapubic_skin:0,TP,1
0.67842245,0.83864886,1.41887,-1.0004586,0.08400097,1.3060025,-0.31412685,-1.224931,2.120021,-0.36523712,1,chr1:27556965:testis:0,FN,0
0.67842245,0.83864886,1.41887,-1.0004586,0.08400097,1.3060025,-0.31412685,-1.224931,2.120021,-0.36523712,1,chr1:27556965:prostate_gland:0,FN,0
-1.1823438,-2.0325308,-0.52384067,0.625965,1.8219721,0.9296998,0.41367784,-0.7992519,-0.5713338,-0.005576971,1,chr2:46855233:tibial_artery:0,FN,0
5.96843,-0.08634687,0.5654969,-0.5884262,-0.046992917,0.46074924,-0.07431763,-0.2732204,0.051608484,1.1179067,1,chr15:79896760:body_of_pancreas:0,TP,1
-3.2222416,-1.0156205,1.093904,1.0496761,0.48466387,0.832299,0.22594127,-0.5998437,-0.67029375,0.036754318,0,chr11:16881655:upper_lobe_of_left_lung:0,TN,0
-3.7466412,-0.36182135,-0.015157127,-0.7696805,-0.5415543,-0.4785255,-0.40558377,0.6484613,-0.5254093,-0.17098445,0,chr6:169790103:adrenal_gland:0,TN,0
5.2258325,1.4724935,0.89172053,-1.0929096,-1.4290394,1.3400828,0.040239498,0.6410794,-0.2708433,0.7914916,1,chr6:43386692:esophagus_squamous_epithelium:0,TP,1
-0.3375021,0.27393416,-1.6581122,0.5583206,-1.0914044,-0.12840956,0.1637012,0.4249236,0.66228724,0.24387094,0,chr19:12426576:body_of_pancreas:0,TN,0
1.2092801,-2.0500367,-0.7027045,-1.3708289,1.0423278,-0.19430554,0.747633,0.08702435,-0.37723,-0.43930745,1,chr19:1512093:upper_lobe_of_left_lung:0,TP,1
-1.5055009,0.7778418,-1.705312,0.8998115,1.0653062,0.6457513,-0.67035204,1.368166,0.8120351,0.4129865,1,chr20:28507029:sigmoid_colon:0,FN,0
6.5428977,-0.111041605,0.4351018,0.30134103,-0.5045544,-0.044240296,-0.40126854,0.12351422,-0.26962364,0.082279995,1,chr2:86221296:thoracic_aorta:1,TP,1
-0.21643277,1.9238503,-1.4115227,-0.8847738,0.08021428,1.5361351,-0.1808101,-0.19453846,-0.70686305,0.28096852,1,chr7:134519810:body_of_pancreas:0,FN,0
5.2004266,-1.2267891,-0.69304895,0.5297835,0.603864,-0.5004245,-0.7287373,-0.3615896,0.06575699,-0.14703892,0,chr9:129437243:transverse_colon:0,FP,1
-2.102813,-0.26192638,1.6937122,1.6586822,0.7970378,0.742022,0.30960125,-0.17198467,-0.5602597,-0.20093793,1,chr6:131199853:transverse_colon:1,FN,0
-1.1017046,1.0334003,-0.4620839,0.39302114,0.46053696,-0.20096035,-0.58082265,-0.061058916,1.1145141,-0.078689426,0,chr2:9139756:transverse_colon:0,TN,0
0.8358684,1.3517702,-0.23394197,-1.0513177,-1.8452817,0.2265313,0.79371876,-0.26723415,0.13616168,-0.5040561,0,chr19:51473170:tibial_artery:1,FP,1
3.404287,-0.5328481,-0.37999642,-0.46321422,-0.10210137,0.6951507,0.023929948,-0.42235014,-0.010720319,0.52543133,0,chr1:9251444:upper_lobe_of_left_lung:0,FP,1
-3.1928859,-0.28050476,0.10743056,-0.5387653,-0.7394914,-0.15613599,-0.73883194,-0.6633465,0.46589184,-0.2942537,0,chr20:40968996:omental_fat_pad:0,TN,0
-1.7473434,1.0791528,1.9455574,1.5495391,0.40540054,0.7429818,0.6092652,-0.2984279,0.023900153,-0.11545019,0,chr8:125432545:gastroesophageal_sphincter:0,TN,0
-3.024745,-1.0150723,0.4336083,1.2466547,0.35379222,-0.5244723,-0.008718869,-0.099276416,-0.2231475,0.22237101,1,chr9:127348292:adrenal_gland:0,FN,0
-2.73322,-0.44145665,1.6535013,2.1632822,-0.29953453,0.42960626,-0.008118679,-0.23885041,-0.74991995,0.42683294,0,chr6:22413833:thoracic_aorta:0,TN,0
0.5581849,1.7142044,-1.3493396,-0.19164228,-0.48384246,0.61956066,0.61678183,-0.87773985,-0.61952335,1.3858708,0,chr19:8354017:transverse_colon:0,TN,0
6.595822,0.7454125,0.96623456,-0.07313679,-0.6858459,-0.8023541,0.37954423,0.19396846,-0.2987174,0.10402093,1,chr7:63016040:adrenal_gland:0,TP,1
5.011825,-1.721026,-0.7899104,0.15194479,-0.23956846,-0.016304847,-0.55190337,-0.82483,-0.038530037,-0.35675985,1,chr7:142776507:thoracic_aorta:0,TP,1
-3.2287652,-0.9714234,0.8005612,0.21184371,0.6496752,0.18769671,0.36038727,0.10497941,-0.30629256,0.13074085,1,chr6:32665287:upper_lobe_of_left_lung:0,FN,0
-3.92171,-0.8303175,-0.0120214615,0.21261133,-0.5332728,-0.23092343,-0.63122845,-0.21533583,-0.17051728,0.06751872,0,chr17:37488552:upper_lobe_of_left_lung:0,TN,0
4.908758,-0.64414346,-0.4113685,0.9970514,0.46110573,-0.10968075,-0.63731253,-0.08398513,-0.17439185,-0.55055165,1,chr10:36190244:prostate_gland:0,TP,1
-2.705065,-1.1207582,1.0647545,2.13235,-0.3016784,0.59248793,0.39346325,0.17653437,0.42569226,-0.24968386,0,chr2:73360584:prostate_gland:0,TN,0
-2.8583639,0.31762922,0.22122085,-0.46847942,-0.09683235,-0.5170333,-0.170382,0.13049944,-0.10935527,0.481016,0,chr3:127455641:prostate_gland:0,TN,0
-1.9266193,-0.028633123,0.75774944,1.871707,0.30701995,0.7618103,1.4220575,-0.53329974,-0.7167644,-0.3445694,0,chr9:127955840:upper_lobe_of_left_lung:0,TN,0
-1.6471332,0.42135218,-1.4148186,-0.19642931,0.14692132,-0.09388484,0.3854638,0.043336708,-0.6963813,-0.45543593,0,chr20:35598594:body_of_pancreas:0,TN,0
-3.081451,-1.2845216,0.7360586,0.68732,0.015931563,-0.14408132,-0.1256555,0.36760154,0.45511407,0.57824373,0,chr5:136058064:tibial_artery:0,TN,0
-3.0791707,-0.57056844,0.3449501,1.0733517,-0.9594513,-0.58887327,-0.64656806,-0.40546605,0.86756843,0.3106108,1,chr6:106223515:transverse_colon:0,FN,0
6.371135,-0.47837594,0.472097,0.11989949,-0.3940549,-0.56443363,-0.35888922,-0.49461615,-0.28989688,0.34887367,1,chr7:22550492:spleen:0,TP,1
-1.6510767,-1.6989356,0.2855823,0.75687,-1.2620448,0.021167045,1.3234621,0.08635192,0.94586253,-0.62588763,0,chr6:53171827:spleen:0,TN,0
1.2153424,0.85145193,-1.357085,0.39333874,0.5207545,-0.5524029,1.2732136,-0.5842008,0.38534582,0.21307014,1,chr20:47494439:sigmoid_colon:0,TP,1
3.9403694,0.5067761,0.0026651758,-0.15742168,0.1386362,1.449378,-0.5530859,-0.5483075,0.6438854,2.1553802,1,chr19:21484173:sigmoid_colon:0,TP,1
-2.3605454,-0.83275265,0.09311538,-0.38792938,0.23319985,-0.27691093,-0.2276491,0.17541778,0.50867903,-0.5079365,0,chr16:89641687:thoracic_aorta:0,TN,0
6.477769,1.3881794,1.0587275,0.07815465,-0.3428097,-0.15682454,0.000802705,0.608149,-0.37928638,-0.15915442,1,chr1:13277261:transverse_colon:1,TP,1
6.5428977,-0.111041605,0.4351018,0.30134103,-0.5045544,-0.044240296,-0.40126854,0.12351422,-0.26962364,0.082279995,1,chr2:86221296:tibial_artery:0,TP,1
-2.0713108,1.458378,1.3407199,0.707861,0.10055469,-0.36208272,0.1584748,0.09561954,-0.464723,-0.05684878,0,chr5:44809059:prostate_gland:0,TN,0
-0.25152203,-0.22964205,0.01753235,-0.5208654,1.239581,-0.71059895,0.64330643,1.1559821,-0.59588504,-0.41694263,0,chr19:17283115:upper_lobe_of_left_lung:0,TN,0
-2.516291,1.1892562,-0.18124554,0.87212133,-0.1408644,-0.19585672,1.5955219,-0.5561076,-0.2006298,-0.080616385,1,chr17:61312058:sigmoid_colon:0,FN,0
5.8101344,0.72173256,0.027581602,0.4720169,-0.09179353,-0.3955892,-0.12732774,1.4176812,0.4529976,0.73122,1,chr8:45161471:spleen:0,TP,1
6.1772027,-0.63483644,-0.024337973,0.48153552,-0.16339067,-0.51074135,-0.5850305,-0.30529273,-0.29247758,0.38366136,1,chr6:31374359:suprapubic_skin:0,TP,1
1.4626923,2.492617,-0.54720265,-0.9048585,-0.9906528,0.23871979,1.81586,-0.77747965,-0.3401652,0.47227237,1,chr19:45427778:prostate_gland:0,TP,1
-3.0996385,1.6698914,-1.7805508,0.36691785,0.32278234,-0.22861013,-0.6560179,-0.83536786,-0.2875615,0.07951703,0,chr11:111429318:gastrocnemius_medialis:0,TN,0
-1.2419838,0.90197694,-1.965657,0.12153766,0.0028019394,-0.16666311,0.11756716,-0.26959306,0.09513625,-0.42035133,0,chr7:11976725:body_of_pancreas:0,TN,0
-2.2514384,-0.70481443,0.26541516,0.46867782,-0.12005777,-0.06488338,-1.0291334,0.38589767,0.37783566,-0.0029869378,1,chr9:17531876:transverse_colon:0,FN,0
4.219795,-1.2565416,-0.3194681,0.27295136,-0.41022775,-0.16794565,-0.2320249,-0.002983795,-0.37837803,-1.0585762,1,chr4:75289967:spleen:0,TP,1
-2.3158262,0.17618367,1.7328705,1.799003,0.19454566,0.6914137,0.04264904,-0.22717443,-0.7630006,0.114355825,0,chr15:91142292:Peyers_patch:0,TN,0
-3.7443457,-2.7672398,-0.53221333,1.6009775,-0.50248015,0.12326677,-0.11218026,-0.21587029,-1.0270387,0.6589616,0,chr9:68342712:thoracic_aorta:0,TN,0
-3.4806483,-1.7082448,-0.38487467,-1.32235,-0.47251412,-0.97753084,0.29956418,0.07718444,-0.08186674,0.5366562,0,chr16:10744055:tibial_artery:0,TN,0
3.1883032,1.1410162,-1.0589631,0.55878574,-0.29239625,-0.18795685,0.7328674,2.6109784,0.84223926,0.86555797,1,chr8:44636977:esophagus_squamous_epithelium:0,TP,1
-3.1045024,1.7428764,0.06702652,-0.58237576,-0.56190383,-0.4394983,-1.0555221,0.07556659,-0.3098779,-0.5027,0,chr7:4479690:transverse_colon:0,TN,0
-2.6691546,1.5910136,-1.0062846,-0.03353848,-0.19830674,0.21213636,-0.10888459,-0.2917295,0.0073966524,-0.026411496,1,chr2:88880497:esophagus_squamous_epithelium:0,FN,0
5.31635,-1.6196294,-0.12898399,-0.19090457,-0.43402946,0.34230128,-0.35807368,-0.14673337,0.12018491,-0.3090184,1,chr6:29705705:tibial_artery:0,TP,1
-3.6246166,-0.23279764,1.0319201,0.4408423,-0.03617715,0.059946965,-0.22327726,-0.12457473,-0.5522874,0.1020137,0,chr14:106061994:body_of_pancreas:0,TN,0
-3.6233454,-2.4482088,-0.41850212,-0.4653192,0.46933585,-0.39828554,0.4592972,0.3677098,0.48184037,0.7248833,1,chr12:10213267:tibial_nerve:0,FN,0
-2.5752108,0.04972275,2.104049,1.2119883,-0.0064639747,0.19962062,0.2874238,-0.04709741,0.34868896,-0.13563493,0,chr9:13034420:testis:0,TN,0
0.88245326,1.633172,1.1413912,-1.1751829,-1.3493651,0.4377903,1.1596036,0.708986,-0.04439127,-0.63033444,0,chr13:33542012:thoracic_aorta:0,TN,0
-2.4832864,1.0069013,-2.4150908,0.56081164,0.33431387,0.5314093,-0.19831802,-0.088347346,0.3815131,0.31402907,0,chr4:90804298:body_of_pancreas:0,TN,0
3.9138477,-2.3933778,-0.76285654,-0.5805494,-0.5296358,0.7632587,-0.58495134,-0.08775602,-0.33788025,-0.76864195,1,chr7:142463889:prostate_gland:0,TP,1
-3.6339335,-1.0468067,0.9149143,1.4444135,-0.25900406,-0.03368329,-0.4620656,-0.012253896,-0.36499807,0.48903063,1,chr1:230216168:tibial_artery:0,FN,0
-1.4347386,3.1182115,0.039780166,-0.15134127,-0.26728132,-0.15295327,-0.94955695,-0.18021993,0.19852962,-0.4043567,1,chr15:78860534:Peyers_patch:0,FN,0
6.370759,-0.56304616,0.30116212,0.44575542,-0.36525643,-0.306483,-0.14756344,-0.5187796,0.12196921,0.7374024,1,chr3:81292180:thyroid_gland:0,TP,1
-2.8488278,0.58406454,-0.22435616,0.73278147,-0.6536916,-0.09370387,-0.4030447,-0.070222236,0.5290224,-0.15671831,0,chr6:32692044:adrenal_gland:0,TN,0
6.6258674,0.016264452,0.34037268,0.5525726,0.30689198,-0.73226285,-0.60708594,-0.04836541,-0.2714572,-0.28752673,1,chr12:8390645:thoracic_aorta:0,TP,1
-3.6353755,-1.3549528,0.27018434,1.4190148,-0.7657071,0.16773899,0.04254383,-0.10551652,0.8125299,-0.36077783,1,chr3:114540521:body_of_pancreas:0,FN,0
-1.4753402,2.801093,-0.51514024,0.0019925118,0.062337536,-0.15623909,-1.2567167,-0.47774425,-0.122673236,-0.5178292,0,chr1:203340487:esophagus_muscularis_mucosa:0,TN,0
-1.4303622,1.4046738,-1.3124843,-0.33469382,-0.12943529,-0.21084705,0.14103828,-0.48697752,-0.18746947,0.18321358,0,chr2:11829237:thoracic_aorta:0,TN,0
6.5403433,-0.27105138,0.20992798,0.50180125,-0.38569477,-1.0855789,-0.1217049,-0.17993122,-0.3056529,-0.0671379,1,chr17:22909996:omental_fat_pad:0,TP,1
-2.0868754,2.410091,-0.22886042,-0.6652054,-0.4605745,-0.6237517,-0.8900556,-0.6029576,-0.34180105,-0.64919865,0,chr1:44655842:transverse_colon:0,TN,0
-2.4136598,-0.045070414,1.2641326,-1.1023003,0.999516,-0.19681828,0.13065164,-0.35541633,-0.25462177,0.26047075,1,chr19:56120808:transverse_colon:0,FN,0
2.6590846,0.20520167,-0.3870876,0.190982,1.5225533,-0.0902054,-0.2144452,0.0033533445,0.32904628,-0.78784424,1,chr18:12089248:body_of_pancreas:0,TP,1
-1.453807,0.3670479,-0.48620966,-0.4726762,0.18536693,0.6973742,1.0041171,-0.13842927,-0.43578386,0.23098376,1,chr19:8396778:upper_lobe_of_left_lung:0,FN,0
-2.6693082,-1.5084196,-1.0377676,-2.055946,0.556566,-0.66617435,-0.013440463,0.50760484,-0.37233925,0.15174115,1,chr7:100894790:transverse_colon:0,FN,0
-3.305699,0.85743636,0.36432046,-1.4592491,0.019573314,-0.6097837,-0.81777096,0.025985748,0.35837853,-0.022919904,0,chr1:112955660:body_of_pancreas:0,TN,0
-3.488599,-0.6561812,0.6882537,-1.175054,-0.16677226,-0.8628713,-0.00816288,0.009137923,0.2503177,0.2512393,0,chr12:12357162:esophagus_squamous_epithelium:0,TN,0
-2.579177,-0.055022694,1.3494852,-0.8628935,1.2225895,-1.1916728,-0.3698469,0.30997917,0.9648148,0.8447065,0,chr14:104137797:transverse_colon:0,TN,0
-1.3868808,1.7449946,-0.8362412,0.6709533,0.8814477,-0.250814,0.45221135,-0.28850082,0.9443211,-0.17297348,0,chr19:53793516:body_of_pancreas:0,TN,0
-2.2514384,-0.70481443,0.26541516,0.46867782,-0.12005777,-0.06488338,-1.0291334,0.38589767,0.37783566,-0.0029869378,1,chr9:17531876:gastroesophageal_sphincter:0,FN,0
5.383939,-0.4768804,-0.24106766,0.3105705,0.0077459416,-0.78463906,-0.20555352,0.658446,-0.29544112,0.08738954,1,chr14:30690707:transverse_colon:0,TP,1
5.5443425,-1.3000529,-0.19769046,-0.013144729,0.3071591,0.27226648,-0.8518913,-0.37026983,0.12151706,0.041233115,1,chr3:75785357:thoracic_aorta:0,TP,1
0.5937028,-2.379237,-1.0700574,-0.89600044,1.3501979,-0.10709049,0.36100882,-0.23796327,-0.18002184,-0.8993857,0,chr7:2064001:esophagus_muscularis_mucosa:0,FP,1
-2.5999775,1.184058,-2.1277363,0.5208316,0.4393685,0.27272093,-0.1810579,-0.13379303,-0.027209615,0.22124411,0,chr10:29337841:body_of_pancreas:0,TN,0
4.780275,-1.6505412,-0.5435807,0.20016378,0.74034655,-0.34749904,-0.2930709,-0.713936,-0.09623137,-0.26957372,1,chr9:61668518:prostate_gland:0,TP,1
1.9370005,0.41864306,-0.8635746,0.43491748,-0.19944976,0.7228849,0.05718698,0.75648576,0.36798602,-1.1385396,1,chr4:69335395:body_of_pancreas:0,TP,1
-1.9752905,-0.1768656,1.4649811,-1.3336611,1.2530915,-0.69164795,0.32260382,0.027506134,0.013413259,0.6281231,0,chr8:11868003:tibial_nerve:0,TN,0
6.371135,-0.47837594,0.472097,0.11989949,-0.3940549,-0.56443363,-0.35888922,-0.49461615,-0.28989688,0.34887367,1,chr7:22550492:gastrocnemius_medialis:0,TP,1
5.9514217,0.46913412,0.39074054,0.5765434,0.85053444,-0.46380332,-0.17785804,0.18259314,-0.1235676,-0.38145187,1,chr16:85086903:thoracic_aorta:0,TP,1
-0.6074887,0.85783416,-0.8407914,0.89606965,0.9749105,0.724314,0.21593934,-0.4906529,-0.47450647,-0.049893074,0,chr5:616644:transverse_colon:0,TN,0
-3.7636852,-2.0007663,-0.24877752,1.3435788,-0.18262671,0.5549794,0.21833013,-0.093921065,-1.2090545,0.32346177,1,chr12:87953379:Peyers_patch:0,FN,0
-2.4123483,1.9658439,-1.3573593,0.09450485,-0.4065741,-0.3253095,-0.46798885,-0.8680362,-0.37771174,-0.22657338,0,chr11:6706236:prostate_gland:0,TN,0
3.5071778,-1.1180177,0.0124683855,-0.4067778,0.34548447,-0.8893785,0.83453315,-0.9059568,0.23050883,0.051006388,1,chr12:1922226:spleen:0,TP,1
0.3406082,1.2178346,-1.4585806,0.668224,-0.1556178,-0.44433033,0.65626836,-0.3696234,0.73851377,0.34861785,0,chr18:72028983:body_of_pancreas:0,TN,0
-4.3083143,-0.47762483,0.020594096,0.3030173,-1.0464042,-0.6258257,-0.5825196,-0.23145698,-0.1836192,0.104740314,0,chr6:32622456:upper_lobe_of_left_lung:0,TN,0
2.8942146,0.4429584,-1.2859379,-0.25234288,0.5704545,1.672957,-0.19742651,0.044248793,-0.17322049,1.4422184,1,chr19:4352840:Peyers_patch:0,TP,1
-0.8122679,0.6855807,-0.68610954,-0.16944091,0.19160523,-0.10382504,1.7885414,-0.49319857,0.4597514,-0.40321243,0,chr11:68395490:body_of_pancreas:0,TN,0
-3.5833561,-0.9525617,0.545678,1.4232574,-0.3065284,0.13947734,-0.21465671,0.15453574,-0.5958359,0.4295422,1,chr3:16550863:body_of_pancreas:0,FN,0
4.684043,-0.4291064,-0.04847592,1.3125505,0.74056536,0.038481254,-0.19431503,0.18337096,-0.1972487,-1.7637748,1,chr7:142752505:body_of_pancreas:0,TP,1
1.910864,-0.93970346,-0.25094876,0.54067653,-0.8565837,0.38998505,1.5158468,0.31563494,1.1757123,-1.0972552,1,chr6:53956277:transverse_colon:0,TP,1
-3.2046556,-0.33876115,0.79921794,0.11816545,-0.10352635,-0.19538313,-0.2975303,0.3242974,0.96013415,-0.12220516,0,chr9:64877929:transverse_colon:0,TN,0
-3.2090173,-1.8264563,0.7941824,-0.6635771,0.6116111,-0.5748913,0.20850036,-0.029992089,-0.37899438,0.52583545,0,chr17:45584815:esophagus_squamous_epithelium:0,TN,0
-0.46932176,-0.32207474,-1.3474715,-0.21859334,2.6773608,-0.42542112,0.075198844,-1.2267367,0.8092801,0.37354514,1,chr18:597094:esophagus_squamous_epithelium:0,FN,0
-1.6163533,0.50310624,-2.4506981,0.5713628,0.014005066,0.15067232,0.112121865,-0.947383,0.5075619,0.6918488,0,chr15:86477922:gastroesophageal_sphincter:0,TN,0
-3.4780765,-1.3329325,0.08201717,-1.633138,-0.15540405,-0.519635,0.098905504,0.4355219,-0.29723173,0.45648453,0,chr2:3558387:lower_leg_skin:0,TN,0
-1.5301273,2.394611,-1.9170089,0.4486728,0.34346712,0.49862292,0.17747441,-0.2979845,0.07349232,0.5895373,0,chr7:35653744:prostate_gland:0,TN,0
-2.5076241,0.24969672,-0.15292934,0.35155287,-0.15738899,-0.5271638,0.08193967,0.6092009,0.3110339,-0.07442448,0,chr16:53093934:transverse_colon:0,TN,0
5.971383,0.34353012,0.13267079,0.056716833,0.72005785,0.42434216,-0.6602034,0.29345092,-0.043091014,-0.3471929,1,chr8:38057146:Peyers_patch:0,TP,1
-3.5898764,-0.2178259,1.0386051,-0.8415796,0.19931084,-0.7371236,-0.4839278,0.30081216,0.6167143,0.29265428,0,chr1:6603493:upper_lobe_of_left_lung:0,TN,0
-2.703299,1.0651437,0.43424195,-0.866025,0.374379,-0.21113059,-0.65982217,0.3754659,-0.7174522,-0.22261421,0,chr9:81690044:body_of_pancreas:0,TN,0
-4.4327054,-1.4744843,-0.23904663,-0.42578292,-0.7539678,-1.1395873,-0.6147099,0.13321042,-0.18263538,0.6277673,0,chr19:18192987:spleen:0,TN,0
-3.0858788,-0.39767572,0.68635935,0.87541217,-0.24710329,0.47976273,0.99279624,-0.09844682,-0.50413173,-0.43224213,0,chr15:82444016:gastroesophageal_sphincter:0,TN,0
-2.2945206,-0.8998551,1.5592861,1.9510294,0.098956674,0.43901968,0.785248,-0.21207188,0.43669832,-0.15134956,0,chr4:15478857:adrenal_gland:0,TN,0
6.325227,-0.69844854,0.016741293,0.31036213,0.054202933,-0.48116463,-0.63077855,-0.41668054,-0.22027457,0.13010241,1,chr3:75785419:thoracic_aorta:0,TP,1
5.316351,-1.6196285,-0.12898335,-0.19090496,-0.43402997,0.34230033,-0.3580732,-0.14673313,0.12018393,-0.30901772,1,chr6:29705705:thoracic_aorta:0,TP,1
-1.0047611,1.4175833,-1.3001782,0.578736,0.17694083,-0.4377381,-0.038908184,-0.36603004,0.55386627,0.3472299,0,chr11:76920284:sigmoid_colon:0,TN,0
-2.9856672,0.59560376,-0.08301582,0.8364763,-0.5843997,-0.788397,-0.04709773,0.199484,0.69108784,0.13843413,0,chr6:147285258:testis:0,TN,0
5.5285325,-0.6362913,0.1362453,0.29760084,0.45758805,-0.9505125,0.07304127,0.18263376,0.1273493,-0.77368456,1,chr7:100965903:Peyers_patch:0,TP,1
-4.1026697,-0.76783055,0.019165816,0.32650644,-1.0861089,-0.90423083,-0.6227858,0.002053413,-0.26278225,0.21184185,0,chr18:32549320:prostate_gland:0,TN,0
3.4191086,-0.95873165,0.5436057,-1.4869412,0.08971823,-0.26717174,0.49488136,-0.18621941,0.25132293,0.5593996,1,chr5:177133842:tibial_nerve:0,TP,1
6.5403433,-0.27105138,0.20992798,0.50180125,-0.38569477,-1.0855789,-0.1217049,-0.17993122,-0.3056529,-0.0671379,1,chr17:22909996:stomach:0,TP,1
0.069783784,0.87397295,-0.10516473,0.6978778,2.8115516,0.025010794,-0.29299405,0.045868836,0.9013388,-0.20606795,1,chr3:183116478:transverse_colon:0,FN,0
-2.3530338,0.24565186,1.4033896,0.992442,-0.6969226,-0.03032518,0.13860098,-0.27244312,1.1703117,-0.36015937,0,chr22:10673306:suprapubic_skin:0,TN,0
5.5443425,-1.3000529,-0.19769046,-0.013144729,0.3071591,0.27226648,-0.8518913,-0.37026983,0.12151706,0.041233115,1,chr3:75785357:testis:0,TP,1
-3.0594106,-2.6327174,-2.010415,0.7490263,-0.60148776,0.115880534,0.7008407,-0.13296363,-0.19253752,-0.21806988,0,chr10:86439730:adrenal_gland:0,TN,0
-1.2018354,0.43792096,1.8134657,1.807931,-0.22898538,-0.21371207,0.00064694876,0.27073598,0.9296001,0.10528523,0,chr2:102839798:prostate_gland:0,TN,0
1.8871529,0.24397203,0.7896055,-1.1355177,-1.1543797,-0.7682437,0.4578749,0.64515436,-0.39621103,-0.4974693,0,chr3:37242935:tibial_nerve:0,FP,1
0.30706248,-0.12745135,-0.4618021,0.98355436,1.1229274,0.87630785,0.2124471,-0.40842295,-0.0014250898,-0.47900355,1,chr10:47381118:body_of_pancreas:0,FN,0
-3.479557,0.95564777,-0.6835864,-0.5847294,-0.14737932,0.08558368,-0.8236105,0.60470486,-0.9373634,-0.3532889,0,chr10:43667279:suprapubic_skin:0,TN,0
-1.549487,2.241027,-0.9679902,0.48245147,0.56882536,0.70935184,0.01719783,-0.28324303,-1.0172619,0.37711096,0,chr16:1812722:transverse_colon:0,TN,0
-1.7657233,-0.7088084,0.043156132,0.6095573,0.43288025,-0.60587776,0.88794833,0.66701573,-0.1396026,0.0557973,0,chr11:118145352:transverse_colon:0,TN,0
-1.4101579,-1.4115983,1.0304656,-0.8217575,2.0191188,-0.06967605,1.3942126,0.21074018,-0.45720628,0.58349603,1,chr8:28701937:prostate_gland:0,FN,0
-3.6035986,0.09368352,0.4988656,0.019347968,-0.8045651,-0.50945747,-1.0552498,-0.088440366,0.626296,-0.10039574,0,chr2:225002373:sigmoid_colon:0,TN,0
0.7837224,-1.8069355,-0.17473005,-2.012975,1.2744713,-0.74618196,0.2687045,-0.5050903,0.72106653,0.16913392,1,chr11:32892862:tibial_nerve:0,TP,1
-1.5307094,2.7103572,0.0832781,-0.6444129,-0.8821707,-0.18619716,0.33464357,-0.37481,-0.45455256,-0.5876508,1,chr16:4548780:adrenal_gland:0,FN,0
-4.4327054,-1.4744849,-0.23904689,-0.4257822,-0.7539674,-1.1395868,-0.6147096,0.13321051,-0.18263493,0.62776744,0,chr19:18192987:esophagus_muscularis_mucosa:0,TN,0
5.200427,-1.2267892,-0.6930487,0.52978325,0.6038641,-0.5004245,-0.7287369,-0.36159042,0.065756805,-0.14703816,1,chr9:129437243:Peyers_patch:0,TP,1
-3.2369142,-1.7580864,0.40857103,1.4963461,-0.64090663,0.058170933,-0.34396818,-0.22628741,-0.290611,0.0016221507,0,chr7:26369037:esophagus_muscularis_mucosa:0,TN,0
-1.9536786,0.4945874,0.891824,1.2182511,0.17764597,0.89126676,-0.006188633,-0.063208066,0.21694453,-0.06878125,0,chr1:63575748:gastrocnemius_medialis:0,TN,0
0.17561373,1.9469055,1.2456379,-0.80063474,-0.4828302,0.91247946,0.05840859,0.13206387,0.59984463,-0.4139056,1,chr1:202006221:transverse_colon:0,FN,0
-2.7655482,2.2733164,-0.39266056,0.10581903,-0.44904605,-0.09813743,-0.686708,-0.27416208,-0.14716594,-0.5656105,0,chr17:55526730:tibial_nerve:0,TN,0
-2.2514346,-0.7048142,0.26541647,0.4686798,-0.120056696,-0.064882666,-1.0291332,0.38589758,0.3778365,-0.002986793,1,chr9:17531876:prostate_gland:0,FN,0
4.1701403,-0.42897266,0.037265252,-0.66650474,0.5603269,0.319377,-0.02913066,-0.27558345,0.5955043,-0.5082172,1,chr16:75234163:thoracic_aorta:0,TP,1
-0.9353598,2.3034174,-1.5405207,0.6687843,0.76444536,0.38933283,0.67613536,0.33621582,-0.39748994,0.42621657,0,chr7:75671027:upper_lobe_of_left_lung:0,TN,0
-1.4811887,1.5684353,-1.442036,0.7031699,0.4741529,-0.31650084,-0.10237335,-0.07758771,0.31570008,-0.5557566,0,chr7:71222150:gastroesophageal_sphincter:0,TN,0
-3.406247,-1.8220958,-0.10041837,0.31334227,-0.62394196,0.06457142,0.03768089,0.2808807,0.77064437,0.17868362,0,chr18:35386084:gastroesophageal_sphincter:0,TN,0
-2.2069619,1.1843852,1.7906837,0.49006382,0.23778722,0.15748817,0.413357,-0.87540877,-0.099101685,0.08467678,0,chr17:48556597:thoracic_aorta:0,TN,0
-2.5804157,-1.3209473,-1.0770892,0.85563767,-1.0309047,0.36072132,1.3314474,-0.16715303,0.00018541675,-0.5487464,0,chr8:101575030:Peyers_patch:0,TN,0
1.9353259,-1.2420859,0.98729324,-1.3016194,-0.15802063,1.341514,0.23590545,-0.051497787,0.37766317,-0.8112101,1,chr2:96533513:thoracic_aorta:0,TP,1
-2.913948,-1.4277824,0.76066643,-0.8773497,0.3199674,-0.7987729,0.16089857,0.07016625,0.7694507,0.29427126,0,chr4:41216732:gastroesophageal_sphincter:0,TN,0
-2.617867,1.898706,-1.6097019,-0.06091274,0.41321784,0.30069613,-0.07786974,-0.30693588,-0.31597364,0.6884422,0,chr12:32060676:tibial_artery:0,TN,0
1.4626923,2.492617,-0.54720265,-0.9048585,-0.9906528,0.23871979,1.81586,-0.77747965,-0.3401652,0.47227237,1,chr19:45427778:tibial_artery:0,TP,1
-3.323728,0.15536584,-0.40726492,-0.57483745,-0.7245522,-0.3723079,-0.46463966,0.28362766,-0.20143569,-0.45341069,0,chr8:54166457:prostate_gland:0,TN,0
-2.52527,-0.39066315,0.4684704,-0.7294617,1.3651655,-0.34848806,0.40824372,0.15797777,-0.16366458,0.16882434,0,chr8:143771613:upper_lobe_of_left_lung:0,TN,0
-4.301117,-1.9350442,-0.41619664,-0.80447704,-0.90243274,-0.6857221,-0.45837414,-0.074864805,-0.25321695,0.3912119,0,chr5:108748411:body_of_pancreas:0,TN,0
-2.7496524,0.26201728,1.5880225,0.18289796,1.0892396,-0.28685114,0.18084842,0.19665274,0.19965714,0.30450666,0,chr18:74598412:tibial_nerve:0,TN,0
5.959428,-0.7566817,0.22227572,-0.37720188,-0.23449427,0.28436816,-0.5717494,-0.15190606,-0.2946778,0.2708261,1,chr17:45585364:gastrocnemius_medialis:0,TP,1
5.2258325,1.4724935,0.89172053,-1.0929096,-1.4290394,1.3400828,0.040239498,0.6410794,-0.2708433,0.7914916,1,chr6:43386692:body_of_pancreas:0,TP,1
3.3517756,-2.784279,-1.4414301,-0.004125332,-0.80184215,0.3659076,-0.5630555,-0.20639671,0.30416256,-0.23392233,1,chr11:86939404:body_of_pancreas:0,TP,1
-0.8368608,1.1141181,-2.060747,-0.13064915,0.25973722,0.49545938,1.480201,-0.7522226,-0.09808959,0.8284686,1,chr17:45234687:body_of_pancreas:0,FN,0
-4.045347,-0.6004494,-0.9035773,-0.6824742,0.19055456,-0.35224703,-0.2932472,0.45660263,0.085160665,0.034097068,0,chr16:57591317:Peyers_patch:0,TN,0
-1.6522121,0.0657595,1.0261921,1.6762,-0.14511856,-0.17935793,0.31046957,0.39818275,-0.11866088,-0.49429408,1,chr6:137697537:upper_lobe_of_left_lung:0,FN,0
-2.2287571,0.3392862,0.8357522,-0.85851043,1.0312375,-0.7799293,-0.2059658,0.09515971,0.43831807,0.50412947,1,chr5:36241819:thoracic_aorta:0,FN,0
-2.3002615,-0.43745536,-0.107581705,-0.19811213,0.8183299,-0.7276076,0.48659167,0.15809788,-0.58221006,0.12790532,0,chr17:82698739:upper_lobe_of_left_lung:0,TN,0
-1.3504647,0.43697453,-2.019467,0.44647074,-0.8356407,1.214558,0.2742432,-0.30178547,-0.49785748,-0.26737535,0,chr16:25261909:body_of_pancreas:0,TN,0
6.177202,-0.6348373,-0.02433892,0.48153523,-0.16339073,-0.5107413,-0.585031,-0.30529296,-0.29247734,0.38366172,1,chr6:31374359:gastroesophageal_sphincter:0,TP,1
2.7364626,2.1143298,-0.62734246,0.27795142,-0.6206401,-0.6077254,1.5473231,0.0393861,0.452888,0.63507986,0,chr21:8337478:transverse_colon:0,FP,1
-2.1093988,0.4097029,-0.23586667,0.26873937,0.24731208,0.5037506,0.1576825,0.098379,9.263693e-06,-0.559419,0,chr7:107814719:body_of_pancreas:0,TN,0
-3.861249,-2.2759562,0.744331,0.76555705,-0.33532542,0.25110552,0.20637217,-0.12654833,-0.65167713,0.2876847,1,chr17:80891370:tibial_artery:0,FN,0
-4.746076,-1.5869992,-0.6184437,-0.06968946,-1.1188127,-0.82147044,-0.6371172,0.14757729,0.040269133,0.06699953,0,chr3:113577845:prostate_gland:0,TN,0
5.810133,0.72173125,0.027579904,0.4720167,-0.091794185,-0.3955888,-0.12732998,1.4176806,0.4529978,0.7312198,1,chr8:45161471:prostate_gland:0,TP,1
-3.6306531,-0.48992267,1.1174302,1.1268847,-0.4680965,-0.14849447,-0.28491327,0.12024106,-0.5511233,0.41659424,0,chr12:50765356:suprapubic_skin:0,TN,0
1.4626849,2.4926164,-0.54720396,-0.90485835,-0.9906514,0.23871925,1.815861,-0.77748096,-0.34016603,0.4722714,1,chr19:45427778:body_of_pancreas:1,TP,1
-1.2018348,0.43792254,1.8134675,1.8079325,-0.22898544,-0.2137129,0.00064629276,0.27073598,0.92959934,0.10528508,0,chr2:102839798:esophagus_muscularis_mucosa:0,TN,0
-3.5740657,-0.75067645,1.0101956,0.008313097,-0.063928396,0.41768053,-0.15092102,-0.01180078,-0.5374336,-0.037891842,1,chr5:149431239:prostate_gland:0,FN,0
-2.3962662,-1.121734,-0.55592626,-1.1081979,-0.66133636,0.22587673,-0.071882926,0.634119,-0.19308986,-0.8938681,0,chr14:20681770:adrenal_gland:0,TN,0
-2.1808212,0.28276855,2.2523012,2.1753702,0.34747437,0.6021991,0.51802975,-0.45338312,-0.48746675,0.2927098,0,chr9:70113868:body_of_pancreas:0,TN,0
6.371135,-0.47837594,0.4720972,0.119899124,-0.3940566,-0.5644332,-0.3588907,-0.494616,-0.28989735,0.3488738,1,chr7:22550492:gastroesophageal_sphincter:0,TP,1
4.80254,0.17883348,-0.4440831,0.8930704,-0.12029387,-0.9237269,0.56056446,0.8427831,0.88984823,-0.1595928,0,chr20:30003193:upper_lobe_of_left_lung:0,FP,1
-2.2514346,-0.7048142,0.26541647,0.4686798,-0.120056696,-0.064882666,-1.0291332,0.38589758,0.3778365,-0.002986793,1,chr9:17531876:esophagus_squamous_epithelium:0,FN,0
-4.755049,-2.653224,-0.4163449,0.6286208,-0.2313582,0.08148694,-0.23660399,-0.010662528,-0.40004966,0.57838106,0,chr6:25359408:body_of_pancreas:0,TN,0
6.4113564,0.80783165,1.0444595,-0.27343777,-0.9601646,-0.4487662,0.54732037,0.092851646,-0.42872018,0.5683235,1,chr6:32477160:transverse_colon:0,TP,1
-2.179354,1.2243757,-0.05019626,-0.09391248,0.38828337,0.37236038,-0.21839462,0.55605006,0.67575204,-0.48444808,0,chr14:106843761:body_of_pancreas:0,TN,0
-1.21087,0.8810461,1.8148146,2.267961,0.2930536,0.7882631,0.7702223,0.0057742535,-0.062430978,-0.26794997,1,chr9:16039580:gastroesophageal_sphincter:0,FN,0
-3.2995782,-1.9736477,-0.82312304,0.30207485,-0.12955195,-0.045517154,0.57378525,0.7083378,-0.14629869,0.25452632,0,chr3:194640197:upper_lobe_of_left_lung:0,TN,0
-1.5307094,2.7103572,0.0832781,-0.6444129,-0.8821707,-0.18619716,0.33464357,-0.37481,-0.45455256,-0.5876508,1,chr16:4548780:spleen:0,FN,0
-3.8052766,-0.703155,0.51565,0.2229835,-0.63143635,-0.29003558,-0.4631134,-0.019373551,0.4342136,0.16790622,0,chr6:24991997:gastrocnemius_medialis:0,TN,0
-2.3200607,-0.79946506,-0.4608204,-1.075046,0.34374923,-1.043161,0.8179019,0.92216,-0.42996785,0.19537862,0,chr19:43207151:spleen:0,TN,0
-2.451081,-1.8911995,-0.2724257,1.740301,-0.38554096,0.22001134,0.88057375,0.1308786,0.10972457,-0.62220585,1,chr7:48425047:upper_lobe_of_left_lung:0,FN,0
-2.2514346,-0.7048142,0.26541647,0.4686798,-0.120056696,-0.064882666,-1.0291332,0.38589758,0.3778365,-0.002986793,1,chr9:17531876:upper_lobe_of_left_lung:0,FN,0
-2.228142,-0.8751931,-1.2832398,0.5789309,-0.42026517,0.3285824,1.2604814,0.22342129,-0.58261144,-0.7334008,0,chr1:23185269:esophagus_squamous_epithelium:0,TN,0
-1.9044482,2.7889912,0.066410795,-0.7066418,-0.075361446,-0.3252465,-0.5787032,-0.2711105,-0.27757478,-0.4124579,0,chr9:131762784:body_of_pancreas:0,TN,0
3.7355514,-0.024354324,-0.15725596,-0.5602039,0.18154739,0.19682986,0.21583326,0.24780019,0.080542535,-0.2663561,1,chr9:127360508:Peyers_patch:0,TP,1
-3.7137523,-1.8242115,0.33990127,-0.7649046,0.7460839,-0.24087511,0.53737485,0.06551558,-0.5005939,0.30626237,0,chr19:4042859:body_of_pancreas:0,TN,0
-1.8590875,0.31373996,1.4002912,0.6293622,0.95772743,-0.044560045,0.23476441,-0.10382478,-0.43729508,0.19900331,0,chr10:70404713:transverse_colon:0,TN,0
-3.5260518,0.52754253,0.88672113,-0.6431279,-0.17583308,-0.9307664,-0.7410055,-0.17469151,0.44044468,0.29811418,0,chr19:19515959:transverse_colon:0,TN,0
0.4756484,-2.4361815,-0.72728837,-0.6443028,1.8428118,-0.50658756,0.80294216,0.51696455,0.3240817,-0.48009345,1,chr6:31356821:thoracic_aorta:0,TP,1
-2.829029,-3.5647426,-0.93408805,-0.017344302,-0.50464475,0.4077919,0.85636866,0.08547735,-0.19898188,-0.09681772,0,chr1:208234091:body_of_pancreas:0,TN,0
6.467288,-0.17896065,0.21042755,0.35514548,-0.26427975,-0.23733625,-0.50464445,0.27420488,-0.049931098,0.13473853,1,chr14:106508377:spleen:0,TP,1
-3.024745,-1.0150723,0.4336083,1.2466547,0.35379222,-0.5244723,-0.008718869,-0.099276416,-0.2231475,0.22237101,1,chr9:127348292:tibial_artery:0,FN,0
-2.8041263,0.60288244,1.2727,1.0997702,-0.4106194,0.19287649,0.1338339,-0.35376552,-0.31979135,-0.004493164,0,chr16:48556233:body_of_pancreas:0,TN,0
-3.046571,-0.0046034036,0.8764838,-0.80003905,-0.013718318,-0.46301234,-0.76428235,0.04542352,0.30345306,-0.40591207,1,chr3:187741990:thoracic_aorta:0,FN,0
3.4413068,1.1932082,-0.21955241,0.33509725,0.007618216,0.18305391,0.957815,0.37368187,0.6685766,0.44881037,1,chr3:104102588:tibial_artery:0,TP,1
-2.911441,1.2144246,-0.45466807,-0.4209989,-0.16732952,-0.55953497,-0.42969778,0.19967042,-0.14030848,-0.18037263,0,chr7:151111021:prostate_gland:0,TN,0
-3.5758193,0.82148176,-0.5745808,-0.27248088,-0.68417627,-0.09794058,-0.19584367,-0.12695633,-0.3119227,-0.6373526,0,chr19:33143907:esophagus_muscularis_mucosa:0,TN,0
-3.2232769,-0.92017937,1.0195411,-0.51078564,-0.4558264,-0.1366979,0.10081593,0.23851305,0.29023725,0.053912275,1,chr14:80955078:esophagus_muscularis_mucosa:0,FN,0
-1.1017046,1.0334003,-0.4620839,0.39302114,0.46053696,-0.20096035,-0.58082265,-0.061058916,1.1145141,-0.078689426,0,chr2:9139756:Peyers_patch:0,TN,0
5.4686446,-0.7037709,-0.010464979,-0.13193646,0.57526225,0.029514557,-0.2388508,-0.6379793,0.38795325,0.6775817,1,chr3:165196968:sigmoid_colon:0,TP,1
-0.023792781,0.88941085,-1.1471522,-0.61948615,-0.6873315,0.85756886,0.50206476,-0.7679818,-0.07901611,0.7770432,0,chr1:240004353:esophagus_squamous_epithelium:0,TN,0
6.5403433,-0.27105138,0.20992798,0.50180125,-0.38569477,-1.0855789,-0.1217049,-0.17993122,-0.3056529,-0.0671379,1,chr17:22909996:body_of_pancreas:0,TP,1
-1.4764837,1.0577618,-1.7555884,0.30656055,0.24578562,0.2820393,0.6684194,-0.11343187,-0.23969185,0.25343376,0,chr21:33380487:thoracic_aorta:0,TN,0
-2.523198,-2.2001073,-0.5436659,-0.4845355,-0.99883986,0.6717298,0.15103367,0.8557776,-0.25808343,-0.4160769,1,chr17:40909531:spleen:0,FN,0
5.9514217,0.46913412,0.39074054,0.5765434,0.85053444,-0.46380332,-0.17785804,0.18259314,-0.1235676,-0.38145187,1,chr16:85086903:sigmoid_colon:0,TP,1
-2.3562298,-2.4440248,-0.10146951,-1.8611588,0.095926635,0.04264807,0.37485272,0.47074464,-0.09102249,0.115563154,0,chr1:31715618:gastrocnemius_medialis:0,TN,0
-3.7198362,-1.076774,0.44918844,-0.10770083,0.2977802,0.317115,0.027736535,0.014415694,0.17111184,0.14211316,0,chr16:29265466:body_of_pancreas:0,TN,0
1.8802769,-0.95336026,-0.5540462,-0.13292879,1.0826732,0.20124727,-0.06925486,-0.1773455,0.4102763,-0.2937068,1,chr14:77027449:gastroesophageal_sphincter:0,TP,1
-1.4165213,2.0766993,-0.62488043,-0.6379044,-0.03264161,1.3892841,-0.6695475,0.44346762,0.095316246,-0.26043302,1,chr20:29406048:upper_lobe_of_left_lung:0,FN,0
6.1772027,-0.63483644,-0.024337973,0.48153552,-0.16339067,-0.51074135,-0.5850305,-0.30529273,-0.29247758,0.38366136,1,chr6:31374359:spleen:1,TP,1
-0.75370866,1.8548497,-1.2857153,0.6662376,-0.16718107,0.035413828,1.1216297,0.7008394,-0.08390502,-0.14981028,0,chr7:818297:testis:0,TN,0
-5.1561856,-2.2941942,-1.0141991,-0.362293,-0.832842,-0.67312485,-0.41437554,0.3320857,-0.49458256,0.60802084,0,chr11:115170291:transverse_colon:0,TN,0
-2.7544696,-0.541974,0.78446954,-0.022936286,0.16252676,0.021542262,1.0287614,0.43254066,0.10396976,0.040083203,0,chr1:154867316:Peyers_patch:0,TN,0
2.6006968,1.125965,1.5832794,0.6943716,1.2165093,0.07534061,0.16829793,0.52021796,0.61809343,-1.7142293,1,chr7:142771231:body_of_pancreas:0,TP,1
-0.96609825,1.3485461,1.030287,0.056656826,0.49492717,0.67508477,0.3540259,-0.39215147,-0.5649828,-0.83616984,0,chr1:19651030:gastroesophageal_sphincter:0,TN,0
-2.475927,1.7851121,0.31753176,-1.019783,0.12934306,-0.46855894,-0.4844733,-0.52727497,0.3053992,-0.14733572,0,chr9:93827801:transverse_colon:0,TN,0
-1.6084356,1.1838354,-0.15087979,-0.22830947,-0.3486076,-0.42216772,-0.9021374,-0.05946365,-0.09295507,-0.20656398,0,chr7:16695960:esophagus_squamous_epithelium:0,TN,0
-3.3385215,0.1949476,-1.1576437,0.44579616,-0.71333474,-0.44142023,-0.15625338,0.29529703,0.44537714,-0.1062935,0,chr4:15730066:testis:0,TN,0
-2.0677779,1.9006366,-1.5277137,0.8150254,0.16730654,-0.1728019,0.3309988,-0.31267077,0.0539301,0.34187374,0,chr10:100343750:body_of_pancreas:0,TN,0
0.9899266,-1.6996161,-0.5948414,0.6741345,-0.0371668,0.16014202,0.18496144,0.24805158,-0.64256793,-1.0658484,1,chr5:157471958:body_of_pancreas:0,TP,1
3.7628887,-0.10592952,-0.94108796,0.026233539,-0.88462305,0.7314465,-0.254999,-1.0662771,-0.11674082,1.6115788,1,chr7:73725711:sigmoid_colon:0,TP,1
-1.8916552,1.1603576,-1.216502,-0.1451604,-0.5421534,-0.4487256,-0.34669852,0.9263056,-0.4082964,-0.2900781,0,chr5:34465583:prostate_gland:0,TN,0
-2.055664,2.5404718,-0.32363212,-0.19385208,0.25437102,-0.19443093,-0.86455685,-0.10568173,-0.48302326,-0.23986174,1,chr8:41651698:esophagus_muscularis_mucosa:0,FN,0
5.021053,-0.3794605,-0.49611583,0.48381838,1.0722405,-0.13957946,-0.15297128,0.18119128,0.26961094,-0.72860056,1,chr19:1037681:tibial_nerve:0,TP,1
-2.5209665,0.020627897,1.92211,0.30592296,0.5307779,0.41642106,0.25063547,-0.032113906,-0.1127565,-0.10318128,0,chr11:44538347:tibial_artery:0,TN,0
-4.1357417,-1.0238192,-0.42389658,0.35275063,-1.0559647,-0.27954993,-0.32929206,0.31358537,-0.45510045,0.4210065,0,chr1:48109545:spleen:0,TN,0
-2.7250152,-0.017382279,1.3595278,1.3804382,-0.37478113,0.1423986,0.20799737,-0.11636453,-0.33978397,0.5431977,0,chr4:77248622:body_of_pancreas:0,TN,0
0.67841923,0.8386466,1.4188697,-1.0004586,0.08400184,1.3060027,-0.3141281,-1.2249303,2.1200209,-0.3652373,1,chr1:27556965:esophagus_muscularis_mucosa:0,FN,0
-3.5580735,0.22312678,0.04989223,-0.62486535,-0.1568958,-0.78797024,-0.7534554,0.18630618,-0.07304153,0.3687641,1,chr1:26921783:transverse_colon:0,FN,0
-3.11598,0.23452447,0.08693398,-1.5685995,0.26122668,-0.29667574,-0.119340636,0.25442255,-0.37121108,-0.048562348,0,chr7:106112635:esophagus_muscularis_mucosa:0,TN,0
-0.7439801,-1.7548983,-0.3774917,-1.0616554,-0.5087796,0.025182469,0.3408855,0.08575606,-0.14477989,-0.2787831,0,chr4:28686853:testis:0,FP,1
1.5456591,0.053261835,-1.3416806,0.38002476,-0.61090624,-0.5095198,2.135401,-0.37237847,1.1449672,-0.58191115,0,chr20:41572206:prostate_gland:0,FP,1
4.050823,-0.53262144,-0.82758796,1.0272844,1.9069953,0.059646334,-0.6251076,-0.28652948,0.8862059,-0.6280801,1,chr21:33895616:body_of_pancreas:0,TP,1
-0.5082587,-2.8693268,-1.4953495,-0.37486976,1.2481987,-0.9137104,0.47257477,0.24931456,-0.25738785,-0.3071428,1,chr6:3259228:upper_lobe_of_left_lung:0,TP,1
-2.5234797,0.32220024,0.37838575,-0.18694891,0.23470315,0.42430118,0.18428913,0.27064005,-0.21528824,0.13884151,0,chr14:72927169:upper_lobe_of_left_lung:0,TN,0
4.782162,-1.3878053,-0.85468125,0.47670898,1.4555488,-0.4291952,-0.8049152,-0.46099913,-0.12152528,-0.88375413,0,chr11:46305551:spleen:0,FP,1
6.904042,0.118319914,0.4829873,0.5378541,-0.10061769,-1.0111066,-0.25865108,-0.49245015,-0.38271108,-0.026734523,1,chr3:75785547:tibial_artery:1,TP,1
-2.5839942,1.322245,-0.8737471,-0.43564722,0.47880703,0.2302063,0.13023958,0.18249053,-0.26664174,-0.16687368,0,chr11:6612917:gastroesophageal_sphincter:0,TN,0
-2.6255498,2.6044896,-0.9309019,-0.4077431,0.019806245,-0.18180424,-0.19337335,-0.13632816,-0.41785926,-0.017331176,0,chr2:71510258:prostate_gland:0,TN,0
5.959428,-0.7566817,0.22227572,-0.37720188,-0.23449427,0.28436816,-0.5717494,-0.15190606,-0.2946778,0.2708261,1,chr17:45585364:transverse_colon:0,TP,1
-1.6144683,2.0026226,0.20261538,-0.31882674,1.0195435,0.4217657,-0.6280107,0.4324572,-0.40092003,-0.18375361,0,chr16:67833835:Peyers_patch:0,TN,0
-1.2135319,2.0386453,-1.34472,0.5046611,-0.25892845,-0.6280119,1.0258745,-0.4067235,0.36148885,-0.08600175,0,chr2:168375394:spleen:0,TN,0
-2.4816115,-0.66692674,0.4346235,-1.6362114,-1.0826979,-0.32258564,0.53542864,-0.20948759,0.08603322,-0.32692817,1,chr11:1652791:testis:1,FN,0
0.67841923,0.8386466,1.4188697,-1.0004586,0.08400184,1.3060027,-0.3141281,-1.2249303,2.1200209,-0.3652373,1,chr1:27556965:transverse_colon:0,FN,0
4.1998715,0.6054546,-0.24015433,-0.6789706,-0.38580418,0.9110897,-0.08210409,-0.42408597,0.39302447,0.070006244,0,chr17:879808:upper_lobe_of_left_lung:0,FP,1
-0.8700118,0.96441025,-2.367039,0.96548164,1.7441492,0.43423125,0.19478078,-0.6632211,0.5103912,1.5017717,1,chr17:61670350:sigmoid_colon:0,FN,0
1.9394329,-1.4055895,-1.1931728,0.017618258,1.6689144,0.1584855,-0.06971029,-0.68056273,0.5993664,-0.14825915,0,chr1:230752287:transverse_colon:0,FP,1
-3.9063864,-0.28675795,0.61191535,-0.6146087,-0.4249545,-0.8427097,-0.8736019,0.13157253,0.1663792,0.42345673,1,chr9:97633155:tibial_nerve:0,FN,0
4.249596,-0.4460461,-0.07538114,0.2156336,1.7010957,-0.5467164,0.040498674,0.4362811,0.22547795,-1.0376024,1,chr16:579030:spleen:0,TP,1
-2.8296235,1.535344,1.3825766,0.93349296,-0.17770861,-0.4320354,-0.6452727,-0.27803442,0.17551142,-0.07962125,0,chr6:32622553:transverse_colon:0,TN,0
5.171612,-0.61766404,-0.7230707,0.719905,1.0036734,-0.037455317,-0.3288536,-0.25271028,0.4594485,-0.009678372,1,chr6:111422648:prostate_gland:0,TP,1
1.4626923,2.492617,-0.54720265,-0.9048585,-0.9906528,0.23871979,1.81586,-0.77747965,-0.3401652,0.47227237,1,chr19:45427778:esophagus_muscularis_mucosa:0,TP,1
-2.3365166,-0.975133,0.3756152,0.7562204,0.18462671,0.16590245,0.34765407,0.38114083,-0.34643528,0.1307445,0,chr16:58756567:spleen:0,TN,0
-3.1867132,-2.0276241,-0.1376509,-1.537559,1.1207681,-1.1270024,-0.08064973,0.27979085,0.10482957,0.64489543,0,chr14:54902267:upper_lobe_of_left_lung:0,TN,0
-4.0650916,-1.7589549,0.3232532,-0.31044555,-0.35980028,-0.40833497,-0.4477732,0.15257591,0.6922035,0.4836454,0,chr8:118113261:esophagus_muscularis_mucosa:0,TN,0
-3.3790529,-0.8026507,-0.038655456,-0.64507395,-0.19549043,0.0754478,-0.47770393,1.0146205,-0.47043085,-0.07097935,0,chr9:83219701:suprapubic_skin:0,TN,0
-3.0086544,1.4179996,1.039883,-0.46414852,0.27748305,-0.29754704,-0.52754015,0.027995007,0.48703164,-0.08938004,0,chr15:40422201:adrenal_gland:0,TN,0
-2.0532706,2.1500888,-0.82919014,0.5878374,0.0655451,0.22136356,-0.039514855,0.15266931,0.70393354,-0.099492855,0,chr22:37965281:thoracic_aorta:0,TN,0
-4.116725,-0.961746,0.064950064,-0.18818468,0.12074006,0.11238563,-0.34365922,-0.035656054,-0.45294544,0.17921816,0,chr9:114081278:body_of_pancreas:0,TN,0
-4.2430615,-0.60144365,0.2871373,-0.52326,-0.445832,-0.8135715,-0.5136524,0.18605626,0.11882441,0.6274618,0,chr6:43724124:tibial_artery:0,TN,0
-1.1823438,-2.0325308,-0.52384067,0.625965,1.8219721,0.9296998,0.41367784,-0.7992519,-0.5713338,-0.005576971,1,chr2:46855233:adrenal_gland:0,FN,0
2.804144,-0.6351176,0.21679138,-1.2856556,-1.3904622,1.3766323,-0.064445466,0.48509613,0.2982445,-0.045088828,1,chr4:108783862:body_of_pancreas:0,TP,1
-1.6079897,0.9272169,-1.7525313,0.283683,-0.25971454,-0.17989093,-0.2535524,0.68021417,-0.13886386,-0.3331887,0,chr1:234646301:body_of_pancreas:0,TN,0
4.5544224,1.0679519,-0.44838417,1.1204735,0.6237131,-0.5259621,0.57091063,1.3972931,0.58312243,-0.40813822,1,chr20:30935747:transverse_colon:0,TP,1
-2.8746796,-2.3268533,-0.12708832,1.5801013,-0.6724858,0.44196248,0.95493186,-0.08195457,-0.7800021,-0.3149043,1,chr5:146052954:thoracic_aorta:0,FN,0
-3.6882656,0.11597215,0.43997774,-0.70372766,-0.23267151,-1.1724274,-0.5037215,0.26077,0.38352475,0.37566563,0,chr3:160400389:body_of_pancreas:0,TN,0
-3.4947455,-0.86632615,0.9389545,1.0685008,-0.09901262,0.11393736,0.025705537,-0.07567488,-0.8948037,0.5181096,0,chr17:57092381:tibial_artery:0,TN,0
-2.7534957,1.0737152,-1.464373,-0.67564034,0.40382102,0.2709383,-0.045560926,-0.42632276,-0.7278672,0.16861483,0,chr19:38769557:esophagus_squamous_epithelium:0,TN,0
-3.3534036,-0.25745964,-0.06604138,-1.1629199,0.16254553,-1.3360881,-0.06081512,0.16468082,-0.050002202,0.6902798,0,chr2:42169581:thoracic_aorta:0,TN,0
6.2545223,-0.6884814,0.24356188,0.1915971,-0.108428024,-0.46816498,-0.5381967,-0.21894999,-0.35004914,-0.080529384,0,chr9:129437752:tibial_nerve:0,FP,1
-4.260347,-0.8437062,0.036344346,0.5448685,-0.8829835,-0.17978963,-0.27456233,0.11688258,0.34372613,0.19555795,0,chr2:84077792:adrenal_gland:0,TN,0
-1.3716499,-0.6774262,0.74100995,1.7096559,-0.30606002,0.28049627,1.045746,-0.07849761,-0.082547575,-0.23793356,0,chr2:105064592:body_of_pancreas:0,TN,0
-2.8555095,-1.153376,1.5182023,1.2956274,0.32611176,0.05110263,0.270014,-0.18375067,0.004773869,0.58610475,0,chr6:1686364:thoracic_aorta:0,TN,0
6.371135,-0.47837594,0.472097,0.11989949,-0.3940549,-0.56443363,-0.35888922,-0.49461615,-0.28989688,0.34887367,1,chr7:22550492:suprapubic_skin:0,TP,1
5.9291406,-0.18464327,-0.35298118,0.67405766,0.73403496,-0.6905123,-0.70419425,-0.3404994,-0.2111817,-0.08308119,1,chr15:24767525:prostate_gland:0,TP,1
-2.9232714,-0.99232167,0.38010377,1.4347003,0.2943943,0.3941257,0.060786676,-0.453853,-0.45968315,0.18947218,1,chr1:43590661:prostate_gland:0,FN,0
6.123304,0.37056306,0.18293944,0.70885706,-0.13459781,-0.025584748,-0.82780313,0.2632444,0.039861575,0.06356425,1,chr14:106468867:body_of_pancreas:0,TP,1
3.5071778,-1.1180177,0.0124683855,-0.4067778,0.34548447,-0.8893785,0.83453315,-0.9059568,0.23050883,0.051006388,1,chr12:1922226:transverse_colon:0,TP,1
-1.5307081,2.710359,0.08327878,-0.64441276,-0.88216984,-0.18619679,0.3346435,-0.3748086,-0.45455232,-0.5876511,1,chr16:4548780:body_of_pancreas:0,FN,0
1.8673139,-0.5648381,-1.7021307,1.2643912,2.3048959,-0.15970625,-0.79667157,-0.9433272,1.130921,0.052189916,0,chr17:6326850:body_of_pancreas:0,FP,1
-0.75287694,1.1890298,2.9353228,1.0943284,0.8482608,0.49228674,0.29966274,-0.23919767,0.07479751,-0.11707272,0,chr5:96936715:transverse_colon:0,TN,0
2.7709038,0.46366382,-0.00021116024,-0.40558517,-1.6449254,-0.46927938,1.0873827,-1.1012499,0.2687418,-0.36851144,1,chr2:196068383:spleen:1,TP,1
-3.7798362,-2.122784,0.08537141,-0.134297,1.0352899,0.47410604,0.81815535,-0.17898415,-0.67620623,0.46636516,1,chr9:33447548:esophagus_squamous_epithelium:0,FN,0
5.959428,-0.7566817,0.22227572,-0.37720188,-0.23449427,0.28436816,-0.5717494,-0.15190606,-0.2946778,0.2708261,1,chr17:45585364:transverse_colon:1,TP,1
-1.575569,0.06465625,-0.86861813,-0.3747652,-1.3142533,0.3973129,0.439682,0.17913976,-0.6106173,0.019377345,0,chr1:67881797:body_of_pancreas:0,TN,0
2.5532389,-2.738732,-0.1521199,-1.3544785,0.8749631,1.018399,-0.038244575,-0.0087730745,-0.37416512,-0.07585498,1,chr3:129343963:prostate_gland:0,TP,1
3.1883044,1.1410156,-1.0589623,0.5587848,-0.2923958,-0.18795583,0.7328681,2.6109784,0.8422389,0.8655581,1,chr8:44636977:testis:0,TP,1
-1.9122148,1.3689659,-0.060076807,-0.12496941,-0.007409055,-0.5601493,0.6193293,-0.22433032,-0.43045026,-0.59850425,0,chr1:224356826:gastroesophageal_sphincter:0,TN,0
-0.21465555,1.1839472,-0.8771257,-0.3269218,-0.27749014,-0.3688668,0.83742034,-1.1905028,-0.020189457,0.13553216,0,chr11:68030237:tibial_artery:0,TN,0
6.0532093,-0.15542188,0.30071214,0.22270127,-0.43932953,-0.2917743,0.22402665,-0.5796241,-0.022995947,-0.06727274,1,chr10:38653296:upper_lobe_of_left_lung:0,TP,1
1.4626849,2.4926164,-0.54720396,-0.90485835,-0.9906514,0.23871925,1.815861,-0.77748096,-0.34016603,0.4722714,1,chr19:45427778:gastroesophageal_sphincter:0,TP,1
6.142165,0.14586113,0.6942018,-0.3194827,-0.43469453,0.258253,-0.09854386,0.47707766,-0.48468876,0.18241484,1,chr11:60251676:tibial_nerve:0,TP,1
4.765581,-1.6806818,-0.098910496,-0.93478566,0.38362208,0.822112,-0.48961166,-0.4232573,0.0786368,0.22835203,1,chr9:42852316:gastrocnemius_medialis:0,TP,1
3.1883044,1.1410156,-1.0589623,0.5587848,-0.2923958,-0.18795583,0.7328681,2.6109784,0.8422389,0.8655581,1,chr8:44636977:upper_lobe_of_left_lung:0,TP,1
-1.5806993,0.46686876,1.6084688,1.566672,-0.3423885,-0.30813494,0.04849753,0.13863409,0.68945265,0.036210813,0,chr5:79235513:prostate_gland:0,TN,0
-2.92249,-0.76769006,1.2689292,1.2170489,-0.3138447,-0.21597469,-0.591054,0.005455933,1.3666015,0.10096422,0,chr17:15574102:esophagus_muscularis_mucosa:0,TN,0
-3.338036,-0.76159835,-0.6615815,0.113298506,1.1143174,0.134042,0.5091445,-0.43674177,-0.34390038,0.57333505,0,chr6:43264135:adrenal_gland:0,TN,0
-1.0308263,1.1084013,-1.9599488,-0.12710972,0.5522576,1.4021233,-0.13883424,-0.63667554,0.21476187,0.8576773,0,chr6:110039466:sigmoid_colon:0,TN,0
-3.4540231,1.1289943,-0.64499027,-0.21828413,-0.16018708,0.021516968,-0.32878047,0.2133147,0.101612866,-0.12612638,0,chr11:88232017:esophagus_squamous_epithelium:0,TN,0
-2.315825,0.17618576,1.732872,1.7990043,0.19454601,0.69141454,0.04264912,-0.22717482,-0.76300037,0.114355676,1,chr15:91142292:body_of_pancreas:0,FN,0
5.2567654,-0.5807108,-0.38490823,0.7989516,0.32026878,-1.0488583,-0.41121107,-0.17855336,-0.07508708,-0.6443321,1,chr17:43361240:body_of_pancreas:0,TP,1
-2.1218727,2.2529254,-0.7979611,-0.17461924,-0.7079119,-0.10067307,0.026828634,-0.26987234,-0.06008132,-0.5385927,0,chr1:157489625:adrenal_gland:0,TN,0
-2.4816115,-0.66692674,0.4346235,-1.6362114,-1.0826979,-0.32258564,0.53542864,-0.20948759,0.08603322,-0.32692817,1,chr11:1652791:esophagus_squamous_epithelium:0,FN,0
6.8625865,0.70572865,0.97313327,-0.06289573,-0.65732735,-0.068978585,0.0639698,0.34262082,-0.19967245,0.60594,1,chr7:142521135:transverse_colon:1,TP,1
6.595822,0.7454125,0.96623456,-0.07313679,-0.6858459,-0.8023541,0.37954423,0.19396846,-0.2987174,0.10402093,1,chr7:63016040:upper_lobe_of_left_lung:0,TP,1
-3.1345828,0.87568045,0.67771226,-0.23497494,-0.16621406,-0.045513593,-0.15486379,0.20808278,0.058048654,-0.14526926,1,chr1:113072821:suprapubic_skin:0,FN,0
-1.4101579,-1.4115983,1.0304656,-0.8217575,2.0191188,-0.06967605,1.3942126,0.21074018,-0.45720628,0.58349603,1,chr8:28701937:esophagus_muscularis_mucosa:0,FN,0
-1.5574473,-0.065394685,-0.017834892,-0.72495914,-0.9653323,1.4059042,-0.5450453,0.71352905,-0.14152436,-0.71407443,0,chr15:85625457:body_of_pancreas:0,TN,0
4.462144,-0.67103624,0.14929964,-0.597245,0.44901213,0.33176228,0.025139734,1.0603722,-0.58405006,-0.9028229,0,chr7:63015786:esophagus_squamous_epithelium:0,FP,1
4.5152125,-1.1437248,-0.38822725,-0.35702074,-0.327941,0.66560954,0.025884109,-0.6521942,-0.051523767,0.3653477,1,chr10:38653055:transverse_colon:0,TP,1
6.259541,-0.43134367,-0.08167277,0.58731693,0.26283985,-0.8752112,-0.5465029,-0.16025455,-0.13971227,-0.54213995,1,chr12:52949266:transverse_colon:0,TP,1
-1.5055009,0.7778418,-1.705312,0.8998115,1.0653062,0.6457513,-0.67035204,1.368166,0.8120351,0.4129865,1,chr20:28507029:esophagus_squamous_epithelium:0,FN,0
-2.244917,0.61805516,2.2102637,0.30514053,1.3440647,0.20103683,0.5058139,-0.37656763,0.0072197295,0.35793275,1,chr2:64865706:prostate_gland:0,FN,0
1.6994665,-0.6021725,-0.08045789,-0.9934249,-0.019144192,1.9549234,-0.1085545,-0.006917664,-0.64786416,-0.926608,0,chr2:75241860:transverse_colon:0,FP,1
6.1772027,-0.63483644,-0.024337973,0.48153552,-0.16339067,-0.51074135,-0.5850305,-0.30529273,-0.29247758,0.38366136,1,chr6:31374359:thoracic_aorta:0,TP,1
-1.8086119,2.6881754,-0.9394994,0.0019644904,0.29644835,0.21385996,-1.202306,-0.5367353,-0.13260275,-0.31484395,0,chr3:184803711:body_of_pancreas:0,TN,0
-2.7056108,-0.94140416,0.8133011,0.022713095,0.4149951,0.1294569,0.7963608,-0.14699754,-0.7348738,0.10207964,0,chr9:92716650:tibial_artery:0,TN,0
6.0388274,-0.81598955,0.048608895,0.11918423,-0.25387794,-0.7652001,-0.47823206,-0.6978709,-0.37936825,0.24836147,1,chr2:132257654:body_of_pancreas:0,TP,1
6.508571,-0.05467695,0.74406815,-0.27254376,-0.3811413,0.031484872,-0.22725064,-0.0047327005,-0.23521079,-0.05951952,1,chr8:38060242:upper_lobe_of_left_lung:0,TP,1
-0.6556385,1.8846647,1.2641532,0.76546526,1.4274539,0.81821877,-0.42155588,0.05483904,0.5777076,-0.63972193,1,chr16:21935488:Peyers_patch:0,FN,0
-1.8791587,-0.12942523,0.3331829,0.17080058,-0.43622103,0.19045672,0.2602169,0.24381824,-0.009815293,-0.16747612,0,chr12:92070888:body_of_pancreas:0,TN,0
-4.2023144,-1.7255802,-0.3484164,0.27938733,-0.42480168,-0.6653489,-0.8463662,0.2981735,0.87006927,0.6622923,0,chr14:53296455:thoracic_aorta:0,TN,0
-2.703299,1.0651437,0.43424195,-0.866025,0.374379,-0.21113059,-0.65982217,0.3754659,-0.7174522,-0.22261421,0,chr9:81690044:upper_lobe_of_left_lung:0,TN,0
-3.0353808,-1.2358756,-0.24958573,-0.9746607,0.8582367,-0.30165622,0.5912761,-0.123195395,-0.8563798,0.8437946,0,chr6:32971107:transverse_colon:0,TN,0
-3.3790538,-0.80265194,-0.03865573,-0.6450729,-0.19548985,0.075447194,-0.477704,1.0146201,-0.47043058,-0.0709791,1,chr9:83219701:thoracic_aorta:0,FN,0
6.24161,0.2986181,0.24720967,0.5505814,0.08275124,-0.3648186,-0.38182122,-0.02600731,0.005333195,-0.9157705,1,chr7:142752408:body_of_pancreas:0,TP,1
-3.5580735,0.22312678,0.04989223,-0.62486535,-0.1568958,-0.78797024,-0.7534554,0.18630618,-0.07304153,0.3687641,1,chr1:26921783:Peyers_patch:0,FN,0
6.664995,-0.19422686,0.3570304,0.21528257,-0.039623093,-0.5658477,-0.354517,-0.33028904,-0.3994974,-0.09462845,1,chr3:75785609:upper_lobe_of_left_lung:0,TP,1
-3.5189586,-0.08247747,-0.29350197,-0.13112928,0.10196045,0.39223048,-0.37598494,0.47499382,-0.45489642,0.21869926,0,chr3:120177116:body_of_pancreas:0,TN,0
-3.0343177,0.4155484,0.19665782,-0.46388614,-0.47434288,-0.7701732,0.08814107,0.44856244,-0.010457119,-0.21434636,0,chr3:14921124:prostate_gland:0,TN,0
4.3278103,-0.4849393,0.16214444,-0.06589914,-0.63280255,-0.6704085,0.999546,-0.6137317,0.12897806,-0.85517544,0,chr1:15128695:testis:0,FP,1
-0.43864158,0.979458,-1.2193488,0.1488879,1.8743343,1.0012457,-0.8316363,-0.12009619,0.48268175,0.2489642,0,chr11:1262996:tibial_nerve:0,TN,0
6.300166,0.6975343,0.5792311,-0.007623442,-0.48312736,-0.4713255,0.7273699,0.53860265,-0.15816544,-0.1025348,1,chr7:63016061:transverse_colon:0,TP,1
-1.7395188,1.9852362,-1.7379634,-0.003061319,0.3432104,0.17644921,0.19936116,-0.35556695,-0.065984525,0.43398893,0,chr4:110211201:body_of_pancreas:0,TN,0
0.17887253,0.32135317,-0.12338218,-0.110860586,0.6908589,-0.59176755,0.5537837,-0.39618278,0.69416994,-0.6210455,1,chr22:46739374:upper_lobe_of_left_lung:0,FN,0
-3.7466412,-0.36182135,-0.015157127,-0.7696805,-0.5415543,-0.4785255,-0.40558377,0.6484613,-0.5254093,-0.17098445,1,chr6:169790103:gastrocnemius_medialis:0,FN,0
5.78701,2.372967,1.3604655,0.65506226,-0.26651055,0.749645,0.26164818,0.50617635,0.59119856,0.501256,0,chr14:106469963:esophagus_squamous_epithelium:0,FP,1
5.9514213,0.4691348,0.390741,0.5765446,0.8505354,-0.46380278,-0.17785671,0.18259373,-0.123567596,-0.38145292,1,chr16:85086903:tibial_nerve:0,TP,1
-3.5106397,-1.6583862,-0.26155207,-0.5036532,-0.59333146,-0.25422233,-0.45532206,0.1859196,0.2549216,-0.23622775,0,chr10:68208588:transverse_colon:0,TN,0
-1.496862,2.4467967,-1.4639714,0.39552757,0.5769729,0.008472345,0.29774174,-0.27744877,-0.33009303,0.0860206,1,chr6:52788016:body_of_pancreas:0,FN,0
-1.7016249,2.6741552,0.06654991,-0.8680835,-0.14071065,-0.4072363,-1.1441964,-0.3170332,-0.20630117,-0.6673551,0,chr2:240232939:transverse_colon:0,TN,0
-3.0791657,-0.5705593,0.34495667,1.0733541,-0.9594494,-0.5888732,-0.646567,-0.40546614,0.86756945,0.31061006,1,chr6:106223515:body_of_pancreas:1,FN,0
4.978719,-1.6818491,-0.7283784,0.56976056,0.13173948,-0.3149789,-0.38640672,-0.7179802,0.23161362,-0.121535815,1,chr5:77075989:prostate_gland:0,TP,1
4.80436,0.32694533,0.018382216,-0.49648932,-1.1894642,0.7770618,0.2472719,-0.36155903,-0.079538114,1.6688893,1,chr8:141876713:adrenal_gland:0,TP,1
-1.4840431,2.8649309,-0.1968482,-0.095857844,-0.23852715,-0.28024703,-1.1637912,-0.39441627,-0.1788652,-0.510956,0,chr6:16332498:esophagus_squamous_epithelium:0,TN,0
-0.07593687,-0.8202377,-0.37601176,0.8493626,-1.5295359,0.23248753,0.2758974,0.6397901,0.062199116,-0.88946176,1,chr11:26754057:testis:0,TP,1
0.983047,-2.2653546,-0.261412,1.4882859,-0.40653652,1.4920732,0.25924975,-0.6188949,0.5102353,-0.60846967,1,chr6:35885297:body_of_pancreas:0,TP,1
1.9911501,-0.5252823,-0.51609266,0.6780955,0.36162162,0.5266978,0.2620113,-0.07400464,0.09428855,-1.1896722,0,chr4:183602913:transverse_colon:0,FP,1
5.5443425,-1.3000529,-0.19769046,-0.013144729,0.3071591,0.27226648,-0.8518913,-0.37026983,0.12151706,0.041233115,1,chr3:75785357:sigmoid_colon:0,TP,1
-3.024745,-1.0150723,0.4336083,1.2466547,0.35379222,-0.5244723,-0.008718869,-0.099276416,-0.2231475,0.22237101,1,chr9:127348292:tibial_artery:1,FN,0
-3.2486706,-0.61706114,0.7917919,0.09356298,0.38328677,-0.45805782,0.16187456,0.12971182,-0.4101429,0.49562946,1,chr11:101127373:sigmoid_colon:0,FN,0
-1.2108686,0.8810478,1.8148153,2.2679613,0.29305318,0.78826296,0.770222,0.0057743327,-0.062430575,-0.26795042,1,chr9:16039580:adrenal_gland:0,FN,0
4.3054023,-1.2730459,-0.7350752,-0.16889481,0.28063074,-0.0041068853,0.29468793,-0.10488897,-0.5763345,-0.7299717,1,chr17:21322681:thoracic_aorta:0,TP,1
-2.0757136,0.39380652,-0.427867,0.43082115,-0.83246243,-0.19731219,0.34694663,-0.32705286,-0.23134491,-0.6358949,0,chr7:32347302:sigmoid_colon:0,TN,0
-2.6612432,2.106034,-0.051338356,-0.23683321,0.8584454,-0.24858363,-0.43565285,-0.4935216,-0.34781128,-0.12542419,0,chr14:75294151:transverse_colon:0,TN,0
0.40434304,1.6268289,-0.5020881,0.16868657,-0.20990348,-0.14473261,0.24310613,-0.8082723,0.6983555,0.3492459,0,chr7:105507191:omental_fat_pad:0,TN,0
-2.195083,0.012592109,0.16595086,-1.1076217,0.47300088,1.0927384,0.20517144,0.103608094,-0.3327966,0.08987251,0,chr20:17617594:Peyers_patch:0,TN,0
2.827266,-0.15745607,-1.088935,0.30067134,-0.6898239,-0.5340049,1.1474348,-0.47589776,-0.06757559,0.5679628,1,chr5:127014594:transverse_colon:0,TP,1
6.1772027,-0.63483644,-0.024337973,0.48153552,-0.16339067,-0.51074135,-0.5850305,-0.30529273,-0.29247758,0.38366136,1,chr6:31374359:esophagus_squamous_epithelium:0,TP,1
-1.6522121,0.0657595,1.0261921,1.6762,-0.14511856,-0.17935793,0.31046957,0.39818275,-0.11866088,-0.49429408,1,chr6:137697537:transverse_colon:1,FN,0
-3.1129737,1.4429997,0.020903168,-0.28700134,-0.8122905,-0.13853946,-0.9583213,0.078908026,-0.2394412,-0.5041968,0,chr6:82252284:prostate_gland:0,TN,0
-3.8657515,-1.9979699,0.2263961,0.9031743,0.45623392,0.511836,-0.18466295,0.07177925,-0.8544987,0.5164248,0,chr10:125982582:thoracic_aorta:0,TN,0
-2.5200787,0.6915304,0.48383886,1.0567278,0.0999343,-0.27385932,-0.317126,-0.20764041,-0.16161966,-0.021555902,0,chr10:23158214:transverse_colon:0,TN,0
-2.8508983,0.790638,1.3826354,-0.21798652,0.09754474,0.24205329,0.16018134,-0.13639809,0.77056944,-0.16374935,0,chr17:3935331:suprapubic_skin:0,TN,0
-3.3444717,-0.6879926,0.09210975,-1.050252,0.29921144,-0.537742,-0.2359103,0.38624707,0.014310922,0.60465527,0,chr18:32092595:body_of_pancreas:0,TN,0
-3.3198364,0.15457767,0.36387253,0.023480538,-1.0122014,-0.45804852,-0.44615963,-0.19962305,0.45342374,-0.2683175,0,chr10:51960415:prostate_gland:0,TN,0
-2.8104541,0.0034736893,1.3592322,0.65001875,-0.57661545,0.25299475,0.69038695,0.19340414,0.4371356,-0.42659557,0,chr17:45099253:testis:0,TN,0
5.200427,-1.2267892,-0.6930487,0.52978325,0.6038641,-0.5004245,-0.7287369,-0.36159042,0.065756805,-0.14703816,0,chr9:129437243:tibial_artery:0,FP,1
-3.4423854,0.027936056,1.1855273,0.056085717,0.3042415,-0.15762687,-0.10958482,-0.025713257,-0.19300836,0.47623748,0,chr19:2169180:transverse_colon:0,TN,0
-1.1417928,2.474187,-1.421777,-0.3014725,0.27597,0.102100275,0.67382944,-0.32763442,-0.79776055,0.27404973,0,chr3:58305852:transverse_colon:0,TN,0
-2.9856668,0.5956027,-0.08301573,0.83647645,-0.58439994,-0.7883967,-0.047096536,0.19948457,0.69108856,0.13843371,0,chr6:147285258:Peyers_patch:0,TN,0
-0.6547053,0.7764512,-0.5997163,0.2203267,-0.12265847,-0.92151153,0.7759665,-1.3135563,0.10538491,-0.31073385,0,chr7:133051170:upper_lobe_of_left_lung:0,TN,0
-2.160152,1.9193976,-0.3765812,-0.57039666,-0.019605232,0.7790814,-0.5024332,-0.1602619,-0.26911888,-0.5259633,1,chr2:13202350:body_of_pancreas:0,FN,0
6.342217,-0.32024434,0.25277725,0.5220707,-0.0809039,-1.2090665,-0.36546746,-0.35400862,-0.35287964,-0.09220203,1,chr11:47642443:testis:0,TP,1
-4.0672708,-1.2584615,-0.009735784,-0.097005785,-0.43865436,-0.15275863,-0.6174119,0.116629526,-0.29689,0.24355946,0,chr14:69151254:thoracic_aorta:0,TN,0
-2.9570944,0.7859855,0.40528968,0.5580013,-0.9395556,-0.20120792,0.16265066,-0.43628386,-1.0596969,-0.4296909,0,chr2:20661446:tibial_artery:0,TN,0
-2.5152802,-0.07427185,0.6759854,-0.32444522,1.0553999,-0.5109036,0.05245895,-0.62284565,0.15886542,0.4161122,0,chr19:1095151:upper_lobe_of_left_lung:0,TN,0
-2.4594028,0.5889427,1.052072,0.3841743,0.723096,0.6565031,0.6882791,-0.010162351,-0.5288798,-0.4123442,1,chr2:46828341:sigmoid_colon:0,FN,0
-3.1884277,1.5141659,0.015424847,0.34196475,-0.38657534,0.098433614,-0.46617594,-0.26589274,-0.17093565,-0.3215949,0,chr3:155702289:upper_lobe_of_left_lung:0,TN,0
-2.6279573,-1.9634013,0.6568565,0.7403025,-0.63231003,0.7839489,0.49799567,-0.40835017,0.5910426,-0.32088292,1,chr15:78210207:prostate_gland:0,FN,0
-1.4101579,-1.4115983,1.0304656,-0.8217575,2.0191188,-0.06967605,1.3942126,0.21074018,-0.45720628,0.58349603,1,chr8:28701937:transverse_colon:0,FN,0
-0.40243658,-1.9333172,-0.85544616,-1.2292062,0.021946808,-0.08940581,0.8307961,-0.4551348,-0.256567,-0.32976404,0,chr11:1833125:body_of_pancreas:0,FP,1
-2.6693082,-1.5084196,-1.0377676,-2.055946,0.556566,-0.66617435,-0.013440463,0.50760484,-0.37233925,0.15174115,1,chr7:100894790:body_of_pancreas:0,FN,0
6.0780544,1.0398393,0.24331816,0.7416399,-0.089422174,-0.69682366,0.07246359,1.3126718,0.25710133,0.8684153,1,chr8:45161494:gastrocnemius_medialis:0,TP,1
-1.1849978,0.0071784873,2.144684,1.5197546,0.11584476,1.6512052,0.69907546,-0.39506072,-0.9257784,0.03273577,0,chr15:44219856:esophagus_muscularis_mucosa:0,TN,0
6.877429,0.046417132,0.62968266,0.2392281,-0.18503653,-0.37764516,-0.2740827,0.21500437,-0.05595636,0.1852011,1,chr9:42974893:upper_lobe_of_left_lung:0,TP,1
6.3418136,-0.3215231,-0.026136173,0.47481316,-0.2806665,-0.9051915,-0.031121513,-0.11602749,-0.13080835,-0.09477691,1,chr17:22816782:prostate_gland:0,TP,1
-0.780921,-0.38494053,0.9338442,0.89626086,1.0622078,0.9734103,-0.22506629,0.15223493,0.24664274,-0.45617127,0,chr7:36066338:body_of_pancreas:0,TN,0
5.445318,-0.7285479,0.3721907,-0.919893,-0.71426916,0.8591626,-0.3335653,-0.37068006,-0.19120464,0.68151903,1,chr7:78040381:suprapubic_skin:0,TP,1
-0.6951401,0.7444524,1.1588436,1.0278829,0.42759854,0.3692278,0.6726178,-0.18840382,0.6610528,-0.27764297,0,chr16:2263772:body_of_pancreas:0,TN,0
-3.234326,-0.059828963,-1.4580507,-0.33497795,-0.61055505,0.42159232,0.036334336,0.4911144,-0.25809166,-0.12523922,0,chr4:156787427:body_of_pancreas:0,TN,0
6.484976,0.9058605,0.9030134,0.05390395,-0.5141448,-0.82381153,0.3604676,0.40808105,-0.5064588,-0.41399515,1,chr7:63016031:transverse_colon:0,TP,1
-3.065859,-0.9405569,0.7602885,0.73922276,-0.39847544,0.56041837,-0.06506339,0.23267007,0.6681354,-0.18305698,0,chr18:76828121:thoracic_aorta:0,TN,0
-3.281482,-2.0332613,0.40267333,0.5286693,0.9956264,0.60466397,0.32518604,0.43530497,-0.8744495,0.14728886,1,chr17:73719627:tibial_nerve:0,FN,0
2.5532362,-2.7387347,-0.15212122,-1.3544775,0.8749635,1.018398,-0.038243886,-0.008773652,-0.37416664,-0.075854175,0,chr3:129343963:adrenal_gland:0,FP,1
5.383939,-0.4768804,-0.24106766,0.3105705,0.0077459416,-0.78463906,-0.20555352,0.658446,-0.29544112,0.08738954,1,chr14:30690707:upper_lobe_of_left_lung:0,TP,1
-2.4398086,0.0884429,0.728116,-0.95350474,0.29276425,1.1286422,-0.036636196,0.031446725,-1.0506084,-0.62674886,0,chr9:6080757:esophagus_squamous_epithelium:0,TN,0
-2.644837,2.1637752,0.42851308,-0.5010486,0.01879659,-0.087484345,-1.0625218,0.001726705,-0.22034098,-0.33143163,0,chr2:19363367:transverse_colon:0,TN,0
-1.6727839,-0.43076757,1.8670783,0.60239685,0.40498307,0.17369325,0.57323956,-0.43749884,-0.6394688,-0.10408781,1,chr9:129145727:thoracic_aorta:0,FN,0
-3.7302017,-0.022766534,-0.29125836,-0.48695496,-1.2726245,-0.7490924,-0.55772984,-0.20256624,0.38315132,-0.26816672,0,chr19:31548991:upper_lobe_of_left_lung:0,TN,0
-2.988408,-1.534128,-0.0043254653,-1.5280056,1.5104218,-1.3966162,0.67298603,-0.28447175,-0.24742351,0.55860966,1,chr9:136728193:lower_leg_skin:0,FN,0
1.2713654,-1.1969728,-1.7542802,0.27849755,-0.13281612,-0.03381044,0.30096534,-0.22665095,0.7204719,-0.9059945,0,chr5:144467879:tibial_nerve:0,FP,1
-0.50370836,1.0859526,1.5361264,-1.4897835,-0.5247266,-0.8830419,0.46990997,-0.19014834,1.1022408,-0.30550048,1,chr15:40906278:tibial_nerve:0,FN,0
6.595822,0.7454125,0.9662338,-0.07313614,-0.6858464,-0.80235565,0.37954414,0.19396926,-0.2987182,0.10402059,1,chr7:63016040:transverse_colon:0,TP,1
-2.9694865,1.0860282,-0.43999565,1.2615163,0.112904236,0.442828,0.505936,-0.18121767,-1.3810946,-0.33069035,0,chr1:26104845:Peyers_patch:0,TN,0
5.8753576,0.3450264,0.7812943,-0.380613,-0.98751724,0.83258873,0.22962396,-0.13675657,-0.1904314,1.259303,1,chr12:48753691:upper_lobe_of_left_lung:0,TP,1
-1.197709,-0.5519,0.11078787,0.30044955,0.6445377,-1.1027756,0.5571072,0.08498028,0.7988542,-0.21980584,1,chr14:99659383:upper_lobe_of_left_lung:0,FN,0
4.0580654,-0.4432706,-0.19305648,0.13272941,-1.1552433,-0.6769247,1.5631275,-0.56373364,-0.052662827,-0.031716473,1,chr3:66803339:prostate_gland:0,TP,1
6.412734,-0.011109242,0.06743377,0.36835742,-0.51121694,-0.95927906,0.26370132,-0.051792223,-0.17834044,0.24444112,1,chr17:22856764:esophagus_squamous_epithelium:0,TP,1
3.7628887,-0.10593072,-0.9410884,0.026234007,-0.8846217,0.7314465,-0.25499856,-1.0662773,-0.116739646,1.6115788,1,chr7:73725711:spleen:0,TP,1
-1.407126,2.1221695,1.0656936,0.18668097,0.80048764,1.1304932,-0.5583405,-0.6656867,0.53429884,-0.22226414,1,chr10:1755678:prostate_gland:0,FN,0
6.4566593,0.36943007,0.83778167,-0.034443665,-0.7926389,-0.07007608,-0.07008727,0.34513623,-0.30891368,0.018074796,1,chr3:34208336:thoracic_aorta:0,TP,1
3.9138477,-2.3933778,-0.76285654,-0.5805494,-0.5296358,0.7632587,-0.58495134,-0.08775602,-0.33788025,-0.76864195,1,chr7:142463889:transverse_colon:0,TP,1
6.0531282,-0.7412632,0.30790144,0.12079102,-0.39704582,0.059457295,-0.24932301,0.13331525,-0.117720746,-0.49222836,0,chr10:66926170:prostate_gland:0,FP,1
5.3839393,-0.47688234,-0.24106696,0.3105699,0.007745513,-0.78463984,-0.2055526,0.658445,-0.2954421,0.087389916,1,chr14:30690707:thoracic_aorta:0,TP,1
-2.9735615,-0.3535704,1.112321,-0.9568548,0.5930784,-0.14296143,0.36199948,0.4069304,0.2908984,-0.04949474,1,chr16:87550596:tibial_nerve:0,FN,0
1.5230559,1.8652154,-0.9197898,0.28073665,-1.3878248,-0.80748546,1.687233,-0.5273656,0.14175564,-0.06809294,1,chr12:120246128:thoracic_aorta:0,TP,1
-3.8502724,-0.7522516,0.12868737,0.49350813,0.3594024,0.69712013,-0.088290304,-0.48996973,-0.06919132,-0.06090349,1,chr3:24186219:body_of_pancreas:0,FN,0
-2.074591,1.0720854,-2.4130774,0.52444357,0.06725934,0.49270278,-0.34567478,0.02142129,-0.029084677,-0.14062224,0,chr8:30361799:body_of_pancreas:0,TN,0
-1.2135348,2.0386426,-1.3447212,0.5046609,-0.25892824,-0.6280117,1.025873,-0.4067227,0.3614895,-0.08600176,1,chr2:168375394:thoracic_aorta:0,FN,0
-2.45344,2.212157,1.0873542,0.4156809,0.2316445,-0.18281625,-1.1040726,-0.3720733,-0.44295904,-0.22275327,1,chr21:31866561:upper_lobe_of_left_lung:0,FN,0
-2.0757158,0.39380828,-0.4278669,0.43082252,-0.8324611,-0.19730988,0.3469463,-0.32705227,-0.23134679,-0.6358946,1,chr7:32347302:esophagus_muscularis_mucosa:0,FN,0
6.254523,-0.68847966,0.24356253,0.19159766,-0.10842835,-0.4681651,-0.53819555,-0.21894874,-0.35004798,-0.08052993,1,chr9:129437752:thoracic_aorta:0,TP,1
0.4271964,-1.7540965,0.066398636,-0.6967523,-0.96831536,0.5875245,0.6946718,0.6710764,0.23579244,-0.79853266,0,chr4:10582403:spleen:0,FP,1
-1.0281155,-0.62513125,-0.10447921,-1.756767,-0.6703578,0.22013125,0.38848487,0.011674502,-0.3295409,0.03368837,0,chr12:48904001:upper_lobe_of_left_lung:0,TN,0
4.7802744,-1.650543,-0.5435814,0.20016302,0.74034464,-0.34749782,-0.29307133,-0.7139349,-0.0962321,-0.26957294,1,chr9:61668518:spleen:0,TP,1
-1.5790389,1.861965,1.2302848,-0.9815904,0.41624337,-0.40074965,-0.10990676,-0.63813436,0.30057207,-0.024623832,0,chr6:13874007:transverse_colon:0,TN,0
-1.7454445,2.923757,-0.06067546,0.16821119,0.19494548,0.06340326,-1.143787,-0.56250334,-0.056567006,-0.57027435,0,chr7:129164351:esophagus_squamous_epithelium:0,TN,0
-1.1221768,0.6816896,-1.4110007,0.4622901,0.32046896,0.48249462,-0.4622541,0.08032173,0.6609757,-0.16719311,0,chr6:117189039:prostate_gland:0,TN,0
-2.6693082,-1.5084196,-1.0377676,-2.055946,0.556566,-0.66617435,-0.013440463,0.50760484,-0.37233925,0.15174115,0,chr7:100894790:prostate_gland:0,TN,0
-2.4638088,0.5924305,-2.3498774,0.67155576,0.20657213,0.46593988,0.06740546,-0.35234198,-0.14492393,0.4333224,1,chr6:35763302:body_of_pancreas:0,FN,0
-3.1147003,0.50084925,0.26859534,-0.8450825,-0.28913486,0.2817733,-0.21361148,0.34782207,-0.42323145,-0.4395566,0,chr15:52568355:adrenal_gland:0,TN,0
0.104152314,0.81949955,0.5465689,0.65095806,-0.059742626,0.12220883,0.47354054,-0.2373225,0.06667572,-0.44534034,0,chr3:172623400:Peyers_patch:0,TN,0
-3.0330257,0.43612766,0.7940888,-1.2242646,-0.047215834,-0.5092946,0.050037675,0.12767327,-0.303925,0.26304406,1,chr11:85855125:transverse_colon:0,FN,0
-1.2485666,-2.0857105,-1.7605802,0.3062746,1.29087,-0.24288519,0.15013702,0.53614604,0.17102285,-0.32660258,0,chr12:52306315:tibial_artery:0,TN,0
-3.2277572,0.52295274,0.18110159,0.4021849,0.5791716,1.00469,-0.054483812,-0.10423906,-0.7415923,0.19423534,0,chr2:87577752:transverse_colon:0,TN,0
1.4626923,2.492617,-0.54720265,-0.9048585,-0.9906528,0.23871979,1.81586,-0.77747965,-0.3401652,0.47227237,1,chr19:45427778:adrenal_gland:0,TP,1
-4.452359,-2.6895895,-0.54374814,0.6086235,-0.097337775,-0.05385517,-0.5757849,0.18774718,-1.0090965,0.5409515,0,chr17:69526231:esophagus_muscularis_mucosa:0,TN,0
-2.8010254,2.042238,-1.14429,-0.0019489073,0.019284284,-0.8090041,-0.60903543,-0.42757127,-0.22542061,-0.09619752,0,chr8:17699579:body_of_pancreas:0,TN,0
-2.5455897,-0.636651,1.1649044,-1.4908842,0.33907324,0.061408184,0.23739158,0.22164837,0.5235088,0.10885291,0,chr7:85186902:omental_fat_pad:0,TN,0
-3.7681956,-0.6449178,0.32454407,-0.70889467,-0.09007044,-0.9191653,-0.0059338626,0.070245504,-0.16182941,0.14991282,0,chr1:100132742:body_of_pancreas:0,TN,0
5.3044934,-1.5225708,-0.21814297,-0.52010494,0.301639,-0.4208197,-0.21894763,-0.753085,-0.26773706,0.13502906,1,chr20:26209622:upper_lobe_of_left_lung:0,TP,1
-0.97348773,-0.42370045,1.9131374,0.19812533,1.7721151,0.5438338,1.0669212,-0.30149537,-0.17953973,-0.20867795,0,chr22:41508960:transverse_colon:0,TN,0
6.5428977,-0.111041605,0.4351018,0.30134103,-0.5045544,-0.044240296,-0.40126854,0.12351422,-0.26962364,0.082279995,1,chr2:86221296:esophagus_squamous_epithelium:0,TP,1
-2.942556,-0.97935927,-1.7546189,0.06911327,-0.8058548,-0.2726365,0.111320555,0.09634914,-0.045506254,0.39267543,0,chr11:63024537:transverse_colon:0,TN,0
0.67841923,0.8386466,1.4188697,-1.0004586,0.08400184,1.3060027,-0.3141281,-1.2249303,2.1200209,-0.3652373,1,chr1:27556965:gastrocnemius_medialis:0,FN,0
-3.2181697,-0.8420112,0.8951177,1.8639371,-0.19986533,0.1577932,-0.046789322,-0.17697439,-0.2864557,0.3288706,0,chr2:219700718:body_of_pancreas:0,TN,0
-3.0392866,-0.22584133,-0.40193284,-0.89907336,-0.7231601,-0.24894539,0.12759237,0.6700495,-0.71088624,-0.47441188,0,chr10:47986691:sigmoid_colon:0,TN,0
2.7709038,0.46366382,-0.00021116024,-0.40558517,-1.6449254,-0.46927938,1.0873827,-1.1012499,0.2687418,-0.36851144,1,chr2:196068383:upper_lobe_of_left_lung:0,TP,1
3.044681,-0.5821769,0.17272526,-1.8329,0.1911428,2.1782975,-0.48704374,-0.102650546,-0.22717775,-0.13641119,1,chr5:179213127:body_of_pancreas:0,TP,1
-2.4173014,1.15382,1.7631482,0.45563614,0.2963221,0.0499196,0.25251004,-0.27247867,-0.5142164,-0.30997366,0,chr11:63671929:gastroesophageal_sphincter:0,TN,0
5.0389867,-0.0036601506,-0.052204765,0.4815908,1.2067679,-0.13892567,-0.34106857,0.6576669,-0.17255624,-0.78632194,1,chr19:45678133:spleen:0,TP,1
-0.35074273,1.8863131,-0.9566909,-0.02138256,-0.2772755,-0.7206105,1.5179716,-0.84757555,0.47832257,0.6189675,0,chr3:182714147:tibial_artery:0,TN,0
-4.405543,-0.4160713,-0.47277802,-0.11168606,-0.96040106,-0.81121904,-0.13862251,-0.04298421,-0.3017803,0.07486602,0,chr16:5092215:transverse_colon:0,TN,0
1.2800063,0.5157394,-1.669887,0.560681,-0.0051412354,0.020452721,0.5565819,1.4847932,1.5374962,0.054389495,1,chr2:92401043:testis:0,TP,1
-2.572087,1.9640821,-1.8441305,0.46557426,0.16636921,0.8323931,-0.5070559,0.010373945,0.4177579,0.18745744,0,chr9:4815183:body_of_pancreas:0,TN,0
-2.942556,-0.97935927,-1.7546189,0.06911327,-0.8058548,-0.2726365,0.111320555,0.09634914,-0.045506254,0.39267543,0,chr11:63024537:sigmoid_colon:0,TN,0
-2.9776132,-0.042612895,0.5801694,-1.2107913,1.0986433,-1.2901089,-0.10282226,0.13880385,0.4352914,0.5518746,0,chr13:50909866:esophagus_squamous_epithelium:0,TN,0
-3.5406172,-2.6502635,0.005065432,1.8565705,-0.76318514,0.5274419,0.09981894,-0.3099211,-0.8660236,0.40317613,1,chr4:95543779:tibial_artery:0,FN,0
-2.447914,0.79530597,0.7597056,0.9027878,-0.32410276,0.57056445,0.13487907,-0.19318491,0.065471224,0.11015882,1,chr17:61729146:sigmoid_colon:0,FN,0
3.9298995,-1.7005535,-0.26216778,-0.3450128,-1.2515919,-0.19510353,0.85482955,-0.4621677,0.8135936,-0.2606084,0,chr17:13735684:Peyers_patch:0,FP,1
6.904042,0.118319914,0.4829873,0.5378541,-0.10061769,-1.0111066,-0.25865108,-0.49245015,-0.38271108,-0.026734523,1,chr3:75785547:esophagus_squamous_epithelium:0,TP,1
-3.2706847,-0.6052081,-0.21076313,0.31039497,-0.06681911,0.2702212,1.0317695,-0.083357766,-0.27487558,-0.12135074,1,chr19:8505530:tibial_nerve:0,FN,0
-2.065664,2.0983486,-0.1510625,0.0350299,0.42295802,0.7136601,-0.25038508,0.045472894,-0.6555251,0.027200308,0,chr2:233098726:adrenal_gland:0,TN,0
-3.5087261,0.78585356,0.07320065,-0.49499193,-0.8950117,-0.41570795,-0.33265504,-0.22106029,-0.42558444,-0.27547,0,chr6:12339489:body_of_pancreas:0,TN,0
1.8802769,-0.95336026,-0.5540462,-0.13292879,1.0826732,0.20124727,-0.06925486,-0.1773455,0.4102763,-0.2937068,1,chr14:77027449:esophagus_muscularis_mucosa:0,TP,1
-2.9720268,-0.71970487,1.5850518,2.0552807,-0.3328479,0.14848833,0.16909856,-0.2947613,-0.07369205,0.36491746,0,chr3:172291866:adrenal_gland:0,TN,0
-2.9916782,0.25666574,-0.5546291,-0.41214305,0.44157553,-0.20117913,0.4273833,0.29083732,-0.11954953,0.4132228,1,chr2:128755326:body_of_pancreas:0,FN,0
-2.157543,-2.490785,-1.2179568,0.5297895,-0.53632224,0.03143741,0.00222002,-0.24832769,1.4286239,-0.12118034,1,chr2:235171687:transverse_colon:0,FN,0
3.9403694,0.5067761,0.0026651758,-0.15742168,0.1386362,1.449378,-0.5530859,-0.5483075,0.6438854,2.1553802,1,chr19:21484173:transverse_colon:0,TP,1
-1.2108686,0.8810478,1.8148153,2.2679613,0.29305318,0.78826296,0.770222,0.0057743327,-0.062430575,-0.26795042,1,chr9:16039580:transverse_colon:0,FN,0
-2.078168,-0.013464972,-0.7000968,-0.7787139,0.12786604,0.27100754,-0.065343104,0.2933879,-0.39245322,0.48090866,1,chr14:94129651:body_of_pancreas:0,FN,0
-4.5167212,-2.2009468,-0.047634337,0.6081215,-0.58932185,-0.06873549,0.005614617,-0.07332938,0.2574935,0.39027116,0,chr4:88219203:gastrocnemius_medialis:0,TN,0
-2.4816115,-0.66692674,0.4346235,-1.6362114,-1.0826979,-0.32258564,0.53542864,-0.20948759,0.08603322,-0.32692817,1,chr11:1652791:thoracic_aorta:0,FN,0
-2.5968342,-0.57113385,-1.2709849,-0.32472664,-1.2200167,-0.1542107,0.17186828,-0.048774324,0.24822697,-0.58369327,0,chr7:142535029:body_of_pancreas:0,TN,0
-1.0120984,-0.7526939,-0.1074088,0.42545095,-0.24103072,0.2048071,1.0836551,0.5583487,0.2287336,-0.7047421,0,chr14:95010781:thoracic_aorta:0,TN,0
-1.5916764,1.8656625,-1.0391779,0.5723114,0.60058206,-0.8352436,0.8774619,-0.7673683,0.44911093,0.40016264,1,chr2:56522518:body_of_pancreas:0,FN,0
3.014712,-0.29455155,-1.5013422,0.54109937,0.9700514,0.3931692,-0.64184636,1.3886195,0.78115344,-0.25790802,1,chr21:5357485:transverse_colon:0,TP,1
-3.250742,-0.042886224,0.81963086,-0.027473088,-0.7016155,-0.33046418,-0.53165114,-0.19008805,0.26723796,0.17169073,1,chr7:29610024:spleen:0,FN,0
-2.5517397,-0.8809889,0.11540124,0.1489659,-0.33041525,-0.4387939,0.105474755,0.2640146,-0.48145056,0.43551174,0,chr3:32177302:tibial_nerve:0,TN,0
1.761291,1.9844813,-0.5132268,0.18552776,0.20396945,-0.07968414,1.7290617,-1.3815582,0.35897642,0.2041052,0,chr11:93921924:prostate_gland:0,FP,1
-3.5188267,-0.8977506,0.69799066,0.44889143,-0.050753698,0.11447051,-0.40349308,0.24906479,0.5348091,0.4342663,0,chr1:234487506:esophagus_muscularis_mucosa:0,TN,0
5.5443425,-1.3000529,-0.19769046,-0.013144729,0.3071591,0.27226648,-0.8518913,-0.37026983,0.12151706,0.041233115,1,chr3:75785357:thoracic_aorta:1,TP,1
5.2258325,1.4724935,0.89172053,-1.0929096,-1.4290394,1.3400828,0.040239498,0.6410794,-0.2708433,0.7914916,1,chr6:43386692:transverse_colon:0,TP,1
3.5275521,0.03325268,-1.1554081,0.40081793,0.079914436,-1.0643405,1.7006454,-0.33032182,0.5034556,0.3474744,1,chr10:18628158:transverse_colon:0,TP,1
-3.2097008,-0.0092296945,1.5550427,0.42285436,0.011631004,-0.06934325,-0.32870632,0.10701763,-0.451937,0.23632993,1,chr2:73620102:transverse_colon:0,FN,0
6.0780544,1.0398393,0.24331816,0.7416399,-0.089422174,-0.69682366,0.07246359,1.3126718,0.25710133,0.8684153,1,chr8:45161494:spleen:0,TP,1
6.371135,-0.47837594,0.472097,0.11989949,-0.3940549,-0.56443363,-0.35888922,-0.49461615,-0.28989688,0.34887367,1,chr7:22550492:body_of_pancreas:0,TP,1
-3.5920067,-1.2630458,0.81447697,1.1594642,-0.49750012,-0.06575926,-0.49168184,0.12238125,-0.10355432,0.49460712,1,chr3:88180571:thoracic_aorta:0,FN,0
-3.4961638,-0.14434111,0.8774431,-0.18161386,0.037924793,-0.6700959,-0.15692793,0.10535828,0.03372761,0.21160324,0,chr2:45009663:body_of_pancreas:0,TN,0
-2.4694479,0.96497154,2.023161,0.48321745,1.2372481,0.13167308,0.037075356,-0.4472124,0.372315,0.22495599,1,chr20:62355987:thoracic_aorta:0,FN,0
6.904042,0.118319914,0.4829873,0.5378541,-0.10061769,-1.0111066,-0.25865108,-0.49245015,-0.38271108,-0.026734523,1,chr3:75785547:thoracic_aorta:0,TP,1
-1.5969054,-1.1201112,0.77795225,-1.9870671,0.94948584,0.63364774,0.20233095,-0.061677836,-0.0956718,0.38452566,1,chr16:4273965:spleen:0,FN,0
0.67841923,0.8386466,1.4188697,-1.0004586,0.08400184,1.3060027,-0.3141281,-1.2249303,2.1200209,-0.3652373,1,chr1:27556965:spleen:0,FN,0
-3.3198373,0.1545767,0.36387262,0.023481295,-1.0122015,-0.4580487,-0.44615993,-0.19962251,0.45342478,-0.26831707,0,chr10:51960415:tibial_artery:0,TN,0
-1.5307081,2.710359,0.08327878,-0.64441276,-0.88216984,-0.18619679,0.3346435,-0.3748086,-0.45455232,-0.5876511,1,chr16:4548780:esophagus_squamous_epithelium:0,FN,0
-3.5092673,-0.7413269,-0.17963879,0.6544398,-0.82967,-0.3134469,-0.08267012,0.13504618,-0.29564902,0.30684036,1,chr5:158014121:transverse_colon:0,FN,0
5.804699,-0.4105867,-0.27822092,0.68458086,0.2653738,-0.713206,-0.6637684,0.26891273,-0.2126128,-0.6238432,1,chr7:142773198:body_of_pancreas:0,TP,1
-2.3137772,1.8695989,-1.4537699,0.18699877,0.75939566,0.69235444,-0.36487696,0.068771206,-0.7458556,0.15123284,0,chr1:23210397:Peyers_patch:0,TN,0
-1.5473285,-1.5797603,-0.023975968,-1.8869973,-0.37855843,0.28519574,-0.19474846,0.37488687,-0.40991056,-0.6038703,0,chr1:16741091:thoracic_aorta:0,TN,0
-2.6691527,1.5910144,-1.006284,-0.033539083,-0.19830613,0.21213622,-0.10888363,-0.29173028,0.0073960037,-0.026411887,0,chr2:88880497:adrenal_gland:0,TN,0
3.5965984,-0.34292454,-0.10730357,-0.09026349,-0.5534728,0.8330036,0.22458364,0.0041731447,0.66745687,0.5987311,1,chr6:21597510:body_of_pancreas:0,TP,1
6.053209,-0.15542285,0.3007113,0.22270262,-0.43933025,-0.29177555,0.22402684,-0.5796248,-0.022994315,-0.067272164,1,chr10:38653296:Peyers_patch:0,TP,1
-0.8653039,0.0059540663,1.1595556,-1.8698268,1.5738094,-0.118647344,0.45330957,0.18573904,0.25631475,-0.0129451845,1,chr5:181184339:thoracic_aorta:0,FN,0
6.8625865,0.70572865,0.97313327,-0.06289573,-0.65732735,-0.068978585,0.0639698,0.34262082,-0.19967245,0.60594,1,chr7:142521135:body_of_pancreas:0,TP,1
-2.8090687,0.021943867,0.63362765,-1.3267928,0.11476455,-0.4950941,-0.37328717,0.46799365,0.37873602,-0.11533816,0,chr17:46266535:prostate_gland:0,TN,0
-1.4297236,0.5451581,1.1495205,-1.6916283,0.45191726,-0.50403965,0.7647491,0.18609571,0.15484911,0.19517028,0,chr11:44095821:gastrocnemius_medialis:0,TN,0
-2.1345263,2.549483,-1.168421,0.118784204,0.3730814,0.7302456,-0.5476729,-0.22493874,0.19209512,0.044973172,0,chr19:11079087:adrenal_gland:0,TN,0
3.913846,-2.39338,-0.7628578,-0.5805505,-0.52963626,0.7632593,-0.584952,-0.087756224,-0.3378796,-0.7686419,1,chr7:142463889:Peyers_patch:0,TP,1
-0.43864158,0.979458,-1.2193488,0.1488879,1.8743343,1.0012457,-0.8316363,-0.12009619,0.48268175,0.2489642,0,chr11:1262996:upper_lobe_of_left_lung:0,TN,0
-3.6756184,-1.1487061,0.34511128,1.1077486,-0.17667909,0.1404977,-0.30071223,0.07939517,-0.93903995,0.6096454,0,chr6:26217616:Peyers_patch:0,TN,0
-4.091749,-0.030637003,-1.1100677,0.047240462,-1.1332692,-1.0250137,-0.46969977,0.24967338,-0.32723865,-0.19534503,0,chr16:13923701:esophagus_squamous_epithelium:0,TN,0
6.325227,-0.69844854,0.016741293,0.31036213,0.054202933,-0.48116463,-0.63077855,-0.41668054,-0.22027457,0.13010241,1,chr3:75785419:upper_lobe_of_left_lung:0,TP,1
5.9684305,-0.086345784,0.56549746,-0.58842564,-0.046993416,0.4607495,-0.07431773,-0.27322033,0.051607482,1.117907,1,chr15:79896760:prostate_gland:0,TP,1
5.383939,-0.4768804,-0.24106766,0.3105705,0.0077459416,-0.78463906,-0.20555352,0.658446,-0.29544112,0.08738954,1,chr14:30690707:spleen:1,TP,1
-2.9869204,0.03797054,1.7274551,1.3558053,-0.40511125,-0.35597345,-0.54653174,-0.33520404,0.305669,0.26344594,0,chr18:62249636:tibial_nerve:0,TN,0
4.1957393,-0.7288359,0.31852677,-0.67781836,-1.0745305,0.46480227,0.09356894,0.49236095,-0.0008163737,-0.9357212,0,chr20:17898925:adrenal_gland:0,FP,1
5.9291406,-0.18464327,-0.35298118,0.67405766,0.73403496,-0.6905123,-0.70419425,-0.3404994,-0.2111817,-0.08308119,1,chr15:24767525:spleen:0,TP,1
-3.1124818,0.48964325,0.91098803,-1.1608955,0.030617338,-0.57468104,-0.25694874,-0.041271687,0.34748384,0.1517787,0,chr7:127392752:tibial_nerve:0,TN,0
-3.488599,-0.6561812,0.6882537,-1.175054,-0.16677226,-0.8628713,-0.00816288,0.009137923,0.2503177,0.2512393,0,chr12:12357162:lower_leg_skin:0,TN,0
-3.2108886,0.3603326,1.767029,0.6532177,-0.28678635,-0.19604924,-0.091592886,-0.18048096,0.38565817,0.05417201,0,chr20:62900225:transverse_colon:0,TN,0
5.078293,-1.0525022,-0.43364614,0.80036277,0.63956094,-0.059624784,-0.20146132,-0.5029119,0.37577584,-0.2885888,1,chr6:133833511:prostate_gland:0,TP,1
3.1883032,1.1410162,-1.0589631,0.55878574,-0.29239625,-0.18795685,0.7328674,2.6109784,0.84223926,0.86555797,1,chr8:44636977:adrenal_gland:0,TP,1
-1.5916369,2.4292452,-1.3061981,-0.0037371803,0.2382284,0.2306473,0.004485755,-0.21425273,-0.3346246,-0.10631231,0,chr10:12777040:prostate_gland:0,TN,0
-1.5307081,2.710359,0.08327878,-0.64441276,-0.88216984,-0.18619679,0.3346435,-0.3748086,-0.45455232,-0.5876511,1,chr16:4548780:thoracic_aorta:0,FN,0
-3.6246166,-0.23279734,1.0319202,0.44084275,-0.036177218,0.059947066,-0.22327767,-0.12457541,-0.55228686,0.1020131,1,chr14:106061994:gastrocnemius_medialis:0,FN,0
-0.38919172,-2.5780504,-0.49424896,-1.9018916,-0.43617854,0.19972952,0.42101747,0.16362466,-0.3484894,-0.4512746,0,chr11:71639137:tibial_artery:0,FP,1
-2.7723958,2.0239859,-1.4962642,0.13254659,0.29310456,0.1176073,0.049992267,-0.22511503,-0.17312278,0.21686968,0,chr2:161273349:sigmoid_colon:0,TN,0
-0.50371194,1.0859503,1.5361247,-1.4897835,-0.52472645,-0.88304263,0.46990868,-0.19014806,1.1022409,-0.3054997,1,chr15:40906278:transverse_colon:1,FN,0
0.46592283,0.2346436,-1.4748844,0.43089688,-0.03931152,-0.044445477,0.91089845,-0.8478427,1.0171897,0.059499677,0,chr1:231853557:body_of_pancreas:0,FP,1
-3.3790538,-0.80265194,-0.03865573,-0.6450729,-0.19548985,0.075447194,-0.477704,1.0146201,-0.47043058,-0.0709791,1,chr9:83219701:prostate_gland:0,FN,0
-2.7304947,0.41618544,0.7787034,-0.74211663,0.04179312,0.4702284,-0.1370056,0.4406813,-0.38785613,-0.14660424,0,chr1:17336255:adrenal_gland:0,TN,0
-1.3489928,3.1620116,-0.2332107,-0.114510626,-0.11642529,-0.37346742,-1.00799,-0.25989032,-0.27003556,-0.49536696,0,chr9:89594235:transverse_colon:0,TN,0
0.0098524485,-0.21873343,-0.945197,0.0013200443,-0.74224824,1.3753114,0.33267558,-0.007550023,0.26390126,-0.54595184,1,chr2:88950093:spleen:0,FN,0
1.5996859,0.66230017,-0.611342,-0.62320095,-0.6094297,-0.9914343,1.181461,-0.77069485,0.1641157,0.069918625,0,chr18:597750:body_of_pancreas:0,FP,1
-2.102906,2.0716481,-0.09187768,-0.054582432,0.32815748,0.61964554,-0.69580126,-0.24994864,0.44517115,-0.42192897,0,chr16:11407817:thoracic_aorta:0,TN,0
-1.3981739,0.14396083,1.2596316,-1.6873744,0.44944063,-0.45770124,0.7686204,0.09998026,0.35860315,-0.2529523,0,chr6:35727813:transverse_colon:0,TN,0
2.7007053,-2.509664,-1.1509098,0.86701185,0.3370319,0.23020245,-0.2105415,-0.2826418,0.5049093,-0.46340197,1,chr22:25456860:body_of_pancreas:0,TP,1
6.0072565,-1.0596472,0.10920775,-0.10486646,0.13306282,-0.4712095,-0.41330934,-0.12207313,-0.29192644,0.20319161,0,chr8:12607781:gastrocnemius_medialis:0,FP,1
1.7747443,0.21170773,-1.2859912,1.2022479,2.7064388,-0.19482179,-0.6842521,-0.8421367,1.2146689,-0.22889704,1,chr7:583571:body_of_pancreas:0,TP,1
1.280009,0.5157404,-1.6698858,0.56068134,-0.005141758,0.020451585,0.55658275,1.4847931,1.5374954,0.054389104,1,chr2:92401043:prostate_gland:0,TP,1
2.093422,0.2996927,0.057608273,0.06329486,1.8299509,0.21009113,0.5533536,-0.1319886,-1.0569469,-0.2267363,0,chr19:3545068:transverse_colon:0,FP,1
0.88245326,1.633172,1.1413912,-1.1751829,-1.3493651,0.4377903,1.1596036,0.708986,-0.04439127,-0.63033444,1,chr13:33542012:body_of_pancreas:0,FN,0
-3.5740657,-0.75067645,1.0101956,0.008313097,-0.063928396,0.41768053,-0.15092102,-0.01180078,-0.5374336,-0.037891842,0,chr5:149431239:tibial_artery:0,TN,0
-0.04058747,1.1382161,-1.9187036,0.9982634,1.0835371,0.42493156,0.1093063,-0.077554785,0.5740264,1.7222668,0,chr7:73123787:transverse_colon:0,TN,0
2.5966034,0.20667048,-0.9801245,0.40672523,0.62820286,0.8257553,-0.41489375,-0.36244142,0.15456448,-0.7243762,1,chr10:47381073:body_of_pancreas:0,TP,1
-4.5345283,-2.7690852,-0.6642888,0.22914296,-0.5198615,0.065208234,-0.33759087,0.4695551,-0.60928416,0.29178238,0,chr15:65304945:adrenal_gland:0,TN,0
3.9600866,-2.195156,0.046191394,-1.601397,0.27501506,0.72836953,-0.33548075,-0.19601813,0.21750662,0.1956454,1,chr18:75856:upper_lobe_of_left_lung:0,TP,1
-4.4575815,-1.8138375,-0.531317,0.41971648,-0.35595405,0.1436173,-0.101380095,0.11192544,-0.90474606,0.7414484,0,chr16:56610737:thoracic_aorta:0,TN,0
-1.8972067,2.7100813,-0.452775,0.07307157,-0.070173874,-0.33470556,-1.4290118,-0.56036764,-0.08569225,-0.45277607,0,chr10:15419718:adrenal_gland:0,TN,0
3.0446672,-0.582179,0.1727236,-1.8329015,0.19114594,2.1783016,-0.48704278,-0.102651455,-0.22717874,-0.1364114,1,chr5:179213127:transverse_colon:0,TP,1
5.472372,-0.6201372,-0.282119,0.48737463,0.44891718,-0.23383872,-0.5075379,-0.077452004,-0.05205428,-0.76959723,0,chr19:42919741:body_of_pancreas:0,FP,1
3.3439736,-1.0712565,-0.8310108,-0.10957972,0.8235225,0.5963054,0.05011645,-0.48238176,-0.008958502,-0.74017066,1,chr7:142750991:body_of_pancreas:0,TP,1
-1.21087,0.8810461,1.8148146,2.267961,0.2930536,0.7882631,0.7702223,0.0057742535,-0.062430978,-0.26794997,1,chr9:16039580:prostate_gland:0,FN,0
3.7355514,-0.024354324,-0.15725596,-0.5602039,0.18154739,0.19682986,0.21583326,0.24780019,0.080542535,-0.2663561,1,chr9:127360508:gastrocnemius_medialis:0,TP,1
-0.6623943,1.387738,-1.3067461,0.6432217,0.21635357,0.047021274,0.13560145,-0.05835275,1.1889107,0.33219194,0,chr7:124903785:body_of_pancreas:0,TN,0
-0.69856924,-1.8730046,-1.1441022,-0.7889958,-1.3003813,-0.3816289,0.381422,0.602136,0.5988852,-0.4565404,0,chr4:17549681:Peyers_patch:0,FP,1
1.2653279,-0.72283876,-0.08290305,0.10941396,1.2375818,0.36372614,0.036917463,-0.22728011,0.39509398,-0.11244393,1,chr14:77027452:transverse_colon:0,TP,1
-2.6818068,0.41466928,0.6765732,-0.104451396,0.015405562,0.519868,0.01070556,-0.008501567,-0.26319495,-0.009200432,1,chr20:48723579:tibial_artery:0,FN,0
6.3085318,1.1148409,0.30355385,0.65622145,-0.12704869,-0.6558307,0.12126254,1.1782598,-0.45467687,0.8320402,1,chr17:25564496:Peyers_patch:0,TP,1
-4.1087356,-1.8292212,0.51862,0.14841603,-0.26022986,-0.340722,-0.04697412,0.16098821,-0.38423657,0.5035772,0,chr4:4248127:Peyers_patch:0,TN,0
-2.7973106,0.5782716,-0.88917744,-0.3593091,-0.3653259,-0.27943033,-0.2970746,0.07028667,-0.3097333,-0.1861249,0,chr12:71754514:esophagus_muscularis_mucosa:0,TN,0
4.7494526,-1.0823057,-0.64858776,0.5728623,0.28940713,-0.7194774,-0.21964893,0.13251273,-0.2054443,-0.58640677,1,chr16:18131657:Peyers_patch:0,TP,1
-3.19917,-0.007708761,1.3753046,1.3158567,-0.54023194,0.07594894,-0.010472645,-0.057923358,0.63899046,-0.06300494,0,chr21:30341086:sigmoid_colon:0,TN,0
0.8932695,0.9762041,-1.2623988,0.21545213,-0.35171968,-0.35211906,2.0495317,-1.4747797,0.6766375,0.43717015,0,chr1:222794904:transverse_colon:0,FP,1
-1.7793396,2.187637,-1.7580048,0.7585394,0.51325047,0.5052037,-0.16304892,0.73279774,0.250743,0.6169707,0,chr14:31816189:body_of_pancreas:0,TN,0
-1.9309938,2.6864963,-0.8770084,-0.042824578,0.5100636,-0.33053935,0.13208714,-0.06398694,-0.5597847,-0.5349066,0,chr11:3807766:transverse_colon:0,TN,0
-3.703905,-1.9555275,-1.8823674,0.289011,-1.3969941,0.467706,-0.28341237,0.24378467,-0.100302905,0.038756188,0,chr14:33454418:transverse_colon:0,TN,0
1.2710335,3.7659626,-0.50152904,0.39885926,-0.46177062,-0.1839839,1.2154788,0.7304822,-0.5750768,0.95147747,0,chr16:8841831:thoracic_aorta:0,TN,0
-3.6677737,-0.029115219,0.94971186,0.46000445,-0.5687893,-0.22099434,-0.8311832,-0.031280868,0.2600812,0.10230842,1,chr9:132651492:body_of_pancreas:0,FN,0
-0.6580642,0.40438607,1.1142793,1.1262937,-0.33047885,1.2405777,0.44960275,-0.25312006,0.9312337,-0.19603962,0,chr9:13991168:body_of_pancreas:0,TN,0
3.9403694,0.5067761,0.0026651758,-0.15742168,0.1386362,1.449378,-0.5530859,-0.5483075,0.6438854,2.1553802,1,chr19:21484173:body_of_pancreas:0,TP,1
-3.118353,-0.2589294,1.2451637,0.3194345,-0.068217754,-0.27167737,-0.024941519,0.36370388,-0.064065956,0.067058295,0,chr6:116616178:spleen:0,TN,0
-3.0362594,-0.105291896,0.48912898,0.26986894,0.70972914,-0.06408271,0.26657808,0.11109376,-0.35020596,0.42135257,0,chr12:6372809:body_of_pancreas:0,TN,0
1.910864,-0.93970346,-0.25094876,0.54067653,-0.8565837,0.38998505,1.5158468,0.31563494,1.1757123,-1.0972552,1,chr6:53956277:prostate_gland:0,TP,1
2.542694,-1.734209,-0.47807798,0.5556677,-1.4485165,0.13876657,0.7870229,-0.9561535,-0.350868,-0.012912667,1,chr6:161922984:Peyers_patch:0,TP,1
-3.165614,0.31076992,-2.605506,0.36172807,0.85894346,0.5243491,-1.2328628,-0.73432606,0.5984228,0.32377937,0,chr5:150743200:body_of_pancreas:0,TN,0
-0.8653039,0.0059540663,1.1595556,-1.8698268,1.5738094,-0.118647344,0.45330957,0.18573904,0.25631475,-0.0129451845,0,chr5:181184339:sigmoid_colon:0,TN,0
-1.0741079,3.4816935,-0.064403996,-0.108422756,-0.09541444,-0.1472577,-0.8556324,-0.31270787,-0.3364032,-0.63933015,0,chr9:5886489:adrenal_gland:0,TN,0
4.093905,-2.5985003,-1.0259626,-0.52396584,-0.49551874,0.5020764,-0.5880528,-0.0957365,-0.39917102,-0.7440223,1,chr7:142463879:prostate_gland:0,TP,1
-3.683809,-0.69062215,0.7095071,0.5313595,-0.26482016,0.24495377,-0.15322146,0.09949163,-0.21135473,0.46670598,0,chr3:66138807:thyroid_gland:0,TN,0
-3.1357002,-0.2634777,1.1493798,1.6909431,-0.6984127,-0.12954037,-0.22428764,-0.15502568,-0.33005175,0.020018516,0,chr12:19757428:transverse_colon:0,TN,0
-3.7464128,-0.40264764,1.1360518,0.35981882,0.03009362,-0.34040296,-0.35235676,0.21054034,0.42670634,0.4174938,0,chr6:169791013:gastroesophageal_sphincter:0,TN,0
-1.467072,0.11918668,1.4482802,1.6571838,0.80867237,0.76750904,0.17578143,-0.29011455,0.2540357,-0.5391892,0,chr4:121675914:body_of_pancreas:0,TN,0
-1.5608749,3.0986164,-0.6277314,-0.081957884,0.5103776,0.5485762,-0.65478855,-0.26847214,0.2664778,-0.03906113,0,chr6:11655830:esophagus_squamous_epithelium:0,TN,0
-3.9756567,-2.2253752,0.6480252,0.54289633,-0.64462775,-0.09780804,-0.42510447,0.043962814,-0.08773001,0.16688319,0,chr18:61551833:esophagus_muscularis_mucosa:0,TN,0
-3.7668521,-0.5865941,0.53031594,0.20894302,-0.03606167,-0.15528019,-0.23649774,-0.034003213,-0.35038844,0.17624864,0,chr2:168348096:testis:0,TN,0
-3.0909283,-0.99385715,0.23912242,0.6799437,-0.12079186,0.25684068,0.1032685,0.08677733,0.1622096,0.36125588,0,chr17:14068979:body_of_pancreas:0,TN,0
-2.969282,1.6409146,0.15843141,0.10928682,-0.30630216,-0.18902884,-1.2837238,-0.06977061,0.28610662,-0.07461007,0,chr4:94621853:esophagus_squamous_epithelium:0,TN,0
6.412731,-0.011112136,0.06743202,0.36835706,-0.511217,-0.95927846,0.26370156,-0.05179241,-0.1783405,0.24444138,1,chr17:22856764:lower_leg_skin:0,TP,1
-2.244917,0.61805516,2.2102637,0.30514053,1.3440647,0.20103683,0.5058139,-0.37656763,0.0072197295,0.35793275,0,chr2:64865706:body_of_pancreas:0,TN,0
4.219795,-1.2565416,-0.3194681,0.27295136,-0.41022775,-0.16794565,-0.2320249,-0.002983795,-0.37837803,-1.0585762,0,chr4:75289967:prostate_gland:0,FP,1
-2.8816507,-2.180069,0.023121485,-0.13096838,-0.520386,0.14332695,0.90139395,0.10506967,-0.57255685,0.28194863,0,chr13:99606069:thoracic_aorta:0,TN,0
-3.6303039,0.716368,0.18851793,-0.48338324,-0.54580235,-0.6504556,-0.19039746,-0.026986899,-0.77111536,-0.18354237,0,chr20:47677799:tibial_artery:0,TN,0
-2.6421146,-0.9041934,-0.034059636,-1.6454178,1.4053375,-0.8978111,0.014955079,0.27607426,-0.5974056,0.33553204,0,chr3:126084117:transverse_colon:0,TN,0
-2.7848215,0.23848197,1.1670638,-1.0648576,0.63214666,-0.6814602,-0.11342276,0.05613291,0.9606562,0.38286388,0,chr10:47553602:upper_lobe_of_left_lung:0,TN,0
0.78080994,1.2363755,-0.76825863,1.2498976,1.9231197,0.6648047,-0.16318572,0.16679618,0.97869176,-0.13761243,1,chr4:185542103:thoracic_aorta:0,FN,0
-0.7532985,1.5456392,-1.144598,-1.2365006,-0.28811538,-0.010039901,0.055045493,-0.3689708,-0.5070466,0.021745808,0,chr11:119084798:body_of_pancreas:0,TN,0
-3.3387327,-0.56697726,0.5371196,1.0173124,-0.5819531,-0.12153247,-0.6493622,0.3775418,-0.41541228,0.29399738,0,chr6:26200478:prostate_gland:0,TN,0
-2.523198,-2.2001073,-0.5436659,-0.4845355,-0.99883986,0.6717298,0.15103367,0.8557776,-0.25808343,-0.4160769,0,chr17:40909531:tibial_artery:0,TN,0
-2.728047,-1.1222095,0.9091608,1.7455899,-0.11067666,0.055549156,-0.33222616,-0.069007464,-0.36575943,0.36224407,1,chr12:26092001:upper_lobe_of_left_lung:0,FN,0
-4.0830064,-0.26744172,0.058604434,0.18969998,-0.39189652,0.31441328,-0.13584493,0.291119,0.32380888,0.10891864,1,chr4:110826866:gastrocnemius_medialis:0,FN,0
3.9403694,0.5067761,0.0026651758,-0.15742168,0.1386362,1.449378,-0.5530859,-0.5483075,0.6438854,2.1553802,1,chr19:21484173:gastroesophageal_sphincter:0,TP,1
2.8942146,0.4429584,-1.2859379,-0.25234288,0.5704545,1.672957,-0.19742651,0.044248793,-0.17322049,1.4422184,1,chr19:4352840:esophagus_muscularis_mucosa:0,TP,1
-3.5190136,-1.2661986,0.20287974,1.5890323,-0.2227524,0.37989116,0.26161867,0.20014581,0.011193754,-0.37893847,0,chr15:85590027:transverse_colon:0,TN,0
-3.651225,0.22358878,0.22852987,-1.5261279,0.52817166,-0.5757939,-0.46479604,0.19399537,-0.06282173,0.25506005,1,chr10:131312556:prostate_gland:0,FN,0
-2.407417,1.2279409,1.5330459,0.80009764,-0.19486366,-0.55223966,0.07878403,-0.22485486,0.22566833,-0.122455806,0,chr8:22756288:adrenal_gland:0,TN,0
-0.53238946,2.224433,-1.0427725,0.52595073,0.72381324,1.0291524,0.2332934,0.4507958,0.121480875,0.046623655,0,chr15:31334669:body_of_pancreas:0,TN,0
0.52515256,0.2342133,-0.86222726,0.22685018,0.99904895,0.26138166,0.20469864,0.45938823,-0.21144272,-0.5431756,1,chr20:38125471:tibial_artery:0,TP,1
2.728044,-1.3863157,-1.0813218,0.43765086,1.4833894,-0.27838206,0.059412688,0.14807914,-0.053120535,-0.96772414,1,chr19:19342711:upper_lobe_of_left_lung:0,TP,1
4.5639935,-0.82532066,-0.20227721,-0.19870637,-0.9475874,-0.48954394,0.50607353,-0.8073096,0.51384956,-0.11398805,1,chr10:63633852:body_of_pancreas:0,TP,1
5.91635,-0.74969006,0.23829554,-0.12481275,-0.21638791,0.036081072,-0.1692606,-0.28531232,0.12036723,-0.15167287,0,chr19:46715864:esophagus_squamous_epithelium:0,FP,1
-3.2090173,-1.8264563,0.7941824,-0.6635771,0.6116111,-0.5748913,0.20850036,-0.029992089,-0.37899438,0.52583545,0,chr17:45584815:tibial_artery:0,TN,0
-0.7206332,0.39075544,1.5905355,1.6446437,-0.16574919,0.2617961,0.39012834,-0.10734784,0.62540144,-0.27591226,0,chr5:139628817:body_of_pancreas:0,TN,0
5.3703923,-1.1550492,0.008827854,-0.506392,-0.040537883,0.39937177,-0.40258378,-0.022672448,-0.13850345,-0.33089668,1,chr8:38060267:body_of_pancreas:0,TP,1
-1.2135319,2.0386453,-1.34472,0.5046611,-0.25892845,-0.6280119,1.0258745,-0.4067235,0.36148885,-0.08600175,1,chr2:168375394:Peyers_patch:0,FN,0
-0.49776125,-2.0042439,-1.0891721,-0.106275715,-1.2830864,0.6485858,0.6397895,-0.021282962,0.24511695,-0.0023544636,1,chr12:40352035:esophagus_muscularis_mucosa:0,TP,1
3.4191086,-0.95873165,0.5436057,-1.4869412,0.08971823,-0.26717174,0.49488136,-0.18621941,0.25132293,0.5593996,1,chr5:177133842:upper_lobe_of_left_lung:0,TP,1
-2.426491,-0.11349736,-1.1844015,0.1742242,-0.22292697,0.14660653,0.45386142,0.08957383,-0.43352428,-0.7910919,0,chr4:153143316:transverse_colon:0,TN,0
-0.50371194,1.0859503,1.5361247,-1.4897835,-0.52472645,-0.88304263,0.46990868,-0.19014806,1.1022409,-0.3054997,1,chr15:40906278:thoracic_aorta:0,FN,0
-3.7976582,0.35083255,0.4787522,-0.7699985,-0.31235573,-0.6407143,-0.3108547,-0.11464728,-0.38699418,-0.117456876,0,chr17:75632926:thoracic_aorta:0,TN,0
6.412731,-0.011112136,0.06743202,0.36835706,-0.511217,-0.95927846,0.26370156,-0.05179241,-0.1783405,0.24444138,1,chr17:22856764:gastroesophageal_sphincter:0,TP,1
3.044681,-0.5821769,0.17272526,-1.8329,0.1911428,2.1782975,-0.48704374,-0.102650546,-0.22717775,-0.13641119,1,chr5:179213127:gastroesophageal_sphincter:0,TP,1
-1.0683544,1.6543638,-1.4433469,0.31825176,-0.6331915,-0.23620689,0.29098892,-0.12422801,0.34194458,0.3587135,0,chr3:122837369:body_of_pancreas:0,TN,0
0.17563514,1.9469138,1.2456411,-0.8006394,-0.48283198,0.91248,0.058411658,0.13206361,0.59984493,-0.41390637,1,chr1:202006221:sigmoid_colon:0,FN,0
-2.2514384,-0.70481443,0.26541516,0.46867782,-0.12005777,-0.06488338,-1.0291334,0.38589767,0.37783566,-0.0029869378,1,chr9:17531876:adrenal_gland:0,FN,0
-2.3277342,-0.20450917,1.4161988,1.9315253,0.30452663,0.49982926,0.26078784,-0.070834525,0.34496292,-0.11249165,0,chr4:163550753:body_of_pancreas:0,TN,0
1.2057134,0.14852405,0.82633984,-1.8834417,0.2625324,0.7917937,0.37376326,-0.13185272,0.114669904,-0.4061294,0,chr6:44238150:suprapubic_skin:0,FP,1
-4.4028487,-2.419799,-0.6103905,0.5892662,-0.7401822,-0.0007530045,-0.52887607,0.40319988,0.17163363,-0.084387474,0,chr6:73524319:transverse_colon:0,TN,0
1.7907655,1.0301859,-0.22653235,-0.4546332,2.0443053,0.33273762,0.39562562,-0.18662873,0.26588938,0.027333386,1,chr5:179212877:upper_lobe_of_left_lung:0,TP,1
-1.3603324,0.7958107,2.0651844,1.1363508,0.6471304,0.6105623,0.42160457,-0.16453494,-0.23432845,-0.44576916,1,chr10:69439538:esophagus_squamous_epithelium:0,FN,0
6.1421647,0.14585958,0.69419986,-0.31948262,-0.43469435,0.25825176,-0.0985454,0.47707692,-0.48468813,0.1824137,1,chr11:60251676:upper_lobe_of_left_lung:0,TP,1
5.445318,-0.7285479,0.3721907,-0.919893,-0.71426916,0.8591626,-0.3335653,-0.37068006,-0.19120464,0.68151903,1,chr7:78040381:sigmoid_colon:0,TP,1
-3.3790538,-0.80265194,-0.03865573,-0.6450729,-0.19548985,0.075447194,-0.477704,1.0146201,-0.47043058,-0.0709791,1,chr9:83219701:gastrocnemius_medialis:0,FN,0
-4.3176947,-0.8933882,-1.2689356,-0.14300898,-0.35800105,0.28062406,-0.048259776,-0.031597275,0.023528079,0.18900321,0,chr4:147019513:upper_lobe_of_left_lung:0,TN,0
-0.94575167,1.032546,0.6843905,-0.09710526,0.6175128,0.15415335,-0.5633049,0.52526516,-0.5026446,-0.5951697,0,chr19:52942044:upper_lobe_of_left_lung:0,TN,0
5.2258325,1.4724935,0.89172053,-1.0929096,-1.4290394,1.3400828,0.040239498,0.6410794,-0.2708433,0.7914916,1,chr6:43386692:gastrocnemius_medialis:0,TP,1
5.9514217,0.46913412,0.39074054,0.5765434,0.85053444,-0.46380332,-0.17785804,0.18259314,-0.1235676,-0.38145187,1,chr16:85086903:prostate_gland:1,TP,1
-4.6505265,-1.1846635,-1.2614971,0.68812686,-0.46065092,0.072365105,-0.06290505,0.31701705,-0.59386015,0.15998566,0,chr1:151945687:Peyers_patch:0,TN,0
-3.4037147,-1.320275,0.20459269,1.3107188,-0.61982846,-0.020523438,0.035532538,-0.0612731,0.2572167,0.6959951,0,chr9:72292680:thoracic_aorta:0,TN,0
-3.8994513,-0.35110864,-0.40148535,0.92766017,-0.50654876,-0.44021663,-0.16824584,-0.23655389,0.21678713,-0.3850296,0,chr5:132883094:body_of_pancreas:0,TN,0
-3.5183325,-0.2570278,0.27026027,-0.30172315,-1.1108488,-0.90079224,-0.71093124,0.32188746,0.887174,0.048767798,1,chr11:94519473:adrenal_gland:0,FN,0
-2.9047797,1.7244672,-0.5878536,-0.26755586,-0.56941366,-0.3843455,-1.0740874,-0.44331923,-0.35692015,-0.5367584,0,chr8:140831477:gastroesophageal_sphincter:0,TN,0
-3.413697,0.56235343,1.0872159,0.39824945,0.32276335,0.04672452,-0.84331876,0.03127524,0.1458501,0.028655097,0,chr10:130128103:gastrocnemius_medialis:0,TN,0
6.1772027,-0.63483644,-0.024337973,0.48153552,-0.16339067,-0.51074135,-0.5850305,-0.30529273,-0.29247758,0.38366136,1,chr6:31374359:upper_lobe_of_left_lung:0,TP,1
-0.72064966,-0.5131918,2.1935422,-0.54165536,1.202384,0.7993201,0.47305116,0.025935043,0.15925996,-0.040596403,0,chr8:97277485:esophagus_muscularis_mucosa:0,TN,0
-3.3099353,-0.8824689,1.0705312,-1.2193464,0.20032117,-0.5403044,0.24510576,0.05251883,0.52694654,0.23771918,0,chr22:30423639:esophagus_muscularis_mucosa:0,TN,0
-3.2965941,0.29073563,0.52810746,-1.083779,0.33313784,-0.46851182,-0.6369759,0.2921063,0.46267924,0.1713351,0,chr17:80427207:gastrocnemius_medialis:0,TN,0
4.6705456,-2.297677,-1.1432573,0.30050135,0.06248974,-0.21123958,-0.76640284,-0.5080775,0.033146314,-0.19535692,1,chr7:100949233:Peyers_patch:0,TP,1
-0.7174145,0.8868006,0.36821833,0.49135393,-0.36636454,0.5785203,-0.20032893,0.37811422,-0.70257187,-1.2071013,0,chr22:24485812:transverse_colon:0,TN,0
5.9514217,0.46913412,0.39074054,0.5765434,0.85053444,-0.46380332,-0.17785804,0.18259314,-0.1235676,-0.38145187,1,chr16:85086903:thoracic_aorta:1,TP,1
-3.3589447,-0.4564489,1.2347769,1.3262477,-0.6147015,0.14080249,-0.061242253,-0.29545793,-0.37034026,0.08399178,0,chr10:17607758:prostate_gland:0,TN,0
-1.0983595,0.3770005,0.3172741,0.16010554,-0.7607932,-0.17826049,0.75326353,-0.15283065,0.4239074,-0.45625627,0,chr5:80092155:sigmoid_colon:0,TN,0
-2.5629692,0.005086762,0.6769149,0.53263944,-0.69510496,-0.48582467,0.35128808,0.56167793,1.3896347,-0.29725936,0,chr11:74948733:body_of_pancreas:0,TN,0
-2.2162058,0.9666162,0.22917631,0.71179444,-0.4981105,0.5465958,0.7430973,-0.57973146,-0.63459814,-0.43515313,1,chr6:32700558:tibial_artery:0,FN,0
5.3765116,0.9899167,-0.1979567,0.90168464,-0.037356008,-0.641348,0.31635413,1.4762939,0.459173,0.3982726,1,chr17:23982409:tibial_artery:0,TP,1
2.4970562,0.03756656,-1.5033422,1.2225966,1.0500674,0.5622611,-0.98903143,-0.26422513,0.47813153,0.12554973,0,chr10:126227321:body_of_pancreas:0,FP,1
-3.1345963,1.3952663,0.8977625,-0.17382292,-0.4821136,-0.51786697,-0.7377472,-0.0502963,0.1743809,-0.26415527,1,chr11:131064721:prostate_gland:0,FN,0
5.7432413,0.06548706,-0.43457675,0.9579522,0.9594144,-0.7832666,-0.5549342,-0.34632447,0.49499652,-0.62858295,1,chr15:77077965:thyroid_gland:0,TP,1
6.7201657,0.837853,0.49831513,0.8951993,-0.005223281,-0.6758456,-0.5969089,0.3937306,-0.1718043,-0.26487374,1,chr7:142753147:body_of_pancreas:0,TP,1
6.370759,-0.56304616,0.30116212,0.44575542,-0.36525643,-0.306483,-0.14756344,-0.5187796,0.12196921,0.7374024,1,chr3:81292180:spleen:0,TP,1
-3.1932623,-1.6120778,0.30212957,1.4744871,-0.74165696,0.60180324,0.35608864,-0.07550093,-0.33614692,0.5523372,0,chr7:44985942:body_of_pancreas:0,TN,0
-3.0247445,-1.0150708,0.43361098,1.2466564,0.35379294,-0.5244725,-0.008718579,-0.09927595,-0.22314818,0.22237183,1,chr9:127348292:tibial_nerve:0,FN,0
-3.0791657,-0.5705593,0.34495667,1.0733541,-0.9594494,-0.5888732,-0.646567,-0.40546614,0.86756945,0.31061006,1,chr6:106223515:suprapubic_skin:0,FN,0
6.6723332,0.91527337,1.0783056,-0.01531453,-0.69441116,-0.08249317,0.30053934,0.74510187,0.04883477,-0.27414465,1,chr9:62609408:thoracic_aorta:0,TP,1
-1.0879642,-0.2806201,-1.3028477,1.1169944,-0.7570949,0.8486476,0.23201445,-0.21798542,0.39765754,0.4892802,1,chr5:123274158:esophagus_squamous_epithelium:0,FN,0
-2.0541854,2.6163807,0.93562645,-0.3401232,-0.2957973,-0.5758442,-0.83393806,-0.1574982,0.63527906,-0.43219674,0,chr19:42923473:upper_lobe_of_left_lung:0,TN,0
-2.8955734,-0.6560538,1.6347636,1.230177,-0.2848937,0.28892782,-0.002886097,-0.55216503,-0.646757,0.09990228,0,chr3:13461706:tibial_nerve:0,TN,0
-4.30193,-2.5690901,-0.33332142,0.6457859,-0.78480744,0.29099584,-0.105871625,-0.11813951,-0.19036543,0.21463875,0,chr2:111667723:spleen:0,TN,0
-2.4816115,-0.66692674,0.4346235,-1.6362114,-1.0826979,-0.32258564,0.53542864,-0.20948759,0.08603322,-0.32692817,1,chr11:1652791:transverse_colon:0,FN,0
5.959428,-0.7566817,0.22227572,-0.37720188,-0.23449427,0.28436816,-0.5717494,-0.15190606,-0.2946778,0.2708261,1,chr17:45585364:testis:0,TP,1
-3.2794652,-0.049347036,0.8048647,-1.1229639,-0.109239005,-0.7910863,0.124600455,0.099037,0.3493763,-0.07146162,0,chr19:3618617:upper_lobe_of_left_lung:0,TN,0
0.67841923,0.8386466,1.4188697,-1.0004586,0.08400184,1.3060027,-0.3141281,-1.2249303,2.1200209,-0.3652373,1,chr1:27556965:spleen:1,FN,0
-3.4012628,-1.5793259,-0.6648447,-0.17191967,0.01597137,0.18544538,0.07723673,0.34291196,-0.9350236,-0.13765474,0,chr1:65264540:thoracic_aorta:0,TN,0
0.6370112,-1.0682602,-0.62949264,-0.90053034,1.0166312,-0.69039017,0.69800985,0.22774608,0.2706836,0.013231116,1,chr15:90957065:body_of_pancreas:0,TP,1
-3.7020967,0.14011125,0.25667998,-0.9208671,0.23356993,-0.55531573,-0.5178119,0.08927437,-0.012115114,0.029135361,0,chr19:36791904:tibial_artery:0,TN,0
2.7709038,0.46366382,-0.00021116024,-0.40558517,-1.6449254,-0.46927938,1.0873827,-1.1012499,0.2687418,-0.36851144,1,chr2:196068383:esophagus_muscularis_mucosa:0,TP,1
-0.6028279,0.8696617,0.6958503,1.282837,-0.3814852,-0.33395123,-0.3225631,0.24194658,2.0685434,-0.4586448,1,chr13:59231448:body_of_pancreas:0,FN,0
-3.0039136,0.69969267,0.92151904,-1.0580714,0.4261725,-0.7874932,-0.35213664,0.6111187,0.13867755,0.059802264,0,chr5:173144896:testis:0,TN,0
-2.6002078,-0.66280806,1.0464503,1.6490592,-0.28260365,0.8009604,-0.25779244,-0.11641426,-0.15183565,-0.51068527,0,chr1:95806692:spleen:0,TN,0
3.7046266,0.7394507,0.41847986,1.4169158,0.47087735,0.027844436,-0.15090749,0.48427618,0.2118514,-1.9687092,1,chr14:106209962:transverse_colon:0,TP,1
-0.21643277,1.9238503,-1.4115227,-0.8847738,0.08021428,1.5361351,-0.1808101,-0.19453846,-0.70686305,0.28096852,1,chr7:134519810:Peyers_patch:0,FN,0
-0.34319055,2.6386187,-0.25489745,0.09374469,-0.51603353,-0.7128398,-0.11886533,0.4948601,-0.15243348,-0.17139885,0,chr1:161647575:adrenal_gland:0,TN,0
-3.8408213,-1.7180597,0.94298357,1.1329213,0.1469791,0.21233572,-0.06333999,-0.5097265,-0.25648457,0.80732435,0,chr19:43210910:suprapubic_skin:0,TN,0
5.6565094,-0.5569677,-0.28943485,0.49817884,1.058493,-0.77470523,-0.58429843,-0.7062494,-0.22542092,-0.40110782,1,chr1:192003039:prostate_gland:0,TP,1
-1.6155039,1.6596092,-1.9321923,0.25520337,0.53568935,0.24542306,-0.1859087,-0.56564784,-0.65968233,0.08443888,0,chr20:50171759:body_of_pancreas:0,TN,0
-3.6875477,-1.4240922,-0.10644792,1.150627,-0.8272259,0.1363892,-0.3891819,0.40802017,0.6902838,-0.23555258,0,chr1:64676311:transverse_colon:0,TN,0
3.1883044,1.1410156,-1.0589623,0.5587848,-0.2923958,-0.18795583,0.7328681,2.6109784,0.8422389,0.8655581,1,chr8:44636977:esophagus_muscularis_mucosa:0,TP,1
4.4621453,-0.6710368,0.1492999,-0.5972443,0.4490136,0.33176085,0.025140276,1.0603703,-0.5840507,-0.90282255,1,chr7:63015786:sigmoid_colon:0,TP,1
1.0788794,0.8674707,-0.7104336,0.17945518,0.38168862,0.4119071,0.545275,-0.52084535,-0.4605269,0.4427201,1,chr8:64540948:body_of_pancreas:0,TP,1
-2.3637464,1.8008149,-0.57550025,0.736527,-0.55597734,-0.47337583,0.0016293273,-0.18052296,-0.07631999,-0.23411924,0,chr8:8247882:spleen:0,TN,0
-3.488602,-0.65618354,0.6882537,-1.1750526,-0.16677171,-0.8628701,-0.008163132,0.0091376435,0.25031757,0.2512402,0,chr12:12357162:body_of_pancreas:0,TN,0
-1.4953561,2.6851337,-0.40303603,-0.14717303,0.09565524,-0.06887717,-1.2598062,-0.64393485,0.16989687,-0.63645965,0,chr1:18821187:sigmoid_colon:0,TN,0
-2.3308418,-1.521004,-1.2991029,-0.29236844,0.059775162,0.080036975,1.1136585,0.48709545,-0.525594,0.0982168,0,chr9:63860279:body_of_pancreas:0,TN,0
-2.3981514,2.0907743,0.50744224,-0.9756401,-0.12306929,-0.44107592,-0.70050955,-0.35914975,-0.051347636,-0.35126585,0,chr15:32388404:transverse_colon:0,TN,0
1.2295977,-1.1711979,-1.8434803,0.7789326,-0.38618296,-0.29994252,0.93737984,-1.545502,-0.11762746,0.24272974,0,chr6:89971746:body_of_pancreas:0,FP,1
6.342217,-0.32024434,0.25277725,0.5220707,-0.0809039,-1.2090665,-0.36546746,-0.35400862,-0.35287964,-0.09220203,1,chr11:47642443:tibial_nerve:0,TP,1
-4.9070697,-1.7385865,-0.8932093,-0.28491056,-0.38388973,0.23925433,-0.7642341,0.27351153,-0.48415962,0.11567437,0,chr9:65676571:body_of_pancreas:0,TN,0
0.25278386,0.7191855,-1.9641483,0.6664957,-0.41532123,1.0525001,0.17687428,0.24333093,0.3922201,1.0739571,0,chr7:65871218:body_of_pancreas:0,TN,0
3.5921075,-1.1789579,-0.11988405,-0.6562127,0.06275739,0.05001626,0.67192453,-0.08518334,0.09629867,-0.22111669,0,chr1:19647719:transverse_colon:0,FP,1
1.1430329,1.7688524,-1.0292436,0.26791525,-0.4277181,-0.22468066,0.53549635,-0.3883098,-0.16158637,0.13552442,0,chr7:85877525:body_of_pancreas:0,TN,0
-2.055664,2.5404718,-0.32363212,-0.19385208,0.25437102,-0.19443093,-0.86455685,-0.10568173,-0.48302326,-0.23986174,1,chr8:41651698:transverse_colon:0,FN,0
6.412731,-0.011112136,0.06743202,0.36835706,-0.511217,-0.95927846,0.26370156,-0.05179241,-0.1783405,0.24444138,1,chr17:22856764:testis:0,TP,1
-3.2990878,0.74805665,0.6114153,-0.71958816,-0.03878199,0.17091113,-0.6858582,-0.41100216,0.47459182,-0.031957433,0,chr9:127558837:body_of_pancreas:0,TN,0
-1.1990007,-2.5061865,-0.7378016,0.040796023,0.38859904,-0.04754006,0.3021196,-0.10605206,-0.45921212,-0.8280209,1,chr3:157077735:thoracic_aorta:0,FN,0
-3.1282544,0.3520545,1.6313049,-0.03465323,-0.34481704,-0.5573402,-0.38437352,-0.0805763,0.5014924,0.3382438,0,chr11:129696084:transverse_colon:0,TN,0
5.9357677,-0.32051674,-0.028794978,0.5239917,0.74373525,-0.72660094,-0.18131207,0.017244456,0.13379182,-0.6083428,1,chr19:1037766:upper_lobe_of_left_lung:0,TP,1
-0.07594333,-0.8202393,-0.3760122,0.84936434,-1.5295345,0.23248723,0.275899,0.6397902,0.06219842,-0.88945985,0,chr11:26754057:prostate_gland:0,FP,1
-1.1437583,-0.96118563,-1.6226288,-0.28400177,1.7075213,0.7981364,-0.9585624,0.26565412,0.14115205,0.08105315,1,chr8:144020457:transverse_colon:0,FN,0
6.664995,-0.19422686,0.3570304,0.21528257,-0.039623093,-0.5658477,-0.354517,-0.33028904,-0.3994974,-0.09462845,1,chr3:75785609:transverse_colon:0,TP,1
5.579257,-0.31702572,-0.2833469,0.90738255,1.42396,0.10482193,-0.8263452,-0.18997425,0.61013156,-0.27843726,1,chr17:80290381:body_of_pancreas:0,TP,1
-2.055664,2.5404718,-0.32363212,-0.19385208,0.25437102,-0.19443093,-0.86455685,-0.10568173,-0.48302326,-0.23986174,1,chr8:41651698:tibial_nerve:0,FN,0
-1.5969054,-1.1201112,0.77795225,-1.9870671,0.94948584,0.63364774,0.20233095,-0.061677836,-0.0956718,0.38452566,1,chr16:4273965:transverse_colon:0,FN,0
6.325227,-0.69844854,0.016741293,0.31036213,0.054202933,-0.48116463,-0.63077855,-0.41668054,-0.22027457,0.13010241,1,chr3:75785419:tibial_artery:1,TP,1
-1.4942429,2.9567785,0.23190701,0.18904805,0.53106624,0.028596202,-0.8515822,-0.3313835,0.35933447,-0.503253,0,chr10:84196592:transverse_colon:0,TN,0
6.477769,1.3881794,1.0587275,0.07815465,-0.3428097,-0.15682454,0.000802705,0.608149,-0.37928638,-0.15915442,1,chr1:13277261:upper_lobe_of_left_lung:0,TP,1
-1.9989133,1.8197914,-1.7702943,0.6800529,0.5096918,-0.23649007,0.3652284,-0.35624355,-0.11943475,1.0149758,1,chr17:61637582:sigmoid_colon:0,FN,0
-3.2486706,-0.61706114,0.7917919,0.09356298,0.38328677,-0.45805782,0.16187456,0.12971182,-0.4101429,0.49562946,0,chr11:101127373:tibial_nerve:0,TN,0
4.249596,-0.4460461,-0.07538114,0.2156336,1.7010957,-0.5467164,0.040498674,0.4362811,0.22547795,-1.0376024,1,chr16:579030:upper_lobe_of_left_lung:0,TP,1
-3.0362594,-0.105291896,0.48912898,0.26986894,0.70972914,-0.06408271,0.26657808,0.11109376,-0.35020596,0.42135257,0,chr12:6372809:Peyers_patch:0,TN,0
-1.8610525,0.34023592,1.1738752,0.2214881,0.7821879,0.67278385,0.7015003,0.12052953,-0.45813522,-0.6703341,0,chr16:1781910:esophagus_muscularis_mucosa:0,TN,0
1.5759771,-0.6713044,-0.42277622,0.1820641,0.0029412871,-0.4923563,0.02176554,0.4096559,0.27251464,-0.440152,0,chr12:52873780:prostate_gland:0,FP,1
4.0352535,-0.25431755,-0.7184187,0.23181231,1.8384862,0.75680625,-0.83490074,0.6873049,0.17040549,-0.37324762,1,chr16:14928207:sigmoid_colon:0,TP,1
-2.878526,-1.8128422,1.1161385,-0.88418007,0.9545836,0.4560805,0.73110646,0.08771987,-0.86039245,0.16559131,0,chr3:38004036:body_of_pancreas:0,TN,0
-2.8393672,1.11897,0.57018477,-1.2286029,0.08070552,-0.28481779,-0.25940868,-0.44270998,-0.21147798,-0.2465968,0,chr2:232327219:prostate_gland:0,TN,0
-3.6748369,-0.076878816,0.48167396,-0.86550325,-0.66166574,-0.74358743,-0.5347297,0.16493665,0.0035445846,0.15875208,0,chr9:75890549:upper_lobe_of_left_lung:0,TN,0
-3.2097008,-0.0092296945,1.5550427,0.42285436,0.011631004,-0.06934325,-0.32870632,0.10701763,-0.451937,0.23632993,1,chr2:73620102:body_of_pancreas:0,FN,0
-3.574057,-0.75066686,1.0102011,0.008312062,-0.06392813,0.41768208,-0.15091941,-0.0118001895,-0.53743225,-0.037894376,1,chr5:149431239:adrenal_gland:0,FN,0
-1.2411808,-0.18796778,-1.1816728,0.48678637,-0.2771754,-0.5504708,1.3560705,-0.6242581,0.3260654,-0.6594905,0,chr16:10954516:body_of_pancreas:0,TN,0
4.250529,-2.1847458,-0.24880095,-0.46138042,0.44088942,0.6254499,-0.3323108,-0.31830266,-0.28851223,-0.45777023,1,chr12:38138330:upper_lobe_of_left_lung:0,TP,1
4.032107,-0.34393346,-0.22188886,-0.33722508,-0.30252793,1.3644681,-0.65884465,1.0275513,-0.12406205,-0.018394152,1,chr10:96641123:prostate_gland:0,TP,1
-0.50371194,1.0859503,1.5361247,-1.4897835,-0.52472645,-0.88304263,0.46990868,-0.19014806,1.1022409,-0.3054997,1,chr15:40906278:spleen:0,FN,0
-1.5840236,-0.9719404,1.0622928,-1.8575618,0.63998055,0.87495506,0.80061036,0.03989795,0.3841884,0.17804399,0,chr12:127280801:Peyers_patch:0,TN,0
-3.8254,-1.6660968,-0.48446828,-1.6216936,-0.27037543,-0.8578927,-0.020062283,0.55686975,-0.38175234,0.2285561,0,chr2:152176078:gastroesophageal_sphincter:0,TN,0
-2.1046062,2.0968275,-0.89831156,0.03980627,0.09937722,0.009328655,-0.3402474,-0.17440419,-0.0030075402,0.3218524,0,chr2:25700252:gastroesophageal_sphincter:0,TN,0
6.6560125,0.19078955,0.215341,0.69071203,-0.27128804,-1.0877428,-0.0210669,-0.019522954,-0.30808276,0.16027594,1,chr17:23044492:transverse_colon:0,TP,1
-0.7682005,2.5680883,-1.4957236,0.4383421,0.31416532,0.40881523,0.35343996,0.06096318,-0.3143485,-0.083909445,1,chr2:240663887:body_of_pancreas:0,FN,0
-2.727844,-0.08377543,-0.049519822,0.98247963,-0.5196479,0.6517188,0.28746006,0.12695202,-0.59274465,-0.6384648,0,chr2:46011104:Peyers_patch:0,TN,0
-2.2729666,-0.12856726,1.8906178,1.6410952,-0.045528468,0.029131217,-0.3096097,-0.36359593,-0.465683,0.13655506,0,chr3:169150666:body_of_pancreas:0,TN,0
6.259541,-0.43134367,-0.08167277,0.58731693,0.26283985,-0.8752112,-0.5465029,-0.16025455,-0.13971227,-0.54213995,1,chr12:52949266:upper_lobe_of_left_lung:0,TP,1
-2.230347,-0.23579581,0.6959414,-0.9065281,-0.31781125,-0.011876239,0.38812456,0.09832251,1.0915899,-0.26307648,0,chr10:6202324:transverse_colon:0,TN,0
-3.0970917,-0.47142836,0.53937185,0.28234833,-0.11258188,0.39909884,0.53651094,-0.36978877,-0.8403705,0.10356564,1,chr14:90697830:esophagus_squamous_epithelium:0,FN,0
-3.2876427,1.647002,-1.5423664,0.05389449,-0.26351953,0.25632402,-0.39137375,-0.19102691,-0.4501205,-0.5665646,1,chr7:47266370:adrenal_gland:0,FN,0
5.9514217,0.46913412,0.39074054,0.5765434,0.85053444,-0.46380332,-0.17785804,0.18259314,-0.1235676,-0.38145187,1,chr16:85086903:upper_lobe_of_left_lung:0,TP,1
3.044681,-0.5821769,0.17272526,-1.8329,0.1911428,2.1782975,-0.48704374,-0.102650546,-0.22717775,-0.13641119,1,chr5:179213127:tibial_nerve:0,TP,1
6.6258674,0.016264452,0.34037247,0.55257314,0.3068926,-0.7322628,-0.60708636,-0.0483653,-0.27145666,-0.2875272,1,chr12:8390645:transverse_colon:0,TP,1
-3.9063864,-0.28675795,0.61191535,-0.6146087,-0.4249545,-0.8427097,-0.8736019,0.13157253,0.1663792,0.42345673,1,chr9:97633155:esophagus_muscularis_mucosa:0,FN,0
-0.6556385,1.8846647,1.2641532,0.76546526,1.4274539,0.81821877,-0.42155588,0.05483904,0.5777076,-0.63972193,1,chr16:21935488:prostate_gland:0,FN,0
-0.46932176,-0.32207474,-1.3474715,-0.21859334,2.6773608,-0.42542112,0.075198844,-1.2267367,0.8092801,0.37354514,1,chr18:597094:prostate_gland:1,FN,0
-2.4302814,0.65476674,-0.45377773,-0.16349275,0.10257255,0.45352533,-0.042998273,0.20540233,-0.535602,-0.76223624,0,chr5:149902426:adrenal_gland:0,TN,0
-0.12657398,2.1702838,-0.9068304,-0.7083747,0.6790178,1.6212608,-0.36829856,-0.1337811,0.28299057,0.022954179,0,chr1:202118807:transverse_colon:0,TN,0
-2.5200787,0.6915304,0.48383886,1.0567278,0.0999343,-0.27385932,-0.317126,-0.20764041,-0.16161966,-0.021555902,0,chr10:23158214:Peyers_patch:0,TN,0
-2.7738786,-2.1640801,-0.078769684,-0.34303185,-0.018375333,0.56693554,0.0335935,0.37587607,-0.38528296,-0.03443153,0,chr7:27200862:body_of_pancreas:0,TN,0
-3.0944939,1.162503,0.80575794,-0.29053214,0.66105527,-0.4933256,-0.26854372,-0.070175156,-0.08859348,0.21849215,0,chr2:96208568:tibial_nerve:0,TN,0
-3.0427628,-0.51511645,1.488435,0.800543,0.033266995,0.1728097,0.4476985,-0.38433778,-0.33712366,0.3974511,0,chr6:150599745:transverse_colon:0,TN,0
-1.9621086,-0.5249893,-0.3452805,0.22198567,-0.70182914,0.84468293,0.077155545,-0.111964345,0.53832084,0.16460396,1,chr1:108214824:transverse_colon:0,FN,0
-2.102813,-0.26192638,1.6937122,1.6586822,0.7970378,0.742022,0.30960125,-0.17198467,-0.5602597,-0.20093793,1,chr6:131199853:tibial_nerve:0,FN,0
6.664995,-0.19422686,0.3570304,0.21528257,-0.039623093,-0.5658477,-0.354517,-0.33028904,-0.3994974,-0.09462845,1,chr3:75785609:testis:0,TP,1
-0.51069707,0.25246307,-0.64795095,-1.3370144,-0.538333,-1.3053684,0.8355071,-0.2791795,-0.047430564,-0.47185594,0,chr11:43680454:testis:0,TN,0
-0.95342225,-0.62777585,1.0918689,-0.9838688,1.3827915,-0.2548685,0.4764726,-0.60259163,0.45322806,0.45171648,1,chr8:143738697:prostate_gland:0,FN,0
-1.9008062,-0.454699,0.6263136,-1.7183298,1.0691502,-1.0857288,0.4181755,0.28697783,0.22265776,0.026931308,0,chr5:178730754:tibial_artery:0,TN,0
-3.8052776,-0.7031532,0.51564753,0.22298045,-0.6314376,-0.29003686,-0.4631149,-0.019373124,0.43421376,0.16790597,0,chr6:24991997:thyroid_gland:0,TN,0
0.7967823,2.3846042,-0.6281863,0.5586391,0.08450815,-0.24244195,1.647868,0.13523719,0.12230187,0.60965234,0,chr17:61777919:sigmoid_colon:0,TN,0
-1.349478,-0.118366286,1.9094067,2.3022554,0.04778787,0.6949236,0.57243353,-0.18335633,-1.4207215,0.0403879,0,chr11:12894326:esophagus_muscularis_mucosa:0,TN,0
-0.092069745,2.1075077,-0.69819933,0.86566263,0.48607644,-0.22625116,0.97420144,-0.06400465,1.1566042,0.59621185,1,chr19:17260758:spleen:0,FN,0
-1.728702,3.08548,0.41839966,0.23685631,0.23063153,0.1429168,-0.90883946,-0.65476036,0.17015134,-0.6160703,0,chr10:14543432:tibial_nerve:0,TN,0
-3.5740657,-0.75067645,1.0101956,0.008313097,-0.063928396,0.41768053,-0.15092102,-0.01180078,-0.5374336,-0.037891842,1,chr5:149431239:Peyers_patch:0,FN,0
-0.69027936,1.5942552,-1.5556289,0.3081771,0.1198215,-0.2702558,1.4312904,-1.4325185,-0.072681375,0.6596735,1,chr8:30486503:gastroesophageal_sphincter:0,FN,0
5.568653,-1.122161,-0.2917494,0.58214176,0.37901244,-0.1944216,-0.3886683,-0.6966411,0.46158653,0.17272826,1,chr8:93405667:thyroid_gland:0,TP,1
-4.201097,-0.82507986,0.44879475,-0.19353671,-0.57657385,-0.2448589,-0.6579677,0.1924636,0.5120613,0.27103895,0,chr15:97235651:esophagus_muscularis_mucosa:0,TN,0
-2.348206,-1.1577524,1.0995686,1.4610031,0.21284525,0.749162,0.51895267,-0.014042735,-1.1164107,0.2860901,0,chr1:146401430:thoracic_aorta:0,TN,0
1.1835595,1.961556,-1.2324486,0.55210274,0.69056624,-0.10883201,1.0910122,2.0511587,0.75116104,0.6915143,1,chr2:93976867:gastrocnemius_medialis:0,FN,0
6.9040427,0.11831908,0.48298684,0.5378537,-0.100617714,-1.0111071,-0.2586507,-0.4924505,-0.38271135,-0.026733909,1,chr3:75785547:adrenal_gland:0,TP,1
-2.60233,0.7590154,-1.6877126,0.19267239,0.33097607,0.013171102,-0.23059624,-0.10786657,0.0059710154,0.022622302,0,chr19:7239825:transverse_colon:0,TN,0
-1.4377836,1.8874512,-0.61636925,-0.4743044,0.14575708,-0.3622745,-0.22534114,0.16492172,-0.43651956,-0.48199305,0,chr6:150865507:spleen:0,TN,0
-4.153121,-1.1354648,0.19547181,-0.52000415,-0.3168539,-0.87845963,-0.7500369,0.18961225,0.57350284,0.5097325,0,chr14:69818942:upper_lobe_of_left_lung:0,TN,0
-3.0791657,-0.5705593,0.34495667,1.0733541,-0.9594494,-0.5888732,-0.646567,-0.40546614,0.86756945,0.31061006,1,chr6:106223515:prostate_gland:1,FN,0
-3.1661541,-0.5129604,0.2278654,0.90247196,-0.13081719,0.6816644,0.5043949,0.037815657,0.45854235,0.13338293,0,chr2:232203751:body_of_pancreas:0,TN,0
-5.0706525,-2.5975087,-2.0909207,0.15778276,-0.83993965,-0.024960583,-0.63851124,0.44640952,-0.7467978,0.060268115,0,chr2:52503462:body_of_pancreas:0,TN,0
-0.865308,0.0059546125,1.1595564,-1.8698249,1.5738101,-0.11864842,0.45330974,0.18573767,0.25631183,-0.012944655,1,chr5:181184339:body_of_pancreas:0,FN,0
-0.8653039,0.0059540663,1.1595556,-1.8698268,1.5738094,-0.118647344,0.45330957,0.18573904,0.25631475,-0.0129451845,0,chr5:181184339:upper_lobe_of_left_lung:0,TN,0
-1.9584497,-2.9318676,-0.5965646,-1.6176835,-0.3985831,-0.3271858,0.8050055,0.29921216,-0.03556819,0.49440512,0,chr10:119317424:thoracic_aorta:0,TN,0
0.67841923,0.8386466,1.4188697,-1.0004586,0.08400184,1.3060027,-0.3141281,-1.2249303,2.1200209,-0.3652373,1,chr1:27556965:transverse_colon:1,FN,0
4.032107,-0.34393346,-0.22188886,-0.33722508,-0.30252793,1.3644681,-0.65884465,1.0275513,-0.12406205,-0.018394152,1,chr10:96641123:esophagus_squamous_epithelium:0,TP,1
-2.0328324,0.5895718,-0.62614346,0.9509919,0.75288934,0.1015158,-0.027927393,0.33286506,-0.1897413,-0.26886657,0,chr5:10607406:upper_lobe_of_left_lung:0,TN,0
-3.85555,-0.36889222,0.6676797,-0.34620503,-0.6455978,-0.53391695,-1.0509323,0.021080196,0.8370915,0.16712247,0,chr10:100481455:upper_lobe_of_left_lung:0,TN,0
0.1788767,0.32135248,-0.1233818,-0.11085894,0.69086015,-0.59176743,0.5537851,-0.3961831,0.6941697,-0.6210461,1,chr22:46739374:body_of_pancreas:0,FN,0
-2.0036273,1.9131212,-1.436108,0.526693,0.41908446,-0.6834472,0.3073651,0.34422803,0.44787857,0.66962415,1,chr11:66580245:body_of_pancreas:0,FN,0
-3.1985123,1.1548606,-0.28850356,-1.2094173,-0.14092179,-0.34199142,-0.56679136,0.28026384,-0.37016723,-0.35399967,0,chr2:28452449:Peyers_patch:0,TN,0
-3.3099353,-0.8824689,1.0705312,-1.2193464,0.20032117,-0.5403044,0.24510576,0.05251883,0.52694654,0.23771918,0,chr22:30423639:testis:0,TN,0
-1.7740717,1.1240474,-0.023103587,0.54200697,-0.2588408,-0.33805478,0.4361262,0.44272593,1.1996429,0.023219697,1,chr3:1072175:Peyers_patch:0,FN,0
-2.9772599,1.7093811,-1.1681335,0.54832983,-0.13037138,-0.048978563,0.37003154,-0.09465427,-0.25970575,-0.6211406,0,chr12:115383505:prostate_gland:0,TN,0
-0.4004811,-4.1080513,-2.1356506,0.03622304,1.0271585,-0.27479586,-0.111256465,0.21297611,-0.3918758,-0.6272593,0,chr16:28317594:thoracic_aorta:0,FP,1
-0.41698942,-1.644772,-0.898509,-0.65329796,0.70000476,0.042046443,0.5633242,0.3767608,-0.7049104,-0.6027275,0,chr16:88763413:upper_lobe_of_left_lung:0,FP,1
-2.7152555,1.114675,-1.9969499,0.22674145,-0.0048990776,0.33869797,-0.16595738,-0.18430075,-0.24775547,0.6776699,0,chr2:73481655:body_of_pancreas:0,TN,0
-3.323728,0.15536584,-0.40726492,-0.57483745,-0.7245522,-0.3723079,-0.46463966,0.28362766,-0.20143569,-0.45341069,0,chr8:54166457:Peyers_patch:0,TN,0
-3.06711,-0.63288885,0.47846556,-1.2019888,0.611808,0.11719827,0.22433919,0.4919198,-0.46285114,0.048544843,0,chr11:63839165:tibial_artery:0,TN,0
-3.2382495,0.63978475,-0.0944649,-1.0074111,-0.21654212,-0.013849327,-0.36492524,-0.14587015,-0.5687722,-0.111059435,0,chr12:109597967:gastrocnemius_medialis:0,TN,0
4.2735925,-0.9808971,-0.66935784,0.50960857,-0.44255275,-0.4015666,-0.1989889,-0.5944638,0.43071923,0.397231,1,chr17:64014379:body_of_pancreas:0,TP,1
6.0780544,1.0398393,0.24331816,0.7416399,-0.089422174,-0.69682366,0.07246359,1.3126718,0.25710133,0.8684153,1,chr8:45161494:transverse_colon:0,TP,1
4.249596,-0.4460461,-0.07538114,0.2156336,1.7010957,-0.5467164,0.040498674,0.4362811,0.22547795,-1.0376024,1,chr16:579030:body_of_pancreas:0,TP,1
-3.1533637,-0.05511635,1.38779,0.47122654,-0.334856,0.13259563,0.07183726,-0.009022645,-0.09027053,-0.0988106,0,chr16:2639134:adrenal_gland:0,TN,0
-1.5969054,-1.1201112,0.77795225,-1.9870671,0.94948584,0.63364774,0.20233095,-0.061677836,-0.0956718,0.38452566,1,chr16:4273965:upper_lobe_of_left_lung:0,FN,0
-2.696252,0.7139479,0.12883465,-1.5578043,1.0748202,-0.5980085,-0.6128141,-0.08042716,0.09442823,0.43226737,1,chr2:46699152:spleen:0,FN,0
2.7709038,0.46366382,-0.00021116024,-0.40558517,-1.6449254,-0.46927938,1.0873827,-1.1012499,0.2687418,-0.36851144,1,chr2:196068383:prostate_gland:0,TP,1
5.316351,-1.6196285,-0.12898335,-0.19090496,-0.43402997,0.34230033,-0.3580732,-0.14673313,0.12018393,-0.30901772,1,chr6:29705705:body_of_pancreas:0,TP,1
-3.3848464,-0.42574638,1.177946,0.4006955,0.26598272,-0.38114697,-0.14432356,-0.031688772,-0.20446435,0.4107725,0,chr7:148941347:tibial_nerve:0,TN,0
4.52073,-2.3127553,-0.9930046,-0.09090433,-0.13725449,-0.71727425,-0.19187413,-0.24055132,-0.3203974,-0.18309498,0,chr12:121918386:testis:0,FP,1
-3.5580735,0.22312678,0.04989223,-0.62486535,-0.1568958,-0.78797024,-0.7534554,0.18630618,-0.07304153,0.3687641,1,chr1:26921783:body_of_pancreas:0,FN,0
-3.85555,-0.36889222,0.6676797,-0.34620503,-0.6455978,-0.53391695,-1.0509323,0.021080196,0.8370915,0.16712247,0,chr10:100481455:transverse_colon:0,TN,0
-3.4335203,-0.67508584,0.8593449,-0.6670246,-0.5184344,-0.73526615,-0.9680535,0.2343119,1.0837582,0.13701211,0,chr17:77282615:transverse_colon:0,TN,0
-0.92032796,-0.97986764,0.17665854,0.020023674,1.8725408,0.42852697,0.8041501,-0.16428189,-0.3489804,-0.5527823,0,chr19:14097969:adrenal_gland:0,TN,0
-2.055664,2.5404718,-0.32363212,-0.19385208,0.25437102,-0.19443093,-0.86455685,-0.10568173,-0.48302326,-0.23986174,1,chr8:41651698:body_of_pancreas:1,FN,0
3.7628887,-0.10592952,-0.94108796,0.026233539,-0.88462305,0.7314465,-0.254999,-1.0662771,-0.11674082,1.6115788,1,chr7:73725711:tibial_artery:0,TP,1
6.342216,-0.3202458,0.2527768,0.5220702,-0.080904365,-1.2090663,-0.3654673,-0.35400912,-0.35288018,-0.0922018,1,chr11:47642443:gastroesophageal_sphincter:0,TP,1
-3.631511,-1.1720195,-0.59935135,-0.02928698,-1.2856338,0.38543087,-0.11563654,0.14405629,0.19988428,-0.31942984,0,chr10:84375202:body_of_pancreas:0,TN,0
-2.327948,1.5503116,-1.0788255,0.46820724,-0.26770112,-0.7977297,-0.751185,0.11052291,-0.07318805,-0.23928966,0,chr1:153352478:body_of_pancreas:0,TN,0
0.24603942,0.844825,0.88374424,-0.16445673,-0.09233178,0.30406243,0.31368214,0.43247136,0.05762461,-0.60878104,0,chr18:49640323:body_of_pancreas:0,TN,0
5.959428,-0.7566817,0.22227572,-0.37720188,-0.23449427,0.28436816,-0.5717494,-0.15190606,-0.2946778,0.2708261,1,chr17:45585364:thoracic_aorta:0,TP,1
-0.9455637,-1.0923173,-0.006300067,1.1800046,-1.1717238,-0.19506143,0.8917822,0.34695616,0.7498392,-0.6387032,0,chr9:86532899:body_of_pancreas:0,TN,0
-2.055664,2.5404718,-0.32363212,-0.19385208,0.25437102,-0.19443093,-0.86455685,-0.10568173,-0.48302326,-0.23986174,1,chr8:41651698:spleen:0,FN,0
5.959428,-0.7566817,0.22227572,-0.37720188,-0.23449427,0.28436816,-0.5717494,-0.15190606,-0.2946778,0.2708261,1,chr17:45585364:tibial_artery:1,TP,1
5.0389867,-0.0036601506,-0.052204765,0.4815908,1.2067679,-0.13892567,-0.34106857,0.6576669,-0.17255624,-0.78632194,1,chr19:45678133:upper_lobe_of_left_lung:0,TP,1
6.151238,1.497601,1.6517409,0.13050294,1.9777721,-0.5660046,1.2238383,0.33612147,-0.6722253,-1.0456687,1,chr4:1752766:upper_lobe_of_left_lung:0,TP,1
-0.9676121,-1.0153362,-0.0049459683,0.2596494,0.48155925,-0.35663807,1.2565641,0.22528477,-0.1050379,0.28169557,1,chr16:50858165:body_of_pancreas:0,FN,0
-0.66889656,0.4642517,1.7078918,1.3019246,1.004408,0.69216627,0.53810936,0.017097121,-0.72232425,-0.14232178,0,chr2:239144036:testis:0,TN,0
-1.7713217,0.65992635,-1.5908878,0.30792868,-0.024295133,0.5871604,0.049540676,-0.079508826,0.6523508,-0.0517109,0,chr14:48070006:adrenal_gland:0,TN,0
0.36949098,2.5374506,-0.8882843,0.4167995,0.46421897,-0.097721756,0.6541187,0.06677416,-0.78281003,0.12509371,0,chr16:71961415:prostate_gland:0,TN,0
6.8174543,4.6649113,3.2614696,0.9205192,1.1895427,-0.96675205,1.9310662,0.80628526,-0.033550616,-1.3332795,0,chr14:90785685:transverse_colon:0,FP,1
-2.5410416,0.59361196,1.8881304,0.3192641,0.41897282,-0.33849004,0.21737722,-0.052577633,-0.8831475,0.21107073,0,chr15:34210265:gastrocnemius_medialis:0,TN,0
6.5428977,-0.111041605,0.4351018,0.30134103,-0.5045544,-0.044240296,-0.40126854,0.12351422,-0.26962364,0.082279995,1,chr2:86221296:prostate_gland:0,TP,1
-3.024745,-1.0150723,0.4336083,1.2466547,0.35379222,-0.5244723,-0.008718869,-0.099276416,-0.2231475,0.22237101,1,chr9:127348292:gastrocnemius_medialis:0,FN,0
-1.585006,1.8046366,0.9712578,1.0692537,-0.112723224,0.781452,0.54745823,-0.18156275,-0.82723206,-0.6438242,0,chr17:30340263:prostate_gland:0,TN,0
2.893573,0.8130615,-1.1025882,0.99810725,1.3261404,-0.026216421,0.06685425,1.4258001,1.0089103,-0.3210357,1,chr20:29891901:testis:0,TP,1
-3.5134861,0.40497187,0.88636667,0.21354039,0.06982296,-0.42232752,-0.5876317,-0.13305143,-0.53551596,0.36669537,1,chr1:23960406:upper_lobe_of_left_lung:0,FN,0
1.9169778,-2.0737116,0.07905238,-1.1880373,-0.1488113,0.46394485,0.8446927,-0.71694595,-0.048012774,-0.25212276,0,chr7:64999336:adrenal_gland:0,FP,1
-0.74964523,1.1580625,-0.024194913,0.46659076,-0.06468535,0.1602184,-0.17182095,-0.33914223,0.8678529,-0.019790046,0,chr11:74453763:thoracic_aorta:0,TN,0
-3.804175,-0.22115529,-0.088504754,-0.42740375,-0.96083885,-0.1514851,-0.3142059,0.19396454,-0.18830182,-0.23070958,0,chr4:82462411:spleen:0,TN,0
2.0852237,0.19288816,-1.0087118,0.6128886,0.04148764,-0.3151709,0.33882546,0.09377321,1.2130278,-0.097225055,0,chr22:50756632:transverse_colon:0,FP,1
2.2789798,-1.3616235,-1.1070828,0.47007757,0.098614626,0.44689536,0.40740174,-0.13693863,-0.43173054,-1.1001621,0,chr3:43734137:thoracic_aorta:0,FP,1
-1.1725098,1.0504713,0.03814043,-0.052772205,0.09605639,0.052933495,0.6672437,0.19755359,0.31554866,-0.5139831,1,chr9:129441271:thoracic_aorta:0,FN,0
3.2922635,-2.5258362,0.12192005,-0.911275,-0.2105473,0.83384264,0.283851,-0.61325926,-0.30000377,-0.09501663,1,chr1:20575428:tibial_nerve:0,TP,1
-3.117204,-0.1757644,-0.25097245,1.1350836,-0.6688602,0.96747774,0.047277927,-0.44617316,-0.046339992,0.0071956217,0,chr14:76832128:body_of_pancreas:0,TN,0
4.52073,-2.3127553,-0.9930046,-0.09090433,-0.13725449,-0.71727425,-0.19187413,-0.24055132,-0.3203974,-0.18309498,1,chr12:121918386:prostate_gland:0,TP,1
-1.098357,0.3770058,0.31727657,0.1601057,-0.7607929,-0.17826098,0.7532638,-0.15283078,0.4239089,-0.456256,0,chr5:80092155:adrenal_gland:0,TN,0
5.445318,-0.7285479,0.3721907,-0.919893,-0.71426916,0.8591626,-0.3335653,-0.37068006,-0.19120464,0.68151903,1,chr7:78040381:body_of_pancreas:0,TP,1
5.6712236,0.12396141,-0.45951724,1.0415304,0.78692704,-0.6095034,-0.65870327,-0.2029606,0.34316158,-0.037578344,1,chr20:21120370:thyroid_gland:0,TP,1
0.67841923,0.8386466,1.4188697,-1.0004586,0.08400184,1.3060027,-0.3141281,-1.2249303,2.1200209,-0.3652373,1,chr1:27556965:tibial_artery:0,FN,0
-2.5839942,1.322245,-0.8737471,-0.43564722,0.47880703,0.2302063,0.13023958,0.18249053,-0.26664174,-0.16687368,0,chr11:6612917:gastrocnemius_medialis:0,TN,0
-1.6859778,0.7692511,0.21150279,-0.5865116,0.024383148,0.5024363,0.3029465,-0.094246976,-0.4943011,-0.08179725,1,chr11:1303541:body_of_pancreas:0,FN,0
5.432573,0.75713974,0.50086117,-0.5184049,-0.75617945,0.7313404,0.024094211,0.08206794,-0.58687425,0.20536354,1,chr15:33226849:tibial_nerve:0,TP,1
4.7655797,-1.6806833,-0.09891185,-0.9347848,0.38362256,0.82211196,-0.48961177,-0.42325795,0.07863778,0.22835205,1,chr9:42852316:adrenal_gland:0,TP,1
-1.4243664,2.2790413,1.1371961,0.30761024,0.53151137,0.6442721,-0.90913343,0.22962639,0.23809437,-0.37911257,0,chr21:37712460:body_of_pancreas:0,TN,0
-1.8473532,1.8814304,-1.4647292,0.56006163,-0.03930083,0.70275056,-0.25567207,0.6447672,0.28010604,-0.24626577,0,chr21:5260541:esophagus_squamous_epithelium:0,TN,0
3.7712097,-1.4187903,-0.19105707,-0.5151077,0.6648243,-0.6630992,0.0100266365,-0.3592984,0.13891359,-0.2155074,0,chr17:78925348:upper_lobe_of_left_lung:0,FP,1
-3.8816886,-0.4476737,-0.22163291,0.061293084,-0.7400034,-0.5164371,-1.1708298,0.034843523,0.8763107,0.14300297,0,chr1:67659484:tibial_artery:0,TN,0
-2.5961401,-1.384924,-0.5227533,-1.7249243,0.24573843,-0.61044496,0.5868296,0.11452635,-0.60457027,0.023786373,0,chr6:144286170:body_of_pancreas:0,TN,0
-3.9063864,-0.28675795,0.61191535,-0.6146087,-0.4249545,-0.8427097,-0.8736019,0.13157253,0.1663792,0.42345673,1,chr9:97633155:gastroesophageal_sphincter:0,FN,0
-1.8356346,0.2449943,1.8736857,0.91175145,0.34877855,1.1687776,0.53456324,-0.5728427,-0.20072314,-0.11307868,0,chr2:237858560:body_of_pancreas:0,TN,0
6.1421647,0.14585958,0.69419986,-0.31948262,-0.43469435,0.25825176,-0.0985454,0.47707692,-0.48468813,0.1824137,1,chr11:60251676:Peyers_patch:0,TP,1
-2.4961162,-1.2733535,-0.9577504,-0.6133478,0.12136215,-0.072144225,0.3586372,-0.35698038,-0.32920623,0.2827583,0,chr16:28615870:gastrocnemius_medialis:0,TN,0
-1.2138829,2.2171493,-1.5117048,0.32167765,0.8978413,-0.011460222,0.7544495,0.026730822,0.23180625,0.63989514,0,chr5:112360842:body_of_pancreas:0,TN,0
-1.934471,2.4484231,0.6666338,-0.7682244,0.24942197,-0.0850044,-0.8439895,-0.04609642,0.13520876,-0.43773067,0,chr3:197510147:thoracic_aorta:0,TN,0
-3.0440488,-0.52745444,1.3440404,0.0253657,-0.31036264,0.28066665,-0.21005827,0.22198732,0.5773021,0.15212055,0,chr15:53197580:tibial_nerve:0,TN,0
-1.5307081,2.710359,0.08327878,-0.64441276,-0.88216984,-0.18619679,0.3346435,-0.3748086,-0.45455232,-0.5876511,1,chr16:4548780:gastroesophageal_sphincter:0,FN,0
-3.9756567,-2.2253752,0.6480252,0.54289633,-0.64462775,-0.09780804,-0.42510447,0.043962814,-0.08773001,0.16688319,0,chr18:61551833:prostate_gland:0,TN,0
6.412731,-0.011112136,0.06743202,0.36835706,-0.511217,-0.95927846,0.26370156,-0.05179241,-0.1783405,0.24444138,1,chr17:22856764:Peyers_patch:0,TP,1
-3.2166824,0.30427036,1.2522755,0.80163085,-0.10944054,-0.25354394,-0.49684387,0.0342863,-0.22174844,0.4364091,0,chr19:43198867:prostate_gland:0,TN,0
6.342216,-0.3202458,0.2527768,0.5220702,-0.080904365,-1.2090663,-0.3654673,-0.35400912,-0.35288018,-0.0922018,1,chr11:47642443:body_of_pancreas:0,TP,1
-1.3178786,-0.05866421,0.84309465,-1.677423,0.87831527,0.09557133,0.302393,0.31758943,-0.38842618,-0.12630597,0,chr3:24495731:transverse_colon:0,TN,0
0.15566121,-0.7294585,1.2462862,1.9390073,-0.07062577,0.91911995,0.49072278,-0.115815334,0.11836365,-0.4960362,1,chr11:30279727:body_of_pancreas:0,FN,0
-0.9928985,0.034680206,0.57256734,-1.1144373,0.3948362,0.2727509,-0.19414316,-0.57221687,-0.10048026,-0.0685013,1,chr4:121696562:tibial_nerve:0,FN,0
5.316351,-1.6196285,-0.12898335,-0.19090496,-0.43402997,0.34230033,-0.3580732,-0.14673313,0.12018393,-0.30901772,1,chr6:29705705:transverse_colon:0,TP,1
-3.771992,-1.0319306,0.8983214,0.17529424,0.13467383,0.2574875,0.20151637,0.01567224,0.16143806,0.24577366,0,chr2:119522880:body_of_pancreas:0,TN,0
6.325227,-0.69844854,0.016741293,0.31036213,0.054202933,-0.48116463,-0.63077855,-0.41668054,-0.22027457,0.13010241,1,chr3:75785419:transverse_colon:0,TP,1
3.7355537,-0.024354922,-0.1572564,-0.5602044,0.18154684,0.19683146,0.21583189,0.24780053,0.08054293,-0.2663567,1,chr9:127360508:thoracic_aorta:0,TP,1
-3.2889025,0.82712793,-0.1268566,-0.39523637,-0.75739974,-0.73911333,-0.5733102,0.1045812,0.53563887,-0.4879956,0,chr11:32792926:testis:0,TN,0
-3.145662,-0.91537404,0.8734844,0.48128855,1.0275384,-0.10970475,0.5017578,-0.5337715,-0.3586294,0.73350453,0,chr22:24696805:upper_lobe_of_left_lung:0,TN,0
-1.9621037,-0.5249898,-0.34528187,0.2219858,-0.7018291,0.8446844,0.077155285,-0.11196549,0.53832126,0.16460288,1,chr1:108214824:esophagus_squamous_epithelium:0,FN,0
-1.5054979,0.77784425,-1.7053108,0.8998125,1.065306,0.64575225,-0.67035216,1.3681672,0.81203425,0.41298538,1,chr20:28507029:tibial_artery:0,FN,0
-2.5152996,2.072036,0.6081474,-0.5782238,0.49491835,0.05195897,-0.30371806,-0.45628226,-0.09523585,-0.34565917,0,chr1:20152614:prostate_gland:0,TN,0
5.9594293,-0.7566814,0.22227614,-0.37720168,-0.23449425,0.28436825,-0.5717492,-0.15190609,-0.29467803,0.27082688,1,chr17:45585364:tibial_nerve:0,TP,1
-0.7259722,0.58573973,1.4368583,0.2115707,1.6105648,-0.65335816,0.14507788,0.10362946,0.03063452,0.20898512,0,chr19:1095336:tibial_nerve:0,TN,0
-3.2382464,0.6397858,-0.094462946,-1.0074121,-0.2165415,-0.013849306,-0.3649241,-0.14586936,-0.56877273,-0.1110594,1,chr12:109597967:suprapubic_skin:0,FN,0
-1.2418869,-0.65307826,-0.8280263,-0.48802906,-0.8135191,0.016167821,0.561284,-0.0009450531,-0.15579621,-0.76546353,1,chr1:211512213:prostate_gland:0,FN,0
-3.0791657,-0.5705593,0.34495667,1.0733541,-0.9594494,-0.5888732,-0.646567,-0.40546614,0.86756945,0.31061006,1,chr6:106223515:spleen:0,FN,0
-2.2656727,1.2904837,-1.1508808,0.14364412,-0.2289612,0.35392106,0.5218911,0.20832688,0.10887822,-0.61802787,0,chr18:9792571:body_of_pancreas:0,TN,0
-1.5054979,0.77784425,-1.7053108,0.8998125,1.065306,0.64575225,-0.67035216,1.3681672,0.81203425,0.41298538,1,chr20:28507029:omental_fat_pad:0,FN,0
6.3085318,1.1148407,0.30355462,0.6562227,-0.12704824,-0.6558303,0.121263675,1.1782593,-0.45467743,0.832041,1,chr17:25564496:omental_fat_pad:0,TP,1
3.1883044,1.1410156,-1.0589623,0.5587848,-0.2923958,-0.18795583,0.7328681,2.6109784,0.8422389,0.8655581,1,chr8:44636977:transverse_colon:0,TP,1
-2.6737647,0.9441167,-1.5132833,-0.35153088,-0.1551301,0.6495444,-0.22669283,-0.3674693,-0.4406106,0.1455596,0,chr21:44761648:prostate_gland:0,TN,0
-3.895467,-1.9605606,0.022232223,0.9812316,-0.9372701,-0.058584448,-0.4372627,-0.00038966272,0.63939923,-0.023479823,0,chr4:167290814:body_of_pancreas:0,TN,0
6.540345,-0.2710499,0.2099284,0.5018001,-0.38569534,-1.0855796,-0.1217055,-0.17993109,-0.30565363,-0.06713808,1,chr17:22909996:lower_leg_skin:0,TP,1
-2.435525,-0.69607234,-0.5018497,-0.16057248,0.099012665,0.18492922,-0.828191,0.22488688,0.86545676,0.59804904,0,chr10:79938966:body_of_pancreas:0,TN,0
5.793759,0.23800911,1.0027106,-0.8141528,-0.63320595,0.12564006,0.28874794,0.26467863,-0.49417555,-0.08767689,1,chr19:47436804:esophagus_squamous_epithelium:0,TP,1
-3.8657491,-1.9979664,0.2263993,0.90317655,0.45623475,0.511836,-0.18466143,0.07177936,-0.85449904,0.51642525,0,chr10:125982582:thoracic_aorta:1,TN,0
3.0147138,-0.29455322,-1.5013424,0.5410986,0.97005075,0.39316937,-0.6418472,1.3886188,0.7811533,-0.25790864,1,chr21:5357485:prostate_gland:0,TP,1
-1.4683716,1.2450831,0.092439994,0.5207361,0.5089218,0.4620832,-0.6889477,1.0502377,-0.22499847,-0.51600575,0,chr1:78332182:body_of_pancreas:0,TN,0
-3.1356988,-0.26347598,1.149381,1.6909428,-0.69841254,-0.12954083,-0.22428714,-0.15502687,-0.33005425,0.020018527,0,chr12:19757428:suprapubic_skin:0,TN,0
-3.1884136,1.348716,0.080785565,-0.57622385,-0.5575749,-0.35373405,-0.98630625,-0.004941707,-0.11989854,-0.2892578,1,chr11:3409057:body_of_pancreas:0,FN,0
0.09713207,1.870921,-1.139151,-0.2350768,1.1751376,0.64650655,-0.15941827,-0.12390826,-0.8444794,0.48993325,0,chr12:132710050:transverse_colon:0,TN,0
-2.992093,0.9521548,1.220691,-0.23115788,0.28594717,-0.19537905,-0.052243497,-0.2328656,0.23502737,-0.04274922,0,chr9:114108103:spleen:0,TN,0
-1.7365594,1.9673418,-1.1310077,0.42797884,0.3827091,0.7660781,-0.18648158,0.62323636,0.0070754215,-0.00036778895,0,chr1:43779377:prostate_gland:0,TN,0
5.4177866,2.4070435,0.22438353,0.73957694,0.39500132,0.014330123,-0.0057143304,1.9902781,-0.40993875,0.6282233,1,chr17:25579422:body_of_pancreas:0,TP,1
-1.5969057,-1.1201065,0.77795273,-1.9870671,0.94948626,0.633647,0.2023314,-0.06167778,-0.095670655,0.38452533,1,chr16:4273965:thoracic_aorta:0,FN,0
1.4626849,2.4926164,-0.54720396,-0.90485835,-0.9906514,0.23871925,1.815861,-0.77748096,-0.34016603,0.4722714,1,chr19:45427778:suprapubic_skin:0,TP,1
-2.378061,-0.44277194,0.5201839,-1.2674448,0.57149583,-0.3899562,0.6388208,-0.35649118,-0.32594427,0.21527873,0,chr5:142012891:tibial_artery:0,TN,0
6.300166,0.6975343,0.5792311,-0.007623442,-0.48312736,-0.4713255,0.7273699,0.53860265,-0.15816544,-0.1025348,1,chr7:63016061:upper_lobe_of_left_lung:0,TP,1
6.177202,-0.6348373,-0.02433892,0.48153523,-0.16339073,-0.5107413,-0.585031,-0.30529296,-0.29247734,0.38366172,1,chr6:31374359:tibial_artery:0,TP,1
-3.8610196,0.1794615,0.22473398,-0.80908793,-0.40937763,-0.42237386,-0.6917794,0.030459013,-0.39422,-0.24527824,0,chr7:151819172:prostate_gland:0,TN,0
-2.5106802,1.3689158,-0.84283453,0.553608,0.8180874,0.35529533,0.031076385,-0.08512977,-0.09320429,-0.19430202,0,chr10:69730302:thoracic_aorta:0,TN,0
-2.203994,0.6520499,-1.7451373,-0.398752,0.11958266,-0.5646616,0.23340566,-0.8861454,0.46513826,-0.12533991,0,chr7:5140253:body_of_pancreas:0,TN,0
5.6712236,0.12396022,-0.4595182,1.0415307,0.78692675,-0.60950303,-0.658703,-0.20296039,0.34316158,-0.037578195,1,chr20:21120370:gastrocnemius_medialis:0,TP,1
-3.5995784,-0.70045024,0.28917962,-0.5141394,0.6278427,-1.0598651,0.11145188,0.11726128,-0.69519264,0.6528521,0,chr4:185204332:testis:0,TN,0
-2.6759455,2.023879,1.1526866,0.33814716,0.03149668,0.14379951,-0.75681347,-0.04670154,-0.24187046,-0.32489592,0,chr14:34228362:sigmoid_colon:0,TN,0
5.7432413,0.06548706,-0.43457675,0.9579522,0.9594144,-0.7832666,-0.5549342,-0.34632447,0.49499652,-0.62858295,1,chr15:77077965:spleen:0,TP,1
-3.0632403,0.79412234,0.14781299,-0.5888386,-0.94349277,-0.32293892,-0.7376597,-0.33492282,0.40607223,-0.22645922,0,chr16:87488454:esophagus_muscularis_mucosa:0,TN,0
6.862587,0.70573014,0.9731345,-0.06289524,-0.6573283,-0.06897813,0.06397106,0.34262142,-0.19967206,0.6059406,1,chr7:142521135:body_of_pancreas:1,TP,1
-0.72043383,3.181116,-0.66317856,0.8058307,0.58210427,-0.13341022,0.12916811,-0.03343011,0.9614299,0.5116586,0,chr7:66050288:upper_lobe_of_left_lung:0,TN,0
-2.6693003,-1.508413,-1.0377649,-2.055946,0.55656546,-0.66617584,-0.013438495,0.5076051,-0.372339,0.15173942,1,chr7:100894790:thoracic_aorta:0,FN,0
-3.0412219,0.14041062,0.8923763,-0.6908444,0.0863013,-0.2230446,-0.21949585,0.16514136,0.09564008,0.16430289,1,chr22:24259700:prostate_gland:0,FN,0
-1.4023141,0.8165511,1.8718655,1.2881641,0.43967295,0.6617879,0.5137232,-0.49549952,-0.31565225,0.14347117,1,chr12:104294234:thoracic_aorta:0,FN,0
-0.46023393,2.0012233,-1.4027644,0.06271284,0.053401086,-0.30134267,1.1793516,-0.88860947,-0.2798503,0.80678266,1,chr16:2874817:adrenal_gland:0,FN,0
-1.7543482,-0.0713606,-0.20738235,-0.34321213,0.74186236,0.3221972,1.0326648,0.42989573,0.16902937,-0.4338144,0,chr7:102470728:Peyers_patch:0,TN,0
-4.243061,-0.6014429,0.28713745,-0.5232602,-0.44583204,-0.81357175,-0.5136516,0.18605624,0.118824236,0.6274606,0,chr6:43724124:body_of_pancreas:0,TN,0
-1.4953568,2.6851342,-0.40303636,-0.14717285,0.09565547,-0.06887737,-1.259806,-0.6439352,0.1698972,-0.6364597,0,chr1:18821187:suprapubic_skin:0,TN,0
6.6258674,0.016264452,0.34037247,0.55257314,0.3068926,-0.7322628,-0.60708636,-0.0483653,-0.27145666,-0.2875272,1,chr12:8390645:gastrocnemius_medialis:0,TP,1
-1.4846224,-0.39278552,1.3926594,1.9275957,0.16776104,0.22871138,0.54185516,0.109969355,-0.010054886,-0.23257352,0,chr18:22223857:transverse_colon:0,TN,0
6.1772027,-0.63483644,-0.024337973,0.48153552,-0.16339067,-0.51074135,-0.5850305,-0.30529273,-0.29247758,0.38366136,1,chr6:31374359:esophagus_muscularis_mucosa:0,TP,1
-2.2699587,-0.10869997,-0.0007847109,0.12224077,0.4450398,0.72010237,0.6493255,-0.31320527,-0.28777644,-0.06615596,0,chr20:48658594:body_of_pancreas:0,TN,0
-1.8530477,0.80306363,-1.8362904,0.8581961,-0.7582256,-0.41964212,0.34284177,-0.14159864,0.46101758,-0.031130975,0,chr5:109402654:body_of_pancreas:0,TN,0
6.5208035,0.6868683,0.8367796,-0.03903923,-0.05325166,0.32329732,-0.29449183,0.75659734,-0.23587878,-0.079978354,1,chr5:151298414:transverse_colon:0,TP,1
-0.90970993,-2.3594785,-0.02179124,-1.1569415,0.3011447,0.6264672,0.16066,0.5086558,0.036562875,-0.2454354,1,chr2:231781810:tibial_nerve:0,FN,0
-3.6246166,-0.23279734,1.0319202,0.44084275,-0.036177218,0.059947066,-0.22327767,-0.12457541,-0.55228686,0.1020131,1,chr14:106061994:suprapubic_skin:0,FN,0
-3.0791707,-0.57056844,0.3449501,1.0733517,-0.9594513,-0.58887327,-0.64656806,-0.40546605,0.86756843,0.3106108,1,chr6:106223515:tibial_nerve:0,FN,0
-3.8681867,-0.8211244,0.032439884,-1.4614786,0.15624057,-1.021047,0.056420565,0.21327193,-0.010855466,0.37912238,0,chr22:50563002:testis:0,TN,0
-2.456754,-1.0835315,0.36334231,0.522928,0.06286043,-0.29494384,0.10780218,0.5266884,-1.3789049,0.29184014,0,chr15:94324421:transverse_colon:0,TN,0
-3.3814144,0.85741174,-1.0048773,-0.44227552,-1.3984936,-0.7625381,-0.5261224,-0.5047612,0.26541448,-0.44679192,1,chr7:121373197:body_of_pancreas:0,FN,0
1.4909825,-0.8957272,-0.75513685,-0.20917065,0.966654,1.6869535,-0.5268957,-0.03673578,0.1061486,-0.668537,0,chr20:30320508:body_of_pancreas:0,FP,1
0.1787108,2.7772322,0.22523028,-1.7055745,-1.0909504,1.3521539,-0.6603173,0.11416217,-0.36436784,-0.53364766,0,chr9:83219889:spleen:0,TN,0
5.9684305,-0.086345784,0.56549746,-0.58842564,-0.046993416,0.4607495,-0.07431773,-0.27322033,0.051607482,1.117907,0,chr15:79896760:tibial_artery:0,FP,1
-2.665384,-1.2067628,0.633254,-0.9196096,1.273441,0.4876332,0.2700888,-0.10079503,0.06911548,-0.02958023,0,chr7:137899502:prostate_gland:0,TN,0
-3.3790538,-0.80265194,-0.03865573,-0.6450729,-0.19548985,0.075447194,-0.477704,1.0146201,-0.47043058,-0.0709791,1,chr9:83219701:transverse_colon:0,FN,0
-2.831977,-0.02902054,0.37451908,1.4387327,-0.5312334,0.50197065,0.8093791,0.20466687,-1.1144054,-0.009525415,1,chr1:184841760:prostate_gland:0,FN,0
-2.0979636,1.3155215,-1.0962574,-0.2627008,0.042557206,1.1994284,-0.86395633,0.3159578,-0.3869006,-0.8486436,0,chr8:103114032:body_of_pancreas:0,TN,0
-3.9063864,-0.28675795,0.61191535,-0.6146087,-0.4249545,-0.8427097,-0.8736019,0.13157253,0.1663792,0.42345673,1,chr9:97633155:Peyers_patch:0,FN,0
4.9693584,-1.1811328,-0.3123213,0.08697215,-0.53395796,0.019758726,0.07726333,-0.42084962,0.12449479,-0.42579427,1,chr22:22713782:omental_fat_pad:0,TP,1
1.9353259,-1.2420859,0.98729324,-1.3016194,-0.15802063,1.341514,0.23590545,-0.051497787,0.37766317,-0.8112101,1,chr2:96533513:upper_lobe_of_left_lung:0,TP,1
-2.9661736,-1.0605702,-0.23735526,-0.19402929,-0.6191444,-1.1675816,0.2512697,0.029440584,-0.70517176,0.14233904,0,chr2:3728203:prostate_gland:0,TN,0
-2.6693082,-1.5084196,-1.0377676,-2.055946,0.556566,-0.66617435,-0.013440463,0.50760484,-0.37233925,0.15174115,1,chr7:100894790:upper_lobe_of_left_lung:0,FN,0
6.2009416,-0.73323274,-0.14280972,0.49682882,0.23484798,-0.7392693,-0.62715197,-0.1809958,-0.22360404,-0.3954531,1,chr12:52949183:upper_lobe_of_left_lung:0,TP,1
6.053209,-0.15542285,0.3007113,0.22270262,-0.43933025,-0.29177555,0.22402684,-0.5796248,-0.022994315,-0.067272164,1,chr10:38653296:transverse_colon:0,TP,1
-0.23011579,-2.9080176,-0.837959,-2.0441895,0.62240845,0.52141565,-0.12240225,0.24025542,-0.40111783,0.12093113,0,chr2:10044231:body_of_pancreas:0,FP,1
6.371135,-0.47837594,0.472097,0.11989949,-0.3940549,-0.56443363,-0.35888922,-0.49461615,-0.28989688,0.34887367,1,chr7:22550492:transverse_colon:1,TP,1
-3.776144,0.07579442,0.99258304,0.4344838,-0.63762045,-0.729615,-0.55991656,-0.06806809,-0.2808169,0.26131186,0,chr7:104883644:body_of_pancreas:0,TN,0
-0.32011715,2.5139863,-0.847901,0.056399796,0.094092846,0.28854063,0.1014959,0.75919145,-0.10470937,0.18169422,0,chr5:69574308:body_of_pancreas:0,TN,0
-2.0356207,0.81231105,-1.3349586,-0.065269955,0.7482722,0.46755,-0.09488941,0.32418367,-0.3989636,0.003887499,0,chr10:78450916:adrenal_gland:0,TN,0
-4.190358,-1.9758203,-0.8481506,-0.4381405,-1.3661616,-0.642578,-0.37175274,0.062415116,-0.37238216,0.12699173,0,chr3:196253627:body_of_pancreas:0,TN,0
-0.46932176,-0.32207474,-1.3474715,-0.21859334,2.6773608,-0.42542112,0.075198844,-1.2267367,0.8092801,0.37354514,1,chr18:597094:transverse_colon:1,FN,0
-3.109682,0.3299822,0.8108591,-0.76697737,-0.14814366,-1.0165896,0.019967861,-0.10581524,-0.029798707,0.08423408,0,chr18:56651667:sigmoid_colon:0,TN,0
-3.5758193,0.82148176,-0.5745808,-0.27248088,-0.68417627,-0.09794058,-0.19584367,-0.12695633,-0.3119227,-0.6373526,0,chr19:33143907:transverse_colon:0,TN,0
4.6138425,2.2248592,1.1943293,-0.26733473,-0.4681941,-0.037938684,0.8071044,0.44730672,-0.17214447,0.93568087,1,chr2:46818510:tibial_artery:0,TP,1
-2.4136598,-0.045070414,1.2641326,-1.1023003,0.999516,-0.19681828,0.13065164,-0.35541633,-0.25462177,0.26047075,1,chr19:56120808:tibial_nerve:0,FN,0
-1.0328214,0.99956524,-1.8489221,0.30430642,0.44074556,0.6153392,0.75197315,-0.6678601,-0.20410582,0.53310096,0,chr19:17103262:prostate_gland:0,TN,0
3.9600842,-2.1951566,0.04619171,-1.6013982,0.275017,0.7283699,-0.33548126,-0.19601761,0.2175079,0.19564599,1,chr18:75856:transverse_colon:0,TP,1
0.64846164,-3.0980868,-0.7794686,-0.45272067,0.2781667,0.7833651,-0.071856886,0.17077883,-0.49587685,-1.3400818,0,chr7:142451935:Peyers_patch:0,FP,1
5.2258325,1.4724935,0.89172053,-1.0929096,-1.4290394,1.3400828,0.040239498,0.6410794,-0.2708433,0.7914916,1,chr6:43386692:sigmoid_colon:0,TP,1
-3.3385215,0.1949476,-1.1576437,0.44579616,-0.71333474,-0.44142023,-0.15625338,0.29529703,0.44537714,-0.1062935,0,chr4:15730066:esophagus_muscularis_mucosa:0,TN,0
-3.5134861,0.40497187,0.88636667,0.21354039,0.06982296,-0.42232752,-0.5876317,-0.13305143,-0.53551596,0.36669537,0,chr1:23960406:transverse_colon:0,TN,0
-1.4940091,0.64113516,0.78786534,-1.0767678,1.0367458,-0.58705246,0.10688024,-0.30661166,-0.4015638,0.01885638,0,chr1:225427863:upper_lobe_of_left_lung:0,TN,0
3.1883032,1.1410162,-1.0589631,0.55878574,-0.29239625,-0.18795685,0.7328674,2.6109784,0.84223926,0.86555797,1,chr8:44636977:thyroid_gland:0,TP,1
-2.055664,2.5404718,-0.32363212,-0.19385208,0.25437102,-0.19443093,-0.86455685,-0.10568173,-0.48302326,-0.23986174,1,chr8:41651698:prostate_gland:1,FN,0
6.142165,0.14586113,0.6942018,-0.3194827,-0.43469453,0.258253,-0.09854386,0.47707766,-0.48468876,0.18241484,1,chr11:60251676:gastrocnemius_medialis:0,TP,1
-0.83364403,-1.3897831,-0.15856357,1.4415882,0.39311787,0.66119283,0.18366681,0.10930198,-0.3859796,-1.277454,0,chr12:122399528:Peyers_patch:0,TN,0
5.6712236,0.12396022,-0.4595182,1.0415307,0.78692675,-0.60950303,-0.658703,-0.20296039,0.34316158,-0.037578195,1,chr20:21120370:suprapubic_skin:0,TP,1
-3.8819926,0.12999007,0.40956473,0.08275541,-0.6233888,-0.6371705,-0.7822884,-0.124974824,0.021463577,0.017624067,0,chr2:73691003:prostate_gland:0,TN,0
-1.3479458,2.3794293,-0.9145986,-0.0893782,0.08671696,-0.15502612,-0.40673667,-0.1986701,-0.50801235,-0.11596138,0,chr6:168201408:body_of_pancreas:0,TN,0
-3.7507913,-2.1156216,-0.7626142,-0.14159383,-0.36181614,0.4114353,0.41374648,0.3546331,-0.058958072,-0.12943684,0,chr2:111617847:prostate_gland:0,TN,0
-2.561571,0.8939689,1.1677649,0.6631431,0.37460765,0.60175997,0.023836143,-0.16341601,-0.49358746,-0.026594715,0,chr16:85012086:transverse_colon:0,TN,0
-1.3154817,2.1188834,-0.0933725,0.685455,0.7761961,0.58766156,-0.33856234,0.28169355,-0.68631315,-0.053404525,1,chr9:129438755:upper_lobe_of_left_lung:0,FN,0
5.2258325,1.4724963,0.89172167,-1.0929091,-1.42904,1.3400834,0.040241897,0.6410802,-0.2708434,0.79149234,1,chr6:43386692:tibial_nerve:0,TP,1
-1.0047604,1.4175858,-1.3001776,0.5787363,0.17693944,-0.43773875,-0.038908444,-0.36602873,0.5538658,0.34722832,0,chr11:76920284:transverse_colon:0,TN,0
-4.0932355,-2.7371268,0.22862983,0.9800464,-0.4843399,0.18022951,-0.13425726,0.18739271,0.18298955,0.44567528,0,chr6:53927260:esophagus_squamous_epithelium:0,TN,0
-3.203459,-0.2737711,0.17526212,1.3610445,-0.27264148,0.37171087,-0.2836769,-0.22668038,-0.8663069,0.32420912,0,chr7:36233364:prostate_gland:0,TN,0
4.4621453,-0.6710368,0.1492999,-0.5972443,0.4490136,0.33176085,0.025140276,1.0603703,-0.5840507,-0.90282255,1,chr7:63015786:prostate_gland:0,TP,1
-2.2834961,-2.183371,0.16795594,-0.24385189,0.5641586,0.66408163,0.077158615,0.64860356,0.6048169,-0.6126277,1,chr6:169655219:sigmoid_colon:0,FN,0
3.9600866,-2.195156,0.046191394,-1.601397,0.27501506,0.72836953,-0.33548075,-0.19601813,0.21750662,0.1956454,1,chr18:75856:prostate_gland:0,TP,1
-3.081371,-0.953433,0.8666068,1.8427244,-0.4968632,0.3251207,0.10150069,-0.43552518,-0.51762486,0.15489313,0,chr1:81549700:body_of_pancreas:0,TN,0
-3.5094097,-1.1270227,0.49958223,-1.4062605,0.30108884,-0.38513187,0.100593045,0.17993025,-0.034491263,0.24627575,0,chr15:90529824:upper_lobe_of_left_lung:0,TN,0
4.166206,-0.83473593,-1.0051973,1.0013757,1.0777386,-0.22346786,-0.39793083,-0.8180934,0.85601866,-0.52489287,1,chr5:38070443:body_of_pancreas:0,TP,1
-3.0622416,-2.2886517,-1.1878667,-0.41585115,-0.44818246,-0.18087415,0.5023272,0.029300734,-0.094938956,-0.0039476356,1,chr10:77475126:body_of_pancreas:0,FN,0
3.2970064,1.6824853,0.55569416,0.15737304,-0.31280634,0.17279787,0.027388493,0.20563579,0.7505542,0.0051671756,0,chr22:23542739:upper_lobe_of_left_lung:0,FP,1
4.385735,-0.88407403,-0.4959328,0.6037023,0.33480495,0.2747352,-0.6529145,-0.008846801,0.97122675,-0.6585063,0,chr2:145265428:body_of_pancreas:0,FP,1
6.1421647,0.14585958,0.69419986,-0.31948262,-0.43469435,0.25825176,-0.0985454,0.47707692,-0.48468813,0.1824137,1,chr11:60251676:gastroesophageal_sphincter:0,TP,1
-3.1717439,-1.0096529,1.2096289,1.186949,0.4939009,0.70579123,0.44445518,-0.029586824,-0.7582314,-0.122126505,0,chr2:239764056:thoracic_aorta:0,TN,0
-2.300453,0.062420867,1.6422881,1.3086386,-0.10250122,-0.2868725,0.20134072,-0.35771403,0.024137987,0.5559252,0,chr11:95092634:thoracic_aorta:0,TN,0
-3.1774235,-0.79192686,-0.124236,0.20586902,0.055496816,0.2872364,-0.8294531,0.5126761,-0.26274005,-0.111224204,1,chr20:58511472:sigmoid_colon:0,FN,0
-2.8104544,0.0034728416,1.3592341,0.65002126,-0.57661414,0.25299555,0.69038755,0.19340332,0.43713588,-0.42659545,0,chr17:45099253:transverse_colon:0,TN,0
-3.3845387,0.0015842245,0.85283804,-0.8457397,-0.1598789,-0.26757675,-0.39684105,0.022585914,0.23380974,0.057531837,0,chr5:181182218:gastrocnemius_medialis:0,TN,0
2.7709038,0.46366382,-0.00021116024,-0.40558517,-1.6449254,-0.46927938,1.0873827,-1.1012499,0.2687418,-0.36851144,1,chr2:196068383:gastroesophageal_sphincter:0,TP,1
-1.3994248,-2.8087013,-1.1330334,-0.023527453,-0.6691434,0.7015737,0.91580415,0.40665588,-0.21275711,-0.44270632,0,chr9:69018850:Peyers_patch:0,TN,0
-1.4468989,2.192446,-0.8105221,-0.58466554,-0.4242246,-0.4803158,0.39761963,-0.05652632,-0.25000033,0.10006581,0,chr6:125153644:suprapubic_skin:0,TN,0
6.5428977,-0.111041605,0.4351018,0.30134103,-0.5045544,-0.044240296,-0.40126854,0.12351422,-0.26962364,0.082279995,1,chr2:86221296:esophagus_muscularis_mucosa:0,TP,1
-4.2732763,-2.8593364,-0.70010203,-0.09500266,-0.28758866,0.09042194,-0.4641767,0.21275719,-0.3950021,0.36971408,1,chr11:83293101:upper_lobe_of_left_lung:0,FN,0
-1.728702,3.08548,0.41839966,0.23685631,0.23063153,0.1429168,-0.90883946,-0.65476036,0.17015134,-0.6160703,1,chr10:14543432:adrenal_gland:0,FN,0
-2.8585029,1.1071091,0.8382661,-0.27875647,-0.1469521,-0.6029283,-0.4581574,-0.10780526,0.4281271,0.15229209,1,chr10:43667432:body_of_pancreas:0,FN,0
2.1779892,-0.35595572,-0.76623863,-0.037653722,-0.83597016,0.48876694,0.87804186,-0.5571177,0.63478917,0.9884998,1,chr7:35425098:body_of_pancreas:0,TP,1
4.053853,3.3369575,0.679205,0.38295248,-0.42451075,-0.70368606,0.7542064,0.64824885,-0.20196523,0.90285885,0,chr8:92239954:Peyers_patch:0,FP,1
-2.5152996,2.072036,0.6081474,-0.5782238,0.49491835,0.05195897,-0.30371806,-0.45628226,-0.09523585,-0.34565917,0,chr1:20152614:transverse_colon:0,TN,0
0.85940707,-1.1908044,0.06161786,1.2940321,1.0795308,0.8191,0.6824598,0.4552214,-1.1719161,-0.8308185,0,chr12:108623489:body_of_pancreas:0,FP,1
0.6370072,0.6285701,-0.9234899,-0.06707208,-1.0429567,-0.011575748,1.3104484,-0.43723494,0.29674846,7.284374e-05,0,chr21:37313812:body_of_pancreas:0,FP,1
6.094221,-0.38385132,-0.07374327,0.34454012,-0.35696042,-0.9330928,0.012459433,0.24020362,-0.058001447,0.12646444,1,chr17:24931573:spleen:0,TP,1
6.370759,-0.56304616,0.30116212,0.44575542,-0.36525643,-0.306483,-0.14756344,-0.5187796,0.12196921,0.7374024,1,chr3:81292180:suprapubic_skin:0,TP,1
-1.1202215,-0.7605685,1.7564226,-0.61407673,1.2954991,0.19382559,0.3997114,-0.08474351,0.15466696,-0.15768914,1,chr7:267146:body_of_pancreas:0,FN,0
-3.0921142,1.8247452,-1.8332835,0.11523458,0.52315676,0.33167082,-0.4555077,-0.4852544,-0.41340536,0.34646213,1,chr19:39843834:tibial_artery:0,FN,0
6.5368376,-0.020048525,0.75707024,-0.04694615,-0.7618263,-0.39765367,0.1479492,0.20626143,-0.26856437,0.013836733,1,chr19:21295220:prostate_gland:0,TP,1
-3.4438293,0.3233798,-1.1182873,-0.34881958,-0.4342737,0.013069607,-0.10570683,-0.43728417,-0.5024452,-0.26216632,1,chr11:123235330:transverse_colon:0,FN,0
4.8140926,-1.3983704,-0.4085616,0.68993896,0.20492229,0.07882173,-0.44188562,-0.72616875,0.5628796,-0.20329869,1,chr2:53940956:prostate_gland:0,TP,1
-1.9536229,1.9552919,-1.7069011,0.34903997,0.23119769,0.34578717,-0.23830105,-0.28055573,-0.66880983,0.16747226,1,chr17:61741499:sigmoid_colon:0,FN,0
1.4626849,2.4926164,-0.54720396,-0.90485835,-0.9906514,0.23871925,1.815861,-0.77748096,-0.34016603,0.4722714,1,chr19:45427778:thoracic_aorta:1,TP,1
-2.102813,-0.26192638,1.6937122,1.6586822,0.7970378,0.742022,0.30960125,-0.17198467,-0.5602597,-0.20093793,1,chr6:131199853:esophagus_squamous_epithelium:0,FN,0
-0.46932176,-0.32207474,-1.3474715,-0.21859334,2.6773608,-0.42542112,0.075198844,-1.2267367,0.8092801,0.37354514,1,chr18:597094:suprapubic_skin:0,FN,0
-0.5416799,-0.35905284,-0.20695539,0.7855867,0.053395472,0.011351052,0.25545174,0.6450354,-0.2831717,-0.83192456,0,chr7:44573153:body_of_pancreas:0,TN,0
-3.0168962,-0.2459126,1.2401541,0.26407015,0.63547873,0.026474934,0.4239737,0.034303974,-0.29918617,-0.1102788,0,chr7:76305322:thoracic_aorta:0,TN,0
-3.5945096,0.04922702,0.87990934,-0.1915891,-0.12217829,-0.77377635,-0.10316166,0.2670502,0.4985865,0.33630362,0,chr19:48446028:transverse_colon:0,TN,0
-2.2700813,2.4442213,-0.75824183,-0.10676679,-0.12215005,-1.0023539,-0.11448065,-0.74480045,-0.23083484,0.04735578,0,chr2:88159923:thoracic_aorta:0,TN,0
6.412731,-0.011112136,0.06743202,0.36835706,-0.511217,-0.95927846,0.26370156,-0.05179241,-0.1783405,0.24444138,1,chr17:22856764:spleen:0,TP,1
-1.0784502,1.1689831,-0.55815476,-0.39422294,2.5329518,0.62594175,-0.7234638,-0.110707566,0.41677627,-0.25178215,0,chr17:80981608:tibial_nerve:0,TN,0
6.904042,0.118319914,0.4829873,0.5378541,-0.10061769,-1.0111066,-0.25865108,-0.49245015,-0.38271108,-0.026734523,1,chr3:75785547:thoracic_aorta:1,TP,1
-3.8854113,-1.3359863,0.4892578,1.0153437,-0.5812014,0.014150204,-0.3075798,0.12532015,0.6348815,0.26199597,0,chr9:152142:body_of_pancreas:0,TN,0
-0.94663465,0.5147763,-1.7405685,0.28394565,0.9845977,0.11425278,0.5825661,-0.50381154,-0.8394602,-0.04622086,0,chr1:6347999:body_of_pancreas:0,TN,0
-0.6117049,-0.28065073,0.43568647,-2.4106545,0.015728598,-0.21407412,0.24482195,-0.1511739,-0.053520042,-0.3616704,0,chr9:96777927:prostate_gland:0,TN,0
5.445318,-0.7285479,0.3721907,-0.919893,-0.71426916,0.8591626,-0.3335653,-0.37068006,-0.19120464,0.68151903,1,chr7:78040381:transverse_colon:0,TP,1
-3.2108886,0.3603326,1.767029,0.6532177,-0.28678635,-0.19604924,-0.091592886,-0.18048096,0.38565817,0.05417201,0,chr20:62900225:esophagus_muscularis_mucosa:0,TN,0
-2.929924,0.44862,0.53973126,-0.8933523,-0.85981923,-0.50736463,-0.29057077,0.19287652,-0.09587646,0.03511011,0,chr19:40777787:adrenal_gland:0,TN,0
6.3085318,1.1148409,0.30355385,0.65622145,-0.12704869,-0.6558307,0.12126254,1.1782598,-0.45467687,0.8320402,1,chr17:25564496:tibial_artery:0,TP,1
-3.1884313,1.514162,0.015425389,0.3419644,-0.38657588,0.098434076,-0.46617696,-0.26589304,-0.17093517,-0.32159433,0,chr3:155702289:spleen:0,TN,0
1.4626923,2.492617,-0.54720265,-0.9048585,-0.9906528,0.23871979,1.81586,-0.77747965,-0.3401652,0.47227237,1,chr19:45427778:spleen:1,TP,1
-2.4673107,-0.3154342,1.6400366,1.4754654,-0.15469635,0.0924263,-0.22576472,-0.2521455,-0.010564154,0.018195279,1,chr20:23374785:omental_fat_pad:0,FN,0
2.8942146,0.4429584,-1.2859379,-0.25234288,0.5704545,1.672957,-0.19742651,0.044248793,-0.17322049,1.4422184,1,chr19:4352840:body_of_pancreas:0,TP,1
6.218656,-0.18596773,0.5676008,-0.11211741,-1.0045501,0.48281693,-0.13214356,0.23906638,-0.0749125,0.4514476,1,chr2:157434879:body_of_pancreas:0,TP,1
-3.717981,-0.46031037,0.6400677,0.5473164,-0.12906398,0.0057764193,-0.38802028,0.15031517,-0.30018803,0.45398337,0,chr3:133041374:sigmoid_colon:0,TN,0
-2.5064087,2.3260143,-0.8393686,-0.2810634,-0.5374381,-0.7961268,-0.3112884,-0.52082247,-0.07266105,-0.3899062,0,chr1:201878136:tibial_nerve:0,TN,0
0.4271912,-1.7540982,0.066397905,-0.6967539,-0.9683174,0.5875249,0.6946716,0.6710758,0.23579219,-0.79853266,0,chr4:10582403:suprapubic_skin:0,FP,1
-3.5564547,-1.1483287,-0.24870156,-0.31304535,-0.7010989,-0.14410286,0.1818241,0.495947,-0.34147742,-0.039004933,1,chr10:29409306:body_of_pancreas:0,FN,0
4.780275,-1.6505412,-0.5435807,0.20016378,0.74034655,-0.34749904,-0.2930709,-0.713936,-0.09623137,-0.26957372,1,chr9:61668518:suprapubic_skin:0,TP,1
-2.5455897,-0.636651,1.1649044,-1.4908842,0.33907324,0.061408184,0.23739158,0.22164837,0.5235088,0.10885291,1,chr7:85186902:Peyers_patch:0,FN,0
-3.2943258,1.601659,-0.55004936,-0.6255367,0.07068394,-0.8880973,-0.27844346,-0.07214588,-0.43745536,0.060379233,0,chr2:97590789:sigmoid_colon:0,TN,0
-2.9047797,1.7244672,-0.5878536,-0.26755586,-0.56941366,-0.3843455,-1.0740874,-0.44331923,-0.35692015,-0.5367584,0,chr8:140831477:spleen:0,TN,0
-3.2725208,-0.6891084,0.906115,-0.86317647,0.8683315,-0.96266425,0.5561484,-0.11256897,-0.09725631,0.631202,0,chr5:178730571:prostate_gland:0,TN,0
-3.337679,1.1290553,-0.040565208,-0.26025748,-0.85876465,-0.16749348,-0.9323519,-0.16192932,-0.108785525,-0.39205483,0,chr6:82252295:transverse_colon:0,TN,0
-3.9063864,-0.28675795,0.61191535,-0.6146087,-0.4249545,-0.8427097,-0.8736019,0.13157253,0.1663792,0.42345673,1,chr9:97633155:transverse_colon:0,FN,0
1.2129712,3.8329437,0.37635735,0.020011103,0.7930436,0.020935394,0.52636313,1.2326771,-0.6931703,-0.0011040203,0,chr13:45379107:upper_lobe_of_left_lung:0,TN,0
4.2895823,0.042723197,-1.132299,0.81896794,1.1902511,-0.023597488,-0.23104921,-0.67069495,0.58062,1.0582078,1,chr1:91927306:tibial_artery:0,TP,1
1.5663526,-1.83579,-1.6047245,0.14388454,1.2047983,-0.48892713,-0.2343466,0.8045488,-0.027870951,-0.96671194,1,chr15:72664357:body_of_pancreas:0,TP,1
1.280009,0.5157404,-1.6698858,0.56068134,-0.005141758,0.020451585,0.55658275,1.4847931,1.5374954,0.054389104,1,chr2:92401043:spleen:0,TP,1
-1.6727839,-0.43076757,1.8670783,0.60239685,0.40498307,0.17369325,0.57323956,-0.43749884,-0.6394688,-0.10408781,1,chr9:129145727:tibial_nerve:0,FN,0
-4.378951,-1.4986595,0.07538082,0.009590904,-0.7264909,-0.2021675,-0.11594607,0.28652552,0.20975049,-0.008720489,0,chr2:7203027:tibial_artery:0,TN,0
0.67842245,0.83864886,1.41887,-1.0004586,0.08400097,1.3060025,-0.31412685,-1.224931,2.120021,-0.36523712,1,chr1:27556965:body_of_pancreas:1,FN,0
1.4278605,-1.7298462,-0.0050721816,-2.0203052,-0.53461844,0.61044025,0.14385562,-0.0853358,-0.22635745,0.20171183,0,chr7:12211199:prostate_gland:0,FP,1
1.7732639,1.3865978,0.0054380884,0.3810805,1.5230196,-0.08314102,-0.03758235,1.2865605,0.31993082,-0.5194518,0,chr17:40819075:upper_lobe_of_left_lung:0,TN,0
5.7432413,0.06548706,-0.43457675,0.9579522,0.9594144,-0.7832666,-0.5549342,-0.34632447,0.49499652,-0.62858295,1,chr15:77077965:thoracic_aorta:0,TP,1
3.9600866,-2.195156,0.046191394,-1.601397,0.27501506,0.72836953,-0.33548075,-0.19601813,0.21750662,0.1956454,1,chr18:75856:body_of_pancreas:0,TP,1
-2.0206912,1.9787472,-1.2538662,0.3028872,0.29444999,0.2815403,0.11168462,0.409169,0.1137441,-0.11705291,0,chr16:32421208:prostate_gland:0,TN,0
2.5844429,1.4498221,-1.2078563,0.30008867,0.3288508,0.8499857,-0.053227536,1.7092136,0.23996747,-0.06686527,1,chr11:53599400:transverse_colon:0,TP,1
-3.5548344,-0.72391164,-0.19236395,-1.6916232,0.5814485,-1.15437,0.19526725,0.19013946,-0.37131786,0.1830842,0,chr2:130797907:esophagus_muscularis_mucosa:0,TN,0
-3.7184284,-1.8840709,-1.3220706,-0.60653734,0.4315955,0.13278027,0.13012305,0.5733961,-0.58401656,0.40804225,0,chr21:34545781:transverse_colon:0,TN,0
-2.9160645,1.0358106,-2.0668762,0.36350125,0.4673241,-0.010456121,-0.7643681,-0.46372807,0.423735,0.45503572,0,chr20:8231652:body_of_pancreas:0,TN,0
-1.719629,1.8955793,0.07398571,-0.80602914,0.4916981,0.5082335,-0.2805148,-0.2748837,-0.09622485,-0.33154944,0,chr9:67727077:transverse_colon:0,TN,0
-1.5055009,0.7778418,-1.705312,0.8998115,1.0653062,0.6457513,-0.67035204,1.368166,0.8120351,0.4129865,1,chr20:28507029:testis:0,FN,0
-3.3790538,-0.80265194,-0.03865573,-0.6450729,-0.19548985,0.075447194,-0.477704,1.0146201,-0.47043058,-0.0709791,1,chr9:83219701:tibial_nerve:0,FN,0
-3.6246166,-0.23279734,1.0319202,0.44084275,-0.036177218,0.059947066,-0.22327767,-0.12457541,-0.55228686,0.1020131,1,chr14:106061994:tibial_artery:0,FN,0
6.053209,-0.15542285,0.3007113,0.22270262,-0.43933025,-0.29177555,0.22402684,-0.5796248,-0.022994315,-0.067272164,1,chr10:38653296:adrenal_gland:0,TP,1
-1.7468354,2.815293,-0.05064925,-0.5295321,-0.6014632,-0.4266931,-0.85491806,-0.47033688,-0.3165261,-0.71699244,0,chr14:76873140:tibial_artery:0,TN,0
-3.3790498,0.8002452,0.4947333,-0.57623076,-0.21850741,-0.66962236,-0.56463724,0.33813074,-0.09077014,0.29853842,0,chr15:43690274:thoracic_aorta:0,TN,0
2.3075988,0.6559965,0.6256803,0.73708564,-0.066200964,1.0834429,0.19077234,0.7496039,0.005016755,-0.65531695,1,chr8:17755184:adrenal_gland:0,TP,1
-3.4831133,-0.15122902,0.70097786,0.17828278,0.06262336,-0.2848197,-0.5639228,0.05679748,-0.09129637,0.42363346,0,chr1:178037254:transverse_colon:0,TN,0
-3.024745,-1.0150723,0.4336083,1.2466547,0.35379222,-0.5244723,-0.008718869,-0.099276416,-0.2231475,0.22237101,1,chr9:127348292:transverse_colon:0,FN,0
6.760247,0.48521045,0.43216082,0.5322903,-0.3658901,-0.9069448,0.27773726,0.44511706,-0.32251155,0.4124118,1,chr17:23378824:omental_fat_pad:0,TP,1
-3.7425103,-1.1864808,-1.3292793,-0.987809,0.6504088,0.011979305,0.115457125,0.51667356,-0.6888222,0.055508878,0,chr1:26234748:gastroesophageal_sphincter:0,TN,0
-3.507416,-0.5272847,0.6225509,0.5725756,-0.00027384967,-0.12848248,-0.2905822,0.4040342,-0.12057869,0.5802333,0,chr2:21042645:spleen:0,TN,0
0.67841923,0.8386466,1.4188697,-1.0004586,0.08400184,1.3060027,-0.3141281,-1.2249303,2.1200209,-0.3652373,1,chr1:27556965:thoracic_aorta:1,FN,0
3.7628887,-0.10592952,-0.94108796,0.026233539,-0.88462305,0.7314465,-0.254999,-1.0662771,-0.11674082,1.6115788,1,chr7:73725711:prostate_gland:0,TP,1
-1.155095,-0.14960645,-2.422683,0.7066477,-0.4830429,0.04127733,0.14728254,-0.1462945,0.6296327,0.3433822,1,chr4:82632547:body_of_pancreas:0,FN,0
-2.7789192,1.470432,-0.8806989,0.97540224,0.23762599,0.020864088,0.15937246,-0.56597656,-0.23691435,0.2288929,0,chr16:87912234:body_of_pancreas:0,TN,0
-3.6833966,0.65544206,-0.96126217,0.09062155,-0.69399583,-0.16532457,-0.18816306,0.33275834,-0.56956524,-0.4819903,1,chr15:67303815:body_of_pancreas:0,FN,0
1.4626849,2.4926164,-0.54720396,-0.90485835,-0.9906514,0.23871925,1.815861,-0.77748096,-0.34016603,0.4722714,1,chr19:45427778:transverse_colon:1,TP,1
-2.7004688,0.4180748,0.65768176,-0.46818465,-0.040935155,-0.9991216,-0.067531705,0.032136444,0.42334777,0.09902921,0,chr5:139775176:esophagus_muscularis_mucosa:0,TN,0
-1.44282,1.3354255,0.5978349,-0.29325366,0.663061,0.69563746,-0.0024560809,0.25147408,-0.19801202,-0.24282774,0,chr10:102628791:thoracic_aorta:0,TN,0
4.510589,2.7637758,1.084109,-0.8184442,-0.25783283,1.54768,0.2385657,0.42106214,0.1150716,0.7658315,0,chr1:152048801:adrenal_gland:0,FP,1
-3.5092664,-0.74132437,-0.1796389,0.6544401,-0.82966936,-0.3134467,-0.082670294,0.13504654,-0.29564902,0.30684003,1,chr5:158014121:prostate_gland:0,FN,0
3.9352207,-0.9780038,0.5762409,-1.4747335,-0.78384125,0.39277026,0.34175956,-0.3882598,0.2518833,0.7890444,1,chr9:63859628:body_of_pancreas:0,TP,1
-2.3479931,1.9164861,-1.2588696,0.27751678,0.3760836,0.054067574,0.2627102,-0.34823334,-0.36881545,0.08784905,1,chr2:38555382:prostate_gland:0,FN,0
-1.5534936,-0.91990274,0.21344094,-1.4170175,0.57101107,-0.23128766,0.9810981,-0.051945835,-0.25618187,-0.4265925,0,chr19:19554833:transverse_colon:0,TN,0
-3.2409766,-3.5343287,-1.6036829,-0.24901527,-0.26414582,0.8128579,-0.51894945,0.13945058,0.12648143,0.016094007,0,chr10:80047418:spleen:0,TN,0
-2.2834961,-2.183371,0.16795594,-0.24385189,0.5641586,0.66408163,0.077158615,0.64860356,0.6048169,-0.6126277,1,chr6:169655219:prostate_gland:0,FN,0
-1.686518,1.494811,-1.2346877,0.22712743,-0.4372963,0.39336225,-0.43797493,0.14168537,-0.030341433,-0.3316103,0,chr7:6797614:upper_lobe_of_left_lung:0,TN,0
-2.3395526,-0.079466656,0.13567695,0.7156964,0.5270399,0.88524234,0.8459481,0.2765473,-0.7493992,-0.0151576,0,chr5:177501512:esophagus_muscularis_mucosa:0,TN,0
-1.9519192,3.2136927,-0.7027686,-0.04980916,0.1262053,-0.4792361,-0.56590253,-0.42523825,0.09522088,-0.024469437,0,chr10:11472145:prostate_gland:0,TN,0
-3.347632,-0.21525267,1.3939157,0.9133583,-0.05638025,-0.06595172,-0.64671767,0.049402658,0.724992,0.52347803,0,chr1:148255348:transverse_colon:0,TN,0
-3.2876427,1.647002,-1.5423664,0.05389449,-0.26351953,0.25632402,-0.39137375,-0.19102691,-0.4501205,-0.5665646,0,chr7:47266370:thoracic_aorta:0,TN,0
-2.244733,0.47614753,0.6359472,-1.853836,0.5928144,-0.64068234,0.09952794,0.10478298,0.09435755,0.16641605,0,chr11:11622213:testis:0,TN,0
1.9353259,-1.2420859,0.98729324,-1.3016194,-0.15802063,1.341514,0.23590545,-0.051497787,0.37766317,-0.8112101,1,chr2:96533513:prostate_gland:0,TP,1
-4.1278343,-0.07434775,0.46385324,0.2873398,-0.96564,-0.5338319,-0.7152894,-0.20473781,-0.051001288,0.16227822,0,chr3:122458998:esophagus_squamous_epithelium:0,TN,0
-0.5072923,1.3827606,-2.0457897,0.81137204,0.31987748,0.15144414,0.6565357,0.12944841,0.18367429,0.48809,0,chr8:6869682:body_of_pancreas:0,TN,0
-1.6522121,0.0657595,1.0261921,1.6762,-0.14511856,-0.17935793,0.31046957,0.39818275,-0.11866088,-0.49429408,1,chr6:137697537:body_of_pancreas:0,FN,0
2.4467707,-1.7764125,-0.0324048,-1.2068263,-0.7351281,0.4902845,0.45144016,-0.0997828,-0.11911653,0.12764739,0,chr11:449817:tibial_nerve:0,FP,1
6.5403433,-0.27105138,0.20992798,0.50180125,-0.38569477,-1.0855789,-0.1217049,-0.17993122,-0.3056529,-0.0671379,1,chr17:22909996:adrenal_gland:0,TP,1
-1.78678,0.22578259,0.5483498,0.6770237,-0.19422342,0.38763976,0.25297582,-0.005090078,0.93661875,-0.12143766,0,chr2:191748941:body_of_pancreas:0,TN,0
-1.5307081,2.710359,0.08327878,-0.64441276,-0.88216984,-0.18619679,0.3346435,-0.3748086,-0.45455232,-0.5876511,1,chr16:4548780:spleen:1,FN,0
-1.5308673,3.2017581,0.18013333,-0.18131441,-0.25533897,-0.05376936,-0.84400266,-0.24603862,-0.06791918,-0.60580873,0,chr1:31423083:transverse_colon:0,TN,0
-2.7313247,1.44343,1.3263,-0.7957226,-0.34948924,-0.5827677,-0.12023402,0.022967413,0.47100613,-0.113986574,0,chr17:50950273:sigmoid_colon:0,TN,0
0.1787108,2.7772322,0.22523028,-1.7055745,-1.0909504,1.3521539,-0.6603173,0.11416217,-0.36436784,-0.53364766,1,chr9:83219889:testis:0,FN,0
-1.61787,2.0267143,-1.8084213,-0.10431863,0.2525573,0.27412575,-0.1299061,0.07142747,-0.46437985,-0.021679066,1,chr17:75032294:thoracic_aorta:0,FN,0
1.752901,-0.027412968,-0.7249826,-0.11904083,-1.3974354,-1.4007318,1.4042304,-1.3623573,0.070832506,0.47544742,1,chr14:58098678:Peyers_patch:0,TP,1
-4.2646985,-2.241978,-1.6505939,-0.5240412,0.18308581,-0.8062567,-0.28837892,0.5405692,-0.43319258,0.35986927,0,chr6:27146708:transverse_colon:0,TN,0
4.52073,-2.312753,-0.9930049,-0.09090343,-0.13725463,-0.7172739,-0.19187328,-0.2405493,-0.32039678,-0.18309674,1,chr12:121918386:gastroesophageal_sphincter:0,TP,1
-0.838286,-0.20333326,-0.13808094,-0.70964164,-0.7819217,0.85129654,-1.0085298,0.058009528,1.1091396,-0.44653276,0,chr18:3998780:upper_lobe_of_left_lung:0,TN,0
-0.7982917,1.8614941,-0.29575196,0.39555392,-0.6409341,-0.36570922,1.1048504,0.32052055,0.20166668,0.11061597,0,chr8:19257625:transverse_colon:0,TN,0
-2.9890764,1.8179213,-0.6608208,-0.6127063,-0.35894352,-0.38220742,-0.0645094,-0.11311095,-0.8241071,-0.05059314,0,chr11:8225583:tibial_artery:0,TN,0
1.6212542,0.81877947,0.25649726,-0.74066865,1.2122315,0.48220405,0.42023432,0.8244286,-0.11271529,-0.71344465,0,chr22:43159583:upper_lobe_of_left_lung:0,FP,1
-2.7947073,0.5450898,-1.5510676,-0.061633572,1.3851037,0.29727826,-0.058000185,-0.4184249,-0.25147995,0.46765193,0,chr9:132849549:transverse_colon:0,TN,0
5.515895,-0.82105535,-0.02959981,0.30832398,-0.45042947,-0.69133896,0.1545838,-0.62088966,0.049420554,-0.091245085,1,chr2:158415576:gastroesophageal_sphincter:0,TP,1
-1.0993716,-0.7973038,0.0030721459,0.2588121,0.0066789538,0.51879746,-0.30363292,0.09629252,-0.3863484,-0.59565926,0,chr17:30340560:tibial_artery:0,TN,0
-3.6856978,-1.5768788,0.19639128,0.5654121,-0.6082229,0.38523608,0.8225527,-0.049294326,0.68308944,-0.11039342,0,chr1:42923243:testis:0,TN,0
-1.4993184,1.0296392,-0.34315056,1.0879079,0.59480083,0.870291,0.3423989,-0.062320825,-0.1379046,-0.14459984,0,chr11:65480605:body_of_pancreas:0,TN,0
6.151234,1.4975928,1.6517371,0.13050146,1.9777718,-0.5660035,1.2238365,0.3361201,-0.67222536,-1.0456682,1,chr4:1752766:body_of_pancreas:0,TP,1
-2.1498888,-0.1547519,-0.3391367,0.13405558,-1.3137114,-0.15383644,0.38868308,0.065403424,0.31493956,-0.54969466,0,chr8:27855652:body_of_pancreas:0,TN,0
-2.6068492,2.0851567,-1.0559483,-0.23102428,0.16660935,-0.31418148,-0.28082716,-0.12859838,-0.64850867,-0.19857164,1,chr7:74566874:adrenal_gland:0,FN,0
-2.9430118,-0.9411828,-0.7447813,0.8261265,-0.7488946,0.03381003,-0.06691827,0.3652669,-0.2542864,0.17381914,0,chr7:144362043:prostate_gland:0,TN,0
5.3839393,-0.47688234,-0.24106696,0.3105699,0.007745513,-0.78463984,-0.2055526,0.658445,-0.2954421,0.087389916,1,chr14:30690707:Peyers_patch:0,TP,1
5.3839393,-0.47688234,-0.24106696,0.3105699,0.007745513,-0.78463984,-0.2055526,0.658445,-0.2954421,0.087389916,1,chr14:30690707:body_of_pancreas:0,TP,1
5.2258325,1.4724963,0.89172167,-1.0929091,-1.42904,1.3400834,0.040241897,0.6410802,-0.2708434,0.79149234,1,chr6:43386692:esophagus_muscularis_mucosa:0,TP,1
6.540345,-0.2710499,0.2099284,0.5018001,-0.38569534,-1.0855796,-0.1217055,-0.17993109,-0.30565363,-0.06713808,1,chr17:22909996:gastroesophageal_sphincter:0,TP,1
-3.8041732,-0.22115126,-0.08850371,-0.4274043,-0.96083945,-0.15148546,-0.31420633,0.19396445,-0.18830124,-0.23071049,0,chr4:82462411:prostate_gland:0,TN,0
5.4177866,2.4070435,0.22438353,0.73957694,0.39500132,0.014330123,-0.0057143304,1.9902781,-0.40993875,0.6282233,1,chr17:25579422:transverse_colon:0,TP,1
1.3477513,1.9638059,-1.1229588,-0.12118285,0.15652956,0.88364804,0.2805997,-0.04725136,-0.47294495,0.8012341,1,chr5:197187:body_of_pancreas:0,FN,0
-3.4718819,-1.1688304,-0.30495673,-1.1301745,-0.18378194,-1.2528654,0.20440808,0.11002562,-0.098939024,-0.025893813,1,chr6:39725494:esophagus_muscularis_mucosa:0,FN,0
4.871829,-0.80906373,-0.8228221,0.5928972,0.093413495,0.11601076,-0.49961594,-0.070251465,0.59225255,0.6375798,1,chr3:103094197:prostate_gland:0,TP,1
-1.318324,0.446993,-0.30917656,0.09732993,-0.83151317,-0.20632935,0.7633171,0.3667232,1.2975299,-0.37048644,1,chr10:48659989:Peyers_patch:0,FN,0
-0.71074927,0.0682587,0.9318657,0.29768038,0.5085229,0.1363592,0.87643456,0.20545936,-0.33017159,-0.24791603,0,chr19:8599164:body_of_pancreas:0,TN,0
-2.0861638,0.28984267,-0.011319074,-2.2072585,1.2431096,0.2578881,-0.2986632,-0.09921703,-0.047672253,-0.32441044,0,chr19:35717320:adrenal_gland:0,TN,0
-3.3382854,0.40083608,-0.45480305,-1.1733937,-0.4669119,-0.27658585,-0.6103291,-0.3289191,-0.07093664,-0.39603862,0,chr11:68384244:Peyers_patch:0,TN,0
-1.1930379,2.0880382,-1.4578928,0.115753464,0.70771885,0.12845804,0.5235521,-0.23960516,-0.43241018,-0.23142761,0,chr7:151112985:body_of_pancreas:0,TN,0
-3.2102904,-1.13092,-0.974363,-0.24758339,1.1724749,0.4030112,-0.17534299,0.43567824,-1.1729552,-0.33096647,0,chr7:4152308:gastroesophageal_sphincter:0,TN,0
3.0446672,-0.582179,0.1727236,-1.8329015,0.19114594,2.1783016,-0.48704278,-0.102651455,-0.22717874,-0.1364114,1,chr5:179213127:esophagus_muscularis_mucosa:0,TP,1
-0.94331336,0.011464332,-0.1629161,0.8046608,1.3321416,-0.17456268,0.10631789,0.43204942,0.10330747,0.31776252,1,chr2:239791179:omental_fat_pad:0,FN,0
-4.4327054,-1.4744849,-0.23904689,-0.4257822,-0.7539674,-1.1395868,-0.6147096,0.13321051,-0.18263493,0.62776744,0,chr19:18192987:body_of_pancreas:0,TN,0
5.2505474,-0.21558487,1.0561309,-0.76564795,-0.84556603,0.90049213,-0.06174101,-0.052851554,0.6806441,0.085603744,0,chr22:28009558:thyroid_gland:0,FP,1
-3.4888308,-1.2711093,-0.52752376,-1.3483812,0.33260298,-0.80038434,0.30144295,0.2800559,-0.11456966,0.65677845,0,chr4:54658136:upper_lobe_of_left_lung:0,TN,0
-0.7180537,2.0781047,-1.1777368,0.42876762,0.15256323,0.13431738,1.0476146,0.5195095,0.1926434,-0.35481182,1,chr3:135921913:body_of_pancreas:0,FN,0
4.249596,-0.4460461,-0.07538114,0.2156336,1.7010957,-0.5467164,0.040498674,0.4362811,0.22547795,-1.0376024,1,chr16:579030:transverse_colon:0,TP,1
-3.1117404,-1.2436844,0.99799645,1.7580739,-0.119857326,0.50252616,0.08789141,-0.176826,0.123993754,0.13067268,0,chr4:104860777:prostate_gland:0,TN,0
-2.05119,2.0965452,-0.40934667,0.5607383,0.58977073,0.110915884,-0.5531565,0.13997824,0.7129686,0.3145733,0,chr1:18911790:testis:0,TN,0
-1.5473285,-1.5797603,-0.023975968,-1.8869973,-0.37855843,0.28519574,-0.19474846,0.37488687,-0.40991056,-0.6038703,0,chr1:16741091:adrenal_gland:0,TN,0
6.0871587,-0.59372234,0.13304149,-0.00132845,-0.23783201,-0.22816718,-0.616597,-0.44759703,-0.38023317,0.15245426,1,chr2:132257671:body_of_pancreas:0,TP,1
-0.038643286,-0.61284024,0.42775485,-1.9911039,0.26641268,0.20298444,-0.31303167,0.4777795,0.19922929,-0.56828845,0,chr20:58851670:upper_lobe_of_left_lung:0,TN,0
6.7429028,0.39923027,0.96875924,-0.17558175,-0.40922707,0.27621973,-0.41409656,0.44786102,-0.3950794,0.3266212,1,chr10:44370798:body_of_pancreas:0,TP,1
-2.3482065,-1.1577573,1.0995655,1.461002,0.21284597,0.7491632,0.51895344,-0.014042179,-1.116412,0.28608993,0,chr1:146401430:upper_lobe_of_left_lung:0,TN,0
-2.7454314,0.324616,0.7079186,-0.0826248,-0.7507002,-0.071937725,-0.16759442,-0.49265933,0.31165695,-0.3554563,1,chr20:54062952:transverse_colon:0,FN,0
0.05387116,-0.007412229,-2.3041875,1.1496563,1.5197327,0.28621194,-0.49595633,0.93450326,1.3191601,0.3395553,1,chr20:29891452:body_of_pancreas:0,FN,0
1.5046612,-1.4921501,-0.69591725,-0.5057044,1.9405136,-0.037904955,0.7078545,-0.27083528,-0.14591278,-0.5821457,1,chr17:80846411:body_of_pancreas:0,TP,1
-3.5580735,0.22312678,0.04989223,-0.62486535,-0.1568958,-0.78797024,-0.7534554,0.18630618,-0.07304153,0.3687641,1,chr1:26921783:upper_lobe_of_left_lung:0,FN,0
-3.4120445,-0.6165391,0.15285803,-1.2839649,0.12853865,-1.1086527,-0.2746398,0.016597841,-0.038123686,0.037901666,0,chr1:2204651:tibial_artery:0,TN,0
-3.3794634,0.42626616,-0.2986893,-1.1065438,-0.56595945,-0.8084251,-0.25805405,-0.074811555,-0.3748003,-0.36395097,0,chr11:12599485:tibial_artery:0,TN,0
3.0252697,0.5266765,-0.8015855,0.536258,-0.4062352,-0.22529162,0.81095684,-0.50950825,0.23246048,-0.46428496,0,chr15:29439155:body_of_pancreas:0,FP,1
-2.229248,2.4670105,0.5982895,0.46210954,0.20778337,-0.36857396,-1.0791667,-0.31195205,0.2220028,-0.24267551,0,chr10:61819430:body_of_pancreas:0,TN,0
5.8753576,0.3450264,0.7812943,-0.380613,-0.98751724,0.83258873,0.22962396,-0.13675657,-0.1904314,1.259303,1,chr12:48753691:esophagus_muscularis_mucosa:0,TP,1
5.1716123,-0.6176643,-0.7230712,0.719905,1.0036728,-0.037456445,-0.32885402,-0.2527104,0.4594487,-0.009679464,1,chr6:111422648:thyroid_gland:0,TP,1
-0.51069313,0.25246513,-0.6479509,-1.3370141,-0.538334,-1.3053689,0.83550733,-0.2791798,-0.0474312,-0.47185618,1,chr11:43680454:tibial_nerve:0,FN,0
-1.2414979,-0.38543534,-0.021010617,0.21731703,-0.27333048,0.8288827,0.34285054,-0.34395793,0.5648408,0.17916295,1,chr10:18627450:prostate_gland:0,FN,0
-1.9008074,-0.45469847,0.6263143,-1.7183294,1.0691509,-1.0857284,0.41817462,0.28697738,0.22265728,0.02693209,0,chr5:178730754:gastrocnemius_medialis:0,TN,0
-4.594297,-1.1768532,-0.31818393,0.039707515,-0.6656732,0.20229945,-0.52650917,0.27387193,0.39215583,0.5053148,0,chr1:114979744:transverse_colon:0,TN,0
-1.746836,2.8152914,-0.050649513,-0.5295323,-0.60146326,-0.42669326,-0.85491794,-0.47033814,-0.3165262,-0.71699154,0,chr14:76873140:gastrocnemius_medialis:0,TN,0
3.4363708,-1.3548547,-0.9138568,0.0105629265,-0.07255072,0.73559165,0.29596817,-0.7628267,0.56988364,0.76066035,0,chr15:85504871:transverse_colon:0,FP,1
6.321584,1.0350107,0.2201843,0.68923163,-0.18722588,-0.8142608,0.2897495,1.0959746,-0.2657422,0.90239257,1,chr17:25564506:body_of_pancreas:0,TP,1
-1.4101533,-1.411595,1.0304679,-0.8217592,2.01912,-0.06967694,1.3942128,0.21074022,-0.4572034,0.583496,1,chr8:28701937:gastrocnemius_medialis:0,FN,0
3.1434145,-2.2129917,-0.3002868,-0.4242328,0.9794256,0.41742495,0.17950131,-0.6291016,0.011719431,-0.1978238,1,chr14:23988708:body_of_pancreas:0,TP,1
-2.4759252,1.7851138,0.31753147,-1.0197824,0.12934409,-0.46855906,-0.48447442,-0.52727574,0.30539966,-0.14733559,0,chr9:93827801:tibial_artery:0,TN,0
-2.3981853,1.0385246,0.9297432,-0.50651646,-0.6690907,0.63504815,0.087425634,-0.1833886,-0.19575094,-0.34052134,0,chr17:72467729:esophagus_squamous_epithelium:0,TN,0
5.011825,-1.721026,-0.7899104,0.15194479,-0.23956846,-0.016304847,-0.55190337,-0.82483,-0.038530037,-0.35675985,1,chr7:142776507:body_of_pancreas:0,TP,1
6.1772027,-0.63483644,-0.024337973,0.48153552,-0.16339067,-0.51074135,-0.5850305,-0.30529273,-0.29247758,0.38366136,1,chr6:31374359:transverse_colon:0,TP,1
-2.1699758,0.42397597,2.0905032,1.2219356,0.11479747,0.6165761,-0.2971706,-0.037003998,0.86383617,-0.03256682,0,chr4:157978948:esophagus_muscularis_mucosa:0,TN,0
-3.155349,-2.2588427,-2.3178184,-0.43294853,-0.7265504,0.07265487,0.09695101,0.7227585,0.2750469,-0.43167427,0,chr19:39048065:body_of_pancreas:0,TN,0
-3.981477,-0.41931742,-0.6331264,0.07550281,-0.6074604,-0.21703885,0.07916822,0.5654996,-0.49005872,0.2871985,0,chr6:32967583:Peyers_patch:0,TN,0
4.780275,-1.6505412,-0.5435807,0.20016378,0.74034655,-0.34749904,-0.2930709,-0.713936,-0.09623137,-0.26957372,1,chr9:61668518:prostate_gland:1,TP,1
-2.102813,-0.26192638,1.6937122,1.6586822,0.7970378,0.742022,0.30960125,-0.17198467,-0.5602597,-0.20093793,1,chr6:131199853:upper_lobe_of_left_lung:0,FN,0
-2.3137772,1.8695989,-1.4537699,0.18699877,0.75939566,0.69235444,-0.36487696,0.068771206,-0.7458556,0.15123284,0,chr1:23210397:transverse_colon:0,TN,0
6.325227,-0.69844854,0.016741293,0.31036213,0.054202933,-0.48116463,-0.63077855,-0.41668054,-0.22027457,0.13010241,1,chr3:75785419:sigmoid_colon:0,TP,1
6.1772027,-0.63483644,-0.024337973,0.48153552,-0.16339067,-0.51074135,-0.5850305,-0.30529273,-0.29247758,0.38366136,1,chr6:31374359:thoracic_aorta:1,TP,1
3.1883032,1.1410162,-1.0589631,0.55878574,-0.29239625,-0.18795685,0.7328674,2.6109784,0.84223926,0.86555797,1,chr8:44636977:transverse_colon:1,TP,1
-1.9290824,2.663869,-0.56227106,-0.70447046,-0.19076881,-0.61176515,-0.4328263,-0.35670793,-0.4533954,-0.48927274,0,chr19:48152501:Peyers_patch:0,TN,0
1.910864,-0.93970346,-0.25094876,0.54067653,-0.8565837,0.38998505,1.5158468,0.31563494,1.1757123,-1.0972552,1,chr6:53956277:esophagus_squamous_epithelium:0,TP,1
-3.574057,-0.75066686,1.0102011,0.008312062,-0.06392813,0.41768208,-0.15091941,-0.0118001895,-0.53743225,-0.037894376,1,chr5:149431239:esophagus_squamous_epithelium:0,FN,0
-2.5148208,-0.6235896,1.286782,0.9754097,1.1960822,0.55033654,0.5856208,-0.32562563,-1.4016982,0.32889155,0,chr16:4685526:body_of_pancreas:0,TN,0
3.9403694,0.5067761,0.0026651758,-0.15742168,0.1386362,1.449378,-0.5530859,-0.5483075,0.6438854,2.1553802,1,chr19:21484173:gastrocnemius_medialis:0,TP,1
6.142165,0.14586113,0.6942018,-0.3194827,-0.43469453,0.258253,-0.09854386,0.47707766,-0.48468876,0.18241484,1,chr11:60251676:transverse_colon:1,TP,1
-3.9140599,-2.280543,0.62765944,1.1769658,-0.720401,-0.07049092,0.18793021,-0.3167141,0.13553676,-0.049253367,1,chr8:32547271:prostate_gland:0,FN,0
3.0718386,3.6502044,-0.073451795,0.1193912,-0.61010516,-0.36663488,1.1635288,0.74563223,-0.42232597,0.2682923,0,chr19:52748468:thoracic_aorta:0,FP,1
-3.6101892,-0.12851425,-0.008444888,-1.402367,0.063773625,-0.80769897,0.020864945,0.19535817,-0.12454134,0.2854648,0,chr16:68237591:thoracic_aorta:0,TN,0
-0.66620374,2.1408381,1.6441689,1.1704301,-0.09938456,1.7665042,-0.24800864,-0.9808708,-0.08798026,-0.0661546,0,chr6:24931943:sigmoid_colon:0,TN,0
-1.5307094,2.7103572,0.0832781,-0.6444129,-0.8821707,-0.18619716,0.33464357,-0.37481,-0.45455256,-0.5876508,1,chr16:4548780:gastrocnemius_medialis:0,FN,0
-2.049844,-0.28355274,0.43186888,-1.6408795,1.4279675,-0.7445524,0.43491203,-0.039203174,0.01563642,0.82143193,0,chr17:34980857:gastroesophageal_sphincter:0,TN,0
0.67842245,0.83864886,1.41887,-1.0004586,0.08400097,1.3060025,-0.31412685,-1.224931,2.120021,-0.36523712,1,chr1:27556965:prostate_gland:1,FN,0
6.321584,1.0350107,0.2201843,0.68923163,-0.18722588,-0.8142608,0.2897495,1.0959746,-0.2657422,0.90239257,1,chr17:25564506:Peyers_patch:0,TP,1
5.4774866,-0.7548755,-0.7602817,0.7051373,0.43426946,-0.21970402,-0.8850787,-0.32380944,0.1696194,-0.3895383,1,chr8:69248295:thyroid_gland:0,TP,1
-2.9105532,-1.1348304,-0.68169725,-0.61593616,1.0473608,0.09776276,-0.30544478,-0.17477451,-0.023080325,-0.17024805,0,chr10:110834148:body_of_pancreas:0,TN,0
0.5937032,-2.3792377,-1.0700587,-0.89600104,1.3501976,-0.107089736,0.36100903,-0.23796323,-0.18002184,-0.8993855,1,chr7:2064001:tibial_nerve:0,TP,1
0.87056303,1.6858091,0.26741672,1.2225896,0.56127065,0.49520344,1.072341,-0.59513164,-0.6540612,-0.9212664,0,chr3:134769565:body_of_pancreas:0,TN,0
-2.6105173,-0.7351406,-0.42438674,0.39460722,0.21897161,0.46091056,-0.2644919,0.5639575,0.5438834,-0.19183894,1,chr20:32674620:adrenal_gland:0,FN,0
-2.1293428,1.45982,-1.1325132,0.021168372,0.5453596,0.6484442,-0.3640251,0.12347397,0.17482327,0.15253836,0,chr1:244014970:upper_lobe_of_left_lung:0,TN,0
-4.054573,-1.366141,0.13378625,0.42508128,-0.4026091,-0.64162225,-0.26180944,0.5734216,-0.11999223,0.7564581,0,chr19:36606005:adrenal_gland:0,TN,0
-1.5308673,3.2017581,0.18013333,-0.18131441,-0.25533897,-0.05376936,-0.84400266,-0.24603862,-0.06791918,-0.60580873,0,chr1:31423083:tibial_artery:0,TN,0
5.8101344,0.72173256,0.027581602,0.4720169,-0.09179353,-0.3955892,-0.12732774,1.4176812,0.4529976,0.73122,1,chr8:45161471:transverse_colon:0,TP,1
-3.0328832,0.3470351,1.7769002,0.1741177,0.37741548,-0.027474897,0.030069804,0.22510646,-0.37901658,0.16693161,0,chr18:55590224:body_of_pancreas:0,TN,0
5.158708,-1.3621672,-0.13712865,-0.34208614,-0.7465202,-0.18427275,-0.15804772,-0.2734085,-0.18818091,0.10887328,1,chr3:75723673:transverse_colon:0,TP,1
5.4177866,2.407044,0.22438493,0.7395772,0.39500108,0.014330867,-0.0057136416,1.9902779,-0.4099393,0.62822497,1,chr17:25579422:testis:0,TP,1
-2.2287571,0.3392862,0.8357522,-0.85851043,1.0312375,-0.7799293,-0.2059658,0.09515971,0.43831807,0.50412947,0,chr5:36241819:testis:0,TN,0
6.904042,0.118319914,0.4829873,0.5378541,-0.10061769,-1.0111066,-0.25865108,-0.49245015,-0.38271108,-0.026734523,1,chr3:75785547:testis:0,TP,1
-2.4816115,-0.66692674,0.4346235,-1.6362114,-1.0826979,-0.32258564,0.53542864,-0.20948759,0.08603322,-0.32692817,1,chr11:1652791:spleen:0,FN,0
-2.6693082,-1.5084196,-1.0377676,-2.055946,0.556566,-0.66617435,-0.013440463,0.50760484,-0.37233925,0.15174115,0,chr7:100894790:testis:0,TN,0
4.1669784,1.2149601,0.34864506,-0.08954313,-0.20120822,0.1712322,-0.1086219,1.0266762,-0.1562263,-0.90292865,0,chr14:24014450:tibial_artery:0,FP,1
-2.2241213,0.20227024,-1.2509454,0.7379536,-0.28806785,0.43341982,0.39931557,-0.05106059,0.051702324,-0.08574928,0,chr4:109977768:body_of_pancreas:0,TN,0
-2.3530338,0.24565186,1.4033896,0.992442,-0.6969226,-0.03032518,0.13860098,-0.27244312,1.1703117,-0.36015937,0,chr22:10673306:thoracic_aorta:0,TN,0
-2.1437902,1.1458004,-1.7136227,0.5570607,0.7286256,1.2704228,-0.38638547,0.50153744,-0.1771339,0.3006063,0,chr4:88714082:body_of_pancreas:0,TN,0
4.7494526,-1.0823057,-0.64858776,0.5728623,0.28940713,-0.7194774,-0.21964893,0.13251273,-0.2054443,-0.58640677,1,chr16:18131657:upper_lobe_of_left_lung:0,TP,1
-2.555215,1.0926194,-1.0510721,0.3342248,-0.6665025,0.05784492,0.82134986,-0.30727315,0.15932384,-0.045511276,0,chr11:63404588:body_of_pancreas:0,TN,0
2.8790135,1.886491,1.05566,0.1585771,1.018537,-0.53929776,0.47322902,0.9473314,-0.2277621,-1.2110803,1,chr7:100965467:transverse_colon:0,TP,1
3.1883032,1.1410162,-1.0589631,0.55878574,-0.29239625,-0.18795685,0.7328674,2.6109784,0.84223926,0.86555797,1,chr8:44636977:testis:1,TP,1
-1.4180548,1.5322235,-0.9545846,-0.10727094,1.4609877,1.1257064,0.1703829,0.016967075,-0.9634985,0.0696427,1,chr12:2540813:spleen:0,FN,0
5.779664,2.4510334,1.0609431,0.18275847,-0.14322332,-0.13690072,0.33806637,0.29310015,-0.4570745,0.8459381,0,chr4:44827714:body_of_pancreas:0,FP,1
-4.7460833,-1.5870111,-0.61844957,-0.06969007,-1.1188136,-0.8214693,-0.63711786,0.14757665,0.040267795,0.06700148,0,chr3:113577845:upper_lobe_of_left_lung:0,TN,0
-0.50371194,1.0859503,1.5361247,-1.4897835,-0.52472645,-0.88304263,0.46990868,-0.19014806,1.1022409,-0.3054997,1,chr15:40906278:upper_lobe_of_left_lung:0,FN,0
-2.2514384,-0.70481443,0.26541516,0.46867782,-0.12005777,-0.06488338,-1.0291334,0.38589767,0.37783566,-0.0029869378,1,chr9:17531876:transverse_colon:1,FN,0
5.5443425,-1.3000529,-0.19769046,-0.013144729,0.3071591,0.27226648,-0.8518913,-0.37026983,0.12151706,0.041233115,1,chr3:75785357:gastrocnemius_medialis:0,TP,1
-2.8905892,-2.2154162,-0.2588694,-0.29074007,-0.20261933,0.17813928,0.04013443,0.671193,-1.1246413,-0.3250645,1,chr6:168884315:tibial_nerve:0,FN,0
-1.2896105,0.36649966,-1.2610196,-0.1401036,0.1392853,-0.56419116,0.13901517,-0.50521195,0.1142564,-0.4743334,0,chr14:52045127:body_of_pancreas:0,TN,0
-3.6246166,-0.23279734,1.0319202,0.44084275,-0.036177218,0.059947066,-0.22327767,-0.12457541,-0.55228686,0.1020131,0,chr14:106061994:prostate_gland:0,TN,0
-1.6461688,2.9643347,0.4005651,-0.3333969,-0.29919773,-0.4847107,-1.0296731,-0.23671815,0.20675343,-0.36237064,0,chr9:98315874:spleen:0,TN,0
-0.7226225,0.9005615,-0.67184085,-0.099352844,0.45643163,0.26078957,0.8891419,0.3005452,-0.2957554,-1.1774516,0,chr16:11800357:body_of_pancreas:0,TN,0
-1.2135319,2.0386453,-1.34472,0.5046611,-0.25892845,-0.6280119,1.0258745,-0.4067235,0.36148885,-0.08600175,1,chr2:168375394:prostate_gland:0,FN,0
-3.4077508,-1.6750994,0.36665842,-1.6387498,1.1536094,-0.8327758,0.13407001,0.5476636,0.4639308,0.6512799,0,chr21:34890129:tibial_artery:0,TN,0
-0.583643,2.144532,-1.2207016,0.69805187,-0.22436905,-0.57153535,0.34810328,-0.3132504,0.15405267,0.0010563205,0,chr9:86332338:body_of_pancreas:0,TN,0
-2.1157515,-1.433341,0.97235346,-0.7796823,0.47348896,1.049694,1.034041,0.008137841,-0.7711081,0.22181623,1,chr12:123762055:gastroesophageal_sphincter:0,FN,0
-0.9757424,2.0881362,-1.3992586,0.36712685,-0.060889002,0.19824581,0.6578525,-0.2862637,-0.2933651,-0.18707524,0,chr12:9250488:body_of_pancreas:0,TN,0
-1.5969054,-1.1201112,0.77795225,-1.9870671,0.94948584,0.63364774,0.20233095,-0.061677836,-0.0956718,0.38452566,1,chr16:4273965:body_of_pancreas:0,FN,0
-1.5608749,3.0986164,-0.6277314,-0.081957884,0.5103776,0.5485762,-0.65478855,-0.26847214,0.2664778,-0.03906113,0,chr6:11655830:spleen:0,TN,0
0.12679382,0.84243786,0.07242796,-1.1554654,-0.62904793,0.75901747,-0.11491362,0.36099365,0.2030325,-0.973322,0,chr8:11933952:body_of_pancreas:0,TN,0
6.1772027,-0.63483644,-0.024337973,0.48153552,-0.16339067,-0.51074135,-0.5850305,-0.30529273,-0.29247758,0.38366136,1,chr6:31374359:prostate_gland:0,TP,1
-0.35059708,0.101125136,-1.6957773,0.7396712,-0.5786213,0.5663923,0.29871812,-0.057310823,0.64542645,-0.42228872,0,chr1:207000211:body_of_pancreas:0,TN,0
-1.2753767,2.5470676,-0.51092196,0.11054281,0.536343,-0.027095685,0.21741536,-0.6748885,0.22024778,-0.21850325,0,chr2:47080961:body_of_pancreas:0,TN,0
6.904042,0.118319914,0.4829873,0.5378541,-0.10061769,-1.0111066,-0.25865108,-0.49245015,-0.38271108,-0.026734523,1,chr3:75785547:spleen:0,TP,1
-3.2221472,-0.1741161,0.7468632,1.5353967,-0.56823087,0.09468316,-0.4996264,-0.23148273,-0.6567293,-0.0674338,0,chr4:110589414:body_of_pancreas:0,TN,0
-4.0293536,-2.0589004,-0.18412161,1.4736184,-0.7467166,0.12672162,-0.18631199,-0.0043778443,0.42124993,0.031939257,0,chr10:110269541:thoracic_aorta:0,TN,0
-2.602184,0.99314886,1.167122,-0.3243474,0.62025154,-0.08546693,0.07594773,-0.4476732,-0.85098386,0.15538912,0,chr2:64751571:transverse_colon:0,TN,0
1.910864,-0.93970346,-0.25094876,0.54067653,-0.8565837,0.38998505,1.5158468,0.31563494,1.1757123,-1.0972552,1,chr6:53956277:tibial_artery:1,TP,1
-3.1991243,0.49703845,-1.5771302,-0.2824501,0.41366842,0.023658274,-0.67714065,0.22941399,-0.7926667,-0.110882714,0,chr1:84753658:thyroid_gland:0,TN,0
-3.024745,-1.0150723,0.4336083,1.2466547,0.35379222,-0.5244723,-0.008718869,-0.099276416,-0.2231475,0.22237101,1,chr9:127348292:esophagus_muscularis_mucosa:0,FN,0
-2.9987943,1.318856,-0.50516564,-0.79289263,-0.85746944,-0.88291264,-0.39433587,0.13814187,-0.48438442,-0.7612728,0,chr10:95363363:esophagus_muscularis_mucosa:0,TN,0
-0.052181207,-2.685125,-0.50882566,-1.2173064,1.2601779,-0.51468533,0.474624,-0.06103708,-0.55139714,0.3049712,1,chr5:132737309:Peyers_patch:0,TP,1
-4.5298567,-1.9883975,-0.7776137,0.3614898,-1.2590767,-0.21464054,-0.6731982,0.48286116,-0.49527454,-0.09749788,0,chr2:40760065:sigmoid_colon:0,TN,0
-0.8670708,-1.1777174,0.2949196,-1.569485,0.83441424,0.40522876,0.8183904,0.027152237,0.10855492,0.04723115,0,chr22:49724957:Peyers_patch:0,TN,0
6.904042,0.118319914,0.4829873,0.5378541,-0.10061769,-1.0111066,-0.25865108,-0.49245015,-0.38271108,-0.026734523,1,chr3:75785547:lower_leg_skin:0,TP,1
2.8825555,1.7813882,-0.6574101,1.4489119,1.3609356,-0.31652918,0.054456856,1.8965489,1.5452874,-0.0996306,0,chr5:46665358:body_of_pancreas:0,FP,1
-3.574057,-0.75066686,1.0102011,0.008312062,-0.06392813,0.41768208,-0.15091941,-0.0118001895,-0.53743225,-0.037894376,1,chr5:149431239:transverse_colon:0,FN,0
-1.3907633,0.4672437,1.6575749,1.3716156,0.11474646,0.28316045,-0.0962861,0.06029733,0.06724676,0.26818544,1,chr7:48424976:upper_lobe_of_left_lung:0,FN,0
6.1421647,0.14585958,0.69419986,-0.31948262,-0.43469435,0.25825176,-0.0985454,0.47707692,-0.48468813,0.1824137,1,chr11:60251676:body_of_pancreas:0,TP,1
2.8942146,0.4429584,-1.2859379,-0.25234288,0.5704545,1.672957,-0.19742651,0.044248793,-0.17322049,1.4422184,1,chr19:4352840:thoracic_aorta:0,TP,1
-2.981604,-1.4663782,0.952841,1.0911894,1.1464176,0.36132208,0.77316296,-0.3849159,-0.38653505,0.23699702,0,chr3:66408208:transverse_colon:0,TN,0
-3.065023,0.4246379,0.7060045,0.18852057,-0.49508414,0.35348758,-0.57739794,0.26892605,-0.20207109,-0.18992391,1,chr11:26277028:esophagus_squamous_epithelium:0,FN,0
6.094221,-0.38384965,-0.07374263,0.3445407,-0.3569605,-0.9330924,0.012459208,0.24020427,-0.05800134,0.1264636,1,chr17:24931573:tibial_artery:0,TP,1
-2.6225216,0.9184266,0.7293083,-1.4615206,-0.065376855,-0.12428816,-0.29946688,0.22358367,-0.033346925,-0.31524375,0,chr11:124954084:prostate_gland:0,TN,0
-3.7823071,-0.18198167,0.7532553,0.1239412,-0.76309365,-0.9716902,-0.7035569,0.030103464,0.63866794,0.24861431,0,chr9:135864525:upper_lobe_of_left_lung:0,TN,0
5.0389867,-0.0036601506,-0.052204765,0.4815908,1.2067679,-0.13892567,-0.34106857,0.6576669,-0.17255624,-0.78632194,1,chr19:45678133:Peyers_patch:0,TP,1
5.316351,-1.6196285,-0.12898335,-0.19090496,-0.43402997,0.34230033,-0.3580732,-0.14673313,0.12018393,-0.30901772,1,chr6:29705705:transverse_colon:1,TP,1
-1.4023136,0.8165536,1.8718657,1.2881628,0.43967298,0.66178715,0.5137233,-0.4954991,-0.315653,0.14347051,1,chr12:104294234:gastroesophageal_sphincter:0,FN,0
-3.642556,-0.73335314,0.27577832,0.37790775,-0.8282986,-0.10534168,-0.25906414,-0.05591672,0.82579863,0.24703564,0,chr6:8539560:prostate_gland:0,TN,0
-3.9063864,-0.28675795,0.61191535,-0.6146087,-0.4249545,-0.8427097,-0.8736019,0.13157253,0.1663792,0.42345673,1,chr9:97633155:body_of_pancreas:0,FN,0
3.5268981,-2.5618305,-1.0211166,-0.7364342,-0.49434447,0.8769225,-0.66968083,0.1675536,-0.285789,-0.58000636,1,chr7:142463839:transverse_colon:0,TP,1
-3.4683318,-1.8441968,-0.9344499,0.69361174,-0.29041865,-0.22865905,0.23308004,0.21230052,0.060716726,0.27284262,0,chr15:63056932:esophagus_muscularis_mucosa:0,TN,0
6.739185,0.0832214,0.598827,0.27892584,-0.5153088,-0.40550682,-0.21698876,0.08870673,-0.17723943,0.12528628,0,chr1:115717982:thoracic_aorta:0,FP,1
2.3891907,-1.2407582,-0.3411315,-1.1186005,1.1989094,-1.0302932,0.58204067,0.1625471,-0.24457912,-0.48171875,0,chr2:113541997:upper_lobe_of_left_lung:0,FP,1
4.462144,-0.67103624,0.14929964,-0.597245,0.44901213,0.33176228,0.025139734,1.0603722,-0.58405006,-0.9028229,1,chr7:63015786:spleen:0,TP,1
-1.8390945,1.4555581,1.4411968,-0.39910272,0.49038854,-0.22927701,-0.10829129,-0.7074717,0.55993336,-0.14792423,0,chr20:30511949:body_of_pancreas:0,TN,0
-1.7204771,-1.260779,-0.81051075,0.08033068,-0.6203313,0.3580345,-0.16902119,0.5086234,-0.4360023,-1.4611717,0,chr11:15493342:Peyers_patch:0,TN,0
6.904042,0.118319914,0.4829873,0.5378541,-0.10061769,-1.0111066,-0.25865108,-0.49245015,-0.38271108,-0.026734523,1,chr3:75785547:gastroesophageal_sphincter:0,TP,1
6.5428977,-0.111041605,0.4351018,0.30134103,-0.5045544,-0.044240296,-0.40126854,0.12351422,-0.26962364,0.082279995,1,chr2:86221296:tibial_artery:1,TP,1
-0.94663465,0.5147763,-1.7405685,0.28394565,0.9845977,0.11425278,0.5825661,-0.50381154,-0.8394602,-0.04622086,0,chr1:6347999:suprapubic_skin:0,TN,0
6.664995,-0.19422686,0.3570304,0.21528257,-0.039623093,-0.5658477,-0.354517,-0.33028904,-0.3994974,-0.09462845,1,chr3:75785609:tibial_artery:0,TP,1
-1.2356809,-2.253013,-0.1944586,0.8825034,-0.9248846,0.67765594,0.8050933,0.5290566,0.5024243,-0.31655914,0,chr10:13844156:body_of_pancreas:0,TN,0
4.7655797,-1.6806833,-0.09891185,-0.9347848,0.38362256,0.82211196,-0.48961177,-0.42325795,0.07863778,0.22835205,1,chr9:42852316:tibial_artery:0,TP,1
-1.9951069,2.3562164,-1.1475493,0.020731628,0.5223078,-0.23428904,-0.20248726,-0.26675385,-0.6560128,0.2475121,0,chr6:32885726:spleen:0,TN,0
4.2197967,-1.2565409,-0.3194682,0.2729521,-0.41022706,-0.16794632,-0.23202547,-0.002983535,-0.37837818,-1.0585768,1,chr4:75289967:tibial_artery:0,TP,1
-2.1863875,-0.5310843,-0.6738108,-0.63697696,0.33052853,-0.022035837,-0.76429516,0.44404715,-0.765648,-0.25887382,0,chr2:66575386:gastroesophageal_sphincter:0,TN,0
-3.3321347,-0.50424755,1.2831038,0.10539941,-0.5400995,-0.7394874,0.13013351,-0.046954848,0.63633555,0.4265768,0,chr20:30289806:prostate_gland:0,TN,0
6.321584,1.0350107,0.2201843,0.68923163,-0.18722588,-0.8142608,0.2897495,1.0959746,-0.2657422,0.90239257,1,chr17:25564506:testis:0,TP,1
-3.8441908,-0.93146425,-1.0090666,-0.048213147,-0.80354446,0.26467338,-0.31537288,-0.027336247,-0.07210753,-0.28479573,1,chr12:12328361:body_of_pancreas:0,FN,0
-1.1464207,1.9553936,-1.966954,0.522331,1.0316936,0.62898874,0.37368482,0.33173275,-0.43589804,0.6061123,1,chr10:72221918:body_of_pancreas:0,FN,0
4.4621453,-0.6710368,0.1492999,-0.5972443,0.4490136,0.33176085,0.025140276,1.0603703,-0.5840507,-0.90282255,1,chr7:63015786:adrenal_gland:0,TP,1
-1.4236307,0.019985495,0.7291926,0.38935557,-0.28917167,0.4979389,0.16533135,0.57369745,1.1510068,-0.8276969,0,chr2:44246833:body_of_pancreas:0,TN,0
3.5275488,0.033252433,-1.1554087,0.40081868,0.07991475,-1.0643395,1.7006454,-0.33032307,0.5034552,0.34747463,1,chr10:18628158:body_of_pancreas:0,TP,1
5.4049354,-1.5008414,-0.6230129,0.52436566,-0.2171071,-0.4547045,-0.4811693,-0.646345,0.075539775,0.15146922,1,chr4:113924101:thyroid_gland:0,TP,1
4.2197967,-1.2565409,-0.3194682,0.2729521,-0.41022706,-0.16794632,-0.23202547,-0.002983535,-0.37837818,-1.0585768,1,chr4:75289967:thoracic_aorta:0,TP,1
-3.2374961,0.31196138,1.0975623,-0.37783796,0.3168719,-0.9171063,-0.14359535,0.08065272,0.71435827,0.5088526,0,chr4:76586290:tibial_artery:0,TN,0
-3.7397463,0.4479036,0.093075834,-0.7722204,-0.8011592,-0.5185624,-0.5554715,0.23948829,-0.11158772,-0.05106557,0,chr15:40310054:sigmoid_colon:0,TN,0
-0.7128364,2.4786263,-0.37167263,-0.16883,-0.031232988,0.22026919,-0.04256575,-0.7006209,-0.21300925,-0.612138,0,chr12:96063163:thoracic_aorta:0,TN,0
-2.1534317,1.4155359,1.4378396,0.21153338,0.7901436,0.75741875,0.12460819,-0.12156366,-0.7415787,-0.084163554,0,chr5:142357270:tibial_artery:0,TN,0
-1.8877457,1.309852,-1.4686079,0.08138987,0.9484966,-0.4188451,0.6541182,-0.44704685,-0.04676441,0.16869804,0,chr3:75772030:transverse_colon:0,TN,0
3.7628887,-0.10592952,-0.94108796,0.026233539,-0.88462305,0.7314465,-0.254999,-1.0662771,-0.11674082,1.6115788,1,chr7:73725711:transverse_colon:0,TP,1
-1.6226445,-0.82222295,-0.36785153,-0.25018564,1.202596,-0.80582535,0.44653258,0.26356173,-0.26352173,-0.09203015,0,chr19:40403913:Peyers_patch:0,TN,0
-2.790889,0.47935212,-0.35317728,0.1119013,-0.59710234,-0.059216134,0.5003155,-0.5427456,-0.33411518,-0.21171764,0,chr14:54488111:transverse_colon:0,TN,0
-3.0086539,1.4180017,1.0398817,-0.46414813,0.2774834,-0.2975469,-0.52754015,0.027993694,0.48702997,-0.08938071,0,chr15:40422201:prostate_gland:0,TN,0
-4.1240573,-0.53143823,0.24519174,-0.54629636,-0.41479677,-0.16517282,-0.54533815,0.061934844,-0.33493382,0.38245124,0,chr1:179292625:adrenal_gland:0,TN,0
-2.0974011,-0.937234,0.48699218,-1.2271214,1.1702,-0.80923605,0.13438028,0.6047495,0.4097883,0.5506926,1,chr2:230068249:upper_lobe_of_left_lung:0,FN,0
-2.4618356,-1.0526507,0.090215474,-0.59897983,-0.79657584,0.49903563,0.025776729,0.20761134,-0.50656545,-0.17550199,0,chr2:168773981:thyroid_gland:0,TN,0
-1.9665757,2.0676203,-1.1132457,-0.009775197,0.8005946,0.370022,-0.029505352,0.20923264,-0.14470033,0.7312991,1,chr2:218658715:body_of_pancreas:0,FN,0
-3.366676,-0.035955057,0.5955133,-0.5506691,-0.0013910821,-0.9389434,-0.55630213,0.099086516,-0.1986266,0.08735527,0,chr7:56106446:transverse_colon:0,TN,0
3.044681,-0.5821769,0.17272526,-1.8329,0.1911428,2.1782975,-0.48704374,-0.102650546,-0.22717775,-0.13641119,1,chr5:179213127:upper_lobe_of_left_lung:0,TP,1
-3.6542144,-1.2971901,0.45704466,0.7925208,0.5984872,0.46743995,0.54924816,-0.13358012,-1.0036306,0.29896417,0,chr5:308944:adrenal_gland:0,TN,0
3.816494,0.10615412,-0.35206312,-0.0019402654,-0.8105432,-1.1443716,1.2198895,-1.3843517,0.082284585,0.15479334,1,chr10:29926759:body_of_pancreas:0,TP,1
-0.027752517,0.15659504,0.08773158,-0.23403715,0.6215301,0.009332699,0.72980744,1.0369397,-1.2031808,-0.8832835,1,chr21:45747925:sigmoid_colon:0,FN,0
-3.479557,0.95564777,-0.6835864,-0.5847294,-0.14737932,0.08558368,-0.8236105,0.60470486,-0.9373634,-0.3532889,0,chr10:43667279:prostate_gland:0,TN,0
-3.5328116,-0.007772026,0.5042309,0.36043122,0.5980348,0.540758,-0.15653194,-0.3157309,-0.502972,-0.08943345,0,chr19:39898261:transverse_colon:0,TN,0
3.7018442,-0.47986257,-0.23413141,0.05328591,0.547903,1.0368654,0.005744298,0.58188206,0.346525,-0.9198491,1,chr15:31200859:Peyers_patch:0,TP,1
5.8753495,0.34501302,0.7812891,-0.38061544,-0.98751676,0.8325918,0.22962272,-0.13675973,-0.1904316,1.2593014,1,chr12:48753691:spleen:0,TP,1
2.7709038,0.46366382,-0.00021116024,-0.40558517,-1.6449254,-0.46927938,1.0873827,-1.1012499,0.2687418,-0.36851144,1,chr2:196068383:thoracic_aorta:1,TP,1
-1.2657186,0.2458545,-0.981719,-0.7421376,-0.39403382,1.5876093,0.28571737,0.47246033,-1.1746778,-0.393807,0,chr10:22103749:body_of_pancreas:0,TN,0
-1.3173541,-1.734659,-0.12161918,-1.1162175,1.2032379,0.9377068,0.27509853,-0.36188257,0.028893704,-0.29293874,0,chr8:142816465:omental_fat_pad:0,TN,0
3.044681,-0.5821769,0.17272526,-1.8329,0.1911428,2.1782975,-0.48704374,-0.102650546,-0.22717775,-0.13641119,1,chr5:179213127:Peyers_patch:0,TP,1
-2.5887787,1.7810183,-0.060915094,-0.33298445,-0.36341685,0.11379829,-0.6997323,-0.09027519,-0.31020364,-0.5696275,0,chr1:39720368:gastrocnemius_medialis:0,TN,0
-2.3347487,-1.6076944,0.05652897,-1.4389664,0.039973885,-0.6180717,0.7955533,0.019493701,-0.5342627,0.013719343,0,chr5:141969068:upper_lobe_of_left_lung:0,TN,0
-2.5550618,-0.8238314,-0.29676083,-0.2784315,0.48356587,0.7370177,0.1938599,0.4329987,-0.40597436,-0.61569065,0,chr11:117904318:body_of_pancreas:0,TN,0
-1.5115014,2.0790148,-1.2893435,-0.114599265,-0.26822275,0.09146399,-0.1853114,-0.66551375,-0.15690945,-0.51069045,0,chr17:68019889:prostate_gland:0,TN,0
-3.0915217,-0.0009202325,-0.80600744,0.551684,-0.22272083,0.10630458,0.110929586,0.4519122,-0.03559352,0.069743186,0,chr9:31120230:tibial_nerve:0,TN,0
-2.0278583,0.38619256,1.5719142,0.99369705,-0.32323876,0.6509273,0.62650067,-0.49393323,-0.94442004,-0.56966305,1,chr14:91286688:body_of_pancreas:0,FN,0
6.412731,-0.011112136,0.06743202,0.36835706,-0.511217,-0.95927846,0.26370156,-0.05179241,-0.1783405,0.24444138,1,chr17:22856764:body_of_pancreas:0,TP,1
-3.2090173,-1.8264563,0.7941824,-0.6635771,0.6116111,-0.5748913,0.20850036,-0.029992089,-0.37899438,0.52583545,1,chr17:45584815:prostate_gland:0,FN,0
6.0780544,1.0398393,0.24331816,0.7416399,-0.089422174,-0.69682366,0.07246359,1.3126718,0.25710133,0.8684153,1,chr8:45161494:prostate_gland:0,TP,1
0.11461821,1.6722647,-0.97788626,0.6566709,-0.10779176,-0.62652177,1.1959864,-0.18635434,0.01636581,0.5112225,0,chr6:107954326:body_of_pancreas:0,TN,0
-3.9721355,-1.4480765,0.20954785,-0.38940236,-0.21673876,-0.16482638,-0.31393644,0.3926748,-0.020495221,0.15297931,0,chr8:64577514:transverse_colon:0,TN,0
-4.806239,-1.5433193,-1.3638635,0.107070886,-1.1886225,-0.7506199,-0.8995417,0.048265424,-0.95083237,0.2157138,0,chr3:107690540:adrenal_gland:0,TN,0
-3.0926576,1.3285731,0.4323826,-0.43036833,0.4796672,-0.49049532,-0.91112316,-0.28588507,0.12783484,0.26633796,0,chr14:68938090:prostate_gland:0,TN,0
-2.4816098,-0.66692734,0.4346223,-1.6362133,-1.0826988,-0.32258514,0.53542817,-0.20948917,0.08603289,-0.32692894,1,chr11:1652791:transverse_colon:1,FN,0
-2.6260595,1.7172061,-0.07766011,-0.66371965,-0.87163854,-0.05443557,0.025004879,-0.34211886,-0.22526942,-0.24744555,0,chr2:78999458:tibial_nerve:0,TN,0
-4.200004,-1.9855019,-0.5885775,0.5559839,-0.731871,0.0040599643,-0.24220933,0.4130861,0.7362599,0.24218564,0,chr15:57716099:esophagus_squamous_epithelium:0,TN,0
-3.4438293,0.3233798,-1.1182873,-0.34881958,-0.4342737,0.013069607,-0.10570683,-0.43728417,-0.5024452,-0.26216632,0,chr11:123235330:Peyers_patch:0,TN,0
2.2822065,0.86494046,-0.9329843,0.019957518,0.15076786,0.75088936,0.20574483,0.029944628,-0.40063816,0.679498,0,chr12:120335132:upper_lobe_of_left_lung:0,FP,1
-3.7851539,-0.5270956,0.7688389,-0.48857746,-0.35497472,-0.50272423,-0.40813196,0.19379869,0.035730593,0.09897608,0,chr7:134646672:lower_leg_skin:0,TN,0
-2.9412317,-0.5504383,0.018736998,-1.400547,-0.42464814,-0.6229316,0.2840981,0.12802155,-0.08595519,0.28555447,0,chr6:32894511:upper_lobe_of_left_lung:0,TN,0
-1.1824467,-0.50635445,0.3864842,0.6970302,-0.25034022,0.08001385,0.3467669,0.8805881,1.1357012,-0.5090361,0,chr12:16685351:transverse_colon:0,TN,0
6.540345,-0.2710499,0.2099284,0.5018001,-0.38569534,-1.0855796,-0.1217055,-0.17993109,-0.30565363,-0.06713808,1,chr17:22909996:prostate_gland:0,TP,1
1.4626849,2.4926164,-0.54720396,-0.90485835,-0.9906514,0.23871925,1.815861,-0.77748096,-0.34016603,0.4722714,1,chr19:45427778:upper_lobe_of_left_lung:0,TP,1
1.4388126,-1.360057,-0.5761313,-0.34040326,-0.17361723,0.5822549,0.87414324,-0.66127527,0.53828263,-0.46982005,1,chr10:4985267:body_of_pancreas:0,TP,1
-2.0556607,2.5404744,-0.32363167,-0.19385125,0.25437152,-0.1944307,-0.864557,-0.10568198,-0.4830221,-0.23986256,1,chr8:41651698:tibial_artery:0,FN,0
-2.1498888,-0.1547519,-0.3391367,0.13405558,-1.3137114,-0.15383644,0.38868308,0.065403424,0.31493956,-0.54969466,0,chr8:27855652:tibial_artery:0,TN,0
-2.3084788,0.23141116,2.1284757,1.934917,0.15749744,0.35887814,0.14412153,-0.41171107,-0.29252934,0.05385978,1,chr10:5003530:upper_lobe_of_left_lung:0,FN,0
-4.083008,-0.26744336,0.05860298,0.18969926,-0.3918968,0.3144129,-0.13584521,0.29111925,0.32380825,0.10891887,1,chr4:110826866:Peyers_patch:0,FN,0
0.17870878,2.7772295,0.22523035,-1.7055767,-1.0909519,1.3521538,-0.6603167,0.11416179,-0.36436644,-0.5336482,1,chr9:83219889:Peyers_patch:0,FN,0
-2.4079826,-0.3894251,-0.4232011,-0.77380055,-0.41508523,1.058725,-0.40761045,0.04674647,0.17217761,0.04702396,0,chr20:30856104:transverse_colon:0,TN,0
4.7494545,-1.0823033,-0.6485873,0.5728624,0.2894076,-0.71947855,-0.21964824,0.13251354,-0.20544392,-0.5864072,1,chr16:18131657:prostate_gland:0,TP,1
-0.34318835,2.6386187,-0.25489742,0.09374566,-0.5160337,-0.71284014,-0.11886467,0.4948597,-0.15243362,-0.17139864,0,chr1:161647575:spleen:0,TN,0
4.0573115,-0.3340074,-0.074697725,-0.5194813,-1.099423,0.8674314,0.066297576,-0.79153824,0.5970554,1.0281541,1,chr8:115690958:body_of_pancreas:0,TP,1
-1.012604,2.4025009,-1.5341054,0.4088448,0.80414176,0.025799522,0.5312313,0.28698447,-0.3062637,0.6278959,0,chr19:47791038:body_of_pancreas:0,TN,0
2.5532389,-2.738732,-0.1521199,-1.3544785,0.8749631,1.018399,-0.038244575,-0.0087730745,-0.37416512,-0.07585498,0,chr3:129343963:esophagus_muscularis_mucosa:0,FP,1
3.526901,-2.5618274,-1.0211154,-0.73643345,-0.49434483,0.8769237,-0.66968024,0.16755608,-0.28578717,-0.5800068,1,chr7:142463839:body_of_pancreas:0,TP,1
5.9594293,-0.7566814,0.22227614,-0.37720168,-0.23449425,0.28436825,-0.5717492,-0.15190609,-0.29467803,0.27082688,1,chr17:45585364:suprapubic_skin:0,TP,1
-2.8296235,1.5353425,1.3825787,0.9334946,-0.17770827,-0.4320341,-0.6452711,-0.2780345,0.17551048,-0.07962066,0,chr6:32622553:thyroid_gland:0,TN,0
-4.264698,-2.2419784,-1.6505951,-0.52404255,0.18308502,-0.8062565,-0.28837898,0.540569,-0.433194,0.35986927,0,chr6:27146708:tibial_nerve:0,TN,0
-1.8816366,-0.08681564,1.8316863,0.84934103,0.92683655,0.90871036,0.7527567,-0.29894418,-0.058583315,0.17091703,0,chr17:17567860:body_of_pancreas:0,TN,0
1.9108638,-0.9397026,-0.2509477,0.54067606,-0.8565853,0.38998377,1.5158492,0.31563303,1.175711,-1.097255,1,chr6:53956277:upper_lobe_of_left_lung:0,TP,1
6.412734,-0.011109242,0.06743377,0.36835742,-0.51121694,-0.95927906,0.26370132,-0.051792223,-0.17834044,0.24444112,1,chr17:22856764:tibial_artery:0,TP,1
-3.6799464,0.008485492,0.31310752,-0.7741152,-0.41095448,-0.4984488,-0.38285846,0.1692839,0.061152562,0.39441004,0,chr14:25133050:prostate_gland:0,TN,0
3.9403694,0.5067761,0.0026651758,-0.15742168,0.1386362,1.449378,-0.5530859,-0.5483075,0.6438854,2.1553802,1,chr19:21484173:thoracic_aorta:1,TP,1
-4.655583,-2.9450896,-0.26968497,0.63051605,-0.4983341,0.0043716566,0.4716041,-0.19077869,0.06403577,0.34944552,0,chr5:172766870:transverse_colon:0,TN,0
0.17203237,-0.7489429,-1.8811464,1.221798,2.2128456,-0.082116574,-0.71596766,-0.69828707,1.3256035,-0.06367528,1,chr16:87550129:body_of_pancreas:0,FN,0
6.3300614,-0.31422222,0.10372071,0.3569034,0.22684617,-0.7673589,-0.38772264,-0.35738352,-0.16131824,-0.2703043,1,chr16:2005642:body_of_pancreas:0,TP,1
-2.3901439,-0.070691526,1.6322159,0.28162286,1.3248311,-0.21146819,-0.21468098,-0.06722738,0.8467983,0.665758,0,chr2:239391046:adrenal_gland:0,TN,0
-3.2584183,-0.8841453,0.1409426,0.84601814,-0.14171353,0.42705995,-0.4687813,0.11085986,-0.15228531,0.38357788,0,chr12:20624847:sigmoid_colon:0,TN,0
-2.1099198,0.85895234,0.989653,0.7184205,-0.4020963,0.8796721,-0.033473045,-0.40805447,0.519355,-0.49826455,0,chr9:100323287:transverse_colon:0,TN,0
-1.6473502,1.6212764,-1.3051943,0.06542061,0.3948694,0.9692767,-0.66610855,0.79068816,0.13938102,0.06635322,0,chr15:38440496:tibial_artery:0,TN,0
-1.446716,-1.2741176,0.08525808,0.8572403,-0.46945396,0.9784998,0.92203957,-0.43388313,-0.7337962,-0.85931396,1,chr3:126191523:body_of_pancreas:0,FN,0
-3.5995784,-0.70044905,0.28918108,-0.5141394,0.62784314,-1.0598655,0.11145178,0.11726123,-0.6951911,0.65285146,0,chr4:185204332:Peyers_patch:0,TN,0
-3.413697,0.56235343,1.0872159,0.39824945,0.32276335,0.04672452,-0.84331876,0.03127524,0.1458501,0.028655097,0,chr10:130128103:tibial_nerve:0,TN,0
5.316351,-1.6196285,-0.12898335,-0.19090496,-0.43402997,0.34230033,-0.3580732,-0.14673313,0.12018393,-0.30901772,1,chr6:29705705:prostate_gland:1,TP,1
-1.4095764,0.2882204,-0.5424827,0.5135087,0.045735516,0.21653374,0.4439001,-0.35753512,0.52917385,-0.46108407,0,chr14:23305856:body_of_pancreas:0,TN,0
-3.020257,-1.875783,-1.7061803,1.1334568,-1.0291036,0.06846291,0.8700276,0.20700237,0.31415477,-1.0013983,1,chr9:105609267:spleen:0,FN,0
2.2040818,-0.1611942,-0.84965104,-0.8225064,0.63682854,0.54454005,-0.28199956,0.06390814,-0.36045548,-0.92435217,0,chr19:47698394:spleen:0,FP,1
-3.476643,-0.17689228,0.16304104,-0.09881003,-0.3836744,-0.37447312,-0.4317355,0.23684946,0.031962745,-0.08452856,1,chr4:119212065:Peyers_patch:0,FN,0
4.4377184,-1.8692024,-0.42346433,-0.5653644,0.22730277,0.5291745,-0.3299054,-0.49705213,0.17432457,0.10182653,1,chr13:20119527:body_of_pancreas:0,TP,1
-2.937034,-1.2072809,1.0811161,1.5407094,0.522827,0.9266646,0.6533754,-0.24376567,-0.18408845,0.21983421,0,chr1:25572673:thoracic_aorta:0,TN,0
-4.476734,-2.1582592,0.25647783,0.4345418,0.096287206,-0.01014095,-0.55196464,0.039203465,-0.25494364,0.69216585,1,chr3:5232752:body_of_pancreas:0,FN,0
6.6560125,0.19078955,0.215341,0.69071203,-0.27128804,-1.0877428,-0.0210669,-0.019522954,-0.30808276,0.16027594,1,chr17:23044492:thoracic_aorta:0,TP,1
6.8625865,0.70572865,0.97313327,-0.06289573,-0.65732735,-0.068978585,0.0639698,0.34262082,-0.19967245,0.60594,1,chr7:142521135:prostate_gland:0,TP,1
-4.1858373,-2.4536977,-0.5199234,0.8304173,-0.569343,-0.31282926,0.18688105,-0.16586821,-0.9945221,0.8505102,0,chr9:70113471:sigmoid_colon:0,TN,0
5.3263025,-0.9770284,-0.23255093,0.33551037,-0.5632084,0.32627872,-0.16298433,-0.62266815,0.6348784,0.72478586,1,chr7:51754611:prostate_gland:0,TP,1
-1.665965,0.78188944,0.2008795,0.18014301,0.14573886,1.3121125,0.4925442,-0.1270599,0.55874425,0.053872418,1,chr1:16661643:body_of_pancreas:0,FN,0
-1.6649523,-0.50188434,-0.01759383,0.5136084,-0.25994617,-0.46889862,0.15708625,0.24095781,0.20395067,-0.11423989,1,chr6:168616962:upper_lobe_of_left_lung:0,FN,0
-2.6607203,0.43534413,0.9182445,0.5426236,-0.41673827,-0.002412155,-0.09739429,-0.05205492,-0.039496418,-0.14102757,0,chr2:207475045:tibial_nerve:0,TN,0
5.445318,-0.7285479,0.3721907,-0.919893,-0.71426916,0.8591626,-0.3335653,-0.37068006,-0.19120464,0.68151903,1,chr7:78040381:transverse_colon:1,TP,1
3.7628887,-0.10592952,-0.94108796,0.026233539,-0.88462305,0.7314465,-0.254999,-1.0662771,-0.11674082,1.6115788,1,chr7:73725711:thoracic_aorta:0,TP,1
4.249596,-0.4460461,-0.07538114,0.2156336,1.7010957,-0.5467164,0.040498674,0.4362811,0.22547795,-1.0376024,1,chr16:579030:prostate_gland:0,TP,1
-2.951018,0.038640838,1.029827,-0.36099616,-0.25619635,0.18635565,-0.059506375,-0.047736354,0.13602689,0.14731748,0,chr1:26417186:transverse_colon:0,TN,0
5.750234,1.9617213,1.9356201,-0.7933444,-1.4406244,0.24188623,0.7985544,0.638331,-0.38139445,0.5420589,0,chr1:159214515:body_of_pancreas:0,FP,1
5.5443425,-1.3000529,-0.19769046,-0.013144729,0.3071591,0.27226648,-0.8518913,-0.37026983,0.12151706,0.041233115,1,chr3:75785357:esophagus_squamous_epithelium:0,TP,1
-3.5234454,-0.4803447,0.6625407,-0.4626063,-0.13200928,-0.23652488,0.25114915,0.1832007,0.392371,0.3152921,0,chr21:26843739:esophagus_muscularis_mucosa:0,TN,0
6.3418136,-0.3215231,-0.026136173,0.47481316,-0.2806665,-0.9051915,-0.031121513,-0.11602749,-0.13080835,-0.09477691,1,chr17:22816782:body_of_pancreas:0,TP,1
-2.4816115,-0.66692674,0.4346235,-1.6362114,-1.0826979,-0.32258564,0.53542864,-0.20948759,0.08603322,-0.32692817,1,chr11:1652791:upper_lobe_of_left_lung:0,FN,0
-0.7774667,1.1022079,-0.60651654,1.3139485,0.8499128,0.46284515,0.85554814,0.3453919,0.85687,-0.1957662,1,chr3:48090711:body_of_pancreas:0,FN,0
-1.9621086,-0.5249893,-0.3452805,0.22198567,-0.70182914,0.84468293,0.077155545,-0.111964345,0.53832084,0.16460396,1,chr1:108214824:tibial_artery:0,FN,0
6.5403433,-0.27105138,0.20992798,0.50180125,-0.38569477,-1.0855789,-0.1217049,-0.17993122,-0.3056529,-0.0671379,1,chr17:22909996:upper_lobe_of_left_lung:0,TP,1
-2.086165,0.28984085,-0.011318588,-2.2072585,1.2431109,0.25788772,-0.2986637,-0.09921724,-0.047672827,-0.32441035,0,chr19:35717320:spleen:0,TN,0
4.032107,-0.34393346,-0.22188886,-0.33722508,-0.30252793,1.3644681,-0.65884465,1.0275513,-0.12406205,-0.018394152,1,chr10:96641123:adrenal_gland:0,TP,1
6.342216,-0.3202458,0.2527768,0.5220702,-0.080904365,-1.2090663,-0.3654673,-0.35400912,-0.35288018,-0.0922018,1,chr11:47642443:adrenal_gland:0,TP,1
-2.1497753,1.1508632,1.2214162,0.13867575,0.67079234,0.7404584,-0.12562636,-0.33332485,0.39551303,-0.04580696,0,chr14:69574943:gastrocnemius_medialis:0,TN,0
-3.2313678,-1.3895454,-0.8063938,0.7889585,-0.3654214,-0.032564893,-0.023223571,0.30656505,-0.27580136,0.30736068,0,chr13:23289209:thoracic_aorta:0,TN,0
-2.3729527,-1.1172539,0.03584288,-1.978463,0.03643805,-0.47835565,0.5209647,0.081627905,0.11549077,0.07678896,0,chr4:15681694:tibial_nerve:0,TN,0
-1.5307081,2.710359,0.08327878,-0.64441276,-0.88216984,-0.18619679,0.3346435,-0.3748086,-0.45455232,-0.5876511,1,chr16:4548780:transverse_colon:0,FN,0
-3.598756,-0.49175692,1.0244488,0.3007005,-0.15238161,0.5946819,-0.28367728,-0.34311518,0.63049805,0.40581915,0,chr11:12080532:tibial_artery:0,TN,0
-3.2794652,-0.049347036,0.8048647,-1.1229639,-0.109239005,-0.7910863,0.124600455,0.099037,0.3493763,-0.07146162,0,chr19:3618617:prostate_gland:0,TN,0
0.3494418,0.9848389,-0.13781576,-1.0949329,-0.5128213,1.13045,-0.53857476,-0.33229557,0.25976223,-0.9451276,0,chr11:128520895:sigmoid_colon:0,TN,0
-2.2271798,1.6488008,-1.0338496,-0.15646344,-0.2924968,-0.6780838,-0.1583069,-0.34820956,-0.3543701,-0.17111565,1,chr7:73734702:body_of_pancreas:0,FN,0
-3.180476,-0.55961275,0.35600147,-0.026555425,1.310807,0.7388432,0.0824342,-0.49982744,0.40262085,0.0685898,0,chr16:85547311:transverse_colon:0,TN,0
-3.1985118,1.1548586,-0.28850266,-1.2094193,-0.14092237,-0.34199238,-0.5667894,0.28026503,-0.37016723,-0.35400003,0,chr2:28452449:suprapubic_skin:0,TN,0
6.325227,-0.69844854,0.016741326,0.31036192,0.054202877,-0.48116446,-0.63077843,-0.416681,-0.22027507,0.13010256,1,chr3:75785419:thoracic_aorta:1,TP,1
-3.2921078,-0.42807424,1.2554765,1.0604244,0.21370144,-0.028897176,-0.39584422,-0.5545171,-0.15904886,0.37850103,0,chr5:32490176:thoracic_aorta:0,TN,0
-2.314638,-0.9986686,-0.29217136,1.2643542,-1.1575665,-0.3524777,-0.041677203,0.17154685,1.1493977,-0.6139912,0,chr8:52484096:prostate_gland:0,TN,0
-2.8926492,-0.6384167,1.7530075,1.9064907,-0.0769654,0.4309525,0.08497394,-0.20698942,-0.009176839,0.256133,0,chr4:11420596:Peyers_patch:0,TN,0
-3.6500587,-0.9859745,-0.2495448,0.41025624,0.03620899,0.47751844,-0.02636959,0.35779783,0.16025037,-0.03559877,0,chr6:33029896:body_of_pancreas:0,TN,0
2.8613024,0.24594176,1.5882022,-2.085404,0.22448076,0.93196696,0.3544987,0.013691422,0.6689369,0.48624894,0,chr8:143733406:Peyers_patch:0,FP,1
-0.3893592,1.4835445,-0.0011726827,0.724362,0.2603465,0.49082154,0.8303075,0.271955,0.40606704,0.12519702,0,chr2:47861494:body_of_pancreas:0,TN,0
-0.08996901,0.35760322,-0.44575393,0.16760756,-0.25210136,-0.27581176,1.3148524,-0.04991196,0.16764322,0.28035286,0,chr14:73736414:body_of_pancreas:0,TN,0
-3.6797016,-0.49790022,0.53970253,-0.037775878,-0.072749294,-0.522916,-0.18003806,-0.025546918,0.21071485,0.73541594,0,chr3:195104360:body_of_pancreas:0,TN,0
-3.7179806,-0.46030933,0.64006823,0.54731643,-0.12906387,0.0057761343,-0.38802025,0.15031464,-0.30018818,0.4539841,0,chr3:133041374:tibial_artery:0,TN,0
0.17870878,2.7772295,0.22523035,-1.7055767,-1.0909519,1.3521538,-0.6603167,0.11416179,-0.36436644,-0.5336482,1,chr9:83219889:transverse_colon:1,FN,0
-1.8647493,2.8401423,-0.43344957,0.027161937,0.13244018,0.16389398,-1.2183058,-0.7286009,0.11775812,-0.5325434,0,chr1:223698618:prostate_gland:0,TN,0
3.2922678,-2.5258331,0.12192177,-0.91127616,-0.21054946,0.83384264,0.28385127,-0.613259,-0.30000356,-0.095015794,1,chr1:20575428:esophagus_squamous_epithelium:0,TP,1
-1.9665757,2.0676203,-1.1132457,-0.009775197,0.8005946,0.370022,-0.029505352,0.20923264,-0.14470033,0.7312991,0,chr2:218658715:sigmoid_colon:0,TN,0
-3.3123946,-0.030722698,0.081806555,-0.75885624,0.80723554,-0.705988,-0.69602746,0.38858056,-0.23766655,0.41882795,0,chr2:199851395:thoracic_aorta:0,TN,0
-3.0996385,1.6698914,-1.7805508,0.36691785,0.32278234,-0.22861013,-0.6560179,-0.83536786,-0.2875615,0.07951703,0,chr11:111429318:body_of_pancreas:0,TN,0
6.342216,-0.3202458,0.2527768,0.5220702,-0.080904365,-1.2090663,-0.3654673,-0.35400912,-0.35288018,-0.0922018,1,chr11:47642443:esophagus_muscularis_mucosa:0,TP,1
-3.847512,-1.132806,0.47837356,1.0306062,-0.47174215,0.1832049,0.10826638,-0.14096054,-0.34205976,0.2964711,0,chr4:77240648:prostate_gland:0,TN,0
0.67841923,0.8386466,1.4188697,-1.0004586,0.08400184,1.3060027,-0.3141281,-1.2249303,2.1200209,-0.3652373,1,chr1:27556965:gastroesophageal_sphincter:0,FN,0
0.67841923,0.8386466,1.4188697,-1.0004586,0.08400184,1.3060027,-0.3141281,-1.2249303,2.1200209,-0.3652373,1,chr1:27556965:tibial_artery:1,FN,0
5.6209564,-0.6450764,-0.2208168,0.13083473,0.2701435,-0.11369563,-0.2553911,-0.35287243,-0.08206186,-0.12136477,1,chr8:38057121:Peyers_patch:0,TP,1
-3.2243474,-2.3325622,-0.020430872,1.1536938,-0.19456333,0.4945235,0.5088358,0.07742027,-0.29230085,-0.054347854,0,chr1:13247506:omental_fat_pad:0,TN,0
6.325227,-0.69844854,0.016741293,0.31036213,0.054202933,-0.48116463,-0.63077855,-0.41668054,-0.22027457,0.13010241,1,chr3:75785419:Peyers_patch:0,TP,1
-3.7600112,0.19640554,0.6818415,-0.105173975,-0.06695521,-0.60338473,-0.2799502,0.24813366,-0.5940164,0.58399945,0,chr2:213152392:adrenal_gland:0,TN,0
-2.8767092,-1.173015,0.8983901,-1.2158747,0.91010165,-0.10736493,0.62167096,0.008645106,-0.36916164,0.16033146,0,chr17:37489615:body_of_pancreas:0,TN,0
0.83725184,-1.3268656,0.6310867,-2.395684,0.83521235,0.23853426,0.25003606,0.37697622,0.23662467,0.46706775,0,chr12:110469074:tibial_artery:0,FP,1
-2.5122921,2.3252137,-1.2889749,-0.18614472,-0.40895087,-0.6772728,0.03439738,-0.45509145,-0.37669462,-0.08322724,0,chr20:32778436:transverse_colon:0,TN,0
2.0708432,-2.528383,-1.6126702,0.19002606,0.24249119,0.028214766,0.043608613,-0.5517838,0.20592362,-0.21599944,0,chr9:89557013:upper_lobe_of_left_lung:0,FP,1
-3.3662238,0.7782962,0.2742528,-0.47107536,0.11273541,-0.39513707,-0.37160137,0.076336525,-0.23483431,-0.066522434,0,chr17:18698466:prostate_gland:0,TN,0
-0.8162534,0.0145949125,0.16321068,-1.1353045,0.94956774,1.4261527,0.13504833,0.24558707,1.0273815,0.4522329,0,chr5:42992982:prostate_gland:0,TN,0
4.765581,-1.6806818,-0.098910496,-0.93478566,0.38362208,0.822112,-0.48961166,-0.4232573,0.0786368,0.22835203,1,chr9:42852316:tibial_nerve:0,TP,1
-2.106925,1.8499973,-1.1415327,0.43410575,0.890282,0.5309373,0.20127995,-0.095046625,-0.82124895,0.12604205,0,chr1:230167489:Peyers_patch:0,TN,0
5.7502294,1.9617227,1.9356205,-0.79334533,-1.4406246,0.2418861,0.79855615,0.6383325,-0.38139385,0.54205877,0,chr1:159214515:adrenal_gland:0,FP,1
5.8753576,0.3450264,0.7812943,-0.380613,-0.98751724,0.83258873,0.22962396,-0.13675657,-0.1904314,1.259303,1,chr12:48753691:sigmoid_colon:0,TP,1
-3.1953418,-0.19746102,0.6941053,-0.3055538,-0.23565215,-0.43398315,0.56184137,0.13596962,0.14348093,0.18528974,0,chr9:98998958:thoracic_aorta:0,TN,0
-3.4785118,-0.1483504,0.47334662,0.23628348,-0.37902233,-0.28982472,-0.47165233,-0.029686773,0.69831944,-0.1915158,0,chr6:32622665:transverse_colon:0,TN,0
-3.4766424,-0.17689037,0.16303965,-0.098811604,-0.38367411,-0.3744729,-0.4317353,0.23684974,0.031963136,-0.08452938,1,chr4:119212065:esophagus_muscularis_mucosa:0,FN,0
4.615442,0.4627878,-0.55273366,0.6138707,0.69102466,-0.0113085145,-0.11686269,-0.20117588,0.16470894,0.09937521,1,chr4:145321395:thyroid_gland:0,TP,1
-3.7806528,-1.7513851,0.9866293,1.1066678,0.03967956,0.23946266,-0.24386609,-0.045397557,-0.8388473,0.5680917,0,chr7:3164589:body_of_pancreas:0,TN,0
3.0446672,-0.582179,0.1727236,-1.8329015,0.19114594,2.1783016,-0.48704278,-0.102651455,-0.22717874,-0.1364114,1,chr5:179213127:tibial_artery:0,TP,1
-3.7593055,-1.3028378,0.3222527,1.0877103,0.13292699,0.49225792,0.16981307,0.005506652,-1.4520069,0.45431665,0,chr17:66538699:sigmoid_colon:0,TN,0
-4.412911,-2.9790545,-1.8618307,0.31413218,-1.1999165,0.30136603,-0.23335275,0.3845434,-0.3156183,0.106799364,0,chr11:57821648:body_of_pancreas:0,TN,0
3.1883044,1.1410156,-1.0589623,0.5587848,-0.2923958,-0.18795583,0.7328681,2.6109784,0.8422389,0.8655581,1,chr8:44636977:lower_leg_skin:0,TP,1
2.6302466,2.0059924,1.8215222,-2.2609897,-0.6992568,1.1455295,0.25863716,0.21670215,0.21258183,0.19134289,0,chr1:6423522:upper_lobe_of_left_lung:0,FP,1
-1.7764504,1.284773,-1.7593541,0.15703827,0.7430499,0.14702053,-0.14360905,-0.22051471,0.09319217,0.19374754,0,chr17:980964:esophagus_muscularis_mucosa:0,TN,0
-1.0879642,-0.2806201,-1.3028477,1.1169944,-0.7570949,0.8486476,0.23201445,-0.21798542,0.39765754,0.4892802,1,chr5:123274158:adrenal_gland:0,FN,0
-1.8330855,-1.8463973,-0.6741884,-1.9974711,1.4554551,-0.6379043,0.07432917,0.040860377,-0.47047767,0.033386275,0,chr17:4739491:tibial_artery:0,TN,0
-1.5292537,2.1494966,-0.91364986,-0.2006807,-0.37888667,-0.04972961,0.55565244,0.3881015,-0.50137657,-0.057021946,1,chr14:58098585:Peyers_patch:0,FN,0
-1.9266213,-0.02863553,0.75774735,1.8717058,0.30701965,0.76180965,1.4220573,-0.5332991,-0.71676457,-0.344569,0,chr9:127955840:transverse_colon:0,TN,0
2.8942153,0.4429594,-1.2859373,-0.25234237,0.57045394,1.6729572,-0.19742635,0.044248965,-0.1732206,1.4422182,1,chr19:4352840:prostate_gland:0,TP,1
2.8942153,0.4429594,-1.2859373,-0.25234237,0.57045394,1.6729572,-0.19742635,0.044248965,-0.1732206,1.4422182,1,chr19:4352840:testis:0,TP,1
6.3300614,-0.31422222,0.10372015,0.3569031,0.22684593,-0.76735884,-0.38772362,-0.3573836,-0.16131811,-0.27030447,1,chr16:2005642:upper_lobe_of_left_lung:0,TP,1
1.656881,-2.671046,-0.714822,0.19430485,-0.00943228,1.125265,0.44041598,-0.49771792,0.123033494,-0.6920469,1,chr3:37536143:Peyers_patch:0,TP,1
-3.2310314,-0.38199988,0.97758484,0.8090055,-0.71909195,0.18557121,0.085263565,0.010594508,0.5502076,0.27477813,0,chr10:91797861:body_of_pancreas:0,TN,0
-1.5307094,2.7103572,0.0832781,-0.6444129,-0.8821707,-0.18619716,0.33464357,-0.37481,-0.45455256,-0.5876508,1,chr16:4548780:prostate_gland:0,FN,0
-1.5307094,2.7103572,0.0832781,-0.6444129,-0.8821707,-0.18619716,0.33464357,-0.37481,-0.45455256,-0.5876508,1,chr16:4548780:transverse_colon:1,FN,0
-3.1991236,0.497038,-1.5771298,-0.2824498,0.41366842,0.023657802,-0.67714006,0.22941487,-0.7926661,-0.110882714,1,chr1:84753658:upper_lobe_of_left_lung:0,FN,0
-1.7099582,2.8797445,0.06624414,-0.20505476,-0.38704664,-0.34658656,-1.252664,-0.18308645,-0.005625017,-0.5900562,0,chr5:138077411:adrenal_gland:0,TN,0
-3.874443,-0.59362376,-0.3280561,-0.1496149,-1.1099175,-0.18250337,-0.57925403,-0.36327899,0.45355928,-0.13383418,0,chr6:122184843:tibial_artery:0,TN,0
3.940367,0.5067803,0.0026659747,-0.15742138,0.13863751,1.4493787,-0.5530861,-0.5483068,0.6438863,2.155382,1,chr19:21484173:transverse_colon:1,TP,1
-3.377287,-0.6497904,0.592633,0.4913918,-0.33849669,0.31131887,-0.2987831,0.056137834,-0.13976951,0.07440196,0,chr1:55641967:thoracic_aorta:0,TN,0
-2.875522,-0.29129687,0.40705097,-1.3242297,-0.18402562,-0.21232954,0.07677869,-0.187368,0.5426164,0.05950903,0,chr11:78416867:prostate_gland:0,TN,0
5.200427,-1.2267892,-0.6930487,0.52978325,0.6038641,-0.5004245,-0.7287369,-0.36159042,0.065756805,-0.14703816,1,chr9:129437243:body_of_pancreas:0,TP,1
3.7181349,1.2070867,-0.24992537,-0.1715379,-0.14579329,-0.79261136,1.815372,-0.61897665,-0.40199658,0.52000344,0,chr16:58074709:body_of_pancreas:0,FP,1
6.508571,-0.05467454,0.74406826,-0.27254254,-0.38114044,0.031485472,-0.22725,-0.00473123,-0.23520961,-0.059520107,1,chr8:38060242:body_of_pancreas:0,TP,1
-3.9071078,-1.2339505,0.52971935,-0.30539852,-0.32881138,-0.40870333,-0.20049652,-0.11158101,-0.2577063,0.37966937,0,chr5:93581237:prostate_gland:0,TN,0
-4.1708746,-2.6570385,0.38560143,1.2206167,-0.4243144,0.37470475,0.42860475,-0.46814486,-0.32515457,0.37689206,0,chr5:61228702:body_of_pancreas:0,TN,0
6.325227,-0.69844854,0.016741326,0.31036192,0.054202877,-0.48116446,-0.63077843,-0.416681,-0.22027507,0.13010256,1,chr3:75785419:transverse_colon:1,TP,1
-2.831874,-0.90749955,1.346601,2.117105,-0.28323767,0.5518474,-0.16848432,-0.067199856,-0.39239746,0.18815124,0,chr5:60960804:esophagus_muscularis_mucosa:0,TN,0
-3.9536517,-0.21426776,-0.25785324,0.10714582,-1.2065527,-0.77671385,-0.6593372,-0.049557913,0.11933645,-0.14878015,0,chr4:95165949:tibial_artery:0,TN,0
-1.0879642,-0.2806201,-1.3028477,1.1169944,-0.7570949,0.8486476,0.23201445,-0.21798542,0.39765754,0.4892802,1,chr5:123274158:Peyers_patch:0,FN,0
5.8753576,0.3450264,0.7812943,-0.380613,-0.98751724,0.83258873,0.22962396,-0.13675657,-0.1904314,1.259303,1,chr12:48753691:body_of_pancreas:0,TP,1
0.8571169,0.43207428,0.74420244,1.6075249,-0.12439205,0.39858562,0.57654965,0.43582353,1.3673216,-0.6687307,0,chr19:52592575:body_of_pancreas:0,FP,1
0.6872056,-0.03756405,0.4476163,-0.22886643,0.33590785,0.599394,0.19583009,0.38093525,0.757538,-0.3093157,0,chr16:28712219:gastroesophageal_sphincter:0,FP,1
-3.3066032,-0.093718894,1.5348324,0.19930325,0.10630484,-0.29882285,-0.025969805,0.16714594,0.579984,0.3662585,1,chr10:87408408:transverse_colon:0,FN,0
3.171675,-1.7598981,-0.2486135,-0.6625005,-1.0316447,0.40167198,0.31343755,0.07894878,0.70570374,-0.2869381,1,chr13:60226798:body_of_pancreas:0,TP,1
-2.367546,0.51548636,1.9646881,1.0101163,-0.45549244,0.110782586,-0.10151834,-0.35527754,0.20352022,-0.026775,0,chr11:13873413:gastroesophageal_sphincter:0,TN,0
-0.40791053,-0.77580786,1.7898064,1.5239024,1.3718534,0.708626,1.7417413,-0.46109086,-0.12965141,-0.34765857,1,chr7:98216118:body_of_pancreas:0,FN,0
1.384999,-0.074593455,0.779052,0.78925407,1.1513981,-0.12968962,0.8035359,0.51339775,0.3547639,-1.0672548,0,chr9:136792496:thoracic_aorta:0,FP,1
-2.969488,1.0860257,-0.43999648,1.2615159,0.112904936,0.44282943,0.5059355,-0.18121812,-1.3810945,-0.33068958,0,chr1:26104845:esophagus_squamous_epithelium:0,TN,0
-3.1347957,0.826911,1.5442737,0.92001724,-0.13643193,0.104216024,-0.34795958,-0.60681874,-0.21393569,0.07036079,0,chr21:42652266:transverse_colon:0,TN,0
1.910864,-0.93970346,-0.25094876,0.54067653,-0.8565837,0.38998505,1.5158468,0.31563494,1.1757123,-1.0972552,0,chr6:53956277:transverse_colon:1,FP,1
-2.2260911,-0.8863112,-1.4038347,-1.2972827,-0.7037609,-0.042739842,1.0606301,-0.08992308,0.5760487,-0.22104508,0,chr10:101121035:body_of_pancreas:0,TN,0
0.6370112,-1.0682602,-0.62949264,-0.90053034,1.0166312,-0.69039017,0.69800985,0.22774608,0.2706836,0.013231116,1,chr15:90957065:tibial_artery:0,TP,1
-2.5839942,1.322245,-0.8737471,-0.43564722,0.47880703,0.2302063,0.13023958,0.18249053,-0.26664174,-0.16687368,0,chr11:6612917:transverse_colon:0,TN,0
5.445318,-0.7285479,0.3721907,-0.919893,-0.71426916,0.8591626,-0.3335653,-0.37068006,-0.19120464,0.68151903,0,chr7:78040381:esophagus_muscularis_mucosa:0,FP,1
-2.9513898,-0.20185445,0.87950855,-0.04212583,0.23476553,-0.39735976,-0.7928891,0.67726636,0.32575047,0.12741946,0,chr4:186474270:transverse_colon:0,TN,0
0.5744507,1.6628122,-0.061374262,-0.40637508,-0.82149476,1.0265388,1.2565873,0.43261817,-0.546831,-0.08625602,0,chr5:10364680:gastrocnemius_medialis:0,TN,0
-1.8661542,1.7383559,-1.1903893,-0.21668856,0.7688576,-0.31663755,0.26253155,-0.21857594,-0.33350503,-0.12800033,0,chr19:46783911:body_of_pancreas:0,TN,0
5.5443425,-1.3000529,-0.19769046,-0.013144729,0.3071591,0.27226648,-0.8518913,-0.37026983,0.12151706,0.041233115,1,chr3:75785357:Peyers_patch:0,TP,1
-2.4816115,-0.66692674,0.4346235,-1.6362114,-1.0826979,-0.32258564,0.53542864,-0.20948759,0.08603322,-0.32692817,1,chr11:1652791:body_of_pancreas:0,FN,0
-3.116112,-2.0543013,-1.5703007,-0.08448685,0.105521254,0.6571489,0.32356647,-0.08827845,-0.36589634,0.026077058,0,chr11:19938600:sigmoid_colon:0,TN,0
-0.71517,-0.39228687,1.2757138,1.227782,1.8612566,-0.1731179,0.4405928,-0.24911544,-0.27931255,0.6793127,0,chr22:23399917:transverse_colon:0,TN,0
3.0972013,1.7970889,-0.061587133,-0.8336648,-0.1259204,1.412359,-0.17429714,1.1886005,-0.5507192,-0.26879823,1,chr16:9160191:adrenal_gland:0,TP,1
3.379027,-1.4558749,-1.0361438,0.011676403,-0.4683624,-0.28260285,-0.20293012,-0.101358704,0.04449439,-0.37560797,1,chr7:129783950:body_of_pancreas:0,TP,1
-3.5422235,0.48393583,0.53569365,-0.8530429,0.03426561,-0.2755218,-0.70024914,0.087877594,0.73980933,0.3692041,0,chr17:21766120:upper_lobe_of_left_lung:0,TN,0
-2.4392245,1.643952,-0.58730793,-0.48111242,0.24513382,0.82456714,0.18047829,0.27630356,-0.8817161,-0.31728074,0,chr12:1641182:body_of_pancreas:0,TN,0
-2.602184,0.99314886,1.167122,-0.3243474,0.62025154,-0.08546693,0.07594773,-0.4476732,-0.85098386,0.15538912,1,chr2:64751571:upper_lobe_of_left_lung:0,FN,0
5.0389867,-0.0036601506,-0.052204765,0.4815908,1.2067679,-0.13892567,-0.34106857,0.6576669,-0.17255624,-0.78632194,1,chr19:45678133:transverse_colon:0,TP,1
-3.513346,0.051591396,0.1615551,-1.1560482,-0.44189128,-1.0506228,-0.47027737,-0.089366,0.20474286,0.21731402,0,chr2:55050819:prostate_gland:0,TN,0
1.5456591,0.053261835,-1.3416806,0.38002476,-0.61090624,-0.5095198,2.135401,-0.37237847,1.1449672,-0.58191115,1,chr20:41572206:Peyers_patch:0,TP,1
-1.5790406,1.8619647,1.2302846,-0.98159,0.4162432,-0.4007495,-0.10990761,-0.63813514,0.3005713,-0.024623446,0,chr6:13874007:esophagus_muscularis_mucosa:0,TN,0
-3.1985123,1.1548606,-0.28850356,-1.2094173,-0.14092179,-0.34199142,-0.56679136,0.28026384,-0.37016723,-0.35399967,0,chr2:28452449:esophagus_muscularis_mucosa:0,TN,0
-2.6602764,0.050448984,1.7257928,-0.91668206,0.7302466,-0.5292369,0.28415465,0.024721773,0.67278,0.4663316,0,chr3:196712252:prostate_gland:0,TN,0
-2.6990554,0.24925192,0.9684728,1.2743139,-0.318948,0.15074873,0.35138738,0.03252349,0.8112223,-0.03410687,1,chr2:83827580:transverse_colon:0,FN,0
-0.20594878,-0.9572705,-1.0613233,0.20769589,0.6097633,0.095641665,0.7748988,0.28001162,0.08857049,-0.8202847,0,chr19:21585442:body_of_pancreas:0,TN,0
-3.7842155,-3.0345528,-2.1254933,0.69703794,-1.5837977,0.30680773,-0.1882161,0.3853388,0.8684462,-0.4435846,0,chr12:40153243:body_of_pancreas:0,TN,0
2.542694,-1.734209,-0.47807798,0.5556677,-1.4485165,0.13876657,0.7870229,-0.9561535,-0.350868,-0.012912667,1,chr6:161922984:body_of_pancreas:0,TP,1
-3.292161,-0.5654637,1.3632209,-0.32695305,0.02436771,-0.11618081,0.16163298,-0.22692972,-0.27782378,0.29680523,0,chr4:42656378:transverse_colon:0,TN,0
-4.7685895,-3.0814426,-0.87176305,0.554666,-1.1995465,0.023392007,-0.22333795,0.22651945,0.5256925,0.25815982,0,chr7:38222730:suprapubic_skin:0,TN,0
0.88452446,-1.0161396,-0.36957932,-1.6207135,-0.78092164,1.1379462,-0.44337547,0.27372402,-0.51009315,-0.729075,0,chr3:12840842:upper_lobe_of_left_lung:0,FP,1
-2.1494694,-2.574066,-1.3645184,0.19523041,0.5480801,-0.33245352,0.39894328,0.660098,-0.09165307,-0.37118933,1,chr15:72664145:upper_lobe_of_left_lung:0,FN,0
-3.9357843,-1.1914673,0.36365,0.31598356,0.35831252,0.18929407,0.31153914,-0.1763427,-0.3138688,0.11546732,1,chr11:111448887:gastroesophageal_sphincter:0,FN,0
-1.9600035,-2.5767224,-0.8251459,1.0237756,-1.0164498,0.31860328,0.337247,-0.10388546,1.1989176,-0.6014941,0,chr11:36623030:upper_lobe_of_left_lung:0,TN,0
-3.0791707,-0.57056844,0.3449501,1.0733517,-0.9594513,-0.58887327,-0.64656806,-0.40546605,0.86756843,0.3106108,1,chr6:106223515:esophagus_squamous_epithelium:0,FN,0
3.212506,-0.39240587,-1.3086876,1.3438376,2.083645,-0.39258376,-0.7256968,-0.61486197,1.1518964,-0.36116868,1,chr4:64868627:body_of_pancreas:0,TP,1
3.7022111,-1.4991988,0.53464884,-1.7642086,-0.5893264,0.7468965,0.11851549,-0.34322333,0.20002747,-0.12264627,0,chr17:6654885:prostate_gland:0,FP,1
-2.4762814,1.6119797,-0.5955294,-0.39783883,-0.6997913,-0.51552534,-0.013170018,-0.23218763,-0.3006091,-0.35845298,0,chr11:88232237:esophagus_squamous_epithelium:0,TN,0
-1.8974301,1.8755705,-1.0688357,-0.8179954,0.7804543,0.24423365,-0.1879281,-0.57439953,-0.23694377,-0.045978688,0,chr17:1724503:gastroesophageal_sphincter:0,TN,0
2.2832472,0.35171443,-0.82027495,-0.03845302,0.08876075,-0.4359244,1.3619227,-1.3065428,1.2673911,0.25493088,0,chr6:16409816:gastroesophageal_sphincter:0,FP,1
-2.5839942,1.322245,-0.8737471,-0.43564722,0.47880703,0.2302063,0.13023958,0.18249053,-0.26664174,-0.16687368,0,chr11:6612917:tibial_artery:0,TN,0
-2.055664,2.5404718,-0.32363212,-0.19385208,0.25437102,-0.19443093,-0.86455685,-0.10568173,-0.48302326,-0.23986174,1,chr8:41651698:transverse_colon:1,FN,0
-1.4064661,-0.76005936,-0.6065295,-1.0188318,0.8869239,1.367665,0.7547918,-0.4746989,0.32744628,0.51349163,0,chr6:33745522:gastroesophageal_sphincter:0,TN,0
-2.4816115,-0.66692674,0.4346235,-1.6362114,-1.0826979,-0.32258564,0.53542864,-0.20948759,0.08603322,-0.32692817,1,chr11:1652791:body_of_pancreas:1,FN,0
-3.3242252,-0.47958726,0.539576,-0.7902723,0.37493575,-0.705862,0.2076744,0.13222158,-0.43197158,0.56558055,0,chr12:48351113:transverse_colon:0,TN,0
-3.2166824,0.30427036,1.2522755,0.80163085,-0.10944054,-0.25354394,-0.49684387,0.0342863,-0.22174844,0.4364091,0,chr19:43198867:spleen:0,TN,0
-0.021647085,1.0507414,-1.0929879,-0.46866328,-0.7980459,-0.42566574,1.843358,-0.64692134,0.26432443,0.12247615,0,chr1:29306087:transverse_colon:0,TN,0
-2.5082972,-1.18224,0.71237785,1.1183813,0.0763571,0.49882662,0.25429085,-0.1888391,-0.97701365,-0.07309399,0,chr3:186753488:prostate_gland:0,TN,0
-2.1680038,-0.5505952,-1.117687,-1.435292,0.38415185,0.9184835,-1.0165336,0.15761945,-0.14195262,-0.051327977,1,chr11:116707506:Peyers_patch:0,FN,0
6.6258674,0.016264452,0.34037247,0.55257314,0.3068926,-0.7322628,-0.60708636,-0.0483653,-0.27145666,-0.2875272,1,chr12:8390645:body_of_pancreas:0,TP,1
6.371135,-0.47837594,0.472097,0.11989949,-0.3940549,-0.56443363,-0.35888922,-0.49461615,-0.28989688,0.34887367,1,chr7:22550492:tibial_nerve:0,TP,1
-3.8338006,0.1465728,-1.4833769,0.5214717,-0.3580779,0.05904911,0.42963344,-0.2913713,-0.044105884,-0.23730727,0,chr8:124593699:body_of_pancreas:0,TN,0
-2.6306663,1.6353416,-1.4859326,0.22088209,0.58600235,-0.37749934,-0.13124464,-0.8870347,-0.31030455,0.0022435265,0,chr4:2468253:transverse_colon:0,TN,0
-2.4176376,-1.0443856,-0.13123655,0.5280801,-0.6991168,0.3034546,0.20586248,0.36969006,0.55205196,-0.83483225,0,chr11:60265897:adrenal_gland:0,TN,0
-3.558877,0.30479172,-0.90351963,0.220749,-0.03506918,0.16776714,-1.3579193,0.6865767,-0.7228465,-0.048439056,0,chr11:100932858:gastroesophageal_sphincter:0,TN,0
1.7801523,-1.7144619,0.615167,-1.2230912,1.5902057,0.6404718,0.7938635,-0.5664408,0.4079873,0.5307122,1,chr2:101151641:transverse_colon:0,TP,1
5.5443425,-1.3000529,-0.19769046,-0.013144729,0.3071591,0.27226648,-0.8518913,-0.37026983,0.12151706,0.041233115,1,chr3:75785357:tibial_artery:1,TP,1
-0.6556385,1.8846647,1.2641532,0.76546526,1.4274539,0.81821877,-0.42155588,0.05483904,0.5777076,-0.63972193,1,chr16:21935488:thoracic_aorta:0,FN,0
6.325227,-0.69844854,0.016741293,0.31036213,0.054202933,-0.48116463,-0.63077855,-0.41668054,-0.22027457,0.13010241,1,chr3:75785419:lower_leg_skin:0,TP,1
4.7302475,-1.639068,-1.0518851,0.58787006,0.518298,-0.22896096,-0.53070575,-0.56704915,0.5111248,-0.4887311,1,chr1:160976816:prostate_gland:0,TP,1
-3.61019,-0.12851551,-0.008444788,-1.4023671,0.063774005,-0.80769926,0.020864977,0.19535768,-0.12454169,0.2854656,1,chr16:68237591:body_of_pancreas:0,FN,0
-0.021761103,-1.456917,-0.064584896,-1.0404665,1.3149996,0.9425228,0.6204117,-0.1116468,-0.15569757,-0.24122182,0,chr16:88425337:prostate_gland:0,FP,1
4.219795,-1.2565416,-0.3194681,0.27295136,-0.41022775,-0.16794565,-0.2320249,-0.002983795,-0.37837803,-1.0585762,1,chr4:75289967:esophagus_squamous_epithelium:0,TP,1
5.9684305,-0.086345784,0.56549746,-0.58842564,-0.046993416,0.4607495,-0.07431773,-0.27322033,0.051607482,1.117907,1,chr15:79896760:esophagus_squamous_epithelium:0,TP,1
-3.0791707,-0.57056844,0.3449501,1.0733517,-0.9594513,-0.58887327,-0.64656806,-0.40546605,0.86756843,0.3106108,1,chr6:106223515:adrenal_gland:0,FN,0
-3.6049058,-0.6615616,0.31268188,0.93498015,-0.77886206,-0.4636666,-0.52740395,-0.0426405,-0.26551285,0.029158067,0,chr13:91045410:prostate_gland:0,TN,0
6.6258674,0.016264452,0.34037247,0.55257314,0.3068926,-0.7322628,-0.60708636,-0.0483653,-0.27145666,-0.2875272,1,chr12:8390645:adrenal_gland:0,TP,1
-1.1185986,-0.00050046376,0.004723597,0.17191172,-0.01171779,0.106421664,0.8764335,0.38088197,-0.6590831,-0.10382315,0,chr11:116641748:suprapubic_skin:0,TN,0
-3.116112,-2.0543013,-1.5703007,-0.08448685,0.105521254,0.6571489,0.32356647,-0.08827845,-0.36589634,0.026077058,0,chr11:19938600:testis:0,TN,0
-1.0996982,2.3904963,-1.3979712,0.06984633,0.6411602,0.020874942,0.47022527,-0.21257406,-1.0838057,0.37939325,0,chr19:35406065:body_of_pancreas:0,TN,0
-3.9536517,-0.21426837,-0.2578526,0.107146524,-1.2065521,-0.7767137,-0.6593367,-0.049558166,0.11933635,-0.14877959,0,chr4:95165949:prostate_gland:0,TN,0
-2.3347487,-1.6076944,0.05652897,-1.4389664,0.039973885,-0.6180717,0.7955533,0.019493701,-0.5342627,0.013719343,1,chr5:141969068:tibial_artery:0,FN,0
-2.9219806,1.3050154,1.3591726,0.24143612,-0.27070656,-0.9150987,-0.6685953,0.023347635,0.5055412,0.2326298,1,chr11:57712375:tibial_nerve:0,FN,0
-1.0669589,1.0373962,-0.61303467,-0.02579619,0.0004986909,-1.9484215,0.9911052,-1.5083784,0.30326393,0.42424676,0,chr7:4479619:spleen:0,TN,0
-2.3981526,2.0907722,0.50744134,-0.9756408,-0.12306972,-0.44107553,-0.7005098,-0.3591494,-0.0513469,-0.35126606,0,chr15:32388404:spleen:0,TN,0
2.0049431,0.8614899,-0.90587664,1.260779,1.6768214,0.61733556,-0.7548735,0.23953995,1.4444253,-0.057141934,0,chr17:8585099:thoracic_aorta:0,FP,1
-3.0822783,-0.10193264,0.78339535,-0.17998207,-0.2313106,-0.111831196,-0.23689997,0.1347456,-0.15952733,-0.3931493,0,chr3:10883626:body_of_pancreas:0,TN,0
6.1772027,-0.63483644,-0.024337973,0.48153552,-0.16339067,-0.51074135,-0.5850305,-0.30529273,-0.29247758,0.38366136,1,chr6:31374359:tibial_artery:1,TP,1
-2.7867525,0.34629777,1.6901376,0.5132651,0.4673749,-0.05688696,0.3309917,-0.12144944,-0.023424,0.13392243,1,chr18:76492684:thoracic_aorta:0,FN,0
4.7655797,-1.6806833,-0.09891185,-0.9347848,0.38362256,0.82211196,-0.48961177,-0.42325795,0.07863778,0.22835205,1,chr9:42852316:gastroesophageal_sphincter:0,TP,1
-2.6877286,1.5065562,-0.67840874,-0.007087804,-0.6111704,-0.5510194,-0.59975886,-0.60573536,-0.14622068,-0.04685572,0,chr9:105426323:esophagus_squamous_epithelium:0,TN,0
5.9514217,0.46913412,0.39074054,0.5765434,0.85053444,-0.46380332,-0.17785804,0.18259314,-0.1235676,-0.38145187,1,chr16:85086903:tibial_artery:0,TP,1
0.1788767,0.32135248,-0.1233818,-0.11085894,0.69086015,-0.59176743,0.5537851,-0.3961831,0.6941697,-0.6210461,1,chr22:46739374:transverse_colon:0,FN,0
5.287383,-0.4949773,-0.6951481,0.88279015,1.3590683,-0.215638,-0.95972526,-0.58959365,0.5204387,-0.34493917,1,chr5:107709744:prostate_gland:0,TP,1
-3.3904917,0.22321215,0.9079062,0.17923002,0.16718966,-0.46052495,-0.4092467,0.064934805,0.2781033,0.3677623,0,chr10:122980901:tibial_artery:0,TN,0
-2.055664,2.5404718,-0.32363212,-0.19385208,0.25437102,-0.19443093,-0.86455685,-0.10568173,-0.48302326,-0.23986174,1,chr8:41651698:suprapubic_skin:0,FN,0
-3.5850186,0.42212483,0.7614478,0.14809583,-0.11099819,0.23874594,-0.6706279,0.053626146,0.0007391466,0.13233946,0,chr7:43647696:thoracic_aorta:0,TN,0
4.7655797,-1.6806833,-0.09891185,-0.9347848,0.38362256,0.82211196,-0.48961177,-0.42325795,0.07863778,0.22835205,1,chr9:42852316:esophagus_muscularis_mucosa:0,TP,1
-2.9111843,-0.11747082,1.2206732,-0.66962594,0.06702046,-0.5731804,-0.1851012,0.27138016,0.32395023,-0.12355299,0,chr6:42104227:transverse_colon:0,TN,0
-3.847512,-1.132806,0.47837356,1.0306062,-0.47174215,0.1832049,0.10826638,-0.14096054,-0.34205976,0.2964711,0,chr4:77240648:thyroid_gland:0,TN,0
-4.0040445,-0.6872679,0.3560677,-0.8105326,-0.14125988,-0.64377207,-0.31309605,0.1496071,0.08358506,0.043749727,0,chr20:59515611:body_of_pancreas:0,TN,0
-3.2040713,0.4549197,0.5563893,0.05252362,-0.32506242,0.025961116,-0.3557114,0.61404264,0.17254539,0.14759491,0,chr17:50094413:tibial_artery:0,TN,0
-2.727844,-0.08377543,-0.049519822,0.98247963,-0.5196479,0.6517188,0.28746006,0.12695202,-0.59274465,-0.6384648,0,chr2:46011104:transverse_colon:0,TN,0
-1.2860533,3.2790904,-0.35028905,0.010933538,0.022814319,-0.07522997,-1.0261288,-0.36618292,-0.19216378,-0.5059226,0,chr3:32144516:body_of_pancreas:0,TN,0
-0.98091537,-0.6337935,1.0529476,-1.3147099,1.6927806,-0.9394146,0.49795604,0.034227453,0.43154225,0.11126637,0,chr9:136400120:tibial_nerve:0,TN,0
4.52073,-2.3127553,-0.9930046,-0.09090433,-0.13725449,-0.71727425,-0.19187413,-0.24055132,-0.3203974,-0.18309498,1,chr12:121918386:tibial_artery:0,TP,1
4.462144,-0.67103624,0.14929964,-0.597245,0.44901213,0.33176228,0.025139734,1.0603722,-0.58405006,-0.9028229,1,chr7:63015786:transverse_colon:0,TP,1
-2.962242,-1.4552896,0.5672009,-0.189396,-0.55166584,0.51421934,-0.36652297,0.19247153,1.065133,-0.50415653,0,chr6:116060830:prostate_gland:0,TN,0
5.8432174,-0.13084905,0.32503337,0.45159107,0.28469706,-0.6568698,-0.28466305,-0.034020502,-0.08371929,0.032549713,1,chr9:129437463:tibial_artery:0,TP,1
3.9403694,0.5067761,0.0026651758,-0.15742168,0.1386362,1.449378,-0.5530859,-0.5483075,0.6438854,2.1553802,1,chr19:21484173:esophagus_squamous_epithelium:0,TP,1
2.380234,0.6513372,0.71862674,-0.93425685,-1.799287,0.23318611,0.717941,0.6480698,-0.1981676,-0.24473147,0,chr1:170967201:transverse_colon:0,FP,1
-3.2040713,0.4549197,0.5563893,0.05252362,-0.32506242,0.025961116,-0.3557114,0.61404264,0.17254539,0.14759491,1,chr17:50094413:upper_lobe_of_left_lung:0,FN,0
-1.5399933,-2.0007603,0.20803837,-1.6430093,1.4573321,-0.7538688,0.9845817,0.07988562,-0.5477408,0.3323828,1,chr17:45022145:tibial_nerve:0,FN,0
-0.27634847,0.22278601,0.24148454,-0.668299,0.9143744,0.24277207,0.26798165,0.11650027,0.17719984,0.27904987,0,chr12:123269654:tibial_nerve:0,TN,0
5.959428,-0.7566817,0.22227572,-0.37720188,-0.23449427,0.28436816,-0.5717494,-0.15190606,-0.2946778,0.2708261,1,chr17:45585364:Peyers_patch:0,TP,1
-4.3267293,-2.3802505,-1.3592551,0.059892125,-0.4594666,0.53552145,-0.55952513,0.21677153,-0.53259724,-0.1028812,0,chr12:43339206:tibial_artery:0,TN,0
-2.6800108,1.6849772,-0.68785626,0.5287742,0.36550137,0.5330776,0.13694856,0.10545421,-0.12811846,0.14512454,0,chr1:64147961:thoracic_aorta:0,TN,0
-2.160052,2.3607085,-0.7415801,-0.07704723,0.31463638,0.19296321,-0.38840204,-0.64681333,-0.9794912,0.063450575,0,chr6:32933573:transverse_colon:0,TN,0
-1.453807,0.3670479,-0.48620966,-0.4726762,0.18536693,0.6973742,1.0041171,-0.13842927,-0.43578386,0.23098376,0,chr19:8396778:esophagus_squamous_epithelium:0,TN,0
-0.29275995,2.0212324,-1.5903188,0.4981656,-0.3754996,0.036434054,0.67913926,-0.2956745,0.25382155,0.6125512,0,chr2:171034274:body_of_pancreas:0,TN,0
3.9403694,0.5067761,0.0026651758,-0.15742168,0.1386362,1.449378,-0.5530859,-0.5483075,0.6438854,2.1553802,1,chr19:21484173:adrenal_gland:0,TP,1
-1.0152578,-1.6210209,-0.7536459,-0.15373586,-1.6170061,0.18499199,1.1856327,0.50134104,0.54192597,-0.6735607,0,chr7:128503541:body_of_pancreas:0,TN,0
5.959428,-0.7566817,0.22227572,-0.37720188,-0.23449427,0.28436816,-0.5717494,-0.15190606,-0.2946778,0.2708261,1,chr17:45585364:upper_lobe_of_left_lung:0,TP,1
6.6560125,0.19078955,0.215341,0.69071203,-0.27128804,-1.0877428,-0.0210669,-0.019522954,-0.30808276,0.16027594,1,chr17:23044492:suprapubic_skin:0,TP,1
5.515116,-0.2350076,0.29309952,0.23596954,0.77197534,-0.6879747,0.15874755,0.5712156,0.17253913,-0.61796653,0,chr7:100965858:tibial_nerve:0,FP,1
-1.1652747,0.13613044,-0.09376863,0.13128583,-0.26184645,-0.59226507,1.1504183,-0.12355874,0.6628276,-1.0577252,1,chr1:41432909:prostate_gland:0,FN,0
-1.1027617,1.5913832,-1.6573389,0.41019073,0.28467968,-0.4009583,1.3299475,-0.2502106,0.25876856,0.1262925,0,chr14:21309486:body_of_pancreas:0,TN,0
-1.349478,-0.118366286,1.9094067,2.3022554,0.04778787,0.6949236,0.57243353,-0.18335633,-1.4207215,0.0403879,0,chr11:12894326:adrenal_gland:0,TN,0
-3.5851967,0.41076317,0.60432994,0.29070854,-0.522833,-0.47724596,-0.7526311,0.029348684,0.17564572,0.05816805,0,chr14:61456966:transverse_colon:0,TN,0
-2.1785934,-1.9661343,1.3769633,0.114072464,1.3788642,0.07685802,0.8959344,-0.3274459,0.3296211,0.4969345,0,chr16:88700708:upper_lobe_of_left_lung:0,TN,0
3.9403694,0.5067761,0.0026651758,-0.15742168,0.1386362,1.449378,-0.5530859,-0.5483075,0.6438854,2.1553802,1,chr19:21484173:testis:0,TP,1
-2.4073539,0.47496518,2.4686413,0.6478704,0.6290083,0.18173622,0.46386805,-0.17619939,0.013612421,0.14200011,0,chr3:32401666:esophagus_muscularis_mucosa:0,TN,0
-3.280388,-0.5922123,0.43568206,0.17255764,0.6033689,0.14477845,0.6631101,0.037473895,0.18362978,0.016277326,0,chr17:45832045:transverse_colon:0,TN,0
-1.2108686,0.8810478,1.8148153,2.2679613,0.29305318,0.78826296,0.770222,0.0057743327,-0.062430575,-0.26795042,1,chr9:16039580:esophagus_squamous_epithelium:0,FN,0
1.3669198,0.16118407,-1.1418592,0.7953653,-0.42326036,-0.5899969,0.6828828,-0.1969003,-0.06866538,-0.1424793,0,chr16:90203818:transverse_colon:0,FP,1
-3.394545,-0.92520934,-0.94076496,-0.20149393,-0.46805757,0.14568105,-0.24174552,0.45920527,-0.6668459,-0.13256581,0,chr3:66816669:body_of_pancreas:0,TN,0
-0.88775074,-0.26910093,-1.5940557,-0.33219704,0.10005938,1.2084658,-0.38403854,0.20397396,0.09135817,-0.20680785,0,chr9:15104864:transverse_colon:0,TN,0
-1.37462,-1.5430597,0.3425267,-1.3791691,1.7333186,-0.4556738,-0.09498408,0.2893995,0.9484291,0.54282,0,chr18:74291399:upper_lobe_of_left_lung:0,TN,0
6.904042,0.118319914,0.4829873,0.5378541,-0.10061769,-1.0111066,-0.25865108,-0.49245015,-0.38271108,-0.026734523,1,chr3:75785547:upper_lobe_of_left_lung:0,TP,1
-3.713021,-0.32104194,0.38879484,-0.7784317,-0.48405892,-0.6914068,0.014999198,0.17598659,-0.67645395,0.023611901,0,chr17:4560968:adrenal_gland:0,TN,0
-2.2269437,1.4245552,-1.2296773,0.5994812,0.37075812,0.89456946,-0.01043389,0.6427346,0.29466847,0.33281016,0,chr1:146006702:transverse_colon:0,TN,0
-1.9877206,0.5264985,-1.1301373,-0.010921831,-0.82574666,-0.19794028,0.56644636,-0.54266125,0.9430682,-0.26332438,0,chr9:114487593:prostate_gland:0,TN,0
-2.6047845,0.5183036,0.8167508,-0.8053382,0.052581813,-0.43503955,-0.26812276,0.24173677,-0.38693893,-0.017568374,0,chr14:22823038:thoracic_aorta:0,TN,0
-0.16162308,2.4145987,-0.84107804,0.5670995,0.5452884,-0.16735822,0.4781433,-0.37694165,0.16177846,1.084217,1,chr6:99516089:body_of_pancreas:0,FN,0
0.64846164,-3.0980868,-0.7794686,-0.45272067,0.2781667,0.7833651,-0.071856886,0.17077883,-0.49587685,-1.3400818,1,chr7:142451935:transverse_colon:0,TP,1
-3.024745,-1.0150723,0.4336083,1.2466547,0.35379222,-0.5244723,-0.008718869,-0.099276416,-0.2231475,0.22237101,1,chr9:127348292:prostate_gland:0,FN,0
-2.29951,0.5361906,-0.2555514,-1.6928383,-0.531807,-0.33232278,-0.032088477,0.5217076,-0.17298126,-0.29628474,0,chr19:41706904:tibial_artery:0,TN,0
-3.2140818,0.45330438,0.7502529,-0.53126687,0.69235665,0.0018215493,-0.82738924,0.038865946,0.26269925,0.30329916,0,chr14:50045393:upper_lobe_of_left_lung:0,TN,0
5.001507,1.876757,0.8128229,0.014287483,-0.9880488,-0.11682905,0.8934453,0.71438223,-1.1262796,1.1239132,1,chr13:109267585:upper_lobe_of_left_lung:0,TP,1
5.8753495,0.34501302,0.7812891,-0.38061544,-0.98751676,0.8325918,0.22962272,-0.13675973,-0.1904316,1.2593014,1,chr12:48753691:tibial_artery:0,TP,1
-0.9474441,0.56065124,-0.098360956,1.1635851,-0.09452554,0.4302599,0.27093184,0.17809898,-0.0396527,-0.35813317,0,chr3:27677217:body_of_pancreas:0,TN,0
0.61798126,-1.9139562,0.066707164,-0.022620581,0.42906925,-0.059058614,0.24024022,0.17375904,-0.2917261,-0.80435926,0,chr2:131822172:upper_lobe_of_left_lung:0,FP,1
-2.1157515,-1.433341,0.97235346,-0.7796823,0.47348896,1.049694,1.034041,0.008137841,-0.7711081,0.22181623,1,chr12:123762055:upper_lobe_of_left_lung:0,FN,0
4.780275,-1.6505412,-0.5435807,0.20016378,0.74034655,-0.34749904,-0.2930709,-0.713936,-0.09623137,-0.26957372,1,chr9:61668518:body_of_pancreas:0,TP,1
1.2229726,0.66907555,1.1274079,1.4773154,0.9760267,0.7819609,0.47744387,0.69761956,-0.609224,-1.1931385,0,chr1:154313017:thoracic_aorta:0,TN,0
-2.9807084,0.8797723,-0.41559803,-0.2324023,-0.9520068,-0.24566413,-0.0051465197,0.16558863,-0.24485008,-0.11481517,0,chr5:36507468:tibial_artery:0,TN,0
-3.683809,-0.69062215,0.7095071,0.5313595,-0.26482016,0.24495377,-0.15322146,0.09949163,-0.21135473,0.46670598,0,chr3:66138807:tibial_artery:0,TN,0
-0.4616946,0.7057255,-1.4950868,-0.62236726,-1.1822094,0.4987847,0.6067412,-0.29606614,-0.35538542,-0.7855256,0,chr11:118295892:transverse_colon:0,TN,0
6.371135,-0.47837594,0.472097,0.11989949,-0.3940549,-0.56443363,-0.35888922,-0.49461615,-0.28989688,0.34887367,1,chr7:22550492:esophagus_muscularis_mucosa:0,TP,1
-4.3790193,-1.1495944,-0.23804715,-0.6888119,-0.26370648,-0.7637912,-0.35775274,0.23794639,-0.013759838,0.4737835,0,chr15:34523799:suprapubic_skin:0,TN,0
3.044681,-0.5821769,0.17272526,-1.8329,0.1911428,2.1782975,-0.48704374,-0.102650546,-0.22717775,-0.13641119,1,chr5:179213127:thoracic_aorta:1,TP,1
5.5443425,-1.3000529,-0.19769046,-0.013144729,0.3071591,0.27226648,-0.8518913,-0.37026983,0.12151706,0.041233115,1,chr3:75785357:body_of_pancreas:0,TP,1
6.5428977,-0.111041605,0.4351018,0.30134103,-0.5045544,-0.044240296,-0.40126854,0.12351422,-0.26962364,0.082279995,1,chr2:86221296:prostate_gland:1,TP,1
3.2922635,-2.5258362,0.12192005,-0.911275,-0.2105473,0.83384264,0.283851,-0.61325926,-0.30000377,-0.09501663,1,chr1:20575428:transverse_colon:0,TP,1
5.9173555,-0.7270343,0.06730195,0.18746442,0.36245152,-0.97110623,-0.31517825,-0.24221505,-0.27583724,-0.5216594,1,chr7:100966122:Peyers_patch:0,TP,1
0.67841923,0.8386466,1.4188697,-1.0004586,0.08400184,1.3060027,-0.3141281,-1.2249303,2.1200209,-0.3652373,1,chr1:27556965:adrenal_gland:0,FN,0
-0.40243658,-1.9333172,-0.85544616,-1.2292062,0.021946808,-0.08940581,0.8307961,-0.4551348,-0.256567,-0.32976404,0,chr11:1833125:tibial_nerve:0,FP,1
2.02357,1.2719414,-0.19363171,0.4697377,-0.09498601,-0.86414045,0.3154856,0.3859749,0.74889153,0.3304123,0,chr9:102073447:body_of_pancreas:0,FP,1
-3.337679,1.1290553,-0.040565208,-0.26025748,-0.85876465,-0.16749348,-0.9323519,-0.16192932,-0.108785525,-0.39205483,0,chr6:82252295:esophagus_squamous_epithelium:0,TN,0
-3.8413484,0.25538385,-0.94498986,-0.58871907,-0.9425113,0.15556888,-0.53691685,-0.1615534,-0.57370126,-0.18272215,0,chr15:45705730:sigmoid_colon:0,TN,0
-4.277487,-0.82967484,0.3688798,0.06895924,0.5834966,0.18533696,-0.063938215,-0.4381773,-0.28818464,0.2554358,0,chr6:53172200:testis:0,TN,0
-2.1998188,-1.3675485,-0.42274314,-0.11972641,0.26013863,-0.076907,0.45226032,0.25815383,-0.39663863,-0.19052488,0,chr10:5949478:prostate_gland:0,TN,0
5.9514217,0.46913412,0.39074054,0.5765434,0.85053444,-0.46380332,-0.17785804,0.18259314,-0.1235676,-0.38145187,1,chr16:85086903:spleen:0,TP,1
-2.4635677,-1.3161533,0.08670478,-0.14191492,-0.13506068,1.047959,-0.38698703,0.63849485,0.37903628,-0.84214795,1,chr4:186824888:body_of_pancreas:0,FN,0
-4.4324856,-1.9733443,0.2521569,0.729909,-0.3152797,0.097903185,-0.49944437,-0.041082904,0.25291005,0.4125031,1,chr13:54394503:Peyers_patch:0,FN,0
6.1772027,-0.63483644,-0.024337973,0.48153552,-0.16339067,-0.51074135,-0.5850305,-0.30529273,-0.29247758,0.38366136,1,chr6:31374359:transverse_colon:1,TP,1
-3.507416,-0.5272847,0.6225509,0.5725756,-0.00027384967,-0.12848248,-0.2905822,0.4040342,-0.12057869,0.5802333,0,chr2:21042645:thoracic_aorta:0,TN,0
2.4467707,-1.7764125,-0.0324048,-1.2068263,-0.7351281,0.4902845,0.45144016,-0.0997828,-0.11911653,0.12764739,0,chr11:449817:transverse_colon:0,FP,1
-3.2921233,0.5616211,0.9630367,0.014831015,-0.5256591,-0.41609478,-0.70384514,0.11095876,0.15191351,-0.1046752,0,chr12:114508854:spleen:0,TN,0
4.462144,-0.67103624,0.14929964,-0.597245,0.44901213,0.33176228,0.025139734,1.0603722,-0.58405006,-0.9028229,0,chr7:63015786:prostate_gland:1,FP,1
-3.372776,-0.3019062,0.24259743,-0.46600732,0.6197656,-0.13543318,0.23980188,-0.10598782,-0.76927507,0.30688608,0,chr7:88220243:prostate_gland:0,TN,0
-2.4374106,-1.3214936,0.58457136,-1.6247429,0.9925066,-0.54194534,0.1538429,0.045671236,0.068554945,0.6040182,0,chr19:9914785:gastrocnemius_medialis:0,TN,0
-0.6444648,0.12307506,1.0284842,-1.478425,1.6775882,-0.5273433,0.8270013,-0.24830465,-0.13914345,-0.07688872,0,chr2:46297173:tibial_nerve:0,TN,0
-4.121669,-2.7605705,-0.28405386,-0.83092237,0.54281586,-0.95851177,0.59031945,0.029062359,-0.78796464,0.7923312,1,chr9:33167269:Peyers_patch:0,FN,0
6.540345,-0.2710499,0.2099284,0.5018001,-0.38569534,-1.0855796,-0.1217055,-0.17993109,-0.30565363,-0.06713808,1,chr17:22909996:esophagus_muscularis_mucosa:0,TP,1
-2.8154223,0.22971794,1.3918362,1.2934053,0.1389392,0.79471785,-0.1034731,-0.24907053,-0.46668428,0.07513911,0,chr13:98653462:esophagus_muscularis_mucosa:0,TN,0
-3.5740657,-0.75067645,1.0101956,0.008313097,-0.063928396,0.41768053,-0.15092102,-0.01180078,-0.5374336,-0.037891842,1,chr5:149431239:thoracic_aorta:0,FN,0
6.254523,-0.68847966,0.24356253,0.19159766,-0.10842835,-0.4681651,-0.53819555,-0.21894874,-0.35004798,-0.08052993,1,chr9:129437752:gastroesophageal_sphincter:0,TP,1
3.1883044,1.1410156,-1.0589623,0.5587848,-0.2923958,-0.18795583,0.7328681,2.6109784,0.8422389,0.8655581,1,chr8:44636977:gastroesophageal_sphincter:0,TP,1
1.2614893,0.060245227,-0.51384455,-0.38404456,-0.7333992,0.031224811,0.739895,0.016857572,0.27488977,-0.93878937,0,chr1:205918852:tibial_artery:0,FP,1
-2.5455892,-0.63665086,1.1649051,-1.490883,0.33907336,0.061409004,0.2373911,0.22164899,0.52350944,0.10885301,0,chr7:85186902:thoracic_aorta:0,TN,0
4.765581,-1.6806818,-0.098910496,-0.93478566,0.38362208,0.822112,-0.48961166,-0.4232573,0.0786368,0.22835203,1,chr9:42852316:body_of_pancreas:1,TP,1
-1.8382889,-0.05199497,1.7792315,2.4461117,0.12410128,1.0210621,0.17201242,-0.36450487,-1.0094974,0.19225194,0,chr1:243118794:thoracic_aorta:0,TN,0
-3.7842143,-3.0345526,-2.1254933,0.6970379,-1.583798,0.3068079,-0.18821503,0.3853395,0.8684472,-0.4435851,0,chr12:40153243:upper_lobe_of_left_lung:0,TN,0
-0.4693223,-0.3220727,-1.3474702,-0.2185933,2.6773603,-0.425422,0.075199045,-1.2267364,0.80927944,0.37354589,1,chr18:597094:upper_lobe_of_left_lung:0,FN,0
6.300166,0.6975343,0.5792311,-0.007623442,-0.48312736,-0.4713255,0.7273699,0.53860265,-0.15816544,-0.1025348,1,chr7:63016061:adrenal_gland:0,TP,1
-2.2834961,-2.183371,0.16795594,-0.24385189,0.5641586,0.66408163,0.077158615,0.64860356,0.6048169,-0.6126277,1,chr6:169655219:transverse_colon:0,FN,0
5.6565094,-0.5569677,-0.28943485,0.49817884,1.058493,-0.77470523,-0.58429843,-0.7062494,-0.22542092,-0.40110782,1,chr1:192003039:thyroid_gland:0,TP,1
-2.391148,0.29503876,0.103880614,0.952068,0.005281233,0.44296485,0.36371526,0.4351582,-0.43001693,-0.8566067,0,chr1:245260636:prostate_gland:0,TN,0
1.7153778,-0.3080008,-1.9323486,-0.30613565,-0.9733652,0.67580885,-0.14925848,-1.0355998,0.23003264,-0.61896336,1,chr8:30230823:prostate_gland:0,TP,1
5.6712236,0.12396022,-0.4595182,1.0415307,0.78692675,-0.60950303,-0.658703,-0.20296039,0.34316158,-0.037578195,1,chr20:21120370:spleen:0,TP,1
4.032107,-0.34393188,-0.22188908,-0.33722612,-0.3025285,1.364468,-0.6588456,1.0275515,-0.1240614,-0.018395035,1,chr10:96641123:spleen:0,TP,1
-2.6904967,0.74845177,-0.7071777,0.40820318,0.26682326,0.42577934,-0.51417494,-0.19771613,0.122736394,0.09156477,0,chr1:84542055:transverse_colon:0,TN,0
-2.644937,-0.010505144,0.36969078,-0.91185147,0.04818428,-0.5600662,0.5074691,-0.41850233,-0.55396706,0.16845267,0,chr16:2004036:prostate_gland:0,TN,0
-1.9536786,0.4945874,0.891824,1.2182511,0.17764597,0.89126676,-0.006188633,-0.063208066,0.21694453,-0.06878125,0,chr1:63575748:thoracic_aorta:0,TN,0
5.8040366,-0.25493395,-0.04457131,0.5222704,0.37802893,0.3924074,-0.7113464,-0.34825423,0.48367524,0.10927969,1,chr4:62271507:prostate_gland:0,TP,1
-2.35501,0.45725045,1.0821115,-0.76684284,0.09437336,0.007777117,0.20610906,0.09363463,0.22577718,-0.34342316,0,chr21:29002850:tibial_nerve:0,TN,0
5.52853,-0.63629484,0.13624343,0.29760137,0.4575874,-0.95051277,0.0730412,0.18263297,0.12734874,-0.7736838,1,chr7:100965903:transverse_colon:0,TP,1
2.3802443,0.6513459,0.71863055,-0.9342562,-1.7992866,0.23318703,0.71794283,0.6480701,-0.19816968,-0.24473007,0,chr1:170967201:adrenal_gland:0,FP,1
0.53602225,0.8290501,-0.61431146,0.0028166845,-0.47993076,-0.40920022,1.038143,-0.96043336,0.024502018,0.004815432,0,chr10:83992499:body_of_pancreas:0,TN,0
1.7153778,-0.3080008,-1.9323486,-0.30613565,-0.9733652,0.67580885,-0.14925848,-1.0355998,0.23003264,-0.61896336,1,chr8:30230823:adrenal_gland:0,TP,1
-4.5032387,-2.2199323,-0.50057316,0.91892534,-0.7296406,0.033809904,-0.28864688,-0.011729852,-0.3556056,0.5315184,0,chr15:32537476:body_of_pancreas:0,TN,0
-2.445878,1.9247476,-0.97299564,0.6563261,0.3522779,0.26767486,-0.32609764,0.75560874,0.04105056,0.06817228,0,chr6:106837189:body_of_pancreas:0,TN,0
1.6317687,-1.9044993,-0.22339676,0.67885804,0.2594578,-0.091438144,0.37130734,0.117329754,-0.37098405,-1.1819836,1,chr7:155585487:body_of_pancreas:0,TP,1
-3.1470869,0.5788805,1.1032655,-0.01644684,0.094124705,0.02224656,-0.021968817,0.28311688,0.23629563,0.17555106,0,chr19:13152523:gastroesophageal_sphincter:0,TN,0
-2.4833608,0.51238906,-0.28482735,0.32263187,0.21029955,0.22242785,0.5134283,0.12765506,-0.75546813,-0.31526336,1,chr2:42969994:thoracic_aorta:0,FN,0
-2.8762095,-0.85577965,0.7964049,-0.24367665,0.7589354,0.06613332,0.31133068,0.047349583,0.5609799,0.3523824,0,chr2:232440448:transverse_colon:0,TN,0
-0.5495055,-0.46818307,0.7840829,0.73193693,1.432065,0.3393849,0.112028144,-0.04145989,-0.47367212,-0.46721932,0,chr5:1119480:Peyers_patch:0,TN,0
0.67841923,0.8386466,1.4188697,-1.0004586,0.08400184,1.3060027,-0.3141281,-1.2249303,2.1200209,-0.3652373,1,chr1:27556965:testis:1,FN,0
6.672334,0.9152749,1.0783076,-0.0153145995,-0.69441104,-0.082493305,0.30053923,0.74510276,0.048834376,-0.2741438,1,chr9:62609408:body_of_pancreas:0,TP,1
4.093905,-2.5985003,-1.0259626,-0.52396584,-0.49551874,0.5020764,-0.5880528,-0.0957365,-0.39917102,-0.7440223,1,chr7:142463879:Peyers_patch:0,TP,1
-3.758044,0.07573085,-0.11965144,-0.09750247,-0.46695834,-0.020679679,-0.19611935,0.109673776,-0.72209275,0.08180677,0,chr19:46753944:gastroesophageal_sphincter:0,TN,0
-2.6602764,0.050448984,1.7257928,-0.91668206,0.7302466,-0.5292369,0.28415465,0.024721773,0.67278,0.4663316,0,chr3:196712252:spleen:0,TN,0
-3.3822803,-1.6818064,-1.1617789,-1.0914402,0.007142554,-1.0666782,0.20692456,0.67597216,-0.22941966,0.61588037,0,chr10:80132939:body_of_pancreas:0,TN,0
-3.183499,0.27189898,-0.6637396,0.9334068,-0.49815845,-0.14855972,0.16947517,0.5983602,0.11653401,-0.17939496,1,chr7:106568539:body_of_pancreas:0,FN,0
-0.9032272,0.43400037,-0.44195163,-0.68988067,-0.2721298,-0.3942422,0.4241285,0.46544406,-0.21926865,0.045908406,0,chr12:124513633:body_of_pancreas:0,TN,0
-0.45515034,0.65059173,2.053094,1.4354087,0.51513565,-0.37091383,1.4965547,0.6264237,0.0906786,-0.33732486,0,chr2:222297304:body_of_pancreas:0,TN,0
-0.1057583,0.43650642,1.6143929,-1.8798373,-0.71226007,0.76436114,0.3505322,0.29716745,0.81015193,-0.47333708,0,chr19:39824761:prostate_gland:0,TN,0
-3.447906,-2.098069,0.34027573,1.2700212,0.07539601,0.6517292,0.24073264,-0.05266423,-1.6287252,0.5713665,0,chr21:45128695:thoracic_aorta:0,TN,0
-2.9008155,-2.1183596,0.2618513,1.7819521,-0.36627585,0.8345719,0.10596003,-0.23278752,-1.3279617,0.2541231,0,chr8:23547260:body_of_pancreas:0,TN,0
0.44573736,2.1689322,-0.6405004,-0.155233,0.24303885,-0.070511095,0.9805864,-1.1165619,-0.023320412,-0.56459546,0,chr20:49603474:body_of_pancreas:0,TN,0
-4.7362494,-2.9158068,-0.7379763,1.1651436,-0.7061112,0.4425753,0.13751394,-0.23427069,-0.630108,0.21711266,1,chr20:19077643:transverse_colon:0,FN,0
-2.0805824,0.7282151,0.9069839,-0.83114785,-0.27366924,-0.36157563,-0.37550488,-0.01090869,1.059339,-0.22212902,1,chr17:43361323:esophagus_muscularis_mucosa:0,FN,0
-1.6132956,-0.20138022,-0.30031043,0.2632399,-0.12063255,0.78620964,0.23061019,0.00909388,-0.43621993,-0.7450966,0,chr9:121609956:gastroesophageal_sphincter:0,TN,0
0.9899266,-1.6996161,-0.5948414,0.6741345,-0.0371668,0.16014202,0.18496144,0.24805158,-0.64256793,-1.0658484,0,chr5:157471958:tibial_artery:0,FP,1
-0.3898204,-0.6608727,-0.7310652,0.51997906,-1.4577794,0.07033184,1.7611618,0.33690295,0.95419085,-0.92508966,1,chr2:55432222:upper_lobe_of_left_lung:0,TP,1
-0.32591537,-0.6695441,0.87081945,2.0268798,0.38703498,0.498777,0.985644,-0.105726585,0.75167704,-0.9612624,0,chr14:21852085:transverse_colon:0,TN,0
-2.3205998,0.7295341,-1.2056996,0.2856084,-0.8994274,-0.8959633,-0.6656055,-0.217253,0.12394936,0.092175625,1,chr6:31374706:body_of_pancreas:0,FN,0
1.7578124,-1.9005659,-0.5915167,-1.2240554,-1.2131629,1.2309768,0.18210573,0.19430119,0.3645071,-0.17660575,0,chr11:35392416:adrenal_gland:0,FP,1
-0.5210128,0.26950625,-0.8665494,-1.1538419,-0.35843626,-0.46027482,0.2591909,-0.046530258,-0.25056186,-0.99981177,0,chr13:25004931:esophagus_squamous_epithelium:0,TN,0
5.515116,-0.2350076,0.29309952,0.23596954,0.77197534,-0.6879747,0.15874755,0.5712156,0.17253913,-0.61796653,1,chr7:100965858:Peyers_patch:0,TP,1
0.26176357,-0.821119,-0.35830712,0.44530165,0.9693614,-0.49257606,1.2758778,-0.00095833297,-0.9084403,0.06054669,1,chr20:57190119:sigmoid_colon:0,TP,1
-1.8448907,2.797216,-0.15363187,0.08907033,0.12478372,-0.08756916,-1.2970086,-0.6394364,0.06456654,-0.6060128,0,chr13:32310515:gastroesophageal_sphincter:0,TN,0
3.172824,-0.97519594,0.8247603,-1.5498074,-0.29203677,-0.15820046,0.10956411,-0.12938353,0.3499053,-0.013381961,0,chr11:119094337:sigmoid_colon:0,FP,1
-2.4522128,1.1265318,-2.0095468,0.5313874,0.3990428,0.46089393,0.29317227,0.08606182,0.091468774,0.18647778,1,chr17:61262537:sigmoid_colon:0,FN,0
-4.3552046,-1.6942767,-0.7185453,0.39285946,-0.43282062,0.55250645,-0.15749036,0.053611465,-0.6274704,0.4244016,0,chr3:65914875:Peyers_patch:0,TN,0
-2.0775692,-0.9650807,1.1235788,-1.1350564,1.4043559,-0.47446492,0.7822481,0.08216975,-0.5419052,0.5898776,0,chr17:81513269:upper_lobe_of_left_lung:0,TN,0
-2.1486828,1.9482254,-1.3038626,0.27836066,0.009313113,0.25580075,0.4914405,-0.17066823,-0.0619739,-0.07594637,0,chr12:101839737:esophagus_muscularis_mucosa:0,TN,0
2.7709038,0.46366382,-0.00021116024,-0.40558517,-1.6449254,-0.46927938,1.0873827,-1.1012499,0.2687418,-0.36851144,1,chr2:196068383:tibial_artery:1,TP,1
-1.7000567,0.61147124,1.9912356,0.6974418,1.1098788,0.2995777,0.7701171,-0.13753483,0.6288932,-0.23524982,0,chr17:75096523:transverse_colon:0,TN,0
-4.2865014,-2.7331343,-0.27739835,1.460592,-1.0278707,0.24359767,-0.24735008,-0.1862228,-0.13509293,0.15936676,0,chr7:28520166:body_of_pancreas:0,TN,0
0.05515899,-0.021105357,-1.6776356,0.44978598,0.3217037,0.3948502,0.08267148,0.2916786,0.59083635,-0.28281912,0,chr5:71856567:body_of_pancreas:0,TN,0
-1.5117866,0.44514072,-0.11849603,-2.015953,0.710309,1.0799123,-0.35819897,0.050894137,-0.45023587,-0.10586118,0,chr15:63122523:thoracic_aorta:0,TN,0
-4.3538537,-1.6439654,0.24005994,-0.42649063,0.079869226,0.017703816,-0.53004056,0.051638912,0.38543054,0.71936923,1,chr19:3618689:Peyers_patch:0,FN,0
-3.7765326,-2.098853,0.461636,1.8668101,-0.98531544,0.07644655,0.071797036,-0.37848935,0.416279,0.06261681,0,chr6:128518132:Peyers_patch:0,TN,0
5.71504,-0.039572842,-0.48049483,0.8942428,1.1664401,-0.726808,-0.6543893,-0.60874695,0.12722601,-0.64462906,1,chr12:130912953:prostate_gland:0,TP,1
1.7153772,-0.30800194,-1.9323492,-0.30613628,-0.9733644,0.6758101,-0.14925945,-1.0356002,0.23003241,-0.61896247,1,chr8:30230823:gastroesophageal_sphincter:0,TP,1
6.6258674,0.016264452,0.34037247,0.55257314,0.3068926,-0.7322628,-0.60708636,-0.0483653,-0.27145666,-0.2875272,1,chr12:8390645:prostate_gland:1,TP,1
-2.9374595,-1.8850185,-0.12382729,0.17490096,-1.2423053,1.136484,0.33771953,0.10340015,0.4973822,-0.21103406,0,chr6:134827157:body_of_pancreas:0,TN,0
-4.391213,-2.9665842,-0.72311884,-0.35093692,0.14700991,-0.19816686,-0.49657765,0.15017545,-0.06360031,0.4373329,0,chr7:155303541:upper_lobe_of_left_lung:0,TN,0
6.325227,-0.69844854,0.016741293,0.31036213,0.054202933,-0.48116463,-0.63077855,-0.41668054,-0.22027457,0.13010241,1,chr3:75785419:esophagus_muscularis_mucosa:0,TP,1
6.371135,-0.47837594,0.472097,0.11989949,-0.3940549,-0.56443363,-0.35888922,-0.49461615,-0.28989688,0.34887367,1,chr7:22550492:sigmoid_colon:0,TP,1
-2.4816115,-0.66692674,0.4346235,-1.6362114,-1.0826979,-0.32258564,0.53542864,-0.20948759,0.08603322,-0.32692817,1,chr11:1652791:tibial_artery:0,FN,0
-2.2514384,-0.70481443,0.26541516,0.46867782,-0.12005777,-0.06488338,-1.0291334,0.38589767,0.37783566,-0.0029869378,1,chr9:17531876:prostate_gland:1,FN,0
-1.3365858,0.8973856,0.6743598,-1.5824171,0.13354844,-0.42033228,-0.6546013,-0.6825483,0.3969932,-0.8467848,0,chr8:27592555:spleen:0,TN,0
-3.7480679,-1.6887583,-0.633224,0.37838355,0.7867058,-0.22920951,-0.026082616,-0.20227568,-0.57350594,0.06596384,0,chr2:16630547:spleen:0,TN,0
-3.546025,-1.5845498,-0.17653145,0.4510042,0.22767831,-0.291967,0.42526743,0.64046854,-0.2297665,0.14036502,0,chr6:166106112:testis:0,TN,0
-1.5316452,3.2532556,0.30906966,-0.3951264,0.044337954,-0.35123596,-0.880158,-0.21295436,-0.2590831,-0.3617352,0,chr5:178164512:Peyers_patch:0,TN,0
-2.9151719,-1.0706992,1.4493268,2.1937702,-0.49196735,0.39704627,-0.010000765,0.052841105,0.14000863,0.16201128,0,chr20:52243098:transverse_colon:0,TN,0
6.5208035,0.6868683,0.8367796,-0.03903923,-0.05325166,0.32329732,-0.29449183,0.75659734,-0.23587878,-0.079978354,1,chr5:151298414:thoracic_aorta:0,TP,1
1.1835582,1.9615538,-1.2324497,0.5521027,0.6905671,-0.10883145,1.0910115,2.051158,0.7511615,0.6915147,1,chr2:93976867:testis:0,FN,0
-2.4777598,0.32825947,1.2982607,-0.93671304,0.5516736,-0.08223139,-0.23943326,-0.1168441,0.8251681,0.1673425,0,chr9:89604122:sigmoid_colon:0,TN,0
1.2800063,0.5157394,-1.669887,0.560681,-0.0051412354,0.020452721,0.5565819,1.4847932,1.5374962,0.054389495,1,chr2:92401043:body_of_pancreas:0,TP,1
-1.917824,1.9423939,-0.59994537,-0.45940065,0.40304095,-0.78644854,0.28548825,-0.35143855,-0.1131743,-0.26345906,0,chr17:74791544:testis:0,TN,0
-3.1000469,-0.167296,0.8542046,1.0225899,-0.03013607,0.18401894,-0.4032945,-0.2780558,-0.87037814,0.031724695,0,chr7:105759869:Peyers_patch:0,TN,0
-3.0791707,-0.57056844,0.3449501,1.0733517,-0.9594513,-0.58887327,-0.64656806,-0.40546605,0.86756843,0.3106108,1,chr6:106223515:upper_lobe_of_left_lung:0,FN,0
6.672334,0.9152749,1.0783076,-0.0153145995,-0.69441104,-0.082493305,0.30053923,0.74510276,0.048834376,-0.2741438,0,chr9:62609408:transverse_colon:0,FP,1
-3.2701728,-1.069027,0.60412544,-1.6211714,0.41479212,-0.13411418,0.4815839,0.3226925,-0.40542132,0.3491392,0,chr11:119094768:thoracic_aorta:0,TN,0
1.2653279,-0.72283876,-0.08290305,0.10941396,1.2375818,0.36372614,0.036917463,-0.22728011,0.39509398,-0.11244393,1,chr14:77027452:esophagus_muscularis_mucosa:0,TP,1
-3.670936,-1.5752621,-1.4611014,-0.43741474,1.0549573,0.13290145,-0.19662648,0.35132173,-1.0065941,-0.0513792,0,chr2:47313392:transverse_colon:0,TN,0
-3.0791707,-0.57056844,0.3449501,1.0733517,-0.9594513,-0.58887327,-0.64656806,-0.40546605,0.86756843,0.3106108,1,chr6:106223515:thoracic_aorta:1,FN,0
6.3085318,1.1148409,0.30355385,0.65622145,-0.12704869,-0.6558307,0.12126254,1.1782598,-0.45467687,0.8320402,1,chr17:25564496:gastroesophageal_sphincter:0,TP,1
-3.751881,-0.4646944,1.2012365,0.8057341,-0.4150303,-0.10580205,-0.47554132,-0.10087948,-0.06026563,0.3949087,0,chr17:2982933:thoracic_aorta:0,TN,0
4.7655797,-1.6806833,-0.09891185,-0.9347848,0.38362256,0.82211196,-0.48961177,-0.42325795,0.07863778,0.22835205,1,chr9:42852316:testis:0,TP,1
-2.3873188,2.1147277,-1.0838404,-0.20996922,0.8154574,0.4836168,-0.54587305,-0.17431755,-0.14436808,0.14708944,0,chr6:36442445:transverse_colon:0,TN,0
1.4626923,2.492617,-0.54720265,-0.9048585,-0.9906528,0.23871979,1.81586,-0.77747965,-0.3401652,0.47227237,1,chr19:45427778:prostate_gland:1,TP,1
-3.0542836,-0.36983493,1.1200444,-0.3947596,0.35812595,-0.15850346,-0.38487524,-0.23523033,0.5553155,0.23863232,0,chr17:1191066:tibial_nerve:0,TN,0
5.719719,-0.33311185,0.15902776,0.19656219,0.30936286,-0.6484382,-0.51173204,-0.14637347,-0.036539845,-0.04044481,1,chr9:129437413:tibial_artery:0,TP,1
0.1787108,2.7772322,0.22523028,-1.7055745,-1.0909504,1.3521539,-0.6603173,0.11416217,-0.36436784,-0.53364766,1,chr9:83219889:tibial_artery:1,FN,0
4.7655797,-1.6806833,-0.09891185,-0.9347848,0.38362256,0.82211196,-0.48961177,-0.42325795,0.07863778,0.22835205,1,chr9:42852316:Peyers_patch:0,TP,1
-0.5176851,-1.0791707,0.96076345,-2.104289,0.93112665,-0.25817052,0.7802597,-0.6069372,1.0024269,0.67362887,1,chr4:41214657:thoracic_aorta:0,FN,0
-3.0168803,0.22204301,1.3953073,0.061782066,0.09510022,0.0046936846,-0.32980055,0.41385666,0.7044184,-0.0012201291,0,chr9:114397696:prostate_gland:0,TN,0
-3.012293,0.94482964,0.9943629,-0.44541237,-0.20195177,-0.54383117,-0.36395136,0.026753547,0.28500623,-0.15079701,1,chr7:91940814:gastroesophageal_sphincter:0,FN,0
-2.6317372,1.1969233,-1.5004563,0.6008798,0.7213455,0.002991289,-0.49300283,-0.68595105,0.42057076,-0.49725863,0,chr1:229154377:body_of_pancreas:0,TN,0
-3.5015666,0.15496443,0.059858814,-0.5559014,-0.00028653597,-0.6311757,-0.34655675,-0.3183571,-0.68109334,0.13762374,0,chr19:15125650:tibial_artery:0,TN,0
-3.1129737,1.4429997,0.020903168,-0.28700134,-0.8122905,-0.13853946,-0.9583213,0.078908026,-0.2394412,-0.5041968,1,chr6:82252284:prostate_gland:1,FN,0
-2.2358398,-0.38584,1.9207968,2.1512098,-0.022393582,0.83420444,0.43048802,-0.31234768,-1.0315562,-0.053035185,0,chr4:148845977:body_of_pancreas:0,TN,0
-2.1069584,0.5294997,1.3508945,0.53993124,0.35018197,0.22465166,-0.27284092,0.084188655,0.33679768,-0.30084524,0,chr2:20452905:esophagus_muscularis_mucosa:0,TN,0
1.770632,1.2141283,0.30519497,-0.85786724,-0.58435386,0.51526827,0.48809344,-0.2930926,0.37121108,0.11544797,1,chr5:35717910:testis:0,TP,1
-4.5679274,-2.080457,0.22198074,0.8482633,-0.57354945,-0.26648754,-0.684174,-0.15190373,0.5240373,0.55120146,0,chr20:17965942:transverse_colon:0,TN,0
-1.5308673,3.2017581,0.18013333,-0.18131441,-0.25533897,-0.05376936,-0.84400266,-0.24603862,-0.06791918,-0.60580873,0,chr1:31423083:spleen:0,TN,0
1.3100051,1.8653176,-0.75318,0.09682913,0.17030938,0.23113298,0.5455351,0.30412504,-0.5043698,0.22004889,0,chr2:88951719:body_of_pancreas:0,TN,0
-2.864429,0.1800861,1.4499911,-0.4207154,0.47099927,-0.3132917,-0.15153034,0.4783874,0.8687937,0.40138265,1,chr14:36662855:tibial_nerve:0,FN,0
1.7489328,-0.6191254,-1.0764713,0.026244488,-0.44410697,-0.48043266,0.35110804,-0.0431633,-0.026403101,-0.54328644,0,chr2:208133048:body_of_pancreas:0,FP,1
6.5403433,-0.27105138,0.20992798,0.50180125,-0.38569477,-1.0855789,-0.1217049,-0.17993122,-0.3056529,-0.0671379,1,chr17:22909996:thoracic_aorta:0,TP,1
1.2678307,0.61745954,0.50183994,-1.3275787,0.6378737,0.6183469,0.4385658,-0.25904632,0.30234715,0.44839874,1,chr4:80202223:body_of_pancreas:0,TP,1
-2.065664,2.0983486,-0.1510625,0.0350299,0.42295802,0.7136601,-0.25038508,0.045472894,-0.6555251,0.027200308,0,chr2:233098726:thoracic_aorta:0,TN,0
-1.1164625,-0.36585304,1.2730913,1.5967549,-0.4837887,0.82570505,0.89554554,-0.37453884,-0.91721636,-0.45443875,0,chr12:72346202:spleen:0,TN,0
-3.8885777,-1.6914455,0.3201032,1.2806371,-0.57136005,-0.08068622,-0.73444545,-0.16039361,-0.18980034,0.86151516,0,chr9:571961:body_of_pancreas:0,TN,0
-2.9992793,0.08138589,0.7773736,-0.9738315,0.22614919,-0.8296649,-0.12542646,0.267689,0.27402222,0.26407564,0,chr9:35096636:spleen:0,TN,0
-3.6887908,0.0503105,0.54595256,-0.90620387,-0.56279796,-0.16041912,-0.4977159,0.2481463,-0.2735112,-0.06637263,0,chr10:29449249:thyroid_gland:0,TN,0
-2.5064087,2.3260143,-0.8393686,-0.2810634,-0.5374381,-0.7961268,-0.3112884,-0.52082247,-0.07266105,-0.3899062,0,chr1:201878136:gastrocnemius_medialis:0,TN,0
-2.055664,2.5404718,-0.32363212,-0.19385208,0.25437102,-0.19443093,-0.86455685,-0.10568173,-0.48302326,-0.23986174,1,chr8:41651698:adrenal_gland:0,FN,0
4.303557,-0.55582565,-0.15201138,-0.14341304,0.07721033,0.22352247,0.08234643,0.3449441,-0.4116253,-0.57716167,0,chr6:33049449:body_of_pancreas:0,FP,1
-3.5447767,-0.8021828,0.8909344,-0.4001727,0.1699443,-0.49842015,0.090114824,0.05783636,-0.23778626,0.16118278,1,chr11:44617033:gastrocnemius_medialis:0,FN,0
-1.5518742,-0.5640474,0.74539083,-1.4679356,1.1412958,-1.2558956,0.9332481,-0.2966899,0.0018095154,0.4328428,0,chr18:13217897:esophagus_muscularis_mucosa:0,TN,0
2.3248239,-2.0934496,-1.4160234,-1.1690308,-0.16070646,1.3809518,-0.9853491,-0.42734748,-0.3243038,0.27938303,1,chr3:75723596:esophagus_squamous_epithelium:0,TP,1
-4.759679,-2.6539972,-1.2165916,0.80833286,-1.0182927,-0.18921153,-0.8965993,0.46651968,-0.40986586,0.19891644,0,chr15:62142956:body_of_pancreas:0,TN,0
-2.2305875,2.6493058,0.16881235,0.30529007,-0.16571394,-0.29082346,-1.2228541,-0.46193257,-0.29021174,-0.48436052,0,chr12:66270210:esophagus_muscularis_mucosa:0,TN,0
-2.991888,-0.87150294,0.93095094,1.5662912,-0.29930824,0.18989362,-0.7185071,-0.3749543,0.85236317,0.05771468,0,chr6:150418704:spleen:0,TN,0
-2.965185,1.1464901,-0.4128758,0.060684796,0.6416147,-0.09958854,0.66275156,-0.6781341,-0.9986163,0.35193834,0,chr7:5898694:adrenal_gland:0,TN,0
-1.9798094,1.4720528,-1.7339995,0.6426499,0.1710124,0.08272106,0.36237314,-0.07791813,-0.03200193,0.75210387,0,chr15:20318492:gastrocnemius_medialis:0,TN,0
-1.1116803,0.108671166,0.50254166,-0.18678044,0.01896217,1.153978,-0.09117419,0.5045418,0.11289776,-1.0414038,0,chr5:96807231:transverse_colon:0,TN,0
1.5190905,-0.6149248,0.05746601,0.5645974,0.17203838,0.15848753,0.5683507,-0.064571135,0.41590258,-0.684198,0,chr13:79497794:thoracic_aorta:0,FP,1
-1.8684423,1.157318,-0.005366314,0.8230514,-0.14202921,0.46760476,0.35496452,0.54613364,0.24173006,-0.55602354,0,chr1:203339672:gastroesophageal_sphincter:0,TN,0
-3.3712845,-2.2065258,-0.16444318,1.0449296,-0.021250198,0.23476498,-0.022371856,0.32164758,-0.8045547,0.2227203,0,chr11:114161288:prostate_gland:0,TN,0
-2.102813,-0.26192638,1.6937122,1.6586822,0.7970378,0.742022,0.30960125,-0.17198467,-0.5602597,-0.20093793,1,chr6:131199853:prostate_gland:1,FN,0
-4.1216674,-2.760569,-0.2840527,-0.83092093,0.54281634,-0.95851177,0.5903188,0.029062532,-0.7879632,0.7923308,1,chr9:33167269:upper_lobe_of_left_lung:0,FN,0
1.2176093,0.7245428,-1.017034,-0.6746651,0.29024962,0.4956295,0.719764,0.2518958,0.041566554,-0.21592133,0,chr5:79238863:body_of_pancreas:0,FP,1
-1.8208318,0.22716616,2.1403136,2.3215387,-0.15348093,0.4928034,0.17408748,-0.31807256,-0.41424388,0.255319,0,chr14:54652076:gastroesophageal_sphincter:0,TN,0
-2.8878982,1.3281348,-0.41525584,-0.107927725,-0.20406583,-0.72307926,-0.11971091,-0.69222695,-0.5487469,0.18649389,0,chr19:54200851:Peyers_patch:0,TN,0
-3.9063864,-0.28675795,0.61191535,-0.6146087,-0.4249545,-0.8427097,-0.8736019,0.13157253,0.1663792,0.42345673,1,chr9:97633155:esophagus_squamous_epithelium:0,FN,0
6.151238,1.497601,1.6517409,0.13050294,1.9777721,-0.5660046,1.2238383,0.33612147,-0.6722253,-1.0456687,1,chr4:1752766:transverse_colon:0,TP,1
5.1461926,-0.47240037,-0.61617607,0.8832785,0.5908723,0.6256575,-0.87043715,-0.07017095,0.24790622,-0.42991346,1,chr12:129503996:body_of_pancreas:0,TP,1
-1.3480088,-0.5375516,1.4554267,0.11116299,0.1656206,0.5916941,0.5056985,-0.22267869,0.8382574,-0.7556567,1,chr19:36838128:sigmoid_colon:0,FN,0
6.6560125,0.19078955,0.215341,0.69071203,-0.27128804,-1.0877428,-0.0210669,-0.019522954,-0.30808276,0.16027594,1,chr17:23044492:tibial_artery:0,TP,1
-3.0975556,-2.8284614,-1.3103286,1.0047135,-1.2324613,-0.015831614,0.77834016,0.2036572,0.5605758,-0.36972764,1,chr11:85826144:sigmoid_colon:0,FN,0
1.9785969,-0.9843481,0.28907484,-0.19969156,0.7577677,0.49467057,0.97581166,-0.33495113,-0.6925854,0.08146071,0,chr8:6863879:body_of_pancreas:0,FP,1
-3.0321927,-0.33319736,1.6833372,1.7210599,-0.15656577,0.21080512,0.21898814,-0.099275894,0.19913349,0.09503271,0,chr3:107680314:thoracic_aorta:0,TN,0
-3.0223222,0.5581789,0.3779528,0.2995799,-0.047287703,0.52109545,0.14661406,-0.30099773,-0.4879957,-0.46295172,1,chr8:38863037:tibial_nerve:0,FN,0
-3.5323958,-1.6666063,1.006638,1.3220159,0.10086239,0.09263512,0.17966032,-0.051776197,-0.660788,0.4036725,1,chr2:172465936:Peyers_patch:0,FN,0
3.913846,-2.39338,-0.7628578,-0.5805505,-0.52963626,0.7632593,-0.584952,-0.087756224,-0.3378796,-0.7686419,1,chr7:142463889:body_of_pancreas:0,TP,1
4.121945,0.4979665,-0.076746486,-0.3754986,-0.49856362,-0.8988596,1.6188297,-0.4824903,-0.37916648,-0.03657596,0,chr5:42909187:esophagus_muscularis_mucosa:0,FP,1
-1.4243664,2.2790413,1.1371961,0.30761024,0.53151137,0.6442721,-0.90913343,0.22962639,0.23809437,-0.37911257,1,chr21:37712460:suprapubic_skin:0,FN,0
5.9684305,-0.086345784,0.56549746,-0.58842564,-0.046993416,0.4607495,-0.07431773,-0.27322033,0.051607482,1.117907,1,chr15:79896760:tibial_nerve:0,TP,1
2.050456,-1.3435851,0.83329797,-2.5325358,0.110618435,0.18273686,0.5200366,-0.3864122,-0.03057313,-0.070690304,0,chr4:86892075:body_of_pancreas:0,FP,1
-2.4816115,-0.66692674,0.4346235,-1.6362114,-1.0826979,-0.32258564,0.53542864,-0.20948759,0.08603322,-0.32692817,1,chr11:1652791:gastrocnemius_medialis:0,FN,0
-3.1258547,-0.9207943,-0.6704516,0.59845084,-0.026914446,0.33206382,0.6004629,0.23782581,0.1924892,-0.405236,0,chr5:75050124:thoracic_aorta:0,TN,0
6.1421647,0.14585958,0.69419986,-0.31948262,-0.43469435,0.25825176,-0.0985454,0.47707692,-0.48468813,0.1824137,1,chr11:60251676:prostate_gland:1,TP,1
-2.2614355,-1.5842925,0.73128045,-1.6734651,1.704021,-0.3411903,0.7893249,0.18422428,-0.2327228,0.5380386,0,chr11:569029:upper_lobe_of_left_lung:0,TN,0
6.672334,0.9152749,1.0783076,-0.0153145995,-0.69441104,-0.082493305,0.30053923,0.74510276,0.048834376,-0.2741438,1,chr9:62609408:esophagus_squamous_epithelium:0,TP,1
-3.71547,0.5100711,0.06511311,-0.37054867,-1.1006167,-0.78810173,-0.36709607,0.20417745,0.20059586,-0.2615219,1,chr20:56171080:upper_lobe_of_left_lung:0,FN,0
-3.476643,-0.17689228,0.16304104,-0.09881003,-0.3836744,-0.37447312,-0.4317355,0.23684946,0.031962745,-0.08452856,1,chr4:119212065:thoracic_aorta:0,FN,0
-4.045281,-0.9735948,0.09308176,0.08271047,-0.67039675,-0.11183133,-0.4338539,0.29417625,0.38247895,0.1687238,0,chr8:10838800:tibial_artery:0,TN,0
6.1421647,0.14585958,0.69419986,-0.31948262,-0.43469435,0.25825176,-0.0985454,0.47707692,-0.48468813,0.1824137,1,chr11:60251676:sigmoid_colon:0,TP,1
6.342216,-0.3202458,0.2527768,0.5220702,-0.080904365,-1.2090663,-0.3654673,-0.35400912,-0.35288018,-0.0922018,1,chr11:47642443:prostate_gland:0,TP,1
-3.5934784,-1.6814415,-0.4734381,0.55144036,0.23443583,-0.20822553,-0.8520419,0.76875246,-0.55499977,0.23042212,0,chr4:119490751:Peyers_patch:0,TN,0
-1.934471,2.4484231,0.6666338,-0.7682244,0.24942197,-0.0850044,-0.8439895,-0.04609642,0.13520876,-0.43773067,0,chr3:197510147:tibial_artery:1,TN,0
4.52073,-2.3127553,-0.9930046,-0.09090433,-0.13725449,-0.71727425,-0.19187413,-0.24055132,-0.3203974,-0.18309498,1,chr12:121918386:gastrocnemius_medialis:0,TP,1
-1.8159796,1.6713381,-1.8417209,0.831506,0.6755965,-0.07573857,-0.2869348,-0.028733721,0.015825564,0.35262206,0,chr8:124392434:body_of_pancreas:0,TN,0
-2.055664,2.5404718,-0.32363212,-0.19385208,0.25437102,-0.19443093,-0.86455685,-0.10568173,-0.48302326,-0.23986174,1,chr8:41651698:spleen:1,FN,0
-2.6984615,-0.74757606,0.35264862,-0.73499674,1.0569366,-0.29959026,-0.34780702,-0.16490105,1.1000925,0.3898744,0,chr2:232440415:adrenal_gland:0,TN,0
-3.4522383,-0.23213018,0.9287588,-0.92483056,0.654371,-0.53849906,-0.28022626,-0.037901487,0.11965852,0.21215427,1,chr4:41216758:suprapubic_skin:0,FN,0
5.2258325,1.4724935,0.89172053,-1.0929096,-1.4290394,1.3400828,0.040239498,0.6410794,-0.2708433,0.7914916,1,chr6:43386692:body_of_pancreas:1,TP,1
-3.8179533,-0.39883667,0.44929639,0.3733744,-0.77201355,0.22333387,0.15434551,0.021691758,-0.51233387,-0.18883826,0,chr19:43104227:upper_lobe_of_left_lung:0,TN,0
-3.105359,-0.5864668,1.2033151,1.6068354,-0.5851151,0.2679077,-0.53663003,-0.14438699,0.41530338,0.509624,0,chr13:48584740:body_of_pancreas:0,TN,0
-2.8104544,0.0034728416,1.3592341,0.65002126,-0.57661414,0.25299555,0.69038755,0.19340332,0.43713588,-0.42659545,1,chr17:45099253:tibial_nerve:0,FN,0
-3.715192,-0.5204085,0.46586958,1.2016089,-0.6791178,0.58871526,0.3536544,0.25281024,-0.3343576,-0.04714322,1,chr20:53656240:sigmoid_colon:0,FN,0
5.5271177,-0.82938117,-0.10484261,-0.20236754,0.3904721,-0.17876129,-0.3818643,-0.48101962,-0.55034757,0.07206285,1,chr20:26208998:upper_lobe_of_left_lung:0,TP,1
4.032107,-0.34393346,-0.22188886,-0.33722508,-0.30252793,1.3644681,-0.65884465,1.0275513,-0.12406205,-0.018394152,1,chr10:96641123:transverse_colon:1,TP,1
-4.3083143,-0.47762483,0.020594096,0.3030173,-1.0464042,-0.6258257,-0.5825196,-0.23145698,-0.1836192,0.104740314,1,chr6:32622456:esophagus_squamous_epithelium:0,FN,0
-1.317623,2.7473824,-0.61879194,0.009967735,0.14950687,0.06873373,-1.2733805,-0.45263505,0.009056832,-0.3435381,0,chr19:2391652:esophagus_squamous_epithelium:0,TN,0
-2.4816115,-0.66692674,0.4346235,-1.6362114,-1.0826979,-0.32258564,0.53542864,-0.20948759,0.08603322,-0.32692817,1,chr11:1652791:gastroesophageal_sphincter:0,FN,0
-2.2834978,-2.1833704,0.16795683,-0.24385141,0.5641585,0.66408134,0.07715834,0.6486049,0.60481864,-0.6126262,1,chr6:169655219:upper_lobe_of_left_lung:0,FN,0
-3.88157,-1.772004,-0.3696795,0.56107455,-0.81138027,-0.13825762,0.13655333,0.24946004,-0.05755491,-0.14691181,0,chr6:134822829:gastrocnemius_medialis:0,TN,0
2.9202096,0.14296493,0.9150818,-1.8554904,-0.41881362,1.6706716,0.3407644,0.16318785,0.14736941,-0.41530588,0,chr6:110040130:spleen:0,FP,1
0.45811555,0.30740395,-1.3510909,0.35541448,0.29808044,-0.9048539,1.4679246,-0.94167423,-0.3156689,0.5418561,1,chr14:19633120:gastroesophageal_sphincter:0,TP,1
-3.314201,0.43142223,-0.5466723,-0.46619108,-0.73543257,-0.5965179,-0.47003463,-0.03396282,0.19743551,-0.13449207,0,chr9:6585116:prostate_gland:0,TN,0
-2.6856513,2.0583723,0.051024243,-0.5385731,-0.49664208,-0.41196594,-1.076304,-0.22752845,-0.22422503,-0.44452253,0,chr2:113288980:upper_lobe_of_left_lung:0,TN,0
-1.615177,0.56028986,1.3362975,1.372892,0.17436163,0.97277623,0.28163993,-0.46275994,-1.1928333,-0.1429385,0,chr1:207065073:upper_lobe_of_left_lung:0,TN,0
1.1835582,1.9615538,-1.2324497,0.5521027,0.6905671,-0.10883145,1.0910115,2.051158,0.7511615,0.6915147,1,chr2:93976867:transverse_colon:0,FN,0
4.032107,-0.34393346,-0.22188886,-0.33722508,-0.30252793,1.3644681,-0.65884465,1.0275513,-0.12406205,-0.018394152,1,chr10:96641123:spleen:1,TP,1
-0.47400308,1.7448171,-0.41467133,0.16908377,0.2525033,-0.10780323,0.18404727,-0.74071467,-0.42834964,-0.2761915,0,chr10:29517575:spleen:0,TN,0
-1.85257,1.0557238,-0.5554613,1.36872,0.5730565,0.46884608,0.7240689,-0.4003777,-0.44010943,0.7180295,0,chr7:76299979:body_of_pancreas:0,TN,0
5.9122586,-0.04331593,0.030096404,0.5676352,0.8019669,-0.660101,-0.43868664,0.5494269,-0.11687808,-1.0728161,1,chr19:1037869:adrenal_gland:0,TP,1
-2.055664,2.5404718,-0.32363212,-0.19385208,0.25437102,-0.19443093,-0.86455685,-0.10568173,-0.48302326,-0.23986174,1,chr8:41651698:thoracic_aorta:1,FN,0
-0.5376533,1.8123566,-2.0400784,0.14902785,0.522306,1.2944454,-0.50229025,0.06791751,-0.23952726,0.46247956,0,chr12:121711004:body_of_pancreas:0,TN,0
6.877429,0.046417132,0.62968266,0.2392281,-0.18503653,-0.37764516,-0.2740827,0.21500437,-0.05595636,0.1852011,0,chr9:42974893:transverse_colon:1,FP,1
5.5443425,-1.3000529,-0.19769046,-0.013144729,0.3071591,0.27226648,-0.8518913,-0.37026983,0.12151706,0.041233115,1,chr3:75785357:adrenal_gland:0,TP,1
-3.6542144,-1.2971901,0.45704466,0.7925208,0.5984872,0.46743995,0.54924816,-0.13358012,-1.0036306,0.29896417,1,chr5:308944:prostate_gland:0,FN,0
2.6700556,-0.33740497,-0.5634704,-0.9139224,-0.34613198,-0.030195938,0.84913045,-0.19293332,0.24039456,0.3938552,1,chr12:127060663:transverse_colon:0,TP,1
-2.849852,-0.8751346,0.17286597,0.7832648,0.5106023,-0.039409164,-0.20842639,-0.12718277,-0.5428779,0.1674613,0,chr21:31866487:spleen:0,TN,0
1.910864,-0.93970346,-0.25094876,0.54067653,-0.8565837,0.38998505,1.5158468,0.31563494,1.1757123,-1.0972552,1,chr6:53956277:adrenal_gland:0,TP,1
-3.393962,0.9272837,0.18307318,-0.607107,0.4047792,-0.3719684,-0.0517576,-0.016527442,0.047856394,0.13594647,0,chr2:74465519:upper_lobe_of_left_lung:0,TN,0
-2.3574266,1.4110647,0.3818037,-1.2640016,-0.7714299,-0.76109976,-0.034647565,-0.14478032,-0.0005749958,-0.22493939,0,chr6:24721068:body_of_pancreas:0,TN,0
3.1557398,2.2368965,-0.14184567,0.19218804,-0.28610834,0.7640619,0.19070709,1.5426714,-0.48328084,1.2313629,1,chr12:36028102:testis:0,TP,1
6.7809134,0.5447033,1.055917,-0.0043691783,-0.8759434,-0.33368704,0.19232923,0.4097382,-0.30159855,0.55293506,0,chr15:21284673:tibial_artery:0,FP,1
5.316351,-1.6196285,-0.12898335,-0.19090496,-0.43402997,0.34230033,-0.3580732,-0.14673313,0.12018393,-0.30901772,1,chr6:29705705:sigmoid_colon:0,TP,1
-4.009729,-1.7587314,-0.5296192,-1.2476822,-0.09993137,-0.8631823,0.34439927,0.16437727,-0.5986209,0.5605735,1,chr16:1773442:body_of_pancreas:0,FN,0
-2.548472,0.040430132,1.7853047,1.6679853,0.07496912,0.49352142,0.22849526,-0.20810968,-0.87961566,0.26516676,0,chr14:106062065:sigmoid_colon:0,TN,0
-2.0366235,-2.0103958,1.1476955,0.39105508,0.37302288,1.6250166,0.5667773,-0.629755,-0.051019114,-0.19971004,0,chr20:34537135:Peyers_patch:0,TN,0
3.7018442,-0.47986257,-0.23413141,0.05328591,0.547903,1.0368654,0.005744298,0.58188206,0.346525,-0.9198491,1,chr15:31200859:adrenal_gland:0,TP,1
-1.0879669,-0.2806216,-1.3028502,1.1169939,-0.75709546,0.8486476,0.23201467,-0.21798551,0.3976585,0.4892803,1,chr5:123274158:gastroesophageal_sphincter:0,FN,0
-3.7186189,0.6781928,-0.029676164,-0.9371169,0.16306077,-0.5077922,-0.6998772,0.21678661,-0.23184057,0.24800192,0,chr19:41564934:upper_lobe_of_left_lung:0,TN,0
-2.9122818,0.7192331,1.275366,0.16148134,0.01885948,-0.6170966,0.039896056,-0.056292865,-0.22078314,0.045522258,1,chr10:84139494:tibial_artery:0,FN,0
-2.0271535,0.019129122,0.85006815,-1.6504054,0.8837763,0.4734163,-0.06302951,0.104452565,0.39392725,0.00010314871,0,chr16:14302579:upper_lobe_of_left_lung:0,TN,0
2.4101691,0.24627289,-1.5036991,1.0066358,1.1449302,-0.22951081,-0.2005684,1.5440843,1.2053047,0.5264925,0,chr9:43171156:spleen:0,FP,1
6.3376412,-0.015696133,0.6242862,-0.25069606,-0.6837892,0.27585003,-0.15446319,0.18230116,-0.2276084,0.50744206,1,chr17:43360096:testis:0,TP,1
-0.9359474,1.4356605,-1.0781789,-0.20185979,-0.2789835,0.2548723,-0.13172926,-0.16967396,-0.8092487,-0.41289717,0,chr8:73657304:prostate_gland:0,TN,0
5.114878,1.3245621,0.10690549,0.2417167,-0.5583088,-0.7794825,0.4768589,0.8330161,-0.10678705,0.73783046,1,chr3:92379347:transverse_colon:0,TP,1
-3.5842004,-0.5430309,1.2232461,1.187349,-0.39921674,-0.13267611,-0.26880524,0.08243834,-0.67724437,0.5079669,0,chr18:58181020:gastroesophageal_sphincter:0,TN,0
5.7432413,0.06548706,-0.43457675,0.9579522,0.9594144,-0.7832666,-0.5549342,-0.34632447,0.49499652,-0.62858295,1,chr15:77077965:gastrocnemius_medialis:0,TP,1
4.1804495,-1.5153769,0.040559363,-1.4286044,-0.10489401,0.52914816,-0.03784396,0.02106962,0.0347856,0.3153451,0,chr5:138352584:esophagus_squamous_epithelium:0,FP,1
-4.5345283,-2.7690852,-0.6642888,0.22914296,-0.5198615,0.065208234,-0.33759087,0.4695551,-0.60928416,0.29178238,0,chr15:65304945:upper_lobe_of_left_lung:0,TN,0
4.7803125,-0.94467473,-0.86736774,0.58359474,0.19579284,0.015647214,-0.24732438,-0.43190533,0.72488755,-0.091124035,1,chr1:91927192:adrenal_gland:0,TP,1
-3.018294,-2.2074602,-0.2507094,0.5599203,-0.80001587,0.7309226,0.74139553,-0.1631437,0.5998876,-0.41252944,0,chr9:83372621:body_of_pancreas:0,TN,0
-3.3790529,-0.8026507,-0.038655456,-0.64507395,-0.19549043,0.0754478,-0.47770393,1.0146205,-0.47043085,-0.07097935,1,chr9:83219701:body_of_pancreas:0,FN,0
5.3839393,-0.47688234,-0.24106696,0.3105699,0.007745513,-0.78463984,-0.2055526,0.658445,-0.2954421,0.087389916,1,chr14:30690707:transverse_colon:1,TP,1
-2.6306741,0.56966335,0.09264997,-1.7828218,1.0148021,-0.6831935,-0.30095956,9.155949e-05,0.042993188,0.40080616,0,chr7:1138328:esophagus_muscularis_mucosa:0,TN,0
-1.5554198,1.8971428,-0.23225515,0.9438975,0.7603019,-0.05327106,-0.2452712,-0.08708363,0.5172551,-0.11639851,0,chr10:87203579:omental_fat_pad:0,TN,0
-2.1363776,-2.4414186,-0.4902771,-1.5520266,-0.46270004,0.087097086,-0.44649768,0.19543909,-0.20546186,-0.32565296,0,chr1:16741094:upper_lobe_of_left_lung:0,TN,0
5.719719,-0.33311185,0.15902773,0.19656219,0.30936244,-0.64843774,-0.51173156,-0.14637397,-0.036540385,-0.040445227,1,chr9:129437413:body_of_pancreas:0,TP,1
6.6258674,0.016264452,0.34037268,0.5525726,0.30689198,-0.73226285,-0.60708594,-0.04836541,-0.2714572,-0.28752673,1,chr12:8390645:thyroid_gland:0,TP,1
-1.4101579,-1.4115983,1.0304656,-0.8217575,2.0191188,-0.06967605,1.3942126,0.21074018,-0.45720628,0.58349603,1,chr8:28701937:tibial_nerve:0,FN,0
5.9122586,-0.04331593,0.030096404,0.5676352,0.8019669,-0.660101,-0.43868664,0.5494269,-0.11687808,-1.0728161,1,chr19:1037869:thoracic_aorta:0,TP,1
-0.46023363,2.001226,-1.4027641,0.06271265,0.05340108,-0.3013421,1.1793511,-0.88860816,-0.27985054,0.806782,1,chr16:2874817:Peyers_patch:0,FN,0
-1.7287035,3.0854805,0.41840294,0.23685782,0.23063186,0.14291723,-0.9088396,-0.65475965,0.17015271,-0.61607087,1,chr10:14543432:tibial_artery:0,FN,0
-3.7575865,-0.41157854,-1.4921883,-0.22031017,-0.8751228,-0.034031235,-0.5599107,0.55285454,-0.015164301,-0.21529137,1,chr16:75402814:body_of_pancreas:0,FN,0
3.7628887,-0.10592952,-0.94108796,0.026233539,-0.88462305,0.7314465,-0.254999,-1.0662771,-0.11674082,1.6115788,1,chr7:73725711:gastrocnemius_medialis:0,TP,1
-4.153124,-1.13547,0.1954694,-0.52000415,-0.31685397,-0.8784592,-0.7500359,0.18961295,0.57350105,0.50973356,0,chr14:69818942:esophagus_squamous_epithelium:0,TN,0
-4.1673784,-1.6644752,-1.2973657,0.08195315,-0.32760236,-0.30235177,0.12024363,0.3016108,-0.2521197,0.42377073,1,chr2:180255876:body_of_pancreas:0,FN,0
6.6560125,0.19078955,0.215341,0.69071203,-0.27128804,-1.0877428,-0.0210669,-0.019522954,-0.30808276,0.16027594,1,chr17:23044492:thyroid_gland:0,TP,1
-2.0598497,1.440002,-1.9530852,0.16384833,0.56054556,0.3849543,-0.19540595,-0.088054396,-0.11928478,0.23482314,0,chr6:79693099:body_of_pancreas:0,TN,0
-3.1045024,1.7428758,0.06702571,-0.582375,-0.5619035,-0.43949786,-1.0555226,0.07556635,-0.3098782,-0.5027,0,chr7:4479690:upper_lobe_of_left_lung:0,TN,0
-3.2598019,-1.2130678,0.6722315,1.8104067,-0.33354604,0.42308518,0.5192734,-0.37014392,-0.99958634,0.43114993,0,chr2:71072083:upper_lobe_of_left_lung:0,TN,0
-3.1117404,-1.2436844,0.99799645,1.7580739,-0.119857326,0.50252616,0.08789141,-0.176826,0.123993754,0.13067268,0,chr4:104860777:thoracic_aorta:0,TN,0
-1.2860533,3.2790904,-0.35028905,0.010933538,0.022814319,-0.07522997,-1.0261288,-0.36618292,-0.19216378,-0.5059226,0,chr3:32144516:tibial_artery:0,TN,0
-3.4718797,-1.1688269,-0.3049548,-1.1301731,-0.18378143,-1.252866,0.2044083,0.110026576,-0.098936476,-0.025893642,1,chr6:39725494:gastrocnemius_medialis:0,FN,0
-2.0768192,0.3551563,0.16981572,0.61284614,-0.9667194,-0.15306409,0.9912055,-0.15470552,1.0048186,-0.65870154,0,chr6:143818426:sigmoid_colon:0,TN,0
-0.955782,2.841347,-1.0827256,0.002684616,1.2196532,1.091447,-0.20652466,0.24650589,0.17163026,-0.30553576,1,chr21:27759341:body_of_pancreas:0,FN,0
5.6233983,-1.0917459,-0.3372686,0.35359526,0.33450353,-0.5285691,-0.6512174,0.10768417,-0.22538924,-0.71102446,1,chr6:169968986:body_of_pancreas:0,TP,1
-3.292106,-0.42807204,1.2554777,1.0604247,0.21370225,-0.028897224,-0.39584416,-0.55451596,-0.15904722,0.37850028,0,chr5:32490176:thoracic_aorta:1,TN,0
6.325227,-0.69844854,0.016741293,0.31036213,0.054202933,-0.48116463,-0.63077855,-0.41668054,-0.22027457,0.13010241,1,chr3:75785419:spleen:1,TP,1
6.664995,-0.19422686,0.3570304,0.21528257,-0.039623093,-0.5658477,-0.354517,-0.33028904,-0.3994974,-0.09462845,1,chr3:75785609:prostate_gland:0,TP,1
4.101653,-1.5609549,-0.9272514,0.67300904,-0.5445899,-0.50247365,0.5865536,-0.7535568,0.4619747,0.37960875,1,chr18:39262464:body_of_pancreas:0,TP,1
4.920801,2.7845204,0.8242768,0.31105554,-0.761973,-0.5235407,1.027366,0.3278776,-0.2194028,1.2107353,1,chr11:121379406:body_of_pancreas:0,TP,1
-2.347992,1.9164869,-1.2588688,0.27751642,0.37608427,0.05406693,0.26271072,-0.34823394,-0.368815,0.08784914,1,chr2:38555382:Peyers_patch:0,FN,0
-2.1603267,0.61478394,1.0800128,0.11117666,0.5650223,0.53030586,0.64610964,0.49605623,-0.50786453,-0.4288045,0,chr10:17201351:prostate_gland:0,TN,0
-0.48925376,1.5707238,-1.7781453,0.78259027,1.0665169,0.12238571,0.10589824,-0.3167884,0.33539265,0.6624604,0,chr15:99104308:thoracic_aorta:0,TN,0
-3.3717384,0.26596692,1.2701616,-0.6218756,0.39137885,-0.96386874,-0.20325993,-0.089040354,0.01923899,0.30448398,0,chr14:77800247:esophagus_muscularis_mucosa:0,TN,0
-2.055664,2.5404718,-0.32363212,-0.19385208,0.25437102,-0.19443093,-0.86455685,-0.10568173,-0.48302326,-0.23986174,1,chr8:41651698:tibial_artery:1,FN,0
-2.4816115,-0.66692674,0.4346235,-1.6362114,-1.0826979,-0.32258564,0.53542864,-0.20948759,0.08603322,-0.32692817,1,chr11:1652791:tibial_nerve:0,FN,0
-2.746358,0.97917074,-1.5678002,-0.063901715,0.31404665,-0.34371245,0.1853149,-0.50302905,-0.29530272,0.063817106,0,chr17:57597696:body_of_pancreas:0,TN,0
-1.339531,2.0108762,-0.9809233,0.55353403,0.64429384,0.48282656,-0.16441524,0.42679596,0.45020017,0.0004899448,0,chr8:26291122:prostate_gland:0,TN,0
3.9403694,0.5067761,0.0026651758,-0.15742168,0.1386362,1.449378,-0.5530859,-0.5483075,0.6438854,2.1553802,1,chr19:21484173:body_of_pancreas:1,TP,1
-2.0152152,0.117368825,0.8133,1.090526,-0.39533243,-0.6611413,-0.41452873,0.15519652,1.2741288,-0.081294455,0,chr10:59705954:body_of_pancreas:0,TN,0
-1.5633757,1.1840444,2.4026597,0.96307296,0.77446866,0.5225945,0.7136512,-0.35221297,0.26298934,0.010641621,0,chr19:3336819:adrenal_gland:0,TN,0
-3.4720275,-2.2330287,-1.0833412,-1.19403,0.7582417,-0.63817745,0.3538045,0.32943305,-0.28373736,0.66565657,1,chr2:101253125:body_of_pancreas:0,FN,0
-2.8989575,0.18882369,0.90063757,-1.2185065,-0.026200624,-0.45217535,-0.5342739,0.29535666,0.22026657,0.1286665,0,chr12:46268701:transverse_colon:0,TN,0
-1.5090055,0.8753641,0.49891853,-1.6378175,0.7922029,0.07420327,0.02175783,0.045939147,0.06197601,-0.13787714,1,chr9:128922556:tibial_nerve:0,FN,0
-1.755357,-1.9743412,-0.65264803,-0.017805496,-0.5526073,1.2119302,0.39889997,0.29002753,0.4401599,-0.2534715,0,chr9:70510308:transverse_colon:0,TN,0
-3.9374216,-0.20588751,0.39699104,-1.0881696,0.1027147,-0.60194105,-0.55514705,-0.044823628,-0.18028213,0.1990227,0,chr19:9435674:suprapubic_skin:0,TN,0
2.9462473,-0.2839722,0.05975006,-0.19141795,1.8395156,-0.53440154,-0.02867618,0.09542265,-0.744459,-0.570668,0,chr6:31271600:body_of_pancreas:0,FP,1
5.9514217,0.46913412,0.39074054,0.5765434,0.85053444,-0.46380332,-0.17785804,0.18259314,-0.1235676,-0.38145187,1,chr16:85086903:esophagus_muscularis_mucosa:0,TP,1
-2.086165,0.28984085,-0.011318588,-2.2072585,1.2431109,0.25788772,-0.2986637,-0.09921724,-0.047672827,-0.32441035,0,chr19:35717320:thoracic_aorta:0,TN,0
6.664995,-0.19422686,0.3570304,0.21528257,-0.039623093,-0.5658477,-0.354517,-0.33028904,-0.3994974,-0.09462845,1,chr3:75785609:sigmoid_colon:0,TP,1
-3.8681867,-0.8211244,0.032439884,-1.4614786,0.15624057,-1.021047,0.056420565,0.21327193,-0.010855466,0.37912238,0,chr22:50563002:omental_fat_pad:0,TN,0
-3.1116316,0.08807663,1.1983856,0.43594673,0.9201299,0.005603234,0.03351736,-0.13581604,0.07383541,0.2525122,0,chr17:21765869:body_of_pancreas:0,TN,0
3.7018442,-0.47986257,-0.23413141,0.05328591,0.547903,1.0368654,0.005744298,0.58188206,0.346525,-0.9198491,1,chr15:31200859:body_of_pancreas:0,TP,1
-2.4374106,-1.3214936,0.58457136,-1.6247429,0.9925066,-0.54194534,0.1538429,0.045671236,0.068554945,0.6040182,0,chr19:9914785:gastroesophageal_sphincter:0,TN,0
-3.014185,1.8596516,-0.033264406,0.20351651,0.16245988,-0.11399357,-0.75575876,0.03654458,0.3198813,-0.12316012,0,chr5:122516551:body_of_pancreas:0,TN,0
4.52073,-2.312753,-0.9930049,-0.09090343,-0.13725463,-0.7172739,-0.19187328,-0.2405493,-0.32039678,-0.18309674,1,chr12:121918386:prostate_gland:1,TP,1
-2.1075437,1.5131608,0.15541416,-0.04466193,1.1063783,-0.41268274,-0.6416611,-0.7625844,0.22188589,0.37236455,0,chr19:15641086:Peyers_patch:0,TN,0
4.4621453,-0.6710368,0.1492999,-0.5972443,0.4490136,0.33176085,0.025140276,1.0603703,-0.5840507,-0.90282255,1,chr7:63015786:thoracic_aorta:0,TP,1
-2.1585214,-1.0017607,0.73483443,0.30250636,1.017196,-0.021311995,0.6121318,0.72812116,-1.1002419,-0.035177678,1,chr3:9862475:gastroesophageal_sphincter:0,FN,0
-2.0278554,0.38619828,1.5719165,0.9936968,-0.3232385,0.6509268,0.62650126,-0.49393243,-0.94441867,-0.5696635,0,chr14:91286688:spleen:0,TN,0
-3.757587,-0.41158026,-1.4921901,-0.22031094,-0.8751238,-0.034031253,-0.55991024,0.55285376,-0.0151650375,-0.21529141,0,chr16:75402814:esophagus_muscularis_mucosa:0,TN,0
-3.7798362,-2.1227863,0.08537045,-0.1342964,1.0352899,0.47410575,0.81815463,-0.17898443,-0.6762057,0.46636635,1,chr9:33447548:transverse_colon:1,FN,0
5.2258325,1.4724963,0.89172167,-1.0929091,-1.42904,1.3400834,0.040241897,0.6410802,-0.2708434,0.79149234,1,chr6:43386692:prostate_gland:0,TP,1
5.793759,0.23800911,1.0027106,-0.8141528,-0.63320595,0.12564006,0.28874794,0.26467863,-0.49417555,-0.08767689,1,chr19:47436804:prostate_gland:0,TP,1
-0.6556385,1.8846635,1.2641529,0.7654658,1.4274548,0.81821936,-0.42155617,0.0548387,0.57770693,-0.6397219,1,chr16:21935488:esophagus_squamous_epithelium:0,FN,0
-3.8794913,-0.1481949,0.42890343,1.0027338,-0.61425287,-0.41365287,-0.94130373,-0.020407286,0.23917624,0.34474158,0,chr21:21374306:adrenal_gland:0,TN,0
-2.1293428,1.45982,-1.1325132,0.021168372,0.5453596,0.6484442,-0.3640251,0.12347397,0.17482327,0.15253836,1,chr1:244014970:body_of_pancreas:0,FN,0
1.1835595,1.961556,-1.2324486,0.55210274,0.69056624,-0.10883201,1.0910122,2.0511587,0.75116104,0.6915143,1,chr2:93976867:spleen:0,FN,0
-2.5149915,1.7141306,-1.8111917,0.8232079,0.5813128,0.3617454,-0.5405272,0.090540715,0.5118496,0.64151525,0,chr2:34554861:upper_lobe_of_left_lung:0,TN,0
-2.102814,-0.26192835,1.6937112,1.6586809,0.79703814,0.7420216,0.30960196,-0.17198505,-0.56026065,-0.2009382,1,chr6:131199853:spleen:0,FN,0
3.6401846,-1.8255998,-0.86722064,-0.15767512,1.5349371,-0.21856514,-0.3518307,0.06699777,-0.192773,-0.54868317,0,chr22:50278050:esophagus_squamous_epithelium:0,FP,1
-2.4529908,0.7637774,-0.7489559,-0.07246596,0.12717146,0.38766328,-0.15715005,0.3642016,-0.35829413,-0.013967502,0,chr4:119300029:gastroesophageal_sphincter:0,TN,0
4.3278103,-0.4849393,0.16214444,-0.06589914,-0.63280255,-0.6704085,0.999546,-0.6137317,0.12897806,-0.85517544,1,chr1:15128695:esophagus_squamous_epithelium:0,TP,1
5.959428,-0.7566817,0.22227572,-0.37720188,-0.23449427,0.28436816,-0.5717494,-0.15190606,-0.2946778,0.2708261,1,chr17:45585364:prostate_gland:0,TP,1
6.6560125,0.19078955,0.215341,0.69071203,-0.27128804,-1.0877428,-0.0210669,-0.019522954,-0.30808276,0.16027594,1,chr17:23044492:gastrocnemius_medialis:0,TP,1
5.959428,-0.7566817,0.22227572,-0.37720188,-0.23449427,0.28436816,-0.5717494,-0.15190606,-0.2946778,0.2708261,1,chr17:45585364:body_of_pancreas:1,TP,1
5.9029365,-0.15541224,-0.20606816,0.6768242,-0.1105379,0.31588975,-0.03401782,0.07830653,0.13038644,0.2822821,1,chr19:8905403:body_of_pancreas:0,TP,1
-0.16340964,-0.04805453,0.18479106,-0.9154078,1.8370596,-0.41259646,0.91417515,0.41525728,-0.42223945,0.07228848,0,chr10:130190730:prostate_gland:0,TN,0
-2.5281293,0.40890124,1.5166091,0.1052407,0.78439337,-0.53401715,0.5315792,-0.020320239,0.4353527,0.03842099,0,chr15:64989852:upper_lobe_of_left_lung:0,TN,0
6.342216,-0.3202458,0.2527768,0.5220702,-0.080904365,-1.2090663,-0.3654673,-0.35400912,-0.35288018,-0.0922018,1,chr11:47642443:esophagus_squamous_epithelium:0,TP,1
-1.3103298,2.6220808,0.5330219,-1.4693563,-1.0324202,-0.17815803,-0.15027508,0.16824695,-0.23418605,-0.5000591,0,chr17:82494715:spleen:0,TN,0
3.2922635,-2.5258362,0.12192005,-0.911275,-0.2105473,0.83384264,0.283851,-0.61325926,-0.30000377,-0.09501663,1,chr1:20575428:spleen:0,TP,1
-3.4718797,-1.1688269,-0.3049548,-1.1301731,-0.18378143,-1.252866,0.2044083,0.110026576,-0.098936476,-0.025893642,1,chr6:39725494:transverse_colon:1,FN,0
3.0949016,-0.2607327,-0.9357517,0.86639315,2.4320083,-0.18920286,-0.29077634,-0.7761293,0.9552899,-0.43748742,1,chr17:79827402:body_of_pancreas:0,TP,1
-3.9595022,-2.3780313,-0.5208502,0.51231945,-0.5660587,0.14021243,0.075226285,-0.017558081,-0.67880565,0.17796706,0,chr14:54840085:upper_lobe_of_left_lung:0,TN,0
6.706971,0.40534833,0.6541944,-0.06706868,0.024699705,-0.27831098,-0.08527913,-0.090059526,-0.23772158,-0.19703515,0,chr9:129438019:transverse_colon:0,FP,1
4.289581,0.042727284,-1.1322973,0.8189686,1.1902521,-0.023597805,-0.23104589,-0.67069477,0.58062077,1.0582075,1,chr1:91927306:adrenal_gland:0,TP,1
-1.6870524,3.0145576,-0.21071458,-0.20255643,0.11692677,-0.14338349,-1.0756897,-0.37009332,-0.336214,-0.4860707,0,chr14:54903402:upper_lobe_of_left_lung:0,TN,0
-3.0739417,-1.4144962,1.1830685,1.6516773,-0.5248981,0.23166992,-0.06862326,0.009602551,1.1092082,-0.06591336,0,chr6:148200365:body_of_pancreas:0,TN,0
-3.1357002,-0.2634777,1.1493798,1.6909431,-0.6984127,-0.12954037,-0.22428764,-0.15502568,-0.33005175,0.020018516,0,chr12:19757428:esophagus_muscularis_mucosa:0,TN,0
-2.160726,-0.80903506,-0.41860634,-1.1974739,0.6442139,-1.5007347,0.87005866,-0.051415034,-0.70388335,0.41667235,1,chr10:124389232:prostate_gland:0,FN,0
5.719719,-0.33311185,0.15902776,0.19656219,0.30936286,-0.6484382,-0.51173204,-0.14637347,-0.036539845,-0.04044481,1,chr9:129437413:upper_lobe_of_left_lung:0,TP,1
4.032107,-0.34393346,-0.22188886,-0.33722508,-0.30252793,1.3644681,-0.65884465,1.0275513,-0.12406205,-0.018394152,1,chr10:96641123:body_of_pancreas:0,TP,1
5.2258325,1.4724935,0.89172053,-1.0929096,-1.4290394,1.3400828,0.040239498,0.6410794,-0.2708433,0.7914916,1,chr6:43386692:spleen:0,TP,1
-1.4592978,2.0373442,-1.8487604,0.7232758,0.65346146,0.40779683,-0.19805357,1.5605739,0.5003689,0.6123292,1,chr2:92954336:testis:0,FN,0
-3.6594095,-0.6908092,0.96503633,-0.9199229,0.6662137,-0.38964996,0.13904187,0.007947007,0.10722256,0.22925682,0,chr13:48001155:prostate_gland:0,TN,0
6.6560125,0.19078955,0.215341,0.69071203,-0.27128804,-1.0877428,-0.0210669,-0.019522954,-0.30808276,0.16027594,1,chr17:23044492:spleen:0,TP,1
2.9264555,-0.297263,-0.75959986,0.2605065,-0.18993722,-0.5703251,0.5080443,-0.18418436,0.3994588,-0.52245754,0,chr16:3131994:prostate_gland:0,FP,1
1.7153772,-0.30800194,-1.9323492,-0.30613628,-0.9733644,0.6758101,-0.14925945,-1.0356002,0.23003241,-0.61896247,1,chr8:30230823:transverse_colon:0,TP,1
-2.078168,-0.013464972,-0.7000968,-0.7787139,0.12786604,0.27100754,-0.065343104,0.2933879,-0.39245322,0.48090866,1,chr14:94129651:transverse_colon:0,FN,0
5.8753495,0.34501302,0.7812891,-0.38061544,-0.98751676,0.8325918,0.22962272,-0.13675973,-0.1904316,1.2593014,1,chr12:48753691:thoracic_aorta:0,TP,1
-1.910041,1.6000918,-0.6789938,0.6535514,0.34954032,-0.34472352,-0.27003822,0.07634659,-0.08257211,-0.17056997,0,chr10:95539608:thoracic_aorta:0,TN,0
-3.024745,-1.0150723,0.4336083,1.2466547,0.35379222,-0.5244723,-0.008718869,-0.099276416,-0.2231475,0.22237101,1,chr9:127348292:body_of_pancreas:0,FN,0
-3.6887908,0.0503105,0.54595256,-0.90620387,-0.56279796,-0.16041912,-0.4977159,0.2481463,-0.2735112,-0.06637263,0,chr10:29449249:Peyers_patch:0,TN,0
1.7453433,0.2500226,-0.3749927,0.08216132,-0.08292085,0.2590277,0.7160937,-0.18964896,0.21932176,-0.9639045,1,chr8:133011242:thoracic_aorta:0,TP,1
-2.4510872,-1.8912033,-0.27242684,1.7403009,-0.38554233,0.22001167,0.88057244,0.13087827,0.10972575,-0.62220424,0,chr7:48425047:transverse_colon:0,TN,0
-2.8585048,1.1071072,0.8382669,-0.27875534,-0.14695269,-0.602929,-0.4581571,-0.10780321,0.42812777,0.15229237,1,chr10:43667432:tibial_artery:0,FN,0
-3.0073764,0.3851744,0.60782015,0.13700102,-0.09075018,-0.25375557,0.12053371,-0.11774224,0.31073302,-0.24904841,0,chr11:16987057:transverse_colon:0,TN,0
-1.7112937,3.0604916,0.66241527,0.2539774,0.3967918,0.14757228,-1.0949973,-0.3970468,0.34305075,-0.5325099,0,chr11:71580443:tibial_artery:0,TN,0
5.2505474,-0.21558487,1.0561309,-0.76564795,-0.84556603,0.90049213,-0.06174101,-0.052851554,0.6806441,0.085603744,0,chr22:28009558:esophagus_squamous_epithelium:0,FP,1
-2.6252897,0.07131618,0.37150228,-1.223412,0.16503172,-0.5862431,0.13809204,0.4058687,0.47813553,-0.31770745,0,chr2:176002027:tibial_nerve:0,TN,0
-1.6081084,-0.66966206,1.9188389,1.7255303,0.23551843,1.1497705,0.94489634,-0.33424643,0.15855123,-0.17257097,0,chr10:102596601:prostate_gland:0,TN,0
-3.5862696,-1.4988763,0.80910134,0.51546425,0.8031941,0.12363202,0.7738233,-0.32029483,0.47660488,0.49966258,1,chr20:60481496:upper_lobe_of_left_lung:0,FN,0
-3.2414937,0.60074866,-2.5088727,0.13979861,0.7834852,0.74209416,-1.2427619,-0.48582625,0.35271466,0.6276793,0,chr7:25603388:tibial_artery:0,TN,0
-3.3339708,-0.92373776,0.81785697,1.6820648,-0.4627346,0.65601265,0.046728466,-0.13281119,-0.3113061,-0.308923,1,chr15:33735817:esophagus_squamous_epithelium:0,FN,0
-3.4747243,1.1829933,0.6212595,-0.18386914,0.22571467,-0.17670871,-0.4480402,-0.14904416,0.04315603,0.09667185,1,chr14:59576853:body_of_pancreas:0,FN,0
-2.055664,2.5404718,-0.32363212,-0.19385208,0.25437102,-0.19443093,-0.86455685,-0.10568173,-0.48302326,-0.23986174,1,chr8:41651698:Peyers_patch:0,FN,0
5.4177866,2.407044,0.22438493,0.7395772,0.39500108,0.014330867,-0.0057136416,1.9902779,-0.4099393,0.62822497,1,chr17:25579422:sigmoid_colon:0,TP,1
-2.9047797,1.7244672,-0.5878536,-0.26755586,-0.56941366,-0.3843455,-1.0740874,-0.44331923,-0.35692015,-0.5367584,0,chr8:140831477:body_of_pancreas:0,TN,0
-1.2329788,-0.69134116,-0.50907516,1.159457,-1.175607,0.20003025,0.84940636,-0.23187307,-0.16060968,-0.23011614,0,chr16:75385474:transverse_colon:0,TN,0
-2.973659,-0.8401845,0.17681797,0.1639892,0.22009234,0.34700233,0.03046253,-0.36186126,-0.3889826,-0.21767172,0,chr12:117685539:prostate_gland:0,TN,0
4.52073,-2.312753,-0.9930049,-0.09090343,-0.13725463,-0.7172739,-0.19187328,-0.2405493,-0.32039678,-0.18309674,1,chr12:121918386:tibial_nerve:0,TP,1
1.9108638,-0.9397026,-0.2509477,0.54067606,-0.8565853,0.38998377,1.5158492,0.31563303,1.175711,-1.097255,0,chr6:53956277:sigmoid_colon:0,FP,1
-2.832846,0.94910693,-1.8131464,0.28602543,0.5336265,-0.38049132,0.55805963,-0.087413184,-0.20312239,0.115794845,0,chr7:148963880:transverse_colon:0,TN,0
6.325227,-0.69844854,0.016741326,0.31036192,0.054202877,-0.48116446,-0.63077843,-0.416681,-0.22027507,0.13010256,1,chr3:75785419:esophagus_squamous_epithelium:0,TP,1
2.9743936,0.38129827,-1.1590054,0.8641933,0.5979703,0.08943923,0.13527961,1.47839,1.0909388,0.5156947,0,chr9:43171158:transverse_colon:0,FP,1
0.80402374,0.65625846,1.0806442,-1.4127923,-0.1428502,0.02404108,1.2941949,0.3287917,0.29424125,-0.086090475,0,chr17:4710334:tibial_artery:0,FP,1
-1.6246146,2.148304,-1.6990668,0.7364465,0.432969,0.11598203,0.33806062,-0.13228987,0.34416145,0.7334061,1,chr11:95351052:body_of_pancreas:0,FN,0
6.3540287,0.3421659,1.0573366,0.08607393,-0.8651284,-0.5902107,-0.12533678,0.46148276,-0.17164351,-0.109299116,1,chr4:98093069:prostate_gland:0,TP,1
5.5045767,1.2665578,0.6766791,0.2955058,-0.55677027,-0.68763125,1.3169827,-0.30094093,0.33801883,0.30755976,1,chr13:34747863:transverse_colon:0,TP,1
-1.0047604,1.4175858,-1.3001776,0.5787363,0.17693944,-0.43773875,-0.038908444,-0.36602873,0.5538658,0.34722832,0,chr11:76920284:suprapubic_skin:0,TN,0
-1.6317674,1.2172729,-1.3860209,0.3275361,-0.14289974,0.6050342,-0.017714927,0.328893,0.11039932,-0.68253237,0,chr22:26518868:body_of_pancreas:0,TN,0
1.4626849,2.4926164,-0.54720396,-0.90485835,-0.9906514,0.23871925,1.815861,-0.77748096,-0.34016603,0.4722714,1,chr19:45427778:gastrocnemius_medialis:0,TP,1
6.3540287,0.3421659,1.0573366,0.08607393,-0.8651284,-0.5902107,-0.12533678,0.46148276,-0.17164351,-0.109299116,1,chr4:98093069:upper_lobe_of_left_lung:0,TP,1
-1.4863175,2.9869652,-0.27824593,-0.09529828,-0.18423273,-0.4795894,-1.1902411,-0.45878467,-0.2659754,-0.58087265,0,chr1:101520649:body_of_pancreas:0,TN,0
3.2922678,-2.5258331,0.12192177,-0.91127616,-0.21054946,0.83384264,0.28385127,-0.613259,-0.30000356,-0.095015794,1,chr1:20575428:suprapubic_skin:0,TP,1
-3.5217814,-1.2667686,0.7854279,1.549895,-0.4355545,0.1378102,-0.3845112,-0.018590197,0.9218327,0.4525043,0,chr2:160429708:transverse_colon:0,TN,0
-3.3790529,-0.8026507,-0.038655456,-0.64507395,-0.19549043,0.0754478,-0.47770393,1.0146205,-0.47043085,-0.07097935,1,chr9:83219701:sigmoid_colon:0,FN,0
6.6649947,-0.19422731,0.35702977,0.21528338,-0.03962138,-0.56584716,-0.35451692,-0.33028862,-0.3994967,-0.09462987,1,chr3:75785609:tibial_artery:1,TP,1
-2.7483673,2.2861838,-0.36843184,-0.27094874,-0.39449927,-0.39533782,-0.19099048,-0.12237828,-0.4016535,-0.4728893,0,chr6:43943813:upper_lobe_of_left_lung:0,TN,0
-4.0932355,-2.7371268,0.22862983,0.9800464,-0.4843399,0.18022951,-0.13425726,0.18739271,0.18298955,0.44567528,0,chr6:53927260:prostate_gland:0,TN,0
-2.7259462,-1.2603755,-0.14067888,-0.09052255,-0.6757818,-0.32565737,1.1617585,-0.007339898,0.37660256,-0.08899065,0,chr2:120553360:body_of_pancreas:0,TN,0
4.8728065,-1.4742459,-0.58539045,0.3830005,0.45940283,0.03620623,-0.4653804,-0.39410555,0.5506245,-0.34774116,0,chr1:230111058:body_of_pancreas:0,FP,1
6.4849787,0.90586513,0.90301514,0.05390567,-0.5141458,-0.8238117,0.36046925,0.4080825,-0.50645804,-0.41399473,1,chr7:63016031:spleen:0,TP,1
-0.69027936,1.5942552,-1.5556289,0.3081771,0.1198215,-0.2702558,1.4312904,-1.4325185,-0.072681375,0.6596735,1,chr8:30486503:esophagus_muscularis_mucosa:0,FN,0
-3.016416,-0.8239194,1.1841354,0.9281738,-0.20765698,0.17392719,0.02483517,0.0010941047,0.4550363,0.23383212,0,chr1:203674144:Peyers_patch:0,TN,0
-3.5842004,-0.5430309,1.2232461,1.187349,-0.39921674,-0.13267611,-0.26880524,0.08243834,-0.67724437,0.5079669,0,chr18:58181020:stomach:0,TN,0
-2.2682025,-0.051767092,-2.7195632,0.5420137,-0.04229931,0.1963941,-0.37922782,-1.0617477,0.0977742,0.8254368,0,chr6:4659653:sigmoid_colon:0,TN,0
-2.2514346,-0.7048142,0.26541647,0.4686798,-0.120056696,-0.064882666,-1.0291332,0.38589758,0.3778365,-0.002986793,1,chr9:17531876:thoracic_aorta:1,FN,0
5.7827144,-0.26143995,0.16577466,0.51671976,-0.18400456,0.2020191,-0.32367,-0.2086594,0.6752662,0.2713016,0,chr9:20565941:prostate_gland:0,FP,1
-4.5345283,-2.7690852,-0.6642888,0.22914296,-0.5198615,0.065208234,-0.33759087,0.4695551,-0.60928416,0.29178238,0,chr15:65304945:transverse_colon:0,TN,0
-2.2828238,1.503209,0.7922021,-0.9734927,-0.5765797,0.006203458,0.24194135,0.26141697,-0.15613544,-0.75572044,0,chr1:165592941:upper_lobe_of_left_lung:0,TN,0
-3.8413484,0.25538385,-0.94498986,-0.58871907,-0.9425113,0.15556888,-0.53691685,-0.1615534,-0.57370126,-0.18272215,0,chr15:45705730:gastrocnemius_medialis:0,TN,0
0.15996973,-1.1839669,0.39186683,-2.2002735,1.0434476,-0.22521183,-0.085456,0.13077338,0.8645644,-0.16854979,0,chr10:127907784:tibial_nerve:0,FP,1
-3.7616248,-0.7799438,0.30859116,0.48714754,-0.4314942,0.19946438,-0.1094374,-0.119057305,-0.13652703,0.007218127,0,chr10:89531733:body_of_pancreas:0,TN,0
4.780275,-1.6505412,-0.5435807,0.20016378,0.74034655,-0.34749904,-0.2930709,-0.713936,-0.09623137,-0.26957372,1,chr9:61668518:gastroesophageal_sphincter:0,TP,1
-2.055664,2.5404718,-0.32363212,-0.19385208,0.25437102,-0.19443093,-0.86455685,-0.10568173,-0.48302326,-0.23986174,1,chr8:41651698:esophagus_squamous_epithelium:0,FN,0
-1.7873048,-1.2854097,-0.2426414,-1.3359946,1.3684784,-0.104459144,0.37257677,-0.115484655,-0.509215,-0.32947505,0,chr17:75095056:transverse_colon:0,TN,0
5.4177866,2.407044,0.22438493,0.7395772,0.39500108,0.014330867,-0.0057136416,1.9902779,-0.4099393,0.62822497,1,chr17:25579422:thoracic_aorta:0,TP,1
-1.5307081,2.710359,0.08327878,-0.64441276,-0.88216984,-0.18619679,0.3346435,-0.3748086,-0.45455232,-0.5876511,1,chr16:4548780:upper_lobe_of_left_lung:0,FN,0
-2.4816115,-0.66692674,0.4346235,-1.6362114,-1.0826979,-0.32258564,0.53542864,-0.20948759,0.08603322,-0.32692817,1,chr11:1652791:spleen:1,FN,0
-2.6877286,1.5065562,-0.67840874,-0.007087804,-0.6111704,-0.5510194,-0.59975886,-0.60573536,-0.14622068,-0.04685572,0,chr9:105426323:prostate_gland:0,TN,0
5.959428,-0.7566817,0.22227572,-0.37720188,-0.23449427,0.28436816,-0.5717494,-0.15190606,-0.2946778,0.2708261,1,chr17:45585364:esophagus_squamous_epithelium:0,TP,1
-1.9621086,-0.5249893,-0.3452805,0.22198567,-0.70182914,0.84468293,0.077155545,-0.111964345,0.53832084,0.16460396,0,chr1:108214824:spleen:0,TN,0
-3.1369019,0.23179924,0.48930076,-1.2043178,0.34365323,-0.92218107,-0.26787522,-0.05287644,-0.07011707,0.6719841,0,chr22:30387561:adrenal_gland:0,TN,0
-2.3981893,-0.31270087,0.42543277,1.073035,0.45764223,0.7788352,0.3913249,0.29775476,-0.29925463,0.0012207753,1,chr1:222057506:body_of_pancreas:0,FN,0
-3.9361923,-2.362904,0.27498728,1.77349,-0.7537912,0.4351359,-0.5142101,-0.11631246,-0.54535425,0.48644915,0,chr2:216110581:prostate_gland:0,TN,0
-3.323728,0.15536584,-0.40726492,-0.57483745,-0.7245522,-0.3723079,-0.46463966,0.28362766,-0.20143569,-0.45341069,0,chr8:54166457:body_of_pancreas:0,TN,0
-0.5082587,-2.8693268,-1.4953495,-0.37486976,1.2481987,-0.9137104,0.47257477,0.24931456,-0.25738785,-0.3071428,1,chr6:3259228:tibial_artery:0,TP,1
-1.5607622,0.8135172,1.3439091,0.33807006,1.0600349,0.29005575,0.44681257,-0.15010342,-0.47043923,-0.042053536,0,chr9:89662294:Peyers_patch:0,TN,0
-2.6047845,0.5183036,0.8167508,-0.8053382,0.052581813,-0.43503955,-0.26812276,0.24173677,-0.38693893,-0.017568374,0,chr14:22823038:esophagus_muscularis_mucosa:0,TN,0
-2.9027433,0.49504063,1.4650921,0.29838094,0.31852284,0.02776016,-0.21492943,-0.41652912,0.68927413,-0.103516996,0,chr1:5598865:transverse_colon:0,TN,0
6.664995,-0.19422686,0.3570304,0.21528257,-0.039623093,-0.5658477,-0.354517,-0.33028904,-0.3994974,-0.09462845,1,chr3:75785609:esophagus_muscularis_mucosa:0,TP,1
3.7442844,0.799424,0.7089888,-0.8318389,-1.214994,1.702148,-0.12466509,0.6785178,0.31468454,-0.20250918,0,chr4:36351521:adrenal_gland:0,FP,1
-1.2135319,2.0386453,-1.34472,0.5046611,-0.25892845,-0.6280119,1.0258745,-0.4067235,0.36148885,-0.08600175,1,chr2:168375394:adrenal_gland:0,FN,0
5.2258325,1.4724935,0.89172053,-1.0929096,-1.4290394,1.3400828,0.040239498,0.6410794,-0.2708433,0.7914916,1,chr6:43386692:thoracic_aorta:0,TP,1
3.9403694,0.5067761,0.0026651758,-0.15742168,0.1386362,1.449378,-0.5530859,-0.5483075,0.6438854,2.1553802,1,chr19:21484173:esophagus_muscularis_mucosa:0,TP,1
6.477769,1.3881794,1.0587275,0.07815465,-0.3428097,-0.15682454,0.000802705,0.608149,-0.37928638,-0.15915442,1,chr1:13277261:body_of_pancreas:1,TP,1
-1.5088457,0.5333891,2.3814275,1.8697357,0.9381901,0.9286884,0.90413946,-0.3703081,0.17729566,-0.08208023,1,chr10:130547583:Peyers_patch:0,FN,0
-2.2514384,-0.70481443,0.26541516,0.46867782,-0.12005777,-0.06488338,-1.0291334,0.38589767,0.37783566,-0.0029869378,1,chr9:17531876:tibial_nerve:0,FN,0
-2.7463393,-0.8939995,-0.10192729,-1.8260778,0.7500129,-0.66575706,-0.5034259,0.32382864,-0.6063032,0.08002203,0,chr7:66655047:thoracic_aorta:0,TN,0
-3.4718325,-1.2147881,1.2399253,0.83367234,0.16190988,0.18563136,0.44588473,-0.015870802,0.20742567,0.42205012,1,chr11:94305149:thoracic_aorta:0,FN,0
6.5208035,0.6868683,0.8367796,-0.03903923,-0.05325166,0.32329732,-0.29449183,0.75659734,-0.23587878,-0.079978354,1,chr5:151298414:sigmoid_colon:0,TP,1
-1.3698555,-0.13482513,-0.5787996,-0.017671451,-0.013786684,-0.41636258,0.954734,-0.049052022,0.48454407,-0.37205827,0,chr12:1659629:tibial_nerve:0,TN,0
6.5428977,-0.111041605,0.4351018,0.30134103,-0.5045544,-0.044240296,-0.40126854,0.12351422,-0.26962364,0.082279995,1,chr2:86221296:spleen:1,TP,1
5.2258325,1.4724935,0.89172053,-1.0929096,-1.4290394,1.3400828,0.040239498,0.6410794,-0.2708433,0.7914916,1,chr6:43386692:tibial_artery:1,TP,1
-3.2040713,0.4549197,0.5563893,0.05252362,-0.32506242,0.025961116,-0.3557114,0.61404264,0.17254539,0.14759491,0,chr17:50094413:thyroid_gland:0,TN,0
-3.0412245,0.1404108,0.89237607,-0.69084144,0.086301155,-0.22304577,-0.21949601,0.16514243,0.095641725,0.16430347,1,chr22:24259700:testis:0,FN,0
-4.074866,-0.7949538,0.10928893,-0.16250668,-0.5890703,-0.8777793,-0.9257057,0.16374968,-0.10416068,0.24341282,0,chr5:77491866:transverse_colon:0,TN,0
5.2567654,-0.5807108,-0.38490823,0.7989516,0.32026878,-1.0488583,-0.41121107,-0.17855336,-0.07508708,-0.6443321,1,chr17:43361240:thoracic_aorta:0,TP,1
-2.8247643,-1.6783344,0.5770234,-0.924952,-0.7744431,-0.22501446,0.6201576,-0.0456247,0.49144316,-0.24152996,0,chr1:16513637:tibial_nerve:0,TN,0
-2.3719277,1.3001529,-1.1366446,-0.5625489,-0.13217252,0.76460695,-0.62019634,-0.5079368,-0.6550928,-0.20199804,0,chr8:7397869:tibial_artery:0,TN,0
0.56719375,-0.29480374,-1.2575034,1.4331334,1.7493536,-0.33571953,-0.117754534,-0.2639161,0.791902,0.42142466,1,chr4:189687730:testis:0,TP,1
-3.1615086,-2.393248,0.33438104,-1.676929,0.2647465,0.05068769,0.057887256,-0.18730654,0.8258769,0.45065188,0,chr1:94926416:esophagus_squamous_epithelium:0,TN,0
6.991135,0.8161911,0.94976866,0.25227892,-0.14741872,-0.13864562,0.11598276,0.20582147,-0.02838907,0.40780085,1,chr22:24006061:thoracic_aorta:0,TP,1
-1.5436505,0.2407548,1.9356378,1.1822282,1.6750277,0.8990337,0.42595395,-0.8185755,-0.25220305,0.074327834,0,chr1:30708226:prostate_gland:0,TN,0
6.342216,-0.3202458,0.2527768,0.5220702,-0.080904365,-1.2090663,-0.3654673,-0.35400912,-0.35288018,-0.0922018,1,chr11:47642443:spleen:0,TP,1
5.3570023,-0.34684458,-0.7809174,0.6257468,0.62499034,0.08159476,-0.26394317,-0.7428458,-0.07202936,0.8100982,1,chr10:102568961:thyroid_gland:0,TP,1
-1.9889584,2.0137804,-1.2699475,0.49485272,-0.2870421,-0.26882154,0.097986646,0.021687236,-0.31134886,0.17665514,0,chr7:157948473:body_of_pancreas:0,TN,0
0.4917046,-1.8031721,-0.5209294,-1.1767192,0.20040871,1.4689002,0.43768182,-0.122993745,-0.53196084,-0.41094992,0,chr12:128388303:body_of_pancreas:0,FP,1
3.7022111,-1.4991988,0.53464884,-1.7642086,-0.5893264,0.7468965,0.11851549,-0.34322333,0.20002747,-0.12264627,1,chr17:6654885:body_of_pancreas:0,TP,1
1.3361197,-0.3826238,0.32583073,0.117404774,1.1627167,0.33773875,0.84668046,-0.19826667,0.60311025,-0.29424635,0,chr17:16836730:body_of_pancreas:0,FP,1
-0.5478109,2.7345295,-0.72483456,-0.14771186,-0.44361857,-0.19897503,-0.047201652,-0.35807496,-0.35407192,-0.39505497,0,chr2:231677997:body_of_pancreas:0,TN,0
5.445318,-0.7285479,0.3721907,-0.919893,-0.71426916,0.8591626,-0.3335653,-0.37068006,-0.19120464,0.68151903,1,chr7:78040381:tibial_artery:0,TP,1
-3.4586954,0.19762728,-0.0740822,0.18275164,0.5667255,0.5778395,-0.02815669,0.30074567,0.026112162,0.14039241,1,chr9:128161761:body_of_pancreas:0,FN,0
-3.2122138,-0.6579785,1.1571654,1.5812155,-0.04682653,0.43171337,0.13176644,-0.22808716,-0.8937046,0.4738111,0,chr8:140090684:body_of_pancreas:0,TN,0
4.4377184,-1.8692024,-0.42346433,-0.5653644,0.22730277,0.5291745,-0.3299054,-0.49705213,0.17432457,0.10182653,1,chr13:20119527:Peyers_patch:0,TP,1
-2.9412305,-0.55043507,0.01873776,-1.4005457,-0.42464787,-0.62293136,0.28409836,0.12802343,-0.085955285,0.2855543,0,chr6:32894511:Peyers_patch:0,TN,0
-3.3947027,-1.4660866,-0.38112336,-1.5158207,-0.37268806,-0.6153818,-0.184543,0.068697184,0.015083236,-0.032579985,0,chr11:119107326:tibial_artery:0,TN,0
1.8348033,-1.2176108,-0.81912184,1.6412044,-0.3175279,-0.17646521,0.33171403,0.47657305,0.54437697,-1.5648824,1,chr7:95686086:body_of_pancreas:0,TP,1
-4.2609234,-1.1535316,-0.14408416,-0.2737385,-0.5458935,-0.71115226,-1.0286232,0.24675307,0.5717133,0.62772524,0,chr11:71788146:upper_lobe_of_left_lung:0,TN,0
4.032107,-0.34393346,-0.22188886,-0.33722508,-0.30252793,1.3644681,-0.65884465,1.0275513,-0.12406205,-0.018394152,1,chr10:96641123:tibial_nerve:0,TP,1
4.52073,-2.3127553,-0.9930046,-0.09090433,-0.13725449,-0.71727425,-0.19187413,-0.24055132,-0.3203974,-0.18309498,1,chr12:121918386:testis:1,TP,1
-2.7709072,-0.38391253,1.7881384,0.33099577,0.1397395,-0.21097474,0.53946227,0.5460639,0.24651314,0.1878776,0,chr6:5261611:thoracic_aorta:0,TN,0
6.904042,0.118319914,0.4829873,0.5378541,-0.10061769,-1.0111066,-0.25865108,-0.49245015,-0.38271108,-0.026734523,1,chr3:75785547:tibial_nerve:0,TP,1
-2.472746,0.55140764,1.7737426,0.41384155,-0.36891145,-0.5767851,-0.52842206,0.17004712,1.0912433,0.1395842,0,chr6:82247063:body_of_pancreas:0,TN,0
-1.137036,1.5639944,-1.2535629,0.55672574,1.0975595,1.0502502,-0.63123995,0.18135944,0.84332746,0.12983356,0,chr9:75185632:transverse_colon:0,TN,0
4.414157,-2.042088,-0.12738918,-1.3281057,0.39175746,0.054272555,-0.18001391,-0.42962295,-0.16378091,0.1997104,0,chr6:41786631:suprapubic_skin:0,FP,1
-3.3790529,-0.8026507,-0.038655456,-0.64507395,-0.19549043,0.0754478,-0.47770393,1.0146205,-0.47043085,-0.07097935,1,chr9:83219701:transverse_colon:1,FN,0
6.3418145,-0.32152283,-0.026135623,0.4748126,-0.28066686,-0.90519196,-0.031121349,-0.116027914,-0.1308092,-0.094776645,1,chr17:22816782:transverse_colon:0,TP,1
-2.6759455,2.023879,1.1526866,0.33814716,0.03149668,0.14379951,-0.75681347,-0.04670154,-0.24187046,-0.32489592,0,chr14:34228362:suprapubic_skin:0,TN,0
3.6429584,-0.4135007,0.37912187,-0.31273505,0.2760771,0.342074,0.2580494,0.7022365,0.18570004,-0.44369173,0,chr2:32977143:prostate_gland:0,FP,1
4.032107,-0.34393188,-0.22188908,-0.33722612,-0.3025285,1.364468,-0.6588456,1.0275515,-0.1240614,-0.018395035,1,chr10:96641123:sigmoid_colon:0,TP,1
4.2495985,-0.4460462,-0.07538241,0.2156338,1.7010944,-0.5467167,0.04049757,0.4362822,0.22547893,-1.037602,1,chr16:579030:transverse_colon:1,TP,1
-2.7588003,0.04444855,1.8743562,1.167587,0.54817706,0.31842697,-0.057561364,-0.11319015,-0.021389002,0.14635639,0,chr6:105318017:tibial_artery:0,TN,0
-0.7487153,3.473827,-0.1443086,-0.28065392,-0.029989397,0.3038049,-0.38532022,0.15025698,0.12452179,0.048687775,0,chr11:119031234:spleen:0,TN,0
3.7628887,-0.10593072,-0.9410884,0.026234007,-0.8846217,0.7314465,-0.25499856,-1.0662773,-0.116739646,1.6115788,1,chr7:73725711:transverse_colon:1,TP,1
-3.6490016,-1.5698999,-0.18134019,0.9195152,-0.57154965,0.060851824,-0.90029174,0.20353115,0.37117517,0.47094044,0,chr6:134447458:body_of_pancreas:0,TN,0
-4.6956573,-2.2514265,-0.47943532,-0.65145874,-0.5051887,-1.0289624,-0.4080026,0.27428815,-0.31636402,0.64280677,0,chr18:5237612:sigmoid_colon:0,TN,0
-1.6062467,2.9360752,-0.18401359,-0.3278064,-0.1260716,-0.046385113,-0.85970056,-0.092097685,0.0009114476,-0.40699643,0,chr2:113249588:transverse_colon:0,TN,0
3.1883044,1.1410156,-1.0589623,0.5587848,-0.2923958,-0.18795583,0.7328681,2.6109784,0.8422389,0.8655581,1,chr8:44636977:prostate_gland:0,TP,1
-2.1373506,1.7012032,-1.2696422,0.4229639,0.48494843,0.15377544,-0.17010126,0.17031124,0.471459,0.23976131,0,chr15:50314410:body_of_pancreas:0,TN,0
5.8108206,-0.2660742,0.042387273,0.53990847,-0.21704541,0.06755959,-0.10304996,-0.6564367,0.43721122,0.73247296,1,chr2:185166213:prostate_gland:0,TP,1
-1.1463443,2.1320605,-0.8083776,0.25559345,-0.03484269,-0.09446725,0.40742475,-0.6455149,-0.28700447,0.1637147,1,chr18:56389368:thoracic_aorta:0,FN,0
-2.5804157,-1.3209473,-1.0770892,0.85563767,-1.0309047,0.36072132,1.3314474,-0.16715303,0.00018541675,-0.5487464,0,chr8:101575030:transverse_colon:0,TN,0
-1.3874742,0.24154839,2.1630971,2.3878403,0.6193934,0.42948306,0.46564728,-0.4467057,-0.74743885,0.5391336,0,chr4:82739794:tibial_nerve:0,TN,0
-3.0946252,-1.2477344,-0.38299397,0.58611083,0.47669774,0.30330753,0.7583869,0.19810499,-0.8336367,0.09745497,0,chr17:50297748:body_of_pancreas:0,TN,0
3.0446672,-0.582179,0.1727236,-1.8329015,0.19114594,2.1783016,-0.48704278,-0.102651455,-0.22717874,-0.1364114,1,chr5:179213127:tibial_artery:1,TP,1
4.7383657,-1.6977401,-0.16881032,-0.9171756,0.21655078,0.3527299,-0.44969833,-0.5723932,0.2484835,0.1582284,0,chr5:108749453:tibial_nerve:0,FP,1
-2.3823102,-0.6841565,1.0637894,1.8138739,-0.3798982,0.1787357,-0.1390396,-0.25872925,-0.5512233,0.3273837,0,chr18:61551734:transverse_colon:0,TN,0
6.2009425,-0.73323053,-0.14280902,0.49682915,0.23484641,-0.73926985,-0.62715125,-0.18099543,-0.22360474,-0.39545318,1,chr12:52949183:transverse_colon:0,TP,1
5.7432413,0.06548706,-0.43457675,0.9579522,0.9594144,-0.7832666,-0.5549342,-0.34632447,0.49499652,-0.62858295,1,chr15:77077965:tibial_artery:0,TP,1
-2.2514346,-0.7048142,0.26541647,0.4686798,-0.120056696,-0.064882666,-1.0291332,0.38589758,0.3778365,-0.002986793,1,chr9:17531876:body_of_pancreas:0,FN,0
4.032107,-0.34393188,-0.22188908,-0.33722612,-0.3025285,1.364468,-0.6588456,1.0275515,-0.1240614,-0.018395035,1,chr10:96641123:prostate_gland:1,TP,1
-3.131804,0.2268858,1.5698017,-0.46836278,0.011523595,-0.2412935,-0.12375506,-0.05977617,0.6061437,0.44375136,0,chr18:57438099:adrenal_gland:0,TN,0
3.1883044,1.1410156,-1.0589623,0.5587848,-0.2923958,-0.18795583,0.7328681,2.6109784,0.8422389,0.8655581,1,chr8:44636977:prostate_gland:1,TP,1
2.5532389,-2.738732,-0.1521199,-1.3544785,0.8749631,1.018399,-0.038244575,-0.0087730745,-0.37416512,-0.07585498,1,chr3:129343963:upper_lobe_of_left_lung:0,TP,1
1.6412231,4.016183,0.3062719,0.030343788,0.21528386,0.37976378,0.39011595,0.6108527,-0.7144032,0.6755828,0,chr19:38754450:sigmoid_colon:0,TN,0
-2.6265357,0.9424537,-0.17163216,0.38412717,-0.3909295,-0.19147035,-0.27640897,0.4199155,0.018529644,-0.17103355,0,chr3:177592618:body_of_pancreas:0,TN,0
3.9403694,0.5067761,0.0026651758,-0.15742168,0.1386362,1.449378,-0.5530859,-0.5483075,0.6438854,2.1553802,1,chr19:21484173:tibial_artery:1,TP,1
-2.289512,-1.1833265,-0.18636218,0.67007273,0.4212423,0.49713737,-0.0851681,-0.13620865,-0.91913813,0.050586767,0,chr1:235835049:body_of_pancreas:0,TN,0
-1.7216643,-1.8136382,-0.30872723,-0.18751806,-0.9371762,0.58543915,0.39298946,0.6053533,-0.12736617,-0.64601344,0,chr7:55178970:Peyers_patch:0,TN,0
-2.9648573,0.31695047,1.6230251,1.540948,-0.21913345,0.079506904,-0.20664196,-0.24089082,0.03832456,0.2836599,0,chr10:22617718:spleen:0,TN,0
-1.9290824,2.663869,-0.56227106,-0.70447046,-0.19076881,-0.61176515,-0.4328263,-0.35670793,-0.4533954,-0.48927274,0,chr19:48152501:body_of_pancreas:0,TN,0
-3.3198373,0.1545767,0.36387262,0.023481295,-1.0122015,-0.4580487,-0.44615993,-0.19962251,0.45342478,-0.26831707,0,chr10:51960415:transverse_colon:0,TN,0
6.5428977,-0.111041605,0.4351018,0.30134103,-0.5045544,-0.044240296,-0.40126854,0.12351422,-0.26962364,0.082279995,1,chr2:86221296:tibial_nerve:0,TP,1
-1.4023136,0.8165536,1.8718657,1.2881628,0.43967298,0.66178715,0.5137233,-0.4954991,-0.315653,0.14347051,1,chr12:104294234:transverse_colon:1,FN,0
5.9118004,1.0267644,1.347759,-0.89877874,-1.5712763,-0.204519,0.68688166,0.044830695,-0.46724075,0.39701915,0,chr11:82695728:Peyers_patch:0,FP,1
-2.494256,2.4852142,0.63532364,-0.5722218,-0.038611818,-0.116261184,-0.92197603,0.14216521,0.23031162,-0.2779339,0,chr16:4956247:esophagus_squamous_epithelium:0,TN,0
-2.7542396,0.8231758,-1.6397321,0.24677433,0.15608905,1.0512035,0.17602566,0.14824843,-0.5467969,0.0050473725,0,chr4:41814771:prostate_gland:0,TN,0
5.2258325,1.4724935,0.89172053,-1.0929096,-1.4290394,1.3400828,0.040239498,0.6410794,-0.2708433,0.7914916,1,chr6:43386692:transverse_colon:1,TP,1
6.877429,0.046417132,0.62968266,0.2392281,-0.18503653,-0.37764516,-0.2740827,0.21500437,-0.05595636,0.1852011,1,chr9:42974893:gastroesophageal_sphincter:0,TP,1
3.5696592,-0.50883025,-1.1150208,0.38778326,1.1401798,0.5810802,-0.027430657,-0.32854113,0.472969,-0.68415874,1,chr7:142751554:body_of_pancreas:0,TP,1
0.56604975,1.3067545,-0.6906686,-0.14602579,-0.17960685,-0.8662331,0.33430988,-0.2464668,-0.2628676,0.3790914,0,chr19:18571531:transverse_colon:1,TN,0
2.7709038,0.46366382,-0.00021116024,-0.40558517,-1.6449254,-0.46927938,1.0873827,-1.1012499,0.2687418,-0.36851144,1,chr2:196068383:adrenal_gland:0,TP,1
-1.9727424,2.4068868,-0.41521204,0.027994236,0.0461188,0.047482356,-0.9899421,-0.41971335,0.28653768,-0.1598755,0,chr2:206023553:body_of_pancreas:0,TN,0
-2.5854285,-0.36477363,1.6916575,1.7675593,-0.2394987,0.06445311,-0.11442305,0.037636515,0.19302279,0.48825115,0,chr4:185880518:body_of_pancreas:0,TN,0
3.044681,-0.5821769,0.17272526,-1.8329,0.1911428,2.1782975,-0.48704374,-0.102650546,-0.22717775,-0.13641119,1,chr5:179213127:spleen:0,TP,1
0.16804577,0.79444236,0.78217405,0.17333065,-0.47095641,0.5548103,0.92397034,-0.6976843,0.048550595,-0.52971345,0,chr15:62185559:body_of_pancreas:0,TN,0
0.9406886,-0.87304145,-0.58143103,0.83262634,-0.036354285,-0.0062871953,1.4966505,-0.6165604,0.27488986,-0.53593034,0,chr6:37130925:body_of_pancreas:0,FP,1
1.910864,-0.93970346,-0.25094876,0.54067653,-0.8565837,0.38998505,1.5158468,0.31563494,1.1757123,-1.0972552,1,chr6:53956277:Peyers_patch:0,TP,1
-2.5321534,1.9336927,-1.5021834,0.15548187,0.6462118,-0.115013495,-0.039233454,-0.7499852,-0.23408602,0.27124706,0,chr16:14300986:esophagus_muscularis_mucosa:0,TN,0
-3.3198373,0.1545767,0.36387262,0.023481295,-1.0122015,-0.4580487,-0.44615993,-0.19962251,0.45342478,-0.26831707,0,chr10:51960415:gastrocnemius_medialis:0,TN,0
-2.0293043,1.5172284,-2.0877419,0.31543264,-0.14208083,1.1806431,-0.09887246,0.41862115,-0.21981652,0.30662817,0,chr7:63014321:omental_fat_pad:0,TN,0
-1.0484867,0.37948814,-2.3208368,0.909589,0.022298863,0.11968427,0.10236045,-0.5098158,0.6400251,0.74448615,0,chr7:14460954:prostate_gland:0,TN,0
-0.5478109,2.7345295,-0.72483456,-0.14771186,-0.44361857,-0.19897503,-0.047201652,-0.35807496,-0.35407192,-0.39505497,0,chr2:231677997:adrenal_gland:0,TN,0
-3.541819,-1.3235215,1.113864,1.1552948,-0.41123286,-0.07700371,-0.39046785,0.030693384,-0.07036109,0.6778604,0,chr4:159398659:thoracic_aorta:0,TN,0
-1.8516607,0.84338653,-2.0865412,0.4272038,-0.05154248,-0.393121,0.68641955,-0.56595236,-0.3524931,0.17790383,0,chr9:113342124:body_of_pancreas:0,TN,0
-3.2040713,0.4549197,0.5563893,0.05252362,-0.32506242,0.025961116,-0.3557114,0.61404264,0.17254539,0.14759491,0,chr17:50094413:sigmoid_colon:0,TN,0
-3.4747238,1.182995,0.62126005,-0.18386891,0.22571473,-0.17670955,-0.4480401,-0.14904378,0.043154463,0.09667233,1,chr14:59576853:adrenal_gland:0,FN,0
-1.0649072,0.28837112,0.1687322,-0.23597549,-0.5430382,0.94939196,-0.010764972,-0.46735767,-0.28012726,-0.083032414,0,chr4:120870486:transverse_colon:0,TN,0
-0.07246153,-0.27471423,0.12811977,-1.040559,-1.0580003,1.2588047,-0.45471066,0.89925736,0.43606633,-0.4762185,0,chr7:120989215:tibial_nerve:0,TN,0
-4.083008,-0.26744336,0.05860298,0.18969926,-0.3918968,0.3144129,-0.13584521,0.29111925,0.32380825,0.10891887,1,chr4:110826866:transverse_colon:0,FN,0
3.1099284,0.45691362,-0.81093943,0.18565477,-0.17227657,0.4104499,0.62789804,-0.7640735,0.44920227,1.3844209,1,chr17:67408743:body_of_pancreas:0,TP,1
-3.0791657,-0.5705593,0.34495667,1.0733541,-0.9594494,-0.5888732,-0.646567,-0.40546614,0.86756945,0.31061006,1,chr6:106223515:tibial_artery:0,FN,0
6.2461877,-0.28714195,0.15731353,0.67968434,0.029823506,-0.48610234,-0.54981863,-0.45342135,-0.079776116,0.3679683,1,chr2:67906567:prostate_gland:0,TP,1
0.61129457,1.4931625,-0.48968875,-0.5825228,0.2785267,-0.049409837,0.07540856,-0.51248294,0.25355318,-0.708198,0,chr14:106872713:transverse_colon:0,TN,0
2.7709072,0.46366492,-0.00021047644,-0.40558535,-1.6449256,-0.4692807,1.0873833,-1.10125,0.26873988,-0.36851057,1,chr2:196068383:tibial_nerve:0,TP,1
-2.6793406,-1.2014035,1.3189118,2.2579522,-0.38921285,0.66160196,0.14455815,-0.20537056,-0.74617314,0.42906064,0,chr11:34922899:body_of_pancreas:0,TN,0
-3.6035986,0.09368352,0.4988656,0.019347968,-0.8045651,-0.50945747,-1.0552498,-0.088440366,0.626296,-0.10039574,1,chr2:225002373:thoracic_aorta:0,FN,0
-4.4055448,-0.41607177,-0.47277865,-0.11168623,-0.96040064,-0.81121933,-0.1386231,-0.042984933,-0.30178046,0.074866265,0,chr16:5092215:gastroesophageal_sphincter:0,TN,0
1.1889569,-3.0623462,-1.0962112,0.613378,0.28940627,1.4678619,-0.39272746,-0.11864716,-0.0051685898,-1.116697,1,chr5:73985119:body_of_pancreas:0,TP,1
-0.6556385,1.8846635,1.2641529,0.7654658,1.4274548,0.81821936,-0.42155617,0.0548387,0.57770693,-0.6397219,1,chr16:21935488:adrenal_gland:0,FN,0
-3.8342915,0.39080438,0.15138382,-0.1674504,-0.2782797,-0.5079164,-0.9424654,0.4860125,-0.46645692,0.1284739,0,chr14:55271113:testis:0,TN,0
-0.7180522,2.0781057,-1.1777358,0.42876732,0.15256271,0.13431685,1.0476146,0.5195083,0.1926427,-0.3548113,0,chr3:135921913:sigmoid_colon:0,TN,0
1.2734237,-0.2593591,0.5173961,-2.3511915,-0.14106782,1.0829536,0.068123,-0.36322838,0.013618903,0.13307787,0,chr19:10404178:tibial_nerve:0,FP,1
-2.7026477,0.53680944,-1.2405204,-0.6903852,-0.2887088,0.12811936,1.2971778,0.36318055,-0.5237785,0.22414796,0,chr19:50252259:spleen:0,TN,0
-2.2538395,0.2854841,0.75291693,-1.6526006,0.45828876,-0.7863361,0.14833783,0.026852895,0.78687924,0.35711432,1,chr7:26377045:transverse_colon:0,FN,0
2.7709038,0.46366382,-0.00021116024,-0.40558517,-1.6449254,-0.46927938,1.0873827,-1.1012499,0.2687418,-0.36851144,1,chr2:196068383:gastrocnemius_medialis:0,TP,1
0.5922953,1.2425324,-1.1915164,1.3484771,0.982157,-0.42741302,-0.27998716,-0.09565232,1.1844823,-0.3860146,1,chr20:53731556:sigmoid_colon:0,FN,0
-2.0978255,-0.74685985,1.4208418,0.6541562,-0.3581026,0.22859176,0.66140944,-0.21025026,-0.7695548,-0.058025103,0,chr3:58211234:esophagus_squamous_epithelium:0,TN,0
4.032107,-0.34393346,-0.22188886,-0.33722508,-0.30252793,1.3644681,-0.65884465,1.0275513,-0.12406205,-0.018394152,1,chr10:96641123:testis:0,TP,1
1.7153772,-0.30800194,-1.9323492,-0.30613628,-0.9733644,0.6758101,-0.14925945,-1.0356002,0.23003241,-0.61896247,1,chr8:30230823:esophagus_muscularis_mucosa:0,TP,1
-3.0791707,-0.57056844,0.3449501,1.0733517,-0.9594513,-0.58887327,-0.64656806,-0.40546605,0.86756843,0.3106108,1,chr6:106223515:transverse_colon:1,FN,0
-3.5758193,0.82148176,-0.5745808,-0.27248088,-0.68417627,-0.09794058,-0.19584367,-0.12695633,-0.3119227,-0.6373526,0,chr19:33143907:tibial_artery:0,TN,0
-3.8972554,0.76602,-0.86227816,-0.38500047,-1.0098233,-0.80432427,-0.72647274,-0.20678835,-0.06827333,-0.013321515,0,chr8:116788344:esophagus_squamous_epithelium:0,TN,0
-1.7604876,2.541243,-1.2281462,-0.041574907,0.5386678,0.38011983,0.15197793,0.08468338,-0.461587,0.23901196,1,chr7:1203888:body_of_pancreas:0,FN,0
-0.05979425,0.6362435,-1.8059331,0.8290468,0.32251543,0.23420969,0.4580015,0.7339678,0.9992113,0.29841122,0,chr10:103485594:spleen:0,TN,0
5.5443425,-1.3000529,-0.19769046,-0.013144729,0.3071591,0.27226648,-0.8518913,-0.37026983,0.12151706,0.041233115,1,chr3:75785357:prostate_gland:0,TP,1
-2.3733878,0.2040744,0.44865808,-1.0198048,0.7865829,-0.28253216,0.10284636,-0.06874463,0.54235315,0.5236252,0,chr5:79514114:testis:0,TN,0
4.249596,-0.4460461,-0.07538114,0.2156336,1.7010957,-0.5467164,0.040498674,0.4362811,0.22547795,-1.0376024,1,chr16:579030:prostate_gland:1,TP,1
1.2713606,-1.1969739,-1.7542825,0.27849695,-0.13281596,-0.033809386,0.3009645,-0.2266517,0.7204717,-0.9059933,0,chr5:144467879:body_of_pancreas:0,FP,1
-2.1585221,-1.0017607,0.73483336,0.30250657,1.0171964,-0.021310885,0.6121325,0.7281206,-1.1002438,-0.03517741,1,chr3:9862475:transverse_colon:0,FN,0
3.7282062,-0.57252544,-0.56576186,1.2629998,0.25924075,-0.3887515,0.20282348,-0.3233408,0.84724456,-0.37579864,1,chr15:40504103:body_of_pancreas:0,TP,1
-3.3700433,-1.6991686,-0.50596476,0.006493854,-0.7928776,-0.31442767,-0.08687875,0.34647593,0.7040953,-0.10176225,0,chr7:150876829:body_of_pancreas:0,TN,0
-1.3469105,1.7486527,-0.95016295,0.0202139,0.35038406,-0.27816415,-0.8140808,-0.23516616,-0.5927558,-0.3899214,0,chr7:100148577:testis:0,TN,0
-3.0791707,-0.57056844,0.3449501,1.0733517,-0.9594513,-0.58887327,-0.64656806,-0.40546605,0.86756843,0.3106108,1,chr6:106223515:Peyers_patch:0,FN,0
-2.8116674,-0.43794394,1.7301216,0.72396654,-0.08102416,-0.16003285,0.3422826,0.41080624,0.7165338,-0.07297365,0,chr5:69235425:Peyers_patch:0,TN,0
4.7655797,-1.6806833,-0.09891185,-0.9347848,0.38362256,0.82211196,-0.48961177,-0.42325795,0.07863778,0.22835205,1,chr9:42852316:testis:1,TP,1
3.9403694,0.5067761,0.0026651758,-0.15742168,0.1386362,1.449378,-0.5530859,-0.5483075,0.6438854,2.1553802,1,chr19:21484173:spleen:0,TP,1
-2.2855935,-0.007891798,1.4384314,-0.09155811,1.9801807,-0.38067913,0.62619954,0.25329632,0.3563033,0.35680112,0,chr17:44210759:tibial_artery:0,TN,0
4.1957393,-0.7288359,0.31852677,-0.67781836,-1.0745305,0.46480227,0.09356894,0.49236095,-0.0008163737,-0.9357212,0,chr20:17898925:suprapubic_skin:0,FP,1
-3.7976582,0.35083255,0.4787522,-0.7699985,-0.31235573,-0.6407143,-0.3108547,-0.11464728,-0.38699418,-0.117456876,0,chr17:75632926:esophagus_squamous_epithelium:0,TN,0
-1.6891699,-1.0683585,0.5675755,-1.1246462,1.8325975,-0.6764803,0.6837866,-0.052071914,-0.4351734,0.15864483,0,chr5:38467531:tibial_nerve:0,TN,0
-3.6498208,0.41863334,-0.33654302,0.3058663,0.18243459,0.44946116,-0.003617314,0.07366054,-0.6406957,0.1924582,0,chr20:34336064:Peyers_patch:0,TN,0
-3.5011382,-0.91516024,0.5233476,0.3681034,0.40228823,0.90481514,-0.22639725,-0.19700865,-0.49277842,0.21849664,0,chr16:85056596:adrenal_gland:0,TN,0
-2.6029646,0.27440947,0.6656499,0.4901113,-0.31419978,0.6774029,-0.20978159,-0.083997294,0.701512,-0.42717513,0,chr8:124563840:body_of_pancreas:0,TN,0
-3.0970917,-0.47142836,0.53937185,0.28234833,-0.11258188,0.39909884,0.53651094,-0.36978877,-0.8403705,0.10356564,1,chr14:90697830:tibial_artery:0,FN,0
-2.3286178,1.0705599,-2.0629957,0.82582116,0.30994663,-0.15708128,0.20431416,0.06885048,0.31031033,0.8743218,0,chr10:4794201:body_of_pancreas:0,TN,0
-2.5791292,-0.2785691,1.5414072,1.3346547,0.089338265,0.3997195,0.3652167,0.09428177,0.22370523,-0.18890072,0,chr3:172594879:transverse_colon:0,TN,0
6.877429,0.046417132,0.62968266,0.2392281,-0.18503653,-0.37764516,-0.2740827,0.21500437,-0.05595636,0.1852011,1,chr9:42974893:body_of_pancreas:0,TP,1
-2.687169,-0.5950038,1.0668478,0.14474338,0.40187964,-0.44841793,-0.098137796,0.63274354,-0.98728555,0.5830255,0,chr4:7192415:gastrocnemius_medialis:0,TN,0
-3.2108886,0.3603326,1.767029,0.6532177,-0.28678635,-0.19604924,-0.091592886,-0.18048096,0.38565817,0.05417201,0,chr20:62900225:tibial_artery:0,TN,0
-1.55542,1.897142,-0.23225594,0.9438974,0.7603018,-0.05327131,-0.24527127,-0.087083876,0.5172551,-0.11639794,0,chr10:87203579:adrenal_gland:0,TN,0
4.249596,-0.4460461,-0.07538114,0.2156336,1.7010957,-0.5467164,0.040498674,0.4362811,0.22547795,-1.0376024,1,chr16:579030:gastrocnemius_medialis:0,TP,1
0.83521974,1.6442407,-1.333308,0.9204536,-0.07913247,-1.0033994,0.92115307,-1.2767235,0.42580968,0.48554066,0,chr5:141677653:prostate_gland:0,TN,0
-2.4961162,-1.2733535,-0.9577504,-0.6133478,0.12136215,-0.072144225,0.3586372,-0.35698038,-0.32920623,0.2827583,0,chr16:28615870:tibial_nerve:0,TN,0
-2.864429,0.1800861,1.4499911,-0.4207154,0.47099927,-0.3132917,-0.15153034,0.4783874,0.8687937,0.40138265,1,chr14:36662855:tibial_artery:0,FN,0
-3.0108862,1.4520189,0.52275264,-0.19913687,0.232052,-0.06747717,0.03504398,0.07278599,-0.15389584,-0.046345532,0,chr2:231680246:transverse_colon:0,TN,0
-2.1789205,-0.08520784,1.1035507,1.8270499,-0.2652044,0.46846324,-0.12417374,0.4212504,0.16029446,-0.28048128,0,chr5:102536432:body_of_pancreas:0,TN,0
-4.512551,-2.8749201,-0.7065098,1.0790858,-0.81922877,0.029030181,0.12526177,0.37278253,-0.7550181,0.5047308,1,chr6:18503536:body_of_pancreas:0,FN,0
-1.6769712,1.7624365,-1.3763059,0.022357931,0.07882515,0.0979274,0.15866321,-0.5021307,-0.16878991,-0.18123797,0,chr2:85428876:body_of_pancreas:0,TN,0
-4.405543,-0.4160713,-0.47277802,-0.11168606,-0.96040106,-0.81121904,-0.13862251,-0.04298421,-0.3017803,0.07486602,0,chr16:5092215:body_of_pancreas:0,TN,0
-4.003151,-2.7143776,-0.21667063,0.7701757,-0.09848844,0.16557117,-0.5637771,0.27884385,-0.70342803,0.71920043,0,chr15:89091210:body_of_pancreas:0,TN,0
6.2461877,-0.28714195,0.15731353,0.67968434,0.029823506,-0.48610234,-0.54981863,-0.45342135,-0.079776116,0.3679683,1,chr2:67906567:suprapubic_skin:0,TP,1
-0.3429674,-1.4158863,-0.7879769,-0.24341497,1.5499178,-0.5921962,0.43676162,0.79719245,-0.05958198,0.011636931,0,chr3:126475232:sigmoid_colon:0,TN,0
-2.3479931,1.9164861,-1.2588696,0.27751678,0.3760836,0.054067574,0.2627102,-0.34823334,-0.36881545,0.08784905,1,chr2:38555382:thoracic_aorta:0,FN,0
-1.0633992,1.3777578,-1.9607741,0.78257823,0.3578941,-0.081646994,0.5665083,-0.94955915,-0.0844692,0.19485138,0,chr1:26358698:body_of_pancreas:0,TN,0
-2.739659,-0.6206769,-1.8048341,0.24050894,-0.8972876,-0.13612863,0.15024176,0.006810521,0.14447358,-0.08209619,0,chr4:99325779:esophagus_muscularis_mucosa:0,TN,0
-3.3488493,-1.1298162,0.4047292,0.2134966,-0.44298413,-0.6397033,-0.047940027,0.55860937,0.8676321,0.91718745,0,chr11:118291175:esophagus_muscularis_mucosa:0,TN,0
5.9594293,-0.7566814,0.22227614,-0.37720168,-0.23449425,0.28436825,-0.5717492,-0.15190609,-0.29467803,0.27082688,1,chr17:45585364:thoracic_aorta:1,TP,1
-3.081371,-0.953433,0.8666068,1.8427244,-0.4968632,0.3251207,0.10150069,-0.43552518,-0.51762486,0.15489313,0,chr1:81549700:tibial_artery:1,TN,0
5.870867,-0.077120945,0.3523985,0.25895998,-0.24670933,-0.35203132,0.18786448,0.04874409,-0.30641046,-0.32826877,1,chr5:137304079:body_of_pancreas:0,TP,1
5.793759,0.23800911,1.0027106,-0.8141528,-0.63320595,0.12564006,0.28874794,0.26467863,-0.49417555,-0.08767689,1,chr19:47436804:tibial_nerve:0,TP,1
-3.4651175,0.75331116,-0.40103462,0.07803647,-0.700897,-0.28380018,-0.8995796,-0.06106668,-0.13620897,-0.23861015,0,chr20:38751675:adrenal_gland:0,TN,0
4.1998715,0.60545343,-0.2401545,-0.67897075,-0.3858034,0.9110899,-0.08210366,-0.4240863,0.39302438,0.070005484,1,chr17:879808:thoracic_aorta:0,TP,1
5.2258325,1.4724963,0.89172167,-1.0929091,-1.42904,1.3400834,0.040241897,0.6410802,-0.2708434,0.79149234,1,chr6:43386692:thoracic_aorta:1,TP,1
-0.30859324,0.10522079,0.74620414,0.2735142,1.2438682,0.13509832,0.05005373,0.07936811,-0.05883389,-0.3711888,0,chr7:142451749:body_of_pancreas:0,TN,0
3.0511234,0.96194875,-0.05639071,0.09217071,-0.24207623,1.238424,0.019619135,-0.068276845,0.53841513,1.3653768,1,chr16:31334599:body_of_pancreas:0,TP,1
-2.0256817,1.1511594,-2.3119974,0.34220272,0.527257,0.52622634,0.63154864,-0.067248054,-0.22673135,1.0259187,1,chr11:112081498:thoracic_aorta:0,FN,0
3.35178,-2.784279,-1.4414295,-0.004126816,-0.80184215,0.36590624,-0.563057,-0.2063989,0.3041607,-0.2339206,1,chr11:86939404:body_of_pancreas:1,TP,1
-0.038283665,1.8453279,-1.2800274,0.7454338,0.45263788,0.13183732,1.0729352,0.26054183,0.16164768,-0.22459255,1,chr14:93151711:body_of_pancreas:0,FN,0
2.3091598,-1.7588845,1.0988649,-0.31792584,-0.011836076,0.14865236,1.0205708,0.04085369,0.18888088,-0.46872258,0,chr2:237590674:transverse_colon:0,FP,1
-1.8739946,1.9664267,-1.5026243,0.023283111,0.35305044,-0.5145869,0.14601319,-0.80523205,-0.066703744,0.28575784,1,chr22:41951055:body_of_pancreas:0,FN,0
-2.8410861,-0.44742832,-0.46139687,0.49992627,-0.9316799,0.28049174,0.75743526,-0.436338,0.45848343,0.33921075,0,chr14:69079875:body_of_pancreas:0,TN,0
-2.597273,-0.32385534,-3.0771399,0.63497484,-0.02198665,0.33732137,-0.41401467,-1.2858105,0.25039306,0.40910035,0,chr16:9317902:body_of_pancreas:0,TN,0
-3.0086544,1.4179996,1.039883,-0.46414852,0.27748305,-0.29754704,-0.52754015,0.027995007,0.48703164,-0.08938004,0,chr15:40422201:testis:0,TN,0
-4.0650916,-1.7589549,0.3232532,-0.31044555,-0.35980028,-0.40833497,-0.4477732,0.15257591,0.6922035,0.4836454,0,chr8:118113261:tibial_artery:0,TN,0
-3.733029,-0.75050753,-0.3059047,-0.46538633,-0.36396593,-0.8398415,-0.6841941,0.23386493,-0.6870889,0.35130465,1,chr1:87131773:body_of_pancreas:0,FN,0
-3.2382464,0.6397858,-0.094462946,-1.0074121,-0.2165415,-0.013849306,-0.3649241,-0.14586936,-0.56877273,-0.1110594,0,chr12:109597967:transverse_colon:0,TN,0
-3.6246662,0.65122706,-0.79878217,0.58003986,-0.38148698,-0.42396483,-0.29601777,0.11843761,-0.71075344,-0.20841691,0,chr16:86305507:upper_lobe_of_left_lung:0,TN,0
1.5456532,0.0532614,-1.3416817,0.3800249,-0.6109055,-0.50951844,2.1354034,-0.37237805,1.144967,-0.5819113,0,chr20:41572206:upper_lobe_of_left_lung:0,FP,1
-3.1997333,-1.4879633,0.12387622,0.32170126,-0.33681932,-0.3767954,-0.41765964,0.5752396,0.2986937,0.44996688,0,chr2:9914869:esophagus_squamous_epithelium:0,TN,0
4.2895823,0.042723197,-1.132299,0.81896794,1.1902511,-0.023597488,-0.23104921,-0.67069495,0.58062,1.0582078,1,chr1:91927306:transverse_colon:0,TP,1
5.6794405,-0.7497586,-0.56235677,0.7436672,0.39091855,-0.53924847,-0.7917331,-0.011004506,-0.17431289,-0.84115493,1,chr7:142751721:body_of_pancreas:0,TP,1
-1.7542433,-0.19501665,1.5039377,2.1664925,-0.23698667,0.42932707,-0.05426737,0.20317973,-0.100782305,0.14461909,0,chr3:143976583:body_of_pancreas:0,TN,0
5.810133,0.72173125,0.027579904,0.4720167,-0.091794185,-0.3955888,-0.12732998,1.4176806,0.4529978,0.7312198,1,chr8:45161471:testis:0,TP,1
-3.2776031,-0.4659669,1.610645,0.6204216,0.28136918,0.2246885,0.20079829,0.0271191,0.13061573,0.14780547,0,chr5:178467902:gastroesophageal_sphincter:0,TN,0
3.419106,-0.95873183,0.54360545,-1.4869429,0.08971838,-0.2671707,0.49488106,-0.18621972,0.25132284,0.5593998,1,chr5:177133842:prostate_gland:0,TP,1
5.9594293,-0.7566814,0.22227614,-0.37720168,-0.23449425,0.28436825,-0.5717492,-0.15190609,-0.29467803,0.27082688,1,chr17:45585364:prostate_gland:1,TP,1
-2.3513067,1.516676,-0.2913665,1.1916753,0.008167274,-0.1821276,0.3939189,-0.87909734,-0.5293981,-0.11241109,1,chr21:39175402:transverse_colon:0,FN,0
-1.4949212,3.0251312,-0.5316052,0.08117623,0.37311283,0.06598948,-1.1014065,-0.6065852,-0.11769032,-0.48854643,0,chr6:43497048:suprapubic_skin:0,TN,0
1.1835595,1.961556,-1.2324486,0.55210274,0.69056624,-0.10883201,1.0910122,2.0511587,0.75116104,0.6915143,1,chr2:93976867:suprapubic_skin:0,FN,0
3.1883044,1.1410156,-1.0589623,0.5587848,-0.2923958,-0.18795583,0.7328681,2.6109784,0.8422389,0.8655581,1,chr8:44636977:thoracic_aorta:0,TP,1
4.691456,-1.0713954,-0.98423517,0.8230566,0.7685139,-0.24622051,-0.50974995,-0.41681668,0.64550143,0.16401944,1,chr6:111422630:thyroid_gland:0,TP,1
3.2922678,-2.5258331,0.12192177,-0.91127616,-0.21054946,0.83384264,0.28385127,-0.613259,-0.30000356,-0.095015794,1,chr1:20575428:transverse_colon:1,TP,1
-1.5054979,0.77784425,-1.7053108,0.8998125,1.065306,0.64575225,-0.67035216,1.3681672,0.81203425,0.41298538,1,chr20:28507029:body_of_pancreas:0,FN,0
4.4621453,-0.6710368,0.1492999,-0.5972443,0.4490136,0.33176085,0.025140276,1.0603703,-0.5840507,-0.90282255,1,chr7:63015786:upper_lobe_of_left_lung:0,TP,1
-1.5054979,0.77784425,-1.7053108,0.8998125,1.065306,0.64575225,-0.67035216,1.3681672,0.81203425,0.41298538,1,chr20:28507029:stomach:0,FN,0
3.35178,-2.784279,-1.4414295,-0.004126816,-0.80184215,0.36590624,-0.563057,-0.2063989,0.3041607,-0.2339206,1,chr11:86939404:transverse_colon:0,TP,1
1.4626849,2.4926164,-0.54720396,-0.90485835,-0.9906514,0.23871925,1.815861,-0.77748096,-0.34016603,0.4722714,1,chr19:45427778:tibial_artery:1,TP,1
1.393718,-1.0864397,-1.4065895,-0.25476292,-0.46554482,0.3286512,1.1494237,-0.5573126,0.2407351,0.8390264,0,chr13:26930103:adrenal_gland:0,FP,1
-1.7624505,0.6619707,1.6916637,0.5501248,-0.20493725,0.3026049,-0.18798815,-0.04178462,1.1308,-0.3958951,0,chr8:118112661:thoracic_aorta:0,TN,0
4.2197967,-1.2565409,-0.3194682,0.2729521,-0.41022706,-0.16794632,-0.23202547,-0.002983535,-0.37837818,-1.0585768,1,chr4:75289967:Peyers_patch:0,TP,1
-3.4766424,-0.17689037,0.16303965,-0.098811604,-0.38367411,-0.3744729,-0.4317353,0.23684974,0.031963136,-0.08452938,1,chr4:119212065:body_of_pancreas:0,FN,0
-0.88774973,-0.26909843,-1.5940542,-0.33219707,0.10005927,1.2084658,-0.38404036,0.20397529,0.091358885,-0.20680827,0,chr9:15104864:adrenal_gland:0,TN,0
0.215498,1.3395165,-1.6609564,0.8365071,0.6511975,-0.12558448,1.5350718,-1.0516064,0.5104501,-0.052879162,0,chr16:74399402:upper_lobe_of_left_lung:0,TN,0
-1.7112844,-0.6737669,-1.5798397,-0.10671409,-0.686089,-0.05309878,0.726735,0.68353426,-0.30065852,-0.7622071,0,chr16:2664570:body_of_pancreas:0,TN,0
-1.6666136,1.9603231,-1.4583385,0.21999101,0.40980053,1.0830165,0.2428084,0.5238798,-0.3132792,0.17670606,1,chr19:44577120:thoracic_aorta:0,FN,0
-2.5019407,0.55329317,0.55614334,-0.9612156,-0.21395358,-0.34076247,-0.07145968,-0.20602961,-0.101391815,-0.3727265,0,chr3:45210485:Peyers_patch:0,TN,0
6.6840506,0.101842694,0.632812,0.09040218,-0.512369,-0.16360374,-0.3030995,0.22634241,-0.33652773,0.03894323,1,chr7:142479143:upper_lobe_of_left_lung:0,TP,1
-1.9536786,0.4945874,0.891824,1.2182511,0.17764597,0.89126676,-0.006188633,-0.063208066,0.21694453,-0.06878125,0,chr1:63575748:transverse_colon:0,TN,0
-3.4106107,-0.69510776,0.23095517,0.9232658,-0.7000765,0.45108202,-0.13784441,0.14065562,-0.19033559,-0.1251552,0,chr5:72597084:thoracic_aorta:0,TN,0
-2.086875,2.4100912,-0.22886157,-0.6652048,-0.4605747,-0.62375176,-0.89005595,-0.60295737,-0.3418011,-0.6491987,0,chr1:44655842:tibial_artery:0,TN,0
-3.034318,0.41554964,0.19665645,-0.4638871,-0.47434357,-0.77017355,0.08814017,0.44856152,-0.010457796,-0.21434666,0,chr3:14921124:transverse_colon:0,TN,0
-2.3801398,-0.006418182,0.6839664,-0.08947756,1.3468058,0.55763423,0.76278764,0.12057697,0.2813439,0.015248333,0,chr16:88265764:upper_lobe_of_left_lung:0,TN,0
-0.8636143,-0.45301828,-0.94114804,0.8019968,-0.5485645,-0.4571685,0.37326932,0.58158296,-0.19197997,-1.2678908,0,chr8:125649597:transverse_colon:0,TN,0
-3.0412245,0.1404108,0.89237607,-0.69084144,0.086301155,-0.22304577,-0.21949601,0.16514243,0.095641725,0.16430347,0,chr22:24259700:thoracic_aorta:0,TN,0
5.5942435,-0.5974563,0.11167633,0.2192859,0.034485053,-0.40137577,-0.39295155,0.28444415,-0.34293938,-0.6408432,0,chr21:39153360:thoracic_aorta:0,FP,1
-1.2108686,0.8810478,1.8148153,2.2679613,0.29305318,0.78826296,0.770222,0.0057743327,-0.062430575,-0.26795042,1,chr9:16039580:transverse_colon:1,FN,0
6.8174543,4.6649113,3.2614696,0.9205192,1.1895427,-0.96675205,1.9310662,0.80628526,-0.033550616,-1.3332795,1,chr14:90785685:upper_lobe_of_left_lung:0,TP,1
-4.8062396,-1.5433205,-1.3638637,0.10707048,-1.1886226,-0.7506202,-0.8995422,0.04826594,-0.9508309,0.21571317,0,chr3:107690540:transverse_colon:0,TN,0
6.325227,-0.69844854,0.016741293,0.31036213,0.054202933,-0.48116463,-0.63077855,-0.41668054,-0.22027457,0.13010241,1,chr3:75785419:adrenal_gland:0,TP,1
-1.9775971,1.1129227,-2.2459993,0.65484166,0.94518876,-0.5392737,0.54058117,-0.8169071,-0.08729216,0.7691165,0,chr20:48986703:body_of_pancreas:0,TN,0
0.43497485,1.9691111,-1.3392893,0.063653894,1.2515973,0.20825663,0.3614511,0.22983353,0.43360916,0.56235194,0,chr1:23540459:spleen:0,TN,0
-2.6910212,-0.9473432,0.7955778,1.1911452,-0.33614302,-0.12056183,-0.28455985,-0.035848156,1.3890474,0.28561008,1,chr18:46481136:sigmoid_colon:0,FN,0
-3.3258617,0.10755368,0.73653734,0.5939782,-0.15450774,0.13725294,-0.15494695,-0.2825543,0.836454,-0.4852365,0,chr15:57620139:transverse_colon:0,TN,0
-3.5580735,0.22312678,0.04989223,-0.62486535,-0.1568958,-0.78797024,-0.7534554,0.18630618,-0.07304153,0.3687641,1,chr1:26921783:esophagus_muscularis_mucosa:0,FN,0
-3.7330933,-1.4388043,-0.3080255,1.0818812,-0.44460294,0.4253636,-0.8082427,0.16464412,-0.7017535,0.25759363,0,chr9:127049121:adrenal_gland:0,TN,0
-2.086165,0.28984085,-0.011318588,-2.2072585,1.2431109,0.25788772,-0.2986637,-0.09921724,-0.047672827,-0.32441035,0,chr19:35717320:spleen:1,TN,0
-2.4173014,1.15382,1.7631482,0.45563614,0.2963221,0.0499196,0.25251004,-0.27247867,-0.5142164,-0.30997366,0,chr11:63671929:upper_lobe_of_left_lung:0,TN,0
5.515116,-0.2350076,0.29309952,0.23596954,0.77197534,-0.6879747,0.15874755,0.5712156,0.17253913,-0.61796653,1,chr7:100965858:transverse_colon:1,TP,1
-1.4303622,1.4046738,-1.3124843,-0.33469382,-0.12943529,-0.21084705,0.14103828,-0.48697752,-0.18746947,0.18321358,0,chr2:11829237:body_of_pancreas:0,TN,0
-0.46023363,2.001226,-1.4027641,0.06271265,0.05340108,-0.3013421,1.1793511,-0.88860816,-0.27985054,0.806782,1,chr16:2874817:upper_lobe_of_left_lung:0,FN,0
-2.4777598,0.32825947,1.2982607,-0.93671304,0.5516736,-0.08223139,-0.23943326,-0.1168441,0.8251681,0.1673425,1,chr9:89604122:esophagus_muscularis_mucosa:0,FN,0
5.7432427,0.06548898,-0.43457556,0.9579523,0.9594134,-0.7832674,-0.554934,-0.34632415,0.49499616,-0.6285824,1,chr15:77077965:suprapubic_skin:0,TP,1
6.484976,0.9058605,0.9030134,0.05390395,-0.5141448,-0.82381153,0.3604676,0.40808105,-0.5064588,-0.41399515,1,chr7:63016031:adrenal_gland:0,TP,1
2.7709038,0.46366382,-0.00021116024,-0.40558517,-1.6449254,-0.46927938,1.0873827,-1.1012499,0.2687418,-0.36851144,1,chr2:196068383:prostate_gland:1,TP,1
-2.476268,-1.5282255,0.4341585,-0.4343363,-0.03255368,0.5580265,-0.09471944,0.42601445,-0.49779624,0.026331479,1,chr18:48137415:body_of_pancreas:0,FN,0
-1.2585887,1.5730282,-1.564827,0.6297273,0.69244725,0.22209643,0.37145826,0.25639287,0.11350842,-0.4417649,0,chr18:63844476:prostate_gland:0,TN,0
6.325227,-0.69844854,0.016741293,0.31036213,0.054202933,-0.48116463,-0.63077855,-0.41668054,-0.22027457,0.13010241,1,chr3:75785419:gastroesophageal_sphincter:0,TP,1
4.7655797,-1.6806833,-0.09891185,-0.9347848,0.38362256,0.82211196,-0.48961177,-0.42325795,0.07863778,0.22835205,1,chr9:42852316:transverse_colon:1,TP,1
0.1788767,0.32135248,-0.1233818,-0.11085894,0.69086015,-0.59176743,0.5537851,-0.3961831,0.6941697,-0.6210461,1,chr22:46739374:Peyers_patch:0,FN,0
-2.8247643,-1.6783344,0.5770234,-0.924952,-0.7744431,-0.22501446,0.6201576,-0.0456247,0.49144316,-0.24152996,1,chr1:16513637:thoracic_aorta:0,FN,0
2.5966,0.20666987,-0.98012567,0.40672475,0.6282039,0.8257561,-0.41489512,-0.362441,0.1545645,-0.7243771,1,chr10:47381073:Peyers_patch:0,TP,1
6.904042,0.118319914,0.4829873,0.5378541,-0.10061769,-1.0111066,-0.25865108,-0.49245015,-0.38271108,-0.026734523,1,chr3:75785547:transverse_colon:0,TP,1
-4.3983073,-0.7705515,-0.16587548,-0.14180191,-1.1434267,-0.84873885,-0.7830649,0.0032539621,0.22504832,0.14312215,0,chr1:107782208:transverse_colon:0,TN,0
-2.1293387,1.4598175,-1.1325148,0.021168193,0.5453598,0.64844483,-0.36402276,0.12347322,0.17482336,0.15253888,1,chr1:244014970:transverse_colon:0,FN,0
0.5937028,-2.379237,-1.0700574,-0.89600044,1.3501979,-0.10709049,0.36100882,-0.23796327,-0.18002184,-0.8993857,0,chr7:2064001:upper_lobe_of_left_lung:0,FP,1
-2.1498864,-0.15474969,-0.33913448,0.13405557,-1.3137114,-0.1538357,0.38868275,0.065403,0.31493926,-0.5496951,0,chr8:27855652:prostate_gland:0,TN,0
-2.4694479,0.96497154,2.023161,0.48321745,1.2372481,0.13167308,0.037075356,-0.4472124,0.372315,0.22495599,1,chr20:62355987:gastroesophageal_sphincter:0,FN,0
-2.7947083,0.5450886,-1.5510694,-0.061633825,1.385103,0.29727858,-0.058000427,-0.41842407,-0.2514799,0.4676521,0,chr9:132849549:spleen:0,TN,0
6.371135,-0.47837594,0.472097,0.11989949,-0.3940549,-0.56443363,-0.35888922,-0.49461615,-0.28989688,0.34887367,1,chr7:22550492:tibial_artery:1,TP,1
-3.3444693,-1.2117237,1.1136895,-0.4539016,0.883089,-0.46306267,0.33195183,0.03354993,-0.14162666,0.5688157,0,chr16:86498885:esophagus_muscularis_mucosa:0,TN,0
5.316351,-1.6196285,-0.12898335,-0.19090496,-0.43402997,0.34230033,-0.3580732,-0.14673313,0.12018393,-0.30901772,1,chr6:29705705:upper_lobe_of_left_lung:0,TP,1
-4.1605096,-1.4164857,-0.3239618,-0.3467868,-0.9266147,-0.33112505,-0.9033248,0.1489215,0.5174233,0.03453284,0,chr15:60327096:suprapubic_skin:0,TN,0
-3.59851,-1.2841134,0.9936659,1.2224256,-0.37066036,0.20839635,0.041071128,0.0056932997,-0.35617977,0.6249097,0,chr16:28832746:body_of_pancreas:0,TN,0
-2.8319635,0.2834077,-0.50374246,-0.7117482,-0.17728417,0.53072566,0.006735917,0.118874095,0.08255442,-0.6665566,0,chr16:22195817:testis:0,TN,0
6.904042,0.118319914,0.4829873,0.5378541,-0.10061769,-1.0111066,-0.25865108,-0.49245015,-0.38271108,-0.026734523,1,chr3:75785547:transverse_colon:1,TP,1
-2.0974011,-0.937234,0.48699218,-1.2271214,1.1702,-0.80923605,0.13438028,0.6047495,0.4097883,0.5506926,0,chr2:230068249:tibial_artery:0,TN,0
-2.991888,-0.87150294,0.93095094,1.5662912,-0.29930824,0.18989362,-0.7185071,-0.3749543,0.85236317,0.05771468,0,chr6:150418704:sigmoid_colon:0,TN,0
-3.024745,-1.0150723,0.4336083,1.2466547,0.35379222,-0.5244723,-0.008718869,-0.099276416,-0.2231475,0.22237101,1,chr9:127348292:thoracic_aorta:1,FN,0
5.5443425,-1.3000529,-0.19769046,-0.013144729,0.3071591,0.27226648,-0.8518913,-0.37026983,0.12151706,0.041233115,1,chr3:75785357:gastroesophageal_sphincter:0,TP,1
4.5152125,-1.1437248,-0.38822725,-0.35702074,-0.327941,0.66560954,0.025884109,-0.6521942,-0.051523767,0.3653477,1,chr10:38653055:body_of_pancreas:0,TP,1
-0.9182161,0.834174,-1.6869109,0.63848877,-0.5970868,0.805183,0.54271233,0.50983655,0.8541293,-0.3314697,0,chr19:36692079:body_of_pancreas:0,TN,0
-2.3377213,2.0377865,-1.6442617,0.55510813,0.6163012,0.14591663,-0.40198207,0.14653926,0.015763748,-0.32755107,1,chr20:54142389:sigmoid_colon:0,FN,0
4.4377184,-1.8692024,-0.42346433,-0.5653644,0.22730277,0.5291745,-0.3299054,-0.49705213,0.17432457,0.10182653,1,chr13:20119527:transverse_colon:0,TP,1
3.9403694,0.5067761,0.0026651758,-0.15742168,0.1386362,1.449378,-0.5530859,-0.5483075,0.6438854,2.1553802,1,chr19:21484173:testis:1,TP,1
-3.847512,-1.132806,0.47837356,1.0306062,-0.47174215,0.1832049,0.10826638,-0.14096054,-0.34205976,0.2964711,1,chr4:77240648:tibial_artery:0,FN,0
6.664995,-0.19422686,0.3570304,0.21528257,-0.039623093,-0.5658477,-0.354517,-0.33028904,-0.3994974,-0.09462845,1,chr3:75785609:lower_leg_skin:0,TP,1
-3.3620524,0.80957747,0.5536394,0.44710046,0.121633805,0.37044302,-0.31279346,-0.18489915,-0.22891356,0.32166728,0,chr9:137525662:tibial_artery:0,TN,0
-4.3123965,-1.5906057,-0.58347195,0.48234835,-0.9956568,-0.15275031,-0.5138559,-0.182081,0.22754629,0.4024544,0,chr12:26525146:spleen:0,TN,0
-2.589103,2.0938709,-0.31335098,-0.18100384,-0.87410134,-0.9029981,0.14269672,-0.21664515,-0.3215529,-0.4558054,0,chr2:159118640:transverse_colon:0,TN,0
6.371135,-0.47837594,0.472097,0.11989949,-0.3940549,-0.56443363,-0.35888922,-0.49461615,-0.28989688,0.34887367,1,chr7:22550492:Peyers_patch:0,TP,1
-3.0791707,-0.57056844,0.3449501,1.0733517,-0.9594513,-0.58887327,-0.64656806,-0.40546605,0.86756843,0.3106108,1,chr6:106223515:gastroesophageal_sphincter:0,FN,0
-3.1533637,-0.05511635,1.38779,0.47122654,-0.334856,0.13259563,0.07183726,-0.009022645,-0.09027053,-0.0988106,0,chr16:2639134:body_of_pancreas:0,TN,0
-2.2184865,2.6603045,0.9471155,0.2385299,0.45700085,0.110636234,-0.67805684,-0.40626383,-0.2709734,-0.2991297,0,chr12:52880177:transverse_colon:0,TN,0
-2.5072935,1.0232506,-1.3585906,0.44896922,0.2267099,1.0700183,-0.13292524,0.6029445,0.22810403,-0.12292412,0,chr11:10413417:prostate_gland:0,TN,0
6.1772027,-0.63483644,-0.024337973,0.48153552,-0.16339067,-0.51074135,-0.5850305,-0.30529273,-0.29247758,0.38366136,1,chr6:31374359:adrenal_gland:0,TP,1
-2.8912456,1.6689857,-0.7484146,0.18999873,0.5065043,-0.19746496,-0.54030234,-0.31554118,0.33238858,-0.2975136,1,chr12:9447430:Peyers_patch:0,FN,0
-3.2129598,0.06430268,1.3045225,1.1576736,-0.29962343,-0.2729917,-0.590514,-0.07816105,0.7150006,0.34981033,1,chr13:97810374:thoracic_aorta:0,FN,0
6.540345,-0.2710499,0.2099284,0.5018001,-0.38569534,-1.0855796,-0.1217055,-0.17993109,-0.30565363,-0.06713808,1,chr17:22909996:transverse_colon:0,TP,1
3.097204,1.7970917,-0.0615851,-0.83366483,-0.12592146,1.41236,-0.17429729,1.1886011,-0.5507204,-0.26879752,1,chr16:9160191:body_of_pancreas:0,TP,1
-1.7697923,1.5892032,-0.58207935,-0.64470935,0.59229165,0.2749915,-0.28646007,-0.11995538,-0.1407507,-0.24413186,0,chr9:67726440:prostate_gland:0,TN,0
6.862587,0.70573014,0.9731345,-0.06289524,-0.6573283,-0.06897813,0.06397106,0.34262142,-0.19967206,0.6059406,1,chr7:142521135:Peyers_patch:0,TP,1
-2.2633648,2.5834084,0.31763193,0.006815962,0.021630565,-0.22216669,-1.2115076,-0.049400702,-0.21731226,0.0031811404,0,chr5:119335395:prostate_gland:0,TN,0
3.5071826,-1.1180177,0.012469616,-0.40677813,0.34548366,-0.88937867,0.8345331,-0.90595615,0.23050909,0.05100763,1,chr12:1922226:transverse_colon:1,TP,1
-2.520077,0.69153106,0.48384136,1.0567296,0.09993445,-0.27385885,-0.31712496,-0.20764053,-0.16162065,-0.021556629,1,chr10:23158214:esophagus_squamous_epithelium:0,FN,0
-2.149466,-2.5740652,-1.3645189,0.19523038,0.5480791,-0.3324538,0.3989436,0.66009784,-0.09165419,-0.37118992,1,chr15:72664145:body_of_pancreas:0,FN,0
-1.7923088,1.2025237,-1.7514597,0.6252601,0.0812455,0.69040096,0.10082222,0.056332465,0.20038891,0.3425264,0,chr15:98496405:body_of_pancreas:0,TN,0
0.37215602,0.8184009,-0.88651687,0.19166203,0.44317093,-0.38721758,-0.11715486,0.5511749,-0.38310704,-0.040845145,0,chr3:4304222:transverse_colon:0,TN,0
-1.0736145,2.0366933,-0.842612,-1.1909134,-0.11095893,0.10142809,0.2547603,-0.716261,-0.077315986,-0.053442296,0,chr22:50775184:gastroesophageal_sphincter:0,TN,0
-1.1307012,0.7779928,-0.6453407,-0.57293373,-1.5018986,-1.1649449,0.9877133,-0.35124528,0.46848854,0.22617045,0,chr5:80307552:thoracic_aorta:0,TN,0
0.17870878,2.7772295,0.22523035,-1.7055767,-1.0909519,1.3521538,-0.6603167,0.11416179,-0.36436644,-0.5336482,1,chr9:83219889:tibial_nerve:0,FN,0
-1.122553,-2.1853895,-0.77602273,-0.8901822,1.0313581,-0.11250046,0.33606574,-0.04868092,-0.57140994,-0.5321518,0,chr11:69293346:prostate_gland:0,TN,0
-3.3790529,-0.8026507,-0.038655456,-0.64507395,-0.19549043,0.0754478,-0.47770393,1.0146205,-0.47043085,-0.07097935,1,chr9:83219701:upper_lobe_of_left_lung:0,FN,0
-0.47400314,1.7448157,-0.41467196,0.16908234,0.25250348,-0.10780188,0.18404658,-0.74071485,-0.42834887,-0.27619213,0,chr10:29517575:suprapubic_skin:0,TN,0
-3.566669,-2.1518927,-1.523833,0.541008,-0.8618244,0.042354323,0.67015725,-0.08511602,0.5240084,-1.137398,1,chr10:115019245:body_of_pancreas:0,FN,0
5.3703923,-1.1550492,0.008827854,-0.506392,-0.040537883,0.39937177,-0.40258378,-0.022672448,-0.13850345,-0.33089668,1,chr8:38060267:upper_lobe_of_left_lung:0,TP,1
-3.5920067,-1.2630458,0.81447697,1.1594642,-0.49750012,-0.06575926,-0.49168184,0.12238125,-0.10355432,0.49460712,1,chr3:88180571:body_of_pancreas:0,FN,0
-0.6556385,1.8846647,1.2641532,0.76546526,1.4274539,0.81821877,-0.42155588,0.05483904,0.5777076,-0.63972193,1,chr16:21935488:tibial_nerve:0,FN,0
0.39787835,-0.61216164,-0.024905808,0.5383402,-0.20168823,0.053408857,-0.21485375,0.7154681,0.50651515,-0.80530334,0,chr1:11908348:testis:0,FP,1
-2.4816115,-0.66692674,0.4346235,-1.6362114,-1.0826979,-0.32258564,0.53542864,-0.20948759,0.08603322,-0.32692817,1,chr11:1652791:tibial_artery:1,FN,0
-1.8739948,1.9664267,-1.502624,0.023282448,0.3530502,-0.5145883,0.14601372,-0.8052317,-0.066704154,0.28575793,1,chr22:41951055:Peyers_patch:0,FN,0
-3.844243,-0.74991995,-1.1306953,0.41728297,-0.78324896,0.54165715,-0.5626188,-0.44424254,0.2818111,-0.21403342,0,chr11:123112116:sigmoid_colon:0,TN,0
-1.4023136,0.8165536,1.8718657,1.2881628,0.43967298,0.66178715,0.5137233,-0.4954991,-0.315653,0.14347051,1,chr12:104294234:tibial_artery:0,FN,0
-1.0099131,-1.1120342,-0.035085503,-1.5680684,0.6341484,-0.56617475,0.3979697,0.38312218,0.19002658,-0.106436945,0,chr3:126394859:upper_lobe_of_left_lung:0,TN,0
-3.0534704,-0.102303624,1.7922827,0.16884086,0.60898924,-0.37277535,0.6278149,-0.11192324,-0.06901193,0.37845892,0,chr7:1412901:spleen:0,TN,0
2.4546473,-0.38880906,-0.4730069,-0.75051224,0.452159,1.2937782,-0.72385216,0.861393,-0.06989604,-0.7161176,0,chr8:57203896:upper_lobe_of_left_lung:0,FP,1
1.7801523,-1.7144619,0.615167,-1.2230912,1.5902057,0.6404718,0.7938635,-0.5664408,0.4079873,0.5307122,1,chr2:101151641:body_of_pancreas:0,TP,1
-5.2325087,-2.654249,-1.6859499,-0.105380975,-1.5111023,-0.8087485,-0.6653007,0.086522594,-0.16913624,0.34216493,0,chr11:128172276:spleen:0,TN,0
-1.1416171,-3.4245875,-1.1860647,-1.1311675,1.6570531,-0.38153058,0.12066557,0.1866293,-0.35014564,0.07331368,1,chr6:31356771:thoracic_aorta:0,FN,0
-0.7840785,0.8775172,0.18026656,0.1193003,0.6209824,1.0523013,-0.075067975,-0.46329927,1.0638027,-0.3034288,0,chr13:24684214:spleen:0,TN,0
6.053209,-0.15542285,0.3007113,0.22270262,-0.43933025,-0.29177555,0.22402684,-0.5796248,-0.022994315,-0.067272164,1,chr10:38653296:transverse_colon:1,TP,1
-4.3783145,-1.558862,-0.2043202,-0.17654036,-0.6336423,-0.28758955,-0.119643025,0.10887276,-0.40735584,0.2544467,0,chr12:21437622:transverse_colon:0,TN,0
3.1883032,1.1410162,-1.0589631,0.55878574,-0.29239625,-0.18795685,0.7328674,2.6109784,0.84223926,0.86555797,1,chr8:44636977:thoracic_aorta:1,TP,1
-0.50371194,1.0859503,1.5361247,-1.4897835,-0.52472645,-0.88304263,0.46990868,-0.19014806,1.1022409,-0.3054997,1,chr15:40906278:gastrocnemius_medialis:0,FN,0
-0.9711461,0.58911747,1.0450858,-0.054568306,0.5636256,-0.8996125,0.39140987,0.23627678,0.8507266,0.24165636,1,chr13:24541018:testis:0,FN,0
-1.5307081,2.710359,0.08327878,-0.64441276,-0.88216984,-0.18619679,0.3346435,-0.3748086,-0.45455232,-0.5876511,1,chr16:4548780:esophagus_muscularis_mucosa:0,FN,0
2.9297106,2.2535954,-0.31554252,0.49195927,-0.7180099,-0.6891835,1.2509072,0.05886543,-0.017008314,0.5561222,0,chr10:70668464:sigmoid_colon:0,FP,1
-4.1670613,-0.2122131,0.17647792,0.72009045,-0.47218308,-0.48812404,-0.8040848,-0.118207514,-0.47338313,0.38074264,0,chr6:25602473:tibial_artery:0,TN,0
-3.727303,0.18063422,0.6873162,-0.71894354,0.07225132,-0.77488,-0.4708332,0.0814054,0.2380786,-0.093536615,0,chr13:46797272:body_of_pancreas:0,TN,0
-2.3647513,0.221033,1.7879132,0.58807355,0.15370366,-0.7235844,-0.39004558,0.37520275,1.3483214,0.5854444,0,chr6:26044144:upper_lobe_of_left_lung:0,TN,0
-2.1498864,-0.15474969,-0.33913448,0.13405557,-1.3137114,-0.1538357,0.38868275,0.065403,0.31493926,-0.5496951,0,chr8:27855652:tibial_artery:1,TN,0
1.583723,0.5744494,-0.6980726,-0.027236104,-0.5168097,-0.6192606,1.6816214,-0.18205729,0.5196142,-0.32287562,0,chr10:12252966:upper_lobe_of_left_lung:0,FP,1
5.0389867,-0.0036601506,-0.052204765,0.4815908,1.2067679,-0.13892567,-0.34106857,0.6576669,-0.17255624,-0.78632194,1,chr19:45678133:prostate_gland:0,TP,1
6.6560125,0.19078955,0.215341,0.69071203,-0.27128804,-1.0877428,-0.0210669,-0.019522954,-0.30808276,0.16027594,1,chr17:23044492:body_of_pancreas:0,TP,1
-0.5888442,0.18865263,-0.74973273,0.11016704,0.63788456,-0.32208022,0.6549056,0.64871264,-0.064038344,-0.67958534,0,chr2:24083716:body_of_pancreas:0,TN,0
6.3215857,1.0350121,0.22018567,0.6892322,-0.1872263,-0.8142605,0.2897483,1.0959742,-0.26574314,0.9023934,1,chr17:25564506:thoracic_aorta:0,TP,1
4.7655797,-1.6806833,-0.09891185,-0.9347848,0.38362256,0.82211196,-0.48961177,-0.42325795,0.07863778,0.22835205,1,chr9:42852316:spleen:1,TP,1
-1.5969054,-1.1201112,0.77795225,-1.9870671,0.94948584,0.63364774,0.20233095,-0.061677836,-0.0956718,0.38452566,1,chr16:4273965:Peyers_patch:0,FN,0
-3.1117404,-1.2436844,0.99799645,1.7580739,-0.119857326,0.50252616,0.08789141,-0.176826,0.123993754,0.13067268,0,chr4:104860777:spleen:0,TN,0
-3.1614563,-0.2599101,1.0892199,0.029340332,0.40889105,-0.25961804,-0.17370476,0.23629391,-0.08543829,0.5731024,0,chr9:470085:prostate_gland:0,TN,0
2.8942146,0.4429584,-1.2859379,-0.25234288,0.5704545,1.672957,-0.19742651,0.044248793,-0.17322049,1.4422184,1,chr19:4352840:tibial_artery:0,TP,1
-1.4557992,-0.26520035,0.84699345,1.6797159,0.18789588,0.00670644,0.46218613,-0.80267465,-0.77047604,0.0011543799,0,chr15:90956097:body_of_pancreas:0,TN,0
-1.2308981,1.2232509,-0.60960555,-0.68663645,-0.80281174,-0.6882575,0.34173355,0.24771148,-0.07475178,-0.21426012,0,chr15:59493200:tibial_artery:0,TN,0
3.2922635,-2.5258362,0.12192005,-0.911275,-0.2105473,0.83384264,0.283851,-0.61325926,-0.30000377,-0.09501663,1,chr1:20575428:prostate_gland:0,TP,1
-3.2735488,-0.019895298,1.044067,-0.4376022,-0.16564982,-0.44698212,0.09261907,-0.41068324,0.26742914,0.017512498,0,chr2:58241433:upper_lobe_of_left_lung:0,TN,0
6.1772027,-0.63483644,-0.024337973,0.48153552,-0.16339067,-0.51074135,-0.5850305,-0.30529273,-0.29247758,0.38366136,1,chr6:31374359:sigmoid_colon:0,TP,1
-2.8382504,1.8867904,-1.1019316,-0.15101653,-0.24400096,-0.20024708,-0.5008869,-0.24664119,-0.6140876,-0.17283775,1,chr1:94599535:adrenal_gland:0,FN,0
6.7809134,0.5447033,1.055917,-0.0043691783,-0.8759434,-0.33368704,0.19232923,0.4097382,-0.30159855,0.55293506,0,chr15:21284673:esophagus_muscularis_mucosa:0,FP,1
3.7628887,-0.10592952,-0.94108796,0.026233539,-0.88462305,0.7314465,-0.254999,-1.0662771,-0.11674082,1.6115788,1,chr7:73725711:esophagus_muscularis_mucosa:0,TP,1
-2.2162066,0.9666161,0.2291746,0.7117936,-0.49811053,0.5465956,0.74309814,-0.57973164,-0.6345976,-0.4351529,0,chr6:32700558:Peyers_patch:0,TN,0
-1.5307081,2.710359,0.08327878,-0.64441276,-0.88216984,-0.18619679,0.3346435,-0.3748086,-0.45455232,-0.5876511,1,chr16:4548780:body_of_pancreas:1,FN,0
-2.9484687,-2.3890188,-1.0575051,0.074486844,-1.0538299,0.16382,0.5822382,-0.35960275,0.5582704,-0.32164097,0,chr3:4712885:prostate_gland:0,TN,0
6.542899,-0.11103955,0.43510318,0.30134085,-0.504554,-0.04424021,-0.40126762,0.12351374,-0.26962405,0.08227933,1,chr2:86221296:adrenal_gland:0,TP,1
-2.160725,-0.80903554,-0.41860688,-1.1974732,0.6442135,-1.5007339,0.8700588,-0.051414434,-0.70388174,0.41667247,0,chr10:124389232:sigmoid_colon:0,TN,0
3.1883044,1.1410156,-1.0589623,0.5587848,-0.2923958,-0.18795583,0.7328681,2.6109784,0.8422389,0.8655581,1,chr8:44636977:Peyers_patch:0,TP,1
-2.7730289,0.7155078,0.50956213,-0.29286462,-0.59508467,-0.14456047,-0.46739355,0.47777158,0.29487082,-0.32996732,0,chr1:51769068:esophagus_muscularis_mucosa:0,TN,0
-2.0182889,1.4786332,-1.6034411,0.6367039,0.7655201,0.89579046,-0.24295509,0.16379459,-0.00096997013,0.12946324,0,chr5:72164167:thoracic_aorta:0,TN,0
-2.7959275,1.4363813,-0.17804535,-0.9895381,-0.65922564,0.051975287,-0.39236432,0.55894804,-0.86336476,-0.4615488,0,chr1:156385652:tibial_artery:0,TN,0
6.540345,-0.2710499,0.2099284,0.5018001,-0.38569534,-1.0855796,-0.1217055,-0.17993109,-0.30565363,-0.06713808,1,chr17:22909996:sigmoid_colon:0,TP,1
-2.5384865,0.20328361,1.6966622,1.7106509,0.049893536,0.43314183,0.19302884,-0.4250846,-1.0745796,0.47005373,0,chr13:40653727:esophagus_squamous_epithelium:0,TN,0
-2.1942132,1.2309095,-1.0852123,0.7863227,0.016189571,0.2707747,0.24885891,0.38987708,0.106191024,0.034873124,0,chr19:49199376:adrenal_gland:0,TN,0
-3.2584803,0.8859793,0.783934,0.11733208,0.31777263,0.47678158,-0.42627636,-0.2179572,-0.60480165,-0.2016387,0,chr18:76983624:Peyers_patch:0,TN,0
-3.081043,0.43654963,-0.8514098,-0.45002085,-0.081067905,1.3104804,-0.49151513,0.25490916,-0.22825642,-0.5130735,0,chr15:52449656:gastrocnemius_medialis:0,TN,0
-1.6248666,2.8605886,-0.23796771,-0.11915983,-0.008750613,-0.12679093,-1.1160854,-0.73868364,-0.12613012,-0.57593507,0,chr12:117837661:esophagus_muscularis_mucosa:0,TN,0
-4.2560186,-1.7566166,-0.88676476,-0.62323684,-0.2674948,-0.22268204,-0.05338021,0.3858864,-0.7032625,0.77913386,0,chr5:175617565:spleen:0,TN,0
4.312792,0.27009848,-0.42675322,0.46321887,0.36512634,-0.36167878,0.8060676,-1.0132887,0.38137043,0.51671505,1,chr17:21322644:body_of_pancreas:0,TP,1
5.2258325,1.4724963,0.89172167,-1.0929091,-1.42904,1.3400834,0.040241897,0.6410802,-0.2708434,0.79149234,1,chr6:43386692:Peyers_patch:0,TP,1
-1.5950859,2.7467651,-1.1046362,0.31703398,0.5605025,-0.40794805,0.36701995,-0.5620945,-0.2386486,-0.09245795,0,chr14:102063059:thoracic_aorta:0,TN,0
-1.8916575,1.1603594,-1.2165018,-0.14516063,-0.542154,-0.4487253,-0.34669775,0.9263054,-0.408297,-0.29007843,0,chr5:34465583:Peyers_patch:0,TN,0
5.7804794,-0.66066337,-0.09679831,0.5243545,0.6314681,-0.5542081,-0.2627438,0.022627298,0.2388169,-0.53321534,1,chr16:57628854:body_of_pancreas:0,TP,1
-1.2160566,-0.24814697,0.6759083,-0.32346275,1.5855561,0.5784235,0.59482545,-0.32595038,-0.011981572,-0.4146238,0,chr4:1200797:upper_lobe_of_left_lung:0,TN,0
-0.68128294,2.939219,-1.3439761,0.4472277,0.3318755,-0.61235046,0.8537479,-0.16999412,-0.060992286,0.53774035,1,chr10:86410550:body_of_pancreas:0,FN,0
-2.7345972,0.49247098,1.5163411,-0.8719714,0.50546706,-0.28025135,0.25790384,-0.09574911,0.54562885,0.23641105,0,chr6:167351302:Peyers_patch:0,TN,0
