PC1,PC2,PC3,PC4,PC5,PC6,PC7,PC8,PC9,PC10,target,example_id,confusion_category,pred_label
-2.2427566,-0.6772302,-0.43607023,-0.5806953,0.14141242,0.3906752,-0.07409098,0.18114941,0.531974,-0.07004422,0,chr1:208268555:body_of_pancreas:0,TN,0
-2.5582426,0.73600197,1.2169564,1.7026252,-0.9871949,-0.5200944,0.10012309,-0.082286485,0.18905464,-0.37754613,0,chr10:100267607:transverse_colon:0,TN,0
-2.7020257,0.52713406,-0.04845004,0.54553896,0.59431905,-0.07147579,-0.15342031,-0.08784215,-0.17756261,-0.3731259,0,chr15:85840427:sigmoid_colon:0,TN,0
4.2210164,-0.587127,-0.16371453,-0.22690418,-0.33328143,0.50660914,-0.1970491,1.0734328,-0.42728153,-0.47968897,0,chr20:53943966:thoracic_aorta:0,FP,1
-1.8954035,1.1047072,2.3196068,2.0876637,-0.38472953,-0.540566,-0.047383185,0.5143599,-0.048106395,-0.25686494,1,chr2:46699152:prostate_gland:0,FN,0
-2.4999042,-0.96151626,0.7262359,-0.8211605,-0.5553202,0.03894288,-0.71470386,-0.20512433,0.5085995,0.66375077,0,chr5:150847159:prostate_gland:0,TN,0
6.0182343,1.0697982,-0.6282455,0.02586156,-0.22270182,-0.89731264,-0.040387414,-0.47528672,0.09885565,-0.17832954,1,chr2:86221296:thoracic_aorta:0,TP,1
-1.4664842,-0.58771986,1.0037911,1.8318503,0.7407045,0.9825779,0.1964181,0.17462003,-0.3878091,-0.14430636,1,chr9:33447548:prostate_gland:0,FN,0
-1.967268,0.010370894,-0.43165192,1.1493214,0.25244242,0.03733635,0.47814417,0.19024052,0.25545692,-0.06636408,0,chr7:100950296:Peyers_patch:0,TN,0
4.467405,-0.07899788,0.721681,0.018712299,1.0408771,0.949852,0.07708601,-1.1498728,0.061584197,-0.3884622,1,chr8:41651698:testis:0,TP,1
-1.4924551,-0.045490667,-0.21459249,-0.553157,-0.8890227,0.58260083,0.44919658,0.7900259,-0.17717738,-0.6741494,0,chr1:239067551:body_of_pancreas:0,TN,0
-2.657656,-0.41558456,0.40412766,0.025515543,-0.005096692,-0.05133531,-0.19242312,0.30977753,-0.066686295,0.4554765,1,chr1:146376989:lower_leg_skin:0,FN,0
4.0188427,3.7283812,-0.47174233,-0.6031057,0.7884509,-0.4413123,-0.4253181,1.1296076,1.1789087,0.36076257,1,chr8:44636977:gastrocnemius_medialis:0,TP,1
-2.1324759,-1.085323,1.5183152,-1.3035374,0.25273788,-0.89157385,-1.1246376,0.48793736,-0.4189424,0.58490616,0,chr22:50533646:body_of_pancreas:0,TN,0
-0.76446605,-2.9569616,1.319862,-1.5458964,-0.5348733,-0.6060594,-0.42315537,-0.81055766,-0.47527993,-1.2123082,1,chr2:8910313:body_of_pancreas:0,FN,0
-2.2315567,-0.6103846,-0.1366123,0.92298746,0.26481614,0.16376795,-0.3477336,-0.15207042,-0.004384614,-0.09760101,1,chr6:44627517:body_of_pancreas:0,FN,0
-0.6754975,-1.4928423,-0.28585854,0.54351664,0.7322321,0.8631742,0.81257755,-0.007967465,0.22861095,-0.23770842,1,chr6:157274469:tibial_nerve:0,FN,0
-1.6939548,0.12349149,0.8833696,-0.91376156,0.39694214,-0.48310816,0.54237837,0.6639088,0.28455043,0.48158967,0,chr2:130144620:spleen:0,TN,0
-2.8691564,1.2202051,-0.38545418,0.52950525,0.4341433,-0.2741618,-0.0259892,-0.16901545,-0.10471069,0.13215196,0,chr20:59515611:transverse_colon:0,TN,0
-1.610108,-0.9265306,-1.3243476,-0.1123736,0.19326146,0.2690526,0.08318587,-0.14914735,0.042513605,-0.31971052,0,chr15:63000361:body_of_pancreas:0,TN,0
-2.9421678,0.70342696,1.1934632,1.6942488,-0.410114,-0.48050538,-0.41045013,-0.123525955,0.15220594,-0.34100688,0,chr7:150323436:spleen:0,TN,0
-2.5394096,-1.3363466,-0.93277353,0.53787214,0.026589427,-0.6825415,0.08241962,-0.04505791,-0.17405239,0.0001340367,1,chr6:131199853:adrenal_gland:0,FN,0
6.0508747,0.21887265,-0.17495261,0.2315908,0.2887831,-0.3586335,-0.033162143,-0.34838563,0.13248485,-0.020931877,1,chr17:45585364:esophagus_muscularis_mucosa:0,TP,1
-2.640925,-0.53981483,-1.1837635,-0.043668345,0.19922909,-0.6198251,-0.44428423,0.03775779,-0.09975017,-0.07007496,1,chr9:127348292:gastroesophageal_sphincter:0,FN,0
-2.5674865,-0.5075025,-1.0042198,0.49438584,0.40167966,0.6692347,-0.42795882,-0.19550931,0.27250084,-0.56242484,0,chr21:43723793:body_of_pancreas:0,TN,0
-2.0716336,0.13699414,1.4991012,2.0080252,-0.31800982,-0.13250087,-0.031557236,0.2571713,0.34995782,0.021439044,0,chr6:138988030:esophagus_squamous_epithelium:0,TN,0
5.7312045,1.1893016,-0.66618013,0.17313212,-0.09957065,-1.161795,0.05665327,0.23759064,0.9008211,0.0055094925,1,chr17:22909996:testis:0,TP,1
-2.6496224,0.0014327517,-0.944904,0.14381698,0.34352496,-0.708564,-0.0009866866,0.07806734,-0.0056063267,0.066461764,1,chr18:56728983:transverse_colon:0,FN,0
5.8944116,-0.03664089,-0.2834859,0.26086816,0.11838599,-0.6211736,0.049103975,0.21856521,-1.1139883,-0.101822235,1,chr11:29644415:prostate_gland:0,TP,1
-2.8396678,0.82690954,-0.6639799,-0.2856852,0.75218827,-0.63418585,-0.26475918,0.066996805,-0.15402426,0.08200497,0,chr6:11013986:body_of_pancreas:0,TN,0
-0.4264741,-4.0565805,0.50333554,-0.8304325,-0.5899898,0.032029193,0.293158,0.15525791,1.088019,0.1896253,1,chr7:100949214:Peyers_patch:0,FN,0
-0.26689425,-0.70712024,0.3572837,1.1003253,1.7027018,1.5932742,-0.025603134,0.7883876,-0.37701824,0.0033299415,0,chr15:63122523:gastrocnemius_medialis:0,TN,0
-0.32561418,-0.17048864,-0.30899653,-0.32785904,0.17737092,-0.2869408,0.901256,-0.14213328,0.022642337,0.7436832,0,chr1:19659758:tibial_nerve:0,TN,0
5.2963333,-0.839302,-0.16016282,0.66614366,0.40339598,0.10293908,-0.3549836,0.10108168,-0.8662144,0.5024063,1,chr11:46305551:body_of_pancreas:0,TP,1
-1.7824768,-0.7114009,-0.9391651,1.0859417,0.27476203,0.20448077,0.12867638,0.20963705,-0.1786421,0.14269766,1,chr5:759207:body_of_pancreas:0,FN,0
-2.0885952,-2.258338,-0.2194034,-0.37308875,0.45997494,0.24042214,-0.18524188,-0.573269,0.66064376,0.0066803796,0,chr7:100217197:tibial_artery:0,TN,0
-2.3132813,-0.05304635,-0.1909699,-1.2997134,-0.72536755,-0.16082525,-0.075895116,-0.24973865,-0.052218586,-0.19028115,0,chr9:105609267:thoracic_aorta:0,TN,0
-1.5209076,2.1272948,0.25877574,-0.9853096,-0.6273769,1.0192486,-0.04522172,0.0005159403,-0.35566667,-0.38284972,0,chr3:64325309:thoracic_aorta:0,TN,0
2.4736207,-1.7782961,0.04205825,0.96359503,1.6391525,1.6920301,-0.048283353,-0.10586766,0.2641943,0.21457084,0,chr17:4639421:upper_lobe_of_left_lung:0,FP,1
-2.0203161,-1.8620721,0.31739143,0.08228388,-0.21212173,-0.087696835,-0.053800713,-0.15925637,0.20259748,-0.13036098,0,chr14:34228362:thoracic_aorta:0,TN,0
4.391388,2.201716,-0.20010306,0.25006232,-0.34431514,0.008873772,0.8213576,0.48927227,-1.3497121,0.1247529,1,chr7:73725711:suprapubic_skin:0,TP,1
-2.729317,-0.81428015,-0.26004526,-0.025559895,0.26852354,-0.4529733,-0.027220227,-0.31360093,0.1604846,-0.03577486,0,chr3:9862475:body_of_pancreas:0,TN,0
-1.8572371,-1.0900508,-0.853991,-0.13088658,0.49402037,-0.22779872,0.50923723,0.19395794,0.037783306,-0.33639494,0,chr1:225816669:transverse_colon:0,TN,0
3.936322,-1.7861863,-0.63591504,0.30346686,0.19150957,1.2876986,0.13969135,-0.1214915,0.5664408,0.075301625,0,chr2:46818510:body_of_pancreas:0,FP,1
-2.9394827,-0.017570449,-0.813886,0.20559116,-0.36247212,-0.1487455,-0.38643932,0.024709003,-0.09910745,-0.352742,0,chr6:2448888:adrenal_gland:0,TN,0
-2.9200983,1.1546993,-0.90169513,0.096390784,-0.10384838,-0.15312338,-0.018583,0.091389656,0.1665615,0.01252103,0,chr12:21437622:tibial_artery:0,TN,0
2.7653844,-2.3542843,1.1095011,1.6034234,-0.5339572,1.4076428,-0.95596457,-0.026544133,0.9124999,0.8723722,0,chr6:31356771:prostate_gland:0,FP,1
4.196642,-1.6129235,0.27297014,-0.8194344,-1.3608263,-0.40143248,1.1593919,0.37281188,0.048686914,-1.2018718,1,chr5:123274158:body_of_pancreas:0,TP,1
-2.156162,0.92885184,1.6681061,1.3676274,-0.23236611,-0.29356363,0.06845327,0.01737841,-0.15992728,0.24295919,1,chr17:49764139:body_of_pancreas:0,FN,0
5.982632,0.4656694,-0.46795815,0.30539548,-0.10581518,-0.5156171,-0.05724279,-0.45722428,0.13313676,-0.08640488,1,chr12:121918386:transverse_colon:0,TP,1
-3.0225892,0.57372504,-0.7581831,0.27159125,0.291012,0.16975264,-0.33746406,-0.508335,-0.024557572,-0.25398344,0,chr9:133565456:testis:0,TN,0
-2.0779004,0.40245453,0.97539425,1.367266,-0.5417792,-0.47879797,0.5508339,0.070180535,-0.15497,-0.3417693,0,chr1:100249897:lower_leg_skin:0,TN,0
-0.5622369,0.015150359,1.3988647,1.4199922,-0.07746973,0.37560496,0.59289086,0.74502283,-0.026928883,-0.73871183,0,chr7:26377045:sigmoid_colon:0,TN,0
5.1689863,-1.1085119,-0.83568794,0.26519352,-1.773931,-0.3968631,-0.078308,-0.25108773,-0.49824968,0.5787592,1,chr2:196068383:spleen:0,TP,1
4.9527736,-0.14546897,0.8186521,0.63318515,0.812269,0.20925419,-0.1578887,0.4609788,-0.6462538,-0.38539457,1,chr3:165196968:body_of_pancreas:0,TP,1
-2.7856772,0.62980443,0.04193415,0.94282013,-0.27412343,-0.33571634,0.26080856,-0.16406132,0.2854673,-0.1913269,0,chr6:29942249:spleen:0,TN,0
-2.3942227,1.0273132,0.26961792,-0.72307307,-0.30703342,-0.4997822,0.6001859,-0.41323376,0.37511197,1.169026,0,chr19:48152501:omental_fat_pad:0,TN,0
5.0528665,-0.5796341,0.2578982,0.43361047,1.1147659,0.6288026,-0.70403075,0.07163761,-0.06593559,0.14060748,1,chr9:42852316:suprapubic_skin:0,TP,1
-2.5597072,-2.1799664,1.6406767,0.53106695,-1.0276908,-1.2083359,0.03675024,-0.56363904,-0.25702184,-0.37106436,1,chr1:29230711:body_of_pancreas:0,FN,0
4.623751,-3.438876,-0.12780795,0.68771183,-0.7211903,0.36071706,-1.0589439,-0.24258384,0.5545237,1.1465318,0,chr19:7637688:body_of_pancreas:0,FP,1
0.022161933,0.543454,0.641116,0.23858319,0.090104975,1.692185,-0.787559,-0.5899959,-0.4057053,-0.18048969,0,chr16:85056622:adrenal_gland:0,TN,0
5.988593,0.27588132,-0.5156524,0.63137656,0.09215633,-0.317724,-0.32066283,-0.22969809,-0.102964394,0.09191205,1,chr3:75785357:upper_lobe_of_left_lung:0,TP,1
-3.2109704,1.2845933,0.0595868,0.87812907,-0.084766924,-0.05139392,-0.74365383,-0.39290813,0.34128693,0.07142856,0,chr7:5487175:body_of_pancreas:0,TN,0
5.504754,-0.42857587,-1.0729078,0.5794103,-0.9351029,-0.38438833,-0.20050439,-0.17904988,0.06473335,0.79488605,1,chr7:142771759:body_of_pancreas:0,TP,1
-2.6613808,-0.5832786,-1.1844931,0.2512446,0.08450174,-0.4515055,0.008650457,0.025965592,0.020500718,0.0072940844,1,chr6:131199853:Peyers_patch:0,FN,0
-2.3198938,0.4189298,-1.3038597,0.0166504,-0.06823386,0.49955702,0.16109025,0.048693795,-0.19803216,0.115177244,1,chr12:8058040:tibial_nerve:0,FN,0
-1.1846386,-3.2765136,0.81476885,-1.0383996,-1.1013784,0.18055707,-0.8383113,-0.3270057,0.5680316,-0.13450871,1,chr6:32967583:body_of_pancreas:0,FN,0
-2.9163194,-0.12548287,-0.6900306,-0.049166914,-0.010401697,-0.45351812,-0.19736144,0.11522777,-0.011455655,0.05555644,0,chr6:32622665:body_of_pancreas:0,TN,0
-2.1961482,0.37864196,-0.8649203,-0.2940526,-0.83026975,0.35694405,0.043982666,-0.23241943,-0.030058365,-0.52348566,0,chr5:75681235:upper_lobe_of_left_lung:0,TN,0
-3.3724465,0.59863573,0.2689369,0.072716676,-0.53765655,-0.57824814,-1.0571468,-0.041876923,-0.09446744,-0.31639603,0,chr13:108155918:adrenal_gland:0,TN,0
-2.6494796,-0.12900549,-0.5105495,0.18489914,-0.038980387,0.014446981,-0.58931816,0.3463697,-0.29891634,0.15478733,1,chr5:149431239:upper_lobe_of_left_lung:0,FN,0
-2.598681,-2.6850038,1.4213288,-0.28512228,-0.041667044,-1.065374,-0.44858664,0.22326262,0.32644883,0.61164993,0,chr17:74791544:spleen:0,TN,0
-2.6183627,-0.10412734,-1.069265,0.18970746,0.13604343,-0.21263298,-0.23077416,-0.0036865927,-0.27511168,0.01335597,1,chr9:127348292:Peyers_patch:0,FN,0
-2.544675,1.0297265,-1.3761389,-0.30812863,0.37813818,0.56266594,-0.06436957,-0.023876386,-0.2015426,-0.19659036,0,chr10:1227900:thoracic_aorta:0,TN,0
4.789733,-2.0314415,-0.7201802,0.6730459,-1.2985567,-0.48303863,-0.9672095,-0.005504641,0.07680407,1.0237125,1,chr11:60251676:spleen:0,TP,1
-1.5683343,-0.7712482,-0.7089926,-0.47281018,-0.8605525,0.29708284,0.5242376,0.40929613,0.5467619,-0.5343204,0,chr1:51769068:tibial_artery:0,TN,0
-2.9940724,1.3307562,1.2483951,1.1142896,-0.26256835,-0.7230425,-0.83529454,-0.035199087,-0.007981736,-0.0684983,0,chr15:34210265:tibial_nerve:0,TN,0
5.338093,-0.6907869,0.7877326,-0.44374105,1.0105302,-0.48075664,-0.3365758,0.027224926,-0.16655052,-1.1014037,1,chr9:42974893:transverse_colon:0,TP,1
-2.1693711,2.5140862,-0.50492066,-0.9251718,-0.02945257,0.5810367,-0.019572675,-0.023839278,-0.48572162,-0.07823109,0,chr2:171054379:body_of_pancreas:0,TN,0
-2.234443,-0.50554526,0.45622513,1.2757622,0.3606777,-0.8543879,0.42549804,0.33735636,-0.19312163,0.17028813,1,chr5:181184339:prostate_gland:0,FN,0
6.123335,0.33315802,-0.4739883,0.16878544,0.040640313,-0.5328954,0.043865662,-0.1959897,0.07323554,0.06216038,1,chr6:31374359:spleen:0,TP,1
-1.0932716,0.82220834,0.7369098,-1.7759511,-0.31754416,0.5677898,0.87522125,-0.7759697,0.17154506,0.20308805,0,chr12:21313572:upper_lobe_of_left_lung:0,TN,0
-0.8518171,-2.9445386,-0.3787794,0.42062557,0.90714234,0.43445662,0.45429304,0.2627835,0.16469158,-0.014619444,0,chr10:77620178:thoracic_aorta:0,TN,0
2.3818655,-2.958043,-0.2626945,0.9131333,-0.06398827,1.3588029,-0.5823898,0.093856744,0.6139607,0.4916167,1,chr19:47436804:sigmoid_colon:0,TP,1
-1.5304149,0.029585704,-0.8597691,0.67540604,0.54342264,0.10365586,0.542531,0.09935846,0.0042914036,0.4112067,0,chr5:109409450:transverse_colon:0,TN,0
-1.198863,-1.5540339,1.5609043,-1.5786431,-0.4172145,-0.5426085,0.19152236,-0.14779429,0.3155651,-0.9297813,0,chr12:14454207:adrenal_gland:0,TN,0
-2.1759996,-0.2810383,-0.8218558,0.4215193,-0.16157201,0.54189205,0.06408198,0.72739565,-0.1523756,-0.36947632,0,chr22:26483000:body_of_pancreas:0,TN,0
-2.497471,-0.3490722,-1.1214397,0.056490157,0.020049363,0.043467876,-0.13792408,0.13060348,-0.016768727,-0.08198404,0,chr4:10582403:Peyers_patch:0,TN,0
-3.15426,0.024770113,0.070318915,-0.78696704,-0.48706216,-0.49042267,-0.2424553,-0.37287283,-0.07845308,0.6821494,0,chr2:161273349:adrenal_gland:0,TN,0
-2.583356,-1.0377979,-0.9475646,-0.43221992,0.27198017,-0.5638934,0.08675113,-0.16238901,0.040860694,0.07459691,1,chr4:77240591:gastroesophageal_sphincter:0,FN,0
5.207709,-1.2986984,-0.29919243,0.5342919,-0.63218933,0.09446255,-0.4970549,0.26263085,-0.50991327,0.36140272,1,chr17:43360096:transverse_colon:0,TP,1
-2.4438822,1.5373267,1.278531,2.0324266,-0.6938286,-1.0597067,-0.031403646,0.15936229,0.0683697,-0.342222,0,chr16:70801195:esophagus_muscularis_mucosa:0,TN,0
-2.413449,1.2321576,-1.4699595,-0.10444259,0.75455785,-0.10835744,0.14620753,0.027622676,-0.071702026,-0.07732353,1,chr2:111313881:body_of_pancreas:0,FN,0
-2.6918144,0.3337509,-0.6489334,0.031505954,0.37598675,-0.6631686,0.14750004,0.4040732,-0.23020768,-0.24986167,1,chr4:119212065:upper_lobe_of_left_lung:0,FN,0
5.7190814,1.38873,-0.58505833,0.29722783,0.07099967,-1.0634619,0.025792204,0.3577841,0.85456187,0.06379121,1,chr17:22856764:sigmoid_colon:0,TP,1
-1.9768146,-1.2375638,-1.3539927,-0.41121453,-0.41511858,0.15304366,0.24123946,-0.11827882,-0.07363112,-0.05719122,0,chr18:46481136:Peyers_patch:0,TN,0
-1.0655013,-0.9146163,-0.81552494,0.8579852,0.36362824,1.0595068,0.86164296,0.031644877,0.611354,0.27412593,1,chr15:40906278:transverse_colon:0,FN,0
-2.3006217,1.3728714,0.6860083,1.2516067,0.73661333,0.364767,-0.07453775,0.11831267,-0.5774133,0.28244624,0,chr4:2764553:thoracic_aorta:0,TN,0
-2.5543427,0.53556377,-0.55694526,0.021849371,-0.16120316,0.24705477,0.06885212,0.070037335,-0.13538425,0.2171297,0,chr1:220775349:transverse_colon:0,TN,0
-3.0453799,1.6352372,1.087305,0.9506159,-0.3400424,-0.74497664,-0.7270971,0.013235936,-0.06678355,-0.33899695,0,chr8:123042465:testis:0,TN,0
6.0355883,0.31537935,-0.14659363,0.32128173,0.23525263,-0.3287052,0.03011818,-0.36470774,0.13454646,0.030706104,1,chr17:45585364:body_of_pancreas:0,TP,1
5.6777315,-0.47960535,0.15350455,0.22702864,0.65624017,-0.13121693,0.15188102,0.3112803,-0.5001697,-0.40211567,1,chr19:4352840:upper_lobe_of_left_lung:0,TP,1
4.473896,-0.50546306,1.4109685,-0.38717878,1.5694786,-0.18111144,-0.22643933,-0.4972287,0.06205973,-0.8949381,1,chr19:45678133:adrenal_gland:0,TP,1
0.90825033,-1.3340086,0.75436616,-0.8386971,0.16334562,0.57920384,-0.84362894,0.25272506,-0.2888775,0.071230136,0,chr6:32967583:gastrocnemius_medialis:0,TN,0
-2.5804873,-0.53093165,-0.32543907,0.08540652,0.5534802,0.25173414,-0.33666202,0.544161,-0.008297367,0.046568926,0,chr16:87950990:body_of_pancreas:0,TN,0
-3.0778902,-0.42356327,-0.6545609,0.031221148,-0.0827246,-0.19269328,-0.45100036,-0.18663192,0.093527175,-0.073046595,0,chr19:22302101:esophagus_squamous_epithelium:0,TN,0
-2.8716996,1.17425,1.5807282,0.70484895,-0.5946649,0.021469293,-1.169946,0.2910754,-0.48252356,-0.13504435,1,chr7:5085799:spleen:0,FN,0
5.829158,0.105111085,0.10068639,0.0058080857,0.6105926,-0.3946534,-0.41161314,-0.3795889,-0.29023385,-0.84120905,1,chr9:42974893:tibial_nerve:0,TP,1
-1.6042165,0.8468857,2.0430686,2.2278914,-0.25669733,-0.29725724,0.34331506,0.31955382,-0.032182816,-0.31203896,1,chr11:32892862:upper_lobe_of_left_lung:0,FN,0
-2.5518343,-0.07007123,-0.7460914,-0.67002636,-0.03725121,0.5508705,-0.08996666,-0.8133842,0.3754006,0.22094171,0,chr10:69743429:testis:0,TN,0
5.9921837,0.5318397,-0.8192503,0.3465391,-0.5138557,-0.87673724,0.10973822,-0.44263387,0.24931785,0.14808147,1,chr3:75785547:gastrocnemius_medialis:0,TP,1
3.2132986,1.6682833,0.43127757,-0.4199445,-1.8385518,0.75306773,0.587797,-0.35333505,0.41669053,0.17742677,0,chr1:201704952:spleen:0,FP,1
4.2731733,-2.2624066,0.13923785,-0.86730754,1.2141479,0.30282566,-0.23983571,0.92702156,0.24775927,-0.14015833,1,chr17:879808:tibial_artery:0,TP,1
-1.8002932,-0.58896136,-1.1785522,-0.48640072,-0.34752503,-0.20743872,0.47909153,-0.6935342,-0.3621244,-0.22807145,0,chr3:177592618:thoracic_aorta:0,TN,0
-3.167611,1.2972916,-0.94267786,-0.12471159,-0.39055696,-0.18285868,-0.25562438,-0.20007029,0.10175809,-0.04812265,1,chr15:82365725:suprapubic_skin:0,FN,0
-2.28811,1.2250037,1.0854301,2.0917618,-0.22837007,-0.7026998,0.30475566,0.23357289,-0.014593095,-0.40875146,0,chr8:94640757:transverse_colon:0,TN,0
-1.7610664,0.69291234,-0.79589534,0.8128199,0.8760769,-0.21231782,0.16451977,0.31491607,-0.3027503,0.2221254,1,chr22:49724957:upper_lobe_of_left_lung:0,FN,0
-1.209378,0.15643317,-1.2792596,0.7051503,0.34843907,0.5123494,0.6356548,-0.048007764,0.41146508,0.313537,0,chr22:23289163:upper_lobe_of_left_lung:0,TN,0
2.3799143,-3.386021,-0.40985352,-0.64113134,-0.8969518,1.186198,-1.3572408,0.46032336,-0.053854894,0.6003852,1,chr12:11071467:body_of_pancreas:0,TP,1
-1.6736547,-1.1355703,-0.046728432,0.90017205,0.44102964,0.5731209,0.028807249,0.59391874,-0.6116601,-0.6806093,1,chr6:169655219:tibial_nerve:0,FN,0
-2.704643,1.334012,0.65757626,0.33487394,0.3222434,0.07208256,-0.24196222,-0.029704204,-0.21069263,-0.4609807,0,chr19:41706904:upper_lobe_of_left_lung:0,TN,0
-2.0782757,0.18319456,0.6170066,-0.17627646,-0.94656336,-0.1612085,0.41926715,-0.9575878,0.103370056,-0.26209804,1,chr19:49085162:gastroesophageal_sphincter:0,FN,0
-0.7698478,-0.40007943,-0.4985756,-0.77433234,1.835315,0.24634527,-0.3351611,-0.19822343,0.20112334,0.12411374,0,chr16:2661012:tibial_nerve:0,TN,0
-1.0012089,-1.5521339,0.8546292,-0.75541824,0.17066048,0.20041758,0.90738577,0.28462696,-0.06197891,0.15888892,0,chr6:16409816:esophagus_squamous_epithelium:0,TN,0
-0.9494003,-0.6241837,-1.6446835,-0.4075528,-0.08779275,1.4968804,0.30540648,0.38725817,0.2967019,-0.31890538,0,chr6:154371294:thoracic_aorta:0,TN,0
-1.4369159,-0.18204601,-0.28045765,1.4122862,0.23431489,0.18059394,0.8545137,0.30742377,-0.06192292,-0.12507896,0,chr17:37489615:gastroesophageal_sphincter:0,TN,0
-3.0131338,0.3289357,-0.37876216,0.35910326,-0.07415076,-0.2785348,-0.70315605,0.3787491,-0.45331374,-0.055861585,1,chr5:149431239:spleen:0,FN,0
-2.3464556,1.358816,0.47346973,0.16106687,0.793119,0.14243239,0.0342461,0.14327835,-0.25833336,-0.7945478,1,chr12:1922226:body_of_pancreas:0,FN,0
-1.9076945,-1.4550306,0.72960687,0.32562086,-0.03301386,0.7187412,-1.0681705,0.36743322,0.24906178,0.44777027,0,chr22:11703827:prostate_gland:0,TN,0
0.77969664,4.610137,1.0773476,-0.5636391,-0.4567685,0.9983618,0.69354653,0.51165396,0.9883326,-0.75146353,0,chr3:58305852:sigmoid_colon:0,TN,0
5.7819576,-0.11787694,0.15084752,-0.11076792,0.8344325,-0.2832392,-0.28252715,-0.81942093,0.04904475,-0.43305594,1,chr21:42863253:Peyers_patch:0,TP,1
-0.86057585,0.57589203,-0.6682478,-0.98601294,0.946222,-0.02776897,0.23467894,0.19551004,-0.16294014,0.6863932,1,chr12:104294234:transverse_colon:0,FN,0
-2.7039561,-0.69669485,-0.9653884,-0.13386065,-0.016915694,-0.5258807,0.09006958,0.0042989687,0.1431825,0.03333194,0,chr18:3595766:Peyers_patch:0,TN,0
3.3871405,0.52176017,0.8970633,-1.9086468,1.038182,-0.83514804,-0.37795725,1.6054304,0.9601061,0.0013819303,1,chr8:44636977:sigmoid_colon:0,TP,1
4.8956795,-0.8647817,-0.1482946,0.5274156,-1.1155754,0.57507986,-0.49158674,-0.3830912,0.123265654,0.4378233,1,chr19:21585701:body_of_pancreas:0,TP,1
-2.2825305,-0.5056914,-0.74813247,-0.5260501,0.25487968,-0.26541537,0.06712531,-0.44331142,-0.24280633,-0.257665,1,chr14:25132674:body_of_pancreas:0,FN,0
-2.9802048,2.0047257,0.14504477,0.18910855,-0.39968985,0.3611643,-1.0596149,-0.13441303,-0.34145334,0.11989307,0,chr1:165592941:suprapubic_skin:0,TN,0
-1.1930429,-3.3932202,0.0015541613,0.16922876,-0.54940355,0.94061345,-1.2572279,0.050299812,1.1836187,0.24267714,1,chr8:18872306:body_of_pancreas:0,FN,0
4.6540294,0.71451735,0.1283408,-0.04297298,-0.7532924,-0.2806218,-0.019792385,-0.084704645,-0.42111522,-0.01590691,1,chr2:158415565:gastroesophageal_sphincter:0,TP,1
-1.3008616,-1.5358843,-0.35926116,-0.31019557,1.3290362,0.95422566,0.04723035,-0.5111121,0.61222845,0.2152261,0,chr14:74252095:tibial_artery:0,TN,0
-2.0987315,-0.38154867,-1.2312359,0.07767248,0.06241369,0.33732063,0.3045105,-0.27141765,0.44977033,-0.45976877,0,chr2:111667723:gastrocnemius_medialis:0,TN,0
-2.2436938,0.020216938,-0.79324836,-0.20668903,-1.4068134,0.43578547,0.074218534,-0.05926578,0.47261676,-0.5702904,0,chr21:30341086:testis:0,TN,0
-3.099012,1.5388601,0.43280417,-0.42080545,-0.49593443,-0.530611,-0.74214417,-0.2259331,0.32598212,0.2987575,0,chr19:42884973:prostate_gland:0,TN,0
-0.40017435,-3.4648252,0.5683717,-0.62585074,0.4372173,-0.061374597,0.7980123,-0.7292597,0.2085075,0.1939977,0,chr9:94623665:Peyers_patch:0,TN,0
-1.6291481,-0.018676575,-1.2065316,0.20352021,0.47379115,-0.38365358,0.43888238,-0.14020792,0.090214044,0.23529148,1,chr20:54201250:sigmoid_colon:0,FN,0
4.976504,-0.7922558,0.2724175,0.5237146,0.9666557,0.63891584,-0.793199,0.11265144,-0.06258553,0.26022476,1,chr9:42852316:spleen:0,TP,1
5.981976,0.30161902,-0.41299054,0.011989127,0.111508906,-0.52049375,0.21098177,0.31057596,-0.8135252,-0.3526385,1,chr16:14812040:prostate_gland:0,TP,1
-2.4002092,-2.240209,-0.16607231,-0.9079911,0.026280642,-0.1418042,0.04043229,-0.38387957,0.1919675,-0.056969754,0,chr15:61621312:upper_lobe_of_left_lung:0,TN,0
-0.25511712,-1.9903234,0.43643782,0.091610044,-1.7841624,0.26136672,0.29955402,-0.29223546,0.44287142,0.26039746,1,chr9:83219701:Peyers_patch:0,FN,0
5.0506124,1.5834334,-0.95548826,0.35089856,-1.367705,0.14016573,0.3114296,-0.46013984,0.26025712,0.2160959,1,chr4:75289967:upper_lobe_of_left_lung:0,TP,1
-2.7304711,0.23466906,-0.7145615,-0.067762166,0.3046327,-0.13182294,-0.14213409,0.194792,-0.18229945,-0.15362056,0,chr11:13873413:transverse_colon:0,TN,0
5.6207886,-1.0037779,0.12241817,-0.19734624,0.6171326,-0.41753584,-0.19543222,-0.62420917,0.00083549035,-0.8461844,1,chr6:29705705:adrenal_gland:0,TP,1
4.8989377,0.04785999,-0.66977817,0.1302687,-1.4210322,-0.35966796,0.008736014,-0.19323862,-0.7041744,0.5875324,1,chr2:196068383:tibial_artery:0,TP,1
-1.7793555,-0.77937716,0.29270926,0.9404351,0.5085493,1.0642425,-0.37128007,0.4531594,0.17042895,0.25614005,0,chr2:231056871:esophagus_muscularis_mucosa:0,TN,0
4.070044,1.8023374,0.39207587,-1.132607,-0.71462274,0.67625576,0.51919097,-0.2941515,-0.42491424,-0.46782336,1,chr8:30230823:esophagus_squamous_epithelium:0,TP,1
-2.5996974,0.20586921,-0.7274557,-0.06327362,-1.0868871,0.26707277,-0.33983448,0.1523535,0.07822231,-0.39609054,0,chr4:42568593:esophagus_squamous_epithelium:0,TN,0
3.0736818,-2.2253714,-0.004451131,0.37310293,0.07733915,1.5102308,-0.92372686,-0.2780533,1.0064883,0.37701234,0,chr17:49223905:testis:0,FP,1
-2.7722094,2.355146,0.7058021,0.019533467,0.03323483,-0.14673097,-0.25670084,0.0163911,-0.12413449,-0.07377011,0,chr19:19901831:body_of_pancreas:0,TN,0
-2.0527954,1.6813172,1.8125161,1.1497897,0.22379524,-0.6152672,0.15557577,-0.021868857,-0.01542218,-0.16398722,0,chr6:33789269:tibial_artery:0,TN,0
-3.213146,0.34598097,0.32346186,1.0478178,-0.22448318,-0.720185,-0.33333173,-0.08226921,-0.039445348,-0.2735275,0,chr2:213152392:gastroesophageal_sphincter:0,TN,0
-1.0602927,-1.0044512,-0.124188334,0.76240504,0.7589018,-0.28625023,0.5675695,0.24784787,-0.2858774,0.103235394,0,chr7:66591994:gastroesophageal_sphincter:0,TN,0
-2.8940794,0.02895658,-0.66634417,0.03309417,0.26481384,-0.51697063,0.009863896,0.3610668,-0.2730066,-0.38191688,1,chr4:119212065:transverse_colon:0,FN,0
-0.48041713,0.19019988,0.75351965,1.8807659,0.14438051,0.81055874,0.7416949,-0.08565807,0.6507478,0.052766167,0,chr16:89701647:prostate_gland:0,TN,0
5.334757,-0.68660253,-0.27328533,-0.22934565,-0.322568,-0.7197357,-0.20009334,0.30096486,-1.2929157,-0.13385952,1,chr15:24767525:gastrocnemius_medialis:0,TP,1
-1.5296773,-1.0042405,-0.8584802,-0.24228206,0.73206717,-0.68765503,0.22828066,0.28399253,-0.19349888,0.26986882,1,chr6:134677172:body_of_pancreas:0,FN,0
-2.6262627,0.8413993,-0.6337064,-0.2312827,-0.029736029,0.20280333,0.22251718,0.25756943,0.009911247,-0.44113627,1,chr12:91578079:upper_lobe_of_left_lung:0,FN,0
3.252841,0.2235361,0.7828484,-0.732093,-1.0166308,0.94625366,0.82714605,1.2171241,1.0574985,-0.116077535,1,chr12:48753691:prostate_gland:0,TP,1
-2.7486615,0.5402531,-0.21907166,0.75193834,0.23731612,-0.71170413,-0.0770999,0.1229596,-0.057443563,0.29491064,0,chr7:56052250:transverse_colon:0,TN,0
-1.4953386,2.1139166,1.2829188,-1.7144048,0.3313682,-0.3927662,0.007042341,-0.76856166,0.1002867,0.41077802,1,chr2:168375394:esophagus_squamous_epithelium:0,FN,0
-2.9140682,1.4200689,-0.08030994,0.46166354,-0.6076632,0.32226834,-0.00873068,-0.45438954,-0.062967114,0.52739155,0,chr11:8225583:body_of_pancreas:0,TN,0
1.020497,-1.5027688,2.2452655,-1.8580258,0.11156169,-1.5332012,-1.0998036,0.9993568,0.5288384,0.18282256,1,chr20:28507029:Peyers_patch:0,FN,0
-2.1667118,0.5545315,-1.3548782,-0.45673192,-0.123275556,-0.119883224,-0.022007784,0.08502913,-0.005274016,0.1663787,0,chr12:66270210:Peyers_patch:0,TN,0
-0.991883,-0.49225974,-1.4491973,-0.20149273,-0.51808846,0.6825272,0.83590925,0.17776734,0.091658175,-0.34033462,1,chr6:106223515:thoracic_aorta:0,FN,0
-1.4679157,-1.5491124,0.80953294,1.2085869,-1.9230125,0.31781703,-0.19444463,0.3610461,0.70696235,-0.1336242,0,chr6:125956733:prostate_gland:0,TN,0
-0.6731756,-1.2785649,0.61587465,-1.5174854,0.5117514,-0.0021171453,0.27295992,-0.51907223,0.06469056,-0.9768572,0,chr1:86740786:body_of_pancreas:0,TN,0
5.9844117,0.3438501,-0.5354922,0.45355472,0.18027137,-0.34375703,-0.30695084,-0.2999363,-0.06825523,-0.008264152,1,chr3:75785357:tibial_nerve:0,TP,1
6.0459523,1.0567073,-0.5570595,-0.01958292,-0.19542325,-0.932983,-0.027473351,-0.39346242,0.12217104,-0.27143195,1,chr2:86221296:spleen:0,TP,1
-1.1671399,-0.5541033,0.6156235,-0.44624925,1.6358007,0.7051695,-0.22309905,-1.0355757,-0.039605588,-0.34701124,0,chr22:38412761:tibial_artery:0,TN,0
5.4697537,1.5769119,-0.40463307,0.046452697,0.14690828,-1.0987855,0.07647279,0.4360013,1.256795,-0.09571254,1,chr17:22856764:esophagus_muscularis_mucosa:0,TP,1
-0.9913041,0.36059895,0.35675815,-0.4548035,-0.86749744,1.298399,-0.04431266,0.44758376,-0.6880581,-0.45485616,0,chr10:90003755:omental_fat_pad:0,TN,0
-2.5429044,-0.688424,-0.78066987,0.41469795,0.044082884,-0.58658236,0.07124199,0.3694181,-0.08921936,-0.061171763,1,chr9:83219889:prostate_gland:0,FN,0
0.46723634,0.29057935,0.40002695,-0.40591544,-0.61413103,1.4114424,-0.2943444,0.12263677,-0.61775994,-0.5995959,0,chr15:92073710:upper_lobe_of_left_lung:0,TN,0
-0.06285272,1.2065445,1.0937047,-1.1612456,-0.08097468,0.5353396,0.52533317,-0.58181113,0.3440119,1.1691964,1,chr16:24041998:thoracic_aorta:0,FN,0
6.0378265,0.72491056,-0.68028206,0.052256677,-0.068766475,-0.67776906,-0.1591889,-0.34072077,-0.014587869,-0.29043412,1,chr2:86221296:transverse_colon:0,TP,1
5.8494787,0.5422999,-0.23186877,0.2611232,0.5900233,0.029671336,-0.4651252,-0.83514553,0.049437027,-0.13878225,1,chr7:22550492:upper_lobe_of_left_lung:0,TP,1
-1.2612773,1.1838678,-0.75001353,-1.2328444,0.984941,0.2424176,-0.06807399,0.26101702,-0.20698775,0.573238,1,chr12:104294234:upper_lobe_of_left_lung:0,FN,0
0.68957496,-1.8268657,-1.2097862,-1.0699327,0.6004042,0.5183955,-0.029277425,1.0702933,-0.23856704,-0.27492195,1,chr9:17531876:testis:0,FN,0
-2.6618297,-0.16487633,-0.71508706,0.62663096,0.20603733,-0.29638276,0.2788316,0.37978905,-0.00032949224,-0.389792,0,chr17:81513924:transverse_colon:0,TN,0
-1.6322378,0.9167874,1.555498,1.7760484,0.25864515,-0.42532456,0.348389,0.044984017,-0.2890111,0.14057043,1,chr8:28701937:tibial_artery:0,FN,0
-1.5291138,0.80392414,-1.3187442,-0.3251203,-0.3771185,0.86313677,0.20653896,0.14982523,0.3553014,-0.2055751,0,chr10:57850111:body_of_pancreas:0,TN,0
1.2152652,3.6923685,0.26223585,-1.0252877,0.18142337,-0.21410857,-0.56533855,1.1734964,0.5881989,0.51302516,1,chr2:92401043:gastrocnemius_medialis:0,FN,0
-1.7622548,0.16256931,-0.5374934,0.8757327,0.6761251,-0.046440262,0.64910877,0.08328592,0.070746794,0.13695142,1,chr7:100894790:Peyers_patch:0,FN,0
-1.4180274,-0.35887423,-0.9864491,-0.42965636,0.23298325,-0.42393512,0.80396366,0.03359906,-0.17522573,0.6669691,0,chr2:168136611:spleen:0,TN,0
-2.872887,-0.0851287,-0.33454245,0.029608773,-0.16923529,0.05437013,-0.66603625,0.28623807,-0.1259351,-0.13910747,0,chr5:138352147:Peyers_patch:0,TN,0
-1.6922586,-1.9236882,0.6798226,-1.3238244,-0.03280896,-0.5735234,0.7252907,-0.5948701,0.189489,0.021569625,1,chr7:97819413:Peyers_patch:0,FN,0
-1.6758903,0.75138766,-1.3087065,-0.058111355,-0.20103599,0.7405239,0.4190175,0.0782169,0.06942916,-0.31065863,0,chr2:19313124:tibial_artery:0,TN,0
-1.9487299,-1.7409626,-0.8830175,-0.449443,0.6241134,0.28665152,-0.5955193,0.07053827,0.23586443,-0.6406163,0,chr7:144362043:tibial_artery:0,TN,0
-1.8069712,-0.7598176,-0.8758342,-0.47468403,0.89283186,-0.01022396,0.46842334,0.19470197,-0.012410012,-0.0007879596,0,chr11:10669815:body_of_pancreas:0,TN,0
-0.6033576,-0.5658729,0.71928364,-1.1315756,0.04951703,-1.1777289,1.1032537,0.38253105,-0.052267853,0.99722046,1,chr2:15431088:body_of_pancreas:0,FN,0
-2.0248778,-0.66134036,0.6038519,-1.9316463,0.006203834,-0.9079088,-0.3102106,0.104494885,-0.13668872,0.7208733,0,chr5:56888782:body_of_pancreas:0,TN,0
-2.2980955,-0.3602909,-0.3223094,0.73476565,0.6246535,0.4110323,-0.31248462,0.4899421,-0.6150564,-0.11093705,0,chr10:125126834:body_of_pancreas:0,TN,0
-1.9801801,-0.9703876,0.06202523,0.8314997,0.30093044,-0.15894645,0.5621912,0.41194484,0.07107582,-0.07823474,1,chr5:141914293:upper_lobe_of_left_lung:0,FN,0
2.2265005,0.42110816,1.2891853,-0.3685952,0.28579345,0.98201406,0.7476291,-0.8797468,0.65950197,0.7024984,1,chr9:16133854:body_of_pancreas:0,TP,1
-2.055256,-0.40025643,-1.2553804,-0.24939604,0.025896665,0.15758815,0.34370106,0.11825913,0.16625506,-0.20615117,1,chr7:16695960:tibial_artery:0,FN,0
-1.432275,-0.91279405,0.97693086,-1.1851634,-0.16802269,0.2649747,-0.66313076,-0.60451025,0.33469892,-0.11452463,0,chr4:112286542:body_of_pancreas:0,TN,0
-1.9090364,0.09921109,-0.31996948,-0.834125,-0.16029848,-0.093500406,0.30287397,-0.31244457,-0.009949104,0.56568265,1,chr9:117160276:body_of_pancreas:0,FN,0
-2.5630841,-2.7917788,2.0271585,-0.036089804,0.43011963,-1.1672536,-0.33431378,-0.334854,-0.20713666,0.36202976,0,chr19:3545629:Peyers_patch:0,TN,0
5.976129,0.3125915,-0.2837622,-0.023871683,-0.069218196,-0.66287076,0.05025729,-0.35005248,0.28113663,-0.039392266,1,chr7:142479143:body_of_pancreas:0,TP,1
-2.105866,0.61966735,1.4573022,1.7086062,-0.2974624,-0.922757,0.48139325,0.032085083,0.08917087,0.13340694,1,chr17:42761347:transverse_colon:0,FN,0
-2.880254,1.276255,0.31544882,0.6967077,0.30360356,-0.21201195,-0.34601334,-0.1218209,-0.29623312,0.066294365,0,chr6:32969433:esophagus_muscularis_mucosa:0,TN,0
-2.618254,2.1303074,-0.19504298,-0.61098164,0.23163655,0.52051735,-0.2273829,-0.08553876,-0.3863517,-0.03206456,0,chr8:102782110:thoracic_aorta:0,TN,0
-1.4689006,-1.2495762,-1.3629246,0.5082579,0.4414027,0.28062198,0.07655242,-0.5081669,0.30700716,0.12394537,1,chr10:70551637:testis:0,FN,0
-2.965713,0.06904358,1.0639911,0.9528254,0.39621174,-0.9947533,-0.7425606,0.15869884,-0.2620159,0.11728194,0,chr2:113199470:Peyers_patch:0,TN,0
-3.0750523,-0.27841595,0.054165587,-1.4140159,-0.52554446,-0.19264197,-0.46328247,-0.36578012,-0.01126932,-0.1106176,0,chr9:105609267:adrenal_gland:0,TN,0
5.7314405,-0.23934399,-0.43297803,0.74689543,0.30158365,0.19544478,-0.581629,-0.48783505,0.211686,0.57979417,1,chr4:1752766:prostate_gland:0,TP,1
-1.6417102,0.06418923,-1.60415,-0.08081371,-0.43526918,0.65298843,0.38725916,0.16266449,-0.016472261,-0.26264197,0,chr6:106223515:prostate_gland:0,TN,0
3.0661933,4.0027013,-0.37372905,-0.6949961,1.0416726,-0.4227789,-0.5477859,1.3868048,1.5472244,0.2762082,1,chr8:44636977:suprapubic_skin:0,TP,1
-1.4008436,0.18651122,1.0258282,-2.0747213,0.9279472,-0.58348167,0.085654296,-0.2353536,0.39303,-0.7779922,1,chr19:52748468:adrenal_gland:0,FN,0
-1.7681899,0.36097315,-0.8972225,-0.06014204,1.2227322,0.2817411,0.32438213,-0.30249104,-0.13006802,0.9568735,0,chr4:82739688:prostate_gland:0,TN,0
6.0218806,0.6590535,-0.65415335,0.2704865,-0.4541944,-0.8721994,0.06951844,-0.4598762,0.34128892,0.0966314,1,chr3:75785609:body_of_pancreas:0,TP,1
2.8456786,4.3278885,-0.4165345,-0.66050595,0.97713464,-0.40660077,-0.47797045,1.3024855,1.4549241,0.25908455,1,chr8:44636977:stomach:0,TP,1
5.2926645,-1.2148981,-0.03902304,0.35010815,-0.56202817,-0.6906489,0.14169653,0.9300961,-1.415531,-0.13882048,1,chr14:73509873:prostate_gland:0,TP,1
-2.2141716,-0.6500484,-0.80278367,0.1543255,0.8094975,-0.18562691,0.20255427,-0.12468121,0.072637714,-0.19547738,0,chr2:240690614:transverse_colon:0,TN,0
-3.0364344,-1.3043932,-0.5843221,-0.38129023,0.12052409,-0.8806347,-0.17525993,0.10178921,-0.1004002,0.07937806,0,chr8:128173749:body_of_pancreas:0,TN,0
-1.5927842,-0.9734075,0.8897722,0.9647925,-1.9289907,0.31347984,-0.14261657,0.07481924,0.7702572,-0.12691598,0,chr6:125956733:tibial_artery:0,TN,0
-2.460916,-0.75418216,-0.8341661,0.53232235,0.06839836,-0.5241601,-0.054717798,0.31676406,-0.11321194,-0.04529339,1,chr9:83219889:thoracic_aorta:0,FN,0
-1.6473471,2.4636927,1.0218023,0.49207577,-1.0420765,0.59762025,0.33906937,-0.08238005,0.33331785,0.69358504,1,chr16:4548780:Peyers_patch:0,FN,0
-1.8727486,-0.021752374,-1.059847,-1.1688613,0.66627926,-0.115282945,0.42037416,0.6533187,-0.37082052,-0.1566069,1,chr1:108214824:body_of_pancreas:0,FN,0
-2.904348,-0.54297036,-0.38679484,0.7836966,0.17628393,-0.785132,0.03495542,0.21476206,0.17245865,0.015222203,0,chr1:41432909:suprapubic_skin:0,TN,0
-2.6286542,-1.7418016,-0.2402494,-0.5778004,-0.22998518,-0.89300686,0.15850973,-0.18244465,-0.011754401,-0.1939217,1,chr5:158014121:body_of_pancreas:0,FN,0
-2.25919,0.06700655,-0.85062414,0.5293074,0.63010997,0.19551913,-0.047241695,0.51978457,-0.49464026,-0.24329187,1,chr6:169655219:body_of_pancreas:0,FN,0
-3.1088948,-1.0417328,-0.1983584,0.60676736,-0.20787658,-0.5140705,-0.21768124,-0.1281639,-0.056993954,-0.6198202,1,chr11:1652791:adrenal_gland:0,FN,0
5.6251693,0.00848694,-0.002667298,0.12242095,0.35191616,-0.3165189,0.5140431,0.7129199,-1.4593078,-0.3743143,1,chr10:102568961:prostate_gland:0,TP,1
4.643585,-1.2781419,-0.16302617,1.086416,-0.40902254,0.60255086,-0.43719798,-0.03389918,-0.43600324,0.9679084,1,chr9:61668518:omental_fat_pad:0,TP,1
5.61054,0.50171435,-0.742963,0.5568329,-0.91473085,-0.2512793,0.094856024,-0.1798988,-0.4800069,0.45073324,1,chr10:38653055:upper_lobe_of_left_lung:0,TP,1
-2.5593743,-0.057218518,-0.24562685,-1.0178909,-0.04779789,-0.59371316,0.011730018,-0.08865285,-0.046965923,0.18155208,0,chr18:73841942:prostate_gland:0,TN,0
-2.973012,0.38445094,-0.6470076,0.57044274,-0.25727147,-0.59786683,0.015459414,-0.18401799,0.05643348,-0.14533906,1,chr11:1652791:suprapubic_skin:0,FN,0
-0.25593722,-1.5984381,2.5119936,-2.2327938,-0.49236217,-0.6319585,0.16390067,0.0031369862,0.4724006,-0.20183507,0,chr10:4901325:body_of_pancreas:0,TN,0
4.5294766,0.094078675,0.32556415,0.767029,0.6475458,1.170415,-0.7778126,-0.47660077,0.05998893,0.22733572,0,chr18:75856:esophagus_muscularis_mucosa:0,FP,1
2.7616808,-2.41816,-0.114621855,-0.3746563,-2.4220371,0.33787227,-0.11199879,0.44923022,-0.036653616,-0.23520868,1,chr6:43386692:upper_lobe_of_left_lung:0,TP,1
-2.5809731,1.9282049,0.8438406,1.1260092,-0.222812,0.6189564,-0.34778687,-0.21175754,-0.053045478,-0.03890994,0,chr17:3935331:transverse_colon:0,TN,0
1.6815833,4.4597225,-0.14738727,-0.7209944,0.7551457,-0.28070506,-0.35378057,1.3097582,0.9591643,0.8989392,0,chr2:93976867:body_of_pancreas:0,FP,1
-1.3716121,-0.79318947,-0.06680002,-0.41321674,-0.09848588,-0.06946104,0.19874135,0.07671852,-0.59374875,-0.11496297,0,chr11:115694609:testis:0,TN,0
-2.8903596,-0.22592148,-0.58598506,-0.22971971,0.31720516,-0.84116614,-0.073272265,0.14270072,0.016918667,-0.048553836,1,chr6:32622553:Peyers_patch:0,FN,0
-1.0125203,-1.3290185,-0.6762485,-0.3398154,0.11629678,-0.24536838,0.5900507,-0.5109425,0.4072398,-0.31240836,1,chr5:173860759:body_of_pancreas:0,FN,0
3.4619882,0.50528806,-0.6854369,-1.1844143,0.92073834,0.6651146,-0.1215933,0.77650255,-0.66363645,-0.28014603,0,chr10:94939686:transverse_colon:0,FP,1
-1.2888958,-0.16481383,-0.9530011,0.8418995,0.8841126,1.074186,-0.09550726,0.36014867,0.13646226,0.18162435,0,chr2:240232939:esophagus_squamous_epithelium:0,TN,0
5.076056,0.13024803,0.9643005,0.052454762,0.5126071,-0.2115241,0.026778556,-0.5622946,0.5293574,0.11375353,1,chr19:1037766:tibial_nerve:0,TP,1
-2.5474167,-0.2838122,-1.4619496,0.094896145,0.20413193,-0.38167995,-0.20036109,-0.07315221,0.09010653,0.0958282,1,chr6:131199853:suprapubic_skin:0,FN,0
-1.9347254,-2.4439347,-0.18301976,-0.6122236,-0.42968765,-0.5237735,0.3184166,-0.5637972,0.3186697,-0.043321062,1,chr6:137697537:prostate_gland:0,FN,0
-2.2489376,0.1103822,-1.1738753,-0.24777053,0.2877501,-0.3153869,0.16963844,0.22222503,-0.040573068,0.007935991,0,chr8:103073701:transverse_colon:0,TN,0
-1.9112443,-0.46748847,0.36990032,-1.3070937,-0.5033324,-0.016768932,-0.08971256,-0.47605327,-0.5175565,-0.3447385,1,chr20:41572206:adrenal_gland:0,FN,0
0.10520872,-2.4332578,1.2320731,-0.2677096,-0.07815395,0.1510237,0.953415,0.021589607,0.7968803,0.026949108,0,chr19:1929478:omental_fat_pad:0,TN,0
3.0828938,-0.23854819,0.66768867,-1.1112204,0.52055675,-0.7102759,-0.2428451,1.3874234,1.288853,-0.20759782,1,chr9:43171156:tibial_artery:0,TP,1
-2.5894365,-0.8070877,-0.38481292,-0.4652464,-0.1712662,-0.6272211,0.2890725,-0.221037,0.05687282,0.33523363,0,chr7:67041098:prostate_gland:0,TN,0
-2.4256356,-0.6232656,-0.8253473,0.15132113,0.26571524,0.38016787,0.17500992,-0.4310924,0.45626485,-0.0059785056,0,chr9:92716650:spleen:0,TN,0
0.91390884,-0.29160035,1.0087805,-1.0484252,-0.1024176,1.0008616,1.1702737,-0.012478759,0.20475897,1.6185918,0,chr10:14074116:thoracic_aorta:0,TN,0
-3.3541245,-0.25751498,0.39864436,-0.20026489,-0.5258969,-0.89158976,-1.015576,0.026751552,0.011319607,0.09819898,0,chr13:108155918:esophagus_squamous_epithelium:0,TN,0
-0.5117637,1.5700614,1.7364925,0.2518942,-0.379873,0.3650832,1.2822098,0.25374246,-0.11119202,0.7283223,0,chr19:510314:spleen:0,TN,0
5.6847954,1.6569061,0.020112207,-0.35368842,0.21495962,-0.23991369,0.24111012,-0.47284216,0.5253386,-0.21932915,1,chr14:30690707:esophagus_squamous_epithelium:0,TP,1
0.7229053,-1.8387657,2.174402,-0.6088305,1.7374731,0.18778215,-0.34688497,-1.1480557,0.20995247,-0.31986675,1,chr8:41651698:upper_lobe_of_left_lung:0,FN,0
-2.030695,0.28307435,-0.5926811,0.9771177,0.39827925,0.34447438,0.38300326,0.044514563,-0.040941246,-0.1189269,0,chr14:52951620:sigmoid_colon:0,TN,0
0.2980516,-0.92408323,0.9291048,0.13186175,0.92677003,1.3485916,-0.18121362,-1.4040726,0.45302123,0.83713603,1,chr11:1303541:transverse_colon:0,FN,0
-2.873984,2.051043,-0.22091876,-0.49558365,-0.43855965,0.4526819,-0.61712366,-0.44097224,0.20165639,0.0065996135,0,chr1:180153849:body_of_pancreas:0,TN,0
-2.3982396,0.374399,1.2391986,1.8651342,-0.3684856,0.083291665,0.25403196,-0.21283023,0.39515468,0.008686723,1,chr2:241734688:tibial_nerve:0,FN,0
-0.22597188,-3.3130438,0.18540873,0.791527,-0.6972162,1.1842177,-0.47776243,0.18943076,1.0024107,0.44723788,1,chr1:16741091:tibial_nerve:0,FN,0
-2.8979485,-0.9325759,-0.1287148,0.67218447,0.14031185,-0.38571262,-0.01987222,-0.061725404,-0.06474389,0.2063553,1,chr1:36097556:thoracic_aorta:0,FN,0
-3.30578,1.4256394,-0.8077463,-0.15013805,-0.32762536,-0.23404118,-0.4835694,-0.18585458,0.079574734,-0.032623246,0,chr15:82365725:thoracic_aorta:0,TN,0
-2.6025472,-2.7978027,-0.16272315,-0.7871841,-0.81918395,-0.8227048,0.14417227,-0.15312754,-0.097327955,-0.22104985,0,chr9:69878042:gastrocnemius_medialis:0,TN,0
-2.2371442,0.7928423,-0.3158465,1.3274446,0.23202585,0.074855514,0.17245482,-0.032219764,0.34399948,-0.22875011,0,chr10:124389232:spleen:0,TN,0
-0.20638065,-1.0224464,0.19320203,-1.6620084,-0.62132573,-0.1145681,0.6411109,0.4848,-0.8425344,-0.15048705,0,chr2:203811449:transverse_colon:0,TN,0
-2.381042,-0.9143115,0.07022473,-1.6538056,-0.6132362,-0.13310812,-0.65022933,-0.56944394,0.48160255,-0.10405926,0,chr19:51473170:spleen:0,TN,0
5.481116,0.036920305,-0.6560329,0.6667952,-0.3128253,-0.059973124,-0.14375061,-0.3486102,-0.36900732,0.07645973,1,chr2:67906567:spleen:0,TP,1
-1.4262652,-1.3609462,-1.1598462,-0.20631516,0.7219186,-0.18502744,0.75743467,0.1268021,0.1029238,-0.21135974,0,chr5:136058064:esophagus_muscularis_mucosa:0,TN,0
2.227027,-0.23806171,0.5791706,0.36080024,1.1006943,1.1755294,-0.027064074,-0.9655634,-0.6959262,-0.06832026,1,chr2:239532360:body_of_pancreas:0,TP,1
4.0017395,1.0292559,0.6041561,-0.45515656,-0.6864056,0.51317835,0.74443036,-0.04728431,-0.8997878,-0.4077872,1,chr8:30230823:body_of_pancreas:0,TP,1
-3.1104236,0.018556252,-0.537308,0.076953106,0.42985514,-0.9170909,-0.34727824,0.17538361,-0.2143562,0.16417044,0,chr21:39504322:body_of_pancreas:0,TN,0
-0.1213403,2.2521074,0.19369341,-1.7432157,-0.5231293,1.075303,1.1987674,-0.571261,0.6593551,0.1313794,0,chr11:68924672:thoracic_aorta:0,TN,0
-1.7292163,-0.825073,-0.7253557,-0.7552904,-0.77593607,1.2309417,-1.0124606,0.027979707,-0.029067595,-0.30876234,1,chr1:48109545:transverse_colon:0,FN,0
-0.09261647,-1.9993703,0.73721945,-0.77506703,-0.22851147,0.13030982,1.416448,-0.71318793,0.21640332,-0.33251527,0,chr20:40962875:transverse_colon:0,TN,0
-3.0175943,-0.5607173,-0.5329031,-0.067321725,0.5965729,-0.55634314,-0.29386958,-0.24174106,0.24024805,0.09454683,0,chr17:27495197:thoracic_aorta:0,TN,0
-1.1813889,-1.1225225,-0.6304189,0.18689378,0.023655798,-0.38886845,0.91670865,0.1028915,-0.026297426,0.1772783,0,chr1:200035394:body_of_pancreas:0,TN,0
-2.6360137,0.33524406,-0.84661824,-0.17884843,0.48018676,-0.5127103,-0.18640691,0.27219227,-0.25605023,-0.0036682372,0,chr3:171000206:Peyers_patch:0,TN,0
-2.736842,1.7437075,0.568599,0.40974814,-0.5566656,0.11641167,0.28405023,-0.41952896,-0.0027493367,0.80047053,0,chr19:18104350:thoracic_aorta:0,TN,0
-2.1126444,-0.59835035,-0.618443,0.44543776,0.7291884,0.13208902,-0.10532459,0.02881813,0.34396136,0.12195833,0,chr17:47189065:Peyers_patch:0,TN,0
-2.1816175,-0.14513163,-1.0061667,-0.936748,-0.19066727,0.04802395,-0.047471214,0.05814166,0.44410193,-0.07798577,0,chr1:100455633:tibial_artery:0,TN,0
-2.8804119,0.02244327,-0.7833005,0.03832229,0.27168056,-0.80689216,-0.15507886,0.2199914,-0.13060017,0.18435916,0,chr17:80671737:Peyers_patch:0,TN,0
5.556226,-0.61907434,-0.6300217,0.45472416,-0.6823148,-0.24138011,-0.37952143,0.14074829,-0.48055223,0.23904552,1,chr17:43360096:Peyers_patch:0,TP,1
-3.2920346,0.9986749,-0.23776299,-0.25235695,-0.28705335,-0.4684636,-1.180657,-0.11887269,-0.35575432,0.048569284,0,chr6:106445359:upper_lobe_of_left_lung:0,TN,0
5.6528234,0.906016,-0.5961091,0.37850443,-0.6734576,-0.22940758,0.054189596,-0.014458573,-0.78038764,0.28835925,1,chr10:96641123:Peyers_patch:0,TP,1
-1.9658692,-0.6573031,-1.0852959,-0.21540649,0.011612763,-0.51590914,0.13527088,-0.19095632,-0.23154832,0.15514965,0,chr7:106542629:suprapubic_skin:0,TN,0
5.2558746,-1.5205137,0.6995107,-0.35599753,0.4413646,-0.44476086,-0.3482424,-0.17731251,-0.059659414,-0.7222792,1,chr22:24006049:thoracic_aorta:0,TP,1
-2.7289019,0.43946946,-0.2322975,0.19954737,0.15108152,0.050327525,0.07462559,-0.17255543,-0.17074987,-0.5688773,0,chr9:4156303:body_of_pancreas:0,TN,0
-0.86788344,2.0609326,-0.4671729,-0.77848744,0.21920934,1.2078959,0.82211816,0.2088917,-0.56761223,0.05473361,0,chr9:6680593:body_of_pancreas:0,TN,0
-2.4312327,0.4108972,-1.2354479,-0.050672248,0.036366872,0.16927256,-0.289361,-0.08060932,-0.17587784,0.02744108,1,chr9:127348292:upper_lobe_of_left_lung:0,FN,0
-2.6071146,1.3261642,-0.28176028,-0.57314646,-0.5524858,0.7988945,-0.4552033,0.21577492,-0.013376724,-0.95357525,0,chr14:58829528:transverse_colon:0,TN,0
-1.2026813,0.7334263,1.4358653,-0.9027723,1.5485858,-0.32842058,-0.9164621,0.07536941,-0.034604315,0.5232975,0,chr19:18388969:transverse_colon:0,TN,0
-2.3272443,0.3118327,-1.4634169,-0.46835244,0.4696515,-0.07162903,0.37983638,-0.05458127,0.1791819,0.06579744,1,chr17:15574102:esophagus_squamous_epithelium:0,FN,0
6.0695395,0.26038235,-0.50616056,0.22334401,-0.03684522,-0.5665993,0.028752537,-0.24304076,0.059295174,0.051669855,1,chr6:31374359:body_of_pancreas:0,TP,1
-1.979781,-0.99701357,-0.75267124,-0.19564518,0.11544479,-0.61874443,0.41911834,-0.073751,-0.24661951,-0.11209916,0,chr9:83583147:adrenal_gland:0,TN,0
5.744298,0.6374971,-0.1322888,0.30829924,0.61025256,-0.15187979,-0.37516564,-1.110442,0.015525849,-0.30624235,1,chr12:8390645:prostate_gland:0,TP,1
-2.3421807,-0.13213608,-1.2584784,0.14247578,0.09350648,-0.3618572,0.024073629,0.19060831,-0.0063682357,-0.09024684,0,chr11:17813808:body_of_pancreas:0,TN,0
-1.6839954,-1.4442763,1.2312526,0.023640063,-0.33005527,0.6293059,-0.65629184,0.41784027,-0.6289749,0.47582015,0,chr11:47426945:upper_lobe_of_left_lung:0,TN,0
-2.7690055,-0.68122494,0.96464676,-0.87867284,-0.28590447,-0.47455087,-0.412706,-0.45927548,-0.49320132,0.23180419,0,chr16:4254564:esophagus_squamous_epithelium:0,TN,0
-0.94609,0.1871698,-0.17478126,-0.20501275,1.4876932,0.21680196,0.7540236,-0.34250876,0.18916649,0.7387823,1,chr2:109423970:Peyers_patch:0,FN,0
5.699,0.7458497,0.085007645,-0.09374798,0.66778135,0.010084635,-0.2330274,-0.70530653,0.3097675,-0.6353513,1,chr7:22550492:transverse_colon:0,TP,1
-2.417278,1.1183652,0.6297994,-1.4852846,-0.2436674,-0.02285794,0.4775159,0.041402508,-0.085000016,0.051956505,0,chr1:86401813:body_of_pancreas:0,TN,0
-1.7442207,-0.37429816,-0.6917022,-0.33305493,0.12786227,0.19823766,0.29816377,-0.27949497,-0.06377701,0.05537985,0,chr14:93139367:esophagus_muscularis_mucosa:0,TN,0
4.03985,-2.2190201,0.44639075,0.3810046,1.3973095,0.78236187,-0.47120336,-0.21118918,-0.16360977,-0.072220884,0,chr7:135170966:transverse_colon:0,FP,1
-0.6846994,-0.2632442,0.40336725,1.7609307,0.16423789,1.422171,-0.18357311,0.4742709,0.40956724,0.7471295,0,chr14:54902267:thoracic_aorta:0,TN,0
-2.754246,0.3307058,0.91340095,0.5420319,-1.0519108,0.14835654,-0.24907422,-0.4738311,0.039834764,0.3336339,0,chr21:41069108:esophagus_squamous_epithelium:0,TN,0
-2.30336,-0.9197237,-0.5837688,0.3639348,0.44688618,0.14288382,0.14671984,-0.11030552,0.2816388,0.13923116,0,chr14:101235442:suprapubic_skin:0,TN,0
-1.5682422,0.33752716,-0.19359203,-0.80626535,-1.0108777,1.1498665,-0.24997857,0.10627996,0.024337549,-0.59921265,1,chr6:106223515:body_of_pancreas:0,FN,0
-0.62170416,-1.7361583,0.99890715,0.13991849,1.5445371,0.5469027,0.5833144,0.8899751,-0.24639268,0.2692954,0,chr20:381900:prostate_gland:0,TN,0
5.3557363,0.38071764,-0.55112785,0.39373177,-1.4503756,-0.35097483,0.34658635,-0.23652445,-0.381737,0.45983124,1,chr10:26574003:thoracic_aorta:0,TP,1
-2.833422,1.3034126,0.98845357,1.592962,-0.42894927,-1.0330268,-0.48104033,0.06473263,-0.022658275,-0.2330914,1,chr1:26921783:thoracic_aorta:0,FN,0
5.870582,0.8515431,-0.44190222,0.11831152,-0.5476392,-0.5857886,0.27118236,0.13689767,-0.6802064,-0.224078,1,chr10:96641123:thoracic_aorta:0,TP,1
2.5400515,-0.71573144,1.6811366,-2.1940877,0.8947842,-1.2947171,-0.73828346,1.3877221,0.6666069,0.2315889,1,chr8:44636977:tibial_artery:0,TP,1
-1.63901,-0.079000734,-0.017196719,0.9539926,0.55214494,0.8600355,0.39783278,-0.0569857,-0.22919631,-0.6505646,0,chr5:138352584:stomach:0,TN,0
-2.186219,1.0198442,0.63377047,-0.7681883,-0.2643671,0.53064436,-0.25963295,0.08162869,0.037944943,1.0712838,0,chr22:36123792:tibial_artery:0,TN,0
-2.0005274,0.29530868,0.19929902,0.34572086,-0.32746714,0.96867996,-0.75650567,-0.23874997,-0.46011803,-0.31725407,0,chr20:57435558:prostate_gland:0,TN,0
-1.4208083,-3.4435816,0.12550533,-0.5485884,0.054934576,-0.9175893,0.6707217,0.22690475,-0.13137084,-0.07016182,0,chr19:38711140:thoracic_aorta:0,TN,0
-1.4913132,-0.41563794,0.71572113,-0.6168819,-0.8153694,0.99143493,-0.35891834,1.2392585,-0.34390202,-1.1362327,1,chr17:47681054:body_of_pancreas:0,FN,0
-1.9176272,-0.76971656,-0.7451742,0.56296676,-0.037578244,-0.091052055,0.37471378,-0.16816509,0.22164387,-0.10973899,1,chr3:187162343:omental_fat_pad:0,FN,0
4.357494,1.7898654,0.3049317,-0.035827145,-1.0073118,-0.107652344,0.30093527,0.11230742,-0.38785595,0.017247597,1,chr1:217479610:body_of_pancreas:0,TP,1
5.696547,0.14012621,-0.20247318,0.30271652,0.5116846,-0.30032548,-0.5052073,-0.37576288,0.30591065,0.021857336,1,chr7:100966122:prostate_gland:0,TP,1
-1.3728456,1.2666456,0.3141485,-1.4248731,-0.6890006,0.5183632,0.59247094,-0.14391665,-0.5309433,0.55448616,0,chr14:52679600:body_of_pancreas:0,TN,0
-1.1271123,1.3662847,0.46989444,1.0438112,-0.001604289,1.557774,-0.3423783,-0.2575558,0.1765855,0.0029996117,0,chr17:1967091:body_of_pancreas:0,TN,0
-1.2773488,-1.3229017,-0.11501017,-0.28111687,0.18634915,0.44007653,-0.15667008,0.48980066,-0.6673427,0.3920784,0,chr7:22853784:spleen:0,TN,0
-2.684425,0.028589668,-1.1878009,-0.34368742,0.06287594,-0.3413416,-0.00052607973,0.23212855,-0.0638329,0.06547465,0,chr1:193190428:prostate_gland:0,TN,0
-2.2945023,-0.18802854,-1.0925599,-0.25231603,0.8505449,0.53422374,-0.537471,0.32582474,0.21092507,-0.24977215,1,chr10:12781382:tibial_artery:0,FN,0
5.957985,0.95563567,-0.6488471,0.056855533,-0.2821664,-0.6075984,-0.08632071,-0.44916597,0.14282012,-0.10553606,1,chr2:86221296:body_of_pancreas:0,TP,1
-2.7823822,-0.13076708,-0.44749904,0.9127656,-0.23973589,0.41866952,-0.15382938,-0.11049275,0.41350088,-0.19709782,0,chr22:50190316:esophagus_squamous_epithelium:0,TN,0
-2.1230109,-0.71561134,-1.3552188,0.17282271,0.6266064,-0.2426411,-0.11574949,0.23341022,0.100446165,0.0055258167,1,chr17:58391751:body_of_pancreas:0,FN,0
-3.0519106,1.4221389,0.3386332,1.0292531,-0.580436,-0.6705164,-0.25751135,-0.16455238,-0.06480679,-0.19484638,1,chr9:97633155:gastrocnemius_medialis:0,FN,0
-0.931376,0.42776468,0.64987797,1.5352473,0.030089548,-0.36601368,1.0890841,0.08945526,-0.42883843,0.009431511,0,chr9:7799605:upper_lobe_of_left_lung:0,TN,0
-2.0029578,0.26788795,-0.31653288,0.7202026,0.29469362,0.29665217,0.64834094,0.5862929,-0.041849546,-0.052840345,0,chr6:116616178:body_of_pancreas:0,TN,0
1.7825465,-2.022167,1.9945562,-0.9477203,0.44918835,0.4480468,-0.19593717,0.66646004,-0.23371279,0.2388864,1,chr19:45427778:transverse_colon:0,TP,1
0.9612186,0.011937386,2.3864524,-1.307705,0.16651683,0.30183753,0.63133717,-0.11580127,-0.32570988,0.9020547,0,chr12:108853906:thoracic_aorta:0,TN,0
-2.4798415,0.20739286,-0.29157114,0.99326974,0.50685793,-0.47766098,0.28690243,0.0019734197,-0.041377585,-0.07422202,0,chr11:130069518:sigmoid_colon:0,TN,0
0.86305964,-2.405266,-0.7794932,-1.4551073,0.77135044,0.9024316,-0.86742043,1.3616364,-0.017317306,-0.13955416,1,chr9:17531876:spleen:0,FN,0
-2.9984803,-0.16116312,-0.2604261,-0.30293965,-0.8291338,-0.23670866,-0.046653446,-0.13188125,0.4093358,-0.3941755,0,chr8:24977691:upper_lobe_of_left_lung:0,TN,0
0.009046668,-0.62502515,0.42236423,0.22086117,0.40043953,2.2285826,-0.5421266,-0.64611965,0.97925514,-0.27274147,1,chr5:179213127:sigmoid_colon:0,FN,0
-2.614343,-1.1378901,-0.91312873,0.11283234,0.16666642,-0.44400677,-0.17018083,-0.100467645,0.2059035,0.096134804,0,chr11:8624689:body_of_pancreas:0,TN,0
-2.742315,-0.6180042,0.27177775,-0.39561936,-0.32866114,-0.41236037,0.1892749,-0.52125275,0.007833453,-0.14163294,0,chr5:98768430:transverse_colon:0,TN,0
-2.5528293,-1.7956225,0.37526357,-1.2207649,0.22974655,-0.83863586,-0.44531906,-0.67728037,0.08394799,-0.02255311,0,chr14:54488111:body_of_pancreas:0,TN,0
-2.5873346,0.84250516,-1.2769195,-0.3308359,0.68964267,-0.5555339,-0.10774364,0.06317309,-0.2249683,0.23457988,0,chr1:70707294:body_of_pancreas:0,TN,0
-1.9808506,2.6667538,0.2825973,-1.0467657,-0.5140892,0.731864,0.6762269,0.27523685,-0.41906267,0.38465983,0,chr12:111698778:body_of_pancreas:0,TN,0
0.48475486,-2.0259244,0.0226787,0.93679005,0.076756954,1.6657885,0.38938695,0.17094074,1.4190487,1.0197124,1,chr20:62355987:body_of_pancreas:0,FN,0
-2.2015011,0.35093975,0.05132273,1.4281678,-0.43161777,-0.19344015,0.4190852,-0.110884614,0.1882278,0.09371229,0,chr11:77066685:Peyers_patch:0,TN,0
-1.2851695,-1.8403388,0.340942,-0.23362997,1.5688487,0.8979722,-0.46466503,-0.34044796,0.06092621,0.42386356,0,chr4:7295960:sigmoid_colon:0,TN,0
-1.5538782,-1.8970438,0.89939946,-0.3290917,0.018314838,-0.90936947,0.97192454,0.3109128,-0.08654623,0.68646246,1,chr14:106872713:prostate_gland:0,FN,0
-3.2886071,0.96263254,-0.4608578,0.06013943,-0.5604697,-0.33299997,-0.3385797,-0.0031868403,0.04753137,-0.22978523,0,chr3:189961583:suprapubic_skin:0,TN,0
-2.1868122,0.13677506,-1.3011012,0.53467524,0.2705334,-0.10096679,0.22478648,0.06287993,0.018063271,0.10113423,0,chr7:100214465:transverse_colon:0,TN,0
3.2458558,-0.25720838,-0.31881517,-0.97852314,-1.5703061,0.31927162,0.4265852,-0.40349963,-0.4022626,-0.28431728,1,chr6:98652201:body_of_pancreas:0,TP,1
3.125599,-0.8051919,0.92019093,-0.6901136,-1.4744178,0.4823201,0.6347754,1.612417,0.9219204,-0.49344727,0,chr12:48753691:gastrocnemius_medialis:0,FP,1
-2.8328495,-0.49352083,-0.4066236,0.36725765,-0.016729051,-0.74666816,-0.089716345,-0.24578846,-0.08147927,-0.5169885,1,chr11:1652791:Peyers_patch:0,FN,0
-2.2768385,-0.724746,-1.0393964,-0.16759002,0.06543238,-0.43997294,0.39584944,0.09375394,0.028801566,0.13924333,0,chr5:50959031:thyroid_gland:0,TN,0
2.2648747,-2.1629658,-0.016780527,-0.24262671,1.812439,0.53151363,0.14097326,-0.9388714,-0.13148698,-0.75224286,0,chr7:85186902:tibial_artery:0,FP,1
-2.2310364,-1.136806,0.030463167,-0.8696942,-0.11763274,-0.4897059,0.42563242,-0.47454858,0.14755414,0.97746253,1,chr21:39175402:spleen:0,FN,0
3.2536407,-1.017829,-0.006003362,-0.066609986,-1.1340513,0.78843886,-0.8784688,-0.0748059,-0.86344236,-0.27992943,1,chr2:196068383:sigmoid_colon:0,TP,1
4.7978396,-0.2740533,-0.89964914,0.078567825,-1.2150993,0.1398236,-0.32398197,-0.021427963,-0.75079846,0.0772011,1,chr2:196068383:esophagus_squamous_epithelium:0,TP,1
-2.201346,-0.249103,0.7262852,0.88424206,0.25025517,0.75068396,-0.4687364,-0.42779335,0.6664916,0.35915047,0,chr22:18516206:Peyers_patch:0,TN,0
2.8744102,-0.26287463,2.1055431,-1.7256738,0.32745504,-0.86556345,0.14573032,0.040103,0.7231857,-0.204935,1,chr9:27690986:body_of_pancreas:0,TP,1
-1.977527,1.5497475,0.16408058,0.70028615,1.0585997,-0.7816283,0.5535173,-0.057325978,-0.29909343,0.5704771,0,chr6:53795559:prostate_gland:0,TN,0
-2.2987807,0.9777476,1.9331841,1.6260097,0.14916006,-0.48849535,-0.38689017,-0.070696115,0.053790968,-0.012267647,0,chr2:101253125:tibial_nerve:0,TN,0
2.3782449,-0.1022135,0.57667696,-0.3642122,-0.16124031,0.27748543,0.5902475,0.49249306,-0.105020136,-0.018355096,0,chr9:101449199:testis:0,FP,1
-3.0394213,-2.4723108,0.4695729,-0.1662452,0.0849415,-0.89532036,-0.27348647,-0.5360415,0.15664326,-0.22461537,0,chr17:17569298:sigmoid_colon:0,TN,0
-2.1532555,1.3338975,1.2281373,2.0303326,-0.8969075,-0.61491716,0.28253472,-0.009505021,0.47198966,-0.2988518,0,chr16:10942438:transverse_colon:0,TN,0
6.0276155,0.5560865,-0.7300997,0.28594616,-0.44037962,-0.8830548,0.11892598,-0.41586822,0.24230026,0.07283215,1,chr3:75785547:sigmoid_colon:0,TP,1
4.58961,0.011746003,1.4434603,-0.85783774,1.0400827,-0.3922784,-0.3583251,-0.56901807,0.4600349,-0.96001536,1,chr19:45678133:esophagus_squamous_epithelium:0,TP,1
1.1714003,0.0707333,1.5039765,0.13792206,-0.4790038,1.0327842,-0.7216094,1.8184075,0.8305396,-1.0107028,1,chr19:21484173:tibial_artery:0,FN,0
-2.1293466,1.4554566,0.04716226,-0.3321274,-0.3186912,0.014002469,0.3162296,0.08687874,-0.39505324,0.6326022,0,chr2:24791112:transverse_colon:0,TN,0
-2.6345036,0.11615135,1.03349,1.6108466,-0.2348468,-0.14682998,0.036672246,-0.45833954,0.11208066,-0.3451511,0,chr9:35096636:testis:0,TN,0
-3.2319894,1.4106249,0.10832774,-0.3177098,-0.35975325,-0.31133088,-1.0324751,-0.19229135,-0.07528018,-0.1448142,0,chr9:100323287:tibial_nerve:0,TN,0
-2.7441669,2.0043364,0.2230783,0.47381017,-0.30013517,-0.5541859,0.29102108,-0.079745464,-0.26712963,0.17221661,0,chr19:18571531:transverse_colon:0,TN,0
6.076322,0.8550054,-0.7942155,0.26434168,0.014956504,-0.48466164,-0.26702186,-0.42828378,-0.25235513,-0.08459282,1,chr5:151298414:adrenal_gland:0,TP,1
2.8768373,-3.5271363,0.2131608,0.53707474,-0.47520828,1.4778287,-0.5904468,0.03754953,0.68628204,0.16567554,1,chr19:47436804:esophagus_muscularis_mucosa:0,TP,1
-1.6525129,2.2083802,1.873705,1.8512385,0.18176217,-0.7942757,0.30432236,-0.032421835,0.15895234,0.120562166,0,chr6:160348778:body_of_pancreas:0,TN,0
-2.4026394,-0.33305898,-0.37073085,0.44040826,0.6827721,-0.4983859,-0.06947913,0.46005878,-0.022237137,0.22923136,1,chr1:226736236:tibial_nerve:0,FN,0
-2.76736,0.39769796,-0.8231186,0.2456972,-0.30120862,-0.48996854,-0.1266207,-0.19872531,-0.06183671,0.1480443,1,chr8:60233242:suprapubic_skin:0,FN,0
6.003458,0.019791476,-0.35278678,0.25148267,0.116554834,-0.38897398,-0.15152037,0.021955078,-0.1869405,0.036053795,1,chr6:31374359:Peyers_patch:0,TP,1
5.7965193,0.46827108,-0.8135238,0.5602016,-0.31801528,-0.18606253,-0.28558192,-0.26436818,0.07049617,0.35386083,1,chr19:21569427:body_of_pancreas:0,TP,1
-2.7555962,0.5668725,-0.6135902,-0.06387139,0.4625222,-0.9129486,-0.14248016,0.22814974,-0.10497375,0.42717436,0,chr1:219347097:body_of_pancreas:0,TN,0
-3.227845,0.28202093,0.06225793,-0.6595379,-0.2694065,-0.34506407,-0.45225748,-0.2907533,-0.1283165,0.15050486,0,chr15:45705730:esophagus_squamous_epithelium:0,TN,0
-3.1114662,-0.7139509,-0.3092883,0.35078737,-0.119305626,-0.77825725,-0.16762228,-0.1948679,-0.046046525,-0.4792466,1,chr11:1652791:testis:0,FN,0
5.959813,0.3166987,-0.17012276,0.18934569,0.36983365,-0.5447081,-0.20706773,-0.70703363,-0.11913197,-0.51726145,1,chr6:29705705:Peyers_patch:0,TP,1
-2.5560577,-1.5442001,-1.0626165,-0.81184804,-0.34114864,0.38275507,-0.47823596,0.23754208,0.3369522,-0.37818903,0,chr13:43905685:tibial_artery:0,TN,0
-2.2902384,1.9120297,0.31682068,-0.597888,-0.04033977,0.57374275,0.29391235,-0.36017248,-0.37969655,0.180025,0,chr4:112638065:body_of_pancreas:0,TN,0
5.8513184,-0.8517377,-0.11499447,0.3595549,0.51732165,-0.096541375,-0.3444569,-0.090353236,-0.5251461,-0.31011885,1,chr1:27556965:upper_lobe_of_left_lung:0,TP,1
-0.9607936,1.0262967,-0.53574514,-0.9877407,-0.2739279,0.7898051,1.0250728,0.07907428,0.14375994,-0.44334358,1,chr6:106223515:sigmoid_colon:0,FN,0
-2.3602617,1.1856388,1.451636,2.0344484,-0.6902657,-0.92353487,0.086277284,-0.13289358,0.1905625,-0.10251717,0,chr22:49918386:prostate_gland:0,TN,0
5.389051,0.45884123,-0.6972095,-0.20639868,-0.44328305,0.10725932,0.115082264,0.17517617,0.2805281,0.31778345,0,chr2:95956474:testis:0,FP,1
-1.4792376,-1.0349659,-0.97739774,0.74468976,0.32238385,0.8306817,0.30835333,0.51729345,0.31788158,-0.3088373,0,chr15:53197580:spleen:0,TN,0
-2.2911286,0.39319646,-1.2364404,-0.53958094,-0.101484105,0.34559008,0.1767429,-0.09254729,-0.070486985,-0.17619708,1,chr6:106223515:esophagus_muscularis_mucosa:0,FN,0
-1.4911927,-0.8539021,1.509367,1.6462692,0.05884255,0.81825924,-0.56127566,0.30140173,-0.037752997,-0.08492935,0,chr16:4254235:Peyers_patch:0,TN,0
-1.3974265,1.9289736,1.144726,-2.3047552,0.590971,-0.39912078,-0.23725414,0.2916862,-0.13830754,1.0494559,0,chr12:58472112:body_of_pancreas:0,TN,0
-1.701514,-2.2371712,-1.0498769,-0.40229997,0.13499533,-0.65023696,0.34575012,0.01673636,-0.12263776,0.42126217,1,chr5:22214242:adrenal_gland:0,FN,0
-1.571065,0.60760695,1.1500325,1.764588,0.48312396,-0.40893131,0.9563322,-0.004620455,-0.035203032,0.3205845,0,chr9:133356489:transverse_colon:0,TN,0
-3.018424,0.1290512,-0.43689454,0.5417932,-0.27431935,-0.73831356,-0.1411869,-0.16646181,0.08485802,-0.2781216,1,chr11:1652791:prostate_gland:0,FN,0
4.7632055,-0.73914194,-0.58996856,0.22699744,-1.4936265,0.24927452,-0.41593385,-0.045300383,0.19129838,0.39274687,0,chr15:33226849:adrenal_gland:0,FP,1
-0.6809571,1.8835016,0.3034885,-1.0406507,0.42958784,-0.2665147,0.44177842,0.15268788,0.1374857,1.4974818,0,chr17:37852040:body_of_pancreas:0,TN,0
-1.7190254,-0.39863357,-0.7965573,0.4272372,1.1403182,0.4135572,0.3823551,0.020157682,0.20970213,0.33308804,0,chr16:68264120:body_of_pancreas:0,TN,0
4.5450287,-1.4951026,0.30250216,0.6854253,-0.4247504,0.44801056,0.031446192,0.5559524,-0.7587164,0.2525051,1,chr13:20119527:thoracic_aorta:0,TP,1
-2.2901397,0.49483624,1.5395563,1.9232519,-0.14763801,-0.5432764,0.43510193,0.25688842,-0.19508663,-0.34027997,0,chr2:11345104:tibial_artery:0,TN,0
-1.446531,0.6364406,1.0281669,1.8845553,-0.30108073,0.10635514,0.8957223,0.37089235,-0.13856338,-0.28206736,0,chr3:156675401:tibial_nerve:0,TN,0
5.717403,-0.537395,-0.338748,0.4622008,0.45899028,0.20255582,-0.42523584,-0.009024324,-0.6062908,-0.25229737,1,chr1:27556965:thoracic_aorta:0,TP,1
-2.3195763,0.54697883,0.54720986,-0.19407736,-1.5241916,-0.2050661,-0.5561532,-0.6380001,0.27281734,-0.32888538,1,chr8:116766330:tibial_artery:0,FN,0
3.1797636,-1.8590975,2.0323336,-0.7966773,0.4142916,0.34610873,0.37167564,0.8814585,-0.4174068,0.26769817,1,chr19:45427778:spleen:0,TP,1
-2.3868532,-0.30039984,-0.8295628,-0.2517857,0.11019413,0.06552276,0.06265115,-0.35070348,0.26832414,-0.053827267,1,chr3:56987764:esophagus_squamous_epithelium:0,FN,0
-2.8178043,-0.58906496,0.2317382,-0.025523178,-0.43521878,-0.0363835,-0.4117761,0.16020268,-0.46255514,-0.6271848,0,chr1:150363696:esophagus_muscularis_mucosa:0,TN,0
0.24592291,-1.2008364,-0.39757073,-0.2563228,-0.5175817,0.84247303,0.65715975,-0.4867781,0.39873612,-0.41452256,0,chr1:84753658:Peyers_patch:0,TN,0
-1.1397848,1.9396828,2.017565,0.71999043,-0.3678965,-0.26474026,-0.14296538,0.1671239,0.30207637,-0.10108179,1,chr14:77027452:gastroesophageal_sphincter:0,FN,0
4.989715,1.522686,-0.15575804,-0.16655432,-0.13260558,-0.32640928,0.47078153,0.15520704,-0.03234257,-0.014486999,0,chr9:117607300:body_of_pancreas:0,FP,1
5.666978,0.439167,0.27740344,0.07183274,0.62690485,-0.38994983,-0.44383278,-0.934159,-0.03010659,-0.46895292,1,chr16:85086903:adrenal_gland:0,TP,1
3.54062,1.7234294,0.47267312,-0.20650871,-0.3069398,0.43754584,0.36959007,0.14534938,0.30306974,0.22749813,1,chr15:40074737:body_of_pancreas:0,TP,1
-1.6800566,0.41816482,0.26522163,0.25104553,0.09831227,1.7788231,-0.77987593,0.5814782,0.2813411,0.07340021,0,chr17:63835031:gastroesophageal_sphincter:0,TN,0
-0.20152676,-1.1424625,-0.80164915,-0.23393558,-0.7513218,1.1684391,0.035683878,-0.32431057,0.5208339,0.2765318,0,chr17:64074419:body_of_pancreas:0,TN,0
1.8342755,-1.100278,1.582806,-0.39484143,1.6062121,0.65816003,-0.08752312,-1.5440545,0.04837529,-0.43290266,1,chr8:41651698:prostate_gland:0,TP,1
-2.2542722,0.6440103,-0.7521846,-0.3523485,-0.92534703,0.44506457,-0.3171815,0.12450616,-0.055520415,-0.35327452,0,chr21:30341086:prostate_gland:0,TN,0
6.1106563,0.28349996,-0.25546098,0.2402761,0.1622326,-0.5010272,0.12614836,-0.25726452,0.11746905,0.010495055,1,chr17:45585364:adrenal_gland:0,TP,1
-2.0871613,1.0623618,1.3814609,-1.1294546,0.3836775,-0.24618593,0.7433881,0.12097538,-0.1297065,0.8966874,1,chr22:20028091:body_of_pancreas:0,FN,0
-1.71618,-0.94422007,-0.9177931,-0.0065869335,-0.54520094,0.6131859,-0.047675792,0.40691566,0.2841137,-0.2902964,0,chr11:26754057:esophagus_muscularis_mucosa:0,TN,0
-2.9648285,-0.3285867,-0.0662547,-0.1865686,-0.96798116,-0.11073662,-0.38514742,0.07577214,0.27479994,-0.0771865,0,chr14:20609415:Peyers_patch:0,TN,0
-3.021879,2.112536,-0.81128883,-0.65826786,-0.083369076,0.3392305,-0.8278306,-0.24513628,-0.29237446,-0.31660813,0,chr16:76906820:body_of_pancreas:0,TN,0
-3.0129952,-0.34519613,0.35311192,-1.4860271,-0.913305,-0.29789644,-0.74098396,-0.42093575,0.05689629,-0.4440988,0,chr9:105609267:transverse_colon:0,TN,0
-3.0277982,0.41266003,0.1375701,0.23639812,0.08179748,-0.47571748,-0.5703344,0.012836095,-0.42246652,-0.31083074,1,chr16:21935488:upper_lobe_of_left_lung:0,FN,0
4.5127897,0.36380115,0.38683936,0.97104114,0.72315776,1.1627654,-0.6226906,-0.6111417,0.16299906,0.29987574,1,chr18:75856:tibial_nerve:0,TP,1
-2.6556575,-0.6277558,-0.7468003,0.19375896,0.3306603,-0.5758516,-0.1267845,0.13167861,-0.038539905,0.15922883,0,chr6:3826063:gastroesophageal_sphincter:0,TN,0
-2.6731908,1.1626252,1.1981882,1.8525953,-0.6489611,-0.63874865,-0.23711087,-0.1689304,0.12908384,-0.13894558,0,chr17:82497277:gastroesophageal_sphincter:0,TN,0
-2.6821516,-0.23935245,-0.5075087,0.5650127,-0.19087215,-0.5391499,0.20545994,-0.030393798,-0.025666613,-0.09174272,0,chr6:6008625:tibial_artery:0,TN,0
4.6498485,-0.4863966,-0.8240321,0.03644564,-1.3382351,0.10849803,-0.3662506,-0.108795576,-0.9366727,0.12849124,1,chr2:196068383:body_of_pancreas:0,TP,1
5.6580634,-0.75343496,-0.3022972,0.24546398,0.08621482,-0.5303847,0.061196297,0.72035784,-1.2769414,-0.25002542,1,chr3:81292180:thoracic_aorta:0,TP,1
-2.2379322,0.4830323,-1.0760657,-0.014820371,0.36115795,-0.4185759,0.37711045,0.33861595,-0.15273899,0.002237416,1,chr4:119212065:gastroesophageal_sphincter:0,FN,0
-2.3648798,-0.6445677,0.17629868,1.8197086,0.05065038,0.0951087,0.044948194,0.41203237,-0.02484826,-0.042572077,0,chr14:104137797:prostate_gland:0,TN,0
-3.2089245,2.5929594,0.59918493,-0.013590934,-0.5243553,-0.4486003,-1.3334227,-0.079453036,-0.2991239,-0.18962257,1,chr10:89030249:prostate_gland:0,FN,0
2.7487519,-0.60618484,0.13470842,0.73608863,1.5556722,1.8791642,0.7316469,-0.5548904,0.15769096,0.30475947,1,chr9:63859743:body_of_pancreas:0,TP,1
3.6741285,-1.3093853,-0.22964449,0.7660983,1.9169116,1.2271489,0.030101141,0.2932921,-0.0535897,0.3233555,1,chr9:112890745:body_of_pancreas:0,TP,1
-2.4900508,0.59631264,-0.43797645,0.95621794,-0.39772314,-0.257877,0.50522065,0.06835985,0.087474555,-0.2493784,0,chr6:26171990:tibial_artery:0,TN,0
-2.4291515,0.6869836,0.61175066,-0.9296957,0.23039,0.26922658,-0.5497446,0.048476223,-0.0117532415,-0.03252851,1,chr1:245045785:transverse_colon:0,FN,0
-2.6146307,0.25371474,-1.0551243,0.14588794,0.17393447,0.21241017,-0.17158976,0.12175791,-0.17403273,-0.21397981,0,chr1:48498745:adrenal_gland:0,TN,0
-2.1959493,1.4205036,0.6705047,0.10154483,-0.8924128,-0.024510305,0.4001958,-0.29271847,-0.1487226,0.59833425,1,chr16:4548780:tibial_nerve:0,FN,0
-2.873782,0.1351765,-0.57102627,0.39462477,0.06990536,0.031378467,-0.048699614,0.3655892,-0.018705685,-0.64259905,0,chr3:169149117:transverse_colon:0,TN,0
4.655517,3.5224452,-0.5368507,-0.11217593,0.57519084,-0.53607005,-0.20666958,0.8113838,1.4624481,0.110011764,1,chr17:25564496:adrenal_gland:0,TP,1
4.2652764,1.4253497,0.48120007,-0.36997467,-0.23796454,0.0903112,0.6532435,0.44114813,-1.2465532,-0.14347558,0,chr7:90757292:body_of_pancreas:0,FP,1
5.654889,-1.1141713,-0.22522956,0.39104626,0.4653529,0.17826265,-0.4874022,0.10183451,-0.5674118,-0.32071936,1,chr1:27556965:Peyers_patch:0,TP,1
5.512878,0.0063692327,-0.64898896,0.59181494,-1.3250102,-0.26419023,-0.02919045,-0.16582477,-0.7225555,0.5904133,1,chr10:38653055:adrenal_gland:0,TP,1
-2.5402427,1.4072995,0.9750294,-1.5533246,-0.35489333,-0.00055706565,-0.6109793,-0.009541811,-0.5610319,0.3100923,0,chr8:19257625:upper_lobe_of_left_lung:0,TN,0
3.6039112,-1.6557821,-0.043198936,-0.05007596,-0.7970722,0.33971813,0.2677354,1.3130474,-0.5033531,-0.6826866,1,chr20:53943966:upper_lobe_of_left_lung:0,TP,1
-0.024258442,1.0884299,0.13191825,-1.1685945,0.50051504,0.9144037,0.6808834,-0.79358226,0.6447673,-0.4087245,0,chr2:116510398:transverse_colon:0,TN,0
-2.4491105,2.2192993,0.29269555,-0.1601318,-0.048931416,0.65010536,0.02677102,-0.20446046,-0.2783074,0.50256133,0,chr17:1724503:tibial_nerve:0,TN,0
-2.6884274,0.4377996,-0.5718631,-0.095856115,0.31246966,0.13453841,-0.09819741,0.16017167,-0.09023308,-0.11283586,1,chr6:105318017:spleen:0,FN,0
-0.47440502,0.07682335,0.27090704,-1.1419386,-0.54856527,0.8327527,0.15616004,-0.15410686,-0.04992878,-1.4366605,1,chr18:56389368:body_of_pancreas:0,FN,0
-2.5447738,0.5197745,1.1084517,1.5456175,-0.015829636,-0.8024592,0.21720119,-0.16955708,-0.048001777,-0.11014837,1,chr5:178730754:omental_fat_pad:0,FN,0
4.507529,-1.7706101,0.02983703,0.66985273,0.06298152,1.2374046,-0.68320704,0.057956282,0.8170012,0.86756337,0,chr1:6423522:thoracic_aorta:0,FP,1
-1.414882,-2.1680744,-1.0982004,-0.89405984,0.5343597,0.2477974,0.3419721,0.4800105,-0.324315,0.006339256,0,chr2:40760068:gastrocnemius_medialis:0,TN,0
-1.6755434,0.3269325,0.8340268,-0.65355945,0.063772194,0.44247228,-0.078461014,-0.53557694,-0.21728772,0.2093476,0,chr19:3627762:body_of_pancreas:0,TN,0
-1.4121181,-0.86638755,-1.2873254,-0.12582466,0.28860885,0.48605052,0.62316406,0.5822551,0.12990797,-0.049541436,1,chr5:4295869:gastrocnemius_medialis:0,FN,0
-0.8191694,0.44552267,2.827786,0.73395574,0.6113456,-0.22021182,0.40671393,0.35806403,0.42793635,1.1795478,1,chr18:597094:Peyers_patch:0,FN,0
-2.046861,0.65417165,1.4579535,2.1299458,-0.021244567,-0.75077146,0.42221528,0.32776943,-0.27514267,-0.07824122,0,chr7:55019445:prostate_gland:0,TN,0
-2.2455041,0.14520362,1.9562718,1.7192794,-0.1368559,-0.8541399,0.29551297,0.12663324,-0.19640839,-0.20576452,0,chr11:11622213:tibial_artery:0,TN,0
5.602936,-0.4790597,-0.83201355,-0.06944149,-0.6277942,-0.74032044,-0.3362051,-0.21350823,0.35639852,0.3377392,1,chr4:98093069:body_of_pancreas:0,TP,1
-1.0521536,-2.1311476,-0.045396227,-0.6355904,-0.35363093,-0.13157873,0.7622626,-0.37189594,0.33537292,-0.30168396,1,chr6:137697537:Peyers_patch:0,FN,0
-1.440337,-1.0638647,0.29608822,-0.48576835,0.46736878,0.88591826,-0.15609223,0.5262051,0.4169572,-0.11852935,0,chr13:40993520:body_of_pancreas:0,TN,0
-0.77509904,-0.17415842,0.45250463,0.7632936,-0.4634115,0.24380584,0.99901724,1.4968547,-0.26383287,-0.39101407,0,chr1:183635016:thoracic_aorta:0,TN,0
-2.3414145,1.7601058,-0.2099972,0.69120306,0.46906787,0.79691654,-0.112703286,-0.16888379,-0.10680806,-0.3041241,0,chr20:49608820:tibial_nerve:0,TN,0
-0.2877985,-0.17944868,0.64899814,0.7717308,1.605358,0.5339068,0.6076828,-0.2741986,-0.57593745,0.57876587,1,chr6:3259228:Peyers_patch:0,FN,0
-0.6894251,1.1573498,1.232893,-1.5093635,-0.49588633,-0.474512,0.29756653,-0.26168904,-0.29967114,-0.27294353,1,chr2:168375394:upper_lobe_of_left_lung:0,FN,0
-2.0403466,-1.3064935,-1.0511943,-0.020384347,-0.16810238,0.14420997,0.15128514,-0.09996608,0.5224384,0.19007137,0,chr6:73733200:esophagus_muscularis_mucosa:0,TN,0
1.2812717,-2.374334,0.08852083,-1.1680676,0.29973516,-0.051823962,1.249032,-0.026213724,-0.23698595,0.16733696,1,chr12:33993:upper_lobe_of_left_lung:0,TP,1
2.4704254,0.06548825,1.3425593,0.12062262,2.8206856,0.894509,0.08169374,-0.5939932,-0.26751828,0.5199125,1,chr6:3259228:esophagus_squamous_epithelium:0,TP,1
0.49031574,-0.52741814,0.94904923,0.77868354,0.23238271,0.5855051,1.1632491,1.146895,-0.699662,-0.6555974,0,chr2:10721169:upper_lobe_of_left_lung:0,TN,0
-0.62978184,1.0311229,1.1661009,-1.3149195,0.8275486,0.17160843,0.2000543,0.19395663,-0.43324378,0.18504554,0,chr20:43448755:spleen:0,TN,0
-2.8739448,0.70181215,-0.57214344,-0.36548182,-0.30646515,0.45440775,-0.40977854,0.24546902,0.12769315,-0.615463,1,chr3:16550863:prostate_gland:0,FN,0
0.57478136,-1.8438249,-0.41293147,1.035108,0.8775696,1.4236269,0.45062885,-0.5343179,0.5467922,0.90329456,0,chr7:2064001:transverse_colon:0,TN,0
-2.0741293,1.7637967,0.66545,-0.60942006,-0.48922232,1.1693205,-0.89058703,0.14646542,-0.542657,-0.050491445,0,chr3:195851784:upper_lobe_of_left_lung:0,TN,0
-2.2341158,1.0870427,-1.2074553,-0.03797139,-0.5496955,0.95578426,0.0067602554,0.12776306,0.21685678,-0.38253114,0,chr1:26597816:prostate_gland:0,TN,0
4.6037784,3.863787,-0.5844715,-0.6023085,0.922925,-0.6136044,0.14216888,1.168351,1.9118923,0.12969819,0,chr17:23378824:prostate_gland:0,FP,1
-2.5976162,-0.18829547,0.2224785,0.9307633,-0.8677728,0.27854326,-0.09781889,0.3033634,0.06881354,-0.69524395,0,chr6:32177427:esophagus_squamous_epithelium:0,TN,0
-2.5838177,0.04464667,0.40414274,1.8057867,-0.33540115,-0.28313038,0.15125057,-0.023496995,-0.0034125615,-0.43599054,0,chr3:131027020:upper_lobe_of_left_lung:0,TN,0
-2.887654,1.399496,-0.41458547,-0.50294214,-0.2077913,-0.23300552,-0.61319476,-0.23571086,-0.09972784,0.5550614,0,chr10:11472145:body_of_pancreas:0,TN,0
-1.5729682,0.00975306,-0.873201,1.0237455,0.16974624,0.2516129,0.59007895,0.020047905,0.13357778,0.41797236,0,chr3:12993182:upper_lobe_of_left_lung:0,TN,0
-2.0452123,1.6691922,0.5404737,0.08847805,-0.6002035,0.40300798,0.14307709,-0.07525088,-0.12628743,1.1170549,0,chr17:57857932:transverse_colon:0,TN,0
-2.1166306,-1.0026443,-0.98103404,-0.1807086,0.08098477,-0.58607566,0.23437622,0.2752468,0.040336438,-0.26232892,1,chr7:120989215:gastroesophageal_sphincter:0,FN,0
-2.7915816,1.7012782,0.30636007,0.4144267,-0.611199,0.40693638,-0.75089103,-0.44221914,-0.012363496,0.012818023,0,chr1:165592941:gastrocnemius_medialis:0,TN,0
-0.7787003,-2.2896268,-0.62439394,-0.20795313,1.0422486,-0.28708377,0.57753736,0.30952024,-0.42762893,0.3749822,1,chr3:157077735:tibial_artery:0,FN,0
1.6177126,-0.04731615,1.3712685,0.63698906,1.7271588,1.1954405,0.12894398,-1.4434268,0.4205517,-0.0428203,0,chr19:19342711:tibial_artery:0,FP,1
-2.337953,-0.12834783,-0.34576648,0.58967775,0.22364339,-1.0430895,0.2638605,0.08190622,-0.10147085,0.05982518,0,chr9:77648932:prostate_gland:0,TN,0
5.7739334,0.63385445,-0.5406623,0.48919934,0.10405696,0.005257287,-0.4890622,-0.56354445,-0.1069396,0.2758375,1,chr7:100965858:transverse_colon:0,TP,1
-2.1215518,-1.6300833,-0.98009557,0.27178925,0.07077849,-0.93804723,0.32654423,-0.19499134,0.09626926,-0.109677054,1,chr6:131199853:transverse_colon:0,FN,0
-1.8719348,-0.42875051,-0.48237008,1.011671,0.25704435,-0.5111075,0.5364746,0.22644977,0.26253816,0.035760276,0,chr19:33226725:upper_lobe_of_left_lung:0,TN,0
4.535849,2.8143778,-0.15232562,-0.36163336,0.12448777,0.61321765,0.6667429,-0.445691,0.29850024,0.13677289,1,chr11:121379397:body_of_pancreas:0,TP,1
5.250371,-1.3004284,-0.5486495,0.6037875,-1.0629814,-0.30665085,-0.1899065,0.074938916,-0.44840693,0.62451255,1,chr3:75723673:esophagus_squamous_epithelium:0,TP,1
-0.7197171,1.5102898,0.40150693,-1.184464,-0.16429326,-0.12234109,0.5533746,-0.19401331,0.24710172,0.39357188,1,chr17:74908021:esophagus_squamous_epithelium:0,FN,0
-0.63387436,-2.3039029,2.343751,0.44371656,0.39649427,-0.1193017,-0.98935276,0.6841364,0.018788036,-0.07189333,0,chr22:50806814:sigmoid_colon:0,TN,0
6.167448,0.80018854,-0.6449132,0.2158649,-0.071402885,-0.76378053,0.14421041,-0.3310154,0.096131325,-0.0985918,1,chr7:142521135:upper_lobe_of_left_lung:0,TP,1
-0.21817912,-0.5814574,1.1065542,1.2405301,0.96881235,1.5852479,0.27446565,0.21813026,-0.519032,-0.46712956,1,chr6:169655219:Peyers_patch:0,FN,0
-2.4403868,-0.1840135,-0.84158206,-0.26710108,0.13580208,-0.37315395,0.043754626,0.019786187,-0.2033368,-0.21772744,0,chr9:83583147:body_of_pancreas:0,TN,0
5.0711036,-0.6790047,0.9669055,-0.6681388,1.0456325,-0.5176088,-0.37920645,0.15825035,-0.24330722,-1.1067832,1,chr9:42974893:spleen:0,TP,1
5.915493,0.39778358,-0.37692377,-0.051114716,-0.17116423,-0.7677342,0.44597682,-0.29140818,0.39161235,0.24394584,1,chr9:62609408:prostate_gland:0,TP,1
-1.13465,1.7216102,-0.19343835,0.03729146,1.7405528,-0.18534432,0.57651013,-0.07245662,-0.027527751,0.6686999,0,chr7:2525633:body_of_pancreas:0,TN,0
3.2328787,-0.07686814,1.311141,0.5890351,2.3936398,0.86832863,0.07157203,-0.49627846,0.08178574,0.16156438,1,chr6:3259228:prostate_gland:0,TP,1
5.8100924,1.0699929,-0.6304843,0.32724172,-0.047901988,-1.1577038,0.038853604,0.2042613,0.72619796,0.012763151,1,chr17:22909996:esophagus_squamous_epithelium:0,TP,1
3.034326,4.288858,0.21597607,-0.8690057,-0.7599364,0.31644386,0.58997947,0.7903326,0.5627213,-1.0942482,1,chr6:46877329:body_of_pancreas:0,TP,1
-2.910775,1.0418059,-1.0074908,0.20997626,-0.1414435,0.055035733,-0.23458718,0.13616881,-0.0076848753,-0.3311651,1,chr1:84433767:esophagus_squamous_epithelium:0,FN,0
-2.5208073,0.51716083,-0.8279006,-0.6597827,-0.19763437,-0.59611934,-0.021650909,-0.24940202,-0.28680328,0.43584797,0,chr10:178314:tibial_artery:0,TN,0
1.9355687,0.8947872,-0.0008193075,-0.8826732,-1.2693925,0.62112856,0.0993215,0.21342418,0.5537209,-0.21005234,1,chr6:43386692:testis:0,TP,1
-1.5316927,-2.6240966,0.47889763,-0.99696493,-0.8757538,-0.563751,0.18564926,-0.103369534,0.4384393,-0.092907004,1,chr5:53430917:adrenal_gland:0,FN,0
1.3724549,-0.10025651,2.146448,-1.4592936,0.6703998,-0.46919245,0.02418021,0.118774965,0.4523677,0.22235106,0,chr8:94009288:transverse_colon:0,FP,1
4.3766823,0.7685491,0.68821657,-0.00082949613,0.4180923,0.10606842,0.4999017,0.48604855,-0.7045973,-0.2316633,0,chr8:102730992:prostate_gland:0,FP,1
-2.4818418,1.3667897,1.2071579,1.9438665,-0.46526435,-0.98533267,0.09770903,-0.08140977,0.11732283,-0.32841945,1,chr9:89310799:thoracic_aorta:0,FN,0
0.11244366,-0.29998052,1.4748958,-0.90516394,-1.1101016,0.6978836,-0.8435125,-0.09164824,-0.5840841,-0.87053615,1,chr15:98081024:Peyers_patch:0,FN,0
4.346087,-1.7438048,-0.3070074,0.4263038,-1.686639,-0.05670706,-0.47620162,0.3190851,0.45810127,0.9632353,1,chr7:63016040:spleen:0,TP,1
-2.2383087,-0.33259425,-0.79827225,0.10676316,0.28527033,-0.5002744,0.6496682,0.31028417,-0.24219169,-0.13422677,0,chr3:37968257:body_of_pancreas:0,TN,0
1.8834379,1.1262772,0.38052613,-0.28038818,-1.4206214,1.4805448,0.556376,-0.05696157,0.6677248,0.09319593,0,chr16:1707616:transverse_colon:0,FP,1
-2.3103514,-1.05218,-0.3579501,-0.7968297,-0.011633224,-0.21581374,0.2839421,-0.52953124,0.30054024,0.5683886,0,chr1:201878136:tibial_artery:0,TN,0
-2.4381003,0.86612564,0.30660677,0.44416943,-0.5595778,-0.028226808,0.42580503,-0.14436704,-0.037105396,-0.37879476,0,chr10:87203579:testis:0,TN,0
5.517332,-0.23367475,-0.2771621,-0.03195905,-0.15943114,-0.5385091,0.18624927,0.92888856,-1.6364611,-0.5974237,1,chr2:53940959:prostate_gland:0,TP,1
0.059908185,-4.2327113,1.5920575,-2.3282218,-1.1931099,-0.75936806,0.14094597,0.01659865,-0.70388114,-1.3021528,1,chr5:123274158:thoracic_aorta:0,FN,0
5.226483,0.1391529,-0.36395663,-0.37808204,0.31265643,-0.23359275,0.09734494,0.5749395,-1.3868251,-0.21921922,1,chr15:77077965:transverse_colon:0,TP,1
5.5684485,-0.11697024,0.32592857,0.26326534,0.713109,-0.2853367,-0.57036895,-0.9044337,-0.10703539,-0.35329553,1,chr12:8390645:spleen:0,TP,1
5.1529517,2.3826962,-0.38803425,-0.19874246,0.4369559,-0.75383043,0.04871446,0.9013034,1.5116807,-0.011901215,1,chr17:25564496:esophagus_muscularis_mucosa:0,TP,1
-2.8212178,-0.7300191,-0.35868782,-0.20699759,0.32640472,-0.55863446,-0.2672125,-0.38296983,-0.26122302,-0.12725031,0,chr2:242181884:body_of_pancreas:0,TN,0
5.8519444,0.57614803,0.03817939,0.018487602,0.56918174,-0.10554533,-0.11472882,-0.61910534,0.3262631,-0.4709509,1,chr7:22550492:tibial_artery:0,TP,1
5.3472853,-1.850421,-0.2808842,0.36272117,0.42485887,0.32446355,-0.5257153,0.4533989,-0.6847421,-0.42128438,1,chr1:27556965:suprapubic_skin:0,TP,1
0.6276098,1.6099416,0.58822453,-1.2416617,-0.81442535,0.41486615,0.36200115,-0.72823703,-0.58286923,-0.26422158,0,chr11:60450347:body_of_pancreas:0,TN,0
-1.4630848,-1.0405854,-0.015806368,1.4549514,-1.0028784,0.036320686,0.8031706,0.055794366,0.22012562,-0.26226145,0,chr3:11272223:esophagus_muscularis_mucosa:0,TN,0
-1.8449903,-2.3418934,1.3155174,-1.6035297,-0.48751232,-1.1647865,-0.13608323,-0.19622603,0.23335098,-0.21368559,0,chr17:47831235:spleen:0,TN,0
0.6651727,-2.6078527,-0.9608736,-1.1696328,0.66842294,0.70616627,-0.3906478,1.4541296,-0.19891953,-0.17665727,1,chr9:17531876:Peyers_patch:0,FN,0
2.4060543,-1.3015037,1.8396239,-0.7866575,0.4735088,0.6486782,0.41028127,0.5293587,-0.57440716,0.15178242,1,chr19:45427778:thoracic_aorta:0,TP,1
6.099483,0.60255617,-0.60132927,0.26540628,-0.15809134,-0.73477197,-0.07903389,-0.3986575,0.11931612,-0.027318284,1,chr3:75785419:tibial_nerve:0,TP,1
1.0037926,0.52377844,1.0039043,0.18389563,-0.4844424,0.8577268,1.0430739,0.40007412,-0.58168495,0.06184497,0,chr16:2874817:transverse_colon:0,FP,1
5.522506,0.32430485,-0.6395092,0.32337713,-0.51127565,-0.42866412,0.28948826,-0.1124367,-0.8263257,0.25838342,1,chr10:96641123:transverse_colon:0,TP,1
-2.8712027,0.15197161,-0.092538476,0.16810408,0.21887667,-0.7918056,-0.12825146,0.08241424,0.024519902,0.0018050958,1,chr8:23472531:esophagus_squamous_epithelium:0,FN,0
-2.1933885,-0.8143179,0.2918108,-0.6460014,0.020538148,-0.89618355,0.10222846,-0.11826469,0.011556727,0.26710773,0,chr6:26474513:lower_leg_skin:0,TN,0
-1.2859366,0.4321484,-1.5171498,-0.89550513,0.16157858,0.20380627,0.5073462,-0.09093581,-0.052651096,0.5850055,0,chr10:55926452:body_of_pancreas:0,TN,0
-2.2790136,-0.30560672,-0.40283358,0.5944702,0.2572358,0.45476717,0.16993476,-0.23817565,0.20287398,-0.5681452,0,chr16:67967543:body_of_pancreas:0,TN,0
6.076244,-0.14898954,-0.1688796,0.15727793,0.42267972,-0.69284093,-0.18221292,-0.45467675,0.03608812,-0.1978248,1,chr12:52949266:body_of_pancreas:0,TP,1
5.6114264,-1.1139263,-0.0380836,-0.23829846,0.6280762,-0.3403182,-0.013083568,-0.6139217,0.1492084,-0.73204976,1,chr6:29705705:prostate_gland:0,TP,1
-2.8468077,0.95813113,-0.30537876,0.59322697,-0.06333228,0.2556942,-0.969529,-0.22840627,0.011451969,0.08586389,0,chr17:1187510:gastroesophageal_sphincter:0,TN,0
6.0300746,0.5013425,-0.52587414,0.36078885,0.24809253,-0.42232436,-0.15362495,-0.29442593,0.0064190514,0.18241106,1,chr15:79896760:Peyers_patch:0,TP,1
5.2672067,-0.58252364,0.018044908,0.3084265,0.9083246,0.43365264,-0.6609829,0.029209983,-0.07472799,0.12851326,1,chr9:42852316:body_of_pancreas:0,TP,1
1.8147124,-5.011995,0.019588578,0.59572846,-0.9526819,1.1573799,-1.2517141,0.14912531,0.88157594,1.6095668,0,chr14:71188151:tibial_nerve:0,FP,1
-2.6876814,0.38593397,-0.71291614,0.26856628,0.30723378,-0.14760384,-0.09462509,0.15810831,-0.3618441,-0.03297465,0,chr1:206107040:tibial_artery:0,TN,0
0.8697235,-4.02616,1.9215271,-1.0286062,0.5033098,0.33177897,-0.31057468,1.2058,-0.3243602,0.17023867,1,chr19:45427778:tibial_nerve:0,TP,1
0.6386105,2.3851705,1.5524834,0.1332869,-0.64054817,0.737106,0.9443408,0.5705202,-0.7498149,0.37987444,0,chr19:52526944:spleen:0,TN,0
-0.42110887,-1.8767991,-0.993325,-1.0038846,0.6232481,0.5748969,-0.42727405,1.2870665,-0.230703,0.047546864,1,chr9:17531876:omental_fat_pad:0,FN,0
5.3292136,1.12963,-0.9649102,0.4239748,-1.1231558,-0.23701845,0.3087634,-0.27234435,-0.25595778,0.22577366,1,chr10:38653296:spleen:0,TP,1
-1.0908669,-2.1495411,-0.60924065,0.52294606,0.46220422,1.1928555,-0.12646183,0.117258005,0.5225286,0.2297085,1,chr7:105532581:prostate_gland:0,FN,0
-1.9761027,-3.219426,-0.19236484,-1.0113628,-0.2019519,-0.82385224,0.2978006,-0.42020494,-0.0011208302,0.18681152,0,chr6:11145711:body_of_pancreas:0,TN,0
-2.7576005,-0.04015912,-0.3208312,0.051812623,-0.17662685,-0.30542678,-0.10507738,-0.82320696,0.010403293,0.06636095,0,chr3:14921124:thoracic_aorta:0,TN,0
3.6058815,-1.3031292,0.06527002,0.37536493,-2.102554,0.42256024,0.23640859,0.053791665,0.38652217,0.6587834,1,chr17:21322681:body_of_pancreas:0,TP,1
4.803553,-1.7705499,-0.7774922,0.70084727,-1.3284324,-0.4705491,-0.9217663,0.017743064,0.06486888,0.9481707,1,chr11:60251676:tibial_artery:0,TP,1
-1.8561474,-0.64575016,-0.6604701,0.5806314,0.89941657,0.49597144,0.55860275,-0.17430896,-0.033510078,0.26036203,0,chr22:43159583:transverse_colon:0,TN,0
-0.46196315,-0.31776375,3.1879852,0.2306001,0.31905982,-0.50452733,-0.255043,0.5736465,0.53129375,0.7583038,1,chr18:597094:body_of_pancreas:0,FN,0
-1.3502063,-1.1764718,-1.0856751,0.51577955,0.1106585,0.9026802,0.17581524,0.65280896,0.12313324,-0.4283091,1,chr5:113606641:adrenal_gland:0,FN,0
5.7285132,-0.74162143,0.030148312,-0.10238818,0.55668294,-0.43813697,-0.1803558,-0.6862627,-0.00476497,-0.7188273,1,chr6:29705705:gastroesophageal_sphincter:0,TP,1
-1.6470981,0.42492318,-1.120686,-0.32682535,-0.04835855,0.14966677,0.35692182,0.3516191,-0.19112681,-0.24912971,0,chr2:25852638:Peyers_patch:0,TN,0
-2.3562908,-0.3766669,-0.5685363,0.33426988,0.21034062,-0.28138652,0.35026422,0.077997826,0.064494096,-0.32816088,0,chr12:124347927:gastrocnemius_medialis:0,TN,0
-2.4093325,-0.77346194,-1.1302372,-0.2896018,-0.02928304,-0.39801913,-0.028645579,0.15356742,0.08057219,0.00014742986,0,chr13:50513189:adrenal_gland:0,TN,0
-1.8635215,0.18182078,-1.7013625,0.026109992,-0.28298542,0.46561205,0.38227352,0.087369114,0.2597492,-0.4307007,0,chr7:38222730:transverse_colon:0,TN,0
6.0563493,1.065294,-0.22843523,0.35273027,0.24898,-0.53910345,-0.14719135,-0.7622028,0.02625728,-0.18040015,1,chr11:47642443:tibial_artery:0,TP,1
-1.9834794,-0.08713156,-1.0055209,0.13655706,0.425274,0.6987958,0.30367827,-0.1705409,0.6421262,-0.11603631,0,chr1:205230071:prostate_gland:0,TN,0
-0.18821274,0.23784432,1.7007799,1.9661945,0.2647016,0.6098817,0.69809127,-0.055897094,0.0740907,0.4228032,1,chr17:49764139:tibial_artery:0,FN,0
-1.3569871,-1.4184644,0.7029341,0.5806279,1.1121268,-0.07818971,0.20189512,-0.08217975,-0.36513188,0.051068086,0,chr4:39698552:transverse_colon:0,TN,0
1.8245071,-2.172721,0.50375175,1.1007333,0.049319707,2.267154,-0.44966477,-0.34400785,0.69825155,0.50471693,1,chr5:179213127:thoracic_aorta:0,TP,1
-1.9153086,1.0746572,0.44435996,-1.3347254,0.42653874,-0.5970806,0.0034042175,-0.28133348,-0.13414109,1.0092353,0,chr19:122313:transverse_colon:0,TN,0
-0.6845629,-2.8087723,0.55829173,-0.87962246,-0.46392474,0.013004506,0.695244,0.6456403,0.10287817,0.48889813,1,chr1:16742306:tibial_nerve:0,FN,0
-0.82384145,-1.7760121,-0.35475126,-1.2514973,-0.05379821,-0.52178025,-0.06003111,-1.0114256,0.23549046,-0.055628948,0,chr8:19869935:body_of_pancreas:0,TN,0
-2.8328495,-0.49352083,-0.4066236,0.36725765,-0.016729051,-0.74666816,-0.089716345,-0.24578846,-0.08147927,-0.5169885,1,chr11:1652791:sigmoid_colon:0,FN,0
4.572754,-2.2521827,-0.7129132,0.7257025,-1.4426525,-0.4758265,-1.0727888,-0.0066516376,0.023500262,1.0805244,1,chr11:60251676:adrenal_gland:0,TP,1
5.935832,0.6728989,-0.577485,-0.04984078,-0.22317106,-0.5468867,-0.0922708,-0.48926455,0.1971739,-0.21356371,1,chr2:86221296:sigmoid_colon:0,TP,1
4.4080524,1.5669038,0.014576696,-1.2878774,-0.7445728,0.6495684,0.5398248,0.4297996,-0.7905538,-0.012373272,1,chr4:24783719:body_of_pancreas:0,TP,1
-1.443845,-1.0753233,-1.0344372,-0.59657705,0.32882944,0.80246216,-0.07656108,0.4806289,-0.20922175,-0.1615941,0,chr2:196337682:tibial_artery:0,TN,0
-2.7769115,-0.85676724,0.3519297,0.8287889,0.26509652,-0.9286723,0.042259846,-0.08878718,-0.10747782,0.19579825,0,chr15:78873098:lower_leg_skin:0,TN,0
-2.513563,0.46425104,-0.16562892,1.3484436,0.08137475,-0.3138379,0.21071856,-0.1087134,0.024962882,-0.05804536,0,chr6:125153992:upper_lobe_of_left_lung:0,TN,0
-2.6967988,-0.6257922,-0.4405534,0.7560109,0.25375146,-0.2812084,0.013950569,0.061961807,0.105966255,-0.11310287,0,chr9:98998958:Peyers_patch:0,TN,0
-2.7706902,0.8052621,-1.2773343,-0.47365072,0.12668036,-0.026582638,-0.11219067,-0.12356276,-0.13654144,0.12429022,0,chr7:76356776:prostate_gland:0,TN,0
-2.4072957,-0.29615042,0.032037444,-0.65555316,-0.98392,0.004171463,-0.5262943,-0.36686426,0.17251799,0.14321053,0,chr2:35410573:esophagus_muscularis_mucosa:0,TN,0
-2.0952554,-0.4188733,0.17358536,0.63602275,0.19177938,-0.5065219,0.574202,0.13641357,-0.14117724,-0.021679083,0,chr12:123458392:adrenal_gland:0,TN,0
-1.9813514,0.65817124,-0.3394785,1.0016731,0.13253705,-0.31423485,0.382333,0.101075545,0.013776037,-0.41447082,0,chr5:140647718:testis:0,TN,0
5.424707,-0.17396417,-0.14962609,0.38730344,0.7420158,0.29019496,-0.6468813,-0.119159296,0.02107118,0.19821,1,chr9:42852316:upper_lobe_of_left_lung:0,TP,1
3.9591267,-2.2062435,-0.0804951,0.64007145,0.558099,1.4067223,-1.0255188,-0.12558022,0.5771178,0.9197988,0,chr22:49062608:body_of_pancreas:0,FP,1
2.6076574,-0.899294,2.5912695,0.7267599,1.5390749,0.18260911,0.3254407,-0.49021938,0.31500724,-0.03372329,1,chr9:33167269:body_of_pancreas:0,TP,1
-3.0810213,1.6511873,-0.630037,-0.49154517,0.123771854,-0.280814,-0.9408947,0.17398596,-0.39500168,0.24802782,0,chr4:38783176:tibial_artery:0,TN,0
-2.9099228,0.74761844,-0.40378562,-0.060854003,-0.6430721,0.52099127,-0.5493907,0.1617275,0.45839328,-0.37937593,0,chr4:82462411:tibial_nerve:0,TN,0
-1.6387234,1.8880894,0.55044055,-0.4028933,0.25279462,0.94331133,0.54146725,-0.5216964,0.12445022,-0.025651181,0,chr6:6722433:transverse_colon:0,TN,0
3.7662237,3.8465347,-0.35609654,-0.7267508,0.84756005,-0.41099346,-0.5530813,1.377404,0.9382136,0.4147279,1,chr8:44636977:body_of_pancreas:0,TP,1
-3.3146045,0.120368734,-0.30134478,0.15317667,-0.11208747,-0.30726206,-0.94726515,-0.18422505,-0.18854399,0.31882906,0,chr11:131064721:body_of_pancreas:0,TN,0
-0.9838575,1.0177842,1.9011148,1.3287091,-0.11610746,0.49226746,-0.058592364,-0.37493202,0.1830239,-0.027064344,0,chr11:73761088:Peyers_patch:0,TN,0
-2.65097,0.06918107,0.30470514,0.8311015,-0.10190224,-0.73488116,0.16717741,0.05656941,-0.22815,0.10587405,0,chr7:127392752:lower_leg_skin:0,TN,0
-2.2651956,-1.1702209,-1.1607331,0.44158843,-0.16714841,-0.66096395,0.2938548,-0.08772242,0.035696056,-0.09121425,1,chr6:131199853:thoracic_aorta:0,FN,0
1.7921314,0.7675925,-0.44720918,-1.7075236,-1.9194397,0.72393167,-0.099170834,0.172213,-0.706066,-0.62598115,1,chr8:60731508:adrenal_gland:0,TP,1
-2.4694018,0.05697476,-0.73081875,-0.5907174,-0.009846853,-0.11120771,0.10526322,-0.38642102,0.18405482,0.74909157,0,chr21:39175402:prostate_gland:0,TN,0
-1.0252064,2.0507836,0.24916579,-1.8008393,0.5167477,0.386853,0.5042563,-0.25170115,-0.23956428,0.93570215,0,chr6:52724024:tibial_artery:0,TN,0
-2.1464777,-1.1072303,-0.7893479,0.29563183,0.06836138,-0.7121085,0.3522051,0.24376464,-0.008136037,0.007354056,1,chr9:83219889:esophagus_muscularis_mucosa:0,FN,0
0.6169577,0.33444318,0.24717952,-1.2277257,-0.58853585,0.296651,1.1557679,-0.62241226,-0.2966102,-0.6783162,0,chr5:76309196:transverse_colon:0,TN,0
-1.9099177,-0.8834937,-0.35096833,0.5197286,0.94014704,-0.7844684,0.44400755,0.24981703,-0.17960796,0.40475622,1,chr7:267146:Peyers_patch:0,FN,0
-3.1487374,-0.79054224,0.19320251,-0.30233687,-0.26815742,-0.4891461,-0.5704517,-0.120042704,0.038607083,0.07001205,0,chr8:477912:upper_lobe_of_left_lung:0,TN,0
-2.6549375,-1.2252825,-0.624832,0.43036413,0.50948465,-0.10257027,-0.34482542,0.0693715,0.16542378,-0.15866227,1,chr5:36690495:tibial_artery:0,FN,0
-3.0620947,0.80954283,-0.35509908,0.21212436,-0.6006471,0.29585376,-0.91830915,-0.09980342,0.1703605,-0.12049708,0,chr18:49448059:spleen:0,TN,0
5.2055387,-0.0864316,-0.72149515,0.0280081,-0.5562316,-0.7275815,-0.16848715,0.23834708,-1.2272947,0.07996244,1,chr15:24767525:suprapubic_skin:0,TP,1
-1.5596571,-0.8293298,-1.0650854,0.03361759,0.012960732,-0.29825148,0.86840755,-0.16143022,0.22716486,0.07750493,1,chr12:50133030:adrenal_gland:0,FN,0
-1.6947929,2.8755255,0.022095306,-1.5621369,0.97912955,0.86038154,-0.9311033,0.48797747,-0.8110996,0.16036774,0,chr12:46648881:body_of_pancreas:0,TN,0
-1.545401,0.14793761,1.1365955,1.8078905,0.7338414,0.59148157,0.286904,0.38125306,-0.33726075,-0.03763879,0,chr6:41786631:sigmoid_colon:0,TN,0
6.0518184,0.3368716,-0.2523784,0.08052491,0.38508984,-0.55775976,0.02409409,-0.44410574,0.057052832,-0.49304524,1,chr12:121918386:body_of_pancreas:0,TP,1
2.4480255,-2.7138543,0.57786363,-1.2234793,1.5687221,-0.2787521,0.48983288,-0.0069388375,-0.06879533,-1.0619277,0,chr11:115930426:upper_lobe_of_left_lung:0,FP,1
1.7349328,-1.3228338,0.2240333,0.16464722,-1.7014769,0.43588772,0.34642243,-0.517523,0.6604497,-0.01642644,1,chr9:83219701:tibial_artery:0,TP,1
5.7476397,0.34535396,0.31661865,-0.022402681,0.65021,-0.41142282,-0.30243707,-0.88956183,-0.08623038,-0.6535604,1,chr16:85086903:gastroesophageal_sphincter:0,TP,1
-2.5090132,0.08674686,-0.5125789,-0.11716027,0.86669505,-0.08044551,0.017545285,0.5800841,-0.25920132,-0.050754808,0,chr14:69574943:adrenal_gland:0,TN,0
-2.3538105,0.8181244,-0.4270194,-1.2527586,-0.39533973,0.70107746,-0.18937168,-0.007472848,-0.30095097,0.41517302,0,chr10:84363834:omental_fat_pad:0,TN,0
-2.124173,-0.3240842,-0.7586021,-0.08292776,0.50691676,-0.5124595,0.69098413,0.015460121,-0.0081013795,-0.30513975,0,chr19:28466600:tibial_nerve:0,TN,0
-1.9347558,-1.3988118,-0.494416,0.12741095,0.21585305,-1.0928214,0.32431722,-0.36440963,0.11629743,0.32540154,0,chr5:172807337:spleen:0,TN,0
1.6088511,-2.359961,0.09576413,1.0032675,0.0980762,1.9119118,-0.3821734,0.009989573,1.0251694,1.2231572,0,chr10:3046245:thoracic_aorta:0,FP,1
-0.3278016,-0.38219625,1.0007918,-0.5610981,-0.50766075,0.013333454,0.3629022,-0.8731328,0.26142538,0.24371952,0,chr10:32211009:body_of_pancreas:0,TN,0
3.7495048,-1.1330991,2.044216,-0.8473637,1.1374431,-0.6528963,-0.15631591,-0.5629802,0.70811224,-0.49647674,1,chr19:45678133:body_of_pancreas:0,TP,1
5.528102,1.1676813,-0.60596126,0.28590792,-0.60679615,-0.19752869,0.11363641,-0.060994595,-0.7198874,0.2436263,1,chr10:96641123:gastroesophageal_sphincter:0,TP,1
-2.766138,-0.33685586,-0.1990694,-0.14653672,0.88247037,-0.6110988,-0.023912817,0.028082075,0.16365704,-0.10679246,0,chr2:219499194:transverse_colon:0,TN,0
-3.1483538,0.94277596,0.19778815,-0.070364535,0.073574185,0.39637527,-0.7489179,-0.32024324,0.028940933,-0.19329844,0,chr6:166106112:spleen:0,TN,0
-2.679436,0.49313605,-0.81395745,0.32239926,0.6515506,-0.15667701,0.054577038,0.25020346,-0.07908292,-0.11416633,0,chr11:78416867:upper_lobe_of_left_lung:0,TN,0
-2.097995,0.6410294,-1.1195321,-0.38999626,-0.2636136,0.5411684,-0.10593427,-0.09868601,-0.045936476,-0.4768806,1,chr11:26754057:transverse_colon:0,FN,0
-2.3104475,1.5458187,0.51817,-0.83432907,-0.4534399,-0.2672005,0.38800317,0.2189937,-0.50486314,0.52620614,0,chr1:67500109:transverse_colon:0,TN,0
-1.3480029,-2.1096084,0.32773086,-0.7553628,0.049686175,-0.21422668,1.0268264,-0.0013005285,0.38149256,-0.05228952,0,chr2:20135852:prostate_gland:0,TN,0
6.194024,0.5984617,-0.5277066,0.06105693,0.00682673,-0.7340382,0.1031653,-0.3042969,0.051743455,-0.23569494,1,chr7:142521135:tibial_nerve:0,TP,1
-2.5319288,-0.16531804,-1.1757599,-0.01723502,0.10777262,-0.30717838,0.13665323,0.28274336,0.021358564,-0.25465897,0,chr2:236702793:body_of_pancreas:0,TN,0
-1.9849287,0.38684037,0.9908743,1.5064688,0.12643462,-0.74033093,0.4938564,0.15225025,-0.22625189,0.04099257,1,chr8:28701937:upper_lobe_of_left_lung:0,FN,0
0.32011378,1.1168451,0.50000995,-1.0532694,-0.95822895,0.8327656,1.1192514,-0.31666198,-0.9865153,0.38844845,1,chr10:86410439:body_of_pancreas:0,FN,0
-3.0870414,0.6077942,-0.27732107,0.45452315,-0.5189741,0.39156923,-0.80023783,-0.09530175,0.33712354,-0.30193803,0,chr17:82494715:thoracic_aorta:0,TN,0
1.0035768,-3.0304747,2.0935996,-0.82472104,0.6582733,0.11754991,0.6245952,1.3035372,-0.18892877,0.45434487,1,chr19:45427778:sigmoid_colon:0,TP,1
-2.4619348,-0.17260887,-0.5961511,-0.3592546,-0.29193696,0.19197021,0.0013926455,0.4753101,0.113868766,-0.1324923,0,chr4:82462411:Peyers_patch:0,TN,0
-1.2491016,-0.23685539,0.26463223,-0.12734418,0.521121,-0.14053375,0.2864665,-0.3241533,-0.3402725,0.92770636,1,chr21:41722182:Peyers_patch:0,FN,0
5.195081,-0.101589605,0.3540076,0.019657535,0.75932646,0.46241647,-0.063722536,-0.7570833,0.6281491,0.019419247,1,chr7:142773685:body_of_pancreas:0,TP,1
4.6777434,1.397161,-0.22738022,0.27793965,-0.44546816,-0.04882926,0.68430483,0.5268845,-1.2569313,0.12581638,1,chr7:73725711:adrenal_gland:0,TP,1
-2.4362998,-1.0746481,-1.0984676,0.5592415,-0.05395693,-0.74990577,0.0821869,-0.011086644,-0.017453572,-0.08985913,1,chr6:131199853:body_of_pancreas:0,FN,0
1.8245071,-2.172721,0.50375175,1.1007333,0.049319707,2.267154,-0.44966477,-0.34400785,0.69825155,0.50471693,1,chr5:179213127:gastrocnemius_medialis:0,TP,1
5.9013786,0.7097906,-0.89303374,0.4323067,-0.25553903,-0.37599897,-0.08773875,-0.21523458,0.20072834,0.16960216,0,chr19:21569427:transverse_colon:0,FP,1
-0.88332206,1.0540576,-0.1528515,-0.8629755,-0.024652177,1.2668973,0.03283888,-0.5383698,-0.27605927,0.021256253,0,chr4:105521043:prostate_gland:0,TN,0
-2.2081745,-0.016234532,0.0028726156,1.3437992,-0.23648989,0.006942751,0.2808724,0.057092294,0.020330245,-0.73561746,0,chr4:121696562:transverse_colon:0,TN,0
-2.0653973,0.5278059,-0.3313014,-0.71598446,-0.3270812,0.9846302,-0.88595724,0.6231606,0.013963102,-0.37143123,0,chr10:15726047:body_of_pancreas:0,TN,0
-2.3021455,2.416171,0.8833728,0.35273919,0.76741016,0.17038202,-0.31219926,-0.24192078,-0.18130699,-0.53582686,1,chr16:25126355:sigmoid_colon:0,FN,0
-0.60675406,-1.723898,0.39556155,0.85993224,0.27894503,0.30503204,0.7285197,0.51091665,0.34508398,0.6533155,1,chr12:31118962:body_of_pancreas:0,FN,0
0.7092025,-1.5501031,2.6096628,-1.4041226,-0.45335042,-0.9320322,-0.50086725,0.44048852,0.1952281,-0.74992,1,chr21:7322720:stomach:0,FN,0
5.7622204,-0.34981745,-0.66331863,-0.13786873,-0.46035787,-0.7317942,-0.28695256,-0.08649386,0.32979274,0.22157854,1,chr4:98093069:Peyers_patch:0,TP,1
-2.9803753,-2.6945002,-0.1797303,-0.07021036,-0.35477233,-0.9532789,-0.4775138,-0.37301326,0.04883979,-0.010057934,1,chr8:22756288:Peyers_patch:0,FN,0
5.7133036,-0.7040161,-0.055149447,-0.07652906,0.6002484,-0.33788142,-0.18623896,-0.5495133,-0.115364395,-0.6988396,1,chr6:29705705:esophagus_squamous_epithelium:0,TP,1
2.8796792,-1.8952004,-0.42589143,0.30402032,-1.9925966,0.38556218,-0.60583687,0.6149352,0.431704,0.2131088,0,chr17:69235781:esophagus_squamous_epithelium:0,FP,1
-3.4564605,1.198344,-0.013932348,-0.2280799,-0.2265258,-0.7737017,-1.0619769,-0.011701456,-0.23970021,0.13841695,0,chr1:114979744:gastroesophageal_sphincter:0,TN,0
-2.2807412,0.21936767,-1.1693244,0.16715616,0.48067272,-0.70814437,0.19892062,0.02208136,-0.11432419,0.1872902,0,chr17:69526231:thyroid_gland:0,TN,0
-2.4184122,-0.20605533,0.2714812,0.64749974,-0.12994061,0.25002804,-0.563782,0.021515,-0.30582738,-0.44820714,1,chr16:21935488:transverse_colon:0,FN,0
-0.75696,-2.3722901,-0.8600411,-0.23765461,-0.56405175,1.2089164,-0.20558074,-0.118772,0.434525,0.19608894,1,chr11:83293101:tibial_nerve:0,FN,0
-2.0592332,-0.82647675,-0.5905181,0.63866454,0.50011706,-0.26744503,0.37847802,0.1596271,-0.052942503,0.2694611,0,chr1:31715618:sigmoid_colon:0,TN,0
4.0891027,-1.0167924,0.056925226,-0.04629896,-1.7362324,0.24438438,-0.035593636,0.99193835,-1.254676,0.21363667,1,chr6:154454187:body_of_pancreas:0,TP,1
-3.224375,0.5509512,-0.18874024,0.4572839,-0.086060114,-0.16973217,-0.5797753,-0.59592664,0.22334196,0.1669844,0,chr9:131053297:tibial_artery:0,TN,0
-2.845551,1.631987,0.83441126,0.19322023,-0.17154595,-0.17687647,0.4012744,-0.19365892,0.06787818,0.505092,0,chr17:1724503:upper_lobe_of_left_lung:0,TN,0
-1.7522529,-0.40662748,-0.12668034,1.0638723,0.4857658,-0.028772421,0.74042964,0.76211053,-0.33831638,-0.20613798,0,chr17:68457202:upper_lobe_of_left_lung:0,TN,0
-3.1682198,0.70936036,0.5340708,0.88552445,-0.13735236,-0.26641342,-0.64922166,-0.21808007,-0.15460028,-0.26681617,1,chr1:17336255:suprapubic_skin:0,FN,0
-2.3155248,-0.7373566,-1.060894,0.06278012,-0.5481612,0.31671596,-0.22173424,0.0100148115,0.34170288,-0.1924116,0,chr2:227406335:spleen:0,TN,0
-2.5862877,-1.634526,-0.5220551,-0.63723135,-0.108117834,-0.85247797,0.10451918,-0.2411559,-0.13378164,0.27907974,1,chr6:147285258:esophagus_squamous_epithelium:0,FN,0
-1.5462782,0.08793159,-0.6831047,1.0678434,0.54063916,0.993323,0.07388029,0.19312358,-0.36912122,-0.3537645,0,chr19:44513189:body_of_pancreas:0,TN,0
3.5957677,-0.42823425,0.6619138,-0.55912143,0.83190423,-0.24504568,0.12536001,1.1478186,-1.1869916,-0.3578307,1,chr5:5816786:prostate_gland:0,TP,1
4.538286,-0.88994014,0.06872135,-0.46412548,1.8217515,0.13825625,0.3024722,-0.7650832,-0.058258574,-0.83787197,0,chr12:47744238:suprapubic_skin:0,FP,1
5.350142,0.79479533,-0.9664312,0.4256535,-1.2135934,-0.3039999,0.32862127,-0.23821045,-0.31532055,0.33406615,1,chr10:38653296:esophagus_squamous_epithelium:0,TP,1
5.6308894,0.21724884,0.44027922,0.003914795,0.67766315,-0.3916536,-0.35507354,-0.8169536,-0.0562973,-0.5235014,1,chr16:85086903:transverse_colon:0,TP,1
-1.4693637,-1.4509623,-0.9509606,-1.1131938,0.21741377,-0.45187163,0.43076947,0.64606667,0.18907283,0.02012489,0,chr1:218905274:body_of_pancreas:0,TN,0
-1.5987504,0.09622853,-1.4890988,0.42554045,0.21486564,0.59703755,0.6673257,0.20100741,0.103817694,0.18338889,0,chr13:99046407:prostate_gland:0,TN,0
-2.6468172,1.437981,1.364038,1.3879161,-0.2937643,-0.64814943,-0.2877778,0.23289551,-0.10611638,-0.6010811,0,chr11:13964843:prostate_gland:0,TN,0
-3.1079047,0.5692685,-0.23884204,0.7685399,0.07681358,-0.30224597,-0.52956265,-0.07892506,-0.1016106,0.036459826,0,chr1:17336255:tibial_nerve:0,TN,0
-0.14716586,-4.0401144,1.3564627,-0.08073359,0.8538019,-0.20550424,0.3740465,0.13128527,-0.08654789,-0.3104703,1,chr1:20575428:tibial_artery:0,FN,0
-2.6394618,0.4437531,0.3135847,1.2889388,0.13854723,-0.03495146,0.18169476,-0.21632618,0.1024167,0.031291485,1,chr17:45022145:upper_lobe_of_left_lung:0,FN,0
-2.1519754,-0.21857025,-1.07587,-0.83531785,0.19699645,0.19235627,0.10405606,-0.3857439,0.1648757,-0.3058673,0,chr18:45777778:thoracic_aorta:0,TN,0
5.7284994,0.45886138,0.2166528,-0.059570264,0.96587175,-0.18937011,-0.305957,-0.84547293,-0.117636375,-0.5476973,1,chr16:85086903:transverse_colon:1,TP,1
-2.967766,0.41658798,0.9844073,-0.3892991,-0.56708163,-0.4131056,0.064026594,-0.2210091,0.24552591,0.8639953,0,chr1:230167489:tibial_artery:0,TN,0
-2.546747,1.7416015,1.4227141,1.6333729,-0.074056126,-0.4893967,-0.12438008,-0.25085837,0.13147053,0.35023504,0,chr17:17281084:transverse_colon:0,TN,0
-3.1118677,0.98963183,0.79064745,1.1305335,-0.8384912,-0.5643701,-0.71843094,0.09443376,-0.18658943,-0.37201107,0,chr17:13018327:esophagus_squamous_epithelium:0,TN,0
-2.0081272,0.26688933,-0.7105692,0.075723454,-0.31178766,1.264899,-0.15185246,-0.02273287,0.2695521,-0.46224773,1,chr4:2713690:body_of_pancreas:0,FN,0
-0.19990495,-1.7562779,-1.1093313,-0.1300833,-0.7159788,0.40338397,1.0065767,-0.17438744,0.81219715,-0.6140524,0,chr18:61551833:tibial_nerve:0,TN,0
6.063885,0.7353274,-0.8065888,0.2554092,-0.095508456,-0.6561809,-0.16986814,-0.36404744,-0.16417702,0.038840014,1,chr5:151298414:upper_lobe_of_left_lung:0,TP,1
-2.656864,3.0479336,-0.17830978,-1.3739686,-0.08836007,0.26625586,-0.83092284,-0.25511506,-0.28216222,0.48402193,0,chr11:63024537:spleen:0,TN,0
-1.6142638,-1.4815083,0.28230888,0.15250541,0.25435373,-0.93278253,0.23074509,-0.019897278,-0.21183607,0.41556886,0,chr20:41340872:esophagus_squamous_epithelium:0,TN,0
3.7395346,-2.178894,0.01475209,-0.799329,0.7374763,0.17550366,-0.29004905,-0.7307663,0.17362164,-0.5152472,1,chr7:1812632:Peyers_patch:0,TP,1
0.8561147,1.1869016,1.7502402,0.15978642,-0.3390253,0.84357214,-0.50372595,1.5776689,0.8410892,-1.0681012,1,chr19:21484173:upper_lobe_of_left_lung:0,FN,0
-1.7189647,-0.34485203,1.4993025,0.5868509,1.2877673,-0.25764504,0.38129574,0.14278555,0.31363598,0.20928815,1,chr11:8964460:testis:0,FN,0
-2.9165416,1.4108373,-0.09625074,-0.5441341,-0.72711825,0.35312685,-0.8801449,-0.0080303075,0.024227697,-0.67155814,1,chr17:40964085:esophagus_muscularis_mucosa:0,FN,0
-2.7773912,0.84942687,1.0337971,1.5340267,-0.28033617,-1.1509473,-0.178932,0.08610328,-0.12677757,-0.20555624,0,chr22:20117295:Peyers_patch:0,TN,0
5.422275,2.2780647,-0.43950322,0.0012987609,0.30913582,-0.96558803,0.22558972,0.612149,1.438663,-0.040181093,1,chr17:25564496:upper_lobe_of_left_lung:0,TP,1
-3.1608338,0.5592265,0.01716439,0.7776825,-0.72462326,-0.19056846,-0.2542117,-0.38154006,0.36502543,-0.20161228,1,chr10:29449249:tibial_artery:0,FN,0
-0.61861014,-0.099923454,0.87137306,-1.4161117,-0.07859751,0.41430715,1.0534095,-0.22113797,0.14898023,0.9288215,0,chr6:18033001:gastroesophageal_sphincter:0,TN,0
5.7548547,1.6463168,-0.05683911,-0.017629104,0.29416814,-0.27048048,0.29014143,-0.3419297,0.45011932,-0.28423437,1,chr14:30690707:spleen:0,TP,1
-3.1415882,-0.23088236,0.022607084,0.5034358,0.40428698,-0.42202657,-0.061464734,-0.10281407,0.20629479,-0.080929495,0,chr4:3956393:prostate_gland:0,TN,0
-2.2347906,0.10476852,-0.8595896,0.11292111,0.63248813,0.24357888,0.11351403,0.17032382,-0.0366709,-0.0950849,0,chr14:106061994:esophagus_muscularis_mucosa:0,TN,0
-1.536556,-0.29843947,-0.5397357,0.048236042,1.1949283,1.3587996,-0.7213425,-0.109411284,0.18355569,-0.38467273,0,chr19:38268301:body_of_pancreas:0,TN,0
5.2528625,0.054418366,0.14058138,0.30474025,0.5085705,0.79572034,-0.118961856,-1.0803037,-0.013681772,0.016223896,1,chr8:41651698:thoracic_aorta:0,TP,1
-1.6069014,0.15449762,-0.96730626,-0.25156158,-0.15381256,0.6533371,0.65369165,-0.26612478,-0.047902964,0.06362391,1,chr6:137697537:transverse_colon:0,FN,0
4.0017395,1.0292559,0.6041561,-0.45515656,-0.6864056,0.51317835,0.74443036,-0.04728431,-0.8997878,-0.4077872,1,chr8:30230823:thoracic_aorta:0,TP,1
3.0686147,1.2425067,0.13432382,-0.9085415,-0.5467856,1.8023537,-0.39050755,-0.3955378,0.16088651,-0.2829158,0,chr20:18904416:esophagus_squamous_epithelium:0,FP,1
2.228064,-2.145051,-0.556758,0.123307,0.4444457,1.9471346,-0.3648584,0.6712942,0.2957047,-0.077090755,0,chr22:28009558:tibial_nerve:0,FP,1
3.1059682,0.20949161,1.6045066,-0.48488197,-0.42373753,0.4730873,0.42285678,0.61193675,-0.40808624,-1.1666342,1,chr16:86190195:transverse_colon:0,TP,1
-0.39018494,-2.3967283,0.9491089,-1.5989271,-0.9652319,-0.053771503,-0.011091378,0.061793916,-0.6676891,-0.95463,1,chr5:123274158:tibial_nerve:0,FN,0
-1.7332377,-1.3839483,-0.5057942,0.6037392,0.44350606,0.87636167,-0.3188491,0.6692629,0.0184268,-0.5754538,0,chr17:65294245:esophagus_muscularis_mucosa:0,TN,0
5.944483,0.17594424,-0.12634642,0.019494819,0.07638151,-0.5266891,-0.2199916,-0.42504743,-0.08968538,-0.5050652,1,chr7:142775530:body_of_pancreas:0,TP,1
-2.8517077,-0.9357845,-0.091904104,0.1466566,0.63622326,-0.16795686,-0.11692005,0.30733988,0.08170084,0.3127621,0,chr16:70715107:tibial_artery:0,TN,0
5.0608425,-0.8156796,-0.9245708,0.638293,-1.0997107,-0.36277893,-0.76218855,-0.07666583,-0.027365623,0.8846133,1,chr11:60251676:prostate_gland:0,TP,1
-1.2488515,-1.6197045,-0.5936639,-0.45799658,0.15960538,0.4098702,0.62271816,-0.77157813,-0.1494625,-0.4261815,0,chr2:42924253:body_of_pancreas:0,TN,0
-3.1795306,1.4894643,-0.6907321,0.0714238,-0.501303,-0.00072199164,-0.62587404,-0.18711506,0.07119013,-0.42497265,0,chr15:82365725:upper_lobe_of_left_lung:0,TN,0
-2.1642601,-1.4669098,-0.85378456,0.11247088,0.77538824,-0.32644847,-0.056499727,-0.15959649,-0.21688749,0.30984908,1,chr6:33732104:body_of_pancreas:0,FN,0
1.7527084,-0.7288293,1.9696257,-0.584485,0.0127987405,-0.7510108,-0.87398833,-0.62057954,0.44208944,-0.6110398,0,chr19:47698394:esophagus_muscularis_mucosa:0,FP,1
2.3264909,-1.7121097,2.2487407,-0.7905835,0.29348844,0.3014541,0.26330164,0.3662699,-0.006121988,0.2741721,1,chr19:45427778:esophagus_squamous_epithelium:0,TP,1
4.289449,1.6152674,-0.13447323,0.27183062,-0.46196517,0.11091913,0.7983746,0.530436,-1.0768474,0.461129,1,chr7:73725711:testis:0,TP,1
0.115552105,-0.6758877,0.59523696,1.5749043,0.8043011,1.3206509,0.7963876,-0.08940893,0.18926346,0.19599946,1,chr9:33447548:transverse_colon:0,FN,0
-0.086758494,0.5983829,0.40438446,-1.4138662,-0.046479538,0.58079034,0.9133754,0.22758855,-0.28127587,-1.0328609,1,chr5:33490477:transverse_colon:0,FN,0
-3.1465695,0.64662844,-0.6105598,-0.38256052,-0.22674227,0.48092023,-0.54480505,-0.026151648,0.29368347,-0.046427492,1,chr3:66138807:esophagus_muscularis_mucosa:0,FN,0
-2.7397525,-1.3702501,-0.30445006,0.001868373,0.2852072,-0.24186954,-0.20517373,-0.24657118,-0.06824195,0.19851728,1,chr17:45099253:esophagus_squamous_epithelium:0,FN,0
-2.4642825,-0.3536648,1.3481857,0.110415496,0.82068056,-0.274929,-0.45813647,-0.45562354,-0.2406101,-0.013646541,0,chr19:4455864:adrenal_gland:0,TN,0
5.835517,0.51272523,0.011853708,0.032418855,0.6515792,-0.0337681,-0.1301136,-0.56220675,0.2575395,-0.46002266,1,chr7:22550492:esophagus_squamous_epithelium:0,TP,1
2.47819,-0.5228043,1.4903508,-0.1796736,1.6743472,1.1700627,-0.16044861,-1.4148661,0.03423555,-0.27570978,1,chr8:41651698:gastrocnemius_medialis:0,TP,1
6.105121,0.15906534,-0.31822848,0.17654954,0.2032098,-0.52484936,-0.12803075,-0.30167615,-0.109613046,-0.12697077,1,chr22:46739374:prostate_gland:0,TP,1
-2.292857,-0.3562919,0.5390493,1.6451273,-0.29280326,-0.24208014,0.5885804,0.17640992,0.15844725,-0.28612286,1,chr1:21440169:Peyers_patch:0,FN,0
-1.9515226,0.42356896,0.3527824,0.3133789,0.83887935,0.114592366,0.5016087,-0.040804543,0.19461472,-0.031391446,0,chr19:2977808:body_of_pancreas:0,TN,0
-2.4301167,0.5678047,2.0429769,1.9254034,-0.40570956,-0.77466774,-0.63226694,0.1997971,0.06431689,-0.16778505,0,chr6:166383231:body_of_pancreas:0,TN,0
-1.8643448,-2.1874888,0.34423497,-0.59759367,-0.9566428,-1.0543289,0.293433,-0.06755341,-0.16499674,0.028674396,0,chr10:133437724:transverse_colon:0,TN,0
5.4507594,-1.2519866,0.3392199,0.083133064,-0.6120392,0.013206742,-0.027204385,0.5143939,-0.23818125,0.46207562,1,chr16:9160191:thoracic_aorta:0,TP,1
-2.941372,0.11147342,0.34628788,-1.0050961,-0.07687035,-0.2889779,-0.21172026,0.14302984,-0.36424428,0.8703508,0,chr12:106386409:esophagus_muscularis_mucosa:0,TN,0
-2.19079,-0.82813406,-0.7480447,0.70449275,0.027952688,-0.36444235,0.16112252,0.014014265,-0.044304125,-0.073406994,1,chr18:12884838:thoracic_aorta:0,FN,0
-1.9656657,-0.39017245,-1.0369157,0.6486273,0.2629762,0.9172731,0.17674264,-0.120968685,0.67354125,0.17540768,0,chr1:41283218:body_of_pancreas:0,TN,0
-2.2180898,1.2692167,1.2901033,1.9302431,-0.58104956,-0.20304754,0.20136215,0.010577887,0.027947225,-0.50124544,1,chr6:39725494:transverse_colon:0,FN,0
-3.272034,1.0862575,-0.5259109,0.20723486,-0.20378995,-0.34236425,-0.8623063,-0.10714999,0.046901304,0.08428024,0,chr17:55526730:body_of_pancreas:0,TN,0
2.2109659,1.2338656,1.0239433,0.17046735,-0.6709844,0.9556549,0.5653048,1.497802,-0.8302083,-0.5391845,0,chr1:207321070:tibial_nerve:0,FP,1
-2.4460485,-0.036280368,-1.3028314,-0.06672516,-0.16010286,0.03704308,-0.15260799,0.5298131,-0.5396452,-0.034439236,0,chr4:64158671:transverse_colon:0,TN,0
-2.978734,0.5768141,-0.41150227,-0.33110726,0.44193187,-0.25604412,-0.5882742,-0.027466258,-0.28319722,0.18892333,0,chr20:52061373:Peyers_patch:0,TN,0
1.146636,3.11735,0.36085197,-1.1025641,0.1252719,-0.13644308,-0.60587776,1.1757855,0.43499124,0.23994483,1,chr2:92401043:transverse_colon:0,FN,0
-2.660879,-0.31478307,0.704643,-0.14709984,-0.044057287,0.3714259,-0.9142601,-0.7344765,0.44020295,-0.43237278,0,chr5:176404643:transverse_colon:0,TN,0
-2.407269,-0.9661453,0.24808417,0.22613735,-0.327683,-0.8397751,0.6874835,-0.4624996,0.27115622,0.23167978,0,chr8:42692479:tibial_artery:0,TN,0
4.6980524,0.6004571,-0.073860735,0.14357755,-1.4627217,-0.37932965,0.26111877,0.4688025,0.35695425,0.29149836,0,chr19:27396901:body_of_pancreas:0,FP,1
-3.0306184,0.012614061,-0.0116360355,-0.79954004,-0.71202445,-0.4632675,-0.41621083,-0.42134383,0.26936823,0.31739736,0,chr2:159118640:sigmoid_colon:0,TN,0
2.7945778,2.9181519,-0.103068806,-0.71035737,0.17533356,-0.19216606,-0.05729629,1.068288,1.2083188,0.3296801,1,chr20:29893438:transverse_colon:0,TP,1
-1.5247984,-2.8494694,2.0603309,-1.1606773,0.48999378,-1.0796163,-0.11078236,0.13966349,0.70886433,0.16472705,1,chr5:179212877:thoracic_aorta:0,FN,0
-3.016138,-0.62494475,0.37136298,0.4569341,0.54783416,-0.75253034,-0.38353837,0.38509506,-0.17357495,0.12814543,0,chr15:31329790:body_of_pancreas:0,TN,0
-0.9939364,-0.13068846,-0.39809257,0.93882084,0.066488795,0.6386597,1.0571115,0.07943517,0.70089173,0.19263966,0,chr8:23084304:tibial_nerve:0,TN,0
-2.5810423,-0.51657254,-0.39963657,-1.0836458,0.9102726,-0.51104796,-0.33507478,0.3807487,-0.3169439,-0.3014355,1,chr9:32069300:Peyers_patch:0,FN,0
-2.4731066,0.8452073,0.7622944,1.2033776,-0.51592064,0.057014544,0.1278901,-0.063433625,-0.021390023,-0.37989533,0,chr12:123762055:transverse_colon:0,TN,0
1.2497671,-0.2830935,0.27884582,-0.8729022,-0.6031468,0.64863044,0.9107667,-0.6236576,-0.2810616,-1.1910974,0,chr9:211761:adrenal_gland:0,FP,1
-2.5122871,0.51193243,-1.3919458,-0.19449931,-0.2560129,0.45493603,-0.03867533,0.20038341,-0.13846825,-0.1904388,0,chr11:94519473:Peyers_patch:0,TN,0
-2.3921826,0.9255204,0.9747451,-1.4929026,0.1305689,0.787983,-0.7135542,-0.46779305,-0.6214377,-0.015877947,0,chr11:6612917:sigmoid_colon:0,TN,0
-2.2727964,1.7209795,0.4956354,-1.3840202,0.3838994,-0.71847975,-1.0965846,0.35424498,-0.44013014,1.2129927,0,chr4:88924940:body_of_pancreas:0,TN,0
4.157017,-0.053916864,0.53292537,0.7354154,0.50346774,0.5856301,-0.23401174,0.2064714,-0.8488571,0.13681264,1,chr17:43361257:adrenal_gland:0,TP,1
0.8607695,0.4664027,0.97833705,-0.06861681,0.28258315,0.62221324,0.6918024,-1.2090446,0.14073005,-0.29770297,0,chr14:99659383:transverse_colon:0,FP,1
2.0975246,-1.782589,-0.647703,-1.2104596,-1.9770988,0.4907419,1.1413685,-0.4925314,0.3587652,-0.22258201,1,chr2:55432222:adrenal_gland:0,TP,1
-2.3016849,-1.1956137,-0.9702939,-0.27293807,0.89452386,-0.18322152,-0.24421729,-0.06851556,0.28170002,0.05807889,0,chr3:11600688:thoracic_aorta:0,TN,0
-2.731387,-0.049830645,-0.039750922,-0.11661914,0.96018255,-0.6912768,-0.016032547,-0.1366902,0.118236125,0.09850854,0,chr2:219499194:tibial_artery:0,TN,0
-1.1415594,-0.37492952,-0.66757905,0.16296092,-0.78902763,1.3096473,-0.0092314975,-0.031957623,0.7258753,-0.54897285,0,chr6:24991997:suprapubic_skin:0,TN,0
-2.3326182,-0.5069854,-0.06064759,0.8238861,-0.16631511,0.9049286,-0.8073973,0.26836088,0.15725067,0.11514776,0,chr3:197510147:tibial_artery:0,TN,0
4.644274,-0.23917875,-0.5803107,-0.28329292,-1.1202089,0.3124491,-0.48071608,-0.22246857,0.33151397,0.20947596,1,chr15:33226849:transverse_colon:0,TP,1
5.266437,-1.6296358,0.16252525,-0.09267402,0.64481777,0.18787952,-0.10623074,0.5664285,0.12955086,-0.25914916,1,chr17:879808:adrenal_gland:0,TP,1
-2.9768372,1.8387471,0.9740503,0.37481308,-0.66527355,0.4259913,-1.2179732,0.03171976,-0.14642487,0.099259354,0,chr7:5085799:prostate_gland:0,TN,0
-2.3246408,-1.0140983,0.32215455,0.10722597,0.43574148,-0.3892486,0.05414703,-0.36631733,-0.25588208,0.37262022,0,chr19:3545629:spleen:0,TN,0
-2.195505,2.4094422,0.6338933,0.2756563,0.4170406,0.94998187,-0.20555036,-0.3378501,-0.59214795,-0.16929263,1,chr12:121812942:body_of_pancreas:0,FN,0
-0.4582524,-1.0849365,-0.502972,-0.6575949,-0.49998286,0.07203654,0.6780755,-0.9323506,0.70234466,-1.0220826,1,chr6:53956277:thoracic_aorta:0,FN,0
-2.8710768,-0.008296919,-0.6781759,0.27885634,-0.15796839,-0.34081772,-0.17432101,0.10890932,-0.20572796,-0.010932965,1,chr9:83219889:gastrocnemius_medialis:0,FN,0
5.570233,1.4572908,-0.595572,0.2439578,0.05560446,-0.9823923,-0.059116386,0.46262643,0.9701145,0.04207919,1,chr17:22856764:prostate_gland:0,TP,1
-2.7576618,0.43697876,1.2436936,1.3058647,-0.86239815,-0.26767278,-0.20857851,-0.18874344,0.22543252,-0.5651118,0,chr19:38403045:esophagus_muscularis_mucosa:0,TN,0
-2.4299908,-0.38453114,-1.0841703,0.40719151,0.09059192,-0.19528459,0.011714585,0.09200533,0.016174959,-0.17395146,1,chr2:29015302:spleen:0,FN,0
5.035746,0.6219107,0.2903797,0.33945793,-0.05372335,0.11352769,0.54276025,0.6940624,-1.3206614,0.25596818,0,chr22:50449624:body_of_pancreas:0,FP,1
5.6997533,-0.12251168,0.1509442,-0.25459865,-0.4985355,-0.043914016,0.4482736,0.04208014,0.22733806,-0.02833699,1,chr7:100949035:Peyers_patch:0,TP,1
-0.21030635,-1.3868049,-1.1968634,-0.09850649,0.41066626,1.7454827,-0.1066126,0.19546399,0.33167627,-0.3669136,0,chr22:28009558:tibial_artery:0,TN,0
-2.0502484,-1.0200047,-0.00010774165,0.9692283,0.25718385,-0.68438923,0.6522018,0.3182007,-0.12484321,-0.019402245,0,chr6:35727813:sigmoid_colon:0,TN,0
3.6507833,-3.1204169,0.11141876,0.4020688,-0.34792113,1.2233843,-0.77828074,-0.24288072,0.579941,0.22099443,1,chr19:47436804:upper_lobe_of_left_lung:0,TP,1
-2.445794,1.0126859,0.8903046,1.6039653,-0.52875596,-0.51927304,0.4845203,-0.07808293,-0.07149347,-0.32634604,0,chr6:32894511:tibial_nerve:0,TN,0
-0.282218,0.5061418,1.944139,1.9682139,0.8078357,0.2332138,0.5815843,-0.27433538,-0.020796303,0.16970971,0,chr5:132737309:sigmoid_colon:0,TN,0
-2.6701717,-0.21542296,-0.09219321,0.8305577,-0.88651365,-0.38710484,0.3285081,0.14500836,0.3635271,-0.5161639,0,chr4:4248127:transverse_colon:0,TN,0
3.5378952,-4.8627763,-0.2825408,0.46863917,-1.823635,0.043273807,-1.2319225,0.09959332,0.7610669,1.7426751,1,chr1:13277261:transverse_colon:0,TP,1
5.7767186,1.2904605,-0.7148552,0.23470013,-0.1195507,-1.2090386,0.11728266,0.13641866,0.85514003,-0.013361103,1,chr17:23044492:prostate_gland:0,TP,1
4.999944,-1.3007728,-0.18646881,0.6090628,-0.7697683,0.28920493,-0.54180664,0.36876285,-0.52548337,0.35905865,1,chr17:43360096:body_of_pancreas:0,TP,1
-1.5208079,-1.185568,-1.187918,-0.26739326,0.513808,-0.050667968,-0.007080055,0.5759143,-0.306794,-0.12354067,1,chr9:17531876:testis:1,FN,0
4.7913556,-2.0137331,-0.67281747,0.6774775,-1.3244638,-0.35878828,-1.0388854,-0.023884382,0.014022838,1.0678221,1,chr11:60251676:thoracic_aorta:0,TP,1
-0.9293202,1.7878653,1.1330642,0.43744603,-1.1085515,0.8425594,0.6436664,0.49165058,0.052606396,0.05091985,0,chr11:65550651:body_of_pancreas:0,TN,0
5.5668206,-0.15852948,0.39325416,-0.14029582,1.0233345,-0.21000202,-0.15208314,-0.09995868,-0.27762446,-0.94352293,1,chr9:42974893:Peyers_patch:0,TP,1
3.2224176,0.76079226,1.0332114,-2.308972,1.1789547,-0.98292667,-0.4288387,1.3431287,1.0858407,0.35777766,1,chr8:44636977:spleen:0,TP,1
-1.9267153,0.3197544,-1.0682223,0.6604698,-0.18523598,1.1561372,-0.0033374182,0.29792964,0.17639658,-0.9366135,0,chr1:48498745:spleen:0,TN,0
-2.184064,-0.8498662,-0.9280106,0.059256684,0.88358444,-0.14616767,0.06302963,0.0736248,-0.103663504,0.12379528,0,chr5:139775176:thyroid_gland:0,TN,0
-2.5724397,1.4121618,0.69887424,1.8448166,-0.57468176,-0.36578828,0.07286048,-0.033330806,0.12885042,-0.27742386,0,chr1:200620702:tibial_artery:0,TN,0
-1.9787107,-0.5709358,0.14844425,0.3205653,0.04708819,0.36029634,0.06945124,-1.0542641,0.42095143,0.06212727,0,chr4:7295960:esophagus_muscularis_mucosa:0,TN,0
-3.2178707,1.3680532,0.8860701,-0.2149952,-0.10465823,-0.39258686,-1.2804326,-0.24826868,-0.15736641,-0.43879795,0,chr9:5886489:tibial_artery:0,TN,0
-1.3796016,-0.9289991,0.098749,-0.45985746,-0.07237065,-0.58673614,1.2245959,-0.08735675,0.15396376,0.25795954,0,chr1:244834478:thoracic_aorta:0,TN,0
-2.9294343,0.32662714,-0.56526726,-0.79674894,0.17339347,-0.02240876,-0.02563278,-0.47906238,-0.06856888,0.16343102,0,chr22:25134091:gastroesophageal_sphincter:0,TN,0
4.4769735,-0.18065026,0.63567513,0.78120416,0.104653865,0.14650996,-0.059979048,0.21888174,-0.66749746,-0.009195299,0,chr17:43361240:Peyers_patch:0,FP,1
-1.6642033,-3.1691241,0.6740369,-0.45222783,-0.08628367,-1.0575277,0.38978428,-0.6419164,-0.39979184,0.12707664,0,chr17:9256767:spleen:0,TN,0
-3.0023174,-0.37658268,0.12312804,-0.52236503,-0.49465117,-0.21430857,-0.30843216,-0.4409304,0.11740126,0.4303542,1,chr14:77053349:transverse_colon:0,FN,0
-2.345827,-0.2671778,-1.3075864,-0.53963786,-0.63532704,0.03413674,-0.016322492,-0.11639562,0.37708768,-0.27579305,0,chr18:56800010:gastroesophageal_sphincter:0,TN,0
-2.3615777,1.3730407,-1.4925402,-0.4680634,-0.08762969,0.17890082,0.23263076,-0.14500442,0.28570443,-0.27272624,0,chr5:78269138:adrenal_gland:0,TN,0
0.95794064,-0.42370534,-0.98534805,-0.6240388,0.33826968,1.1126529,0.105972044,-0.25210303,0.2729629,0.029111106,1,chr14:106326554:body_of_pancreas:0,TP,1
6.036916,0.5625017,-0.29473552,0.095610484,0.16015708,-0.6055483,-0.030694481,-0.32726032,0.14412016,-0.38072276,1,chr12:121918386:spleen:0,TP,1
-3.2945747,0.19618398,0.14844586,0.13609959,-0.75320894,-0.57018644,-0.32386813,-0.40372434,0.15758131,-0.021074284,0,chr10:43667279:Peyers_patch:0,TN,0
-1.7761441,-2.1700735,0.83895683,-1.0577421,-0.72280955,-0.6036485,-0.16495177,-0.90534866,0.42039314,0.37703666,0,chr5:75050124:tibial_artery:0,TN,0
-2.2420628,0.7665336,-1.0927796,-0.5891319,0.43293077,0.19481331,-0.44891858,-0.10534156,-0.2294169,-0.38234305,0,chr1:77534260:transverse_colon:0,TN,0
4.8745055,-0.45418125,0.5791625,-0.03498076,0.18044749,-0.38613677,0.4712346,0.7490551,-0.5604257,-0.69162524,1,chr11:19259633:spleen:0,TP,1
-1.0655013,-0.9146163,-0.81552494,0.8579852,0.36362824,1.0595068,0.86164296,0.031644877,0.611354,0.27412593,1,chr15:40906278:suprapubic_skin:0,FN,0
1.2656764,1.8680323,1.1563092,-1.4461133,-0.2630815,0.15889959,0.29949427,0.053743828,-0.25094792,0.6306625,0,chr3:122652910:body_of_pancreas:0,FP,1
5.4544244,0.123074524,-0.5182568,0.5465495,-0.052708462,-0.09059535,-0.19403192,-0.328165,-0.30162314,-0.154249,1,chr2:67906567:body_of_pancreas:0,TP,1
-1.227202,-0.057484563,-0.58461905,0.676654,0.06540521,0.62708414,0.7801047,0.23679201,-0.1483944,-0.21045294,1,chr5:138352584:body_of_pancreas:0,FN,0
-2.6048834,1.41456,-0.074232966,0.230701,-0.20615345,-0.111563265,-0.123975724,-0.06003443,-0.68151104,-0.2591711,0,chr9:37482764:esophagus_muscularis_mucosa:0,TN,0
-2.5000026,0.7511676,0.3604826,0.65562993,0.46158153,-0.17913307,0.012780334,-0.13364907,-0.24047592,0.55175996,0,chr1:54499882:upper_lobe_of_left_lung:0,TN,0
-2.9711292,0.37287015,-0.47790456,0.5874555,-0.37649995,-0.591835,-0.004866042,-0.19054061,0.10717493,-0.091045156,1,chr11:1652791:prostate_gland:1,FN,0
5.4039717,0.026486916,-0.031586464,1.0011456,1.0042423,0.38652542,-0.71417,-0.39451885,-0.29197282,0.22913997,0,chr2:101151641:tibial_artery:0,FP,1
-2.0009372,1.7368681,-0.21736188,-0.43118185,0.3914361,0.85965216,-0.10666772,0.087199286,-0.45801002,-0.007890629,0,chr2:149125734:body_of_pancreas:0,TN,0
-1.7301682,-1.1034896,-0.60269916,-1.2127099,-0.23400806,-0.33644727,0.44431153,-0.5996036,0.051881533,-0.34213036,1,chr19:51473170:tibial_artery:0,FN,0
5.53918,-0.989475,-0.20324321,0.37684372,0.011912371,0.03499003,-0.40607542,-0.120743066,0.12841214,0.034002528,1,chr7:78040381:upper_lobe_of_left_lung:0,TP,1
-0.48742676,-2.8975217,-0.66466,-0.67981136,0.41155285,0.10471466,-0.34645107,1.024858,-0.47942895,-0.37093753,1,chr9:17531876:tibial_artery:0,FN,0
6.0863,0.58480656,-0.5758908,0.35184067,-0.07469021,-0.6321299,-0.146971,-0.36182064,0.08083075,-0.022589637,1,chr3:75785357:transverse_colon:0,TP,1
3.489437,0.6223237,-0.1476912,-1.2389811,-0.8990427,0.4164032,0.18907446,0.62299955,-0.7396277,-0.7662829,0,chr15:21297802:prostate_gland:0,FP,1
0.22688551,0.9453365,0.65976644,-1.432782,-1.0487992,0.55517197,0.007938945,-0.12332523,0.530692,-0.56034464,0,chr4:37873490:sigmoid_colon:0,TN,0
5.7464013,0.5291469,-0.64814204,0.11144723,-0.64444244,0.06485163,-0.068229325,-0.40142974,-0.49379238,0.107572235,1,chr14:106468867:spleen:0,TP,1
-2.5367446,0.86271966,-1.3004873,-0.06767492,0.6343296,-0.4541838,-0.14996439,0.20278849,-0.09993158,0.07688613,0,chr4:104860777:thyroid_gland:0,TN,0
-1.9121075,-0.59022635,-1.2526375,0.46494028,0.46980444,0.014179654,0.34500405,0.06160825,0.07583007,0.009208884,0,chr5:188780:body_of_pancreas:0,TN,0
-2.0459237,0.29939392,-0.6459491,-0.41507924,1.0916256,-0.04691329,0.12929954,-0.0699976,0.19463557,-0.055628873,1,chr15:31200859:upper_lobe_of_left_lung:0,FN,0
-1.1253763,0.02078168,-0.5118524,-0.6713429,-0.44000643,1.2424026,-0.8234538,0.12493238,-0.21460502,0.11407293,0,chr1:48109545:thoracic_aorta:0,TN,0
-2.3342881,-0.06984062,-0.78030175,0.38992882,0.337793,0.05033861,0.10902241,-0.15666164,-0.00038241257,-0.05939319,0,chr5:175617565:body_of_pancreas:0,TN,0
-2.5180466,0.30989245,1.0561719,1.570833,-0.2048758,-0.9294419,0.13147455,-0.26006928,-0.17873561,0.0351245,0,chr7:65751320:prostate_gland:0,TN,0
0.37475842,-3.7114122,-0.09931123,0.74683577,-1.159149,1.1890024,-0.37872198,0.50732344,0.97721726,0.82945997,1,chr1:16741094:tibial_nerve:0,FN,0
-2.146142,-3.2416332,-0.19769298,-0.5508985,-0.22540338,-1.0473574,-0.010529359,-0.23406412,0.094200365,0.09945635,0,chr5:149175166:thoracic_aorta:0,TN,0
5.6548557,0.10674154,0.13004349,0.54502374,0.59362847,-0.11700359,-0.5116465,-0.9823921,-0.05521002,-0.19847296,1,chr12:8390645:Peyers_patch:0,TP,1
0.73764515,0.22736788,0.24807733,0.471339,0.85796595,1.4328914,0.22491671,0.074763045,-0.5862391,0.23434949,0,chr5:138352584:adrenal_gland:0,TN,0
-2.4577093,-1.331223,1.44394,-1.3776383,0.39858964,-0.8627827,0.5430158,-0.009543174,0.054062992,0.49274725,0,chr8:9029642:esophagus_squamous_epithelium:0,TN,0
-1.1798197,-0.3284032,-0.8528465,-0.8094534,-0.24985607,0.20263055,0.1665784,-0.78656316,0.07453201,-0.4202282,1,chr4:15730066:body_of_pancreas:0,FN,0
-2.574757,0.3939575,-0.12085548,1.0117193,0.5480195,-0.13232052,-0.071677774,0.12464303,-0.39135748,-0.27598578,0,chr14:50045393:adrenal_gland:0,TN,0
-2.6120255,1.2995068,1.4162362,1.7412684,-0.480941,-0.75465244,-0.0580237,-0.1639099,0.17178628,-0.21787012,0,chr2:42169581:prostate_gland:0,TN,0
2.6170218,-1.3904778,-0.10508567,-0.4620705,-0.0023154793,0.6769799,-0.43130207,0.009110029,0.17103344,-0.35821524,0,chr1:41117402:adrenal_gland:0,FP,1
3.2522657,-5.5797496,0.05073503,0.59615207,-1.916132,0.25218716,-1.3161405,0.20311747,0.71634614,1.6264831,0,chr1:13277261:body_of_pancreas:0,FP,1
5.2924676,0.85684997,-0.1953248,0.26886398,-0.8776255,0.2098189,0.38508603,-0.002487602,-0.39929655,0.31480655,1,chr10:26574003:body_of_pancreas:0,TP,1
-2.2304904,0.14861794,-0.18417549,-0.24982354,0.94562536,-0.637,0.16342169,-0.23702137,0.19765155,0.3235406,0,chr1:21573902:gastroesophageal_sphincter:0,TN,0
-2.070619,-0.54152864,-1.2934542,0.2995588,0.18988876,-0.14919342,0.07088869,0.12582341,-0.04766877,-0.5043501,0,chr1:203674144:body_of_pancreas:0,TN,0
-2.2543712,1.232623,0.13142759,1.2724138,-0.4167389,-0.24178375,0.5789734,-0.41221732,-0.024515374,0.1536462,0,chr14:75294151:esophagus_muscularis_mucosa:0,TN,0
-2.6297593,1.4944564,0.23001173,-0.15272863,0.09496235,0.21298742,-0.06262229,-0.022443814,-0.63494194,0.6310167,0,chr19:48152294:gastroesophageal_sphincter:0,TN,0
-3.092967,0.5973153,-0.37406963,-0.31215566,0.29343548,-0.46731043,-0.44118717,0.14197858,-0.18643485,-0.17079805,0,chr7:80472426:body_of_pancreas:0,TN,0
2.1262867,-2.2021027,0.020250821,0.4663233,-1.0061946,1.3563601,-0.716642,0.47029385,0.4422578,0.7644842,0,chr12:54259473:transverse_colon:0,FP,1
-2.1705298,0.8113183,-1.3106617,-0.3905459,0.4117816,-0.19266342,0.4213775,0.33412436,-0.1515192,0.14451715,1,chr7:152236247:body_of_pancreas:0,FN,0
-2.5460865,1.2932816,-0.6132901,0.58019197,-0.20866434,-0.22465704,0.57917446,-0.13751137,0.05474626,-0.23609559,1,chr6:169790103:suprapubic_skin:0,FN,0
6.018816,0.55596703,-0.300055,0.22932008,0.19156563,-0.6124471,-0.10744452,-0.43703085,0.07536217,-0.34316528,1,chr12:121918386:esophagus_squamous_epithelium:0,TP,1
-3.0712278,-0.35839963,-0.2462715,-0.27153853,-0.8512398,-0.4934076,-0.13206816,-0.6539105,-0.08745852,0.0032578357,0,chr12:115167233:body_of_pancreas:0,TN,0
-2.8152692,1.2036556,-1.0527216,-0.25082752,0.16260216,-0.10365388,-0.03056268,0.1508303,-0.25600508,0.06999423,0,chr6:26198220:Peyers_patch:0,TN,0
-3.0043921,1.738649,-1.1876861,-0.094358824,0.1051559,0.16328432,-0.49735218,0.117186435,-0.043959286,-0.06251732,0,chr10:84375202:esophagus_muscularis_mucosa:0,TN,0
4.8089504,-0.37328625,-0.68850535,-0.15204519,-1.1136669,0.16217552,-0.464655,-0.26586092,0.32614818,0.28569046,1,chr15:33226849:Peyers_patch:0,TP,1
-0.8486167,-1.0439552,-1.5886991,-0.9476085,0.49402285,0.23727229,0.40469477,0.5517254,-0.048599236,-0.3891855,0,chr6:117189039:body_of_pancreas:0,TN,0
-2.510398,-1.1093711,-0.7743699,0.18190153,-0.06355469,-0.50012195,0.2645562,0.4849538,0.06045178,-0.59753823,0,chr9:64877929:thoracic_aorta:0,TN,0
5.0078616,-0.93608195,-0.08483379,0.020935709,-0.6279059,-0.15274738,0.092342794,0.84087217,-0.538318,-0.26810017,0,chr20:53943966:tibial_nerve:0,FP,1
-2.685766,0.56552744,-0.2529334,0.11411327,-0.45208928,-0.43434474,0.04443859,0.033505466,-0.030113334,0.1271138,0,chr2:191555430:testis:0,TN,0
3.1221268,-3.0802815,0.31062296,-0.59248805,-2.1994078,0.11790204,-0.67817694,-0.38025126,0.040041644,0.15493262,1,chr9:113355403:body_of_pancreas:0,TP,1
5.206458,-2.014809,-0.5833229,0.63141996,-1.2672784,-0.44614244,-0.41975647,0.009278967,-0.5743223,0.78973,1,chr3:75723673:Peyers_patch:0,TP,1
-2.5608103,-1.9946072,0.2489262,-0.16131285,0.8570787,-1.3322328,-0.096275054,0.20662746,-0.19532827,0.23276503,0,chr16:87967119:thoracic_aorta:0,TN,0
-2.8546689,-0.18621197,-0.90715533,0.1738195,-0.51098377,0.19062416,-0.11425371,-0.24397591,0.48520288,-0.14503923,0,chr1:146401430:transverse_colon:0,TN,0
-2.768247,1.7211621,-1.0134928,-0.21057595,0.0006175599,-0.53905994,-0.21799904,0.16801518,-0.11975311,0.27063712,0,chr4:95165949:tibial_nerve:0,TN,0
6.0893006,0.611985,-0.6292035,0.26737207,-0.16440454,-0.71592975,-0.10084419,-0.3840696,0.11876019,-0.049604103,1,chr3:75785419:body_of_pancreas:0,TP,1
4.2710757,3.575319,-0.41304708,-0.507409,0.846491,-0.59280485,-0.31327328,1.1961957,1.3040168,0.14335606,1,chr8:44636977:body_of_pancreas:1,TP,1
6.109717,0.86293143,-0.7436331,0.21278521,0.07642149,-0.52012473,-0.23563977,-0.4405638,-0.21113884,-0.10670029,1,chr5:151298414:spleen:0,TP,1
5.6759596,0.44339317,-0.0988847,0.4038194,0.54036576,0.013930446,-0.54855365,-1.1019862,-0.06703408,-0.31521368,0,chr12:8390645:omental_fat_pad:0,FP,1
3.3292127,-1.3355287,-0.1490528,0.0032723842,-0.91066974,0.94860303,0.3346703,0.93204385,-0.38617146,0.3456451,1,chr2:235171687:adrenal_gland:0,TP,1
-0.7007524,-0.07689156,-0.119931564,-0.3794147,-0.90931827,1.5192183,0.035182763,-0.14493854,0.42565045,-0.3251088,0,chr14:91286688:thoracic_aorta:0,TN,0
-2.3434181,0.81822854,-1.5564876,-0.24917054,0.18411726,-0.07346806,0.3248449,-0.2492841,-0.008171485,-0.10339135,0,chr2:79892425:body_of_pancreas:0,TN,0
-2.0628905,-0.108950146,-1.2846133,0.20918545,0.3638787,-0.23006742,0.18052177,0.11488453,-0.31064218,0.1086772,1,chr9:127348292:esophagus_squamous_epithelium:0,FN,0
-1.0543336,-0.8890936,1.3270204,-1.468892,-0.40411356,-0.36117756,-0.5211364,-1.3841829,0.1265405,0.027990665,0,chr11:118295892:prostate_gland:0,TN,0
5.2619987,-0.51915526,-0.34647265,-0.14328666,-0.39654744,-0.8285596,-0.13721286,0.33234903,-1.2640064,-0.10563727,1,chr15:24767525:transverse_colon:0,TP,1
-1.8920015,-0.827199,0.91519696,-1.3449845,-0.67996037,0.18262267,-0.15370454,-0.40180543,0.23199642,-0.54213136,1,chr15:54485836:adrenal_gland:0,FN,0
5.1708627,0.2731489,0.4619558,-0.3279655,0.0015367111,-0.27258107,0.7201257,0.7757043,-1.3996824,-0.5173518,0,chr13:52084763:transverse_colon:0,FP,1
-2.1221082,-0.09034611,1.0153148,-1.0638295,0.32627264,-0.6237654,0.23438108,-0.15336993,0.33011258,0.9203303,0,chr11:102613094:transverse_colon:0,TN,0
5.1756296,2.92772,-0.56020904,-0.24048561,0.5268669,-0.8304652,0.11710107,0.7034558,1.3864193,-0.113672785,1,chr17:25579422:spleen:0,TP,1
-2.454871,-0.3970722,-0.1625707,-0.30539566,-0.7816492,-0.32885963,0.083644204,-0.35850257,0.12437004,-0.16620353,0,chr6:10801331:body_of_pancreas:0,TN,0
-2.8499167,-0.44205862,-0.089781165,0.08241181,-0.42914078,-0.043712646,-0.58164287,0.2609626,-0.31640634,0.27904856,1,chr5:149431239:body_of_pancreas:0,FN,0
-3.1150272,0.556891,-0.28115535,0.6347689,0.3087901,-0.3662349,-0.22653927,-0.13393016,0.048123654,0.18277028,1,chr1:3724461:esophagus_muscularis_mucosa:0,FN,0
4.8482594,-0.40747353,-0.52672935,0.006897772,-1.5306258,-0.123561405,-0.34574085,-0.24853583,-1.0250041,0.22839308,1,chr2:196068383:thoracic_aorta:0,TP,1
-0.062129773,-1.7744796,-1.2126417,-1.3594614,0.76469713,0.6293692,-0.30459547,1.3637159,0.13464667,-0.38671672,1,chr9:17531876:tibial_artery:1,FN,0
4.831226,0.70405716,-0.29472536,0.18251383,-0.79704386,0.31394708,0.25388145,-0.40782377,-0.5910654,0.15040599,0,chr5:1134798:upper_lobe_of_left_lung:0,FP,1
6.0433216,-0.042400394,-0.3709113,0.3404685,0.014489182,-0.46639916,-0.0041625397,-0.34597996,0.18896414,0.11629746,1,chr17:45585364:tibial_artery:0,TP,1
-2.4472609,1.285435,-0.36141977,-1.4277825,-0.11311051,0.058875043,-0.002484024,-0.16309401,-0.18492362,0.11624819,1,chr10:48659989:adrenal_gland:0,FN,0
-2.7804425,1.108385,0.70663565,1.5934254,-0.3309632,0.35334113,-0.76339173,-0.16477741,-0.20411286,-0.11903479,0,chr1:20152614:gastrocnemius_medialis:0,TN,0
-1.7445328,1.5342596,0.89482147,0.43462542,-1.0867199,0.30669653,0.5679637,-0.045848947,0.19934925,0.21670185,1,chr16:4548780:tibial_artery:0,FN,0
-1.4097642,-1.0149738,0.78637385,-1.0502304,-0.7489871,-0.074559174,0.3919593,-0.37275833,0.8477963,-0.1420685,1,chr21:45886140:sigmoid_colon:0,FN,0
-2.698562,0.08533,-1.1516141,-0.5775955,-0.2594451,-0.2103845,0.08645919,-0.35040012,0.15022603,-0.17490251,0,chr7:90782948:body_of_pancreas:0,TN,0
0.2781521,-2.077565,-0.37851602,-0.8929683,-0.30796006,-0.3458785,1.4011564,-0.6646039,0.5833583,-0.57838804,1,chr6:53956277:tibial_artery:0,FN,0
-0.9718902,-0.7640339,1.2630954,1.3170245,-0.2414518,0.52557814,0.6368826,0.54498,0.003028921,-0.751561,1,chr7:26377045:prostate_gland:0,FN,0
2.0647554,1.4354196,0.53390914,-1.0660353,-1.0270271,0.7148321,0.15868993,-0.5397092,-0.8960569,-0.3473349,1,chr8:30230823:sigmoid_colon:0,TP,1
-1.6872573,1.8571364,-0.25464436,-1.5768002,-0.92813504,0.9040454,0.027256226,-0.44348887,0.034273256,-0.7042747,0,chr17:33674654:gastrocnemius_medialis:0,TN,0
0.1621522,-0.90377235,0.81618893,0.3676579,-0.21935019,1.8964379,-0.035148185,0.34669784,0.50082266,-0.45480895,0,chr17:27806150:body_of_pancreas:0,TN,0
2.2116954,-0.28944314,1.7602007,-2.0966415,0.876604,-1.2846409,-0.85963666,1.3483294,0.61282164,0.04085472,1,chr8:44636977:omental_fat_pad:0,TP,1
-2.9239194,-0.07615539,-0.11984568,-1.3471334,-0.7858896,-0.30821413,-0.6041657,-0.5182452,0.03056264,-0.5747265,0,chr9:105609267:upper_lobe_of_left_lung:0,TN,0
-2.087996,-1.6880292,-0.5543712,0.8106802,0.12805083,0.4186066,-0.16662754,0.55672497,-0.1719196,-0.3582587,0,chr5:113606641:body_of_pancreas:0,TN,0
5.522507,-0.011412923,0.26677775,0.2818174,0.8773132,-0.03467247,-0.57636815,-1.0965649,-0.100848086,-0.3852545,1,chr12:8390645:tibial_artery:0,TP,1
4.9918475,-0.07705802,-0.11500429,0.18999155,0.9701753,0.6250499,-0.331503,-0.2495762,-1.0047632,-0.19372348,1,chr9:133915634:body_of_pancreas:0,TP,1
6.0481596,0.9823429,-0.52662146,-0.07037109,-0.07960322,-0.8593267,-0.011320151,-0.49883664,0.12294977,-0.41901124,1,chr2:86221296:Peyers_patch:0,TP,1
-1.3959507,-2.0490947,-0.66900635,-0.20489098,-0.3267438,-0.2604013,0.78809744,-0.43523023,0.12857024,0.11217793,0,chr13:51250191:adrenal_gland:0,TN,0
6.0892997,0.6119854,-0.62920326,0.26737192,-0.1644043,-0.71592987,-0.10084421,-0.38406906,0.1187602,-0.049604356,1,chr3:75785419:testis:0,TP,1
-0.3811363,0.1959589,0.493659,-0.43081522,-0.05599965,-0.066713855,1.1393795,0.11668799,-0.83739644,0.7780036,1,chr16:4448541:body_of_pancreas:0,FN,0
5.0426726,0.3150387,-0.19799717,0.78377837,0.2566504,0.19291438,-0.6352155,0.023426892,-0.7575006,0.2907213,1,chr17:43361257:body_of_pancreas:0,TP,1
-2.5175025,-1.4647385,-0.9896927,0.4601655,-0.12074345,-0.73109657,0.031225288,-0.10041624,0.0952089,-0.062452156,1,chr6:131199853:prostate_gland:0,FN,0
-1.6408848,-0.8597476,2.2301426,0.16497949,0.75023454,-0.53123385,0.38199297,0.37398863,0.42997852,0.78873354,1,chr18:597094:transverse_colon:0,FN,0
-2.4981015,-0.47132912,-1.1567369,-0.8529292,-0.29755998,0.13877454,-0.34402382,-0.0646581,0.08660787,-0.18046418,0,chr4:85084629:transverse_colon:0,TN,0
-1.8817012,-0.5337016,-0.7772755,0.52557284,0.13539417,1.2811192,0.13890937,0.102933526,0.53471917,-0.019725868,1,chr15:40906278:esophagus_muscularis_mucosa:0,FN,0
5.7310753,0.11150681,-0.16939496,0.296757,0.43646315,-0.28119624,-0.476962,-0.3515027,0.2588078,-0.035996597,1,chr7:100966122:body_of_pancreas:0,TP,1
-1.8632907,0.92343134,0.20616628,-0.83785635,0.4409561,0.069763795,0.80316305,-0.34689844,-0.102825545,0.81079394,0,chr4:141158317:body_of_pancreas:0,TN,0
-1.9030454,0.6135405,1.0843221,-1.492752,-0.48649067,-0.12737685,0.22278495,-0.5770262,-0.6324232,0.58826756,0,chr9:41689943:body_of_pancreas:0,TN,0
-0.77417016,-0.2806924,-0.79612464,0.583513,1.0525784,0.3308201,0.6766467,-0.12737891,0.107504345,0.08134403,0,chr17:50626390:transverse_colon:0,TN,0
6.034396,1.0626945,-0.3318616,0.4014776,0.18754975,-0.44258776,-0.19412196,-0.8384044,0.00019745422,-0.11017982,1,chr11:47642443:Peyers_patch:0,TP,1
6.0865254,0.6201724,-0.7243507,0.25491306,-0.3355292,-0.771796,0.0073059467,-0.39832962,0.17206948,-0.041450847,1,chr3:75785419:tibial_artery:0,TP,1
-2.790172,0.23955856,-0.6319183,-0.19960576,0.24327494,-0.5139104,-0.08656968,0.08272605,-0.24850452,0.79236156,0,chr13:30132165:esophagus_muscularis_mucosa:0,TN,0
-2.0704749,0.46569404,-1.3137319,-0.1090929,-0.772651,0.87262136,0.123898625,-0.021775546,0.111445956,-0.26858246,0,chr1:26597816:transverse_colon:0,TN,0
-2.3100984,-0.4986572,-1.0606734,-0.043801993,0.33892187,0.024780152,0.22892888,0.36800006,0.054339487,-0.4775483,1,chr12:26092001:thoracic_aorta:0,FN,0
-2.450087,1.9816952,0.8467205,-0.2157684,-0.41449037,0.010120892,0.44000316,-0.48419493,0.2798054,0.79511905,0,chr19:16111230:thoracic_aorta:0,TN,0
-2.6501312,0.75171596,0.83873117,0.6146009,0.6206325,-0.11255818,-0.016614044,0.15751134,0.31872988,0.7781488,1,chr18:597094:body_of_pancreas:1,FN,0
5.796644,0.16569483,-1.1057043,0.5362107,-0.5509901,-0.43910173,-0.42917225,-0.22700529,0.05323974,0.50851315,1,chr7:142463879:transverse_colon:0,TP,1
-1.4987046,-0.77233833,-1.0160081,0.6053125,0.35496837,0.32138443,0.3906114,-0.08452116,0.68491876,0.40621817,0,chr13:24541018:esophagus_squamous_epithelium:0,TN,0
-1.5955188,-0.42705327,-0.5253859,0.9473631,0.10261284,1.3270558,0.223822,0.27331313,0.6546694,-0.32331288,1,chr15:40906278:testis:0,FN,0
-1.5060222,2.2995021,0.7338358,-2.350516,0.43189207,0.19234371,0.35654283,-0.16972731,-0.004226285,-0.014233092,1,chr9:12741980:body_of_pancreas:0,FN,0
-2.700551,-0.37260067,-0.7617925,-0.20558769,-0.15455128,-0.44702286,0.032160874,0.037512835,-0.06423908,0.30984947,0,chr4:18934427:body_of_pancreas:0,TN,0
3.5606945,-0.3305309,0.36896822,-0.23404248,-2.067945,0.24847527,0.19309282,-0.4059495,0.1811627,0.36201847,0,chr15:38627977:transverse_colon:0,FP,1
6.0080957,0.4158017,-0.436662,0.23435596,0.025884243,-0.55829513,-0.023907505,-0.30359063,0.106161766,-0.2713737,1,chr12:121918386:upper_lobe_of_left_lung:0,TP,1
-2.4830663,-0.7863993,0.58317405,0.6626326,0.06758259,-0.22124311,0.096773274,0.09857864,0.29003292,0.35163635,0,chr5:178164512:upper_lobe_of_left_lung:0,TN,0
-1.2131923,-1.0366014,0.2734239,-0.66650146,0.09222521,-0.3819854,0.5719896,-0.3796321,0.36478862,1.0097119,0,chr2:218658715:transverse_colon:0,TN,0
-1.0081981,-1.103391,-1.0282884,0.5015492,0.6760197,-0.108132266,0.8002888,0.080595605,0.15407458,0.2517349,0,chr1:2174438:gastrocnemius_medialis:0,TN,0
-3.2750714,0.89809847,0.10793142,-0.28130752,-0.39876702,-0.7653631,-1.3442341,0.0038922438,-0.26835108,0.026650285,0,chr2:79876829:body_of_pancreas:0,TN,0
-3.073211,-0.23428455,-0.3786448,-0.12116368,0.13681571,-0.7714631,-0.1377004,0.35918385,-0.11788278,-0.074436456,1,chr9:83219889:transverse_colon:0,FN,0
-1.903754,1.0761905,-0.61066145,-2.0237677,0.23037358,0.3289441,-0.9382654,-0.050484825,0.6678447,0.019279657,0,chr11:36623030:thoracic_aorta:0,TN,0
5.6834207,0.17180076,-0.38927695,0.33163777,0.012538253,-0.3039952,-0.15708876,0.35172397,-1.1098996,0.058938604,1,chr1:25812473:body_of_pancreas:0,TP,1
-1.6487038,-0.9135902,0.19926381,0.46750152,-0.038594723,1.5780913,-0.73024666,0.23635821,0.19812913,0.14959148,1,chr17:63835031:upper_lobe_of_left_lung:0,FN,0
0.45489812,-1.1782728,1.6619868,-0.41533685,1.4296468,0.75165844,-0.3040219,-1.3478554,0.11719599,-0.34593725,1,chr8:41651698:gastroesophageal_sphincter:0,FN,0
-0.07342622,-0.6980035,-1.273857,-1.0099772,-0.66304517,0.4437112,0.53193134,-0.45424137,0.73006666,-0.3555913,1,chr5:52864214:body_of_pancreas:0,FN,0
-1.8980327,-0.36940077,-0.7327784,-1.074868,-0.09437279,-0.76391846,0.5252788,-0.67614037,0.34162077,0.0439728,0,chr20:1963314:body_of_pancreas:0,TN,0
5.475816,0.9314272,-0.7595442,0.12063098,-1.2729439,0.08006559,0.30951762,-0.6141444,0.13202944,0.12751997,1,chr4:75289967:transverse_colon:0,TP,1
-1.7230576,-0.6162579,-1.3118962,0.11354839,0.17636348,0.08402426,0.40135878,-0.03299606,0.020091347,0.18799758,0,chr7:16695960:transverse_colon:0,TN,0
2.1258366,-2.014028,0.547723,0.8802363,-1.1917753,1.6449547,-0.64629143,0.33261734,0.28372154,1.1925733,0,chr12:48904001:prostate_gland:0,FP,1
-1.9783179,0.6296953,1.4357843,1.5795134,0.4230889,0.04549925,-0.049759958,0.2701782,-0.3067983,-0.08745421,0,chr1:226110297:tibial_nerve:0,TN,0
-2.9604452,0.022180019,-0.6729808,0.36572883,0.37089422,0.06437136,-0.41450506,-0.11808182,0.2674443,0.07038904,0,chr11:44617033:tibial_artery:0,TN,0
-2.0379987,0.19983815,0.75040686,1.695338,0.26015285,0.09121658,0.3275832,0.07640439,-0.10010058,0.20600799,1,chr1:239998087:Peyers_patch:0,FN,0
5.3923416,-0.47218361,-0.11624497,0.20061435,0.96397966,0.32103884,-0.57104677,0.023032926,-0.13742164,0.05707435,1,chr9:42852316:prostate_gland:0,TP,1
-0.6166413,1.4709822,2.482996,1.912396,0.96305,-0.24195737,0.39504883,-0.3808956,0.19192632,0.52885795,0,chr9:98796326:Peyers_patch:0,TN,0
-2.1904268,0.04449905,1.054885,0.3420647,0.6228584,-0.123721294,0.10098262,-0.36705655,-0.41627926,0.058684826,0,chr20:48728044:tibial_nerve:0,TN,0
6.009001,0.5575042,-0.69613135,0.28842282,-0.49673635,-0.8361359,0.09705452,-0.47888267,0.3246229,0.09820083,1,chr3:75785609:gastrocnemius_medialis:0,TP,1
-1.7724838,-0.91073585,-0.24185175,0.17430471,0.0072608907,-0.5721318,0.7720123,-0.26187545,-0.09276208,-0.06520768,0,chr1:25572673:gastroesophageal_sphincter:0,TN,0
0.9764791,1.1403803,1.222591,-1.2354496,-0.5387097,0.54012424,-0.32170716,-0.48163188,-0.8698916,-0.09096698,0,chr13:24968302:upper_lobe_of_left_lung:0,TN,0
2.2684221,-0.73799443,-0.60820824,-0.61143464,-0.79155326,0.8459871,-0.3440902,0.36584178,-0.23484595,0.4634109,0,chr10:79914625:upper_lobe_of_left_lung:0,FP,1
-1.9107752,-0.8269133,-0.45912775,0.73759204,0.70148396,-0.025249016,0.29594982,0.5267376,-0.5605621,-0.41120172,1,chr6:169655219:esophagus_muscularis_mucosa:0,FN,0
-2.7121432,1.3372556,1.1802138,1.7098418,-0.30160552,-0.8007067,-0.4750251,-0.12236651,0.15804154,-0.28785688,0,chr19:8514126:upper_lobe_of_left_lung:0,TN,0
5.9387393,0.10830234,-0.2994002,0.5746291,0.40415263,0.019017672,-0.32238504,-0.351795,0.21758619,0.41683742,1,chr4:1752766:esophagus_squamous_epithelium:0,TP,1
-0.3298344,-3.8495011,0.36409968,-1.0668873,-0.79320943,-0.652023,0.97263986,-0.17588186,0.74600136,-0.8946987,0,chr6:53956277:testis:0,TN,0
5.194199,-0.08903363,-0.23276614,0.5011016,0.47204253,0.6285616,-0.24630561,0.12993889,-0.2928194,-0.50166893,1,chr16:18131657:transverse_colon:0,TP,1
6.021074,1.0399705,-0.568366,-0.045270443,-0.23028259,-0.9191906,-0.02192404,-0.47446555,0.121301204,-0.2251274,1,chr2:86221296:transverse_colon:1,TP,1
-2.2278912,0.44623977,0.08783914,1.4591086,-0.27511755,-0.36593035,0.34021443,-0.09062818,0.14050984,0.07293407,0,chr11:77066685:lower_leg_skin:0,TN,0
-2.0272186,1.3848611,0.29874817,-1.0935545,0.42886066,0.17897157,0.5105667,-0.5444429,-0.08001428,1.1066616,0,chr19:48978946:tibial_artery:0,TN,0
-1.8162613,-1.4942114,-1.209458,0.25137323,0.48187405,-0.037374444,0.23382296,0.013301972,0.21865378,-0.26743335,0,chr1:205230071:body_of_pancreas:0,TN,0
-0.15098086,-4.448653,-0.21004139,-0.043926112,-1.219614,1.0596119,-0.48690003,0.26779065,0.41608205,-0.17711708,0,chr12:69344098:body_of_pancreas:0,TN,0
-2.6964955,0.8401333,-0.97241384,-0.5545751,0.6424463,0.09395245,-0.13665408,-0.21512018,0.054235347,0.34838673,0,chr3:32177302:transverse_colon:0,TN,0
5.393383,-1.9996439,0.5748096,-0.13025977,-0.6098325,-0.5035036,0.08364151,0.5471313,-0.078235604,0.13942385,1,chr16:9160191:tibial_artery:0,TP,1
-2.9911478,-0.34170073,0.45468795,-0.57023185,-0.7266311,-0.55066013,-0.20626001,-0.23530662,-0.012325464,0.6973581,0,chr2:161273349:tibial_artery:0,TN,0
4.802671,-0.942663,-0.2902095,1.1278033,-0.57314086,0.4229568,-0.29490268,0.10831585,-0.27172264,0.82856286,1,chr9:61668518:testis:0,TP,1
-2.043671,-0.33248192,-1.2414676,-0.1739443,-0.16624406,0.67218226,0.19863407,-0.041948788,0.5787752,-0.14119253,1,chr6:24991997:sigmoid_colon:0,FN,0
-2.3417723,-1.1544714,-1.1024654,0.39246365,-0.09483744,-0.7384257,0.22135238,-0.10501449,0.045653492,-0.12274246,1,chr6:131199853:tibial_artery:0,FN,0
0.13241793,1.2468551,0.47233233,-2.2437742,-0.6470723,0.49319226,0.026494598,-0.6988811,-0.09793909,-1.5121862,0,chr3:67358006:upper_lobe_of_left_lung:0,TN,0
4.1270275,-3.8178499,-0.3993421,0.1752597,-0.9386575,0.74080837,-0.507105,-0.07972151,0.44474444,0.80465215,1,chr3:37536143:tibial_artery:0,TP,1
5.980207,0.1417987,-0.43252692,0.44141158,0.11132497,-0.40859506,-0.29708937,-0.28238723,0.012396019,0.0429167,1,chr3:75785357:transverse_colon:1,TP,1
4.0247984,-1.0291786,-0.658504,2.527742e-05,-1.9619842,-0.29861957,0.19514091,0.43509954,-1.009006,0.49818864,1,chr7:95686086:esophagus_muscularis_mucosa:0,TP,1
2.9370565,-2.6236658,-0.17147914,0.79818094,0.04449329,1.5012078,-0.4844605,-0.1460835,0.4503774,0.37220266,1,chr19:47436804:testis:0,TP,1
5.0038743,-0.2726772,-0.3661149,0.44486326,-0.19587092,0.16356981,-0.48051146,0.038272064,-1.1141852,0.37057164,1,chr17:79827265:body_of_pancreas:0,TP,1
0.93667597,1.4444486,1.596834,0.5229236,0.85190296,0.45125446,-0.30085552,-0.27803755,0.39531863,0.17282365,0,chr3:126475232:tibial_artery:0,TN,0
3.9969683,-2.6618524,-0.037376083,0.71572757,0.31540164,1.4348507,-0.5217371,-0.1905458,0.52592117,0.40522867,0,chr19:47436804:transverse_colon:0,FP,1
5.3871264,1.6566169,-0.28949806,0.0138807725,0.23539045,-1.0195096,0.20554942,0.59122115,1.4052761,-0.10296977,1,chr17:22856764:omental_fat_pad:0,TP,1
-1.951807,-0.21284544,-0.82395375,0.14200327,0.58784574,0.10700027,0.19064017,0.2073741,0.07520068,-0.19103955,0,chr10:66926170:tibial_nerve:0,TN,0
5.9365377,0.84571314,-0.73520887,0.17379703,-0.33125663,-0.68820405,-0.0464297,-0.35175267,0.109727055,0.06742038,1,chr2:86221296:upper_lobe_of_left_lung:0,TP,1
5.5822177,-0.35933727,-0.30634263,0.5115703,0.69055253,0.31737432,-0.4878421,-0.21535935,-0.4215846,-0.31709677,1,chr1:27556965:body_of_pancreas:0,TP,1
-2.1732209,-0.29736054,-0.7945158,0.8067356,0.49088296,-0.29050687,0.25917128,0.25603673,0.034938414,0.16652334,0,chr11:118870447:tibial_nerve:0,TN,0
0.7086156,-0.1515265,2.5403655,0.488091,-0.034822445,0.5654531,-0.50996095,1.6158203,1.0325729,-0.89153653,1,chr19:21484173:thoracic_aorta:0,FN,0
-2.5637567,0.47150242,0.7039718,1.4877646,-0.17702934,-1.0021973,0.34702632,0.2958009,-0.26056468,-0.24147868,0,chr19:40425487:tibial_artery:0,TN,0
5.471201,2.3698351,-0.79785365,-0.12923452,0.14096065,-0.7392138,0.10075615,0.4851552,1.1010275,-0.04196808,0,chr17:24931573:thoracic_aorta:0,FP,1
-2.575213,-0.13215193,-1.0447885,-0.45204514,0.11241512,-0.14687508,0.055130046,0.26688942,0.16281539,-0.1666804,0,chr6:159252926:spleen:0,TN,0
-1.4761324,-0.19724913,-0.6760202,0.6073352,0.24270697,0.74740833,0.64582014,0.65892446,-0.049335647,0.30718577,0,chr6:116616178:prostate_gland:0,TN,0
-0.23876913,-1.7776155,-1.3200583,-1.001167,0.78709805,0.17692097,0.7508227,0.24634112,0.023659237,-0.27457574,1,chr5:40430015:gastroesophageal_sphincter:0,FN,0
2.3387647,-0.84134555,-0.46977586,-0.53458893,-2.0494998,0.8496712,0.08752534,0.3809941,0.29435697,-0.43692058,1,chr6:43386692:gastroesophageal_sphincter:0,TP,1
5.3395643,-1.4047552,-0.58824664,0.435075,-1.3296094,-0.49673992,-0.07109194,-0.0091539305,-0.5907629,0.40184888,1,chr3:75723673:prostate_gland:0,TP,1
2.0611315,-1.3958147,2.0572224,-0.8260758,0.48547843,0.36447692,-0.54660195,0.963257,-0.2965825,-0.036605712,1,chr19:45427778:Peyers_patch:0,TP,1
-3.0512855,-1.4843096,0.47041133,0.404284,0.11613481,-1.1799303,-0.12226526,0.09048833,0.059116244,0.17183156,0,chr2:232440415:body_of_pancreas:0,TN,0
-2.0371163,0.38639706,1.0983202,2.3571815,-0.31982458,0.119251326,0.30793276,0.017150395,0.25993833,-0.13350147,0,chr9:136400120:esophagus_squamous_epithelium:0,TN,0
-1.3628026,0.9920634,0.99074674,1.3253236,1.1433924,-0.07099858,0.22063059,0.22545597,-0.35401937,0.23222443,0,chr17:44210759:upper_lobe_of_left_lung:0,TN,0
-1.9497868,-0.9026722,0.40022302,-0.48780304,-0.024287349,-0.20896421,0.41552737,-0.55149764,-0.043033816,0.5311945,0,chr10:86953846:adrenal_gland:0,TN,0
6.045925,0.79986566,-0.83928555,0.3410351,-0.35534367,-0.7922094,0.07798781,-0.40673313,0.1125123,0.14665331,1,chr8:38060242:Peyers_patch:0,TP,1
4.6816826,-0.06714045,0.25126597,0.8174136,1.3274307,0.8057745,-0.2351866,-0.24773717,0.44111586,0.19210023,1,chr17:49764139:prostate_gland:0,TP,1
-2.094262,0.34747705,-1.1634891,0.3606197,0.6777256,0.004337197,0.54949164,-0.17266554,0.1461359,0.03589602,0,chr12:26944:upper_lobe_of_left_lung:0,TN,0
4.797848,-0.52189183,-0.107146524,0.45351058,0.2403366,0.45312434,0.03349219,0.92057323,-1.062765,-0.008780476,1,chr6:144337138:body_of_pancreas:0,TP,1
2.6809125,-3.293314,-0.36175668,-0.6619658,1.7716976,0.48985988,-0.6105948,0.7658756,-0.24568109,-0.31328416,1,chr17:879808:esophagus_muscularis_mucosa:0,TP,1
-1.0536845,-0.05492631,1.1606867,1.6332397,0.599674,0.26946014,0.7346154,-0.2898534,0.17090294,0.17471963,0,chr2:97590789:prostate_gland:0,TN,0
-0.9186046,-1.4542999,-0.8071734,0.43263772,0.4802745,0.027608795,0.15003514,-0.17171425,0.06151047,0.32717258,1,chr14:90785685:body_of_pancreas:0,FN,0
-2.6403108,1.6528528,1.0056615,1.6767635,-0.39164606,-0.92533195,-0.1328614,0.034357056,0.082419924,-0.27192333,0,chr1:26921783:gastroesophageal_sphincter:0,TN,0
-2.6009343,-0.44783753,-0.7873837,-0.2555768,0.10715729,0.22349575,-0.54643065,0.31714115,0.017222865,0.21514498,0,chr3:196253627:suprapubic_skin:0,TN,0
5.222928,1.5550431,-1.0040452,0.25804865,-1.3750756,0.06014884,0.30177468,-0.5747759,0.22136377,0.13230355,1,chr4:75289967:transverse_colon:1,TP,1
-1.7716271,0.2695045,-0.21069677,-0.64976406,-0.09896007,-0.14403294,0.8848522,-0.23830679,0.14967671,1.2147619,0,chr10:100424974:body_of_pancreas:0,TN,0
-1.9543751,-0.6277953,1.4445238,-0.8934618,0.122925535,-0.6139475,0.40327334,-0.15749729,0.39206833,0.8557612,0,chr21:36989680:prostate_gland:0,TN,0
-0.07944824,-0.40479985,0.104195334,1.0358143,1.4453729,1.4628482,0.23745765,0.54260623,-0.37832713,0.27544427,1,chr6:167351302:transverse_colon:0,FN,0
-2.9335744,0.8915726,-0.9427938,-0.28741673,0.40525064,0.026551688,-0.655581,-0.009479624,-0.33492655,0.04120062,0,chr2:105580940:Peyers_patch:0,TN,0
-1.9844093,0.25143906,-0.072509296,1.4530625,0.28936166,1.1109087,0.028579818,0.49685568,0.44794804,0.011513118,0,chr3:4978462:Peyers_patch:0,TN,0
-2.3104105,-0.10667736,-0.75399727,-0.65244466,0.0068741622,-0.16813502,-0.36726588,-0.32295018,0.1328864,-0.12579046,0,chr6:137705216:tibial_nerve:0,TN,0
-2.87135,0.22134957,-0.08633782,-0.72228324,0.43441874,0.13662124,-0.8249624,-0.4486045,-0.21673492,-0.28464988,1,chr6:13414351:upper_lobe_of_left_lung:0,FN,0
5.0915666,0.7910694,0.054137398,0.09045344,-0.27757215,0.6183762,-0.05830984,-0.8256064,-0.042775862,-0.13721466,1,chr10:47380940:body_of_pancreas:0,TP,1
-2.5541089,-0.23987094,-0.73578453,-0.4548948,-0.00941407,0.42435923,-0.12972584,0.27250695,-0.09214339,-0.3643294,0,chr2:38116986:body_of_pancreas:0,TN,0
-2.0489087,1.5026971,-0.6911758,-0.6045814,-0.03842748,1.3406957,-0.31608388,-0.4830441,0.30044627,-0.9590778,0,chr13:98266233:body_of_pancreas:0,TN,0
5.683357,-0.34827536,0.18724999,0.43860915,0.33735865,-0.16142975,-0.11721306,0.27506542,-0.6128872,-0.23641397,1,chr19:4352840:esophagus_squamous_epithelium:0,TP,1
5.025203,-0.5011954,0.1532969,0.7309926,0.8352755,0.8198167,-0.7917214,-0.01968072,-0.058227487,0.3887833,1,chr9:42852316:transverse_colon:0,TP,1
-1.7770371,1.530723,0.94965553,0.097279094,-0.7322753,0.76892513,0.55978924,-0.060319155,-0.020753944,0.6973155,0,chr2:121718641:body_of_pancreas:0,TN,0
-2.3907235,0.9897617,-1.1767284,-0.13875367,-0.5068482,0.7395002,-0.42584032,-0.05815821,-0.1498097,-0.7694121,0,chr5:75681235:prostate_gland:0,TN,0
-1.798728,-0.6943084,-0.8856584,0.087443694,0.6449787,-0.14646867,0.2799612,-0.07247007,0.16178612,0.35761264,1,chr14:105012246:thoracic_aorta:0,FN,0
-2.638206,-1.4949815,-0.3860478,-0.110028066,-0.32262757,-0.5456651,-0.27695626,-0.39827877,-0.048058473,-0.06588943,0,chr2:11670589:body_of_pancreas:0,TN,0
5.6152596,-0.24571827,-0.25897667,0.31446582,0.75576895,0.17902406,-0.38109404,-0.040528968,-0.075882204,0.047082182,1,chr9:42852316:esophagus_squamous_epithelium:0,TP,1
-2.2769387,0.2649365,-1.1480725,0.2858517,0.1051925,0.08732545,0.37619108,-0.11699634,0.216666,0.041379735,0,chr11:115170291:body_of_pancreas:0,TN,0
-2.5914311,2.0656197,-0.64535296,-0.095019974,-0.83984846,0.3174593,0.23079592,-0.34340596,0.12887886,-0.20102574,1,chr20:54045596:sigmoid_colon:0,FN,0
-1.3750607,-1.7621019,-0.5678014,-0.43402165,-0.18282191,-0.72636646,0.70598966,-0.0036522478,-0.029725213,0.31560674,0,chr11:86818560:gastrocnemius_medialis:0,TN,0
-1.1744356,1.9208071,-0.32075065,-1.3222477,-0.9560796,1.5809497,0.16850561,0.59630716,0.35395205,-0.52031803,1,chr3:9994481:gastroesophageal_sphincter:0,FN,0
0.24863139,-1.8533403,-1.1854645,-1.1248407,0.78597957,0.7628153,-0.60683256,1.3388464,-0.25371167,-0.15925492,1,chr9:17531876:thoracic_aorta:0,FN,0
-2.246941,-0.5129927,-0.96237487,0.7405355,0.123927444,0.06785956,0.08397168,0.011426347,0.013329792,-0.02579362,0,chr7:66492581:body_of_pancreas:0,TN,0
4.670936,-2.375372,-0.65151834,0.6592626,-1.3665845,-0.44065556,-1.0197467,0.037770465,0.101388544,1.0277396,1,chr11:60251676:thoracic_aorta:1,TP,1
2.042211,-0.6406368,-0.5205016,-0.66762674,-1.6462345,0.45468995,0.8313385,0.560182,0.68884265,-0.38710678,1,chr6:43386692:tibial_artery:0,TP,1
5.518334,-0.0425996,-0.51393616,0.559173,-0.52622896,-0.10305092,-0.119235665,-0.17816222,-0.43802375,-0.05364422,1,chr2:67906567:transverse_colon:0,TP,1
0.14747699,-0.8617587,0.26344278,-0.51197827,-0.32870948,1.1282804,-1.0786468,1.1101239,0.45212477,-0.14224645,1,chr17:69235781:tibial_artery:0,FN,0
4.681721,1.279874,0.6900256,0.39424774,0.6592562,0.88844573,-0.088222004,-0.019824522,-0.23017831,-0.122027345,0,chr16:75234163:prostate_gland:0,FP,1
-2.4217808,-0.096704245,-0.9025624,0.07980466,0.8861877,-0.33948204,0.11800297,-0.123235896,-0.055301487,0.31548804,0,chr1:8988967:spleen:0,TN,0
-1.2154138,-0.63076615,-0.16939455,1.071448,0.7062066,0.41850033,0.54739183,0.78049505,-0.64454186,-0.5980569,1,chr6:169655219:adrenal_gland:0,FN,0
-2.7069433,-0.335911,-0.09559644,-1.0125316,0.12662992,-0.54247993,-0.5442897,-0.5039783,0.1503365,-0.43232718,1,chr7:51066331:body_of_pancreas:0,FN,0
-2.4089549,-0.39805776,-0.11546471,1.5307977,-0.12376714,-0.04491229,0.108202316,-0.30661103,0.45251697,0.19492972,1,chr17:45022145:tibial_artery:0,FN,0
-3.1968536,1.9757788,0.20880502,-0.18201016,-0.37666833,-0.40598312,-1.3626161,-0.051638752,-0.4161313,0.3085288,0,chr8:81235636:esophagus_squamous_epithelium:0,TN,0
-2.3872783,0.35656077,-0.32198313,1.1214173,0.020327564,0.7672616,0.3202582,0.2282035,0.20683804,0.13923101,1,chr15:40906278:adrenal_gland:0,FN,0
-2.459847,0.5086515,-0.78345597,-0.5913042,-0.045381207,0.16334543,0.15411086,-0.3779306,0.71112025,-0.03569729,0,chr10:15106547:transverse_colon:0,TN,0
-2.5423954,1.1558945,0.77160895,1.5341585,-0.116910584,-0.8794178,0.04866141,-0.30609736,0.15933,-0.0048758164,0,chr22:20117295:spleen:0,TN,0
-3.1579387,1.0793475,-0.58136714,-0.13119113,-0.25616977,-0.0957433,-0.49981508,-0.4225391,-0.036475316,-0.28238592,0,chr22:20920861:body_of_pancreas:0,TN,0
-1.7926576,-0.47882396,1.4527109,1.0302019,0.73680687,-0.09555447,0.5584845,-0.23587954,-0.06870122,-0.4603315,0,chr15:67836109:tibial_nerve:0,TN,0
-2.1021066,-0.48560002,0.18823254,0.8824269,0.2285898,-0.5238271,0.70551956,-0.18614598,0.38304073,0.26488987,0,chr11:118145352:prostate_gland:0,TN,0
2.451969,-0.92270756,0.7923907,0.71424234,-0.2936173,1.6006491,0.024187284,-0.035688143,-0.1383973,0.52460295,0,chr22:30303096:body_of_pancreas:0,FP,1
-1.6947296,-1.8261892,-0.7916192,0.33907613,0.16515158,-0.5326551,0.42799604,0.27550462,-0.028688788,0.21529298,1,chr6:53956277:body_of_pancreas:0,FN,0
-3.3173962,-1.426728,0.5604157,-0.94373745,-0.45426896,-0.6390296,-0.93192995,-0.22824109,0.16605176,0.13937637,0,chr14:77053349:thoracic_aorta:0,TN,0
-3.1473002,0.6232962,-0.06100421,-0.39390868,-0.50200975,-0.4900097,-0.08999102,-0.39952365,0.20950755,0.4005969,0,chr6:32933573:spleen:0,TN,0
-2.4890018,1.0861846,1.1797683,1.872946,-0.6159778,-0.78658295,-0.090298705,0.032982897,0.082308024,-0.19638495,0,chr19:13818234:Peyers_patch:0,TN,0
-1.7633532,-0.36220485,-1.0143045,-0.000112750255,0.46693596,-0.45106873,0.52057797,0.33968168,-0.018954806,0.20930423,0,chr1:234611945:transverse_colon:0,TN,0
6.105629,0.5442758,-0.6155412,0.28710064,-0.26323035,-0.8088034,-0.0014980868,-0.40605,0.16645859,0.034976546,1,chr3:75785419:spleen:0,TP,1
-0.40812194,-0.83312786,0.9936781,-1.0053468,-0.5905956,0.72909826,0.48859406,-1.4625995,0.6756393,0.23676258,1,chr5:149628438:transverse_colon:0,FN,0
-2.2454333,0.067866474,-0.7199791,-0.31596684,-0.010676001,0.5563612,-0.19542123,0.21304338,0.031130787,0.16199243,0,chr7:22853784:tibial_artery:0,TN,0
5.2093534,-1.2804009,-0.073775984,-0.059018802,-0.3936758,0.14722009,-0.07222544,0.45375985,-0.3526668,0.38870564,1,chr16:9160191:upper_lobe_of_left_lung:0,TP,1
-2.0375574,0.47934574,-0.32616037,1.2299592,-0.06468785,0.99322015,0.5585233,0.12487828,0.460814,0.1382335,1,chr15:40906278:body_of_pancreas:0,FN,0
3.5628037,0.05238046,0.23923162,-0.6851815,-1.4246925,0.82796043,0.44501784,1.4069382,0.9433347,-0.4466328,1,chr12:48753691:Peyers_patch:0,TP,1
-3.0559587,0.67890924,1.0965425,0.8349399,-0.027707918,-0.9140643,-0.9218805,0.22247808,-0.24711837,0.29550266,0,chr2:113199470:sigmoid_colon:0,TN,0
6.0514436,0.8924233,-0.2972597,0.10045588,0.19191352,-0.8110486,-0.23632061,-0.6800298,0.015110299,-0.5207177,1,chr7:142752843:body_of_pancreas:0,TP,1
5.759333,0.79506415,-0.53755486,0.20993145,0.36307374,-0.0012417614,-0.3885062,-0.8393484,0.2394913,-0.1610474,1,chr22:24006151:thoracic_aorta:0,TP,1
2.5136356,-2.6701422,-0.073537655,-0.92820626,1.6004225,0.08651246,0.31031367,-0.20393074,-0.39903122,-1.2562484,0,chr3:101070324:thoracic_aorta:0,FP,1
-2.7483428,1.066552,1.4736587,1.4274427,-0.315977,-0.45681268,-0.527337,-0.0012267615,0.07484504,-0.35370392,0,chr14:59576853:thyroid_gland:0,TN,0
5.43825,-0.4658614,0.6817791,-0.42913043,1.0012912,-0.44144934,-0.25394452,0.06413883,-0.24799004,-1.0940582,1,chr9:42974893:thoracic_aorta:0,TP,1
-0.14688426,-3.4752178,0.037924603,-1.0982478,-0.6611577,-0.2706872,0.91602045,-0.16837765,0.66797525,-0.8650351,1,chr6:53956277:suprapubic_skin:0,FN,0
-1.6142634,1.427879,1.146985,-1.4289602,0.04005498,-0.3735338,0.13965778,-0.22894458,-0.41247076,0.05098599,1,chr2:168375394:body_of_pancreas:0,FN,0
-2.1211798,-0.30647984,-0.4685266,-0.46893218,0.9905187,0.46458012,-0.22387351,0.2090459,0.12223281,0.13527027,0,chr6:31367545:spleen:0,TN,0
-1.7450992,-2.001496,-0.20542271,0.5242095,0.661749,-0.025946122,0.50698715,-0.011755227,0.23648712,0.26331082,0,chr5:142249470:thoracic_aorta:0,TN,0
-2.3286831,1.5245744,0.5782328,-0.19661152,-0.99894613,0.69015443,-0.22742356,0.11218989,-0.1951353,-0.200799,0,chr2:78999391:adrenal_gland:0,TN,0
-2.7205937,-0.9991683,-0.41097757,0.11996324,0.27294818,0.062119488,-0.07929333,-0.25956818,0.24266006,-0.18862997,1,chr17:45099253:prostate_gland:0,FN,0
5.127358,-1.1068575,-0.9926735,0.5825628,-1.4144826,-0.10778139,-0.1664627,-0.19909108,0.03314143,0.9246546,1,chr7:142750232:body_of_pancreas:0,TP,1
6.077704,0.811347,-0.8122718,0.22407912,0.050647322,-0.5324995,-0.22378543,-0.43538544,-0.21668376,-0.071650445,1,chr5:151298414:body_of_pancreas:0,TP,1
-3.2864435,-0.08185615,-0.20562471,-0.676675,-0.31118026,-0.11594138,-0.7216757,-0.09718287,0.10126249,-0.3160234,0,chr5:76544689:transverse_colon:0,TN,0
-2.053342,-0.7140384,-0.9570385,0.33630309,0.6609915,-0.13367014,0.54446447,-0.34007472,0.08443148,0.064801335,0,chr17:81413749:upper_lobe_of_left_lung:0,TN,0
-1.895125,0.7729252,-0.6696137,-0.6527213,1.3250794,-0.12223108,0.021898834,-0.07173462,-0.013944719,0.12670971,1,chr15:31200859:thoracic_aorta:0,FN,0
2.3892474,-4.287635,0.29599229,0.7563209,-0.7396812,1.2763745,-0.75986415,0.03843711,0.92033154,0.46467033,0,chr19:47436804:adrenal_gland:0,FP,1
-0.17338914,1.4548026,0.8802645,-1.7249955,-0.53962654,0.6741818,0.66594106,-0.94048107,0.45344278,1.034593,0,chr10:92074395:esophagus_muscularis_mucosa:0,TN,0
-2.2089016,-0.708113,-0.116241336,1.1419927,0.045680955,0.7574063,-0.1566354,0.2910704,0.17271438,-0.15388744,1,chr15:40906278:tibial_artery:0,FN,0
-2.1656752,0.8964621,1.4978904,2.0567682,-0.41229334,-0.8494087,0.3200652,0.047902282,-0.05722619,-0.012725626,1,chr17:42761347:gastroesophageal_sphincter:0,FN,0
5.641725,-0.28707635,-0.35979486,-0.08003905,0.61274254,-0.2544193,0.0478855,0.6224608,-0.9724237,-0.4674223,1,chr8:69248295:suprapubic_skin:0,TP,1
5.959863,0.36904737,-0.88282704,0.433882,-0.2834498,-0.47560135,-0.300582,-0.18708524,-0.018517155,0.29518446,1,chr7:142463879:body_of_pancreas:0,TP,1
-2.18261,-1.4173763,1.0963298,0.9170997,0.68531764,-0.5956601,0.30396435,0.34549102,-0.6539945,0.20102257,0,chr7:88220243:body_of_pancreas:0,TN,0
4.3763103,-0.25991577,-0.11985382,0.0007781928,0.78122085,0.13076442,-0.18308985,-0.26327962,-1.2132549,0.050344873,1,chr12:109443212:body_of_pancreas:0,TP,1
0.58358926,1.7904342,-0.24158119,-1.4584998,-1.2654911,1.1471221,-0.05611891,-0.7526108,-0.22336264,0.3500057,1,chr20:41572206:body_of_pancreas:0,FN,0
4.0947742,0.9816798,1.1624868,0.10872493,-0.23210083,0.45042098,-0.12142254,0.2675107,-0.75614506,-0.12346669,1,chr2:10271661:body_of_pancreas:0,TP,1
5.5122595,1.1056875,0.21985894,0.21207297,1.2876917,0.035460323,-0.094279036,-0.6704483,0.30939722,-0.301073,1,chr19:1037869:upper_lobe_of_left_lung:0,TP,1
6.018357,0.33524913,-0.6234792,0.4602125,0.29503617,-0.2660377,-0.25913915,-0.18641351,-0.120131016,0.2688163,1,chr15:79896760:upper_lobe_of_left_lung:0,TP,1
6.002148,0.7980714,-0.34688932,0.44555783,0.27889913,-0.53876764,-0.26020142,-0.783698,-0.07935665,-0.13332807,1,chr11:47642443:upper_lobe_of_left_lung:0,TP,1
-2.5624056,-1.3131992,-0.50855476,0.022666804,0.5304142,-0.5847542,-0.13053562,0.26040605,-0.16847852,-0.09577708,0,chr8:9276778:body_of_pancreas:0,TN,0
-2.1580756,0.66497505,-0.44662797,0.67508245,0.8192891,-0.55658096,0.31910655,0.21285841,-0.09773704,0.23000926,0,chr19:17283115:transverse_colon:0,TN,0
4.915403,1.4708893,0.1993721,0.4661267,0.51740664,0.11314234,-0.21054733,-0.7819415,-0.35757124,-0.37108076,1,chr9:129437413:prostate_gland:0,TP,1
-0.062129773,-1.7744796,-1.2126417,-1.3594614,0.76469713,0.6293692,-0.30459547,1.3637159,0.13464667,-0.38671672,1,chr9:17531876:suprapubic_skin:0,FN,0
1.0775152,1.2172447,1.6356485,0.07064724,-0.44250566,0.9058386,-0.017971603,0.93314356,-0.7607764,-0.11666075,0,chr1:207321070:upper_lobe_of_left_lung:0,TN,0
-0.7907242,0.88218427,1.3911111,-0.8787732,-0.32638308,0.49235573,0.8947762,0.54043907,-0.35693094,1.1521482,1,chr8:30486503:thoracic_aorta:0,FN,0
2.4504783,-0.18064041,1.6033143,-1.9385002,0.9739808,-1.23415,-0.79506487,1.1900125,0.692232,0.19637853,1,chr8:44636977:tibial_nerve:0,TP,1
-2.4128892,0.16602562,-1.3135254,-0.09441663,-0.03138219,0.3892397,-0.07863117,-0.14326674,0.2165647,-0.18875973,1,chr9:127348292:thoracic_aorta:0,FN,0
1.5251666,-1.8598559,2.3382359,-1.6076857,-0.12971465,-1.4776852,-0.94566596,0.8495169,0.47658005,0.009477769,1,chr20:28507029:thoracic_aorta:0,TP,1
-2.683851,-3.8530762,1.0857853,-0.537101,-0.54361093,-1.5316854,-0.08375212,-0.49657008,-0.1983718,-0.28186068,0,chr5:139787668:testis:0,TN,0
-2.4608402,-0.49427682,0.14823389,-0.36199984,-0.14289604,-0.10234461,0.15340689,-0.52061516,0.067057855,0.046242684,0,chr10:29517575:esophagus_muscularis_mucosa:0,TN,0
-2.565173,-1.2609439,-0.11429646,-0.22341636,0.8944657,-0.56847084,0.015991023,0.20375293,0.106059894,-0.09331121,1,chr2:239775219:body_of_pancreas:0,FN,0
-2.2322946,-0.63314474,-1.5369349,-0.07446546,0.039011505,0.11019653,-0.17682229,0.16864792,0.3179103,-0.090196766,1,chr9:546973:upper_lobe_of_left_lung:0,FN,0
-1.1288848,0.3389613,1.2294247,-0.77258164,0.28265077,-0.047973167,0.79495305,-0.6147674,-0.26145253,0.98279685,0,chr16:67519147:body_of_pancreas:0,TN,0
5.932905,0.26479387,-0.1715007,-0.06978153,-0.02374291,-1.0618497,0.2175832,0.25577593,0.55795693,-0.13136312,1,chr8:45161471:gastrocnemius_medialis:0,TP,1
-2.4918401,-0.17271456,0.7435166,1.0021614,0.4800328,-0.26245552,0.4072823,0.12171618,-0.37497064,0.2184497,1,chr18:74291399:tibial_nerve:0,FN,0
-2.6751313,0.46693417,-0.94706714,-0.57422847,-0.44610578,0.06420417,-0.15062045,-0.25654447,0.15789956,-0.5249765,0,chr13:33543669:transverse_colon:0,TN,0
-1.3266855,1.7357492,1.2302632,-1.4982114,-0.57653606,0.8245845,0.5511512,-0.5056987,-0.22006541,-0.013866264,0,chr13:23599548:body_of_pancreas:0,TN,0
-2.6909642,0.16696668,-0.9263157,0.10847307,0.15013894,-0.5475436,-0.1677688,-0.15420005,0.1189348,-0.16329278,0,chr10:102775387:tibial_nerve:0,TN,0
0.804251,-2.9446266,0.038930736,0.68439883,1.7263671,1.3283496,0.2864762,0.12844545,0.16046053,0.1996889,0,chr8:143574981:upper_lobe_of_left_lung:0,FP,1
-3.1216776,1.1165981,-0.5072139,-0.6079122,0.25209466,-0.23852922,-0.7105589,0.08561239,-0.15210323,0.1986522,0,chr4:38783176:spleen:0,TN,0
-2.3874245,2.1625907,0.32345504,-1.5549028,0.9002995,-0.6861282,-0.6075839,0.13391326,-0.0075669675,0.33453515,0,chr19:52748468:testis:0,TN,0
-0.5858111,-0.3225221,0.8796533,-1.8645911,-0.48722944,-0.33477676,0.12575477,-1.2669489,0.3126181,-0.2065891,1,chr6:291257:body_of_pancreas:0,FN,0
-1.2756425,-0.08591349,-1.045086,0.9653381,0.14276193,0.9215694,0.6534212,-0.0488216,0.38859168,0.46078035,0,chr2:20617427:prostate_gland:0,TN,0
3.9635024,-1.3630321,-0.47955585,-0.11096786,-2.0770085,-0.3260061,0.14000602,0.6026693,-1.0727937,0.32496348,1,chr7:95686086:transverse_colon:0,TP,1
4.978918,3.3322926,-0.6225876,-0.3881659,0.62157863,-0.6119022,0.031549703,0.9013626,1.8485667,-0.029763011,1,chr17:25564496:thoracic_aorta:0,TP,1
-2.404574,0.046558704,-0.4260604,0.3632745,0.9457864,-0.67623466,0.40475997,0.047721107,0.0010539877,0.19176456,1,chr7:267146:transverse_colon:0,FN,0
-3.129942,-0.94127166,0.011803755,-0.09167664,0.54929376,-0.88610774,-0.20186245,-0.02399244,0.008038393,0.20994754,0,chr19:13803180:prostate_gland:0,TN,0
-2.0104687,-1.1990728,-0.5572166,-0.8200028,0.51685226,-0.4961949,0.3309171,0.29513514,0.0686898,-0.0046310383,1,chr12:9283685:esophagus_muscularis_mucosa:0,FN,0
5.8344817,1.0330812,-0.5813318,0.304591,-0.05344593,-1.1198994,0.033063658,0.252008,0.72178006,0.07011566,1,chr17:22909996:spleen:0,TP,1
-2.3906178,-1.2013445,-0.19871919,0.80895936,-0.058502235,0.49327114,-0.38516966,0.385611,-0.15615353,-0.3338843,1,chr5:113606641:thoracic_aorta:0,FN,0
-2.1991863,2.6490443,0.28271127,-0.93143994,-0.38816273,1.0375735,-1.0076206,0.46725237,-0.6369007,0.26424062,0,chr11:119031234:Peyers_patch:0,TN,0
-3.4757452,1.0830815,0.03063632,0.15884829,-0.2947824,-0.92214006,-0.9625229,-0.038180556,-0.14316599,0.15969856,0,chr17:55526730:testis:0,TN,0
-2.4484174,0.3558796,-0.8405276,-0.23207396,-0.09509563,-0.14850408,0.24982251,0.039662212,-0.0098542655,-0.082078196,0,chr12:91578079:gastrocnemius_medialis:0,TN,0
-2.3557239,0.10373019,0.26530233,1.6493832,-0.16923907,-0.4851017,0.4644385,0.036100846,-0.1007323,-0.3651715,0,chr17:65123411:upper_lobe_of_left_lung:0,TN,0
0.2596685,0.4951311,0.3119069,0.50917214,2.102776,0.82831323,0.58166474,-0.44640708,-0.6078181,0.59087396,1,chr6:3259228:tibial_nerve:0,FN,0
-3.0399873,1.7517586,0.6241939,0.41593757,-0.5564613,0.38493234,-1.2211035,-0.19112714,-0.1851419,0.016730562,0,chr7:5085799:suprapubic_skin:0,TN,0
-2.147261,-1.0926687,-0.5841524,0.26002094,0.4247325,-0.033239946,0.26096976,-0.15814327,0.3050984,0.2452271,1,chr14:101235442:tibial_artery:0,FN,0
-2.4259384,1.1436923,1.0756066,1.6266819,-0.99984545,-0.5598162,0.14278564,0.06141559,0.079012446,-0.5382692,0,chr19:40777787:spleen:0,TN,0
4.8140416,-1.7674536,-0.7846741,0.6630127,-1.2810458,-0.4453663,-0.96576816,-0.017117824,0.031515703,0.97916865,1,chr11:60251676:transverse_colon:0,TP,1
-2.6304255,-0.059337802,0.07775886,1.2564429,-0.24965987,-0.4027567,0.08852189,0.15808976,-0.1889392,-0.25942335,1,chr19:39824761:tibial_artery:0,FN,0
-2.1417966,1.2421651,0.60572964,0.052216545,0.5104119,0.760543,-0.6064598,0.65827024,-0.12597309,0.74327505,0,chr5:42992982:transverse_colon:0,TN,0
-2.3108091,-0.30487826,0.38078117,-1.3790691,0.33184853,-1.0331194,0.13003278,0.04719624,0.4135001,0.29662737,0,chr8:119862980:esophagus_squamous_epithelium:0,TN,0
3.5138252,5.222003,-0.5316606,-0.4722873,0.94714665,-0.23816626,-0.38589266,1.095291,1.4978306,0.46920946,1,chr17:25579422:upper_lobe_of_left_lung:0,TP,1
-1.5024439,-0.12837835,0.12262566,-0.860619,0.41068295,0.30226678,0.9011065,-0.15798354,0.083125256,1.0142784,1,chr16:14300986:gastrocnemius_medialis:0,FN,0
-1.3513321,0.07593777,-1.0015824,0.21555781,0.9652738,-0.008140231,0.6544584,0.017263822,-0.17642197,0.047820613,0,chr11:12087298:thoracic_aorta:0,TN,0
-2.4863832,-0.91347474,-0.83999765,-0.3957683,0.24505495,-0.6214594,0.10173654,-0.15004946,0.00018469579,0.18684731,1,chr4:77240591:tibial_artery:0,FN,0
-1.8914557,0.67036396,1.2657089,-1.6909993,-0.30098262,-0.3417273,0.79309386,-0.54247,-0.10583171,-0.21239685,0,chr21:5260541:prostate_gland:0,TN,0
-3.2664468,0.10367724,-0.297926,-0.2678143,0.19846354,0.011997584,-0.6214689,-0.15131298,0.34619814,-0.2760346,0,chr7:100217197:prostate_gland:0,TN,0
-2.2951124,0.710123,1.8032933,2.1544359,-0.2789812,-0.5328261,-0.40829375,0.21044555,0.10140573,-0.4092476,0,chr6:166383176:body_of_pancreas:0,TN,0
-2.2608635,-1.3775388,-0.5071458,-0.15983757,-1.0917026,0.21754202,-0.606184,0.29751623,0.4215848,-0.062494207,0,chr19:43104227:esophagus_squamous_epithelium:0,TN,0
5.6324816,-0.68192106,-0.19206691,0.07924135,0.18472773,-0.4949573,-0.05296861,0.5702195,-1.4747355,-0.17608348,1,chr3:186302506:prostate_gland:0,TP,1
5.833075,0.99958664,-0.58683795,0.32510912,-0.03727156,-1.1493745,0.043227084,0.21742219,0.73600173,0.040134642,1,chr17:22909996:tibial_nerve:0,TP,1
-2.0829914,2.92828,0.021518758,-0.7667219,-0.38055974,1.3851303,-0.42189118,-0.5094754,-0.58870053,0.35670808,0,chr10:15106907:sigmoid_colon:0,TN,0
-2.0091007,2.61925,0.48168138,-1.9816597,1.0137068,-0.4969831,-0.46336463,0.11393557,0.1508745,0.4156269,0,chr19:52748468:prostate_gland:0,TN,0
-2.5256205,-1.2618418,0.3275601,-0.683994,-0.22306609,-1.2505962,0.029853152,0.18793124,-0.5088395,0.07322089,0,chr8:8247882:thoracic_aorta:0,TN,0
-2.848507,0.6330353,-0.756086,-0.54982674,-0.03712295,-0.21474995,-0.10610618,-0.3931862,-0.20351677,0.27177393,0,chr4:20422548:transverse_colon:0,TN,0
0.8715442,-1.0361645,0.54051286,-0.123726934,0.41151297,0.025403477,1.083248,0.056493897,0.3925087,-0.10152195,0,chr9:101449199:esophagus_muscularis_mucosa:0,FP,1
-2.23588,-0.6402186,-0.75852925,0.17762545,0.4432775,0.14400694,0.16877733,0.24588044,0.031548653,0.12477424,1,chr7:100949229:Peyers_patch:0,FN,0
5.3972955,1.0850029,-1.0722511,0.5037752,-1.111246,-0.15862235,0.32943025,-0.3137426,-0.20309943,0.44855946,1,chr10:38653296:body_of_pancreas:0,TP,1
-2.2366114,0.23216705,1.3301532,-1.3119515,-0.09631192,-0.5951752,0.7644876,0.39240956,-0.38041186,0.62631184,1,chr22:20028091:prostate_gland:0,FN,0
-2.660118,-0.69360316,-0.7419131,0.6328277,0.10835647,-0.081397496,0.15750998,0.06466625,0.25170225,-0.5185934,1,chr11:1652791:thyroid_gland:0,FN,0
0.3949575,-0.105153285,2.1153898,0.66759706,0.23639825,-0.043664474,0.54827714,0.5945313,-0.04883328,-0.26964012,1,chr19:41914555:body_of_pancreas:0,FN,0
5.0249057,-0.79702765,0.699549,-0.08632458,0.13176785,-0.578535,0.47887516,0.70455134,-0.52312016,-0.7494425,1,chr11:19259633:upper_lobe_of_left_lung:0,TP,1
-2.2838907,-0.11004325,-0.38835007,0.70189744,0.5532783,0.02217931,0.14407128,0.45806506,-0.55753464,-0.5605707,1,chr6:169655219:thoracic_aorta:0,FN,0
5.9723997,0.23152979,-0.6859707,0.5233787,-0.05291068,-0.44609383,-0.34136707,-0.3987582,-0.023639694,0.2740376,1,chr9:129437752:body_of_pancreas:0,TP,1
5.851945,0.5761474,0.03817903,0.018488303,0.5691812,-0.10554564,-0.11472935,-0.6191057,0.32626364,-0.47095057,1,chr7:22550492:adrenal_gland:0,TP,1
5.988593,0.27588132,-0.5156524,0.63137656,0.09215633,-0.317724,-0.32066283,-0.22969809,-0.102964394,0.09191205,1,chr3:75785357:tibial_artery:0,TP,1
5.6071405,-0.018265381,0.25491878,-0.08802853,0.847894,-0.41247165,-0.46030596,-0.8050925,-0.10042496,-0.5897716,1,chr16:85086903:prostate_gland:0,TP,1
-0.1325386,1.5901859,1.2293278,-0.16457634,-1.1362026,0.9381332,0.68607855,0.835554,-0.47777402,0.67690176,0,chr2:215506074:body_of_pancreas:0,TN,0
3.0899503,-5.5034447,0.07266167,0.39258355,-1.7290642,0.4482075,-1.3123107,0.26988778,0.7789208,1.6390432,1,chr1:13277261:spleen:0,TP,1
-2.605902,-0.069030374,0.24823937,1.2557825,0.27414304,-0.35715255,0.14750144,0.20380798,0.011838484,0.20516059,0,chr14:104137797:spleen:0,TN,0
-2.337202,0.39304152,-0.8816508,-0.16845804,0.14221278,-0.21452321,0.28101224,0.2870116,-0.31808624,0.09049732,0,chr3:178966680:Peyers_patch:0,TN,0
-1.8701679,1.3265861,0.8491283,2.214844,-0.05592018,-0.30609035,0.5046837,-0.101383016,-0.066093154,0.047819454,0,chr9:136400120:transverse_colon:0,TN,0
5.2787194,2.309615,-0.398102,-0.19508305,0.38108316,-0.95612055,0.26711392,0.8560756,1.3373942,-0.1934638,1,chr17:23982409:testis:0,TP,1
6.0808444,0.46892747,-0.68150866,0.32641384,-0.34728602,-0.80847746,0.007769696,-0.45740977,0.1729335,0.050606105,1,chr3:75785419:prostate_gland:0,TP,1
-1.780663,-2.9525046,-0.15929759,-0.42025676,-0.23875096,-0.66200155,0.22752227,-0.54021883,0.043631047,0.23530005,0,chr9:2872847:prostate_gland:0,TN,0
4.7509494,-0.9073186,-0.87758243,0.50174093,-1.9752709,-0.13469411,-0.30946,-0.15010434,-0.66839606,0.55232537,1,chr2:196068383:Peyers_patch:0,TP,1
6.1027684,0.51572716,-0.35268274,0.19616854,0.34585753,-0.55102193,-0.04379494,-0.45974424,-0.079962835,-0.44991693,1,chr12:121918386:thoracic_aorta:0,TP,1
-1.6786156,-0.06848059,-1.2004564,-0.14457458,-0.22703801,0.1468268,0.63345313,0.018920388,0.07304465,-0.1934422,0,chr12:105235140:body_of_pancreas:0,TN,0
-1.3134012,1.0306743,0.5488729,-0.2351241,-0.30345705,0.96957535,-0.5146528,-0.03842824,-0.4299496,-0.72030205,1,chr2:3548243:body_of_pancreas:0,FN,0
-3.0526278,0.33031204,-1.0372744,-0.24888258,-0.10917075,-0.032082237,-0.6909543,0.1370869,-0.16575773,-0.10628955,0,chr15:37133941:esophagus_squamous_epithelium:0,TN,0
-3.1223857,0.3220312,-0.20953962,0.5337852,-0.09943503,-0.5951515,-0.51574945,0.24693158,-0.23764391,0.043415032,1,chr9:83219889:esophagus_squamous_epithelium:0,FN,0
-3.1972387,0.51029724,-0.72124064,-0.34764004,0.22301759,-0.21243459,-0.42787468,0.025750805,-0.20054844,-0.04500762,0,chr8:13656034:tibial_artery:0,TN,0
5.8318777,1.4918451,-0.2287093,-0.23618373,-0.2612663,-0.5756246,0.45930886,-0.3469319,0.5389097,-0.2700316,1,chr14:30690707:gastroesophageal_sphincter:0,TP,1
-2.6264312,-2.4715557,-0.5058934,-0.5185971,0.23250732,-0.83528423,-0.34813863,-0.26974297,-0.057888784,-0.11955605,1,chr12:71214746:Peyers_patch:0,FN,0
3.2196689,1.5398238,-0.40078902,-0.5050892,-0.87408733,0.96284074,1.0022868,0.9010563,0.15351693,-0.38120806,1,chr18:68604528:body_of_pancreas:0,TP,1
5.9497275,0.118199706,-0.58214414,0.4882721,0.21692201,-0.35415944,-0.3501095,-0.18372455,-0.24100508,0.26242742,1,chr15:79896760:suprapubic_skin:0,TP,1
-1.9151818,-0.28797463,-0.30963737,1.0884192,0.5290238,-0.1374651,0.5369379,0.16806635,-0.18219924,-0.022910593,0,chr10:97737466:upper_lobe_of_left_lung:0,TN,0
-2.7846367,2.776687,-0.18780808,0.76376027,0.778592,-0.46461794,-0.8072736,-0.032492567,-0.08238416,0.35231453,0,chr4:41216732:suprapubic_skin:0,TN,0
-0.27956787,-1.2675176,-0.82720923,-0.50415313,1.6659926,0.6003033,0.27851868,0.034307793,-0.45845962,-0.000112251,0,chr20:47735973:omental_fat_pad:0,TN,0
5.801219,0.23666307,-1.0418462,0.5095121,-0.473038,-0.34278515,-0.3916985,-0.24471754,0.022938622,0.45423588,0,chr7:142463839:upper_lobe_of_left_lung:0,FP,1
-2.8103755,-1.1622051,-0.13638417,-0.6812102,-0.6459469,-0.7798012,-0.14307803,-0.31211248,0.120332174,0.18270926,0,chr2:159118640:thoracic_aorta:0,TN,0
-1.7887417,-1.8692861,0.62845206,0.96088904,0.51003814,0.3939231,0.22130468,0.41060725,0.72777385,0.065278776,0,chr9:41356966:thoracic_aorta:0,TN,0
4.6297436,0.5276525,0.45563218,1.4133098,0.5475342,0.7454506,-0.4193681,-0.7684088,-0.210476,0.58356977,1,chr20:26208339:upper_lobe_of_left_lung:0,TP,1
5.168254,-1.6431144,0.22904968,-0.012776544,0.34278563,0.14039132,-0.030267185,0.5415967,0.23598309,-0.04128627,1,chr17:879808:body_of_pancreas:0,TP,1
0.76047486,1.9037836,1.288248,0.0842623,-0.7014281,1.5202492,0.5443174,-0.018589221,-0.8605372,0.050976645,0,chr2:216403921:spleen:0,TN,0
4.1197653,-1.0628661,1.0230176,0.20628887,0.78186643,0.72036403,0.1619938,0.6533271,-0.61318886,-0.23556827,1,chr2:46855233:thoracic_aorta:0,TP,1
-2.9250343,1.4865236,0.59645176,1.3195237,-0.80040795,-0.58224905,-0.24592261,-0.09676515,-0.003944237,-0.51562345,1,chr9:97633155:upper_lobe_of_left_lung:0,FN,0
-1.0248911,-1.4669977,1.7534181,-0.7104941,1.8831123,0.18809442,-0.46079817,-0.9179723,-0.23641047,-0.22216773,1,chr8:41651698:body_of_pancreas:0,FN,0
4.786948,3.4606068,-0.52271193,-0.46371254,0.6821064,-0.58295363,0.03956552,0.96524715,1.5848418,0.08650504,1,chr17:25579422:esophagus_squamous_epithelium:0,TP,1
-1.2355614,-0.843558,-0.6200098,1.4395268,-0.02339331,0.25035363,0.4363015,0.27415952,0.19753037,0.086750515,0,chr19:38770355:transverse_colon:0,TN,0
-3.2799993,2.0944104,-0.51187295,-0.4747443,-0.32018268,-0.093927324,-0.7153618,-0.23777808,-0.09914086,-0.049420316,0,chr16:75402814:prostate_gland:0,TN,0
-2.9731088,1.215965,0.073862605,0.9711566,-0.17455679,0.14992674,-0.8601384,-0.18638067,0.11823918,-0.047763005,0,chr11:106077385:Peyers_patch:0,TN,0
-1.0257735,1.8892456,0.020302948,-1.8255808,-1.0602162,1.3498077,-0.24945429,-0.1643014,-0.36993563,0.21109733,1,chr1:178788607:body_of_pancreas:0,FN,0
-2.478366,-0.3210752,-1.0691466,0.024255903,0.6789682,0.043982238,0.08075109,-0.0967295,0.028701438,-0.29362023,1,chr12:8217209:body_of_pancreas:0,FN,0
-2.7153964,-0.69473994,-0.85059965,0.7494579,0.21467458,-0.16404596,-0.14207187,0.018919295,0.037072103,-0.5384722,1,chr11:1652791:esophagus_muscularis_mucosa:0,FN,0
-0.23235282,-0.05130321,-0.25112164,-0.6363679,2.2204998,0.7412936,0.47489128,-0.23382705,0.6849719,0.0050165253,0,chr2:109423970:gastrocnemius_medialis:0,TN,0
-2.4791632,2.109582,-0.45719615,-0.9831479,0.32740515,-0.03109261,0.11101461,-0.105836615,-0.37768725,0.25147754,0,chr7:818297:Peyers_patch:0,TN,0
0.96423274,0.17464952,2.0994692,-0.42012542,0.086503156,0.56743425,0.951158,-0.24937236,-0.1580932,0.72219175,1,chr16:2874817:tibial_artery:0,TP,1
-3.1679716,0.58737296,0.84826684,-0.09837941,-0.66805995,-0.66694325,-1.222086,0.0768761,-0.29803514,0.06591215,1,chr19:2391652:tibial_artery:0,FN,0
5.2914963,-1.6280355,0.12274687,0.571515,0.7019815,0.24670018,-0.45188105,0.22794683,-0.53989065,-0.43408996,1,chr1:27556965:omental_fat_pad:0,TP,1
-0.9944818,-0.8234518,1.3785547,-0.4239955,1.2519604,0.3748579,-0.025255274,-1.0222896,0.19926333,-0.4040983,0,chr20:17504720:esophagus_muscularis_mucosa:0,TN,0
1.5645088,4.182109,0.07250074,-0.8350441,0.66626346,-0.07828741,-0.51980036,1.2169198,0.7520291,0.48916754,1,chr20:28507029:prostate_gland:0,FN,0
-1.2344265,1.2915281,0.6454066,-0.979628,0.5405436,-0.6179151,0.66898024,0.29935923,-0.12147252,1.4518547,0,chr1:1645734:adrenal_gland:0,TN,0
-0.16260494,1.8297321,0.5544656,-1.2483933,-0.4532584,0.2722044,0.6592522,-0.27610075,-0.5905632,0.54940706,0,chr15:60921364:body_of_pancreas:0,TN,0
-0.91805243,0.06914292,3.1406693,0.47193372,0.4459476,-0.25475183,-0.07914377,0.58106065,0.41002655,0.72756666,1,chr18:597094:spleen:0,FN,0
-2.8357556,1.3223819,0.33445665,-0.18298043,-0.8040419,-0.33135858,-0.040907845,-0.44531938,-0.047932673,0.8691069,0,chr2:88159923:prostate_gland:0,TN,0
-0.48034942,-1.021601,2.387388,1.4593381,1.4033556,0.3239272,0.58153677,0.5865598,-0.77554375,0.2981366,0,chr10:103193249:upper_lobe_of_left_lung:0,TN,0
2.2116938,-0.28944513,1.7602012,-2.0966418,0.87660456,-1.2846416,-0.85963666,1.34833,0.6128217,0.040854607,1,chr8:44636977:tibial_artery:1,TP,1
-0.7180547,2.78702,0.62001306,-0.8279217,-0.48484862,0.6132575,-0.15489851,-0.35146028,-0.8055132,-0.3688468,0,chr14:35354324:body_of_pancreas:0,TN,0
0.016818577,-2.918067,1.9569893,-0.69023407,-0.5075755,0.29301637,-0.35230106,1.1162801,-0.78845114,0.26986063,1,chr19:45427778:body_of_pancreas:0,FN,0
-1.9357377,2.879898,0.4501527,-0.74661547,-0.09762225,0.6604399,0.45305932,-0.07193047,-0.42896205,0.0818017,1,chr3:58025874:body_of_pancreas:0,FN,0
-1.8228378,1.8303442,1.9244905,0.48422372,-0.4496051,-0.5901293,-0.6135445,0.23085342,0.18387721,-0.103863165,1,chr14:77027449:transverse_colon:0,FN,0
5.2702713,-0.30792534,-0.4912277,0.13849601,0.3363398,-0.035127826,-0.43184644,0.14406657,-0.937142,0.10374358,1,chr13:26472649:adrenal_gland:0,TP,1
6.0345025,0.53540003,-0.31006858,0.2556004,0.22339422,-0.59291613,-0.077418,-0.40777528,0.02814939,-0.35943457,1,chr12:121918386:Peyers_patch:0,TP,1
0.40151867,-1.2460085,0.2658003,1.4150862,1.3256663,1.8632426,0.31188613,0.6285815,-0.3560116,0.0030730807,1,chr18:12307830:upper_lobe_of_left_lung:0,FN,0
-2.2083256,-0.46720466,-0.0047065807,0.7732465,0.36728898,0.05898465,0.5143379,0.029596454,0.16164288,-0.17367491,0,chr17:42553705:body_of_pancreas:0,TN,0
-1.9301586,-0.84035563,-0.008419677,0.6553185,-0.2267066,1.0435034,-0.49487117,0.6523374,0.23767628,0.078318805,0,chr3:197510147:adrenal_gland:0,TN,0
-2.1570678,0.523718,0.97258717,-1.0960374,0.051137537,0.011584591,-0.001495127,0.20313805,-0.39713672,-0.4683355,0,chr2:86948588:adrenal_gland:0,TN,0
5.9043393,0.29688725,-0.12525563,-0.09227196,-0.040545966,-1.039158,0.17169161,0.31830585,0.5773063,-0.21278,1,chr8:45161471:tibial_artery:0,TP,1
5.4313126,-0.20523174,0.49517387,0.33697474,0.5295145,-0.394531,-0.18427877,-0.67344743,0.37141246,0.0762557,0,chr2:264820:esophagus_squamous_epithelium:0,FP,1
-2.8220766,-1.943209,-0.29856214,-0.6127254,-0.07958307,-1.0670916,-0.25081944,0.039332576,-0.11334335,0.17556529,0,chr15:19942866:Peyers_patch:0,TN,0
4.562768,0.6391691,-0.0580425,0.3241757,-0.88050103,0.8458645,0.52161217,-0.341023,-0.33571693,0.5201347,1,chr19:8396778:Peyers_patch:0,TP,1
5.0575123,-2.1086175,-0.83787614,0.7206898,-1.17746,-0.28912535,-0.67613417,-0.3292489,0.03428627,1.0320257,1,chr7:142771802:body_of_pancreas:0,TP,1
5.717403,-0.537395,-0.338748,0.4622008,0.45899028,0.20255582,-0.42523584,-0.009024324,-0.6062908,-0.25229737,1,chr1:27556965:esophagus_squamous_epithelium:0,TP,1
5.6548557,0.10674154,0.13004349,0.54502374,0.59362847,-0.11700359,-0.5116465,-0.9823921,-0.05521002,-0.19847296,1,chr12:8390645:testis:0,TP,1
-1.8168963,-0.6484174,-0.59522134,1.0445962,0.25623107,0.10468014,0.64920986,0.36786264,-0.03209465,-0.08668359,1,chr12:57772619:thoracic_aorta:0,FN,0
2.5010407,-2.471158,-0.30365303,-0.62007964,-0.9068149,0.15969573,0.73843336,0.57058346,-0.70016915,-0.6150477,0,chr13:113503334:body_of_pancreas:0,FP,1
-2.012619,1.2288454,0.28741583,-0.7389222,-0.39610633,-0.18088022,0.6711975,0.38097015,-0.26768398,0.8551269,0,chr6:32885726:body_of_pancreas:0,TN,0
0.14694199,0.36036864,-1.099193,-1.2200236,0.4952058,1.3355682,0.08447021,0.011161004,-0.21871528,-0.8694838,1,chr6:51569823:body_of_pancreas:0,FN,0
-1.51609,-3.1221867,0.5256667,-1.0300624,-0.37585008,-0.8181175,0.67821145,-0.6400984,0.18942118,-0.52100927,0,chr9:127023140:body_of_pancreas:0,TN,0
-2.086094,-0.34448102,-0.8657106,0.5251212,0.1376711,-0.27125835,0.41880083,0.18318112,-0.02985312,0.02363954,0,chr1:208242741:transverse_colon:0,TN,0
3.7105157,-1.8850538,-0.12937747,-0.52886003,0.69606537,0.8289345,-0.44274414,-0.21785598,0.6387106,0.025757136,1,chr9:136983864:body_of_pancreas:0,TP,1
-3.3835144,2.027171,0.14395772,-0.27375674,-0.17273861,-0.039230473,-1.3726281,-0.1893326,-0.2274348,-0.16683398,1,chr1:31423083:upper_lobe_of_left_lung:0,FN,0
2.8097982,-0.7980903,-0.38524663,-0.7870954,-1.0063891,0.5263529,0.9278265,-0.20840618,0.24639109,-0.6079734,1,chr10:109892851:thoracic_aorta:0,TP,1
-2.384229,0.36414722,-1.5500267,-0.101365015,0.43957382,-0.381251,0.013132634,0.18880868,-0.2379292,-0.09437341,1,chr1:81549700:tibial_artery:0,FN,0
-2.3271682,-1.5056889,1.6559849,0.12143003,0.22978143,0.061568514,-0.39961177,0.60344726,0.06703994,-0.2927979,0,chr12:6938397:spleen:0,TN,0
-2.7115135,1.3949586,-0.0018095219,1.1146202,-0.25806665,-0.05983612,-0.03998511,0.13269678,-0.3865711,-0.50662494,1,chr6:32852878:prostate_gland:0,FN,0
6.071376,0.9694585,-0.60164094,-0.047509503,-0.06830956,-0.8135036,-0.041827925,-0.41108617,0.08438252,-0.35077068,1,chr2:86221296:body_of_pancreas:1,TP,1
5.9737964,0.39439166,-0.5338929,0.23339064,-0.29652843,-0.76894844,0.037297584,-0.51432025,0.4407798,0.13893032,1,chr3:75785609:esophagus_squamous_epithelium:0,TP,1
-2.8484423,0.35329404,0.9163255,1.2733567,-0.23538625,-0.63169056,-0.50282276,-0.017849775,-0.20636393,-0.35406467,0,chr12:10723737:transverse_colon:0,TN,0
2.0912004,-0.8988671,0.20685469,-0.4164073,-0.75233805,0.61832106,1.0243994,-0.017269867,0.32011274,0.21398889,0,chr1:84753658:prostate_gland:0,FP,1
-1.51572,-1.3852645,0.7393447,-0.42970532,0.13842273,-0.5915242,0.6919957,0.6646663,-0.09664778,-0.15550937,1,chr9:7273836:tibial_artery:0,FN,0
5.3852444,0.2411029,-0.5398162,0.38813606,-1.410195,-0.34280068,0.24225202,-0.24231827,-0.36405453,0.33127317,1,chr10:26574003:adrenal_gland:0,TP,1
-1.7048045,0.19353813,-0.55489445,0.5341364,0.16058677,0.07648103,0.67319,0.45727572,0.0061049,0.121110715,1,chr2:96533513:tibial_artery:0,FN,0
6.172628,0.7052514,-0.58236164,0.19296212,-0.026224585,-0.77019924,0.12226311,-0.3172076,0.06636226,-0.11347395,1,chr7:142521135:gastrocnemius_medialis:0,TP,1
-2.9209452,0.9240513,-0.105768465,0.021078542,-0.10679736,-0.45406637,-0.3929969,-0.29808766,-0.3180184,0.10140133,0,chr15:85347229:upper_lobe_of_left_lung:0,TN,0
5.9843917,-0.115253344,-0.09497347,0.25255394,0.6065794,-0.592997,-0.32204792,-0.38177967,-0.16634026,-0.33937585,1,chr12:52949183:body_of_pancreas:0,TP,1
-2.972914,-0.90465516,0.03609334,0.4431953,0.6353855,-0.67937446,-0.1545061,0.094157234,0.08256054,0.20497335,0,chr16:2004036:adrenal_gland:0,TN,0
-1.1945313,-2.0934827,-0.9907906,-0.81502664,0.54570866,0.02995466,-0.4058457,1.1211468,-0.37321973,-0.23087373,1,chr9:17531876:esophagus_muscularis_mucosa:0,FN,0
3.20881,-3.1508963,-0.4928564,0.76861227,-1.9873908,-0.031292763,-0.89920175,0.23961665,0.47239983,1.8484465,1,chr7:63016031:upper_lobe_of_left_lung:0,TP,1
-3.0265021,1.306302,0.32144287,0.17361537,-0.032302745,0.03311197,-0.9076289,-0.06728342,-0.6092472,0.098728724,0,chr3:71930956:upper_lobe_of_left_lung:0,TN,0
-1.6553698,0.43807518,-1.5020281,-0.18623471,-0.27355424,0.1280585,0.34636918,0.16461556,-0.07998268,-0.0523818,0,chr16:33058240:prostate_gland:0,TN,0
4.850186,-1.1661958,0.28757367,-0.5873296,0.9526606,0.21567182,-0.08571685,-0.57403904,0.32828477,-0.5758368,1,chr7:1812632:gastrocnemius_medialis:0,TP,1
4.0184536,3.3090456,-0.2790645,-0.61733824,0.6783724,-0.60999376,-0.3936472,1.2060033,0.97749966,0.5758096,1,chr8:44636977:spleen:1,TP,1
-3.0138304,-0.95213413,0.07189672,0.35425043,0.6061721,-0.7471766,-0.15493074,0.03065998,-0.08093496,0.11949167,1,chr3:75672243:body_of_pancreas:0,FN,0
-2.0592322,-0.19093958,-0.044587817,1.4324862,0.15684198,0.6585256,-0.093424775,-0.33317357,0.41476113,0.56973165,1,chr19:2611355:tibial_artery:0,FN,0
5.211092,0.090283155,-0.86122966,0.47257626,-1.5206761,-0.10126419,-0.07375392,-0.19242856,-0.391362,0.6159225,1,chr2:196068383:transverse_colon:0,TP,1
0.97052807,1.1095237,0.3321698,-0.7182332,-0.45406443,0.9745701,-0.23530193,1.0646744,-0.47345382,-1.2610153,1,chr5:168339955:body_of_pancreas:0,FN,0
5.3909855,1.028389,0.30484584,0.049617264,1.3457835,0.13523667,-0.14220798,-0.5867268,0.43678164,-0.3608901,1,chr19:1037869:transverse_colon:0,TP,1
-2.5561442,0.6393364,-1.4417696,-0.20379849,0.33561236,0.019913146,-0.009662913,0.1470483,-0.15227546,0.053557627,1,chr8:60233579:gastrocnemius_medialis:0,FN,0
-2.6473346,0.7832653,1.5153611,1.4314976,0.031951364,-0.46134728,-0.22728671,0.036490843,-0.08475414,-0.34322888,1,chr11:11622213:transverse_colon:0,FN,0
-1.9200491,0.54555947,-1.4826093,-0.08587499,0.057205077,0.18044399,0.34738368,0.30099195,0.11937674,-0.1398217,0,chr1:63896307:body_of_pancreas:0,TN,0
-2.4068635,0.6552746,1.7303731,1.9734282,-0.5159642,-0.9779591,0.17216505,-0.04887032,0.09205091,0.023634968,0,chr3:150546348:Peyers_patch:0,TN,0
4.07798,0.5711272,0.74405086,-0.7603806,-0.58349985,0.47122866,0.83116996,-0.18299213,-0.90278095,-0.17270026,1,chr8:30230823:tibial_artery:0,TP,1
5.7072945,0.29345372,-0.09208491,0.5091048,1.2466015,0.10619554,-0.431049,-0.5366615,-0.27336583,-0.28360975,1,chr5:132737309:thoracic_aorta:0,TP,1
-3.1300275,-0.06700546,0.42242974,1.1545064,-0.8643769,-0.28310868,-0.48891625,-0.22155221,0.004361482,-0.5496004,0,chr4:153792277:body_of_pancreas:0,TN,0
-3.079823,0.14974983,-0.31142431,0.5558985,-0.063222684,-0.084478445,-0.12464583,-0.069743514,-0.014008821,-0.037365273,0,chr20:47677799:prostate_gland:0,TN,0
-3.4650748,0.7768056,-0.43933406,-0.14266232,-0.43435174,-0.16595858,-1.1391188,-0.23427223,0.15797457,-0.083983466,0,chr3:32510453:upper_lobe_of_left_lung:0,TN,0
-2.6098316,-0.7501012,-0.6407931,-0.17067029,-0.15806451,-0.3306699,0.037130687,0.5170911,-0.31407365,-0.4588493,0,chr10:6088262:thoracic_aorta:0,TN,0
-2.7033176,-0.7637937,-0.44302794,-0.56245416,-0.3779419,-0.4923275,-0.047621228,-0.667548,0.19973671,-0.03874428,0,chr1:117678181:body_of_pancreas:0,TN,0
-2.0889533,-1.4335668,-0.14557864,0.02010976,-0.02953894,-0.47005266,0.37676963,0.037932966,-0.10274845,0.43414375,0,chr1:9466896:body_of_pancreas:0,TN,0
-2.1004431,1.7610325,1.9028988,1.8928266,-0.31890154,-0.88812226,-0.09051209,0.17596148,0.10757903,-0.20763037,0,chr22:49918733:prostate_gland:0,TN,0
5.9825015,0.51366806,-0.49023718,0.24597035,-0.24402635,-0.68086934,-0.0057933046,-0.48268023,0.4913154,0.12728098,1,chr3:75785609:tibial_nerve:0,TP,1
3.2831142,-2.0297177,1.5500877,-0.34665588,0.5185653,0.21803744,-0.20454563,0.22264652,0.5834328,-0.34884953,0,chr21:44601263:transverse_colon:0,FP,1
-0.70607936,-2.3029027,1.6133863,-0.41754544,-0.9532992,-0.7248134,-0.11810326,0.15414761,0.10179197,-0.23725875,1,chr1:143504935:body_of_pancreas:0,FN,0
-2.212843,0.29663354,-1.475506,-0.79948556,-0.3111782,0.45022923,-0.42574117,0.37573153,0.04693303,-0.053447384,0,chr2:89262782:body_of_pancreas:0,TN,0
0.5099959,-1.8041029,1.593986,-1.6464347,-0.5383089,-0.59517825,0.8278766,0.037706997,0.6782424,-1.640701,0,chr12:14454207:transverse_colon:0,TN,0
-0.327982,-0.027345622,-0.68565655,-1.3655226,-0.78636074,1.004785,-0.12021441,1.1065829,-0.25705698,0.2487352,1,chr3:172712400:body_of_pancreas:0,FN,0
-3.0251193,0.42084673,-1.0698715,-0.5997946,0.45747948,-0.35472995,-0.30091968,0.19537975,-0.09118071,-0.14775181,0,chr3:35965898:prostate_gland:0,TN,0
-2.907393,1.6862452,-0.46639073,-0.501437,-0.03182733,0.6236213,-0.4720651,-0.061857447,-0.496457,-0.4286142,0,chr1:63965939:body_of_pancreas:0,TN,0
-0.6306191,1.5758953,1.476427,-0.6188482,-0.74206513,0.8390763,0.16744363,0.09864686,0.1843678,0.97051233,0,chr15:43826691:upper_lobe_of_left_lung:0,TN,0
-1.890331,-0.12770446,-0.3653051,1.325525,0.21853995,-0.114437506,0.7350761,0.31975564,0.13364066,-0.04579965,0,chr1:111991123:upper_lobe_of_left_lung:0,TN,0
5.787002,-0.028771454,-0.28994635,0.094370484,-0.11580094,-0.79690075,0.4770562,0.6151399,-0.98888755,-0.4450818,1,chr3:103094197:thyroid_gland:0,TP,1
-2.1745849,1.0578668,1.4158727,2.2231386,-0.48212734,-0.78074557,0.35635912,-0.10842659,0.107173085,-0.14762478,1,chr9:136728193:adrenal_gland:0,FN,0
-0.6987974,-0.13105853,-0.49150673,-0.969625,-0.13848175,-0.17773053,1.4455616,-0.45837507,0.42398822,-0.25073037,0,chr14:72572939:body_of_pancreas:0,TN,0
-2.5301647,-0.41790664,-0.6246469,0.05734264,0.23495324,0.040889774,0.09368774,0.03329539,0.047136053,-0.18531382,1,chr2:36701506:esophagus_squamous_epithelium:0,FN,0
-1.8117653,0.5592315,-1.028966,0.38594097,0.49889213,0.46249068,0.7632811,0.16980204,-0.10765764,-0.3078573,0,chr8:22210567:transverse_colon:0,TN,0
5.768286,0.41064996,-0.02200911,0.0038962576,0.75862527,0.06164474,-0.105528496,-0.5796582,0.20016873,-0.3458173,1,chr7:22550492:thoracic_aorta:0,TP,1
5.2821836,-0.50513303,-0.36837247,-0.23034492,-0.24834362,-0.7624302,-0.17045271,0.3316956,-1.3170625,-0.18783464,1,chr15:24767525:thyroid_gland:0,TP,1
5.605167,-0.5274519,-0.17940587,-0.08735489,0.68940145,-0.30025637,0.043048427,0.61946166,-1.026324,-0.4230067,1,chr8:69248295:prostate_gland:0,TP,1
1.3576403,1.8335558,-0.18479209,-1.8694446,-1.1756647,1.0281368,0.050008357,-0.23082647,-0.65548426,-0.5422418,0,chr8:60731508:Peyers_patch:0,FP,1
-1.1714464,2.729827,1.0442983,-0.85370624,-0.12161326,1.0759853,0.660982,0.0016949837,-0.186553,0.98730373,0,chr9:113491519:thoracic_aorta:0,TN,0
3.7495048,-1.1330991,2.044216,-0.8473637,1.1374431,-0.6528963,-0.15631591,-0.5629802,0.70811224,-0.49647674,1,chr19:45678133:esophagus_muscularis_mucosa:0,TP,1
-2.9440691,0.8517273,-1.1616297,-0.20285171,-0.10409149,0.22099069,-0.16678962,0.02623439,-0.0916411,-0.38355863,0,chr4:174222342:body_of_pancreas:0,TN,0
-0.34656918,-0.0016338635,2.9361403,0.34880963,0.4520279,-0.23217624,0.21993084,0.6592751,0.590209,1.3112649,1,chr18:597094:prostate_gland:0,FN,0
-2.267355,0.8165039,-1.005085,0.32162946,0.22411092,0.8026426,0.07894636,0.09191362,0.015351137,-0.47449386,1,chr10:14543432:Peyers_patch:0,FN,0
-1.753225,0.17923723,-0.82405555,-0.5448585,-0.26446798,0.6887167,-0.34852946,-0.14044426,0.20449294,-0.6557328,0,chr21:46683136:body_of_pancreas:0,TN,0
-2.7846754,0.18475872,-0.37277558,-0.4826883,-0.027635112,-0.0246577,0.012140362,-0.09649043,0.36356813,0.4639394,0,chr16:24749189:body_of_pancreas:0,TN,0
4.4511228,-0.5244537,-0.62514436,0.039487284,-1.4810672,-0.04899857,-0.69488335,-0.13205777,-0.70598644,0.20350464,1,chr2:196068383:suprapubic_skin:0,TP,1
5.7625213,-0.3666052,-0.31444934,0.3576895,0.3494183,0.14934948,-0.3022053,-0.24874105,-0.24717852,-0.25678772,1,chr1:27556965:testis:0,TP,1
5.7625213,-0.3666052,-0.31444934,0.3576895,0.3494183,0.14934948,-0.3022053,-0.24874105,-0.24717852,-0.25678772,1,chr1:27556965:prostate_gland:0,TP,1
4.754566,-1.013202,0.39473593,0.5090569,0.0038019791,0.42223743,-0.08746139,0.5059994,-0.771614,0.25983444,1,chr2:46855233:tibial_artery:0,TP,1
6.028393,0.25113288,-0.54340875,0.30261374,0.3864171,-0.3786387,-0.20998657,-0.26210186,-0.11639812,0.10931387,1,chr15:79896760:body_of_pancreas:0,TP,1
-0.17164019,-1.3743811,-0.84186494,0.29945278,-0.10732259,1.1949217,0.23812075,0.47145465,0.29946718,0.49219054,0,chr11:16881655:upper_lobe_of_left_lung:0,TN,0
-2.3337445,1.1670444,-0.8084184,0.5401331,-0.061810266,-0.55302566,0.47085646,-0.0031998996,-0.07224846,-0.06180693,0,chr6:169790103:adrenal_gland:0,TN,0
2.7571862,-1.3547212,-0.20370577,-0.28455293,-2.238342,0.69373214,0.037580233,0.60192907,0.30186206,-0.22472839,1,chr6:43386692:esophagus_squamous_epithelium:0,TP,1
-2.267777,-0.9682216,0.76866484,-1.5637969,-0.474171,-0.77702254,0.087488785,-0.29431516,-0.7009313,-0.40212277,0,chr19:12426576:body_of_pancreas:0,TN,0
4.4188294,-1.2555038,-0.066261165,0.06719655,1.0602534,1.3905191,-0.27518484,-0.6546744,0.48856357,0.24748194,1,chr19:1512093:upper_lobe_of_left_lung:0,TP,1
1.9883041,-1.9964427,2.2471097,-1.5767752,-0.1680395,-1.4954389,-0.6757144,0.7956701,0.62766594,-0.14672405,1,chr20:28507029:sigmoid_colon:0,TP,1
6.0381246,0.3991331,-0.63019663,0.065095715,-0.2927451,-0.6985236,-0.037660126,-0.21997124,-0.04215942,-0.29958156,1,chr2:86221296:thoracic_aorta:1,TP,1
-1.3454114,1.3679763,0.16185473,-0.949356,0.5432507,0.14692251,0.6211889,-0.10736926,-0.18632722,0.36859968,1,chr7:134519810:body_of_pancreas:0,FN,0
4.833006,1.2842491,-0.20466821,0.4680538,0.24867599,-0.05846203,0.24155895,-0.5074743,-0.7546337,-0.12937312,0,chr9:129437243:transverse_colon:0,FP,1
-2.4362998,-1.0746481,-1.0984676,0.5592415,-0.05395693,-0.74990577,0.0821869,-0.011086644,-0.017453572,-0.08985913,1,chr6:131199853:transverse_colon:1,FN,0
-2.2797136,-1.9552282,-0.042296343,-0.04784325,-0.21039286,-0.35083324,0.31330153,0.049566478,-0.26947004,-0.1099153,0,chr2:9139756:transverse_colon:0,TN,0
-2.9970212,-0.6986373,-0.44962588,-1.0131588,0.26159826,-0.30947113,-0.6827553,0.07559998,-0.11613341,-0.041776236,0,chr19:51473170:tibial_artery:1,TN,0
1.8033923,-1.1474992,0.5947133,0.057949204,-0.8838492,1.2208492,0.116058014,0.6399068,0.29182115,-0.2912245,0,chr1:9251444:upper_lobe_of_left_lung:0,FP,1
-1.2487209,0.11446041,-0.9422802,0.11482303,-0.11643318,1.0650219,0.40393043,0.078041136,0.17954499,-0.8040219,0,chr20:40968996:omental_fat_pad:0,TN,0
-1.1712689,-0.8213556,-0.64989805,-0.36851403,0.7972,0.38179502,0.65260637,0.2366264,0.058121305,-0.10270288,0,chr8:125432545:gastroesophageal_sphincter:0,TN,0
-2.21329,-0.756052,-1.2547624,-0.24619985,0.31694704,-0.43927425,0.1706082,0.03919582,-0.16858865,0.026020363,1,chr9:127348292:adrenal_gland:0,FN,0
-2.3109367,0.027668715,-1.4758545,-0.04478939,-0.017530942,-0.30441886,0.026854223,-0.005487932,0.06008074,-0.11320166,0,chr6:22413833:thoracic_aorta:0,TN,0
-2.666604,0.41366643,0.8510426,-0.41371652,-0.14948146,0.12526421,-0.6531858,0.41276377,-0.4629085,0.18513076,0,chr19:8354017:transverse_colon:0,TN,0
2.8465133,-3.9858375,-0.40400633,0.762121,-2.0828245,-0.1389979,-0.8348395,0.28807855,0.5016202,1.9057308,1,chr7:63016040:adrenal_gland:0,TP,1
5.9727554,1.2040044,-0.72407013,0.39232567,-0.38988286,-0.7438837,0.0037182933,-0.42057973,-0.043055695,-0.08503704,1,chr7:142776507:thoracic_aorta:0,TP,1
-2.2157414,-0.4270551,0.391207,0.9031645,0.2173398,-1.1416289,0.62895256,0.10808351,-0.058871873,0.069470115,1,chr6:32665287:upper_lobe_of_left_lung:0,FN,0
-2.3286424,-0.51054597,-1.1036867,0.26091573,-0.16512452,-0.17833884,-0.031533945,-0.07350183,0.20891263,0.032423265,0,chr17:37488552:upper_lobe_of_left_lung:0,TN,0
5.0647564,0.0016852961,-0.18340838,-0.005322923,0.33554277,-0.06720349,0.5381585,0.8904705,-0.86769634,-0.2617155,1,chr10:36190244:prostate_gland:0,TP,1
-2.1667886,1.1421685,-0.9540522,-0.3912349,-0.122857735,0.27893206,-0.04354189,0.24926353,-0.5014204,-0.17907986,0,chr2:73360584:prostate_gland:0,TN,0
0.3204107,-2.3105578,0.59692264,0.69903314,0.7083779,0.9176739,0.6234603,0.050269574,-0.13953744,-0.4701876,0,chr3:127455641:prostate_gland:0,TN,0
-1.1003914,-0.2811629,0.4262845,-0.69537205,0.3547755,0.70700496,-0.009861077,-1.0549623,-0.48441532,-0.2967903,0,chr9:127955840:upper_lobe_of_left_lung:0,TN,0
-1.9472841,0.5830856,0.3500957,-0.7450662,0.1552784,-0.63219136,0.80870783,-0.3627163,-0.025329715,0.46926856,0,chr20:35598594:body_of_pancreas:0,TN,0
-1.9402044,-0.97490036,-0.7803329,-0.36563823,1.1006154,-0.73772186,0.44167316,0.14309165,0.06679758,-0.1901522,0,chr5:136058064:tibial_artery:0,TN,0
-2.3251696,0.45608526,-1.1304727,-0.61783946,-0.029937217,0.402641,0.15310714,-0.021886362,0.19967583,-0.29156834,1,chr6:106223515:transverse_colon:0,FN,0
5.743729,0.85091037,-0.28285256,0.100572124,0.6756246,0.02951921,-0.40915245,-0.92414,0.1990238,-0.24263018,1,chr7:22550492:spleen:0,TP,1
-2.4423234,1.3019924,-0.805644,0.052327767,-0.4836224,0.88115895,0.32492742,-0.087422274,-0.022504035,-0.35885802,0,chr6:53171827:spleen:0,TN,0
0.23969786,2.6097562,0.7126279,-1.3722298,-0.4507343,0.5901692,0.10838286,-0.2808468,0.34641534,0.16896813,1,chr20:47494439:sigmoid_colon:0,FN,0
1.1532264,0.15892918,1.898469,0.1879483,-0.21187827,0.90615314,-0.75069064,1.5859663,0.96710855,-1.0294998,1,chr19:21484173:sigmoid_colon:0,FN,0
-2.5144799,-0.4174906,-1.1323773,-0.28821185,0.34262618,-0.51901567,-0.17137,0.12951823,-0.33580247,0.2339989,0,chr16:89641687:thoracic_aorta:0,TN,0
4.2104626,-2.4054432,-0.63436544,0.48079553,-1.4226986,0.22576532,-0.9457721,-0.0228934,0.6855513,1.4275234,1,chr1:13277261:transverse_colon:1,TP,1
5.99876,0.8644852,-0.46495295,-0.12309575,-0.091853715,-0.8393965,-0.16787253,-0.28960082,0.049587447,-0.3535505,1,chr2:86221296:tibial_artery:0,TP,1
-2.885008,0.80752933,1.1121867,1.2123508,-0.7242063,-0.7687699,-0.4628574,-0.18582521,0.017765617,-0.2720607,0,chr5:44809059:prostate_gland:0,TN,0
-2.187635,0.5234009,-0.2768683,0.5560855,0.955203,-0.7862032,0.27487957,0.26414898,-0.036408167,0.2512153,0,chr19:17283115:upper_lobe_of_left_lung:0,TN,0
-2.558713,-0.47250873,-0.41500893,-0.30879048,0.5237096,0.06951319,0.114070125,-0.31698215,-0.003054149,0.2125063,1,chr17:61312058:sigmoid_colon:0,FN,0
5.9546437,0.4833225,-0.137646,-0.021997731,-0.0009025378,-0.8882557,0.08889053,0.34819373,0.6415007,-0.102996744,1,chr8:45161471:spleen:0,TP,1
1.5443008,-1.5267519,2.0768452,-0.51954293,0.2362447,0.3163074,0.24675132,0.7671254,-0.6667092,-0.07083083,1,chr19:45427778:prostate_gland:0,TP,1
-3.0780191,-2.6345513,1.5973343,-1.20035,-0.6013288,-1.4470756,-1.3355274,-0.33668417,-0.25809646,0.48135453,0,chr11:111429318:gastrocnemius_medialis:0,TN,0
-1.4882251,1.4817476,0.914435,-1.3656305,0.09265961,0.16397707,-1.0347573,-0.47074232,-0.65685683,-0.4298045,0,chr7:11976725:body_of_pancreas:0,TN,0
-1.1625756,-2.2829049,-0.9122695,-0.81293696,0.5711622,-0.034705944,-0.28673014,1.1040808,-0.409402,-0.034624778,1,chr9:17531876:transverse_colon:0,FN,0
5.295706,1.5771618,-0.91247797,0.24402404,-1.248492,0.07263584,0.26162472,-0.5766779,-0.018821456,0.18809108,1,chr4:75289967:spleen:0,TP,1
-2.5861545,-0.41728953,-0.65830815,-0.035822526,0.54089504,-0.9586557,-0.06613086,0.38269725,-0.26536307,0.2963854,0,chr15:91142292:Peyers_patch:0,TN,0
-2.4440715,-0.26645666,-1.3275648,0.100160405,0.24832217,-0.2533259,0.3293456,0.11557035,0.10358612,-0.22359724,0,chr9:68342712:thoracic_aorta:0,TN,0
-1.11806,-0.106581114,0.8301741,0.36771426,1.0402575,1.0047108,0.29482812,-0.20372118,-0.2143306,0.11827329,0,chr16:10744055:tibial_artery:0,TN,0
2.4504812,-0.18063645,1.6033125,-1.9385009,0.9739819,-1.2341491,-0.79506254,1.1900115,0.6922323,0.19638011,1,chr8:44636977:esophagus_squamous_epithelium:0,TP,1
-3.114527,2.1452997,0.88572747,0.39834395,-0.6108446,-0.46962902,-0.97793216,0.05297936,-0.31796953,-0.34953812,0,chr7:4479690:transverse_colon:0,TN,0
-2.8699155,0.7457088,-0.6686365,-0.34908557,-0.26353154,0.748177,-0.5047869,0.12553075,0.0020089254,0.044878602,1,chr2:88880497:esophagus_squamous_epithelium:0,FN,0
5.9814396,0.041971833,-0.3074322,0.170515,0.29398897,-0.3937649,-0.1556277,-0.5720262,-0.06685478,-0.5242226,1,chr6:29705705:tibial_artery:0,TP,1
-2.344386,-0.092549585,-0.7679435,0.16797386,0.68473834,0.097396635,-0.0050970595,0.15329024,-0.21136655,-0.27084324,0,chr14:106061994:body_of_pancreas:0,TN,0
-2.2515178,-0.5995191,0.946189,0.031597,1.0807235,-0.20858826,0.40615684,-0.4427712,0.0018492793,-0.08949246,1,chr12:10213267:tibial_nerve:0,FN,0
-2.7044718,-0.6098547,-0.39532766,-0.13283646,-0.48084074,0.24500062,-0.3290377,0.49287462,0.20663598,-0.9431982,0,chr9:13034420:testis:0,TN,0
-1.5679798,-0.36448783,-1.1593177,-0.4240628,0.0963931,0.0021564777,0.3423367,0.27885795,0.12389144,-0.051152218,0,chr13:33542012:thoracic_aorta:0,TN,0
-1.7713507,1.3297067,0.5929484,-1.723446,0.13953209,-0.41045782,0.13283046,0.4660452,-0.2730659,0.8325754,0,chr4:90804298:body_of_pancreas:0,TN,0
5.8527327,0.3332216,-0.9717971,0.49496728,-0.39712942,-0.45130646,-0.3714124,-0.28090855,-0.0199904,0.3347097,1,chr7:142463889:prostate_gland:0,TP,1
-2.1088572,-0.31527176,-1.1609545,-0.47407085,0.68058866,-0.49444667,-0.037536684,0.42898294,-0.09736776,0.14785,1,chr1:230216168:tibial_artery:0,FN,0
-2.8555572,1.4158043,1.0124876,0.13610281,-0.65488744,-0.29614973,-1.410508,0.55635935,-0.31405306,-0.41179013,1,chr15:78860534:Peyers_patch:0,FN,0
5.6877103,-0.5338403,-0.2981861,0.23948722,0.080403864,-0.58966666,0.09753808,0.6889875,-1.336153,-0.29401153,1,chr3:81292180:thyroid_gland:0,TP,1
-2.255982,-1.5978718,-0.35163674,-0.3414063,-0.31370142,-0.77291065,0.3144025,-0.22302726,-0.085379034,-0.04885581,0,chr6:32692044:adrenal_gland:0,TN,0
-2.4057121,0.6816856,-1.2997862,-0.9719466,-0.056432992,0.45824292,0.13522856,-0.51965207,0.15180245,-0.45374268,1,chr3:114540521:body_of_pancreas:0,FN,0
-1.4040127,-1.1202865,-0.9057081,-0.7809711,0.70951384,-0.4871435,0.82230985,0.17295988,0.09782766,0.08572712,0,chr1:203340487:esophagus_muscularis_mucosa:0,TN,0
-1.817104,-2.4811492,0.7284122,-0.21305832,0.056503385,-0.8584936,0.67030025,0.016857296,0.056822777,0.68803895,0,chr2:11829237:thoracic_aorta:0,TN,0
5.8955674,0.85647,-0.58090585,0.2512378,-0.035680473,-1.1500137,0.11256112,0.20391308,0.7053132,-0.036634136,1,chr17:22909996:omental_fat_pad:0,TP,1
-2.9990134,0.12038198,-0.36989722,0.88863665,-0.093526624,-0.33727306,-0.36146364,0.15505393,-0.067300506,-0.17804831,0,chr1:44655842:transverse_colon:0,TN,0
-2.2267303,0.80077153,0.7985241,1.7194632,0.089454815,-0.3810173,0.5852765,0.095189355,-0.14149632,-0.30918226,1,chr19:56120808:transverse_colon:0,FN,0
4.5546627,0.5671631,-0.485484,0.16272822,-0.40428123,0.15644099,-0.045451168,-0.47858515,0.32844263,-0.10779415,1,chr18:12089248:body_of_pancreas:0,TP,1
4.782392,-0.035557263,0.13044812,0.32370263,-1.1104339,0.7856571,0.631196,-0.24496906,-0.35025403,0.6712747,1,chr19:8396778:upper_lobe_of_left_lung:0,TP,1
-0.49223244,0.063732535,-0.8219821,0.8786716,1.1048254,0.31130186,0.92807,0.3549125,-0.14893231,0.29800367,1,chr7:100894790:transverse_colon:0,FN,0
-2.8444026,-0.18578796,-0.22198018,1.2578725,-0.3278323,-0.23355839,-0.060673427,-0.04258603,0.23272811,-0.19054566,0,chr1:112955660:body_of_pancreas:0,TN,0
-2.721466,0.23565105,0.48002794,1.5948094,-0.7101608,-0.29545856,-0.12971097,0.11802701,0.1800116,-0.4664257,0,chr12:12357162:esophagus_squamous_epithelium:0,TN,0
-2.189686,-1.5391942,-0.025463965,1.3508672,-0.0903658,0.1300632,0.18921994,0.44115725,0.17792274,0.13638158,0,chr14:104137797:transverse_colon:0,TN,0
-2.82304,-0.40668386,0.9102749,-1.272049,-0.024345016,-0.6484652,0.04983334,0.077181384,-0.35905,0.9616493,0,chr19:53793516:body_of_pancreas:0,TN,0
-1.0180168,-1.854577,-0.95668757,-0.607223,0.53748506,0.07771923,-0.047126584,0.94782007,-0.4158825,-0.25182638,1,chr9:17531876:gastroesophageal_sphincter:0,FN,0
5.741893,1.8200582,-0.14482114,-0.45900384,0.19457208,-0.38604042,0.42712033,-0.27743486,0.6427926,-0.06371615,1,chr14:30690707:transverse_colon:0,TP,1
4.1383114,-2.3397045,-0.07468325,0.9898557,0.3202593,1.1798952,0.20483382,-0.09936813,0.5161037,1.1715602,0,chr7:2064001:esophagus_muscularis_mucosa:0,FP,1
-2.4482582,0.8534597,1.1151148,-1.7409253,0.2864427,-0.8092335,-0.75128794,0.11929473,-0.54447806,1.0068268,0,chr10:29337841:body_of_pancreas:0,TN,0
4.7855268,-0.7451794,-0.18019469,1.1390891,-0.28191242,0.58557445,-0.3400427,-0.051519927,-0.41453862,0.7056923,1,chr9:61668518:prostate_gland:0,TP,1
3.49761,0.69249237,0.45006496,-1.728923,-0.5508496,-0.039076615,1.9648556,0.24922997,0.3776351,-0.70657736,1,chr4:69335395:body_of_pancreas:0,TP,1
-2.2076306,1.1802723,0.27513644,1.6317875,0.27201298,0.2668018,0.28852034,0.1251282,-0.04784497,-0.019606916,0,chr8:11868003:tibial_nerve:0,TN,0
5.87669,1.0154284,-0.18193834,0.18742464,0.5479935,-0.010372481,-0.151027,-0.772456,0.3397694,-0.27031228,1,chr7:22550492:gastrocnemius_medialis:0,TP,1
5.68703,0.15939681,0.14700691,-0.035609584,0.88209593,-0.26762033,-0.34542307,-0.83756155,-0.18463448,-0.63960457,1,chr16:85086903:thoracic_aorta:0,TP,1
3.7817795,0.4141288,1.0835186,-0.92571163,-0.82760334,0.34702602,0.867835,-0.33980447,0.27343816,-0.8161476,0,chr5:616644:transverse_colon:0,FP,1
-2.4552794,0.26126513,-1.3910716,-0.040343,0.0069217356,-0.12675694,0.049545042,0.07934469,0.13792732,-0.021270936,1,chr12:87953379:Peyers_patch:0,FN,0
-2.3875535,0.8124586,-0.04028579,-0.84212834,-0.45664704,0.35210505,-0.10637716,-0.116781935,-0.48721093,0.7026277,0,chr11:6706236:prostate_gland:0,TN,0
1.078607,0.7557016,1.0480943,0.3161702,-0.22704332,0.8960052,0.34669515,-0.15235637,0.0056178723,-1.417063,1,chr12:1922226:spleen:0,TP,1
0.114441976,2.5393207,1.0031023,-1.9357315,-0.49456808,0.29929584,0.5629473,-0.6648568,0.5388107,-0.71891546,0,chr18:72028983:body_of_pancreas:0,TN,0
-2.9954932,1.0130361,-1.1328572,-0.19446729,0.4591604,-0.4110025,-0.17007658,0.06890775,-0.120653175,0.13578954,0,chr6:32622456:upper_lobe_of_left_lung:0,TN,0
5.911636,0.24208635,0.03859023,0.07446363,0.59970707,-0.46978605,0.22922963,0.038480025,-0.31139156,-0.47104114,1,chr19:4352840:Peyers_patch:0,TP,1
-1.1059549,0.1447658,1.0216601,0.04589632,-0.4804862,0.9554815,0.35403764,0.37199405,0.17427109,0.4858239,0,chr11:68395490:body_of_pancreas:0,TN,0
-2.045634,-0.21104017,-1.4653904,-0.17479622,-0.14504942,0.115739614,0.3940027,0.2265742,0.14283961,-0.21351613,1,chr3:16550863:body_of_pancreas:0,FN,0
5.942454,0.15130088,-0.4827259,0.1570588,0.07200482,-0.245579,-0.16651589,-0.5931581,0.15781009,-0.282458,1,chr7:142752505:body_of_pancreas:0,TP,1
1.9085883,-2.6489522,0.44805792,-0.90037143,-1.1099217,-0.6569253,1.3744435,-0.16442472,0.7522519,-0.97933733,1,chr6:53956277:transverse_colon:0,TP,1
-2.9664361,-0.5198784,-0.74776244,0.05239648,-0.06057638,-0.22619368,-0.3054029,0.4419908,0.0039605224,-0.44979736,0,chr9:64877929:transverse_colon:0,TN,0
-1.8645005,1.3157914,1.085931,1.5783874,-0.44967663,-0.107230164,0.53882456,-0.20551287,-0.24360105,-0.4074317,0,chr17:45584815:esophagus_squamous_epithelium:0,TN,0
-2.4319708,-0.770049,1.3961432,0.44538173,0.88851273,-0.43353423,0.25414562,0.1140593,0.40007544,0.9146404,1,chr18:597094:esophagus_squamous_epithelium:0,FN,0
-1.8860193,2.0871084,0.7895946,-1.6560684,0.3891793,-0.39896896,0.10284971,-0.0060610753,-0.61169404,0.7845883,0,chr15:86477922:gastroesophageal_sphincter:0,TN,0
-2.714937,1.5265625,0.7872361,1.619282,-0.4591279,-0.6890221,0.028581623,-0.20262076,0.1504089,-0.23791164,0,chr2:3558387:lower_leg_skin:0,TN,0
-2.1616657,1.030372,1.2171247,-1.5451725,0.10713539,-0.82621074,-0.21024159,0.114014335,-0.59790677,0.63499457,0,chr7:35653744:prostate_gland:0,TN,0
-1.892237,-1.4211768,-0.1458359,-0.6843594,-0.12364097,-0.7194468,-0.010990171,-0.55136615,0.37788266,-0.08245804,0,chr16:53093934:transverse_colon:0,TN,0
5.9898605,0.06040371,-0.45890394,0.45524532,0.27403262,-0.3190905,-0.03426746,-0.34531882,-0.05285912,0.10399932,1,chr8:38057146:Peyers_patch:0,TP,1
-2.5760021,-0.1782816,0.80518496,1.560966,-0.18430275,-0.45800084,0.1879564,0.0890098,0.03542678,-0.46230626,0,chr1:6603493:upper_lobe_of_left_lung:0,TN,0
-2.6577077,0.025219645,1.0758891,1.4177011,-0.27616817,-1.0117596,0.30592734,-0.0065145283,-0.11162064,-0.15224601,0,chr9:81690044:body_of_pancreas:0,TN,0
-2.8459737,0.27650666,0.7745541,1.3997653,-1.0628155,-0.1655452,-0.25557664,-0.0026944503,0.4176233,-0.3519267,0,chr19:18192987:spleen:0,TN,0
-2.832105,-1.242155,0.049239233,-0.016417462,0.1823028,-1.2514722,-0.60926515,-0.049866743,-0.26491836,0.37243542,0,chr15:82444016:gastroesophageal_sphincter:0,TN,0
-1.2005471,-1.8211006,-0.82363915,-0.64652073,0.82181185,-0.08068126,0.45666698,0.4123512,-0.3004643,0.33830312,0,chr4:15478857:adrenal_gland:0,TN,0
6.0945325,0.5234098,-0.63398725,0.30298704,-0.28326458,-0.79624194,0.012489303,-0.46601573,0.16650431,0.0480118,1,chr3:75785419:thoracic_aorta:0,TP,1
5.892256,-0.036507137,-0.08730165,0.01219517,0.52621555,-0.32427797,-0.14697857,-0.648524,0.011144109,-0.5882389,1,chr6:29705705:thoracic_aorta:0,TP,1
4.4135175,-0.0059289043,0.10080576,-0.021159867,-0.60507566,0.77708656,-0.2639028,0.20996368,-0.7042881,-0.06019724,0,chr11:76920284:sigmoid_colon:0,FP,1
-2.635313,-1.6693033,-0.5954346,-1.1132681,-0.14021634,-0.81055415,-0.071740374,-0.54276425,0.10289473,-0.030511292,0,chr6:147285258:testis:0,TN,0
5.8441925,0.67684317,-0.35621092,0.41282666,0.42411652,0.009715649,-0.25403434,-0.44645604,0.04263213,0.12110494,1,chr7:100965903:Peyers_patch:0,TP,1
-2.7870722,0.13795336,-1.2414323,-0.18638717,-0.27846277,-0.399133,-0.12497688,-0.15940401,0.13270162,0.04269402,0,chr18:32549320:prostate_gland:0,TN,0
-1.3146601,0.08249325,2.0543208,2.0776863,-0.23279464,-0.5399371,0.567633,0.17214446,-0.09235481,-0.26083243,1,chr5:177133842:tibial_nerve:0,FN,0
5.75812,1.177852,-0.6524437,0.17724852,-0.12238806,-1.1784875,0.059983466,0.2249822,0.8918983,-0.04173754,1,chr17:22909996:stomach:0,TP,1
-0.13696934,-5.0388594,3.0469751,-0.3119708,0.17870778,-1.066078,-0.0496908,0.62255746,0.1390652,0.19779687,1,chr3:183116478:transverse_colon:0,FN,0
-3.146642,0.8038295,-0.6079496,-0.99613386,-0.040896587,-0.14748242,-0.57597744,0.24957088,0.1032924,-0.07657572,0,chr22:10673306:suprapubic_skin:0,TN,0
5.881501,-0.092592075,-0.5857206,0.55534863,0.14042592,-0.20946051,-0.3785003,-0.112625346,-0.16014512,0.055119246,1,chr3:75785357:testis:0,TP,1
-1.5623488,0.7069928,-0.50486195,-0.9214172,0.02758849,0.88166165,-0.28101984,-0.6884867,0.14349313,-0.4708178,0,chr10:86439730:adrenal_gland:0,TN,0
-2.1368513,-0.958889,-1.1215959,-0.24161695,0.026847534,-0.6712684,0.18591742,0.15139192,-0.09157666,0.05816696,0,chr2:102839798:prostate_gland:0,TN,0
-2.2174797,-0.6711879,-0.11944352,0.2641862,-0.47228444,0.1356076,0.49252653,0.07657688,0.66543245,-0.43023103,0,chr3:37242935:tibial_nerve:0,TN,0
5.5419,0.19923747,-0.41579735,-0.03499865,-0.31804597,-0.00010362014,0.30774114,-0.4097382,-0.24002977,-0.5007359,1,chr10:47381118:body_of_pancreas:0,TP,1
-3.1122937,0.12369756,0.41997364,0.36486828,-0.91544175,-0.62250143,-0.4406065,-0.47171837,0.07615384,0.011889954,0,chr10:43667279:suprapubic_skin:0,TN,0
-1.1298059,2.0713544,0.47144014,-1.19015,0.5597224,0.5301185,0.38813958,-0.10163826,-0.4218623,0.63601375,0,chr16:1812722:transverse_colon:0,TN,0
-2.448466,0.114799246,-0.008347905,0.8670454,0.18199548,-0.3622256,0.445995,-0.44380072,0.399218,0.17761636,0,chr11:118145352:transverse_colon:0,TN,0
-1.7148435,0.7695664,1.2418317,1.7803773,0.3205411,-0.17651595,-0.0022558055,0.027504547,-0.6849441,0.24460897,1,chr8:28701937:prostate_gland:0,FN,0
-3.2423234,-1.5157605,0.14287516,-0.37173495,-0.6086948,-1.1296269,-0.5819039,-0.41447833,-0.0058293724,-0.26518983,0,chr2:225002373:sigmoid_colon:0,TN,0
-1.9844234,0.992149,1.9153266,2.2138538,-0.3290039,-0.4993876,0.29978445,0.2997929,-0.0346604,-0.24667332,1,chr11:32892862:tibial_nerve:0,FN,0
-1.567309,1.8603275,0.9373357,0.71658885,-1.0023353,0.5588222,0.32524997,-0.11485489,-0.1286602,0.8123882,1,chr16:4548780:adrenal_gland:0,FN,0
-2.6768777,0.6849142,0.107854955,1.1523745,-0.39737126,-0.5873562,0.297837,0.16051966,0.0052208463,-0.35058957,0,chr19:18192987:esophagus_muscularis_mucosa:0,TN,0
4.694737,1.3976797,-0.23287928,0.44202325,0.26527086,-0.097236745,0.25543314,-0.44209278,-0.78287053,-0.10531868,1,chr9:129437243:Peyers_patch:0,TP,1
-1.9129221,0.04751756,-1.3409551,-0.4811538,0.017546598,-0.14134552,0.46555823,0.31187057,0.049040396,-0.015980143,0,chr7:26369037:esophagus_muscularis_mucosa:0,TN,0
-0.9336508,1.8262146,-0.18745434,-1.768678,-0.52954066,1.0873885,0.5990575,0.10709941,-0.40857875,0.07168767,0,chr1:63575748:gastrocnemius_medialis:0,TN,0
-1.8178433,-0.044437338,-1.0725751,-0.5839996,1.1397946,-0.35336342,0.17495185,0.15620719,-0.10793682,0.6045428,1,chr1:202006221:transverse_colon:0,FN,0
-2.8371475,-1.05394,0.20943071,-0.2805039,0.042911556,-0.8191513,0.015690839,-0.4026574,-0.13783185,0.6025393,0,chr17:55526730:tibial_nerve:0,TN,0
-0.38641837,-2.1209352,-1.1671108,-0.9620622,0.5537786,0.19271907,-0.02024423,1.2353786,-0.2643107,-0.17371233,1,chr9:17531876:prostate_gland:0,FN,0
4.468791,0.954012,1.1546501,0.270417,0.76860625,0.44699976,-0.08900326,-0.11302279,0.21572353,0.046582133,1,chr16:75234163:thoracic_aorta:0,TP,1
-0.54013747,2.7594883,0.18871914,-1.2593018,-1.001582,0.7921853,0.56093955,-0.5094958,-0.7605521,0.695662,0,chr7:75671027:upper_lobe_of_left_lung:0,TN,0
-1.5787495,-0.6631792,0.753423,-1.0640521,-0.13043292,-0.5450447,0.6067018,-0.051483978,-0.55527353,0.10210451,0,chr7:71222150:gastroesophageal_sphincter:0,TN,0
-2.2354357,0.3517631,-1.2372473,-0.27746913,0.49502972,-0.27885434,-0.04037457,-0.002692428,0.053095832,-0.065049164,0,chr18:35386084:gastroesophageal_sphincter:0,TN,0
-2.3792868,1.0250564,-0.6935584,0.46741742,0.9456252,0.23429146,-0.0033161882,0.36074764,-0.46550143,0.014575337,0,chr17:48556597:thoracic_aorta:0,TN,0
-1.8415389,-1.1688186,-0.47156438,-1.0736362,-0.5647826,-0.14906564,-0.6347077,-0.60491407,-0.5532413,0.0077923015,0,chr8:101575030:Peyers_patch:0,TN,0
-1.7303128,-0.06692648,-0.42944387,0.42994636,0.3229006,0.021929462,0.62478274,0.5324266,-0.09695721,0.25280008,1,chr2:96533513:thoracic_aorta:0,FN,0
-2.239299,-0.7029347,0.853618,1.5233814,0.03579456,-0.49944434,0.35610473,0.3320879,-0.045372475,-0.015888385,0,chr4:41216732:gastroesophageal_sphincter:0,TN,0
-0.852551,1.3922749,0.86013246,-0.34914955,-0.16967532,0.5361993,0.6045661,-0.2636043,0.25288603,1.288154,0,chr12:32060676:tibial_artery:0,TN,0
1.024043,-2.9961784,1.7027137,-1.4683876,-0.093754694,0.70620394,-0.0667522,1.1287521,-0.38565105,0.013423441,1,chr19:45427778:tibial_artery:0,TP,1
-2.8500953,0.27004525,0.30623546,-0.10251697,-1.1617764,-0.025573662,-0.31902972,-0.6105202,-0.041968178,0.22613662,0,chr8:54166457:prostate_gland:0,TN,0
0.3223983,0.2247936,2.0382133,1.4901564,1.6897069,1.3271459,0.12718377,-0.31584874,-0.37804958,0.13691029,0,chr8:143771613:upper_lobe_of_left_lung:0,TN,0
-2.7315307,0.3651434,0.42495847,1.2209113,-0.9782395,-0.36610636,0.2612574,-0.054077305,0.17137691,-0.72324765,0,chr5:108748411:body_of_pancreas:0,TN,0
-1.8882096,0.4001239,1.3928314,1.9754636,-0.08749148,-0.65654844,0.4833607,0.36539027,0.15135129,0.037359387,0,chr18:74598412:tibial_nerve:0,TN,0
6.0068336,0.051809568,-0.38074255,0.36355537,0.073558204,-0.31785995,-0.14996183,-0.34953585,0.07907493,0.038629726,1,chr17:45585364:gastrocnemius_medialis:0,TP,1
2.8049302,-3.4360425,-0.100843556,-0.2174266,-2.6114407,0.3024129,-0.09229612,0.6590477,-0.04716411,-0.29467282,1,chr6:43386692:body_of_pancreas:0,TP,1
4.965654,-2.419856,-0.22525299,0.25995144,-1.1728376,-0.37852073,-0.11079439,0.9590043,-1.129656,0.25889713,1,chr11:86939404:body_of_pancreas:0,TP,1
-1.6406893,1.3564224,0.36509928,-0.42774856,0.19600178,0.48392648,0.7917704,-0.2780224,-0.10974659,1.0669513,1,chr17:45234687:body_of_pancreas:0,FN,0
-2.808911,0.04380117,0.2230975,-0.07412868,0.21958159,0.2861488,-0.41806522,-0.6592434,0.21452291,0.3140968,0,chr16:57591317:Peyers_patch:0,TN,0
-1.3921729,-1.6367272,-0.57078683,-0.15502161,-0.16599177,0.3645508,0.7274278,-0.19661163,0.010309306,0.24783687,1,chr6:137697537:upper_lobe_of_left_lung:0,FN,0
0.23671247,1.3273538,2.8629932,1.4843397,1.0262227,-0.054744147,0.5987057,-0.039534595,-0.07967884,0.5620931,1,chr5:36241819:thoracic_aorta:0,FN,0
-1.8364896,2.1423116,1.0187831,1.8636063,-0.33582625,-0.8007141,0.6225214,-0.15730226,0.05691098,0.2765104,0,chr17:82698739:upper_lobe_of_left_lung:0,TN,0
-0.5952543,-0.78905255,0.39176536,-1.764178,-0.6594193,0.36269757,-0.12276001,-1.0106642,-0.046667885,-0.20035926,0,chr16:25261909:body_of_pancreas:0,TN,0
6.09991,0.26394665,-0.4251114,0.19822992,0.048254456,-0.5423948,0.053198602,-0.22770463,0.056867473,0.052459057,1,chr6:31374359:gastroesophageal_sphincter:0,TP,1
-2.2201867,-1.1159745,0.6358818,-2.0462773,0.13500825,-0.955348,-0.032718733,-0.0471788,0.13522208,0.24588627,0,chr21:8337478:transverse_colon:0,TN,0
-2.3267677,1.2206309,0.8157285,-0.81636214,-0.24003458,-0.28140563,0.33250523,0.3672929,-0.30992064,0.29475078,0,chr7:107814719:body_of_pancreas:0,TN,0
-1.5778755,-0.8514263,-0.8909771,0.12726913,0.22806744,1.4058555,-0.25630215,0.93509305,0.46590567,-0.56708246,1,chr17:80891370:tibial_artery:0,FN,0
-3.1883125,0.21973452,-0.7400064,-0.0019890189,-0.32440072,-0.28628355,-0.27532628,0.0395091,0.0039232527,-0.3292145,0,chr3:113577845:prostate_gland:0,TN,0
5.9544106,0.58013904,-0.31572652,0.117177606,-0.11942381,-0.9433699,0.12994426,0.2432261,0.5624133,0.016379034,1,chr8:45161471:prostate_gland:0,TP,1
-3.0904303,0.3263907,-0.75666285,0.16214061,-0.2637159,-0.037421748,-0.27222496,0.0838134,0.08863355,-0.36001578,0,chr12:50765356:suprapubic_skin:0,TN,0
2.7019567,-2.030058,2.1259701,-0.8852672,0.37887284,0.19546585,0.45273954,0.7262342,-0.083662465,0.68225044,1,chr19:45427778:body_of_pancreas:1,TP,1
-2.3054314,-0.6066034,-1.4119296,0.031659342,0.02181429,-0.034842785,0.11222823,0.39638525,-0.0208502,-0.10218504,0,chr2:102839798:esophagus_muscularis_mucosa:0,TN,0
-2.5854535,-0.7688943,0.07051228,0.18193625,0.065405354,-0.38557285,-0.37692228,0.66171616,-0.40534502,0.31945744,1,chr5:149431239:prostate_gland:0,FN,0
-2.8020313,0.43373927,-0.84864587,0.22533098,0.09468072,-0.2889045,-0.30280915,0.26807335,-0.24048267,0.024550077,0,chr14:20681770:adrenal_gland:0,TN,0
-2.7325068,0.460487,-0.4797601,-0.36551633,0.35326338,-0.2783581,-0.2534266,-0.34802034,-0.118800424,0.050850272,0,chr9:70113868:body_of_pancreas:0,TN,0
5.8913984,0.6942299,-0.22170442,0.16611286,0.5852255,-0.075510986,-0.30827406,-0.72151625,0.21946931,-0.25836885,1,chr7:22550492:gastroesophageal_sphincter:0,TP,1
1.6050763,4.8425965,-0.1447688,-0.8659613,0.6780433,-0.070363,-0.96492875,0.5903746,0.61925685,0.5303362,0,chr20:30003193:upper_lobe_of_left_lung:0,TN,0
-1.168741,-1.7495288,-1.0522664,-0.8231005,0.49104798,-0.14389823,-0.13153286,0.9807509,-0.3549901,-0.08506494,1,chr9:17531876:esophagus_squamous_epithelium:0,FN,0
-2.315985,-0.4570903,-0.8325768,-0.048538174,-0.51753753,0.4790935,-0.16016077,-0.06424189,0.64989513,-0.36276877,0,chr6:25359408:body_of_pancreas:0,TN,0
4.7257957,0.3192488,-0.21362387,-0.08651646,-1.3651167,0.34012127,0.306509,-0.4910923,-0.118814014,-0.37113312,1,chr6:32477160:transverse_colon:0,TP,1
-1.9703546,-0.30877286,-0.8511362,0.21777667,0.117496096,-0.5250962,0.4812805,-0.12146209,0.267733,0.04821736,0,chr14:106843761:body_of_pancreas:0,TN,0
-2.977053,1.3583205,-0.028037235,-0.53291994,-0.34472343,0.48171112,-0.61209875,-0.20081694,0.12080094,-0.05380745,1,chr9:16039580:gastroesophageal_sphincter:0,FN,0
-1.8691828,-2.8493218,0.41270077,-1.1654341,-0.0858552,-0.53048605,-0.04472245,-0.86580145,-0.122298405,-0.6671267,0,chr3:194640197:upper_lobe_of_left_lung:0,TN,0
-1.6167057,2.1690168,0.82541066,0.10215483,-0.94490206,0.35745624,0.39579982,-0.04908457,-0.4687636,0.5122362,1,chr16:4548780:spleen:0,FN,0
-2.24645,-0.017742174,-1.1499685,0.12198252,-0.3056065,0.9503458,-0.011828635,0.09680532,0.5039249,-0.41766727,0,chr6:24991997:gastrocnemius_medialis:0,TN,0
-2.5997303,-0.3319554,-0.75889874,0.5668821,-0.036090627,0.21558234,0.11746216,-0.37238425,0.66689444,-0.11068881,0,chr19:43207151:spleen:0,TN,0
0.35920694,-2.141145,-0.15671848,-0.13076295,-1.8603809,0.7496435,0.5227697,-0.0077227512,0.43778777,0.01304572,1,chr7:48425047:upper_lobe_of_left_lung:0,FN,0
-1.4269985,-1.9788343,-0.97832775,-0.82179624,0.47107106,-0.04992136,-0.36803526,0.962561,-0.53202647,-0.043119363,1,chr9:17531876:upper_lobe_of_left_lung:0,FN,0
0.8753609,1.2186698,1.0752254,-0.79372436,-1.1604762,0.33023226,0.08707243,0.16512929,1.0795786,-0.4972136,0,chr1:23185269:esophagus_squamous_epithelium:0,TN,0
-3.0270739,2.3295941,0.86894184,0.67558104,-0.48280293,-0.7069585,-1.4280263,-0.1196152,-0.3332453,-0.12666674,0,chr9:131762784:body_of_pancreas:0,TN,0
5.931477,-0.25261003,-0.42843297,0.16403677,0.0858231,-0.16499019,-0.0027028918,0.15603526,0.13771987,0.10696078,1,chr9:127360508:Peyers_patch:0,TP,1
-2.9080455,-1.4281527,0.49035388,0.6902938,0.17246446,-1.060551,-0.0049579665,-0.096322216,-0.08929471,0.26485366,0,chr19:4042859:body_of_pancreas:0,TN,0
-2.3145285,0.1948189,0.7403654,1.4207854,0.1944314,-0.76506627,0.560723,0.15016757,-0.22707564,-0.06308312,0,chr10:70404713:transverse_colon:0,TN,0
-1.9836942,0.37392557,-0.018019745,1.2659256,-0.20465843,-0.56992215,0.8365054,0.09024205,-0.03388952,-0.08773735,0,chr19:19515959:transverse_colon:0,TN,0
1.1158756,0.48149034,1.7879874,1.3143338,0.87137574,1.2924731,-0.26258132,-0.34601548,0.23017544,0.13035807,1,chr6:31356821:thoracic_aorta:0,TP,1
-1.3188406,-0.76838994,-1.1805552,0.4715879,0.33656433,0.4963044,0.15240258,-0.11170128,-0.00057215214,0.093339674,0,chr1:208234091:body_of_pancreas:0,TN,0
4.3977165,0.88541996,-0.68472564,-0.12921555,-1.402808,0.15607622,0.36673924,0.3412619,-0.43340275,0.4948846,1,chr14:106508377:spleen:0,TP,1
-2.453504,-0.64330304,-0.9893797,0.007911434,0.0052536577,-0.33383027,-0.13552244,-0.09445313,-0.108071014,0.06279406,1,chr9:127348292:tibial_artery:0,FN,0
-2.1778278,-0.39509565,-1.2545726,-0.26817226,0.3194592,-0.3948613,0.15806094,0.094445966,-0.13496475,0.4374713,0,chr16:48556233:body_of_pancreas:0,TN,0
-2.3620167,0.24881174,-0.3751909,0.5631093,0.17417082,0.403377,-0.2644273,0.32608497,-0.4258286,-0.24695681,1,chr3:187741990:thoracic_aorta:0,FN,0
3.9464078,0.1096192,1.1399629,-1.6471119,-0.49789086,-0.39861763,1.0135936,-0.5047342,0.46506163,-1.0688765,1,chr3:104102588:tibial_artery:0,TP,1
-2.6937327,-1.3056294,0.020409327,0.15350208,0.2744423,0.19149353,-0.032536805,0.06935859,0.07148356,0.03861812,0,chr7:151111021:prostate_gland:0,TN,0
-2.7356324,0.58135426,-0.15505296,0.15029676,-0.46549425,-0.3182834,0.31320453,-0.14660701,-0.1664431,0.3268688,0,chr19:33143907:esophagus_muscularis_mucosa:0,TN,0
-2.7565956,-0.5373323,-0.18173401,0.7786548,-0.19001845,-0.60195476,-0.040790357,0.18255217,-0.19822897,-0.23715815,1,chr14:80955078:esophagus_muscularis_mucosa:0,FN,0
-1.4792658,-1.6650716,-0.16003,0.055160746,-0.25587824,0.06184393,0.28071633,0.25686613,-0.3631953,-0.49729526,0,chr2:9139756:Peyers_patch:0,TN,0
4.900641,-0.1700555,0.872148,0.4749211,0.9377763,0.20162477,-0.035863902,0.55525243,-0.7247947,-0.45028624,1,chr3:165196968:sigmoid_colon:0,TP,1
-1.6174672,-0.4540985,0.7663767,-1.096904,0.026797598,0.49754483,0.07966601,-0.49708426,0.061550997,0.34932655,0,chr1:240004353:esophagus_squamous_epithelium:0,TN,0
5.907867,0.87640464,-0.59944165,0.26669878,-0.043586385,-1.1464169,0.106795155,0.18218361,0.6467934,-0.03897592,1,chr17:22909996:body_of_pancreas:0,TP,1
-2.7897236,-0.13210171,0.8567438,-0.84718597,-0.36361575,-0.029378915,-0.25915676,-0.44548106,-0.14787766,0.045920983,0,chr21:33380487:thoracic_aorta:0,TN,0
-0.113940366,-0.34663913,-1.5006171,-0.08094785,0.62638026,0.9894647,0.43944743,0.4302446,0.13453907,-0.69655067,1,chr17:40909531:spleen:0,FN,0
5.573472,-0.1955751,0.4423637,0.013152243,0.70406604,-0.56674725,-0.51822555,-0.8382118,-0.113363765,-0.61287236,1,chr16:85086903:sigmoid_colon:0,TP,1
-2.4134,-0.8530014,-0.4198621,0.5240529,0.5754261,-0.4726015,0.17473194,0.035213787,0.08104719,0.19904889,0,chr1:31715618:gastrocnemius_medialis:0,TN,0
-2.3618534,0.80123466,-1.0176992,0.81803626,0.31730664,0.72907245,0.18788421,-0.40225324,0.21101817,-0.21092911,0,chr16:29265466:body_of_pancreas:0,TN,0
-1.6663607,1.9692013,1.9443223,0.6649359,-0.3559009,-0.53709996,-0.43901968,0.30823562,0.19177654,0.05329132,1,chr14:77027449:gastroesophageal_sphincter:0,FN,0
-2.180977,-0.32796794,1.0468972,-1.530306,0.73769945,-0.5365452,0.031658232,-0.51964515,0.060659107,0.7660871,1,chr20:29406048:upper_lobe_of_left_lung:0,FN,0
-2.3385315,2.9361668,-0.63997597,-0.7464412,0.13411468,0.52684397,0.24647655,-0.1826872,-0.39431742,0.3346124,0,chr7:818297:testis:0,TN,0
-3.1271305,0.1425988,-0.70218796,0.16824517,-0.53142065,-0.25776118,-0.18252327,-0.1389486,0.19559993,-0.32554033,0,chr11:115170291:transverse_colon:0,TN,0
-1.33505,-2.5704343,-0.53297746,0.7127897,0.22165543,1.3008319,0.055350944,0.21447244,0.7095394,0.51057285,0,chr1:154867316:Peyers_patch:0,TN,0
-1.3619933,-0.83742595,1.2791665,0.74543893,0.385405,0.45308778,0.2035097,0.08751433,-0.10450527,-0.82994634,1,chr7:142771231:body_of_pancreas:0,FN,0
-1.8891264,0.37870985,-0.10670345,-0.30895776,0.74641085,0.03753175,-0.10574102,-0.6309855,-0.0085444655,-0.84005356,0,chr1:19651030:gastroesophageal_sphincter:0,TN,0
-1.2198571,0.11416371,-0.166352,0.44131413,2.0956888,0.80237883,0.17989507,0.21678135,-0.028805569,0.38630542,0,chr9:93827801:transverse_colon:0,TN,0
-1.6555474,-0.79445815,-1.4600497,0.37421814,0.44720328,0.31714746,0.33548337,0.27362263,-0.14438023,0.13845132,0,chr7:16695960:esophagus_squamous_epithelium:0,TN,0
-0.76930594,-0.71127385,-0.39544162,-1.0015326,-0.39829016,0.4926222,-0.18156606,-0.4886585,-0.4797251,-0.5027413,0,chr4:15730066:testis:0,TN,0
-2.652699,1.4181457,0.42151293,-0.9113734,-0.02208605,-0.39906225,-0.18658869,-0.2667988,-0.5614569,0.77413994,0,chr10:100343750:body_of_pancreas:0,TN,0
-2.418067,0.6317388,-0.78060657,-0.37152302,0.9519723,0.29282555,-0.012311381,-0.15878136,-0.030283714,0.08763216,1,chr5:157471958:body_of_pancreas:0,FN,0
4.277164,1.7385397,-0.01867498,0.41992652,-0.5384614,0.16278873,0.7643721,0.7651534,-1.4080456,0.21153912,1,chr7:73725711:sigmoid_colon:0,TP,1
-3.2135131,0.987961,-0.12706791,-0.8261186,-0.05667741,-0.7361802,-0.7791587,-0.24433507,-0.15198018,-0.019444106,0,chr5:34465583:prostate_gland:0,TN,0
1.3158246,-0.80063426,1.960973,-0.4653435,1.9074498,0.64798963,0.028051468,-1.3057846,0.33881712,-0.2172238,1,chr8:41651698:esophagus_muscularis_mucosa:0,TP,1
3.625709,0.092463665,1.8222952,-0.68234485,0.7556967,-0.056763023,-0.08394902,-0.19231248,-0.02146792,-0.19166918,1,chr19:1037681:tibial_nerve:0,TP,1
-1.7724241,-0.39357755,-0.8716154,1.2054297,0.46662894,0.25382853,0.47556692,0.50088394,-0.07086422,-0.16480319,0,chr11:44538347:tibial_artery:0,TN,0
-1.1284475,-1.5836058,-0.5977036,-0.8815286,-1.1130935,1.2278942,-0.76070595,-0.054032132,0.14003819,-0.27855393,0,chr1:48109545:spleen:0,TN,0
-2.011945,-0.13043581,-0.77987707,0.17030723,-0.51932156,0.9087713,0.24502859,-0.10039261,0.21219859,-0.6400703,0,chr4:77248622:body_of_pancreas:0,TN,0
5.460694,-1.0520036,-0.16053991,0.5685701,0.6705797,0.3461766,-0.5154016,-0.015152028,-0.49077922,-0.3170029,1,chr1:27556965:esophagus_muscularis_mucosa:0,TP,1
-2.8333452,1.5882225,0.52327687,1.4524863,-0.20208862,-0.931041,-0.33738855,0.13568991,-0.073770836,-0.11981759,1,chr1:26921783:transverse_colon:0,FN,0
-1.345465,-1.3429496,2.0688777,0.5862352,0.5683893,-0.15172555,-0.3980307,0.052848373,0.2527891,-0.2579593,0,chr7:106112635:esophagus_muscularis_mucosa:0,TN,0
-2.1997316,-0.7849247,-1.0424622,-0.27954057,0.42570558,0.8137519,-0.4147386,0.1467258,0.2470667,0.03592904,0,chr4:28686853:testis:0,TN,0
1.8626043,0.3937529,0.53080136,-0.89739525,-1.8007839,0.4501694,0.9577533,-0.62956613,-0.03982248,-0.1182352,0,chr20:41572206:prostate_gland:0,FP,1
1.4687104,-0.32905048,0.3042916,0.13211794,0.59048855,0.40146375,0.5351702,-0.46404,-0.759947,0.34182876,1,chr21:33895616:body_of_pancreas:0,TP,1
2.5445395,-0.45447388,1.0806105,0.84542006,2.3037224,1.3869102,0.4018941,-0.73522127,-0.18674432,0.24462008,1,chr6:3259228:upper_lobe_of_left_lung:0,TP,1
-1.9748664,-0.22427389,-0.42240906,0.30287102,0.47775832,-0.14850715,0.38292906,0.3483761,1.38764235e-05,0.18276551,0,chr14:72927169:upper_lobe_of_left_lung:0,TN,0
4.812541,-0.914471,0.15584257,0.6467711,0.7669746,0.40192738,-0.55352783,0.40793648,-1.0614161,0.31404233,0,chr11:46305551:spleen:0,FP,1
-1.9944264,2.341624,1.2641885,-0.96806276,0.84746623,0.82592577,-0.9550285,-0.6945915,-0.30787316,0.4642772,0,chr11:6612917:gastroesophageal_sphincter:0,TN,0
-2.0950627,-0.5932764,1.1752627,-0.48394433,-0.17988855,-0.28306687,0.91019267,-0.2732985,0.02829072,0.23105052,0,chr2:71510258:prostate_gland:0,TN,0
6.031059,0.24820384,-0.2672249,0.17753671,0.14209652,-0.37384275,0.013549226,-0.36379382,0.117342375,-0.104092464,1,chr17:45585364:transverse_colon:0,TP,1
-2.5394244,0.2609083,1.32802,0.78632545,0.04308558,-1.0970585,0.19323474,0.37855774,-0.33695453,0.39453363,0,chr16:67833835:Peyers_patch:0,TN,0
-1.414923,1.9742554,1.5884776,-1.6888877,0.093845226,-0.36462787,-0.11633488,-0.41778055,-0.18642172,0.43332663,0,chr2:168375394:spleen:0,TN,0
-3.0500991,-0.74744135,-0.34817642,0.48410487,-0.16139986,-0.65084344,-0.13822924,-0.14239103,-0.06771652,-0.5660548,1,chr11:1652791:testis:1,FN,0
5.6658483,-0.34532082,-0.45635638,0.64443535,0.23079406,0.41180667,-0.33504403,-0.20796652,-0.25843036,0.00714425,1,chr1:27556965:transverse_colon:0,TP,1
4.01329,-2.9337144,0.37473455,-0.7261788,1.1482115,0.075556435,0.10244338,0.69332904,0.143471,-0.0011852698,0,chr17:879808:upper_lobe_of_left_lung:0,FP,1
1.5852572,0.22268948,1.0868307,-1.031356,0.41139585,0.20618798,1.1986015,0.39824042,-0.40714568,0.73534626,1,chr17:61670350:sigmoid_colon:0,TP,1
-0.8237388,-0.572032,-0.07484447,0.6573895,0.6681745,1.0569159,0.51803815,0.33892056,-0.17070274,0.43520686,0,chr1:230752287:transverse_colon:0,TN,0
-3.0692716,1.5350529,0.20623893,0.93773,-0.5091453,-0.60890555,-0.1776838,-0.22752912,0.105832696,-0.36943543,1,chr9:97633155:tibial_nerve:0,FN,0
4.2961493,1.2621124,1.4332086,-0.024691213,1.3986676,0.36667633,-0.20259693,-0.7250094,0.7765244,-0.21572894,1,chr16:579030:spleen:0,TP,1
-2.8633473,0.8280041,-1.0018945,0.09302883,0.35186785,-0.41882977,-0.10541862,0.29961193,-0.09051917,0.005025859,0,chr6:32622553:transverse_colon:0,TN,0
5.890479,-0.43424445,-0.3309698,0.11724543,-0.020252718,-0.6301264,0.022161784,0.4888003,-1.1740298,-0.10141421,1,chr6:111422648:prostate_gland:0,TP,1
1.9683495,-2.0309846,2.0655773,-0.47388256,0.16127896,-0.24148735,-0.028808244,0.33161324,0.17995432,-0.009554111,1,chr19:45427778:esophagus_muscularis_mucosa:0,TP,1
-1.5534468,-1.9048325,-0.78181994,0.102395594,-0.5890957,0.7542026,-0.6044023,0.07988343,0.5567768,0.13922094,0,chr16:58756567:spleen:0,TN,0
-1.9691728,1.7565364,0.20500448,1.3559862,0.46497992,-0.1125485,0.12790254,0.28258333,0.03961086,0.5513871,0,chr14:54902267:upper_lobe_of_left_lung:0,TN,0
-2.9556568,0.30639324,-0.9606557,0.21006076,0.0889003,0.07036885,-0.40860724,-0.04687135,-0.048866425,-0.01334042,0,chr8:118113261:esophagus_muscularis_mucosa:0,TN,0
2.3538055,-1.1217724,0.09056314,-0.1663856,-1.5210861,0.08376576,1.5552098,-0.64538187,0.8695237,-0.21662575,0,chr9:83219701:suprapubic_skin:0,FP,1
-2.5458977,-0.3721336,0.61566037,0.92859674,0.3314499,0.20854683,-0.36045566,0.099029325,0.09164051,0.28738925,0,chr15:40422201:adrenal_gland:0,TN,0
-2.1317284,0.16630526,0.31976217,-1.0357286,0.05423725,-0.49190405,0.72021604,0.114934094,-0.032554872,0.7823004,0,chr22:37965281:thoracic_aorta:0,TN,0
-2.2318695,0.6010456,-0.2243244,0.5080079,-0.30859914,0.85261583,0.44229496,-0.28883538,0.73985463,0.10089324,0,chr9:114081278:body_of_pancreas:0,TN,0
-2.6150482,-1.3499389,-0.32918507,0.20438996,-0.5575928,0.012726885,0.1696952,-0.14749002,0.77954334,0.35590792,0,chr6:43724124:tibial_artery:0,TN,0
4.6682653,-1.0233251,0.6990478,0.27604023,0.7291538,0.5547389,0.12708235,0.6685758,-0.7355695,-0.060880486,1,chr2:46855233:adrenal_gland:0,TP,1
4.2525,-1.4259375,-0.7311694,-0.19232576,-1.1002387,0.7027633,-0.42512605,0.058630813,0.5485102,0.4291533,1,chr4:108783862:body_of_pancreas:0,TP,1
-2.4180477,-0.5854271,-0.58530694,-0.76185375,-0.082892224,-0.7619999,0.11233982,-0.6578591,0.21639495,0.105821766,0,chr1:234646301:body_of_pancreas:0,TN,0
4.4144692,0.39110273,-0.22840466,0.07012674,-1.3597276,-0.16443557,0.31958577,0.31906906,0.22383676,0.2625471,1,chr20:30935747:transverse_colon:0,TP,1
-2.6363614,0.15307696,-0.5333675,0.23630513,-0.29956612,-0.23818313,0.059604716,-0.29003873,-0.11495324,0.18362477,1,chr5:146052954:thoracic_aorta:0,FN,0
-2.476817,0.49448577,0.00182465,1.3542088,-0.6080377,-0.47986177,0.27794707,-0.0019308748,-0.010148967,-0.32534727,0,chr3:160400389:body_of_pancreas:0,TN,0
-2.0949914,-1.2910906,-0.19090664,0.2263891,-0.3707257,-0.08774896,0.58137894,-0.4098307,0.20738997,-0.813402,0,chr17:57092381:tibial_artery:0,TN,0
-2.1883848,-0.2045327,0.40184918,-0.2376413,-0.7454455,-0.21844468,0.22080176,-0.15757816,-0.34103128,-0.27917516,0,chr19:38769557:esophagus_squamous_epithelium:0,TN,0
-2.712793,1.5580064,1.4804679,1.499049,-0.25689518,-0.8335975,-0.43921912,-0.11407422,0.34181306,-0.07059306,0,chr2:42169581:thoracic_aorta:0,TN,0
6.0266643,0.28396562,-0.6593022,0.5234066,-0.07114593,-0.46378124,-0.271895,-0.4282819,0.008343192,0.2231497,0,chr9:129437752:tibial_nerve:0,FP,1
-2.0909948,0.3357401,-1.249328,-0.034648534,-0.41201591,0.6093984,0.22085902,0.25489092,-0.027571404,-0.5877637,0,chr2:84077792:adrenal_gland:0,TN,0
-2.6153374,0.29615876,-0.8254577,-0.4668094,0.39605594,0.34207064,-0.2771812,-0.40807816,0.49398217,-0.30925134,0,chr2:105064592:body_of_pancreas:0,TN,0
-1.7138389,-1.1095114,-1.0341026,-0.28372744,0.7684412,0.040072322,0.17199153,0.32677194,0.20762292,-0.016351016,0,chr6:1686364:thoracic_aorta:0,TN,0
5.698804,0.8454475,-0.09462585,0.013525889,0.5960989,0.05210515,-0.4663525,-0.776638,0.3319108,-0.49512616,1,chr7:22550492:suprapubic_skin:0,TP,1
5.279853,-0.4510381,-0.4403475,-0.1499563,-0.3204146,-0.77131855,-0.19924766,0.311554,-1.2647386,-0.18484396,1,chr15:24767525:prostate_gland:0,TP,1
-2.6258626,-2.7407465,-0.17274867,-0.264584,-0.058092996,-0.8948093,-0.023648093,-0.13059574,0.1628764,-0.2771505,1,chr1:43590661:prostate_gland:0,FN,0
5.5354705,0.45098132,-0.86362654,0.18474282,-0.8980476,-0.04402681,0.057175882,-0.39984575,-0.4828525,0.19843964,1,chr14:106468867:body_of_pancreas:0,TP,1
-1.8087296,1.1969045,1.0947444,-0.07085291,0.81239784,0.18030958,0.04717091,0.05832987,0.07429676,-1.0678278,1,chr12:1922226:transverse_colon:0,FN,0
-1.61724,2.65269,1.1030128,0.6048822,-0.993002,0.6816586,0.14100339,0.13018931,0.33108485,0.7693862,1,chr16:4548780:body_of_pancreas:0,FN,0
4.239328,0.30969346,0.013375164,0.102966785,0.12562898,-0.079961844,-0.24936593,0.23407286,-1.5220636,0.5617872,0,chr17:6326850:body_of_pancreas:0,FP,1
-2.1907644,0.6215207,-1.3568536,0.20359503,0.91273206,0.24731977,0.30110532,-0.16277255,0.088014334,0.10015871,0,chr5:96936715:transverse_colon:0,TN,0
4.6498446,-0.48639706,-0.8240324,0.036445074,-1.3382351,0.1084989,-0.36625016,-0.1087956,-0.9366734,0.1284906,1,chr2:196068383:spleen:1,TP,1
-0.64795065,-1.4408122,1.2655137,1.2966069,1.0927023,0.49771214,0.5703343,-0.2611143,0.28781334,-0.15316787,1,chr9:33447548:esophagus_squamous_epithelium:0,FN,0
6.0387087,0.11477288,-0.4761857,0.39660972,0.06956124,-0.3816514,-0.11328201,-0.33495754,0.083414145,0.04790892,1,chr17:45585364:transverse_colon:1,TP,1
-2.400654,-3.290925,-0.016946787,-0.5735692,-0.4960954,-1.1622088,0.15732308,-0.36740163,-0.009354751,-0.36732295,0,chr1:67881797:body_of_pancreas:0,TN,0
-1.7436352,-1.1996645,-0.1975148,0.6801474,1.1185864,0.6059553,0.431506,-0.077525534,0.4716371,-0.012897945,1,chr3:129343963:prostate_gland:0,FN,0
2.6203842,-0.54162484,1.7928296,-2.0245821,0.7806439,-1.183132,-0.7091458,1.179118,0.8218562,0.2704379,1,chr8:44636977:testis:0,TP,1
-0.6876763,-1.3077736,1.1652968,-0.039796736,-0.039199635,0.24013712,0.14202824,0.29156774,0.22455154,0.93752134,0,chr1:224356826:gastroesophageal_sphincter:0,TN,0
-1.1985103,2.0928433,1.7543424,0.07049717,-0.57054096,0.67082244,0.29117447,-1.012402,-0.25305423,0.7096001,0,chr11:68030237:tibial_artery:0,TN,0
5.5632234,1.1784571,-0.9301425,0.49121532,-1.0005879,-0.1858826,0.24831988,-0.33318242,-0.14449075,0.33231342,1,chr10:38653296:upper_lobe_of_left_lung:0,TP,1
1.5848441,-3.0462165,1.7766969,-1.1966484,0.90109915,0.38148388,0.009898958,0.9492916,-0.1014211,0.55248886,1,chr19:45427778:gastroesophageal_sphincter:0,TP,1
4.6610966,-1.9432724,-0.72579944,0.72211593,-1.3362898,-0.40301037,-0.9884149,0.030698005,0.056465607,1.0242368,1,chr11:60251676:tibial_nerve:0,TP,1
4.8297963,-0.65963674,0.24739328,0.5742189,1.0567493,0.7992475,-0.8814576,0.009242263,-0.0013226001,0.4502679,1,chr9:42852316:gastrocnemius_medialis:0,TP,1
2.9184911,-0.4159078,1.8289819,-2.0222719,0.88334626,-1.2486519,-0.45008647,1.2634484,0.7616124,0.060016576,1,chr8:44636977:upper_lobe_of_left_lung:0,TP,1
-1.4407887,-1.43244,-1.1588337,-0.778915,-0.21809545,0.9598059,-0.33723375,0.78288656,0.29552677,0.15577145,0,chr5:79235513:prostate_gland:0,TN,0
-2.7812939,0.01355876,-1.23949,-0.2916622,0.2687765,-0.026650874,0.11236473,0.06757891,0.19867496,-0.1868492,0,chr17:15574102:esophagus_muscularis_mucosa:0,TN,0
-0.48052984,-2.3285291,0.73365885,-1.6299343,-0.24644284,-0.59350264,0.958183,-1.0277494,0.61022025,-0.4340235,0,chr6:43264135:adrenal_gland:0,TN,0
2.0619748,0.81313664,0.8624731,-0.84663177,0.20174713,1.2687837,0.33936208,0.28275982,-0.40784353,0.2646982,0,chr6:110039466:sigmoid_colon:0,FP,1
-2.0436728,1.5544933,-1.1818275,-0.7058861,-0.049297392,0.5148522,0.16201061,-0.006282572,-0.012622247,0.049440235,0,chr11:88232017:esophagus_squamous_epithelium:0,TN,0
-2.609791,0.09019104,-0.87697774,0.05530035,0.4046269,-0.69249654,-0.0011163661,0.31533414,-0.2698804,0.18578362,1,chr15:91142292:body_of_pancreas:0,FN,0
4.9569235,-0.31281456,-0.03170366,0.90124464,0.04122078,0.12604627,-0.36412293,0.100305095,-0.79189825,0.30002606,1,chr17:43361240:body_of_pancreas:0,TP,1
-2.6592803,0.7844317,0.45063847,-0.6549002,-0.49321273,0.2712165,-0.2306921,0.17802462,-0.039754964,0.7661966,0,chr1:157489625:adrenal_gland:0,TN,0
-2.5300853,-0.9098515,-0.7584942,0.80967426,-0.049245592,-0.09286256,0.2664547,-0.019853525,0.083024405,-0.47806588,1,chr11:1652791:esophagus_squamous_epithelium:0,FN,0
6.17457,0.7922707,-0.6040704,0.12636992,-0.015658714,-0.73922664,0.16118723,-0.2886196,0.07634724,-0.20561126,1,chr7:142521135:transverse_colon:1,TP,1
4.1442647,-2.0802207,-0.32326847,0.4187497,-1.742553,0.047388107,-0.5666805,0.32338983,0.42587984,1.1587547,1,chr7:63016040:upper_lobe_of_left_lung:0,TP,1
-2.809237,-0.7810549,0.56902254,-0.08046343,-0.5639156,-0.03570911,-0.24715152,-0.2984219,0.1931521,-0.219116,1,chr1:113072821:suprapubic_skin:0,FN,0
-1.9552057,0.64461744,1.2118624,1.5518974,0.31094986,-0.37734196,0.3901241,0.052989207,-0.28899616,0.04676183,1,chr8:28701937:esophagus_muscularis_mucosa:0,FN,0
-2.373715,-0.13967726,-0.35522228,-0.09477863,-0.018188981,-0.41369453,0.31249833,0.20881954,-0.09597872,-0.13012959,0,chr15:85625457:body_of_pancreas:0,TN,0
5.7491727,0.8744892,-0.7865068,0.53760177,-0.8888627,-0.32367775,0.2777218,-0.17622882,-0.4244278,0.3138281,1,chr10:38653055:transverse_colon:0,TP,1
1.7017843,-1.4946216,2.0527275,-1.9432575,-0.05283308,-1.3702738,-0.8302612,0.8507082,0.6718024,0.180083,1,chr20:28507029:esophagus_squamous_epithelium:0,TP,1
-2.5735767,-0.5137526,-0.12990752,-0.27820373,1.5828246,0.17241469,-0.7439022,0.10696555,-0.06774572,0.36362883,1,chr2:64865706:prostate_gland:0,FN,0
4.34244,0.11540719,0.21740243,0.12549102,-0.13729864,0.8632042,-0.0613335,0.32919016,-0.55166584,0.5334346,0,chr2:75241860:transverse_colon:0,FP,1
-3.1981812,1.3413385,0.57670075,-0.34173054,-0.23820598,-0.2530762,-0.8785266,-0.17451486,-0.42475322,0.35651228,0,chr3:184803711:body_of_pancreas:0,TN,0
-2.0119534,-1.2927988,-0.3599278,-0.11479905,0.6491624,-0.5548924,0.50034136,0.1555463,0.17148812,0.48074606,0,chr9:92716650:tibial_artery:0,TN,0
5.8167834,0.56748897,-0.7371732,0.25043875,-0.49241096,-0.5810862,-0.029107915,-0.5659274,0.11192161,-0.057953533,1,chr2:132257654:body_of_pancreas:0,TP,1
6.0796437,0.8163367,-0.7841699,0.2792046,-0.3337338,-0.7916332,0.08212523,-0.42632723,0.13153563,0.11867926,1,chr8:38060242:upper_lobe_of_left_lung:0,TP,1
-2.7038963,-0.42064294,0.9478349,0.40210313,-0.32161295,-0.2808602,-0.64265335,-0.010203751,-0.30869886,-0.45234737,1,chr16:21935488:Peyers_patch:0,FN,0
-2.5585198,1.177531,0.031776913,-1.1269095,-0.5218502,0.32688895,-0.7649718,-0.22315675,-0.2901032,-0.2638659,0,chr12:92070888:body_of_pancreas:0,TN,0
-3.0259056,0.8996301,-1.0270165,-0.40490562,0.12367028,-0.07386387,-0.3434294,0.08280224,-0.21671434,-0.066386454,0,chr14:53296455:thoracic_aorta:0,TN,0
-1.8618127,0.32688156,0.8949548,1.529294,-0.24533704,-0.59640354,0.95448107,0.12482827,0.1202526,-0.084023,0,chr9:81690044:upper_lobe_of_left_lung:0,TN,0
-2.612636,0.12981074,0.9800689,0.73984087,0.14667067,-0.41310668,0.060204905,-0.26891953,-0.21825042,-0.12788546,0,chr6:32971107:transverse_colon:0,TN,0
1.6115875,-1.5083691,0.28422022,0.23619176,-2.0543034,0.5330059,0.8332874,-0.55466807,0.5733943,0.22691895,1,chr9:83219701:thoracic_aorta:0,TP,1
5.025672,1.2719669,-0.4636938,-0.011095401,-0.9944048,0.19392048,0.25181857,-0.4086211,0.010044348,0.1385421,1,chr7:142752408:body_of_pancreas:0,TP,1
-2.5808659,1.5615519,1.2028548,1.7471741,-0.39558098,-0.87892807,-0.015667109,0.10372912,0.21659595,-0.2648032,1,chr1:26921783:Peyers_patch:0,FN,0
-3.3291545,-0.11318806,0.14566047,-0.3005011,-0.54388964,-0.42221266,-0.8105648,-0.48850942,0.21492288,0.28800085,0,chr3:120177116:body_of_pancreas:0,TN,0
-2.801188,-0.13082986,-0.51655865,-0.11654014,-0.07723061,-0.267704,-0.07788692,-0.70463103,0.13452128,0.16613902,0,chr3:14921124:prostate_gland:0,TN,0
2.3183699,-1.1308007,0.4271701,-0.3321055,-1.9405632,0.33782265,0.18191269,-0.10983534,0.09670598,-0.21048144,0,chr1:15128695:testis:0,FP,1
0.8080457,-1.9487588,0.3587277,-0.40160158,2.6263707,0.43201244,-0.35227278,-0.07542102,-0.3888219,-0.40416622,0,chr11:1262996:tibial_nerve:0,TN,0
4.314952,-1.1283363,-0.45889637,0.24759074,-1.483947,0.22503121,-0.46954727,0.18770273,0.5540844,0.9307173,1,chr7:63016061:transverse_colon:0,TP,1
0.49028614,2.0663292,0.7828141,-0.8579541,-0.7276028,1.1395816,0.7778438,0.05460897,-0.11444662,0.9579111,0,chr4:110211201:body_of_pancreas:0,TN,0
6.051161,-0.082585186,-0.18868363,0.026354576,0.40303805,-0.5104336,-0.20933205,-0.07497953,-0.17104155,-0.21026346,1,chr22:46739374:upper_lobe_of_left_lung:0,TP,1
-2.4568849,1.0512891,-0.76296514,0.5257271,-0.08490101,-0.37479132,0.49158284,-0.08982738,-0.049047634,-0.1166953,1,chr6:169790103:gastrocnemius_medialis:0,FN,0
5.3665648,-1.2479993,-0.12670685,0.08675667,0.4193379,0.4796283,-0.21185955,0.19983794,-0.16719311,-0.07554512,0,chr14:106469963:esophagus_squamous_epithelium:0,FP,1
5.668082,0.33319375,0.31210783,0.12081532,0.67695457,-0.3938171,-0.44532672,-0.8760356,-0.11758802,-0.42171115,1,chr16:85086903:tibial_nerve:0,TP,1
-1.4179943,-1.2597761,-1.0835456,0.072723776,0.37477192,-0.009805539,0.58410215,0.037968963,0.10900883,-0.07202129,0,chr10:68208588:transverse_colon:0,TN,0
-2.205827,0.89131576,0.49900323,-1.1238316,0.4858318,-0.23887749,-0.98919684,0.16375786,-0.35243356,0.31840616,1,chr6:52788016:body_of_pancreas:0,FN,0
-0.70219225,-0.9556854,-0.6995792,0.8669868,0.5375169,1.2887352,0.0020004855,0.37716246,0.2856379,0.54617035,0,chr2:240232939:transverse_colon:0,TN,0
-1.6467335,0.39448512,-1.1342337,-0.5628394,-0.063263424,0.25472525,0.4384856,0.105462,0.08844774,0.022353394,1,chr6:106223515:body_of_pancreas:1,FN,0
5.5440507,-0.6020862,-0.50157636,0.38713497,-0.3559362,-0.6854511,0.1248935,0.29537866,-1.5064391,0.06505458,1,chr5:77075989:prostate_gland:0,TP,1
1.2373924,2.585205,1.0490704,-1.2954065,-0.3815105,1.2144492,-0.15286034,1.8987635,0.305405,-0.56529874,1,chr8:141876713:adrenal_gland:0,FN,0
-1.5073665,-0.45422426,0.017728435,-0.5408129,0.026565393,1.0697067,-1.1583905,0.22756185,0.19130923,-0.059569836,0,chr6:16332498:esophagus_squamous_epithelium:0,TN,0
-1.6443259,-0.51551723,-1.1605711,-0.79827785,-0.2288237,0.6035396,0.27476686,0.3517921,0.104768306,-0.23692015,1,chr11:26754057:testis:0,FN,0
4.4487104,-0.05322992,0.40878147,-0.35458365,-1.0138136,0.15607536,0.6358146,1.1061995,-1.3040603,-0.6332964,1,chr6:35885297:body_of_pancreas:0,TP,1
-1.2780031,0.48654124,-1.3178731,-1.4933952,1.0902903,0.080946624,-0.0514566,0.40388587,0.10499098,-0.63816357,0,chr4:183602913:transverse_colon:0,TN,0
6.0096235,0.34481108,-0.35897636,0.4023114,0.24180613,-0.39807352,-0.23416275,-0.30075383,0.085944176,0.021193545,1,chr3:75785357:sigmoid_colon:0,TP,1
-2.4302163,-0.23020165,-1.1001723,0.09740289,0.19176209,-0.34683836,-0.075111344,-0.14190264,-0.1412697,0.07403133,1,chr9:127348292:tibial_artery:1,FN,0
-2.3667495,0.92373216,0.95663106,1.4289912,-0.37462935,-0.30725667,0.25449574,-0.028700868,0.29870826,-0.5431922,1,chr11:101127373:sigmoid_colon:0,FN,0
-3.0761614,1.9332579,-0.14332561,-0.76943606,-0.064570025,0.25285578,-0.5103419,-0.010089152,-0.16993406,-0.034407914,1,chr9:16039580:adrenal_gland:0,FN,0
3.9967225,-1.8825978,0.42019728,0.28199565,-2.235214,0.1474347,0.19465561,-0.05430236,0.36095724,0.61707497,1,chr17:21322681:thoracic_aorta:0,TP,1
-1.9121383,-0.605559,-0.1609184,-0.90852916,-0.2596556,-0.2861022,0.28269413,-0.055137116,-0.3138566,0.29603308,0,chr7:32347302:sigmoid_colon:0,TN,0
-2.3525655,0.2084607,0.2685294,1.4891452,-0.54677254,-0.72324985,0.57216257,-0.188778,-0.10121693,-0.10841518,0,chr14:75294151:transverse_colon:0,TN,0
-0.9627931,0.2912027,0.9085429,-1.1767331,-0.7666717,0.5266228,0.6120892,-0.80177194,-0.3299855,0.2627522,0,chr7:105507191:omental_fat_pad:0,TN,0
-1.9721202,1.0288146,-0.29710588,0.36333773,0.8985409,1.7218939,-0.18380581,0.15784995,0.64371127,0.2856233,0,chr20:17617594:Peyers_patch:0,TN,0
4.2596445,0.03521006,-0.36662957,-0.27411398,-1.9007342,0.1196112,0.269813,0.018047847,-0.60513145,0.2677349,1,chr5:127014594:transverse_colon:0,TP,1
6.043055,0.23310952,-0.53260475,0.28493452,-0.1281992,-0.6125224,0.010103703,-0.2883044,0.04572968,0.09596633,1,chr6:31374359:esophagus_squamous_epithelium:0,TP,1
-2.4171584,-3.1215305,-0.24300168,-0.78299385,-0.18691394,-1.0205543,0.09761681,-0.4202229,-0.18008032,-0.104339026,1,chr6:137697537:transverse_colon:1,FN,0
-3.0500069,1.1645496,-0.9665359,-0.024625583,-0.18303964,-0.15577835,-0.45773393,-0.14918266,-0.11099472,-0.035602026,0,chr6:82252284:prostate_gland:0,TN,0
-2.558558,-0.26356336,-1.0538743,-0.049394164,0.589286,-0.3926127,-0.032842033,0.27766877,-0.048479255,0.19935182,0,chr10:125982582:thoracic_aorta:0,TN,0
-2.4592178,-0.15407579,-0.6556896,-0.5457759,0.12459074,-0.10240893,-0.0036120396,0.6218752,-0.21503066,-0.012955755,0,chr10:23158214:transverse_colon:0,TN,0
-2.7911725,1.4353211,0.76572305,0.87732255,-0.43703565,0.69694495,-0.671658,-0.21176796,0.07064423,-0.061943367,0,chr17:3935331:suprapubic_skin:0,TN,0
-2.5775185,0.33482924,1.2983841,1.7154197,0.19999826,-0.28248286,-0.101115085,-0.14962253,-0.109219536,-0.021971082,0,chr18:32092595:body_of_pancreas:0,TN,0
-2.7212436,0.9730054,-0.0952178,0.31229147,-0.6904672,0.401034,-0.63210475,0.6325516,-0.40410277,-0.42186713,0,chr10:51960415:prostate_gland:0,TN,0
-2.7273233,-0.6916024,-0.5330919,-0.024724811,0.004520562,-0.5082774,-0.10936508,-0.22577935,0.22664738,-0.032421075,0,chr17:45099253:testis:0,TN,0
4.585129,1.2346262,0.01333059,0.5330678,0.5724339,0.10407221,-0.0015937331,-0.6768582,-0.76452446,0.16237679,0,chr9:129437243:tibial_artery:0,FP,1
-2.5317118,-0.52851135,-0.6970096,0.3256833,0.109317906,-0.20762922,0.08967763,0.19721383,0.18457773,-0.11010064,0,chr19:2169180:transverse_colon:0,TN,0
-1.0056978,1.8022095,1.3300916,-0.97779846,-0.1634079,1.1003473,0.23056541,-0.23294595,-0.590061,1.3882815,0,chr3:58305852:transverse_colon:0,TN,0
-3.071524,-1.4886833,-0.62434614,-0.75660765,0.07170262,-0.7720448,-0.4109435,-0.60846347,0.055737946,0.07244402,0,chr6:147285258:Peyers_patch:0,TN,0
-1.7286766,-0.48103732,-0.64554006,-0.12292115,0.11812927,-0.08923041,0.6810992,0.20993175,-0.17123282,0.4152343,0,chr7:133051170:upper_lobe_of_left_lung:0,TN,0
-3.2041032,1.9559522,-0.02988124,-0.40180802,-0.51855433,0.3634243,-1.1295823,0.09838267,-0.47593758,-0.05439964,1,chr2:13202350:body_of_pancreas:0,FN,0
6.020647,1.0505285,-0.22143835,0.43498886,0.18585345,-0.4246783,-0.20269567,-0.775343,0.021798007,-0.09725324,1,chr11:47642443:testis:0,TP,1
-1.110327,-0.56256145,-1.2483088,0.13961998,0.06548219,-0.043355804,0.8266018,0.2994722,0.17047851,-0.10150571,0,chr14:69151254:thoracic_aorta:0,TN,0
-3.1278906,1.7040312,-0.02160798,0.011852095,-0.91106033,0.2244024,-0.62239635,-0.52300763,0.21110477,-0.060334045,0,chr2:20661446:tibial_artery:0,TN,0
-1.1144922,1.6675855,2.1462169,2.1675673,0.2824006,0.10041721,0.08750519,0.24947374,-0.48120594,0.20992704,0,chr19:1095151:upper_lobe_of_left_lung:0,TN,0
-1.7998859,0.4548767,-0.12799522,0.33287394,1.0193763,-0.34033158,0.30918002,-0.07439344,0.1099311,0.32371303,1,chr2:46828341:sigmoid_colon:0,FN,0
-2.96947,2.1612241,-0.75935763,-0.38980865,-0.5344333,0.5445297,-0.9036581,-0.10177516,-0.056449838,-0.47857383,0,chr3:155702289:upper_lobe_of_left_lung:0,TN,0
-1.7495401,-0.63175637,-1.6012368,-0.34724677,0.52610815,0.053333513,0.18557633,0.14688307,0.13473518,0.031520583,1,chr15:78210207:prostate_gland:0,FN,0
-1.7698545,1.1937575,1.0519689,1.6897572,0.40971738,-0.21035144,-0.12304758,0.08526324,-0.7709898,0.335032,1,chr8:28701937:transverse_colon:0,FN,0
-1.6069996,-0.30754957,-1.1584544,0.33845627,0.85785437,0.5637714,0.121169694,0.027785141,-0.2503689,0.34172285,0,chr11:1833125:body_of_pancreas:0,TN,0
-1.3735355,0.13452801,-0.4185374,1.192615,0.7438996,-0.19093974,0.6863897,0.18745081,-0.25293845,0.31433472,1,chr7:100894790:body_of_pancreas:0,FN,0
5.9145446,1.0590644,-0.48807818,0.054617856,0.06783326,-0.88960266,0.09886377,0.4672656,0.7711007,-0.013553936,1,chr8:45161494:gastrocnemius_medialis:0,TP,1
-2.4392905,0.6426306,-0.33576524,-0.359748,-0.14989507,0.47292745,-0.20334199,0.6073926,-0.0940157,-0.37686685,0,chr15:44219856:esophagus_muscularis_mucosa:0,TN,0
5.788083,-0.5914542,0.044971514,-0.03303702,0.621614,-0.4283076,-0.34466678,-0.3811489,-0.4487025,-0.70864904,1,chr9:42974893:upper_lobe_of_left_lung:0,TP,1
5.6776853,1.9215527,-0.661857,0.120735936,0.13268222,-0.9234809,0.17882355,0.43412647,1.2049112,-0.06613624,1,chr17:22816782:prostate_gland:0,TP,1
0.3853812,-0.43768564,0.6060423,-1.8583297,0.4433004,0.25991738,0.99439615,-0.016315183,0.5690947,-0.39040655,0,chr7:36066338:body_of_pancreas:0,TN,0
4.6131115,-2.5194614,-0.033202183,0.3869684,0.076694995,0.6665245,-0.72952974,0.29993188,-0.28688228,0.16268052,1,chr7:78040381:suprapubic_skin:0,TP,1
0.10134348,0.72133285,0.3570638,-0.043047264,0.46780616,1.5281687,0.18878455,0.5191884,-0.41971147,0.5419277,0,chr16:2263772:body_of_pancreas:0,TN,0
-1.5570544,0.28506756,1.3006115,-1.1793449,-0.18248104,-0.35466284,-0.6396172,-1.1644396,0.11590655,-0.021209806,0,chr4:156787427:body_of_pancreas:0,TN,0
4.2906284,-0.96862906,-0.04223497,0.55594784,-1.490929,0.41927764,-0.26978192,0.43776128,0.31366172,1.1106632,1,chr7:63016031:transverse_colon:0,TP,1
-2.7874804,0.19251414,-0.34794915,-0.5294381,-0.0333506,-0.10710518,-0.14321557,0.23082991,0.020587616,-0.25586358,0,chr18:76828121:thoracic_aorta:0,TN,0
-2.028198,-0.4909766,-0.8901926,0.6777724,0.41824263,-0.56956977,0.43748516,0.2157346,-0.06441185,0.06751858,1,chr17:73719627:tibial_nerve:0,FN,0
-1.0572002,-1.4675211,0.01773362,1.2114733,1.2368978,1.3122966,0.4089719,-0.20409659,0.6047566,-0.0535937,0,chr3:129343963:adrenal_gland:0,TN,0
5.6671634,1.5199232,0.08570025,-0.31407535,0.19407168,-0.47965062,0.20184588,-0.41694707,0.61920357,-0.48770475,1,chr14:30690707:upper_lobe_of_left_lung:0,TP,1
-1.1631079,-0.48446777,-1.0047853,0.6953155,0.38504162,-0.3132319,0.742022,0.58960134,-0.20129097,-0.15352339,0,chr9:6080757:esophagus_squamous_epithelium:0,TN,0
-3.3057768,0.41996464,-0.33582866,0.46769807,-0.06847781,-0.60847265,-0.62449896,-0.1134226,-0.11431009,-0.020695802,0,chr2:19363367:transverse_colon:0,TN,0
-2.6157348,-0.2292041,-0.7813706,0.55759436,0.053861458,0.35298154,0.1542986,-0.28006592,0.4194403,-0.0997902,1,chr9:129145727:thoracic_aorta:0,FN,0
-3.1223135,0.091859676,-0.60477865,-0.42693716,-0.5728538,-0.3507624,-0.40652373,-0.44934976,0.20414363,-0.107223794,0,chr19:31548991:upper_lobe_of_left_lung:0,TN,0
-2.1607773,1.5299222,1.5037752,2.2678633,-0.2875436,-0.7501834,0.42933586,0.003591585,0.1408842,-0.15094079,1,chr9:136728193:lower_leg_skin:0,FN,0
-1.0941007,0.4861662,0.35328966,-0.5010647,-0.6644907,1.6988151,-0.30905512,0.015059903,-0.047002323,-0.38232192,0,chr5:144467879:tibial_nerve:0,TN,0
-1.9634191,-0.51934105,-0.42611215,0.98578614,0.0916911,0.45674342,0.6695141,0.32192618,0.10042966,-0.042317204,1,chr15:40906278:tibial_nerve:0,FN,0
3.9121969,-1.8495084,0.013732292,0.22648072,-1.3323832,0.19745265,-0.80997413,0.28557533,0.38756555,0.9349009,1,chr7:63016040:transverse_colon:0,TP,1
-2.8414774,-0.07696594,-0.19164218,-0.6613334,-0.7383357,-0.28135124,0.08132209,-0.51948184,-0.0013099514,-0.24174526,0,chr1:26104845:Peyers_patch:0,TN,0
3.7473722,1.2731444,0.17896672,-0.46664223,-1.0733442,1.047835,0.72426564,1.2239223,0.89326984,-0.14874694,1,chr12:48753691:upper_lobe_of_left_lung:0,TP,1
3.7064996,-0.27171004,1.340977,-0.18063743,-0.8627756,0.03288266,-0.082963385,-0.97047955,0.16910487,0.15967146,1,chr14:99659383:upper_lobe_of_left_lung:0,TP,1
1.7420272,0.44754943,0.477735,-0.5062468,-1.2491903,0.60019505,0.20923777,-0.679849,-0.40411445,-0.6267737,1,chr3:66803339:prostate_gland:0,TP,1
5.7457643,1.4330379,-0.5811717,0.25754023,0.07413712,-1.1019567,0.09125143,0.402025,0.88099074,0.022263745,1,chr17:22856764:esophagus_squamous_epithelium:0,TP,1
4.3682885,1.1904446,-0.16536161,0.37583458,-0.67907566,0.08066856,0.728723,0.76177645,-1.2989004,0.30075434,1,chr7:73725711:spleen:0,TP,1
4.942355,-1.451539,0.25802562,0.4987311,-0.3369659,0.042580876,0.36497194,0.6368366,-0.9896851,0.087050475,1,chr10:1755678:prostate_gland:0,TP,1
5.80154,-0.30085438,-0.07219359,-0.40861666,-0.13579607,-1.1045811,-0.0044698813,-0.35549667,0.3792568,-0.5858283,1,chr3:34208336:thoracic_aorta:0,TP,1
5.9014854,0.50071406,-0.9781191,0.4298467,-0.42255124,-0.3762574,-0.4083229,-0.23929282,0.06205581,0.33388585,1,chr7:142463889:transverse_colon:0,TP,1
-1.0944586,-0.6405777,-1.1239254,0.3018454,0.52513903,0.08564352,0.7064147,0.38138637,-0.09827393,-0.18792716,0,chr10:66926170:prostate_gland:0,TN,0
5.979082,1.5239413,-0.37757075,-0.060746282,-0.10644307,-0.5333922,0.28326523,-0.26784024,0.4781463,-0.22026609,1,chr14:30690707:thoracic_aorta:0,TP,1
-1.380346,-0.22422418,-0.4155978,1.2206595,0.41844645,1.164674,0.25735044,0.031043584,0.331195,-0.25818855,1,chr16:87550596:tibial_nerve:0,FN,0
-1.9156637,3.21954,-0.2529481,-1.6278422,-0.56288385,0.8962842,-0.04232298,-0.59618604,-0.32023734,0.084171824,1,chr12:120246128:thoracic_aorta:0,FN,0
-2.5558162,1.3972048,-0.0042136507,-0.47694156,0.4094951,0.6792811,-0.2933414,-0.7018227,0.24111317,0.03222578,1,chr3:24186219:body_of_pancreas:0,FN,0
-1.4742463,-1.4461199,0.9063846,-1.7269264,-0.97322834,-0.09171414,-0.037350707,-0.013447908,-0.80117494,0.0047414415,0,chr8:30361799:body_of_pancreas:0,TN,0
-1.7995527,2.758694,0.752268,-1.5041319,0.18549848,0.028497634,-0.13130127,-0.73255855,0.017680138,0.3984358,1,chr2:168375394:thoracic_aorta:0,FN,0
-2.4296536,0.6892717,-1.0601037,0.21834075,0.48293382,-0.59806895,-0.1541381,-0.116208285,-0.26212397,0.37574917,1,chr21:31866561:upper_lobe_of_left_lung:0,FN,0
-2.0528498,-0.18544164,-0.2268556,-0.6133081,-0.23024341,-0.10401037,0.022834381,-0.20404159,-0.40909478,0.50889194,1,chr7:32347302:esophagus_muscularis_mucosa:0,FN,0
6.084952,0.51206017,-0.6150934,0.3735293,-0.123201,-0.71162736,-0.0946923,-0.36380568,0.15311347,0.037413232,1,chr9:129437752:thoracic_aorta:0,TP,1
-2.6341312,-0.16003399,-1.1985657,0.015295168,0.305467,0.20984635,0.015772335,0.17963248,-0.0322047,0.016810995,0,chr4:10582403:spleen:0,TN,0
2.6962929,-3.6923509,0.832395,0.7608431,-1.1150736,1.1274874,-0.73874074,0.410193,0.0809931,0.9292819,0,chr12:48904001:upper_lobe_of_left_lung:0,FP,1
4.8396993,-0.53944784,-0.30563527,1.0852406,-0.71365905,0.3261881,-0.2799702,-0.1067438,-0.33542618,0.9125674,1,chr9:61668518:spleen:0,TP,1
-1.638868,0.36675426,-0.63415885,0.25703338,0.9689826,-0.53090525,0.75393283,0.053256545,-0.029019335,0.44693208,0,chr6:13874007:transverse_colon:0,TN,0
-2.9823234,0.22673997,-1.0891852,-0.30906373,0.35683382,-0.27326956,-0.59666103,-0.11258408,-0.020059725,0.120041534,0,chr7:129164351:esophagus_squamous_epithelium:0,TN,0
0.043447386,-0.14584994,-1.3895661,-0.7066782,0.5421707,0.43655044,0.68176746,0.5077301,-0.18879464,0.36630967,0,chr6:117189039:prostate_gland:0,TN,0
-1.893023,-0.8652857,-0.66236967,0.98469514,0.9314199,0.10471134,0.108002454,0.17749093,-0.11935717,0.117661856,0,chr7:100894790:prostate_gland:0,TN,0
2.6859207,-0.17056349,0.996805,-0.84358793,0.16294093,0.40159482,0.19689123,0.70603293,-0.9276553,-0.8984052,1,chr6:35763302:body_of_pancreas:0,TP,1
-1.6083359,-0.48859596,-0.43782,0.20132849,-0.58071107,0.7592643,0.10832439,0.20195033,0.22583486,-0.5257057,0,chr15:52568355:adrenal_gland:0,TN,0
-2.567455,1.590529,-1.2506576,-0.62913626,0.09747339,0.349738,0.19047007,0.08145247,0.027057264,-0.38848704,0,chr3:172623400:Peyers_patch:0,TN,0
-2.6927595,1.0855185,1.2557955,1.3996747,-0.61967224,-0.4290396,-0.48805302,-0.40736255,0.4473728,-0.27218702,1,chr11:85855125:transverse_colon:0,FN,0
-1.5257809,1.2520605,-0.41094545,0.06903576,1.3711342,-0.221916,0.6341553,-0.737438,0.27774903,0.33513057,0,chr12:52306315:tibial_artery:0,TN,0
1.3888553,1.2569827,0.54388845,0.68559974,0.74450177,2.0852926,0.23658626,-0.034117788,0.38183522,0.64504576,0,chr2:87577752:transverse_colon:0,FP,1
0.64878964,-3.9568875,2.209016,-1.0818303,0.7394692,-0.25906143,-0.039080463,1.1157869,-0.343239,-0.15017584,1,chr19:45427778:adrenal_gland:0,FN,0
-2.1640792,-0.38239205,-1.2672176,0.23770541,0.26816016,-0.5341128,0.22627464,0.033712212,-0.101707555,0.09507376,0,chr17:69526231:esophagus_muscularis_mucosa:0,TN,0
-2.9741697,0.7622624,0.10172858,-0.3197038,-0.33312696,-0.53676486,0.1488038,-0.3881956,-0.0063753775,0.552511,0,chr8:17699579:body_of_pancreas:0,TN,0
1.1985489,-1.9526418,-0.039268825,-0.44887522,1.6343329,0.25852117,0.5826581,-0.91269237,0.2149154,-0.6995299,0,chr7:85186902:omental_fat_pad:0,FP,1
-2.3544996,0.4693371,0.70091105,1.7202554,-0.9691271,-0.29602212,0.25068322,0.2632041,0.30351424,-0.5646284,0,chr1:100132742:body_of_pancreas:0,TN,0
5.379982,-0.15745805,-0.13294654,0.84739745,1.0754212,0.45157495,-0.6546902,-0.44138783,-0.49224603,0.37412435,1,chr20:26209622:upper_lobe_of_left_lung:0,TP,1
-1.3631626,-0.9767993,-0.60292315,0.77262247,0.50593656,0.8100084,0.43695438,0.1273856,0.08068765,0.16710028,0,chr22:41508960:transverse_colon:0,TN,0
-2.4779975,2.9947734,-0.0867791,-1.2964352,-0.17764483,0.8287235,-0.43669176,-0.46633092,-0.3529998,0.03352505,0,chr11:63024537:transverse_colon:0,TN,0
5.4534707,-1.274541,-0.33790538,0.5097466,0.24276762,0.25150433,-0.45040098,0.2796042,-0.7594993,-0.34239864,1,chr1:27556965:gastrocnemius_medialis:0,TP,1
-1.9883469,0.79232365,0.86984295,-0.84266895,-0.9720632,0.6844594,-0.21385686,0.034558352,-0.5282431,-0.34975412,0,chr2:219700718:body_of_pancreas:0,TN,0
-2.9432833,-0.47677845,0.18584254,0.35632613,-0.460133,-0.36359742,-0.057746507,-0.2806396,0.051362343,0.012224775,0,chr10:47986691:sigmoid_colon:0,TN,0
4.4767094,-1.9876668,-0.65525806,0.06460559,-1.692727,-0.01452481,-0.7781177,-0.14099988,-0.769261,0.58809805,1,chr2:196068383:upper_lobe_of_left_lung:0,TP,1
1.0798422,-0.563511,0.78612477,0.7068194,0.3534455,2.1147454,-0.5070868,-0.35250866,0.96580577,-0.03747094,1,chr5:179213127:body_of_pancreas:0,TP,1
-1.4498459,-1.463812,-0.15921967,1.1655507,0.062179867,1.3591729,-0.5652524,-0.08010408,0.17979121,0.6880238,0,chr11:63671929:gastroesophageal_sphincter:0,TN,0
4.473896,-0.50546306,1.4109685,-0.38717878,1.5694786,-0.18111144,-0.22643933,-0.4972287,0.06205973,-0.8949381,1,chr19:45678133:spleen:0,TP,1
-0.91982394,1.5991493,0.52768075,-0.5333678,-0.13376327,1.0362794,0.8639503,0.14285219,-0.27554992,0.33382413,0,chr3:182714147:tibial_artery:0,TN,0
-3.463693,1.0762807,0.19197272,-0.40034518,-0.6488661,-0.23902325,-0.9539348,-0.45257747,0.03341068,0.04847664,0,chr16:5092215:transverse_colon:0,TN,0
1.3724349,2.5618298,0.2675595,-0.7723886,-0.28221002,-0.10661639,-0.74275917,0.4794233,0.5265381,0.12806702,1,chr2:92401043:testis:0,FN,0
-0.44669825,-0.8598023,1.786071,-1.6226861,-1.0251918,-0.15470593,-0.91959697,0.06491629,0.27019894,-0.4105204,0,chr9:4815183:body_of_pancreas:0,TN,0
-2.730152,3.0298247,0.14176512,-1.4147911,0.17588477,0.66878754,-0.7555675,-0.34500003,-0.3872888,0.39312628,0,chr11:63024537:sigmoid_colon:0,TN,0
-2.5448358,0.6142322,0.84719586,1.7472141,-0.195851,-0.89704686,0.11570005,0.12496815,-0.13795324,-0.0070403703,0,chr13:50909866:esophagus_squamous_epithelium:0,TN,0
-1.8252854,-0.029602796,-1.5963724,-0.2269732,0.045063302,-0.12269475,0.5985184,0.18292284,0.20113303,-0.1688275,1,chr4:95543779:tibial_artery:0,FN,0
-0.09025097,1.151018,1.115251,-0.24331082,-1.1451572,1.1708407,0.42006952,0.32426187,-0.7548689,-0.3147579,1,chr17:61729146:sigmoid_colon:0,FN,0
2.6534016,0.6311017,0.12540436,-0.29680708,-0.24424116,1.3076495,-0.039723743,0.47821423,-0.6002111,-0.58585024,0,chr17:13735684:Peyers_patch:0,FP,1
-1.0893192,1.6647208,0.9118816,-0.08474871,-0.4633057,1.2671199,-0.1727334,-0.47068465,-0.6214986,0.95520055,1,chr19:8505530:tibial_nerve:0,FN,0
-1.8745171,-3.0914261,1.5738362,-0.60661817,-0.3152136,-0.45035797,-0.3026606,-0.37240604,-0.25030366,-1.0020615,0,chr2:233098726:adrenal_gland:0,TN,0
-2.229907,0.8036494,-0.6396375,-0.12700483,-0.076913044,1.3188257,-0.34674725,-0.38468358,0.5362434,-0.71866655,0,chr6:12339489:body_of_pancreas:0,TN,0
-1.5322814,1.8526287,1.9662013,0.66454655,-0.4522576,-0.49315155,-0.11414174,0.39515364,0.3625771,-0.2358271,1,chr14:77027449:esophagus_muscularis_mucosa:0,FN,0
-2.6987088,1.2435399,-1.5056062,-0.44003335,0.286212,0.1746573,-0.21774776,-0.219699,0.21239974,-0.12570076,0,chr3:172291866:adrenal_gland:0,TN,0
-0.51861,0.74942476,1.793425,0.76072764,-0.19612852,1.0379597,0.35432202,0.09219142,-0.45874998,0.4392294,1,chr2:128755326:body_of_pancreas:0,FN,0
3.540465,-0.65028524,-0.23983587,-0.2499529,-1.2348725,0.29570103,0.8614785,0.34864515,0.06807675,0.47351736,1,chr2:235171687:transverse_colon:0,TP,1
1.0236986,0.77279985,1.6483357,0.17578296,-0.45951998,1.1582786,-0.5154988,1.7709969,1.0725644,-1.1664634,1,chr19:21484173:transverse_colon:0,FN,0
-2.4611185,1.5674555,-0.4368386,-0.6754661,-0.34310228,0.6852319,-0.09913453,-0.0957023,-0.22074501,0.14428236,1,chr9:16039580:transverse_colon:0,FN,0
0.81191826,-3.3468091,1.2194055,0.9565073,1.2714044,0.9242215,-0.19228144,0.8959176,-0.24696207,-0.20645952,1,chr14:94129651:body_of_pancreas:0,TP,1
-2.6218874,2.9188664,-0.91476655,-0.84544295,0.33517325,0.50455076,-0.33918172,0.1439479,-0.29349226,-0.057711855,0,chr4:88219203:gastrocnemius_medialis:0,TN,0
-3.1553664,-0.32193118,-0.21257718,0.60996896,-0.34806946,-0.62757367,-0.26709434,-0.11573453,0.004535971,-0.7106294,1,chr11:1652791:thoracic_aorta:0,FN,0
-2.6765802,-1.1701192,-0.54139435,-0.9920984,0.16019125,-0.20090026,-0.29506356,-0.6047857,-0.014067562,-0.027801448,0,chr7:142535029:body_of_pancreas:0,TN,0
-2.5081997,-2.4271922,0.3565015,-1.2549272,0.3874852,-0.7703263,-0.07443837,-0.3109782,-0.039773557,-0.460254,0,chr14:95010781:thoracic_aorta:0,TN,0
0.07482118,-0.12522523,0.78686285,-0.19321921,0.1962422,0.45968524,1.6339167,-0.12400529,-0.34195644,0.67336535,1,chr2:56522518:body_of_pancreas:0,FN,0
4.5754676,-1.8613968,1.0279671,-1.0589801,-0.0040979767,-0.9896885,0.33547127,0.7742156,0.82213914,-0.28111237,1,chr21:5357485:transverse_colon:0,TP,1
-3.3780403,-0.50008404,-0.25607795,-0.12026391,-0.22024064,-0.29770562,-0.90798944,-0.025091223,0.0049442053,0.14209147,1,chr7:29610024:spleen:0,FN,0
-2.3137207,-0.0059451056,-1.2466793,-0.58314204,0.16044113,-0.013965038,0.3221252,-0.62521267,0.31952593,-0.28238264,0,chr3:32177302:tibial_nerve:0,TN,0
-0.32779747,0.3067836,1.4274905,-0.68634117,-0.65634894,0.14331745,0.7044262,1.0269375,-0.32596755,-0.45623103,0,chr11:93921924:prostate_gland:0,TN,0
-3.115001,1.769383,-0.28756967,-0.22521077,0.53957874,-0.12926775,-0.45491645,-0.01765155,-0.38599536,-0.31365398,0,chr1:234487506:esophagus_muscularis_mucosa:0,TN,0
5.8454833,0.09545395,-0.6701107,0.63407564,0.085900314,-0.15614712,-0.44121954,-0.18934916,-0.1294113,0.10976479,1,chr3:75785357:thoracic_aorta:1,TP,1
2.3387647,-0.84134555,-0.46977586,-0.53458893,-2.0494998,0.8496712,0.08752534,0.3809941,0.29435697,-0.43692058,1,chr6:43386692:transverse_colon:0,TP,1
3.362588,2.3226683,0.84005374,-0.85110843,0.17745017,0.3889907,0.65295,-0.057776336,0.7868236,0.6978435,1,chr10:18628158:transverse_colon:0,TP,1
-1.7537376,-1.0211565,-1.1799477,0.48285133,-0.5494577,0.6092841,0.20381932,0.19235748,0.5081561,-0.10884836,1,chr2:73620102:transverse_colon:0,FN,0
5.5252438,1.4088622,-0.45386246,-0.054315522,0.1650759,-0.93325925,0.13312574,0.8837411,1.228725,0.10280307,1,chr8:45161494:spleen:0,TP,1
5.8932734,0.6902189,-0.18142393,0.12890136,0.6023341,-0.058588114,-0.3072236,-0.7485048,0.21375377,-0.31968594,1,chr7:22550492:body_of_pancreas:0,TP,1
-2.2148314,-0.2509082,-1.022955,-0.46191165,0.047212448,-0.40050253,0.22279029,0.3436707,-0.16361871,0.083557814,1,chr3:88180571:thoracic_aorta:0,FN,0
-2.3151543,1.2056501,1.3300523,1.5115969,-0.7421985,-0.24229035,0.2997771,0.094827905,0.16691527,-0.4789614,0,chr2:45009663:body_of_pancreas:0,TN,0
-2.2640426,-0.42844915,-0.93877125,0.437346,0.7849359,0.5459466,-0.11925076,0.06442272,0.31626427,0.6115291,1,chr20:62355987:thoracic_aorta:0,FN,0
-1.9775649,0.106022425,-0.46965978,0.76585346,0.40906158,0.054687236,0.5870576,0.12754926,0.017869746,0.42398524,1,chr16:4273965:spleen:0,FN,0
5.7663093,-0.9174398,-0.23000804,0.30988088,0.53894657,0.052545693,-0.3966013,-0.06303764,-0.56884897,-0.4193134,1,chr1:27556965:spleen:0,TP,1
-2.8305423,1.1525813,-0.33260533,0.11824446,-0.44568166,-0.043330286,-0.30097723,0.5577305,-0.39984897,-0.36812234,0,chr10:51960415:tibial_artery:0,TN,0
-1.3199646,2.3009398,0.7682181,-0.030015536,-1.3422923,0.5056994,0.46978897,0.0796258,0.44037375,0.07381507,1,chr16:4548780:esophagus_squamous_epithelium:0,FN,0
-2.2215812,-0.94649285,-0.6972344,-0.20323396,0.028787471,-0.8060356,0.25932807,0.094284266,-0.048599496,0.23550436,1,chr5:158014121:transverse_colon:0,FN,0
5.8819366,0.49299544,-0.17530915,-0.19403145,0.6060644,-0.41672456,-0.1959542,-0.7652971,0.06344616,-0.73637754,1,chr7:142773198:body_of_pancreas:0,TP,1
-2.4208913,1.2920407,0.5214411,-1.1156489,-0.15967175,-0.120438084,0.49317655,0.020701911,-0.21338467,0.3909798,0,chr1:23210397:Peyers_patch:0,TN,0
-2.0365286,-0.98212814,-0.43420818,0.7408209,-0.38308504,1.0107003,-0.20227452,0.46522275,0.58479625,-0.38513136,0,chr1:16741091:thoracic_aorta:0,TN,0
-2.4439192,-1.6673609,0.6136098,-0.6850818,-0.24430831,-0.2676045,-0.036090296,-0.2181414,-0.11068261,0.7933067,0,chr2:88880497:adrenal_gland:0,TN,0
-1.2770277,-1.377291,0.585825,-0.5377694,-0.18578574,-0.3648987,0.27781776,1.6306825,-0.5238165,-1.1118106,1,chr6:21597510:body_of_pancreas:0,FN,0
5.265022,0.9528371,-1.0416813,0.50673586,-1.2121853,-0.19762042,0.21215186,-0.24886453,-0.33287767,0.28995886,1,chr10:38653296:Peyers_patch:0,TP,1
-2.4242744,-0.17550334,0.344159,1.369305,0.2994804,-0.68887115,0.33163264,0.37216002,-0.13841322,0.15419018,1,chr5:181184339:thoracic_aorta:0,FN,0
6.181961,0.6801228,-0.59105855,0.13257962,0.099298686,-0.7030268,0.05949886,-0.27502072,0.029489148,-0.17919752,1,chr7:142521135:body_of_pancreas:0,TP,1
-2.1777492,-0.19623661,-0.5254219,0.69926536,0.0687348,-0.70574725,0.593996,0.112819076,-0.25910953,0.043546043,0,chr17:46266535:prostate_gland:0,TN,0
-2.491023,0.9098999,0.54061645,0.77610254,0.073324606,0.32592458,-0.8638914,-0.40358666,-0.08341004,0.21866229,0,chr11:44095821:gastrocnemius_medialis:0,TN,0
-0.2863934,-1.67994,0.853283,-0.69244915,0.09721119,-0.02767145,1.0300456,-0.11958335,0.2893163,0.2563767,0,chr19:11079087:adrenal_gland:0,TN,0
6.0047746,0.21961214,-0.82021874,0.34801096,-0.24392506,-0.5742066,-0.2447438,-0.33910853,0.11212235,0.29549077,1,chr7:142463889:Peyers_patch:0,TP,1
0.2695384,-1.933263,0.18942063,-0.3462477,2.5415568,0.3464413,0.046629466,0.15970123,-0.24973746,-0.45661607,0,chr11:1262996:upper_lobe_of_left_lung:0,TN,0
-2.7459402,0.24727228,-1.1119833,-0.17919447,0.74911153,-0.75322175,-0.06277557,0.054093808,0.009079045,0.06180429,0,chr6:26217616:Peyers_patch:0,TN,0
-2.9808521,-0.05119574,-0.13907164,-0.94802344,-0.7728264,-0.36641932,-0.08460258,-0.47045532,0.06642612,0.12666808,0,chr16:13923701:esophagus_squamous_epithelium:0,TN,0
6.100317,0.55557966,-0.62202454,0.26478204,-0.24889165,-0.77647156,-0.027173517,-0.42326072,0.16394852,-0.012303388,1,chr3:75785419:upper_lobe_of_left_lung:0,TP,1
5.9538136,0.017044123,-0.6302247,0.51721907,0.20622762,-0.22475512,-0.35766938,-0.18538783,-0.16567236,0.29643276,1,chr15:79896760:prostate_gland:0,TP,1
5.876032,1.5993254,-0.3707003,-0.20695533,-0.18255179,-0.6386047,0.4914107,-0.2552203,0.54118234,-0.18135415,1,chr14:30690707:spleen:1,TP,1
-2.715217,0.4437754,-0.9623327,-0.16288705,-0.9478793,0.50468385,-0.16924497,-0.20843574,0.19245811,-0.23063654,0,chr18:62249636:tibial_nerve:0,TN,0
-3.0212612,1.2489645,-0.5444134,-0.40224847,0.68230164,-0.19672124,-0.5431872,-0.05050228,-0.22173937,0.25703984,0,chr20:17898925:adrenal_gland:0,TN,0
5.4122043,-0.5412781,-0.21553476,-0.28513733,-0.12490348,-0.8069629,-0.110874645,0.3355439,-1.2409359,-0.23281609,1,chr15:24767525:spleen:0,TP,1
-2.784927,-0.40056404,0.61439663,0.88265485,0.055394012,-0.89779866,0.06251413,0.23455198,-0.3911859,-0.14914636,0,chr7:127392752:tibial_nerve:0,TN,0
-2.823262,0.6857884,0.4660605,1.3770833,-0.89943457,-0.17448956,-0.06683284,-0.013785734,0.17432518,-0.48012233,0,chr12:12357162:lower_leg_skin:0,TN,0
-2.1711984,-0.79409,-0.8550416,0.20550635,-0.13747984,0.32757184,0.27800292,0.035993654,0.621577,-0.13948372,0,chr20:62900225:transverse_colon:0,TN,0
5.79573,-0.52248925,-0.47150815,0.022221519,0.27455476,-0.42348632,-0.03051645,0.5705364,-0.91536105,-0.19592269,1,chr6:133833511:prostate_gland:0,TP,1
4.11953,3.310048,-0.35510206,-0.66254437,1.0025572,-0.49240646,-0.29068932,1.3762101,1.4889474,0.14984897,1,chr8:44636977:adrenal_gland:0,TP,1
-1.0548506,1.203825,0.097958595,-1.4379681,0.04980159,0.30645123,-0.019144284,-0.22685264,-0.19086407,-0.047544166,0,chr10:12777040:prostate_gland:0,TN,0
-1.7363284,1.8519644,0.50240076,0.3126104,-0.841718,0.13561007,0.7427984,-0.08902037,0.1765081,0.26685536,1,chr16:4548780:thoracic_aorta:0,FN,0
-2.321681,0.23447388,-1.2215514,0.47069907,0.20769139,0.112290755,0.18879199,-0.100870684,0.016965702,0.01127092,1,chr14:106061994:gastrocnemius_medialis:0,FN,0
-1.3707231,-1.873055,-0.43637785,0.2028998,0.61005616,0.061061207,0.022507729,-0.62623817,0.07803207,-0.25173423,0,chr11:71639137:tibial_artery:0,TN,0
-2.188942,-0.8215889,-0.099620536,-0.5155575,-0.46119404,-0.4533968,0.59609497,-0.47732645,0.40091285,0.5423155,0,chr2:161273349:sigmoid_colon:0,TN,0
-1.2725729,-2.143371,-0.45598227,0.21708716,0.3516742,-0.31220514,0.6195801,0.19610466,-0.019969735,0.14443876,1,chr15:40906278:transverse_colon:1,FN,0
-1.5157398,-0.019954078,1.0260075,-1.5703387,-0.06142161,-0.21066536,1.0164618,-0.09843442,0.018997839,0.28515354,0,chr1:231853557:body_of_pancreas:0,TN,0
-2.5647748,-0.2949143,0.51799905,1.011772,-0.48579645,-0.21829933,-0.017653301,-0.014907937,-0.18407425,-0.47586927,1,chr9:83219701:prostate_gland:0,FN,0
-3.1730213,0.66424346,-0.23593006,0.82666343,-0.06911086,-0.30313516,-0.49379376,-0.039923064,-0.010379308,-0.49740416,0,chr1:17336255:adrenal_gland:0,TN,0
-2.9734318,0.06284254,-0.77372324,0.16990587,0.5573531,-0.64249617,-0.2604156,-0.07332771,-0.023138124,-0.054163832,0,chr9:89594235:transverse_colon:0,TN,0
-1.2296504,-0.8160649,0.73277736,-1.3824469,-0.106165074,-0.92482597,-0.047158178,0.31181186,-0.49071133,0.1137718,1,chr2:88950093:spleen:0,FN,0
-2.196987,0.4220531,0.2771712,-0.39217547,0.24615666,-0.45556065,0.27171725,-0.30424267,-0.22189493,0.100235336,0,chr18:597750:body_of_pancreas:0,TN,0
-1.9742987,1.1468581,0.72192335,-0.19710602,-0.30799058,1.1445261,-1.0189375,-0.13967866,-0.76188624,-0.26175696,0,chr16:11407817:thoracic_aorta:0,TN,0
-2.1852217,-1.0649765,-0.10433402,1.067149,0.11676198,-0.4481547,0.6789199,0.1806266,-0.16009897,0.08926652,0,chr6:35727813:transverse_colon:0,TN,0
1.060086,-1.9832443,-0.31607312,-0.64727086,0.29893503,0.8500456,-0.47145605,-0.4574543,-1.008221,-0.06030703,1,chr22:25456860:body_of_pancreas:0,FN,0
5.0655813,-1.628567,0.7818943,-0.003693117,1.3126155,-0.08719148,-0.30744886,-0.7685123,0.19634601,-0.5581777,0,chr8:12607781:gastrocnemius_medialis:0,FP,1
2.2476301,4.87571,0.6539167,0.16660188,0.6220508,0.9675532,-0.103519276,0.30714843,-0.1816467,-0.17537408,1,chr7:583571:body_of_pancreas:0,TP,1
1.2398884,2.2040024,0.38713712,-0.834379,-0.056681592,-0.11236605,-0.7501457,0.452349,0.68249226,0.015635693,1,chr2:92401043:prostate_gland:0,FN,0
3.948688,0.4235743,1.7636173,0.50181097,1.6759574,0.38115993,-0.18270192,-0.8527718,0.035072386,0.032958392,0,chr19:3545068:transverse_colon:0,FP,1
-1.5807031,0.112241596,-1.3410347,-0.26310515,0.26111674,-0.108833894,0.40034738,0.30512473,0.05919841,-0.09629633,1,chr13:33542012:body_of_pancreas:0,FN,0
-3.0442924,-0.41132215,-0.30491874,0.21798307,-0.30781847,-0.10608034,-0.59524554,-0.009626095,-0.244799,0.3032412,0,chr5:149431239:tibial_artery:0,TN,0
2.86322,1.3743831,1.255473,-0.8309797,0.15140402,0.3732379,1.7304784,1.2295026,-0.36645463,-0.0742637,0,chr7:73123787:transverse_colon:0,FP,1
5.539512,0.9706132,-0.7374455,0.23201288,-0.7743629,0.0034980825,0.14607267,-0.36848179,-0.15033783,-0.09077209,1,chr10:47381073:body_of_pancreas:0,TP,1
0.11566771,-0.94369,-0.49755985,-1.0927114,-0.22526063,0.68724465,-0.46459365,0.7557582,0.20944159,-0.2228182,0,chr15:65304945:adrenal_gland:0,TN,0
4.723455,0.5813868,0.3625195,0.8008905,0.7187334,1.0425183,-0.7068732,-0.68624717,0.24605522,-0.0066884663,1,chr18:75856:upper_lobe_of_left_lung:0,TP,1
-2.6440167,1.5760888,-0.7529005,-0.3590975,0.13878019,1.1110375,-0.21868365,-0.45141616,0.38549346,-0.45690945,0,chr16:56610737:thoracic_aorta:0,TN,0
-3.409415,1.4592264,-0.14550774,-0.20971747,-0.31512713,-0.65819997,-1.1900203,-0.03746947,-0.058844347,0.042053007,0,chr10:15419718:adrenal_gland:0,TN,0
-0.98934174,-1.743368,0.8812328,0.6680016,1.0137976,1.1946732,-0.15016334,0.025785232,0.12579896,0.19001651,1,chr5:179213127:transverse_colon:0,FN,0
4.3451877,-2.0613072,0.023573456,-1.1462213,1.4400005,-0.32917705,0.0771253,-0.5823587,0.35018092,-0.5351774,0,chr19:42919741:body_of_pancreas:0,FP,1
4.4223986,0.6782008,0.29892415,0.69813657,-0.21175413,1.2308086,-0.23016642,-0.970806,-0.18923923,0.7336507,1,chr7:142750991:body_of_pancreas:0,TP,1
-2.6118534,0.7976822,-0.09163078,-0.79466677,-0.22496293,0.4439279,-0.22039193,-0.46286517,0.19761755,-0.13933471,1,chr9:16039580:prostate_gland:0,FN,0
5.961324,-0.38976038,0.044937942,0.06820728,0.2633919,-0.46296066,0.07871707,0.28249115,-0.03844196,-0.118476115,1,chr9:127360508:gastrocnemius_medialis:0,TP,1
-2.2451017,2.232826,0.32333776,-1.411155,0.44538015,-0.29336056,-0.3526334,-0.25514755,-0.050906587,0.67321414,0,chr7:124903785:body_of_pancreas:0,TN,0
-1.5471197,0.76203007,1.1726311,-0.045652114,-1.0732442,0.22698368,0.7442567,0.333592,-0.1952177,0.4535447,0,chr4:17549681:Peyers_patch:0,TN,0
-1.4456284,1.8586968,2.0459256,0.54294366,-0.47285333,-0.6181223,-0.30952597,0.32740322,0.22319393,-0.06657823,1,chr14:77027452:transverse_colon:0,FN,0
-2.0151968,-0.619568,-0.9288041,0.33319548,0.29143548,0.032280765,0.2353969,0.08757014,0.13163145,-0.05699687,1,chr20:48723579:tibial_artery:0,FN,0
5.2885747,2.5398312,-0.43221486,-0.12280121,0.45411524,-0.8178489,0.14529094,0.82865614,1.530704,-0.076946676,1,chr17:25564496:Peyers_patch:0,TP,1
-2.7835724,-0.03912245,-0.06193464,0.90338194,-0.86870253,-0.38740084,0.22792909,-0.06972618,0.28605098,-0.68630505,0,chr4:4248127:Peyers_patch:0,TN,0
-1.7335814,0.09440998,0.41198358,-0.53197527,-1.6666484,0.32806855,0.20337959,-0.87068045,0.2785215,0.3302179,0,chr12:71754514:esophagus_muscularis_mucosa:0,TN,0
5.3022227,-0.40223244,-0.2905175,0.40151566,0.14914784,0.44630077,-0.039662473,0.11109146,-0.0707377,-0.4567629,1,chr16:18131657:Peyers_patch:0,TP,1
-1.8422203,-0.51399684,-0.5568632,0.0013460548,-1.4126147,0.3769589,0.1114906,0.23597695,0.14654785,-0.32146218,0,chr21:30341086:sigmoid_colon:0,TN,0
-0.47269523,0.5937759,0.83815575,-0.93634194,0.88465714,-0.23761488,0.15863338,-0.3811028,-0.7649468,0.8712822,0,chr1:222794904:transverse_colon:0,TN,0
-1.3529644,2.1461945,0.9085438,-1.1150694,-0.2506344,0.4773367,0.76297057,0.565748,-0.31322655,-0.15498263,0,chr14:31816189:body_of_pancreas:0,TN,0
-0.9153586,-1.5724767,1.628072,-0.34676194,-1.1603563,0.27811816,0.3724749,-0.36908787,0.2369002,-0.08278078,0,chr11:3807766:transverse_colon:0,TN,0
-1.3078177,1.7692806,-0.36303854,-1.6418623,-0.063131794,0.33946753,0.77275115,-0.4486046,-0.23177472,-0.5612805,0,chr14:33454418:transverse_colon:0,TN,0
0.229095,2.4916499,1.248059,-2.1788023,0.8156073,-0.26512453,-0.42438564,0.13727793,0.12208716,0.5154599,0,chr16:8841831:thoracic_aorta:0,TN,0
-3.1343992,0.6684631,-0.58848673,0.19142474,-0.52806157,-0.27043116,-0.8010039,0.04422974,0.0036456368,-0.1426296,1,chr9:132651492:body_of_pancreas:0,FN,0
4.8945465,0.5559941,-0.242685,-0.09789709,-1.1661853,0.17486797,0.46668515,0.687556,-1.2392068,-0.11607128,0,chr9:13991168:body_of_pancreas:0,FP,1
0.4600951,-0.004761814,1.5788518,0.24674906,-0.45116454,0.98615706,-0.88632035,1.8010887,0.6961346,-1.0961816,1,chr19:21484173:body_of_pancreas:0,FN,0
-2.6626928,0.88451314,-0.5154696,0.5330256,0.5658447,-0.023139926,-0.029440328,0.5063509,-0.30806506,-0.011298696,0,chr6:116616178:spleen:0,TN,0
-1.4651272,-0.21690762,-0.039937727,0.05893672,0.25405848,-0.06468329,0.78818184,-0.395205,0.12995477,0.40866432,0,chr12:6372809:body_of_pancreas:0,TN,0
1.1018056,-3.3647711,0.1990892,-0.90159947,-1.1748372,-0.42045662,1.2766739,-0.23544246,0.84830767,-1.6104344,1,chr6:53956277:prostate_gland:0,TP,1
-2.0302713,0.8023552,-1.0886319,-0.2590295,0.022114795,1.3658862,-0.25219566,-0.043617036,-0.44958812,-0.22263622,1,chr6:161922984:Peyers_patch:0,FN,0
-0.6403764,-0.85563767,1.7991374,-1.6193701,0.6953562,-1.1755795,-1.4368955,0.23256303,0.26461962,0.9649316,0,chr5:150743200:body_of_pancreas:0,TN,0
-2.2356758,0.0020628048,0.5117164,1.5152746,0.47019026,-0.5816072,0.41677162,0.57033765,-0.06575079,0.20103012,0,chr5:181184339:sigmoid_colon:0,TN,0
-3.2159212,1.8831028,0.7329002,-0.058866017,-0.10323388,-0.076081395,-1.2830266,-0.32840028,-0.111692436,-0.47301203,0,chr9:5886489:adrenal_gland:0,TN,0
-2.766146,0.28251818,-0.67302006,-0.33062172,0.13637201,-0.19637574,-0.21072292,0.08832776,0.29505345,0.18662073,0,chr3:66138807:thyroid_gland:0,TN,0
-1.7544895,0.23972267,-1.4815981,-0.47477204,0.3392885,-0.15963706,0.6448917,-0.1332437,0.081363864,-0.15028618,0,chr12:19757428:transverse_colon:0,TN,0
-3.026056,-1.2605625,-0.16014767,-0.21575758,0.40535176,-0.55978036,-0.32445678,0.16721228,-0.036792472,0.27786207,0,chr6:169791013:gastroesophageal_sphincter:0,TN,0
2.4128876,-1.0653303,-0.3158021,-0.51688796,-1.6372412,0.095004976,0.891342,-0.5805146,0.96880084,-0.327861,0,chr4:121675914:body_of_pancreas:0,FP,1
-2.2171764,-0.5635624,0.8331463,-0.8666533,-0.09882397,-0.8497237,-0.04252942,0.038526062,-0.11216246,0.41193023,0,chr6:11655830:esophagus_squamous_epithelium:0,TN,0
-0.66856706,-1.0058208,-0.8385496,-0.14263669,-1.0459417,1.0887312,0.24344592,-0.09865639,0.8626784,-0.76931125,0,chr18:61551833:esophagus_muscularis_mucosa:0,TN,0
-0.09055731,-4.796068,-0.17900284,0.18174031,-1.7239999,0.96814954,-1.0693016,0.70618206,0.57509184,0.36809736,0,chr2:168348096:testis:0,TN,0
-2.3884761,2.007544,-0.347849,-0.83308005,0.23222624,1.1364533,-0.5388562,-0.03967833,-0.062555306,0.55152506,0,chr17:14068979:body_of_pancreas:0,TN,0
-2.6996176,1.1609232,-1.0516402,-0.12909672,-0.28688425,-0.24131101,-0.2999084,-0.0061385552,-0.09632523,0.12213858,0,chr4:94621853:esophagus_squamous_epithelium:0,TN,0
5.4896708,1.3923116,-0.46211007,0.07973502,0.07620579,-1.1307242,0.035745833,0.41302362,1.2241831,-0.07942468,1,chr17:22856764:lower_leg_skin:0,TP,1
-1.8415142,-1.0423262,0.10539918,0.54504746,1.4280238,0.33021414,-0.21722358,0.3305439,-0.1357639,-0.18272577,0,chr2:64865706:body_of_pancreas:0,TN,0
5.428626,1.1703736,-0.8356599,0.23689857,-1.3781188,0.109241694,0.30951497,-0.4626676,0.14941749,0.25289124,0,chr4:75289967:prostate_gland:0,FP,1
-2.4915063,-0.99169606,-0.3522414,0.29983848,-0.3488126,-0.23645602,0.11559414,0.014285697,0.38869926,-0.13293871,0,chr13:99606069:thoracic_aorta:0,TN,0
-2.807095,-0.3870732,-0.354344,0.6601998,-0.04286614,-0.052032955,-0.09926239,0.048914965,-0.10255581,0.19393012,0,chr20:47677799:tibial_artery:0,TN,0
-1.1790587,0.6286017,1.8072547,2.469339,0.18030939,-0.110009514,0.5876833,0.13870606,0.037998427,-0.022677615,0,chr3:126084117:transverse_colon:0,TN,0
-2.497675,0.98373526,0.48588634,1.8529279,-0.3307234,-0.17410406,0.16736,-0.19728582,0.048886057,-0.21273382,0,chr10:47553602:upper_lobe_of_left_lung:0,TN,0
-0.27382326,1.8317076,1.3270333,-0.39708492,0.2214822,0.0695318,0.20500101,1.2414742,-0.23187597,-0.44506973,1,chr4:185542103:thoracic_aorta:0,FN,0
-2.032125,0.5865414,0.9716232,0.79755485,-0.63258165,0.055768047,0.9521926,-0.80826753,0.21300314,0.59370464,0,chr11:119084798:body_of_pancreas:0,TN,0
-1.742878,0.22065185,-1.6075073,-0.47982532,0.27700064,-0.07923763,0.28879282,0.25482544,-0.00734507,0.21541049,0,chr6:26200478:prostate_gland:0,TN,0
2.0491493,-2.411137,-0.78251064,-0.33404982,0.06888687,0.37908018,1.2065501,0.32771623,0.14090613,-0.45432803,0,chr17:40909531:tibial_artery:0,FP,1
-2.2462413,-0.54400414,-1.1124494,0.16303457,0.17201586,-0.09199341,0.29845318,0.3844523,0.074538834,-0.3368984,1,chr12:26092001:upper_lobe_of_left_lung:0,FN,0
-2.950242,0.5150369,-0.60594565,-0.8848498,-0.18230358,-0.17250367,-0.31664914,-0.39967096,-0.014594381,0.19270304,1,chr4:110826866:gastrocnemius_medialis:0,FN,0
1.6439279,0.57168525,1.2782831,-0.1795986,-0.69907856,1.2770644,-0.5331148,1.6909285,1.0467024,-0.98472875,1,chr19:21484173:gastroesophageal_sphincter:0,TP,1
5.7655153,-0.44116634,0.12123218,0.200321,0.54885316,-0.15422355,0.062637754,0.11006552,-0.27603006,-0.34680098,1,chr19:4352840:esophagus_muscularis_mucosa:0,TP,1
-2.225003,0.9376648,-0.09317564,-0.22657132,-0.5007593,0.49560288,0.09851865,0.090501904,-0.021346794,-0.9790232,0,chr15:85590027:transverse_colon:0,TN,0
-2.661536,0.96571934,0.6393751,1.937727,-0.5128875,-0.4661866,-0.03769618,0.00605047,0.22646263,-0.09114817,1,chr10:131312556:prostate_gland:0,FN,0
-2.8268354,-1.9646589,-0.35104188,-0.017254505,-0.13230969,-0.7105979,-0.18148515,0.016510457,-0.068977766,0.10680675,0,chr8:22756288:adrenal_gland:0,TN,0
-1.4568375,0.939739,0.17147653,-0.5262115,0.029565724,0.14220653,0.71717703,0.360891,-0.6462749,0.5457722,0,chr15:31334669:body_of_pancreas:0,TN,0
4.8241696,0.41464788,-0.5101654,0.14497814,-1.5873364,0.4964634,0.4370241,-0.3965999,0.15347795,0.62685525,1,chr20:38125471:tibial_artery:0,TP,1
1.0212641,-1.1126765,1.5504482,0.32413313,1.6993785,0.8257551,0.25383562,-1.4711326,0.30492392,0.20855743,1,chr19:19342711:upper_lobe_of_left_lung:0,TP,1
-2.0182085,0.20915543,-1.1071527,-1.077027,0.6014478,0.28978154,-0.19754975,0.045510888,0.2227154,0.20793058,1,chr10:63633852:body_of_pancreas:0,FN,0
5.5232863,-0.80849004,-0.26642707,0.52137786,0.73840714,0.4871541,-0.4419194,-0.020730175,-0.013119671,0.08904898,0,chr19:46715864:esophagus_squamous_epithelium:0,FP,1
-1.4911052,1.5443987,0.6455033,-1.0638274,-0.7468592,0.5897964,-0.11944874,-0.058877204,-0.32239652,-0.41141742,0,chr5:139628817:body_of_pancreas:0,TN,0
6.067408,0.7844697,-0.80354524,0.28703895,-0.33927548,-0.8123746,0.11039054,-0.3926128,0.113720916,0.1021337,1,chr8:38060267:body_of_pancreas:0,TP,1
-1.9582087,2.3111694,0.966025,-1.5771084,0.2848699,-0.13721819,-0.22689238,-0.740384,0.004125741,0.4489654,1,chr2:168375394:Peyers_patch:0,FN,0
-2.1993926,1.7260445,0.21556318,-1.6032245,-0.18499164,0.97504413,-0.9149337,0.16552506,-0.4694431,-0.4108066,1,chr12:40352035:esophagus_muscularis_mucosa:0,FN,0
-1.8590399,0.2370963,1.9962348,1.2155833,0.14107431,-0.4261748,0.24740879,0.5343589,-0.0036484748,-0.12716678,1,chr5:177133842:upper_lobe_of_left_lung:0,FN,0
0.6298901,-0.17799519,0.5395198,-1.1320711,-1.4670506,0.67933935,0.33113,-0.87529117,0.9251641,-0.4007474,0,chr4:153143316:transverse_colon:0,TN,0
-1.7978117,0.17213203,-0.27543253,1.3299236,-0.09489925,1.0030582,0.7710654,0.41698566,0.24343544,0.1862674,1,chr15:40906278:thoracic_aorta:0,FN,0
-0.6971916,-1.5008471,-1.1596776,1.0670154,-0.17628495,1.1943831,0.35549262,0.0974018,0.66141653,0.57903546,0,chr17:75632926:thoracic_aorta:0,TN,0
5.7732425,1.3900224,-0.5668114,0.254778,0.07441952,-1.1194164,0.090232566,0.37950233,0.9025327,-0.0080264155,1,chr17:22856764:gastroesophageal_sphincter:0,TP,1
0.7768066,-0.17215192,0.5097804,0.58844364,0.6422421,2.1556983,-0.25203168,-0.47875005,0.8930242,-0.08446083,1,chr5:179213127:gastroesophageal_sphincter:0,FN,0
-1.8220292,2.6903665,0.44199345,-1.5196173,0.39772415,-0.25124344,-0.53780174,0.16286372,-0.65877503,1.1640935,0,chr3:122837369:body_of_pancreas:0,TN,0
-2.201005,-1.0056605,-0.8780064,-0.3357322,0.32858583,-0.027011994,0.23661917,0.15285715,-0.19728337,-0.064723566,1,chr1:202006221:sigmoid_colon:0,FN,0
0.17194936,-2.2669153,-1.1373312,-1.2005501,0.7199408,0.7786221,-0.53338647,1.3456658,-0.2660514,-0.22548741,1,chr9:17531876:adrenal_gland:0,FN,0
-2.2397296,1.136377,-0.6488118,-0.37375715,-0.10672449,0.8860054,-0.44943705,-0.1268698,-0.30698302,-0.15347485,0,chr4:163550753:body_of_pancreas:0,TN,0
-1.8525916,0.7266792,1.3302438,1.8419198,-0.8589046,0.39062563,0.2144508,0.08946698,0.39975592,-0.3079525,0,chr6:44238150:suprapubic_skin:0,TN,0
-2.1009734,0.45722237,-0.8983642,-0.41601932,0.094368726,-0.42751038,0.5381034,0.15732017,-0.13392045,0.23935926,0,chr6:73524319:transverse_colon:0,TN,0
-2.4522815,-2.5351586,1.5441555,-0.94862705,0.6297392,-0.94216937,-0.35340968,0.30803686,0.37433264,0.3570804,1,chr5:179212877:upper_lobe_of_left_lung:0,FN,0
-0.9121428,-0.2210813,-1.0589451,0.6509254,0.34314343,1.0992713,0.7203317,-0.06684046,0.040798422,0.19966328,1,chr10:69439538:esophagus_squamous_epithelium:0,FN,0
5.2956758,-1.0450677,-0.7453543,0.5338183,-0.82950836,-0.38178033,-0.812991,-0.0014987843,-0.032435603,0.7829249,1,chr11:60251676:upper_lobe_of_left_lung:0,TP,1
4.666343,-1.818974,-0.45829335,0.56358194,-0.118117325,1.0513002,-0.424218,0.5270266,-0.17427556,0.25812212,1,chr7:78040381:sigmoid_colon:0,TP,1
1.8488934,-1.1363828,0.3597646,-0.5662571,-1.8143207,0.27181712,0.78016114,-0.6879814,0.91231394,0.11434923,1,chr9:83219701:gastrocnemius_medialis:0,TP,1
-2.689451,1.25768,0.021317339,-1.5032656,-0.4296329,0.36009574,-0.66692805,-0.5629257,-0.24632166,-0.0508253,0,chr4:147019513:upper_lobe_of_left_lung:0,TN,0
-1.5478126,0.17009921,-0.17534503,0.085825175,0.27129784,-0.17587106,0.69815826,-0.25584456,-0.007522292,-0.14480226,0,chr19:52942044:upper_lobe_of_left_lung:0,TN,0
2.042211,-0.6406368,-0.5205016,-0.66762674,-1.6462345,0.45468995,0.8313385,0.560182,0.68884265,-0.38710678,1,chr6:43386692:gastrocnemius_medialis:0,TP,1
5.7625885,0.33159822,0.20374718,0.016734617,0.8903535,-0.3369026,-0.3451563,-0.76116335,-0.13092558,-0.52991164,1,chr16:85086903:prostate_gland:1,TP,1
-1.2169015,-0.20059077,-0.83605105,-0.016147526,-0.36386165,0.31378597,0.6903575,-0.019595457,-0.17194262,-0.040488064,0,chr1:151945687:Peyers_patch:0,TN,0
-3.017466,1.1377423,-1.0087533,-0.54358375,0.31073922,0.16175836,-0.17264389,-0.09599708,-0.26749027,-0.14872417,0,chr9:72292680:thoracic_aorta:0,TN,0
-2.468849,0.10311681,-1.4966594,-0.040526755,0.30684012,-0.14158833,-0.02005941,-0.0031271547,-0.41094205,0.19581713,0,chr5:132883094:body_of_pancreas:0,TN,0
-2.743594,0.5171102,-1.0744458,-0.26522636,-0.16296642,0.18658194,-0.29000583,0.15992199,-0.19177148,-0.1251447,1,chr11:94519473:adrenal_gland:0,FN,0
-3.1342905,1.6547236,-0.5730683,0.16311641,-0.52846104,0.09049388,-0.87213755,0.017979393,-0.12525986,-0.10400109,0,chr8:140831477:gastroesophageal_sphincter:0,TN,0
-2.226819,0.26154765,-1.1833135,0.31537554,-0.14598773,0.38541508,0.19128503,0.015986262,0.23808736,-0.35408694,0,chr10:130128103:gastrocnemius_medialis:0,TN,0
-0.5991917,-1.6163529,0.025148444,1.4917777,0.38164085,1.0560232,0.48848528,0.5211771,0.31255835,0.3627736,0,chr8:97277485:esophagus_muscularis_mucosa:0,TN,0
-2.1020033,0.15075059,-1.0260977,0.5401061,0.5564613,-0.22205372,0.28275308,0.24829145,-0.012927021,-0.019849718,0,chr22:30423639:esophagus_muscularis_mucosa:0,TN,0
-1.4894788,-2.0890799,0.10572443,1.2339547,-0.20918535,1.1992848,-1.0759046,-0.017600693,0.7775781,0.39269036,0,chr17:80427207:gastrocnemius_medialis:0,TN,0
-1.7394054,-0.5841255,-1.0079094,0.1988742,0.4059752,0.83757716,0.3198621,0.38249302,0.16457759,-0.08332255,1,chr7:100949233:Peyers_patch:0,FN,0
-2.8354704,1.5579063,-0.39233452,-0.29127398,-0.16089736,0.29288042,-0.17269126,0.466862,-0.35356578,-0.66839015,0,chr22:24485812:transverse_colon:0,TN,0
5.505221,0.11159091,0.45287395,-0.21240221,1.0989606,-0.20004775,-0.4390086,-0.92451644,-0.15490952,-0.5640098,1,chr16:85086903:thoracic_aorta:1,TP,1
-2.198325,-1.1899838,-1.0019892,-0.91226846,-0.031876124,-0.19233368,-0.143137,-0.035625752,0.18524078,-0.21531348,0,chr10:17607758:prostate_gland:0,TN,0
-1.6798512,0.6988181,1.0932393,-0.30124602,-1.5264319,0.88883924,-0.30522233,0.52667266,-0.67227423,-0.15910678,0,chr5:80092155:sigmoid_colon:0,TN,0
-2.6382167,1.45554,-0.63104403,0.13017297,-0.6707436,0.3639073,-0.05804509,-0.5002242,0.08563744,-0.033562478,0,chr11:74948733:body_of_pancreas:0,TN,0
-2.0015984,-1.4097359,-0.60552377,-0.09793847,-0.1714652,-0.9004037,0.083392486,-0.32380545,0.19340345,0.4414487,1,chr6:32700558:tibial_artery:0,FN,0
5.2035947,2.551865,-0.5797009,-0.10044197,0.26710916,-0.9379192,0.12897241,0.7823068,1.4332738,-0.08237117,1,chr17:23982409:tibial_artery:0,TP,1
-1.0230356,-0.26151168,1.6700501,-0.91492856,0.60838115,-0.9636322,-0.463503,0.04235556,-0.21226819,0.04958196,0,chr10:126227321:body_of_pancreas:0,TN,0
-2.4063234,-0.8552892,-1.0121359,0.051710285,-0.049722403,-0.19081804,-0.06293642,-0.072781205,0.2101014,0.09071848,1,chr11:131064721:prostate_gland:0,FN,0
5.215434,-0.4487028,-0.31970328,-0.23451093,0.56724,-0.23856287,-0.1428143,0.513904,-1.6050369,-0.10475863,1,chr15:77077965:thyroid_gland:0,TP,1
5.9075274,0.65219307,-0.19279698,-0.08096737,-0.011579509,-0.9080297,-0.31560236,-0.4527436,0.19160661,-0.3046269,1,chr7:142753147:body_of_pancreas:0,TP,1
5.6634784,-0.8449427,-0.37336817,0.3500447,-0.14616476,-0.62985754,0.06411212,0.6509438,-1.2985854,-0.134085,1,chr3:81292180:spleen:0,TP,1
-3.0175874,-0.002851879,-0.9540865,-0.45213237,0.23433062,-0.5414918,-0.09619564,-0.2503691,0.010639092,-0.047114246,0,chr7:44985942:body_of_pancreas:0,TN,0
-2.7521305,-0.063585214,-1.0521021,-0.06473067,0.10401592,-0.03150047,-0.25452763,-0.109686315,0.1069489,-0.31697676,1,chr9:127348292:tibial_nerve:0,FN,0
-0.5543346,0.08818763,0.1066907,-0.6571356,-1.2815939,1.3041658,-0.31234825,0.054041963,-0.088426955,-0.5554949,1,chr6:106223515:suprapubic_skin:0,FN,0
5.9608345,0.41486943,-0.5133632,0.07356601,-0.22984347,-0.7438318,0.3427156,-0.23283482,0.35178944,0.15778758,1,chr9:62609408:thoracic_aorta:0,TP,1
-1.87658,1.0694947,0.00038318557,-1.5041802,-0.75587875,0.5689818,-0.74282503,-0.37483165,-0.3224878,-0.88083726,1,chr5:123274158:esophagus_squamous_epithelium:0,FN,0
-3.4115393,1.0372512,0.18114088,0.34459636,-0.66946554,-0.43475527,-1.1142926,-0.072982244,-0.004660282,-0.03555475,0,chr19:42923473:upper_lobe_of_left_lung:0,TN,0
-2.7439036,0.19308586,-0.53166586,0.78296506,-0.63755375,-0.2480139,0.15461957,-0.18284446,0.28529227,-0.24250488,0,chr3:13461706:tibial_nerve:0,TN,0
-2.32258,-0.39131567,-1.245481,-0.15715113,0.17472646,0.12213318,0.15602168,-0.32450384,0.41801894,-0.4338547,0,chr2:111667723:spleen:0,TN,0
-3.018424,0.1290512,-0.43689454,0.5417932,-0.27431935,-0.73831356,-0.1411869,-0.16646181,0.08485802,-0.2781216,1,chr11:1652791:transverse_colon:0,FN,0
5.9542837,-0.006974666,-0.54982793,0.42547628,-0.018717717,-0.23857747,-0.26871994,-0.3661682,0.04941663,0.13422048,1,chr17:45585364:testis:0,TP,1
-2.8712122,0.42648986,-0.477974,0.6439982,-0.092717625,0.37486973,-0.28941765,-0.053123035,0.21748212,0.15673937,0,chr19:3618617:upper_lobe_of_left_lung:0,TN,0
5.3634048,-0.9909421,-0.25188652,0.6835061,0.5526065,0.49414417,-0.5854355,-0.104716025,-0.4774988,-0.16517521,1,chr1:27556965:spleen:1,TP,1
-2.2757747,-1.3685368,-0.36149028,-0.450207,0.001354907,-0.60868144,0.100547455,-0.36436263,-0.26799574,0.39490253,0,chr1:65264540:thoracic_aorta:0,TN,0
-0.24893577,-0.09985436,1.5352677,0.85232276,1.3261089,-0.0023386949,0.8745204,-0.008284488,-0.4222545,0.2952722,1,chr15:90957065:body_of_pancreas:0,FN,0
-2.5647266,0.19955184,-0.079124734,1.3299704,-0.25889027,-0.19152296,0.34432146,0.16186792,0.03140672,-0.06044059,0,chr19:36791904:tibial_artery:0,TN,0
-1.1082098,0.7844514,-0.37390113,-0.70970577,0.097642526,1.6494842,-0.06275277,0.73894024,-0.053891048,-1.0057427,1,chr13:59231448:body_of_pancreas:0,FN,0
-2.4576452,0.43214026,0.06441538,1.2704775,-0.007212838,-0.6249844,0.4285431,-0.03915992,-0.10467387,-0.10323107,0,chr5:173144896:testis:0,TN,0
-2.175038,-0.38175094,-1.2981535,0.1962365,0.08862277,-0.362143,0.2932728,0.26423937,-0.20712057,-0.0032806136,0,chr1:95806692:spleen:0,TN,0
3.0442216,-1.0585921,0.058716293,-0.14191796,-1.1801323,1.3311945,-0.43704817,0.19596538,-0.62597287,-0.08099047,1,chr14:106209962:transverse_colon:0,TP,1
0.07148323,0.6224253,0.84239566,-1.5575179,0.3802757,0.1414637,1.2624676,-0.27822205,0.029576052,0.5152315,1,chr7:134519810:Peyers_patch:0,FN,0
-2.3462229,0.92721915,1.0668064,-0.3211666,-0.99061286,-0.5188286,0.68296385,0.19094145,-0.08121117,0.7057352,0,chr1:161647575:adrenal_gland:0,TN,0
-3.1422741,0.7147685,-0.5387024,0.26458782,-0.52718365,0.0014402258,-0.42494455,-0.21428788,0.36670178,-0.13590299,0,chr19:43210910:suprapubic_skin:0,TN,0
5.5226064,-0.34314856,-0.46025768,-0.09346234,0.08947532,-0.73632145,-0.20540491,0.17730469,-1.0244666,-0.14961314,1,chr1:192003039:prostate_gland:0,TP,1
-0.01734097,0.8232285,0.08437926,-1.3874766,0.6295328,0.19527419,0.92281854,-0.4252781,-0.23418114,0.2560288,0,chr20:50171759:body_of_pancreas:0,TN,0
-3.1170576,1.261508,-0.65921396,-0.8319445,-0.068609044,0.33570322,-0.9768935,0.07147748,-0.32586187,-0.11726552,0,chr1:64676311:transverse_colon:0,TN,0
4.0650864,3.6912606,-0.37417802,-0.72960854,0.9695737,-0.40015894,-0.39553705,1.3560101,1.1974946,0.30786452,1,chr8:44636977:esophagus_muscularis_mucosa:0,TP,1
2.370148,0.82128316,0.11013259,-0.30453864,-0.47512966,0.25176945,0.79489714,0.1790742,0.043605246,0.57793117,1,chr8:64540948:body_of_pancreas:0,TP,1
-2.624992,-0.74392104,0.31245163,-0.7437502,-0.2179573,-1.2138624,0.1734528,0.24797286,-0.20004474,0.0004986041,0,chr8:8247882:spleen:0,TN,0
-2.7639792,-0.2835756,0.4003133,1.4696845,-0.6156411,-0.074647434,-0.12783746,0.17177881,0.14621186,-0.5093961,0,chr12:12357162:body_of_pancreas:0,TN,0
-3.0104432,0.38385907,-0.5001678,0.4390406,0.10470073,-0.5130107,-0.36408547,-0.29865867,-0.029778538,0.19597265,0,chr1:18821187:sigmoid_colon:0,TN,0
-1.7255096,0.33234,0.79992163,-0.4900897,0.04548842,0.43861356,-0.72213405,-1.2889692,0.06713449,-0.20460397,0,chr9:63860279:body_of_pancreas:0,TN,0
-2.8523772,0.07038456,-0.051842958,0.86991096,-0.47089815,0.48913723,-0.28146324,-0.061863966,0.6280905,0.025100512,0,chr15:32388404:transverse_colon:0,TN,0
-0.44748995,-1.6125256,1.928248,-1.7243633,-0.042063344,-0.540114,-0.36565274,-0.57983273,-0.37595618,-0.279053,0,chr6:89971746:body_of_pancreas:0,TN,0
-2.6486566,-0.14903827,0.045992125,-0.30755615,-0.38393328,0.4304002,-0.76458395,-0.52104187,0.030683922,-0.46212566,0,chr9:65676571:body_of_pancreas:0,TN,0
0.47597995,1.9069226,0.63184714,-0.7344403,-0.1872128,0.27241597,0.5714032,-0.28442672,0.36550868,0.42031354,0,chr7:65871218:body_of_pancreas:0,TN,0
-0.7820733,-3.246102,-0.0918965,-0.4128865,0.9000229,0.5616093,0.005915389,-0.58659285,0.2378653,0.2686246,0,chr1:19647719:transverse_colon:0,TN,0
-1.3912296,-0.1424899,1.4273472,-1.8886927,0.24656023,-1.0178478,0.47675905,-0.21077761,-0.15565556,0.0109877195,0,chr7:85877525:body_of_pancreas:0,TN,0
1.4748044,-1.1244694,1.2813133,-0.48528233,1.5760492,0.78988534,-0.101297,-1.4669981,-0.15675919,-0.15677753,1,chr8:41651698:transverse_colon:0,TP,1
5.271247,1.629704,-0.31092462,-0.057542525,0.29203868,-0.9664879,0.16310538,0.7310478,1.473422,-0.04383042,1,chr17:22856764:testis:0,TP,1
-0.93522996,-0.8249124,0.46545672,1.1511163,-0.32839,1.2089261,-0.29332972,-0.117690936,0.04061933,0.23275569,0,chr9:127558837:body_of_pancreas:0,TN,0
-1.4662918,-1.5232346,-0.96156555,-0.2889291,1.2065101,0.03070717,0.18798724,0.25598487,-0.35705727,0.019561049,1,chr3:157077735:thoracic_aorta:0,FN,0
-1.1678035,-1.6067524,-0.9269305,0.33431524,-0.041078426,-0.053299252,0.64686793,0.20850024,0.18828982,0.5194815,0,chr11:129696084:transverse_colon:0,TN,0
4.577084,0.024652332,0.8466873,-0.1261428,0.8996623,0.23496737,0.03274892,-0.7136509,0.3380127,-0.22953771,1,chr19:1037766:upper_lobe_of_left_lung:0,TP,1
-0.9756076,-1.0693542,-1.2534869,-0.039444987,-0.21384409,-0.09767273,0.607537,0.1690501,0.2310275,-0.018577604,0,chr11:26754057:prostate_gland:0,TN,0
-1.4500601,-3.6565611,1.6336923,0.5744758,-0.56548816,-1.057635,0.30579785,-0.22160159,0.18373811,-0.66882986,1,chr8:144020457:transverse_colon:0,FN,0
6.003404,0.6329915,-0.7537253,0.3196516,-0.52787554,-0.8300821,0.08189548,-0.47730514,0.31769097,0.12091745,1,chr3:75785609:transverse_colon:0,TP,1
3.2066796,-0.42356223,-0.09585513,0.30286834,1.3700011,1.3519663,-0.3379381,-1.0521032,-0.5595108,0.06605483,1,chr17:80290381:body_of_pancreas:0,TP,1
1.6149163,-1.3256826,1.7739832,-0.70017624,1.9387858,0.28142253,-0.1573877,-1.3236659,0.33934245,-0.2568961,1,chr8:41651698:tibial_nerve:0,TP,1
-2.1804385,-0.008318461,-0.51971287,0.9354783,0.2770636,0.03918557,0.37464765,0.11525945,0.006678119,0.3009021,1,chr16:4273965:transverse_colon:0,FN,0
-2.4937522,-0.38493004,-0.79338706,0.02970904,0.72595155,0.27452487,0.09240686,0.20065223,0.062435564,-0.30032974,0,chr10:84196592:transverse_colon:0,TN,0
4.65203,-1.113038,-0.72768235,0.48778322,-1.295884,0.20092729,-0.70220274,-0.06660315,0.6583129,1.2136879,1,chr1:13277261:upper_lobe_of_left_lung:0,TP,1
0.85244983,6.2727833,0.70172036,-0.18718705,-0.17517787,0.7720229,0.47246343,0.70361274,0.8583768,-0.77199244,1,chr17:61637582:sigmoid_colon:0,FN,0
-2.354316,0.924759,0.92389005,1.5371646,-0.5623289,-0.35484174,0.27577892,0.038463656,0.18589729,-0.6278571,0,chr11:101127373:tibial_nerve:0,TN,0
4.2037053,0.72403747,1.6552708,-0.1733903,1.5247469,0.10025742,-0.07430667,-0.63007075,0.7412397,-0.24572507,1,chr16:579030:upper_lobe_of_left_lung:0,TP,1
-1.6544235,0.27314872,-0.14455082,0.2060881,0.36520126,0.09158414,0.7300268,-0.6444487,-0.037290767,-0.21291637,0,chr12:6372809:Peyers_patch:0,TN,0
-0.6096643,1.1738318,1.2127663,0.11021587,-0.20641969,0.68535095,-0.6702771,-0.68442786,-0.064001344,-0.8873712,0,chr16:1781910:esophagus_muscularis_mucosa:0,TN,0
-0.9993113,-2.5304062,-0.24279271,-0.41032314,1.9418533,0.2987255,-0.49495813,0.62836814,-0.2966275,-0.2193443,0,chr12:52873780:prostate_gland:0,TN,0
4.62713,-0.2868099,0.23885958,-0.046128556,0.600119,0.64515144,0.006131239,0.14478377,0.025539303,-0.46566007,1,chr16:14928207:sigmoid_colon:0,TP,1
-1.9991256,-1.1312033,-0.5666934,0.9918661,-0.22502038,0.08861145,0.234775,-0.24184471,0.43571633,0.24595216,0,chr3:38004036:body_of_pancreas:0,TN,0
-1.9496397,0.23104253,-0.3547226,0.65435946,-0.023913441,0.7245294,0.3220103,-0.33398613,0.55862963,-0.11433778,0,chr2:232327219:prostate_gland:0,TN,0
-2.5198386,-0.030225862,-0.18826295,0.7826859,-0.41692775,-0.42799422,0.31981847,0.054845583,0.03237594,-0.31195557,0,chr9:75890549:upper_lobe_of_left_lung:0,TN,0
-1.8364159,-1.0907513,-0.92152184,0.5037623,-0.37497637,-0.02950229,0.10006457,-0.14971729,0.13503605,0.1086925,1,chr2:73620102:body_of_pancreas:0,FN,0
-3.1510115,-0.40585378,-0.27439418,0.1883138,-0.26551008,-0.3235507,-0.72728175,-0.050854266,-0.25324422,0.41257656,1,chr5:149431239:adrenal_gland:0,FN,0
-2.696219,0.09876409,0.2933289,-0.41031516,0.110777415,-0.30800372,-0.8400677,-0.080724165,-0.4374806,-0.12647578,0,chr16:10954516:body_of_pancreas:0,TN,0
-0.31167114,-0.3422399,0.052928206,1.1906297,1.41347,1.3177037,0.06917441,0.38178012,-0.6457995,-0.655246,1,chr12:38138330:upper_lobe_of_left_lung:0,FN,0
5.7656293,0.56331074,-0.68669647,0.306647,-0.7262443,-0.5350231,0.14652346,-0.011823903,-0.7744327,0.18684512,1,chr10:96641123:prostate_gland:0,TP,1
-1.282096,-0.6853295,-0.038985934,1.3839215,-0.18879165,1.2694064,0.8146742,0.26905543,0.5644946,0.21840867,1,chr15:40906278:spleen:0,FN,0
-1.5895065,-0.4635617,-1.0047699,0.30424726,1.3987402,-0.021744236,0.16740407,0.3750823,-0.3891336,0.31623185,0,chr12:127280801:Peyers_patch:0,TN,0
-1.9255311,1.0160567,0.5648575,1.6616375,-0.2669598,-0.5552423,0.8220626,0.19119015,-0.0323333,-0.6032844,0,chr2:152176078:gastroesophageal_sphincter:0,TN,0
-2.0604026,1.1216416,-0.36560187,-0.73093885,-0.105836615,-0.00093301997,0.45556208,-0.017871253,-0.36286482,1.0741688,0,chr2:25700252:gastroesophageal_sphincter:0,TN,0
5.812833,1.152573,-0.6637909,0.19772564,-0.11548284,-1.195735,0.09216782,0.14155619,0.8290215,-0.05706254,1,chr17:23044492:transverse_colon:0,TP,1
-1.7143902,-0.232381,1.5647541,-1.7848561,-0.07601223,-0.34640428,0.41382164,-0.40015694,-0.45361838,0.05012172,1,chr2:240663887:body_of_pancreas:0,FN,0
-1.4101994,-0.5043906,-1.8342277,-0.5938577,-0.14315361,0.41814208,0.51127136,0.27062017,0.22020108,-0.41189703,0,chr2:46011104:Peyers_patch:0,TN,0
-2.4165127,-0.34232518,-1.0525241,-0.032748014,0.5808568,-0.3465098,0.34269717,-0.016852258,-0.0793518,-0.07265856,0,chr3:169150666:body_of_pancreas:0,TN,0
6.1597958,0.30907327,-0.21335289,0.16437094,0.29480553,-0.7319893,-0.07120115,-0.42958936,0.032973338,-0.1715158,1,chr12:52949266:upper_lobe_of_left_lung:0,TP,1
-1.7740921,-0.69944817,-0.40878224,0.89202076,-0.10182052,0.23188472,0.89014435,0.17837603,-0.0069562714,-0.3352357,0,chr10:6202324:transverse_colon:0,TN,0
-2.2058928,-0.14992896,-1.1760815,-0.18720411,0.51756626,0.27160072,-0.03984146,0.17850891,-0.042250104,-0.31459838,1,chr14:90697830:esophagus_squamous_epithelium:0,FN,0
-2.516929,-2.3996184,0.56101733,-1.3305261,-0.65952474,-1.048127,-0.14445339,-0.61701965,0.17571363,0.1820075,1,chr7:47266370:adrenal_gland:0,FN,0
5.67489,0.37994334,0.17721161,0.015384261,0.7302772,-0.3412916,-0.37560183,-0.9265518,-0.056128684,-0.59556776,1,chr16:85086903:upper_lobe_of_left_lung:0,TP,1
-0.6837705,-1.4679791,0.8285145,0.57844466,1.0495242,1.4349265,-0.08855525,-0.29950383,0.2579721,-0.18909635,1,chr5:179213127:tibial_nerve:0,FN,0
5.7314916,0.31946966,-0.012752225,0.41358882,0.6972659,-0.07085084,-0.4091434,-1.0837574,0.028661765,-0.2697677,1,chr12:8390645:transverse_colon:0,TP,1
-2.8442667,1.29731,0.17656663,1.1944113,-0.5050771,-0.64507914,0.021539213,-0.0941058,0.01741206,-0.19793451,1,chr9:97633155:esophagus_muscularis_mucosa:0,FN,0
-2.4184122,-0.20605533,0.2714812,0.64749974,-0.12994061,0.25002804,-0.563782,0.021515,-0.30582738,-0.44820714,1,chr16:21935488:prostate_gland:0,FN,0
-2.580771,-0.5180433,1.5481023,0.17324007,0.8315625,-0.47074237,-0.07133795,0.071937755,0.47476614,0.87128127,1,chr18:597094:prostate_gland:1,FN,0
-0.9646401,0.4482423,0.7623052,-0.3089841,-0.67628634,1.3229356,0.14569505,0.045996193,-0.43557334,-0.60569316,0,chr5:149902426:adrenal_gland:0,TN,0
-1.4469006,-1.9140818,0.66712004,-0.4954092,0.127138,-0.85366917,1.1063701,0.3342974,0.021089934,0.51145685,0,chr1:202118807:transverse_colon:0,TN,0
-2.166319,-1.2852523,-0.43731627,-0.52508503,0.033887178,0.23955543,0.06398293,0.83124524,-0.31505388,-0.15460666,0,chr10:23158214:Peyers_patch:0,TN,0
-1.4854007,-1.6442361,-1.1868103,0.35424873,-0.04387628,0.10902479,0.27246502,0.6277004,0.15062472,0.42928743,0,chr7:27200862:body_of_pancreas:0,TN,0
-2.4959254,0.17048527,1.609953,1.7239798,0.056154247,-0.35028985,-0.7775138,0.23335747,0.03636989,-0.29491183,0,chr2:96208568:tibial_nerve:0,TN,0
-2.3996794,-1.0658336,-0.36143038,-0.037380014,0.32578465,-0.18937698,-0.038948614,0.5137507,-0.55209607,-0.26198593,0,chr6:150599745:transverse_colon:0,TN,0
-1.7364973,0.97287846,-1.2666461,-0.881609,0.69648933,0.41435215,0.4065497,0.57494885,-0.51673275,0.18779615,1,chr1:108214824:transverse_colon:0,FN,0
-1.9455189,-1.1813298,-1.1029875,0.41200757,-0.11515105,-0.7419454,0.36716217,-0.034589384,0.13426623,-0.02983945,1,chr6:131199853:tibial_nerve:0,FN,0
-2.6299744,2.3554692,0.7257233,0.77467346,-0.6351454,-0.30476266,0.36583474,-0.3494148,-0.16126354,0.34892887,0,chr11:43680454:testis:0,TN,0
-0.97192234,-0.6773606,0.1860893,1.2565585,0.58093226,0.81202364,0.6000772,0.3778269,0.21459627,0.36512935,1,chr8:143738697:prostate_gland:0,FN,0
-2.1748507,-0.49233273,1.7731432,1.8989043,-0.1348571,-0.3105731,0.045465715,0.11687069,0.08523057,0.25708726,0,chr5:178730754:tibial_artery:0,TN,0
-1.8640448,-1.0189748,-0.9184891,0.2510776,-0.037315942,-0.31992087,0.25048473,-0.11282217,0.02326387,0.05627195,0,chr6:24991997:thyroid_gland:0,TN,0
3.116799,2.2921786,0.05902616,-0.9582456,0.34240144,0.90514284,0.81376684,-0.0847055,-0.77519417,0.08636759,0,chr17:61777919:sigmoid_colon:0,FP,1
-1.5873663,-0.8390275,-0.9184051,0.03028017,-0.11958348,0.11111573,0.8899963,0.42563155,0.22016649,-0.4345876,0,chr11:12894326:esophagus_muscularis_mucosa:0,TN,0
-2.2659876,1.7689744,0.58177274,-0.16627221,0.015337725,0.2292697,0.43793303,-0.59272254,-0.33543098,0.35961768,1,chr19:17260758:spleen:0,FN,0
-3.2984366,-0.24338585,0.23886365,0.15100786,-0.15096794,-0.6500212,-0.9732548,0.06444706,-0.19058092,-0.24475603,0,chr10:14543432:tibial_nerve:0,TN,0
-2.649339,-0.43491748,-0.22567615,0.08824587,0.035385553,-0.35854545,-0.5066568,0.44575474,-0.46560264,0.3002983,1,chr5:149431239:Peyers_patch:0,FN,0
-1.5349971,2.6934123,0.9046966,-0.08449063,-0.73276836,0.99712807,0.35433206,-0.4321976,-0.3721746,1.1296692,1,chr8:30486503:gastroesophageal_sphincter:0,FN,0
5.83282,-0.1268677,-0.7233559,0.41292402,-0.11605766,-0.54055274,-0.061002653,0.40796244,-0.99013627,0.16167498,1,chr8:93405667:thyroid_gland:0,TP,1
-3.3644342,0.92125666,-0.16183841,0.10119541,-0.28252572,-0.35989878,-1.3195066,0.009605353,-0.10065408,-0.15290898,0,chr15:97235651:esophagus_muscularis_mucosa:0,TN,0
-2.5373504,-0.1586209,-0.9746603,0.535086,-0.42732215,0.9622032,-0.4534698,-0.02404432,0.45474905,0.0032273508,0,chr1:146401430:thoracic_aorta:0,TN,0
1.3605655,-1.6205103,1.9770373,-2.0430956,0.33587053,-1.2046384,-0.45694187,1.8031209,0.47753814,0.30978703,1,chr2:93976867:gastrocnemius_medialis:0,TP,1
6.0513334,0.573499,-0.71181935,0.2839491,-0.4088729,-0.8667127,0.11308549,-0.45408967,0.27085367,0.077852234,1,chr3:75785547:adrenal_gland:0,TP,1
0.19289295,-0.41798964,0.9836523,-1.4625208,-0.8212584,-0.43333694,0.6739191,-0.37222484,0.71328235,-0.25159362,0,chr19:7239825:transverse_colon:0,TN,0
-2.083405,0.9216714,0.55934507,0.36371803,-0.79371053,0.14019857,0.49677983,-0.5720899,0.47513884,0.16326736,0,chr6:150865507:spleen:0,TN,0
-2.8532553,0.059288308,-0.5067396,0.5435507,-0.27425584,0.18068983,-0.3827136,0.155634,-0.08058079,-0.35116482,0,chr14:69818942:upper_lobe_of_left_lung:0,TN,0
-1.7813461,0.6469099,-0.84081477,-0.5161855,-0.32686856,0.9131868,-0.108123094,-0.07977418,0.03968369,-0.018560795,1,chr6:106223515:prostate_gland:1,FN,0
0.23234537,1.4752556,0.55851144,-1.0531874,-0.42237806,1.4004378,-0.009670596,-0.0802578,-0.5142587,-0.5374482,0,chr2:232203751:body_of_pancreas:0,TN,0
-2.7122571,1.1234435,-1.2068552,-0.5607114,0.18601434,-0.1919503,-0.15645124,-0.14716402,-0.050133377,-0.06689119,0,chr2:52503462:body_of_pancreas:0,TN,0
-2.2768517,-0.95316666,0.6341041,1.1960987,0.45832795,-0.84961545,0.09731899,0.61639833,-0.09891579,0.37909877,1,chr5:181184339:body_of_pancreas:0,FN,0
-0.8146155,-2.8759394,0.32706237,1.1170543,0.9060041,0.8094509,-0.32446906,0.747563,0.18893084,0.45837346,0,chr5:181184339:upper_lobe_of_left_lung:0,TN,0
-2.2043068,-1.4993057,-0.56864464,0.017998619,0.4853551,-0.49061108,0.5117358,-0.19827971,0.20926468,0.20270774,0,chr10:119317424:thoracic_aorta:0,TN,0
5.816974,-0.9550153,-0.10254273,0.2949792,0.44006237,-0.015845837,-0.4841198,-0.053861067,-0.46838978,-0.38435033,1,chr1:27556965:transverse_colon:1,TP,1
5.5253687,1.1970987,-0.2093211,0.10035607,-0.5319968,-0.35888308,0.2047263,-0.17642729,-0.7540013,0.05778874,1,chr10:96641123:esophagus_squamous_epithelium:0,TP,1
-0.63833535,0.40628305,0.8612487,-0.5978273,-0.28322482,1.0204592,0.59458274,-0.2940998,-0.1143118,-0.5654108,0,chr5:10607406:upper_lobe_of_left_lung:0,TN,0
-2.308198,-0.20714352,-0.86163664,0.39312544,0.20470719,-0.5434125,0.279157,0.14586176,-0.28810057,-0.08012612,0,chr10:100481455:upper_lobe_of_left_lung:0,TN,0
6.1264257,0.34727034,-0.5688533,0.111625835,0.20933025,-0.5141167,-0.06333043,-0.2857442,0.07396,-0.1245917,1,chr22:46739374:body_of_pancreas:0,TP,1
-2.1069446,1.8646806,0.37949723,-0.53097,-0.030063929,0.39072898,0.2532246,-0.32101288,-0.37017557,1.1229607,1,chr11:66580245:body_of_pancreas:0,FN,0
-2.1471658,-0.26624656,-0.16737185,1.1942736,-0.11537297,0.32603455,0.55497533,0.25280228,0.43806785,0.2715242,0,chr2:28452449:Peyers_patch:0,TN,0
-2.4261007,0.6331686,-0.7739678,0.7883005,0.2247172,-0.27740064,0.11399245,0.05113299,0.12151645,0.13886108,0,chr22:30423639:testis:0,TN,0
-1.4057212,-0.58391136,1.8847698,-1.9679778,-0.6060895,-0.20060824,-0.036191486,-1.049472,0.04684297,-0.43652675,1,chr3:1072175:Peyers_patch:0,FN,0
-2.810234,-0.690757,0.7649743,-1.3693246,-0.19749875,-0.86446697,-0.24930306,-0.87363654,-0.093074955,0.2808449,0,chr12:115383505:prostate_gland:0,TN,0
0.018519145,-1.3893765,0.083521135,-0.5841341,1.6420995,0.36644214,0.8261414,-1.0950183,0.67558926,0.06535174,0,chr16:28317594:thoracic_aorta:0,TN,0
-2.1440916,-0.3944139,-0.20969157,0.692141,0.88173455,0.3328275,0.010020765,-0.10885922,-0.017384158,-0.47021857,0,chr16:88763413:upper_lobe_of_left_lung:0,TN,0
-0.8888873,1.953187,0.73710036,-2.0270424,0.7141014,-0.6609641,-0.3933769,0.96148247,-0.020751126,0.9544002,0,chr2:73481655:body_of_pancreas:0,TN,0
-3.1120892,1.0032233,-0.00185693,0.04966547,-1.1339021,0.5428418,-1.0421395,-0.26278004,0.18097399,-0.117111646,0,chr8:54166457:Peyers_patch:0,TN,0
-0.9502378,0.32567462,1.0529789,1.3191291,-0.18796293,0.7301537,0.44085458,0.54148406,0.08750722,-0.31123513,0,chr11:63839165:tibial_artery:0,TN,0
-2.8592126,1.0436188,0.49556077,1.0626935,-0.37416217,0.27573007,-0.20477277,-0.2255037,0.22823049,-0.11632199,0,chr12:109597967:gastrocnemius_medialis:0,TN,0
3.983486,2.1004572,-0.096866705,-0.14641492,-0.98760283,-0.24440166,0.9938432,0.81243485,-0.88901323,-0.032250706,1,chr17:64014379:body_of_pancreas:0,TP,1
5.7584333,1.4127246,-0.55338955,0.010092437,0.11556941,-0.9122509,0.06832556,0.5959997,0.9223709,0.021549534,1,chr8:45161494:transverse_colon:0,TP,1
4.0208125,0.5839752,1.6746871,-0.15994747,1.1869518,0.0032150638,-0.26382318,-0.6430797,0.7197175,-0.09627904,1,chr16:579030:body_of_pancreas:0,TP,1
0.09458798,-1.7315496,-1.5252051,-0.66278476,1.0072914,0.64074856,0.5791825,0.56092364,0.07616036,0.15234154,0,chr16:2639134:adrenal_gland:0,TN,0
-2.231457,-0.021331709,-0.5207781,0.7640294,0.23470402,-0.021806082,0.50972867,0.06450315,-0.085607514,0.17883712,1,chr16:4273965:upper_lobe_of_left_lung:0,FN,0
-2.0305493,1.6209495,1.7756823,1.8648524,-0.107350186,-0.31154296,-0.4935187,0.20980851,-0.29808205,-0.10657,1,chr2:46699152:spleen:0,FN,0
3.3025167,-0.11240857,-0.32744613,-0.57071435,-1.0146905,0.78033507,-0.57999724,0.16930687,-0.6700006,-0.10067323,1,chr2:196068383:prostate_gland:0,TP,1
5.782073,-0.7520642,0.048619203,-0.12072683,0.43998033,-0.44373262,-0.19894749,-0.701545,0.030285586,-0.707124,1,chr6:29705705:body_of_pancreas:0,TP,1
-2.6311693,0.24902286,-0.6254105,0.755627,0.21976872,-0.2459818,-0.26845548,0.3105994,-0.13851693,-0.11309359,0,chr7:148941347:tibial_nerve:0,TN,0
5.9246936,0.4964674,-0.45305473,0.26192093,0.026513144,-0.33194968,-0.118019894,-0.39626634,0.054010488,-0.23109245,0,chr12:121918386:testis:0,FP,1
-2.7841513,1.256908,1.0095177,1.5606648,-0.25879034,-1.1637645,-0.36312008,0.11869729,-0.035685614,-0.21178654,1,chr1:26921783:body_of_pancreas:0,FN,0
-2.3633885,-0.5541844,-0.5465485,0.28979567,0.17894317,-0.8123469,0.27511492,0.3329319,-0.26420024,-0.010130617,0,chr10:100481455:transverse_colon:0,TN,0
-2.277705,0.11883933,-1.5896124,0.5411553,-0.04728247,0.051850915,0.30810103,0.16239892,-0.048646502,-0.38046354,0,chr17:77282615:transverse_colon:0,TN,0
-0.7393444,0.29121506,1.1816276,0.24511464,1.1439797,0.21023448,0.79460853,-1.0937119,0.0947627,0.62995034,0,chr19:14097969:adrenal_gland:0,TN,0
0.77256846,-1.2893509,1.6604413,-0.1511292,1.7619001,0.814174,-0.07966644,-1.1509639,-0.0007468152,-0.35231543,1,chr8:41651698:body_of_pancreas:1,FN,0
3.927329,2.3489046,0.008461909,0.27189657,-0.25884727,0.41280803,0.32515493,0.43686602,-0.738843,-0.020807207,1,chr7:73725711:tibial_artery:0,TP,1
-2.83207,1.2818424,-1.211656,-0.3070141,-0.19538638,0.64419734,-0.31169778,0.058585,0.29473644,-0.3828191,0,chr10:84375202:body_of_pancreas:0,TN,0
-2.5074582,0.71448356,1.6202842,-0.9105073,-0.84750414,-0.72692806,-0.7085755,-0.26320353,-0.32440633,-0.50368834,0,chr1:153352478:body_of_pancreas:0,TN,0
0.8713779,-4.32265,0.72268873,-0.88311917,2.030452,0.14969917,-0.3091972,0.38892186,0.4650374,-0.5678818,0,chr18:49640323:body_of_pancreas:0,FP,1
0.17427698,0.51692337,-0.6391718,-1.2623311,-0.5410657,1.598342,0.2848771,-0.49392566,-0.5952909,-0.6814163,0,chr9:86532899:body_of_pancreas:0,TN,0
-2.2651432,-0.43206078,0.9186636,-0.6031139,1.2967155,-0.019215921,-1.4369322,-0.5992107,-0.27797177,-0.053263593,1,chr8:41651698:spleen:0,FN,0
5.9684024,0.061496653,-0.4632537,0.36609682,0.027733108,-0.26057357,-0.14662158,-0.36397535,0.040935718,0.104402654,1,chr17:45585364:tibial_artery:1,TP,1
5.0390005,-0.09609152,0.8972684,-0.19841799,1.489312,-0.08768323,-0.15289944,-0.751017,0.17148633,-0.5866966,1,chr19:45678133:upper_lobe_of_left_lung:0,TP,1
5.723734,0.01682826,-0.37239626,0.7307491,0.1772718,0.119443394,-0.49298337,-0.54810727,0.2980807,0.48422718,1,chr4:1752766:upper_lobe_of_left_lung:0,TP,1
5.058944,-0.14794458,-0.0797792,-0.009137818,-0.04321318,0.69539887,0.47401577,-0.46843827,0.38299456,-0.029448558,1,chr16:50858165:body_of_pancreas:0,TP,1
-2.6693733,-0.07064969,0.012613833,0.4457098,0.43155745,-0.108654946,-0.080139495,-0.07004339,0.12543693,0.059033103,0,chr2:239144036:testis:0,TN,0
1.4258573,-0.010409196,0.29641193,-0.9797886,-0.61920124,0.3689395,0.9735676,-0.033937186,-0.20100516,1.1036525,0,chr14:48070006:adrenal_gland:0,FP,1
-1.4402791,1.3224862,0.7533192,-1.0454568,-0.16391662,0.069756284,0.9057883,-0.040026024,-0.042044863,0.92749,0,chr16:71961415:prostate_gland:0,TN,0
-0.7474416,-1.3049215,-1.2210563,-0.1978656,0.9528817,0.08850777,0.31470633,-0.042582344,0.1163119,0.00094038626,0,chr14:90785685:transverse_colon:0,TN,0
-3.0493562,1.2551658,1.1826828,1.16696,-0.35064238,-0.7092477,-0.827454,-0.123619124,-0.058614712,-0.067493856,0,chr15:34210265:gastrocnemius_medialis:0,TN,0
5.9167213,0.8502275,-0.39589047,-0.107397914,-0.05336226,-0.7850773,-0.28330192,-0.41119957,0.03476268,-0.4084983,1,chr2:86221296:prostate_gland:0,TP,1
-2.452679,-0.48142496,-0.9174549,-0.18356095,0.17878065,-0.6222692,-0.010005167,0.011781619,0.06410825,0.056769177,1,chr9:127348292:gastrocnemius_medialis:0,FN,0
-1.1117941,-1.3092346,0.5367702,-0.27242935,-0.6147625,0.39737585,0.49257943,-0.38035992,-0.078053236,-0.20670065,0,chr17:30340263:prostate_gland:0,TN,0
3.555692,-1.4787664,1.6639943,-1.2644213,-0.4971052,-1.2579035,-0.23880482,0.73492956,0.85398245,-0.038144637,1,chr20:29891901:testis:0,TP,1
-2.8793395,-0.76580685,0.8675463,0.72788775,0.083321586,-0.993834,-0.031218506,0.33048296,-0.12697393,-0.102357045,1,chr1:23960406:upper_lobe_of_left_lung:0,FN,0
-0.45788017,-0.70496094,0.24544647,0.09355641,0.5392388,1.1075276,-0.6907289,0.422324,0.38119245,-0.2880709,0,chr7:64999336:adrenal_gland:0,TN,0
-1.252681,-2.7772431,0.5461659,-0.22502825,-0.18970457,-1.0571622,0.61971664,0.28996518,-0.14530613,0.39833486,0,chr11:74453763:thoracic_aorta:0,TN,0
-2.539626,0.051328868,-0.6321833,-0.36183724,-0.59488964,0.32391512,0.13572945,0.29501623,0.14264281,-0.17463502,0,chr4:82462411:spleen:0,TN,0
3.2538223,0.5359043,1.3359672,-0.99551517,0.42633307,0.012461858,0.8801958,-0.31713223,0.87621456,-0.27073097,0,chr22:50756632:transverse_colon:0,FP,1
0.20604545,2.4203286,0.18960285,-1.35259,0.32070088,1.4068692,0.40651408,-0.4227931,-0.87062764,-1.144784,0,chr3:43734137:thoracic_aorta:0,TN,0
-1.4006853,-3.478786,0.78770715,-0.08609132,0.03923117,-0.67708904,0.51434016,-0.26083693,0.10405794,0.2149085,1,chr9:129441271:thoracic_aorta:0,FN,0
4.369089,-1.8221213,0.0022639332,0.76540476,-0.588892,1.1872375,-0.2841388,-0.21639492,0.3361133,0.8905873,1,chr1:20575428:tibial_nerve:0,TP,1
-2.6195393,1.7048491,-0.26372904,-0.45237643,-0.4041532,0.51663804,-0.26411578,0.14168295,-0.4033082,-0.54275185,0,chr14:76832128:body_of_pancreas:0,TN,0
6.036916,0.5625017,-0.29473552,0.095610484,0.16015708,-0.6055483,-0.030694481,-0.32726032,0.14412016,-0.38072276,1,chr12:121918386:prostate_gland:0,TP,1
-1.1291754,2.2094333,0.96051294,-0.38216636,-0.8094795,1.096079,0.3869113,0.36784878,-0.77651453,0.4320964,0,chr5:80092155:adrenal_gland:0,TN,0
5.4675446,-0.6230014,-0.69846475,0.75546736,-0.41364706,0.18192619,-0.49172664,-0.24291012,0.08911255,0.47879434,1,chr7:78040381:body_of_pancreas:0,TP,1
5.8713512,-0.624837,-0.37184843,0.062020335,0.107289106,-0.5234048,-0.020399692,0.40797287,-0.9841731,-0.03352372,1,chr20:21120370:thyroid_gland:0,TP,1
5.570017,-1.1810467,-0.13125072,0.2776801,0.6768732,0.22763687,-0.39146763,0.17542109,-0.5822051,-0.44383845,1,chr1:27556965:tibial_artery:0,TP,1
-2.2778444,0.77501523,0.7714874,-1.6373333,-0.0955938,0.31645393,-0.62967384,-0.821718,-0.36482295,-0.24203213,0,chr11:6612917:gastrocnemius_medialis:0,TN,0
0.22032899,-0.2554876,0.0011216019,-0.18943371,0.58231723,1.4216996,-0.40701887,-1.3088883,0.39410448,-0.4224511,1,chr11:1303541:body_of_pancreas:0,FN,0
4.9159765,-0.24530548,-0.63829666,0.2535142,-1.3390361,0.23153986,-0.3591738,-0.0069502806,0.15826635,0.4096453,1,chr15:33226849:tibial_nerve:0,TP,1
5.6186514,-0.29935184,-0.23748212,0.2976721,0.78701454,0.2114175,-0.3409323,0.020526735,-0.10148732,0.026858713,1,chr9:42852316:adrenal_gland:0,TP,1
-2.8355727,-0.008802105,-0.007047606,-0.003930748,0.09448275,-0.8004044,-0.043486368,0.07826859,-0.008123429,0.4151605,0,chr21:37712460:body_of_pancreas:0,TN,0
-0.95047534,0.16110285,1.2116795,-1.2754594,-0.044236615,-0.49198377,1.3308762,-0.1468338,-0.09316776,0.2464765,0,chr21:5260541:esophagus_squamous_epithelium:0,TN,0
-0.53110266,1.1745319,2.210728,1.8361895,0.27653444,0.29092863,0.34518346,-0.010140788,-0.4112326,-0.17261204,0,chr17:78925348:upper_lobe_of_left_lung:0,TN,0
-2.7300737,1.3255423,-1.2359058,0.04132989,0.032697517,-0.119126536,0.09103281,0.08809878,0.12483196,-0.21525158,0,chr1:67659484:tibial_artery:0,TN,0
-2.7656984,0.6016258,-0.048989348,0.8847517,0.63876116,-0.4893422,0.1452976,-0.067520544,-0.19092128,-0.11436143,0,chr6:144286170:body_of_pancreas:0,TN,0
-3.090237,1.2280662,0.05886601,0.81380147,-0.18752281,-0.54902023,-0.05148783,-0.30301368,0.16840722,-0.37672028,1,chr9:97633155:gastroesophageal_sphincter:0,FN,0
1.4869395,-1.0562314,-0.31368005,1.1619605,0.91712075,2.2845767,-0.19140239,0.24618079,0.5697765,0.29718408,0,chr2:237858560:body_of_pancreas:0,FP,1
5.1848526,-0.84993607,-0.88972247,0.6474844,-0.97530586,-0.34426078,-0.7635836,-0.043770086,-0.0097611,0.8156193,1,chr11:60251676:Peyers_patch:0,TP,1
-2.8566837,0.23240046,-0.5049282,-1.0512735,0.79139996,-0.6340557,-0.65234256,0.060797427,-0.1663434,0.35313496,0,chr16:28615870:gastrocnemius_medialis:0,TN,0
-1.5318519,-0.3301169,1.9732063,-1.0100617,0.5097477,-0.82959217,0.15585124,-0.26554632,0.12826797,0.9602634,0,chr5:112360842:body_of_pancreas:0,TN,0
-2.609452,-0.4999657,-0.17374358,0.51668954,-0.031588543,0.6582481,-0.7382446,0.37594935,0.121219374,-0.05022783,0,chr3:197510147:thoracic_aorta:0,TN,0
-1.5787683,-0.32171258,-1.2598417,0.26643938,0.5516255,0.77578765,0.1451179,0.37955,-0.015158278,-0.5176353,0,chr15:53197580:tibial_nerve:0,TN,0
-1.8232543,2.237384,0.93986666,0.560952,-1.1327256,0.6774031,0.27875796,-0.014777526,0.2768898,0.6609924,1,chr16:4548780:gastroesophageal_sphincter:0,FN,0
-1.4326617,-1.559594,-0.625294,-0.14911427,-0.6550605,0.7141728,-0.24910472,0.252935,0.55935806,-0.8854743,0,chr18:61551833:prostate_gland:0,TN,0
5.5023437,1.6619523,-0.610297,0.17673856,0.028674884,-0.9569109,-0.0922374,0.41900507,1.0368787,0.0036378147,1,chr17:22856764:Peyers_patch:0,TP,1
-2.4852571,0.7300285,-1.0635614,0.45210496,0.27215418,-0.31635198,0.055267822,-0.0071347198,-0.06689739,-0.03163178,0,chr19:43198867:prostate_gland:0,TN,0
-2.2528512,-0.009611874,0.6647912,1.5386803,0.16954747,-0.41155344,0.38785943,0.1430823,-0.20657572,-0.16832076,0,chr3:24495731:transverse_colon:0,TN,0
5.049905,-0.88564754,-0.12547107,0.050790846,-0.8147661,-0.12266331,0.27065217,0.5032521,-1.2532055,0.017048692,1,chr11:30279727:body_of_pancreas:0,TP,1
-2.0139065,0.14627813,1.2591307,1.6275662,-0.44656244,-0.17568353,0.6357373,-0.15346791,0.05098792,-0.2675969,1,chr4:121696562:tibial_nerve:0,FN,0
-2.9312704,-1.1834025,-0.2865195,-0.02290475,0.27416828,-0.99667305,-0.23005603,0.026363032,-0.2983159,0.4292915,0,chr2:119522880:body_of_pancreas:0,TN,0
6.0759583,0.40840364,-0.53201264,0.34643224,-0.006844412,-0.5700047,-0.121520326,-0.3362645,0.09017337,-0.012300933,1,chr3:75785419:transverse_colon:0,TP,1
5.846341,-0.27240378,-0.37760475,0.11464357,0.19288452,-0.18797915,-0.0038814095,0.15678819,0.18468788,0.03715507,1,chr9:127360508:thoracic_aorta:0,TP,1
-3.1068447,1.1012613,0.3369524,-0.49166325,-0.97025174,-0.05435432,-0.48580885,-0.14878231,-0.13010845,-0.10435867,0,chr11:32792926:testis:0,TN,0
-1.930014,-1.0070933,-0.30055597,0.6551532,0.216703,-0.27388713,0.14517026,0.11532721,0.16110845,0.40937027,0,chr22:24696805:upper_lobe_of_left_lung:0,TN,0
-1.8938406,0.98893905,-1.4172815,-0.61448836,0.47344992,0.8489369,0.11481533,0.4080098,-0.44857308,-0.53019965,1,chr1:108214824:esophagus_squamous_epithelium:0,FN,0
1.162109,2.4805076,0.72298014,-1.32834,0.9647629,0.13127655,-0.31457365,1.6401339,0.0919407,0.33727017,1,chr20:28507029:tibial_artery:0,FN,0
-2.6730404,1.5591197,0.97758776,1.5703979,-0.19169384,0.21927926,-0.7807025,-0.071079925,-0.033445735,-0.2377615,0,chr1:20152614:prostate_gland:0,TN,0
5.9542837,-0.0069742408,-0.5498277,0.4254758,-0.01871725,-0.23857816,-0.26871857,-0.36616814,0.049416095,0.13422036,1,chr17:45585364:tibial_nerve:0,TP,1
-0.8306829,1.1142302,2.0409133,2.2458375,-0.61698264,-0.03218527,0.53537494,0.20660336,0.3109658,-0.2955772,0,chr19:1095336:tibial_nerve:0,TN,0
-3.1436255,1.0484358,0.3901319,0.8367795,0.029546695,-0.1230389,-0.17614618,-0.2895207,-0.0022248519,-0.36438182,1,chr12:109597967:suprapubic_skin:0,FN,0
-0.08379691,0.54554,-0.10894064,-0.83265686,0.32405546,0.58409214,1.4991145,-0.7250793,-0.41984764,-0.023128835,1,chr1:211512213:prostate_gland:0,FN,0
-1.7373843,0.15113996,-1.11776,-0.612743,0.0601469,0.15887848,0.5452582,-0.037748463,0.2586931,-0.24275498,1,chr6:106223515:spleen:0,FN,0
0.07728979,1.2724459,-0.034572598,-0.20057179,-1.1864517,0.99559623,0.25101215,-0.26456362,0.14677604,-0.016707644,0,chr18:9792571:body_of_pancreas:0,TN,0
1.5974466,3.7379181,0.08861748,-0.57683367,0.7795157,-0.2465061,-0.594756,1.1757072,0.72844195,0.2013887,1,chr20:28507029:omental_fat_pad:0,TP,1
3.8639038,4.954701,-0.7339285,-0.325175,0.7976862,-0.14951181,-0.4325656,1.1015819,1.6733941,0.15690556,1,chr17:25564496:omental_fat_pad:0,TP,1
4.188828,3.3081543,-0.40048108,-0.6171671,1.0098952,-0.57712924,-0.36229432,1.2940733,1.3679286,0.2946058,1,chr8:44636977:transverse_colon:0,TP,1
-2.054617,0.40263844,0.25547773,-0.30922648,0.24401747,0.39635506,-0.06532468,-0.63021153,0.11289237,-0.6510503,0,chr21:44761648:prostate_gland:0,TN,0
-1.9218053,-0.39665166,-1.2963895,-0.72151345,0.0739977,0.08134956,0.20958926,0.26816827,0.04530569,-0.07664418,0,chr4:167290814:body_of_pancreas:0,TN,0
5.8334184,0.87623775,-0.578367,0.25290632,-0.09044056,-1.1612294,-0.01998924,0.22881112,0.67231673,0.0015026449,1,chr17:22909996:lower_leg_skin:0,TP,1
-2.7289767,-0.011078262,-0.6821933,-0.2344967,0.69427806,0.5199505,-0.3401577,-0.031242937,-0.071327835,0.22316162,0,chr10:79938966:body_of_pancreas:0,TN,0
3.7653053,-2.8666,0.06594636,0.56871575,0.23363644,1.5842043,-0.58493906,-0.32447413,0.6111281,0.25324357,1,chr19:47436804:esophagus_squamous_epithelium:0,TP,1
-2.5759664,-0.23958716,-0.89754945,0.1253898,0.54583603,-0.52137965,-0.07637178,0.2398295,0.033124015,0.2780429,0,chr10:125982582:thoracic_aorta:1,TN,0
4.575473,-1.8613565,1.0279499,-1.0589774,-0.004086827,-0.989674,0.3354755,0.7742269,0.82214195,-0.2811085,1,chr21:5357485:prostate_gland:0,TP,1
-1.1782645,-1.305643,0.32415232,-0.25264984,-0.07818201,-0.37050915,1.1165134,-0.020496447,0.24827057,-0.18358034,0,chr1:78332182:body_of_pancreas:0,TN,0
-2.2341876,0.05516586,-1.2591616,-0.54079705,0.2917135,-0.2727465,0.17978881,0.07623203,-0.1788457,0.04055721,0,chr12:19757428:suprapubic_skin:0,TN,0
-3.1339228,0.4872202,-0.2636774,0.37381294,-0.04108209,-0.3702331,-0.5921891,-0.046040867,0.2124029,-0.014607851,1,chr11:3409057:body_of_pancreas:0,FN,0
-0.94146925,-0.9154553,1.6138517,-0.8052761,0.41560358,-0.193285,-0.34127977,0.019793786,-0.5315875,-0.43263602,0,chr12:132710050:transverse_colon:0,TN,0
-2.1691434,-0.6019398,-0.37127525,1.0388739,-0.06448084,0.86574036,-0.20060419,0.04162873,0.064931035,-0.068093345,0,chr9:114108103:spleen:0,TN,0
-1.2493706,0.12292078,0.27679306,-0.5072985,-0.4820272,0.21061267,0.5895894,0.3640276,-0.041162718,0.80906683,0,chr1:43779377:prostate_gland:0,TN,0
3.6577537,5.058664,-0.5662503,-0.46536398,1.0531774,-0.30521816,-0.28886172,1.2774941,1.5834497,0.34462714,1,chr17:25579422:body_of_pancreas:0,TP,1
-2.134593,-0.1265872,-0.3691028,0.8425507,0.48602408,0.11667072,0.6026896,0.085566536,0.057184383,0.22292037,1,chr16:4273965:thoracic_aorta:0,FN,0
1.6032056,-3.5151718,1.5972687,-0.8480831,0.76314276,0.36208573,0.290416,1.2997068,-0.5524652,0.15205334,1,chr19:45427778:suprapubic_skin:0,TP,1
-1.3857503,1.0997503,1.361077,1.7813727,-1.0708848,0.095195346,0.80213773,-0.6366435,0.15132038,-0.10813258,0,chr5:142012891:tibial_artery:0,TN,0
4.2906284,-0.96862906,-0.04223497,0.55594784,-1.490929,0.41927764,-0.26978192,0.43776128,0.31366172,1.1106632,1,chr7:63016061:upper_lobe_of_left_lung:0,TP,1
6.0695395,0.26038203,-0.50616056,0.22334358,-0.036846537,-0.5665996,0.028753765,-0.24303983,0.059295144,0.051670205,1,chr6:31374359:tibial_artery:0,TP,1
-0.7055559,-1.964341,0.46793976,0.15472017,0.3416133,1.2772168,-0.99943143,0.1796914,0.26389393,0.12885058,0,chr7:151819172:prostate_gland:0,TN,0
-1.1594735,-2.9761188,1.0158794,-0.5707598,-0.41846004,-0.28667226,-0.012813775,-0.6141284,0.3323616,-0.3435613,0,chr10:69730302:thoracic_aorta:0,TN,0
-1.8809135,-0.25642267,0.23930335,-1.2766707,-0.16262297,0.104657255,0.72795403,-0.218787,-0.04224422,0.57554466,0,chr7:5140253:body_of_pancreas:0,TN,0
5.88321,-0.21909542,-0.5582944,-0.087298356,0.15088837,-0.40320536,-0.008328399,0.5499774,-0.9595711,-0.25588745,1,chr20:21120370:gastrocnemius_medialis:0,TP,1
-3.1598763,-0.21072055,0.8610577,1.0990294,0.087428294,-0.8888984,-0.24929991,-0.17784686,-0.0072079096,0.020245694,0,chr4:185204332:testis:0,TN,0
-2.6199827,0.11507474,0.1051816,0.36693656,-0.5452201,0.67055357,-0.6733586,0.16519254,0.31820554,-0.35280302,0,chr14:34228362:sigmoid_colon:0,TN,0
5.298345,0.041356955,-0.2600634,-0.53879887,0.53865826,-0.44180384,0.2448514,0.5243367,-1.3925782,-0.26026136,1,chr15:77077965:spleen:0,TP,1
-3.328869,1.0415043,-0.39909384,-0.39004436,-0.29458874,-0.009730711,-0.8253522,0.030658798,-0.106213674,0.04509095,0,chr16:87488454:esophagus_muscularis_mucosa:0,TN,0
6.14989,0.7361667,-0.5921438,0.19446029,0.049831584,-0.763484,0.16754393,-0.2749314,0.05317576,-0.07442242,1,chr7:142521135:body_of_pancreas:1,TP,1
-1.8508285,0.31071746,1.8774606,-1.6441559,0.000163668,-0.89548945,-0.78301615,-0.044179723,-0.1643829,0.02269853,0,chr7:66050288:upper_lobe_of_left_lung:0,TN,0
-1.0981123,-0.07358103,-0.46302277,1.0950235,0.8329811,-0.05276953,0.7136968,0.3321286,-0.12194341,0.27301294,1,chr7:100894790:thoracic_aorta:0,FN,0
-2.563587,-0.67217785,-0.88588566,0.06848336,0.46339628,-0.17996727,0.028606946,0.08913392,0.33351016,0.10174883,1,chr22:24259700:prostate_gland:0,FN,0
-1.7151823,1.1170368,-0.76067805,-0.9844182,1.3099852,0.20388955,-0.48069906,0.30404538,-0.69295835,0.21067159,1,chr12:104294234:thoracic_aorta:0,FN,0
1.9080234,0.25590777,1.0600189,-0.35125965,0.15927832,0.79877704,1.2482736,-0.45737398,0.17280963,0.5486863,1,chr16:2874817:adrenal_gland:0,TP,1
-1.7134122,-0.9605408,0.14129595,-0.24712615,0.4116173,0.1545534,0.05762917,-0.31903103,0.33153298,-0.21091166,0,chr7:102470728:Peyers_patch:0,TN,0
-3.0790563,-0.64312184,-0.35376018,0.29960585,-0.0065200594,-0.57794076,-0.20125365,-0.28439006,0.29954407,0.029300405,0,chr6:43724124:body_of_pancreas:0,TN,0
-2.9810512,0.56083703,-0.63167363,0.37439066,0.034024112,-0.50805825,-0.49116096,-0.22982915,-0.12688889,0.2944604,0,chr1:18821187:suprapubic_skin:0,TN,0
5.5900474,0.23592956,0.1598452,0.39253753,0.8239194,0.17898592,-0.46989852,-1.0140859,-0.02579598,-0.3248613,1,chr12:8390645:gastrocnemius_medialis:0,TP,1
-2.032427,-1.4906361,-0.76976746,0.060041755,0.67656267,-0.15866773,0.057432756,0.066580616,0.06514474,-0.14559133,0,chr18:22223857:transverse_colon:0,TN,0
6.075037,0.1950619,-0.4625897,0.2158453,-0.050677568,-0.5839905,-0.004883151,-0.27738014,0.09114772,0.03528898,1,chr6:31374359:esophagus_muscularis_mucosa:0,TP,1
-1.3858045,0.26429582,-0.009462075,-0.406025,1.4868716,0.8128849,-0.22600536,-0.54843134,-0.40139535,0.26652366,0,chr20:48658594:body_of_pancreas:0,TN,0
-1.7268739,-0.12881228,1.087812,-1.4547434,-0.27606043,-0.65799594,0.12887587,-0.3600666,-0.6222436,-0.15141413,0,chr5:109402654:body_of_pancreas:0,TN,0
6.1135793,0.8969854,-0.76455194,0.20340954,0.047960993,-0.49801978,-0.2151635,-0.40020004,-0.22615035,-0.11688654,1,chr5:151298414:transverse_colon:0,TP,1
0.47654954,-3.3430312,-0.37750286,0.7454668,-0.4308058,0.9979998,-0.47484303,0.5076697,0.5859999,1.148801,1,chr2:231781810:tibial_nerve:0,FN,0
-2.7696648,-0.0446272,-0.46019053,0.26309082,0.18752268,-0.275704,0.048370548,-0.020027837,-0.074450165,-0.328426,1,chr14:106061994:suprapubic_skin:0,FN,0
-0.989672,-0.24731044,-1.6641787,-0.33816788,-0.23930357,0.42556626,1.0143996,0.27651635,0.032119248,-0.3545256,1,chr6:106223515:tibial_nerve:0,FN,0
-2.6901865,0.16430938,1.2599032,1.4390196,-1.0649538,-0.21253678,-0.19911815,-0.26952612,0.5321127,-0.49477813,0,chr22:50563002:testis:0,TN,0
-3.0141695,0.15326162,0.13961796,0.32729563,-0.6818585,-0.14770663,-0.8757746,-0.019180162,0.17829207,-0.21058376,0,chr15:94324421:transverse_colon:0,TN,0
-3.2719364,0.59998864,0.061110597,-0.13711451,-0.59348357,-0.5933585,-0.5574783,-0.38634837,-0.15550448,0.15559655,1,chr7:121373197:body_of_pancreas:0,FN,0
-1.175811,0.28888664,0.9799776,-0.9771093,0.08947856,0.834319,-0.13855706,-0.32503206,-0.14467093,-0.26902944,0,chr20:30320508:body_of_pancreas:0,TN,0
-3.0119114,-0.08936116,-0.2989387,-0.2951785,0.07211069,-0.9185757,-0.29768598,0.42432144,-0.059613287,0.21847074,0,chr9:83219889:spleen:0,TN,0
5.963522,0.09358734,-0.6366959,0.5221898,0.19368576,-0.22660275,-0.3512567,-0.14880109,-0.17479981,0.27585852,0,chr15:79896760:tibial_artery:0,FP,1
-0.0372888,-0.6797591,-0.6218865,0.5369215,0.30745682,0.60592663,0.9831812,0.45016244,0.59052545,0.22154891,0,chr7:137899502:prostate_gland:0,TN,0
-2.6343317,-0.40215805,0.5348831,0.8382843,-0.49845165,-0.06493851,-0.04974828,0.00256972,-0.0734383,-0.5850338,1,chr9:83219701:transverse_colon:0,FN,0
-2.2367342,1.7652969,-0.8216328,-0.49166274,-0.28510594,0.79420567,0.36858323,-0.8173881,0.11930385,-0.53127605,1,chr1:184841760:prostate_gland:0,FN,0
-1.5318519,-0.9843865,0.5045825,-0.82035094,-0.028048791,-0.11608481,0.43388227,-1.031502,0.534992,-0.37942317,0,chr8:103114032:body_of_pancreas:0,TN,0
-2.896809,1.3640009,0.14475398,1.0719997,-0.47252035,-0.7366706,0.014848912,-0.19770017,-0.026708448,-0.19542493,1,chr9:97633155:Peyers_patch:0,FN,0
4.0765576,1.5557632,-0.0527764,-0.61231834,-0.09309554,1.287015,-0.6312816,-0.80903804,0.29028964,-3.946283e-05,1,chr22:22713782:omental_fat_pad:0,TP,1
-2.3483205,-0.84001595,-0.60654724,0.18502004,0.13886912,0.09233653,0.124685235,0.26741666,0.0934865,-0.06158633,1,chr2:96533513:upper_lobe_of_left_lung:0,FN,0
-1.6936553,-0.44539198,-0.9616094,0.09197603,0.18624812,-0.35343006,0.2355176,-0.0018954423,-0.24755342,0.327766,0,chr2:3728203:prostate_gland:0,TN,0
-1.4470807,0.28088248,-0.6781517,0.8903891,0.927488,-0.2859254,0.57444304,0.28858018,-0.23043852,0.3655891,1,chr7:100894790:upper_lobe_of_left_lung:0,FN,0
6.0806084,0.24994269,-0.18077205,0.20965582,0.5742179,-0.6218307,-0.16856994,-0.42196938,-0.046033893,-0.2078053,1,chr12:52949183:upper_lobe_of_left_lung:0,TP,1
5.3738174,1.2196695,-1.0132079,0.46326417,-1.1653894,-0.21237037,0.25542158,-0.26866034,-0.19558518,0.2553704,1,chr10:38653296:transverse_colon:0,TP,1
-1.2961146,-0.3916381,2.0246947,1.7494206,0.49371126,0.052108094,0.38202533,0.26597846,-0.1279633,-0.05167219,0,chr2:10044231:body_of_pancreas:0,TN,0
5.7174244,0.5797449,-0.16358103,0.18813303,0.7337695,0.1213998,-0.5171089,-0.840006,0.08269877,-0.22294915,1,chr7:22550492:transverse_colon:1,TP,1
-3.1538088,-0.3502821,-0.5782894,0.18330501,-0.7647857,-0.3191056,-0.29076195,-0.15958682,0.32456702,-0.274758,0,chr7:104883644:body_of_pancreas:0,TN,0
-1.4635704,0.83977413,0.6037059,-1.2848126,0.014458523,0.0069703567,0.25163326,-0.2172999,0.45052925,0.20677264,0,chr5:69574308:body_of_pancreas:0,TN,0
-2.1174858,-2.8463883,-0.06344522,-0.4501558,-0.12599984,-0.9177183,0.39289662,-0.44872585,0.07529019,-0.3212057,0,chr10:78450916:adrenal_gland:0,TN,0
-2.2596996,0.09518837,-1.1349946,-0.26149902,0.2677304,0.24877378,-0.23183331,0.13840328,0.09616133,-0.10686395,0,chr3:196253627:body_of_pancreas:0,TN,0
-1.1483958,-0.44966865,2.874903,0.43144768,0.33780813,-0.53158814,0.01834069,0.3225806,0.17263524,0.973878,1,chr18:597094:transverse_colon:1,FN,0
-3.1431592,-1.0365975,0.768427,0.23189157,0.09378996,-1.2438945,-0.5385369,-0.07107977,-0.20114662,0.40667233,0,chr18:56651667:sigmoid_colon:0,TN,0
-3.026068,1.2885095,0.016639708,-0.04367759,-0.5140766,-0.1602861,-0.07112396,-0.37708887,-0.09973138,0.6444404,0,chr19:33143907:transverse_colon:0,TN,0
5.2697678,-0.94497454,-0.08238056,-0.21876055,0.61263883,0.15018398,-0.43821245,-0.02827163,0.061744798,-0.6772585,1,chr2:46818510:tibial_artery:0,TP,1
0.9820765,-0.18800966,1.6044191,1.8897384,1.578713,0.7490247,0.35652223,0.3877254,-0.6877414,-0.11681169,1,chr19:56120808:tibial_nerve:0,TP,1
3.8693657,-0.67169726,1.6690717,-0.7773302,-0.5867404,-0.07198005,1.1237757,0.3132937,-0.43636125,-0.38755363,0,chr19:17103262:prostate_gland:0,FP,1
4.3446417,0.27852643,0.22151639,0.93221605,0.47282875,1.0463051,-0.5312146,-0.69548845,0.35548055,0.4387441,1,chr18:75856:transverse_colon:0,TP,1
4.720424,0.52281404,0.32467005,0.3057767,-0.5652899,0.69628096,0.22661288,-0.3745833,0.28910428,-0.1783619,0,chr7:142451935:Peyers_patch:0,FP,1
1.0575597,-2.043384,0.12605584,-1.0031317,-1.0805788,0.17517571,0.6115159,0.009299372,0.59743124,-0.03574518,1,chr6:43386692:sigmoid_colon:0,TP,1
-0.24063227,-0.5625641,-0.44365376,-0.94698787,-0.5691816,0.13755754,0.50952023,-0.6795935,-0.10343211,-0.44767252,0,chr4:15730066:esophagus_muscularis_mucosa:0,TN,0
-2.062454,1.2799242,1.3721045,2.0946155,-0.49270582,-0.8636141,0.5054172,-0.081355646,0.077673204,-0.11060075,0,chr1:225427863:upper_lobe_of_left_lung:0,TN,0
2.9920287,0.7488875,0.9959532,-2.3637533,1.0889776,-0.62264,-0.7630731,1.5064576,0.9679387,0.09735883,1,chr8:44636977:thyroid_gland:0,TP,1
4.738958,0.50464016,0.47983924,0.17077006,0.67349476,1.1051137,-0.19004345,-1.1818253,0.070608296,-0.27827257,1,chr8:41651698:prostate_gland:1,TP,1
5.0452876,-1.3435236,-0.80984235,0.5995369,-1.0063516,-0.416119,-0.8897392,-0.027523745,-0.061124373,0.85378563,1,chr11:60251676:gastrocnemius_medialis:0,TP,1
-2.249166,-0.06251774,-1.167627,-0.16692063,0.5334812,-0.29903552,0.17433892,-0.011249268,0.0124380225,0.053056516,0,chr12:122399528:Peyers_patch:0,TN,0
5.8565392,-0.268405,-0.26709592,-0.1412553,0.16642804,-0.54338807,0.07614285,0.36863032,-0.95316947,-0.25508443,1,chr20:21120370:suprapubic_skin:0,TP,1
-2.364802,-0.5893653,-1.1907398,0.20483649,-0.439877,0.23278238,-0.36678895,-0.029145543,0.14483355,-0.11864062,0,chr2:73691003:prostate_gland:0,TN,0
-2.4856186,1.3385172,0.6783895,-0.83746785,-0.85346794,-0.008859768,-0.39438367,-0.9486685,0.5381822,0.58938986,0,chr6:168201408:body_of_pancreas:0,TN,0
-2.9567592,0.21484363,-0.6927129,-0.71805906,0.43330416,-0.066436216,-0.52177453,-0.13439196,0.07971524,-0.13820635,0,chr2:111617847:prostate_gland:0,TN,0
-2.9521294,2.071231,0.75541496,-0.20650971,0.28899485,0.03549806,-0.45640925,-0.018168515,-0.41218454,0.17527427,0,chr16:85012086:transverse_colon:0,TN,0
-2.76726,1.7689931,0.8739554,-0.017904563,0.023115559,0.10456785,-0.40531254,0.09726362,-0.69254214,-0.1505132,1,chr9:129438755:upper_lobe_of_left_lung:0,FN,0
1.5494996,-2.4613998,-0.47903907,-0.62563086,-2.0796692,0.6518493,0.2637413,0.5465404,0.3166592,-0.41684008,1,chr6:43386692:tibial_nerve:0,TP,1
1.3700886,-1.0084826,0.851017,-0.59118384,-0.09199446,0.8053899,-0.85850984,0.22275439,-0.7608045,-0.42799407,0,chr11:76920284:transverse_colon:0,FP,1
-1.23315,-1.2527512,-0.9207409,-0.8673287,0.8391154,0.56107813,0.48970068,0.26934287,-0.04820438,-0.28862524,0,chr6:53927260:esophagus_squamous_epithelium:0,TN,0
-2.8831089,0.4363007,-0.82317585,-0.12877801,-0.1987753,0.3204807,-0.3892296,-0.20017873,0.15873553,-0.64591324,0,chr7:36233364:prostate_gland:0,TN,0
2.758872,-2.8608193,-0.21976718,0.62767404,-2.013448,0.39090592,-0.62769306,0.17101747,0.3712625,1.3465297,1,chr7:63015786:prostate_gland:0,TP,1
-2.2838907,-0.11004325,-0.38835007,0.70189744,0.5532783,0.02217931,0.14407128,0.45806506,-0.55753464,-0.5605707,1,chr6:169655219:sigmoid_colon:0,FN,0
4.508548,-0.011237347,0.15550384,0.7929267,0.3355144,0.9796713,-0.7352225,-0.48894125,0.23058079,0.31537524,1,chr18:75856:prostate_gland:0,TP,1
-2.705354,0.06594532,-1.1025194,-0.002165214,0.28425118,-0.59336966,0.019870467,0.08175101,-0.2257744,-0.015818018,0,chr1:81549700:body_of_pancreas:0,TN,0
-1.935945,1.2895337,0.13449925,0.8479431,0.56619936,-0.5467487,0.40028054,0.4142626,-0.16993928,0.18879329,0,chr15:90529824:upper_lobe_of_left_lung:0,TN,0
2.6636136,-0.5594256,0.56846803,-0.3257919,0.5091664,0.91183114,-0.21647383,1.0012455,-1.4058441,0.5046404,1,chr5:38070443:body_of_pancreas:0,TP,1
0.9790965,-0.9461781,-0.15177554,-0.5902837,-0.3441673,0.7737385,0.6403365,-0.9392074,0.601658,-0.584513,1,chr10:77475126:body_of_pancreas:0,TP,1
-0.49658194,0.5867409,1.8208009,-1.4630791,0.33829027,-0.7573904,-0.31589428,0.10791934,-0.041520875,-0.062308118,0,chr22:23542739:upper_lobe_of_left_lung:0,TN,0
3.6123977,0.009981855,0.32284558,-0.758156,-0.5984449,0.7803262,-0.15479293,0.563409,-0.3677536,-0.45735338,0,chr2:145265428:body_of_pancreas:0,FP,1
5.4813833,-0.38902128,-0.6775178,0.25271228,-0.59471387,-0.37477234,-0.69161534,-0.033301897,0.010553575,0.5254911,1,chr11:60251676:gastroesophageal_sphincter:0,TP,1
-2.4118268,0.04604811,-1.0514506,0.26246217,0.60056204,-0.6188786,0.06791349,0.056840587,-0.059723143,0.16791753,0,chr2:239764056:thoracic_aorta:0,TN,0
-2.2149446,-1.49211,-0.7384107,-0.22168434,0.43546474,-0.91659373,0.4538767,-0.18896115,0.06884642,0.13970807,0,chr11:95092634:thoracic_aorta:0,TN,0
-2.0656826,-0.6458008,-1.0856462,0.07166253,0.043917917,0.11686102,0.21117845,0.52857655,0.14140421,0.03399218,1,chr20:58511472:sigmoid_colon:0,FN,0
-2.403517,-1.2103505,-0.6552423,0.023014566,-0.036370598,-0.36389345,0.18372948,-0.101232186,0.3045046,-0.08774043,0,chr17:45099253:transverse_colon:0,TN,0
-2.453451,0.07891531,0.11671976,1.0054357,-0.5651117,-0.40963683,0.5612069,-0.1243913,0.14206949,-0.65132433,0,chr5:181182218:gastrocnemius_medialis:0,TN,0
-0.9934966,-2.3308053,-0.5084122,-1.191729,0.23045069,0.05593513,0.45447275,-0.23253939,0.47832638,0.37610832,0,chr9:69018850:Peyers_patch:0,TN,0
-2.0603108,-1.0540951,1.4904605,-1.6964657,0.031889994,-0.68173885,-0.043281347,-0.7049436,0.27666795,-0.11924915,0,chr6:125153644:suprapubic_skin:0,TN,0
6.0779467,1.0473571,-0.6100983,-0.041019633,-0.1514585,-0.8448191,-0.029952452,-0.31960666,0.0960788,-0.27615783,1,chr2:86221296:esophagus_muscularis_mucosa:0,TP,1
-0.7344778,-0.6185385,-0.7345656,-0.7282284,-0.567589,1.5056925,0.28122315,-0.55886525,0.81351924,0.17612681,1,chr11:83293101:upper_lobe_of_left_lung:0,FN,0
-3.1709878,0.7558296,-0.358611,0.20849742,0.053006325,-0.32866248,-0.99450356,-0.10236893,-0.33834428,0.014780623,1,chr10:14543432:adrenal_gland:0,FN,0
-2.6507425,-0.9287852,0.38272962,0.6473202,-0.25458845,-0.6113372,0.36380357,0.29278618,-0.09977325,-0.30521116,1,chr10:43667432:body_of_pancreas:0,FN,0
-0.5253349,-0.31538057,-0.33172366,-1.0389489,-0.05842067,-0.1595087,0.92363226,-0.19019817,0.28410658,0.17209703,1,chr7:35425098:body_of_pancreas:0,FN,0
-1.4234595,2.2424488,0.35951558,-1.5483731,0.83988154,-0.92043215,-0.1789521,0.4552284,-0.26555774,0.9862942,0,chr8:92239954:Peyers_patch:0,TN,0
-2.6888433,1.6334314,0.8940756,1.4233383,-0.27833936,0.29147354,-0.7121386,-0.075276725,-0.06930235,-0.18800882,0,chr1:20152614:transverse_colon:0,TN,0
-1.768872,0.032129273,1.375917,-0.5477032,0.9110072,-0.81773925,-0.7630557,-0.41357386,0.43067768,0.089815386,0,chr12:108623489:body_of_pancreas:0,TN,0
-0.50937736,2.4837189,0.05803384,-0.71148175,-0.32574493,1.1692758,0.4763284,0.023961991,-0.72677976,-0.09560496,0,chr21:37313812:body_of_pancreas:0,TN,0
5.8744645,1.4036571,-0.59667856,0.14589378,-0.08705834,-0.93842334,0.19998974,0.23097356,0.43064907,0.13595514,1,chr17:24931573:spleen:0,TP,1
5.714145,-0.51356465,-0.32622686,0.22217514,-0.0003699276,-0.5587498,0.14749806,0.74277043,-1.320186,-0.32734787,1,chr3:81292180:suprapubic_skin:0,TP,1
-2.148487,-0.35091272,-0.557853,0.55569416,0.5198019,-0.63680637,0.5178377,0.116198316,0.02313189,0.31855866,1,chr7:267146:body_of_pancreas:0,FN,0
-1.2301842,1.9911628,-0.82821417,-0.53853345,0.21710172,0.35458052,0.9635123,-0.046278853,0.056930676,0.88262427,1,chr19:39843834:tibial_artery:0,FN,0
5.2552953,-0.09927461,-0.918374,0.3257349,-0.8374346,-0.0292852,-0.6553404,0.2271607,0.040162776,0.742972,1,chr19:21295220:prostate_gland:0,TP,1
-1.7325593,-0.41572908,-1.2791268,0.09271336,0.1345342,0.13781463,0.4567844,-0.039827973,0.16163225,-0.015316278,1,chr11:123235330:transverse_colon:0,FN,0
5.4763627,-0.74312747,-0.25585487,-0.038360555,0.18209952,-0.48967525,0.036294702,1.1476645,-1.4899696,-0.58357185,1,chr2:53940956:prostate_gland:0,TP,1
-1.6446348,0.38188413,0.25131285,-1.4920812,-0.15010376,-0.20889716,0.16804619,-0.048297912,-0.482768,0.5886815,1,chr17:61741499:sigmoid_colon:0,FN,0
2.5248644,-2.4629548,2.31276,-0.9413701,0.37726173,-0.056691453,0.32279393,0.42671043,0.09336431,0.23489602,1,chr19:45427778:thoracic_aorta:1,TP,1
-2.197437,-0.951944,-1.0583495,0.42141876,0.014510742,-0.6124388,0.3026229,0.13494523,0.037242547,0.05835165,1,chr6:131199853:esophagus_squamous_epithelium:0,FN,0
-1.7610781,-0.72322583,1.8109891,0.6199682,0.41431463,-0.86003697,-0.017753612,0.18005319,0.40345657,0.8865172,1,chr18:597094:suprapubic_skin:0,FN,0
-2.5031333,0.20430297,-0.94843435,-0.19537634,0.3348436,0.07621899,-0.054778136,0.13079783,0.24113117,0.17116287,0,chr7:44573153:body_of_pancreas:0,TN,0
-2.645191,0.385908,-0.04918924,0.336509,0.1844566,0.120699726,0.14566089,-0.18454194,0.17630623,0.30577362,0,chr7:76305322:thoracic_aorta:0,TN,0
-2.7256024,1.1954006,1.1782123,1.4890022,-0.76885784,-1.077535,-0.25343344,-0.07930387,-0.030205341,-0.5723188,0,chr19:48446028:transverse_colon:0,TN,0
-2.303829,1.0670918,0.24033116,-0.22554056,-0.5686963,-0.3706626,0.472857,-0.4491552,0.08059157,1.1898879,0,chr2:88159923:thoracic_aorta:0,TN,0
5.698597,1.4571053,-0.6154747,0.3120285,0.09550444,-1.0375334,-0.0047250804,0.37322026,0.78744406,0.08785236,1,chr17:22856764:spleen:0,TP,1
-2.0838203,-0.7794674,0.74101835,0.24189949,1.0507697,-0.74307483,0.4321618,0.20788994,-0.21610744,0.5167985,0,chr17:80981608:tibial_nerve:0,TN,0
5.981535,0.6021549,-0.8309009,0.33485186,-0.5304321,-0.89262444,0.11926688,-0.46012324,0.26376104,0.13212208,1,chr3:75785547:thoracic_aorta:1,TP,1
-1.7660654,-0.42552885,-0.99125266,-0.35260424,-0.25350448,-0.24493676,0.5192176,0.38745096,-0.012860319,-0.16891743,0,chr9:152142:body_of_pancreas:0,TN,0
-2.1434345,-2.2994962,1.2713534,-0.24818188,0.36117116,-0.3478283,-0.01920179,-0.99939936,-0.22383791,-0.45162374,0,chr1:6347999:body_of_pancreas:0,TN,0
-2.464141,-0.066786855,1.0080984,1.533984,-0.57305163,-0.3920509,-0.00046208623,-0.18304864,0.1091876,-0.1996829,0,chr9:96777927:prostate_gland:0,TN,0
4.628062,-1.0860844,-0.33282185,0.49766195,0.06340943,1.0856681,-0.8805254,0.13276374,-0.29610142,0.21321039,1,chr7:78040381:transverse_colon:0,TP,1
-2.191827,-0.11807351,-1.2439313,0.46720645,0.04678062,0.44635624,0.28259584,-0.04138354,0.63775223,-0.28519723,0,chr20:62900225:esophagus_muscularis_mucosa:0,TN,0
-2.3158586,0.7411997,0.8636487,1.5349357,-0.97108424,-0.40076518,0.32900462,0.09483204,0.09617668,-0.5223718,0,chr19:40777787:adrenal_gland:0,TN,0
4.7706494,3.26145,-0.63913083,-0.4037908,0.7508615,-0.5667401,-0.09740284,0.9351242,1.7057253,0.005914291,1,chr17:25564496:tibial_artery:0,TP,1
-2.8346415,1.6564142,-0.39018247,-0.24532914,-0.7401883,0.29197514,-0.8219187,-0.03842198,-0.24660748,-0.54190165,0,chr3:155702289:spleen:0,TN,0
1.6988053,-3.9120972,2.3805573,-0.7068788,0.46576825,0.033910822,-0.033246376,0.89359146,-0.2585002,0.0493052,1,chr19:45427778:spleen:1,TP,1
-2.4302924,-0.41279605,-1.0763106,0.047096167,0.07799152,-0.73897755,0.24235635,0.028103273,-0.023904527,0.10148786,1,chr20:23374785:omental_fat_pad:0,FN,0
5.9656434,-0.18851231,0.18361816,0.07274587,0.5731397,-0.2611524,0.15763824,0.063330285,-0.29114592,-0.36674097,1,chr19:4352840:body_of_pancreas:0,TP,1
5.2938137,0.3366367,-0.1881271,0.10114205,-0.6132529,-0.12725045,0.38136065,0.88345355,-1.219412,-0.079225205,1,chr2:157434879:body_of_pancreas:0,TP,1
-2.388588,-0.76023155,-0.8718132,-0.18070832,0.069095604,-0.37592044,-0.20696019,-0.13454917,0.40840268,0.095034815,0,chr3:133041374:sigmoid_colon:0,TN,0
-2.6472547,-0.19052711,-0.57683086,-0.035462584,-0.46594477,-0.09619059,-0.124660954,-0.35721168,0.36749652,0.046391618,0,chr1:201878136:tibial_nerve:0,TN,0
-2.5284338,-0.5851602,-1.3900901,-0.23913723,0.23277056,-0.06174076,0.07922744,-0.12502599,0.22344163,0.060904335,0,chr4:10582403:suprapubic_skin:0,TN,0
-3.018937,-0.64670473,-0.1740033,-0.16740473,-0.12824921,0.3330453,-0.7835748,-0.25355273,0.40507716,-0.28139132,1,chr10:29409306:body_of_pancreas:0,FN,0
4.752662,-0.08356916,-0.4852276,1.0455979,-0.5281731,0.4992189,-0.32446492,-0.15335831,-0.39351204,0.8680529,1,chr9:61668518:suprapubic_skin:0,TP,1
2.061775,-1.6791705,-0.29817736,-0.12252069,1.508433,0.7203191,0.050952956,-0.96202093,-0.16240449,-1.058951,1,chr7:85186902:Peyers_patch:0,TP,1
-1.3125325,0.5009852,1.3448184,1.9123199,-0.4896278,0.23978555,0.6269337,-0.1787095,0.38860115,0.053439453,0,chr2:97590789:sigmoid_colon:0,TN,0
-3.3559923,0.3674783,-0.041855957,-0.3264434,0.021372722,-0.85734373,-1.1667025,0.22461058,-0.3172463,0.02913189,0,chr8:140831477:spleen:0,TN,0
-3.0965037,1.2920679,-0.6297981,-0.0916822,-0.30318904,-0.33354077,-0.5008918,-0.094239205,-0.09999917,-0.041126456,0,chr6:82252295:transverse_colon:0,TN,0
-2.9832187,1.6868322,0.13286024,1.0426115,-0.4139027,-0.69350296,-0.17306642,-0.12399189,0.04519985,-0.19940951,1,chr9:97633155:transverse_colon:0,FN,0
2.6332989,1.9815961,0.9646374,-1.3770152,1.0228319,-0.025147092,0.5073893,0.2603717,1.5117607,0.3234681,0,chr13:45379107:upper_lobe_of_left_lung:0,FP,1
5.2264643,0.31452414,-0.2345065,0.46817243,-0.51814634,-0.39119387,0.43670103,0.5873801,-1.6238829,0.23800264,1,chr1:91927306:tibial_artery:0,TP,1
-1.4615282,0.9766022,-0.3416866,0.008360453,1.6854936,0.23753905,0.22763449,-0.5842992,0.54266244,-0.014247785,1,chr15:72664357:body_of_pancreas:0,FN,0
1.5107137,2.856023,-0.20530924,-1.2744334,0.09513881,-0.095862605,-0.77391803,1.28389,1.2691094,0.33564484,1,chr2:92401043:spleen:0,TP,1
-2.4372947,-1.3783228,-0.29368392,0.5925785,0.2903108,-0.19298531,0.1497467,0.122586325,0.40911254,-0.28421944,1,chr9:129145727:tibial_nerve:0,FN,0
-2.6461387,0.21981376,-0.88673073,-0.17355144,0.46212006,-0.58854604,-0.09170335,0.23233178,-0.17437647,0.2404213,0,chr2:7203027:tibial_artery:0,TN,0
5.5822177,-0.35933727,-0.30634263,0.5115703,0.69055253,0.31737432,-0.4878421,-0.21535935,-0.4215846,-0.31709677,1,chr1:27556965:body_of_pancreas:1,TP,1
0.41269472,-1.7712495,0.3138878,0.7217096,-1.24582,0.92978543,-0.7053399,-0.16995658,0.18185014,0.30432874,0,chr7:12211199:prostate_gland:0,TN,0
2.9812808,1.0136503,1.0916346,-0.08497972,1.0323904,-0.051547416,-0.06200856,0.0575371,0.16862285,-0.0034430753,0,chr17:40819075:upper_lobe_of_left_lung:0,FP,1
5.283238,-0.28504324,-0.27220556,-0.27795598,0.6077962,-0.2421258,-0.08744011,0.4973799,-1.4903625,-0.033981595,1,chr15:77077965:thoracic_aorta:0,TP,1
3.7424388,-1.5494981,0.3679256,1.175965,-0.12293347,1.4761202,-0.762759,-0.26839763,0.5115769,0.77553105,1,chr18:75856:body_of_pancreas:0,TP,1
0.2707257,1.6957523,1.131623,-1.6122161,-0.74820197,0.5167568,0.85509175,-0.20001668,0.25424805,-0.512011,0,chr16:32421208:prostate_gland:0,TN,0
2.5231822,4.652786,-0.19603749,-0.4920625,0.6616773,-0.14816839,-0.23634577,0.31739175,1.3478885,0.1982104,1,chr11:53599400:transverse_colon:0,TP,1
-2.2082632,0.9863945,-0.034764383,1.295016,0.211704,-0.3449401,0.15287204,-0.05266867,0.06622616,0.12527229,0,chr2:130797907:esophagus_muscularis_mucosa:0,TN,0
-2.190726,-0.58270556,0.2799533,-0.42216152,0.34596103,0.16636455,0.14452802,-0.3872693,-0.15955263,-0.3628139,0,chr21:34545781:transverse_colon:0,TN,0
-2.2279065,0.071546845,-0.25908205,-0.4727871,0.0822596,-0.22124389,0.06424234,-0.25289014,-0.28271455,0.16041599,0,chr20:8231652:body_of_pancreas:0,TN,0
-2.7738843,-0.11795256,-0.12656088,-0.15398887,0.7497099,-0.73071873,-0.23789448,0.108182065,-0.3698042,0.2687975,0,chr9:67727077:transverse_colon:0,TN,0
1.2582495,-2.3206882,2.3330503,-1.681258,-0.20398772,-1.5958272,-1.1150358,0.9060439,0.26437598,0.2642728,1,chr20:28507029:testis:0,TP,1
1.8102238,-0.99933237,0.3835338,-0.08053696,-2.01833,0.41461205,0.9350496,-0.73201275,0.60681635,-0.049411952,1,chr9:83219701:tibial_nerve:0,TP,1
-2.231958,0.37977144,-1.1905693,0.55809414,0.28365216,0.15183124,0.31737038,-0.10202549,0.1958708,-0.20495246,1,chr14:106061994:tibial_artery:0,FN,0
5.267575,0.99200475,-1.0767622,0.5302481,-1.1744887,-0.33417678,0.36456692,-0.21013282,-0.28937268,0.37850285,1,chr10:38653296:adrenal_gland:0,TP,1
-2.7092984,0.49172196,-0.780837,1.0482907,0.3210809,0.058637172,-0.27121064,-0.03130171,0.0105899,0.08905747,0,chr14:76873140:tibial_artery:0,TN,0
-3.27317,0.5069109,0.4568435,0.9090161,-0.3833777,-1.0292655,-0.8936035,-0.15297206,0.03016224,-0.070047885,0,chr15:43690274:thoracic_aorta:0,TN,0
-2.1716373,-0.12302251,-1.0158501,-0.33241254,0.5370543,-0.5994822,0.19665638,0.21588443,-0.03730505,0.19729996,1,chr8:17755184:adrenal_gland:0,FN,0
-1.8076916,-0.11489724,-0.8155156,0.23207311,0.08879674,0.59542054,-0.28075835,0.046236373,0.043767862,0.113481045,0,chr1:178037254:transverse_colon:0,TN,0
-1.7831957,-0.97481173,-1.3124865,-0.25148368,0.2222665,-0.43148538,0.25837073,0.055221196,-0.04521159,0.121962555,1,chr9:127348292:transverse_colon:0,FN,0
4.564936,3.5436232,-0.49925202,-0.53900194,0.7071311,-0.5565872,0.04554878,1.1345893,1.5428234,0.17604053,1,chr17:23378824:omental_fat_pad:0,TP,1
0.13886495,1.0748447,1.5726613,-0.48339492,-0.83554363,1.465921,-0.23559237,-0.660899,0.0687895,0.13824937,0,chr1:26234748:gastroesophageal_sphincter:0,TN,0
-2.5061727,0.1436759,-1.1003568,0.12550227,0.23181973,0.34798574,-0.3762107,-0.15932249,-0.16645047,0.13850859,0,chr2:21042645:spleen:0,TN,0
5.5943103,-1.4147639,0.058466837,0.18845923,0.68904346,0.028114412,-0.44785875,0.017892199,-0.5368279,-0.48187336,1,chr1:27556965:thoracic_aorta:1,TP,1
4.4776034,1.9370588,-0.23133656,0.3201688,-0.22705296,0.056989677,0.8628843,0.31067237,-1.0020918,0.04930148,1,chr7:73725711:prostate_gland:0,TP,1
2.597008,1.1845218,1.0522316,-2.3922117,0.6705594,0.24759085,1.1156532,0.22569652,0.22062096,0.063771985,1,chr4:82632547:body_of_pancreas:0,TP,1
-1.7233987,0.7482556,1.0693518,-0.9323117,-0.37078142,0.34854567,0.0565078,-0.24340788,-1.154412,0.66760653,0,chr16:87912234:body_of_pancreas:0,TN,0
-2.1015,-0.82111275,-0.8605158,-0.6999587,-0.6674524,-0.025443608,-0.122765,-0.73527265,0.04070419,-0.25374046,1,chr15:67303815:body_of_pancreas:0,FN,0
2.5248644,-2.4629548,2.31276,-0.9413701,0.37726173,-0.056691453,0.32279393,0.42671043,0.09336431,0.23489602,1,chr19:45427778:transverse_colon:1,TP,1
-1.8349693,-0.47591874,-0.93543875,0.37902817,0.8909345,-0.049023043,0.21476658,0.24046327,-0.22707358,0.16492489,0,chr5:139775176:esophagus_muscularis_mucosa:0,TN,0
-2.7032716,0.58894384,0.04291236,0.60190654,0.30114427,0.24273309,-0.11307817,-0.013713383,0.002353053,0.48173532,0,chr10:102628791:thoracic_aorta:0,TN,0
4.664004,0.58343196,0.19776616,-0.79948217,1.1146702,0.07423336,0.0043141954,-0.7578023,0.17267612,-0.5961445,0,chr1:152048801:adrenal_gland:0,FP,1
-2.9784575,-2.7894075,0.31774628,-0.6018523,-0.171648,-1.0413183,-0.4913653,-0.018374156,-0.1713938,0.003998611,1,chr5:158014121:prostate_gland:0,FN,0
4.586897,-0.20500962,0.3044576,0.5526343,0.43861866,1.3074728,-0.48013374,-0.58058107,0.049704187,0.22778973,1,chr9:63859628:body_of_pancreas:0,TP,1
-2.3455079,-1.4628271,1.162472,-1.06306,-0.12555519,-0.34607917,0.06970156,0.026794547,-0.047978565,0.63295007,1,chr2:38555382:prostate_gland:0,FN,0
-1.1520394,0.2321746,-0.4678425,1.0177267,0.0015869453,0.74096435,0.32795885,-0.37943143,0.30008873,0.10111916,0,chr19:19554833:transverse_colon:0,TN,0
-1.7905402,-0.026291579,-1.5504663,0.14642398,0.13647327,0.4215623,0.46372563,0.014127831,0.62663025,0.09088523,0,chr10:80047418:spleen:0,TN,0
-0.035507504,-0.42991728,1.0493479,1.1303577,0.7807593,1.6362063,0.18484196,0.40336922,-0.45137098,-0.38427958,1,chr6:169655219:prostate_gland:0,FN,0
-0.30230224,2.351164,0.9033042,-1.478729,-0.134855,0.71323335,1.3434014,-0.83052784,-0.2136985,0.13404477,0,chr7:6797614:upper_lobe_of_left_lung:0,TN,0
-2.7555158,-2.159902,0.3547838,-0.00097554724,0.08998598,-0.5052757,-0.51203233,-0.32338014,-0.38407502,0.06123326,0,chr5:177501512:esophagus_muscularis_mucosa:0,TN,0
-2.427414,1.3808814,0.079987794,-0.22303444,-0.030369373,-0.80990535,-0.3748427,-0.14589451,-0.2887725,0.78982455,0,chr10:11472145:prostate_gland:0,TN,0
-1.7846118,-0.6892818,-1.4841725,-0.37379816,0.25191876,0.41355756,0.04713892,0.120092556,0.15795866,-0.37050062,0,chr1:148255348:transverse_colon:0,TN,0
-2.7879577,-3.221696,1.0743399,-1.217321,-0.46699542,-1.2256854,-0.32602853,-0.52944726,-0.07740524,0.037600752,0,chr7:47266370:thoracic_aorta:0,TN,0
-2.352381,0.14246182,1.7487429,1.6446564,0.004790269,-0.91918164,0.009945223,0.16694596,-0.17085354,-0.13435905,0,chr11:11622213:testis:0,TN,0
-2.3802679,-1.1067499,-0.5424065,0.0027250731,0.4934366,-0.6718312,0.24941936,0.22626007,-0.009821171,0.28744915,1,chr2:96533513:prostate_gland:0,FN,0
-2.924571,0.3417608,-0.8490784,0.15481739,-0.34999377,-0.19313778,0.0806554,-0.120609045,0.33372107,0.0397462,0,chr3:122458998:esophagus_squamous_epithelium:0,TN,0
-1.4529332,0.55102426,0.3775327,-1.4955564,0.031244855,0.1181592,0.06381025,-0.6219697,-0.15782705,-0.8092158,0,chr8:6869682:body_of_pancreas:0,TN,0
-0.5314707,-2.5244014,0.09411762,-0.8242613,-0.4547444,-0.14038604,0.93733144,-0.35212126,0.49038228,-0.22426948,1,chr6:137697537:body_of_pancreas:0,FN,0
-1.0388834,-1.2771025,1.963626,-0.43195635,-0.5624221,-0.5837186,0.320238,0.5851708,-0.7805339,-0.15347491,0,chr11:449817:tibial_nerve:0,TN,0
5.7983756,0.8928917,-0.5907395,0.25567082,-0.103815176,-1.1910316,-0.045399025,0.2290465,0.65798277,0.040832236,1,chr17:22909996:adrenal_gland:0,TP,1
-2.4789948,-0.6236311,-0.28789103,-0.6753962,-0.1798175,0.5647918,-0.018617434,-0.039271463,0.18169801,-0.7303462,0,chr2:191748941:body_of_pancreas:0,TN,0
-1.4692355,1.9337788,1.0269558,0.38636693,-1.1438402,0.41808978,0.22499308,0.0035885791,-0.12405822,0.5138578,1,chr16:4548780:spleen:1,FN,0
-3.2510405,1.2506758,0.09682145,-0.121067666,-0.20072086,0.30691734,-1.3930403,-0.13966955,-0.35212559,-0.30094913,0,chr1:31423083:transverse_colon:0,TN,0
-3.0052242,0.8298211,-0.4406472,1.0832812,-0.6321225,-0.07744293,-0.23564453,-0.043305703,0.09702196,-0.13967276,0,chr17:50950273:sigmoid_colon:0,TN,0
-2.7484488,0.080244154,-0.77139556,0.5630758,-0.021793922,-0.4133371,-0.22586331,0.34051025,-0.10358115,-0.18774015,1,chr9:83219889:testis:0,FN,0
-2.1425512,-0.77340823,0.41406995,-1.0858673,-0.0770312,-0.328569,-0.2356271,-0.73322725,0.11363617,0.38795546,1,chr17:75032294:thoracic_aorta:0,FN,0
-2.2232575,1.6276455,0.24010818,-0.69637364,-0.8495475,0.44301268,-0.08224969,-0.35164508,-0.4409168,0.20266269,1,chr14:58098678:Peyers_patch:0,FN,0
-1.6504124,2.42058,1.4046811,0.4414821,0.653357,-0.92226636,-0.24235372,0.18943468,0.3035863,0.11097125,0,chr6:27146708:transverse_colon:0,TN,0
5.989143,0.36306924,-0.49979246,0.33356068,-0.11117439,-0.49612445,-0.089645825,-0.38318318,0.15020595,-0.14912756,1,chr12:121918386:gastroesophageal_sphincter:0,TP,1
1.9144101,-0.36061367,0.16338053,-1.3212214,-1.8500724,-0.35144514,0.7142058,-0.22458877,0.9868991,-0.08571135,0,chr18:3998780:upper_lobe_of_left_lung:0,FP,1
0.09193224,0.54862744,0.6774731,-1.9733028,-0.7281238,-0.09994427,0.94203866,-0.28522834,0.34625077,-0.31181252,0,chr8:19257625:transverse_colon:0,TN,0
-2.7421923,1.8557634,-0.078125894,0.13051406,-0.2953451,-0.19097275,0.117945604,-0.46225467,0.09581213,0.7194079,0,chr11:8225583:tibial_artery:0,TN,0
-0.7900247,-0.9419535,0.009539175,0.08284669,1.4983716,0.06409432,0.5546296,-0.31347698,0.013560901,0.3263461,0,chr22:43159583:upper_lobe_of_left_lung:0,TN,0
-1.2470517,0.48981458,0.19408426,-1.0524471,0.26198414,0.6639602,0.2935409,-0.03612757,-0.5807622,0.015555716,0,chr9:132849549:transverse_colon:0,TN,0
4.957676,0.5287582,-0.43351957,0.08235355,-1.3063864,-0.21895528,0.42919093,-0.095013484,-0.37838417,0.21131222,1,chr2:158415576:gastroesophageal_sphincter:0,TP,1
-3.1937914,-0.6393424,-0.37611556,-0.24061833,0.13928762,-0.18731381,-0.925052,0.0002403018,0.045742612,0.054758564,0,chr17:30340560:tibial_artery:0,TN,0
-0.8529205,-0.036117475,0.52514637,-0.12243087,0.0643201,1.6872351,-0.5188194,-0.45993128,0.14130382,-0.41270655,0,chr1:42923243:testis:0,TN,0
-2.4992461,1.9557967,0.004496482,-0.33120745,-0.47902727,0.25259095,0.06693151,0.0011420774,-0.5054835,0.732893,0,chr11:65480605:body_of_pancreas:0,TN,0
5.6761074,-0.43627182,-0.31428322,0.6907367,0.409818,0.2354121,-0.6162844,-0.4126783,0.21890639,0.53102547,1,chr4:1752766:body_of_pancreas:0,TP,1
-2.2907424,1.1269524,-0.9800924,-0.41248745,-0.17576146,-0.10745472,0.14363079,0.020083098,-0.46849227,0.25542146,0,chr8:27855652:body_of_pancreas:0,TN,0
-3.1421864,-0.042278558,0.41006193,-0.4899048,-0.18833645,-0.47641394,-0.63333035,-0.49387172,-0.06716714,-0.21400541,1,chr7:74566874:adrenal_gland:0,FN,0
-0.07660856,-2.1988168,-1.0045136,-0.3339844,-0.32194006,1.1830432,-0.569166,-0.13531518,0.4837198,-0.70097584,0,chr7:144362043:prostate_gland:0,TN,0
5.856541,1.9087508,-0.34857723,-0.20293942,-0.030866725,-0.35619444,0.25826848,-0.36545217,0.7044371,0.08577197,1,chr14:30690707:Peyers_patch:0,TP,1
5.487874,1.5217843,0.281792,-0.55179846,0.10832475,-0.51482236,0.12717184,-0.4072246,0.57962227,-0.7694968,1,chr14:30690707:body_of_pancreas:0,TP,1
2.2067778,-1.1280204,-0.0023734786,-0.63193446,-1.8264421,0.58808404,-0.13717367,0.59746075,0.10027997,-0.26606888,1,chr6:43386692:esophagus_muscularis_mucosa:0,TP,1
-2.749999,0.20281528,-0.852758,-0.3713987,-0.28210208,0.36808535,-0.26901785,0.23594524,0.2233539,-0.19477083,0,chr4:82462411:prostate_gland:0,TN,0
3.7967184,4.888643,-0.5686546,-0.3348992,0.9491331,-0.2935506,-0.28316173,1.1281056,1.5790988,0.34176275,1,chr17:25579422:transverse_colon:0,TP,1
-0.17596948,2.0400252,0.32650256,-1.594144,0.8309616,-0.17181778,0.21262531,-0.21974725,0.07136685,0.07643597,1,chr5:197187:body_of_pancreas:0,FN,0
-2.2828228,1.2836775,1.5064628,1.9779615,-0.5510613,-0.7416767,0.1126592,-0.043606102,-0.03305225,-0.21995053,1,chr6:39725494:esophagus_muscularis_mucosa:0,FN,0
5.744405,-0.2865617,-0.31767756,0.20936297,-0.18122889,-0.6812329,0.42805114,0.6613354,-0.8199469,-0.45627356,1,chr3:103094197:prostate_gland:0,TP,1
-2.4511793,2.7776222,-0.345994,-1.1168267,-0.12920448,0.8566202,-0.112679824,-0.09378192,-0.12576838,-0.15746997,1,chr10:48659989:Peyers_patch:0,FN,0
-0.22727881,1.6189512,0.11741386,-0.76481926,0.037077077,1.4951979,0.18797573,-0.7084284,-0.5730292,0.46307662,0,chr19:8599164:body_of_pancreas:0,TN,0
-1.6164218,-0.16749483,0.14219719,1.4527438,-0.015603064,-0.2050648,0.91760427,0.39461455,-0.07267298,-0.26967913,0,chr19:35717320:adrenal_gland:0,TN,0
-3.1249254,0.43280074,-0.2598416,0.46525198,0.087922536,-0.4356807,-0.1501898,-0.18648747,0.2426166,0.106473215,0,chr11:68384244:Peyers_patch:0,TN,0
-2.2563488,1.585074,0.049241815,-0.78219813,-0.022469707,0.058245543,0.3438796,-0.39683643,-0.27073735,0.9642087,0,chr7:151112985:body_of_pancreas:0,TN,0
-1.9635904,-0.99872726,-0.5731081,0.25636843,0.3013224,0.094232224,0.42908606,-0.45462468,0.0173221,0.21933977,0,chr7:4152308:gastroesophageal_sphincter:0,TN,0
-1.9044212,0.45238614,-0.11177449,0.24623798,1.2584317,1.155037,-0.30778196,-0.3249543,0.056439243,0.07916095,1,chr5:179213127:esophagus_muscularis_mucosa:0,FN,0
1.1198432,-1.3038263,2.032673,0.038806614,-0.25991604,0.85224,-0.39011315,-0.13337365,0.40592092,0.80183285,1,chr2:239791179:omental_fat_pad:0,TP,1
-2.9488337,0.20740801,0.6199648,1.3270755,-1.0812222,-0.19773604,-0.26490954,-0.01545629,0.2971809,-0.30977055,0,chr19:18192987:body_of_pancreas:0,TN,0
-2.1656384,-1.0112134,-1.361274,-0.09436266,0.28700832,0.7178276,-0.11274934,0.010021029,0.13597079,-0.21605861,0,chr22:28009558:thyroid_gland:0,TN,0
-1.5466487,-0.8928997,0.31929073,1.0723792,0.3389804,-0.1775728,0.4898622,0.27680638,-0.030555699,0.25663152,0,chr4:54658136:upper_lobe_of_left_lung:0,TN,0
1.643194,2.0181797,1.2975352,-1.3924584,-0.56290483,0.65489995,1.7617302,-0.40232164,0.014483448,-0.14017616,1,chr3:135921913:body_of_pancreas:0,TP,1
5.120269,0.6931683,0.93977034,0.09516696,1.194119,0.052387677,0.067750365,-0.94730955,0.59911996,-0.40688074,1,chr16:579030:transverse_colon:0,TP,1
-3.0751765,1.2967527,-0.8608846,-0.14792284,0.37024906,-0.46800762,-0.4968783,0.21390525,-0.25957584,0.2412868,0,chr4:104860777:prostate_gland:0,TN,0
-2.3594437,1.1227086,1.132939,-0.9724805,0.019195184,-0.26576936,-0.16866802,0.23247552,-0.122634225,0.66347665,0,chr1:18911790:testis:0,TN,0
1.1502938,-5.606639,0.6251266,0.5526934,-1.7848622,0.77417207,-1.1945052,0.60187066,0.9230196,0.9633691,0,chr1:16741091:adrenal_gland:0,FP,1
5.858365,0.84572196,-0.6399783,0.12974203,-0.5499175,-0.5518155,0.07279437,-0.4770956,0.114685774,-0.20285246,1,chr2:132257671:body_of_pancreas:0,TP,1
-2.4389374,-0.7646756,-0.25110385,1.1510291,-0.17714581,0.12937403,0.062366437,0.3813138,0.3057202,-0.016783152,0,chr20:58851670:upper_lobe_of_left_lung:0,TN,0
5.4763665,-1.1178222,-0.56404585,0.3722093,0.13882275,0.32652014,-0.51354927,-0.0027818435,0.30519462,0.42819467,1,chr10:44370798:body_of_pancreas:0,TP,1
-2.9477868,-0.35331398,-0.8335256,0.11701585,-0.5124837,0.24878739,-0.57658696,-0.16274555,0.45735896,-0.20214048,0,chr1:146401430:upper_lobe_of_left_lung:0,TN,0
-2.718409,1.168765,-1.3082453,0.07680249,0.09852101,0.28974247,-0.31765085,-0.28948474,0.13037968,-0.2941707,1,chr20:54062952:transverse_colon:0,FN,0
2.8375247,-1.7438364,2.0081186,-1.0961237,-0.46899664,-1.1788199,-0.3748252,0.26136798,0.61607033,-0.48896712,1,chr20:29891452:body_of_pancreas:0,TP,1
-1.6730505,-1.0155357,-0.03600004,0.6668697,0.722039,-0.163003,0.49000126,-0.35664815,-0.10335931,0.20240095,1,chr17:80846411:body_of_pancreas:0,FN,0
-2.731265,1.1755289,0.8745195,1.6284852,-0.4927877,-1.0809989,-0.14328185,0.0014628746,-0.0057147904,-0.21071869,1,chr1:26921783:upper_lobe_of_left_lung:0,FN,0
-2.1920645,0.047419388,-0.74084884,0.87466705,0.25802183,-0.65498817,0.4688016,-0.0505443,0.05498912,0.029445216,0,chr1:2204651:tibial_artery:0,TN,0
-2.8280005,0.66380525,-0.575016,0.4053928,-0.39479426,-0.078558095,-0.1164023,-0.6383217,-0.06695507,-0.037088215,0,chr11:12599485:tibial_artery:0,TN,0
4.7856197,0.5789629,-0.03849783,-0.13794185,-0.70530325,0.31183794,0.47503543,0.36235413,-0.763779,0.25684443,0,chr15:29439155:body_of_pancreas:0,FP,1
-2.1673555,0.6082759,-1.0634286,0.05357833,-0.68868273,0.718985,0.019782372,0.36488914,0.20798914,-0.44525132,0,chr10:61819430:body_of_pancreas:0,TN,0
2.8179228,0.14851426,1.0222931,-0.6335036,-1.1547914,0.833347,0.11205499,1.5802485,0.6878111,-0.17443196,1,chr12:48753691:esophagus_muscularis_mucosa:0,TP,1
5.914486,-0.38405108,-0.40680557,0.07641995,-0.024717815,-0.59257925,0.077360496,0.49544802,-1.1493696,-0.15234277,1,chr6:111422648:thyroid_gland:0,TP,1
-2.047755,2.231797,0.9525288,0.5694109,-0.6541612,-0.38660347,0.561294,-0.19045718,0.0020992982,0.57721496,1,chr11:43680454:tibial_nerve:0,FN,0
-0.028567644,-1.1614172,-0.52443594,-0.8949237,0.4385897,0.81610096,0.49277958,1.1522146,-0.053526692,-0.6214593,1,chr10:18627450:prostate_gland:0,FN,0
-2.5752509,0.43019453,1.0636164,1.7613806,-0.29129398,-0.9736071,0.3278201,-0.078366786,-0.035011936,-0.02248106,0,chr5:178730754:gastrocnemius_medialis:0,TN,0
-2.713365,0.927772,-1.1341609,-0.3953063,0.16442052,-0.013311744,-0.010658757,0.088439845,-0.22308691,-0.120171145,0,chr1:114979744:transverse_colon:0,TN,0
-3.2193334,0.92032236,-0.32553136,0.56814945,0.14883702,-0.5560821,-0.7048907,-0.23216721,-0.025567858,-0.17628424,0,chr14:76873140:gastrocnemius_medialis:0,TN,0
2.053907,-1.3042704,0.32345057,-0.88315743,0.30660936,0.85095054,0.804055,0.544844,-0.15430269,0.6772444,0,chr15:85504871:transverse_colon:0,FP,1
5.2703795,2.4213889,-0.39131704,-0.13187915,0.4745106,-0.80053145,0.18248285,0.89786094,1.5137135,-0.110280015,1,chr17:25564506:body_of_pancreas:0,TP,1
-1.9960796,1.0973816,0.98442125,1.2302147,0.7206476,-0.40185487,0.37055302,-0.07888398,-0.21465594,0.07304185,1,chr8:28701937:gastrocnemius_medialis:0,FN,0
5.395997,-0.8038699,-0.14684115,0.5347696,0.8884616,0.52187985,-0.6000612,-0.40323728,-0.34635168,0.24132684,1,chr14:23988708:body_of_pancreas:0,TP,1
-0.1882843,-0.47045228,0.52223223,0.23686366,2.3526845,0.35623676,0.29984066,0.5319603,0.32671946,0.88426924,0,chr9:93827801:tibial_artery:0,TN,0
-3.0719864,-0.6521597,-0.6272831,0.10725517,0.13121077,-0.5198422,-0.27319568,-0.17389081,0.26771486,-0.17446057,0,chr17:72467729:esophagus_squamous_epithelium:0,TN,0
5.9257483,1.3266395,-0.69025904,0.334888,-0.33163288,-0.68569034,-0.10022528,-0.49562043,0.05341877,-0.1972851,1,chr7:142776507:body_of_pancreas:0,TP,1
6.0540876,0.098645136,-0.42124578,0.2627345,0.10026318,-0.48396963,-0.06676004,-0.16469914,0.031269446,0.123249516,1,chr6:31374359:transverse_colon:0,TP,1
-1.6858249,-2.1014562,-0.35256195,-1.0493642,-0.08682573,-0.0740749,0.3679788,0.3704183,0.16274688,-0.82635975,0,chr4:157978948:esophagus_muscularis_mucosa:0,TN,0
-2.93559,0.8344643,-0.5508116,-0.7024085,0.5533922,-0.4700163,-0.023384478,-0.00030403276,-0.038834564,0.1356119,0,chr19:39048065:body_of_pancreas:0,TN,0
-1.9124448,-2.674858,0.64290965,-0.838447,-1.0604613,-0.15015227,-0.5841749,-0.43274254,-0.18839644,-0.22896104,0,chr6:32967583:Peyers_patch:0,TN,0
4.855566,-0.9254655,-0.26748624,1.0945143,-0.4607682,0.5378024,-0.45801723,-0.033499233,-0.380962,0.6715377,1,chr9:61668518:prostate_gland:1,TP,1
-1.9328082,-1.4314052,-1.0419191,0.43631947,-0.03303505,-0.8606209,0.45459023,0.062427618,0.0026721251,0.091666326,1,chr6:131199853:upper_lobe_of_left_lung:0,FN,0
-0.7371223,1.8301916,0.26782855,-1.1732265,0.32120526,0.0067229667,0.7808135,-0.071092434,0.29759708,1.1833276,0,chr1:23210397:transverse_colon:0,TN,0
6.0850716,0.58892024,-0.5939055,0.39274162,-0.07283148,-0.57324547,-0.16069753,-0.3354941,0.07029239,0.023497153,1,chr3:75785419:sigmoid_colon:0,TP,1
6.100686,0.2697004,-0.45122787,0.20881188,0.041976217,-0.53303754,0.060781028,-0.21167496,0.061573014,0.08778563,1,chr6:31374359:thoracic_aorta:1,TP,1
2.4504812,-0.18063645,1.6033125,-1.9385009,0.9739819,-1.2341491,-0.79506254,1.1900115,0.6922323,0.19638011,1,chr8:44636977:transverse_colon:1,TP,1
-2.8890758,0.33068255,0.14045504,-0.23140182,-0.69979304,-0.71669626,0.1656522,-0.41511992,-0.026910832,0.85382044,0,chr19:48152501:Peyers_patch:0,TN,0
1.2161903,-2.053099,-0.17953356,-0.6100671,-0.6412164,-0.10513831,1.447249,-0.7128808,0.82809156,-1.0757248,1,chr6:53956277:esophagus_squamous_epithelium:0,TP,1
-2.6494796,-0.12900549,-0.5105495,0.18489914,-0.038980387,0.014446981,-0.58931816,0.3463697,-0.29891634,0.15478733,1,chr5:149431239:esophagus_squamous_epithelium:0,FN,0
-2.0707946,0.11661571,-1.1634068,0.48394156,0.57598704,0.09086163,0.3416109,0.06418779,0.1448042,0.31430385,0,chr16:4685526:body_of_pancreas:0,TN,0
1.4253701,0.014430136,1.8587555,0.1184384,-0.4415505,1.1077856,-0.61490256,1.5231211,0.98341405,-0.8441447,1,chr19:21484173:gastrocnemius_medialis:0,TP,1
4.759563,-2.045223,-0.6836427,0.6774152,-1.2764701,-0.37672734,-0.9816452,0.056353245,0.04462369,1.0181415,1,chr11:60251676:transverse_colon:1,TP,1
-1.8824675,-0.8268097,-0.4420954,0.5439378,-0.54691803,0.30337086,0.5876092,0.25408748,0.25149158,-1.0496213,1,chr8:32547271:prostate_gland:0,FN,0
-1.2329503,0.8479072,1.3291816,-2.2537093,1.059942,-0.9799392,0.063550085,-0.17347053,0.5702458,-0.26322734,0,chr19:52748468:thoracic_aorta:0,TN,0
-2.1205227,0.22399577,0.91125697,1.6974008,-0.9342373,-0.040450804,0.04391341,0.22044739,0.20584336,-0.34225893,0,chr16:68237591:thoracic_aorta:0,TN,0
-1.9475511,-0.6136382,-0.92378384,-0.68423194,-0.0820563,0.072041355,0.4218169,0.12584823,0.4294216,-0.41517717,0,chr6:24931943:sigmoid_colon:0,TN,0
-1.567311,1.8603433,0.9373304,0.7165843,-1.0023292,0.558821,0.32525137,-0.114856586,-0.1286589,0.8123879,1,chr16:4548780:gastrocnemius_medialis:0,FN,0
-2.1262236,0.56932867,0.10019494,1.1793032,0.5847715,-0.28875858,0.29330066,0.24037626,-0.06862983,0.23258682,0,chr17:34980857:gastroesophageal_sphincter:0,TN,0
5.862415,-1.1316614,0.00022702488,0.20944542,0.41096765,-0.26771015,-0.40405318,-0.016884008,-0.48140454,-0.48492855,1,chr1:27556965:prostate_gland:1,TP,1
4.879215,3.237253,-0.6030765,-0.2782373,0.4659666,-0.58393013,-0.09947714,0.8388645,1.5832,0.057499755,1,chr17:25564506:Peyers_patch:0,TP,1
5.695967,-0.1716124,-0.33912554,-0.0029256498,0.47125742,-0.33381286,-0.09248842,0.4374327,-0.9081957,-0.4379164,1,chr8:69248295:thyroid_gland:0,TP,1
-2.6911187,0.31097165,-0.29864267,0.29138803,0.5585932,0.037316043,0.07138823,0.41385964,-0.058381625,-0.023838287,0,chr10:110834148:body_of_pancreas:0,TN,0
0.7302457,-2.5868165,-0.39179346,0.7715036,0.48198095,0.6035338,0.7435232,-0.0028936116,0.2185702,0.4717962,1,chr7:2064001:tibial_nerve:0,TP,1
2.9217262,0.8736479,0.12166937,-0.9095203,-1.0367657,0.14684439,1.0356114,-0.76487356,0.4034197,-0.55253774,0,chr3:134769565:body_of_pancreas:0,FP,1
-1.9882667,1.4305085,-0.39523163,-0.23244408,-0.19581024,0.5215254,0.3873398,0.07371244,-0.12294431,0.09364252,1,chr20:32674620:adrenal_gland:0,FN,0
-0.40856206,1.0497261,0.20004568,-0.7359013,-0.58185905,1.4204558,-0.5278265,-0.4747499,-0.565022,0.11959656,0,chr1:244014970:upper_lobe_of_left_lung:0,TN,0
-2.745624,-0.24622738,-0.64064205,0.11398641,-0.043511275,-0.48192486,0.05962022,0.010137127,0.13164756,-0.01649073,0,chr19:36606005:adrenal_gland:0,TN,0
-3.2143905,2.1414044,0.31842354,-0.13051641,-0.3369217,0.32354566,-1.4085171,-0.3430683,-0.1821174,-0.16192715,0,chr1:31423083:tibial_artery:0,TN,0
5.930165,0.5718869,0.045064572,0.014122179,0.09320034,-0.883569,0.044356324,0.31988508,0.49456504,-0.09723914,1,chr8:45161471:transverse_colon:0,TP,1
-2.9188464,0.41092792,-0.1641874,0.9752912,0.16859674,-0.6495079,-0.35677773,0.20701721,-0.18283977,0.0019676113,0,chr18:55590224:body_of_pancreas:0,TN,0
5.2218413,-2.023207,-0.6311555,0.36782664,-1.5337342,-0.7863874,-0.20552734,0.054226425,-0.59574765,0.51480556,1,chr3:75723673:transverse_colon:0,TP,1
5.2951837,2.1805608,-0.5281633,-0.09607102,0.22664554,-0.978003,0.1217797,0.42465967,1.2876437,-0.16460061,1,chr17:25579422:testis:0,TP,1
-0.71751,0.29638824,2.4078984,1.9935529,0.24076535,-0.1730589,0.24025515,0.52859926,-0.27710238,0.14389028,0,chr5:36241819:testis:0,TN,0
-2.4600308,-1.0670863,-0.52980185,0.703377,0.05030054,-0.5827751,0.38512298,-0.09118276,0.03055439,-0.5343519,1,chr11:1652791:spleen:0,FN,0
-1.4015402,-0.10419178,-0.5049342,0.9495543,0.6004988,-0.33995703,0.57767576,0.22307292,-0.26607534,0.37228084,0,chr7:100894790:testis:0,TN,0
-2.4904854,0.15865083,-0.3944718,0.09720234,0.3260464,-1.127906,0.10404461,0.10651517,-0.11685429,0.25437295,0,chr14:24014450:tibial_artery:0,TN,0
0.83605945,0.24759816,0.36551523,-0.32689738,-0.5045782,1.1161036,-0.1996494,-0.36217895,-1.4472431,-0.08004205,0,chr4:109977768:body_of_pancreas:0,FP,1
-3.0655217,-0.34237006,-0.7145633,-0.72870624,-0.23666094,-0.60293347,-0.1300307,0.06628173,-0.11558133,0.055413574,0,chr22:10673306:thoracic_aorta:0,TN,0
-1.2841226,-0.91638863,1.5911914,-2.4239573,0.03455321,-0.5565749,0.7751707,-0.23133425,-0.071530774,-0.26200864,0,chr4:88714082:body_of_pancreas:0,TN,0
5.1807733,-0.33381876,-0.44431493,0.62919426,0.11016144,0.73551476,-0.44728568,0.12060814,-0.23956043,-0.47055647,1,chr16:18131657:upper_lobe_of_left_lung:0,TP,1
-1.0521373,0.47773376,0.24887922,-1.1978151,-0.472573,0.5214243,1.0907876,-0.96418303,0.29581448,0.07534488,0,chr11:63404588:body_of_pancreas:0,TN,0
-1.2880015,-1.2849243,0.25737897,1.1748668,0.51572245,0.40728673,0.41300607,0.17699791,-0.034838647,-0.08037929,1,chr7:100965467:transverse_colon:0,FN,0
3.0078275,-0.18367565,1.1115541,-2.0135505,1.0922736,-0.97002834,-0.32754305,1.7938992,0.8726881,-0.07914453,1,chr8:44636977:testis:1,TP,1
-0.56958795,0.92177093,0.776678,0.013194463,1.3960166,1.4292203,-0.21389922,-1.0948775,-0.31331635,0.080196016,1,chr12:2540813:spleen:0,FN,0
1.8996866,1.6107625,-0.1587849,-1.5923973,1.3041635,-0.12700222,0.75264937,0.6080298,0.427611,-0.35928088,0,chr4:44827714:body_of_pancreas:0,FP,1
-2.7878966,0.24969257,-0.5015328,0.16501103,-0.59236693,-0.6338183,0.11352787,0.043582402,0.29806718,-0.18371326,0,chr3:113577845:upper_lobe_of_left_lung:0,TN,0
-1.0618775,-0.13721041,-0.5832329,1.1138057,0.17220166,0.89499533,1.015495,0.09556168,0.45929223,0.4035912,1,chr15:40906278:upper_lobe_of_left_lung:0,FN,0
-0.3196385,-2.4143689,-0.7979435,-1.045482,0.4592413,0.30764458,-0.034445167,1.3071213,-0.10783143,-0.28015894,1,chr9:17531876:transverse_colon:1,FN,0
5.950612,0.23739035,-0.5099526,0.5569358,0.22282612,-0.26361993,-0.36612827,-0.31416717,-0.10295736,0.12208972,1,chr3:75785357:gastrocnemius_medialis:0,TP,1
-1.7907346,-0.9654336,-0.56218255,-0.22052494,0.7360523,0.036605086,0.017291542,0.70885146,-0.21074405,-0.2976951,1,chr6:168884315:tibial_nerve:0,FN,0
-1.5951463,0.16652334,0.61238176,-1.7364501,-0.16727617,0.013985569,-0.094022006,-1.2292438,0.84128386,0.22012925,0,chr14:52045127:body_of_pancreas:0,TN,0
-2.6006398,0.81093895,-1.1853306,0.51258063,0.4259247,0.16905947,-0.17166564,-0.019101124,0.022604913,-0.070985496,0,chr14:106061994:prostate_gland:0,TN,0
-2.6543024,0.41416,-0.2637966,0.71628976,-0.37135553,0.022060508,0.04377796,0.010355045,0.23773062,-0.0724308,0,chr9:98315874:spleen:0,TN,0
-2.1420798,-1.0635657,0.17787181,-0.44838816,-0.12608387,-0.5632264,0.34367576,-0.1588477,0.13924956,-0.25328815,0,chr16:11800357:body_of_pancreas:0,TN,0
-0.7546324,2.3907897,1.0844055,-1.4202387,0.23442835,0.0023975624,-0.16686286,-0.52284104,-0.25779793,0.37719113,1,chr2:168375394:prostate_gland:0,FN,0
-1.4296436,0.3079385,-0.5122616,1.1964535,0.5670688,-0.15684792,0.8580332,0.5530758,-0.25399226,0.014271502,0,chr21:34890129:tibial_artery:0,TN,0
-2.23896,0.22365679,0.72664315,-1.4942065,0.3821126,-0.40250733,0.39752865,-0.23901467,-0.29480568,0.9843055,0,chr9:86332338:body_of_pancreas:0,TN,0
-2.545836,0.33597395,0.24129371,0.6711182,-0.004444737,-0.009246051,0.06780686,0.13481803,-0.2735435,-0.16422941,1,chr12:123762055:gastroesophageal_sphincter:0,FN,0
-0.66602874,1.1800193,1.4393059,-0.8951292,-0.36822265,-0.28178272,0.08254785,-0.16074409,-0.4805169,0.1613491,0,chr12:9250488:body_of_pancreas:0,TN,0
-2.1953206,-0.3088979,-0.28333065,0.7088695,0.2865968,-0.24924974,0.4034447,0.20605096,-0.055542953,0.18459769,1,chr16:4273965:body_of_pancreas:0,FN,0
-1.9866599,0.7553228,0.95797986,-0.7122626,-0.6376083,0.023802577,0.26659474,0.50505,-0.1308262,0.6467699,0,chr6:11655830:spleen:0,TN,0
-2.1458728,-0.38178205,-1.0954089,0.5925291,-0.040531486,-0.6158604,0.3836142,-0.04323602,0.033663146,-0.080225825,0,chr8:11933952:body_of_pancreas:0,TN,0
5.0376563,0.46016532,0.30396378,-0.39411736,-0.40527168,-0.11563205,0.7500593,0.0942152,-1.062641,-0.56640726,0,chr1:207000211:body_of_pancreas:0,FP,1
-2.786957,-1.5850446,0.3912637,-0.2605988,-0.016728021,-0.8346554,0.22246884,-0.093751304,-0.20647597,0.37487334,0,chr2:47080961:body_of_pancreas:0,TN,0
-2.741497,0.914934,-1.4974718,-0.15126233,0.24187446,0.021991562,-0.29729587,0.23575431,-0.15673603,0.010383416,0,chr4:110589414:body_of_pancreas:0,TN,0
-2.0265517,0.052708946,-1.4834211,-0.07579942,0.25033128,-0.06068718,0.2547292,0.32002804,0.023921926,0.009833522,0,chr10:110269541:thoracic_aorta:0,TN,0
-1.6970675,0.68249595,2.2968197,1.5251766,-0.031159865,0.028921688,-0.06645174,0.09524516,-0.1269084,-0.11171427,0,chr2:64751571:transverse_colon:0,TN,0
-0.38161206,-3.9404373,0.20087966,-0.8036421,-0.28543675,-0.8265763,0.7847146,-0.6189327,0.89490616,-0.59847814,1,chr6:53956277:tibial_artery:1,FN,0
-0.7018596,-1.0384147,0.14182593,-0.44837064,-0.6211901,0.25203535,-0.06636146,-0.7748003,0.4706878,0.7963216,0,chr1:84753658:thyroid_gland:0,TN,0
-1.6734365,-0.5287414,-1.4566796,-0.1622558,0.2675282,-0.29277295,0.3675249,-0.0027301772,-0.039366934,0.17849894,1,chr9:127348292:esophagus_muscularis_mucosa:0,FN,0
-3.1099324,-0.2566458,-0.17379142,-0.5743314,-0.50248843,-0.95961213,-0.4726836,-0.42199716,0.13798466,-0.17913875,0,chr10:95363363:esophagus_muscularis_mucosa:0,TN,0
5.3540373,-0.17122847,0.33336255,0.7042182,1.4384516,0.36268994,-0.38732424,-0.39834446,-0.30992112,0.012159092,1,chr5:132737309:Peyers_patch:0,TP,1
-1.8528666,0.63980234,-1.3718427,-0.57509947,0.4493704,0.95253545,0.4095586,0.45686743,-0.4030383,-0.14818814,0,chr2:40760065:sigmoid_colon:0,TN,0
-1.8140264,0.7386166,-0.8869295,0.59038466,0.8993658,-0.015080265,0.42458197,0.22573757,-0.25118586,0.075309016,0,chr22:49724957:Peyers_patch:0,TN,0
1.6137443,-2.0416152,2.0314631,-1.5428909,-0.09746743,-1.4438195,-0.69772655,0.4329309,0.7496056,-0.31507736,0,chr5:46665358:body_of_pancreas:0,FP,1
-2.8645644,-0.12044496,-0.6581257,0.083881624,-0.081730634,-0.08122995,-0.5354285,0.19230063,-0.29905722,0.13037506,1,chr5:149431239:transverse_colon:0,FN,0
-3.0791621,-0.46473125,-0.03167281,-0.35308835,-0.40844855,0.15896295,-0.7179912,0.24860783,0.2387114,-0.59455836,1,chr7:48424976:upper_lobe_of_left_lung:0,FN,0
5.4135456,-0.43506944,-0.51911265,-0.05299529,-0.32109827,-0.25910282,-0.594723,0.08272521,0.055223767,0.38320348,1,chr11:60251676:body_of_pancreas:0,TP,1
5.835049,-0.4615336,0.17228393,0.13994911,0.5609986,-0.323776,0.28521,0.0546557,-0.17948215,-0.2668475,1,chr19:4352840:thoracic_aorta:0,TP,1
-2.6004367,0.25399068,-0.5389796,-0.059736256,0.5981421,-0.96887577,0.031320255,-0.07371409,-0.019821884,0.52323323,0,chr3:66408208:transverse_colon:0,TN,0
-1.9177217,-0.3993475,-1.0235757,-0.59918374,-0.33045435,1.2235658,0.04068654,0.48362747,0.43527722,-0.33767396,1,chr11:26277028:esophagus_squamous_epithelium:0,FN,0
5.625024,2.054401,-0.6919927,0.07718107,0.17068718,-0.88205403,0.0047893175,0.47556078,1.0528774,-0.009844114,1,chr17:24931573:tibial_artery:0,TP,1
-2.0431247,0.9163388,1.0179001,1.6498395,-0.56896234,-0.43114078,0.4059436,0.052832834,0.1879511,-0.3859793,0,chr11:124954084:prostate_gland:0,TN,0
-2.3960195,0.20575687,-1.1799452,0.36019024,0.19399588,-0.4240269,0.2419839,0.28218797,-0.23216115,-0.07029548,0,chr9:135864525:upper_lobe_of_left_lung:0,TN,0
3.4794748,-0.7573152,2.0580554,-0.8759568,1.2320654,-0.28873643,-0.21001695,-0.4383533,0.7312928,-0.82859504,1,chr19:45678133:Peyers_patch:0,TP,1
6.023281,0.27312857,-0.23621248,0.09854427,0.38050306,-0.3962261,-0.17351328,-0.6256691,-0.09204581,-0.5226804,1,chr6:29705705:transverse_colon:1,TP,1
-1.1399533,0.6610207,-0.8353357,-1.2005954,0.8850547,-0.06558323,0.10460208,0.28280902,-0.14282128,0.6966535,1,chr12:104294234:gastroesophageal_sphincter:0,FN,0
-1.7432088,-0.2015654,-1.4977487,-0.32897413,0.6786302,-0.28043008,0.17926146,0.10020174,-0.23164648,0.2825004,0,chr6:8539560:prostate_gland:0,TN,0
-3.037137,1.8146931,0.42973185,1.0747094,-0.67682374,-0.63292235,-0.22419502,-0.23285167,0.097308,-0.19058648,1,chr9:97633155:body_of_pancreas:0,FN,0
5.7049885,-0.25379354,-0.9808366,0.49402282,-0.5937458,-0.32643694,-0.57928485,-0.23626256,0.09891905,0.40232062,1,chr7:142463839:transverse_colon:0,TP,1
-1.7353696,-0.24614964,-0.91348284,-0.18253069,0.32314986,-0.15414156,0.47632563,-0.17986809,0.0015408049,0.4176223,0,chr15:63056932:esophagus_muscularis_mucosa:0,TN,0
-0.7921578,-2.4834678,-0.6760789,-1.167521,1.5276228,-0.43582034,0.4505037,-0.082608886,0.44613403,-0.025584737,0,chr1:115717982:thoracic_aorta:0,TN,0
-1.9064004,-0.82886595,1.257024,0.9722528,0.66975373,-0.64939946,0.55688524,-0.065069415,-0.019820994,0.048324678,0,chr2:113541997:upper_lobe_of_left_lung:0,TN,0
4.680586,-1.4415908,0.4207469,-0.37113193,1.6299402,0.36997932,-0.07828682,-0.07623559,-0.07014358,-0.17251746,0,chr20:30511949:body_of_pancreas:0,FP,1
-2.1453216,-1.197663,-0.3171692,-0.57281315,-0.35063967,0.099149436,0.16613607,-0.3066137,0.22359388,0.09882066,0,chr11:15493342:Peyers_patch:0,TN,0
6.011118,0.7272357,-0.76113003,0.12568128,-0.11630872,-0.6991163,-0.20954089,-0.40316537,-0.072888985,-0.21615666,1,chr2:86221296:tibial_artery:1,TP,1
-2.171931,-0.35788336,0.23782055,-0.19750695,0.23190764,0.06608153,0.5595733,-0.26903754,-0.25654763,0.13673367,0,chr1:6347999:suprapubic_skin:0,TN,0
-2.9264588,-0.33624214,-0.86503625,-0.5218597,0.049271025,-0.21157043,-0.8066499,0.08534076,-0.106167294,-0.120290674,0,chr10:13844156:body_of_pancreas:0,TN,0
5.4002256,-0.3616312,-0.23175578,0.43110332,0.80447555,0.36403278,-0.56519246,-0.06542965,-0.096948214,0.17701668,1,chr9:42852316:tibial_artery:0,TP,1
-2.485548,1.826248,-0.02953782,-0.6962667,-0.46304274,-0.07141541,0.25816682,0.1659783,-0.23809332,0.49166247,0,chr6:32885726:spleen:0,TN,0
5.113278,1.3868767,-0.9070936,0.3637907,-1.380948,0.114646845,0.35734674,-0.39277694,0.35317957,0.16504309,1,chr4:75289967:tibial_artery:0,TP,1
-1.0973217,-1.266881,0.6684549,0.6294993,-0.29452258,0.13317086,0.46080008,1.1820931,-0.046794914,-0.53441596,0,chr2:66575386:gastroesophageal_sphincter:0,TN,0
-2.8131592,-0.44116446,-0.28664336,0.17396323,0.1072791,-0.6749695,0.12522475,0.37255105,-0.07174153,-0.31356132,0,chr20:30289806:prostate_gland:0,TN,0
4.879215,3.237253,-0.6030765,-0.2782373,0.4659666,-0.58393013,-0.09947714,0.8388645,1.5832,0.057499755,1,chr17:25564506:testis:0,TP,1
-2.9417706,2.0479524,-0.42598918,-0.55150884,0.15298358,0.084042184,-0.2463222,0.30141756,-0.59446025,0.2540544,1,chr12:12328361:body_of_pancreas:0,FN,0
-0.18395624,1.8913605,0.50900805,-0.63768387,-0.10392016,0.060540646,0.9942512,0.13989833,0.13164502,1.3256031,1,chr10:72221918:body_of_pancreas:0,FN,0
2.6426897,-3.8518052,-0.4122267,0.68433374,-2.1690207,0.2649981,-0.56110823,0.15486239,0.3525627,1.5109682,1,chr7:63015786:adrenal_gland:0,TP,1
-2.560936,0.056786556,-1.1322782,-0.6419447,0.21689753,-0.30959144,-0.011401339,-0.17958884,-0.0017222407,-0.3430613,0,chr2:44246833:body_of_pancreas:0,TN,0
1.7394285,1.9688264,1.5454457,-0.86122733,0.63066614,0.40134245,0.2466846,0.3562785,0.14713669,0.5212224,1,chr10:18628158:body_of_pancreas:0,TP,1
5.735088,-0.36162418,-0.22094475,-0.06922022,0.024377473,-0.63128155,0.10529046,0.57601047,-1.1089742,-0.61578614,1,chr4:113924101:thyroid_gland:0,TP,1
5.2990527,1.3486114,-0.93063194,0.2740666,-1.4591323,-0.13350932,0.4134854,-0.32183912,0.19788285,-0.009429167,1,chr4:75289967:thoracic_aorta:0,TP,1
-2.8278563,0.31259307,0.25184363,1.1403596,0.16990544,-0.7621629,-0.33198756,0.07409425,-0.18165869,0.2777236,0,chr4:76586290:tibial_artery:0,TN,0
-3.2301636,0.66228783,-0.49365643,0.10095184,-0.020462478,-0.69541293,-0.35748157,-0.20214108,0.1644594,0.006935173,0,chr15:40310054:sigmoid_colon:0,TN,0
-1.0380019,-0.59247667,0.8556191,-0.48990226,-0.4296574,-0.57791525,0.60432404,0.3244635,-0.43056086,-0.030589296,0,chr12:96063163:thoracic_aorta:0,TN,0
-1.4256833,-0.938469,0.30600077,0.2489544,1.4854608,0.2743796,0.28218386,0.22093076,-0.5362908,-0.50097364,0,chr5:142357270:tibial_artery:0,TN,0
-2.0809352,0.14991967,1.049678,-0.6546371,0.44623938,-0.2986569,0.017535884,-0.7705606,-0.14451723,0.4953134,0,chr3:75772030:transverse_colon:0,TN,0
4.2345915,1.544541,-0.21679984,0.44364515,-0.5393797,0.20676707,0.6013273,0.6372172,-1.2067277,0.40512022,1,chr7:73725711:transverse_colon:0,TP,1
-1.9620593,1.1165649,1.3313557,1.3964281,0.065388665,-0.30023375,0.6939335,-0.12655032,0.11943815,0.15637322,0,chr19:40403913:Peyers_patch:0,TN,0
-1.9483966,-0.3177217,-0.3109397,-0.8884174,0.29848942,-0.34246927,0.31970832,-0.5427624,0.18745975,0.22309245,0,chr14:54488111:transverse_colon:0,TN,0
-3.0832415,-0.1621304,0.8570636,0.7033744,0.20175414,-0.35918844,-0.26771852,0.17184004,-0.12709276,-0.02094938,0,chr15:40422201:prostate_gland:0,TN,0
-1.9490573,-0.277858,-1.046519,0.16917461,0.00847005,0.42105538,0.10329525,0.12774907,0.12376444,0.03704991,0,chr1:179292625:adrenal_gland:0,TN,0
-0.67935777,-1.5437232,-0.1598911,0.79461,1.2450062,0.5263832,0.18519689,0.15701875,-0.16226675,0.2483168,1,chr2:230068249:upper_lobe_of_left_lung:0,FN,0
-2.477196,-0.8506596,-0.70396566,0.119445,0.14432576,-0.4943656,-0.06439351,0.06361215,-0.010974881,-0.099878244,0,chr2:168773981:thyroid_gland:0,TN,0
-1.6799122,-1.3062109,0.26794186,-0.9327133,0.06871606,-0.4041238,0.38324988,-0.3337338,0.35019025,0.68426,1,chr2:218658715:body_of_pancreas:0,FN,0
-2.882678,1.5164354,0.9536381,1.702692,-0.5541704,-1.0493294,-0.32497233,0.00036345285,-0.025683185,-0.22486353,0,chr7:56106446:transverse_colon:0,TN,0
-1.1381769,-0.62691617,0.34320778,0.4775039,1.3504891,1.0459561,-0.016443765,-0.26711026,0.11835045,0.24758942,1,chr5:179213127:upper_lobe_of_left_lung:0,FN,0
-2.8327017,0.565229,-0.51658124,0.13129838,0.5689545,-0.0760509,-0.07548115,-0.10370077,0.18198334,-0.27895844,0,chr5:308944:adrenal_gland:0,TN,0
-2.3724024,0.84087956,-0.45692402,-0.7622492,0.14134447,0.26094085,-0.0239789,-0.34190315,-0.16258807,0.78135365,1,chr10:29926759:body_of_pancreas:0,FN,0
-1.0298277,-1.2362914,-0.079613164,0.92269975,0.5952329,0.14786772,0.7412062,-0.3558011,0.31679097,-0.23461954,1,chr21:45747925:sigmoid_colon:0,FN,0
-3.1703372,-0.22984214,0.2493833,0.3409708,-0.97148234,-0.62478673,-0.48641372,-0.662711,0.16154467,-0.21992952,0,chr10:43667279:prostate_gland:0,TN,0
-2.7367654,-0.007934778,-0.6090637,0.14411093,0.37643844,0.054820236,-0.42776206,0.18037099,0.1758873,-0.054927662,0,chr19:39898261:transverse_colon:0,TN,0
-1.7720228,-0.27393982,-0.23856527,-0.40904972,1.4002185,0.3839848,-0.02238326,-0.16116679,-0.18757497,-0.041556336,1,chr15:31200859:Peyers_patch:0,FN,0
3.2819126,0.7515663,0.39544782,-0.54946166,-1.3628337,0.8226827,0.6153827,1.1818037,1.1411583,-0.2390437,1,chr12:48753691:spleen:0,TP,1
4.6585526,-0.74173623,-0.76050156,0.06827852,-1.3941793,0.02699074,-0.50781786,0.05056578,-0.91491365,0.19245306,1,chr2:196068383:thoracic_aorta:1,TP,1
-1.8733317,0.5720342,-0.28477415,-0.7320984,-0.35785836,0.56704175,0.9725364,-0.5276995,-0.2659006,0.40787393,0,chr10:22103749:body_of_pancreas:0,TN,0
0.10924471,-0.9074222,0.11562197,1.0402808,0.99952734,1.4167608,-0.084043786,0.15645303,0.08628755,0.80351305,0,chr8:142816465:omental_fat_pad:0,TN,0
0.67785066,-0.14717045,0.6821242,0.22733374,0.39800414,1.7301966,-0.44275114,-0.5429971,1.1949216,0.07980633,1,chr5:179213127:Peyers_patch:0,FN,0
-2.6019518,-1.9777131,-0.44110468,-0.5600849,-0.14546505,-0.7678154,-0.12772986,-0.1317405,-0.26768228,0.4484407,0,chr1:39720368:gastrocnemius_medialis:0,TN,0
-2.826878,-0.40247968,0.9196308,1.046484,-0.4204163,-0.19167571,0.06565494,-0.63951534,0.38828924,-0.43722647,0,chr5:141969068:upper_lobe_of_left_lung:0,TN,0
-0.46558157,-0.077279985,-0.32487026,-0.055616092,1.4341927,0.84171796,1.021308,-0.21940793,0.34958336,0.5659955,0,chr11:117904318:body_of_pancreas:0,TN,0
-2.819007,-1.0425787,0.51090527,-0.57903004,0.0004218307,-1.1480812,0.13853902,-0.28189898,-0.3877696,0.21543525,0,chr17:68019889:prostate_gland:0,TN,0
-1.6307632,0.3845184,0.27518237,-0.6906618,-0.76059854,1.1989015,-0.9146392,-0.36705896,0.023417123,0.030810947,0,chr9:31120230:tibial_nerve:0,TN,0
-1.9513537,0.40203243,-0.40608484,-0.25562137,-0.6439004,1.6039679,-0.41254258,-0.2954336,0.16802175,0.39838508,1,chr14:91286688:body_of_pancreas:0,FN,0
5.3871264,1.6566169,-0.28949806,0.0138807725,0.23539045,-1.0195096,0.20554942,0.59122115,1.4052761,-0.10296977,1,chr17:22856764:body_of_pancreas:0,TP,1
-1.8463997,0.50936604,0.75984114,1.3320131,-0.2969769,-0.6039909,0.7912644,-0.20063283,-0.1313748,-0.12285733,1,chr17:45584815:prostate_gland:0,FN,0
5.9922814,0.71978444,-0.36264265,0.12335269,-0.055659954,-0.88924503,0.13387966,0.27090254,0.6092854,-0.02381981,1,chr8:45161494:prostate_gland:0,TP,1
0.7951026,4.4651957,0.6905366,-1.154866,1.137324,-0.27284092,0.69761246,0.7391922,0.12005594,0.4082466,0,chr6:107954326:body_of_pancreas:0,TN,0
-2.4899843,-0.931647,0.115879014,1.1501876,-0.6219457,-0.8251962,0.4176502,-0.015329456,0.1626982,-0.6101664,0,chr8:64577514:transverse_colon:0,TN,0
-2.3809538,0.2308032,-0.94743973,-0.14607452,-0.85231614,0.18353766,-0.003857399,-0.46214935,-0.098604366,0.28152445,0,chr3:107690540:adrenal_gland:0,TN,0
-1.6698755,-1.334047,-0.80952096,0.42950985,0.36315042,-0.43927237,0.35953298,-0.039697282,0.057905436,0.13047992,0,chr14:68938090:prostate_gland:0,TN,0
-3.073131,-0.50831836,-0.37259808,0.516235,0.025734572,-0.558216,-0.20871608,-0.16922735,-0.0536798,-0.6529163,1,chr11:1652791:transverse_colon:1,FN,0
-2.618976,2.254452,0.38585153,-0.1722595,-0.63748586,0.6830313,-0.24469286,-0.137286,-0.41082442,0.5484435,0,chr2:78999458:tibial_nerve:0,TN,0
-2.6404598,2.2885413,-0.3640687,-0.24529627,-0.69891304,0.370199,-0.056266095,0.30814058,-0.32358995,-0.29630983,0,chr15:57716099:esophagus_squamous_epithelium:0,TN,0
-2.8652012,-1.6274477,-0.32403988,-0.366113,0.020775728,-1.0847354,-0.3360617,-0.39682767,0.058129333,-0.20797038,0,chr11:123235330:Peyers_patch:0,TN,0
0.4725162,2.3340983,0.9846371,-1.8100694,0.26298976,0.653658,0.6895734,0.04042941,-0.4843409,-0.5391967,0,chr12:120335132:upper_lobe_of_left_lung:0,TN,0
-2.5822034,1.2473183,0.35637584,1.4023718,-0.75167763,-0.4211816,0.39547256,0.06958479,0.124897145,-0.23893389,0,chr7:134646672:lower_leg_skin:0,TN,0
-2.3283308,1.1258345,1.0412323,1.695799,-0.6225247,-0.4577769,0.45617422,0.040258832,0.08194018,-0.50688183,0,chr6:32894511:upper_lobe_of_left_lung:0,TN,0
-1.6623774,-1.2820944,-1.1143935,-0.22722922,0.13441709,-0.4127243,0.33871895,0.33997107,-0.29671976,-0.16952339,0,chr12:16685351:transverse_colon:0,TN,0
5.7700253,1.1157542,-0.68544143,0.30305785,-0.093289986,-1.1440483,0.03506282,0.25329405,0.736486,0.008697225,1,chr17:22909996:prostate_gland:0,TP,1
1.5373504,-4.268611,2.5302148,-0.83400637,0.32693562,-0.72127086,0.6182462,1.1224372,-0.11398008,-0.060592934,1,chr19:45427778:upper_lobe_of_left_lung:0,TP,1
-1.7251762,0.64269656,-0.8187887,-0.8669197,0.66207385,0.21336721,-0.06308089,0.038235806,-0.41829363,-0.089223936,1,chr10:4985267:body_of_pancreas:0,FN,0
-0.5474023,-1.8066305,1.9261031,-0.2826116,1.6693813,0.507293,-0.21626876,-0.7779039,-0.0461902,-0.46457055,1,chr8:41651698:tibial_artery:0,FN,0
-2.842737,0.034947183,-0.3344565,-0.5979877,-0.39038116,0.19023527,-0.077112004,0.22161824,-0.27314377,-0.59493405,0,chr8:27855652:tibial_artery:0,TN,0
-1.5851341,-0.7564076,-1.494503,-0.06528114,-0.05696289,-0.04751979,0.20809759,0.017409323,-0.11017896,-0.026965117,1,chr10:5003530:upper_lobe_of_left_lung:0,FN,0
-2.7074454,0.72167134,-0.6774322,-0.5851228,-0.6479446,0.5459179,0.04658638,-0.41769966,0.034029026,-0.56204885,1,chr4:110826866:Peyers_patch:0,FN,0
-3.011911,-0.08936128,-0.29893926,-0.29517922,0.072110236,-0.91857517,-0.29768524,0.42432204,-0.05961376,0.21847093,1,chr9:83219889:Peyers_patch:0,FN,0
-0.5748496,-0.2732788,1.6860932,-0.27821302,0.6048773,0.0112026185,0.7496969,0.12086844,0.009828886,-0.6021339,0,chr20:30856104:transverse_colon:0,TN,0
4.9191866,0.5870944,-0.2911819,0.55093896,0.35369796,0.6189119,-0.5428564,-0.108954936,-0.25991967,-0.6141493,1,chr16:18131657:prostate_gland:0,TP,1
-2.0661786,0.6464922,0.9727131,-0.9002538,-0.7125201,-0.7144132,0.64924806,0.058453947,0.3048762,0.9830124,0,chr1:161647575:spleen:0,TN,0
2.8417819,2.7581825,0.2593226,-0.98924816,-1.2438295,0.102991,0.506599,0.95192856,-0.080169626,-1.4472798,1,chr8:115690958:body_of_pancreas:0,TP,1
-1.3590733,1.1426868,0.8467763,0.62074524,-0.8890208,0.9781769,0.47068298,0.22654688,0.3958305,0.16910842,0,chr19:47791038:body_of_pancreas:0,TN,0
-1.9496354,-1.3263767,-0.06816154,0.57714593,1.1137176,0.40928546,0.5142965,-0.14036003,0.5351316,-0.21137902,0,chr3:129343963:esophagus_muscularis_mucosa:0,TN,0
5.7966447,0.16569437,-1.1057038,0.5362102,-0.55099106,-0.43910265,-0.4291719,-0.22700508,0.053239424,0.50851333,1,chr7:142463839:body_of_pancreas:0,TP,1
6.0570264,0.46363124,-0.17468706,0.16895173,0.38027397,-0.31241724,0.016423758,-0.41891918,0.16605072,-0.07662189,1,chr17:45585364:suprapubic_skin:0,TP,1
-2.9190958,0.48769438,-1.0574335,-0.14055976,0.27583212,-0.5390848,-0.15481411,-0.100103304,-0.1297184,0.32115695,0,chr6:32622553:thyroid_gland:0,TN,0
-1.8418114,2.6684933,1.519899,0.6029038,0.5517589,-0.7684357,-0.15294147,0.12673573,0.52901614,0.020014822,0,chr6:27146708:tibial_nerve:0,TN,0
-1.2756108,-1.4173245,-0.96319044,-0.036586855,1.0330533,0.21069494,0.03593685,0.23128189,0.32169294,0.32809043,0,chr17:17567860:body_of_pancreas:0,TN,0
1.2390329,-2.2223866,-0.08100847,-0.74280226,-0.36790335,-0.2983739,1.4927355,-0.33352762,0.3854371,0.05236866,1,chr6:53956277:upper_lobe_of_left_lung:0,TP,1
-2.944592,-1.3054564,0.072265334,0.0809733,0.0335884,-0.602644,-0.40352127,-0.04732089,0.1790108,0.23768188,0,chr14:25133050:prostate_gland:0,TN,0
1.5820941,0.57936794,1.3078966,-0.12502739,-0.54912764,1.1736681,-0.60426056,1.7457408,0.97740525,-0.9808702,1,chr19:21484173:thoracic_aorta:1,TP,1
-2.3672009,0.119862124,-1.415688,0.09030725,0.27863133,-0.02068748,0.018383015,0.03578303,0.050997153,-0.120970786,0,chr5:172766870:transverse_colon:0,TN,0
2.7861028,-1.0913571,1.5370114,-0.6808416,0.663106,0.34520635,-0.3290852,0.30112797,-1.0747958,-0.04064739,1,chr16:87550129:body_of_pancreas:0,TP,1
5.732519,-0.36995026,-0.25223073,0.310931,0.71627825,-0.0900542,-0.45846215,-0.28520277,-0.05296715,0.09699576,1,chr16:2005642:body_of_pancreas:0,TP,1
-1.7636849,-1.0607315,-0.9617694,0.8941473,0.038473144,0.27815312,0.27603397,0.10482289,0.31753752,0.14456783,0,chr2:239391046:adrenal_gland:0,TN,0
-2.3475113,-0.13609786,-0.8787364,-0.44846088,-0.005968242,0.48231176,0.16114391,0.09521962,-0.00467015,-0.16913517,0,chr12:20624847:sigmoid_colon:0,TN,0
-3.1980362,1.5858912,-0.36220646,-0.6457068,-0.10873829,0.18620345,-1.2280911,-0.0382096,-0.14073324,-0.27341,0,chr9:100323287:transverse_colon:0,TN,0
0.9855402,-0.5046883,0.08774723,-1.4803195,-0.07884211,0.16950127,1.363321,-0.5274632,0.33817527,-0.9231643,0,chr15:38440496:tibial_artery:0,FP,1
3.6241057,0.4697823,0.6379801,-0.6097019,-0.8875088,1.1151019,0.565651,-0.40157834,0.533017,-0.2836028,1,chr3:126191523:body_of_pancreas:0,TP,1
-3.1849675,-0.49544835,0.87668717,0.9167067,0.08481505,-1.0021325,-0.304008,-0.16520454,-0.020498596,0.13272642,0,chr4:185204332:Peyers_patch:0,TN,0
-2.9080317,-0.5377275,-0.4380266,0.21603262,0.03041007,-0.6187525,-0.2770627,0.18634082,-0.22766197,0.11044598,0,chr10:130128103:tibial_nerve:0,TN,0
5.92451,0.42063448,-0.27220622,0.1851712,0.5226917,-0.24872589,-0.19360372,-0.72951823,-0.06606293,-0.48665318,1,chr6:29705705:prostate_gland:1,TP,1
-2.657153,-1.8839359,0.6992078,-1.0133352,-0.2858127,-0.71551305,-0.06930344,-0.3141842,0.159406,0.36132953,0,chr14:23305856:body_of_pancreas:0,TN,0
-2.6129475,-0.29994738,0.02738636,-1.2091203,-0.76984185,-0.025583286,-0.23075528,-0.6358519,-0.18673132,-0.045207888,1,chr9:105609267:spleen:0,FN,0
-1.5374179,1.5348204,0.40303603,-0.17796247,0.750348,1.2078121,-0.7527648,-0.64479685,-0.037303906,-0.7215017,0,chr19:47698394:spleen:0,TN,0
-2.5710022,0.35425803,-0.8907499,-0.010351871,0.24990438,-0.48630863,0.12938766,0.18818933,-0.09026498,-0.06624323,1,chr4:119212065:Peyers_patch:0,FN,0
5.0405335,-0.72799915,-0.050204836,0.62498915,-0.4310729,0.13096496,-0.0028576492,0.47697756,-1.0339687,0.4441781,1,chr13:20119527:body_of_pancreas:0,TP,1
-2.1053567,-0.23228002,-0.41595402,0.14001372,0.060696255,-0.40577316,0.48965698,-0.36559942,-0.18342617,0.24040487,0,chr1:25572673:thoracic_aorta:0,TN,0
-2.7378235,0.1935547,-0.99751425,0.24085128,-0.26235858,-0.21761055,-0.01667945,-0.07850781,0.30666903,-0.49639735,1,chr3:5232752:body_of_pancreas:0,FN,0
6.1576014,0.7672904,-0.612049,0.23773707,-0.050070554,-0.7797042,0.13712835,-0.32519916,0.09014139,-0.08968399,1,chr7:142521135:prostate_gland:0,TP,1
-3.076224,0.07806137,-1.0167476,-0.3109097,-0.030847142,-0.09995821,-0.6868345,-0.27654284,0.33831638,0.11859256,0,chr9:70113471:sigmoid_colon:0,TN,0
5.3558073,-1.1736237,-0.35127544,0.1183511,-0.5680978,-0.64190555,0.23601216,0.7364575,-1.210759,-0.35488665,1,chr7:51754611:prostate_gland:0,TP,1
-2.4329517,1.1060889,0.31274924,-1.2108154,0.5644477,0.6306857,-0.03240373,-0.19487447,-0.103905335,0.4099721,1,chr1:16661643:body_of_pancreas:0,FN,0
-0.27972806,-0.65579355,-1.9604776,-0.22567613,0.458592,0.94767797,0.6257808,-0.13543499,0.46474364,-0.12822838,1,chr6:168616962:upper_lobe_of_left_lung:0,FN,0
-3.158599,0.6194332,-0.90295726,-0.3726135,-0.08541045,0.13984846,-0.8804863,-0.24666135,0.21380028,-0.3494427,0,chr2:207475045:tibial_nerve:0,TN,0
5.612077,-0.54185176,-0.43138355,0.5896105,-0.042358145,0.12302298,-0.4752599,-0.25388935,0.19394192,0.20615628,1,chr7:78040381:transverse_colon:1,TP,1
4.4047747,2.1161888,-0.1707323,0.46835497,-0.32314986,0.08397384,0.7135996,0.40625197,-1.071493,0.19527672,1,chr7:73725711:thoracic_aorta:0,TP,1
5.359726,1.1286776,0.7912309,0.29905623,1.1175066,0.16972096,0.086482614,-0.99442554,0.6281467,-0.08806347,1,chr16:579030:prostate_gland:0,TP,1
-2.475037,-0.21759169,-0.589002,0.119290344,-0.4540621,0.5260824,-0.16393633,0.054828953,0.451772,-0.2635072,0,chr1:26417186:transverse_colon:0,TN,0
-3.3467658,0.80554044,-0.3513047,0.07102663,-0.12168476,-0.5040789,-0.9118147,-0.011647409,-0.116816334,0.09211564,0,chr1:159214515:body_of_pancreas:0,TN,0
6.016584,0.3333893,-0.36060384,0.3509271,0.2629506,-0.41311494,-0.22916901,-0.3021657,0.1006512,0.030880895,1,chr3:75785357:esophagus_squamous_epithelium:0,TP,1
-2.2667243,-0.34167442,0.33413148,1.0899886,-0.3234954,0.55968326,-0.19656874,0.0607596,0.43568468,-0.784801,0,chr21:26843739:esophagus_muscularis_mucosa:0,TN,0
5.498886,2.3491852,-0.6398825,0.23887666,0.18060727,-0.83258367,0.10251652,0.44130063,1.1850225,-0.0020856392,1,chr17:22816782:body_of_pancreas:0,TP,1
-2.11483,-1.2204068,-0.77958745,0.72193134,-0.0119347945,-0.3262993,0.681831,-0.044261046,0.16431963,-0.5971868,1,chr11:1652791:upper_lobe_of_left_lung:0,FN,0
-2.4090648,1.5878781,-0.06533758,-0.884819,0.024591463,-0.041527092,-0.039102633,0.20156384,-0.37300086,0.55274755,1,chr3:48090711:body_of_pancreas:0,FN,0
-1.4848872,0.5870675,-1.1204101,-1.1912448,0.46833506,0.64374566,0.045817703,0.24705347,-0.2857975,0.07385067,1,chr1:108214824:tibial_artery:0,FN,0
5.907867,0.87640464,-0.59944165,0.26669878,-0.043586385,-1.1464169,0.106795155,0.18218361,0.6467934,-0.03897592,1,chr17:22909996:upper_lobe_of_left_lung:0,TP,1
-1.7101966,0.24955085,0.12615003,1.7153198,0.27051666,-0.1082478,0.58202463,0.44413424,-0.06416609,-0.27875865,0,chr19:35717320:spleen:0,TN,0
5.7508583,0.7366806,-0.47657394,0.17718701,-0.7365524,-0.4886117,0.284951,0.12133323,-0.72560954,-0.13472635,1,chr10:96641123:adrenal_gland:0,TP,1
6.036432,0.7832229,-0.29866803,0.43631896,0.2535046,-0.580344,-0.23632877,-0.73438984,-0.08644711,-0.12551838,1,chr11:47642443:adrenal_gland:0,TP,1
-2.0524397,-0.25084227,-0.7202282,0.50140107,0.6361061,0.23839246,0.28854275,0.5405827,-0.1613396,0.5079074,0,chr14:69574943:gastrocnemius_medialis:0,TN,0
-2.585673,0.19377403,-0.9253169,-0.6454179,0.6090891,-0.07010072,0.11307848,-0.026158249,-0.053160638,0.07358194,0,chr13:23289209:thoracic_aorta:0,TN,0
-2.4905412,0.2120566,0.87685907,1.6851269,-0.61179245,0.17203009,-0.27724385,0.0017332672,0.06808904,-0.066225916,0,chr4:15681694:tibial_nerve:0,TN,0
-1.5500311,1.8903074,0.67653066,0.7222429,-0.7932328,0.41111743,0.66347235,-0.061336655,0.27280557,0.6985141,1,chr16:4548780:transverse_colon:0,FN,0
-2.3121166,-0.09656944,-0.870636,-0.44163024,1.2795314,0.006813775,0.24592167,0.39304742,0.041188974,-0.23402473,0,chr11:12080532:tibial_artery:0,TN,0
-2.883337,-1.7263393,0.86897326,0.23273514,-0.65348256,-0.6154909,-0.49223483,-0.7603684,0.5241232,0.5812386,0,chr19:3618617:prostate_gland:0,TN,0
-2.4603739,-0.35189262,-0.76172954,-0.8954836,1.3906554,-0.8236213,-0.28552195,0.06897328,-0.023900025,0.6250761,0,chr11:128520895:sigmoid_colon:0,TN,0
-2.863576,1.105236,0.11835861,-0.30542895,-0.41532665,0.00733748,-0.0265154,-0.18139921,0.13037163,0.48585525,1,chr7:73734702:body_of_pancreas:0,FN,0
-1.3163004,1.1398163,0.66369504,-0.5447993,0.7192236,1.783508,-0.06467587,-0.2899581,0.15054978,0.38183668,0,chr16:85547311:transverse_colon:0,TN,0
-2.3509276,-0.6360397,0.14311422,1.0063896,-0.28223035,-0.19240361,0.39094347,0.07121907,0.46632034,0.18498154,0,chr2:28452449:suprapubic_skin:0,TN,0
6.0850716,0.58892024,-0.5939055,0.39274162,-0.07283148,-0.57324547,-0.16069753,-0.3354941,0.07029239,0.023497153,1,chr3:75785419:thoracic_aorta:1,TP,1
-2.92071,-1.1702735,-0.35958576,0.27648965,0.117586546,-0.45514065,-0.4097525,0.16334757,-0.26824898,-0.292532,0,chr5:32490176:thoracic_aorta:0,TN,0
-1.9040482,-0.40764666,-1.330459,-0.7523673,0.53402185,-0.31668743,0.4500314,0.23662381,0.056319315,0.17125218,0,chr8:52484096:prostate_gland:0,TN,0
-2.0294235,-1.6338643,-0.91336757,0.24135876,-0.06080362,0.4487029,-0.32437837,0.28491116,0.5613087,-0.20795158,0,chr4:11420596:Peyers_patch:0,TN,0
-1.4666852,1.3369263,0.37030452,-0.50438213,0.7037174,0.81685656,-0.3034321,-0.47498795,-0.12387443,-0.9418754,0,chr6:33029896:body_of_pancreas:0,TN,0
0.257845,-0.70955795,0.94331163,1.7087706,1.7778944,0.63901114,0.17515711,0.4000254,-0.6555895,0.022523604,0,chr8:143733406:Peyers_patch:0,TN,0
-2.2995389,1.3892558,0.39211255,-1.249336,-0.09883986,0.2929987,0.37135756,-0.247581,-0.4363775,0.5058775,0,chr2:47861494:body_of_pancreas:0,TN,0
0.22657739,4.7431116,0.34800327,-0.08849538,-1.0834904,0.7753162,0.24010459,0.6210054,-0.0068518347,0.30845344,0,chr14:73736414:body_of_pancreas:0,TN,0
1.2031384,-0.66038615,-0.18210863,-0.024401302,0.91457343,1.6796136,0.47033572,0.04231971,0.29695636,0.12124432,0,chr3:195104360:body_of_pancreas:0,FP,1
-2.3340151,-1.4807414,-1.1707395,-0.07200713,-0.58511275,0.5844642,-0.38118383,-0.32625797,0.7565214,-0.1913538,0,chr3:133041374:tibial_artery:0,TN,0
-2.960576,-0.18952088,-0.6239771,0.1701586,-0.16615807,-0.24280238,-0.29333344,0.24875766,-0.06832555,-0.16262451,1,chr9:83219889:transverse_colon:1,FN,0
-3.1351902,-0.04594902,0.49072933,-0.3720168,-0.50447756,-0.076337546,-1.452306,0.11377421,-0.60199785,-0.058454115,0,chr1:223698618:prostate_gland:0,TN,0
3.8842294,-1.6720557,0.07006374,0.8566256,0.073587805,1.4131297,0.6230765,-0.025975958,-0.09452301,0.63312155,1,chr1:20575428:esophagus_squamous_epithelium:0,TP,1
-1.8569686,-0.8919455,-0.14039361,-0.35605487,0.17208068,-0.117809,0.20700823,0.00804934,0.1025222,0.6483447,0,chr2:218658715:sigmoid_colon:0,TN,0
-2.697367,0.665413,1.1960132,1.6157316,-0.22258608,-0.9584048,-0.15764919,-0.11770661,0.08037133,0.13851579,0,chr2:199851395:thoracic_aorta:0,TN,0
-2.8615034,-3.2333074,1.362285,-1.158535,-0.3352869,-1.2583314,-0.8256274,-0.39394712,-0.20688929,0.33657286,0,chr11:111429318:body_of_pancreas:0,TN,0
-2.540113,0.38285673,-1.2635664,0.46821812,0.14742005,-0.055473138,0.50172997,-0.15438153,0.12760888,-0.3867183,0,chr4:77240648:prostate_gland:0,TN,0
5.730351,-0.41531342,-0.1300223,0.206262,0.32746053,0.042137634,-0.2001346,-0.31879163,-0.053210758,-0.43426466,1,chr1:27556965:gastroesophageal_sphincter:0,TP,1
5.646209,-0.6000947,-0.2588881,0.51305026,0.63661176,0.14636493,-0.33046702,-0.21151109,-0.5288351,-0.31215385,1,chr1:27556965:tibial_artery:1,TP,1
5.372131,-1.3870474,0.9226565,-0.17437351,0.22041589,-0.6179434,-0.09633264,0.33434784,-0.14776771,-0.50076556,1,chr8:38057121:Peyers_patch:0,TP,1
-1.6963453,-0.34900013,-1.3143767,-0.41627085,0.32707167,0.5789396,-0.032076474,-0.096781105,0.34296072,0.19650257,0,chr1:13247506:omental_fat_pad:0,TN,0
6.10768,0.5448004,-0.6445456,0.29001936,-0.2741162,-0.7808764,-0.028154338,-0.40498203,0.15453304,0.019770056,1,chr3:75785419:Peyers_patch:0,TP,1
-3.0323005,0.50216293,0.062467765,1.0444802,-0.2487686,-0.5657002,-0.1215941,0.0055861203,0.01959697,-0.21155679,0,chr2:213152392:adrenal_gland:0,TN,0
-1.4297454,-0.12059448,-0.34792614,1.4368114,0.06495376,0.2590938,0.7843869,0.40359563,0.027548721,-0.19325729,0,chr17:37489615:body_of_pancreas:0,TN,0
-2.6197488,-0.6371679,0.22043172,0.18551336,0.99567044,-0.7479918,-0.046306055,0.038013626,0.12702192,0.08250584,0,chr12:110469074:tibial_artery:0,TN,0
-2.7358725,1.147848,0.8372874,-0.059044536,-0.62821305,-0.14114647,0.11115351,-0.3300865,0.015690112,0.8879117,0,chr20:32778436:transverse_colon:0,TN,0
4.5392146,0.71379143,0.11245638,-0.2753584,-0.38277164,0.26406544,0.5386305,0.6990825,-0.723158,-0.28755704,0,chr9:89557013:upper_lobe_of_left_lung:0,FP,1
-3.1671317,0.954879,-0.3743914,0.31203943,0.22816111,-0.49470785,-0.32132685,-0.09746542,-0.26341578,-0.16236746,0,chr17:18698466:prostate_gland:0,TN,0
-1.3222344,0.58093077,1.2347753,0.7712648,0.21979377,1.1974344,-0.83779126,0.49191123,0.22830851,0.33542457,0,chr5:42992982:prostate_gland:0,TN,0
5.4002256,-0.3616312,-0.23175578,0.43110332,0.80447555,0.36403278,-0.56519246,-0.06542965,-0.096948214,0.17701668,1,chr9:42852316:tibial_nerve:0,TP,1
-2.305906,0.7585222,0.23768322,-0.8251589,-0.1244305,0.0072853267,0.119684234,-0.48894882,0.3672285,0.8109392,0,chr1:230167489:Peyers_patch:0,TN,0
-1.851645,-0.90714395,-1.254868,-0.1789726,-0.16790245,0.32173398,-0.26378146,0.08239219,0.14783475,0.36099195,0,chr1:159214515:adrenal_gland:0,TN,0
2.476817,0.75570047,0.69988465,-0.7427522,-1.070131,1.2491984,0.27872553,1.6050243,0.87917703,-0.33307588,1,chr12:48753691:sigmoid_colon:0,TP,1
-2.4476407,-0.38906872,-0.69145095,0.7610025,0.27294284,-0.2883287,0.23461354,0.060070675,0.10384467,-0.0049381987,0,chr9:98998958:thoracic_aorta:0,TN,0
-3.1546283,0.69129825,-0.47241804,-0.22707556,0.20085879,-0.64807534,-0.60492045,-0.14998655,0.1198609,0.15677418,0,chr6:32622665:transverse_colon:0,TN,0
-2.514606,-0.14750893,-0.8133744,-0.0012078325,0.2919831,-0.63380086,0.194488,0.25248167,-0.19518061,0.013671025,1,chr4:119212065:esophagus_muscularis_mucosa:0,FN,0
5.960943,0.059535734,-0.35720518,0.1229126,-0.15733738,-0.65426433,0.12978823,0.40063682,-1.0088911,-0.28865898,1,chr4:145321395:thyroid_gland:0,TP,1
1.0545222,-3.4194987,-0.79572254,0.4543552,-0.37955183,1.5224828,-0.38855684,0.63736534,0.32924515,0.42211637,0,chr7:3164589:body_of_pancreas:0,FP,1
-0.879224,-1.1355956,0.9598387,0.6133492,1.1239705,1.3412893,-0.09101657,-0.4449074,0.16026944,-0.064501636,1,chr5:179213127:tibial_artery:0,FN,0
-2.5157526,-0.5166012,-0.016959181,-0.65981,0.851825,-0.095424555,-0.3286571,-0.5693442,-0.037723947,0.0014470436,0,chr17:66538699:sigmoid_colon:0,TN,0
-2.390382,0.4204391,-1.132924,-0.56111354,0.018863698,0.38087463,-0.11837121,0.26885402,-0.1780162,-0.24704705,0,chr11:57821648:body_of_pancreas:0,TN,0
3.7015889,0.6236887,1.0508357,-2.0020204,1.130348,-0.9223577,-0.22689588,1.3845578,0.8726342,0.23128498,1,chr8:44636977:lower_leg_skin:0,TP,1
3.9683805,-2.4823945,-0.04972398,0.5823972,0.26845858,1.4051452,-0.59627664,0.025493374,0.6473695,0.8800536,0,chr1:6423522:upper_lobe_of_left_lung:0,FP,1
0.13478914,0.68363583,1.4991719,0.069354124,-0.07398944,0.30653635,1.5588024,-0.16766019,-0.30788115,1.176315,0,chr17:980964:esophagus_muscularis_mucosa:0,TN,0
3.6078575,-1.6993144,0.7317066,-0.9410198,-1.340019,-0.28143173,0.7798432,0.1428176,-0.022401048,-0.7579732,1,chr5:123274158:adrenal_gland:0,TP,1
-2.6427677,0.36343044,0.31447464,1.0673761,0.13985004,-0.474937,0.033248372,-0.010831176,-0.23806319,0.32661128,0,chr17:4739491:tibial_artery:0,TN,0
-1.973652,-0.17136647,0.4785726,-0.5907302,-0.4473186,-0.2765975,-0.12289719,-0.84559304,-0.2290473,0.70973295,1,chr14:58098585:Peyers_patch:0,FN,0
-1.1573428,-0.10028382,0.37921712,-0.46969408,0.33504555,0.9332656,0.516238,-1.0915599,0.5637235,-0.14885499,0,chr9:127955840:transverse_colon:0,TN,0
5.820373,-0.092951916,-0.12756985,0.3073123,0.54722404,-0.11526836,0.06297762,0.058899846,-0.4138679,-0.24631746,1,chr19:4352840:prostate_gland:0,TP,1
5.731637,-0.57526326,0.30696458,0.09454962,0.6583444,-0.18448506,0.17315148,0.009401499,-0.26596364,-0.21109222,1,chr19:4352840:testis:0,TP,1
5.608042,-0.3271368,-0.2137359,0.37525022,0.83107007,0.07816807,-0.32459942,-0.2622197,-0.040907484,0.26517615,1,chr16:2005642:upper_lobe_of_left_lung:0,TP,1
3.155786,-2.9007525,-0.18518294,-0.9119468,0.24992365,1.1612116,-0.19401182,0.52519333,0.493054,-0.027160862,1,chr3:37536143:Peyers_patch:0,TP,1
-2.646169,0.75040126,-1.3555045,-0.28980264,0.56605977,0.22297747,-0.30543542,0.32433876,-0.13810758,-0.6073394,0,chr10:91797861:body_of_pancreas:0,TN,0
-1.412007,2.179312,0.99924004,0.6957616,-0.8064902,0.38168746,0.5718667,-0.08764477,-0.039817113,0.87477565,1,chr16:4548780:prostate_gland:0,FN,0
-1.7173398,2.4290206,0.5447193,0.26510635,-1.049288,0.15081511,0.67786324,0.07352441,0.09882854,0.45505705,1,chr16:4548780:transverse_colon:1,FN,0
0.88335574,-0.2694026,0.17690286,-0.32555833,-1.4589409,1.2317655,0.19856772,0.16080232,0.19574726,0.38074812,1,chr1:84753658:upper_lobe_of_left_lung:0,TP,1
-3.104823,1.383172,0.34892333,-0.13687387,-0.7672672,0.35803676,-0.9997943,-0.05998466,-0.19098371,-0.5513726,0,chr5:138077411:adrenal_gland:0,TN,0
-3.2458699,0.24565801,-0.7553647,-0.3071341,-0.19619809,0.028283373,-0.65257144,0.09106186,-0.18870258,-0.24043407,0,chr6:122184843:tibial_artery:0,TN,0
1.6372787,0.23193654,1.6498077,0.17661512,-0.4825312,1.1826327,-0.6392129,1.6048764,1.0982034,-0.7795164,1,chr19:21484173:transverse_colon:1,TP,1
-1.7998044,-1.0949059,-1.0458,-0.29003844,0.15322722,-0.3934786,0.15257989,0.12153371,0.08896809,0.034086056,0,chr1:55641967:thoracic_aorta:0,TN,0
-1.9464126,0.5498684,-0.8848097,0.7337793,0.49628752,0.08808144,0.6434266,0.12563173,-0.17362104,-0.15275222,0,chr11:78416867:prostate_gland:0,TN,0
4.9225726,1.3880492,-0.14587988,0.43468168,0.3599198,-0.07174476,0.05930097,-0.63688165,-0.72113365,-0.120394364,1,chr9:129437243:body_of_pancreas:0,TP,1
2.6709678,1.9474752,0.33797473,-0.4997995,-0.32382983,0.17776875,1.4220192,-0.36070994,-0.33844247,1.0524539,0,chr16:58074709:body_of_pancreas:0,FP,1
6.0822196,0.7410812,-0.76453596,0.26763391,-0.27868918,-0.8107313,0.12572545,-0.3902699,0.0726059,0.02729321,1,chr8:38060242:body_of_pancreas:0,TP,1
-2.6486166,-0.6147228,0.25087717,0.9694747,-0.30709666,-0.6033781,0.104542226,0.39477402,-0.099468194,-0.22752705,0,chr5:93581237:prostate_gland:0,TN,0
-1.827173,-0.84185874,-1.1712902,0.37253442,0.41406125,-0.16767523,0.39809936,0.2622408,-0.18646283,0.098023765,0,chr5:61228702:body_of_pancreas:0,TN,0
6.0994024,0.4677635,-0.59114563,0.29171416,-0.25551748,-0.78699446,-0.03101388,-0.3840377,0.14698745,0.022621227,1,chr3:75785419:transverse_colon:1,TP,1
-2.1849363,-0.28847212,-0.9406022,-0.4032022,-0.29739738,-0.5465097,-0.039891973,0.4122808,0.13158853,-0.0011605112,0,chr5:60960804:esophagus_muscularis_mucosa:0,TN,0
-3.1796792,1.1865323,-0.74904364,-0.11605454,-0.40699893,-0.44175607,-0.37061408,0.14477436,-0.12540627,0.05729415,0,chr4:95165949:tibial_artery:0,TN,0
-1.3715094,1.7584659,-0.14750057,-1.1321146,-0.8338097,0.8244768,-0.1689718,0.099057026,-0.46921363,-1.1576275,1,chr5:123274158:Peyers_patch:0,FN,0
3.7948735,1.2869445,0.11219746,-0.41301823,-1.3927667,0.84378165,0.5351317,1.3777676,0.94816196,-0.21616125,1,chr12:48753691:body_of_pancreas:0,TP,1
-1.4827194,1.6069206,-0.42885742,-0.4816758,0.12737828,0.94678855,-0.36518684,0.476441,-0.5758077,-0.2418386,0,chr19:52592575:body_of_pancreas:0,TN,0
-3.0721276,0.7903207,-0.12355786,-0.38692328,-0.044418626,0.42124403,-0.8787855,-0.2245452,-0.30949062,-0.09812462,0,chr16:28712219:gastroesophageal_sphincter:0,TN,0
-2.6030586,-1.3070949,0.22599763,-0.3814452,-0.18801188,0.06233462,-0.56769747,-0.059742562,0.03269218,0.29202214,1,chr10:87408408:transverse_colon:0,FN,0
-2.105504,0.225774,-1.4048923,-0.23372947,0.38911703,0.1265878,0.34642962,-0.1256739,0.13897254,0.017792312,1,chr13:60226798:body_of_pancreas:0,FN,0
-2.8411257,0.52463907,-0.5950906,-0.52513987,0.109246545,0.10947676,-0.34113532,-0.13283713,0.0021495568,-0.06656519,0,chr11:13873413:gastroesophageal_sphincter:0,TN,0
-0.12674011,-1.8673692,-0.99461854,0.3125618,0.80602634,1.5043184,0.0950887,-0.280728,0.7529817,0.15717956,1,chr7:98216118:body_of_pancreas:0,FN,0
-2.4496446,-2.3911316,-0.29962093,0.28025565,0.096373245,-0.5080519,0.2099097,-0.18958184,0.28271094,-0.08891266,0,chr9:136792496:thoracic_aorta:0,TN,0
-1.546102,-0.29988438,0.41840208,-1.5345913,-0.9955163,0.0863766,0.8544896,-0.95360386,0.7495245,-0.6669869,0,chr1:26104845:esophagus_squamous_epithelium:0,TN,0
-2.0472088,-0.7823852,-1.3440683,0.1484155,0.6832246,0.13225244,0.06298798,0.15491879,-0.049506247,-0.14534862,0,chr21:42652266:transverse_colon:0,TN,0
0.06317651,-2.945386,0.28857034,-1.1619186,-0.64265406,-0.25092116,1.222957,-0.3014243,0.82038254,-0.9703887,0,chr6:53956277:transverse_colon:1,TN,0
-2.7649581,0.39413518,-0.62114197,-0.1359278,0.24441582,-0.18190794,-0.11562291,-0.2927074,0.05905423,0.16157657,0,chr10:101121035:body_of_pancreas:0,TN,0
0.43580753,0.20734622,1.2272357,1.0850201,1.4394807,0.34912512,0.96222216,-0.111455224,-0.60778767,-0.0095359795,1,chr15:90957065:tibial_artery:0,FN,0
-2.5101237,1.4609251,1.1550027,-1.3637832,0.3498281,0.55420566,-1.0444479,-0.50454307,-0.5270451,0.16565822,0,chr11:6612917:transverse_colon:0,TN,0
5.1595206,-1.1438652,-0.2117826,0.5768209,0.11389633,0.5390962,-0.8306318,-0.07462803,-0.17958325,0.25976163,0,chr7:78040381:esophagus_muscularis_mucosa:0,FP,1
-2.8380055,0.3510532,-0.6233321,0.11466976,0.0043744915,-0.21488932,0.11150464,0.023713984,-0.05091681,-0.44234306,0,chr4:186474270:transverse_colon:0,TN,0
-2.5730963,1.4000874,-0.38379478,-0.25842363,-0.64550555,0.6197283,-0.20263766,-0.77009594,-0.13392329,0.1685706,0,chr5:10364680:gastrocnemius_medialis:0,TN,0
-1.2797239,-0.9015025,0.3479298,-0.57339776,0.42516527,0.19881284,0.8189036,-0.69612074,0.54631233,0.65506583,0,chr19:46783911:body_of_pancreas:0,TN,0
-3.0324788,-0.36296546,-0.32994783,0.5249217,-0.34174883,-0.739926,-0.06458245,-0.084155045,0.044595882,-0.45198774,1,chr11:1652791:body_of_pancreas:0,FN,0
-0.2795181,1.3452795,0.60238737,-0.58902335,-0.4739431,1.4064317,-0.7498245,-0.29738188,-0.46842697,-0.082816556,0,chr11:19938600:sigmoid_colon:0,TN,0
-1.9537282,0.22091949,-0.47198638,0.9226954,0.4906854,-0.12778528,0.3929197,0.06243091,0.11869387,-0.023395434,0,chr22:23399917:transverse_colon:0,TN,0
5.3504624,-1.7940131,0.4822306,0.20029205,-0.41318437,-0.4011013,0.13703476,-0.055452142,-0.068168946,0.6830438,1,chr16:9160191:adrenal_gland:0,TP,1
4.263028,-0.23409216,-0.2070783,0.16236064,-1.4542567,0.03616282,0.47963703,0.62224764,-0.6680435,0.14152846,1,chr7:129783950:body_of_pancreas:0,TP,1
-2.7495663,0.32954127,-0.21919219,0.5218581,0.46981806,-0.036978677,0.33533677,-0.1262438,0.16545069,0.006418411,0,chr17:21766120:upper_lobe_of_left_lung:0,TN,0
-1.0278268,0.31990346,1.5934063,0.4959533,-1.0141616,1.6100124,-0.6722193,-0.29357404,0.06222577,0.76036596,0,chr12:1641182:body_of_pancreas:0,TN,0
-1.5759261,-0.15271555,2.4271598,1.6659034,-0.43997416,-0.34761932,0.23729694,0.40578225,-0.04250556,-0.34053642,1,chr2:64751571:upper_lobe_of_left_lung:0,FN,0
3.4794748,-0.7573152,2.0580554,-0.8759568,1.2320654,-0.28873643,-0.21001695,-0.4383533,0.7312928,-0.82859504,1,chr19:45678133:transverse_colon:0,TP,1
-2.6371007,-0.14558478,0.08929514,1.1980107,-0.05684832,-0.33582637,0.22963096,0.16188663,0.025899386,-0.43499768,0,chr2:55050819:prostate_gland:0,TN,0
1.8626043,0.3937529,0.53080136,-0.89739525,-1.8007839,0.4501694,0.9577533,-0.62956613,-0.03982248,-0.1182352,1,chr20:41572206:Peyers_patch:0,TP,1
-2.1083515,0.5632679,-0.8501829,0.500817,1.0465552,-0.30550593,0.30267414,-0.09975727,0.035912476,0.5692525,0,chr6:13874007:esophagus_muscularis_mucosa:0,TN,0
-2.8303678,0.23562877,-0.4522406,0.869991,-0.21749498,0.23288037,0.09839433,-0.27305654,0.4045936,-0.17804597,0,chr2:28452449:esophagus_muscularis_mucosa:0,TN,0
-2.303239,0.70402837,1.2003549,2.022412,-0.5232842,-0.5204277,0.5506452,-0.03454198,-0.03256783,-0.31768465,0,chr3:196712252:prostate_gland:0,TN,0
-1.2607058,0.35573706,1.019717,-0.18591967,-0.7848528,0.16210967,0.9682628,0.64639336,-0.29541022,0.053251028,1,chr2:83827580:transverse_colon:0,FN,0
5.8783374,0.84122956,-0.63341194,0.31693822,-0.3515303,0.085884914,0.20236221,-0.576772,0.008794382,0.025841834,0,chr19:21585442:body_of_pancreas:0,FP,1
-3.0029943,2.6901517,-0.2859071,-0.05936925,-0.33585793,-0.07405051,-1.1875238,0.19837728,-0.6098428,-0.13862315,0,chr12:40153243:body_of_pancreas:0,TN,0
-1.65115,-0.8201923,-0.83764726,-0.59067106,-0.2863228,0.5590942,0.69178814,-0.089346685,-0.4449677,-0.027439853,1,chr6:161922984:body_of_pancreas:0,FN,0
-1.785664,-0.8185898,-0.80427116,0.7666288,0.10833931,-0.11311072,0.54919416,0.013723523,0.23084433,-0.037429966,0,chr4:42656378:transverse_colon:0,TN,0
-2.5987175,-0.4794862,-0.90527374,-0.10280528,-0.018443042,-0.38944048,-0.017497921,0.30535585,-0.11040368,-0.2988969,0,chr7:38222730:suprapubic_skin:0,TN,0
-2.291842,0.2712307,-0.5887433,0.01916578,0.26655528,-0.21441221,-0.09331864,-0.28016523,-0.0063703004,0.40101787,0,chr3:12840842:upper_lobe_of_left_lung:0,TN,0
-2.375404,0.5889566,-0.44125658,-0.37057555,0.77825546,-0.5677013,-0.2066046,-0.32249796,0.10299131,0.3662868,1,chr15:72664145:upper_lobe_of_left_lung:0,FN,0
-2.2122092,2.2342484,-0.52871937,-0.28483024,0.35530373,1.2669339,-0.9808353,-0.0513861,-0.0749787,0.18563299,1,chr11:111448887:gastroesophageal_sphincter:0,FN,0
-2.6106727,-0.58847916,-0.5367431,-1.4326715,0.1298451,0.07476171,-0.57919514,0.22141173,-0.25978848,0.09059459,0,chr11:36623030:upper_lobe_of_left_lung:0,TN,0
-2.1235893,0.37285048,-1.5190231,-0.30695498,-0.18861976,0.5454871,0.08760476,-0.014970263,-0.025732491,-0.33838147,1,chr6:106223515:esophagus_squamous_epithelium:0,FN,0
4.6149044,0.5672484,-0.3924906,-0.22314677,1.0623652,0.22766079,-0.493521,-0.12222859,-1.3293365,0.52948636,1,chr4:64868627:body_of_pancreas:0,TP,1
-2.443679,0.6054678,0.4110461,1.1954147,-0.38335937,0.48503393,0.08424771,-0.05906132,0.050882436,-0.58529395,0,chr17:6654885:prostate_gland:0,TN,0
-2.3852167,0.06760354,-0.9921,-0.3012618,0.0060730116,-0.24196306,0.073032655,-0.05021292,-0.21489023,0.15988728,0,chr11:88232237:esophagus_squamous_epithelium:0,TN,0
-2.3020263,1.4236841,1.0932426,0.26434746,-0.0160501,0.23173282,0.5690753,-0.5008243,-0.03786495,0.48650673,0,chr17:1724503:gastroesophageal_sphincter:0,TN,0
-1.1996692,0.32266983,0.94143754,-0.65179753,0.44102317,0.34089598,1.1131505,-0.25952032,-0.4008229,1.0710804,0,chr6:16409816:gastroesophageal_sphincter:0,TN,0
-2.2916262,1.6574577,1.07272,-1.5456123,0.51336676,0.7855391,-1.1026242,-0.70911795,-0.3139577,0.2690946,0,chr11:6612917:tibial_artery:0,TN,0
1.5734298,-1.6279445,1.5971073,-0.7983944,1.748374,0.6138833,-0.19377327,-1.4372262,0.16457327,-0.039637964,1,chr8:41651698:transverse_colon:1,TP,1
-2.384372,0.6078874,0.21536383,-0.4786438,1.6931269,0.5759809,-0.038327757,-0.45816472,0.08290751,-0.07128803,0,chr6:33745522:gastroesophageal_sphincter:0,TN,0
-3.1393833,0.10769166,-0.21492046,0.5830336,-0.38695168,-0.622933,-0.34537497,-0.21893306,0.10124706,-0.5926115,1,chr11:1652791:body_of_pancreas:1,FN,0
-1.6066861,0.7766583,2.5526075,1.5273846,0.14269924,0.11960682,-0.13665518,0.20181029,0.23512214,0.21479262,0,chr12:48351113:transverse_colon:0,TN,0
-2.2447917,-0.47584775,-1.1226431,0.37050316,0.026158178,-0.5826376,0.0618829,0.0043689883,-0.087280005,0.06269522,0,chr19:43198867:spleen:0,TN,0
-2.6717503,0.6416434,-0.15455191,-0.65937614,0.22328846,0.19455262,0.07675329,-0.5795573,-0.18228032,-0.083542116,0,chr1:29306087:transverse_colon:0,TN,0
-2.6747947,0.26884162,-0.3607674,-0.17752385,0.14710572,0.3717447,-0.0042944844,0.76321816,-0.29059148,0.13333705,0,chr3:186753488:prostate_gland:0,TN,0
-2.2253044,-2.9321132,1.4342515,0.08811504,-0.030657386,-1.2116568,0.3720223,-0.59620756,-0.057544608,-0.52705145,1,chr11:116707506:Peyers_patch:0,FN,0
5.631091,0.27679604,0.13385041,0.27142176,0.799933,-0.061808374,-0.46760887,-1.0150793,0.014041594,-0.5108261,1,chr12:8390645:body_of_pancreas:0,TP,1
5.8608503,0.7485538,-0.27304575,0.346422,0.5706987,0.10828411,-0.42551446,-0.84017915,0.06733492,-0.08280642,1,chr7:22550492:tibial_nerve:0,TP,1
-2.8358681,-1.0240694,0.8049584,-0.5783556,-0.010738855,-0.81776726,-0.5019454,-0.26003182,-0.771057,0.2853296,0,chr8:124593699:body_of_pancreas:0,TN,0
1.6582638,1.9986697,0.84142345,0.13430816,-0.42096126,1.5145595,0.65457386,0.11355744,0.067590296,0.52471024,0,chr4:2468253:transverse_colon:0,FP,1
-2.53716,-0.07120841,-0.42758057,-0.89649624,-0.32672983,0.27802265,-0.23629254,-0.32110855,0.23143417,-0.5692411,0,chr11:60265897:adrenal_gland:0,TN,0
-3.0079544,0.5033885,-0.68715525,-0.17535847,-0.15559973,-0.75051415,-0.2697949,-0.50017387,-0.104899086,0.06517263,0,chr11:100932858:gastroesophageal_sphincter:0,TN,0
5.5433564,0.19918889,-0.21305053,0.9864718,0.996842,0.2971129,-0.75531024,-0.32401985,-0.39421818,0.25734136,1,chr2:101151641:transverse_colon:0,TP,1
5.8574944,-0.0423705,-0.6366609,0.6794821,0.028663265,-0.19483824,-0.44529998,-0.21020177,-0.16590568,0.16169487,1,chr3:75785357:tibial_artery:1,TP,1
-2.600915,0.33788127,0.27431503,0.29537165,-0.106457196,-0.22660975,-0.48756373,0.03203472,-0.48129755,0.03428677,1,chr16:21935488:thoracic_aorta:0,FN,0
5.7868047,-0.38483864,-0.20252971,0.0057898182,0.030024156,-0.47600102,0.22960037,0.53788495,-1.071019,-0.121508494,1,chr1:160976816:prostate_gland:0,TP,1
-2.2076917,0.16040559,0.3044789,1.5733281,-0.24795866,0.12141737,0.29313,0.21796438,0.11058072,-0.01341752,1,chr16:68237591:body_of_pancreas:0,FN,0
-0.6778842,-0.15751424,0.52607375,1.0130519,0.2727021,1.382951,-0.048592534,-0.89727134,0.6381261,0.46578243,0,chr16:88425337:prostate_gland:0,TN,0
5.222928,1.5550431,-1.0040452,0.25804865,-1.3750756,0.06014884,0.30177468,-0.5747759,0.22136377,0.13230355,1,chr4:75289967:esophagus_squamous_epithelium:0,TP,1
6.0300746,0.5013425,-0.52587414,0.36078885,0.24809253,-0.42232436,-0.15362495,-0.29442593,0.0064190514,0.18241106,1,chr15:79896760:esophagus_squamous_epithelium:0,TP,1
0.03268268,-1.7737578,0.23503889,-0.9096866,-1.9332684,0.58918095,-0.78023285,0.0011364174,-0.36459562,-0.42443833,1,chr6:106223515:adrenal_gland:0,FN,0
-2.6007714,0.36202285,-1.4997156,-0.38366568,0.08583237,-0.0039381157,0.06802625,0.06521301,-0.11510806,-0.18063149,0,chr13:91045410:prostate_gland:0,TN,0
5.6745987,0.08391229,0.21051334,0.3704589,0.6377617,-0.19874984,-0.3512715,-1.0382035,-0.014532903,-0.24013662,1,chr12:8390645:adrenal_gland:0,TP,1
-0.9962983,-0.53499705,1.6140809,-0.46674132,-0.06647688,0.7715046,-1.2649217,-0.87301433,-0.27852094,-0.1408976,0,chr11:19938600:testis:0,TN,0
-2.487501,0.23540226,0.21302097,-0.86135787,0.11703133,-0.18929,-0.053631842,-0.16421965,-0.419956,0.7549829,0,chr19:35406065:body_of_pancreas:0,TN,0
-3.040364,1.4793082,-0.8749145,-0.09435715,-0.25706634,-0.42386073,-0.19592354,0.089078896,-0.11682143,0.16944256,0,chr4:95165949:prostate_gland:0,TN,0
-2.0442145,-0.3446737,1.0548954,1.149715,-1.1508571,0.48908207,0.1849963,-0.67207086,0.6531848,-0.3217962,1,chr5:141969068:tibial_artery:0,FN,0
-2.926909,1.1063602,1.2185683,0.98372847,-0.5238897,-0.564892,-0.6129225,0.014255407,-0.05479633,-0.411212,1,chr11:57712375:tibial_nerve:0,FN,0
-2.4604855,-0.011499246,0.5569489,0.231192,-0.63608605,-0.15744568,-0.25787622,-0.2493352,-0.38206068,0.62107116,0,chr7:4479619:spleen:0,TN,0
-3.2383173,-0.14203207,0.48788497,0.83433765,-0.043674625,-0.5372058,-0.95161456,-0.055205394,-0.034793105,-0.12942012,0,chr15:32388404:spleen:0,TN,0
5.3591413,-0.07248619,0.13731457,-0.09509031,0.61993295,-0.14540012,-0.030609244,0.7759378,-1.5452487,-0.28867435,0,chr17:8585099:thoracic_aorta:0,FP,1
4.9378715,-2.1686714,0.25811395,-0.54152197,0.46384668,-0.44589892,-0.6746209,-0.008712869,0.21821599,-0.65505517,0,chr3:10883626:body_of_pancreas:0,FP,1
5.9561357,-0.08414471,-0.32080653,0.35002685,0.04078453,-0.4247428,-0.12076718,-0.11811765,-0.1332137,0.18407199,1,chr6:31374359:tibial_artery:1,TP,1
-1.781807,-1.012715,-0.56609136,0.41849977,0.15720671,-0.20271224,0.37530124,0.5555624,-0.038262896,-0.16969302,1,chr18:76492684:thoracic_aorta:0,FN,0
5.5653553,-0.18084674,-0.26516116,0.31427947,0.81585336,0.20471022,-0.41838044,-0.017577665,-0.039869975,0.19176462,1,chr9:42852316:gastroesophageal_sphincter:0,TP,1
-3.2107446,0.6953492,-0.8358702,-0.54468167,0.004082112,-0.44579417,-0.7623445,0.14715448,-0.077008024,0.007473522,0,chr9:105426323:esophagus_squamous_epithelium:0,TN,0
6.1933017,0.45211664,-0.5530518,0.11448133,0.16553767,-0.62419444,0.0068690237,-0.30943134,0.08867211,-0.030035289,1,chr22:46739374:transverse_colon:0,TP,1
5.5202584,0.057509027,-0.4292118,0.10227299,0.18355776,-0.22388467,-0.10056973,-0.04473931,-0.50464845,0.13913171,1,chr5:107709744:prostate_gland:0,TP,1
-3.2524557,0.8691116,0.6555186,0.42419103,0.33954573,-0.8856194,-0.8966258,0.20829394,-0.16875142,0.12850086,0,chr10:122980901:tibial_artery:0,TN,0
-0.5845702,-1.9804692,1.7244347,-0.62310416,1.9427654,0.2779502,-0.32671782,-1.0453613,-0.08909179,-0.45698053,1,chr8:41651698:suprapubic_skin:0,FN,0
-2.1582735,-0.53222543,-0.56185675,-0.65578693,0.8415634,-0.01697524,0.013823618,-0.34955335,-0.098885514,0.00032650997,0,chr7:43647696:thoracic_aorta:0,TN,0
5.500815,-0.0872985,-0.17021896,0.35117128,0.85590774,0.30979496,-0.48104402,-0.025865661,-0.059772413,0.07421401,1,chr9:42852316:esophagus_muscularis_mucosa:0,TP,1
-2.3293245,0.21971187,-0.114887685,1.3331847,-0.017367328,0.46392325,-0.0440402,0.26744023,0.08536674,-0.37582022,0,chr6:42104227:transverse_colon:0,TN,0
-2.5823905,-0.45837495,-0.85915047,-0.0009990337,0.31739914,-0.7154482,0.11687862,0.055449672,-0.12412347,0.12056709,0,chr4:77240648:thyroid_gland:0,TN,0
-2.4012332,0.8826289,-0.27374494,0.48646903,0.29964533,-0.46519488,0.36512697,-0.06317609,-0.14391837,0.15848574,0,chr20:59515611:body_of_pancreas:0,TN,0
-2.9866748,-1.136796,-0.46180284,-0.11574406,-0.4481881,-0.57238,-0.5060516,-0.33989987,-0.115068555,-0.2902722,0,chr17:50094413:tibial_artery:0,TN,0
-2.1728652,-2.8223953,-0.47136906,-1.3080174,-0.66205823,-0.56869817,-0.20379275,-0.55426353,0.10086605,-0.3426342,0,chr2:46011104:transverse_colon:0,TN,0
-3.2932718,1.2218281,0.40787634,-0.3592541,-0.46808106,-0.54202163,-1.2166948,0.075176805,-0.40560907,0.16781972,0,chr3:32144516:body_of_pancreas:0,TN,0
-2.0696065,1.0089116,1.1243279,2.2241895,-0.32446915,-0.29246992,0.44316116,-0.1047445,0.18635708,-0.4070962,0,chr9:136400120:tibial_nerve:0,TN,0
6.050492,0.545797,-0.24007039,0.15346238,0.2190138,-0.50535524,-0.07677996,-0.39494762,0.12625036,-0.37937814,1,chr12:121918386:tibial_artery:0,TP,1
2.7588706,-2.8608208,-0.21976738,0.6276732,-2.013448,0.3909058,-0.62769306,0.17101714,0.37126255,1.3465295,1,chr7:63015786:transverse_colon:0,TP,1
-2.3267758,-0.28487003,-0.43168354,0.17313471,0.24097918,0.43041816,-0.2130382,0.27086785,-0.26332802,-0.21741745,0,chr6:116060830:prostate_gland:0,TN,0
3.728743,0.11970611,1.0395591,0.3659483,1.1344459,0.34707806,-0.12818582,-0.70297086,-0.100483954,-0.68473667,1,chr9:129437463:tibial_artery:0,TP,1
0.9231208,0.29968953,1.6274126,0.1220266,-0.4260994,1.1300045,-0.77125,1.6415805,0.89545554,-0.9094533,1,chr19:21484173:esophagus_squamous_epithelium:0,FN,0
-3.0512047,-0.093272634,-0.56850374,-0.3105532,-0.97077274,0.10211691,-0.5562228,0.119138844,0.15976593,-0.051341757,0,chr1:170967201:transverse_colon:0,TN,0
-2.499053,-1.2318743,-0.11965399,-0.13445777,-0.8493559,-0.26246992,0.09628352,-0.23580734,-0.41308096,-0.18079524,1,chr17:50094413:upper_lobe_of_left_lung:0,FN,0
-2.4264395,0.7502265,-0.34977368,0.9380482,0.5131416,-0.5703174,0.28709072,-0.05178753,-0.0025988694,0.057175823,1,chr17:45022145:tibial_nerve:0,FN,0
4.1427174,-1.6871558,1.2685803,0.76786536,0.75718963,1.2183617,-0.449191,0.4480442,0.1892978,0.22839724,0,chr12:123269654:tibial_nerve:0,FP,1
-2.4025578,0.2523371,-1.1963587,0.06269689,0.2658409,-0.22681904,0.22141315,0.16801287,-0.20224737,0.11324911,0,chr12:43339206:tibial_artery:0,TN,0
-0.78741443,2.5400186,1.3268262,-1.0994312,-0.6533122,0.81880707,-0.47796905,-0.33610374,-0.72551167,0.019904314,0,chr1:64147961:thoracic_aorta:0,TN,0
-2.7614894,0.23600869,-0.24080126,-0.4519893,-0.3579017,-0.6217273,0.348041,-0.40493166,0.34487653,0.43291953,0,chr6:32933573:transverse_colon:0,TN,0
3.1816278,-0.40064496,2.0999973,-0.09864698,0.21811734,1.1374118,0.24578933,0.07570611,-0.14052737,-0.12115467,0,chr19:8396778:esophagus_squamous_epithelium:0,FP,1
-0.40204775,2.0710392,0.4429797,-1.6592286,-0.21342292,0.3306157,-0.31205833,-0.46335712,-0.64423656,0.8551054,0,chr2:171034274:body_of_pancreas:0,TN,0
1.6585172,0.7995876,1.1358598,0.04182645,-0.52187395,1.0603719,-0.58095926,1.5837709,0.84257096,-0.81334513,1,chr19:21484173:adrenal_gland:0,TP,1
-2.6559865,2.7907186,-0.60105366,-0.807402,0.019043103,0.6024937,0.15159397,0.12465368,-0.10979218,0.10543014,0,chr7:128503541:body_of_pancreas:0,TN,0
6.0679474,0.32337636,-0.27644986,0.14578924,0.14963709,-0.37941813,0.053522017,-0.3626846,0.1126172,-0.118543535,1,chr17:45585364:upper_lobe_of_left_lung:0,TP,1
5.63053,0.36382028,-0.30384502,0.5063538,0.27932584,0.21896647,-0.6396682,-0.55641735,-0.14657426,0.23978819,0,chr7:100965858:tibial_nerve:0,FP,1
-2.490652,-2.0061545,0.53870934,-0.33208022,-0.266169,-0.99640083,0.41342738,-0.32017767,0.37746054,-0.13770834,1,chr1:41432909:prostate_gland:0,FN,0
-1.5936109,0.7541686,0.17734802,-0.9351906,-0.33783826,0.6593532,0.48564988,-0.31313998,-0.8373276,0.11091348,0,chr14:21309486:body_of_pancreas:0,TN,0
-1.9037229,0.46146187,-1.1855494,-0.18423378,0.5114117,0.026479464,0.7357931,0.2980443,0.034951895,0.10679741,0,chr11:12894326:adrenal_gland:0,TN,0
-2.8945768,-0.6787784,-0.5383352,0.09736976,-0.07407283,-0.92366636,-0.12902986,0.09517045,-0.010003994,0.16034944,0,chr14:61456966:transverse_colon:0,TN,0
-1.1322262,0.098341666,-1.1940299,0.34684712,0.75930655,0.010913917,0.8192989,0.16544834,0.29677618,0.26785776,0,chr16:88700708:upper_lobe_of_left_lung:0,TN,0
0.06450392,-0.20212679,1.8838773,0.32677382,-0.27059177,0.78751206,-1.0013782,1.6684374,0.7848987,-1.1499236,1,chr19:21484173:testis:0,FN,0
-2.1172936,0.595125,-0.70031095,0.38033164,0.2465946,0.9843479,-0.19053803,0.12818225,0.9882136,-0.15162393,0,chr3:32401666:esophagus_muscularis_mucosa:0,TN,0
-1.2406152,1.1444321,0.5116905,0.7216241,0.40064654,1.6608862,-0.14032352,0.39923626,-0.63057727,0.020306924,0,chr17:45832045:transverse_colon:0,TN,0
-2.5001981,1.244911,0.056133848,-0.7695331,-0.36578986,0.8903076,-0.5450078,-0.45638198,0.13932273,-0.42355928,1,chr9:16039580:esophagus_squamous_epithelium:0,FN,0
-2.4100068,2.638521,-0.29220292,-1.2727855,-0.08132663,1.0477499,-0.56673104,0.06879751,-0.30154985,-0.089970686,0,chr16:90203818:transverse_colon:0,TN,0
-2.0665927,-0.18557939,-0.68463725,-0.012585325,-0.8370439,0.9267524,0.1174341,0.16660124,-0.018779224,-1.0927578,0,chr3:66816669:body_of_pancreas:0,TN,0
-1.7420746,-2.173812,0.21480866,-1.520641,0.19705237,-0.61422783,-0.262435,-0.46656495,0.45423493,-0.65989125,0,chr9:15104864:transverse_colon:0,TN,0
-2.4497383,-1.4160725,0.683152,0.6484252,0.42107454,-0.3722493,0.18409109,0.06135067,-0.17520007,0.46040273,0,chr18:74291399:upper_lobe_of_left_lung:0,TN,0
-2.9221687,0.6946433,-0.63397455,0.6344171,0.08342084,-0.4518713,-0.079648145,-0.07726389,0.03824514,-0.08205849,0,chr17:4560968:adrenal_gland:0,TN,0
-1.4023267,1.3038313,-0.06604348,-0.73821634,0.38341802,0.4150732,1.0205222,-0.16778694,-0.51066756,0.7848015,0,chr1:146006702:transverse_colon:0,TN,0
-2.6662588,0.3044646,0.51885223,-0.5004206,-1.0449456,-0.4025268,-0.31206954,-0.0038775855,-0.6833108,-0.26648906,0,chr9:114487593:prostate_gland:0,TN,0
-3.0734386,-0.04852677,0.8659809,1.0705757,-0.044039,-0.5587205,-0.42555413,0.05391651,-0.16577293,-0.15018699,0,chr14:22823038:thoracic_aorta:0,TN,0
-0.19824708,2.170023,0.79067725,-0.9094397,0.5821458,0.57716924,0.2184355,0.9502469,-0.41012794,1.6935651,1,chr6:99516089:body_of_pancreas:0,FN,0
1.7846696,-1.0061141,1.1360434,0.99736613,0.9268053,1.1761017,0.7349967,-0.38808972,0.25403276,-0.7706661,1,chr7:142451935:transverse_colon:0,TP,1
-2.3902712,-0.058143422,-1.2503794,0.16836777,0.18262193,-0.07623363,0.001004289,0.02202954,-0.16764766,-0.045402758,1,chr9:127348292:prostate_gland:0,FN,0
-0.34703165,-1.7400477,0.45978993,0.45546862,0.3565277,1.441164,-0.94409525,-0.15163806,-0.13176368,-0.22421104,0,chr19:41706904:tibial_artery:0,TN,0
-2.7387943,0.35751632,0.054670688,0.8240141,0.6201259,-0.22703646,-0.23200393,0.1154688,-0.292645,-0.4598189,0,chr14:50045393:upper_lobe_of_left_lung:0,TN,0
4.179743,1.7418104,-0.29664028,-0.2032487,-1.3545057,-0.3565723,0.35041562,-0.3770624,0.38894415,0.028093792,1,chr13:109267585:upper_lobe_of_left_lung:0,TP,1
3.2907057,-0.90522283,1.3139018,-0.54978746,-1.1817856,0.16433464,0.7372605,1.5954953,0.6782045,-0.330998,1,chr12:48753691:tibial_artery:0,TP,1
-2.3133616,-2.2536936,-0.055791758,-1.2040447,-0.27275884,-0.6875396,-0.15869594,-0.5977918,-0.13569555,0.18232729,0,chr3:27677217:body_of_pancreas:0,TN,0
-2.844592,-0.70518416,-0.38979068,0.47313702,0.22012462,-0.72680277,-0.2950436,-0.1926127,0.12533058,0.09116177,0,chr2:131822172:upper_lobe_of_left_lung:0,TN,0
-1.8314824,0.9893579,1.0818706,1.2716311,-0.89786816,0.7208997,0.08326704,-0.20424369,0.06318423,-0.23393561,1,chr12:123762055:upper_lobe_of_left_lung:0,FN,0
4.9361825,-0.47221887,-0.19532956,1.1187809,-0.32776833,0.74876255,-0.2857445,-0.016185122,-0.426073,0.8156687,1,chr9:61668518:body_of_pancreas:0,TP,1
0.23439793,-2.463677,0.7558837,-0.048450515,0.2617037,-0.10484213,1.091558,-0.26150998,0.2634351,-0.81657225,0,chr1:154313017:thoracic_aorta:0,TN,0
-1.3889556,-0.3839762,-0.6178179,-0.31387717,-0.98910624,0.3030068,0.7215849,-0.4556885,0.2785974,-0.20915435,0,chr5:36507468:tibial_artery:0,TN,0
-3.1217515,0.24129853,-0.663992,-0.48736998,-0.1542183,0.25651354,-0.48520994,0.06607341,0.2685879,0.07118797,0,chr3:66138807:tibial_artery:0,TN,0
-1.6025783,-1.9509175,2.000092,-1.6344845,-0.42852697,-1.0818957,-0.41173473,-1.0057417,0.31979972,-0.84091866,0,chr11:118295892:transverse_colon:0,TN,0
5.851945,0.5761474,0.03817903,0.018488303,0.5691812,-0.10554564,-0.11472935,-0.6191057,0.32626364,-0.47095057,1,chr7:22550492:esophagus_muscularis_mucosa:0,TP,1
-3.0489593,0.35390678,-0.39522052,0.73957455,0.068209045,-0.12803073,-0.35638928,-0.19751427,-0.051340643,-0.16926283,0,chr15:34523799:suprapubic_skin:0,TN,0
-0.98934174,-1.743368,0.8812328,0.6680016,1.0137976,1.1946732,-0.15016334,0.025785232,0.12579896,0.19001651,1,chr5:179213127:thoracic_aorta:1,FN,0
5.9580674,0.30898854,-0.50334525,0.5753813,0.1489184,-0.32791144,-0.3328832,-0.3168322,-0.06831329,0.037053216,1,chr3:75785357:body_of_pancreas:0,TP,1
5.9924893,0.54150313,-0.6088112,0.13041021,-0.14760529,-0.7268635,-0.13687757,-0.44516423,-0.09994177,-0.23378804,1,chr2:86221296:prostate_gland:1,TP,1
-0.2986174,-3.8982785,1.87768,-0.073811375,0.4999058,-0.2505312,-0.20288615,0.20675127,-0.41327524,-0.4139902,1,chr1:20575428:transverse_colon:0,FN,0
5.8821154,0.16171065,-0.2550348,0.2773076,0.3189543,-0.5548957,-0.25752014,-0.48242712,0.37153372,-0.02014221,1,chr7:100966122:Peyers_patch:0,TP,1
5.8557425,-0.07267385,-0.3727941,0.3528171,0.2814622,0.060317263,-0.1949087,-0.32424736,-0.071991324,-0.21806546,1,chr1:27556965:adrenal_gland:0,TP,1
-0.35802284,-1.1642189,-0.9925111,0.53854716,1.1477188,0.80756617,0.6125443,0.23990145,-0.3478788,0.90915847,0,chr11:1833125:tibial_nerve:0,TN,0
-1.2388849,-1.0782964,1.9712285,-0.7323509,-0.050085936,-0.27853554,0.73838025,-0.26822704,-0.31624278,0.39133707,0,chr9:102073447:body_of_pancreas:0,TN,0
-3.204095,1.5372143,-0.6386671,-0.16849378,-0.1480407,-0.4054391,-0.6839753,-0.16133639,-0.13397597,-0.032629147,0,chr6:82252295:esophagus_squamous_epithelium:0,TN,0
-2.658386,1.8018755,0.052541476,-0.06877274,-0.48308006,0.74336773,-0.37679666,-0.40951213,-0.15184623,-0.51817966,0,chr15:45705730:sigmoid_colon:0,TN,0
-2.2250516,-1.2850025,-0.6390589,0.09832548,0.25550503,-0.58897614,-0.053709105,0.020904198,0.06507605,0.2347331,0,chr6:53172200:testis:0,TN,0
-2.531211,0.70730484,-0.6193801,-0.7732944,0.8135493,-0.13234408,-0.2877103,-0.09466629,0.4980813,0.11935147,0,chr10:5949478:prostate_gland:0,TN,0
5.719999,0.41256776,0.03976648,0.13495152,0.96159726,-0.12697531,-0.42018804,-0.8797435,-0.32394192,-0.4758037,1,chr16:85086903:spleen:0,TP,1
-2.5659616,0.1246054,-1.2718241,-0.07439912,0.3387962,-0.11835556,-0.057386987,0.09468092,-0.017025467,-0.11157148,1,chr4:186824888:body_of_pancreas:0,FN,0
-2.7609477,0.08397911,-1.2218843,-0.44177467,0.32538536,0.24247724,-0.44790536,0.10397276,0.05416892,0.19860636,1,chr13:54394503:Peyers_patch:0,FN,0
6.057035,0.15069884,-0.48330706,0.05940003,-0.101766184,-0.6226902,-0.0429214,-0.29179037,0.11281281,-0.008684297,1,chr6:31374359:transverse_colon:1,TP,1
-2.0830014,-0.6305687,-0.8517432,0.02784486,0.2773985,0.21995755,0.13723733,0.18443231,0.0021443795,0.28417864,0,chr2:21042645:thoracic_aorta:0,TN,0
-0.14066696,-0.4647875,1.2056326,0.44395018,-1.358292,1.0908604,-0.18686777,0.8982293,-1.0746768,0.2809105,0,chr11:449817:transverse_colon:0,TN,0
-2.8586712,-0.2504123,-0.8661127,-0.20229767,-0.026766758,-0.46903643,-0.6668149,0.2005576,-0.040700644,0.08713213,0,chr12:114508854:spleen:0,TN,0
3.0881064,-1.8330775,-0.20858076,0.6516452,-1.7119321,0.32672653,-0.33667526,0.058604322,0.40906975,1.3238202,0,chr7:63015786:prostate_gland:1,FP,1
-2.234868,-0.6645568,1.0524373,1.1988281,0.4374415,-0.8435786,0.5126806,0.20576409,-0.51932967,0.3406068,0,chr7:88220243:prostate_gland:0,TN,0
-2.7263253,1.008253,1.0340496,1.2943574,-0.2306457,0.019750305,0.08613482,0.23156032,-0.20222135,-0.06778586,0,chr19:9914785:gastrocnemius_medialis:0,TN,0
-1.5667485,1.3953128,1.2946025,2.1636615,-0.047976308,-0.5643637,0.8870119,0.023524476,-0.22489534,-0.025934909,0,chr2:46297173:tibial_nerve:0,TN,0
2.3552046,0.7684887,1.9828309,1.4891318,1.0210725,1.0555887,0.52669686,-0.6820766,0.12859532,0.54464054,1,chr9:33167269:Peyers_patch:0,TP,1
5.8809094,0.8895185,-0.63852155,0.29228228,-0.063308425,-1.1586466,0.04142374,0.16702002,0.6492444,-0.015898619,1,chr17:22909996:esophagus_muscularis_mucosa:0,TP,1
-2.8746328,-0.6523128,-0.5603341,-0.17325442,0.3485704,-0.23222291,-0.1890784,-0.38032266,-0.19116206,0.100562274,0,chr13:98653462:esophagus_muscularis_mucosa:0,TN,0
-2.8645644,-0.12044496,-0.6581257,0.083881624,-0.081730634,-0.08122995,-0.5354285,0.19230063,-0.29905722,0.13037506,1,chr5:149431239:thoracic_aorta:0,FN,0
6.061242,0.49340707,-0.5963067,0.42776376,-0.17661862,-0.67143446,-0.1416778,-0.37530032,0.15211947,0.071950644,1,chr9:129437752:gastroesophageal_sphincter:0,TP,1
3.5561037,4.5293684,-0.59006214,-0.60181653,0.9866733,-0.33366805,-0.6155128,1.2978894,1.0087093,0.49515712,1,chr8:44636977:gastroesophageal_sphincter:0,TP,1
-2.3884077,-0.84863424,-0.09931412,-1.2540812,-0.4857859,0.30371842,-0.4358864,-0.5699663,0.51640064,-0.07979771,0,chr1:205918852:tibial_artery:0,TN,0
4.0213757,-0.83945745,0.557849,0.043602373,1.7504699,0.56275946,0.12599473,-0.8144978,-0.22538675,-0.65658176,0,chr7:85186902:thoracic_aorta:0,FP,1
5.416861,-0.41799974,-0.14785144,0.35876694,0.79412293,0.33289525,-0.61465037,0.043072864,-0.07663053,0.19291762,1,chr9:42852316:body_of_pancreas:1,TP,1
-2.8750837,-0.34057587,-1.2119347,-0.017514497,0.10097734,-0.1461961,-0.28449228,0.04399126,-0.015743453,-0.23311034,0,chr1:243118794:thoracic_aorta:0,TN,0
-3.0334744,2.313282,-0.4084294,-0.17329952,-0.14748968,-0.3290389,-1.0393897,0.14304923,-0.55130196,0.17204246,0,chr12:40153243:upper_lobe_of_left_lung:0,TN,0
-2.3781605,-0.24728096,1.1283762,0.5505292,0.6102359,-0.3495529,-0.07681072,0.087968215,0.37995037,0.9970228,1,chr18:597094:upper_lobe_of_left_lung:0,FN,0
-0.91002065,-0.48752543,0.04442087,0.8851295,0.53117967,1.6548265,-0.10369416,0.3658096,-0.58762383,-0.54004717,1,chr6:169655219:transverse_colon:0,FN,0
5.151228,-0.6659438,-0.22592828,-0.20932113,0.27379727,-0.65509844,-0.2562122,0.2260115,-1.2676791,-0.23170097,1,chr1:192003039:thyroid_gland:0,TP,1
-2.1211035,-2.4804673,-0.46481994,-0.54778624,0.050091445,-0.72257686,0.18769339,-0.46490455,0.44509414,-0.16890207,0,chr1:245260636:prostate_gland:0,TN,0
2.7080956,1.6763077,0.6250928,-1.325818,-0.85820025,0.7363675,0.4849247,-0.37769657,-0.21313079,-0.54088235,1,chr8:30230823:prostate_gland:0,TP,1
5.8809757,-0.39091,-0.37246227,-0.021335118,0.16589755,-0.640356,0.26769635,0.43469846,-0.9934817,-0.08798341,1,chr20:21120370:spleen:0,TP,1
-0.8127033,0.91028,0.13847977,-0.6210419,-1.1374441,1.0554283,0.5192796,0.6732389,0.38583544,0.21617526,0,chr1:84542055:transverse_colon:0,TN,0
-2.1171072,-0.8610582,-0.49892968,1.2596376,0.3785871,0.7923747,-0.056359854,0.2916965,0.18293211,0.19875936,0,chr16:2004036:prostate_gland:0,TN,0
-0.5275592,1.5959877,-0.11997561,-1.5054672,-0.2776328,1.2109082,0.44927326,0.22035296,-0.60570747,-0.21560363,0,chr1:63575748:thoracic_aorta:0,TN,0
5.8447638,0.37317234,-0.31755707,0.0620608,0.14316949,-0.674891,0.17014065,0.511908,-0.9507754,-0.31017882,1,chr4:62271507:prostate_gland:0,TP,1
-2.2734797,0.10104221,0.3949274,1.4477541,-0.45159727,-0.78759193,0.8496552,-0.14701748,0.035340216,-0.26986125,0,chr21:29002850:tibial_nerve:0,TN,0
5.738207,0.5613868,-0.22439365,0.42187393,0.48983482,0.25308198,-0.5039477,-0.38265297,-0.21154937,0.15084346,1,chr7:100965903:transverse_colon:0,TP,1
-2.478748,-0.053010654,-1.170921,-0.3307828,-0.38594228,0.03074618,0.040137567,0.20054123,0.2520321,-0.061752234,0,chr1:170967201:adrenal_gland:0,TN,0
-0.49064517,-2.0675812,0.553983,-0.91973174,-0.051710196,-0.28476724,0.33337542,0.739494,0.063903674,-0.4042724,0,chr10:83992499:body_of_pancreas:0,TN,0
4.0017395,1.0292559,0.6041561,-0.45515656,-0.6864056,0.51317835,0.74443036,-0.04728431,-0.8997878,-0.4077872,1,chr8:30230823:adrenal_gland:0,TP,1
-2.0959373,0.20240706,-1.1952318,-0.3095503,0.308128,0.14771168,0.30491343,0.5358768,-0.42434293,0.054365773,0,chr15:32537476:body_of_pancreas:0,TN,0
0.021565137,-0.7587593,0.9497404,-1.7746772,-0.39393198,-0.28423706,0.57334465,-0.5668793,0.49434614,0.6628445,0,chr6:106837189:body_of_pancreas:0,TN,0
1.1098893,-2.8985407,-0.733434,-0.34871003,0.13747263,1.5344026,-0.26413658,0.35609818,0.06512464,0.021523299,1,chr7:155585487:body_of_pancreas:0,TP,1
-1.2831136,0.23653136,-0.07311963,1.0905658,0.64322746,1.1646123,-0.6246534,-0.09778383,0.21622984,-0.020594724,0,chr19:13152523:gastroesophageal_sphincter:0,TN,0
4.0816708,0.5006856,0.4453607,-0.16018029,-0.5820525,0.46815944,0.8953894,-0.4817041,0.10338968,-0.5908472,1,chr2:42969994:thoracic_aorta:0,TP,1
-2.866431,-1.23327,0.081777915,0.18709677,-0.02678624,-0.70890313,-0.026494753,-0.020141901,0.14349711,0.20073198,0,chr2:232440448:transverse_colon:0,TN,0
-1.3581871,-0.39120302,-1.2592186,0.63251865,0.71280813,-0.112148196,0.45365286,0.29596922,-0.24306662,0.15122417,0,chr5:1119480:Peyers_patch:0,TN,0
5.228228,-0.7727484,-0.26600578,0.6562031,0.58796626,0.6157593,-0.63093334,-0.104382,-0.5935375,-0.3226504,1,chr1:27556965:testis:1,TP,1
5.796644,0.16569483,-1.1057043,0.5362107,-0.5509901,-0.43910173,-0.42917225,-0.22700529,0.05323974,0.50851315,1,chr7:142463879:Peyers_patch:0,TP,1
-1.080411,-4.4142447,1.7001858,-1.2196125,-1.0236114,-0.50726247,-0.29170337,-0.56083804,0.42543477,-0.2351691,0,chr19:46753944:gastroesophageal_sphincter:0,TN,0
-2.2315056,0.57921386,0.94113904,1.8305273,-0.5624336,-0.33166373,0.6131837,-0.13800545,-0.049147397,-0.48387727,0,chr3:196712252:spleen:0,TN,0
-1.4260075,0.047870323,1.0805638,-0.4998939,1.170705,-0.43608448,-0.025650287,-0.94416636,0.28060326,0.029667316,0,chr10:80132939:body_of_pancreas:0,TN,0
-1.9111676,-0.01298454,0.04327813,-1.7657903,-0.41061792,-0.057280328,0.28540623,-0.28112274,0.018711878,-0.6105679,1,chr7:106568539:body_of_pancreas:0,FN,0
-0.57435185,0.15872312,1.3453305,0.55073684,-0.88202286,1.3813374,-0.109778896,-0.5623567,0.6112264,-0.010435843,0,chr12:124513633:body_of_pancreas:0,TN,0
-2.0621543,-0.5793026,0.3041233,0.096716374,0.9672766,-0.7106523,0.4225809,0.0022822875,0.025163801,0.09402488,0,chr2:222297304:body_of_pancreas:0,TN,0
-2.3606644,-0.478701,-0.10741964,1.2362326,-0.23366642,-0.4460048,0.22443083,0.17365503,-0.07183511,-0.22957754,0,chr19:39824761:prostate_gland:0,TN,0
-2.9042184,-0.009756042,-1.0681113,0.08103881,0.13266562,-0.04617975,-0.39930075,-0.18342085,0.17159532,-0.12324996,0,chr21:45128695:thoracic_aorta:0,TN,0
-1.8614866,0.89240795,-0.9952222,0.027136508,0.52319646,-0.068426006,0.49512285,0.24683312,-0.2895927,0.26807174,0,chr8:23547260:body_of_pancreas:0,TN,0
-2.4697652,0.7888657,1.3630823,-1.1546346,0.28073174,-0.3227431,-0.08290778,-0.543384,-0.06658186,-0.26000696,0,chr20:49603474:body_of_pancreas:0,TN,0
-0.05611129,1.3441023,0.21799463,-0.9846085,-0.8982098,0.89440787,0.15048683,0.119467475,-0.22399603,-0.47409028,1,chr20:19077643:transverse_colon:0,FN,0
-1.1254473,-0.79583573,0.80499786,0.42922163,-0.4929784,0.3600229,-1.1586033,0.64070344,-0.70813614,-0.19803375,1,chr17:43361323:esophagus_muscularis_mucosa:0,FN,0
-0.17713827,-2.3434715,0.28344,-0.32246086,-0.6566191,0.34652892,1.0256995,-0.77241623,0.103788,-0.29985178,0,chr9:121609956:gastroesophageal_sphincter:0,TN,0
-2.4294136,-0.1597561,-0.7456232,-0.20098738,0.5378983,0.19164556,-0.06998975,-0.14330605,-0.04933222,0.25011307,0,chr5:157471958:tibial_artery:0,TN,0
3.141131,0.63201815,-0.8290377,-0.21416499,-1.6700569,0.8030334,1.1976523,0.22789332,0.39957115,-0.2673921,1,chr2:55432222:upper_lobe_of_left_lung:0,TP,1
-3.0752418,0.69007033,-0.82714874,-0.097719036,0.017815582,0.008355906,-0.7000502,0.2228813,-0.09901645,0.11616249,0,chr14:21852085:transverse_colon:0,TN,0
-2.4527545,-1.7125702,-0.38605964,-0.879128,0.245922,-0.9133585,-0.19773033,0.2115762,-0.36031812,0.124648914,1,chr6:31374706:body_of_pancreas:0,FN,0
-1.8506844,-0.62087053,-1.2887292,0.17192394,0.1769501,-0.076970614,0.5577198,0.29189396,-0.0810362,-0.030121902,0,chr11:35392416:adrenal_gland:0,TN,0
-2.5248063,0.33597738,-1.0012913,0.07981178,0.084537245,0.110723846,-0.06847913,0.23802248,-0.11146073,0.17925295,0,chr13:25004931:esophagus_squamous_epithelium:0,TN,0
5.6860647,0.36545584,-0.36236796,0.45217165,0.19142005,0.15614165,-0.6476333,-0.51069045,-0.1994156,0.24371679,1,chr7:100965858:Peyers_patch:0,TP,1
5.62763,0.08898431,0.0033630084,-0.2789344,0.70363593,-0.32472423,0.039258283,-0.83074343,-0.089368135,-0.47426048,1,chr20:57190119:sigmoid_colon:0,TP,1
-3.3304164,0.34154493,0.43149182,-0.3780917,-0.4252865,-0.7494407,-1.2627283,0.0681445,-0.44153675,0.029026622,0,chr13:32310515:gastroesophageal_sphincter:0,TN,0
-0.6370355,-1.4095329,-0.07089243,1.6436507,0.043783415,0.91179425,0.23492314,-0.25789192,0.43613863,0.33085716,0,chr11:119094337:sigmoid_colon:0,TN,0
-1.7332573,1.7365932,0.4215888,-0.94936484,-0.66090256,0.4225175,0.100008756,-0.24566518,-0.6048463,0.25588733,1,chr17:61262537:sigmoid_colon:0,FN,0
-2.3983636,0.549544,-0.5524707,-0.72148865,-0.005332875,0.41589928,0.038952664,-0.058590505,-0.10381728,-0.32829374,0,chr3:65914875:Peyers_patch:0,TN,0
-2.0145943,0.32838845,-0.24315937,1.1519648,0.3521641,-0.25165674,0.3520763,0.29794118,-0.1907116,0.18248384,0,chr17:81513269:upper_lobe_of_left_lung:0,TN,0
-0.78987503,0.4286093,0.73434544,-0.5964294,-0.058467306,0.3457795,0.98047775,-0.62672573,0.18604362,0.29461214,0,chr12:101839737:esophagus_muscularis_mucosa:0,TN,0
4.878707,-1.003393,-0.84847474,0.37462822,-1.9546846,-0.22978793,-0.31254965,-0.18125753,-0.67269313,0.50734735,1,chr2:196068383:tibial_artery:1,TP,1
-1.9813343,0.78071904,-0.37225544,0.4174423,0.84347785,0.76933944,0.6129932,0.13009739,0.085626855,0.055652395,0,chr17:75096523:transverse_colon:0,TN,0
-3.106272,0.53282416,-0.84730285,-0.10744644,0.06051379,-0.3626056,-0.39321265,0.04023937,0.092540756,-0.07848782,0,chr7:28520166:body_of_pancreas:0,TN,0
2.294298,1.4172789,0.9223896,-1.9704571,-1.0941043,0.43582234,1.7618022,0.055358447,0.46396297,-1.0142092,0,chr5:71856567:body_of_pancreas:0,FP,1
0.0057022073,-1.3618329,0.5485176,1.1902525,1.8596696,1.6510441,-0.09833417,0.5979197,-0.037903313,-0.13169041,0,chr15:63122523:thoracic_aorta:0,TN,0
-3.0010302,0.010103219,-0.48002663,0.41986912,0.02779061,0.0676031,-0.36007106,-0.027889194,0.262888,0.29343468,1,chr19:3618689:Peyers_patch:0,FN,0
-2.3778913,0.18103702,-1.4653599,-0.61824834,0.1336367,-0.033398706,0.14506802,0.1173803,0.048379432,-0.0471097,0,chr6:128518132:Peyers_patch:0,TN,0
5.3662944,-0.31527513,-0.56251854,0.044433072,0.25610775,-0.3516815,-0.09402398,0.46595475,-1.4388608,-0.025090467,1,chr12:130912953:prostate_gland:0,TP,1
4.833451,1.1997498,0.014365703,-0.5714291,-1.4394109,0.19316687,1.0211763,-0.001744367,-0.5521506,-0.334878,1,chr8:30230823:gastroesophageal_sphincter:0,TP,1
5.663423,0.3108897,-0.08110143,0.57864654,0.51953435,-0.027257955,-0.42575043,-1.0478361,-0.028770186,-0.097976506,1,chr12:8390645:prostate_gland:1,TP,1
-2.2089493,-0.8122752,-1.3640623,-0.2324903,0.27063307,0.03909683,0.102305226,0.14465086,-0.16567892,0.087866604,0,chr6:134827157:body_of_pancreas:0,TN,0
-1.7947956,0.13174005,-1.1835381,-0.37539437,0.9467057,-0.38220474,0.26718664,0.15769224,-0.017253833,0.48495093,0,chr7:155303541:upper_lobe_of_left_lung:0,TN,0
-2.6636434,-0.93576556,-0.6733881,0.6119301,-0.07495504,-0.33057013,0.13156869,-0.048688486,0.08501046,-0.49438605,1,chr11:1652791:tibial_artery:0,FN,0
-0.38017341,-2.2451844,-0.8376348,-0.9519049,0.46147788,0.19891559,-0.18039182,1.3766832,-0.17321408,-0.41942433,1,chr9:17531876:prostate_gland:1,FN,0
-2.4513013,0.697032,-0.20903201,1.1198384,0.11797578,-0.4879726,0.20462154,0.0056618527,-0.19295001,0.015264814,0,chr8:27592555:spleen:0,TN,0
-1.682525,0.6682062,-0.6628229,-0.09990315,0.9538904,0.8990789,0.16915846,-0.13726711,-0.36823383,0.23802084,0,chr2:16630547:spleen:0,TN,0
-3.1483538,0.9427767,0.19778839,-0.07036485,0.073574856,0.396375,-0.74891794,-0.3202431,0.028939964,-0.19329771,0,chr6:166106112:testis:0,TN,0
-2.5978463,-0.8834877,0.8331501,0.9172021,0.52773935,0.35679117,-0.25839528,-0.031058628,0.34947604,-0.04048813,0,chr5:178164512:Peyers_patch:0,TN,0
-2.6183083,0.063816965,-1.3543922,-0.525787,-0.019198092,-0.06564767,-0.0964731,0.22537383,0.04506667,-0.10787236,0,chr20:52243098:transverse_colon:0,TN,0
6.048663,0.66116285,-0.7664139,0.23451832,-0.046783768,-0.67421085,-0.17565066,-0.35887456,-0.14555432,-0.0070874365,1,chr5:151298414:thoracic_aorta:0,TP,1
-2.5845094,0.81960195,-0.28081766,1.0974665,-0.054522008,0.23115322,0.25661266,0.12198044,0.0262532,-0.50996387,0,chr9:89604122:sigmoid_colon:0,TN,0
0.8895753,3.7072375,0.46183196,-0.7388198,0.182056,0.17485265,-0.5577648,1.1871339,0.45080635,0.5138921,1,chr2:92401043:body_of_pancreas:0,FN,0
-1.8358194,-3.0739248,1.6581634,0.11192022,-0.27609384,-0.6859263,-0.09174376,-0.21777883,0.8130745,0.7070854,0,chr17:74791544:testis:0,TN,0
-2.741461,0.7103492,-1.1405528,-0.3142807,0.8044559,0.15017459,-0.9943842,0.31160998,-0.26814225,-0.012445731,0,chr7:105759869:Peyers_patch:0,TN,0
-1.5772464,0.26743293,-0.80329627,-0.57787526,-0.223529,0.696306,0.9348155,-0.061098777,0.20858434,-0.353291,1,chr6:106223515:upper_lobe_of_left_lung:0,FN,0
5.8975744,0.20594081,-0.3871717,-0.012815526,-0.14192459,-0.7600111,0.39488423,-0.2387637,0.38049516,0.13808644,0,chr9:62609408:transverse_colon:0,FP,1
-1.6174145,0.14552787,1.6081281,1.9455024,0.030971723,-0.28682593,0.58548504,0.26924688,0.103614375,-0.151161,0,chr11:119094768:thoracic_aorta:0,TN,0
-1.6439905,1.761808,2.056993,0.65233016,-0.47102934,-0.57442576,-0.44719982,0.3483812,0.19331348,-0.10871391,1,chr14:77027452:esophagus_muscularis_mucosa:0,FN,0
-0.26552105,-0.7148135,0.9558209,0.064635806,-1.3521838,0.9093147,-0.6287537,-0.5689428,-0.09817194,-0.3680338,0,chr2:47313392:transverse_colon:0,TN,0
-1.4836587,1.2427835,-0.46902815,-1.4682721,-0.51779914,0.82435054,0.11249262,-0.24456352,0.38692316,-0.07932017,1,chr6:106223515:thoracic_aorta:1,FN,0
5.3764014,2.3750792,-0.54028475,-0.04824755,0.19761701,-0.9511891,0.13220161,0.55306464,1.4398148,-0.04428767,1,chr17:25564496:gastroesophageal_sphincter:0,TP,1
-2.5499685,0.7577261,-1.2303587,0.39662516,0.075489394,0.6324284,-0.1307406,0.14956446,0.37861162,-0.55830806,0,chr17:2982933:thoracic_aorta:0,TN,0
5.6186514,-0.29935184,-0.23748212,0.2976721,0.78701454,0.2114175,-0.3409323,0.020526735,-0.10148732,0.026858713,1,chr9:42852316:testis:0,TP,1
-1.8950455,-1.2768137,0.1862872,-0.5799102,-0.15834537,-0.49340168,0.61167353,-0.07013607,-0.49563226,0.9580061,0,chr6:36442445:transverse_colon:0,TN,0
1.805495,-3.4587116,1.4083796,-0.7642014,0.8413119,0.4952398,0.21644583,0.9725992,-0.446328,0.4550683,1,chr19:45427778:prostate_gland:1,TP,1
-1.3425298,-1.7610768,-0.3513743,0.14092323,0.3319179,0.19770055,0.6640266,-0.16889504,0.40747744,0.25710243,0,chr17:1191066:tibial_nerve:0,TN,0
4.9105573,1.3811358,0.24305673,0.4280123,0.5569534,0.1610962,-0.08992795,-0.88749236,-0.3792296,-0.29171586,1,chr9:129437413:tibial_artery:0,TP,1
-3.1223857,0.3220312,-0.20953962,0.5337852,-0.09943503,-0.5951515,-0.51574945,0.24693158,-0.23764391,0.043415032,1,chr9:83219889:tibial_artery:1,FN,0
5.431912,-0.49250072,-0.15343928,0.27234265,0.9186389,0.23144132,-0.53136116,0.08638469,-0.10599611,0.11761232,1,chr9:42852316:Peyers_patch:0,TP,1
-0.9086471,-1.0682954,-0.03713199,1.5831538,0.93849504,1.534274,-0.28365606,0.36778322,0.1277408,0.46088117,1,chr4:41214657:thoracic_aorta:0,FN,0
-2.1167805,0.38093898,0.46741703,0.8960038,-0.29932284,0.8429093,0.050743863,-0.11285173,0.24180178,-0.8656738,0,chr9:114397696:prostate_gland:0,TN,0
-2.7469196,0.51924545,0.07625872,1.2178428,-0.26124907,-0.44824803,0.28154868,0.03306775,-0.025359489,-0.10830309,1,chr7:91940814:gastroesophageal_sphincter:0,FN,0
-2.4987805,-1.8963263,0.25538015,-0.87335,0.13874365,-0.73253185,-0.0035948807,-0.3382252,0.13109477,-0.3763005,0,chr1:229154377:body_of_pancreas:0,TN,0
-2.7664762,0.55255216,0.6922484,1.5788075,-0.81650734,-0.7654817,0.010088967,-0.04213134,0.03462065,-0.3592552,0,chr19:15125650:tibial_artery:0,TN,0
-2.9681814,1.0881667,-0.9321797,0.00040123807,-0.3807346,-0.15498018,-0.37239537,0.07697076,-0.00971608,0.050678283,1,chr6:82252284:prostate_gland:1,FN,0
-1.6181718,-1.0706071,-1.702719,-0.39659348,-0.008310488,0.97137135,-0.064632624,-0.066647455,0.08785974,-0.23102951,0,chr4:148845977:body_of_pancreas:0,TN,0
-3.1479294,0.20180611,-0.48473814,-0.26408175,0.260349,0.121044114,-0.59286094,-0.21955971,-0.2818976,-0.32412383,0,chr2:20452905:esophagus_muscularis_mucosa:0,TN,0
-2.252762,-0.005568763,1.1636276,-1.2309881,0.26299772,0.032805573,-0.12575635,-0.3546767,-0.12954497,0.16876906,1,chr5:35717910:testis:0,FN,0
-0.72776467,-0.27337682,-1.5425826,-0.070559084,0.10465087,-0.072879255,0.83919376,0.05427531,-0.16195445,0.56227136,0,chr20:17965942:transverse_colon:0,TN,0
-3.3642554,1.8316032,0.5958367,-0.072417356,-0.19911177,-0.35988668,-1.4341244,0.00021575273,-0.45519125,-0.031399325,0,chr1:31423083:spleen:0,TN,0
-1.0282705,2.3698707,0.9183639,-1.0655689,-0.23166089,0.45920578,0.44953856,-0.027164273,-0.2176289,0.56700116,0,chr2:88951719:body_of_pancreas:0,TN,0
5.600387,0.72775555,-0.59256643,0.37447733,0.19975728,-0.15029947,-0.6375009,-0.54793704,-0.20083058,0.2350817,1,chr14:36662855:tibial_nerve:0,TP,1
-1.400969,1.803544,-0.10426499,-0.7935003,0.6082561,1.2488501,-0.65014476,0.49834186,-1.1507347,0.2530462,0,chr2:208133048:body_of_pancreas:0,TN,0
5.8866916,0.9172374,-0.60372466,0.2600479,-0.03346847,-1.1330938,0.094044246,0.15555246,0.6952608,-0.047029514,1,chr17:22909996:thoracic_aorta:0,TP,1
-1.6377286,0.029178325,1.1831068,0.80687827,1.0424117,0.14737405,-0.056166817,0.6112274,-0.7854348,-0.14515452,1,chr4:80202223:body_of_pancreas:0,FN,0
-1.7888886,-2.3269444,1.5963258,-0.71455514,-0.086490184,-0.36165223,-0.49691665,-0.4820354,-0.12529196,-0.25904238,0,chr2:233098726:thoracic_aorta:0,TN,0
-2.8956294,-0.3131264,-0.739255,0.023587244,-0.19079654,-0.04657262,-0.20952865,0.36554086,0.13713111,-0.29674256,0,chr12:72346202:spleen:0,TN,0
-2.2738914,-0.28125396,-1.4391085,-0.25265133,0.037936147,-0.26246682,0.43160203,0.0036038288,0.23905736,-0.12189375,0,chr9:571961:body_of_pancreas:0,TN,0
-1.8744844,0.37829366,1.4292095,1.4748439,-0.4590299,0.13880886,-0.044067465,-0.08486099,0.2671836,-0.39025253,0,chr9:35096636:spleen:0,TN,0
-3.276338,0.7607489,0.18278217,0.6232039,-0.64844906,-0.05298863,-0.76129514,-0.2601532,0.28733736,-0.20189404,0,chr10:29449249:thyroid_gland:0,TN,0
-3.1410832,0.14548482,-0.28256184,0.12510745,-0.4785287,-0.2805751,-0.5882113,-0.2355163,0.1505358,0.11572069,0,chr1:201878136:gastrocnemius_medialis:0,TN,0
4.271927,-0.009903583,0.50685155,0.31760404,0.87600744,1.3523457,-0.13417007,-1.0995494,-0.16740449,-0.14465488,1,chr8:41651698:adrenal_gland:0,TP,1
3.0239398,-1.7509673,0.6929627,-1.5931885,-1.6087259,-0.349907,0.8730049,0.323509,0.040016476,-0.7708108,0,chr6:33049449:body_of_pancreas:0,FP,1
-2.8352685,-1.1255423,-0.42891917,0.3195438,0.41164252,-0.32253286,-0.18306676,0.3373771,0.118757285,0.12799016,1,chr11:44617033:gastrocnemius_medialis:0,FN,0
-1.465607,0.5014426,2.5492444,1.8647875,-0.0011648814,-0.45588124,-0.3351079,0.2231191,0.042472307,-0.13048536,0,chr18:13217897:esophagus_muscularis_mucosa:0,TN,0
5.6966147,-0.03778113,-0.10994386,0.40118867,-0.6551944,-0.29621333,-0.076296434,-0.13195717,-0.19080019,0.23205818,1,chr3:75723596:esophagus_squamous_epithelium:0,TP,1
-2.5534878,-0.06543482,-1.2477089,-0.24312046,0.1795217,-0.551441,0.1659236,-0.014991751,0.05835246,-0.05503113,0,chr15:62142956:body_of_pancreas:0,TN,0
-3.0467527,0.784307,-0.95261484,-0.2387164,-0.12420005,-0.42178148,-0.6416028,-0.19744629,-0.10109558,0.091809645,0,chr12:66270210:esophagus_muscularis_mucosa:0,TN,0
0.40795603,-3.1692798,-1.2536184,-0.46531534,0.18882549,0.4443609,0.3449661,1.1322856,-0.08680649,0.16905415,0,chr6:150418704:spleen:0,TN,0
-2.2574666,-1.3839593,0.9537172,0.35866112,-0.07775951,-0.72072506,0.6744698,0.12800601,0.012277976,-0.2951708,0,chr7:5898694:adrenal_gland:0,TN,0
-1.311292,0.5975631,0.81810087,-1.6418033,-0.3812274,-0.37154213,0.7380543,0.05348755,-0.35405254,-0.28474393,0,chr15:20318492:gastrocnemius_medialis:0,TN,0
-2.721156,0.14952953,-0.6133545,0.558653,0.29323262,0.48157477,-0.37457326,-0.1569653,-0.05950948,0.046242807,0,chr5:96807231:transverse_colon:0,TN,0
3.4518018,-0.31952566,0.43481523,-1.2827358,-0.64460456,0.31793052,1.1197656,1.0092541,-0.33229673,-0.78392965,0,chr13:79497794:thoracic_aorta:0,FP,1
-1.6357099,-0.8389332,-0.69746095,-0.6607977,-0.5356819,-0.12052591,0.44261125,-0.558278,0.79012436,-0.7256407,0,chr1:203339672:gastroesophageal_sphincter:0,TN,0
-2.3284295,-1.2401451,-0.15253371,-1.0755138,-0.03428099,0.2966174,-0.13263737,-0.5675583,0.26720205,0.25198913,0,chr11:114161288:prostate_gland:0,TN,0
-2.4978836,-0.7821403,-1.1204859,0.2920926,0.020548059,-0.5517305,-0.012070343,0.035422727,0.087320186,-0.008347811,1,chr6:131199853:prostate_gland:1,FN,0
2.733838,-0.5647559,2.2557387,1.0186372,1.4244633,0.6022444,0.19478562,-0.5585443,0.111847065,0.12917052,1,chr9:33167269:upper_lobe_of_left_lung:0,TP,1
-1.7598512,1.3540204,0.5054478,-0.70210814,-0.7084138,0.5100523,0.3060914,0.5194149,-0.35477698,0.53266627,0,chr5:79238863:body_of_pancreas:0,TN,0
-1.4127122,-0.1853446,-1.648938,0.12564288,0.0033960715,-0.13994975,0.53686774,0.04781731,-0.19021112,-0.12610869,0,chr14:54652076:gastroesophageal_sphincter:0,TN,0
-2.8963294,0.55377054,0.538729,1.2863237,-0.67828286,-0.89593,-0.13801993,-0.14266917,0.05908615,-0.456053,0,chr19:54200851:Peyers_patch:0,TN,0
-2.9832194,1.6868328,0.13286012,1.0426114,-0.413902,-0.6935027,-0.17306654,-0.12399261,0.04519997,-0.19940996,1,chr9:97633155:esophagus_squamous_epithelium:0,FN,0
5.9661183,0.1358628,-0.15352558,0.33107737,0.43530646,-0.14924666,-0.30516493,-0.44753107,0.347443,0.23645774,1,chr4:1752766:transverse_colon:0,TP,1
3.155658,-1.2633679,0.5258815,-0.5051543,-0.46877506,0.0124218855,-0.7086034,0.77011,-0.36262769,-0.658137,1,chr12:129503996:body_of_pancreas:0,TP,1
3.5480363,-1.8144004,0.72060883,0.53377753,0.32366765,0.46040028,0.04307841,1.3754543,-0.86965317,0.014507026,1,chr19:36838128:sigmoid_colon:0,TP,1
5.780372,1.2655287,-0.68748444,0.25490716,-0.06897395,-1.166041,0.03862278,0.18670452,0.80471724,-0.0056111086,1,chr17:23044492:tibial_artery:0,TP,1
-1.5173136,0.7913027,0.48592404,-0.912523,-1.1654991,0.15584421,-0.08132848,-0.29216444,-0.30194908,-0.7827628,1,chr11:85826144:sigmoid_colon:0,FN,0
-2.8507738,-0.09456054,-0.22017531,0.5839935,0.35608268,0.2077199,-0.42374018,-0.2652468,0.39027148,-0.21109098,0,chr8:6863879:body_of_pancreas:0,TN,0
-1.6978984,-0.9466228,-1.4790351,-0.1859779,-0.053153247,0.2021611,0.24843873,0.008851771,0.27099714,0.007655369,0,chr3:107680314:thoracic_aorta:0,TN,0
-2.0674763,0.021384273,-1.2110639,0.16467606,0.13619763,0.26553416,0.100623704,-0.185079,-0.1253328,0.0513529,1,chr8:38863037:tibial_nerve:0,FN,0
-3.1912365,0.0277027,-0.06944381,0.25785258,-0.26191568,-0.4458656,-0.6453918,0.07825507,-0.060183972,-0.27006686,1,chr2:172465936:Peyers_patch:0,FN,0
6.022444,0.29236466,-0.72944057,0.291497,-0.3574154,-0.60806704,-0.20639975,-0.37994516,0.11924362,0.24232112,1,chr7:142463889:body_of_pancreas:0,TP,1
0.11261574,2.0880573,0.96906,-0.4942301,-0.8328052,1.4688,-0.28663185,-0.5283871,0.2673091,0.82823074,0,chr5:42909187:esophagus_muscularis_mucosa:0,TN,0
-2.5497746,1.4259393,0.064709455,0.22315174,-0.114333235,0.07641753,-0.15569733,0.30415317,0.030548846,0.20066182,1,chr21:37712460:suprapubic_skin:0,FN,0
5.9675264,0.18625289,-0.60018975,0.54831797,0.2032914,-0.17618442,-0.32287297,-0.09901829,-0.13395576,0.4156172,1,chr15:79896760:tibial_nerve:0,TP,1
-2.0403693,-0.0559026,0.10641524,1.7626418,-0.26051015,-0.20161133,0.7597042,0.09130985,0.0832694,-0.088779375,0,chr4:86892075:body_of_pancreas:0,TN,0
-3.0440526,-0.6051444,-0.40583768,0.51717067,-0.09334843,-0.63968605,-0.21073176,-0.13825724,0.07036716,-0.66380674,1,chr11:1652791:gastrocnemius_medialis:0,FN,0
-2.7066545,-2.447743,0.63306904,-1.015773,-0.3245436,-0.7089905,-0.4450449,-0.67084235,0.07363816,0.10187125,0,chr5:75050124:thoracic_aorta:0,TN,0
5.298218,-0.41276622,-0.42113188,-0.1380804,-0.3633999,-0.1416097,-0.51597416,-0.017333668,0.17589329,0.39175445,1,chr11:60251676:prostate_gland:1,TP,1
-2.1360972,0.3869386,0.266243,1.6877751,0.6120417,0.13565542,0.16336921,0.16775064,-0.12673949,0.052929338,0,chr11:569029:upper_lobe_of_left_lung:0,TN,0
5.8047485,0.2243539,-0.45744038,0.038721465,-0.17899825,-0.8296805,0.4885713,-0.19897267,0.27801502,0.26390967,1,chr9:62609408:esophagus_squamous_epithelium:0,TP,1
-3.1973689,2.2374203,-0.08125572,0.3171976,-0.5183319,-0.30168155,-0.8985089,-0.296894,-0.21926765,0.18495221,1,chr20:56171080:upper_lobe_of_left_lung:0,FN,0
-2.7160594,0.1422048,-0.7519125,0.021220881,0.25742227,-0.5847625,0.14603387,0.29076102,-0.2788121,-0.24491967,1,chr4:119212065:thoracic_aorta:0,FN,0
-3.1618965,0.8958983,0.24087213,0.15194453,-1.1507082,-0.18912943,-0.81332123,-0.33283675,0.19378552,-0.13308734,0,chr8:10838800:tibial_artery:0,TN,0
5.5224547,-0.3306181,-0.5867497,-0.05076059,-0.34537986,-0.30757633,-0.45804146,0.0068527814,0.13849899,0.35945767,1,chr11:60251676:sigmoid_colon:0,TP,1
-2.9539075,-2.1445732,-0.060662292,-0.52389455,-0.5537825,-0.4527948,-0.6060652,-0.28471747,0.12570126,-0.25627255,0,chr4:119490751:Peyers_patch:0,TN,0
1.9227345,-3.53727,0.69169086,0.2028421,-0.57543945,1.1417686,-1.2320496,0.44083092,0.56911325,0.8980311,0,chr3:197510147:tibial_artery:1,FP,1
6.0518694,0.4066831,-0.36839238,0.30541506,0.2342074,-0.47789302,-0.10926941,-0.44270444,-0.035886265,-0.32233685,1,chr12:121918386:gastrocnemius_medialis:0,TP,1
-2.3063211,0.50995314,0.4406617,-1.6121505,0.51547676,-0.42336202,0.37326887,0.23994787,-0.32596144,1.083357,0,chr8:124392434:body_of_pancreas:0,TN,0
1.6976988,-2.2758648,2.0096102,-0.5110784,1.5621368,0.5482825,-0.060096603,-1.3754847,0.097953245,-0.32395163,1,chr8:41651698:spleen:1,TP,1
-3.0720859,-1.657869,0.40410817,0.09655787,0.22262476,-1.3727705,-0.26322487,-0.038741793,0.0264627,0.44868124,0,chr2:232440415:adrenal_gland:0,TN,0
-2.901838,-0.20923774,0.5751779,0.9849301,-0.01178409,-0.7179062,-0.058225457,-0.041954882,0.0154040735,-0.13809335,1,chr4:41216758:suprapubic_skin:0,FN,0
-1.5225135,-1.6059493,-0.36676148,-1.2796617,-0.7702783,0.6484972,0.07876988,0.25233626,0.046082776,-0.76908046,1,chr6:43386692:body_of_pancreas:1,FN,0
-0.09518279,-4.327295,0.40109533,-0.0004318775,-2.2887094,0.99767315,-1.36697,0.9858786,0.86565346,0.43053022,0,chr19:43104227:upper_lobe_of_left_lung:0,TN,0
-2.9658074,-1.1537061,-0.60729796,-0.895316,-0.067263976,-0.61461127,-0.4420436,-0.15251905,-0.21254584,0.087036416,0,chr13:48584740:body_of_pancreas:0,TN,0
-2.9744456,-0.34449437,-0.43385562,0.2556413,0.04377241,-0.026773464,-0.2893797,-0.3768955,0.09458746,0.034453906,1,chr17:45099253:tibial_nerve:0,FN,0
-2.0343945,-1.9109178,-0.45643637,-1.0495448,-0.73853403,-0.22392449,0.14551881,-0.10602004,0.08377064,-0.13740645,1,chr20:53656240:sigmoid_colon:0,FN,0
5.7425547,-0.13642818,-0.5962503,0.5177212,-0.4361921,-0.23144247,-0.15810795,-0.33812886,-0.101055615,0.35203007,1,chr20:26208998:upper_lobe_of_left_lung:0,TP,1
5.6524878,0.9205135,-0.5152747,0.33329445,-0.51638675,-0.3423431,0.11832856,-0.07293171,-0.64442205,0.21987909,1,chr10:96641123:transverse_colon:1,TP,1
-2.675481,0.60377043,-1.0070591,-0.1463681,0.3489211,-0.62553364,0.18326661,-0.09949723,-0.025144858,0.2274924,1,chr6:32622456:esophagus_squamous_epithelium:0,FN,0
-3.2204278,1.0122602,0.62557256,0.12902305,-0.6166977,-0.3410339,-1.3869618,-0.17129877,-0.41124472,0.07978722,0,chr19:2391652:esophagus_squamous_epithelium:0,TN,0
-2.99297,-0.77372426,-0.22753099,0.6636512,-0.032375652,-0.5073975,-0.22189705,-0.10398631,0.0098400265,-0.570389,1,chr11:1652791:gastroesophageal_sphincter:0,FN,0
-1.5316992,-0.9271259,-0.18787041,1.1278505,0.5083381,0.49721608,0.38260514,0.67946714,-0.6204649,-0.48526013,1,chr6:169655219:upper_lobe_of_left_lung:0,FN,0
-2.3898005,1.0804484,-1.1929134,-0.51595867,-0.22003004,0.27024457,0.54574376,-0.5210422,0.27990416,-0.405987,0,chr6:134822829:gastrocnemius_medialis:0,TN,0
-2.4999032,0.26067048,-0.41718802,-0.104169495,1.1323444,0.10378105,-0.24205293,0.073353834,0.11254837,0.09616095,0,chr6:110040130:spleen:0,TN,0
-1.4860802,1.2046478,0.39614454,-1.1388946,0.022174463,0.04539579,-0.04663086,-0.38107422,-0.31365415,0.19757831,1,chr14:19633120:gastroesophageal_sphincter:0,FN,0
-2.4335139,0.81948924,0.919758,-0.47281778,-0.43875074,0.43523756,-0.7174443,0.12561762,-0.21292502,0.26345974,0,chr9:6585116:prostate_gland:0,TN,0
-3.0822556,0.7381938,-0.8725864,0.34875,0.026537562,-0.4039033,-0.3271825,-0.10062969,0.015500565,0.05609702,0,chr2:113288980:upper_lobe_of_left_lung:0,TN,0
-2.5099807,0.058705132,-0.32973272,-0.4256978,0.13523383,-0.32833025,0.0048689516,0.15754041,0.0052036373,0.068275794,0,chr1:207065073:upper_lobe_of_left_lung:0,TN,0
1.6617521,3.0869741,-0.0070535317,-0.9919902,0.19249332,-0.32430044,-0.26366308,1.2611928,1.1188492,0.30118096,1,chr2:93976867:transverse_colon:0,TP,1
5.7129054,0.47934467,-0.40867186,0.10113393,-0.75897473,-0.6052116,0.30155697,0.21281438,-0.8269654,-0.2428339,1,chr10:96641123:spleen:1,TP,1
-1.3489741,-1.111894,-0.032769464,-0.57397914,0.20409544,-0.16896537,1.1571449,-0.6445774,0.114113934,0.8754493,0,chr10:29517575:spleen:0,TN,0
-2.4721982,1.4096136,-0.021438228,-0.9310038,-0.13605899,0.46112403,0.036607094,-0.44053477,0.10648706,0.32455385,0,chr7:76299979:body_of_pancreas:0,TN,0
-0.34752047,-2.2032099,1.5200939,-0.68686277,1.8159039,0.2731297,-0.01054059,-1.1062939,-0.39780048,-0.2719743,1,chr8:41651698:thoracic_aorta:1,FN,0
3.1198356,1.2684805,0.89790046,-1.1120814,0.093668886,0.6628899,0.06996091,0.20190552,-0.45014867,-0.19189651,0,chr12:121711004:body_of_pancreas:0,FP,1
5.898999,0.59072524,0.00018630973,0.110489786,0.6614645,-0.26661465,-0.088751644,-0.2688835,-0.37068048,-0.8121949,0,chr9:42974893:transverse_colon:1,FP,1
-2.7694511,0.53960633,-0.60922486,0.13666295,0.56454813,-0.13246308,0.10486378,-0.006507876,0.16161619,-0.2729702,1,chr5:308944:prostate_gland:0,FN,0
4.968813,1.357888,-0.08964932,-0.07386049,-0.35084647,-0.011410278,0.8324763,-0.1975705,-0.08820107,-0.062393628,1,chr12:127060663:transverse_colon:0,TP,1
-2.4762664,0.9019591,-1.3356419,0.4969238,0.30270758,0.6246209,-0.09222088,-0.23625967,0.2311934,0.1270802,0,chr21:31866487:spleen:0,TN,0
1.4748732,-2.2241619,-0.16405183,-0.56561446,-0.5310841,-0.15928242,1.8115386,-0.11228821,0.49626872,-0.4592937,1,chr6:53956277:adrenal_gland:0,TP,1
-2.1898847,0.35704193,1.7427646,1.2419136,-0.11218015,0.383609,-1.2167157,0.08144646,0.03789484,0.14669037,0,chr2:74465519:upper_lobe_of_left_lung:0,TN,0
-2.8783185,0.38794985,0.79034245,1.3912168,-1.0929677,-0.5113449,-0.3070888,-0.07898985,0.27729142,-0.5378046,0,chr6:24721068:body_of_pancreas:0,TN,0
2.6423907,0.6925996,0.5834524,-2.0926585,0.20350902,-0.72076625,0.12793866,0.3901294,1.0597667,0.070528895,1,chr12:36028102:testis:0,TP,1
-0.82391727,-0.43410072,-1.5455887,0.07890774,-0.05014283,0.18061006,0.92989475,0.28415826,0.037134998,0.04778516,0,chr15:21284673:tibial_artery:0,TN,0
5.9188504,0.24174638,-0.18813221,0.06530965,0.540094,-0.23207548,-0.12469198,-0.71104366,-0.023693174,-0.5654001,1,chr6:29705705:sigmoid_colon:0,TP,1
-1.9028326,1.0292802,1.1163862,1.6806803,0.2815137,0.39747313,0.09334275,0.0101207495,0.032614917,0.16293651,1,chr16:1773442:body_of_pancreas:0,FN,0
-1.5573329,-0.5489132,-1.1398346,-0.11543943,0.9414029,0.2998972,0.47340515,0.07762363,0.16980402,0.22806872,0,chr14:106062065:sigmoid_colon:0,TN,0
-2.3484213,0.7528199,-0.82966214,0.7689989,0.57806164,0.7393562,-0.22606678,0.20369868,0.09021598,0.1098806,0,chr20:34537135:Peyers_patch:0,TN,0
-2.2098548,0.047148317,-0.0273129,-0.66892207,1.1960133,-0.39606637,-0.011940694,-0.18248142,0.073751025,-0.12474612,1,chr15:31200859:adrenal_gland:0,FN,0
-1.0662357,-3.1896358,0.99902356,-2.0993524,-1.0328361,-0.45204014,-0.15776369,-0.116467774,-0.56131,-1.2851274,1,chr5:123274158:gastroesophageal_sphincter:0,FN,0
-2.510492,0.43127826,-0.41448274,0.83536345,0.2446813,-0.75928724,0.19804773,0.21488231,-0.07329409,-0.023978353,0,chr19:41564934:upper_lobe_of_left_lung:0,TN,0
-2.4206076,1.4762417,1.08773,1.5439682,-1.2206614,-0.69755125,0.09975915,-0.21910112,0.11864794,-0.5274411,1,chr10:84139494:tibial_artery:0,FN,0
-1.5544012,0.17688924,0.88769335,1.577825,0.11556373,0.55768514,0.5735139,0.48250806,-0.68632287,-0.2046174,0,chr16:14302579:upper_lobe_of_left_lung:0,TN,0
2.5758502,-1.5725969,2.041013,-1.2583897,-0.19713463,-1.1990206,-0.4576308,0.3008092,0.67226714,-0.44544706,0,chr9:43171156:spleen:0,FP,1
5.595885,0.023720693,-0.4948227,0.39889032,-0.396763,-0.14983268,-0.10669579,0.29602575,-0.55176777,-0.14957824,1,chr17:43360096:testis:0,TP,1
-2.270848,0.72278947,-0.34908766,-1.1920257,-0.1144648,-0.53173816,-0.2223305,-0.6232103,0.12782246,0.086426765,0,chr8:73657304:prostate_gland:0,TN,0
1.5919906,0.11386973,1.6614339,-1.4376309,0.09406401,-1.2046416,-0.94862396,0.9883069,0.5890902,0.38215762,1,chr3:92379347:transverse_colon:0,TP,1
-2.54655,-1.465487,-1.0357392,0.036490448,-0.31550217,0.14839855,-0.47466752,0.31220368,0.08140249,-0.04869941,0,chr18:58181020:gastroesophageal_sphincter:0,TN,0
5.3085866,0.2021034,-0.30979964,-0.36430568,0.6562921,-0.30899826,0.040556937,0.50788075,-1.5563806,-0.22705647,1,chr15:77077965:gastrocnemius_medialis:0,TP,1
-1.0567485,-1.1245475,0.3858113,-0.1472396,0.98834497,0.5011185,-0.23752229,-0.027971743,-0.52602804,-0.3800767,0,chr5:138352584:esophagus_squamous_epithelium:0,TN,0
0.11567069,-0.94369256,-0.4975582,-1.0927125,-0.22526155,0.68724465,-0.46459326,0.75575966,0.20944192,-0.2228182,0,chr15:65304945:upper_lobe_of_left_lung:0,TN,0
5.342021,0.0017548222,-0.2123108,0.19222328,-0.4636754,-0.45150718,0.52564853,0.5586012,-1.5332404,-0.060255896,1,chr1:91927192:adrenal_gland:0,TP,1
-0.9071851,-0.7681532,-1.0485072,-0.13884379,0.14905721,0.5020366,0.8640923,0.16212873,0.034515038,-0.46607202,0,chr9:83372621:body_of_pancreas:0,TN,0
1.4974372,-1.4112631,-0.21905966,-0.05565198,-1.5599552,0.2942288,1.1780419,-0.9646222,0.5774308,-0.41294485,1,chr9:83219701:body_of_pancreas:0,TP,1
5.569426,1.4709125,0.15760928,-0.56638885,0.13417147,-0.38733426,0.19576162,-0.554822,0.57339615,-0.59211165,1,chr14:30690707:transverse_colon:1,TP,1
-2.2850869,0.7123611,1.3678619,2.069347,-0.24762124,-0.687562,0.26027164,-0.009813626,0.061988022,0.10171193,0,chr7:1138328:esophagus_muscularis_mucosa:0,TN,0
-0.6791123,0.3677985,0.7821185,0.23194177,-0.39976227,0.16458914,0.34941435,0.20988841,-0.35457495,-0.2988771,0,chr10:87203579:omental_fat_pad:0,TN,0
-2.396124,-1.0934889,-0.34603447,0.7589531,-0.3452189,0.9063207,-0.43431193,0.2448657,0.47539806,-0.63237983,0,chr1:16741094:upper_lobe_of_left_lung:0,TN,0
4.644716,1.1737325,0.32052174,0.67723686,0.86725414,0.41512656,-0.069935866,-0.8431133,-0.22911228,-0.33650348,1,chr9:129437413:body_of_pancreas:0,TP,1
-1.7627523,0.43786892,1.5694623,1.5112493,0.150254,-0.53687495,0.3128627,0.019962115,-0.50438154,0.120715715,1,chr8:28701937:tibial_nerve:0,FN,0
5.9721594,0.6854449,-0.23832488,0.26419413,0.7095869,-0.22174893,-0.25636533,-0.77016383,0.10406283,-0.33048096,1,chr19:1037869:thoracic_aorta:0,TP,1
0.7368174,-0.052965768,1.1310333,-0.05865496,-0.14487454,1.2474742,0.96197975,0.20085527,0.07860765,0.117770925,1,chr16:2874817:Peyers_patch:0,TP,1
-3.3125563,-0.131047,0.029588463,-0.038929887,0.12549081,-0.6839767,-1.082189,0.024741702,-0.1872477,-0.12398156,1,chr10:14543432:tibial_artery:0,FN,0
-2.5939617,1.0750548,-1.0017322,-0.28952807,-0.15139982,0.13187832,-0.028808603,-0.08080185,-0.31641582,-0.051934227,1,chr16:75402814:body_of_pancreas:0,FN,0
4.1533527,1.5478384,-0.106803715,0.40845957,-0.5267105,0.102801725,0.8995262,0.75167507,-1.383997,0.2994292,1,chr7:73725711:gastrocnemius_medialis:0,TP,1
-3.1456447,-0.09707374,-0.26416898,0.26473367,-0.6336518,0.121061414,-0.57760316,0.1381715,0.060731906,-0.52888376,0,chr14:69818942:esophagus_squamous_epithelium:0,TN,0
-3.0294225,0.9610177,0.015329288,-0.9847845,0.062780686,0.10560905,-0.74450105,-0.3462922,0.0888983,0.20579615,1,chr2:180255876:body_of_pancreas:0,FN,0
5.7980676,1.0741302,-0.66246325,0.19722876,-0.11523981,-1.1819416,0.055250403,0.11470575,0.79331356,-0.06859673,1,chr17:23044492:thyroid_gland:0,TP,1
-1.5579439,2.2360272,0.35259885,-1.8237667,0.28370717,-0.19587907,0.26249695,0.47347185,0.120643996,0.17051208,0,chr6:79693099:body_of_pancreas:0,TN,0
-3.218413,2.32722,0.5207487,0.3981974,-0.48527637,-0.20477626,-0.8816775,0.11414116,-0.1236592,-0.24156004,0,chr7:4479690:upper_lobe_of_left_lung:0,TN,0
-2.419788,0.031089803,-0.79038095,-0.14091685,0.40737733,1.039498,-0.270438,-0.14146118,0.21202853,-0.27221107,0,chr2:71072083:upper_lobe_of_left_lung:0,TN,0
-2.6363256,-0.057820547,-1.3671118,-0.03217668,0.12966682,0.026131824,0.07251049,0.059647165,0.11141038,-0.50408113,0,chr4:104860777:thoracic_aorta:0,TN,0
-3.3273678,1.1158605,0.52586,-0.34557727,-0.3613833,-0.77739257,-1.4511957,0.013315302,-0.36269408,0.25629428,0,chr3:32144516:tibial_artery:0,TN,0
-1.6553581,1.3809443,1.2557627,1.8924857,-0.9749238,-0.122712314,0.24980362,0.08872481,0.1903002,-0.63763946,1,chr6:39725494:gastrocnemius_medialis:0,FN,0
-2.6716883,3.013789,0.17354466,-1.1908644,0.3434296,0.18402117,-0.5357096,0.0797121,-0.36690068,0.121598214,0,chr6:143818426:sigmoid_colon:0,TN,0
-2.5248718,0.87961054,1.2065498,-1.5210388,0.047875434,-0.08666344,-1.125815,-0.1405041,-0.24297163,-0.008126961,1,chr21:27759341:body_of_pancreas:0,FN,0
5.6917872,-0.24523503,0.25973126,-0.2647031,0.9538151,-0.27643093,-0.06149053,-0.8073265,0.23632248,-0.6370505,1,chr6:169968986:body_of_pancreas:0,TP,1
-3.0622747,-1.1562089,-0.064312965,0.112585254,0.3032577,-0.5874951,-0.25906825,0.11172242,-0.05909534,-0.1621472,0,chr5:32490176:thoracic_aorta:1,TN,0
4.994109,1.5626724,-0.3490362,0.08881205,-1.1920254,-0.17212653,0.28439125,-0.18032739,-0.4246719,0.06003757,1,chr18:39262464:body_of_pancreas:0,TP,1
2.7202995,1.5642319,0.91371685,-0.8055586,0.21054086,0.35342452,0.61247927,-0.3089554,-0.12276024,0.07641153,1,chr11:121379406:body_of_pancreas:0,TP,1
-1.3736212,-0.56695664,0.65410435,-0.83843404,-0.5108207,-0.45714375,1.1487355,0.5631565,0.04991446,0.3331894,1,chr2:38555382:Peyers_patch:0,FN,0
-2.5621576,-0.7526556,-0.08225657,0.39901125,0.24638481,-0.85820735,0.31891745,0.12879714,-0.28901944,0.077626444,0,chr10:17201351:prostate_gland:0,TN,0
-0.5989976,1.8227125,0.771235,-0.34550345,-0.5891273,0.6743608,0.9597576,0.50251484,-0.8838416,0.81569237,0,chr15:99104308:thoracic_aorta:0,TN,0
-2.4005098,1.1592152,0.9531472,2.0246012,-0.55537546,-0.5480205,0.123592,0.08662215,0.1388398,-0.43911994,0,chr14:77800247:esophagus_muscularis_mucosa:0,TN,0
3.994823,0.08224905,0.86260235,0.0345478,1.1989051,1.002768,-0.11420153,-1.2862285,0.06781238,-0.4266705,1,chr8:41651698:tibial_artery:1,TP,1
-2.8328495,-0.4935179,-0.4066245,0.3672575,-0.016727956,-0.7466684,-0.08971639,-0.24578823,-0.08147916,-0.5169881,1,chr11:1652791:tibial_nerve:0,FN,0
-1.5301961,1.1187801,-0.2240207,-0.69699794,-0.15392433,0.036815993,0.83075416,-0.39256057,-0.11946871,0.75427747,0,chr17:57597696:body_of_pancreas:0,TN,0
-2.4830334,1.4774259,0.4536177,-0.42416543,-0.071700804,0.7805107,-0.21446772,-0.23027122,-0.11748172,0.77357864,0,chr8:26291122:prostate_gland:0,TN,0
1.7735543,0.6755048,1.1220689,0.121849895,-0.36764398,1.1259698,-0.63656116,1.5616072,0.83520573,-0.83877665,1,chr19:21484173:body_of_pancreas:1,TP,1
-2.7017653,1.1622223,-0.32234532,-0.80944455,0.20045525,0.21826641,-0.28436497,0.33882743,-0.75823367,-0.06055326,0,chr10:59705954:body_of_pancreas:0,TN,0
2.943855,-1.1517597,1.3047217,-0.52542603,0.65920043,0.5709108,0.4844101,-0.9857172,-0.36798915,-0.70618623,0,chr19:3336819:adrenal_gland:0,FP,1
-2.3464127,0.9943013,1.724247,1.5502138,-0.22549382,-1.0748447,0.2167389,0.09038638,-0.18412375,-0.21070479,1,chr2:101253125:body_of_pancreas:0,FN,0
-1.8658224,-0.36764443,-0.22735777,1.3992784,-0.1144202,0.5103044,0.31304982,0.26213107,0.13300288,-0.4647102,0,chr12:46268701:transverse_colon:0,TN,0
-2.6769836,-0.54959494,0.32436454,0.5840809,0.72271645,-0.05083114,0.08204477,0.0032621403,-0.06371481,0.06935189,1,chr9:128922556:tibial_nerve:0,FN,0
1.3132815,-0.34312487,0.16683577,-0.6581778,-0.12642539,1.3866163,-0.3608553,-0.23048668,0.1568906,-0.4396948,0,chr9:70510308:transverse_colon:0,FP,1
-2.6880333,0.35272053,0.90915066,1.635862,-0.54356575,-0.8115521,0.113468185,-0.18277094,0.0048035285,-0.28116426,0,chr19:9435674:suprapubic_skin:0,TN,0
0.7414919,-0.6055783,1.5732722,1.9937339,0.3008628,1.4204932,-0.48253506,0.0832734,0.17101263,0.2477205,0,chr6:31271600:body_of_pancreas:0,TN,0
-1.6866444,0.31422698,0.2763808,1.6644353,0.2701329,-0.15584062,0.7380322,0.44843027,-0.02077502,-0.28699687,0,chr19:35717320:thoracic_aorta:0,TN,0
6.0218806,0.65905344,-0.6541531,0.27048662,-0.45419326,-0.87219995,0.069517784,-0.4598767,0.3412883,0.096630506,1,chr3:75785609:sigmoid_colon:0,TP,1
-2.639443,1.3603451,1.5101328,1.7295024,-0.8022782,-0.48946875,-0.53902954,-0.05474669,0.24505132,-0.4408131,0,chr22:50563002:omental_fat_pad:0,TN,0
-3.2538924,-0.69798946,-0.020963049,0.23208717,0.26000795,-1.0644505,-0.39362288,-0.022388248,-0.056403033,-0.055755313,0,chr17:21765869:body_of_pancreas:0,TN,0
-1.5082923,-0.6324644,-0.21165308,-0.46227357,1.2689282,0.2180076,0.32533732,0.021926532,-0.20221661,-0.0070185848,1,chr15:31200859:body_of_pancreas:0,FN,0
-2.0486217,-0.20201512,1.0220503,1.860701,-0.5851612,0.3827986,0.2148194,0.2811337,-0.1743364,-0.19163384,0,chr19:9914785:gastroesophageal_sphincter:0,TN,0
-3.069954,1.8916929,0.24434978,-0.46370274,0.27505326,-0.07149985,-0.8300985,-0.15717311,-0.34119934,0.22783007,0,chr5:122516551:body_of_pancreas:0,TN,0
6.00092,0.36648333,-0.3832496,0.30260947,0.35838735,-0.40150693,-0.17751253,-0.43479663,-0.0024605868,-0.46051553,1,chr12:121918386:prostate_gland:1,TP,1
-3.1341321,0.4317855,-0.34827012,0.21581773,0.34872636,-0.4218327,-0.21991947,-0.0758041,-0.038732756,0.10460599,0,chr19:15641086:Peyers_patch:0,TN,0
-2.1821887,-1.8902656,-0.3717916,0.14859213,0.014730094,-0.7820528,0.18198282,-0.64399755,0.20191795,-0.025263889,1,chr3:9862475:gastroesophageal_sphincter:0,FN,0
2.023662,-1.3275697,-0.1482051,-0.12146902,-1.813324,0.7183613,-0.4832856,-0.20050386,-0.024643727,-0.47751603,0,chr14:91286688:spleen:0,FP,1
-3.0618212,1.7422125,-0.5709788,-0.2717903,-0.604308,-0.113342874,-0.23197588,-0.01631415,0.011740274,-0.1438467,0,chr16:75402814:esophagus_muscularis_mucosa:0,TN,0
-1.7102094,-0.3733307,0.34074676,1.3495545,0.6687079,0.55750155,0.60041666,0.15567218,-0.24663396,0.064492196,1,chr9:33447548:transverse_colon:1,FN,0
1.0294019,-1.2535369,-0.76604277,-0.8912915,-1.3933817,0.53538394,0.11643747,0.27209836,0.4647202,-0.5663886,1,chr6:43386692:prostate_gland:0,TP,1
4.1775866,-1.8078249,-0.25242656,0.5758438,0.07421985,1.279961,-0.24121593,-0.3406501,0.56478447,0.5329992,1,chr19:47436804:prostate_gland:0,TP,1
-2.482546,0.4388124,0.397326,-0.34737867,0.30430895,-0.15094662,-0.06252388,0.004721941,-0.61398166,-0.5974425,1,chr16:21935488:esophagus_squamous_epithelium:0,FN,0
-2.9946017,0.683612,-0.7843391,-0.4941565,-0.3669643,-0.065977946,-0.8818396,0.14582825,0.015712792,-0.110479794,0,chr21:21374306:adrenal_gland:0,TN,0
-0.88985527,0.9636811,-0.07051931,-0.72835666,-0.5052791,1.4446629,-0.41544458,-0.06516951,-0.38325202,0.18613723,1,chr1:244014970:body_of_pancreas:0,FN,0
0.79893625,-1.982222,1.9177319,-2.1099372,0.11493099,-1.3303926,-0.6033801,1.6310853,0.49815595,0.1973309,1,chr2:93976867:spleen:0,FN,0
-2.225523,0.32627395,1.5222659,-1.6387265,-0.20428486,-0.57487756,-0.518332,0.42011145,-0.16385233,0.7280328,0,chr2:34554861:upper_lobe_of_left_lung:0,TN,0
-2.7128732,-1.3540746,-0.76999766,0.40859714,0.042383846,-0.771672,-0.039609693,0.01991535,-0.19379343,-0.018852156,1,chr6:131199853:spleen:0,FN,0
0.9720496,0.024580687,2.0490575,0.61246663,1.4560184,1.2352225,-0.1312209,-0.61493456,0.6881464,0.70468783,0,chr22:50278050:esophagus_squamous_epithelium:0,TN,0
2.1783397,0.19224268,0.354271,-0.92970943,-1.6937265,0.6797392,0.7548311,-0.9384027,-0.07425895,0.6202124,0,chr4:119300029:gastroesophageal_sphincter:0,FP,1
1.1268232,-1.5277193,0.17877768,0.18887566,-1.4284047,-0.31095225,0.23458914,-0.3582372,-0.0019549779,-0.7776528,1,chr1:15128695:esophagus_squamous_epithelium:0,TP,1
5.9863243,0.34736544,-0.17178032,0.23548558,0.48783377,-0.2564453,-0.08200908,-0.36456856,0.08700801,-0.13447532,1,chr17:45585364:prostate_gland:0,TP,1
-1.6123092,0.2572544,-0.42841983,-0.9438578,-0.31443128,0.10817696,-1.0566819,-0.26537478,-0.26123768,-0.6020616,1,chr19:8905403:body_of_pancreas:0,FN,0
-2.2558515,-0.10285294,-0.14125845,1.1598086,0.73749983,-0.33683762,0.16337952,0.11688917,-0.11395876,0.37586457,0,chr10:130190730:prostate_gland:0,TN,0
-1.4843866,0.98001903,2.0012581,2.1303158,-0.42079538,-0.587531,0.6322466,0.46780932,0.09165592,-0.26350024,0,chr15:64989852:upper_lobe_of_left_lung:0,TN,0
5.9845247,1.0813402,-0.12396721,0.375769,0.23967202,-0.4537545,-0.09548605,-0.7560792,0.122353576,-0.26013365,1,chr11:47642443:esophagus_squamous_epithelium:0,TP,1
-2.6335385,-0.14294244,0.19060932,0.32156605,-0.7809631,0.7240453,-1.347307,-0.15601382,0.4549891,-0.15693331,0,chr17:82494715:spleen:0,TN,0
-0.45482367,-3.886069,2.254854,-0.26743436,0.35994014,-0.4955714,-0.37087804,0.16739838,-0.09804884,-0.43269283,1,chr1:20575428:spleen:0,FN,0
-2.1087506,0.6476202,1.2943184,1.9717574,-0.9837269,-0.29669064,0.20826831,0.11460406,0.041191075,-0.54390854,1,chr6:39725494:transverse_colon:1,FN,0
4.578062,1.1598383,-0.14415579,0.31734997,-0.14591745,0.401466,-0.029115455,0.18649927,-1.1760437,0.31422105,1,chr17:79827402:body_of_pancreas:0,TP,1
-1.0618981,-0.83914554,-1.153683,0.156534,0.58333963,-0.121768914,0.66808,-0.09903523,-0.10155341,0.28807014,0,chr14:54840085:upper_lobe_of_left_lung:0,TN,0
6.0897346,0.8812593,-0.84363616,0.47914648,-0.30158025,-0.5891552,-0.001055194,-0.482544,0.07949725,0.2884225,0,chr9:129438019:transverse_colon:0,FP,1
5.216709,0.48819125,-0.22105561,0.5042017,-0.4432168,-0.27390364,0.46616364,0.694292,-1.6224139,0.009460886,1,chr1:91927306:adrenal_gland:0,TP,1
-3.3308747,1.1363882,0.41863555,0.5854529,-0.5138614,-0.73851603,-1.061668,-0.08714099,-0.083635636,-0.03640003,0,chr14:54903402:upper_lobe_of_left_lung:0,TN,0
-2.4149127,0.2912502,-1.256518,-0.2823403,0.43443313,-0.09571367,0.17949589,0.3693915,-0.0074052243,-0.051710308,0,chr6:148200365:body_of_pancreas:0,TN,0
-1.8110454,0.9739988,-1.9155488,-0.38187087,0.30298617,0.34715578,0.40800586,0.14529234,-0.21904033,0.041231744,0,chr12:19757428:esophagus_muscularis_mucosa:0,TN,0
-3.134233,0.5344597,0.042008024,0.90748185,0.11155743,-0.5727092,-0.3510615,-0.09745949,0.052338913,-0.099087834,1,chr10:124389232:prostate_gland:0,FN,0
5.0735064,1.3255341,0.15882137,0.41693202,0.62949955,0.11683053,-0.2251184,-0.99453366,-0.37229025,-0.35303232,1,chr9:129437413:upper_lobe_of_left_lung:0,TP,1
5.4998302,0.39114046,-0.29581842,0.3485873,-0.4511551,-0.3231187,0.05745999,-0.020893762,-0.82143605,0.05245964,1,chr10:96641123:body_of_pancreas:0,TP,1
0.8077726,-2.2550242,0.049602058,-1.4168814,-1.0845991,0.091174565,0.7527424,0.041378494,0.58857393,-0.23890132,1,chr6:43386692:spleen:0,TP,1
1.6386589,2.5229907,0.40635398,-0.78298545,0.06746107,-0.39992383,-0.25336233,1.2049625,0.9475264,0.3902092,1,chr2:92954336:testis:0,TP,1
-2.4899201,0.47862083,0.9396464,1.9181378,-0.7731407,-0.3807982,-0.1377744,-0.30031663,0.2169367,-0.11696328,0,chr13:48001155:prostate_gland:0,TN,0
5.8307223,1.0709485,-0.58323514,0.2667862,-0.063192464,-1.2232348,0.082454756,0.12885761,0.7835349,-0.12009002,1,chr17:23044492:spleen:0,TP,1
-0.13425581,1.3265891,0.49950084,-0.8850005,-0.58230346,1.2197869,-0.8867579,-0.43627807,0.19400373,-0.5609301,0,chr16:3131994:prostate_gland:0,TN,0
2.7189465,-0.04749799,1.1934066,-1.5531086,-0.9496882,0.45318773,0.62486744,-0.42223418,-0.6666608,-0.771251,1,chr8:30230823:transverse_colon:0,TP,1
1.6334788,-1.2739961,1.3084552,1.1052583,1.0218763,1.3737022,-0.29939693,0.7666513,0.28088483,-0.28773367,1,chr14:94129651:transverse_colon:0,TP,1
3.570756,0.8739072,0.6461707,-0.78300697,-1.1500691,0.9467178,0.8285412,1.3860042,1.0703384,-0.28531882,1,chr12:48753691:thoracic_aorta:0,TP,1
-3.1564078,0.45556626,0.9805185,-0.91394264,-0.2229654,-0.14780132,-0.71779114,-0.42971766,-0.28561112,0.2920436,0,chr10:95539608:thoracic_aorta:0,TN,0
-2.640925,-0.53981483,-1.1837635,-0.043668345,0.19922909,-0.6198251,-0.44428423,0.03775779,-0.09975017,-0.07007496,1,chr9:127348292:body_of_pancreas:0,FN,0
-3.0849285,1.1231815,-0.07557863,0.74202025,-0.52225596,0.049946718,-0.5075254,-0.26816362,0.2964196,-0.25433084,0,chr10:29449249:Peyers_patch:0,TN,0
2.348904,1.9150387,0.590571,-1.36796,-0.6338691,1.0862435,1.2613878,-0.74831665,0.04349285,-0.8307742,1,chr8:133011242:thoracic_aorta:0,TP,1
-0.08184945,-2.6959386,0.21170352,-0.037688658,-2.2918515,0.7741079,-0.5955925,0.6181334,0.19226372,-0.051814687,0,chr7:48425047:transverse_colon:0,TN,0
-2.9641414,-0.56810266,0.1527142,0.6362391,-0.3236394,-0.5214086,0.108296804,0.18556522,-0.11564725,-0.37286046,1,chr10:43667432:tibial_artery:0,FN,0
-2.6016788,-0.637756,-0.82511455,-0.24919051,0.35340264,-0.0037464206,0.12146994,-0.08745306,-0.20228375,-0.22476812,0,chr11:16987057:transverse_colon:0,TN,0
-2.4379668,-0.49200445,-0.5132856,0.1416815,-0.40683392,0.37478197,-0.4106515,0.47866836,0.10898353,-0.27429986,0,chr11:71580443:tibial_artery:0,TN,0
2.2906766,-2.8931682,-0.36913872,0.51057506,-0.28201345,1.9516896,-1.1110314,0.55739814,0.23981555,0.34897074,0,chr22:28009558:esophagus_squamous_epithelium:0,FP,1
-2.5097666,-0.3367583,0.24446113,1.4124972,-0.12551574,-0.6013449,0.45754573,-0.028895495,0.269345,-0.20703968,0,chr2:176002027:tibial_nerve:0,TN,0
-2.6099956,-0.37873417,-0.70425487,0.018458294,0.29700252,-0.388876,0.21489877,0.1939739,0.09836497,-0.03507074,0,chr10:102596601:prostate_gland:0,TN,0
-2.9017613,0.09337887,-0.67056346,0.4671484,0.6200712,0.07970014,-0.29452962,-0.3020224,-0.030670822,-0.0123974485,1,chr20:60481496:upper_lobe_of_left_lung:0,FN,0
-0.26534846,-0.5093221,1.7931865,-2.3109114,0.91871065,-1.0878611,-0.7474669,0.51104933,0.47339115,1.1348429,0,chr7:25603388:tibial_artery:0,TN,0
-1.5396957,-0.4574569,-1.4878635,0.04032479,-0.2729258,0.17546897,0.56070095,0.2875782,0.2331291,-0.3416824,1,chr15:33735817:esophagus_squamous_epithelium:0,FN,0
-2.8643224,1.2474527,0.9984736,1.4477531,-0.2676221,-0.38200074,-0.2610916,-0.17088586,-0.012523986,-0.47323096,1,chr14:59576853:body_of_pancreas:0,FN,0
4.861017,0.49633828,0.27847946,0.055207197,1.0836369,1.1764979,-0.201013,-1.1958226,0.0023759936,-0.2779667,1,chr8:41651698:Peyers_patch:0,TP,1
5.2525873,2.4969144,-0.5661447,-0.21966365,0.43689916,-0.83963114,0.035878558,0.5426412,1.3401408,-0.1686988,1,chr17:25579422:sigmoid_colon:0,TP,1
-3.1326053,1.1954037,-0.74691087,0.15885729,-0.38873297,-0.11556234,-0.842024,0.012849203,-0.16007411,-5.4044023e-05,0,chr8:140831477:body_of_pancreas:0,TN,0
-2.4013274,0.41798976,-0.020648932,-0.6960795,-0.64683044,-0.083444126,-0.5762978,-0.30607492,0.23140837,-0.1445047,0,chr16:75385474:transverse_colon:0,TN,0
-2.4450448,-0.071290486,-0.32885784,0.6648896,0.25273365,0.8592566,-0.22065453,-0.10049277,-0.06646275,-0.33404753,0,chr12:117685539:prostate_gland:0,TN,0
0.86897904,-3.312614,0.26353082,-1.0356904,-0.86401355,0.034802526,0.96847355,-0.74132955,0.90688306,-1.2681625,0,chr6:53956277:sigmoid_colon:0,FP,1
-1.28077,-0.6105674,1.0074946,-1.1677225,-0.043473065,-0.27877855,0.6559929,0.15655653,-0.00016093954,0.5424135,0,chr7:148963880:transverse_colon:0,TN,0
6.0945306,0.51618963,-0.51215816,0.34894484,-0.047977492,-0.6606235,-0.14807823,-0.38730097,0.08598242,-0.03368494,1,chr3:75785419:esophagus_squamous_epithelium:0,TP,1
3.2820857,0.5062783,0.15838991,-1.0397292,0.5201386,-0.8302023,-0.22715144,1.6045973,1.3357338,0.018855244,0,chr9:43171158:transverse_colon:0,FP,1
-1.1283494,-0.57448965,0.57829165,1.1077533,0.7969926,0.22484723,0.93863606,0.27881202,-0.47666338,0.20273335,0,chr17:4710334:tibial_artery:0,TN,0
1.0052415,2.5857403,0.6216401,-1.6022552,-0.051174905,0.33977118,0.8342428,-0.43137196,-0.78725255,0.078343265,1,chr11:95351052:body_of_pancreas:0,FN,0
5.663919,-0.6160401,-0.78069407,0.046150275,-0.6080195,-0.42695606,-0.39998907,0.08876158,0.035200443,0.46207368,1,chr4:98093069:prostate_gland:0,TP,1
4.5753937,0.6485975,0.15535524,-0.83387226,0.08759494,-0.19858328,1.2851464,-0.100825794,0.9033892,-0.42297274,1,chr13:34747863:transverse_colon:0,TP,1
1.7330267,-1.3796912,1.0193055,-0.7063397,-0.24854213,0.26900408,-0.5586711,0.13747814,-0.24139208,-0.08152646,0,chr11:76920284:suprapubic_skin:0,FP,1
1.2601137,0.24458475,0.5563257,-0.37106177,-1.2498177,1.4382389,0.45697975,0.20298316,-0.9202853,0.011022846,0,chr22:26518868:body_of_pancreas:0,FP,1
1.8308357,-1.3196757,1.9045198,-1.0267845,0.37884125,0.83693236,0.04216095,0.9585927,-0.40016848,0.3446345,1,chr19:45427778:gastrocnemius_medialis:0,TP,1
5.6234827,-0.34102714,-0.9613387,0.0020802766,-0.58395374,-0.6554599,-0.3659365,-0.17388597,0.3276267,0.34769216,1,chr4:98093069:upper_lobe_of_left_lung:0,TP,1
-3.1919863,1.0348492,-0.028833305,0.4027785,0.015723608,-0.67983997,-0.7001638,0.32037577,-0.2799156,-0.08241615,0,chr1:101520649:body_of_pancreas:0,TN,0
4.279678,-1.9109359,-0.087129734,0.9348367,-0.65724283,1.108867,0.043308523,0.14148423,0.20956793,1.0042697,1,chr1:20575428:suprapubic_skin:0,TP,1
-2.845702,1.2441435,-1.1044116,-0.77641463,0.20632245,0.20736194,-0.20845523,0.19440429,-0.1233007,-0.19739172,0,chr2:160429708:transverse_colon:0,TN,0
-2.6301985,-0.488402,0.63281167,0.9512817,-0.5410986,-0.09274873,-0.12684916,-0.1537678,-0.06949099,-0.57343817,1,chr9:83219701:sigmoid_colon:0,FN,0
5.8889394,0.2257829,-0.33140936,0.05589958,-0.17967317,-0.7140364,0.07578161,-0.49732605,0.5052497,0.06909768,1,chr3:75785609:tibial_artery:1,TP,1
-2.824532,-0.5778793,-0.23601551,-0.12872177,-0.0025409972,-0.8786706,-0.16908413,-0.34091285,-0.27479127,-0.2171529,0,chr6:43943813:upper_lobe_of_left_lung:0,TN,0
-2.5043283,-0.97428834,-0.38486013,-0.3882839,0.65624636,-0.7555393,-0.14111494,0.074540466,-0.4399888,0.09758088,0,chr6:53927260:prostate_gland:0,TN,0
-2.5598314,0.07908928,-0.42661452,0.6239096,0.3123304,-0.65115947,-0.2251767,0.07160042,-0.31401196,0.22593997,0,chr2:120553360:body_of_pancreas:0,TN,0
2.2015493,0.15916921,0.29880708,0.15732622,-0.1448419,1.0476556,-0.09193446,0.41405284,-0.5145448,0.14260474,0,chr1:230111058:body_of_pancreas:0,FP,1
4.501789,-0.39516333,-0.46825358,0.35316834,-1.179673,0.16325161,-0.3001024,0.29102057,0.46987122,0.8487069,1,chr7:63016031:spleen:0,TP,1
-1.2183927,2.0755286,0.74875987,-0.0268716,-0.5915079,0.56121266,0.87197775,0.07127014,-0.22968978,1.3614479,1,chr8:30486503:esophagus_muscularis_mucosa:0,FN,0
-1.8548758,-0.89256,-1.2100166,0.2817891,0.065172315,-0.25112402,0.21192826,0.1939082,-0.12575214,-0.24675302,0,chr1:203674144:Peyers_patch:0,TN,0
-2.9750848,-0.31931087,-0.8142248,-0.11018607,0.025731003,-0.3019359,-0.39424405,0.033238962,-0.020297626,0.138249,0,chr18:58181020:stomach:0,TN,0
2.569236,0.5316654,2.4646032,-1.496707,0.050372165,-0.11906876,0.3853283,0.46133307,-0.7630972,-0.18705288,0,chr6:4659653:sigmoid_colon:0,FP,1
-0.5922883,-2.1972065,-1.0164349,-0.97431636,0.61966944,0.4155401,-0.34322497,1.4288845,-0.15673067,-0.48770425,1,chr9:17531876:thoracic_aorta:1,FN,0
5.356906,-0.80361044,-0.025722966,-0.3306098,0.547998,-0.4193043,0.05657672,0.92749757,-1.154598,-0.44257206,0,chr9:20565941:prostate_gland:0,FP,1
-0.14486301,-0.27433434,-0.5627212,-1.5574025,-0.666047,1.2052594,-0.22899377,0.7419589,0.18974324,-0.07700533,0,chr15:65304945:transverse_colon:0,TN,0
-2.8749824,2.3594377,0.2516604,0.46873713,-0.5385883,0.49187905,-0.8290542,0.055790626,-0.09918911,0.003398468,0,chr1:165592941:upper_lobe_of_left_lung:0,TN,0
-3.3006325,0.8430591,0.045396276,-0.53893787,-0.19090134,-0.17450243,-0.7910446,-0.3763452,-0.02855627,-0.086384445,0,chr15:45705730:gastrocnemius_medialis:0,TN,0
-0.97414106,-0.80850935,-0.40780628,-0.058048535,1.0316662,-0.07239665,0.5415507,0.1569217,-0.0680541,0.39533842,0,chr10:127907784:tibial_nerve:0,TN,0
-1.8468993,-0.1314075,-1.0980524,-0.04067476,0.38279545,1.0638447,4.6995152e-05,0.22027904,-0.142172,-0.36978474,0,chr10:89531733:body_of_pancreas:0,TN,0
4.471647,-1.075423,-0.2082177,1.0773007,-0.44454107,0.6561541,-0.47027776,-0.11261488,-0.29157916,0.961928,1,chr9:61668518:gastroesophageal_sphincter:0,TP,1
0.47285494,-1.545803,1.9348081,-0.65972716,2.051484,0.18676984,-0.31177816,-1.1799375,0.16555297,-0.22408989,1,chr8:41651698:esophagus_squamous_epithelium:0,FN,0
-1.8810743,-1.0234165,-0.54597026,0.62969434,0.09050653,0.49599493,0.26387617,-0.25002626,0.7753051,0.35514867,0,chr17:75095056:transverse_colon:0,TN,0
3.550387,5.440538,-0.6504913,-0.43045372,0.93023986,-0.10712689,-0.29916322,1.16765,1.5190043,0.3999778,1,chr17:25579422:thoracic_aorta:0,TP,1
-1.7190663,1.3488327,0.7226349,0.4557367,-1.0056764,0.31693226,0.663428,-0.007348474,0.16508015,0.33767703,1,chr16:4548780:upper_lobe_of_left_lung:0,FN,0
-2.4088285,-0.48254758,-0.8083662,0.7140994,0.019857958,-0.036739666,0.44536415,0.19231676,0.29413307,-0.5232915,1,chr11:1652791:spleen:1,FN,0
-3.0044472,-0.14691119,-0.8485255,-0.7272112,-0.1528481,0.037502903,-0.49224526,0.024873756,-0.005536774,0.022175461,0,chr9:105426323:prostate_gland:0,TN,0
6.043322,-0.04239962,-0.37091106,0.3404682,0.014489118,-0.4663997,-0.0041636666,-0.34597996,0.18896475,0.11629722,1,chr17:45585364:esophagus_squamous_epithelium:0,TP,1
-2.0565975,0.5358538,-1.1701325,-1.1187207,0.7694252,0.046140485,0.27343255,0.49165168,-0.38571802,-0.21728677,0,chr1:108214824:spleen:0,TN,0
-2.5404818,-0.59067667,0.3541021,0.40955505,0.9093819,-0.5770628,-0.35354626,0.22174689,-0.15777041,0.19658348,0,chr22:30387561:adrenal_gland:0,TN,0
-2.9456494,0.5804618,-0.20530586,-0.3568086,0.028359381,0.28878605,-0.14691421,-0.059239004,-0.4215889,-0.5417286,1,chr1:222057506:body_of_pancreas:0,FN,0
-2.433143,-0.42111698,-1.0107335,-0.12877509,0.24191244,-0.75590223,-0.12378874,0.24303456,-0.1973495,0.056027852,0,chr2:216110581:prostate_gland:0,TN,0
-3.3030472,0.95963687,0.30150485,0.0030436188,-0.9654968,0.14626887,-1.1095946,-0.31309643,0.17355822,-0.0034601002,0,chr8:54166457:body_of_pancreas:0,TN,0
2.7532077,-0.46677423,1.3962224,0.50141627,2.5881138,0.8537379,0.057070673,-0.44706237,-0.13184942,0.23507386,1,chr6:3259228:tibial_artery:0,TP,1
-2.5427647,0.2069045,-0.9620045,0.46248153,0.398285,-0.18700199,-0.0037055572,0.08404599,0.23821564,-0.0814999,0,chr9:89662294:Peyers_patch:0,TN,0
-2.52767,0.33773434,0.79672325,0.61021227,0.32461277,-0.34100908,0.073376216,0.25012583,-0.3391286,-0.17191665,0,chr14:22823038:esophagus_muscularis_mucosa:0,TN,0
-2.843856,0.06363808,-0.12739827,0.5007098,0.19260481,-0.297659,0.026337521,-0.28208226,-0.049080145,0.056333005,0,chr1:5598865:transverse_colon:0,TN,0
6.0281343,0.53815234,-0.76745284,0.2964344,-0.45416284,-0.8824902,0.10547013,-0.46584094,0.24755901,0.10913346,1,chr3:75785609:esophagus_muscularis_mucosa:0,TP,1
5.2167964,-1.52551,-0.77318865,-0.083041675,-1.1926609,-0.44129285,-0.29481092,0.27774212,0.29052114,0.43332928,0,chr4:36351521:adrenal_gland:0,FP,1
-0.6894251,1.1573498,1.232893,-1.5093635,-0.49588633,-0.474512,0.29756653,-0.26168904,-0.29967114,-0.27294353,1,chr2:168375394:adrenal_gland:0,FN,0
0.54949135,-3.3815475,0.017358992,-1.3249576,-1.0003422,-0.20785546,0.82733405,0.082454145,0.09382059,-0.41772348,1,chr6:43386692:thoracic_aorta:0,TP,1
0.63212645,-0.64486295,2.2252753,0.3769623,-0.22695543,0.6909182,-0.58781254,1.68466,0.930974,-0.94786316,1,chr19:21484173:esophagus_muscularis_mucosa:0,FN,0
4.556423,-0.6909383,-0.74537235,0.29317436,-1.1719868,0.33409157,-0.6230837,-0.13433321,0.77745205,1.0925875,1,chr1:13277261:body_of_pancreas:1,TP,1
-2.8257082,-0.0818705,0.45589727,0.21527371,0.71993196,0.02267638,-0.33949727,-0.18459748,-0.15762414,-0.5029861,1,chr10:130547583:Peyers_patch:0,FN,0
-1.1330513,-1.5283905,-1.0402702,-0.32103646,0.5643412,0.100039154,-0.09229386,0.75446296,-0.49696827,-0.038337942,1,chr9:17531876:tibial_nerve:0,FN,0
-1.8567599,-0.28058827,0.11602363,1.4230117,0.27212238,-0.45602584,0.69037515,0.33416188,-0.16467044,-0.060827784,0,chr7:66655047:thoracic_aorta:0,TN,0
-2.1678858,-0.72920054,-0.7067364,0.2629625,-0.08482059,0.14559647,0.5052724,-0.04340742,0.3935843,-0.31012857,1,chr11:94305149:thoracic_aorta:0,FN,0
6.099528,0.84087193,-0.76212764,0.2205691,0.06026963,-0.5145572,-0.24564303,-0.4372082,-0.21827355,-0.09576857,1,chr5:151298414:sigmoid_colon:0,TP,1
-1.2281743,1.1937935,0.58601165,-0.5166745,0.32308668,1.0810419,0.35997668,0.38364956,-0.603452,0.5003602,0,chr12:1659629:tibial_nerve:0,TN,0
6.020242,0.8894939,-0.4747592,-0.06620807,-0.15186565,-0.8299277,-0.17015451,-0.35067132,0.05594394,-0.36801732,1,chr2:86221296:spleen:1,TP,1
2.1577854,-1.6733605,-0.2854794,-0.66856116,-1.9843911,0.5574156,0.05843861,0.2637522,0.29977643,-0.39218208,1,chr6:43386692:tibial_artery:1,TP,1
-3.1073692,0.77898747,-0.5439284,0.0815857,-0.3236736,-0.044159923,-0.31004944,-0.29525343,-0.11665555,-0.29374367,0,chr17:50094413:thyroid_gland:0,TN,0
-2.6361427,0.08371577,-0.73667586,0.33786634,0.6653571,-0.5538918,-0.0012080217,0.152066,-0.11812792,0.42597988,1,chr22:24259700:testis:0,FN,0
-2.6282,0.45746443,-0.6827748,0.6259607,-0.4063386,-0.4262887,0.24048172,-0.14879401,0.110912904,-0.119918436,0,chr5:77491866:transverse_colon:0,TN,0
5.000991,0.41066816,-0.37811702,1.0978211,-0.24322785,-0.00794582,-0.5988529,-0.14938796,-0.6487396,0.5412102,1,chr17:43361240:thoracic_aorta:0,TP,1
-0.049408335,-1.863145,0.021747688,0.9922325,-0.6107803,1.629908,-0.97376686,0.6609802,0.8463665,0.39381278,0,chr1:16513637:tibial_nerve:0,TN,0
-0.6389964,-0.38146207,0.82329863,0.33389375,-1.4631579,0.37869412,0.2646156,-0.4662685,0.21960878,-0.024860468,0,chr8:7397869:tibial_artery:0,TN,0
2.3815043,-1.8766576,2.520878,-0.6277813,-0.9058817,-0.5732733,0.07134968,1.2008663,0.27838838,-0.22643952,1,chr4:189687730:testis:0,TP,1
-2.10177,-0.071004525,-0.50547045,1.1101422,0.43484142,-0.09338913,0.2026134,0.37316674,-0.120920286,0.008788899,0,chr1:94926416:esophagus_squamous_epithelium:0,TN,0
4.4950304,-2.3766913,1.6607475,-0.6174759,-0.053627975,-0.7688973,-0.67497075,0.1591432,0.10125421,-0.651275,1,chr22:24006061:thoracic_aorta:0,TP,1
-2.3278055,0.432644,-0.7179742,0.7155444,0.59105647,0.34519055,0.4656507,-0.013499877,0.14862843,0.11541476,0,chr1:30708226:prostate_gland:0,TN,0
6.0257893,0.97314084,-0.34835544,0.40115526,0.12868765,-0.4978961,-0.15982856,-0.7632109,0.0009150776,-0.13074452,1,chr11:47642443:spleen:0,TP,1
5.20845,0.00034172132,0.020394752,0.020624017,0.27843845,-0.5661992,0.80897653,0.53432953,-1.3362966,-0.015897352,1,chr10:102568961:thyroid_gland:0,TP,1
-2.4311163,0.3529016,0.54876953,-1.6099544,-0.08266597,-0.65557605,-0.2749517,-0.21635708,-0.22891389,-0.16767004,0,chr7:157948473:body_of_pancreas:0,TN,0
1.6395205,-0.12146498,-0.057998575,0.2478023,0.6168317,2.1693366,0.8206907,0.031045781,0.89339423,0.3362655,0,chr12:128388303:body_of_pancreas:0,FP,1
-2.6489532,0.12420134,0.16945657,0.78045136,0.021943547,0.29875568,-0.2337336,-0.34119794,-0.057082992,-0.5033476,1,chr17:6654885:body_of_pancreas:0,FN,0
2.8823981,-1.6199096,0.0459408,1.2108628,0.4064503,1.4903854,0.07721004,0.08688149,0.6824995,1.3058586,0,chr17:16836730:body_of_pancreas:0,FP,1
-1.7885177,1.2892118,0.72596174,-0.18824533,-0.5209469,0.6698869,-0.4815895,-0.1755953,0.32280007,0.19703054,0,chr2:231677997:body_of_pancreas:0,TN,0
5.2548375,-1.1484679,-0.059324414,0.53272235,0.30500826,0.23130846,-0.7625892,-0.07202141,-0.12205015,0.16321675,1,chr7:78040381:tibial_artery:0,TP,1
-2.3396342,2.240451,0.25785974,-0.64711803,0.7724827,0.61747646,0.22996101,-0.18691707,-0.5407957,0.11147894,1,chr9:128161761:body_of_pancreas:0,FN,0
-1.7722538,-0.6640034,-1.1727123,0.4505357,0.32563865,0.34853303,0.31560186,0.07959861,0.1306819,-0.17937009,0,chr8:140090684:body_of_pancreas:0,TN,0
5.313707,-0.27026394,0.19648944,0.5882955,-0.096888386,0.05364899,0.14484505,0.26263213,-0.9161873,0.17628138,1,chr13:20119527:Peyers_patch:0,TP,1
-2.8060977,0.5598025,0.42528823,1.4647759,-0.33300143,-0.36824802,0.2612887,-0.15911189,0.08863691,-0.20360503,0,chr6:32894511:Peyers_patch:0,TN,0
-2.171121,1.1098053,1.7421572,1.806089,-0.5896115,-0.17188218,0.27158597,-0.07442293,0.22547467,-0.754106,0,chr11:119107326:tibial_artery:0,TN,0
3.5388403,1.3505702,-0.75368947,0.22401774,-1.5343425,0.27272826,0.3710555,0.5984612,-0.6149669,0.31279886,1,chr7:95686086:body_of_pancreas:0,TP,1
-2.8169897,0.003430883,-0.52771556,0.25377658,0.081646,0.12131912,-0.18820265,0.0413096,0.003430677,-0.26883975,0,chr11:71788146:upper_lobe_of_left_lung:0,TN,0
5.5339475,0.8742626,-0.5359392,0.4415319,-0.69618636,-0.18975897,0.07011051,0.14540066,-0.87995744,0.22278143,1,chr10:96641123:tibial_nerve:0,TP,1
6.0686536,0.28870884,-0.3928488,0.22730248,0.41335177,-0.3991413,-0.1044735,-0.4285076,-0.007983067,-0.37902844,1,chr12:121918386:testis:1,TP,1
-1.6138794,-1.0975764,-0.25671768,0.60073286,-0.39878765,1.1370535,0.061342113,0.51798064,0.94351435,0.4254565,0,chr6:5261611:thoracic_aorta:0,TN,0
-2.760371,0.49359217,-1.1309199,0.018190227,0.002536569,0.24371551,-0.05581872,0.25868744,-0.07844048,-0.30505604,0,chr6:82247063:body_of_pancreas:0,TN,0
-2.6838152,-1.3993226,1.5726259,-1.2761093,0.025217231,-1.0191195,-0.8131998,0.5013616,-0.3626977,-0.22841494,0,chr9:75185632:transverse_colon:0,TN,0
-1.8358604,-0.82066005,1.4554367,1.293251,1.0367209,0.12571745,0.0671765,0.52158415,-0.4982048,-0.06235544,0,chr6:41786631:suprapubic_skin:0,TN,0
2.308593,-0.68064696,0.2470069,0.079416506,-1.5773364,0.3661136,1.402492,-0.35684362,0.8278106,-0.053959757,1,chr9:83219701:transverse_colon:1,TP,1
5.8356233,1.3777827,-0.64405775,0.26105013,-0.044507295,-1.0822226,0.16210394,0.17947438,0.77654296,-0.00029503473,1,chr17:22816782:transverse_colon:0,TP,1
-2.970645,-0.056580734,0.8028628,0.12689775,-0.18037494,-0.4881291,-0.7721494,0.3068918,-0.2086058,-0.18634133,0,chr14:34228362:suprapubic_skin:0,TN,0
-1.4741628,-2.62856,0.35703823,-0.6634233,0.7021768,0.34602886,0.0701855,-0.04775686,1.0030692,-0.46667752,0,chr2:32977143:prostate_gland:0,TN,0
5.6381536,0.5029147,-0.40600047,0.31440002,-0.5106279,-0.38419828,0.07216385,-0.045056473,-0.88272077,0.21462116,1,chr10:96641123:sigmoid_colon:0,TP,1
4.6047516,0.02535875,1.3877575,0.2222973,1.1921595,0.38662586,-0.10913328,-0.7848479,0.64093906,-0.12619334,1,chr16:579030:transverse_colon:1,TP,1
-2.5163753,0.080101214,-0.39175454,-0.5498068,0.3896254,-0.14905518,0.10453243,0.41137335,-0.34618938,-0.16235301,0,chr6:105318017:tibial_artery:0,TN,0
-3.118982,1.8771466,0.7745962,-0.19460097,-0.31305215,-0.17573038,-1.183718,0.30085993,-0.44947827,0.093931444,0,chr11:119031234:spleen:0,TN,0
-1.6198534,-0.0767151,-1.8219413,-0.008821236,-0.13175607,0.5209222,0.43992624,-0.11829468,0.021272916,-0.11100641,0,chr6:134447458:body_of_pancreas:0,TN,0
-2.5998242,0.06203841,-0.26689607,0.9181363,-0.41167536,-0.5919844,0.32682177,-0.16366926,0.08378203,-0.10247229,0,chr18:5237612:sigmoid_colon:0,TN,0
-2.562306,0.59562916,-1.2960757,0.1655726,0.4526986,0.22363287,-0.4380371,0.23246334,-0.07189813,0.33110097,0,chr2:113249588:transverse_colon:0,TN,0
3.8179412,4.2284617,-0.5712316,-0.56709915,1.0812339,-0.46229932,-0.5199311,1.3112756,1.3885753,0.33656645,1,chr8:44636977:prostate_gland:0,TP,1
-2.6047237,1.856365,1.1634992,-1.3504479,0.11034942,-0.22816011,-0.19543433,0.21635108,-0.0979894,0.74592775,0,chr15:50314410:body_of_pancreas:0,TN,0
5.543713,-0.7736884,-0.06346695,0.047252182,-0.2649425,-0.774513,0.2955787,0.63207644,-1.2774432,-0.39812386,1,chr2:185166213:prostate_gland:0,TP,1
-0.27527532,-2.3482366,1.8789417,-1.5983533,-0.50518245,-0.8974818,0.032862663,-0.10138812,-0.32041308,-0.2693024,1,chr18:56389368:thoracic_aorta:0,FN,0
-1.9728016,-2.2899995,-0.30134153,-1.4070593,-0.41775602,-0.64940643,-0.15909503,-0.7636922,-0.41472754,-0.0041314196,0,chr8:101575030:transverse_colon:0,TN,0
-1.9344923,-0.12543797,-1.3091923,0.115388386,0.20531644,-0.06722684,0.37611762,-0.018586854,0.0071858875,0.044809178,0,chr4:82739794:tibial_nerve:0,TN,0
1.7276341,2.2878318,1.411433,0.06668331,0.85654044,1.4950225,0.8116713,-1.1334469,0.48669928,0.16886427,0,chr17:50297748:body_of_pancreas:0,FP,1
0.009046668,-0.62502515,0.42236423,0.22086117,0.40043953,2.2285826,-0.5421266,-0.64611965,0.97925514,-0.27274147,1,chr5:179213127:tibial_artery:1,FN,0
-1.6604966,-0.64037204,-0.19655618,1.0278993,1.0365402,0.013725244,0.3589069,0.30467197,-0.46326345,-0.31578287,0,chr5:108749453:tibial_nerve:0,TN,0
-1.9924318,-0.45454988,-1.1136436,-0.15264635,0.05937979,-0.55213696,0.51779026,0.14654411,0.07936425,-0.10931753,0,chr18:61551734:transverse_colon:0,TN,0
5.9655113,0.012254654,-0.18376926,0.39770612,0.610567,-0.48944595,-0.40903324,-0.42220998,-0.19014859,-0.27678186,1,chr12:52949183:transverse_colon:0,TP,1
5.2100115,-0.333354,-0.29539374,-0.2242347,0.5994993,-0.23080674,-0.09140789,0.52707046,-1.6107802,-0.065965876,1,chr15:77077965:tibial_artery:0,TP,1
-0.45543036,-2.3203964,-0.74189013,-0.33270007,0.55565864,-0.16288523,0.21471131,0.78002334,-0.43843803,-0.1053779,1,chr9:17531876:body_of_pancreas:0,FN,0
5.7730227,1.3511573,-0.52587074,0.16909416,-0.62167126,-0.47933847,0.31098327,0.10659025,-0.7343697,-0.18691023,1,chr10:96641123:prostate_gland:1,TP,1
-2.6623046,0.21988373,0.7276118,1.1640192,-0.47416314,-0.43814468,0.17445485,0.05218938,0.054411117,-0.54697096,0,chr18:57438099:adrenal_gland:0,TN,0
3.556103,4.529368,-0.5900617,-0.6018162,0.9866729,-0.3336667,-0.61551183,1.2978897,1.0087082,0.49515703,1,chr8:44636977:prostate_gland:1,TP,1
-2.3062983,-1.1571696,-0.07941886,0.58138865,1.0805545,0.08110248,0.30839768,0.016646393,0.37850934,-0.19421045,1,chr3:129343963:upper_lobe_of_left_lung:0,FN,0
-1.0969673,4.0185056,0.098909624,-1.7593039,1.0138625,0.15745665,-0.7470454,0.2746135,0.26830134,0.7124169,0,chr19:38754450:sigmoid_colon:0,TN,0
-1.5544574,-2.0197358,-0.90027636,-0.3823482,-0.32286724,-0.5145341,0.6831687,-0.6658479,-0.3546699,-0.08922055,0,chr3:177592618:body_of_pancreas:0,TN,0
0.7491092,-0.5840377,1.9287466,0.13650249,-0.5132638,0.8004281,-0.7085289,1.6783435,0.80305886,-1.0270314,1,chr19:21484173:tibial_artery:1,FN,0
-1.337094,1.3510324,-0.2124347,-0.7187106,-0.65304273,1.6761813,-0.84393215,0.20898992,-0.40345794,0.53652567,0,chr1:235835049:body_of_pancreas:0,TN,0
-3.0250158,0.6528547,-0.6561769,-0.60558647,0.050927855,0.2024025,-0.3637173,-0.08609586,0.34965402,-0.45335656,0,chr7:55178970:Peyers_patch:0,TN,0
-2.125863,-0.46154094,-1.2491622,-0.4402532,0.13002822,-0.13731784,0.09427334,0.077152416,0.028990101,0.14694884,0,chr10:22617718:spleen:0,TN,0
-2.9059758,0.6627683,0.3890889,-0.39323863,-0.547599,-0.5681999,-0.029490583,-0.45807657,-0.036901638,1.0838757,0,chr19:48152501:body_of_pancreas:0,TN,0
-2.8477597,1.0008851,-0.2982055,-0.18718883,-0.48309955,0.023412924,0.08297036,-0.003227541,-0.21542852,-0.27249396,0,chr10:51960415:transverse_colon:0,TN,0
6.043762,1.0633276,-0.7218264,0.0990932,-0.15774965,-0.80164623,-0.08920326,-0.3979088,0.0645666,-0.24016924,1,chr2:86221296:tibial_nerve:0,TP,1
-1.1810175,0.4793887,-0.71303505,-1.1754538,0.87477136,-0.1036395,0.026524201,0.2945502,-0.14988108,0.66654634,1,chr12:104294234:transverse_colon:1,FN,0
-2.3116817,-1.092579,-0.006749089,0.3627856,-0.5584588,0.12287245,-0.31437412,0.02083726,-0.16317251,-0.16358185,0,chr11:82695728:Peyers_patch:0,TN,0
-2.8726277,0.7068679,-0.20716219,0.7247828,0.018822948,0.17295407,-0.049529158,-0.4814292,0.31620264,-0.08296616,0,chr16:4956247:esophagus_squamous_epithelium:0,TN,0
-2.7819602,-0.24277905,0.5498855,-1.1105658,0.44785684,-0.32604444,-0.10495085,-0.15405951,-0.45988593,-0.08639283,0,chr4:41814771:prostate_gland:0,TN,0
2.4363549,-2.5121405,-0.20291637,-0.71816283,-2.344067,0.52116865,0.043267976,0.45438263,-0.01380011,-0.2853503,1,chr6:43386692:transverse_colon:1,TP,1
4.983416,-0.7682956,0.91416556,-0.6197871,1.0946988,-0.39851347,-0.5133705,0.08157697,-0.22419123,-1.201667,1,chr9:42974893:gastroesophageal_sphincter:0,TP,1
-1.2361526,-0.53718996,-0.08040483,-0.6154707,0.18193819,0.44388574,0.068209216,-0.39683515,0.04235208,-0.18656829,1,chr7:142751554:body_of_pancreas:0,FN,0
-3.0786152,1.7052487,0.28529993,0.35074726,-0.43611592,-0.6891332,-0.37451687,-0.106692895,-0.14848548,0.45504504,0,chr19:18571531:transverse_colon:1,TN,0
2.564184,-1.0634155,-0.19928508,-0.7880592,-1.2405674,0.8841657,-1.1364886,-0.26400644,-1.0053172,-0.103339985,1,chr2:196068383:adrenal_gland:0,TP,1
-1.9529085,0.7048833,0.6251222,-0.48785704,-0.8785736,1.2217715,-0.09625174,0.023355488,-1.0823088,0.2190833,0,chr2:206023553:body_of_pancreas:0,TN,0
-2.5347714,-1.1891683,-1.1833911,-0.4364161,0.36842665,-0.7282175,-0.34189826,0.021625211,-0.2515153,0.12229132,0,chr4:185880518:body_of_pancreas:0,TN,0
-1.756637,0.5270184,-0.3611654,0.1517663,1.2726536,1.0769621,-0.3033588,-0.4230579,0.077955276,0.13362248,1,chr5:179213127:spleen:0,FN,0
0.98953956,0.72024506,0.733957,0.2874865,-0.74248314,1.1696568,-0.17196044,0.5518259,0.22055195,-0.554614,0,chr15:62185559:body_of_pancreas:0,FP,1
-1.1690756,-2.1479437,1.8005819,-0.9148028,0.23873304,-0.69501555,0.22724815,-0.8112525,0.032155704,0.124689505,0,chr6:37130925:body_of_pancreas:0,TN,0
-2.298267,-2.1130874,-0.41276297,0.19211179,0.29526502,-0.67917377,-0.037869588,0.18697874,-0.05776971,0.24302378,1,chr6:53956277:Peyers_patch:0,FN,0
-1.2195401,-0.44184795,0.012814964,-0.954901,0.4266153,0.54007107,1.1932552,-0.32513893,0.05572859,0.93575174,0,chr16:14300986:esophagus_muscularis_mucosa:0,TN,0
-2.3628962,0.43473068,-0.27585787,0.55770314,-0.5873822,0.10794453,-0.2791127,0.0150286965,-0.24363875,-0.24052495,0,chr10:51960415:gastrocnemius_medialis:0,TN,0
0.56856465,0.10404203,1.5293465,-1.2197037,-0.51425904,0.22971907,1.1526662,-0.9446711,0.14023146,0.70094717,0,chr7:63014321:omental_fat_pad:0,TN,0
-0.6839694,1.0539476,1.2471408,-1.5990738,0.094343886,0.025382936,-0.04618596,0.12864257,-0.42017186,1.0000403,0,chr7:14460954:prostate_gland:0,TN,0
-3.1365488,1.236238,1.0939256,0.1239286,-0.2501249,-0.6977893,-1.4809568,-0.012219673,-0.33957794,-0.009542732,0,chr2:231677997:adrenal_gland:0,TN,0
-2.2177494,-0.6486796,-1.1352698,0.051798653,-0.12146087,-0.41328883,0.15193474,-0.017850662,0.2436661,0.099065155,0,chr4:159398659:thoracic_aorta:0,TN,0
-2.066452,-1.3213798,1.0251118,-0.9692009,0.07482565,-0.72320116,0.3182553,-0.6754736,-0.30156848,-0.16764157,0,chr9:113342124:body_of_pancreas:0,TN,0
-3.113528,0.6255281,-0.62880445,-0.07764702,-0.17888583,0.015695672,-0.3158784,-0.21951324,-0.06458122,-0.2640613,0,chr17:50094413:sigmoid_colon:0,TN,0
-3.0054064,0.9903647,0.7486183,1.1664996,-0.30432183,-0.4141853,-0.4965099,-0.14055172,-0.22565605,-0.27299064,1,chr14:59576853:adrenal_gland:0,FN,0
-1.5299368,2.523584,-0.61947036,-1.014437,0.6035469,1.7212279,-0.58182317,0.24488255,-0.470934,-0.37958467,0,chr4:120870486:transverse_colon:0,TN,0
-1.7564344,-1.2598879,-0.7851069,-0.21001081,0.042198915,-0.5816614,0.48833668,0.24975643,0.25556278,-0.467047,0,chr7:120989215:tibial_nerve:0,TN,0
-2.6585774,1.5078876,-0.5073322,-0.6812957,-0.29794404,0.4603941,-0.6589759,-0.44682112,0.37201825,-0.6953161,1,chr4:110826866:transverse_colon:0,FN,0
1.0482574,2.6050339,0.6673375,-0.7433207,-0.3747363,0.39168754,1.009821,1.4287347,0.3299525,-0.7991094,1,chr17:67408743:body_of_pancreas:0,FN,0
0.23190373,-1.4319916,0.09325814,-1.061453,-1.6472735,0.7588166,-0.5741024,-0.15694675,-0.16908242,-0.5313558,1,chr6:106223515:tibial_artery:0,FN,0
5.649434,0.1881137,-0.572601,0.5991633,-0.24212381,-0.09952492,-0.13605523,-0.3044499,-0.41507724,0.019712564,1,chr2:67906567:prostate_gland:0,TP,1
0.42476323,-1.7503974,1.2982458,0.03308122,-0.1101982,0.22903024,1.1568627,-0.11023725,0.6201136,0.92166066,0,chr14:106872713:transverse_colon:0,TN,0
4.574335,-0.9486247,-0.7533186,0.2665692,-1.9945207,-0.19429499,-0.42466164,-0.19971795,-0.5422791,0.6990095,1,chr2:196068383:tibial_nerve:0,TP,1
-1.2876796,-1.5708545,-0.8068353,-0.7295479,-0.18295266,0.8249802,0.04542744,0.63665885,-0.6883535,-0.83501667,0,chr11:34922899:body_of_pancreas:0,TN,0
-3.4848106,0.95134777,0.09887088,-0.107900724,-0.47039264,-0.726171,-1.283314,-0.17838977,-0.020297792,-0.08975198,1,chr2:225002373:thoracic_aorta:0,FN,0
-2.8872008,0.6241877,-0.34911525,-0.37766778,-0.04329448,-0.029003087,-0.3106232,-0.23529482,-0.2721073,0.16239184,0,chr16:5092215:gastroesophageal_sphincter:0,TN,0
-1.5076559,0.41828847,1.2988391,-0.58729815,-0.88646895,0.9024026,0.20159142,0.49751204,0.20523824,-0.7779779,1,chr5:73985119:body_of_pancreas:0,FN,0
-2.718157,-0.0111709265,0.98541784,0.04165232,-0.11487085,-0.51764935,-0.5945437,0.10781923,-0.3571345,-0.40983307,1,chr16:21935488:adrenal_gland:0,FN,0
-2.711988,-0.2913953,-0.09972152,0.86729634,-0.92069787,-0.71067643,0.21033862,-0.054166306,0.24276206,-0.6212015,0,chr14:55271113:testis:0,TN,0
0.7428852,2.9592557,0.5203855,-1.6776525,-0.48428395,0.65047705,1.6317878,-0.86690104,0.27146003,-0.19997829,0,chr3:135921913:sigmoid_colon:0,TN,0
4.825518,-1.0485362,0.203778,0.8069994,-0.16507447,0.7801062,0.120436415,0.5069428,-0.9516402,0.21812993,0,chr19:10404178:tibial_nerve:0,FP,1
-2.4529927,-0.31988698,0.32959908,-0.51757526,0.5882083,0.47762764,-0.7104022,-1.0427444,-0.23732351,-0.0684532,0,chr19:50252259:spleen:0,TN,0
0.060816243,-0.3746347,1.2501585,1.1144723,-0.48650226,0.7290262,0.82969433,0.56761867,0.039729845,-0.5866589,1,chr7:26377045:transverse_colon:0,FN,0
1.9603902,-0.26622695,-0.2572198,-0.9437858,-0.9951239,0.9109151,-1.2331018,-0.34667662,-0.99722326,-0.25928587,1,chr2:196068383:gastrocnemius_medialis:0,TP,1
2.1478825,2.279128,-0.21705495,-1.0882629,-0.41816878,0.7254743,0.6163722,0.6948097,-0.87609255,-0.23059362,1,chr20:53731556:sigmoid_colon:0,TP,1
-2.2740638,-1.5167255,-0.42961454,0.084956765,-0.0285175,-0.5618235,0.07395906,-0.06743292,-0.008357471,-0.11282378,0,chr3:58211234:esophagus_squamous_epithelium:0,TN,0
5.50473,0.6835667,-0.66093785,0.42763957,-0.7600235,-0.19264159,0.08550003,0.16500722,-0.9141307,0.41396868,1,chr10:96641123:testis:0,TP,1
3.3877256,0.8756978,1.2538576,-1.2374951,-1.1656215,0.26829588,0.5624613,-0.2456802,-0.20317993,-0.6052047,1,chr8:30230823:esophagus_muscularis_mucosa:0,TP,1
-1.09813,-0.25718576,-1.382394,-0.457559,-0.037068594,0.15577221,0.85437745,0.072522454,0.105971515,-0.018030962,1,chr6:106223515:transverse_colon:1,FN,0
-2.753704,-1.210613,0.116313405,-0.2659187,-0.5361314,-0.7939776,0.42440173,-0.1937177,-0.1610572,-0.090734646,0,chr19:33143907:tibial_artery:0,TN,0
-2.9565794,0.895285,0.059003036,-0.99469054,-0.6466375,-0.31360075,-0.12048922,-0.43076804,-0.08434484,0.26703158,0,chr8:116788344:esophagus_squamous_epithelium:0,TN,0
-0.5358154,1.0231591,0.9029373,-0.54844874,0.052494187,0.991277,1.3053298,0.2951525,-0.6924603,1.3611829,1,chr7:1203888:body_of_pancreas:0,FN,0
-1.2917362,0.42986366,1.5293074,-1.1727535,-0.36440438,-0.15107471,0.5279538,-0.4401313,-0.8350194,0.9819373,0,chr10:103485594:spleen:0,TN,0
-2.0350292,0.8777428,1.821593,1.8253464,-0.32911906,-0.9738228,0.23291382,0.31280282,-0.064665705,0.16640642,0,chr5:79514114:testis:0,TN,0
3.9126403,0.98460317,1.8719716,-0.17246574,1.526563,0.06823702,-0.107514344,-0.5166498,0.62935597,-0.25633532,1,chr16:579030:prostate_gland:1,TP,1
-1.5699892,-0.44290578,0.13715258,-0.8553809,0.4157607,0.7759642,0.3683862,-0.00966723,-0.30891415,-0.22301918,0,chr5:144467879:body_of_pancreas:0,TN,0
-3.0901256,-0.97257555,-0.05334509,-0.28979194,0.14603554,-0.52749395,-0.20966482,-0.47079176,0.23708785,-0.20983103,1,chr3:9862475:transverse_colon:0,FN,0
3.7486916,-0.6176691,0.45032647,-0.2852509,0.24601232,1.0400469,-0.30441836,0.83026344,-1.7514431,0.09384671,1,chr15:40504103:body_of_pancreas:0,TP,1
-2.8007975,0.55865693,-0.5069687,0.4342793,-0.32071412,0.07900248,0.0413645,0.23340593,-0.13622446,-0.5476492,0,chr7:150876829:body_of_pancreas:0,TN,0
-1.832782,-1.0522262,0.9420847,-0.4146699,-0.38014308,-0.61433595,-0.0038157,0.20180255,-0.5230549,0.04787054,0,chr7:100148577:testis:0,TN,0
-1.7026389,1.5863537,-0.79223233,-0.89148355,-0.45918173,1.1376665,0.1457518,0.1866648,-0.0812086,-0.5580942,1,chr6:106223515:Peyers_patch:0,FN,0
-2.4045522,-0.5733354,-0.52116364,0.40195358,0.45953554,-0.6591907,0.058522157,0.22758615,-0.29715362,0.016715692,0,chr5:69235425:Peyers_patch:0,TN,0
4.9765043,-0.7922545,0.27241716,0.5237141,0.96665645,0.6389154,-0.79319847,0.112651825,-0.062585145,0.26022518,1,chr9:42852316:testis:1,TP,1
1.5828662,0.27010447,1.2375896,-0.14049038,-0.63421345,1.1934582,-0.71413183,1.7568207,0.90521055,-0.8426605,1,chr19:21484173:spleen:0,TP,1
-1.2362822,1.2508011,0.9544714,1.3959773,1.1763769,0.017167067,0.35656744,0.14672828,-0.21782734,0.101265654,0,chr17:44210759:tibial_artery:0,TN,0
-0.45353672,-0.73419523,-0.46200627,-0.5716723,0.60090756,1.1595285,-0.67602694,-0.2740659,-0.09038263,0.60256,0,chr20:17898925:suprapubic_skin:0,TN,0
-0.6211969,-0.64472425,-0.7254681,1.0729501,0.008264249,0.85527265,0.40115905,0.06452294,0.8511296,0.48770577,0,chr17:75632926:esophagus_squamous_epithelium:0,TN,0
-1.4028786,-0.6628125,-0.9949432,0.60379994,0.2646707,-0.17983617,0.749991,0.116638005,-0.0033410534,0.044614628,0,chr5:38467531:tibial_nerve:0,TN,0
-2.219585,1.9684042,0.4812622,-0.8994929,-0.15143318,0.8106487,-0.9024158,-0.6274287,-0.76556885,0.25675842,0,chr20:34336064:Peyers_patch:0,TN,0
-2.3100412,0.5120302,-0.47488293,0.5694831,0.47695017,0.4528001,0.05534553,-0.02246219,-0.060898315,-0.43869966,0,chr16:85056596:adrenal_gland:0,TN,0
-2.1902008,1.909554,-0.59291714,-0.04449684,0.28431857,1.0420555,0.09268122,0.24431814,-0.35734928,0.101906225,0,chr8:124563840:body_of_pancreas:0,TN,0
-2.5924973,-0.61481446,-0.73020405,-0.2093836,0.2744137,-0.291024,0.0029350799,0.026534723,0.029560825,-0.061827283,1,chr14:90697830:tibial_artery:0,FN,0
-1.7289188,0.71318114,0.956677,-2.2532427,0.50535786,-0.55959034,0.022243086,0.416079,-0.5679526,0.5751955,0,chr10:4794201:body_of_pancreas:0,TN,0
-2.5755658,-0.01419128,-0.7812861,-0.52721643,-0.30077493,0.5069413,-0.18897419,0.44906548,-0.098039754,-0.16154933,0,chr3:172594879:transverse_colon:0,TN,0
5.688605,-0.8922774,0.41084862,-0.15703014,0.6820084,-0.4408224,-0.28864914,-0.3553919,-0.4206804,-0.79213554,1,chr9:42974893:body_of_pancreas:0,TP,1
-2.6937582,1.1013819,0.7925007,1.2518598,-0.22621165,-0.5726467,0.14892432,-0.6117083,0.11047527,-0.4938572,0,chr4:7192415:gastrocnemius_medialis:0,TN,0
-2.3259704,-0.47642604,-0.89328724,0.47252303,-0.051740523,0.54925,-0.44547066,0.05551813,0.2951558,-0.03017479,0,chr20:62900225:tibial_artery:0,TN,0
-2.567085,0.9212511,0.19337575,0.40896317,-0.5101084,0.20041364,0.054866485,-0.17273182,-0.008350396,-0.7512685,0,chr10:87203579:adrenal_gland:0,TN,0
5.424748,1.0701431,0.7829627,0.37096396,1.0619503,0.030353991,0.14815329,-0.98388106,0.66180897,-0.13704644,1,chr16:579030:gastrocnemius_medialis:0,TP,1
-0.11847675,0.4968421,1.0621434,-0.87608606,0.06154499,0.35141918,0.78466517,-0.21018583,-0.21201721,-0.12758258,0,chr5:141677653:prostate_gland:0,TN,0
-1.6248623,0.9703386,0.30072013,0.18366908,-0.1385603,0.9405866,-0.7044699,-0.45456472,-0.25238988,-0.21618266,0,chr16:28615870:tibial_nerve:0,TN,0
5.6745415,0.8748084,-0.75326073,0.5020028,0.08250658,-0.36647865,-0.48058248,-0.60777,-0.11957803,0.24127609,1,chr14:36662855:tibial_artery:0,TP,1
-2.4127026,-0.962376,-0.5973376,0.63065946,0.26835752,-0.45268047,0.2440286,-0.20814891,-0.077118106,0.23710363,0,chr2:231680246:transverse_colon:0,TN,0
-2.8945122,1.1507485,-1.0326906,-0.5763798,-0.026508283,0.11441316,-0.4751495,0.0029893196,-0.5386037,-0.1215181,0,chr5:102536432:body_of_pancreas:0,TN,0
-1.7469422,-0.6831056,-1.161443,-0.48398453,0.84879076,0.08153724,0.06578857,0.21827973,0.04479202,-0.144659,1,chr6:18503536:body_of_pancreas:0,FN,0
-1.3436881,0.98856753,0.87211126,-1.8458979,0.36685804,-0.2418587,0.088675484,-0.76899207,-0.44455597,0.8832499,0,chr2:85428876:body_of_pancreas:0,TN,0
-2.9404352,0.49188647,-0.5604116,-0.24841876,0.051634345,-0.01351042,-0.25219935,-0.16703688,-0.23826782,0.13512158,0,chr16:5092215:body_of_pancreas:0,TN,0
-2.0755355,-0.86645544,-0.76786643,0.14558206,-0.08152842,-0.26849392,0.297791,0.3315897,0.30970556,-0.21096756,0,chr15:89091210:body_of_pancreas:0,TN,0
0.91116524,1.7299201,1.5132651,0.023176763,0.6559806,0.32917476,0.23926993,-0.3968807,0.76825845,-0.65580755,0,chr3:126475232:sigmoid_colon:0,TN,0
-0.4419166,-2.5569024,1.1434405,-0.8076008,0.019543571,-0.8299598,1.077986,0.07345125,0.21369833,1.5876571,1,chr2:38555382:thoracic_aorta:0,FN,0
-1.5647496,-0.38148937,-0.06144539,-0.8304235,0.36601895,-0.30914783,0.23625697,-0.38197625,-0.47114387,1.0058861,0,chr1:26358698:body_of_pancreas:0,TN,0
-2.764517,1.1820768,-0.20450392,-1.0316684,-0.53225976,0.51445305,-0.13872054,-0.4767029,-0.21081066,-0.50726116,0,chr4:99325779:esophagus_muscularis_mucosa:0,TN,0
-2.333675,0.8331903,-0.033036806,0.16889118,-0.05000943,0.6491863,0.45782524,-0.4675641,-0.1433228,0.0030016815,0,chr11:118291175:esophagus_muscularis_mucosa:0,TN,0
6.019055,0.013035457,-0.38341165,0.39446518,0.061420698,-0.2926425,-0.12268557,-0.3229154,0.053054687,0.05780318,1,chr17:45585364:thoracic_aorta:1,TP,1
-2.5108702,0.6767723,-1.4722117,-0.057842832,0.24997535,-0.122879975,-0.0842235,0.015258785,-0.21725109,-0.13123429,0,chr1:81549700:tibial_artery:1,TN,0
5.6158724,0.98876166,-0.44497564,-0.25452697,0.6557067,0.22466514,0.0186807,-0.56910795,0.1130006,-0.61252725,1,chr5:137304079:body_of_pancreas:0,TP,1
1.8628849,-2.9382272,-0.017641826,0.49066538,-0.308223,1.9009811,-0.45604405,0.07445909,0.8831107,-0.12544835,1,chr19:47436804:tibial_nerve:0,TP,1
-3.26183,2.3932436,-0.050297797,-0.3282283,-0.58886385,0.024409786,-1.0586684,-0.31395963,0.24870904,-0.042966638,0,chr20:38751675:adrenal_gland:0,TN,0
4.2964115,-2.5561574,0.065406285,-0.87285393,1.2217188,0.10979891,0.2508606,0.5937597,0.33739352,-0.0758792,1,chr17:879808:thoracic_aorta:0,TP,1
-1.1714703,-5.884477,1.1290109,-1.1574458,-0.85676765,-1.3387059,0.08491979,0.25901327,-0.1888494,0.065140314,1,chr6:43386692:thoracic_aorta:1,FN,0
-2.1172853,0.41585118,-1.1622372,0.6261446,0.5882521,0.4682953,0.44396213,0.27987516,0.11955076,-0.05646652,0,chr7:142451749:body_of_pancreas:0,TN,0
1.878163,4.813658,1.0950774,-0.9724188,-0.104074635,0.3912723,0.6037885,0.91333044,0.4729768,-1.4217517,1,chr16:31334599:body_of_pancreas:0,TP,1
0.5184805,4.435602,1.0374762,-0.9489851,-0.21084687,0.2043398,0.60354716,0.8703541,1.2798955,-1.411746,1,chr11:112081498:thoracic_aorta:0,FN,0
5.490163,-0.55931526,-0.65614426,0.49291334,-0.62745094,-0.57614493,-0.01661194,0.5457081,-0.77195305,0.32673323,1,chr11:86939404:body_of_pancreas:1,TP,1
-1.2947973,-1.4307008,0.79299253,-1.1424811,-0.023742523,-0.72461456,1.1965632,0.37502667,-0.13275291,0.7327826,1,chr14:93151711:body_of_pancreas:0,FN,0
2.1803281,-4.5736313,1.0564996,-0.391912,1.342472,0.014134086,-0.41866183,0.3570188,0.18364507,-0.088368945,0,chr2:237590674:transverse_colon:0,FP,1
-2.753329,0.21683495,-0.2672767,-0.33176303,0.42463198,-0.20085692,0.015148823,-0.14721708,-0.2057052,0.738059,1,chr22:41951055:body_of_pancreas:0,FN,0
-2.1674232,1.0220367,0.45922953,-1.8910731,-0.35324377,0.45155832,-1.2596033,-0.16699693,-0.24184829,0.15869384,0,chr14:69079875:body_of_pancreas:0,TN,0
-1.9152212,2.0424201,0.5067081,-1.7552656,0.7041267,-0.54018086,-0.4347569,0.14113455,-0.23155637,1.2489849,0,chr16:9317902:body_of_pancreas:0,TN,0
-2.871334,-1.1375281,1.2076348,1.0094992,0.1096964,-0.5035638,-0.28733498,0.28069466,-0.19696811,-0.016133677,0,chr15:40422201:testis:0,TN,0
-2.6967943,-0.2188482,-0.90990305,0.25889495,0.2760003,-0.07564747,0.05685532,0.0640326,-0.0518182,0.049846917,0,chr8:118113261:tibial_artery:0,TN,0
-2.9657261,-0.84185845,0.03967883,0.37031925,-0.2845476,-0.9362232,-0.20921744,-0.080140054,-0.17536417,-0.12258143,1,chr1:87131773:body_of_pancreas:0,FN,0
-3.0958297,0.9356317,0.4466811,0.9944456,-0.36763215,-0.07774195,-0.29028425,-0.34973884,0.10712831,-0.3706861,0,chr12:109597967:transverse_colon:0,TN,0
-2.5162077,-0.85984594,-0.1154791,-0.6506836,-0.28075096,-0.71731067,-0.16591689,-0.6537836,-0.17179145,-0.35504353,0,chr16:86305507:upper_lobe_of_left_lung:0,TN,0
2.3606534,0.5855414,0.28326264,-0.76513,-1.9137993,0.651797,1.0033119,-0.24603356,-0.3578235,-0.2681095,0,chr20:41572206:upper_lobe_of_left_lung:0,FP,1
-2.526749,0.538073,-1.2165804,-0.13901514,0.5480095,-0.07149793,-0.082940266,0.27039617,0.02640942,0.07810711,0,chr2:9914869:esophagus_squamous_epithelium:0,TN,0
5.094048,0.1985785,0.3675353,0.2602838,0.10341543,-0.09636017,0.24390489,1.0400249,-1.6805445,-0.13628823,1,chr1:91927306:transverse_colon:0,TP,1
3.5693722,-0.46326703,0.3622339,-0.89253837,2.1219358,0.6216417,0.12238699,-0.54252166,-0.110309206,-0.82357717,1,chr7:142751721:body_of_pancreas:0,TP,1
2.7885118,1.5773954,0.9453123,-0.7697544,-1.2712293,0.5179935,0.91072124,1.0039048,-0.6347834,-1.3751864,0,chr3:143976583:body_of_pancreas:0,FP,1
5.232535,2.177284,-0.48358294,0.040735744,0.29613522,-0.901584,-0.045101613,0.6730026,1.3138921,0.12582082,1,chr8:45161471:testis:0,TP,1
-2.2556112,0.20935841,-0.96135545,0.20538801,0.48760092,-0.47698104,0.38683766,-0.012300713,-0.18420568,0.042194884,0,chr5:178467902:gastroesophageal_sphincter:0,TN,0
-1.1992962,-0.011197605,2.023306,2.2395856,-0.399314,-0.063052446,0.3299789,0.24943091,-0.039773986,-0.23740707,1,chr5:177133842:prostate_gland:0,FN,0
-2.1046033,-0.17539215,-0.1845405,-0.4827464,-0.64356613,-0.50036126,0.51506674,-0.090642415,0.0463922,0.46562386,1,chr21:39175402:transverse_colon:0,FN,0
2.2297688,1.139787,1.0660118,0.3835285,0.5788923,1.9002483,0.07515224,-0.35326317,-0.38669774,-0.24833414,0,chr6:43497048:suprapubic_skin:0,FP,1
2.0482354,3.7989855,-0.02630532,-0.8047476,0.6043897,-0.10185951,-0.18616718,1.6252211,1.2546077,0.5301829,1,chr2:93976867:suprapubic_skin:0,TP,1
3.666686,1.2479056,0.4500199,-1.7264272,1.1863716,-0.33405638,-0.5761323,1.9356027,0.9250941,0.47751924,1,chr8:44636977:thoracic_aorta:0,TP,1
5.737168,-0.58794385,-0.6165728,0.22774538,0.027063875,-0.58369106,-0.11591513,0.47498217,-1.2341163,-0.052154224,1,chr6:111422630:thyroid_gland:0,TP,1
-0.53835255,-2.7121236,0.9451514,0.053869788,1.1375328,0.29067835,0.10940466,-0.121653415,-0.0579667,-0.39913654,1,chr1:20575428:transverse_colon:1,FN,0
1.6539328,4.2397385,0.03774175,-0.8336613,0.64829206,-0.02405568,-0.60086673,1.159159,0.70814073,0.50423217,1,chr20:28507029:body_of_pancreas:0,TP,1
1.654971,0.3378845,1.3741251,-1.7329103,0.9773834,-0.7901155,-0.5267752,1.7055495,0.44350427,0.5331401,1,chr20:28507029:stomach:0,TP,1
5.123544,-1.9205153,-0.6183977,0.50766647,-1.1337165,-0.4983215,-0.2126925,0.6464305,-0.819448,0.40327552,1,chr11:86939404:transverse_colon:0,TP,1
0.63841414,-3.6364117,2.501338,-0.9008708,0.39369768,-0.5541788,-0.062813334,1.0832397,0.0001728175,-0.12447972,1,chr19:45427778:tibial_artery:1,FN,0
-2.0025477,2.0566816,0.23406291,-0.4256489,0.037280668,0.92662245,0.3366754,-0.50444067,-0.3705684,1.0686713,0,chr13:26930103:adrenal_gland:0,TN,0
-2.5865812,-1.1492577,-0.566725,-0.28991902,0.15655361,-0.06578236,-0.33739844,-0.27159634,-0.27265304,-0.17006925,0,chr8:118112661:thoracic_aorta:0,TN,0
-2.303496,-0.097766146,-0.9954263,-0.3095715,0.3322448,-0.5598489,0.05472955,0.3061661,-0.20437883,0.23600672,1,chr4:119212065:body_of_pancreas:0,FN,0
-1.4829355,-2.3315942,1.1873426,-1.2387654,0.45952323,-0.44027334,-0.5268155,-0.06885709,-0.41882905,-0.122823946,0,chr9:15104864:adrenal_gland:0,TN,0
-1.8246179,-1.4520377,1.3172629,-0.919339,-0.21364282,-0.7128058,0.47072032,-0.2596985,0.1632058,0.879741,0,chr16:74399402:upper_lobe_of_left_lung:0,TN,0
-2.9422362,0.52025133,0.5458982,-1.0592422,-0.35086912,-0.7550451,-0.7709401,-0.19600858,-0.122153096,0.045048706,0,chr16:2664570:body_of_pancreas:0,TN,0
1.8581258,1.1456314,1.3254403,-1.5720413,0.22758436,0.96896696,0.6641769,0.12348489,-0.63613486,0.1819304,1,chr19:44577120:thoracic_aorta:0,TP,1
-2.035219,0.21136776,-0.8468131,0.55832857,0.5337605,0.4702176,0.17139389,-0.16363075,0.21740246,0.046901792,0,chr3:45210485:Peyers_patch:0,TN,0
5.9764047,0.06749839,-0.43493158,-0.107060745,-0.16031136,-0.6305459,0.008857807,-0.21294908,0.31555572,-0.11423631,1,chr7:142479143:upper_lobe_of_left_lung:0,TP,1
-0.40325746,1.9965945,-0.09573697,-1.5093958,-0.795428,1.3951657,0.23625821,0.037489135,-0.69967604,-0.19065292,0,chr1:63575748:transverse_colon:0,TN,0
-2.9446533,0.432041,-0.97602785,-0.6110592,0.019971758,0.18197398,-0.5335137,0.06057814,0.10159013,-0.22196494,0,chr5:72597084:thoracic_aorta:0,TN,0
-2.6745896,0.246234,-0.66211766,0.92409796,-0.17360012,-0.09142048,-0.0005013275,0.034273263,0.1860987,-0.033885118,0,chr1:44655842:tibial_artery:0,TN,0
-2.8153012,-0.4803894,-0.20629346,0.48671237,0.21854757,-0.23781402,-0.018288083,-0.41876557,0.16164748,0.19068561,0,chr3:14921124:transverse_colon:0,TN,0
-1.7494185,1.1579131,0.38586405,0.5530241,0.88902193,1.5534449,-0.43399724,-0.92384726,0.3142838,0.26905745,0,chr16:88265764:upper_lobe_of_left_lung:0,TN,0
-1.4338475,0.040926076,-0.43565217,-0.25718635,-0.8745681,1.1907253,-0.6644329,-0.8409923,-0.5442703,0.30014044,0,chr8:125649597:transverse_colon:0,TN,0
-2.8287482,0.3149854,-0.5895544,0.089911066,0.84104246,-0.5491212,-0.12848794,0.02840193,0.110744685,0.36173984,0,chr22:24259700:thoracic_aorta:0,TN,0
-0.21834612,2.0843472,-0.49923858,-0.97997946,2.107645,1.1536428,-0.2128566,-0.44959116,0.069370456,0.3126957,0,chr21:39153360:thoracic_aorta:0,TN,0
-2.877314,1.8381466,-0.2893725,-0.75629157,-0.17631595,0.5768413,-0.80533075,-0.17351778,-0.15048636,-0.14609918,1,chr9:16039580:transverse_colon:1,FN,0
-0.08420783,-1.2280757,-0.91362816,0.11554493,0.74131256,0.24265388,0.5454232,-0.009892765,0.15857212,0.48014438,1,chr14:90785685:upper_lobe_of_left_lung:0,FN,0
-2.3545473,-1.7192944,-0.4346523,-0.552411,-0.88080233,-0.5822109,0.07215132,-0.47481796,0.082005985,0.3671699,0,chr3:107690540:transverse_colon:0,TN,0
6.0956197,0.62370515,-0.6078483,0.3662824,-0.042434305,-0.5656208,-0.12489443,-0.37753347,0.1018883,0.045153588,1,chr3:75785419:adrenal_gland:0,TP,1
1.4156247,-0.24710977,0.5823722,-0.84724975,0.2472538,0.12981093,1.5588292,-0.4499433,-0.2554594,1.2820696,0,chr20:48986703:body_of_pancreas:0,FP,1
-1.0362198,1.4428931,0.33746833,-0.3438927,0.6711963,1.4349568,0.24063446,0.6691327,-0.10688554,0.7874637,0,chr1:23540459:spleen:0,TN,0
-2.1972125,-0.24168348,-1.4541214,-0.3190094,-0.21459036,0.37847114,-0.09869393,-0.13246661,0.035021074,-0.065489076,1,chr18:46481136:sigmoid_colon:0,FN,0
-2.2432415,0.041789398,-1.0339869,0.47690856,0.22746423,-0.4468022,0.24726315,0.26056013,-0.43866563,0.12832923,0,chr15:57620139:transverse_colon:0,TN,0
-2.783539,1.3428624,0.75334966,1.5588416,-0.22094864,-1.0552466,-0.25085884,0.08158597,-0.044934433,-0.10355496,1,chr1:26921783:esophagus_muscularis_mucosa:0,FN,0
-2.3924382,0.64053583,-1.399786,-0.27794656,0.46416274,-0.44950658,-0.1122181,0.21589711,-0.22595215,0.028645892,0,chr9:127049121:adrenal_gland:0,TN,0
-1.8104389,0.73271006,-0.0022142034,1.6298866,0.11620117,-0.13099357,0.5539624,0.446375,-0.19004802,-0.31607962,0,chr19:35717320:spleen:1,TN,0
-3.288666,-0.29242057,0.5595579,0.88701516,-0.0023042113,-0.92835534,-0.76840144,0.051737025,-0.2313389,-0.029371986,0,chr11:63671929:upper_lobe_of_left_lung:0,TN,0
5.677594,0.5208784,-0.19808899,0.43274987,0.4926927,0.10375509,-0.5453243,-0.34351283,-0.2595128,0.011367264,1,chr7:100965858:transverse_colon:1,TP,1
-1.5741334,-2.0635643,1.0907351,-0.34865507,-0.2853674,-0.9658731,1.1488235,0.4136287,0.21519145,0.67999595,0,chr2:11829237:body_of_pancreas:0,TN,0
1.4199691,0.3291248,1.6765598,-0.21751548,-0.13908407,0.4899573,1.1394894,-0.10865423,-0.21694909,0.5644068,1,chr16:2874817:upper_lobe_of_left_lung:0,TP,1
-1.9154787,0.21134338,-0.43297097,1.492816,0.2246961,0.11564752,0.49580443,0.27538675,-0.059953377,-0.11615894,1,chr9:89604122:esophagus_muscularis_mucosa:0,FN,0
5.390475,0.09971546,-0.3425225,-0.31047022,0.5737716,-0.27159154,0.06511088,0.53432965,-1.3498156,-0.21955393,1,chr15:77077965:suprapubic_skin:0,TP,1
3.7405665,-2.8549345,-0.43208417,0.6181531,-2.0286076,0.049994495,-0.79121196,0.3230364,0.38322252,1.3501774,1,chr7:63016031:adrenal_gland:0,TP,1
1.5575067,-2.2093315,-0.06648946,-0.9692455,-0.69856775,0.65077955,-1.7835362,-0.40167716,-0.82919276,-0.46500188,1,chr2:196068383:prostate_gland:1,TP,1
-3.014665,-0.4806415,-0.21716669,0.5169467,0.26115727,-0.5831488,-0.2743678,0.5536898,-0.31169647,-0.09208503,1,chr18:48137415:body_of_pancreas:0,FN,0
1.0915387,-0.25055826,0.81021416,-1.0385901,-0.8527246,0.34381893,0.72598183,-0.14143129,-0.09997157,-1.0331407,0,chr18:63844476:prostate_gland:0,FP,1
4.92056,-0.5473802,0.22895066,0.47050357,0.9747101,0.7375708,-0.8165448,-0.037546318,0.015557631,0.30306104,1,chr9:42852316:transverse_colon:1,TP,1
6.174217,0.43125334,-0.51739335,0.06295236,0.24480785,-0.60896224,0.03161164,-0.24733087,0.07439269,-0.15131098,1,chr22:46739374:Peyers_patch:0,TP,1
1.0772691,-2.5313983,-0.26231673,0.49437273,-1.5589153,1.0044901,-0.38843855,0.39322236,0.76824987,0.9303693,1,chr1:16513637:thoracic_aorta:0,TP,1
5.623245,1.1356654,-0.5755164,0.27246314,-0.5498639,0.08254292,0.10119918,-0.3522746,-0.0745823,-0.30433202,1,chr10:47381073:Peyers_patch:0,TP,1
-3.0252385,0.68446904,-0.68398464,0.33508232,-0.69930744,-0.17218594,-0.34484226,0.047913484,0.07131337,-0.5049022,0,chr1:107782208:transverse_colon:0,TN,0
-0.30131072,-1.1634549,0.48774904,-1.4367117,-0.37213433,0.12596098,1.0822532,0.5571518,-0.06692318,-0.4321984,1,chr1:244014970:transverse_colon:0,FN,0
0.25915995,-1.2999732,-1.0470102,0.74505496,0.8871282,0.95849353,0.7859166,-0.16967127,0.07053113,0.84892005,0,chr7:2064001:upper_lobe_of_left_lung:0,TN,0
-2.3471818,0.59498256,-0.2580225,-0.36298022,-0.6434695,0.13406968,0.4525027,-0.5260701,-0.305242,0.4524692,0,chr8:27855652:prostate_gland:0,TN,0
-2.0776255,-0.6189799,-0.7860133,0.46389234,0.6888636,0.370429,0.09990167,0.07843731,0.54776865,0.47266838,1,chr20:62355987:gastroesophageal_sphincter:0,FN,0
-1.7979519,-2.4303281,1.4886352,-0.649664,0.15837379,-0.7045367,0.24196233,-0.14093128,-0.20894127,0.04179928,0,chr9:132849549:spleen:0,TN,0
5.867373,0.70321006,-0.22319365,0.30971557,0.51068723,-0.08133779,-0.38383797,-0.8405728,0.20431116,-0.17410703,1,chr7:22550492:tibial_artery:1,TP,1
-1.6006761,0.34393275,-0.3818625,1.1795398,0.66386634,-0.08876492,0.5366246,0.24399985,-0.1296383,0.18652606,0,chr16:86498885:esophagus_muscularis_mucosa:0,TN,0
6.038204,0.47937033,-0.34926417,0.15802525,0.3317593,-0.4131206,-0.097852394,-0.77004665,-0.04080114,-0.49989986,1,chr6:29705705:upper_lobe_of_left_lung:0,TP,1
-2.3998992,-0.5975825,-1.1358542,-0.0083544105,0.030768769,-0.46864378,0.1387023,-0.0947735,0.18813746,-0.27621722,0,chr16:28832746:body_of_pancreas:0,TN,0
-0.80243516,-1.264566,-0.20884869,0.09156865,-0.72990996,0.76809686,0.116505906,0.13659169,-0.06412313,-0.5037395,0,chr16:22195817:testis:0,TN,0
-0.008595005,-1.360752,-0.27858743,0.8418062,1.5755596,0.908353,0.43858427,0.20383339,0.034897402,0.08421973,0,chr2:230068249:tibial_artery:0,TN,0
-2.1467702,-0.9450887,-1.4102293,-0.593967,0.7260548,-0.17938359,-0.41595304,0.63802814,-0.18695809,-0.31219098,0,chr6:150418704:sigmoid_colon:0,TN,0
-2.6804614,-0.23839045,-0.9650402,0.113359295,0.17601913,-0.5369362,-0.37461624,-0.042612195,-0.113749295,-0.03943144,1,chr9:127348292:thoracic_aorta:1,FN,0
5.469148,0.3260376,-0.8528716,0.58107865,-1.235089,-0.2621388,0.2113594,-0.05085065,-0.54637045,0.35296527,1,chr10:38653055:body_of_pancreas:0,TP,1
-2.0048184,-0.21693751,0.6782073,-1.687855,-0.3408542,-0.6127109,0.82330203,0.030343376,-0.08872946,-0.23220755,0,chr19:36692079:body_of_pancreas:0,TN,0
-0.94398755,0.93026024,1.1394475,-1.4454366,-0.3265009,0.7007547,0.48688388,-0.66741145,0.5257864,0.060336187,1,chr20:54142389:sigmoid_colon:0,FN,0
4.5829015,-0.9911177,0.042103443,0.74149466,-0.30982074,0.5830569,-0.28258774,0.18080056,-0.5358335,0.6952366,1,chr13:20119527:transverse_colon:0,TP,1
1.3834972,0.20104428,1.8830693,0.098374076,-0.29077598,0.8420305,-0.58118415,1.6301309,1.0184178,-0.9564125,1,chr19:21484173:testis:1,TP,1
-2.607617,-0.3091569,-0.77608913,0.14927067,0.22154698,-0.5969657,0.24479274,-0.11882209,0.09124698,-0.045073308,1,chr4:77240648:tibial_artery:0,FN,0
-2.5275378,1.0152512,0.01596242,-1.2541254,0.9204104,-0.14023645,-0.2823121,0.012452738,-0.14763717,0.66629416,0,chr9:137525662:tibial_artery:0,TN,0
-2.3408978,0.22565979,-1.6028317,0.034465834,-0.16283698,0.060896646,0.33126968,-0.18225826,-0.03656688,-0.12246434,0,chr12:26525146:spleen:0,TN,0
-2.507419,-1.224511,-0.109223925,-0.72706485,-0.6439439,-0.78903157,0.1714129,-0.39894736,0.18282141,0.108595006,0,chr2:159118640:transverse_colon:0,TN,0
5.8358,0.70878744,-0.2930878,0.24721102,0.57689995,0.026996732,-0.43089062,-0.87202543,0.14040926,-0.1332313,1,chr7:22550492:Peyers_patch:0,TP,1
-1.7724959,0.71894515,-0.9995037,-0.61657333,-0.11171896,0.8419022,0.25190836,-0.14616682,0.15735881,-0.10762045,1,chr6:106223515:gastroesophageal_sphincter:0,FN,0
-1.2696294,-0.9409724,-1.5270964,-0.5591972,1.117233,0.5533537,-0.13628075,0.48328084,-0.095210224,0.10936165,0,chr16:2639134:body_of_pancreas:0,TN,0
-2.051317,0.33732897,-1.1639388,0.15530257,0.6849919,-0.0029814728,0.28708407,0.09389137,0.0465357,0.05701543,0,chr12:52880177:transverse_colon:0,TN,0
-1.3358412,0.41172954,0.9301286,-2.1350408,-0.59050274,-0.41771019,0.35167906,-0.91107774,0.5072453,-0.26880956,0,chr11:10413417:prostate_gland:0,TN,0
-2.535943,-0.42781729,-0.31664884,-0.4331408,0.199116,-0.94410366,-0.63564825,0.0037594058,-0.15776992,0.07284531,1,chr12:9447430:Peyers_patch:0,FN,0
-2.2272494,0.75650024,-1.5363064,-0.4118398,0.43803403,-0.2907221,0.15604651,0.19681534,0.08022776,0.22267325,1,chr13:97810374:thoracic_aorta:0,FN,0
5.879542,0.87649286,-0.60846937,0.2754067,-0.061021637,-1.1694435,0.044532318,0.19498439,0.64537495,-0.00461256,1,chr17:22909996:transverse_colon:0,TP,1
5.367014,-2.0046532,0.90924484,0.12793201,-0.3828435,-0.73283726,0.21607403,0.27229157,-0.06136138,0.54308635,1,chr16:9160191:body_of_pancreas:0,TP,1
0.68327373,-2.0926092,1.066562,-0.05069033,0.9546622,0.8939225,-0.06510091,1.336172,-0.019766036,0.102657385,0,chr9:67726440:prostate_gland:0,TN,0
6.2013845,0.66694134,-0.54124135,0.09055047,0.100350484,-0.73824996,0.109920636,-0.2585877,0.028485293,-0.2007554,1,chr7:142521135:Peyers_patch:0,TP,1
-3.062789,0.34649026,-0.7255919,0.1416708,-0.1062059,-0.11602652,-0.7496841,0.12688097,-0.17986192,-0.1110833,0,chr5:119335395:prostate_gland:0,TN,0
-1.5352812,-1.6695691,2.5395417,-0.68073237,0.52310336,-1.4037802,-0.16123205,0.9278815,-0.20135842,0.3332524,1,chr12:1922226:transverse_colon:1,FN,0
-2.2779572,-0.11409823,-0.69888407,-0.6107829,0.27533358,-0.48067898,0.1808259,0.356852,-0.08208858,0.18921724,1,chr10:23158214:esophagus_squamous_epithelium:0,FN,0
-2.5952976,-0.055685792,-0.64586496,-0.16221924,0.58775866,-0.30526823,-0.17819117,-0.5857038,-0.07226284,-0.1060294,1,chr15:72664145:body_of_pancreas:0,FN,0
1.096127,1.0770508,1.5725267,-1.6804004,-0.47113633,-0.32848483,1.3005303,-0.12674329,0.09510719,-0.82314694,0,chr15:98496405:body_of_pancreas:0,FP,1
0.5449672,-0.2560923,1.1780202,0.39617777,-1.2530997,1.2614764,0.40185398,-0.7741536,0.24514121,0.4345751,0,chr3:4304222:transverse_colon:0,TN,0
-2.1889622,-1.3016613,0.48143867,-0.3510721,0.12202078,-0.44875705,0.7517078,-0.23648538,0.3086534,-0.009854221,0,chr22:50775184:gastroesophageal_sphincter:0,TN,0
1.0602274,4.9555607,0.8531117,-0.91582465,-0.05495579,0.4131829,0.44717458,0.44942296,1.0469571,-0.97280705,0,chr5:80307552:thoracic_aorta:0,TN,0
-3.0320344,0.17711048,-0.2923976,0.3802918,-0.11630225,-0.55775553,-0.29474583,0.3374104,-0.23371409,0.06936297,1,chr9:83219889:tibial_nerve:0,FN,0
-2.2304745,0.027383955,0.05833174,0.67155445,0.07323929,0.23457636,0.02367914,-0.35188875,-0.037545502,0.044834733,0,chr11:69293346:prostate_gland:0,TN,0
-2.5837743,-0.61155313,0.5360494,0.7234468,-0.5820218,-0.023493517,-0.07017384,-0.27913523,-0.019714613,-0.69638497,1,chr9:83219701:upper_lobe_of_left_lung:0,FN,0
-2.1884995,-1.0517458,0.19235155,-0.5852228,0.075241804,-0.21518745,0.21176416,-0.588027,0.13493913,0.9479375,0,chr10:29517575:suprapubic_skin:0,TN,0
-1.8276433,-3.1671062,0.35029113,-1.34497,-0.33860373,-0.6103179,0.08654676,-0.40397525,0.32918894,-0.0009287819,1,chr10:115019245:body_of_pancreas:0,FN,0
6.0798373,0.81296265,-0.79867846,0.27347675,-0.25874758,-0.7642253,0.07033733,-0.36766964,0.0943028,0.01582417,1,chr8:38060267:upper_lobe_of_left_lung:0,TP,1
-2.4087086,0.3509211,-1.3301206,-0.14013457,-0.014000129,-0.072978936,0.26408783,0.08064923,-0.13365832,-0.00051113224,1,chr3:88180571:body_of_pancreas:0,FN,0
-2.4082842,0.85547614,0.6051882,-0.23276383,0.21915011,0.0254933,-0.284138,-0.05719043,-0.5097442,-0.75515914,1,chr16:21935488:tibial_nerve:0,FN,0
-0.311611,-0.15594916,0.561976,-1.9138354,0.55831385,-0.3878024,-0.16734308,0.31412104,0.48745546,0.13911435,0,chr1:11908348:testis:0,TN,0
-2.11483,-1.2204068,-0.77958745,0.72193134,-0.0119347945,-0.3262993,0.681831,-0.044261046,0.16431963,-0.5971868,1,chr11:1652791:tibial_artery:1,FN,0
-0.26337296,-0.40180504,0.50340766,-0.8822973,0.08083355,-0.5213878,0.54466605,-0.69303864,-0.049173333,1.0861198,1,chr22:41951055:Peyers_patch:0,FN,0
-3.080353,0.98017687,-0.35464373,-0.9969843,0.35781062,-0.075121775,-0.28020945,0.13916777,-0.14910309,-0.32650667,0,chr11:123112116:sigmoid_colon:0,TN,0
-0.8411434,0.3726788,-0.6657539,-1.1394101,0.87109023,-0.13145843,0.16162351,0.22560261,-0.17364183,0.66916037,1,chr12:104294234:tibial_artery:0,FN,0
-2.0103726,0.23873588,-0.58017886,0.6039977,0.062171344,0.15913026,0.6602637,-0.30304074,-0.09296517,-0.28346103,0,chr3:126394859:upper_lobe_of_left_lung:0,TN,0
-2.9296856,1.3400049,0.588534,1.5366844,-0.5005003,-0.20517911,-0.09070862,-0.4310984,0.29086304,-0.2632877,0,chr7:1412901:spleen:0,TN,0
3.878963,-0.039317437,0.2429613,-0.2731793,0.19075355,1.1344784,0.31465143,-0.41197842,0.009873566,0.34805197,0,chr8:57203896:upper_lobe_of_left_lung:0,FP,1
2.3743014,-1.3944911,1.5074869,1.5260565,1.3930819,1.0724094,0.06724069,0.42392322,-0.5351725,0.39854497,1,chr2:101151641:body_of_pancreas:0,TP,1
-2.490939,0.18133344,-1.2008846,-0.18848965,0.041217014,-0.35091722,-0.058826964,-0.10926109,0.1543527,0.0113717485,0,chr11:128172276:spleen:0,TN,0
3.005043,-1.5034536,1.2483642,1.562623,-0.060629442,1.6082532,-0.6136326,-0.44981667,0.82142127,1.0044742,1,chr6:31356771:thoracic_aorta:0,TP,1
-1.7699702,-1.6276009,-0.3745505,0.20484568,-0.2778647,1.4375457,-1.2358363,-0.19107342,-0.019318223,0.2930835,0,chr13:24684214:spleen:0,TN,0
5.587313,1.3774935,-0.91950417,0.32366702,-1.0202451,-0.21768594,0.34221643,-0.2576595,-0.005890219,0.30641448,1,chr10:38653296:transverse_colon:1,TP,1
-3.0163012,0.13045739,-0.020998674,0.20281976,-0.993146,0.16080524,-0.41042486,0.13562162,0.17308645,-0.66814417,0,chr12:21437622:transverse_colon:0,TN,0
3.943861,2.5174394,-0.0023502437,-0.87118006,0.80415,-0.62259114,-0.4933339,1.3749835,0.9475934,0.52449393,1,chr8:44636977:thoracic_aorta:1,TP,1
-1.490528,0.4360731,-0.47566086,1.1468611,0.14200556,1.1680311,0.89412135,0.05653574,0.33576038,0.17173326,1,chr15:40906278:gastrocnemius_medialis:0,FN,0
-1.9370877,-3.5530388,0.38785952,0.28748873,0.03765793,-1.1298562,0.27197602,-0.07744997,-0.013645203,0.42727476,1,chr13:24541018:testis:0,FN,0
-1.5500311,1.8903074,0.67653066,0.7222429,-0.7932328,0.41111743,0.66347235,-0.061336655,0.27280557,0.6985141,1,chr16:4548780:esophagus_muscularis_mucosa:0,FN,0
-0.9755369,2.4980533,0.4561394,-0.5925159,0.34796512,0.13466819,0.6245452,0.083545245,-0.47291568,0.9054797,0,chr10:70668464:sigmoid_colon:0,TN,0
-3.289828,1.0863163,-0.65549654,-0.60242116,-0.035607066,-0.26505625,-0.63644093,-0.32322386,0.05888593,-0.08500018,0,chr6:25602473:tibial_artery:0,TN,0
-2.5427098,1.5002531,1.3113897,1.9093473,-0.74284464,-0.9988249,0.01920437,-0.07768511,0.13935095,-0.3878264,0,chr13:46797272:body_of_pancreas:0,TN,0
-1.7068058,0.23358817,-1.0713452,0.40906152,0.5160418,-0.3148248,0.47786027,0.41367298,-0.1994905,0.1747254,0,chr6:26044144:upper_lobe_of_left_lung:0,TN,0
-2.7427557,1.3708186,-0.8281182,-0.3742829,-0.28752315,0.33857417,-0.09607806,0.010394218,-0.3573746,0.14289674,0,chr8:27855652:tibial_artery:1,TN,0
-2.242945,-1.7071538,0.09274309,-0.7335265,0.040945,-0.79993945,0.65854865,0.1937718,0.1017422,0.43576226,0,chr10:12252966:upper_lobe_of_left_lung:0,TN,0
5.297894,0.50719714,0.64328337,-0.14257883,1.1169269,-0.20726398,-0.30028796,-0.96793205,0.1808458,-0.6358876,1,chr19:45678133:prostate_gland:0,TP,1
5.812833,1.152573,-0.6637909,0.19772564,-0.11548284,-1.195735,0.09216782,0.14155619,0.8290215,-0.05706254,1,chr17:23044492:body_of_pancreas:0,TP,1
-2.3397067,0.7267381,0.7026821,-0.6822409,-0.10728746,0.15926032,-0.32860014,-1.4842864,0.33314946,0.06777172,0,chr2:24083716:body_of_pancreas:0,TN,0
5.0116234,3.2650652,-0.63138247,-0.34278533,0.6045039,-0.62977827,0.07474125,0.8975978,1.833072,-0.05381421,1,chr17:25564506:thoracic_aorta:0,TP,1
5.451903,-0.5660267,-0.12215869,0.2345876,0.9270897,0.19645154,-0.471982,0.11497181,-0.14470729,0.051826734,1,chr9:42852316:spleen:1,TP,1
-1.640446,-0.29405257,-0.33072194,0.70607615,0.09943064,-0.046984404,0.47640842,0.28032172,-0.13410453,0.36642727,1,chr16:4273965:Peyers_patch:0,FN,0
-2.9748828,0.99599355,-1.0949125,-0.0008434773,0.36899582,-0.11638651,-0.36164376,0.166931,-0.2163782,-0.077859886,0,chr4:104860777:spleen:0,TN,0
-1.7653644,-1.9613193,-0.18809876,0.8623334,-0.1604314,0.80216664,-0.21977696,0.10853551,0.68076265,0.013500007,0,chr9:470085:prostate_gland:0,TN,0
5.987192,-0.18100649,0.13640542,0.048701596,0.65438694,-0.39699325,0.32498837,0.1908345,-0.35059935,-0.25273493,1,chr19:4352840:tibial_artery:0,TP,1
-2.7981474,-0.35429996,0.6266685,-0.7116542,0.27252167,-0.20146894,-0.2646444,-0.59464777,-0.3539109,-0.2769817,0,chr15:90956097:body_of_pancreas:0,TN,0
-3.332908,0.8843652,-0.4087058,-0.07073865,-0.033556886,0.04806557,-1.3233517,-0.120076545,-0.08267921,-0.1540641,0,chr15:59493200:tibial_artery:0,TN,0
3.8527446,-1.8135687,0.0017711922,0.870287,-0.14136162,1.5477406,-0.045146257,-0.1961801,0.31666738,0.62724864,1,chr1:20575428:prostate_gland:0,TP,1
-2.2350776,-1.8016711,1.2727603,1.4221376,-1.248789,-0.09303904,-0.052000828,-0.32069376,0.5082703,-0.35127506,0,chr2:58241433:upper_lobe_of_left_lung:0,TN,0
-2.3595374,-0.99651945,-0.63274306,0.15070328,0.23956728,-0.41829532,0.07300873,0.26536235,-0.15009332,0.2298087,1,chr1:94599535:adrenal_gland:0,FN,0
-1.8570887,0.30889207,-1.593205,0.028874189,0.25357848,-0.03334829,0.32347375,0.25073633,0.06813148,-0.18110985,0,chr15:21284673:esophagus_muscularis_mucosa:0,TN,0
4.1939673,1.7400272,0.031202165,0.28827393,-0.51355845,0.3517414,0.74311006,0.6363451,-1.2928809,0.10235159,1,chr7:73725711:esophagus_muscularis_mucosa:0,TP,1
-2.926789,0.50079507,-0.8670339,-0.37869403,-0.20742425,-0.39532354,0.04502566,-0.21819906,0.13456923,0.2574101,0,chr6:32700558:Peyers_patch:0,TN,0
-2.0460196,2.140389,0.7250703,0.5632869,-0.7140483,0.44330376,0.28635538,-0.06277299,-0.0018654362,0.66593444,1,chr16:4548780:body_of_pancreas:1,FN,0
-2.6275816,-1.5395589,-1.0183488,-0.2915696,0.10814955,-0.6503282,-0.16358458,-0.030187825,-0.18733576,0.11887286,0,chr3:4712885:prostate_gland:0,TN,0
-2.663567,0.67225,-0.04578449,1.1081079,0.1019243,-0.400252,0.065549105,-0.18325587,0.1576904,-0.012794164,0,chr10:124389232:sigmoid_colon:0,TN,0
3.0078275,-0.18367565,1.1115541,-2.0135505,1.0922736,-0.97002834,-0.32754305,1.7938992,0.8726881,-0.07914453,1,chr8:44636977:Peyers_patch:0,TP,1
-2.5733309,-0.49810016,-0.864227,0.060564607,-0.44062653,-0.16444269,0.1543869,0.36421022,0.043141093,-0.63225526,0,chr1:51769068:esophagus_muscularis_mucosa:0,TN,0
-0.94850904,1.3116382,0.39197946,-0.5131866,-0.59012663,0.4411241,0.7061678,0.3733378,-0.3644147,0.2097204,0,chr5:72164167:thoracic_aorta:0,TN,0
-2.6810205,-0.24871482,-0.26665106,0.8447841,-0.154747,0.041756306,-0.14216189,0.0048200744,-0.12993382,-0.16668007,0,chr1:156385652:tibial_artery:0,TN,0
5.892279,0.8847751,-0.5653437,0.2517609,-0.0032647057,-1.1264783,0.13230522,0.24063134,0.74175954,-0.039696354,1,chr17:22909996:sigmoid_colon:0,TP,1
-2.3814251,-0.72600496,-1.0386418,-0.43344072,0.29358867,-0.52071357,0.2608462,0.1516519,-0.019672573,-0.0070939073,0,chr13:40653727:esophagus_squamous_epithelium:0,TN,0
0.57295996,0.089692995,1.1582017,-1.2291191,-1.491854,-0.2914106,1.4691449,-0.14379236,0.009889304,-0.07273252,0,chr19:49199376:adrenal_gland:0,TN,0
-2.6970932,1.1662964,-1.005314,0.059776764,0.1282847,0.10648803,-0.14612763,-0.29590845,0.109138355,0.27672634,0,chr18:76983624:Peyers_patch:0,TN,0
-2.2371175,1.3813534,-0.545346,0.44233492,0.21946512,0.217098,-0.08542729,-0.04084,-0.4061824,-0.25035396,0,chr15:52449656:gastrocnemius_medialis:0,TN,0
-3.2916737,0.44271532,0.05468853,0.2701933,-0.1573912,-0.8237576,-1.269613,-0.042800494,-0.2719529,0.32243735,0,chr12:117837661:esophagus_muscularis_mucosa:0,TN,0
-2.5372396,-0.5840995,-0.84078836,0.2637569,0.4072409,-0.26717323,-0.066708766,-0.43362394,0.21058653,-0.112624526,0,chr5:175617565:spleen:0,TN,0
4.480754,-0.30193758,0.4302517,0.49904722,-1.211627,0.6637501,0.15364103,-0.4570589,0.3102075,0.62756634,1,chr17:21322644:body_of_pancreas:0,TP,1
0.18976288,-2.8195498,-0.00086292735,-1.4475796,-1.161062,-0.22024246,0.16761419,-0.4175405,0.604041,-0.03982936,1,chr6:43386692:Peyers_patch:0,FN,0
-1.5024915,0.064005,1.4132639,-0.59877217,-0.03535654,-0.18847136,0.4724073,0.056607794,-0.44816893,0.8664069,0,chr14:102063059:thoracic_aorta:0,TN,0
-2.963551,0.5434874,0.039050277,-0.6460069,-0.022531403,-0.9913464,-0.8818111,0.002589084,-0.19135387,-0.08846983,0,chr5:34465583:Peyers_patch:0,TN,0
0.021248112,-3.3258476,1.2644523,-0.8187086,1.751577,-0.68637365,-0.33439356,-0.11498436,0.09150849,0.34143162,1,chr16:57628854:body_of_pancreas:0,FN,0
-1.1502501,-0.14928076,-0.9444134,1.331282,0.83444995,0.71083987,0.8104633,-0.0088149225,0.11420726,0.4973323,0,chr4:1200797:upper_lobe_of_left_lung:0,TN,0
-0.63139695,1.7376575,-0.00027030116,-0.8168853,-0.044897806,0.26375815,0.80985636,-0.2507499,0.047359172,1.6620622,1,chr10:86410550:body_of_pancreas:0,FN,0
-0.4079428,-0.42486158,0.82010186,1.0666147,1.3360267,1.5093317,0.41695783,-0.023319922,-0.41882932,0.066662125,0,chr6:167351302:Peyers_patch:0,TN,0
