PC1,PC2,PC3,PC4,PC5,PC6,PC7,PC8,PC9,PC10,target,example_id,confusion_category,pred_label
-2.117993,-0.67644674,0.43697083,-0.17447081,-0.23998927,0.6000964,0.495093,-1.0312064,0.3211923,-0.2678822,0,chr1:208268555:body_of_pancreas:0,TN,0
-3.426496,-0.3055852,1.1142704,0.4036619,0.012668376,-0.6647969,0.42318177,0.7133775,-0.44244975,0.045765303,0,chr10:100267607:transverse_colon:0,TN,0
-0.9615363,-0.08145577,1.902845,-0.16515955,1.5117351,0.47290674,0.78600085,1.0296882,0.004382679,-0.0019007594,0,chr15:85840427:sigmoid_colon:0,TN,0
1.7409455,-0.89529306,-0.95604885,0.36095592,-1.229297,0.6485277,-0.5169412,0.3177817,0.6110185,0.45749503,0,chr20:53943966:thoracic_aorta:0,FP,1
-2.9316607,-0.2642469,0.5693734,1.2699627,0.72796816,-0.873307,-0.17374358,-0.19910443,-0.07135275,0.504515,1,chr2:46699152:prostate_gland:0,FN,0
2.6062074,2.5695698,-0.12606166,1.0271498,-0.6601793,1.3120959,0.00065975334,-0.39287642,-0.16751994,0.21091934,0,chr5:150847159:prostate_gland:0,FP,1
6.9781747,0.45402727,0.6539474,-0.50354844,-0.5392674,-0.3681868,-0.21008368,0.053050477,0.09125225,0.41997132,1,chr2:86221296:thoracic_aorta:0,TP,1
-4.0525494,-3.2867656,-1.068252,1.1245012,0.9346272,-0.7601275,0.1416441,-0.173045,-0.03827137,0.93070495,1,chr9:33447548:prostate_gland:0,FN,0
-1.3143115,-0.94645315,0.21649641,0.72070307,1.2338377,-0.6598514,-0.21579403,-1.2005194,0.8532726,-0.4200072,0,chr7:100950296:Peyers_patch:0,TN,0
-2.9341915,1.0801663,0.74993634,0.3539532,0.18680032,0.013201124,-0.17514765,0.13378446,0.152187,0.16728774,1,chr8:41651698:testis:0,FN,0
-1.6421405,-1.1597103,1.1401874,-1.9025419,-0.3105452,0.52065367,0.7413079,0.6034859,-0.033387512,-0.6172489,0,chr1:239067551:body_of_pancreas:0,TN,0
-1.6470947,1.5121006,-0.5655372,-0.021500183,0.90953916,0.018732587,-0.94524676,0.05635462,0.24117985,0.43925434,1,chr1:146376989:lower_leg_skin:0,FN,0
4.3291225,0.95143706,-0.50079906,-0.4730546,-0.13177152,-0.58372825,1.7387117,0.3838502,0.78967935,0.75372565,1,chr8:44636977:gastrocnemius_medialis:0,TP,1
-1.4291394,2.6927896,-1.2869533,-0.4315264,0.4918844,-0.008671388,-0.04144537,0.55715567,-0.9325492,-0.023069307,0,chr22:50533646:body_of_pancreas:0,TN,0
-2.2612972,0.46747395,-1.4058497,-0.7504598,-0.42325515,0.109585986,0.7675925,-0.055769935,-0.4525073,-0.122637704,1,chr2:8910313:body_of_pancreas:0,FN,0
-0.42093405,-1.1879264,0.64997894,-0.9224803,2.1336017,0.05763239,-0.28627405,0.00079191645,0.21193737,0.2813656,1,chr6:44627517:body_of_pancreas:0,FN,0
-2.5543528,0.0802057,1.7216976,0.7090313,0.023216005,0.04940007,0.38143647,0.9383739,-0.1879415,-0.091166355,1,chr6:157274469:tibial_nerve:0,FN,0
0.20823999,2.1622994,0.4168471,-0.15952022,0.17917511,0.63058615,0.8632273,0.557844,1.3556783,0.33499196,0,chr2:130144620:spleen:0,TN,0
-3.9152887,-0.7178015,0.06256886,0.28176942,-0.050943617,-0.65709865,-0.18354711,-0.565071,-0.050522614,0.5419371,0,chr20:59515611:transverse_colon:0,TN,0
3.7803814,1.0631398,0.65013576,0.08000171,-1.0474406,1.0481179,0.36857715,-0.14102605,-0.14637142,-0.38984758,0,chr15:63000361:body_of_pancreas:0,FP,1
-2.7882056,0.4844168,1.5574844,0.93808186,0.008198099,-1.0788432,0.3391177,0.9820161,0.119617075,0.19043532,0,chr7:150323436:spleen:0,TN,0
-1.5999953,0.55785775,2.1351578,-1.2718947,0.5188042,0.6647002,-0.44236964,-0.7619081,-0.011444975,0.290992,1,chr6:131199853:adrenal_gland:0,FN,0
6.319666,-0.72452974,0.19063064,0.30467123,-0.26903406,-0.049273536,-0.6522387,0.19839352,-0.26815668,0.12992482,1,chr17:45585364:esophagus_muscularis_mucosa:0,TP,1
-4.6485476,-3.3805413,-1.748125,-0.9721154,-0.49531922,-0.29561183,-0.1550359,-0.2588148,-0.69086546,0.55588186,1,chr9:127348292:gastroesophageal_sphincter:0,FN,0
-2.352571,-0.49723414,0.42853084,0.12719963,-0.075426236,-0.23646139,0.20251538,-0.12476514,0.28395233,0.53408235,0,chr21:43723793:body_of_pancreas:0,TN,0
-0.9582473,-0.2632008,0.40479723,2.0074785,1.0913935,-1.108605,0.78385144,-0.2263814,-0.24315415,0.076603554,0,chr6:138988030:esophagus_squamous_epithelium:0,TN,0
6.717605,-0.2214383,0.16677417,-0.56029576,-0.4000523,-1.1469356,-0.040170405,-0.13546428,-0.101282015,0.05233434,1,chr17:22909996:testis:0,TP,1
-2.824433,-0.72557133,1.1244307,-1.0150932,0.70962656,-0.10365366,-0.6789122,-0.6644741,-0.034522444,0.33949384,1,chr18:56728983:transverse_colon:0,FN,0
5.6865354,-0.368732,-0.6229674,-0.8571848,1.1121658,-0.54226416,-0.37093803,0.1904661,-0.16294695,0.07341902,1,chr11:29644415:prostate_gland:0,TP,1
-2.8105392,-0.8055312,0.3742012,-0.5363215,0.5315942,0.2804418,0.13606757,-0.42684457,-0.16990441,0.32274958,0,chr6:11013986:body_of_pancreas:0,TN,0
5.615969,-1.2934439,-0.6218667,-0.34373304,-0.15639791,-0.33000478,-0.94919753,0.4846028,0.0937827,-0.2591846,1,chr7:100949214:Peyers_patch:0,TP,1
-1.1681507,0.62643224,0.5301559,1.7382305,0.005419802,1.02654,-0.5777489,-0.23899741,0.6518521,-0.09192159,0,chr15:63122523:gastrocnemius_medialis:0,TN,0
-1.6168565,1.2116379,-1.3907502,0.0123658115,0.090693966,0.017431576,-0.30208534,0.1947691,-0.59038365,-0.28710625,0,chr1:19659758:tibial_nerve:0,TN,0
5.330174,-1.1183277,-0.6165702,-0.07160352,1.3692981,-0.66422933,-0.9941936,0.12124697,0.083141,-0.8199356,1,chr11:46305551:body_of_pancreas:0,TP,1
-3.0065553,0.10663853,0.80760986,0.9362833,0.01488845,-0.1797737,-0.068119496,-0.20332123,0.4844346,0.29484776,1,chr5:759207:body_of_pancreas:0,FN,0
-1.9793801,-0.378963,1.570528,-1.2880696,0.623486,-0.07360275,-0.030823188,0.083919585,-0.23871444,0.84426177,0,chr7:100217197:tibial_artery:0,TN,0
-2.3277068,-1.518165,-1.5236472,-0.70539844,-0.7597587,-0.15095048,-0.46913975,-0.29258665,0.54618657,0.04201658,0,chr9:105609267:thoracic_aorta:0,TN,0
-2.0859559,-2.184769,-1.1769137,-1.3285164,-0.8735093,-0.23567376,0.40655756,-0.07129622,-0.19821753,-0.4458366,0,chr3:64325309:thoracic_aorta:0,TN,0
-0.66837513,-1.9450884,-0.6015488,0.7478531,1.0843151,-0.35881802,-0.43168634,-0.77650714,0.46025792,-0.08681831,0,chr17:4639421:upper_lobe_of_left_lung:0,TN,0
-3.191589,-0.07106848,1.5017021,-0.40835238,-0.11054537,-0.081759565,-0.29728478,0.74259615,0.40465268,0.28938928,0,chr14:34228362:thoracic_aorta:0,TN,0
4.572246,0.78590524,-0.40477133,-0.60542274,-0.6210105,0.232243,-0.36500868,0.54978025,-0.82749426,1.3700452,1,chr7:73725711:suprapubic_skin:0,TP,1
-2.548757,-0.89650285,-0.12728179,0.8510887,1.0897086,-0.38890055,-0.014717484,-0.26141757,0.7536509,0.55435616,0,chr3:9862475:body_of_pancreas:0,TN,0
-3.1011877,-0.5883679,1.3294631,-1.189187,-0.19741493,0.4672347,-0.44640806,0.11388662,-0.42149884,0.12855838,0,chr1:225816669:transverse_colon:0,TN,0
3.255775,1.7686099,0.827506,0.8782554,0.06876832,0.7205201,0.75051117,-0.21006954,0.34737036,0.53645146,0,chr2:46818510:body_of_pancreas:0,FP,1
-2.9202135,0.4848056,1.2479414,-0.3895096,-0.5989614,-0.5015498,-0.23603864,0.31551883,0.33813214,0.26536024,0,chr6:2448888:adrenal_gland:0,TN,0
-3.6731987,-0.27008304,-0.63107795,0.80567765,-0.8479874,-0.36267188,-0.03561002,0.29316914,0.5255425,-0.3157802,0,chr12:21437622:tibial_artery:0,TN,0
2.3194761,-1.7218183,-0.030886421,0.53295606,1.934971,-0.6625406,0.02060715,-1.014363,0.31888333,-0.5501272,0,chr6:31356771:prostate_gland:0,FP,1
0.894272,-0.2929883,-1.8091925,-0.3744241,-0.42526042,1.146863,0.038852353,0.071812846,0.22889216,0.24438478,1,chr5:123274158:body_of_pancreas:0,TP,1
-2.9765944,-0.1123089,0.057866145,1.4459255,0.6569693,-1.158168,0.0045730453,0.36705598,-0.15274704,0.37282526,1,chr17:49764139:body_of_pancreas:0,FN,0
6.399145,-0.25419706,0.33128327,0.2028021,-0.684953,-0.3451685,0.31461245,-0.2808974,-0.07340318,-0.0027499842,1,chr12:121918386:transverse_colon:0,TP,1
-1.0958472,-0.9271604,-0.8575698,1.1430631,-0.7467092,-0.48884776,1.0320262,-0.8036115,-0.9222321,-0.1505055,0,chr9:133565456:testis:0,TN,0
-3.7834127,-1.3685408,0.16466641,1.3574213,-0.15705104,-0.35299715,0.34577063,0.5492194,0.3128929,0.017863333,0,chr1:100249897:lower_leg_skin:0,TN,0
-0.74821526,-0.45307025,0.081505254,2.193722,-0.019744592,0.089944735,-0.021604024,-0.745623,0.20672475,-0.23148455,0,chr7:26377045:sigmoid_colon:0,TN,0
0.88438535,0.56368726,-1.0823736,0.8270065,-1.2539138,1.0843202,-0.12469202,0.27670035,0.083078004,-0.11844602,1,chr2:196068383:spleen:0,TP,1
5.0989566,-0.8820561,-0.37580502,0.21281046,0.93867207,0.15707238,-0.6597689,0.458151,-0.053877134,0.51356936,1,chr3:165196968:body_of_pancreas:0,TP,1
-3.3547425,-0.28728282,1.0428513,0.6458795,-0.12181753,-0.29230997,0.27561492,0.25525936,0.25490218,0.23472005,0,chr6:29942249:spleen:0,TN,0
-1.2636768,2.5692167,-0.13094142,0.4532843,0.19292746,-0.48881546,0.6344776,0.32449755,-0.13549957,-0.93147415,0,chr19:48152501:omental_fat_pad:0,TN,0
5.9907436,-1.0010539,0.2605075,0.6740415,-0.14069812,0.38443258,-0.48664206,0.2431242,-0.28707227,0.2702026,1,chr9:42852316:suprapubic_skin:0,TP,1
-2.8651302,0.4927145,-0.9761746,0.6243274,-0.26044196,-0.49688697,0.24626535,-0.5383358,-0.69395494,0.22329067,1,chr1:29230711:body_of_pancreas:0,FN,0
4.5447774,-1.153165,0.5105453,1.4379712,-0.5831594,0.7973234,-0.42438754,0.18305056,-0.10566604,-0.03127673,0,chr19:7637688:body_of_pancreas:0,FP,1
4.0261583,2.244075,1.9734502,-0.5391045,0.36049888,0.010037495,0.58092576,-1.7044779,-0.049212392,-1.0344139,0,chr16:85056622:adrenal_gland:0,FP,1
5.8901997,-1.3806219,-0.2569474,-0.07866473,0.10939693,-0.1907614,-0.75348234,0.4285755,-0.2477454,0.13722195,1,chr3:75785357:upper_lobe_of_left_lung:0,TP,1
-1.9580165,2.5030987,0.8437971,1.1238154,0.26244685,-0.2707966,-0.5052643,0.43966395,0.016480621,-0.35106987,0,chr7:5487175:body_of_pancreas:0,TN,0
5.3121967,-1.6198956,-0.59155136,-0.22949547,-0.022704674,-0.38999557,-0.37054905,0.035523124,-0.20121261,-0.8619478,1,chr7:142771759:body_of_pancreas:0,TP,1
-2.0353875,-0.10067887,1.4925452,-1.080101,0.36186826,0.40436894,-0.64385825,-0.4183999,0.44402993,0.41323644,1,chr6:131199853:Peyers_patch:0,FN,0
-4.2610955,-2.5736904,0.02853483,-1.1265913,-0.6597911,0.048745845,0.638196,0.6641374,-0.45152846,0.02377485,1,chr12:8058040:tibial_nerve:0,FN,0
-3.3898711,0.6479702,-1.1905293,0.028490465,-0.3680333,-0.3576031,-0.13315806,-0.60297006,0.07112557,0.25471243,1,chr6:32967583:body_of_pancreas:0,FN,0
-3.6029036,-0.48692366,0.45112976,-0.56102616,-0.31714657,-0.30845854,-0.18026999,0.64653826,0.32741523,0.21807179,0,chr6:32622665:body_of_pancreas:0,TN,0
-2.7672136,-0.25407523,1.1530241,-1.4478925,-0.5878946,-0.5118614,-0.027886588,0.6835251,0.29932782,0.38865513,0,chr5:75681235:upper_lobe_of_left_lung:0,TN,0
-2.2244682,2.3627582,0.45001683,-0.07730671,-0.7946497,-0.61610425,-1.1686205,0.20004942,0.03715178,-0.40840322,0,chr13:108155918:adrenal_gland:0,TN,0
-2.7275572,-0.012258593,0.7287588,0.19432122,-0.12259047,0.054741304,-0.31543735,-0.44503438,0.34143907,-0.5853322,1,chr5:149431239:upper_lobe_of_left_lung:0,FN,0
-1.6126243,2.375623,-0.14901078,0.24935271,0.75267535,-0.23466004,0.17094098,0.16537285,0.08878665,-0.857717,0,chr17:74791544:spleen:0,TN,0
-2.9566653,-1.254073,0.33797336,-1.208817,0.2830601,-0.28776258,-0.41042602,-0.86928135,-0.35952526,0.3796137,1,chr9:127348292:Peyers_patch:0,FN,0
-3.617564,-0.6528507,-1.1474018,-0.31164935,-0.71723205,-0.38233826,-0.7815664,0.039267313,0.3094318,0.53435373,0,chr10:1227900:thoracic_aorta:0,TN,0
6.400999,-0.26173967,0.62072134,0.33136767,-0.7659573,0.028173055,0.15728842,-0.18275177,0.385457,-0.011353005,1,chr11:60251676:spleen:0,TP,1
-0.1713445,-0.20720196,0.48679584,-0.17524451,-1.0014914,-0.07066745,1.0228671,0.9287598,1.084829,-0.5923772,0,chr1:51769068:tibial_artery:0,TN,0
-2.7127657,1.0188674,0.5666022,0.86678976,0.38735557,-0.6622236,-0.47545633,-0.0031076341,0.16873829,0.40278018,0,chr15:34210265:tibial_nerve:0,TN,0
7.273571,0.51967716,0.7554226,-0.2303471,-0.27228582,-0.45741135,0.1165531,-0.30052593,0.20158349,0.51929206,1,chr9:42974893:transverse_colon:0,TP,1
-3.2097027,-2.2045734,-2.1495934,-1.0502042,-0.59244907,0.59578913,0.4046524,0.31337184,0.7472713,-0.9161516,0,chr2:171054379:body_of_pancreas:0,TN,0
-2.41957,-0.9877181,1.9055713,0.4018459,1.0447276,0.004999435,0.5960183,0.43126887,-0.49450484,0.10710488,1,chr5:181184339:prostate_gland:0,FN,0
6.3988266,-0.7648505,-0.12785335,-0.4138262,-0.28650203,-0.8446,-0.5360415,0.114006385,-0.40407145,0.18348883,1,chr6:31374359:spleen:0,TP,1
-1.0010487,1.7329135,-1.6720148,-0.27741987,0.19644883,0.61892074,0.26427853,-0.4162025,-0.04515255,0.28531995,0,chr12:21313572:upper_lobe_of_left_lung:0,TN,0
0.008292082,-2.1272988,0.6958037,-0.26364166,0.8276744,0.96462685,0.60783494,0.67833537,0.16765793,-0.6824083,0,chr10:77620178:thoracic_aorta:0,FP,1
5.0893884,-0.75802076,0.36066678,0.9771475,-0.7519276,0.116605066,0.12409429,-0.21434876,-0.5211485,-0.013338401,1,chr19:47436804:sigmoid_colon:0,TP,1
-3.1667886,-0.6439436,1.1464369,0.49422556,0.20577036,-0.44392097,0.59657365,0.21656936,-0.22563061,0.46504524,0,chr5:109409450:transverse_colon:0,TN,0
-1.3658748,2.0134559,-1.2508546,-0.53531265,0.4273142,0.28943604,-0.21337259,-0.032982383,0.802706,0.40504324,0,chr12:14454207:adrenal_gland:0,TN,0
-3.1881132,-0.9402273,0.08360139,-0.2238498,-0.2512575,0.50650537,-0.2475999,0.050551932,0.49025443,-0.25387585,0,chr22:26483000:body_of_pancreas:0,TN,0
-0.20039603,-0.24693626,0.69694424,-0.10125776,-0.75110006,1.7548884,0.23291425,-0.7084305,0.038018726,-0.7511519,0,chr4:10582403:Peyers_patch:0,TN,0
-1.650985,1.9383895,-1.3943863,0.03963076,0.2815229,-0.07790843,0.5941181,0.08566335,-0.4775962,-0.59225166,0,chr2:161273349:adrenal_gland:0,TN,0
-3.4101622,-1.3564479,-0.444192,-0.6538306,-0.5672386,0.09591305,0.16859014,-1.0532851,-0.458079,0.46826723,1,chr4:77240591:gastroesophageal_sphincter:0,FN,0
6.441144,-0.5434191,0.4149061,0.20217775,-0.7320773,-0.12447703,0.056738745,-0.041022774,-0.2976708,0.3431392,1,chr17:43360096:transverse_colon:0,TP,1
-3.3052194,-0.21043946,0.18365394,0.95847803,0.42239574,-1.0002304,-0.37683406,-0.61777866,-0.05607642,0.12879694,0,chr16:70801195:esophagus_muscularis_mucosa:0,TN,0
5.07473,1.1275504,1.6039578,0.98788565,-1.4561187,0.7423819,0.76830924,-0.83421296,0.36065012,-0.11745184,1,chr2:111313881:body_of_pancreas:0,TP,1
-3.2177231,-1.660643,-0.12060584,0.016829057,-0.5601464,-0.3893141,0.14616537,1.1346298,0.38758814,-0.24764454,1,chr4:119212065:upper_lobe_of_left_lung:0,FN,0
6.6779804,0.028960561,0.06524659,-0.56722957,-0.30217022,-1.026034,0.19106542,0.02840617,0.10289833,0.06476646,1,chr17:22856764:sigmoid_colon:0,TP,1
-2.7935426,-1.2455878,1.0549445,-1.9438112,-0.2972624,0.2948143,0.23217897,0.87295467,-0.08842182,-0.07798732,0,chr18:46481136:Peyers_patch:0,TN,0
-1.4789047,-0.95446384,1.7345649,1.2546395,0.20569621,-0.124940425,0.78401953,1.049668,0.18224344,0.37359485,1,chr15:40906278:transverse_colon:0,FN,0
-2.021565,0.45070952,0.13166183,1.6254712,1.2997075,-0.028343668,0.2239329,0.21499816,0.079707876,0.12712571,0,chr4:2764553:thoracic_aorta:0,TN,0
-3.344575,-0.44433576,0.31546926,0.40111414,-0.5734652,-0.002365213,0.035590965,0.21573977,0.60420984,-0.50203866,0,chr1:220775349:transverse_colon:0,TN,0
-2.6862204,1.338699,0.050033167,0.43230966,-0.3564827,-0.22102873,-0.6563206,-0.4158007,-0.26140228,-0.055972643,0,chr8:123042465:testis:0,TN,0
6.598285,-0.32569844,0.36932805,0.11449751,-0.33804616,-0.09588697,-0.46264803,0.06071499,-0.21792686,0.27834332,1,chr17:45585364:body_of_pancreas:0,TP,1
4.9213862,-0.540689,-0.47666726,-0.09174282,0.095479175,0.6474987,0.09435784,0.5664828,-0.51198226,0.9724335,1,chr19:4352840:upper_lobe_of_left_lung:0,TP,1
5.012012,-0.73719126,-0.35309505,-0.2736452,1.0705953,-0.3693468,-0.33482647,-0.4255543,0.81458384,-0.78536093,1,chr19:45678133:adrenal_gland:0,TP,1
-3.239706,0.183173,-1.3281461,0.051648907,-0.48532513,-0.30715773,0.05305733,-0.7601936,0.36650458,0.35143822,0,chr6:32967583:gastrocnemius_medialis:0,TN,0
-2.762085,-1.6836371,-0.026517054,1.0979939,-0.8355072,-0.10382295,-0.22095133,0.4572086,-0.46462837,-0.28324845,0,chr16:87950990:body_of_pancreas:0,TN,0
0.8154147,0.84249234,0.8641391,-1.0617275,-0.72300935,-0.39247543,0.93826354,-1.1532093,0.809378,-0.22866394,0,chr19:22302101:esophagus_squamous_epithelium:0,TN,0
-0.4853163,3.6793928,-0.12331625,0.33022594,-0.2618356,0.023756836,-0.9211393,0.033100184,-0.16390225,-0.5521493,1,chr7:5085799:spleen:0,FN,0
7.0709524,-0.045206007,0.5009587,-0.12483844,-0.29502773,-0.44980997,-0.17036961,-0.10475344,0.15262245,0.22846507,1,chr9:42974893:tibial_nerve:0,TP,1
-1.8445592,-1.7395821,0.14121564,2.1204994,1.0627378,-0.7383992,0.3296545,0.39858082,0.086759135,0.748703,1,chr11:32892862:upper_lobe_of_left_lung:0,FN,0
-3.5422485,-1.5600532,-1.3531431,0.045284614,-0.70745605,0.5616314,0.46720392,-0.7970236,-0.21978423,0.24145156,0,chr10:69743429:testis:0,TN,0
7.001736,-0.14034799,0.31443748,-0.41027263,-0.11608579,-0.98333424,-0.38847452,-0.093060076,-0.4013119,-0.1640896,1,chr3:75785547:gastrocnemius_medialis:0,TP,1
-1.8142956,0.9491089,-1.2082965,-0.30962804,0.49966875,-0.07749198,0.13630225,-0.93425786,0.22570437,-0.5041027,0,chr1:201704952:spleen:0,TN,0
2.2323446,1.0740418,-0.53834283,0.98088926,-0.04584922,1.9534845,-0.7177644,0.5243643,0.35700008,0.08482653,1,chr17:879808:tibial_artery:0,TP,1
-2.8564415,0.03893095,-1.3256195,-0.47861248,-1.0985261,-0.04635244,0.13328308,-0.7709539,-0.2904341,0.10446236,0,chr3:177592618:thoracic_aorta:0,TN,0
-4.310627,-0.6478666,-0.74180317,-0.013532316,-1.017726,-1.0514916,-0.42317122,-0.21953695,0.35459158,0.24019043,1,chr15:82365725:suprapubic_skin:0,FN,0
-2.6327865,0.17888637,0.6276648,1.6802473,0.48683858,-1.2854095,-0.29698366,0.1814913,0.5155198,0.20720391,0,chr8:94640757:transverse_colon:0,TN,0
1.1921375,-0.32414994,0.98122084,1.9438719,0.92749286,1.214271,0.23757671,0.045981497,-0.7196896,0.070009135,1,chr22:49724957:upper_lobe_of_left_lung:0,TP,1
-2.9241304,-2.412913,-1.3489978,0.5821172,0.86285037,-0.39286196,-0.19345756,-0.6357666,-0.040113453,0.2377365,0,chr22:23289163:upper_lobe_of_left_lung:0,TN,0
6.6189675,-0.20618245,0.43463346,0.03363966,-0.78021586,-0.3537223,0.23982091,-0.31589103,-0.046027206,0.2178863,1,chr12:11071467:body_of_pancreas:0,TP,1
-1.9859083,-1.5700983,1.1058626,0.187869,0.6550774,0.31373516,0.46692348,1.2419051,0.87336785,-0.031676527,1,chr6:169655219:tibial_nerve:0,FN,0
-1.4206144,-0.5788499,0.47774217,0.965749,0.38131973,-0.4897766,0.51763374,0.9664226,0.5959627,-0.16667691,0,chr19:41706904:upper_lobe_of_left_lung:0,TN,0
-3.2686336,0.31559426,-1.8253876,0.7865977,-0.09270762,-0.5285925,-0.02216086,-0.1477674,-0.24401091,-0.19143529,1,chr19:49085162:gastroesophageal_sphincter:0,FN,0
2.9676132,-0.21882956,0.30833694,0.7925747,0.27186823,1.41319,-0.28366327,0.24551205,0.11994877,-0.108358346,0,chr16:2661012:tibial_nerve:0,FP,1
-1.2130768,1.71043,-1.262837,0.100816414,0.45125008,1.6021894,-0.28525555,0.025166012,0.42741087,0.42629808,0,chr6:16409816:esophagus_squamous_epithelium:0,TN,0
-3.7488885,-2.995587,-0.7867698,-0.33491132,-0.7053542,0.55299747,-0.050345074,0.05844804,0.028897954,-0.26354757,0,chr6:154371294:thoracic_aorta:0,TN,0
-1.4692056,-0.57861644,1.2507963,0.92409647,1.0808724,-0.6270436,0.40309268,-0.10579329,-0.035924636,-0.022231966,0,chr17:37489615:gastroesophageal_sphincter:0,TN,0
-2.851683,0.59631056,1.270972,-0.34948045,-0.014880844,-0.30320174,-0.900963,0.05139335,0.09668405,0.20502244,1,chr5:149431239:spleen:0,FN,0
3.6111078,-0.27245408,0.6997032,0.40265694,-0.4311119,0.24773562,0.06983519,-0.88986105,0.114520505,-0.5764583,1,chr12:1922226:body_of_pancreas:0,TP,1
3.066548,-2.0869539,-0.92811,0.25869328,0.7795628,0.24905756,-0.083458886,-0.42270374,0.5440336,-1.1615891,0,chr22:11703827:prostate_gland:0,FP,1
-1.7713121,1.708239,-1.9173573,-0.26207528,0.68786144,-0.12891829,0.49871323,-0.40134653,-1.0248791,0.2365513,0,chr3:58305852:sigmoid_colon:0,TN,0
6.669088,-0.2384596,0.24781753,-0.53121686,-0.2106029,-0.9951474,-0.34795615,-0.014564851,-0.27194473,-0.051601984,1,chr21:42863253:Peyers_patch:0,TP,1
-2.3713746,0.29439032,1.4879649,-0.026914515,0.6587597,0.32061026,0.035885934,0.6344953,-0.18717235,0.14382102,1,chr12:104294234:transverse_colon:0,FN,0
-3.667561,-1.5558945,0.121102996,-1.3547064,-0.55341434,-0.2870961,-0.49330634,-0.8241748,-0.26195398,0.750358,0,chr18:3595766:Peyers_patch:0,TN,0
5.282479,0.37722453,-0.29188278,-0.4940342,-0.14127919,-1.0010726,0.93850595,0.023314614,1.004238,0.085531004,1,chr8:44636977:sigmoid_colon:0,TP,1
-0.1400899,-0.8741802,0.80036026,-0.6846859,-0.10840455,0.06984417,0.29883775,0.36302754,0.3964341,-0.38029933,1,chr19:21585701:body_of_pancreas:0,FN,0
-1.9891993,-2.2237716,-0.672243,-1.2272389,-0.6161395,-0.0581633,0.63409936,-0.35829037,0.0834577,-0.87084025,1,chr14:25132674:body_of_pancreas:0,FN,0
-3.791031,0.2738111,-0.32685655,0.8797694,-0.6803217,-0.6046672,-0.19417264,-0.25780615,0.16042541,-0.26279154,0,chr1:165592941:suprapubic_skin:0,TN,0
5.387946,1.2979136,0.80294067,0.29826653,-0.20245937,0.7785384,-0.11506421,-0.5268322,1.1322061,0.11303901,1,chr8:18872306:body_of_pancreas:0,TP,1
5.447121,-0.55229133,-0.3978638,-0.4831049,-0.05279221,-0.6000196,0.07909539,0.032794293,-0.7094655,0.05644452,1,chr2:158415565:gastroesophageal_sphincter:0,TP,1
-2.249317,-0.9798257,0.8136149,-0.7839847,0.6146396,0.120621294,-0.13704613,-1.2716221,-0.64219654,0.66916144,0,chr14:74252095:tibial_artery:0,TN,0
-2.130217,-1.5455556,-0.26915082,-0.4881147,-0.23151213,-0.73522884,0.018727642,0.07071985,0.23954938,0.26568937,0,chr2:111667723:gastrocnemius_medialis:0,TN,0
-3.765182,-0.46968,0.22353925,-0.68746,-0.8219303,-0.51534957,-0.1932642,-0.41620514,0.03576361,0.21238494,0,chr21:30341086:testis:0,TN,0
-1.7476388,0.91447294,2.171652,-1.5732759,0.47597957,0.3978659,0.043965165,-0.2179135,-0.7786998,0.35505232,0,chr19:42884973:prostate_gland:0,TN,0
-2.4340732,-0.87429756,-1.9515442,0.7180027,0.8129007,-0.28477374,-0.13077524,-0.34991917,-0.11515963,0.098916076,0,chr9:94623665:Peyers_patch:0,TN,0
-3.2625978,-1.4226978,1.0130008,-0.6708529,0.22937319,-0.35996076,0.3068112,0.5175013,-0.38111368,0.41790447,1,chr20:54201250:sigmoid_colon:0,FN,0
5.246569,-1.7708884,-0.3152577,0.78362346,0.22328816,0.43329334,-0.7285563,0.4396881,-0.40213284,0.051044583,1,chr9:42852316:spleen:0,TP,1
5.7581506,-0.5885609,-0.4294132,-0.2862597,0.6667516,0.35586283,-0.9099778,0.4102802,0.21241029,0.3589905,1,chr16:14812040:prostate_gland:0,TP,1
-2.8444312,0.5475688,0.61646193,0.037680347,-0.14825371,-0.4071321,0.33578354,0.99288434,0.30568716,0.24342616,0,chr15:61621312:upper_lobe_of_left_lung:0,TN,0
-0.21389176,-2.213694,-0.6753459,0.82748234,-0.5143096,-0.2582137,0.049052022,-0.20935312,-0.07297355,-0.27271265,1,chr9:83219701:Peyers_patch:0,TP,1
4.2219186,-1.5021706,0.051266134,-0.7689476,-0.29398507,-0.07819278,-0.21783787,-0.7230492,-0.5524438,-0.8552214,1,chr4:75289967:upper_lobe_of_left_lung:0,TP,1
-2.1822155,0.4486668,0.87348825,-0.71397126,-0.3422677,-0.2641228,-0.6345271,-0.2819358,0.50845563,0.73739123,0,chr11:13873413:transverse_colon:0,TN,0
6.600097,-0.3981564,0.5642756,0.0104733305,-0.82230353,-0.0706683,-0.30408597,-0.004615331,-0.10092189,0.25701806,1,chr6:29705705:adrenal_gland:0,TP,1
3.0723262,-0.78298426,-1.0676427,-0.014645367,-0.94062674,-0.56112343,0.5523787,0.4145375,-1.3291922,0.052688465,1,chr2:196068383:tibial_artery:0,TP,1
-3.4808424,-0.74098855,0.64242023,1.0910769,-0.101066045,-0.3615889,0.36667785,0.14761916,-0.0008164226,0.21814506,0,chr2:231056871:esophagus_muscularis_mucosa:0,TN,0
1.7291459,-3.2040164,-2.6247423,-0.36693016,-0.37244955,-0.21103196,-0.034721468,0.7930417,-1.1903759,0.67727774,1,chr8:30230823:esophagus_squamous_epithelium:0,TP,1
-3.9816554,-0.5564562,-0.37548298,-0.31394118,-1.338596,-1.0981473,-0.77658176,-0.24796362,-0.066865265,-0.047554214,0,chr4:42568593:esophagus_squamous_epithelium:0,TN,0
-1.527776,2.3430376,0.12857133,1.0289638,-0.13681594,0.36567193,-1.185955,0.6596394,-0.3270594,-0.31639934,0,chr17:49223905:testis:0,TN,0
-2.1012216,2.0890687,-0.7092674,0.3742876,-0.11422265,-0.031519707,-0.65306336,-0.42905787,0.4260343,-0.28389728,0,chr19:19901831:body_of_pancreas:0,TN,0
-0.05544004,1.2526255,0.33547702,0.9942819,0.40432215,-0.27304152,0.676215,-0.7564377,-0.34964058,-0.011350976,0,chr6:33789269:tibial_artery:0,TN,0
-3.5402389,0.020215746,0.7275472,0.07891322,-0.21430944,-0.606588,-0.41643298,-0.7321813,-0.017922122,0.59085745,0,chr2:213152392:gastroesophageal_sphincter:0,TN,0
-2.7502036,0.3047795,0.93934256,1.2168899,0.38545796,-0.5526462,-0.115819655,-0.7131414,-0.124258384,0.21907294,0,chr7:66591994:gastroesophageal_sphincter:0,TN,0
-3.9110754,-1.9197493,0.2365204,0.08604537,-0.5678858,-0.5146719,0.09837907,1.4638153,0.20900853,-0.051492106,1,chr4:119212065:transverse_colon:0,FN,0
-1.7970684,-1.7868217,-0.17137794,2.4493897,0.24599317,-0.4102175,0.4567317,-0.28500938,-0.42317402,-0.20958892,0,chr16:89701647:prostate_gland:0,TN,0
6.2057524,-0.16786319,-0.34333584,-0.59919673,0.71920425,-0.9353949,-0.80781674,0.18068573,-0.17792796,-0.27855676,1,chr15:24767525:gastrocnemius_medialis:0,TP,1
5.8011184,-0.02292138,0.8362999,0.58784443,-0.65561247,0.7879353,-0.25869074,-0.026259178,0.21795695,-0.0013977617,1,chr6:134677172:body_of_pancreas:0,TP,1
-2.76473,-0.6342543,0.42289576,-1.1039847,-0.20143704,-0.24823669,-0.3499322,-0.74996996,-0.28812397,-0.026889972,1,chr12:91578079:upper_lobe_of_left_lung:0,FN,0
6.389706,0.083259284,0.629836,0.30586872,-0.99459195,0.20161964,0.43025094,-0.18204233,-0.5799782,0.97744304,1,chr12:48753691:prostate_gland:0,TP,1
-3.085623,-1.027498,0.6286062,1.4163818,0.58226687,-0.14043552,0.76901466,0.36968702,-0.3665892,-0.070715584,0,chr7:56052250:transverse_colon:0,TN,0
-0.39179274,2.796703,-1.0826542,-0.07631881,0.30525386,0.32432333,0.08817475,0.26582932,-0.5605716,-0.15899052,1,chr2:168375394:esophagus_squamous_epithelium:0,FN,0
-1.5996448,0.47126517,-0.66096985,0.9757385,-0.9019392,-1.051389,0.45819306,-0.03339149,-1.3395739,-1.0060667,0,chr11:8225583:body_of_pancreas:0,TN,0
-1.1298045,1.4140778,-1.2815249,-0.68011194,0.9119474,0.036984913,0.71610034,1.4181749,0.96441567,0.30468875,1,chr20:28507029:Peyers_patch:0,FN,0
-2.3566415,2.146866,0.7592317,-0.38806686,-0.41773427,-0.6275043,-0.8409125,0.82092756,0.34843117,-0.24684162,0,chr12:66270210:Peyers_patch:0,TN,0
-3.1721716,-0.3127453,1.0674397,-1.014637,-0.6624412,-0.5056554,0.039315607,1.4116763,0.23797849,0.10106546,1,chr6:106223515:thoracic_aorta:0,FN,0
-1.7768011,-0.97090805,0.43354937,1.0060246,-0.8711451,-0.29508612,0.27617675,0.91131264,0.14310446,-0.4839005,0,chr6:125956733:prostate_gland:0,TN,0
-1.654101,-0.13929461,-0.76080036,-0.44651392,-0.8704372,-0.39791837,0.73038703,-0.92378414,0.29329878,0.44042262,0,chr1:86740786:body_of_pancreas:0,TN,0
5.595497,-1.5676143,-0.50767976,-0.034913424,0.20186378,-0.053048477,-0.96000767,0.42829338,0.08000393,-0.14318322,1,chr3:75785357:tibial_nerve:0,TP,1
6.860541,0.105339445,0.42364818,-0.36673886,-0.50773925,-0.21583048,-0.36317322,0.089859955,0.29379958,0.1695772,1,chr2:86221296:spleen:0,TP,1
0.6782844,1.4142724,0.98332715,1.5094807,-0.084828034,0.23674208,0.33954877,-0.26869127,0.078771636,-0.060993526,0,chr22:38412761:tibial_artery:0,TN,0
6.415011,0.6072011,-0.17437734,-0.41366178,-0.21095064,-0.53514534,0.38866895,-0.27695614,0.25900474,0.2365702,1,chr17:22856764:esophagus_muscularis_mucosa:0,TP,1
-2.4752393,-1.1309826,-0.54184324,-0.52103084,-0.44531754,0.13560475,0.27201316,-0.69654435,0.47714788,-0.20509987,0,chr10:90003755:omental_fat_pad:0,TN,0
1.8497554,1.6049631,0.84618515,1.8062694,-2.0005229,0.84010756,-0.02170639,0.33077618,0.16328633,-0.5020245,1,chr9:83219889:prostate_gland:0,TP,1
-3.2786033,-1.0659906,-0.23684038,-0.30709842,-0.2855147,0.81081367,-0.44403848,-0.39585036,0.0721898,0.2622568,0,chr15:92073710:upper_lobe_of_left_lung:0,TN,0
-1.9041331,2.5808325,-1.3341528,0.19565894,0.39390078,0.6151779,-0.5215852,0.118120596,-0.41193876,0.17867984,1,chr16:24041998:thoracic_aorta:0,FN,0
6.295753,-0.5855958,-0.07452178,-0.34174824,-0.4632588,-0.10380968,-0.395036,0.158881,-0.05968665,-0.0048527922,1,chr2:86221296:transverse_colon:0,TP,1
6.599198,-0.6094119,0.2052199,-0.16574845,-0.1946728,-0.5948411,-0.5233389,-0.024631174,-0.5220391,0.03325286,1,chr7:22550492:upper_lobe_of_left_lung:0,TP,1
-2.1087234,0.4801125,1.6617551,-0.65131605,0.42787865,0.66202575,-0.41202298,-0.4262939,-0.4030615,0.13882567,1,chr12:104294234:upper_lobe_of_left_lung:0,FN,0
-2.2553647,-0.556109,0.990969,-1.4114592,-0.10412803,0.62923074,-1.0889982,-0.6651255,-0.16678382,0.14162602,1,chr9:17531876:testis:0,FN,0
-3.3893185,-0.9596884,-0.04374155,1.1942711,-0.3839765,-0.83607477,0.07209875,-0.15011114,0.5074118,0.45813933,0,chr17:81513924:transverse_colon:0,TN,0
-2.83859,-2.2360294,-0.10189649,1.9255587,1.0976293,-0.9386405,0.5545152,-0.22774503,0.023299163,0.71408933,1,chr8:28701937:tibial_artery:0,FN,0
-2.152458,-0.5505818,0.35154745,-1.0521147,-0.33990598,-0.1918655,0.30446306,0.19895698,0.13033319,-0.28717852,0,chr10:57850111:body_of_pancreas:0,TN,0
-0.97334844,1.9199375,-1.8680748,-0.72616893,0.7345442,0.055199753,0.84892416,0.43599722,0.81187624,0.9158878,1,chr2:92401043:gastrocnemius_medialis:0,FN,0
-3.0371048,-1.7841952,0.16515164,1.9630922,1.1001213,-0.38103357,0.5150585,1.0693717,-0.17845583,0.084192455,1,chr7:100894790:Peyers_patch:0,FN,0
-2.7154832,1.0494357,-0.7753352,-0.2864234,-0.49321026,-0.5532068,-0.030447934,0.6222115,-0.60088676,-0.71147275,0,chr2:168136611:spleen:0,TN,0
-0.4110703,1.6942149,-0.0909423,0.36600983,-0.62537277,0.50124353,-0.40138382,0.5346763,0.26928034,-0.49288854,0,chr5:138352147:Peyers_patch:0,TN,0
-2.65372,1.2676011,-2.0616238,-0.58667165,0.50569314,0.13925993,-0.22703016,0.07379114,-0.6377398,0.35665542,1,chr7:97819413:Peyers_patch:0,FN,0
-3.0100474,-0.64405435,0.99070615,-1.8920223,-0.51484615,0.2557702,-0.3893113,-0.40147245,-0.6053448,0.12572533,0,chr2:19313124:tibial_artery:0,TN,0
-3.8546782,-2.1373904,-0.7987136,-0.5368436,-0.5695939,-0.28143975,-0.17169692,-0.51802826,-0.09728447,0.8334621,0,chr7:144362043:tibial_artery:0,TN,0
0.25744984,-2.9256487,-1.0885464,0.7373351,-1.1611444,1.312213,0.58529264,0.24522129,-0.17370805,-0.6255149,0,chr11:10669815:body_of_pancreas:0,FP,1
-2.2594023,1.8911352,-1.7535225,-0.27244687,0.6882829,0.41643605,-0.45308623,0.24654648,-0.3803815,0.54605484,1,chr2:15431088:body_of_pancreas:0,FN,0
-1.1470779,2.0714862,-1.6798054,-0.7291397,0.4006862,-0.21950014,-0.13144347,0.3478545,-0.2658099,-0.1075965,0,chr5:56888782:body_of_pancreas:0,TN,0
-3.1440628,-0.8867111,0.54028606,-0.3173761,0.39057705,0.57571834,0.05271501,0.6652193,-0.62045664,-0.44781545,0,chr10:125126834:body_of_pancreas:0,TN,0
-2.5580695,-0.060425796,1.930465,0.29476923,0.26971227,-0.3458902,0.7367683,1.1533796,0.1646988,0.080858685,1,chr5:141914293:upper_lobe_of_left_lung:0,FN,0
-2.0760498,-1.6397026,-1.8572246,0.67393297,1.6859357,0.25215477,0.13984397,-0.88547707,-0.26911077,0.0046295826,1,chr9:16133854:body_of_pancreas:0,FN,0
-1.4496349,1.1304215,0.58825135,-0.6049014,-0.31118274,0.09078811,0.14588024,-0.6823146,0.118672505,-0.119924754,1,chr7:16695960:tibial_artery:0,FN,0
0.042681143,0.26026964,-1.2788254,0.63918954,0.39678112,0.9989796,-0.32666525,-0.3283905,0.4377381,-0.21931005,0,chr4:112286542:body_of_pancreas:0,TN,0
-2.4458609,1.6613166,-1.4903252,-0.14208463,0.11414075,-0.25294963,-0.31236792,0.15017433,-0.5464588,-0.60891676,1,chr9:117160276:body_of_pancreas:0,FN,0
-1.4537807,1.6309868,-0.7181214,0.09346477,1.6233307,0.108862646,-0.7311576,-0.29442394,-0.7281143,-0.1857247,0,chr19:3545629:Peyers_patch:0,TN,0
6.841973,-0.024733402,0.48574015,-0.013032622,-0.7176703,-0.31827894,-0.25315392,-0.35380158,0.2369338,0.06798333,1,chr7:142479143:body_of_pancreas:0,TP,1
-2.89427,-0.35757947,0.23878764,1.7028811,1.0369205,-0.78713024,0.16914019,-0.28990015,0.12564324,0.5028454,1,chr17:42761347:transverse_colon:0,FN,0
-2.559305,1.117585,-0.28750998,0.7924923,0.15614213,0.25548193,-0.59117967,-0.6795764,0.18539351,0.15575184,0,chr6:32969433:esophagus_muscularis_mucosa:0,TN,0
-0.93393534,-0.16377695,1.2697598,-0.58189857,0.18877421,0.9280973,1.2733258,0.5767654,0.4080589,-1.3139969,0,chr8:102782110:thoracic_aorta:0,TN,0
-3.428345,-0.65628517,0.6729521,-0.7109219,0.6251382,0.039236154,-0.73284155,-0.6594713,-0.48949432,0.6549506,1,chr10:70551637:testis:0,FN,0
-1.3725125,1.4818805,0.28066447,0.93596584,0.17144184,-0.34524623,-0.27794114,0.29630107,0.10094367,-0.4222707,0,chr2:113199470:Peyers_patch:0,TN,0
-3.098599,-1.3027914,-0.8482761,-1.1915121,-0.18456747,0.1017159,-0.1500446,-0.8576034,0.40241522,-0.2533868,0,chr9:105609267:adrenal_gland:0,TN,0
5.978693,1.9105436,1.7302251,0.52828765,1.5116061,-1.0170442,0.63065857,-1.3527464,0.13365129,-0.9979743,1,chr4:1752766:prostate_gland:0,TP,1
-3.380378,-0.16366069,0.5751307,-0.63511306,-0.7061553,-0.41435054,-0.09082238,0.5629327,0.13964635,-0.03342828,0,chr6:106223515:prostate_gland:0,TN,0
5.154414,0.74578524,-0.19136928,-0.28311527,-0.1544711,0.020308375,1.6617702,-0.23568185,1.5459056,0.56354475,1,chr8:44636977:suprapubic_skin:0,TP,1
0.6275799,3.7973154,-0.39183947,0.24348131,0.17659228,0.71738344,0.36820117,-0.35725942,0.39065248,0.53994614,1,chr19:52748468:adrenal_gland:0,FN,0
-1.4135132,2.9425654,-0.05707196,0.40848652,-0.32535648,-0.63557464,-0.9037812,0.5382452,-0.07364707,-0.5236047,0,chr4:82739688:prostate_gland:0,TN,0
7.183326,0.24478629,0.730317,-0.17722781,-0.40240225,-0.6842858,-0.016632551,-0.24232651,-0.29373983,0.16339022,1,chr3:75785609:body_of_pancreas:0,TP,1
5.2681766,0.12793808,-0.2942551,-0.08325289,-0.46767753,-0.1977482,1.4741869,-0.22997518,0.977987,0.7035947,1,chr8:44636977:stomach:0,TP,1
4.178769,-2.3405418,-0.8242025,-0.44129932,-0.15336166,0.41160405,-0.32332894,1.0806941,-0.25835064,0.11030718,1,chr14:73509873:prostate_gland:0,TP,1
-1.5122141,-1.670183,1.0346217,0.032146268,0.79233235,1.0766832,0.21320547,-0.4831197,-0.20071244,0.06815754,0,chr2:240690614:transverse_colon:0,TN,0
-0.8488017,-1.5570691,-0.06770226,-1.0994173,-0.54540724,-0.105647594,1.4863151,0.4672089,0.20825934,-0.7737938,0,chr8:128173749:body_of_pancreas:0,TN,0
-1.0572546,-0.79581,0.28359827,1.0150638,-1.183677,0.41394246,-0.13140227,-0.18366198,-0.043435056,-0.5324965,0,chr6:125956733:tibial_artery:0,TN,0
1.4845706,1.4790381,1.7170571,1.4453217,-1.3836856,1.0191749,0.3324082,-0.28344914,0.19616315,-0.09117381,1,chr9:83219889:thoracic_aorta:0,TP,1
-2.243436,2.4476185,0.2533565,0.3715295,-0.5214856,-0.030005721,-0.40248927,0.23515888,-0.3402296,-0.70485383,1,chr16:4548780:Peyers_patch:0,FN,0
-1.8771039,-0.49975055,0.3753339,-0.6205338,-0.6555399,0.66296697,0.68006676,0.058112565,0.5725924,-0.2696327,1,chr1:108214824:body_of_pancreas:0,FN,0
-3.1219656,0.0826874,0.4592154,0.895979,0.19414446,-0.22151671,-0.009826873,-0.6136498,0.14580399,0.3654864,0,chr1:41432909:suprapubic_skin:0,TN,0
-3.175609,0.52965325,-1.183091,-0.23902157,-0.72113657,-0.27762103,-0.21407716,-0.37759912,0.34611216,0.08408033,1,chr5:158014121:body_of_pancreas:0,FN,0
-2.4470942,-0.43519038,0.23759457,0.19866386,0.28883147,0.33053464,-0.26021272,-0.36384237,0.6727184,0.32266545,1,chr6:169655219:body_of_pancreas:0,FN,0
-2.9964757,-1.7133971,0.16471511,1.1805159,-1.1352422,0.040931195,0.926236,0.70913434,-0.17464077,-0.5704479,1,chr11:1652791:adrenal_gland:0,FN,0
6.0298305,-0.29034972,-0.3872495,-0.5910768,0.6398244,-0.13960908,-0.22481863,0.34122527,-0.42398736,0.67736334,1,chr10:102568961:prostate_gland:0,TP,1
4.9728837,-1.5942353,-0.562686,-0.12071152,0.502244,-0.3765923,-0.4614691,0.31398755,-0.67492753,-0.37384495,1,chr9:61668518:omental_fat_pad:0,TP,1
5.1599474,-1.2033013,-0.41004536,-0.21921903,-0.36138582,0.039946895,-0.13438928,0.44744736,-1.0561835,0.26013067,1,chr10:38653055:upper_lobe_of_left_lung:0,TP,1
-0.89582133,1.0428416,-1.889003,-0.4921621,-0.40039825,0.63789904,0.049915265,-0.14064872,0.052738767,-0.23828845,0,chr18:73841942:prostate_gland:0,TN,0
-0.34045327,1.6449022,0.908466,1.657733,-1.7299415,0.26538983,0.17983255,-0.8658226,0.11343901,-0.675033,1,chr11:1652791:suprapubic_skin:0,FN,0
-0.12775359,1.8895276,-1.2815602,-0.42091542,0.6272301,1.0614978,-0.324067,-0.14239104,0.6321686,0.8641,0,chr10:4901325:body_of_pancreas:0,TN,0
4.2646356,-1.3898059,0.4728558,1.4511769,0.21958826,1.2021761,-0.35869196,0.23024757,0.08846921,0.2068286,0,chr18:75856:esophagus_muscularis_mucosa:0,FP,1
6.4243846,1.2529742,1.1669798,0.47325426,-1.3459228,0.5110767,0.6617837,-0.17641686,-0.3069082,0.49973294,1,chr6:43386692:upper_lobe_of_left_lung:0,TP,1
-0.67824626,1.9257764,0.6849049,1.2421125,-0.09655879,0.28151613,0.050432693,-0.038569625,0.22570628,-0.68360823,0,chr17:3935331:transverse_colon:0,TN,0
0.69362736,1.9003943,-1.1446234,-0.99238145,0.28013232,0.047994077,1.3426088,0.6998395,1.4140078,1.0321639,0,chr2:93976867:body_of_pancreas:0,TN,0
-1.917406,1.80065,-0.5593206,-0.82897407,0.40405506,0.17363408,-0.09920904,0.27617884,-0.8500598,-0.65599406,0,chr11:115694609:testis:0,TN,0
-2.6623378,-0.24132602,1.149284,-1.4655586,-0.22174202,0.19203955,-0.28400075,-0.21504122,-0.3624727,-0.31237492,1,chr6:32622553:Peyers_patch:0,FN,0
-1.3013636,-0.9757361,-1.0208416,0.44364056,-0.20141055,0.42588493,0.036441803,-0.46956158,0.011947896,-0.31914833,1,chr5:173860759:body_of_pancreas:0,FN,0
3.9492037,-0.24341509,-1.0264777,-0.040758636,-0.34063348,0.74897045,0.26955318,0.5927282,-0.058383174,0.99679935,0,chr10:94939686:transverse_colon:0,FP,1
-2.604295,1.6324419,0.59719473,1.2528694,-0.529174,-0.76346034,-0.31482172,0.1877485,0.05912503,-0.21563557,0,chr2:240232939:esophagus_squamous_epithelium:0,TN,0
5.8344245,-0.5542257,-0.32717532,-0.3002012,0.9798103,-0.62224305,-0.34063745,-0.05257242,0.321646,-0.63086355,1,chr19:1037766:tibial_nerve:0,TP,1
-1.869841,0.38306507,1.102655,-0.90861833,0.5530254,0.06548583,-0.688988,0.14841655,0.8578597,0.51707894,1,chr6:131199853:suprapubic_skin:0,FN,0
-1.4101346,0.07861479,1.0858299,-1.6269776,-0.023027452,-0.18118791,0.47063762,-0.44692224,0.39987394,-0.36064744,1,chr6:137697537:prostate_gland:0,FN,0
-3.4980648,-1.1342915,0.9819806,-1.13898,-0.40346125,-0.47325602,0.13306126,0.77658963,0.36204404,0.66560537,0,chr8:103073701:transverse_colon:0,TN,0
-1.1548442,0.99919415,-1.6923553,-0.74779516,0.27864647,0.33546048,0.9808983,0.41116446,-0.34363967,-0.65310746,1,chr20:41572206:adrenal_gland:0,FN,0
0.94247425,-0.20066419,-0.8317727,0.74587226,-0.14047273,0.62883335,-0.17125623,-0.055793934,0.43957332,-0.1281144,0,chr19:1929478:omental_fat_pad:0,FP,1
3.578453,-0.1769425,-1.1668884,-1.0830033,0.11281707,0.28423893,0.3354017,0.3271075,1.7757167,0.58116037,1,chr9:43171156:tibial_artery:0,TP,1
-2.5876389,1.4975033,-0.9242508,-0.13276678,-0.056951478,-0.0762315,-0.73774433,-0.44407707,-0.19485809,0.12196416,0,chr7:67041098:prostate_gland:0,TN,0
-3.5344465,-2.6590614,-0.18502201,-0.31899467,0.15293045,0.31068522,0.093510896,-0.9339784,-0.8162605,0.056453828,0,chr9:92716650:spleen:0,TN,0
-2.2394104,1.7499923,-1.7433443,0.06260937,0.91656697,0.703494,-0.09575276,0.14988911,-0.43207592,0.66324216,0,chr10:14074116:thoracic_aorta:0,TN,0
-1.8146663,2.8497884,-0.23909251,-0.023095734,-0.31545198,-0.6063968,-1.3842754,0.5815821,-0.04326015,-0.4580315,0,chr13:108155918:esophagus_squamous_epithelium:0,TN,0
-2.0557473,0.6961908,-1.3140421,0.7395838,0.5935579,1.0389149,0.51295364,0.35475263,0.6834248,0.4583249,0,chr19:510314:spleen:0,TN,0
5.8223195,-0.5866522,-0.039821647,-0.030465772,-0.050721858,-0.6800431,-0.120165765,-0.31947035,0.3465569,-0.10111594,1,chr14:30690707:esophagus_squamous_epithelium:0,TP,1
-2.491393,1.8938545,0.18301874,0.19376256,0.31557322,-0.037672866,-0.57452303,0.19789413,-0.27438968,-0.06312445,1,chr8:41651698:upper_lobe_of_left_lung:0,FN,0
-2.5115607,-0.06254787,0.30595204,1.343022,0.08136487,-0.19139747,0.09651169,0.11399634,-0.20806555,0.57901025,0,chr14:52951620:sigmoid_colon:0,TN,0
-1.5846465,-0.27155203,-0.42149687,0.63134843,1.1909393,0.614447,0.073903464,-0.6797442,0.07477291,0.18194638,1,chr11:1303541:transverse_colon:0,FN,0
-4.9939494,-2.1721926,-1.8297347,-0.034457877,-0.5401076,-0.5906697,-0.69124544,0.025036361,0.6438475,0.72582245,0,chr1:180153849:body_of_pancreas:0,TN,0
-3.4091864,-0.3626452,0.24509786,0.8122634,-0.16991743,-1.2665831,0.054913428,-0.37713015,0.16363636,0.84651464,1,chr2:241734688:tibial_nerve:0,FN,0
-0.029278366,-2.185813,-0.249068,1.5162138,0.018998725,1.1911385,0.20164673,-0.6410243,0.5198846,-0.504982,1,chr1:16741091:tibial_nerve:0,TP,1
-2.829859,-1.4557608,1.3840103,-1.4293169,1.1061683,0.36187032,0.15519421,0.061364375,-1.2114964,0.45904595,1,chr1:36097556:thoracic_aorta:0,FN,0
-3.9522848,-0.0687434,-0.18799527,-0.20307235,-0.8320094,-0.89067584,-0.37678105,-0.38975585,0.4013966,0.32000834,0,chr15:82365725:thoracic_aorta:0,TN,0
-1.8853402,-0.036396783,-0.36155266,-0.7764886,-0.6599944,-0.17699784,0.73707277,-0.60527194,0.80034995,-0.29706663,0,chr9:69878042:gastrocnemius_medialis:0,TN,0
-2.5255864,-0.6742985,-0.48907557,1.7394911,0.81948304,-0.8489557,0.37897968,-0.8658481,-0.11839923,-0.12394927,0,chr10:124389232:spleen:0,TN,0
1.2791574,-0.4884133,-1.345936,-1.1380659,-0.4916359,-0.026629858,0.7362154,0.49508688,-0.112557665,-0.4625032,0,chr2:203811449:transverse_colon:0,FP,1
-2.39381,1.4390261,-1.5070426,0.0036570213,-0.26456547,0.30279675,-0.1702044,0.39719212,0.128344,-0.25790483,0,chr19:51473170:spleen:0,TN,0
6.4799356,-0.24940461,0.12102091,-0.63939154,0.32507065,-0.54785216,-0.533721,0.11425779,-0.09655877,0.31141257,1,chr2:67906567:spleen:0,TP,1
-3.7230122,-2.1116962,0.101362176,-0.96902424,-0.014320249,-0.027314238,-0.09466794,0.026017161,0.2195349,0.6393634,0,chr5:136058064:esophagus_muscularis_mucosa:0,TN,0
4.0585036,-0.42845333,-0.6256376,-0.7738183,2.3193865,-0.38200685,-0.7383513,-0.2287268,0.61471796,-0.55180234,1,chr2:239532360:body_of_pancreas:0,TP,1
2.5513415,-0.34406593,-1.2356496,-0.10312426,-0.9488885,0.48054156,-0.05776089,-0.0077215275,-0.63973343,0.3048769,1,chr8:30230823:body_of_pancreas:0,TP,1
-3.525854,-1.396366,0.49211687,-0.83794695,-0.008837584,-0.3182008,-0.16773066,0.38920614,0.27463722,0.5719475,0,chr21:39504322:body_of_pancreas:0,TN,0
-0.735264,2.1614351,-1.4622129,-0.40636984,0.66292745,0.3960137,0.16440189,-0.20330289,0.01795453,0.18762995,0,chr11:68924672:thoracic_aorta:0,TN,0
-4.3202605,-2.214451,-1.4401538,-0.10233613,-1.1427208,-0.30733317,-0.07064772,-0.864355,0.27207622,0.39084405,1,chr1:48109545:transverse_colon:0,FN,0
-2.835507,1.0767572,-0.94021606,-0.4714407,0.4174177,0.3333062,-0.10581489,-0.6711658,0.065311946,0.10419786,0,chr20:40962875:transverse_colon:0,TN,0
-3.5798664,-2.0931938,0.15221688,0.083191246,0.72998065,0.12218542,0.06896675,-0.72377473,-0.13504319,0.9922851,0,chr17:27495197:thoracic_aorta:0,TN,0
-3.283504,-0.9620642,0.91686547,0.6156561,-0.60667944,-0.32357898,0.77746,0.8519963,0.20960708,0.41503865,0,chr1:200035394:body_of_pancreas:0,TN,0
-1.9324987,0.65172195,1.1149684,-1.1808306,0.041376162,-0.21557479,-0.31587926,-0.29593047,0.27684432,-0.081319116,0,chr3:171000206:Peyers_patch:0,TN,0
-1.1245909,1.7729442,-1.5925862,-0.025085624,0.42576307,0.68722737,0.15689386,0.15692294,-0.66752315,0.63586664,0,chr19:18104350:thoracic_aorta:0,TN,0
-3.7000859,-0.3956812,0.20526181,1.2516048,-0.6926192,-0.98544484,-0.2485956,0.18915443,-0.4405994,0.2396632,0,chr17:47189065:Peyers_patch:0,TN,0
-2.5322652,-0.39158365,1.2734611,-1.718495,-0.3422319,-0.08943896,0.021749912,0.072463505,0.4689846,-0.1910122,0,chr1:100455633:tibial_artery:0,TN,0
-3.997173,-1.4501278,-0.022936769,-0.027556194,-0.5046722,-0.7280778,-0.61299115,0.25487733,1.0155979,0.82324535,0,chr17:80671737:Peyers_patch:0,TN,0
6.803607,-0.005986599,0.59343296,-0.06703831,-0.80569154,-0.4505554,0.10223332,-0.037965212,-0.38091686,0.58676547,1,chr17:43360096:Peyers_patch:0,TP,1
-0.704485,3.419119,-0.2196763,-0.088543154,-0.26394886,-0.35406446,-1.1496323,0.291396,-0.07097061,-0.42842022,0,chr6:106445359:upper_lobe_of_left_lung:0,TN,0
4.8315606,-1.0334027,-0.13081025,0.21354508,-0.011301944,0.60179704,-0.37334484,-0.04758282,-0.5501222,-0.22932471,1,chr10:96641123:Peyers_patch:0,TP,1
-3.8752446,-1.5885662,-0.12698321,-0.70821154,-0.55509096,0.009981792,0.7156194,0.6042733,-0.5465245,-0.39030612,0,chr7:106542629:suprapubic_skin:0,TN,0
6.9776998,0.04492862,0.7132977,0.08388651,-0.5046605,-0.27664557,0.016602546,-0.24288882,0.24452707,0.028448055,1,chr22:24006049:thoracic_aorta:0,TP,1
-3.2809973,0.14718945,0.72088253,-0.4843476,-0.12661442,-0.17534593,-0.47703373,0.68893063,0.68463886,0.4838583,0,chr9:4156303:body_of_pancreas:0,TN,0
-1.7361676,1.4695605,-1.2676233,-0.20994186,0.31383258,-0.011753654,0.6403398,-0.52655745,0.15671821,0.061091498,0,chr9:6680593:body_of_pancreas:0,TN,0
-0.11950955,0.098392,0.35275188,-1.114187,0.08965077,-0.48713598,0.17283098,-0.26751316,0.0713459,-0.48962367,1,chr9:127348292:upper_lobe_of_left_lung:0,FN,0
-3.439194,-0.5551388,-1.208275,-0.34447053,-0.7320353,-0.29552656,-0.36583304,0.041970234,0.7514484,0.02574906,0,chr14:58829528:transverse_colon:0,TN,0
2.440771,0.2264777,-0.038178522,-0.9905869,1.4222394,-0.20896897,-0.07901629,-1.3444442,0.48409182,-0.7548601,0,chr19:18388969:transverse_colon:0,FP,1
-2.9833617,-1.869835,0.90110195,-2.153807,-0.41681397,0.36122867,0.21926379,0.39664674,-0.46402285,-0.471116,1,chr17:15574102:esophagus_squamous_epithelium:0,FN,0
6.337311,-0.9012421,-0.129309,-0.38760033,-0.2661027,-0.8926051,-0.3595149,0.08407465,-0.62681586,0.11580453,1,chr6:31374359:body_of_pancreas:0,TP,1
-2.948204,0.24661113,1.3166134,-1.0845869,-0.2848002,-0.13514581,-0.5771693,0.19639753,0.042182285,0.12050237,0,chr9:83583147:adrenal_gland:0,TN,0
6.9740276,0.32893282,0.43304378,-0.50437677,0.30843753,-0.8927156,-0.57610554,-0.12778877,0.24927649,-0.17556809,1,chr12:8390645:prostate_gland:0,TP,1
-2.3062518,-0.8006143,1.0671558,-1.522532,0.21574004,-0.081630684,-0.099179596,0.057682082,-0.2472134,0.439648,0,chr11:17813808:body_of_pancreas:0,TN,0
1.2228882,2.4565685,0.3145718,1.5376655,-0.8013058,1.3033034,-0.118663795,-0.4851726,0.21360075,-0.43817756,0,chr11:47426945:upper_lobe_of_left_lung:0,TN,0
-1.4541126,2.0961132,-1.1294231,-0.53093016,0.6962388,0.1995996,0.17967431,-0.047821935,-0.43138108,0.46386078,0,chr16:4254564:esophagus_squamous_epithelium:0,TN,0
-0.7629484,-0.36712983,0.6609866,0.7360606,0.6949212,0.24599656,0.75078124,-0.27659503,0.4507369,-0.615071,1,chr2:109423970:Peyers_patch:0,FN,0
6.8908696,0.36003232,0.6157643,-0.085385144,-0.45404083,0.06702165,-0.3926389,-0.077659786,-0.08847464,0.5038798,1,chr7:22550492:transverse_colon:0,TP,1
-2.447079,1.1665626,-1.8342717,-0.45161787,-0.077475004,0.363555,-0.048286207,-0.40693682,0.95404685,-0.017176887,0,chr1:86401813:body_of_pancreas:0,TN,0
-0.70695996,-0.049421046,-0.5346791,-0.050440807,0.15579815,0.401536,0.9384149,0.98388505,0.15924309,-0.60944414,0,chr14:93139367:esophagus_muscularis_mucosa:0,TN,0
1.4818453,-2.5615256,0.0043956726,2.056782,1.0342573,0.6575966,-0.05690218,-0.3710653,-0.51894295,-0.08754837,0,chr7:135170966:transverse_colon:0,FP,1
-2.4057455,-1.0924374,0.58247775,1.2586019,1.2641531,-0.75132066,0.7485533,0.31787553,0.105772,0.71405536,0,chr14:54902267:thoracic_aorta:0,TN,0
-3.7206886,-0.52461845,-0.7258637,0.8987185,0.02544964,-0.77858275,0.11864293,-0.27642575,-0.05533841,0.19293067,0,chr21:41069108:esophagus_squamous_epithelium:0,TN,0
-1.5002812,1.2001178,1.7561936,-0.360582,0.3887868,0.6596518,-0.37862757,-0.5375991,-0.71322227,-0.216206,0,chr14:101235442:suprapubic_skin:0,TN,0
-3.642968,-2.11452,-1.0659148,-0.9586462,-1.2603862,-0.21188283,-0.111850575,0.22838965,-0.22898236,-0.2620252,1,chr6:106223515:body_of_pancreas:0,FN,0
-0.8612133,-0.5007471,2.2682016,-0.085933,1.3129674,0.87166834,0.5376803,-0.25429937,-0.38012868,0.18283677,0,chr20:381900:prostate_gland:0,TN,0
6.057161,-0.5382304,0.12912542,-0.16379571,-0.41044688,-0.18510084,0.050617374,0.034845628,-0.22360021,0.014835786,1,chr10:26574003:thoracic_aorta:0,TP,1
-2.5446124,0.32142785,0.44001585,0.5401323,-0.119787775,-1.1581529,-0.3206035,-0.48366663,-0.19316925,0.40351266,1,chr1:26921783:thoracic_aorta:0,FN,0
4.3232155,-1.5404146,-0.8977613,0.26490664,-0.6426848,1.068589,-0.29411665,0.49594784,0.28850287,0.4250181,1,chr10:96641123:thoracic_aorta:0,TP,1
4.6709166,0.52524763,-0.50230867,-0.34077668,-0.09564911,-0.19232821,1.9916018,0.34005255,1.452679,0.7239869,1,chr8:44636977:tibial_artery:0,TP,1
5.0993743,-1.053945,0.46081853,1.2210348,-0.4957376,0.2763772,0.30479673,0.26841223,-0.47870946,0.5279471,0,chr5:138352584:stomach:0,FP,1
-0.21003424,0.7000656,-0.90988845,0.17912123,1.1750376,1.0093074,0.13522355,0.5179027,0.0836915,-0.04286554,0,chr22:36123792:tibial_artery:0,TN,0
-1.5786479,-1.6848104,-0.57229304,-0.37583968,0.57187265,0.38619748,0.075614996,-1.0250158,0.10125186,-0.38014787,0,chr20:57435558:prostate_gland:0,TN,0
-1.8108448,0.63080835,-0.46553597,-0.058270566,0.58036065,0.15244853,0.17118396,-0.033627313,0.6289925,-0.5386917,0,chr19:38711140:thoracic_aorta:0,TN,0
0.4235073,0.5932122,1.1866338,-1.8359084,-0.07252196,1.456237,-0.58092207,-1.0243602,-0.03903696,0.32271615,1,chr17:47681054:body_of_pancreas:0,FN,0
-2.4660635,-1.5230076,0.82256013,-0.48077095,0.5076864,0.48469132,-0.14834177,-0.4912566,-0.15731229,-0.59345233,1,chr3:187162343:omental_fat_pad:0,FN,0
6.331789,0.83181214,0.30011034,-0.75538445,-0.29040825,-0.24608089,0.5233245,-0.21300279,-0.46032053,0.40116492,1,chr1:217479610:body_of_pancreas:0,TP,1
6.3636355,-0.40386668,0.16546208,0.13139744,0.28634226,-0.5404875,-0.3037721,-0.05617483,0.1374883,-0.09266119,1,chr7:100966122:prostate_gland:0,TP,1
0.32966253,0.12931347,0.36495385,-0.97979814,-0.2504549,0.9181562,1.8912175,0.8054648,0.08343314,-0.32959217,0,chr14:52679600:body_of_pancreas:0,TN,0
-0.709863,1.4358488,0.093450524,0.36940777,1.6362808,0.99422807,-0.66580236,-0.5142078,0.37475255,0.06689152,0,chr17:1967091:body_of_pancreas:0,TN,0
-2.0480006,1.0596895,-0.8057602,0.3483535,0.089763634,0.19766827,-0.1435815,0.103740044,-0.70911294,-0.74249494,0,chr7:22853784:spleen:0,TN,0
-3.9102013,-1.8785977,0.20148021,-1.6339241,-0.73581463,-0.37394908,-0.7948474,-0.099173516,0.05983777,0.49774405,0,chr1:193190428:prostate_gland:0,TN,0
-3.228135,-0.6422895,0.39243507,-0.47398365,-0.15887184,-0.16082944,-0.40946358,-0.23360945,0.22537205,0.2665422,1,chr10:12781382:tibial_artery:0,FN,0
7.1175904,0.75732625,0.7740174,-0.40827477,-0.61686915,-0.21441524,-0.31960437,-0.03675783,0.3991566,0.2474717,1,chr2:86221296:body_of_pancreas:0,TP,1
-3.2288716,0.1909824,0.5244674,0.7498877,-0.5151523,-0.94628996,0.66745406,0.42973772,0.06292654,-0.15457706,0,chr22:50190316:esophagus_squamous_epithelium:0,TN,0
-2.8094435,-1.4051785,0.65063417,-0.28486198,0.21121098,0.28956702,0.14771236,-0.25649646,-0.24405815,0.18277329,1,chr17:58391751:body_of_pancreas:0,FN,0
-3.3820026,-0.14270043,1.398841,-0.19036108,-0.35914227,-0.6567415,-0.07164041,0.46894258,-0.22346184,0.026642628,1,chr9:97633155:gastrocnemius_medialis:0,FN,0
-2.44642,-2.643638,-0.94800454,1.8332664,0.6964301,-0.7766568,-0.17038772,-0.42746523,0.024094772,-0.16756001,0,chr9:7799605:upper_lobe_of_left_lung:0,TN,0
-2.859683,-0.34547535,1.5865693,-0.30437225,0.12348906,-0.25338084,-0.09159501,0.061020777,0.24188636,0.069919065,0,chr6:116616178:body_of_pancreas:0,TN,0
2.599114,1.7997377,0.08458055,1.1222788,-0.64887726,0.87420297,0.60349417,-0.75847334,-1.0717854,0.45939896,1,chr19:45427778:transverse_colon:0,TP,1
-2.1662023,1.807365,-1.8996251,-0.67885107,1.0793179,0.007376457,0.2255687,0.5187345,-0.7283353,0.25320613,0,chr12:108853906:thoracic_aorta:0,TN,0
-3.2219458,0.031386737,0.24478042,1.3199883,0.3418821,-0.83223325,0.26861387,0.047782917,-0.0075907274,0.8538078,0,chr11:130069518:sigmoid_colon:0,TN,0
-2.3186462,-1.3122084,-0.013964825,-1.075944,-0.15531793,0.09850659,-0.37552992,-0.011401775,0.23763247,-0.21459787,1,chr9:17531876:spleen:0,FN,0
-3.2890422,0.687207,-0.5989239,0.05918884,-1.0939351,-1.0677341,-0.53674316,-0.6079057,0.1893398,0.23964022,0,chr8:24977691:upper_lobe_of_left_lung:0,TN,0
4.731181,-0.35201603,0.33401677,1.1790848,-0.05763345,1.3499925,-0.11601807,0.22076736,-0.038524203,-0.04455837,1,chr5:179213127:sigmoid_colon:0,TP,1
-3.6333838,-0.7889535,0.26768282,-0.119355805,-0.11293175,-0.4142486,-0.5345083,-0.07877919,-0.2897676,0.106302515,0,chr11:8624689:body_of_pancreas:0,TN,0
-3.1658328,0.6808069,-0.7693807,0.41944385,-0.878496,0.057357248,-0.71870726,-0.3938365,0.2770675,-0.18366915,0,chr5:98768430:transverse_colon:0,TN,0
-3.1794314,0.052896466,-0.7939026,0.086810276,-0.83316505,0.15011673,0.52255744,0.35768574,0.050552987,-0.42397502,0,chr14:54488111:body_of_pancreas:0,TN,0
-5.1220565,-3.7132764,-1.7913254,-0.93921596,-0.7339056,-0.11326501,-0.49205524,0.2027175,-0.39073336,0.29129806,0,chr1:70707294:body_of_pancreas:0,TN,0
0.880521,1.3613011,-0.9782787,-0.6852919,0.27483374,0.40405303,1.1501535,-0.29883638,0.18264726,0.42078057,0,chr12:111698778:body_of_pancreas:0,TN,0
-2.1673448,1.3649656,1.4034557,0.40610343,0.79924214,-0.43369085,-0.23897824,1.4635093,0.21325415,0.15625034,1,chr20:62355987:body_of_pancreas:0,FN,0
-2.363242,-0.5387147,0.60453254,1.0909506,-0.09109947,0.2012814,1.1337006,0.29666018,-0.067378305,-0.55328554,0,chr11:77066685:Peyers_patch:0,TN,0
-2.7910793,0.2582387,-0.057883203,0.6685694,0.09675692,-0.64052504,0.13772961,-0.1581369,0.19840088,0.27656516,0,chr4:7295960:sigmoid_colon:0,TN,0
-1.8205152,2.1201413,-0.5772472,-0.22892259,0.33924878,0.23148681,0.012132681,0.95707357,0.46900585,0.022903694,1,chr14:106872713:prostate_gland:0,FN,0
-3.302094,0.38630277,-0.0060263053,0.047838014,-1.2608778,-0.5149333,-0.06941786,0.16669343,-0.13036774,-0.4298948,0,chr3:189961583:suprapubic_skin:0,TN,0
-3.922051,-1.5204214,-0.088362396,0.3304147,0.07566238,-0.25468224,-0.14592104,-0.5119999,0.51770765,0.21310619,0,chr7:100214465:transverse_colon:0,TN,0
-1.5764753,-1.0613043,-2.1408656,-0.6014602,-0.9100597,0.01182789,0.5149726,-0.36288968,0.01484039,-0.16526014,1,chr6:98652201:body_of_pancreas:0,FN,0
6.3631086,0.5761691,0.71182466,0.21976186,-1.1775339,0.487097,0.053351156,-0.23472658,-0.23515335,1.3322766,0,chr12:48753691:gastrocnemius_medialis:0,FP,1
-1.6508479,0.6370711,0.05124801,1.545622,-0.9723043,0.5004288,-0.32426777,-0.47311476,0.10097192,-0.3302939,1,chr11:1652791:Peyers_patch:0,FN,0
-2.883995,-0.2810475,1.5008712,-1.7324864,-0.46625507,-0.10624062,-0.38838437,-0.07380609,-0.5323146,0.45956174,0,chr5:50959031:thyroid_gland:0,TN,0
-2.8550296,-1.0860964,1.0168734,0.7033273,0.3189861,0.13365419,0.7954035,0.48593518,0.28402165,0.3038491,0,chr7:85186902:tibial_artery:0,TN,0
-2.3325999,2.0182667,-1.1335489,-0.34561613,0.5301939,-0.30121604,-0.14954256,0.34106752,-0.6760858,-0.45139298,1,chr21:39175402:spleen:0,FN,0
-0.49851596,1.5168571,0.49033794,0.13653271,-0.87960017,1.598727,0.056127127,-0.34153616,-0.57589895,-0.35208932,1,chr2:196068383:sigmoid_colon:0,FN,0
2.670088,0.6183019,-0.654565,0.1275619,-1.3302153,0.19573,0.62834626,0.012687627,-1.21735,-0.43930617,1,chr2:196068383:esophagus_squamous_epithelium:0,TP,1
0.9719471,1.9474958,0.40433457,1.4833999,0.20644526,0.76171225,-0.42909926,-0.26315084,0.08805042,-0.66476005,0,chr22:18516206:Peyers_patch:0,TN,0
1.4288243,0.06329054,-1.3665254,-0.12256946,-0.66829914,-0.24906106,0.6526884,-0.020353587,-0.37646097,1.0013188,1,chr9:27690986:body_of_pancreas:0,TP,1
-1.2761532,0.6462099,-0.008634056,0.3866279,1.5042847,-0.70311844,0.15891501,-0.42946464,0.55310285,0.067169346,0,chr6:53795559:prostate_gland:0,TN,0
0.09022428,-1.6354599,-0.39792997,1.5055027,0.9988229,-0.30169243,0.41316062,-0.6569883,0.43860528,0.2997096,0,chr2:101253125:tibial_nerve:0,FP,1
5.086631,-0.84722006,-0.3626869,-0.2739655,0.34356585,-0.062464375,-0.44477427,0.24429558,-0.401508,0.3007899,0,chr9:101449199:testis:0,FP,1
-2.7170684,-0.2369845,-1.0996422,0.26995912,0.68448126,0.48073393,0.5409655,-0.41989756,-0.10553511,-0.17678806,0,chr17:17569298:sigmoid_colon:0,TN,0
-1.0473534,0.87684935,1.1923888,1.3632162,0.65698546,-0.63648003,-0.17132436,-0.97073156,-0.31577906,-0.27910903,0,chr16:10942438:transverse_colon:0,TN,0
6.7696347,-0.32223812,0.11735807,-0.25679216,0.03340337,-0.74952734,-0.4394864,0.04163126,-0.03075056,-0.29169524,1,chr3:75785547:sigmoid_colon:0,TP,1
3.659535,0.12813343,-0.06443954,-0.31253946,1.0482023,0.37701836,-0.31746265,-0.13814253,1.513717,-0.3079924,1,chr19:45678133:esophagus_squamous_epithelium:0,TP,1
3.406755,-0.14757088,-0.6460087,-0.039444968,0.23935907,1.342814,-1.0633409,0.998365,-0.22770108,2.1882594,1,chr19:21484173:tibial_artery:0,TP,1
-3.7577233,-0.81373274,-1.4896661,-0.058268376,0.24091779,0.47433063,0.030540774,0.11632369,0.5789551,-0.26996368,0,chr2:24791112:transverse_colon:0,TN,0
-2.5006092,0.4795311,1.4261521,1.0980109,-0.10117064,-0.40846774,0.2062569,-0.28479987,-0.27857745,0.2547507,0,chr9:35096636:testis:0,TN,0
-2.784024,-0.36049098,-0.2150072,0.029331602,-0.34042704,0.6846384,-0.056819726,0.72270477,0.36827123,0.35443145,0,chr9:100323287:tibial_nerve:0,TN,0
-1.4035594,2.6018887,-1.1428087,0.3481084,0.06246476,0.021687925,-0.0889293,-0.35185015,-0.44758037,0.10743945,0,chr19:18571531:transverse_colon:0,TN,0
6.6004424,0.19734149,0.64254695,0.0255895,-0.4804256,-0.03543233,-0.2504769,-0.3052513,0.7912447,-0.054311965,1,chr5:151298414:adrenal_gland:0,TP,1
5.3154945,-0.93044186,0.48130217,0.95826715,-0.78761196,0.5582135,-0.14207044,-0.20646861,-0.0041831573,-0.1074872,1,chr19:47436804:esophagus_muscularis_mucosa:0,TP,1
2.2859178,0.54213697,0.85656697,-0.43509313,1.9594619,-0.0778102,0.2008449,-1.0597279,0.10760317,-0.5652465,0,chr6:160348778:body_of_pancreas:0,FP,1
-1.6949612,0.11601996,1.3908781,1.6130115,0.9357245,-0.0840013,0.2728244,1.0965956,-0.33395615,0.06034436,1,chr1:226736236:tibial_nerve:0,FN,0
-4.052902,-0.38351944,-0.94417804,0.40612233,-1.2398582,-1.5793586,-0.7121558,-0.04941201,-0.10373694,-0.065593064,1,chr8:60233242:suprapubic_skin:0,FN,0
6.3546634,-0.8931798,-0.16840315,-0.33913434,-0.2525271,-0.67364204,-0.5726044,0.21317855,-0.46096447,0.07534688,1,chr6:31374359:Peyers_patch:0,TP,1
6.437355,-0.6328865,0.22685567,-0.16587034,-0.44828197,-0.65587157,-0.2407084,0.053603467,-0.30819976,-0.26804456,1,chr19:21569427:body_of_pancreas:0,TP,1
-3.7695947,-1.2504985,0.44442448,-0.36577675,0.09075752,-0.065005936,-0.39688388,-0.47271362,0.36097357,0.71700424,0,chr1:219347097:body_of_pancreas:0,TN,0
-3.702484,-0.26594138,0.41043392,-0.7901811,-0.5760221,0.05237712,0.0058398936,-0.5463326,-0.04239781,0.3315873,0,chr15:45705730:esophagus_squamous_epithelium:0,TN,0
-2.2369041,-0.17137681,0.47773123,1.1848468,-1.2213721,0.1958974,0.067053534,0.1901431,-0.23810172,-0.77258736,1,chr11:1652791:testis:0,FN,0
6.0925503,-0.8567326,0.14351414,0.13518839,-0.17777745,-0.043702252,-0.5194381,0.25722927,-0.32734457,0.1374016,1,chr6:29705705:Peyers_patch:0,TP,1
-4.1060367,-1.8585591,-0.2921924,-0.5838088,-0.7047834,-0.49997628,-0.20772178,0.77797014,0.6724698,0.4525624,0,chr13:43905685:tibial_artery:0,TN,0
-2.2133782,-0.19789325,-1.8374951,0.018066065,-0.286108,0.46215686,1.2303882,-0.057936992,0.17071302,-0.3040938,0,chr4:112638065:body_of_pancreas:0,TN,0
0.052884847,-0.21900807,2.4912164,-1.270706,0.7846582,1.2898694,0.5986897,0.39876345,-1.2164257,-0.7880104,1,chr1:27556965:upper_lobe_of_left_lung:0,FN,0
-3.3608303,-1.3019375,0.6409262,-1.0830294,-0.6833515,-0.09437799,0.5350707,1.4764106,0.08490753,-0.014443496,1,chr6:106223515:sigmoid_colon:0,FN,0
-2.8630097,-0.4497149,0.9266043,1.5317475,0.4523373,-1.137939,0.44678336,0.7032469,0.052184097,0.22414654,0,chr22:49918386:prostate_gland:0,TN,0
4.1812944,-1.4613581,-0.8387893,-0.68008935,-0.88008153,-0.38719514,-0.17743258,-0.12871757,0.52250606,-1.0527331,0,chr2:95956474:testis:0,FP,1
-2.2348208,0.117643274,2.0455863,-0.8768344,0.0781228,0.28988528,-0.35454088,-0.35559866,-0.20761715,-0.07523251,0,chr15:53197580:spleen:0,TN,0
-2.992358,-0.8575974,1.0797343,-1.2661841,-0.71376085,-0.5152148,0.48843306,1.4994072,0.16037679,-0.22297943,1,chr6:106223515:esophagus_muscularis_mucosa:0,FN,0
-3.2745337,0.42164946,-0.5303955,1.0027097,-0.31000456,-0.79142165,-0.58176,-0.27246457,0.13794725,0.37047014,0,chr16:4254235:Peyers_patch:0,TN,0
-3.3302436,-0.2671356,-2.9532623,-0.77725166,0.46097094,0.13474338,-0.540256,0.7527125,-0.17060429,0.39597362,0,chr12:58472112:body_of_pancreas:0,TN,0
-4.2246933,-1.7432878,-0.10798581,-0.6272712,-0.6409712,-0.32943717,0.33578,0.6753303,-0.02284743,0.6118055,1,chr5:22214242:adrenal_gland:0,FN,0
-1.4842424,-0.8085886,1.1545777,0.81031847,2.3163605,0.010273588,0.8059062,0.4350732,-0.53896254,0.14989804,0,chr9:133356489:transverse_colon:0,TN,0
-0.9902735,1.3559667,0.39208138,1.5763303,-1.4350225,0.36334676,-0.122636594,-0.3818316,-0.30105537,-0.5137223,1,chr11:1652791:prostate_gland:0,FN,0
5.868385,0.74698836,0.6218582,0.41068506,-0.9801498,0.5761221,0.19207126,-0.3046444,-0.0023045556,0.2937807,0,chr15:33226849:adrenal_gland:0,FP,1
-1.145067,3.0499825,-1.4540356,-0.5679273,0.6619376,-0.1503594,0.22537827,0.094298355,-0.55375725,0.28517672,0,chr17:37852040:body_of_pancreas:0,TN,0
-2.7570477,0.6908162,-0.0009007219,1.1353853,0.35024366,0.018984135,-0.4506421,-0.06385535,0.50704044,0.46420074,0,chr16:68264120:body_of_pancreas:0,TN,0
3.3671908,-2.2593834,-0.70145315,0.57237834,0.2602025,0.8052374,-0.76955616,0.5738521,0.08724015,-0.35718715,1,chr13:20119527:thoracic_aorta:0,TP,1
-3.5973058,-0.94122833,0.09404084,1.4781889,0.5647021,-0.764926,0.091165,-0.46408957,-0.01744098,0.9173594,0,chr2:11345104:tibial_artery:0,TN,0
-2.797133,-0.6235274,0.15823637,1.926979,0.77233404,-0.599083,0.15464532,-0.438173,0.22201571,0.3988816,0,chr3:156675401:tibial_nerve:0,TN,0
0.40877473,-0.55964255,0.52579373,0.8650437,0.45434126,0.7347252,0.11795379,1.6284591,0.40135935,-0.5189696,1,chr1:27556965:thoracic_aorta:0,TP,1
-2.815766,-0.71138465,-0.22189634,-0.08997662,-0.8594249,-0.40924773,-0.011008013,-0.8247265,0.08210424,-0.4317577,1,chr8:116766330:tibial_artery:0,FN,0
2.453745,0.9313699,-0.64483106,0.9142152,-0.8934461,0.5889208,0.22930005,-0.36944184,-0.91164356,0.31230044,1,chr19:45427778:spleen:0,TP,1
-2.048362,0.057948265,0.582462,-0.563351,0.12167391,0.38650006,-0.1401442,-0.38117325,0.1083682,0.46568927,1,chr3:56987764:esophagus_squamous_epithelium:0,FN,0
-0.93984807,-0.08777166,0.02708141,0.36640075,-0.9538838,-0.27775612,0.68183345,1.2980725,0.41689655,-0.6844544,0,chr1:150363696:esophagus_muscularis_mucosa:0,TN,0
-2.8803124,-0.047532327,-1.3908447,0.89341605,0.13726476,0.7464001,-0.16010088,-0.5299639,0.19746085,-0.21718019,0,chr1:84753658:Peyers_patch:0,TN,0
2.8413165,0.44800913,0.312882,-0.21969707,1.3662394,-0.026473582,-0.23560143,-0.69512177,0.7318064,0.09010131,1,chr14:77027452:gastroesophageal_sphincter:0,TP,1
1.1828526,0.4696843,-1.7998204,-0.5684211,0.46245024,-0.09582809,0.5702825,0.11276673,-0.7390857,0.9801647,0,chr9:117607300:body_of_pancreas:0,FP,1
6.40934,0.2951495,0.46592525,-0.42269072,0.46307594,-0.81296796,-0.27967286,-0.15308581,0.16737719,-0.28267747,1,chr16:85086903:adrenal_gland:0,TP,1
1.4713744,2.3217466,-0.066801906,-0.5924374,0.6497277,-0.3125055,1.3691831,0.58059776,0.46266717,-0.31888938,1,chr15:40074737:body_of_pancreas:0,FN,0
-0.2797988,0.29575145,0.41978624,0.435572,0.25374177,1.1246747,0.32052106,0.97981304,0.38637415,-0.8097348,0,chr17:63835031:gastroesophageal_sphincter:0,TN,0
-2.79226,-1.2127184,1.2229494,-1.6849341,0.03189545,0.17151207,0.5688456,0.72985965,-0.6777759,0.00027670685,0,chr17:64074419:body_of_pancreas:0,TN,0
-3.124987,0.44123164,-0.07473874,0.8224186,-0.008975561,-0.05008033,-0.1990647,-0.38158605,-0.063779645,-0.11505721,1,chr8:41651698:prostate_gland:0,FN,0
-2.7035093,-1.055639,-0.75406045,-0.67117953,-0.6445007,0.18722619,0.3175101,-0.24885476,0.29713544,-0.2998612,0,chr21:30341086:prostate_gland:0,TN,0
6.1812286,-0.81001604,0.13600107,0.36569065,-0.3705343,0.12736388,-0.59320617,0.28834233,-0.20345263,0.20534289,1,chr17:45585364:adrenal_gland:0,TP,1
-1.9429591,1.2554057,-2.5006206,-0.6720172,1.2970264,-0.1647182,0.0987221,0.5900138,-0.4908282,1.0634322,1,chr22:20028091:body_of_pancreas:0,FN,0
-3.0836174,-2.1805618,-1.1008217,-0.2537078,-0.53169024,0.45411143,-0.7596703,-0.426471,0.47738466,-0.016422076,0,chr11:26754057:esophagus_muscularis_mucosa:0,TN,0
-0.98699087,1.1182711,-0.13193633,1.0884202,-1.622497,-0.5170297,0.59764034,-0.580021,0.0823497,-0.17370097,0,chr14:20609415:Peyers_patch:0,TN,0
-2.054288,0.87805486,0.4810897,-0.57693887,-0.041123588,0.25091502,-0.29523662,-0.26883668,0.45824817,-0.05492571,0,chr16:76906820:body_of_pancreas:0,TN,0
-3.039905,-1.2904443,-1.6041318,-0.92485404,-0.31517208,0.03766587,-0.48718295,-0.92996645,0.50343245,0.050175723,0,chr9:105609267:transverse_colon:0,TN,0
2.133139,1.6972185,0.3120985,-0.6132652,0.67409855,0.5673219,-0.6983703,-0.87499905,0.9844005,-0.07773764,1,chr16:21935488:upper_lobe_of_left_lung:0,FN,0
5.9901485,-0.80618566,0.7459307,0.9957172,-0.23556152,0.14371252,-0.26146427,0.1607547,-0.26975372,0.2921495,1,chr18:75856:tibial_nerve:0,TP,1
-4.735575,-2.6434197,-0.8911361,0.09579482,-0.35152033,-0.28979078,-0.37379414,-0.24380249,-0.11340361,0.38380155,0,chr6:3826063:gastroesophageal_sphincter:0,TN,0
-2.8092813,-0.06850652,0.9509001,1.3016564,0.85241246,-0.7441885,0.016005361,0.15035996,0.43332788,0.8386537,0,chr17:82497277:gastroesophageal_sphincter:0,TN,0
-3.2388825,-0.65122366,1.1482781,0.3415982,-0.3191757,-0.23001005,0.37708768,-0.043486793,-0.20299323,0.12629907,0,chr6:6008625:tibial_artery:0,TN,0
2.4523673,-0.061443567,-0.9568169,0.12862729,-1.208789,0.19266708,0.892691,0.13908161,-0.98733157,-0.8095044,1,chr2:196068383:body_of_pancreas:0,TP,1
6.3940024,-0.8577507,0.04318952,-0.47497147,-0.35398382,-0.29730946,-0.20269413,0.24759246,-0.25876787,0.34410313,1,chr3:81292180:thoracic_aorta:0,TP,1
-3.33017,-0.37135854,0.62757736,-0.026493182,-0.6147118,-0.59241647,-0.056052327,0.73313326,0.3738063,0.15067768,1,chr4:119212065:gastroesophageal_sphincter:0,FN,0
-3.3151007,-1.7583716,0.015472426,1.8644847,1.0486647,-1.3269126,0.19806105,0.17176847,0.059288245,0.6841707,0,chr14:104137797:prostate_gland:0,TN,0
-1.0817162,3.113449,0.011559754,0.059317682,-0.49869835,-0.43573263,-0.8956345,0.4750512,0.02812299,-0.6314948,1,chr10:89030249:prostate_gland:0,FN,0
3.4744096,-1.301338,-0.049368255,1.4131633,-0.3739557,0.050622273,0.45132104,-0.113606535,-1.1285198,0.34056166,1,chr9:63859743:body_of_pancreas:0,TP,1
-3.3033588,-1.3201427,-0.43254116,1.6792866,1.0344964,-0.6817358,0.5208107,0.26932213,0.25024623,0.73728454,1,chr9:112890745:body_of_pancreas:0,FN,0
-4.294704,-1.5277963,0.11431594,0.45141083,-0.74185777,-0.83440405,-0.015538283,0.20494235,-0.053521086,0.20933254,0,chr6:26171990:tibial_artery:0,TN,0
-1.3926747,0.49685374,-0.08357871,0.1780134,0.43417197,-0.38136312,-0.10403465,-1.0367877,0.14025253,0.12061121,1,chr1:245045785:transverse_colon:0,FN,0
-2.774428,-0.6573967,1.7269493,-1.0360334,-0.2066775,0.123066634,0.5687127,0.83483076,0.06229532,-0.295576,0,chr1:48498745:adrenal_gland:0,TN,0
-2.579065,1.8684576,-1.5233805,0.42075065,0.07302311,-0.06147141,-0.1895996,-0.2589093,-0.42138383,-0.0827969,1,chr16:4548780:tibial_nerve:0,FN,0
-2.210301,0.49316302,1.6582737,-0.4050795,-0.25897244,-0.045965847,-0.35900584,-0.6360571,0.48778376,0.5103299,0,chr3:169149117:transverse_colon:0,TN,0
6.4047756,1.1882559,0.14742522,-0.4463093,-0.04456887,-0.49285957,0.4335426,-0.16656807,0.510166,0.6086225,1,chr17:25564496:adrenal_gland:0,TP,1
2.5583966,0.53701144,-1.0366434,-0.9093858,0.084950775,-0.5250845,0.12713808,0.4812103,-1.1241425,-0.13428959,0,chr7:90757292:body_of_pancreas:0,FP,1
3.4828908,-0.41666546,0.92232966,0.9562135,0.14402956,0.89301866,-0.04224953,0.8851821,-0.028408539,-0.16514352,1,chr1:27556965:Peyers_patch:0,TP,1
4.0159793,-0.9942228,-0.93780077,0.39300668,-0.49361187,0.748027,0.14803506,0.49803433,-0.8661606,-0.17226125,1,chr10:38653055:adrenal_gland:0,TP,1
-1.4369341,2.012064,-1.7998083,-0.4037594,-0.4264969,-0.03619637,0.83213663,0.5391421,-0.92262775,0.0019298514,0,chr8:19257625:upper_lobe_of_left_lung:0,TN,0
1.3637195,-0.7981055,-0.22604905,0.61558294,-1.0504761,1.5875999,-0.40217555,0.56136876,0.044720016,0.36732522,1,chr20:53943966:upper_lobe_of_left_lung:0,TP,1
2.9992595,0.60576344,-0.016527401,0.42638305,-0.58674,1.0765895,0.7276295,-0.7578552,0.49913263,0.06641672,0,chr2:116510398:transverse_colon:0,FP,1
-2.3778856,1.1966339,-0.38394156,-0.27035117,0.46532008,-0.012971398,0.6282722,-0.31384057,-0.64037097,-0.2635701,0,chr17:1724503:tibial_nerve:0,TN,0
-3.1205933,-1.0543399,1.3813246,-1.4922144,0.3777498,0.539799,-0.5375623,-0.033763647,-0.70235103,0.07464212,1,chr6:105318017:spleen:0,FN,0
-2.6106696,-0.76412374,0.29081503,-0.007526145,-0.6268542,0.5690618,-0.19465661,0.89448035,0.9444567,-0.2838307,1,chr18:56389368:body_of_pancreas:0,FN,0
-1.8586005,-0.5840294,0.77688456,1.6150101,0.80039686,-0.8940487,0.83063436,0.6245436,0.33369836,0.37432265,1,chr5:178730754:omental_fat_pad:0,FN,0
2.2070832,1.7629694,1.455976,2.0245547,-0.14222044,0.80183536,0.0110896835,0.147929,0.08834523,0.15566766,0,chr1:6423522:thoracic_aorta:0,FP,1
-3.5265982,-0.61901546,-0.5225266,-0.7504586,-0.859539,-0.18861012,-0.15280333,-0.9819762,0.42349577,-0.1937925,0,chr2:40760068:gastrocnemius_medialis:0,TN,0
-1.4106153,1.1148485,-0.93588734,0.5070428,-0.36944956,0.28692907,0.4490742,-0.990537,-0.15131477,-0.17487177,0,chr19:3627762:body_of_pancreas:0,TN,0
7.137688,1.0076952,1.2785436,0.30042592,-1.1257505,-0.026580049,0.37359378,-0.30397925,-0.03323502,0.5734818,1,chr5:4295869:gastrocnemius_medialis:0,TP,1
0.0012453183,-0.04729297,-1.0942271,0.17573759,2.6869588,-0.58248883,-0.5404185,0.5331179,-0.2840737,0.14181839,1,chr18:597094:Peyers_patch:0,FN,0
-2.5630593,-1.3989074,0.33119178,1.6541071,0.9047278,-0.6555708,0.7022312,0.7138478,-0.21919557,0.14983441,0,chr7:55019445:prostate_gland:0,TN,0
-3.2119315,0.21182215,0.6401623,1.2413237,0.46959472,-0.45601383,0.26155552,0.7054735,0.061091155,0.10695253,0,chr11:11622213:tibial_artery:0,TN,0
6.8102646,0.73974097,1.0935043,-0.17216885,-1.0205892,-0.6343343,0.66884714,-0.6977546,0.010028695,0.21615568,1,chr4:98093069:body_of_pancreas:0,TP,1
-2.8863409,-0.11231557,-0.9758656,-0.3305029,0.24645832,-0.44470993,0.061224923,-0.20779772,0.5267257,0.048837896,1,chr6:137697537:Peyers_patch:0,FN,0
3.6734698,-0.3962211,0.6635161,1.1602778,-0.8818609,0.75268906,0.69894814,-0.038546916,-0.37202242,0.30338997,0,chr13:40993520:body_of_pancreas:0,FP,1
-2.8243828,-1.096402,-0.30907124,0.863772,0.050833292,-0.22669126,-0.27666995,-0.28172556,0.3858157,-0.38992187,0,chr1:183635016:thoracic_aorta:0,TN,0
-2.1675482,-0.6850609,-0.36314818,0.6777478,0.16833404,-0.0196861,-0.51866573,-0.81202716,0.756845,0.18556228,0,chr20:49608820:tibial_nerve:0,TN,0
-1.569906,-2.3546438,-0.9129351,0.29506233,1.2258495,-0.5270914,0.86686707,0.025226973,0.5681992,-0.018752249,1,chr6:3259228:Peyers_patch:0,FN,0
-0.866737,2.087286,-1.016271,-0.86909765,-0.2046424,-0.1980903,0.19180596,0.3663449,-0.51155263,-0.029489348,1,chr2:168375394:upper_lobe_of_left_lung:0,FN,0
-2.6257753,-0.11232839,1.8147027,-1.2955887,0.3169487,0.085011035,0.21572813,0.059039384,-0.33517605,0.20672616,0,chr6:73733200:esophagus_muscularis_mucosa:0,TN,0
1.0085905,1.3894745,-0.715026,-1.0323769,1.3766153,0.5850362,0.1323723,-0.026210764,0.10600071,-0.4688237,1,chr12:33993:upper_lobe_of_left_lung:0,FN,0
2.0417094,-1.5758009,-0.86308646,0.26468748,1.3389586,-0.9932171,0.28368494,-1.0022295,0.19762488,-0.7026332,1,chr6:3259228:esophagus_squamous_epithelium:0,TP,1
0.30490217,0.35490072,-0.028673397,1.1604118,0.7392415,1.1620144,-0.6600671,0.08037443,-0.18950453,0.13697681,0,chr2:10721169:upper_lobe_of_left_lung:0,TN,0
0.6086142,0.45059726,-1.8035036,-0.6618122,1.412374,0.23918626,-0.44270846,1.2779548,-0.0119615495,0.44809046,0,chr20:43448755:spleen:0,TN,0
-3.2016652,-1.2400508,0.8239587,-1.2467605,-0.07231408,-0.08705976,0.09615971,0.41922578,-0.1847671,-0.015389099,1,chr3:16550863:prostate_gland:0,FN,0
0.43236297,-2.3659322,-0.50025296,0.8079329,1.2939141,0.21941172,-0.06883503,0.28926548,-0.9626304,-0.97645146,0,chr7:2064001:transverse_colon:0,FP,1
-1.8578625,-0.13791543,-1.228257,0.019911999,0.25078493,0.9379881,-0.2674803,0.14281246,0.6934542,0.080973916,0,chr3:195851784:upper_lobe_of_left_lung:0,TN,0
-2.549861,-2.4314985,-0.7897902,-0.16753902,-0.8221628,0.34691954,0.7090229,0.40640938,0.6181536,-0.667908,0,chr1:26597816:prostate_gland:0,TN,0
6.4146786,1.5375662,0.21773608,-0.75196755,0.23969421,-0.87605816,0.51408577,-0.2760403,0.85980284,0.4097378,0,chr17:23378824:prostate_gland:0,FP,1
-2.5811548,0.71939546,1.4887373,0.27295443,-0.33657953,-0.51808447,0.09063263,0.34910828,-0.06357774,-0.35387117,0,chr6:32177427:esophagus_squamous_epithelium:0,TN,0
-3.3413737,-0.23453648,0.9485731,0.97819567,0.21541686,-0.18498072,-0.2046317,-0.005841465,-0.15337849,0.18694755,0,chr3:131027020:upper_lobe_of_left_lung:0,TN,0
-1.6487683,2.7767057,-1.062444,-0.03373127,0.034965612,-0.62411666,-0.47781602,0.19167988,-0.78993064,-0.27853647,0,chr10:11472145:body_of_pancreas:0,TN,0
-2.0337954,0.48304692,2.2128975,-0.53794414,0.7049678,0.6255811,-0.17113923,-0.03483663,-0.4425034,0.07786855,0,chr3:12993182:upper_lobe_of_left_lung:0,TN,0
-1.3870856,2.7070568,-1.1250795,0.003420965,0.43382758,-0.24050182,-0.27899504,0.13524632,-0.96052325,-0.090963095,0,chr17:57857932:transverse_colon:0,TN,0
-2.9146385,-0.69974595,1.4906478,-1.5053538,-0.27904484,-0.040548388,0.2087633,0.17498967,-0.094033465,0.20557597,1,chr7:120989215:gastroesophageal_sphincter:0,FN,0
-2.1970868,1.1731024,-0.20022584,1.0270296,-0.7677017,-0.026551409,0.24476244,-0.073268,0.2548095,-0.7548893,0,chr1:165592941:gastrocnemius_medialis:0,TN,0
-2.6480105,0.31292883,1.3353506,-0.29366595,0.15459417,-0.13818868,-0.06627095,0.32384613,-0.22819616,-0.46068648,1,chr3:157077735:tibial_artery:0,FN,0
0.74542403,-2.2259986,-1.4711728,-0.3113342,1.5386449,-0.01229665,0.25906205,-0.25825682,0.5470288,-0.36288902,0,chr19:19342711:tibial_artery:0,FP,1
-2.5555758,0.675543,1.1034614,0.6589731,0.38916776,-0.5122237,0.31304586,0.44904473,0.7062035,0.45944285,0,chr9:77648932:prostate_gland:0,TN,0
6.287666,-0.13741122,0.15648496,-0.1985924,0.35850155,-0.69272697,-0.06721524,-0.038427237,0.31302935,-0.43741757,1,chr7:100965858:transverse_colon:0,TP,1
-2.2866163,-0.2585217,1.949581,-1.5329483,0.572111,0.45783865,-0.5243927,0.0020648297,-0.31195876,0.47533715,1,chr6:131199853:transverse_colon:0,FN,0
-2.8235593,-0.41305768,0.8875215,1.289547,0.23499909,-0.770121,0.43357387,0.33400396,0.20331946,0.66071624,0,chr19:33226725:upper_lobe_of_left_lung:0,TN,0
5.231462,1.5553185,0.24331501,-0.0721402,-0.5419595,-0.21693055,1.6380929,-0.28525135,-1.2057161,0.86567605,1,chr11:121379397:body_of_pancreas:0,TP,1
3.5386858,-1.6567914,0.02089242,0.5374733,-0.013107935,0.38713512,-0.17761423,-0.09144389,-0.2838967,-0.44021145,1,chr3:75723673:esophagus_squamous_epithelium:0,TP,1
-0.06856645,3.044429,-0.5526279,-0.117771804,0.11742057,-0.061985258,-0.22878316,-0.5453413,0.045809064,0.14116749,1,chr17:74908021:esophagus_squamous_epithelium:0,FN,0
-0.28717798,-1.7153194,-0.9167126,1.8810363,1.159703,1.08548,-0.2703328,0.0018753855,0.4242635,-0.228034,0,chr22:50806814:sigmoid_colon:0,TN,0
7.051959,0.45507163,0.9356037,0.13891992,-0.89134574,-0.26190022,0.23389138,-0.32089058,-0.16237187,0.5418545,1,chr7:142521135:upper_lobe_of_left_lung:0,TP,1
-1.7477136,0.39913175,0.9249363,0.2851848,1.191714,0.93747365,-0.2178696,0.69569767,0.38804853,0.022732865,1,chr6:169655219:Peyers_patch:0,FN,0
-3.2889998,-0.18453789,0.27539742,-0.7836497,-0.362261,-0.06920793,-0.8543982,-0.42654815,0.11144787,-0.06599021,0,chr9:83583147:body_of_pancreas:0,TN,0
7.0623813,0.007785772,0.53754854,-0.26679653,-0.34288538,-0.57256067,0.00978414,-0.08626922,0.12571126,0.14626549,1,chr9:42974893:spleen:0,TP,1
6.419923,0.8147498,0.929406,0.05966833,-0.54956955,-0.26588517,0.07043007,-0.23563077,0.4795689,0.063531004,1,chr9:62609408:prostate_gland:0,TP,1
-0.59145105,-2.1551855,-0.846836,-0.45747402,1.9648452,-0.07306548,0.418136,-0.4853987,0.15375958,-0.7113067,0,chr7:2525633:body_of_pancreas:0,TN,0
0.28553906,-1.8208401,-1.4336735,0.44748384,0.831132,-0.81756335,0.30851027,-0.66821194,0.64048433,-0.22324252,1,chr6:3259228:prostate_gland:0,TP,1
6.796026,-0.26121876,0.28280005,-0.47182655,-0.44707945,-1.3242644,-0.042657055,-0.23614863,-0.3698775,-0.0046788417,1,chr17:22909996:esophagus_squamous_epithelium:0,TP,1
3.359197,-0.108598515,-0.68317443,0.06942676,-0.4902022,1.4580901,-0.7123829,0.3980163,-0.07435051,1.0355153,1,chr6:46877329:body_of_pancreas:0,TP,1
-2.3335388,0.59661573,1.2640626,0.07861241,-0.81599534,-0.61201453,-0.04868724,0.0663067,0.56282413,0.32281172,1,chr1:84433767:esophagus_squamous_epithelium:0,FN,0
-3.62981,-0.122635275,-0.07256845,-0.99847,-0.55086666,0.14384344,-0.06916254,-0.062667206,-0.14755163,-0.15914163,0,chr10:178314:tibial_artery:0,TN,0
6.1129603,1.5643407,1.2033243,0.5098616,-1.3285056,0.9108002,0.8818875,-0.32554555,0.27322957,0.40100104,1,chr6:43386692:testis:0,TP,1
-1.4180187,1.4760417,-0.79507124,0.05729304,-0.019713385,0.3039547,-0.89311206,-0.35263366,0.2859718,0.03079978,1,chr5:53430917:adrenal_gland:0,FN,0
0.48212105,0.96692085,-1.6370779,-0.19319507,0.29215828,-0.14408663,1.5912335,-0.61637664,-0.91742396,1.0222107,0,chr8:94009288:transverse_colon:0,TN,0
3.125247,0.5446294,-1.1478295,-1.1001047,2.2178948,0.05162122,-0.8908263,0.39508963,0.77024853,-0.55140746,0,chr8:102730992:prostate_gland:0,FP,1
-3.1853917,0.35387722,0.594612,1.3078431,0.2086457,-0.9636243,-0.14383121,0.07304329,0.0036498476,0.10692028,1,chr9:89310799:thoracic_aorta:0,FN,0
3.7698193,0.022825109,0.53669095,-1.7092013,0.42307034,0.00497351,-0.25415885,0.47266757,0.62958103,-1.7167326,1,chr15:98081024:Peyers_patch:0,TP,1
6.804833,1.2228893,1.032749,0.13586946,-0.73901385,-0.4512556,0.8057148,-0.44124666,0.041081525,0.13266101,1,chr7:63016040:spleen:0,TP,1
-2.8058467,-0.54466605,1.8096541,-1.1818165,-0.39537182,-0.22455944,-0.1168809,0.6065599,-0.17046927,0.1468619,0,chr3:37968257:body_of_pancreas:0,TN,0
1.312569,0.29511574,0.91232663,-1.2064387,-0.18478665,0.058534935,1.0893582,-1.635171,1.0723443,-0.8209674,0,chr16:1707616:transverse_colon:0,FP,1
-2.411832,1.992247,-0.68075126,0.1068234,-0.47501725,-0.63452095,-0.25344217,0.118122354,-0.1910319,-0.42848402,0,chr1:201878136:tibial_artery:0,TN,0
-1.3864654,1.7129009,0.30256042,-0.7981027,0.55217904,-0.041826252,0.4519169,0.8288232,0.33018693,-0.52801645,0,chr10:87203579:testis:0,TN,0
5.262417,-1.4685166,-0.65016264,-0.5149481,-0.09899732,-0.40098634,-0.48502967,0.94384974,0.07275794,-0.57843834,1,chr2:53940959:prostate_gland:0,TP,1
0.5726109,-0.19681445,-1.0936779,-1.2837632,-0.449551,0.20350368,1.2317109,1.6868414,0.39894968,-0.60076964,1,chr5:123274158:thoracic_aorta:0,TP,1
5.3143272,0.060292736,-0.37460938,-0.98161614,1.354523,-0.8146175,-0.34606802,0.5364569,0.4449583,-0.8543586,1,chr15:77077965:transverse_colon:0,TP,1
6.988031,0.31888768,0.46626285,-0.49381995,0.28719854,-0.8170181,-0.34237427,0.06521847,-0.00071588386,-0.021524226,1,chr12:8390645:spleen:0,TP,1
6.2397113,1.1731371,0.1559266,-0.6066763,-0.18903534,-0.33866325,0.5773506,-0.21442582,0.8613065,1.0640682,1,chr17:25564496:esophagus_muscularis_mucosa:0,TP,1
-2.358936,-0.6107133,1.3338169,-0.64384806,0.17856066,0.38268492,-0.051657896,-0.5447147,-0.6047631,-0.19433683,0,chr2:242181884:body_of_pancreas:0,TN,0
6.5903926,-0.29529735,0.36228186,-0.10414817,-0.3692352,0.030786164,-0.47116026,0.022973515,-0.31652984,0.2922338,1,chr7:22550492:tibial_artery:0,TP,1
1.3694302,-0.9617381,0.7634198,0.6806598,-0.022145081,1.371102,0.5772207,1.4209282,0.14529148,-1.227855,1,chr1:27556965:suprapubic_skin:0,TP,1
-2.0095875,0.5832683,-1.8004519,-0.28541085,-0.41825038,-0.34576994,0.765065,-0.3216661,-0.12788077,-0.009162166,0,chr11:60450347:body_of_pancreas:0,TN,0
-3.4690533,-0.52975214,1.0617466,0.11847068,-0.03451466,-0.476483,-0.011535083,0.23040804,0.29852656,0.17999268,0,chr3:11272223:esophagus_muscularis_mucosa:0,TN,0
-2.4646432,1.2525477,-1.8147615,-0.16130167,-0.009604132,-0.16672935,-0.5667658,0.38536212,-0.36694086,-0.39984676,0,chr17:47831235:spleen:0,TN,0
-1.601385,0.3109339,1.5514181,-1.5731722,0.108483724,0.79575855,-0.71899223,-0.9261163,0.005065614,0.1384691,1,chr9:17531876:Peyers_patch:0,FN,0
2.1828203,1.0853108,-0.50815153,0.49634382,-1.0116369,0.5780936,0.34802005,-0.94990456,-0.38094297,0.2938305,1,chr19:45427778:thoracic_aorta:0,TP,1
6.7789073,-0.4060236,0.14501335,-0.19751291,-0.06435481,-0.55857503,-0.6873407,0.17007202,-0.16066112,-0.009619046,1,chr3:75785419:tibial_nerve:0,TP,1
-0.9456254,1.6140144,-1.1731405,0.19247107,0.17485516,0.55122024,0.7074241,0.29841477,-0.8777599,0.60255724,0,chr16:2874817:transverse_colon:0,TN,0
5.556222,-1.02893,-0.18402992,-0.039589364,-0.13334243,-0.25959265,-0.18059894,-0.02836643,-0.32807347,-0.27758133,1,chr10:96641123:transverse_colon:0,TP,1
-2.921912,-1.425391,0.4717807,0.57349926,-0.16023992,0.81746197,0.4382032,0.4911051,-0.04678217,0.033137266,1,chr8:23472531:esophagus_squamous_epithelium:0,FN,0
-1.8311784,1.631667,-0.040271524,-0.17603457,-0.26260212,-0.7672792,0.20359206,-0.45812473,-0.37221342,-0.5858976,0,chr6:26474513:lower_leg_skin:0,TN,0
-2.582212,-0.7011628,-0.6427578,-0.5017894,-0.64199424,-0.4247423,-0.14270145,0.33274707,0.76170707,-0.21457632,0,chr10:55926452:body_of_pancreas:0,TN,0
-2.0514991,0.010823114,-1.0959369,0.054550942,1.2222115,-0.11376873,-0.4534852,-0.058721557,0.1828194,-0.019271709,0,chr16:67967543:body_of_pancreas:0,TN,0
5.5414634,-1.1865749,-0.5387916,-0.2742292,0.73753786,-0.54637563,-0.7468902,0.12857477,0.30603498,-0.4297476,1,chr12:52949266:body_of_pancreas:0,TP,1
5.173388,-1.2715284,-0.10354578,0.5278432,-0.21411556,0.7819417,-0.6852497,0.503496,0.41882566,-0.18125278,1,chr6:29705705:prostate_gland:0,TP,1
-1.9855707,1.0842863,0.07491005,1.6339835,-0.8206834,-0.14549619,-0.07168186,-0.031773064,-0.20927763,-0.20797105,0,chr17:1187510:gastroesophageal_sphincter:0,TN,0
3.1871355,-2.3696759,0.7131625,0.9110987,0.45681098,1.0650282,-0.0828409,0.49373394,-0.84645647,0.09284694,1,chr15:79896760:Peyers_patch:0,TP,1
6.10937,-0.8264946,0.3394432,0.6777546,-0.15106861,0.25885984,-0.55437595,0.25990313,-0.3521902,0.21119547,1,chr9:42852316:body_of_pancreas:0,TP,1
-0.9021299,1.6767094,0.66396356,0.9095892,-0.2812695,0.903017,-0.8100666,0.40911525,-0.3784959,-0.31764835,0,chr14:71188151:tibial_nerve:0,TN,0
-3.5884738,-1.2300026,0.714797,-1.0419402,0.14315891,-0.037136737,-0.674029,-0.6585112,-0.701555,0.16852668,0,chr1:206107040:tibial_artery:0,TN,0
4.2531905,1.6340913,0.2699255,0.6231334,-0.64346576,0.8232248,0.43020764,-0.6664774,-0.799457,0.286427,1,chr19:45427778:tibial_nerve:0,TP,1
0.86886215,1.4274657,-0.9749113,0.1291863,0.33728647,-0.57695836,1.1401719,-0.49602702,-0.7098162,0.39194608,0,chr19:52526944:spleen:0,TN,0
-2.1495864,-0.32411698,0.5172008,-1.36219,0.22064176,0.4529576,-0.5167211,-0.63191503,0.047159445,0.08729994,1,chr9:17531876:omental_fat_pad:0,FN,0
7.058829,0.70416105,0.6615816,-0.37072536,-0.5140683,-0.4860545,0.24716862,-0.082321234,-0.41192183,-0.035595547,1,chr10:38653296:spleen:0,TP,1
3.8535788,-0.37197492,0.23493259,1.3625885,-1.011304,0.36941233,0.15363231,-0.22471137,-0.3406151,0.19727755,1,chr7:105532581:prostate_gland:0,TP,1
-2.8940406,1.8879521,-0.91739565,-0.24343735,0.20701689,0.08012803,-0.34991235,-0.20701927,0.031990442,-0.17320816,0,chr6:11145711:body_of_pancreas:0,TN,0
-3.5466878,-1.0319033,-0.58440375,0.53730124,-0.64717567,-0.7059333,1.0333885,0.5053656,-0.32098308,-0.16618998,0,chr3:14921124:thoracic_aorta:0,TN,0
5.442925,0.09738248,0.12684889,-0.048527785,-0.3338106,-0.030486668,0.5800794,-0.8672428,-0.24474755,-0.029809358,1,chr17:21322681:body_of_pancreas:0,TP,1
6.535149,-0.06714652,0.81909466,0.30134222,-0.9243179,0.1811008,0.24451038,-0.24479136,0.32565737,0.24281067,1,chr11:60251676:tibial_artery:0,TP,1
-0.09699551,-0.24588393,-0.18894596,1.358856,0.7866046,0.47345093,-0.009628727,0.022850936,0.72489977,-0.34454983,0,chr22:43159583:transverse_colon:0,TN,0
-1.1739224,-0.005052414,-1.5321034,0.1814589,2.6643448,-0.15588331,-0.7749583,0.82914865,-0.11852719,0.44510925,1,chr18:597094:body_of_pancreas:0,FN,0
-1.962668,0.6494378,2.2770007,-0.90852934,0.2806516,-0.026626924,-0.19080198,0.8719714,-0.29070112,0.03459598,1,chr5:113606641:adrenal_gland:0,FN,0
6.112222,-0.8602586,0.16853741,0.21276352,-0.6292934,0.05039667,-0.5419978,0.28203925,-0.24325822,0.19879328,1,chr6:29705705:gastroesophageal_sphincter:0,TP,1
-3.2959507,-2.2792907,-1.6345791,-0.49161652,-1.2430869,-0.2875103,0.6625444,0.065584786,0.24893248,-0.19699785,0,chr2:25852638:Peyers_patch:0,TN,0
-0.85932153,-0.52385944,1.2258539,-1.3827952,0.8723163,0.31709987,0.5068632,-0.75815797,0.27636874,-0.3853526,0,chr12:124347927:gastrocnemius_medialis:0,TN,0
-3.4233923,-1.7051699,0.3524444,-1.2226212,-0.59810257,-0.1189267,-0.3264532,-0.6925797,-0.09700614,0.124598786,0,chr13:50513189:adrenal_gland:0,TN,0
-4.521249,-3.1598766,-0.97462803,-0.3852922,-0.93784416,-0.38115522,0.27136698,1.0345479,0.27335635,0.36565188,0,chr7:38222730:transverse_colon:0,TN,0
6.4905705,-0.5247379,-0.027874324,-0.38375932,-0.0023856256,-1.0385828,-0.27865255,0.00878874,-0.27062044,-0.40682766,1,chr11:47642443:tibial_artery:0,TP,1
-3.371218,-1.3476155,0.90347344,-0.36773822,0.2361681,0.0067016226,0.4071874,0.5905124,-0.0043647382,0.6357019,0,chr1:205230071:prostate_gland:0,TN,0
0.6654737,-0.2898508,0.44765988,1.497847,1.3906813,-1.1703002,0.9186097,0.13938868,0.21828361,-0.2250274,1,chr17:49764139:tibial_artery:0,FN,0
0.35965446,-1.2070569,0.39483637,0.8394706,0.33461216,-0.27333084,1.3866836,0.5016426,-0.15843093,-0.43980217,0,chr4:39698552:transverse_colon:0,FP,1
-0.13382035,-1.329399,0.13859254,0.9408287,0.8959226,1.9778367,-0.07590783,0.52682155,0.1930095,-0.07738484,1,chr5:179213127:thoracic_aorta:0,TP,1
-0.24242717,2.2062569,-1.489509,-0.46732676,0.18787868,-0.0024973224,0.39896736,-0.08967735,-0.5354292,0.033970542,0,chr19:122313:transverse_colon:0,TN,0
-0.017335843,1.149554,-1.0836957,-0.21162228,-0.059009347,1.0841368,0.4153072,0.19121285,0.6130663,0.13529135,1,chr1:16742306:tibial_nerve:0,FN,0
-2.1134667,0.071038626,-0.3602719,0.13421889,-0.42199513,0.6174668,0.4912759,0.6594829,0.36434686,-0.3050311,0,chr8:19869935:body_of_pancreas:0,TN,0
-1.6508479,0.6370711,0.05124801,1.545622,-0.9723043,0.5004288,-0.32426777,-0.47311476,0.10097192,-0.3302939,1,chr11:1652791:sigmoid_colon:0,FN,0
6.665007,-0.012353206,0.79263616,0.25059968,-0.802254,-0.21364635,0.15036958,-0.34189847,0.19263019,0.15488237,1,chr11:60251676:adrenal_gland:0,TP,1
6.7287245,0.55726063,0.5404166,-0.13332203,-0.517273,0.13924612,-0.37386885,-0.1638717,0.4192158,0.3429788,1,chr2:86221296:sigmoid_colon:0,TP,1
0.60428375,-0.955592,-0.68418497,-1.7334259,0.28508008,1.252437,0.274667,0.5581978,0.49703464,-0.93885887,1,chr4:24783719:body_of_pancreas:0,TP,1
-2.271546,0.78560525,1.8754888,-1.0733534,-0.025545316,0.12942205,0.21453719,1.172313,-0.1242905,-0.120457344,0,chr2:196337682:tibial_artery:0,TN,0
-3.0112524,0.12888221,1.0278753,0.2487455,0.013212934,-0.6903766,0.37188733,-0.15076302,-0.16247071,0.6825446,0,chr15:78873098:lower_leg_skin:0,TN,0
-3.1956334,-0.6579876,0.07492144,0.98894954,0.12788151,-0.5915401,-0.062162675,-0.46410242,-0.49887317,0.32928103,0,chr6:125153992:upper_lobe_of_left_lung:0,TN,0
-2.9728107,0.4778093,0.9068181,0.21967833,-0.68226963,-0.36196458,-0.014827921,-0.3249734,-0.42630583,-0.070317134,0,chr9:98998958:Peyers_patch:0,TN,0
-4.1012516,-2.0042458,-0.40202558,-0.8175598,-0.9704344,-0.278046,0.08646087,0.6251396,0.33589503,-0.19287214,0,chr7:76356776:prostate_gland:0,TN,0
-2.3210495,1.1368728,-0.6080315,-0.122951694,-0.5303557,-0.7458747,0.6472618,0.119428694,-0.106555074,0.21811181,0,chr2:35410573:esophagus_muscularis_mucosa:0,TN,0
2.5846941,-0.9964015,0.5307949,1.8531839,-0.8388293,0.7330271,0.2863755,-0.048537306,-0.005807649,0.5862843,0,chr12:123458392:adrenal_gland:0,FP,1
-2.2002697,0.23371756,-0.18847954,0.60626847,-0.060188044,-1.2418494,-0.06233725,-0.6506765,0.06154407,0.5976853,0,chr5:140647718:testis:0,TN,0
5.4031787,-1.040826,0.13192308,0.8761964,0.24825202,0.7271021,-0.8921222,0.28097516,-0.13102153,0.2534481,1,chr9:42852316:upper_lobe_of_left_lung:0,TP,1
4.287605,-0.7917786,0.305556,1.2124107,0.07564578,0.9549654,-0.47636405,0.25070092,0.39075205,-0.4604399,0,chr22:49062608:body_of_pancreas:0,FP,1
-3.730267,-2.095229,-0.8480285,1.4826032,0.29449603,-1.2191806,-0.18229418,0.19608442,-1.0049163,0.20987318,1,chr9:33167269:body_of_pancreas:0,FN,0
-3.2144568,-0.8150567,-0.8462873,-0.4750849,-0.38844192,0.69272804,0.14824489,-0.7604624,-0.040751114,0.08078012,0,chr4:38783176:tibial_artery:0,TN,0
-2.9748333,0.7438513,0.23077263,0.20078266,-0.86077714,-0.087346666,-0.6898083,-0.60267615,0.3173715,0.2735924,0,chr4:82462411:tibial_nerve:0,TN,0
-0.81208163,0.38598943,-0.18877375,0.420732,0.14197074,1.1832051,0.9424012,-0.54966927,0.18249393,-1.3405579,0,chr6:6722433:transverse_colon:0,TN,0
3.5182328,0.9967495,-0.85861367,-0.93908954,-0.095801055,-0.45036015,1.5667462,0.85659003,0.9427539,0.33406293,1,chr8:44636977:body_of_pancreas:0,TP,1
-1.3447934,2.9673712,-0.080342814,0.09890995,-0.1779434,-0.014674291,-1.1229732,0.42842403,-0.0059989956,-0.35952908,0,chr11:131064721:body_of_pancreas:0,TN,0
1.8989576,0.08202278,0.78987163,1.3104721,-0.14945929,-0.003323926,0.48382813,-0.19569024,-1.0464776,-0.050812222,0,chr11:73761088:Peyers_patch:0,FP,1
-2.4548547,0.9557124,0.6905943,0.7844454,-0.14198409,-0.5492285,0.1691081,0.5511333,-0.058256034,-0.08604913,0,chr7:127392752:lower_leg_skin:0,TN,0
-2.1915684,-0.6658421,2.0280364,-1.5345052,0.5995638,0.55423117,0.42226294,0.5469002,-0.08295385,-0.0031274715,1,chr6:131199853:thoracic_aorta:0,FN,0
-1.1961285,0.96476024,-0.52815276,-0.95622367,-0.5403365,0.23662019,0.9468611,-0.16655307,0.6919772,-0.44473755,1,chr8:60731508:adrenal_gland:0,FN,0
-2.5927522,1.9182909,-0.96964955,0.052391645,-0.0149222445,-0.06318677,0.09148836,0.3534454,-0.14177103,-0.428642,0,chr21:39175402:prostate_gland:0,TN,0
-0.18364614,2.0091639,-1.7550871,-0.6045703,0.5077995,0.2254345,1.0349001,-0.35193557,-0.7208229,0.6768021,0,chr6:52724024:tibial_artery:0,TN,0
0.38588685,1.6067054,1.3917046,1.63931,-1.3975741,1.1790411,0.42030856,0.7923175,0.6661393,-0.53325146,1,chr9:83219889:esophagus_muscularis_mucosa:0,FN,0
-2.3088927,0.82887304,-1.7010925,-0.5233525,-0.32611394,0.30834728,0.530592,0.07028125,0.29677755,-0.5880241,0,chr5:76309196:transverse_colon:0,TN,0
0.06969527,-0.5299616,1.2689781,0.31571347,1.2815346,0.8762367,-0.57211846,-0.02846258,-0.6184939,-0.21590875,1,chr7:267146:Peyers_patch:0,FN,0
-3.07815,0.4032328,-1.1384609,0.03341104,0.78347373,0.30777663,-0.485471,-0.58879775,0.38085482,0.21111695,0,chr8:477912:upper_lobe_of_left_lung:0,TN,0
-3.1256504,0.81469864,0.47126764,1.0806354,-0.3905313,-0.5871946,-0.12696421,0.22663675,-0.031101285,0.25186044,1,chr5:36690495:tibial_artery:0,FN,0
-2.0498312,0.8672449,0.74976534,0.3684227,-0.38674822,0.8787709,-0.07509229,0.3642911,0.29855126,-0.28754282,0,chr18:49448059:spleen:0,TN,0
6.0389524,-0.27912495,-0.33456224,-0.4797974,0.7628885,-0.9363067,-0.82477164,0.2115228,-0.11987076,-0.3972355,1,chr15:24767525:suprapubic_skin:0,TP,1
-2.107295,-0.90778744,0.7037658,-0.25275427,-0.3353395,0.13412227,0.9405699,1.7766752,-0.35029227,-0.1766615,1,chr12:50133030:adrenal_gland:0,FN,0
1.9878482,3.272345,-0.3666027,-0.47337183,-0.2030558,0.6022431,1.0935777,-0.23631619,-0.54896903,0.20771794,0,chr12:46648881:body_of_pancreas:0,TN,0
4.2223525,-2.0599334,0.11912619,1.667832,0.24336131,0.810597,-0.22131039,0.08138633,-0.5624779,0.35281935,0,chr6:41786631:sigmoid_colon:0,FP,1
5.996935,-1.0174826,-0.24301107,0.08231808,-0.45479324,-0.43850768,-0.30818295,-0.0048697633,-0.289003,-0.33488664,1,chr12:121918386:body_of_pancreas:0,TP,1
-1.9658134,-1.7940671,-0.35192767,-0.3407605,-0.70389456,-0.5872951,1.1402522,1.092475,0.07642107,-0.015404421,0,chr11:115930426:upper_lobe_of_left_lung:0,TN,0
-2.0506976,-2.1102567,-1.4553233,0.95566356,-0.59578985,0.43558335,-0.031374846,-0.24964131,0.2428674,-0.1908976,1,chr9:83219701:tibial_artery:0,FN,0
6.6008306,0.39359507,0.5363262,-0.41304296,0.42928886,-0.53576136,-0.3003549,-0.42486218,0.19404492,-0.276345,1,chr16:85086903:gastroesophageal_sphincter:0,TP,1
-2.2200956,-0.012659346,0.80232674,-0.069815814,0.17890666,0.87730086,0.005036874,0.73768276,0.39433593,-0.16494125,0,chr14:69574943:adrenal_gland:0,TN,0
-0.93995076,-1.8972311,-1.3663291,-0.19869949,-1.3008615,-0.029458322,0.9026095,-0.53148973,0.083926216,-0.39886725,0,chr10:84363834:omental_fat_pad:0,FP,1
-3.1016,-0.923672,1.3554558,-0.9173218,0.24418096,0.10570249,-0.4160123,1.028406,-0.23585749,0.49376106,0,chr19:28466600:tibial_nerve:0,TN,0
-1.9299523,0.6410988,-0.36251566,0.5099855,0.2882626,0.15052275,-0.9768122,-0.82037264,0.821128,-0.24112473,0,chr5:172807337:spleen:0,TN,0
-2.8675666,-1.1875086,1.3029754,-0.22424173,1.3779278,0.05105796,0.49000612,0.3766163,-0.706618,0.20829764,0,chr10:3046245:thoracic_aorta:0,TN,0
-0.92570174,0.7412318,-1.5669461,0.13046229,0.17788284,1.143072,0.056898843,-0.12667862,-0.69861054,0.6436248,0,chr10:32211009:body_of_pancreas:0,TN,0
1.9314952,-1.0645245,-0.5137705,0.23882188,1.1040667,0.014373089,0.39146063,0.4056963,1.1129652,-0.37487888,1,chr19:45678133:body_of_pancreas:0,TP,1
1.2339892,0.3142205,-1.4264164,0.5386421,0.51792675,1.6676688,-0.63604844,0.59801507,0.55800366,0.3018361,1,chr10:96641123:gastroesophageal_sphincter:0,TP,1
-3.158182,0.12552984,0.3854074,0.8714442,-0.29164022,-0.80688226,0.12355422,0.09394546,0.450313,0.34030324,0,chr2:219499194:transverse_colon:0,TN,0
-3.7114346,-1.7973813,-0.63653344,0.16950865,0.35046217,-0.06881846,-0.5461879,-0.7170525,0.58414954,0.40484607,0,chr6:166106112:spleen:0,TN,0
-2.8946702,-0.44342867,0.15635626,0.7467151,-0.20003144,0.19438238,-0.30364013,-0.34287143,-0.63916576,-0.10369089,0,chr11:78416867:upper_lobe_of_left_lung:0,TN,0
0.14982985,-0.8732655,-0.40786293,-1.0154674,-1.3952569,0.21447729,0.48520407,-0.49660793,0.62520343,-0.640533,1,chr11:26754057:transverse_colon:0,TP,1
-1.7846042,1.8844024,-1.2688799,-0.68596524,0.1302404,0.24867333,0.27574027,0.5623942,0.56088763,0.12786427,0,chr1:67500109:transverse_colon:0,TN,0
-2.1207893,1.7001489,-0.55188274,0.2773578,-0.32650858,0.72108227,-0.15768282,0.115020886,0.32359102,0.15791419,0,chr2:20135852:prostate_gland:0,TN,0
7.031976,0.3413476,0.87979877,0.01847364,-0.8954002,-0.14089225,0.06594534,-0.29675135,-0.08017975,0.5211976,1,chr7:142521135:tibial_nerve:0,TP,1
-3.6134293,-0.9212688,0.557529,-0.54528123,-0.8024527,-0.34634826,0.43176016,0.5866946,0.30622035,-0.10932751,0,chr2:236702793:body_of_pancreas:0,TN,0
-2.1520746,-1.4404101,0.30293155,2.3332424,1.3559958,-1.019371,0.46451902,-0.5398429,0.16094321,0.8269615,1,chr8:28701937:upper_lobe_of_left_lung:0,FN,0
-3.1253965,-0.06963669,-0.8787448,-0.28044268,-0.56846917,0.41377673,0.4712705,0.5421596,0.019713614,0.00020403425,1,chr10:86410439:body_of_pancreas:0,FN,0
-2.0588257,1.5239426,0.42688447,1.3914512,-1.1786395,0.047046766,0.039983146,-0.113942295,0.15728839,-0.4879655,0,chr17:82494715:thoracic_aorta:0,TN,0
2.7874706,1.3138908,0.19028105,1.2760788,-0.7172513,0.37001857,0.2185677,-0.29313007,-0.546697,0.1087817,1,chr19:45427778:sigmoid_colon:0,TP,1
-3.3109117,-0.76552093,-0.43840617,0.15683335,-1.1004319,-0.4379127,0.01926647,-0.5969101,0.30385607,-0.17822853,0,chr4:82462411:Peyers_patch:0,TN,0
-1.4675446,0.9449535,-0.094871596,-0.4571404,1.0343692,1.1567262,-0.13948734,-0.48619953,-0.82263607,-0.3034638,1,chr21:41722182:Peyers_patch:0,FN,0
2.8314521,-1.3130783,-0.61630505,0.22744188,0.09150295,0.17522265,-0.455418,-0.15110931,0.53058565,-1.0954458,1,chr7:142773685:body_of_pancreas:0,TP,1
4.183275,0.34743455,-0.5958754,-0.47032925,-0.84304553,0.46007133,-0.106307335,0.24669021,-0.6405023,1.4329183,1,chr7:73725711:adrenal_gland:0,TP,1
-1.9808602,-0.16737859,1.7379951,-1.2172744,0.6876351,0.7282271,-0.58272856,-0.7628324,0.09900317,0.1587271,1,chr6:131199853:body_of_pancreas:0,FN,0
-0.13382035,-1.329399,0.13859254,0.9408287,0.8959226,1.9778367,-0.07590783,0.52682155,0.1930095,-0.07738484,1,chr5:179213127:gastrocnemius_medialis:0,TP,1
6.6737766,-0.10848602,0.57146037,0.079167925,-0.7026127,-0.21233362,-0.14764243,0.020891469,-0.2735505,0.09368732,0,chr19:21569427:transverse_colon:0,FP,1
-1.8346429,0.6053706,0.99002796,-0.51587903,-0.03118825,0.20164682,0.3748309,0.8206238,0.12519443,-0.07398884,0,chr4:105521043:prostate_gland:0,TN,0
-0.508701,-1.7918916,0.80584264,1.6700548,-0.67651534,0.8630943,-0.112772636,0.75315887,-0.35477814,-0.17673253,0,chr4:121696562:transverse_colon:0,TN,0
-3.5603824,-0.5234698,0.3645614,0.23550433,-1.0467643,-0.1519696,-0.45268902,-0.33016253,0.4427055,0.31002057,0,chr10:15726047:body_of_pancreas:0,TN,0
-2.669359,-0.04365519,0.35991633,-0.08331093,0.23297909,0.45577195,-0.5479322,-1.0271033,0.4366127,0.33556566,1,chr16:25126355:sigmoid_colon:0,FN,0
-0.25998262,-0.28226432,-0.6316781,0.7513567,1.9845582,0.27172136,0.11362925,-0.19952439,0.3343856,0.05706142,1,chr12:31118962:body_of_pancreas:0,FN,0
0.38614058,0.94812757,-1.4731383,-0.7011418,1.0358155,0.23250315,0.06635509,0.83468944,1.7197123,0.56446046,1,chr21:7322720:stomach:0,FN,0
6.4512296,0.40480378,0.9249852,-0.028556645,-1.0242033,-0.45461085,0.44967774,-0.47774404,0.21787418,-0.019092258,1,chr4:98093069:Peyers_patch:0,TP,1
-3.6024647,0.6444308,-0.6010719,0.4527566,-0.49470776,-0.68991005,-0.20308952,-0.3122128,-0.43393534,0.09944828,1,chr8:22756288:Peyers_patch:0,FN,0
6.4890423,-0.5350242,0.535758,0.044909194,-0.6847126,-0.0675942,-0.15354729,0.011078057,-0.08402418,0.012786015,1,chr6:29705705:esophagus_squamous_epithelium:0,TP,1
-2.7028146,1.1361612,0.9232923,0.06572358,-0.53677094,0.015915636,-0.3506426,0.005460608,-0.02150748,-0.34268084,0,chr17:69235781:esophagus_squamous_epithelium:0,TN,0
-0.93516386,3.1662018,-0.22915678,0.1834616,-0.554644,-0.25163323,-1.1557847,0.14638437,-0.103010915,-0.52227163,0,chr1:114979744:gastroesophageal_sphincter:0,TN,0
-4.243463,-2.6655645,-0.64897954,-0.5997442,-0.09743356,-0.3028436,-0.6474747,-0.7595674,-0.09578225,0.5964418,0,chr17:69526231:thyroid_gland:0,TN,0
0.49314645,0.068708405,0.3992866,-0.7055485,0.6233361,1.1722932,-0.4777182,-0.18035296,0.049715806,-0.28056303,1,chr16:21935488:transverse_colon:0,FN,0
-3.4328742,-2.2927139,-0.3621805,-0.2848904,0.006091423,0.5700145,0.2593036,0.07793608,-0.2345212,0.08525475,1,chr11:83293101:tibial_nerve:0,FN,0
-1.9597553,-1.7634723,0.6156515,1.4403126,0.2030037,0.25910446,0.6293495,0.17973825,0.18612427,0.122640155,0,chr1:31715618:sigmoid_colon:0,TN,0
4.806502,-0.17797513,-0.083483346,-0.46704835,-0.57173026,0.39636704,0.20489357,-0.018322993,-0.72352856,0.40252936,1,chr6:154454187:body_of_pancreas:0,TP,1
-2.8570073,1.3857706,-0.14567973,1.0115734,-0.7531292,-0.5565786,-0.41429108,-0.5914288,0.13652748,-0.13114344,0,chr9:131053297:tibial_artery:0,TN,0
-2.6242602,1.9360676,-0.9528471,0.61339325,0.48028588,-0.012587464,0.31448492,0.2004978,-0.072308205,-0.012816229,0,chr17:1724503:upper_lobe_of_left_lung:0,TN,0
2.0549295,0.0064876145,1.1614453,0.72140837,0.56155616,0.81383073,0.3389782,0.39272177,-0.007222349,-0.8470507,0,chr17:68457202:upper_lobe_of_left_lung:0,FP,1
-2.0869997,0.8522422,0.98002064,0.76837736,-0.29848364,0.6335086,-0.12211722,0.11802855,-0.02256241,-0.62253684,1,chr1:17336255:suprapubic_skin:0,FN,0
-3.4885826,0.09571995,0.14935072,-0.0998682,-1.0255101,-0.119600706,-0.6133092,-0.26041245,-0.118934415,-0.3035276,0,chr2:227406335:spleen:0,TN,0
-3.3413167,-0.35819927,-1.0174905,-0.61156476,-0.7964214,-0.8483601,0.48917472,0.4250084,0.33864814,-0.11656691,1,chr6:147285258:esophagus_squamous_epithelium:0,FN,0
1.4591513,-1.0175033,0.85550284,-0.3226705,1.3568691,1.0656229,-0.09968285,0.8878977,0.16306263,-0.56730855,0,chr19:44513189:body_of_pancreas:0,FP,1
5.9286866,-0.76092803,-0.6199851,-0.6856864,0.54061127,-0.9744093,-0.8069348,0.39322862,0.031289186,-0.39886066,1,chr5:5816786:prostate_gland:0,TP,1
4.097439,-1.9669572,-0.40874454,0.011273273,0.12077949,-0.13190237,-0.21692625,-0.075005986,-0.19327058,-0.97659767,0,chr12:47744238:suprapubic_skin:0,FP,1
6.59432,0.123766534,0.45336342,-0.013257804,-0.4385038,-0.021184225,-0.12405093,0.02001806,-0.17215894,-0.31514177,1,chr10:38653296:esophagus_squamous_epithelium:0,TP,1
6.6614757,0.5828943,0.4477637,-0.34459803,0.53440326,-0.50565493,-0.18613334,-0.2633484,0.30170438,-0.3841958,1,chr16:85086903:transverse_colon:0,TP,1
-3.2058454,-1.0849926,-0.12059112,-1.763273,-0.53596026,-0.46981728,-0.90489477,0.0631778,0.060690165,0.4608708,0,chr1:218905274:body_of_pancreas:0,TN,0
-2.3068955,-0.62242377,1.1083083,-1.7239385,0.2578358,0.5390801,-0.271529,-0.9353329,-0.98375374,-0.10732118,0,chr13:99046407:prostate_gland:0,TN,0
-2.8204553,-0.04598266,0.3343578,1.126775,0.38538018,-0.36558014,0.2151635,-0.27684167,0.42698961,0.1933519,0,chr11:13964843:prostate_gland:0,TN,0
-2.8814695,0.41349986,0.3926772,0.83347017,0.16449443,-0.23005177,0.09334402,-0.008384149,0.21749495,-0.023021556,0,chr1:17336255:tibial_nerve:0,TN,0
2.4861748,-1.8168254,-0.6379319,1.4211354,-0.4378776,1.0215522,0.14426035,0.2742914,-0.1982971,0.27095702,1,chr1:20575428:tibial_artery:0,TP,1
-0.999047,0.032602035,1.2311987,0.57572144,1.0964504,-0.26778793,-0.44108337,-1.3780107,-0.2901085,0.5516218,1,chr17:45022145:upper_lobe_of_left_lung:0,FN,0
-2.8117104,-0.04083058,-1.3625281,-0.37561077,-0.45122793,0.020088399,0.6843862,0.83994013,0.16070645,0.012207435,0,chr18:45777778:thoracic_aorta:0,TN,0
6.243409,-0.41527212,0.033735637,-0.3681677,0.76023966,-0.73306197,-0.53911257,-0.24439639,0.16468419,-0.6654158,1,chr16:85086903:transverse_colon:1,TP,1
-2.302436,1.9232934,-1.9775668,-0.029336099,0.6215575,-0.24635737,0.058504105,0.23015705,-0.7764695,0.17917407,0,chr1:230167489:tibial_artery:0,TN,0
-2.804619,0.6260387,1.2361557,0.7023754,0.46821716,-0.8591612,0.42665714,0.18717247,0.027099565,0.50214696,0,chr17:17281084:transverse_colon:0,TN,0
-3.1517727,0.7833529,0.86277205,0.3154657,-0.39039773,-0.7698408,0.38761705,0.82712406,0.29910928,0.10025922,0,chr17:13018327:esophagus_squamous_epithelium:0,TN,0
-3.0582855,-2.229377,0.017186081,-0.57241833,-0.01535305,0.84774417,-0.27189568,-0.088188514,0.83195055,-0.2115542,1,chr4:2713690:body_of_pancreas:0,FN,0
-4.632628,-3.2854002,-0.07408092,-0.76103956,-0.66443074,-0.1688418,-0.43767715,0.25419596,-0.49596483,0.75263107,0,chr18:61551833:tibial_nerve:0,TN,0
6.4809523,0.43652502,0.7459614,0.13155605,-0.40248963,0.11259546,-0.16488256,-0.2715243,0.8124139,0.08149897,1,chr5:151298414:upper_lobe_of_left_lung:0,TP,1
-1.000807,1.2353148,-0.7151477,-0.32323942,-0.70718247,0.10994771,1.329614,-0.5040383,0.12200858,-0.047907848,0,chr11:63024537:spleen:0,TN,0
-0.60088444,-1.7337384,0.07110856,0.6832696,-0.4399485,-1.2870716,0.026094085,-0.2732263,-0.36334127,0.109419286,0,chr20:41340872:esophagus_squamous_epithelium:0,TN,0
-0.5970276,0.4298788,0.9330086,0.8505482,-0.06616924,1.3985596,0.12369526,-0.6525143,0.29621205,-0.02884232,1,chr7:1812632:Peyers_patch:0,FN,0
4.5840597,-0.051677734,-0.031509936,0.18254167,-0.12558801,1.1005802,-0.7963708,0.5393373,-0.015376961,1.9066342,1,chr19:21484173:upper_lobe_of_left_lung:0,TP,1
-1.7373077,-0.52109087,0.074775144,1.7010312,0.8618018,-0.6052569,0.2623906,-0.47756347,-0.26881635,0.036877383,1,chr11:8964460:testis:0,FN,0
-2.9123008,-0.110483736,0.8277456,-1.2861549,-0.18277961,0.059398036,-0.39855,-0.87959737,0.07298695,0.38472262,1,chr17:40964085:esophagus_muscularis_mucosa:0,FN,0
-2.8158526,0.94306725,0.67746526,1.254876,0.11628155,-0.7043013,-0.3297098,-0.15761855,-0.092203476,-0.04536545,0,chr22:20117295:Peyers_patch:0,TN,0
7.084145,0.5892312,0.4485857,-0.57801396,-0.4211411,-1.1218191,0.60366666,-0.39927813,-0.078178525,0.56530553,1,chr17:25564496:upper_lobe_of_left_lung:0,TP,1
-2.6170404,1.358033,0.7272668,0.77903855,-0.88850605,-0.33719358,-0.38632762,0.2776226,0.17770047,-0.10116667,1,chr10:29449249:tibial_artery:0,FN,0
-1.2406427,1.3296824,-1.1382855,-0.6640189,0.9030885,0.13259576,0.34583455,0.7730546,-0.3214867,-0.24240404,0,chr6:18033001:gastroesophageal_sphincter:0,TN,0
6.067143,-0.5728688,0.019486926,-0.20912598,-0.19021972,-1.0338447,-0.15157321,-0.3643412,-0.034200966,-0.11360261,1,chr14:30690707:spleen:0,TP,1
-3.1372228,0.6078258,0.027923081,1.1469721,-0.69691443,-0.27666068,-0.2812093,-0.7202088,0.32794118,0.32313496,0,chr4:3956393:prostate_gland:0,TN,0
-2.8764565,-0.0014823676,1.729121,-0.99127203,0.4216092,0.1330828,-0.094621636,-0.00095299026,0.031058567,0.387965,0,chr14:106061994:esophagus_muscularis_mucosa:0,TN,0
-1.027849,-1.2005881,0.08807583,0.25479975,0.44049162,0.4100664,0.40672374,-0.32008365,0.3119126,0.18721196,0,chr19:38268301:body_of_pancreas:0,TN,0
-0.8098666,-0.47867808,-0.2129075,1.1728349,0.328396,-0.16213356,0.7577119,-1.6785253,0.5742738,0.056081094,1,chr8:41651698:thoracic_aorta:0,FN,0
-1.0966928,-0.6195183,0.7975839,-1.9636439,0.37772733,0.7652942,0.6241636,-0.76553345,-0.19064844,-0.8861997,1,chr6:137697537:transverse_colon:0,FN,0
2.5513415,-0.34406593,-1.2356496,-0.10312426,-0.9488885,0.48054156,-0.05776089,-0.0077215275,-0.63973343,0.3048769,1,chr8:30230823:thoracic_aorta:0,TP,1
4.50272,-0.071572624,-0.060771838,-0.24844162,0.08024651,0.35181168,0.01829336,-0.2200171,0.11266417,-0.904789,0,chr20:18904416:esophagus_squamous_epithelium:0,FP,1
2.1296582,-2.1872075,0.9655125,0.03998167,-0.4059492,1.6429251,-0.09166829,0.32586932,-0.4753892,-0.29153085,0,chr22:28009558:tibial_nerve:0,FP,1
2.4742112,-0.10002306,-1.1171955,-1.0330365,1.6551466,-0.2198966,0.20513451,0.64077157,0.513427,0.6655742,1,chr16:86190195:transverse_colon:0,TP,1
1.3548305,-0.96719456,-1.5938051,-0.9808225,-0.7644995,-0.121354744,0.7749375,0.18023157,-0.033791747,0.18261346,1,chr5:123274158:tibial_nerve:0,TP,1
-3.1431446,0.48747307,0.9457958,0.105333164,-0.55785906,-0.61743444,-0.549811,-0.03858651,0.20145467,0.31199992,0,chr17:65294245:esophagus_muscularis_mucosa:0,TN,0
6.533938,-0.5703338,0.28621855,-0.04223033,-0.43686414,-0.26211643,-0.25233865,-0.08918168,0.18761517,0.029984802,1,chr7:142775530:body_of_pancreas:0,TP,1
-2.2020378,1.1074867,1.6310552,-0.119641356,0.5978483,0.7417193,0.39396173,0.8874423,-0.15501338,-0.5160514,0,chr16:70715107:tibial_artery:0,TN,0
6.319767,-0.6405195,0.44030055,0.22386323,-0.66743153,-0.07265988,0.13292347,-0.18169364,0.209195,-0.033188023,1,chr11:60251676:prostate_gland:0,TP,1
-1.9197415,-1.3117301,-1.1450998,-0.8336977,0.21858117,0.9804658,0.6343071,0.078029506,-0.38216788,-0.79625946,0,chr2:42924253:body_of_pancreas:0,TN,0
-3.907384,-0.29339433,-0.7335421,0.24395658,-1.2295109,-1.2326759,-0.39724347,-0.05625763,0.6680953,0.48760727,0,chr15:82365725:upper_lobe_of_left_lung:0,TN,0
-2.5184426,-0.97108036,1.4905565,-1.7448903,0.8222535,0.5297658,0.15006427,-0.546745,-1.2659639,-0.0139402365,1,chr6:33732104:body_of_pancreas:0,FN,0
3.4364514,0.4102704,-0.38461325,0.02328632,0.77632976,-0.49200046,-0.66514665,-0.23213734,0.12536591,-0.7197136,0,chr19:47698394:esophagus_muscularis_mucosa:0,FP,1
-1.0686924,2.371674,-1.1960802,0.8442651,0.21944824,1.462665,-0.58749217,0.080515385,-0.34580523,0.51169634,1,chr19:45427778:esophagus_squamous_epithelium:0,FN,0
4.5216594,-0.053966243,-0.60291594,-0.355004,-0.7640906,0.38147143,-0.076680765,0.25585634,-0.7504466,1.4151415,1,chr7:73725711:testis:0,TP,1
-2.80792,-2.6049695,-0.09432276,0.36351252,0.8981273,-0.33565918,1.1001546,0.34589836,-0.46620598,-0.029180557,1,chr9:33447548:transverse_colon:0,FN,0
3.6501808,-0.47592688,-0.41614458,-0.118942775,-0.79731584,0.6226196,0.14878811,0.25600028,0.105574556,1.0323163,1,chr5:33490477:transverse_colon:0,TP,1
-2.9066544,0.2120834,1.2131183,-0.7492974,-0.12437688,-0.012092826,-0.73770297,-0.63414973,0.04217654,0.48865014,1,chr3:66138807:esophagus_muscularis_mucosa:0,FN,0
-2.818653,0.95075935,1.4684583,-0.22438684,-0.09686553,-0.112715065,0.058538835,0.047930133,-0.0020762442,0.4025682,1,chr17:45099253:esophagus_squamous_epithelium:0,FN,0
-2.6597667,0.13347621,0.040547263,0.25774288,1.2118536,0.1625047,0.22403683,-0.0035336823,0.17035481,-0.43132842,0,chr19:4455864:adrenal_gland:0,TN,0
6.5848794,-0.2998989,0.29246652,-0.07387382,-0.32849592,0.0069168536,-0.43720573,0.046511088,-0.2283923,0.12630828,1,chr7:22550492:esophagus_squamous_epithelium:0,TP,1
-2.451024,1.981086,0.70497465,0.17222258,0.2055147,-0.29246116,-0.4064375,0.57855606,0.05449319,0.062654905,1,chr8:41651698:gastrocnemius_medialis:0,FN,0
-0.7024732,1.3450722,-0.55412334,-0.13409112,0.9220746,0.2966067,0.83675236,0.096381605,-0.12090408,-0.5093108,1,chr22:46739374:prostate_gland:0,FN,0
-2.971618,-1.5831914,-0.16387671,1.8338139,0.55603194,-1.1325451,-0.25127193,0.6115128,0.3357081,0.124824785,1,chr1:21440169:Peyers_patch:0,FN,0
-3.0020828,-0.2110881,-0.18879353,1.5503027,0.15556717,0.04919002,-0.19825089,-0.5527828,0.28066728,0.57507014,0,chr19:2977808:body_of_pancreas:0,TN,0
-3.401602,-0.5570213,1.2705959,0.19572063,0.28927785,-0.72864854,0.24174385,0.51109844,-0.4383295,0.5375287,0,chr6:166383231:body_of_pancreas:0,TN,0
-2.0337572,1.1012694,-1.0150093,-0.68357295,-0.19671214,-0.010725455,-0.057348486,-0.2720453,-0.24816705,0.19935164,0,chr10:133437724:transverse_colon:0,TN,0
4.588558,0.08344391,-0.242404,0.6562586,-0.40393066,0.5088932,0.16830768,0.118758716,-0.21501818,-0.14917892,1,chr16:9160191:thoracic_aorta:0,TP,1
4.662709,-0.43783602,-0.45033684,-0.1628518,-0.81842446,-0.46490026,1.2538053,0.25579634,-1.2463057,0.023196489,0,chr12:106386409:esophagus_muscularis_mucosa:0,FP,1
-3.2374828,-1.3667698,0.8497202,-0.5025598,0.15331636,-0.47947016,-0.75825155,-0.8220342,0.28879467,0.8628408,1,chr18:12884838:thoracic_aorta:0,FN,0
-1.9193118,2.2742863,1.4311477,0.16263875,0.039785646,-0.026016137,-0.40033424,0.6315437,0.15229475,-0.2363976,0,chr1:41283218:body_of_pancreas:0,TN,0
-0.64348024,1.076583,1.4815308,0.37607744,-0.014085273,-0.8460077,0.92288357,0.85255134,0.3242873,-0.47631902,1,chr6:39725494:transverse_colon:0,FN,0
-1.6550456,2.404727,-0.38066646,0.27572533,-0.8080549,-0.5117097,-1.0710377,0.18799146,-0.121290796,-0.5838208,0,chr17:55526730:body_of_pancreas:0,TN,0
-2.2118716,0.61521107,1.3375533,-0.74038905,0.12394565,0.148098,-0.3778502,0.21395229,0.5097411,-0.03242007,0,chr1:207321070:tibial_nerve:0,TN,0
-2.528818,-0.44912025,0.8127999,-2.053924,-0.58306104,0.022061506,-0.38685894,-0.6838214,0.045312215,0.17261821,0,chr4:64158671:transverse_colon:0,TN,0
-3.275612,1.5281881,-0.17312855,0.23485067,0.17253742,0.16528393,-0.78596944,-0.10471825,0.119433835,0.002811285,0,chr20:52061373:Peyers_patch:0,TN,0
-1.1006919,1.913723,-1.7974743,-0.91300124,0.6198461,0.109784864,0.5054716,0.7862665,0.9986617,0.6349629,1,chr2:92401043:transverse_colon:0,FN,0
-3.0535269,1.2979848,-0.4035673,1.029405,-0.25029573,-0.17552656,-0.25059497,-0.20911933,0.26085612,-0.3553108,0,chr5:176404643:transverse_colon:0,TN,0
-2.3756917,2.0251653,-0.1882912,0.80302626,-0.16287585,-0.6691937,0.12579623,0.20726891,-0.23121795,-0.33944952,0,chr8:42692479:tibial_artery:0,TN,0
2.486725,1.2628391,-0.7292648,-0.77540976,1.2265087,0.16313508,0.7502601,0.2703285,1.3224628,0.8896869,0,chr19:27396901:body_of_pancreas:0,FP,1
-2.2554178,2.553588,-0.6140343,0.13739005,-0.40813807,-0.2903321,-0.46301287,-0.16556531,0.042240188,-0.73691106,0,chr2:159118640:sigmoid_colon:0,TN,0
4.282106,0.16518515,-0.7546324,-0.9465588,0.71631324,-0.45837685,0.5222814,-0.47927094,1.6595982,-0.20269229,1,chr20:29893438:transverse_colon:0,TP,1
1.7566493,0.7546615,-0.15900593,0.217129,1.7878637,-0.020007974,-0.15478407,-0.4100003,0.5471622,0.3439286,1,chr5:179212877:thoracic_aorta:0,TP,1
2.0191207,0.16473784,1.2343607,1.5951658,-0.15804629,0.99542135,-0.055673398,0.5693447,0.057536777,-0.16655502,0,chr15:31329790:body_of_pancreas:0,FP,1
3.5073392,-1.2290115,-0.049073983,0.61185104,1.6463336,0.15387517,0.038234465,-0.0071148667,0.1832601,-1.1102595,0,chr8:23084304:tibial_nerve:0,FP,1
-2.5817702,-1.3965853,-0.64120245,-0.36490256,-0.6985288,-0.087047644,-0.4898043,0.7019608,0.7324562,0.15606394,1,chr9:32069300:Peyers_patch:0,FN,0
-1.8785069,-1.4429407,0.99719673,0.8190438,0.51902425,1.2368704,0.43457633,-0.39651853,-0.60885566,0.13524722,0,chr12:123762055:transverse_colon:0,TN,0
-1.7279903,-0.13182914,-1.8117688,0.17168419,-0.90514505,0.64591485,0.31581044,-0.5504441,0.5546267,0.09017724,0,chr9:211761:adrenal_gland:0,TN,0
-3.8386025,-1.3881279,-0.4396966,0.0817311,-1.3002186,-0.74289745,-0.56381154,-0.43281844,0.34764004,0.12549579,0,chr11:94519473:Peyers_patch:0,TN,0
-2.3562078,1.2920063,-0.54918003,0.5480254,-0.04757379,0.5254058,0.13489135,-0.17119345,0.44461006,0.04833556,0,chr11:6612917:sigmoid_colon:0,TN,0
-0.6553742,1.4658859,-1.824407,-0.6182951,0.3474975,-0.016361732,0.604218,0.5144083,-0.7871701,0.45874783,0,chr4:88924940:body_of_pancreas:0,TN,0
4.4466925,-1.0961956,-0.27522728,0.6854628,-0.28710735,-0.5330219,-0.037327398,0.15678464,-0.28997087,-0.2059199,1,chr17:43361257:adrenal_gland:0,TP,1
-2.8338678,-2.4500654,-1.7262696,0.1748337,0.9131834,-0.05514213,0.081536524,-0.54508317,0.33825144,-0.05669661,0,chr14:99659383:transverse_colon:0,TN,0
-2.7892392,-0.065335825,-1.2459822,-0.7364665,-0.25200912,0.083203964,0.5861414,-0.050466232,0.07201543,0.027976913,1,chr2:55432222:adrenal_gland:0,FN,0
-1.5191884,-0.03973887,1.923005,-1.3024682,0.7883529,0.9598007,-0.19975565,-1.3474206,-1.136546,0.19163316,0,chr3:11600688:thoracic_aorta:0,TN,0
-2.844766,0.33692774,1.3517975,-0.15512355,0.12680028,-0.2788537,-0.19205305,-0.6736343,0.103932336,0.48444137,0,chr2:219499194:tibial_artery:0,TN,0
-3.8904018,-0.8991381,0.32842058,-0.55888146,-0.44541517,0.15743631,-0.11138016,0.2422861,0.08967527,0.051967442,0,chr6:24991997:suprapubic_skin:0,TN,0
-1.7123308,1.6377907,0.7862916,1.5303419,-0.7681363,0.031357236,-0.4605839,0.0954702,0.043138348,-0.49582973,0,chr3:197510147:tibial_artery:0,TN,0
4.2132716,0.87665296,0.18296245,0.74794096,-0.73613995,1.4370506,-0.3050472,-0.106170505,0.14703204,0.3834916,1,chr15:33226849:transverse_colon:0,TP,1
1.8340423,1.652145,-0.6842089,0.67048067,-0.1762906,1.5774627,-0.95015407,0.92978764,0.23580486,0.35065567,1,chr17:879808:adrenal_gland:0,TP,1
-1.6916639,2.4376588,-0.42973274,0.70021313,-0.7459303,-0.14285488,-0.836153,0.21918021,-0.08016671,-0.59215796,0,chr7:5085799:prostate_gland:0,TN,0
0.45337668,2.0339222,-0.61377835,0.5516936,1.2545136,0.2153099,-0.21181579,-0.2318827,-0.121650025,-0.89839953,0,chr19:3545629:spleen:0,TN,0
3.2244313,0.9228452,-0.21822336,0.5030134,0.7636013,0.17123078,0.042725753,0.09641889,-0.3194384,-0.6727284,1,chr12:121812942:body_of_pancreas:0,TP,1
1.7660794,-0.10024416,-0.50378764,-0.20967464,-0.31399655,-0.05626847,0.40642428,-0.5600429,1.2909486,0.0031566166,1,chr6:53956277:thoracic_aorta:0,TP,1
0.7454645,1.2876117,1.2264657,1.7619766,-1.7692469,1.3413644,0.20850928,0.5461959,0.3313735,-0.7732386,1,chr9:83219889:gastrocnemius_medialis:0,FN,0
6.728804,-0.04615027,0.08860492,-0.43851283,-0.2296698,-1.1730373,0.08028362,-0.108828746,-0.11797395,0.06823089,1,chr17:22856764:prostate_gland:0,TP,1
-2.9837935,0.677135,0.47870976,1.1689259,-0.65963113,-0.38530803,-0.11127624,-0.19206819,-0.10174811,0.116962075,0,chr19:38403045:esophagus_muscularis_mucosa:0,TN,0
-3.5704432,-0.56906754,0.12952146,-0.119738914,-0.37769973,-0.15944459,-0.04412786,-0.4555439,0.3970223,0.10830855,1,chr2:29015302:spleen:0,FN,0
0.15971226,1.5596374,-1.7508297,-1.1018583,1.1944621,0.13017254,0.5012441,0.86143667,-1.2044886,1.1056583,0,chr22:50449624:body_of_pancreas:0,TN,0
5.033184,-1.40035,-0.94480944,0.17784327,0.4616559,0.46240592,-0.7395708,0.50703466,-0.13585703,-0.037081446,1,chr7:100949035:Peyers_patch:0,TP,1
3.0972705,-1.0139543,0.3800655,0.79644495,-0.6189465,1.5091848,-0.3981894,0.7228865,0.7230175,0.32111418,0,chr22:28009558:tibial_artery:0,FP,1
-1.4723401,0.5874932,1.5026697,1.6814343,0.41969365,-0.3905576,0.27329722,0.8568162,0.42308927,0.032296035,0,chr6:35727813:sigmoid_colon:0,TN,0
4.3753605,-0.996754,0.41595677,1.1686263,-0.50379676,1.0487179,-0.33581495,-0.15682986,0.0826224,0.008243248,1,chr19:47436804:upper_lobe_of_left_lung:0,TP,1
-2.283902,0.7774801,2.1407154,0.12215421,0.3755202,-0.3966418,0.34593147,1.1346177,-0.35786393,-0.114082344,0,chr6:32894511:tibial_nerve:0,TN,0
-3.0605786,-3.4579427,-1.60156,2.368421,1.0053072,-0.751314,-0.111680806,-0.30417958,-0.9071736,0.21412367,0,chr5:132737309:sigmoid_colon:0,TN,0
-3.577836,-1.1875585,0.35951138,0.2852078,-0.47855508,-0.35666323,0.13088177,0.18907142,0.23239212,-0.05638821,0,chr4:4248127:transverse_colon:0,TN,0
6.6803885,0.7193775,0.62326324,-0.15120587,-0.4120935,-0.36502576,-0.11298165,-0.22032423,0.21174301,-0.17050973,1,chr1:13277261:transverse_colon:0,TP,1
6.637646,-0.22192621,0.09626359,-0.39243427,-0.25667623,-0.9209718,-0.12166751,-0.14940695,-0.06653747,0.051345717,1,chr17:23044492:prostate_gland:0,TP,1
6.334818,-0.5527706,0.41387403,0.19662826,-0.76798284,0.013500553,0.0121164415,0.06891852,-0.33516353,0.09719809,1,chr17:43360096:body_of_pancreas:0,TP,1
-3.053882,-0.55452853,0.6847223,-0.8179976,-0.36416882,-0.032866888,-0.6536536,0.45895907,0.1799622,0.22565885,1,chr9:17531876:testis:1,FN,0
6.1429133,-0.32291242,0.5789452,0.24042083,-1.0352014,0.14728062,0.3559286,-0.059134535,0.2133463,0.34108397,1,chr11:60251676:thoracic_aorta:0,TP,1
-1.5481246,1.0504663,-0.55846214,-0.8267171,-0.123751976,0.08450681,0.9493468,0.2448654,-0.31013826,-0.17724177,0,chr11:65550651:body_of_pancreas:0,TN,0
6.9057665,-0.41899273,0.3827666,-0.096804634,-0.28101206,-0.5311163,-0.31004512,-0.038148724,0.056086548,0.112545155,1,chr9:42974893:Peyers_patch:0,TP,1
5.5722938,0.08925126,-0.21552002,-0.4374916,-0.22178629,-1.0536627,0.7979009,-0.004574386,0.8467469,0.061660998,1,chr8:44636977:spleen:0,TP,1
-2.833183,-0.43885776,1.0522408,0.19613087,-0.2019717,-0.24317914,-0.003144126,0.8216238,0.69766855,-0.10582108,0,chr1:48498745:spleen:0,TN,0
-3.5810215,0.29876453,0.16961487,0.8137387,-0.1944797,-0.55165523,-0.55195403,0.20464484,-0.34636724,0.14753453,0,chr5:139775176:thyroid_gland:0,TN,0
-3.1757119,-0.40370822,0.14830552,1.7175647,0.31955072,-0.4620289,-0.0720173,-0.48123392,0.13443457,0.5607487,0,chr1:200620702:tibial_artery:0,TN,0
-2.5365498,1.3191442,-0.44543934,0.83726406,-0.2253923,-0.26372162,-0.06572596,-0.20146996,0.18647309,-0.58040357,0,chr4:7295960:esophagus_muscularis_mucosa:0,TN,0
-1.3547657,3.1849723,0.0066198446,0.16717447,-0.33243454,-0.26612708,-0.7932757,0.4364205,-0.09719476,-0.5722565,0,chr9:5886489:tibial_artery:0,TN,0
-1.3534034,1.3551064,-1.0467712,0.65567434,0.15768708,0.5069402,-0.21517263,0.20168543,-0.14974913,-0.02419133,0,chr1:244834478:thoracic_aorta:0,TN,0
-2.846716,0.99891126,-0.44705623,-0.26577076,0.3883358,0.35029396,0.5262059,-0.13927789,0.3020278,-0.4022374,0,chr22:25134091:gastroesophageal_sphincter:0,TN,0
4.9347935,-0.6729865,-0.35095146,-0.6013487,0.12558232,-0.86317736,-0.12436622,-0.20018098,0.10859334,-0.39303938,0,chr17:43361240:Peyers_patch:0,FP,1
-1.5788836,0.5586195,-0.5341535,0.016647482,0.049839713,-0.5056414,0.3687917,0.7824532,-0.76432246,-0.49351272,0,chr17:9256767:spleen:0,TN,0
-1.1261545,2.3626304,-0.25004235,0.553514,-0.24875674,-0.40031198,0.23580036,-0.19519137,-0.31351689,-0.79060006,1,chr14:77053349:transverse_colon:0,FN,0
-3.3327918,-1.6748607,0.9214933,-1.9229342,-0.55051833,-0.19569953,-0.07475389,0.7616258,0.028661741,-0.07523351,0,chr18:56800010:gastroesophageal_sphincter:0,TN,0
-3.318529,-0.17761903,0.7541256,-0.8506123,-0.6862354,-1.0775319,-0.28293583,0.73544383,0.77161413,0.2305765,0,chr5:78269138:adrenal_gland:0,TN,0
-3.557609,-3.4375057,-1.5713905,-0.4879089,-1.3099772,0.05813471,0.21011035,1.1478943,-0.21935654,-0.29339498,1,chr14:106326554:body_of_pancreas:0,FN,0
5.944424,-0.55743915,-0.17415139,0.22825967,-0.4487927,-0.30929455,0.17052868,-0.071683355,-0.14277603,-0.2571505,1,chr12:121918386:spleen:0,TP,1
-3.0402355,0.7693236,0.5414216,0.8232793,-0.7153395,-0.33238375,0.33201298,-0.008828787,0.28792137,-0.43464532,0,chr10:43667279:Peyers_patch:0,TN,0
-2.1043618,0.22396353,-1.1185901,-0.27080035,0.33066475,-0.12741077,-0.28408742,-0.71749485,0.31787753,-0.31976932,0,chr5:75050124:tibial_artery:0,TN,0
-1.795853,-0.27476647,1.1073226,-1.8141042,0.07147432,0.83281374,-0.47786844,-1.3191288,-0.5790217,-0.0053687436,0,chr1:77534260:transverse_colon:0,TN,0
5.1759877,-1.6615074,-0.83442575,-0.2629786,-0.3321141,-0.20994225,-0.78848845,0.45784846,-0.57841074,0.23733671,1,chr11:19259633:spleen:0,TP,1
-1.4789047,-0.95446384,1.7345649,1.2546395,0.20569621,-0.124940425,0.78401953,1.049668,0.18224344,0.37359485,1,chr15:40906278:suprapubic_skin:0,FN,0
-1.0845579,1.6013079,-1.7705134,-0.50602776,0.33755222,0.12840582,0.5583765,0.4205001,-0.64212906,-0.08850663,0,chr3:122652910:body_of_pancreas:0,TN,0
6.2951593,-0.29699856,0.08828218,-0.6104657,0.38302794,-0.4574885,-0.6121208,0.14715448,-0.043101538,0.37011617,1,chr2:67906567:body_of_pancreas:0,TP,1
2.1998012,-2.761245,-0.107824154,1.8831677,-0.4260221,0.7462272,0.3666561,0.2831214,-0.2286816,0.011746802,1,chr5:138352584:body_of_pancreas:0,TP,1
-1.4223075,3.0306103,-0.4593961,0.20694932,-0.3014163,-0.27574927,-1.1938468,0.24964643,-0.16695178,-0.4110965,0,chr9:37482764:esophagus_muscularis_mucosa:0,TN,0
-2.748457,-0.19399771,1.2090889,0.15568033,0.79528284,0.20861566,-0.19792855,-1.088104,-0.48921183,0.2884826,0,chr1:54499882:upper_lobe_of_left_lung:0,TN,0
-0.92872286,1.8117827,0.69046324,1.4716071,-1.3888018,0.04495225,0.3211625,-0.25689143,0.69345903,-0.40853143,1,chr11:1652791:prostate_gland:1,FN,0
3.6781466,-1.5176159,-0.19419312,1.4834723,0.9861248,0.21200284,-0.047477223,0.52907383,-0.7407914,0.19247709,0,chr2:101151641:tibial_artery:0,FP,1
-1.6762578,0.49235407,-0.52631116,-0.029149646,-0.7300952,0.7562697,-0.27514818,-0.6328203,0.58696043,0.13362734,0,chr2:149125734:body_of_pancreas:0,TN,0
-1.7447816,2.0690033,-1.4991739,0.38887218,-0.50890464,0.8036237,-0.13340181,-0.21469651,0.35160384,-0.09416145,1,chr19:51473170:tibial_artery:0,FN,0
5.3677664,-1.4966421,-0.12312229,0.61690646,-0.71761304,0.45539588,-0.5648531,0.3505416,-0.41134816,0.39565292,1,chr7:78040381:upper_lobe_of_left_lung:0,TP,1
-2.5773277,-0.05249539,0.391867,-0.60885894,-0.08164045,-0.017911034,-0.9233807,-0.4886942,0.4406307,0.3947352,1,chr9:17531876:tibial_artery:0,FN,0
6.2283354,-1.0419109,-0.19807795,-0.13073297,0.15783124,-0.39894882,-0.88999414,0.273031,-0.04948441,-0.17703806,1,chr3:75785357:transverse_colon:0,TP,1
-1.5107114,-3.1719136,-2.2845442,-0.7832793,-1.0079604,0.6703394,0.10985906,0.4983205,0.46491763,-0.55201864,0,chr15:21297802:prostate_gland:0,FP,1
-0.6223347,-0.40254667,-0.38165948,-1.0556456,-0.040569175,0.59595984,0.15963976,-0.8953809,0.6054548,-0.52139795,0,chr4:37873490:sigmoid_colon:0,TN,0
6.4460425,0.9205982,0.3888937,-0.80638456,-0.23053417,-0.31668356,-0.36962104,0.24516374,0.4028396,0.56545043,1,chr14:106468867:spleen:0,TP,1
-1.96981,0.4635967,2.0677974,-1.5667918,0.23084073,0.03549646,-0.20066398,0.0770482,0.15309134,0.5634291,0,chr4:104860777:thyroid_gland:0,TN,0
-1.1161082,-1.6155704,-0.369181,0.30611977,0.21166609,-0.2608316,0.68547755,-0.07584553,0.49015248,-0.3723287,0,chr5:188780:body_of_pancreas:0,TN,0
2.8435624,-0.99948084,-0.6094329,0.3564072,0.057823196,0.91526663,-0.29380134,0.07100728,0.64456683,-0.69838774,1,chr15:31200859:upper_lobe_of_left_lung:0,TP,1
-2.6004443,-0.63321537,-0.7183752,-0.4451429,-0.64538014,-0.2826514,-0.34851155,-1.0759358,0.59523803,0.7400444,0,chr1:48109545:thoracic_aorta:0,TN,0
-2.3357594,-0.40379286,-0.27670148,0.346129,-0.25373468,-0.18511638,-0.42589188,-1.0767391,0.24124417,0.8595593,0,chr5:175617565:body_of_pancreas:0,TN,0
-3.0293188,-1.8198346,0.15324765,0.14237534,0.17163365,-0.47783154,0.19606924,-0.61576617,-0.4487706,0.24897075,0,chr7:65751320:prostate_gland:0,TN,0
-1.16138,-1.2968277,1.0423286,1.0058901,0.268737,1.0467536,0.20624271,-0.5052388,0.48071718,-0.16577233,1,chr1:16741094:tibial_nerve:0,FN,0
-1.8077129,0.08890382,1.3621861,-2.1653316,-0.0101229185,0.4596079,-0.46836767,-1.3077885,-0.7930568,-0.033318236,0,chr5:149175166:thoracic_aorta:0,TN,0
6.734666,-0.031979356,0.27536577,-0.40228164,0.41315392,-0.75995874,-0.49343255,0.03845461,0.11602501,-0.23576003,1,chr12:8390645:Peyers_patch:0,TP,1
4.6486588,-1.6301051,0.17260197,1.2247066,-0.31009963,0.6406729,-0.23178224,-0.08140725,-0.18448521,0.1651122,0,chr5:138352584:adrenal_gland:0,FP,1
-2.110749,2.033546,-1.1041275,-0.8615988,1.1152133,-0.050480023,-0.26199904,-0.1999676,-0.20511633,0.5811704,0,chr8:9029642:esophagus_squamous_epithelium:0,TN,0
-2.6946115,0.35213852,-0.6857739,-0.5393942,-0.21538827,0.10446416,0.1165037,-0.6196258,-0.076395854,0.10611969,1,chr4:15730066:body_of_pancreas:0,FN,0
-3.0446033,0.5239849,0.79231876,0.4675202,0.43768507,-0.019172467,-0.89365524,0.08438883,0.35955182,0.2540304,0,chr14:50045393:adrenal_gland:0,TN,0
-2.8451982,-0.09443999,0.1410312,1.5541493,0.6312451,-0.8415428,0.26274627,-0.90049666,0.36622238,0.8273982,0,chr2:42169581:prostate_gland:0,TN,0
-2.0997276,1.4016782,0.97611856,-0.14922532,0.080762126,0.13147406,-0.8078205,0.16350265,0.21581265,-0.17641537,0,chr1:41117402:adrenal_gland:0,TN,0
6.9646997,0.34248227,0.6274295,-0.3301791,-0.5438356,-0.4497073,-0.4732577,-0.19502237,0.12742047,-0.020799777,0,chr1:13277261:body_of_pancreas:0,FP,1
3.8172255,1.1266536,-0.059552606,-0.5779613,0.36220643,-0.32451096,0.113612644,0.50210303,-0.5792289,0.1982855,1,chr10:26574003:body_of_pancreas:0,TP,1
-3.7334836,-3.158029,-1.4453326,-0.11955377,0.55613625,0.3161723,0.52821136,-0.0891848,-0.032066774,-0.1614174,0,chr1:21573902:gastroesophageal_sphincter:0,TN,0
-1.7684356,0.5349484,1.5910387,-1.3010637,-0.057073496,0.6317398,-0.55074644,-1.0065098,-0.44200605,-0.035575975,0,chr1:203674144:body_of_pancreas:0,TN,0
-2.0754426,2.1940937,-1.3226042,0.2914864,0.34334207,-0.09646767,-0.4677791,-0.07727373,-0.7441177,-0.22487009,0,chr14:75294151:esophagus_muscularis_mucosa:0,TN,0
-2.9929693,-0.7015072,0.056850486,0.30004224,0.3849734,0.06080683,0.85401267,1.1524668,0.18280506,-0.55399096,0,chr19:48152294:gastroesophageal_sphincter:0,TN,0
-3.2225778,-0.20706193,-0.026521267,-0.27201158,-0.4964964,0.6801243,0.14380348,-0.18705136,0.081282124,-0.44149914,0,chr7:80472426:body_of_pancreas:0,TN,0
-0.4873035,-0.9983345,0.2871698,0.6697369,-0.19210579,0.31202194,0.187267,-0.60032076,0.22246556,-0.06556585,0,chr12:54259473:transverse_colon:0,TN,0
-4.1475477,-1.8731213,-0.20779394,-0.9993537,-0.67027825,-0.4879164,-0.094345324,1.1726283,0.26278603,0.16276051,1,chr7:152236247:body_of_pancreas:0,FN,0
-3.6180627,-0.16053319,0.32143858,0.7637571,-0.6653061,-0.57830125,0.2042449,0.08401405,0.4379349,0.08543786,1,chr6:169790103:suprapubic_skin:0,FN,0
5.8131886,-1.2141922,-0.3044539,-0.035575807,-0.35244295,-0.8601311,-0.11488683,-0.17305815,-0.5986,-0.09968829,1,chr12:121918386:esophagus_squamous_epithelium:0,TP,1
-3.1289914,0.5051574,-0.519065,-0.7601514,-0.7156807,-0.28522155,0.47617835,-0.27852327,-0.4869954,-0.5336194,0,chr12:115167233:body_of_pancreas:0,TN,0
-3.124584,-0.34400314,0.88632226,-1.1874348,-0.14394058,-0.19011493,-0.6134621,-0.3442792,0.25001526,0.39020467,0,chr6:26198220:Peyers_patch:0,TN,0
-3.5290477,-1.5516485,-1.1674478,0.08337093,-1.102204,-0.31437072,0.1600703,-0.20742443,-0.20157206,-0.3804456,0,chr10:84375202:esophagus_muscularis_mucosa:0,TN,0
5.0825224,0.088941455,0.21605411,0.6257887,-0.88252765,0.91776,-0.26443678,0.056896083,-0.10627915,0.23047715,1,chr15:33226849:Peyers_patch:0,TP,1
-2.1251917,-0.92316794,0.51255924,-1.0300297,-0.7104641,0.32334375,0.20667283,0.37550896,0.34466726,-0.83254665,0,chr6:117189039:body_of_pancreas:0,TN,0
-3.4657993,-1.5061921,-0.9570029,0.7103448,-0.7146165,-0.03537599,-1.1761283,0.09367345,0.64431447,-0.5871667,0,chr9:64877929:thoracic_aorta:0,TN,0
0.30881274,-1.187381,0.03288343,-0.261597,-0.7710031,1.0422391,-0.160678,0.4819161,-0.00599744,-0.12931584,0,chr20:53943966:tibial_nerve:0,FP,1
-1.440206,2.9885435,-0.004945711,0.20262723,-0.3524157,-0.00841123,-0.5950507,0.2001779,0.10083693,-0.53518254,0,chr2:191555430:testis:0,TN,0
-0.70694494,-0.36687863,0.2602863,-0.58696,0.027297935,0.27490988,0.29254556,-0.42580217,0.7881202,-0.75478417,1,chr9:113355403:body_of_pancreas:0,FN,0
3.5503643,-2.109723,-0.60924286,0.8739082,-0.20235531,0.6014346,-0.003089248,0.4698101,-0.14944609,-0.5622838,1,chr3:75723673:Peyers_patch:0,TP,1
-0.54427797,0.6073986,-1.2012678,0.14802137,0.4564517,-0.032498367,-0.48611817,0.51214015,-0.56375223,-0.018449198,0,chr16:87967119:thoracic_aorta:0,TN,0
-3.7363305,-2.3388155,0.23499934,-0.3475784,-0.029076865,0.007939023,0.04264456,0.38340032,0.32571605,0.5274775,0,chr1:146401430:transverse_colon:0,TN,0
-3.6187594,-0.42474046,-0.8830873,-0.078466766,-1.0799649,-0.8047238,-0.67975175,-0.31200764,0.74268913,-0.0037251643,0,chr4:95165949:tibial_nerve:0,TN,0
6.5127263,-0.82383835,-0.11431071,-0.2803983,-0.018415088,-0.6477931,-0.67812407,0.28918546,-0.198678,-0.11584652,1,chr3:75785419:body_of_pancreas:0,TP,1
4.7091465,0.5406324,-0.65165305,-0.37830392,-0.20022872,-0.5824375,1.5845445,-0.03311191,0.71944505,0.64439404,1,chr8:44636977:body_of_pancreas:1,TP,1
6.6578646,0.10459359,0.60412186,0.0034451704,-0.44809768,-0.07473998,-0.14396235,-0.23328866,0.5425899,-0.007781153,1,chr5:151298414:spleen:0,TP,1
6.8491263,-0.007851998,0.30600163,-0.47289437,0.19210035,-0.87289286,-0.52335536,-0.07047689,0.16733414,-0.20689432,0,chr12:8390645:omental_fat_pad:0,FP,1
-1.2945015,-0.7208394,0.84739536,-1.0979513,0.0167329,0.39150578,1.0850927,1.2772962,-0.062855415,-0.77613515,1,chr2:235171687:adrenal_gland:0,FN,0
-1.9315317,-0.08915431,0.082356155,0.9622025,-0.89382976,-0.64754325,0.086458646,0.93105626,0.33847192,-0.56954545,0,chr14:91286688:thoracic_aorta:0,TN,0
-3.726266,-2.4660628,-0.9715623,-1.4567748,-0.7468966,-0.34421343,-0.20459278,0.40636227,0.25599656,-0.2075469,0,chr2:79892425:body_of_pancreas:0,TN,0
-4.710222,-3.452513,-1.6141791,-0.4366571,-0.36558446,-0.13042502,0.30222735,0.1678562,-0.1335183,0.17396833,1,chr9:127348292:esophagus_squamous_epithelium:0,FN,0
-0.50823176,0.91777205,-1.2848853,0.119556755,-0.39834073,-0.282828,0.487188,-0.11187372,-0.94352317,-0.29120833,0,chr11:118295892:prostate_gland:0,TN,0
6.26093,-0.1947212,-0.26001206,-0.52485615,0.5666514,-1.0063266,-0.7415453,0.16876732,-0.2034044,-0.29228926,1,chr15:24767525:transverse_colon:0,TP,1
-3.0570877,1.3850335,-1.4825276,-0.12738025,0.32103613,0.44902876,-0.070899665,0.12204711,0.3053049,-0.25609863,1,chr15:54485836:adrenal_gland:0,FN,0
2.39253,0.69435865,-1.2958422,-1.2019429,1.0032485,0.21480925,0.45912102,0.38034758,0.4679437,0.7805932,0,chr13:52084763:transverse_colon:0,FP,1
-1.7189382,2.2727387,-1.6439044,-0.09450634,1.1126065,0.37331122,-0.35985297,-0.072189145,-0.15571743,0.5993788,0,chr11:102613094:transverse_colon:0,TN,0
6.9078455,1.0764209,0.49001476,-0.47690815,-0.25592434,-1.1263009,0.9474493,-0.7054991,0.10118449,1.0108478,1,chr17:25579422:spleen:0,TP,1
-2.9740705,1.3065535,-0.8786117,0.3001106,-0.34501505,-0.36464322,-0.12727569,-0.25307322,0.036698256,-0.33893993,0,chr6:10801331:body_of_pancreas:0,TN,0
-1.9508315,1.1189876,0.77262634,0.17867187,-0.6055477,0.30080333,-0.75633883,-0.76019865,-0.3740741,-0.5008882,1,chr5:149431239:body_of_pancreas:0,FN,0
5.808613,-0.9051221,-0.35760006,-0.11126686,0.017012486,-0.61370873,-0.6916083,0.060209803,0.15749815,-0.8274264,1,chr1:3724461:esophagus_muscularis_mucosa:0,TP,1
2.0157497,0.6101293,-1.0615048,0.41652521,-1.4418778,0.3319304,0.6784943,0.39387518,-1.1543758,-0.35381967,1,chr2:196068383:thoracic_aorta:0,TP,1
-2.9848552,-1.5660524,0.6003736,-1.2942559,-0.23159069,0.45628884,-0.6193697,-0.337531,-0.12492511,-0.030319154,1,chr9:17531876:tibial_artery:1,FN,0
2.617771,0.10163696,-0.86364543,0.023222003,-0.48244908,0.36007616,0.92745996,-0.008044402,-0.8538748,0.29074124,0,chr5:1134798:upper_lobe_of_left_lung:0,FP,1
6.471443,-0.4012488,0.3534856,0.29998523,-0.378518,-0.010917827,-0.4680124,0.23219526,-0.2649852,0.28801677,1,chr17:45585364:tibial_artery:0,TP,1
-0.706552,0.67638975,-0.9350761,-0.18521605,-0.77365476,0.4680357,1.2465825,0.014759046,-0.0032149253,-0.7382211,1,chr10:48659989:adrenal_gland:0,FN,0
-1.8601362,2.672301,0.26769534,0.6384022,0.46654007,0.069226645,-0.98421025,0.24992487,0.18479441,-0.21000268,0,chr1:20152614:gastrocnemius_medialis:0,TN,0
-2.3856933,1.9696698,-0.9412466,0.5027515,-0.29851094,0.13445935,0.028339999,-0.30492258,-0.2716916,-0.26733342,1,chr16:4548780:tibial_artery:0,FN,0
1.9427412,0.26006204,-0.5820596,-0.609313,0.74394196,0.24492699,0.35050803,-1.0091411,1.6080247,-0.26467764,1,chr21:45886140:sigmoid_colon:0,TP,1
-3.4912238,-0.7501113,-1.5217118,-0.37267855,-1.1257758,0.046839695,-0.06857955,-0.5590699,0.69103795,0.11108456,0,chr7:90782948:body_of_pancreas:0,TN,0
2.1896303,-0.9278847,0.3375362,-0.4300137,-0.5154052,0.37452012,0.7708861,-0.013073849,1.101935,-0.34201485,1,chr6:53956277:tibial_artery:0,TP,1
0.017406203,-1.7691656,0.49339807,1.8456396,-0.22912772,0.2959927,0.38525912,-0.7803497,-0.4683677,-0.15387756,1,chr7:26377045:prostate_gland:0,TP,1
3.5674508,-0.6091684,-0.42288476,-0.33794263,-0.16381225,-0.5049735,0.6824235,0.6053556,-0.23201087,-0.6245416,1,chr8:30230823:sigmoid_colon:0,TP,1
-2.3718803,0.5333503,-1.3250134,-0.41318142,-0.73718286,0.03232079,0.56570685,-0.8135709,0.7494086,-0.017480869,0,chr17:33674654:gastrocnemius_medialis:0,TN,0
-1.515433,-1.0770128,-0.52423376,0.95489186,0.31284058,1.1393801,0.25155002,-0.6812081,0.54884046,-0.525583,0,chr17:27806150:body_of_pancreas:0,TN,0
4.346544,1.3092725,-0.5435684,-0.53564364,-0.045542594,-0.3374893,1.6816444,0.104353674,1.6565337,1.0681369,1,chr8:44636977:omental_fat_pad:0,TP,1
-3.9060593,-1.9621396,-1.9172145,-0.6275347,-0.75289226,0.16360867,-0.31491622,-0.7638626,0.46682584,-0.12943529,0,chr9:105609267:upper_lobe_of_left_lung:0,TN,0
-2.225859,0.5730715,2.0764372,-0.41500273,0.018632941,0.12918955,-0.51783353,0.18686584,-0.63045895,-0.0936604,0,chr5:113606641:body_of_pancreas:0,TN,0
6.6356297,-0.49156716,0.13849223,-0.45007554,0.16326249,-1.0171585,-0.5169436,-0.04788148,0.0360734,-0.27924964,1,chr12:8390645:tibial_artery:0,TP,1
2.7813873,-0.45174032,-0.16813067,-0.9841424,2.1594741,0.2568089,-0.5332668,0.4188827,-0.21594995,-0.5978546,1,chr9:133915634:body_of_pancreas:0,TP,1
6.76562,0.3578447,0.45978108,-0.2732508,-0.59269273,0.108951405,-0.1776948,0.026552023,0.33646625,0.45255506,1,chr2:86221296:Peyers_patch:0,TP,1
-3.3926756,-1.7279645,-0.35285267,-1.1264578,-0.6182872,0.0943357,0.33794436,-0.28439227,-0.18765298,0.28857082,0,chr13:51250191:adrenal_gland:0,TN,0
6.512727,-0.82383674,-0.11431044,-0.28039902,-0.018415019,-0.647793,-0.67812353,0.2891849,-0.19867621,-0.11584691,1,chr3:75785419:testis:0,TP,1
2.125605,0.17283674,-1.3793342,-0.29326648,1.476026,0.52915704,-0.17720948,-0.17568225,0.3863973,0.17864574,1,chr16:4448541:body_of_pancreas:0,TP,1
5.522245,-0.17135389,-0.40974557,-0.9675421,0.3223488,-1.2218589,-0.29362494,-0.093292356,0.21721669,-0.90070474,1,chr17:43361257:body_of_pancreas:0,TP,1
-1.7324063,-0.40973485,2.2318714,-1.8695253,0.9206226,0.5842389,0.23557894,0.50811404,-0.48420423,0.05287797,1,chr6:131199853:prostate_gland:0,FN,0
-0.9568248,-0.3189192,-1.6042334,0.01445133,2.0047326,-0.17528753,-0.63488835,0.5904876,-0.5761653,0.2058553,1,chr18:597094:transverse_colon:0,FN,0
0.8993983,0.17504093,-0.18370092,1.2349718,-1.5845783,1.7423316,-0.22469306,-0.10330614,0.45847493,-0.18009537,0,chr4:85084629:transverse_colon:0,FP,1
-1.9426408,-1.1997844,1.5508027,-0.016912583,0.31286258,-0.028662724,1.2111636,0.84644115,-0.30829084,-0.26892385,1,chr15:40906278:esophagus_muscularis_mucosa:0,FN,0
6.2286897,-0.601725,0.17896748,-0.013853378,0.31767258,-0.77869177,-0.11546092,0.16634613,0.17828238,-0.07593089,1,chr7:100966122:body_of_pancreas:0,TP,1
-0.8183581,2.8991723,-0.5422382,0.3539328,-0.6991753,-0.0039932756,0.5253432,-0.02358318,-0.33137396,-0.50477564,0,chr4:141158317:body_of_pancreas:0,TN,0
-1.1947979,0.73782474,-1.283853,-1.317934,-0.08437566,0.2169755,0.41892746,-0.7118829,-0.9344082,-0.14494702,0,chr9:41689943:body_of_pancreas:0,TN,0
5.6330595,0.2802021,0.6054439,0.4589932,0.37527168,-0.39432076,0.17994852,0.14865269,-0.23255816,-0.2989086,0,chr17:50626390:transverse_colon:0,FP,1
6.451006,-0.61241007,-0.018627862,-0.38709447,-0.10949505,-1.1345458,-0.37857118,-0.044836536,-0.4058857,-0.35491002,1,chr11:47642443:Peyers_patch:0,TP,1
6.619294,-0.6036239,-0.06405611,-0.18285745,0.0788686,-0.5489627,-0.71180207,0.21206175,-0.057978228,-0.071780786,1,chr3:75785419:tibial_artery:0,TP,1
-2.1210806,2.496243,-0.076265335,-0.17475061,0.16261366,-0.60973084,-0.8230211,0.09414377,-0.20578766,-0.28382525,0,chr13:30132165:esophagus_muscularis_mucosa:0,TN,0
-3.482901,-2.7265296,-0.65549695,-0.92115355,-0.70046127,0.31064743,0.5471964,0.24288389,0.21769509,-0.75472486,0,chr1:26597816:transverse_colon:0,TN,0
-2.7942224,-1.196562,0.89501,-1.5417511,-0.0952569,-0.11494849,-0.58347815,-0.6482992,-0.08160841,0.21741521,1,chr12:26092001:thoracic_aorta:0,FN,0
-1.668256,2.3863847,-1.1997204,-0.18929273,0.61459386,-0.12992549,0.35548276,-0.35371795,-0.5617109,0.4109779,0,chr19:16111230:thoracic_aorta:0,TN,0
-1.1557477,0.9715549,-1.2493687,0.25656316,2.021592,-0.23936199,-0.7957911,0.852534,-0.73784536,0.0006910848,1,chr18:597094:body_of_pancreas:1,FN,0
4.7975025,-2.0257313,-0.63873947,0.32272613,-0.7254531,0.15125754,-0.29860362,-0.22022158,-0.25845096,-0.21528706,1,chr7:142463879:transverse_colon:0,TP,1
-1.5499582,-0.15782301,1.3735294,0.474239,1.3013451,-0.3004715,0.59260935,0.525281,-0.09134027,0.16961965,0,chr13:24541018:esophagus_squamous_epithelium:0,TN,0
-1.9668919,-0.63547236,1.8448737,-0.15424761,0.4372177,0.19186966,0.6602213,-0.09615924,-0.28638226,0.110148616,1,chr15:40906278:testis:0,FN,0
0.9329899,0.18142295,-2.0527732,-0.9077099,-0.07770459,-0.16051328,1.0915623,-0.12831636,-0.75456864,0.30944794,1,chr9:12741980:body_of_pancreas:0,TP,1
-4.396558,-1.5551358,-0.395127,-0.5080952,-0.59373224,-0.2592114,0.24633214,0.40634224,0.19675379,-0.08587857,0,chr4:18934427:body_of_pancreas:0,TN,0
-0.90916,-0.60481805,-2.2203834,-0.099192455,0.78604877,0.6914267,-0.49198398,0.49458414,-0.04575948,-0.3483866,0,chr15:38627977:transverse_colon:0,TN,0
6.0949073,-0.33143446,-0.03600492,0.1513994,-0.5475153,-0.44109842,0.22077803,-0.07945148,-0.1504167,-0.15591277,1,chr12:121918386:upper_lobe_of_left_lung:0,TP,1
-2.3664258,1.1614197,0.24972653,1.2744792,-0.3151718,-0.73347133,-0.4958703,0.010554007,-0.24319153,-0.36574587,0,chr5:178164512:upper_lobe_of_left_lung:0,TN,0
-1.5829972,1.2618935,-1.406903,-0.09360952,1.1568205,0.3151466,-0.045703802,-0.021753954,-0.68680316,0.3098192,0,chr2:218658715:transverse_colon:0,TN,0
0.41010967,0.3827559,2.718366,-0.77302414,1.9762248,0.15873054,0.8745957,0.17435679,-0.32928798,-0.6365565,0,chr1:2174438:gastrocnemius_medialis:0,TN,0
-2.6027167,1.4349862,0.9250155,-0.90213877,-0.06382017,-0.6200246,-0.45820412,0.87452173,-0.1367149,-0.042130042,0,chr2:79876829:body_of_pancreas:0,TN,0
1.3465065,2.182993,1.1883044,1.8053652,-1.8543257,1.0544624,-0.044245288,-0.17596759,0.32783896,-0.4183547,1,chr9:83219889:transverse_colon:0,FN,0
-1.634468,-0.09868027,0.25809267,-1.183291,-0.014378991,0.28903162,-0.737588,-0.20794307,0.80731094,0.7117075,0,chr11:36623030:thoracic_aorta:0,TN,0
3.882157,-0.7657327,-0.8813797,-0.7567914,0.9747082,0.36513293,-0.018714208,0.43812603,-0.44337195,-0.6246345,1,chr1:25812473:body_of_pancreas:0,TP,1
-0.40298748,0.32247204,0.6660589,0.69273615,-0.25695783,1.7334349,0.10965348,0.90259475,-0.25464323,-0.61514187,1,chr17:63835031:upper_lobe_of_left_lung:0,FN,0
-2.6211555,-1.3184718,-1.3110559,0.5632207,0.7716738,-0.14148265,-0.21422553,-1.1320508,0.5757903,0.52309597,1,chr8:41651698:gastroesophageal_sphincter:0,FN,0
1.4483119,-1.5623333,-1.3930862,-0.9392915,-0.39748877,0.19102703,0.3723989,-0.042099014,1.0620975,-1.4061638,1,chr5:52864214:body_of_pancreas:0,TP,1
-3.0335615,-1.5698355,-1.617539,-0.15274295,-0.88127685,-0.56720257,0.33805892,-0.18560296,0.011395112,0.06050255,0,chr20:1963314:body_of_pancreas:0,TN,0
3.0571415,-1.7361444,-0.71692365,-0.2518463,0.1898419,-0.38868487,0.51995766,0.23047346,-0.048125826,-1.5140125,1,chr4:75289967:transverse_colon:0,TP,1
-3.2860165,0.47652653,0.52375734,-0.08907214,-0.78064615,-0.29559544,-0.7593468,-0.06772722,-0.21755403,-0.36731637,0,chr7:16695960:transverse_colon:0,TN,0
1.6513817,0.4379412,-0.18558642,2.0178225,-0.63315934,1.3574332,-0.24877487,0.23017104,0.12542485,0.026221327,0,chr12:48904001:prostate_gland:0,FP,1
0.4524689,-0.1574859,0.5186297,1.218835,1.3435119,-0.56506294,0.24958873,-0.8680436,0.34429017,0.879099,0,chr1:226110297:tibial_nerve:0,TN,0
-3.1526012,0.5131229,0.32490173,1.0697604,-0.26979956,-0.4316615,-0.13782294,-0.0892231,0.2243453,0.083875045,0,chr11:44617033:tibial_artery:0,TN,0
-2.8339882,-2.216548,-0.56100696,1.3667111,1.1016444,-0.63092697,0.21134834,-0.08705049,-0.16233724,0.5155216,1,chr1:239998087:Peyers_patch:0,FN,0
5.370969,-1.5457426,0.022641808,0.8245962,0.05383623,0.65311724,-0.7824244,0.3627746,-0.21557142,0.21202886,1,chr9:42852316:prostate_gland:0,TP,1
-0.65218383,-0.42959464,0.051989138,0.7281104,1.9448524,-1.4420745,0.5596534,-0.12891406,0.52365804,-0.092521176,0,chr9:98796326:Peyers_patch:0,TN,0
-1.8442304,1.2002295,1.5522672,-1.0028588,1.2117933,0.410552,-0.29316396,-0.4911557,-0.14908865,-0.49471712,0,chr20:48728044:tibial_nerve:0,TN,0
6.8467674,-0.21926425,0.2724328,-0.18947822,-0.12501316,-0.73703367,-0.4137596,0.03305455,-0.32840434,-0.18393806,1,chr3:75785609:gastrocnemius_medialis:0,TP,1
-1.6301075,-1.8551416,-0.4671434,0.6500424,0.15643832,0.61516184,0.010221268,0.8790923,1.0900619,-0.47064584,0,chr1:25572673:gastroesophageal_sphincter:0,TN,0
2.958038,1.6889099,-0.28063053,-0.17779584,-0.28984055,0.47463864,0.75678253,0.6275296,-0.54912025,0.16907744,0,chr13:24968302:upper_lobe_of_left_lung:0,FP,1
-1.9331259,0.01838026,0.1004549,-0.6467353,-0.7274371,-0.44233876,0.555204,-0.07189789,-0.0896339,-0.45420092,0,chr10:79914625:upper_lobe_of_left_lung:0,TN,0
-1.7284927,-1.2663163,0.56538826,-0.053955484,0.49633658,0.13771568,-0.26639804,-0.57226783,0.5991463,-0.06980995,1,chr6:169655219:esophagus_muscularis_mucosa:0,FN,0
-2.505378,0.1523557,0.82779,1.0254551,-0.04604191,-1.0534277,-0.19678909,-0.4249508,-0.24129705,0.28645015,0,chr19:8514126:upper_lobe_of_left_lung:0,TN,0
7.355089,3.3094182,2.4731011,-0.39395267,1.8244817,-0.65727717,0.9298271,-1.2515296,0.43891013,-1.1707048,1,chr4:1752766:esophagus_squamous_epithelium:0,TP,1
-0.5525984,0.5397157,-0.3101569,-0.03843387,-0.25125968,1.3310833,0.28570783,-0.4688428,1.6869721,-0.2539455,0,chr6:53956277:testis:0,TN,0
5.475383,-1.1186061,-0.0567781,-0.16860272,-0.242676,-0.41122594,-0.19955198,0.10831037,-0.4663609,-0.088557005,1,chr16:18131657:transverse_colon:0,TP,1
7.158999,0.49701715,0.8274419,-0.56078106,-0.60594994,-0.5677183,-0.088576175,-0.10023788,0.009940211,0.54275435,1,chr2:86221296:transverse_colon:1,TP,1
-2.1217484,0.113391,0.4613795,1.2480189,0.21411641,0.40668905,0.13397345,-0.5863835,-0.35598877,-0.21508077,0,chr11:77066685:lower_leg_skin:0,TN,0
0.6605467,1.5814085,-1.1752458,-0.10338384,0.3720328,0.15960099,1.468819,-0.5201104,-0.43091443,-0.6333436,0,chr19:48978946:tibial_artery:0,TN,0
-2.9159193,-1.6870811,-0.093141615,0.529546,-0.37765118,-0.35056406,0.1471671,-0.033528388,0.35252178,0.74267304,0,chr1:205230071:body_of_pancreas:0,TN,0
-3.5579588,-1.5865597,0.39711937,-0.984921,-0.2430792,0.32905322,-0.26586336,-0.1679215,0.0028519777,0.030649886,0,chr12:69344098:body_of_pancreas:0,TN,0
-3.835563,-1.0568924,-0.42622775,0.14683856,-0.22083457,-0.36508822,-0.02215868,-0.5531115,0.021253292,0.92493284,0,chr3:32177302:transverse_colon:0,TN,0
3.9309297,0.10746414,-0.24949536,0.8567167,-1.2178777,1.3098644,0.23259075,0.21520509,0.5645604,0.2731842,1,chr16:9160191:tibial_artery:0,TP,1
-1.5925871,1.9830664,-1.4241067,0.13734573,0.12532093,-0.35850006,0.08569668,-0.39683256,-0.485712,-0.24316017,0,chr2:161273349:tibial_artery:0,TN,0
4.7360115,-1.6930047,-0.73621917,0.08489,0.78670055,-0.37629908,-0.580844,0.03671866,-0.3339458,-0.4122145,1,chr9:61668518:testis:0,TP,1
-2.6973825,-0.088151865,1.620188,-1.2422833,-0.36074084,0.17467086,0.34585938,0.6392289,-0.35822016,-0.27125987,1,chr6:24991997:sigmoid_colon:0,FN,0
-2.8240604,-0.57927054,1.4073961,-0.7870772,0.53420144,0.45879015,-0.31944552,-0.5193299,0.2818602,0.30876517,1,chr6:131199853:tibial_artery:0,FN,0
-0.030797105,0.04508367,-2.1755157,-1.200713,-0.13939367,0.6090836,0.32436892,-0.019339234,-0.27797103,0.369711,0,chr3:67358006:upper_lobe_of_left_lung:0,TN,0
2.949143,-1.672695,-0.26791212,0.20699751,0.12329374,0.9591373,-0.27647948,-0.19103894,-0.45139134,-0.5620845,1,chr3:37536143:tibial_artery:0,TP,1
5.9787583,-1.3075726,-0.2796592,-0.007375685,0.20206825,-0.20196858,-0.8524819,0.31021917,0.0050452207,-0.07207178,1,chr3:75785357:transverse_colon:1,TP,1
0.12993722,-0.41253754,-1.2194827,-1.3368336,-0.057813905,-0.19873923,0.74283797,0.36274806,0.39216658,-0.5387196,1,chr7:95686086:esophagus_muscularis_mucosa:0,FN,0
5.155517,-0.4832603,0.7218106,1.2134168,-0.8313392,0.64617586,0.21057162,-0.4516901,0.19151106,-0.20879926,1,chr19:47436804:testis:0,TP,1
5.1475263,-0.5391825,-0.56330997,-0.9316567,1.4686508,-0.5143268,-0.5163636,0.34881085,0.24933742,-0.4603746,1,chr17:79827265:body_of_pancreas:0,TP,1
0.70272547,-1.4310443,-0.8460601,0.6763799,1.7247635,-0.5814164,0.4462346,-0.6247235,0.50951564,0.15688413,0,chr3:126475232:tibial_artery:0,FP,1
4.192247,-1.4835566,0.32187197,1.3299437,-0.34206027,0.7660755,-0.13041548,-0.020863533,0.021061333,-0.19694644,0,chr19:47436804:transverse_colon:0,FP,1
6.124276,1.0975484,-0.31607595,-0.80010825,0.24200998,-0.93360645,0.7988763,-0.098513216,0.31808382,0.5426595,1,chr17:22856764:omental_fat_pad:0,TP,1
6.320274,0.08890541,0.454376,-0.07156377,-0.4235562,0.31663463,-0.36124733,-0.19369638,0.6712845,-0.15088195,0,chr10:66926170:tibial_nerve:0,FP,1
7.0218587,0.5140146,0.6451079,-0.38525602,-0.4831968,-0.09802975,-0.19863233,-0.009111543,0.48267874,0.1269455,1,chr2:86221296:upper_lobe_of_left_lung:0,TP,1
0.54464674,0.4608181,1.3905327,0.9778043,0.47316608,1.1368083,-0.1761165,0.8138107,-0.05801632,-0.4729477,1,chr1:27556965:body_of_pancreas:0,FN,0
-1.5984709,2.1148348,1.6708137,-0.0057544108,1.3149389,0.11091089,-0.415471,0.659624,0.39477792,0.17508465,0,chr11:118870447:tibial_nerve:0,TN,0
4.4463463,-0.63428855,-0.19655034,0.29379815,-0.2916332,1.0723343,-0.8677732,0.5918846,-0.019618222,1.765103,1,chr19:21484173:thoracic_aorta:0,TP,1
-0.54128855,0.73845935,1.4522322,1.968664,-0.0012646663,-0.095618404,0.4507009,-0.017298,-0.14392082,0.16111588,0,chr19:40425487:tibial_artery:0,TN,0
6.3594365,-0.4043388,0.050288375,-0.18610297,-0.43028796,-0.930497,0.186179,-0.1409623,-0.006615371,-0.046794195,0,chr17:24931573:thoracic_aorta:0,FP,1
-2.441776,0.18536215,1.5875351,-1.4547944,-0.17713642,-0.41473985,-0.0066185077,0.4042373,0.19241288,0.0972852,0,chr6:159252926:spleen:0,TN,0
-2.639445,-0.16971157,1.8662659,-0.75422156,0.110669196,-0.24362947,-0.08293493,0.303813,0.2570552,0.15424466,0,chr6:116616178:prostate_gland:0,TN,0
5.960966,0.3292159,1.1259066,0.22680667,-1.4477341,1.0257934,0.27986428,-0.38598838,0.10702459,0.4757418,1,chr5:40430015:gastroesophageal_sphincter:0,TP,1
6.1668105,1.2871697,1.1717688,0.7858171,-1.4389776,1.1184491,0.6466765,-0.51193917,-0.0054542716,0.48725763,1,chr6:43386692:gastroesophageal_sphincter:0,TP,1
5.6170306,-0.9272711,-0.005391953,0.3372849,-0.6360422,-0.11350231,-0.12309498,-0.07086883,-0.23990647,0.2131819,1,chr3:75723673:prostate_gland:0,TP,1
-0.2631615,2.5248852,-0.7257857,0.8949495,-0.406248,0.6934508,0.43154573,0.06649602,-0.6586632,0.19931225,1,chr19:45427778:Peyers_patch:0,FN,0
-0.8356732,-0.07204094,0.94041026,0.6833884,0.79802954,-0.3371149,0.24477677,0.27089444,0.37452644,-0.067935005,0,chr2:232440415:body_of_pancreas:0,TN,0
-1.8660972,-1.355023,0.15069003,2.440525,1.9145908,-1.0354,0.6214374,-0.7575472,-0.34056354,0.25744814,0,chr9:136400120:esophagus_squamous_epithelium:0,TN,0
-2.1039674,-0.38726047,1.1800846,0.6754785,2.0450578,-0.79382825,0.2441442,0.2614322,-0.37538585,0.44148096,0,chr17:44210759:upper_lobe_of_left_lung:0,TN,0
-2.3745956,0.43741316,-1.5361474,-0.7235232,0.9066157,0.117803805,-0.9997775,0.42469376,-1.274588,-0.17601664,0,chr10:86953846:adrenal_gland:0,TN,0
6.0758934,-0.739872,0.23769999,0.41169763,-0.037901,0.042307816,-0.17681183,0.09467282,-0.12274363,-0.089084975,1,chr8:38060242:Peyers_patch:0,TP,1
1.1731194,-1.0367509,0.2571532,1.8347108,1.5762223,-0.6970316,0.2903773,0.14500144,0.0033311571,-0.37832522,1,chr17:49764139:prostate_gland:0,TP,1
-0.2697551,-1.3615599,-0.2681801,-0.54938823,1.4616908,0.3452796,0.21019675,-1.1115448,-0.024566595,-0.14333488,0,chr12:26944:upper_lobe_of_left_lung:0,TN,0
-1.1239775,2.744773,1.1721742,-0.5648383,0.20831324,0.24805482,-0.9867565,0.76050335,0.09846873,-0.47918412,1,chr6:144337138:body_of_pancreas:0,FN,0
-1.1058025,0.9398787,-0.075696506,0.50035864,-0.1332069,0.9520471,-0.47901225,-0.30821064,-0.4439909,-0.28201464,1,chr17:879808:esophagus_muscularis_mucosa:0,FN,0
-2.6490817,0.032913648,-0.18414935,0.7707345,0.11836376,-0.86676675,6.743812e-05,-0.7592553,-0.8325739,-0.6768423,0,chr2:97590789:prostate_gland:0,TN,0
2.4632442,-0.32207924,0.11493244,0.030259967,1.3026577,-1.4431435,0.73501027,-0.44102773,0.22381549,-0.9988938,1,chr14:90785685:body_of_pancreas:0,TP,1
-3.699217,-0.7865477,-0.027079497,0.42288062,-0.05192588,-0.9380542,-0.288796,-0.32013077,-0.17957416,0.61216795,0,chr1:26921783:gastroesophageal_sphincter:0,TN,0
-3.343547,-0.033984,-0.2359611,0.55387706,-1.1714983,-0.4200091,-0.24230073,0.14218263,0.18073869,-0.23670416,0,chr3:196253627:suprapubic_skin:0,TN,0
4.6255126,-1.7142376,-0.66979015,-0.18062311,-0.7315923,-0.33930254,-0.2888192,-0.06835609,0.052672293,-0.89288086,1,chr4:75289967:transverse_colon:1,TP,1
-1.8547578,2.234573,-0.521653,-0.51386017,0.92511386,-0.004266796,0.26235372,0.029210497,-0.5452825,-0.39910382,0,chr10:100424974:body_of_pancreas:0,TN,0
-2.2765038,2.1057587,-1.3495835,0.33028767,0.80111235,0.41039306,-0.4979755,0.5430374,-0.21421517,0.25303027,0,chr21:36989680:prostate_gland:0,TN,0
-1.9171349,-1.1673573,0.42179194,2.0686977,1.3547915,0.42739266,0.0125133665,0.12368425,0.051841322,0.66531056,1,chr6:167351302:transverse_colon:0,FN,0
-1.7065871,0.9139282,1.34871,-0.8255138,0.2171101,-0.11642462,0.3133189,0.879145,0.6986288,-0.041731294,0,chr2:105580940:Peyers_patch:0,TN,0
1.7600684,-0.956154,0.8621313,2.2669077,0.6967623,-0.036023475,0.16916572,0.7583163,0.0031216987,0.12103186,0,chr3:4978462:Peyers_patch:0,FP,1
-0.8123466,1.2933521,-0.74763477,0.33126912,-0.69674444,0.315395,1.1728532,0.16499235,-0.35292625,-0.8920484,0,chr6:137705216:tibial_nerve:0,TN,0
-0.23682025,0.29867843,0.5880797,-0.46633002,-0.111414954,0.0095288195,0.75991726,-1.4436617,0.082958564,-0.3376107,1,chr6:13414351:upper_lobe_of_left_lung:0,FN,0
0.7218305,0.68481547,1.4697064,-1.5848548,0.49036327,1.0194463,-0.18755706,-1.6400384,-0.020706788,-0.40751624,1,chr10:47380940:body_of_pancreas:0,FN,0
-3.150002,-0.5273296,0.29234615,-0.2522834,-0.8141349,0.45155436,-0.122047134,-0.43370634,0.5033395,0.46765056,0,chr2:38116986:body_of_pancreas:0,TN,0
-2.4651418,-0.27491355,0.13813962,-0.8287852,-0.35228556,1.1512741,-0.355453,-1.1636299,-0.19041365,-0.07486435,0,chr13:98266233:body_of_pancreas:0,TN,0
5.508534,-0.43971702,-0.24066883,-0.22497927,0.11445392,0.17641266,0.11152987,0.5036231,-0.7693933,0.78706247,1,chr19:4352840:esophagus_squamous_epithelium:0,TP,1
6.1999965,-0.7206577,0.3706453,0.5569451,-0.08582865,0.13999245,-0.5927628,0.25378817,-0.35359186,0.33282423,1,chr9:42852316:transverse_colon:0,TP,1
-0.6142028,2.3108265,-1.4002068,-0.60119176,0.78595,0.50727403,1.1797218,0.12637365,-0.15496676,0.18156467,0,chr2:121718641:body_of_pancreas:0,TN,0
-2.170136,0.025211148,1.4359033,-2.2048893,-0.23475604,0.39098793,-0.37770945,-0.5283291,-0.87711847,0.14641689,0,chr5:75681235:prostate_gland:0,TN,0
-2.4489498,-1.8534876,-0.8460104,0.5524785,0.8572684,-0.85138994,-0.00014505532,-0.3807024,0.13459143,-0.19058108,1,chr14:105012246:thoracic_aorta:0,FN,0
-2.256377,-0.71561176,-0.65139,-0.10881247,0.2629771,0.007051638,0.57430404,-0.85190463,-0.19292243,-0.26260906,0,chr2:11670589:body_of_pancreas:0,TN,0
5.3769555,-1.2814052,0.053402238,0.8461579,0.25862497,0.6483394,-0.79194367,0.3362,-0.270701,0.21380486,1,chr9:42852316:esophagus_squamous_epithelium:0,TP,1
-3.96153,-1.5742031,-0.3752733,0.56249857,-0.53636193,-1.3358989,0.38435483,0.6996026,0.2090979,0.7749638,0,chr11:115170291:body_of_pancreas:0,TN,0
-2.1878488,-1.7255023,-1.2141286,-0.07635225,-1.291008,-0.092122614,1.1138401,0.020546293,-0.14213358,-0.94047225,1,chr20:54045596:sigmoid_colon:0,FN,0
-4.659329,-2.808007,-1.0856363,-0.5137544,-1.0813682,-0.021209458,-0.43150315,-0.1807159,-0.05548029,-0.2404683,0,chr11:86818560:gastrocnemius_medialis:0,TN,0
-2.9978569,-1.7695594,-0.86567676,-1.0754502,-0.8047863,0.60776305,0.31232673,-0.23558204,0.5805436,-0.0016570552,1,chr3:9994481:gastroesophageal_sphincter:0,FN,0
-2.796518,-1.0038916,0.96507025,-1.3178073,-0.018505318,0.73317724,-0.78336906,-0.73258245,-0.25335342,0.10362667,1,chr9:17531876:thoracic_aorta:0,FN,0
0.11793428,-1.6808761,0.05829332,1.5452311,-0.46625426,0.2314498,0.49827945,0.44023985,-0.17194167,-0.43113095,0,chr7:66492581:body_of_pancreas:0,FP,1
5.8807883,-0.5423307,0.29009977,0.3857916,-0.8544328,0.25076076,0.03915225,-0.16696325,0.36238658,0.03034842,1,chr11:60251676:thoracic_aorta:1,TP,1
5.107132,0.9991097,0.7307055,0.8341575,-1.4529077,1.3851974,0.060059987,-0.2895911,0.94427085,0.7030119,1,chr6:43386692:tibial_artery:0,TP,1
6.2878585,-0.58819324,0.006287076,-0.51069796,0.15709786,-0.3530595,-0.53865206,0.09503452,-0.09843313,0.34499764,1,chr2:67906567:transverse_colon:0,TP,1
-2.486465,1.8103482,0.5249193,0.31999254,-0.23807396,-0.26386127,-0.7197658,0.4457647,0.75467634,0.015970742,1,chr17:69235781:tibial_artery:0,FN,0
4.103066,-0.35564426,-0.071234256,-0.045953624,1.5257524,0.35901472,0.2944711,0.50771475,0.095227055,-0.9406316,0,chr16:75234163:prostate_gland:0,FP,1
-0.18363053,-0.83872247,-0.9426745,1.1853471,0.25853842,1.1436472,-0.30798754,-0.5241568,0.25979573,-0.56358856,0,chr1:8988967:spleen:0,TN,0
-1.0465734,-1.5995184,-0.12740712,0.5788443,0.6762511,0.4106305,-0.3451322,-0.8866212,0.6338074,-0.29676482,1,chr6:169655219:adrenal_gland:0,FN,0
-0.053807944,0.9473151,0.5886852,-0.7775865,0.41125628,1.5734689,-0.60990995,-0.5758248,0.43122733,-0.18733759,1,chr7:51066331:body_of_pancreas:0,FN,0
-1.4991446,-2.4609635,-0.05287745,2.036974,1.3884457,-0.6443045,0.5099497,-0.46739832,-0.65266466,0.22926013,1,chr17:45022145:tibial_artery:0,FN,0
-1.3573042,3.2703872,-0.22860593,-0.12994853,-0.15448767,-0.3304543,-1.256466,0.5535309,-0.12713185,-0.4870618,0,chr8:81235636:esophagus_squamous_epithelium:0,TN,0
-1.4701229,-0.6389312,0.4401353,1.8895701,-0.22413823,-0.6032002,0.4575233,-0.39526933,-0.4869519,-0.52281535,1,chr15:40906278:adrenal_gland:0,FN,0
-1.1108106,2.7145839,0.1324598,0.36869004,-0.064779334,0.12307214,0.16652822,-0.0685649,0.3623512,-0.54779357,0,chr10:15106547:transverse_colon:0,TN,0
-2.5742297,1.3877221,-0.26890954,1.1211438,0.15658222,-0.9666457,-0.27485028,-0.8975149,-0.21872687,0.14895561,0,chr22:20117295:spleen:0,TN,0
-3.2768273,-0.5939231,-1.0305058,0.25449815,-0.14731327,0.47256455,-0.11469692,-0.95068437,0.8765433,-0.5167383,0,chr22:20920861:body_of_pancreas:0,TN,0
1.6168175,0.15527539,1.2064006,1.7996233,0.503365,1.8246608,-0.62896204,0.6641195,-0.22754325,0.13114548,0,chr15:67836109:tibial_nerve:0,FP,1
-0.07124404,-0.06739329,1.6281201,-0.15816523,0.73523974,-0.21326576,0.50659347,-0.9489868,-0.25050256,-0.1290074,0,chr11:118145352:prostate_gland:0,TN,0
-2.0584147,0.023720253,-0.26136667,-0.7747569,0.3774206,0.8429416,-0.2228203,-0.20670415,-0.4281808,0.10941088,0,chr22:30303096:body_of_pancreas:0,TN,0
-0.32610235,0.84323996,3.0448549,-2.115074,0.79448795,0.75900584,0.35621545,-0.37288252,-0.31690586,-0.089378774,1,chr6:53956277:body_of_pancreas:0,FN,0
-1.8180254,2.0126352,-1.3233036,0.5500386,0.016975839,0.43886942,-0.5061474,0.06802682,0.045663882,-0.24019258,0,chr14:77053349:thoracic_aorta:0,TN,0
-1.71922,2.922221,-0.43727127,0.03245965,-0.44583264,-0.43572947,-0.3603291,-0.43322748,-0.47145385,-0.42371428,0,chr6:32933573:spleen:0,TN,0
-2.5089695,1.5242473,0.81849444,1.2165991,0.29270566,-0.97244185,-0.35055354,0.0773077,0.063318044,0.07916274,0,chr19:13818234:Peyers_patch:0,TN,0
-2.3366225,1.2370117,1.540004,-0.9226457,-0.049229134,0.605359,-0.80850893,-0.006576395,-0.34870228,-0.3271048,0,chr1:234611945:transverse_colon:0,TN,0
7.0039225,-0.1529119,0.36278614,-0.30173272,-0.2579121,-0.8820696,-0.28479996,0.026314842,-0.52408475,0.1975124,1,chr3:75785419:spleen:0,TP,1
-2.0628276,0.29278463,-1.4509692,0.5385643,0.22077729,0.9370669,-0.3274945,-0.49295747,0.4329387,0.057372406,1,chr5:149628438:transverse_colon:0,FN,0
-1.3235145,1.0445467,0.11932707,0.6612259,-0.66426724,-0.4204372,0.32964113,-0.6771659,-0.16706811,-0.69225526,0,chr7:22853784:tibial_artery:0,TN,0
3.461663,-0.6203159,-0.45005628,0.864568,-0.46685553,1.1063429,-0.03071938,-0.047396205,-0.21542881,-0.25165653,1,chr16:9160191:upper_lobe_of_left_lung:0,TP,1
-0.9780713,-0.0895353,0.55328625,1.7004439,-0.22204535,-0.5207233,0.5845389,-0.59634584,-0.4239558,-0.7442161,1,chr15:40906278:body_of_pancreas:0,FN,0
6.1781483,0.7787266,0.7273445,0.25212878,-1.2605051,0.86005265,0.28882182,-0.17824148,-0.116953366,1.6911867,1,chr12:48753691:Peyers_patch:0,TP,1
-1.9929194,1.6708287,1.1941786,0.7149268,0.79101413,-0.43712142,-0.055865407,0.7476133,0.491911,0.20140067,0,chr2:113199470:sigmoid_colon:0,TN,0
7.0913606,0.6228604,0.64052767,-0.748408,-0.10929869,-0.7054173,-0.2940498,0.05776814,0.1983828,0.1632029,1,chr7:142752843:body_of_pancreas:0,TP,1
6.9244995,-0.10700518,0.4838071,-0.21358433,-0.15114813,-0.6372365,-0.30963632,-0.18955508,0.26791006,-0.558294,1,chr22:24006151:thoracic_aorta:0,TP,1
0.43530467,-0.8907963,-0.03382832,-0.17226295,0.3966611,0.7314347,-0.9199543,0.2884804,0.7374964,-1.0343201,0,chr3:101070324:thoracic_aorta:0,FP,1
-3.616421,0.2695366,-0.24177203,0.9660155,-0.10720467,-0.10974389,-0.67854667,0.44107935,0.3245489,0.22110844,0,chr14:59576853:thyroid_gland:0,TN,0
7.146792,0.112432666,0.58853054,-0.21915485,-0.3349148,-0.5096452,0.029460456,-0.13320214,0.2166926,0.22321235,1,chr9:42974893:thoracic_aorta:0,TP,1
-1.103068,0.81821245,-1.1160607,0.059387747,-0.33080876,1.0637522,-0.02784848,-0.713846,1.6204343,0.48678017,1,chr6:53956277:suprapubic_skin:0,FN,0
-0.6663387,1.9024205,-1.0307584,-0.9582568,-0.362075,-0.36171958,0.731304,0.18768801,-0.8058006,0.17907515,1,chr2:168375394:body_of_pancreas:0,FN,0
-2.7221684,-0.65328634,1.1748915,-1.0085088,0.90425813,0.41644233,0.09759912,-0.4139838,-0.19188966,0.5139119,0,chr6:31367545:spleen:0,TN,0
-2.4854412,-0.60416067,1.4266942,-0.31739697,0.535757,0.42450854,-0.16304787,0.049927656,-0.28206378,0.41740483,0,chr5:142249470:thoracic_aorta:0,TN,0
-2.3766167,0.14508311,-0.4351783,0.8214998,-1.2198972,-0.3309371,0.20356941,-0.37198037,-0.03861636,-0.811885,0,chr2:78999391:adrenal_gland:0,TN,0
-2.79708,-0.70194346,0.20815401,0.041258566,-0.46759892,0.30947527,-0.15656702,-0.65088814,0.5024278,-0.16381848,1,chr17:45099253:prostate_gland:0,FN,0
5.5902596,-1.0587714,0.050458185,0.41414982,-1.0405116,0.0770462,-0.17539288,0.19220999,-0.74889326,0.10393803,1,chr7:142750232:body_of_pancreas:0,TP,1
6.7084293,0.33284152,0.6185106,0.033729684,-0.3406906,0.0077623962,-0.16100205,-0.21917285,0.622964,0.05228024,1,chr5:151298414:body_of_pancreas:0,TP,1
-2.2958882,1.6740566,0.10747648,0.051451582,-0.73983026,-0.25910357,-1.0384743,0.06828236,0.18675426,-0.3622215,0,chr5:76544689:transverse_colon:0,TN,0
-0.229424,-0.18427621,0.57419944,1.061779,1.4997483,0.76721805,-0.21218318,-0.9140797,-0.012657,0.037031643,0,chr17:81413749:upper_lobe_of_left_lung:0,TN,0
4.2102513,0.26615822,0.44812742,0.036235288,0.24789296,0.6602741,0.07511832,0.38479123,0.8434567,-0.7667166,1,chr15:31200859:thoracic_aorta:0,TP,1
1.7510558,-1.9330603,0.016470164,1.8563446,-0.54396725,1.2100096,-0.65025526,-0.16224636,0.4448084,-0.22105725,0,chr19:47436804:adrenal_gland:0,FP,1
-0.6474584,1.7342086,-1.3181581,0.028362226,0.086707905,0.51380855,0.7432334,-0.40136978,-0.22609766,-1.1123096,0,chr10:92074395:esophagus_muscularis_mucosa:0,TN,0
0.18768014,-1.1263679,0.878105,1.5206456,0.7672499,0.061868694,0.28952622,-0.25124353,-0.17969155,-0.4039092,1,chr15:40906278:tibial_artery:0,TP,1
-1.2706957,0.45560557,1.3769492,1.51108,1.2649372,-1.0070379,0.5174846,0.24296036,0.23275892,0.043459717,1,chr17:42761347:gastroesophageal_sphincter:0,FN,0
5.546083,-1.2248257,-0.8342421,-0.58393997,0.23575792,-0.5202307,-0.7309917,0.35962313,0.24478851,-0.4201294,1,chr8:69248295:suprapubic_skin:0,TP,1
4.64384,-2.4150362,-0.76749027,0.25100082,-0.39882934,0.012907035,-0.43896604,0.24574628,-0.1589185,-0.8372056,1,chr7:142463879:body_of_pancreas:0,TP,1
-2.2226214,0.07718838,1.1622494,1.3281481,0.7076906,-0.2519685,-0.26529947,0.32595348,-0.115241066,0.02421049,0,chr7:88220243:body_of_pancreas:0,TN,0
6.31258,-0.48588488,-0.15201978,-0.6122587,0.60921484,-0.6824258,-0.8230113,0.18334341,0.15791504,-0.39790833,1,chr12:109443212:body_of_pancreas:0,TP,1
0.883014,-0.23969012,-1.7258328,-0.1025281,-0.2741834,0.24974538,0.947242,-0.066114314,-0.4303702,-0.88656527,1,chr20:41572206:body_of_pancreas:0,TP,1
3.319419,-0.58320075,-0.8287706,-1.151365,2.212788,-0.24856295,-0.5605401,0.7123618,-0.28936398,-0.34708548,1,chr2:10271661:body_of_pancreas:0,TP,1
6.025719,-0.6698184,-0.19991657,-0.3297362,0.33557278,-1.0779341,-0.510683,-0.2270933,0.2812704,-0.706909,1,chr19:1037869:upper_lobe_of_left_lung:0,TP,1
5.474224,-0.5515564,0.49810734,0.87266505,-0.07883614,0.82705784,-0.46344435,0.44082254,0.3964879,0.86545146,1,chr15:79896760:upper_lobe_of_left_lung:0,TP,1
6.471677,-0.5594118,-0.06116293,-0.40034652,-0.080055945,-1.1001575,-0.5805397,0.08237633,-0.15546359,-0.3171455,1,chr11:47642443:upper_lobe_of_left_lung:0,TP,1
-0.6578216,1.2066783,3.1029236,-2.3044398,0.42417923,0.594744,-0.18068302,-0.5453958,-0.44504192,0.2502097,0,chr8:9276778:body_of_pancreas:0,TN,0
0.08012521,0.503337,1.2595749,0.42440054,1.3238761,-1.0637432,1.14898,0.46658662,0.9697522,-0.3881618,0,chr19:17283115:transverse_colon:0,TN,0
6.0769124,-0.31504908,0.07090978,-0.30751497,0.14260694,-0.80838346,-0.35394174,-0.033875108,-0.060443595,0.10353849,1,chr9:129437413:prostate_gland:0,TP,1
-2.9848552,-1.5660524,0.6003736,-1.2942559,-0.23159069,0.45628884,-0.6193697,-0.337531,-0.12492511,-0.030319154,1,chr9:17531876:suprapubic_skin:0,FN,0
-1.572212,0.80966836,0.84758174,0.2499379,0.4766088,0.12509994,-0.74556637,0.31684834,0.9128905,-0.33319443,0,chr1:207321070:upper_lobe_of_left_lung:0,TN,0
-2.0907881,1.6153741,-1.639619,-0.23520721,0.69920504,0.09531791,0.15457436,-0.17395237,-0.58221394,0.4762278,1,chr8:30486503:thoracic_aorta:0,FN,0
2.7888625,1.7506682,-0.6803088,-0.45655793,0.40614164,-0.20209675,1.8585922,0.083574064,1.3427243,1.2890636,1,chr8:44636977:tibial_nerve:0,TP,1
-2.4302943,-1.4491953,0.25276914,-1.6079818,0.3181995,-0.2025639,0.12182139,-0.4567314,-0.43387067,-0.070710085,1,chr9:127348292:thoracic_aorta:0,FN,0
-0.5453273,0.60049134,-2.0150182,-0.9860063,1.1618154,0.0994096,0.31566843,0.73164207,0.684764,0.8105626,1,chr20:28507029:thoracic_aorta:0,FN,0
-2.8612282,-0.8086552,-2.0687604,0.9715614,-0.74384284,0.017739855,-0.1082492,-0.15679745,-0.53509325,-0.078550614,0,chr5:139787668:testis:0,TN,0
-1.8763326,0.91252536,-1.2862189,-0.012573471,-0.32996044,0.15035897,0.50895095,0.3145304,-0.9792812,0.20733517,0,chr10:29517575:esophagus_muscularis_mucosa:0,TN,0
-1.7392646,-0.5244995,1.2425047,-0.6134198,0.79225165,0.73206174,0.82269704,0.51831067,-0.044590864,0.043356296,1,chr2:239775219:body_of_pancreas:0,FN,0
-1.2971483,0.5092937,2.5834136,-2.037135,0.030459668,0.155345,-0.24016456,-0.3774513,-0.20525025,0.25635815,1,chr9:546973:upper_lobe_of_left_lung:0,FN,0
-2.2649,1.1903765,-1.5781523,-0.27141458,0.28777653,-0.15280622,0.3322244,-0.20454517,-0.06584614,0.31107,0,chr16:67519147:body_of_pancreas:0,TN,0
6.498643,-0.039404996,0.19198582,-0.58345824,-0.2447802,-0.7879724,0.32043344,-0.07311091,0.56781566,0.31031573,1,chr8:45161471:gastrocnemius_medialis:0,TP,1
-2.193651,-1.2672149,0.83758664,1.120301,1.6031442,-0.18512332,0.57748544,0.7967415,0.43146965,0.58641726,1,chr18:74291399:tibial_nerve:0,FN,0
-2.5184314,-2.1108167,-0.060281433,-1.4683273,-0.44598138,0.2256494,0.60610896,0.52257204,0.25418705,-0.54907614,0,chr13:33543669:transverse_colon:0,TN,0
-1.4515294,-0.081782535,-0.4643445,-0.19511579,0.04934582,1.2206454,0.5972248,0.274053,-0.05005505,0.36300483,0,chr13:23599548:body_of_pancreas:0,TN,0
-3.8930416,-1.721252,-0.0036937024,-0.2159758,-0.5904463,-0.3095378,-0.7216774,-0.23215346,0.08562317,0.5001058,0,chr10:102775387:tibial_nerve:0,TN,0
3.2608008,-2.1765964,-0.7867259,0.13289857,1.6465634,-0.36090365,-0.002517287,-0.165327,-0.3251799,-0.88193005,0,chr8:143574981:upper_lobe_of_left_lung:0,FP,1
-2.9745615,-0.050603554,-0.5444234,0.19397989,0.072807506,0.87503546,-0.21324372,-0.44917667,0.6722231,0.21865596,0,chr4:38783176:spleen:0,TN,0
1.2800251,2.4695096,-0.587357,-0.15995173,0.3528688,-0.09347648,1.1312505,-0.6965387,0.2000944,0.32026824,0,chr19:52748468:testis:0,TN,0
-1.7234033,0.03505237,-1.6600108,-0.24444003,-0.48286897,0.12183926,0.9497797,-0.47834763,-0.62456465,-0.43504316,1,chr6:291257:body_of_pancreas:0,FN,0
-2.088041,-2.44997,-0.582151,0.93264246,1.5827503,0.047295738,0.47074586,0.4196342,-0.27808973,0.2278686,0,chr2:20617427:prostate_gland:0,TN,0
1.0205128,-0.09878929,-1.2642826,-1.2595222,0.18171912,-0.2582459,0.94283754,0.021892272,0.36334655,-0.7222112,1,chr7:95686086:transverse_colon:0,TP,1
6.383822,1.2110746,0.25878736,-0.6191813,-0.22534806,-0.6885409,0.6546524,-0.0026524512,0.43429354,0.7572691,1,chr17:25564496:thoracic_aorta:0,TP,1
-0.24608342,-0.37637603,0.41543818,1.0066702,0.68983036,-0.23466876,-0.14879964,-0.7843801,-0.13035485,0.32039586,1,chr7:267146:transverse_colon:0,FN,0
-2.5494769,-0.157716,0.0493058,1.0645685,-0.35346046,0.22996397,-0.15911989,0.40958863,0.15050691,0.27123603,0,chr19:13803180:prostate_gland:0,TN,0
0.3132725,-1.6004251,-0.39405304,1.08692,-1.3441179,0.7593724,-0.07335717,-0.17361061,0.41635433,-0.0034091452,1,chr12:9283685:esophagus_muscularis_mucosa:0,TP,1
6.755883,-0.25875986,0.20778781,-0.44444707,-0.418482,-1.1808289,-0.012438664,-0.19711608,-0.26034158,-0.005890886,1,chr17:22909996:spleen:0,TP,1
-2.6986575,0.08293223,1.6959587,0.27520943,-0.11331853,-0.46355373,0.34950116,1.1132249,-0.011811869,-0.02115415,1,chr5:113606641:thoracic_aorta:0,FN,0
-1.2346196,3.0280082,-0.3988137,-0.11864833,0.30750784,0.16686477,-0.6307767,0.70626104,-0.1566901,-0.37620434,0,chr11:119031234:Peyers_patch:0,TN,0
-1.1971114,2.8785646,-0.12718634,0.16550077,-0.6561502,-0.6103973,-1.1048561,0.491223,-0.08538979,-0.63438237,0,chr17:55526730:testis:0,TN,0
-2.5348606,-0.7616449,0.78967965,-1.7789388,-0.34747767,-0.27951267,-0.24433893,-0.39012533,-0.37005007,0.044793118,0,chr12:91578079:gastrocnemius_medialis:0,TN,0
-0.892452,-1.2212281,0.7321067,2.0767028,-0.09115967,0.0013308467,0.3273127,0.72323096,-0.2725486,0.038091328,0,chr17:65123411:upper_lobe_of_left_lung:0,TN,0
0.44026807,-2.2981362,-1.3419914,0.20485602,0.9738416,-0.4568254,0.2607017,-0.66764194,0.8126817,-0.21157585,1,chr6:3259228:tibial_nerve:0,TP,1
-1.9916623,2.3386986,-0.13415037,0.7968625,-0.42942366,0.37076354,-0.45607483,0.1211486,-0.2357954,-0.6197725,0,chr7:5085799:suprapubic_skin:0,TN,0
-0.7155276,1.413459,0.5353667,0.13355824,0.6348527,-0.20676938,-0.49120015,-0.050385315,-0.20584631,-0.28871188,1,chr14:101235442:tibial_artery:0,FN,0
-3.323582,-0.08720998,1.2728235,0.37831935,-0.40976837,-0.87854886,0.1634668,0.9382399,0.5082275,0.41349995,0,chr19:40777787:spleen:0,TN,0
6.5098696,0.14787604,0.839986,0.28431523,-0.9443716,0.26895463,0.34934795,-0.26137424,0.44783074,0.4860031,1,chr11:60251676:transverse_colon:0,TP,1
3.871624,-0.12325734,0.9435956,1.5334342,-1.3071665,0.94467425,-0.05724986,-0.10538684,-0.302465,0.020915404,1,chr19:39824761:tibial_artery:0,TP,1
-0.66037494,1.4417549,-0.26988775,0.6567809,0.9671563,1.7599804,-0.39791408,-0.35316807,0.9162756,0.82665414,0,chr5:42992982:transverse_colon:0,TN,0
0.23840043,4.073243,0.113631204,-0.01643926,-0.30756143,-0.46393648,-0.019772563,-0.68422294,0.08838554,-0.3315677,0,chr8:119862980:esophagus_squamous_epithelium:0,TN,0
6.7999654,0.12177386,0.33829036,-0.6795575,-0.23757783,-1.3066508,0.18634257,-0.4461576,0.14297074,0.18445992,1,chr17:25579422:upper_lobe_of_left_lung:0,TP,1
-1.5835496,2.1895685,-1.0131396,-0.21484828,0.6245365,-0.089180216,-0.7436589,0.23996283,-0.40459934,-0.028625378,1,chr16:14300986:gastrocnemius_medialis:0,FN,0
-2.5188484,-0.9737554,1.345162,-1.3248744,0.7783577,0.7541096,-0.4564723,-0.57310575,-0.63904256,0.31923062,0,chr11:12087298:thoracic_aorta:0,TN,0
-4.2001176,-2.4407873,-0.5923666,-0.7681517,-0.48914197,-0.123110764,0.47865015,-0.40704885,-0.53593725,0.37012887,1,chr4:77240591:tibial_artery:0,FN,0
-0.6838023,1.4108686,-1.527798,-0.74162686,0.35238957,-0.009667734,0.55102754,-0.8500048,0.06351333,0.092046194,0,chr21:5260541:prostate_gland:0,TN,0
-3.0237362,0.10753721,0.66346776,-0.90187997,0.25175455,0.559923,-0.59799427,-1.0243559,-0.4258468,0.21979187,0,chr7:100217197:prostate_gland:0,TN,0
-3.9212193,-0.7110005,-0.17501715,1.1317856,0.15484281,-1.2408366,-0.5846712,-0.26392204,0.055228498,0.5058689,0,chr6:166383176:body_of_pancreas:0,TN,0
-3.8899155,-0.9114077,0.6537455,-0.4302392,-0.73507553,-0.36852774,0.19774203,0.28745386,-0.25302696,-0.20219463,0,chr19:43104227:esophagus_squamous_epithelium:0,TN,0
5.3715973,-1.321636,-0.7282242,-0.66106194,0.41839713,-0.52815545,-0.44720462,0.45574677,0.009446416,-0.28522897,1,chr3:186302506:prostate_gland:0,TP,1
6.7823496,-0.27012932,0.24151023,-0.4813372,-0.45938006,-1.2256573,0.052378897,-0.17129576,-0.27478012,-0.014314894,1,chr17:22909996:tibial_nerve:0,TP,1
-4.3259106,-1.4481921,-1.1956894,-0.38989744,-0.27431068,0.46568832,0.24252483,-0.6192835,-0.40331262,0.35631296,0,chr10:15106907:sigmoid_colon:0,TN,0
3.5387607,2.8103106,0.26492473,-0.21256875,-0.073330134,0.17031811,1.3798481,-0.9333561,0.43442065,0.14537773,0,chr19:52748468:prostate_gland:0,FP,1
-1.9431134,1.9860604,-0.5674474,-1.0021716,-0.6069141,-0.65153986,-0.1964453,0.3823458,-0.39831012,-0.4981919,0,chr8:8247882:thoracic_aorta:0,TN,0
-3.3306992,-2.1554883,0.1452437,-1.7204704,-0.8422324,0.18321727,0.6143995,0.8852087,-0.41649136,-0.7434221,0,chr4:20422548:transverse_colon:0,TN,0
3.1905677,0.05135269,0.018413186,0.4835777,-0.029177684,0.5518199,-0.23318271,-0.13307102,-0.34627357,0.5456945,0,chr9:101449199:esophagus_muscularis_mucosa:0,FP,1
6.722113,-0.5907319,0.31495067,-0.22948098,-0.38758123,-0.79487175,-0.43730724,-0.003072688,-0.4012302,0.05981468,1,chr7:100949229:Peyers_patch:0,TP,1
6.5737944,0.27347088,0.47698334,-0.16912183,-0.38352445,-0.3073891,0.2396784,0.13434066,-0.52682614,0.2758032,1,chr10:38653296:body_of_pancreas:0,TP,1
-0.69350064,0.80772525,-1.6932927,-0.8068657,0.55811816,0.70697606,0.31364068,0.10935168,0.62500083,0.93957895,1,chr22:20028091:prostate_gland:0,FN,0
-2.1691062,0.0035601337,0.8284131,1.5067496,-0.7126101,0.8437733,0.08033473,-0.44217542,0.3820291,0.04819868,1,chr11:1652791:thyroid_gland:0,FN,0
1.0936793,0.52818644,-0.90084124,-0.50630105,2.2422836,0.18583044,-0.69548637,-0.52444166,1.0003133,-0.11633094,1,chr19:41914555:body_of_pancreas:0,FN,0
4.8327327,-1.6520913,-1.0722976,-0.33006108,-0.16286278,-0.1817139,-1.0403081,0.6085771,-0.54541045,-0.14933762,1,chr11:19259633:upper_lobe_of_left_lung:0,TP,1
-1.2683371,-0.78435147,1.2552046,-1.1921518,0.61205757,0.7739155,-0.44340283,-0.9441147,0.15488806,-0.3250137,1,chr6:169655219:thoracic_aorta:0,FN,0
6.721258,-0.48743066,0.29710275,-0.2198393,-0.3373494,-0.8311639,-0.529598,-0.082681544,-0.25608763,0.0091896495,1,chr9:129437752:body_of_pancreas:0,TP,1
6.5903907,-0.295301,0.3622805,-0.10414867,-0.36923328,0.030786937,-0.47116143,0.022974925,-0.31652936,0.29223293,1,chr7:22550492:adrenal_gland:0,TP,1
5.8901997,-1.3806219,-0.2569474,-0.07866473,0.10939693,-0.1907614,-0.75348234,0.4285755,-0.2477454,0.13722195,1,chr3:75785357:tibial_artery:0,TP,1
6.493909,0.08997003,0.40642005,-0.6595557,0.6315744,-0.71193653,-0.095329195,-0.29649,0.46144634,-0.51875156,1,chr16:85086903:prostate_gland:0,TP,1
2.9225206,-0.71969765,-0.7174822,0.44792435,-0.22873077,0.17420518,1.4653581,-0.16044952,-0.22996852,-0.1267616,0,chr2:215506074:body_of_pancreas:0,FP,1
5.1550956,0.37661088,0.4855984,0.03182373,-0.048637528,0.5107657,0.09241146,0.17601383,1.1093773,-0.9211937,1,chr1:13277261:spleen:0,TP,1
-2.1837943,-0.8939791,-0.30735904,1.2421392,1.2625675,-1.1131208,0.00037702013,-0.79574597,0.11759533,0.69511956,0,chr14:104137797:spleen:0,TN,0
-2.4344163,-0.48562002,0.6496771,-1.482514,-0.4245591,0.56656194,-0.74814177,-0.2823407,-0.035295084,-0.027214278,0,chr3:178966680:Peyers_patch:0,TN,0
-2.4569204,-1.0917199,-0.038989406,2.2383134,1.7866194,-0.99501115,0.33948743,-0.30471483,-0.45083225,0.34713098,0,chr9:136400120:transverse_colon:0,TN,0
6.14307,0.35943216,-0.25581473,-0.620569,-0.10921036,-0.84837025,0.83279353,0.02257059,0.22496675,0.1793108,1,chr17:23982409:testis:0,TP,1
6.8838844,-0.29528758,0.228156,-0.34339085,-0.16791393,-0.84399855,-0.4465238,0.07062846,-0.31058952,0.089967944,1,chr3:75785419:prostate_gland:0,TP,1
-1.8930883,0.117043674,-1.1393278,-0.1642665,0.66564083,0.114356235,0.24065864,-0.6530299,-0.55097085,-0.90231645,0,chr9:2872847:prostate_gland:0,TN,0
-0.33741707,0.92248386,-0.79386395,-0.27009007,-0.54465705,0.7004015,-0.29325762,-0.2365235,-0.9895779,-0.24409842,1,chr2:196068383:Peyers_patch:0,FN,0
6.109586,-0.95328516,-0.2311049,-0.297502,-0.40258884,-1.0620288,-0.16243064,0.02682453,-0.55080974,-0.2272848,1,chr12:121918386:thoracic_aorta:0,TP,1
-1.7809703,-0.12545605,0.9010151,-0.5040819,-0.2094583,-0.1894878,0.3603377,-0.6958692,0.15782839,0.15734875,0,chr12:105235140:body_of_pancreas:0,TN,0
-2.00286,-1.4138935,-0.37766615,-0.45995882,-0.23041864,0.4489556,0.058876257,-0.16590439,0.5205301,-0.7073122,1,chr2:3548243:body_of_pancreas:0,FN,0
-2.81697,-0.5609237,0.7079697,-0.58086705,-0.973769,0.69248015,-0.09862322,0.34055343,0.108114645,-0.42683157,0,chr15:37133941:esophagus_squamous_epithelium:0,TN,0
-1.6170578,1.9125288,0.5957191,1.2624238,-1.1079531,0.54159147,-0.6967322,0.7729889,0.40959206,-0.48266858,1,chr9:83219889:esophagus_squamous_epithelium:0,FN,0
-2.6086824,0.73792154,0.2486767,-0.5554219,-0.38072577,-0.35836115,-0.07889044,0.7590131,0.89146495,0.6886726,0,chr8:13656034:tibial_artery:0,TN,0
5.944941,-0.59420055,-0.12532423,-0.26410738,-0.11327572,-1.1186938,0.21525936,-0.40850598,-0.1739873,0.012953698,1,chr14:30690707:gastroesophageal_sphincter:0,TP,1
-2.7565079,-1.5717076,-1.2126492,-0.891311,-0.11301033,-0.42834678,0.16646077,-0.23443224,-0.530542,-0.20127814,1,chr12:71214746:Peyers_patch:0,FN,0
6.0761733,-0.13939646,0.51371574,0.13472274,-0.7886079,0.23562387,0.33804348,-0.32330006,0.29865023,-0.0089332415,1,chr18:68604528:body_of_pancreas:0,TP,1
6.482284,-0.087278396,0.6739145,0.641735,0.122617796,0.08902461,-0.046967722,-0.061580136,-0.3546124,0.57427645,1,chr15:79896760:suprapubic_skin:0,TP,1
-2.6871693,-0.84463716,1.1167746,1.1479065,0.5549057,-0.61626834,0.23758325,-0.1523246,0.113432325,0.6327063,0,chr10:97737466:upper_lobe_of_left_lung:0,TN,0
-2.5722337,0.5107143,0.07551148,1.2121439,0.056376003,-0.578084,-0.5550054,-0.23329236,-0.59978706,-0.2600579,0,chr4:41216732:suprapubic_skin:0,TN,0
-2.9647818,-1.1847107,0.5945745,0.4785482,0.55497885,-0.04866906,0.019856898,-0.30711287,0.011024688,0.09952751,0,chr20:47735973:omental_fat_pad:0,TN,0
4.1795716,-2.6162913,-1.0046371,0.5055383,-0.6499036,0.43807894,-0.77598065,0.22193554,-0.08036909,-0.6884915,0,chr7:142463839:upper_lobe_of_left_lung:0,FP,1
-1.9087605,1.9722193,-0.5657303,0.35503966,-1.1710793,-0.66765106,0.54440373,-0.4892701,-0.08337994,-0.91780657,0,chr2:159118640:thoracic_aorta:0,TN,0
0.85004234,-0.24265242,-0.6844715,1.5818256,1.9872544,1.1344353,-0.62523836,-0.32680616,1.082401,0.2540894,0,chr9:41356966:thoracic_aorta:0,TN,0
3.2942975,-1.013646,-0.62557334,0.6426433,1.617514,-0.31413847,0.39481854,-0.17734337,-0.7638754,-0.6865487,1,chr20:26208339:upper_lobe_of_left_lung:0,TP,1
4.0763683,0.061557144,-0.35375297,0.7185365,-0.32833672,1.1518133,-0.7241126,0.90808374,-0.015739787,-0.084690414,1,chr17:879808:body_of_pancreas:0,TP,1
-2.8258965,0.21444045,-1.0436382,0.007701485,-0.19043541,0.28484425,0.62408966,0.021617945,-0.5543273,-0.2972859,0,chr2:216403921:spleen:0,TN,0
1.9098371,-0.5351434,-0.30508077,-0.64448553,1.4704968,-0.02056197,-0.2079514,-0.67435664,-0.18832977,-0.1722189,1,chr2:46855233:thoracic_aorta:0,TP,1
-2.735959,0.2506046,-0.19186135,0.88245755,-0.81670475,-1.2536904,-0.48947737,-0.39697582,-0.16919252,-0.1567837,1,chr9:97633155:upper_lobe_of_left_lung:0,FN,0
-2.8503008,-1.0428283,0.12454926,0.5242637,0.6107248,-0.056570437,0.011324406,-0.64594966,0.5462989,-0.053077992,1,chr8:41651698:body_of_pancreas:0,FN,0
6.5951576,1.343734,0.19908978,-0.6920611,-0.16348882,-0.9375658,1.0537696,-0.5165304,0.4338999,1.1272098,1,chr17:25579422:esophagus_squamous_epithelium:0,TP,1
-2.5756578,-1.7039794,-0.05545925,2.0916467,1.1626476,-0.78212446,0.8361398,-0.123492435,-0.13936326,0.31224015,0,chr19:38770355:transverse_colon:0,TN,0
-3.7333739,0.16699521,-0.5419614,-0.09009683,-0.82862765,-0.45868814,-0.22024426,-0.24803907,0.5084527,-0.23479109,0,chr16:75402814:prostate_gland:0,TN,0
-2.4042225,2.0655963,0.11768186,0.9226144,-0.17836793,-0.25650913,-0.8549235,-0.056116648,0.14050423,-0.16356143,0,chr11:106077385:Peyers_patch:0,TN,0
-0.7160881,0.5237361,-1.3620424,-0.14685711,-0.8408702,-0.1442941,1.0895987,-0.6688235,-0.30059028,-0.082909964,1,chr1:178788607:body_of_pancreas:0,FN,0
-1.4777516,-0.76414233,0.437382,0.09077621,0.3577499,1.7336079,0.14804767,0.08500288,0.22895795,-0.07026506,1,chr12:8217209:body_of_pancreas:0,FN,0
-0.20128371,-0.0105605945,0.4098183,1.884537,-1.1684215,0.36499417,0.1770794,-0.56616926,0.004199629,-0.034361716,1,chr11:1652791:esophagus_muscularis_mucosa:0,FN,0
1.9562644,-1.8260165,-0.889547,0.7777125,0.3117709,-0.13826978,0.055999465,0.03928895,-0.27612275,-0.80432296,0,chr2:109423970:gastrocnemius_medialis:0,FP,1
-2.2424796,0.85431033,-0.7335681,-0.18533652,-0.17015451,0.4442798,1.0142401,0.075489946,0.38102153,0.18276548,0,chr7:818297:Peyers_patch:0,TN,0
-0.23168358,1.9478678,-1.4344946,0.0842966,0.38008025,0.47622558,0.56585413,0.4771208,-1.2654517,0.82333004,1,chr16:2874817:tibial_artery:0,FN,0
-2.227696,1.5234591,-1.6938846,0.08665878,-0.08877969,0.35686204,-1.8844881,1.114221,-0.3751636,-0.32934126,1,chr19:2391652:tibial_artery:0,FN,0
0.5253269,1.3591188,2.4175336,-0.6613391,0.846082,1.3551162,0.20361039,0.4774042,-0.37599298,-0.55147135,1,chr1:27556965:omental_fat_pad:0,FN,0
-0.12093716,0.24656478,0.11341264,0.44960603,0.71395594,1.0768075,0.26669407,-0.77283823,0.40674886,-0.30224648,0,chr20:17504720:esophagus_muscularis_mucosa:0,TN,0
-0.78357005,1.5408235,-0.992637,-0.637144,0.85818046,0.2941855,0.71106595,0.8932694,1.4277648,0.88443,1,chr20:28507029:prostate_gland:0,FN,0
-1.5599289,2.4111516,-1.3299944,-0.68451315,1.0787574,-0.037429225,-0.26483,0.32537243,-0.06456159,0.56352067,0,chr1:1645734:adrenal_gland:0,TN,0
-0.42866325,1.8396863,-1.044371,-0.4188326,-0.2292674,-0.44562986,0.54152757,-0.13692714,-0.39495552,-0.39321318,0,chr15:60921364:body_of_pancreas:0,TN,0
-1.4580411,0.2815554,-1.1079619,-0.09657365,2.587895,0.16754813,-0.8629208,0.55199075,-0.31060097,0.3833365,1,chr18:597094:spleen:0,FN,0
-0.5223491,1.6376944,-1.2328109,0.6418523,-0.48445496,-0.7655297,0.19981661,-0.32096335,-0.8923739,-0.40394187,0,chr2:88159923:prostate_gland:0,TN,0
-1.9153084,-1.3897921,-0.2522495,1.0816202,1.1631486,-0.6168515,0.37506565,-1.0116099,-0.050704427,0.72165775,0,chr10:103193249:upper_lobe_of_left_lung:0,TN,0
4.346542,1.3092717,-0.54356885,-0.5356448,-0.04554141,-0.3374885,1.6816453,0.10435294,1.6565329,1.0681366,1,chr8:44636977:tibial_artery:1,TP,1
0.9094618,0.81203705,-0.57698286,-0.9600794,-0.33050615,0.3315604,0.46073005,-0.6173932,-0.17423011,-0.14988802,0,chr14:35354324:body_of_pancreas:0,TN,0
0.86628973,1.9627235,-0.06056004,0.7219019,-1.0808879,0.37869227,1.0296206,-0.21297917,-1.1491791,0.25528032,1,chr19:45427778:body_of_pancreas:0,FN,0
-0.08232343,1.6855495,-0.06800073,-0.5470661,0.32354563,-0.5384659,1.7515684,1.0475166,0.29288286,-0.4857342,1,chr3:58025874:body_of_pancreas:0,FN,0
1.9584491,0.019454136,0.56045234,-0.8313347,1.333983,0.56785005,-0.446824,-0.7773097,0.29795483,-0.058810156,1,chr14:77027449:transverse_colon:0,TP,1
5.3536963,-0.685941,-0.8616436,-0.7150856,1.2671634,-0.30563706,-0.8389322,0.6888925,0.2437144,-0.122676894,1,chr13:26472649:adrenal_gland:0,TP,1
5.2309737,-1.8494303,-0.8232475,0.015827619,-0.28399858,-0.58070546,-0.24785247,0.021471346,-0.30494568,-0.4455323,1,chr12:121918386:Peyers_patch:0,TP,1
-0.12743573,-2.244457,0.68866473,1.8217822,0.6963566,0.37998015,0.60200423,0.8317604,-0.89373684,0.26077178,1,chr18:12307830:upper_lobe_of_left_lung:0,TP,1
-1.9971869,-0.5386769,0.69954014,1.6149322,0.6520494,-0.28521195,0.34548417,-0.38512507,0.62339294,0.4567992,0,chr17:42553705:body_of_pancreas:0,TN,0
-1.9773417,1.7583027,1.4324094,0.820648,-0.43523628,0.121166885,-0.28865474,0.32380676,0.4641667,-0.133245,0,chr3:197510147:adrenal_gland:0,TN,0
-3.5427403,-2.6307297,-2.147433,0.1230748,-0.932982,0.4467184,0.1707883,-0.13607177,0.18058282,-0.10682848,0,chr2:86948588:adrenal_gland:0,TN,0
6.6701546,0.35174534,0.3339629,-0.5753693,-0.25484422,-0.77368176,0.41184446,-0.07081231,0.6743413,0.42539787,1,chr8:45161471:tibial_artery:0,TP,1
3.9449124,0.5188373,0.6400493,1.5470911,0.9573151,0.1374912,0.037552048,-0.4118097,-0.440388,-0.41376656,0,chr2:264820:esophagus_squamous_epithelium:0,FP,1
-2.9861424,1.1475586,-0.9711214,-0.58293235,-0.27821004,-0.2083972,-0.7457946,-0.19996504,-0.3947297,-0.37762284,0,chr15:19942866:Peyers_patch:0,TN,0
1.4488091,0.15508059,-0.61872834,0.3675185,-0.1254494,-0.2176422,0.799677,-0.98156184,-0.3996199,0.088335715,1,chr19:8396778:Peyers_patch:0,TP,1
7.2222123,1.4624727,0.8759358,-0.5887877,0.70810485,-0.5604167,-0.29692307,-0.73774344,0.34666106,-1.218029,1,chr7:142771802:body_of_pancreas:0,TP,1
0.40877473,-0.55964255,0.52579373,0.8650437,0.45434126,0.7347252,0.11795379,1.6284591,0.40135935,-0.5189696,1,chr1:27556965:esophagus_squamous_epithelium:0,TP,1
6.734666,-0.031979356,0.27536577,-0.40228164,0.41315392,-0.75995874,-0.49343255,0.03845461,0.11602501,-0.23576003,1,chr12:8390645:testis:0,TP,1
-0.0871523,-0.93805355,0.8813577,0.6061671,0.61990637,0.25118628,0.07483846,-1.5730256,-0.06437916,-0.5988654,1,chr12:57772619:thoracic_aorta:0,FN,0
-3.5947058,-2.196199,-0.32626897,-0.55264956,-0.52171785,-0.16377465,-0.18037236,0.794607,0.4408324,0.5449404,0,chr13:113503334:body_of_pancreas:0,TN,0
-0.79195964,2.2198253,-1.2176263,-0.24858741,-0.1410905,-0.22973052,0.6662206,-0.24098548,0.02656707,0.024834529,0,chr6:32885726:body_of_pancreas:0,TN,0
4.5873537,-0.24326427,0.5567978,-0.22793336,-0.5345869,1.525822,0.58890843,0.5324687,0.103114255,-0.52461064,1,chr6:51569823:body_of_pancreas:0,TP,1
2.3294,-1.3427386,-1.4168012,-0.18365784,-0.41291744,0.9920711,-0.3241481,0.44706365,-0.39266634,0.7039961,0,chr9:127023140:body_of_pancreas:0,FP,1
-2.3486862,0.20519596,1.8620425,-0.5915132,0.52357703,-0.31912392,0.3018753,0.6881566,0.20848563,0.17383221,0,chr1:208242741:transverse_colon:0,TN,0
2.2328327,-3.5053725,-1.9964433,0.23109806,0.02565588,-0.30354157,-0.5387914,0.13868327,0.15324236,-1.0947895,1,chr9:136983864:body_of_pancreas:0,TP,1
-1.1694663,3.2020228,0.13164009,0.10707122,-0.48127818,-0.05335645,-1.1248084,0.073389225,-0.09137697,-0.54670143,1,chr1:31423083:upper_lobe_of_left_lung:0,FN,0
0.6946604,-2.911595,-1.9770852,-0.7413569,-0.81762797,0.051014844,0.4671776,0.29248372,0.012470808,-1.2907966,1,chr10:109892851:thoracic_aorta:0,TP,1
-3.414959,-1.3371519,0.042482685,-1.0456256,-0.5591788,-0.046298668,-0.2620487,-0.49276528,-0.20067506,0.029377485,1,chr1:81549700:tibial_artery:0,FN,0
-1.1609828,1.8197846,-0.52703136,0.49153763,0.3205363,0.7356058,-1.3500198,0.5640383,0.20586188,-0.36478454,0,chr12:6938397:spleen:0,TN,0
-2.0119238,2.4661283,-0.08760406,0.36746892,-0.16983965,-0.34654477,-1.0713266,0.36043605,-0.25150427,-0.506835,1,chr6:32852878:prostate_gland:0,FN,0
6.656924,0.29836684,0.33814004,-0.26127085,-0.549183,0.2040434,-0.18128788,0.08251678,0.3438096,0.34185326,1,chr2:86221296:body_of_pancreas:1,TP,1
6.803844,0.13020727,0.6890505,0.35463792,-0.6044982,-0.22039065,-0.1316911,-0.10487852,-0.28927958,0.08923403,1,chr3:75785609:esophagus_squamous_epithelium:0,TP,1
-3.4963999,0.10582739,0.26972562,0.28578264,-0.37826186,-0.7365247,-0.5585339,-0.36111945,-0.08935522,0.39618403,0,chr12:10723737:transverse_colon:0,TN,0
-2.4621568,-0.24462007,-0.786151,0.83267933,0.08613131,0.68399155,-0.03791246,-0.5665568,0.06451527,-0.31293258,0,chr1:84753658:prostate_gland:0,TN,0
0.1631805,1.7454265,-0.26063117,-1.0100856,1.0853468,-0.11727138,-0.48907042,0.92201173,0.18376142,0.20470408,1,chr9:7273836:tibial_artery:0,FN,0
5.695985,-0.64562166,-0.06951625,-0.4132449,-0.6564977,0.112993985,0.06811723,0.30262965,0.046985585,-0.08273406,1,chr10:26574003:adrenal_gland:0,TP,1
3.5044973,-0.048630267,0.7208189,1.3388865,-0.5607531,1.2976725,-0.5407483,-0.36777076,0.65643054,-0.15466467,1,chr2:96533513:tibial_artery:0,TP,1
7.0129957,0.68068534,0.9603391,0.18314338,-0.9194139,-0.1450584,0.33506167,-0.321904,-0.040172823,0.74319303,1,chr7:142521135:gastrocnemius_medialis:0,TP,1
-3.2544599,0.561077,-0.94738615,0.013786865,0.49379265,-0.18416749,-0.42397213,-0.8060318,0.44421187,-0.022864873,0,chr15:85347229:upper_lobe_of_left_lung:0,TN,0
6.4953847,-0.6037547,-0.005693749,-0.29592648,0.19728704,-0.8006159,-0.45469722,-0.04779116,0.09007525,-0.2753076,1,chr12:52949183:body_of_pancreas:0,TP,1
-2.522024,1.0362648,1.0018935,0.9345632,0.22370194,-0.025797248,0.11906788,0.043580864,-0.3056685,-0.46827576,0,chr16:2004036:adrenal_gland:0,TN,0
-2.4086528,-0.41034818,0.8910289,-0.9604558,-0.14195223,0.008281007,-0.33105755,-0.039849732,0.38717255,0.4745935,1,chr9:17531876:esophagus_muscularis_mucosa:0,FN,0
6.6538253,0.7154469,0.8260675,0.425992,-0.3196029,-0.39069027,0.48931333,-0.6819834,0.40091753,-0.15476748,1,chr7:63016031:upper_lobe_of_left_lung:0,TP,1
-1.2536421,3.2882748,-0.20411216,0.23761985,-0.27372798,-0.10641487,-1.128169,-0.050945394,-0.050253335,-0.6839371,0,chr3:71930956:upper_lobe_of_left_lung:0,TN,0
-2.9710085,0.22913897,0.97923225,-1.5079294,-0.32935506,-0.18053368,-0.14722116,0.062352013,0.29173923,0.28758246,0,chr16:33058240:prostate_gland:0,TN,0
5.5497565,-0.35301992,0.48283592,1.0288901,-0.62028825,0.6480878,-0.109064266,-0.31856573,-0.05004231,-0.005217366,1,chr7:1812632:gastrocnemius_medialis:0,TP,1
5.18051,0.5557996,-0.48556295,-0.64909095,-0.1816723,-0.6010303,1.2772679,0.354513,1.0573035,0.4394913,1,chr8:44636977:spleen:1,TP,1
-2.6407416,-1.3199527,0.668983,0.8280879,0.282988,0.16235015,0.876698,-0.29269186,-0.030747063,-0.29699597,1,chr3:75672243:body_of_pancreas:0,FN,0
2.4380958,1.0046307,1.4113969,2.4206529,-0.6832534,0.43817458,0.5559932,-0.5657537,-0.32098097,-0.072710514,1,chr19:2611355:tibial_artery:0,TP,1
0.31645435,1.7742829,0.014946713,0.5748886,-0.8116619,0.9707824,0.07663714,0.42670605,0.44081986,-0.59587574,1,chr2:196068383:transverse_colon:0,FN,0
4.306324,-0.75467014,-0.75211066,-0.16542307,-0.50321954,0.4074771,-0.07480596,0.2304395,-0.21218805,0.9616094,1,chr5:168339955:body_of_pancreas:0,TP,1
6.029847,-0.550981,-0.09082981,-0.2524421,0.36446208,-1.0563501,-0.40769866,-0.34054556,0.31352234,-0.58959574,1,chr19:1037869:transverse_colon:0,TP,1
-2.5008075,1.9359982,0.54977703,0.15553607,-0.4614498,-0.5432139,-0.71162057,0.9534763,-0.044819657,-0.5820376,1,chr8:60233579:gastrocnemius_medialis:0,FN,0
-1.6960564,0.7790004,0.68991673,1.9683002,0.5054064,-0.37614572,0.40540594,-0.40596884,-0.04402893,0.1146129,1,chr11:11622213:transverse_colon:0,FN,0
-2.574983,-0.6313548,1.3646766,-1.9217837,-0.20923664,0.12588574,0.09827873,0.24849772,0.404473,-0.25590628,0,chr1:63896307:body_of_pancreas:0,TN,0
-1.8801305,0.9240611,1.4136364,0.72762585,0.6412553,-0.8960713,0.7807238,0.7893088,0.5068847,-0.28346777,0,chr3:150546348:Peyers_patch:0,TN,0
4.0256724,-0.8423331,-0.92032444,-0.36654252,-1.0672867,-0.10563997,0.8224034,0.052397758,-1.012741,-0.22159606,1,chr8:30230823:tibial_artery:0,TP,1
0.39523545,-3.2037401,-0.62647456,1.6164873,1.4262172,-0.2830848,-0.29542738,-0.12397754,-1.0291232,-0.32285318,1,chr5:132737309:thoracic_aorta:0,TP,1
-3.8490481,-0.6050226,0.54246837,-0.05454853,-0.26586923,-0.10026891,-0.22228464,0.046836387,-0.1405996,0.38115537,0,chr4:153792277:body_of_pancreas:0,TN,0
-3.310161,0.7333268,0.2736791,0.35318658,-0.6189299,-0.6103769,-0.18859495,-0.56682134,-0.39402953,-0.36794496,0,chr20:47677799:prostate_gland:0,TN,0
-3.2510104,1.1409805,0.19315124,0.3551662,-0.6313821,-0.35106736,-0.69567096,0.49199265,0.3779615,0.20048763,0,chr3:32510453:upper_lobe_of_left_lung:0,TN,0
-2.0991962,-1.609148,-0.48061663,-0.48903814,-0.72238517,0.24342799,-0.52444744,-0.72015655,1.177371,-0.17021245,0,chr10:6088262:thoracic_aorta:0,TN,0
-2.6185215,-0.45774937,-0.9562656,-0.7947124,-0.37913623,0.0714236,1.0179085,0.19627534,-0.051933005,-0.3549331,0,chr1:117678181:body_of_pancreas:0,TN,0
-0.896512,1.4709184,-0.51559156,-0.17432792,-0.16208132,-0.8834242,-0.6325219,-0.3895555,-0.25896123,-0.65434223,0,chr1:9466896:body_of_pancreas:0,TN,0
-2.3084197,0.26351702,0.40552115,0.7609125,1.0257572,-1.0778023,-0.16430981,-1.053562,0.09845021,0.76593184,0,chr22:49918733:prostate_gland:0,TN,0
6.5795965,-0.15063262,0.4535716,0.34716877,-0.54544276,-0.216101,-0.14640328,-0.025973009,-0.23715886,-0.15610158,1,chr3:75785609:tibial_nerve:0,TP,1
0.6246641,0.42500347,-0.942593,-0.35686317,1.8651814,1.2288387,-0.622244,0.55364853,0.7580079,0.10891274,0,chr21:44601263:transverse_colon:0,TN,0
1.4372442,-1.7598015,-1.9943265,-1.0185134,0.12705128,-0.37372297,-0.4836054,0.35478666,0.22243206,-0.38858443,1,chr1:143504935:body_of_pancreas:0,TP,1
-3.5420964,-1.5308393,-0.9077427,-1.7830081,-0.6097032,-0.0842547,-0.3911606,0.40045446,0.25080642,-0.05312639,0,chr2:89262782:body_of_pancreas:0,TN,0
-0.9165121,1.3519722,-0.8423605,-0.16603704,-0.040139258,0.7921331,-0.0546262,-0.7860097,1.5212201,0.28445756,0,chr12:14454207:transverse_colon:0,TN,0
4.0502644,-0.07219235,0.38418758,0.3242604,-1.4150633,1.4313031,0.9909722,-0.00804581,0.45035243,0.2059703,1,chr3:172712400:body_of_pancreas:0,TP,1
-2.7224622,-0.31494433,0.14871687,-0.61588126,-0.5002435,-0.09988964,-0.09496958,0.18236311,0.47799164,0.59063023,0,chr3:35965898:prostate_gland:0,TN,0
-2.5597608,0.45092398,1.2463201,-1.1724844,-0.1830778,-0.32445845,-0.35426965,-0.29694647,0.6315198,0.76814234,0,chr1:63965939:body_of_pancreas:0,TN,0
1.1337533,1.7804224,-0.99319017,-0.3713786,1.4844548,0.25793353,0.8398176,-0.6946847,-0.16464946,0.3545967,0,chr15:43826691:upper_lobe_of_left_lung:0,TN,0
1.5218147,-1.5168451,1.177351,1.8382982,0.09881844,0.9358394,0.15644656,-0.3816674,-0.29271957,-0.31623685,0,chr1:111991123:upper_lobe_of_left_lung:0,FP,1
4.696796,-0.9695521,-0.9437079,-0.693291,-0.2812626,-0.07545161,-0.33052063,0.9765771,-0.023418935,0.94677156,1,chr3:103094197:thyroid_gland:0,TP,1
-3.736163,-2.004113,-0.13426146,0.96191823,1.2752432,-0.7637773,0.25156564,-0.36359155,-0.7649552,0.7853851,1,chr9:136728193:adrenal_gland:0,FN,0
-1.17612,0.54627216,-0.6078742,-0.2439368,-1.0063151,-0.3908529,1.3225147,-0.14722285,0.09663327,-0.5367427,0,chr14:72572939:body_of_pancreas:0,TN,0
-3.6917853,-1.761481,0.20552161,-0.29124463,-0.1585727,0.5241384,0.58099407,0.66259617,0.35233894,-0.46104407,1,chr2:36701506:esophagus_squamous_epithelium:0,FN,0
0.3160172,0.70842993,1.735343,-0.495806,1.3588123,0.5801183,0.08928326,1.0078051,1.2213771,-0.7289398,0,chr8:22210567:transverse_colon:0,TN,0
6.5121183,-0.31523383,0.3623534,0.03494825,-0.23290807,0.062580466,-0.4228948,0.025976494,-0.36747652,0.34921935,1,chr7:22550492:thoracic_aorta:0,TP,1
6.2080526,-0.15874109,-0.3023475,-0.53422093,0.65320426,-0.9547968,-0.72451144,0.18040724,-0.22049256,-0.27805653,1,chr15:24767525:thyroid_gland:0,TP,1
6.05194,-0.774183,-0.5152541,-0.61885923,0.2660893,-0.7782573,-0.6276378,0.19229572,-0.007658763,-0.38547337,1,chr8:69248295:prostate_gland:0,TP,1
-0.90791583,-0.006974133,-1.0064473,-0.65153915,-1.0770562,0.06693468,1.285921,0.042107467,0.09552687,-0.35880455,0,chr8:60731508:Peyers_patch:0,TN,0
1.532547,0.71549773,-1.506547,-0.8436258,0.97444195,-0.3478799,0.8554536,-0.16750765,-0.7175823,-0.24002482,0,chr9:113491519:thoracic_aorta:0,FP,1
1.9314952,-1.0645245,-0.5137705,0.23882188,1.1040667,0.014373089,0.39146063,0.4056963,1.1129652,-0.37487888,1,chr19:45678133:esophagus_muscularis_mucosa:0,TP,1
-3.2881997,-0.0030765904,0.247151,-0.5071384,-0.8182617,-0.7547375,-0.3455349,-0.16699868,0.4449839,0.17123939,0,chr4:174222342:body_of_pancreas:0,TN,0
-0.8278411,0.006045128,-1.5322376,0.15761639,2.5562234,-0.48040333,-0.675392,0.7256872,-0.45235285,0.21048424,1,chr18:597094:prostate_gland:0,FN,0
-3.2557127,-1.3671428,0.40583265,-0.5920423,-0.39068073,0.5928807,-0.25896832,-0.8804802,0.032890733,0.19807167,1,chr10:14543432:Peyers_patch:0,FN,0
-3.0879686,-1.6386131,-0.14274281,-1.4447153,-0.09039186,0.14056239,-0.46681598,-0.5956572,-0.6202328,0.1298214,0,chr21:46683136:body_of_pancreas:0,TN,0
-2.628594,1.8450345,-0.30738446,0.12901607,0.6482636,-0.26005647,0.037540544,0.3548739,0.46809465,0.24333611,0,chr16:24749189:body_of_pancreas:0,TN,0
2.5643673,1.4823573,-0.60865486,0.41635916,-1.4161586,0.38772807,0.35926133,-0.29887208,-1.0445123,-0.10885974,1,chr2:196068383:suprapubic_skin:0,TP,1
0.3046038,0.9472734,2.7923148,-0.8927264,1.0614153,1.2663804,0.7766783,0.8686124,-0.7559137,-0.88487905,1,chr1:27556965:testis:0,FN,0
0.3046038,0.9472734,2.7923148,-0.8927264,1.0614153,1.2663804,0.7766783,0.8686124,-0.7559137,-0.88487905,1,chr1:27556965:prostate_gland:0,FN,0
2.7492595,-1.504549,-0.8700157,0.06920458,1.1728345,-0.22265388,-0.6324061,0.016718408,-0.20964539,-0.8117405,1,chr2:46855233:tibial_artery:0,TP,1
6.1125975,-0.28094485,0.5740633,0.686929,-0.009822293,-0.10932423,-0.076813854,0.056933824,-0.731359,0.60342,1,chr15:79896760:body_of_pancreas:0,TP,1
0.33730444,0.93310124,0.58182615,0.52740234,-0.28376585,1.0229663,0.040783383,-0.27133372,-0.25758067,-0.6659806,0,chr11:16881655:upper_lobe_of_left_lung:0,TN,0
-3.4934177,-0.36114907,0.25695196,0.681362,-0.6523525,-0.60601926,-0.22905256,-0.29478252,-0.003649789,-0.14505997,0,chr6:169790103:adrenal_gland:0,TN,0
6.2689977,1.4661599,1.3571142,0.493466,-1.4794774,0.72989464,0.69540185,-0.23784392,-0.32904023,0.41015366,1,chr6:43386692:esophagus_squamous_epithelium:0,TP,1
-0.7184552,1.179609,-1.6729048,-0.63701576,-0.9255965,-0.03343345,1.0750486,-0.05800275,-0.029003557,0.07040925,0,chr19:12426576:body_of_pancreas:0,TN,0
2.0377076,-1.7090228,-0.37449044,1.315842,1.2888576,0.39878362,0.18278785,-0.6598772,-0.016796025,-0.7312167,1,chr19:1512093:upper_lobe_of_left_lung:0,TP,1
-0.48553392,1.0826424,-1.4846095,-0.42068872,1.1069554,0.106084764,0.9719432,1.132556,1.0309412,0.7953456,1,chr20:28507029:sigmoid_colon:0,FN,0
6.1126924,-0.9927192,-0.24175486,-0.17350937,-0.33945683,0.04029035,-0.69819754,0.06778765,0.09028486,-0.15154731,1,chr2:86221296:thoracic_aorta:1,TP,1
0.0048732967,1.5955346,-1.2512864,-0.15252596,-0.7090412,0.4935241,0.105301924,0.123995125,-0.3772639,0.2603586,1,chr7:134519810:body_of_pancreas:0,FN,0
5.525603,-1.0334978,-0.6208611,-0.4870932,0.48676693,-0.5356535,-0.6079594,0.17499903,0.3131803,-0.20114982,0,chr9:129437243:transverse_colon:0,FP,1
-1.9808602,-0.16737859,1.7379951,-1.2172744,0.6876351,0.7282271,-0.58272856,-0.7628324,0.09900317,0.1587271,1,chr6:131199853:transverse_colon:1,FN,0
-0.2742632,1.0020323,0.6768373,-0.933627,0.39023158,-0.5377469,0.7154989,1.2934823,0.854612,-0.46493244,0,chr2:9139756:transverse_colon:0,TN,0
-0.7632864,0.44195068,-0.6319397,0.88609356,-1.5482757,0.75791895,0.8630302,-0.19687293,-0.37358937,-0.5224036,0,chr19:51473170:tibial_artery:1,TN,0
0.7252278,0.57117397,0.53599507,-0.30271918,0.3107274,1.8382769,-0.7920377,-0.30581054,-0.46367005,0.45023292,0,chr1:9251444:upper_lobe_of_left_lung:0,TN,0
-2.5239596,0.46676064,1.0476236,0.298838,-0.7464837,-0.036714718,-0.4945307,-0.3118876,0.23822445,-0.0040145717,0,chr20:40968996:omental_fat_pad:0,TN,0
-2.0613928,0.43082324,0.84604394,-0.031372756,-0.06704675,0.35244372,-0.5890305,-0.11805809,0.51328534,0.117355675,0,chr8:125432545:gastroesophageal_sphincter:0,TN,0
-3.3094814,-1.0327525,0.9629795,-1.249503,0.10782112,-0.2192006,-0.21698213,0.5735132,0.066340156,0.5997131,1,chr9:127348292:adrenal_gland:0,FN,0
-3.6487331,-2.0715413,0.4712194,-1.7199477,-0.60181165,0.18341295,-0.5247283,-0.5831213,-0.86883295,0.27803573,0,chr6:22413833:thoracic_aorta:0,TN,0
1.4389848,1.3554946,-0.7672107,0.37029833,-1.1310264,1.2681627,0.19782084,-0.23818417,-0.8656759,1.3303896,0,chr19:8354017:transverse_colon:0,TN,0
6.6652884,0.5429605,0.8197596,0.24302037,-0.23257157,-0.75683,0.37823328,-0.61360943,0.24708605,-0.5060953,1,chr7:63016040:adrenal_gland:0,TP,1
5.8912773,-1.0468832,-0.2692044,-0.33750793,-0.19890004,0.09658146,-0.18240663,0.38522533,-0.32051966,-0.27468887,1,chr7:142776507:thoracic_aorta:0,TP,1
-3.0516288,-0.011603488,0.7977671,0.7307906,0.5445523,-0.018395584,-0.03660607,0.46893418,0.54943717,0.2685707,1,chr6:32665287:upper_lobe_of_left_lung:0,FN,0
-3.165785,1.0784199,0.6159876,-0.22502834,-0.69429225,-0.13935098,-0.719297,0.00083680695,0.021427365,-0.03161582,0,chr17:37488552:upper_lobe_of_left_lung:0,TN,0
5.7291927,-0.96291953,-0.5161595,-0.55418944,0.13947614,-0.77154046,-0.7302669,0.3279291,-0.1593233,-0.47333393,1,chr10:36190244:prostate_gland:0,TP,1
-2.0588586,-0.09554874,-0.050510608,-0.7689617,-0.38241556,-0.4462581,-0.5188942,-0.29291883,1.1479303,0.2664909,0,chr2:73360584:prostate_gland:0,TN,0
-3.2205343,-0.06640695,0.025441773,0.36240625,-0.103718705,-0.61428624,0.28023717,0.04454584,-0.4261745,0.41067362,0,chr3:127455641:prostate_gland:0,TN,0
-2.2724495,-1.0826075,0.7917692,-2.039736,0.56469315,0.8387269,0.23075308,-0.5248775,-1.297892,-0.2179974,0,chr9:127955840:upper_lobe_of_left_lung:0,TN,0
0.0059949984,2.0011706,-0.77875984,0.33739835,-0.18809843,-0.3922716,0.772531,-0.6213778,-0.69019365,-0.7030633,0,chr20:35598594:body_of_pancreas:0,TN,0
-2.0956657,-0.54754746,1.6145687,-1.2778867,0.15624982,0.2515422,-0.20586714,-0.5254944,0.02305339,-0.018073088,0,chr5:136058064:tibial_artery:0,TN,0
-2.9297047,-0.4810808,0.8763421,-1.472439,-0.7715217,-0.1947862,-0.09461852,-0.057336774,-0.20336162,0.13717943,1,chr6:106223515:transverse_colon:0,FN,0
6.6081,-0.2868395,0.20668393,-0.09550405,-0.2690054,-0.30559283,-0.47110966,0.03920262,-0.25833687,0.118334346,1,chr7:22550492:spleen:0,TP,1
-3.779441,-0.83333457,-0.45050997,-0.7041506,-0.9262651,-0.090073675,-0.008090962,-0.33975545,-0.16746294,0.34067512,0,chr6:53171827:spleen:0,TN,0
0.3143813,1.8399509,-1.013732,-0.7569144,1.137928,-0.19792059,-0.4314772,-0.857073,0.010403238,-0.403024,1,chr20:47494439:sigmoid_colon:0,FN,0
3.9030473,-0.03956863,-0.33074263,-0.047408856,0.12280012,1.1800282,-0.9202861,0.59122384,0.10550515,2.1309755,1,chr19:21484173:sigmoid_colon:0,TP,1
-2.9522076,-0.6133922,0.5209057,-1.1802089,-0.546508,0.48229143,-0.66592735,-0.54985833,-0.6838245,-0.047518313,0,chr16:89641687:thoracic_aorta:0,TN,0
6.943881,0.6987384,0.6774722,-0.2741021,-0.5137731,-0.35109168,-0.34311327,-0.10175923,0.3420335,0.1594001,1,chr1:13277261:transverse_colon:1,TP,1
6.573256,-0.14878377,0.13770345,-0.53272474,-0.52202857,-0.24745677,-0.32142556,0.12806939,-0.023385495,0.19270118,1,chr2:86221296:tibial_artery:0,TP,1
-2.9260576,0.70678777,1.493825,-0.57017803,-0.1763551,-0.5631616,0.082297,0.5504615,-0.24502532,0.22188734,0,chr5:44809059:prostate_gland:0,TN,0
-1.336994,-0.7848571,-0.6934253,0.3240103,1.017985,-0.9194335,-0.062824786,-0.2078283,0.46505082,-0.46138382,0,chr19:17283115:upper_lobe_of_left_lung:0,TN,0
-1.4436866,0.57335824,-0.53962743,-0.2961066,0.097629406,-0.3207005,0.3775614,-0.7629983,-0.34622878,0.30144566,1,chr17:61312058:sigmoid_colon:0,FN,0
6.1411824,0.8099071,0.059324745,-0.7060607,-0.21516326,-0.81351507,0.5260055,0.27191147,0.79287684,0.7600151,1,chr8:45161471:spleen:0,TP,1
1.1522883,1.6812389,-0.3993548,1.334657,-0.3098743,0.5135637,-0.1861927,-0.18889841,-0.5370804,0.12537587,1,chr19:45427778:prostate_gland:0,FN,0
-2.5368805,1.7865056,-1.3193781,-0.41515267,0.31067312,-0.1742147,-0.6964873,0.27369225,-0.90287143,-0.064949535,0,chr11:111429318:gastrocnemius_medialis:0,TN,0
-1.0907397,1.9919289,-1.5354689,-0.67858124,-0.087547354,0.029354606,-0.040219612,0.123413995,-0.33092827,-0.2531187,0,chr7:11976725:body_of_pancreas:0,TN,0
-2.9943278,-0.88644874,0.7474396,-0.8174122,-0.20551708,-0.07078079,0.024453653,0.8572979,0.6125307,0.03531852,1,chr9:17531876:transverse_colon:0,FN,0
2.6091776,-1.447619,-0.8555987,0.10508153,-0.28896555,-0.037786905,-0.01689634,-0.22756416,0.07025877,-0.9085174,1,chr4:75289967:spleen:0,TP,1
-1.4516779,0.5236958,2.4087615,-2.3427904,0.43877175,0.45731547,-0.25562492,-0.7260544,-0.72375053,0.18758024,0,chr15:91142292:Peyers_patch:0,TN,0
-3.0067704,-3.4155393,-2.1504018,0.015118196,-0.6500682,0.06539608,-0.26764858,-0.22008853,0.89880496,0.065968275,0,chr9:68342712:thoracic_aorta:0,TN,0
-3.9336162,-2.9102447,-0.9009176,0.89832324,-0.3584085,-0.6389423,0.7247303,0.0791596,-0.49220714,-0.07270525,0,chr16:10744055:tibial_artery:0,TN,0
2.7888634,1.7506692,-0.68030804,-0.45655686,0.40614054,-0.2020971,1.858592,0.08357461,1.3427235,1.2890639,1,chr8:44636977:esophagus_squamous_epithelium:0,TP,1
-1.4532214,2.842546,-0.58071196,0.3774012,-0.8057929,-0.53330904,-1.3536556,0.122002326,0.021722948,-0.6607793,0,chr7:4479690:transverse_colon:0,TN,0
-3.3294702,-0.30758303,0.76148725,-0.6255488,-0.43396422,-0.06057963,0.0008723495,0.4070534,0.0882497,0.13978614,1,chr2:88880497:esophagus_squamous_epithelium:0,FN,0
5.339026,-1.6376091,-0.19551577,0.37077653,-0.34558868,0.4637975,-0.560145,0.3636026,0.18025273,-0.16353633,1,chr6:29705705:tibial_artery:0,TP,1
-2.4781337,0.34744895,1.9201701,-1.2796123,0.55484635,0.20362075,-0.22965981,-0.33959305,-0.38087723,0.33026186,0,chr14:106061994:body_of_pancreas:0,TN,0
-3.2211523,-1.4218473,0.14266677,0.6052387,0.32818598,-0.47669092,1.1419617,0.8864448,-0.008819624,-0.04235701,1,chr12:10213267:tibial_nerve:0,FN,0
-3.489839,-0.7496527,0.5270309,-0.48956,-0.47942424,-0.19270761,-0.8204015,-0.19494404,0.3496202,-0.019641008,0,chr9:13034420:testis:0,TN,0
-0.72353935,0.14946465,0.97788745,0.6079209,-1.1506971,0.79376465,0.8808893,-0.35734552,0.5929428,-0.38156262,0,chr13:33542012:thoracic_aorta:0,TN,0
-1.96276,1.6425911,-2.1571147,-1.1197315,0.5095991,0.06558333,0.69462925,0.6250003,-0.3844514,0.9809897,0,chr4:90804298:body_of_pancreas:0,TN,0
4.4983535,-2.1838877,-0.6733643,0.2691356,-0.6504726,0.15222612,-0.42266956,0.2330891,-0.13411477,-0.7860086,1,chr7:142463889:prostate_gland:0,TP,1
-3.7967558,-1.5070759,0.25383297,-1.2760905,-0.41271186,-0.14093584,-0.70012534,-0.56913334,-0.10591201,0.53950846,1,chr1:230216168:tibial_artery:0,FN,0
-1.119974,3.0209317,0.0038193008,0.20617585,-0.4829874,-0.30823475,-1.0003686,0.27773705,0.017073134,-0.4775373,1,chr15:78860534:Peyers_patch:0,FN,0
6.699229,-0.46151042,0.28987896,-0.45749706,-0.40259168,-0.27904665,-0.109215,0.25076416,-0.27724874,0.65829754,1,chr3:81292180:thyroid_gland:0,TP,1
-2.7773676,0.2710553,-1.4346976,-0.5149243,-0.11112521,-0.22117612,-0.24348602,-0.50627095,0.012861648,-0.20933504,0,chr6:32692044:adrenal_gland:0,TN,0
-2.876596,-0.74581754,0.8837846,-1.7066191,-0.50759274,0.030131325,0.64194983,1.1110749,0.14069253,-0.32037845,1,chr3:114540521:body_of_pancreas:0,FN,0
-3.3442583,-1.6821721,0.8416288,-1.2609881,-0.17727335,0.58512264,0.032868516,0.54582053,-0.46468443,0.17161767,0,chr1:203340487:esophagus_muscularis_mucosa:0,TN,0
-0.8895032,1.7802902,-0.75498635,-0.03208386,-0.09730465,-0.185904,-0.24815498,0.20660482,-0.9684077,-0.31510752,0,chr2:11829237:thoracic_aorta:0,TN,0
6.73283,-0.4170972,0.1179409,-0.41955268,-0.5121028,-1.1026756,0.07010095,-0.10978162,-0.3075864,0.0021047553,1,chr17:22909996:omental_fat_pad:0,TP,1
-1.4077109,2.5978622,-0.15059793,0.4974836,-0.62656206,-0.55611104,-1.013892,0.5173689,-0.21248749,-0.69942796,0,chr1:44655842:transverse_colon:0,TN,0
-2.1985614,-0.33307123,1.4313779,1.1084459,1.0470766,-0.12950473,0.1718018,-0.2076086,-0.5460913,0.29198265,1,chr19:56120808:transverse_colon:0,FN,0
1.5599436,-0.44576278,-0.9627037,-0.33436203,1.1097317,0.482054,-0.9250963,0.0646464,0.10356083,-0.3214019,1,chr18:12089248:body_of_pancreas:0,TP,1
-1.4616863,0.15401702,-0.9482096,0.66475505,0.36161748,0.44792485,0.94771487,-0.39098734,-0.3130923,0.31237984,1,chr19:8396778:upper_lobe_of_left_lung:0,FN,0
-2.3749378,-1.5289536,0.19174671,2.1434758,1.29902,-0.500251,0.37814575,0.7291323,-0.15251936,-0.3605783,1,chr7:100894790:transverse_colon:0,FN,0
-3.0775342,0.8661218,0.33586302,1.4983541,-0.22267355,-0.7112491,-0.4690353,0.5791421,0.17691559,-0.0730938,0,chr1:112955660:body_of_pancreas:0,TN,0
-2.9162247,0.47066358,1.1479714,0.51945686,0.005199637,-0.7770131,-0.18226647,-0.2990151,0.16344164,0.3531985,0,chr12:12357162:esophagus_squamous_epithelium:0,TN,0
-3.1471624,-1.7894393,0.9643145,-0.04607985,0.6176655,-0.34617355,0.48569795,-0.06262068,-0.58471894,0.20569952,0,chr14:104137797:transverse_colon:0,TN,0
-2.1010144,0.9683301,-1.6774338,-1.1189318,0.7969844,0.03987104,0.6894008,0.470711,-1.0367647,0.21966945,0,chr19:53793516:body_of_pancreas:0,TN,0
-3.233908,-1.1244482,-0.34911448,-0.3779142,-0.24477255,-0.20399761,-0.6490433,-0.22659789,0.62023395,0.5527636,1,chr9:17531876:gastroesophageal_sphincter:0,FN,0
5.6106396,-0.035762433,-0.16510023,-0.11192819,0.27420267,-0.4265425,0.60397905,-0.30979282,0.21640757,0.43400568,1,chr14:30690707:transverse_colon:0,TP,1
-0.9911618,-0.45491993,1.7812669,-0.9078735,1.8745275,0.7601357,0.8091315,0.8608521,-0.7411767,-0.76032245,0,chr7:2064001:esophagus_muscularis_mucosa:0,TN,0
-3.0642185,0.1495249,-2.8092947,-0.72826236,0.621981,-0.091944695,-0.31319702,1.0797602,-0.94818646,0.47435942,0,chr10:29337841:body_of_pancreas:0,TN,0
4.925098,-2.0401833,-0.5927073,0.010703138,0.08369523,-0.48745236,-0.5581882,0.28145206,-0.6857608,-0.36373582,1,chr9:61668518:prostate_gland:0,TP,1
1.2787731,0.854291,-0.6119288,-0.9812797,-0.12447791,0.42918065,0.60894036,0.68644315,1.349406,-0.32010314,1,chr4:69335395:body_of_pancreas:0,TP,1
-2.400072,-0.5172182,1.4176025,0.8268082,1.1539565,-0.5418607,0.1953204,-0.23006128,-0.41142216,0.7020068,0,chr8:11868003:tibial_nerve:0,TN,0
6.7970543,0.649194,0.6665467,-0.013493679,-0.46746314,0.05746442,-0.24039721,-0.0060695456,0.016325304,0.6977822,1,chr7:22550492:gastrocnemius_medialis:0,TP,1
5.9285316,-0.81555325,-0.19788617,-0.38012174,0.4843953,-0.6329464,-0.6179188,-0.15739377,0.20588665,-0.56368554,1,chr16:85086903:thoracic_aorta:0,TP,1
-1.5273765,0.5699771,-0.21131217,-0.16552056,0.77385056,0.4979492,-0.05011909,1.2759145,1.2430217,0.4456426,0,chr5:616644:transverse_colon:0,TN,0
-2.9401102,-0.1868724,0.8025542,-1.5514277,0.086534224,0.36143303,-0.54611903,-0.25427848,-0.07903778,-0.079217665,1,chr12:87953379:Peyers_patch:0,FN,0
-1.7211785,1.6561978,-0.7632184,0.14113788,-0.49851885,-0.7287625,-0.320792,0.90297484,-0.5760977,0.0734497,0,chr11:6706236:prostate_gland:0,TN,0
-1.4449316,1.1404557,-0.0478913,0.9754572,-0.3287731,0.74100554,-0.54357505,-0.21572663,0.76611274,0.03652282,1,chr12:1922226:spleen:0,FN,0
1.2334894,2.439982,-0.56350416,-0.15811124,-0.64194053,0.44125152,0.7158873,-0.81151956,0.63720375,0.6636573,0,chr18:72028983:body_of_pancreas:0,TN,0
-3.4973218,-0.119377844,0.09100932,0.21805239,-1.2165779,-0.89260733,-0.3223508,-0.22223094,0.06120045,-0.20880997,0,chr6:32622456:upper_lobe_of_left_lung:0,TN,0
5.611416,-0.49350008,-0.17644893,-0.19541723,-0.31933498,-0.21353646,-0.2355678,0.3334167,-0.26575252,0.6822327,1,chr19:4352840:Peyers_patch:0,TP,1
-1.0634892,1.739784,-0.717001,-0.045982886,0.4744979,-0.1744817,0.10819622,-0.15517384,0.21308713,0.09297154,0,chr11:68395490:body_of_pancreas:0,TN,0
-3.6579423,-1.2672919,0.7678297,-1.0460421,-0.39550927,-0.10227204,-0.40035993,0.45753986,-0.06755546,0.51895607,1,chr3:16550863:body_of_pancreas:0,FN,0
5.1199718,-0.78507817,-0.16513437,-1.0248821,0.2521567,0.13036159,-0.60407156,-0.33665416,0.0036630183,-1.207672,1,chr7:142752505:body_of_pancreas:0,TP,1
-1.6197511,0.90746343,-1.214701,0.044484284,-0.027747074,0.98922163,-0.5786663,-0.5962327,1.6345807,0.67293614,1,chr6:53956277:transverse_colon:0,FN,0
-2.8885567,-0.33539176,1.5322684,-0.8376262,-0.018771838,0.1598051,-0.11047977,0.7832629,0.04668326,-0.3425552,0,chr9:64877929:transverse_colon:0,TN,0
-3.2054949,-1.6025482,0.017136643,1.0320357,0.28114983,-0.77509344,-0.09706945,-0.30964386,0.046640042,0.7015769,0,chr17:45584815:esophagus_squamous_epithelium:0,TN,0
-1.0192217,0.22332443,-1.2026049,0.3758956,2.2584424,-0.3007912,-0.5519317,0.46124983,-0.7938446,-0.040187016,1,chr18:597094:esophagus_squamous_epithelium:0,FN,0
-1.8136762,1.3307278,-2.3123238,-0.6742899,0.2825772,0.29316598,0.36556357,0.9222532,-0.9527719,0.30428776,0,chr15:86477922:gastroesophageal_sphincter:0,TN,0
-3.6552463,-1.664181,-0.17651916,1.3956697,-0.059249904,-0.65429753,0.25153634,-0.30620033,-0.66493523,2.6796097e-05,0,chr2:3558387:lower_leg_skin:0,TN,0
-1.3673952,2.5675683,-1.4663827,-1.0130355,0.36918694,-0.0190152,0.18281753,0.71285015,-0.81767863,0.28769812,0,chr7:35653744:prostate_gland:0,TN,0
-2.8946917,-0.52786434,-0.17742428,-0.18010196,-0.32822803,0.16416535,-0.2891984,-1.2522974,0.21031687,-0.068965755,0,chr16:53093934:transverse_colon:0,TN,0
6.443662,-0.41545373,0.16600212,-0.19729537,0.16126694,-0.9256745,-0.25665736,-0.0817623,-0.10103401,-0.30156627,1,chr8:38057146:Peyers_patch:0,TP,1
-2.5133624,0.41807485,1.2206827,0.88517594,0.3609526,-0.8404308,0.0207907,0.6680406,0.7200598,0.4541347,0,chr1:6603493:upper_lobe_of_left_lung:0,TN,0
-2.3579652,1.4679483,0.9379968,1.1293731,0.07473491,-0.39584616,0.089574486,0.5075325,0.4747409,-0.21586096,0,chr9:81690044:body_of_pancreas:0,TN,0
-3.6486206,-0.43873632,0.5050757,0.39952144,-0.6267535,-1.1790419,-0.14404373,0.28441688,0.11776,0.585508,0,chr19:18192987:spleen:0,TN,0
-1.6305606,0.9252733,0.29108566,-1.3162532,0.5424735,-0.2904611,-0.57004786,-0.43106437,-1.248877,-0.17605975,0,chr15:82444016:gastroesophageal_sphincter:0,TN,0
0.61220825,-0.77729607,0.8579686,-0.5966208,-0.026748173,-0.2964593,0.11928739,-1.0297849,0.07865862,-0.34968716,0,chr4:15478857:adrenal_gland:0,FP,1
6.9973383,-0.17683712,0.39600402,-0.35113835,-0.27121955,-0.944291,-0.39153543,0.012111473,-0.40770373,0.10798245,1,chr3:75785419:thoracic_aorta:0,TP,1
5.5401998,-1.5440836,-0.114344016,0.3900716,-0.20513858,0.36171052,-0.4557338,0.30647543,-0.14350568,-0.124931715,1,chr6:29705705:thoracic_aorta:0,TP,1
-0.8601614,2.1861868,-0.4351374,-0.16071512,0.31549144,0.43935904,-0.034106996,-0.45178977,0.47015733,-0.17480311,0,chr11:76920284:sigmoid_colon:0,TN,0
-3.885648,-0.17674348,-1.3084298,-0.5052134,-0.87483317,-0.67013484,-0.3228458,-0.086631335,-0.1374791,0.218087,0,chr6:147285258:testis:0,TN,0
5.0052853,-1.1695606,-0.36400795,-0.15289629,0.87102324,-0.8842305,-0.043801222,0.029352255,0.26390815,-0.947429,1,chr7:100965903:Peyers_patch:0,TP,1
-4.374804,-1.4201415,-0.24167049,-0.41972846,-1.2402736,-1.167718,-0.33372837,0.12854831,0.044168137,0.40566814,0,chr18:32549320:prostate_gland:0,TN,0
0.36093917,-1.3472842,0.32652006,1.7977871,0.66457593,0.23103178,0.63200337,0.06361206,-0.19814548,0.9025917,1,chr5:177133842:tibial_nerve:0,FN,0
6.7148643,-0.2734794,0.18805754,-0.49397588,-0.4261194,-1.1247462,-0.010522395,-0.14737701,-0.119950086,0.007270617,1,chr17:22909996:stomach:0,TP,1
-1.1939662,0.4512636,-0.5045885,-0.43657964,2.19918,0.04505806,-0.80661047,0.08386035,0.64229906,0.6362336,1,chr3:183116478:transverse_colon:0,FN,0
-2.2588356,0.930137,0.66818947,-0.12657556,-0.5560957,-0.52659,0.061657034,1.33466,0.53376245,0.21855633,0,chr22:10673306:suprapubic_skin:0,TN,0
5.359218,-1.4706887,-0.46666005,-0.018954268,0.6040441,0.07859642,-1.0159339,0.36707342,0.11244448,-0.45734814,1,chr3:75785357:testis:0,TP,1
-2.2262893,-1.1135228,-1.1805886,-0.63360167,-0.16617697,-0.13628507,0.5428663,-0.033503424,0.1065919,-0.21734601,0,chr10:86439730:adrenal_gland:0,TN,0
-2.3826535,-1.2736616,1.1742185,-2.2087305,-0.25219092,0.23022886,0.48062956,1.2028768,-0.45887974,-0.24919675,0,chr2:102839798:prostate_gland:0,TN,0
-1.5100678,-1.0430037,-0.13849138,0.8640411,-0.6873893,-0.13093908,0.7648672,-0.13191815,0.8355001,-0.6073652,0,chr3:37242935:tibial_nerve:0,TN,0
3.3934937,-1.3026228,-0.31617522,-0.95171905,0.21792386,-0.0064194524,1.091336,0.35666984,0.03099246,-1.0995907,1,chr10:47381118:body_of_pancreas:0,TP,1
-2.6973805,1.2154211,-0.46466532,0.52078235,-0.12078942,-0.4452716,-0.24202642,-0.75262576,0.43975425,0.21358109,0,chr10:43667279:suprapubic_skin:0,TN,0
-1.2408689,2.3156312,-1.4027578,-0.6186082,0.9107362,0.082762666,-0.124026805,-0.108869426,-0.55126816,0.43503666,0,chr16:1812722:transverse_colon:0,TN,0
-1.9279351,-1.0259675,0.44682607,0.14202997,0.67311424,0.06990056,0.027599685,-1.5365034,-0.6673983,-0.049566425,0,chr11:118145352:transverse_colon:0,TN,0
-1.2547526,-2.0920818,0.051469706,1.725235,1.5752047,-0.7168286,0.47101662,-1.2702887,-0.49587935,0.41475087,1,chr8:28701937:prostate_gland:0,FN,0
-2.876598,0.52320004,-1.0059881,0.21020156,-1.0141896,-0.6354967,-0.24535854,-0.3190889,0.12334482,-0.044591766,0,chr2:225002373:sigmoid_colon:0,TN,0
-1.7690983,-0.61904526,0.6926587,2.1293254,1.1485958,-0.38101634,0.27770296,-0.32130265,-0.13656498,0.28913912,1,chr11:32892862:tibial_nerve:0,FN,0
-2.1710145,2.1241727,-0.32567546,0.88681513,-0.49472338,0.05513673,-0.28817195,0.0019127785,0.25504032,-0.6884009,1,chr16:4548780:adrenal_gland:0,FN,0
-3.7811606,-0.7173821,0.62417203,0.32223293,-0.5999016,-1.2261549,-0.26098827,-0.058062527,-0.1444194,0.413502,0,chr19:18192987:esophagus_muscularis_mucosa:0,TN,0
5.459443,-1.0288206,-0.6435086,-0.5475247,0.5902838,-0.6267728,-0.6755858,0.18707213,0.34064886,-0.112034835,1,chr9:129437243:Peyers_patch:0,TP,1
-3.618087,-2.6437812,-0.19837657,-1.9826516,-0.6495674,0.025058039,0.25699192,0.5964887,-0.3922502,-0.24014735,0,chr7:26369037:esophagus_muscularis_mucosa:0,TN,0
-1.097215,-0.12668714,1.1857023,-1.7761284,-0.051023226,0.46989352,1.1934898,1.4525973,0.61886823,-0.993214,0,chr1:63575748:gastrocnemius_medialis:0,TN,0
-2.1928349,-0.63700813,1.6865507,-0.7601631,0.854101,0.60063064,0.64749295,0.12922414,-0.37528935,-0.21945775,1,chr1:202006221:transverse_colon:0,FN,0
-1.492604,2.0120585,-0.9316019,0.66433823,-0.4860873,-0.45081946,-0.82321817,0.18166772,-0.41617674,-0.6571726,0,chr17:55526730:tibial_nerve:0,TN,0
-2.760801,-1.2042769,1.0523121,-1.7777659,-0.043012552,0.39999774,-0.07948503,0.31646833,-0.29648396,-0.3611089,1,chr9:17531876:prostate_gland:0,FN,0
5.720602,-0.029994588,0.08711016,-0.2582156,1.2303438,-0.35217026,-0.27455577,-0.21571812,0.12012824,-1.0711242,1,chr16:75234163:thoracic_aorta:0,TP,1
0.7081106,1.067739,-1.4458672,-0.78992563,0.73264277,0.13673621,1.0176734,-0.60001093,-0.37838572,0.08517573,0,chr7:75671027:upper_lobe_of_left_lung:0,TN,0
-2.5748105,1.0792241,-2.1115777,-0.6844305,0.36627996,0.13127677,-0.15541562,0.4353672,-0.10300654,0.34211728,0,chr7:71222150:gastroesophageal_sphincter:0,TN,0
-2.3733606,0.028022647,1.2455263,-0.15612012,-0.43492395,0.07690469,0.18581246,0.736047,0.54580235,0.37222496,0,chr18:35386084:gastroesophageal_sphincter:0,TN,0
-2.1211822,2.0802715,1.754422,0.009259477,-0.18215959,-0.13848332,-0.32867277,0.9359902,-0.009229997,-0.20885551,0,chr17:48556597:thoracic_aorta:0,TN,0
-0.46810427,-0.4718465,-1.7598563,-0.11587176,-1.1220918,-0.37373915,0.5619139,-0.19634473,-0.78299326,-0.0016652265,0,chr8:101575030:Peyers_patch:0,TN,0
4.7208,0.20384945,1.2745155,1.0195562,-0.57251394,1.2819219,-0.38945806,-0.5403778,0.3572609,-0.22695175,1,chr2:96533513:thoracic_aorta:0,TP,1
-2.738251,-0.6491643,1.4777617,0.558751,0.7319814,-0.17817494,-0.26102838,0.1155523,-0.66733843,-0.0711353,0,chr4:41216732:gastroesophageal_sphincter:0,TN,0
-1.2780794,2.2709193,-0.99722505,0.22806458,0.73726237,0.049712647,-0.05706163,0.0772963,-0.6143916,0.25319397,0,chr12:32060676:tibial_artery:0,TN,0
0.16392624,1.9410629,-1.0043488,0.8333023,-0.62374663,1.6064326,0.053576563,-0.0906509,-0.31990135,0.28800094,1,chr19:45427778:tibial_artery:0,FN,0
-2.7380621,-0.40040216,-0.24727146,0.011899333,-0.9536198,-0.2646924,0.6071267,-0.33292007,-0.68595976,-0.18411924,0,chr8:54166457:prostate_gland:0,TN,0
-2.8385391,-1.0466917,-0.19585843,1.8312074,1.613193,-0.75434315,0.20075984,-0.33724377,0.5810079,0.8654296,0,chr8:143771613:upper_lobe_of_left_lung:0,TN,0
-3.2535083,-0.38491815,0.21946512,0.71318436,-1.1267574,-0.25461406,-0.43043706,-0.39269185,-0.5724158,-0.1008062,0,chr5:108748411:body_of_pancreas:0,TN,0
-2.489445,0.08948791,0.7602542,1.5341567,1.0783484,-0.8728759,-0.15868495,-0.43216628,0.31988674,0.13283028,0,chr18:74598412:tibial_nerve:0,TN,0
6.465461,-0.4791,0.27016073,0.35282353,-0.3159353,0.013690652,-0.57877684,0.18997867,-0.16494976,0.19207563,1,chr17:45585364:gastrocnemius_medialis:0,TP,1
6.1373296,1.1445564,1.265738,0.55034715,-1.377698,0.66663516,0.86852366,-0.18639795,-0.32968795,0.5329013,1,chr6:43386692:body_of_pancreas:0,TP,1
4.9920297,-0.84785986,0.12345327,-0.26640674,-0.40581095,0.70106775,-0.09904402,0.8304171,0.33262324,-0.42030573,1,chr11:86939404:body_of_pancreas:0,TP,1
-1.1557648,1.5806973,-1.5823702,-0.072232135,0.7704943,0.46646696,0.4446129,0.068203166,-1.1829259,0.4938419,1,chr17:45234687:body_of_pancreas:0,FN,0
-3.850289,0.6463496,-0.94810736,0.5082925,-0.49869332,-0.42062768,-0.31151783,-0.63702625,-0.07853341,-0.0719811,0,chr16:57591317:Peyers_patch:0,TN,0
-1.7566841,-1.1153666,-0.54258084,-0.93901616,0.48857644,-0.11438598,-0.079733275,-1.1328075,0.2945342,-0.58150876,1,chr6:137697537:upper_lobe_of_left_lung:0,FN,0
-1.2888718,-0.123714864,0.4565921,0.9476714,1.1050652,-1.0334423,0.22962953,0.38395992,0.46492857,0.089300744,1,chr5:36241819:thoracic_aorta:0,FN,0
-1.9221154,-0.11485252,1.3428452,-0.6818709,0.9659506,-0.25300187,0.6476249,-0.42473316,-0.50761914,-0.21330345,0,chr17:82698739:upper_lobe_of_left_lung:0,TN,0
-1.3388228,0.27026477,-2.391298,-0.08160564,-0.743606,0.76532984,0.11833675,0.20728268,-0.20918965,0.02226966,0,chr16:25261909:body_of_pancreas:0,TN,0
6.4553266,-0.6841743,-0.13841596,-0.41628984,-0.17045298,-0.868405,-0.35924348,0.08392662,-0.64141995,0.1273224,1,chr6:31374359:gastroesophageal_sphincter:0,TP,1
2.0356905,2.438539,-0.7158899,0.1839451,-0.3510166,0.4553251,0.6469163,-0.3467141,-0.55900526,-0.13841523,0,chr21:8337478:transverse_colon:0,FP,1
-0.46077946,2.0030777,-0.48978668,-0.5671856,0.6192174,0.4283198,0.17189786,-0.20223325,1.2584215,0.19095004,0,chr7:107814719:body_of_pancreas:0,TN,0
-3.7947166,-2.642012,0.2569759,0.21684045,-0.5553962,0.085743025,0.389389,-0.21209073,-0.29318428,-0.16460449,1,chr17:80891370:tibial_artery:0,FN,0
-2.2136233,0.28186163,2.1443384,-1.6775695,-0.52874124,-0.6321407,0.21922338,0.70550036,-0.012640911,-0.090620995,0,chr3:113577845:prostate_gland:0,TN,0
6.2431765,0.79049456,0.09759097,-0.79583824,-0.051931124,-0.8694852,0.62253773,0.2700715,0.6386028,0.5575599,1,chr8:45161471:prostate_gland:0,TP,1
-3.5305047,-1.0457741,0.84256124,-0.5728245,-0.4228548,-0.43623966,0.285214,0.26369524,0.31708303,0.18425289,0,chr12:50765356:suprapubic_skin:0,TN,0
1.0682664,2.5334065,-0.73566204,0.78565425,0.1956323,1.040334,0.30652854,-0.018859418,-0.81351,0.1810471,1,chr19:45427778:body_of_pancreas:1,FN,0
-3.3348682,-1.6185212,-0.1388571,-0.29248127,-0.67346495,-0.6430954,-0.09098184,1.5107296,0.7442801,0.5077706,0,chr2:102839798:esophagus_muscularis_mucosa:0,TN,0
-2.092511,-0.057233352,1.2974937,0.282354,-0.03678486,-0.23579596,0.16025004,0.6835303,0.2642147,-1.0299697,1,chr5:149431239:prostate_gland:0,FN,0
-1.5388018,1.0543318,2.6881258,-1.4047066,0.089833684,0.5365706,0.3452373,0.34305146,-0.38955018,-0.3673428,0,chr14:20681770:adrenal_gland:0,TN,0
-2.3719378,-0.42307582,2.0350575,-2.0134525,0.25937873,0.59234816,-0.285215,-0.13029337,-1.0385492,0.4120169,0,chr9:70113868:body_of_pancreas:0,TN,0
6.3079014,-0.7992744,0.07617503,-0.08911241,-0.16779698,-0.25010386,-0.41885576,0.21511196,-0.41798827,0.029010894,1,chr7:22550492:gastroesophageal_sphincter:0,TP,1
2.519668,0.7351755,-1.2991827,-1.353324,0.791106,-0.3875423,0.57356757,0.90281534,0.8632601,0.16461277,0,chr20:30003193:upper_lobe_of_left_lung:0,FP,1
-3.366729,-1.8550583,0.22456297,-1.0860474,-0.33195516,0.03767458,-0.11523684,0.5936207,0.13718255,-0.23792027,1,chr9:17531876:esophagus_squamous_epithelium:0,FN,0
-2.6942525,-1.0865008,1.439726,-1.3513122,0.19521156,-0.3609706,-0.25851473,-0.28458473,-0.16358243,0.58132577,0,chr6:25359408:body_of_pancreas:0,TN,0
6.2951035,0.083468646,0.78899556,0.5730784,-1.0286081,0.4458536,0.24010834,-0.44094205,0.024810428,0.2632038,1,chr6:32477160:transverse_colon:0,TP,1
-4.058923,-0.35511595,0.30231786,0.021817947,-0.6885103,-0.36424103,-0.5841428,0.7708352,0.26898137,0.30950484,0,chr14:106843761:body_of_pancreas:0,TN,0
-1.4666208,-0.47408694,-0.059641425,-0.78533787,0.3248855,0.8768658,-0.5457143,-1.07023,-0.27120674,-0.5309981,1,chr9:16039580:gastroesophageal_sphincter:0,FN,0
-2.3490424,-1.72522,-1.1341629,-0.5541941,-0.112887785,-0.015852738,1.3946108,0.29915306,0.081293486,-0.5104032,0,chr3:194640197:upper_lobe_of_left_lung:0,TN,0
-2.503997,1.6584061,0.102533184,0.553278,-0.64362663,-0.08537141,0.36286542,0.50363475,-0.16408223,-0.6376413,1,chr16:4548780:spleen:0,FN,0
-1.9323794,0.6694141,1.747021,-1.2166674,-0.33264115,0.11837628,-0.019816807,-0.17753558,-0.32201293,-0.046393402,0,chr6:24991997:gastrocnemius_medialis:0,TN,0
-3.1202192,-0.97416836,0.28055844,0.77903473,0.18372402,-0.71672493,1.2120696,-0.40843126,0.21364462,0.47381508,0,chr19:43207151:spleen:0,TN,0
-2.6581445,-1.5316472,-0.3575862,-0.7961625,-0.5725268,-0.2319323,0.29671544,0.22553614,0.50859,0.11499094,1,chr7:48425047:upper_lobe_of_left_lung:0,FN,0
-3.0128076,-1.3419167,0.8348506,-1.4026519,-0.17757374,0.07618946,0.13553165,0.76645374,0.14618307,0.015176969,1,chr9:17531876:upper_lobe_of_left_lung:0,FN,0
-3.7526667,-1.0431143,-1.0578498,-0.18595758,0.1251557,0.42264625,0.12258036,-0.30379638,0.3174553,0.09714909,0,chr1:23185269:esophagus_squamous_epithelium:0,TN,0
-0.51898456,3.3245456,-0.25702822,0.2601568,-0.41993803,-0.31306523,-0.8817046,0.33540204,-0.32119536,-0.56676173,0,chr9:131762784:body_of_pancreas:0,TN,0
3.9814909,0.055775072,-0.45266953,0.47303665,0.889796,0.83527267,0.12985422,-0.31833038,0.48927933,-0.20261544,1,chr9:127360508:Peyers_patch:0,TP,1
-1.0045836,-1.1697421,1.4645599,0.69596297,1.4529753,-0.4779514,1.4337419,0.63911664,-0.033107817,-0.6850776,0,chr19:4042859:body_of_pancreas:0,TN,0
-1.1751797,0.15785944,1.0738004,1.5992664,1.0966717,-0.66103494,0.11417521,0.8109964,1.2006844,0.16775697,0,chr10:70404713:transverse_colon:0,TN,0
-2.513662,0.54917,0.97510767,0.85261667,-0.31109825,-1.0516751,-0.049220968,1.0186762,0.18702482,-0.23951858,0,chr19:19515959:transverse_colon:0,TN,0
1.4189587,-1.6550658,-0.22344166,0.23575859,1.9998399,-0.22579616,0.077400096,-0.6141809,0.55166954,-0.4083952,1,chr6:31356821:thoracic_aorta:0,TP,1
-3.3984165,-1.9613159,-0.32890087,0.14035092,-0.00777951,0.13743033,0.031761505,-0.066387415,-0.35087484,0.22975326,0,chr1:208234091:body_of_pancreas:0,TN,0
6.9855137,0.41528723,0.5642522,-0.4501976,-0.42696953,-0.39189944,-0.123722784,0.008437493,0.5269604,0.5015124,1,chr14:106508377:spleen:0,TP,1
-2.3772664,-0.7563242,1.3546197,-1.8496656,0.48046356,-0.23524706,0.34644607,0.8375639,-0.39066637,0.013893317,1,chr9:127348292:tibial_artery:0,FN,0
-2.7101665,0.6637543,1.1483403,-0.61019564,-0.34410882,0.15925139,0.4459738,0.5799952,-0.2017572,-0.25262907,0,chr16:48556233:body_of_pancreas:0,TN,0
-2.5104804,0.7188692,0.67542475,0.6432361,-0.18833154,-0.20367819,-0.5597794,-0.09376002,0.1394343,-0.7199254,1,chr3:187741990:thoracic_aorta:0,FN,0
2.8355813,2.2134016,-0.101782665,-0.3421218,-0.009525117,1.0965744,0.6279862,-0.17865142,1.0648185,0.6763606,1,chr3:104102588:tibial_artery:0,TP,1
-2.9236279,0.13696699,-0.63609874,0.89628017,-0.58859384,-0.7054255,0.64485455,-0.13311827,-0.018587017,-0.25252387,0,chr7:151111021:prostate_gland:0,TN,0
-2.6628606,1.7196798,-1.5012754,0.2141735,-0.38655472,-0.7796547,-0.23825821,0.076396525,-0.6556942,-0.44944045,0,chr19:33143907:esophagus_muscularis_mucosa:0,TN,0
-1.7606065,0.21974654,0.62108,1.3004218,-1.0128769,0.31567553,-0.4589235,-0.38852692,0.18759894,0.15169689,1,chr14:80955078:esophagus_muscularis_mucosa:0,FN,0
-0.2136611,1.1156957,-0.16233465,-0.52400434,0.0060910378,-0.20957063,-0.10384977,-0.2328258,-0.05697325,-0.77058816,0,chr2:9139756:Peyers_patch:0,TN,0
3.9521985,-1.6353613,-0.5554494,0.08648066,1.1437895,0.38141203,-0.5058474,0.9207154,0.006673432,0.060538772,1,chr3:165196968:sigmoid_colon:0,TP,1
0.30074227,1.439711,-1.4120704,0.7080489,-0.1726212,1.1801443,-0.5458638,-0.13929708,0.24917382,0.20770685,0,chr1:240004353:esophagus_squamous_epithelium:0,TN,0
6.7193794,-0.4278271,0.14335324,-0.35494834,-0.35833594,-1.040874,-0.046266533,-0.22765504,-0.14118214,-0.09298591,1,chr17:22909996:body_of_pancreas:0,TP,1
-2.5900886,0.62324095,-2.2744417,-0.40511355,0.34669107,0.3848246,0.05447303,0.3866947,-0.69757444,0.33224922,0,chr21:33380487:thoracic_aorta:0,TN,0
-1.839308,-1.7544012,-1.0407376,0.9207004,-1.2281725,0.95145977,-0.27454332,-0.6301466,0.76307356,-0.09228521,1,chr17:40909531:spleen:0,FN,0
6.031774,-0.074328065,0.2810708,-0.46085358,0.6436006,-0.37937006,-0.39871415,-0.18769643,-0.059891824,-0.19376132,1,chr16:85086903:sigmoid_colon:0,TP,1
-2.4665694,-1.5183455,-0.3455839,1.9930611,-0.12548971,0.48664847,-0.028872322,-0.47469914,0.2575767,0.17392938,0,chr1:31715618:gastrocnemius_medialis:0,TN,0
-2.81167,-0.8053628,0.47957268,-0.09931538,0.3639259,0.6673864,0.2849898,0.15176792,0.08309793,-0.37499973,0,chr16:29265466:body_of_pancreas:0,TN,0
2.0917401,0.09022053,0.062758416,-0.1253822,1.2382691,0.06904474,-0.43247578,-0.86378276,0.8707095,0.13954611,1,chr14:77027449:gastroesophageal_sphincter:0,TP,1
-1.4388372,2.6085262,-1.298798,-0.04122252,0.565203,0.18232669,0.5617144,-0.19607772,-0.45068473,0.093649745,1,chr20:29406048:upper_lobe_of_left_lung:0,FN,0
-1.4894819,-0.14930762,-1.0521578,0.017423842,-0.13440402,0.55354583,0.18809211,-0.7731669,0.15465194,-0.23112874,0,chr7:818297:testis:0,TN,0
-4.3848257,-1.2741973,-1.0464774,0.45285776,-1.1776366,-0.6098105,-0.42775744,-0.1422353,0.21002907,0.096923314,0,chr11:115170291:transverse_colon:0,TN,0
-3.6530037,-1.8210756,0.37176204,0.46475548,0.18462732,-0.12040657,0.5327993,-0.15800819,-0.07996039,0.3309435,0,chr1:154867316:Peyers_patch:0,TN,0
1.5070845,-0.0043152617,0.7060263,-0.13954985,0.3104119,-0.3598093,0.50356185,0.10220125,0.8080187,-1.2192882,1,chr7:142771231:body_of_pancreas:0,TP,1
-0.8017758,1.1309217,0.4147367,0.37627974,0.4240394,0.46683964,-0.23785092,-0.73918617,0.14076047,-0.54504335,0,chr1:19651030:gastroesophageal_sphincter:0,TN,0
-2.8595054,1.0424867,0.33964866,0.6118346,0.5717684,-0.17737919,-0.639374,0.1428995,-0.47165674,0.08990942,0,chr9:93827801:transverse_colon:0,TN,0
-2.4269567,1.8942852,0.3506894,0.35852328,-0.84037817,-0.6032373,-1.1390561,0.1580153,0.29915857,-0.3351251,0,chr7:16695960:esophagus_squamous_epithelium:0,TN,0
-2.0496888,0.8364331,-0.6334403,-0.24362479,-0.47126088,-0.24004306,0.27265498,0.041385874,-0.0503203,-0.11260514,0,chr4:15730066:testis:0,TN,0
-0.30779946,3.0345633,-1.1242855,-0.34444803,0.059750147,-0.2610116,0.34206504,-0.43072513,-0.28757137,0.088707834,0,chr10:100343750:body_of_pancreas:0,TN,0
1.5206814,-0.24522494,-0.3011756,-0.124840066,0.27016106,0.73306346,0.14178632,-1.0076466,0.44745004,-0.5210037,1,chr5:157471958:body_of_pancreas:0,TP,1
3.4383178,0.5025998,-1.1053112,-0.48826572,-0.23485132,0.59563553,-0.26095226,0.58117497,-1.0779613,1.8737339,1,chr7:73725711:sigmoid_colon:0,TP,1
-2.0393126,1.1492928,-1.3169285,0.186145,-1.0293725,-0.2768218,0.094633214,-0.37287903,0.15526164,-0.22065753,0,chr5:34465583:prostate_gland:0,TN,0
-1.5473398,2.7046943,-0.48172003,0.18168263,-0.03226541,-0.2626817,-0.8775039,0.39912817,-0.23330607,-0.3633506,1,chr8:41651698:esophagus_muscularis_mucosa:0,FN,0
5.1570544,-0.69117725,-0.921766,-0.38638467,0.96604586,-0.4328766,-0.31098938,0.047966093,0.0038248785,-0.34765485,1,chr19:1037681:tibial_nerve:0,TP,1
-1.9465024,-0.049359377,1.4267094,0.16280617,0.5683537,0.26819223,0.21026339,-0.44797823,0.26941475,-0.07586482,0,chr11:44538347:tibial_artery:0,TN,0
-4.6283536,-2.767933,-1.8935176,-0.010625392,-1.2949777,-0.45526016,-0.10958103,-0.36680472,0.32231072,0.4735519,0,chr1:48109545:spleen:0,TN,0
-3.2001595,-0.55347645,0.8760063,-0.72311103,-0.38186756,-0.3263345,0.28239655,0.7007165,0.31529194,0.78254354,0,chr4:77248622:body_of_pancreas:0,TN,0
0.6112347,0.063404016,1.5806681,0.54712385,0.6099865,1.0418515,0.5780153,1.073432,-0.17001228,-0.9141444,1,chr1:27556965:esophagus_muscularis_mucosa:0,TP,1
-3.340751,0.5701553,-0.102838166,0.77171075,0.06028959,-1.0266067,-0.20659275,0.39329365,0.35315838,0.6184579,1,chr1:26921783:transverse_colon:0,FN,0
-2.5425339,0.6170608,0.103461616,1.3145374,0.14881961,-0.22500145,-0.03881295,-0.28020293,0.38406354,-0.031876236,0,chr7:106112635:esophagus_muscularis_mucosa:0,TN,0
-1.8653141,-0.9651838,-0.045530017,1.0671742,-0.6236087,0.1265273,0.37976462,0.7808956,0.19467759,-0.2887769,0,chr4:28686853:testis:0,TN,0
-1.627053,-0.59870857,-1.8622663,-0.72454226,-0.04189015,0.16759305,0.8793535,0.81980044,0.6758659,-1.0065593,0,chr20:41572206:prostate_gland:0,TN,0
4.3959937,-1.108124,-0.9944618,-0.8975381,1.5924743,-0.4134473,-0.857896,0.1961745,0.6216327,-0.59722495,1,chr21:33895616:body_of_pancreas:0,TP,1
2.4891133,-1.5102123,-0.7927435,0.18504791,0.87871104,-1.3394815,0.028691785,-0.8248078,0.5091205,-0.7020856,1,chr6:3259228:upper_lobe_of_left_lung:0,TP,1
-2.3961406,0.23298976,0.73257893,-0.10649083,0.5723213,0.75933486,-0.122950554,-0.985903,0.27085721,0.060896847,0,chr14:72927169:upper_lobe_of_left_lung:0,TN,0
5.4904013,-0.86019695,-0.470604,-0.26874834,1.2934932,-0.67497265,-1.0389302,-0.073960625,0.14940403,-0.9045576,0,chr11:46305551:spleen:0,FP,1
-2.1436632,2.0291057,-0.2270057,0.4494028,0.42946613,0.27655315,-0.71135515,-0.28629062,0.4851403,-0.3329776,0,chr11:6612917:gastroesophageal_sphincter:0,TN,0
-1.5265776,2.1624074,-0.27772948,0.66578716,-0.28660223,0.020337401,0.31437737,-0.261427,-0.19190861,-0.19847193,0,chr2:71510258:prostate_gland:0,TN,0
6.455788,-0.60313636,0.28420207,0.19768119,-0.29909486,-0.093343854,-0.5380586,0.11329296,-0.2791939,0.2901408,1,chr17:45585364:transverse_colon:0,TP,1
-1.6209916,2.183956,0.0112222405,0.06661101,1.3941083,0.3246363,-0.6461244,-0.47543883,0.5597915,0.2504233,0,chr16:67833835:Peyers_patch:0,TN,0
-0.3932932,2.3454144,-1.3684179,-0.6071482,0.030451318,-0.08316026,-0.08621415,0.30102623,-0.71937615,-0.036838047,0,chr2:168375394:spleen:0,TN,0
-2.483353,-0.1908163,0.8488938,0.9100624,-1.1074867,0.101063125,0.41605717,0.4910478,-0.11796835,-0.66974837,1,chr11:1652791:testis:1,FN,0
1.1122762,1.2955588,2.8117168,-0.5453908,0.891658,1.1443275,0.0879777,0.24628735,-0.9929302,-0.49470395,1,chr1:27556965:transverse_colon:0,FN,0
2.7622204,1.0666598,-0.18807253,0.81852925,-0.10162027,0.9689238,-0.094801314,0.5003766,-0.25775814,-0.019594427,0,chr17:879808:upper_lobe_of_left_lung:0,FP,1
0.99432033,0.11664656,-2.2987785,-0.8619923,1.1119425,0.5265564,0.279984,0.8615824,-0.90183574,1.2051865,1,chr17:61670350:sigmoid_colon:0,TP,1
1.8911874,-0.34057763,-0.6353323,-0.48462182,1.6171159,-0.1839119,-0.102868654,0.7634331,-0.044468198,-0.76472455,0,chr1:230752287:transverse_colon:0,FP,1
-3.5997758,0.23492394,0.6400721,0.3160675,-0.73862714,-0.5235986,-0.5170396,-0.20771527,-0.20810616,0.24971001,1,chr9:97633155:tibial_nerve:0,FN,0
1.638032,-0.9910187,-0.48391145,0.66579723,1.430052,-0.0008017435,0.15532888,-0.6724299,0.8985496,-0.3405105,1,chr16:579030:spleen:0,TP,1
-2.9910622,0.422629,0.78321105,-0.9134525,-0.42952245,-0.4398699,-0.73296964,-0.23044235,-0.016749047,0.1061534,0,chr6:32622553:transverse_colon:0,TN,0
5.1764774,-0.8966683,-0.8624504,-0.8507974,1.056953,-0.373723,-0.4798744,0.67783535,0.21305324,-0.3064459,1,chr6:111422648:prostate_gland:0,TP,1
-0.2241209,2.1845586,-0.87076753,0.8735196,-0.19249907,1.2382584,-0.42279384,0.046932936,-0.30857575,0.36549225,1,chr19:45427778:esophagus_muscularis_mucosa:0,FN,0
-3.9264483,-2.4510932,-0.65196586,-0.34367073,-0.116733246,-0.066240415,-0.08961747,-0.34945822,0.011160309,0.5717271,0,chr16:58756567:spleen:0,TN,0
-3.3925087,-1.35039,0.40716895,1.092407,0.77468413,-0.845713,0.23217182,-0.15330759,0.17297558,0.69758284,0,chr14:54902267:upper_lobe_of_left_lung:0,TN,0
-3.4928098,-0.9320019,0.65848714,0.22274975,-0.39326102,-0.4934943,0.08995818,0.94591385,0.09297729,0.3712224,0,chr8:118113261:esophagus_muscularis_mucosa:0,TN,0
-1.4132459,-2.3262331,-0.06120238,0.5588403,-0.8315324,0.8107907,0.39175498,0.43955103,0.04372377,-0.544212,0,chr9:83219701:suprapubic_skin:0,TN,0
-2.0551577,2.4965951,0.59738046,0.71122366,0.3017224,-0.33883607,-0.37459725,0.5984721,0.48596913,-0.18487132,0,chr15:40422201:adrenal_gland:0,TN,0
-2.5370953,1.9736108,-1.6534586,-0.5453367,0.9990738,0.13801312,-0.27610272,0.39540806,-0.27353507,0.2851574,0,chr22:37965281:thoracic_aorta:0,TN,0
-3.348214,-0.3983481,0.5561392,0.3116261,-0.038525723,0.18294834,-0.03516147,-0.1393741,0.5146743,0.27157202,0,chr9:114081278:body_of_pancreas:0,TN,0
-3.2746367,-0.90527207,0.4889285,-0.2825838,-0.3093543,-0.14961661,0.3610469,-0.6351963,-0.44507575,0.47990385,0,chr6:43724124:tibial_artery:0,TN,0
-0.19177786,-2.538712,-0.59118867,0.2598021,1.4787526,0.79165953,-0.40160385,0.39049166,-0.2999828,-0.3668584,1,chr2:46855233:adrenal_gland:0,TP,1
5.7655888,0.4777114,1.0610014,0.37590924,-1.5961533,0.7590016,0.5576079,-0.67678905,0.22610348,0.73339075,1,chr4:108783862:body_of_pancreas:0,TP,1
-2.6635802,0.92495424,-2.0918028,0.16630183,-0.35068363,0.19912088,-0.5199795,0.10571761,0.37022558,0.05411656,0,chr1:234646301:body_of_pancreas:0,TN,0
1.5343456,1.1159506,-1.1145897,-0.5049771,1.2371998,0.14150622,0.7659474,0.14733331,1.1766112,0.6077968,1,chr20:30935747:transverse_colon:0,FN,0
-4.4172583,-1.7721561,-0.57732105,-0.68123335,-0.63538355,-0.49911392,-0.3875647,-0.9642834,-0.54941624,0.0844616,1,chr5:146052954:thoracic_aorta:0,FN,0
-3.0851808,-0.10004148,1.4312081,0.009592124,-0.24389437,-0.85844445,0.44323474,0.5521137,-0.051816583,0.07473637,0,chr3:160400389:body_of_pancreas:0,TN,0
-4.7907057,-2.392501,-0.6767506,-0.9180165,-0.44887182,-0.16589764,-0.48892754,-0.17894197,-0.055990715,0.7347398,0,chr17:57092381:tibial_artery:0,TN,0
-2.6712196,0.60891986,-1.2694843,0.004513977,0.04591906,0.2010264,-0.12736833,-0.21739534,0.17615059,0.119123526,0,chr19:38769557:esophagus_squamous_epithelium:0,TN,0
-2.5762358,0.4219383,0.141435,1.1937044,0.04248022,-1.4641874,-0.10367538,-0.39230448,0.2403679,0.73426384,0,chr2:42169581:thoracic_aorta:0,TN,0
6.4186435,-0.884893,0.15590984,-0.15139857,-0.23847403,-0.7292383,-0.52001953,0.014245584,-0.40953645,-0.050710086,0,chr9:129437752:tibial_nerve:0,FP,1
-3.4501257,-0.072392836,0.046217643,-0.6617293,-0.80915016,-0.2797688,-0.2401347,-0.003949349,0.10943813,0.3720295,0,chr2:84077792:adrenal_gland:0,TN,0
-3.1684363,-1.2767457,0.52339053,-1.065782,-0.2571047,0.70984113,-0.106019355,-0.19979061,-0.4038108,0.46034306,0,chr2:105064592:body_of_pancreas:0,TN,0
-3.3145134,-1.0003752,0.7776348,-0.77647763,0.44451103,-0.18425685,-0.25956833,-0.504395,0.211238,0.6940789,0,chr6:1686364:thoracic_aorta:0,TN,0
6.7349653,-0.35632095,0.375474,-0.15488015,-0.40069893,-0.41096252,-0.35561863,-0.07562745,-0.23379359,0.25782502,1,chr7:22550492:suprapubic_skin:0,TP,1
6.164594,-0.23633313,-0.28778508,-0.5078106,0.70473903,-1.0276917,-0.73167133,0.12294368,-0.23535924,-0.37025008,1,chr15:24767525:prostate_gland:0,TP,1
-2.1715803,-1.2467866,-0.50739616,-0.25299555,0.19580485,0.54360163,-0.198001,-0.9551918,0.31476456,-0.11576483,1,chr1:43590661:prostate_gland:0,FN,0
6.6509423,0.7784919,0.38589177,-0.811052,-0.40532643,-0.3504912,-0.356982,0.18111683,0.40412155,0.49580237,1,chr14:106468867:body_of_pancreas:0,TP,1
1.8175877,-0.5253511,0.37097526,0.46544692,-0.62823004,0.39801988,0.69815934,-0.2931192,0.40583035,-0.5798523,1,chr12:1922226:transverse_colon:0,TP,1
-2.1867027,2.628812,0.12825672,0.19700687,-0.16883518,-0.24605016,-0.8170568,0.3612705,-0.3181366,-0.5077966,1,chr16:4548780:body_of_pancreas:0,FN,0
2.2620878,-0.21145007,-1.4894868,-1.2882804,2.3756595,-0.49097613,-0.9353132,1.0285544,0.037015725,-0.12716891,0,chr17:6326850:body_of_pancreas:0,FP,1
-2.5350568,-1.0501826,0.99825835,0.28078622,0.5476573,0.5421883,0.19163771,0.25959662,-0.52887917,0.21927129,0,chr5:96936715:transverse_colon:0,TN,0
2.452366,-0.06144521,-0.9568177,0.12862709,-1.2087891,0.19266647,0.8926919,0.13908237,-0.98733026,-0.8095046,1,chr2:196068383:spleen:1,TP,1
-1.4176967,-1.5017841,0.5430127,-0.035716467,0.8442366,0.17085862,0.1748628,-0.3143996,-0.90488964,-0.0020065303,1,chr9:33447548:esophagus_squamous_epithelium:0,FN,0
6.0858483,-0.9854251,-0.0058089145,0.36849138,-0.31019074,-0.030073242,-0.5988399,0.23629029,-0.18292174,0.046934046,1,chr17:45585364:transverse_colon:1,TP,1
-1.5387332,-1.0453372,-1.5705785,0.54554623,-0.98665416,0.45625946,0.6090307,-0.20866245,-0.54872787,-0.3283664,0,chr1:67881797:body_of_pancreas:0,TN,0
4.5697093,-1.9394832,0.056226213,1.0946355,0.2854832,0.5921641,-0.323958,-0.22610168,-0.22214368,-0.06273456,1,chr3:129343963:prostate_gland:0,TP,1
3.017654,0.8930563,-1.0288312,-4.319277e-05,0.0522069,0.6349908,1.1980846,-0.1647292,1.6186717,0.9286048,1,chr8:44636977:testis:0,TP,1
-2.49086,1.1328284,-1.0232264,0.13309605,0.44579405,-0.5968656,-0.3121861,-0.12494366,-0.49184906,-0.203933,0,chr1:224356826:gastroesophageal_sphincter:0,TN,0
-2.1773958,1.9319639,-1.5534325,0.12865706,0.7159501,0.21465455,-0.03265518,-0.15863559,-0.51023847,0.45693934,0,chr11:68030237:tibial_artery:0,TN,0
6.726581,0.2991763,0.67872083,0.0042862375,-0.46585023,-0.29978836,-0.12290068,-0.037169766,-0.5198778,0.07640485,1,chr10:38653296:upper_lobe_of_left_lung:0,TP,1
1.2527403,1.6524832,-0.41124988,0.93196976,0.0783968,0.9863296,0.5789203,0.1543847,-0.8242266,-0.2153486,1,chr19:45427778:gastroesophageal_sphincter:0,FN,0
6.5903044,0.047667652,0.73965836,0.28888127,-0.88393724,-0.019446027,0.28412732,-0.29297823,0.23949233,0.34440938,1,chr11:60251676:tibial_nerve:0,TP,1
5.8284526,-1.074152,0.044334557,0.624791,0.13266952,0.2873571,-0.654841,0.36939043,-0.39393952,0.2831042,1,chr9:42852316:gastrocnemius_medialis:0,TP,1
4.017388,1.6437663,-0.5620012,-0.7057848,0.17865232,-0.4485266,2.0020425,0.05594399,1.5971388,1.1080859,1,chr8:44636977:upper_lobe_of_left_lung:0,TP,1
-1.7223495,0.64677477,2.467197,-2.0204926,-0.25686994,0.12193787,-0.0050811474,0.06862307,-0.091199815,0.34249347,0,chr5:79235513:prostate_gland:0,TN,0
-2.7015495,-1.1101404,0.93840176,-1.9892136,-0.43372232,0.1053455,-0.49151555,-0.83271927,-0.51683784,-0.05366838,0,chr17:15574102:esophagus_muscularis_mucosa:0,TN,0
-2.4539676,0.7872594,-0.9493279,-0.36516416,-0.16865024,0.8742399,-0.22104198,-0.41079643,0.22439851,0.23003043,0,chr6:43264135:adrenal_gland:0,TN,0
0.31788656,-0.051060356,-1.7211033,-0.7963009,0.6707284,0.31222343,0.2662291,0.048703626,-0.7561165,0.6001579,0,chr6:110039466:sigmoid_colon:0,FP,1
-3.3774126,0.46590096,-0.097090416,0.05649281,-0.6425197,-0.31436765,0.044321068,-0.019508414,0.27358034,-0.05901613,0,chr11:88232017:esophagus_squamous_epithelium:0,TN,0
-2.949626,-1.1119088,0.6143351,-1.07487,0.36341482,0.30027458,-0.52946043,-0.8548673,-0.20717496,0.07968625,1,chr15:91142292:body_of_pancreas:0,FN,0
5.483639,-0.6071171,-0.27062556,-0.6935337,0.16012637,-1.0658604,-0.39169773,-0.118839435,0.030744191,-0.55628943,1,chr17:43361240:body_of_pancreas:0,TP,1
-1.4179753,2.5426085,-0.3773367,0.13143785,-0.47581947,-0.17857516,0.56746167,-0.42889032,-0.33908632,-0.21080136,0,chr1:157489625:adrenal_gland:0,TN,0
-2.1261475,-0.54512095,1.4428276,1.0973908,-0.66666466,0.24791922,0.5854744,1.0574762,0.40259358,-0.20230822,1,chr11:1652791:esophagus_squamous_epithelium:0,FN,0
7.0545335,0.4314837,0.89024943,0.19660997,-0.879914,-0.1266512,0.076893665,-0.24959518,-0.17783305,0.4493231,1,chr7:142521135:transverse_colon:1,TP,1
6.1506004,-0.06489236,0.48061374,0.12304107,-0.5399861,-0.5052049,0.70357203,-0.15900862,0.00048378672,-0.34329873,1,chr7:63016040:upper_lobe_of_left_lung:0,TP,1
-2.9641175,0.8186333,0.44425154,0.32991198,-0.38857254,-0.21741539,-0.11118048,0.16571058,-0.01396944,0.20709872,1,chr1:113072821:suprapubic_skin:0,FN,0
-2.0869696,-0.7552364,0.30870575,1.6097684,1.6310673,-0.42822534,0.24982634,-1.0031383,-0.068381794,0.72877103,1,chr8:28701937:esophagus_muscularis_mucosa:0,FN,0
1.4066359,0.7082486,0.61670434,0.18414342,-0.6373752,0.30557072,0.9758777,-0.020692369,0.76750374,-0.977053,0,chr15:85625457:body_of_pancreas:0,FP,1
4.7370644,-1.1904573,-0.4741634,0.31478524,-0.35014084,0.60495996,-0.06343021,0.45620242,-0.79040706,0.16012646,1,chr10:38653055:transverse_colon:0,TP,1
2.2042017,0.27951464,-1.3181112,-0.4536383,0.58408695,-0.46901822,1.1697612,-0.104218096,0.480453,0.6087995,1,chr20:28507029:esophagus_squamous_epithelium:0,TP,1
-0.7771384,1.0002774,1.6359588,0.23331271,1.0022421,0.14053287,-0.6579585,-1.2613205,-0.34099707,0.0030349775,1,chr2:64865706:prostate_gland:0,FN,0
5.252047,0.466123,0.36383507,0.17888843,-0.60749733,0.27578348,0.3749133,-0.016675936,-1.118514,-0.39980993,0,chr2:75241860:transverse_colon:0,FP,1
-1.1844597,2.850161,-0.80904245,-0.015352887,-0.10934304,-0.13943742,-1.2566483,0.5767972,-0.36498436,-0.42040855,0,chr3:184803711:body_of_pancreas:0,TN,0
-1.6714008,-0.14446868,2.355968,-0.8760291,1.2605381,0.7420983,0.561864,0.231362,-0.90855193,-0.43934968,0,chr9:92716650:tibial_artery:0,TN,0
5.81868,-1.301514,-0.46815875,-0.16357191,-0.1522446,-0.6728848,-0.7412801,0.32140207,-0.5529437,-0.12435988,1,chr2:132257654:body_of_pancreas:0,TP,1
6.4317517,-0.6701634,0.48906055,0.09570096,-0.6053219,-0.62268585,-0.10148896,-0.044579923,-0.523662,0.13181585,1,chr8:38060242:upper_lobe_of_left_lung:0,TP,1
-0.96591914,0.946279,0.5594066,-0.80030715,0.80873907,0.982775,-0.80402863,-0.5155779,0.06773349,-0.29210842,1,chr16:21935488:Peyers_patch:0,FN,0
-3.5236773,-1.3672472,0.010692789,-1.1095626,-0.20272976,0.41742453,0.20743337,0.06605747,-0.12979452,-0.15409772,0,chr12:92070888:body_of_pancreas:0,TN,0
-4.1065073,-1.28998,-0.77618504,-0.391901,-0.72402364,-0.5698711,-0.3639494,-0.49759156,0.38286734,0.46229416,0,chr14:53296455:thoracic_aorta:0,TN,0
-2.260805,1.0929072,0.8168625,1.2542101,0.3604215,-0.3366682,-0.41071415,-0.297803,0.4923323,-0.2078029,0,chr9:81690044:upper_lobe_of_left_lung:0,TN,0
-2.2478697,-0.11979307,0.09394015,1.4633622,0.1157304,-0.16902225,0.15462592,-0.7799014,0.17923649,0.7234502,0,chr6:32971107:transverse_colon:0,TN,0
-2.0301907,-0.8063509,-0.09402054,0.34088662,-0.10447459,0.8387333,0.27513692,0.13217585,-0.54221994,-0.23357685,1,chr9:83219701:thoracic_aorta:0,FN,0
4.1349773,-0.9279613,-0.8786639,-0.26999998,0.38365874,0.20810457,-0.89869446,-0.015953682,0.56589794,-1.0336277,1,chr7:142752408:body_of_pancreas:0,TP,1
-3.335278,-0.34471202,0.37082797,0.6213355,0.09963706,-1.0269867,-0.37396616,-0.005233178,-0.32956335,0.4919588,1,chr1:26921783:Peyers_patch:0,FN,0
-2.5963612,0.5487125,-1.1513969,0.3502182,0.23942241,0.45728442,-0.4468402,-0.5569383,0.6234523,-0.09184461,0,chr3:120177116:body_of_pancreas:0,TN,0
-2.8261554,0.74532723,-0.03791171,0.4358247,0.09477204,-0.25536475,0.48017517,0.2022393,0.39434013,-0.27758384,0,chr3:14921124:prostate_gland:0,TN,0
2.654881,-0.82586616,-0.6800207,0.47792467,-0.57232046,0.028636042,0.15163498,0.03221909,-0.3983345,-0.6397937,0,chr1:15128695:testis:0,FP,1
0.71444833,-1.2412949,-0.71857595,0.21531357,1.7776892,0.22497347,-0.18151191,-0.13548088,0.18435054,-0.22409907,0,chr11:1262996:tibial_nerve:0,FP,1
6.165848,0.7366264,0.54462796,-0.23980796,-0.54085696,-0.76619416,1.0256674,-0.4110753,-0.20925692,0.27249017,1,chr7:63016061:transverse_colon:0,TP,1
-1.9891934,2.200497,-1.5606245,-0.27429542,0.63627857,0.26874784,-0.28878137,0.027956473,-0.8432471,0.42384562,0,chr4:110211201:body_of_pancreas:0,TN,0
-0.39995828,0.45820674,-0.34623402,-0.25062153,1.1123854,0.3074779,0.83842504,0.49837494,-1.2228509,-1.0710918,1,chr22:46739374:upper_lobe_of_left_lung:0,FN,0
-3.4080925,-0.23750667,0.6927577,0.58617467,-0.73558617,-0.5021676,0.4619313,0.25307313,0.22531997,-0.34264117,1,chr6:169790103:gastrocnemius_medialis:0,FN,0
2.995495,-1.885948,-0.13225041,-1.2308321,0.6593897,0.8753987,-0.26597044,0.32820278,-0.17063858,-1.1252655,0,chr14:106469963:esophagus_squamous_epithelium:0,FP,1
6.095724,0.22625208,0.15879545,-0.49805486,0.48946694,-0.7756542,-0.18352968,0.00019027371,0.24702379,-0.23036093,1,chr16:85086903:tibial_nerve:0,TP,1
-3.4236083,-1.4665314,1.0023859,-0.46100768,-0.45044315,-0.17624153,0.17493363,0.47466967,0.18420014,0.39729875,0,chr10:68208588:transverse_colon:0,TN,0
-1.1740273,2.2983973,-1.1644062,-0.4304378,0.63479227,-0.30608973,0.08555961,-0.0289753,-1.0454257,-0.29876998,1,chr6:52788016:body_of_pancreas:0,FN,0
-2.7773623,1.3285381,0.5122266,1.2507415,-0.6275569,-0.77847016,-0.4171569,-0.16714488,-0.11173715,-0.20488779,0,chr2:240232939:transverse_colon:0,TN,0
-3.226588,-0.8662906,0.98260206,-1.5223885,-0.73931974,0.16368565,-0.06656871,-0.15884174,-0.37088206,0.12707746,1,chr6:106223515:body_of_pancreas:1,FN,0
5.2457843,-1.496775,-0.81974673,-0.564091,0.13387267,-0.5164738,-0.4864798,0.39725313,-0.15673228,-0.42147607,1,chr5:77075989:prostate_gland:0,TP,1
5.733738,0.78491277,0.48382407,0.12808307,-0.9328705,0.7364046,0.43771926,0.0060446975,-0.50851375,1.1717627,1,chr8:141876713:adrenal_gland:0,TP,1
-2.2460277,2.2165287,-0.142989,0.63478464,-1.0745554,-0.5521608,-1.0197618,0.047760084,0.062015567,-0.48534432,0,chr6:16332498:esophagus_squamous_epithelium:0,TN,0
0.3548555,-1.0598531,0.028618937,-0.8938049,-1.0424049,0.31040007,0.96466917,1.0522395,0.84787565,-1.2210723,1,chr11:26754057:testis:0,TP,1
2.504326,-1.825618,-0.22115855,-1.0232679,-0.22082432,1.3933381,-0.43846768,0.36284283,0.02206255,-0.66434133,1,chr6:35885297:body_of_pancreas:0,TP,1
-0.018629592,-0.9808972,0.22480117,-1.3959898,0.49512652,1.0865284,0.14478745,0.07746659,0.31222802,-1.2147127,0,chr4:183602913:transverse_colon:0,TN,0
5.923485,-1.3941216,-0.2847963,-0.05609391,0.09642405,-0.14365044,-0.8812202,0.33186924,-0.073058285,-0.042804576,1,chr3:75785357:sigmoid_colon:0,TP,1
-2.9056463,-1.2007136,1.0265052,-1.7638901,0.39270344,-0.0054307915,0.39382827,0.35922304,-0.43095475,0.021619046,1,chr9:127348292:tibial_artery:1,FN,0
-2.9691117,-1.2174304,0.26644212,0.4001561,0.3247305,-0.24224979,0.13702583,-0.5200303,0.26818982,0.45992422,1,chr11:101127373:sigmoid_colon:0,FN,0
-1.606068,0.43668115,1.1829563,-2.0364864,0.19694689,1.0171126,-0.6475091,-1.0163711,-0.6584612,0.05431562,1,chr9:16039580:adrenal_gland:0,FN,0
5.230449,0.65660274,-0.17154837,0.14745907,-0.32936704,0.093294404,0.7059738,-0.47274897,-0.5963936,0.09895464,1,chr17:21322681:thoracic_aorta:0,TP,1
0.6316338,1.0563846,-0.6147733,-0.37259552,-0.34432966,-0.87839293,0.9168441,-0.5587003,-0.8098167,-1.1416012,0,chr7:32347302:sigmoid_colon:0,TN,0
-2.3202262,1.7273905,0.9084032,0.23878406,0.099992335,-0.371057,-0.42867574,-0.057109885,-0.32645753,-0.43156353,0,chr14:75294151:transverse_colon:0,TN,0
-2.1359596,1.8182212,-1.7061744,-0.63209933,0.7269774,0.16859472,0.5933401,0.33027846,-0.56950533,0.25897452,0,chr7:105507191:omental_fat_pad:0,TN,0
1.1961515,-1.2697275,-0.14603424,0.53717506,1.3931261,0.3215003,-0.0005349801,-0.8905976,-0.40159297,-0.34026736,0,chr20:17617594:Peyers_patch:0,FP,1
1.2835246,-1.2085166,-1.8951776,0.047259245,-0.56186974,0.367594,0.69589907,-0.0820582,-0.57070816,0.4132935,1,chr5:127014594:transverse_colon:0,TP,1
6.5893965,-0.61799884,0.09526353,-0.43084106,-0.28887886,-0.97725385,-0.3304396,-0.01846783,-0.57560825,0.15705545,1,chr6:31374359:esophagus_squamous_epithelium:0,TP,1
-1.5627954,0.35162687,0.9099095,-1.5240208,-0.3663979,-0.34917164,0.8786907,0.17216627,0.046176743,-0.72705317,1,chr6:137697537:transverse_colon:1,FN,0
-1.7993072,2.444824,-0.2223983,0.44692448,-0.9733599,-0.43658584,-1.0453346,0.2994661,0.21984541,-0.55013126,0,chr6:82252284:prostate_gland:0,TN,0
-2.7342381,-0.29964104,1.7504299,-1.5267712,0.5915908,0.23341444,-0.19323614,-0.25345677,-0.14321965,0.52293265,0,chr10:125982582:thoracic_aorta:0,TN,0
-2.2322717,0.035659697,0.9441298,-1.7023525,-0.1336184,0.22181751,0.0389302,-0.49867797,-0.39007497,-0.41867167,0,chr10:23158214:transverse_colon:0,TN,0
-2.7345438,0.5605555,0.8844118,0.15581714,0.38977334,0.89683115,0.040199142,-0.38178182,-0.19692032,-0.35166433,0,chr17:3935331:suprapubic_skin:0,TN,0
-3.3360295,-0.2378449,-0.053973503,0.49008915,0.49039552,-0.298354,0.035712417,-0.30317372,-0.21407385,0.33899415,0,chr18:32092595:body_of_pancreas:0,TN,0
-2.9431684,0.28254005,0.9178324,-0.20439768,-0.62289,-0.66898674,0.008978087,1.0821887,0.5035897,0.021104721,0,chr10:51960415:prostate_gland:0,TN,0
-2.8656447,0.4195618,0.9522607,0.18337026,-0.8351163,-0.48975557,-0.117813565,0.016022021,0.47034076,0.26080167,0,chr17:45099253:testis:0,TN,0
5.40239,-0.7467921,-0.6054224,-0.6161913,0.96986085,-0.5303659,-0.79305303,0.3531861,0.46120402,0.008335251,0,chr9:129437243:tibial_artery:0,FP,1
-2.4969919,0.596417,2.061185,-0.6492921,0.09603287,0.03542252,-0.19832483,0.1522064,-0.32651618,0.5461354,0,chr19:2169180:transverse_colon:0,TN,0
-1.2194911,2.0680158,-1.5462108,-0.31398243,0.34071302,0.054564916,1.1557531,-0.06585074,-1.1917685,0.03208792,0,chr3:58305852:transverse_colon:0,TN,0
-2.5417843,0.6948152,-0.7564051,-0.41822577,-0.56811583,-0.35356137,-0.27631238,-0.8363871,-0.14659266,0.11553577,0,chr6:147285258:Peyers_patch:0,TN,0
-2.2132318,1.3660406,-0.57460433,-0.69327825,0.7996513,0.39461896,-1.0017382,-0.39653042,-0.87623644,0.019962111,0,chr7:133051170:upper_lobe_of_left_lung:0,TN,0
-2.1205666,1.241168,0.03843015,0.59996533,-0.63663894,1.1727935,-0.38261756,0.19092321,0.34434745,-0.25547728,1,chr2:13202350:body_of_pancreas:0,FN,0
6.748883,-0.19254898,0.23602618,-0.40191752,-0.18805408,-1.1904418,-0.18789193,-0.031757988,-0.2917831,-0.04279797,1,chr11:47642443:testis:0,TP,1
-2.78843,-0.33577925,1.8328737,-0.74172807,-0.49959958,-0.588055,-0.14492606,0.7606166,0.4667275,0.7488247,0,chr14:69151254:thoracic_aorta:0,TN,0
-3.3162491,1.4016966,-0.5962872,0.5784455,-0.91100574,-0.4824905,-0.5189179,-0.38105777,0.1468746,-0.24687362,0,chr2:20661446:tibial_artery:0,TN,0
-1.5181113,0.1759362,-0.39769426,1.4563047,1.6509882,-0.29483834,-0.34450972,0.35235336,-0.30966002,-0.3154164,0,chr19:1095151:upper_lobe_of_left_lung:0,TN,0
-2.204322,0.24352738,0.70949763,0.07103392,1.0073231,0.31160894,-0.6609452,-0.58528566,0.62221855,0.011671425,1,chr2:46828341:sigmoid_colon:0,FN,0
-3.5748525,0.042910308,-0.80238,0.2717755,-1.1319548,-0.30867454,-0.10814058,-0.35288405,0.019502109,-0.066527545,0,chr3:155702289:upper_lobe_of_left_lung:0,TN,0
-2.2953644,-1.4896337,1.3767883,-1.5966488,-0.26598072,0.4668668,0.48348776,0.49570006,-0.51792717,-0.3319621,1,chr15:78210207:prostate_gland:0,FN,0
-1.6528361,-1.1988603,0.38137406,1.5350542,1.2753651,-1.005417,0.53664887,-0.7763829,-0.57177556,0.4388068,1,chr8:28701937:transverse_colon:0,FN,0
-2.899804,0.51398146,0.4143423,0.78565395,0.14469823,0.05205229,-0.54380995,0.000107325825,-0.21986106,0.14684534,0,chr11:1833125:body_of_pancreas:0,TN,0
-0.29469967,-2.1818128,-0.6322911,2.0154939,1.1929809,-1.1964973,0.39871436,-0.4072189,-0.8460681,-0.8390289,1,chr7:100894790:body_of_pancreas:0,TP,1
5.9347067,0.5362095,-0.14993046,-0.80333596,-0.17410944,-0.85329676,0.5164002,0.4687069,0.7176599,0.52316153,1,chr8:45161494:gastrocnemius_medialis:0,TP,1
0.5301342,-0.81634134,1.162799,-0.99919504,-0.34651205,2.0555136,-0.4792796,-0.9673258,-0.5456432,-0.50901824,0,chr15:44219856:esophagus_muscularis_mucosa:0,FP,1
6.35917,-1.0137469,-0.13715994,-0.16083524,-0.15231496,-0.49012282,-0.3974198,0.17921232,-0.102752924,-0.09470935,1,chr9:42974893:upper_lobe_of_left_lung:0,TP,1
6.544942,0.05877279,-0.0035834445,-0.517274,0.015914902,-0.7992849,0.12862232,0.0038514573,0.24927782,-0.014320492,1,chr17:22816782:prostate_gland:0,TP,1
-0.00918591,2.4321404,0.29091522,-0.45010963,0.8977732,0.2587281,0.0020513595,1.2733253,1.3012713,0.09059118,0,chr7:36066338:body_of_pancreas:0,TN,0
3.0113664,-1.8790042,-1.1915891,1.2554587,-0.8496879,1.2912325,-0.24131002,0.28904995,-0.84297675,0.38805816,1,chr7:78040381:suprapubic_skin:0,TP,1
5.3182364,0.6676734,0.50814694,0.48625806,-0.49138153,0.8183405,1.1904655,-0.2722916,0.23206027,0.031736966,0,chr16:2263772:body_of_pancreas:0,FP,1
-2.3653276,1.3224137,-1.2234519,-0.07492065,-0.34563518,0.06743363,0.13914506,-0.5618639,0.034911636,0.15811138,0,chr4:156787427:body_of_pancreas:0,TN,0
5.7896113,1.3295021,0.37335032,-0.25599718,-0.14904025,-0.63488,0.9701494,-0.5026392,-0.03113093,0.5276998,1,chr7:63016031:transverse_colon:0,TP,1
-3.7039018,-3.0566735,-1.4142677,-0.6588715,-1.1626846,-0.16907494,0.09287467,-0.49225938,0.035636134,0.05253467,0,chr18:76828121:thoracic_aorta:0,TN,0
-2.5139618,-0.23806565,1.7618905,-0.84236234,0.8330708,0.45347583,-0.11253245,0.16108797,0.236718,0.4014632,1,chr17:73719627:tibial_nerve:0,FN,0
3.6504116,-2.7046897,-0.2976613,1.4558723,0.6456079,0.31135005,-0.60568285,0.2349911,-0.016611319,-0.12500983,0,chr3:129343963:adrenal_gland:0,FP,1
5.7331157,-0.9851688,-0.24329303,-0.021385754,0.016577486,-0.7825868,-0.13128434,-0.3175839,-0.008623654,-0.2971707,1,chr14:30690707:upper_lobe_of_left_lung:0,TP,1
-2.2672243,0.29644528,1.343389,0.7789578,0.40670514,-0.3744454,0.25599593,0.31288496,0.7189226,-0.45927405,0,chr9:6080757:esophagus_squamous_epithelium:0,TN,0
-2.8139784,1.3706728,0.4920253,0.32990512,-0.20554706,0.2023007,-1.0152698,-0.04938274,0.33439714,-0.037168432,0,chr2:19363367:transverse_colon:0,TN,0
-2.8234859,-1.707784,1.1819538,-0.4041291,0.47560027,0.2754585,0.5615954,-0.30479965,-0.94310755,0.19890182,1,chr9:129145727:thoracic_aorta:0,FN,0
-3.776723,0.069011964,-0.28469864,-0.08694609,-1.113482,-0.7573328,-0.27602986,0.21599387,-0.02290737,-0.02788721,0,chr19:31548991:upper_lobe_of_left_lung:0,TN,0
-2.7015874,-1.0528687,-0.798469,1.905506,1.9174604,-1.289952,-0.04644045,-0.3149617,-0.37240443,0.45970032,1,chr9:136728193:lower_leg_skin:0,FN,0
-0.48168606,1.253561,1.5015402,-1.7153984,0.7359411,1.0708921,0.30875623,-0.50007695,0.06391862,-0.15036198,0,chr5:144467879:tibial_nerve:0,TN,0
-0.6724432,0.4165823,1.6274257,1.2068541,-0.51094276,-0.43163046,1.3119427,0.41199705,-0.3100391,-0.57693666,1,chr15:40906278:tibial_nerve:0,FN,0
6.34354,0.27053446,0.72671056,0.028325196,-0.6192777,-0.7386636,0.6049189,-0.31995115,-0.018449558,-0.13444404,1,chr7:63016040:transverse_colon:0,TP,1
-3.6685617,0.20095573,-1.5384201,-0.546291,-0.16825363,-0.6778902,-0.034393366,-0.39585072,-0.044873055,0.062207557,0,chr1:26104845:Peyers_patch:0,TN,0
6.1734915,0.35317025,0.564314,0.4403649,-1.0712644,0.6813974,0.29935297,-0.008696284,-0.2907053,1.0222046,1,chr12:48753691:upper_lobe_of_left_lung:0,TP,1
-0.8576099,1.0845543,-0.90874696,-0.4047148,1.6970164,-0.26605976,-0.16606738,-0.4947526,-0.32537615,-0.66037315,1,chr14:99659383:upper_lobe_of_left_lung:0,FN,0
0.37031475,-0.23597425,-1.2306094,0.062630296,-0.6177453,0.25448927,1.2622591,-0.48325175,-0.7529379,-0.2691166,1,chr3:66803339:prostate_gland:0,TP,1
6.5771594,0.23423469,-0.012528903,-0.5400103,-0.35901684,-1.0366586,0.32446408,0.19492231,-0.23401771,0.2270728,1,chr17:22856764:esophagus_squamous_epithelium:0,TP,1
3.432492,0.3705393,-1.0080233,-0.2679808,-0.39408213,0.874938,-0.3405954,0.43562785,-1.1123655,1.7660913,1,chr7:73725711:spleen:0,TP,1
-2.0387712,0.243133,0.88959837,-0.2112555,0.25121698,0.7284218,-0.748528,0.271802,0.40490237,0.07909699,1,chr10:1755678:prostate_gland:0,FN,0
7.2134337,0.82928693,1.0901215,0.03156664,-0.8457303,0.0018823494,0.20711805,-0.3864448,0.30755198,0.46403065,1,chr3:34208336:thoracic_aorta:0,TP,1
3.7585096,-1.959993,-1.0937057,0.42415288,-0.5711712,0.6197342,-0.13121471,0.1244061,0.31871974,-0.99105716,1,chr7:142463889:transverse_colon:0,TP,1
6.8036256,0.38370496,0.9660472,0.0474335,-0.85907876,0.22612837,0.05168834,-0.28307486,0.34999213,0.3887702,0,chr10:66926170:prostate_gland:0,FP,1
5.4301524,-0.51402396,-0.3480512,-0.19629829,-0.12554626,-0.6885833,-0.05865592,-0.03368858,0.08875492,-0.031395726,1,chr14:30690707:thoracic_aorta:0,TP,1
-3.4565017,-0.9554786,0.28237358,1.095237,0.35804483,-0.15578043,0.15387502,0.16805674,0.16198269,-0.102418564,1,chr16:87550596:tibial_nerve:0,FN,0
0.23917975,1.9752667,-1.1241899,-0.84428155,-0.99113053,-0.3312221,1.0849544,-0.5563742,-0.72359765,-0.52389735,1,chr12:120246128:thoracic_aorta:0,FN,0
-3.1810327,-0.0945018,0.6316252,-0.53396803,0.4353929,0.76121765,-0.3173711,-0.16254035,-0.16260065,0.1676088,1,chr3:24186219:body_of_pancreas:0,FN,0
-2.170701,0.87275434,-2.0086157,-0.6447606,0.04309535,0.25652176,0.33870834,0.38874483,-0.1796601,-0.067889675,0,chr8:30361799:body_of_pancreas:0,TN,0
0.4575992,2.6193297,-1.0428461,-0.2808156,0.016142998,-0.17325932,0.84924734,0.2054199,-0.9440351,-0.43110126,1,chr2:168375394:thoracic_aorta:0,FN,0
-1.8760988,2.6265552,0.36849344,0.01811939,-0.014642712,-0.38618127,-1.3962774,0.44512546,-0.21150014,-0.58112466,1,chr21:31866561:upper_lobe_of_left_lung:0,FN,0
-0.72329074,0.7022386,-0.77929854,-0.042138107,-0.49400055,-0.9531703,0.44228584,0.28844664,-0.72693694,-0.22960904,1,chr7:32347302:esophagus_muscularis_mucosa:0,FN,0
6.60834,-0.515225,0.15144902,-0.22981285,-0.22870901,-0.5901657,-0.6698166,-0.042856134,-0.12626173,-0.21519515,1,chr9:129437752:thoracic_aorta:0,TP,1
4.374817,-0.11196283,0.9968201,0.63091195,-0.9973429,0.113085784,0.8412992,-0.21729544,0.06849793,-0.51426136,0,chr4:10582403:spleen:0,FP,1
-2.3557942,-2.1395214,-0.55759114,1.5348973,-0.5331584,0.37390727,0.3367358,0.25771767,-0.18434271,0.04106293,0,chr12:48904001:upper_lobe_of_left_lung:0,TN,0
4.995412,-1.5654582,-0.48460647,-0.04772985,0.4298963,-0.28702682,-0.73074573,0.34569585,-0.578547,-0.35515535,1,chr9:61668518:spleen:0,TP,1
-1.4259582,0.91400087,2.2933254,0.1710983,0.636384,0.38892284,0.88392776,0.56318897,-0.43477386,-0.37755826,0,chr6:13874007:transverse_colon:0,TN,0
-2.4771397,2.017559,0.5221017,-0.3871086,0.04693964,-0.13859119,-0.82104707,0.5076284,0.038423445,-0.16264242,0,chr7:129164351:esophagus_squamous_epithelium:0,TN,0
-1.910117,-0.1522288,1.0445904,-0.9921348,-0.6696145,0.46134523,0.61313266,0.10641766,0.22997633,-0.44855925,0,chr6:117189039:prostate_gland:0,TN,0
-2.56014,-0.1595427,0.30253178,1.8231425,0.4032978,-0.54473394,-0.09863353,0.014100164,-0.62586796,0.3857233,0,chr7:100894790:prostate_gland:0,TN,0
-1.840245,1.287152,-2.1420414,-0.39426032,0.57942027,0.7416615,0.15592006,0.64724475,-0.4983003,0.038236655,1,chr6:35763302:body_of_pancreas:0,FN,0
-2.6360877,-0.16239423,0.5582063,0.6742554,-0.53823155,0.15035085,0.357839,0.25119036,0.28898653,-0.7010774,0,chr15:52568355:adrenal_gland:0,TN,0
-1.6858805,0.20711334,0.8748043,-0.5815194,-0.4155397,0.54122835,0.20561366,0.20685655,-0.041665107,-0.46170363,0,chr3:172623400:Peyers_patch:0,TN,0
-2.4761467,0.9304868,0.54445285,0.95679855,-0.19561514,-0.7538177,-0.3940694,-0.25256082,-0.32996538,0.40111116,1,chr11:85855125:transverse_colon:0,FN,0
-0.77306366,-0.8940808,-1.3679694,0.16665813,1.2874457,0.03596461,0.5150828,-0.5571221,0.882386,-0.366433,0,chr12:52306315:tibial_artery:0,TN,0
-1.6985354,-0.028162206,1.5573798,-1.1772885,1.5241265,0.64249146,0.3131697,-0.37483716,-0.0619888,0.14152296,0,chr2:87577752:transverse_colon:0,TN,0
0.54985344,1.5708928,-0.4876707,0.8275323,-0.76716137,1.0307122,0.7590134,-0.2252005,-0.5658941,0.34391353,1,chr19:45427778:adrenal_gland:0,FN,0
-3.4254706,-2.2501786,0.9446252,-1.5036966,0.030059682,0.10180351,0.04960782,0.58479035,-0.5252673,0.31317294,0,chr17:69526231:esophagus_muscularis_mucosa:0,TN,0
-2.303071,2.3014185,-1.0403587,0.110970244,0.00765216,-0.16918139,-0.4397047,0.12526634,-0.22981842,-0.1071813,0,chr8:17699579:body_of_pancreas:0,TN,0
-2.5802414,-1.0276648,0.90281725,1.5585563,0.27390036,0.30435896,0.51272464,0.43466157,0.7434762,0.20003787,0,chr7:85186902:omental_fat_pad:0,TN,0
-3.3390732,-0.637558,0.5157536,0.37843987,-0.0050336276,-0.7775242,0.2959823,-0.061686732,-0.18294734,-0.10100728,0,chr1:100132742:body_of_pancreas:0,TN,0
6.078553,-0.8369004,0.23186257,0.55660653,0.01055285,-0.21611921,-0.3790008,0.07971334,-0.653859,0.039853297,1,chr20:26209622:upper_lobe_of_left_lung:0,TP,1
-0.62267435,-1.1334757,0.79012746,0.77198726,1.6136345,1.121819,-0.21843827,-1.2179747,-0.1933144,-0.5229272,0,chr22:41508960:transverse_colon:0,TN,0
-3.38699,-0.7672546,-1.8913854,-0.11634101,-0.6980025,0.023847133,0.28754243,-0.5663395,0.18530819,0.22139616,0,chr11:63024537:transverse_colon:0,TN,0
1.5471787,-1.1536038,1.4987527,-0.15496692,0.29774842,0.8735955,0.84430146,1.5234735,-0.50340074,-1.1343076,1,chr1:27556965:gastrocnemius_medialis:0,TP,1
-3.7302158,-1.2539781,-0.2483023,-1.0458528,-0.6406594,0.13020957,-0.23546387,-0.18465264,0.07351373,0.38531634,0,chr2:219700718:body_of_pancreas:0,TN,0
-2.2712681,-0.1918373,-0.23044527,0.59593207,-0.42923582,-0.24588719,0.47331157,-1.073336,-0.12097696,-0.23218547,0,chr10:47986691:sigmoid_colon:0,TN,0
1.9849805,1.0648673,-0.98735034,0.5050542,-1.2775307,0.2630127,0.11657062,0.0730134,-1.1536251,-0.19955885,1,chr2:196068383:upper_lobe_of_left_lung:0,TP,1
3.602788,-0.13158144,0.11104551,1.526187,0.05629675,1.1357542,-0.5349857,0.22220056,0.10758182,0.3647728,1,chr5:179213127:body_of_pancreas:0,TP,1
-3.5054896,-0.07667862,-0.23971817,1.0082642,-0.14893478,-0.5670843,-0.39755803,0.03309813,-0.28447485,-0.027097132,0,chr11:63671929:gastroesophageal_sphincter:0,TN,0
5.012012,-0.73719126,-0.35309505,-0.2736452,1.0705953,-0.3693468,-0.33482647,-0.4255543,0.81458384,-0.78536093,1,chr19:45678133:spleen:0,TP,1
0.8858116,1.6448957,-0.5234538,0.3003462,0.0081784,-0.2933784,1.0083365,-0.6089494,-0.8924635,-0.084793516,0,chr3:182714147:tibial_artery:0,TN,0
-2.6733816,1.7256393,-1.2212754,0.39558494,-0.840424,-0.67222357,-0.15460165,-0.28107908,-0.24081242,-0.13129637,0,chr16:5092215:transverse_colon:0,TN,0
0.87832886,1.1871438,-1.5364406,-0.73910975,0.30894282,-0.5416336,1.3217293,0.8338021,0.8142558,0.6970917,1,chr2:92401043:testis:0,FN,0
-1.4666213,1.773204,-1.6240647,-0.7486672,0.73247945,0.11677766,0.25381088,0.15252978,-0.5100463,0.3447424,0,chr9:4815183:body_of_pancreas:0,TN,0
-3.982559,-0.78105503,-1.4415255,-0.26868474,-0.4575042,0.042017862,0.020568928,-0.18433388,-0.17849232,0.24266279,0,chr11:63024537:sigmoid_colon:0,TN,0
-3.0443408,-0.052136358,1.1086993,0.81610554,0.6110507,-1.0199434,0.4250397,0.31992593,-0.058693435,0.47035336,0,chr13:50909866:esophagus_squamous_epithelium:0,TN,0
-4.5764403,-4.036748,-1.6430895,-1.0894537,-0.9562818,-0.0059030736,0.052279077,0.6721663,-0.15553585,-0.055407837,1,chr4:95543779:tibial_artery:0,FN,0
0.6332984,1.2264127,-0.31779143,0.37002748,-1.0783896,0.43234387,1.2759213,0.13420546,0.3408628,-0.51548374,1,chr17:61729146:sigmoid_colon:0,FN,0
3.1587448,0.34725365,0.08129486,-0.2783275,0.37069532,0.6615551,0.5225313,-0.010347615,-0.010082966,0.022442734,0,chr17:13735684:Peyers_patch:0,FP,1
0.114787295,0.114834495,-0.9208505,0.5245174,0.33075097,-0.46970657,1.2068692,-1.1597772,-0.16879265,-1.3237864,1,chr19:8505530:tibial_nerve:0,FN,0
1.9255209,0.9262306,0.03954025,0.416552,0.15006098,1.2388477,-0.32034752,-0.18799728,0.42912063,-0.47036254,0,chr2:233098726:adrenal_gland:0,FP,1
-3.2043746,0.68915534,0.17437083,0.9439491,-1.0732895,-0.5694681,-0.27771643,0.30545044,0.2939399,0.13142668,0,chr6:12339489:body_of_pancreas:0,TN,0
1.7565556,0.48276064,0.8688382,-0.37286174,1.2055504,0.579997,-0.16392733,-0.48612395,0.966475,0.08019707,1,chr14:77027449:esophagus_muscularis_mucosa:0,TP,1
-2.705308,-0.23004647,0.8216663,-1.1889523,-0.49655455,-0.3692291,-0.5546541,-0.20667247,0.22043963,0.53571606,0,chr3:172291866:adrenal_gland:0,TN,0
-3.278648,0.023461098,-0.5616503,0.44362417,0.44517687,-0.07075349,0.17676236,0.11555683,-0.15185572,0.017369047,1,chr2:128755326:body_of_pancreas:0,FN,0
1.5487732,-1.2326113,-0.64710593,-1.0069628,0.33229503,-0.15690506,0.0929734,-0.5090631,-0.17468521,-1.2178298,1,chr2:235171687:transverse_colon:0,TP,1
4.2457037,0.053867713,-0.118723005,0.10776408,0.039577562,1.3388169,-0.88112944,0.7341151,0.032399252,1.9148712,1,chr19:21484173:transverse_colon:0,TP,1
-2.7397606,-0.3081801,0.6086828,-1.0134207,0.18096519,0.852615,0.035373162,0.064819954,0.4571906,-0.19100575,1,chr9:16039580:transverse_colon:0,FN,0
-1.7552574,-0.3359828,2.0083432,-0.2854804,0.93984866,0.5152457,1.0347979,0.76679486,-0.52056813,-0.28961515,1,chr14:94129651:body_of_pancreas:0,FN,0
-0.3209637,-2.16453,-1.5761884,-0.58377486,-1.5061225,-0.33820528,0.9822009,0.056282423,0.47075915,-1.3956912,0,chr4:88219203:gastrocnemius_medialis:0,FP,1
0.7030662,1.1734079,0.31610182,1.7108423,-1.8675961,0.12762219,0.44281766,-0.7851494,-0.391854,-0.40656024,1,chr11:1652791:thoracic_aorta:0,FN,0
-1.8661925,1.5449177,-1.1793114,0.48174822,-0.4327144,0.5748872,-0.23415248,-0.40963534,0.22900239,-0.12302333,0,chr7:142535029:body_of_pancreas:0,TN,0
-1.85425,0.005060438,-0.66978914,-0.16954747,-0.9151667,0.22547488,0.79869485,-0.36478955,-0.070650086,0.11285548,0,chr14:95010781:thoracic_aorta:0,TN,0
-1.1542712,2.088628,-1.0608828,-0.35377014,0.56588966,-0.3629,1.0440458,-0.6060598,-0.6010996,0.19665797,1,chr2:56522518:body_of_pancreas:0,FN,0
2.5091794,0.5572682,-1.4039041,-0.79558486,0.8210552,0.4625276,0.4390797,0.80534405,2.0525706,0.32094687,1,chr21:5357485:transverse_colon:0,TP,1
-2.7712443,1.4216751,0.23437704,0.28194848,-1.0495657,-0.3183394,-1.0911855,-0.055408705,-0.18707016,-0.09767935,1,chr7:29610024:spleen:0,FN,0
-4.600177,-1.6117839,-0.72839326,0.21637006,-0.90159357,-0.31009892,0.3833005,-0.13190728,-0.0060940315,0.35732567,0,chr3:32177302:tibial_nerve:0,TN,0
1.6719265,3.03029,0.44026738,-0.54127884,0.3390061,0.8413681,0.9724423,0.5034764,1.0436772,0.5699198,0,chr11:93921924:prostate_gland:0,TN,0
-3.5565736,-1.6943058,-0.29062966,-0.52396303,-0.12376788,0.7129677,0.3202187,0.5233362,0.21241237,-0.23531678,0,chr1:234487506:esophagus_muscularis_mucosa:0,TN,0
5.0969124,-1.4738303,-0.53738403,0.15466857,0.63735867,0.13503523,-1.1493995,0.38951614,0.27392665,-0.28936297,1,chr3:75785357:thoracic_aorta:1,TP,1
6.1668105,1.2871697,1.1717688,0.7858171,-1.4389776,1.1184491,0.6466765,-0.51193917,-0.0054542716,0.48725763,1,chr6:43386692:transverse_colon:0,TP,1
2.4677203,0.49570894,-0.93117046,-0.16493754,0.4723563,-0.50089717,1.0097988,-0.5256206,-0.43613985,0.45164752,1,chr10:18628158:transverse_colon:0,TP,1
-1.9677005,-0.15432279,1.8570939,-1.5559999,0.11814737,-0.0896225,0.016507724,-0.6195109,-0.17094447,0.11185833,1,chr2:73620102:transverse_colon:0,FN,0
6.1495357,0.8796196,0.045792017,-0.6922438,-0.052734885,-0.9412302,0.5284093,0.18450877,0.6086626,0.86383,1,chr8:45161494:spleen:0,TP,1
6.4856544,-0.47996837,0.11439545,-0.09643739,-0.2577732,-0.24360766,-0.30238342,0.15202433,-0.41972256,0.12673028,1,chr7:22550492:body_of_pancreas:0,TP,1
-4.1445093,-2.3623762,-0.56675744,-1.2980895,-0.37230894,-0.2775395,-0.5180588,-0.15875024,0.1611551,0.10199156,1,chr3:88180571:thoracic_aorta:0,FN,0
-2.7621088,0.2614685,0.54260904,1.0014879,-0.10939421,-0.88231045,-0.123728484,0.17732319,0.11661423,-0.0032088128,0,chr2:45009663:body_of_pancreas:0,TN,0
-2.8385699,0.083761245,0.94070715,0.15203907,0.9971624,0.22535607,-0.25601238,-0.137081,-0.3591921,0.45643207,1,chr20:62355987:thoracic_aorta:0,FN,0
-0.87832654,-0.656935,0.49649057,1.8384148,0.8666744,0.23708214,-0.08226803,-0.3312742,-0.101741165,0.49977303,1,chr16:4273965:spleen:0,FN,0
0.66262317,0.7183084,2.3008852,-0.775059,0.5658051,1.7777345,-0.4163224,0.230586,-0.86866325,-0.5515422,1,chr1:27556965:spleen:0,FN,0
-3.4406872,-0.031360123,-0.23823658,0.2489606,-0.9925187,-0.50199145,-0.42489126,0.13915613,0.26439464,-0.396303,0,chr10:51960415:tibial_artery:0,TN,0
-2.3715374,1.7934595,-0.45676845,0.39812747,-0.49478373,-0.025578436,-0.16999912,-0.58190644,-0.15047452,-0.18854925,1,chr16:4548780:esophagus_squamous_epithelium:0,FN,0
-3.6345408,-0.96511054,-1.3177121,-0.36223832,-0.97879,-0.4284922,-0.22486825,-0.42566258,0.29877248,0.4473004,1,chr5:158014121:transverse_colon:0,FN,0
6.117741,-0.73166156,-0.39901337,-0.6417707,0.24463196,-0.8077413,-0.5557897,-0.046941537,0.10048698,-0.5942961,1,chr7:142773198:body_of_pancreas:0,TP,1
-0.028021036,2.533888,-1.148235,-0.8897415,0.65790075,0.2767609,0.64226025,-0.44547197,0.4020068,-0.22059591,0,chr1:23210397:Peyers_patch:0,TN,0
-2.148775,0.1387809,0.7170012,0.77538514,0.0049782507,0.93632466,-0.035869516,-0.88049614,0.36520776,0.0055966913,0,chr1:16741091:thoracic_aorta:0,TN,0
-2.1055179,1.868865,-0.982282,0.09343904,-0.17331573,-0.31485096,0.037157133,-0.13037637,-0.929494,0.04301487,0,chr2:88880497:adrenal_gland:0,TN,0
4.009715,0.28477803,0.21532638,0.18317287,-0.7290088,1.0374626,0.15066652,0.16759908,0.6744867,1.4529612,1,chr6:21597510:body_of_pancreas:0,TP,1
6.460387,0.053155106,0.3204771,-0.10841528,-0.37395242,-0.0998721,0.17753954,0.088876896,-0.2585905,-0.35950115,1,chr10:38653296:Peyers_patch:0,TP,1
-0.54018635,-0.56601,1.7474478,1.5875818,0.809297,0.02541404,1.3358107,0.97442365,-0.051007975,-0.31671023,1,chr5:181184339:thoracic_aorta:0,FN,0
6.9732285,0.2908318,0.77403295,0.044868197,-0.9171856,-0.103511214,-0.079907164,-0.298145,0.054529227,0.42099017,1,chr7:142521135:body_of_pancreas:0,TP,1
-2.3391995,-0.6441942,1.3522769,1.1310875,-0.3554185,-0.02413167,0.65091765,0.95763385,-0.06334007,-0.17182264,0,chr17:46266535:prostate_gland:0,TN,0
-2.3545032,-0.39319715,1.0190572,1.3597708,0.43363702,-0.07113678,0.9334272,0.58693635,-0.10197215,0.14872122,0,chr11:44095821:gastrocnemius_medialis:0,TN,0
-0.5600447,1.2717527,-1.2129813,0.64537513,0.5955407,0.55270886,-0.12544553,-0.4984506,0.1337071,0.36797073,0,chr19:11079087:adrenal_gland:0,TN,0
5.455012,-1.5282571,-0.17727262,0.061237574,-0.67073554,0.19450697,-0.4278746,0.09211826,-0.38350472,-0.2178258,1,chr7:142463889:Peyers_patch:0,TP,1
-0.2721329,-1.391123,-0.22531988,0.05736915,1.8023795,0.68203455,0.088041134,0.16135797,0.3354093,-0.4827952,0,chr11:1262996:upper_lobe_of_left_lung:0,TN,0
-2.962797,-0.9622498,0.8093185,-0.60721403,0.20855817,-0.8337924,-0.23277117,0.45214453,0.40327775,0.887275,0,chr6:26217616:Peyers_patch:0,TN,0
-3.7631333,-0.51150066,-1.266653,-0.42779797,-1.1841309,-0.47532943,0.15938851,-0.45174748,0.22436917,-0.48905262,0,chr16:13923701:esophagus_squamous_epithelium:0,TN,0
6.9967103,-0.11770881,0.36732355,-0.37594944,-0.29619,-0.80312264,-0.33186647,-0.038119543,-0.4045413,0.18537046,1,chr3:75785419:upper_lobe_of_left_lung:0,TP,1
6.473045,-0.35965627,0.75894207,0.49601743,-0.022316366,0.17988074,-0.086761326,0.17579897,-0.28884503,0.6463298,1,chr15:79896760:prostate_gland:0,TP,1
5.3482122,-0.29601204,-0.10893252,-0.24973142,0.11102563,-0.59834653,0.369379,0.08962931,0.7628179,-0.11435149,1,chr14:30690707:spleen:1,TP,1
-3.1142018,-0.02863252,1.3879482,-0.851543,-0.7931328,-0.81648976,-0.01993308,0.6707,-0.004942779,-0.11139776,0,chr18:62249636:tibial_nerve:0,TN,0
-0.1593118,-0.4142717,0.14228511,0.5985941,-1.2539612,0.71574646,0.78705895,-0.6972245,0.38406765,-0.17857032,0,chr20:17898925:adrenal_gland:0,TN,0
6.090336,-0.2928826,-0.528719,-0.6070114,0.59994817,-0.9690416,-0.69323957,0.26176965,-0.13687342,-0.27037027,1,chr15:24767525:spleen:0,TP,1
-2.791973,0.77289295,1.0403942,0.8267853,0.17190626,-0.77999085,0.10816834,0.57889074,0.33337563,0.52469015,0,chr7:127392752:tibial_nerve:0,TN,0
-3.939565,-1.2431928,-0.2271312,1.0187455,-0.60461885,-0.56985414,0.3732633,-0.094492376,0.27929473,0.46052316,0,chr12:12357162:lower_leg_skin:0,TN,0
-3.674209,0.02156449,0.422161,-0.037761986,-0.52299404,-0.4946478,-0.42180076,0.23899929,0.16894263,0.20227706,0,chr20:62900225:transverse_colon:0,TN,0
5.5735965,-1.3201342,-0.7365263,-0.47795832,0.15058005,-0.5821915,-0.6003952,0.43856075,-0.08882233,-0.32574907,1,chr6:133833511:prostate_gland:0,TP,1
5.0925193,0.35558012,-0.44887534,-0.5674205,-0.37104678,-0.62700635,1.7657256,0.2830281,0.591568,0.52962625,1,chr8:44636977:adrenal_gland:0,TP,1
-1.182831,2.9604414,-0.95540446,-0.26586175,0.1819753,0.33588162,-0.3295765,-0.034846112,-0.3141612,-0.1396688,0,chr10:12777040:prostate_gland:0,TN,0
-1.6146036,1.8229252,-0.29512715,0.7799916,-0.6957059,0.017152915,0.14622808,-0.42749882,-0.39029846,-0.5645978,1,chr16:4548780:thoracic_aorta:0,FN,0
-2.3114104,0.5044669,2.352553,-1.4243495,0.12597874,0.14265572,0.1861124,0.35045925,-0.47491702,-0.0067068012,1,chr14:106061994:gastrocnemius_medialis:0,FN,0
2.8562624,-2.672525,-0.6409418,1.143807,0.51295006,0.736683,-0.27073446,-0.16148107,-0.38535702,-0.55222875,0,chr11:71639137:tibial_artery:0,FP,1
-1.65301,1.1451181,-0.22338353,0.56098664,-0.092892475,0.4794168,0.9013651,-0.112180166,0.39846873,-0.5430395,0,chr2:161273349:sigmoid_colon:0,TN,0
-1.5248429,-0.24787667,1.7835413,0.40721482,0.20318395,-0.47114697,0.6514544,1.0121795,0.017801449,0.5488742,1,chr15:40906278:transverse_colon:1,FN,0
-0.5464183,1.811289,-1.2947553,-0.39006838,0.4788085,0.6104076,0.9544685,-0.11721062,0.028835814,0.3445793,0,chr1:231853557:body_of_pancreas:0,TN,0
-2.8626502,-0.057970777,0.81851697,0.39537424,-0.32716307,0.16362692,-0.31789035,-0.55057365,-0.04545673,0.018037211,1,chr9:83219701:prostate_gland:0,FN,0
-2.6287277,0.6748721,0.49736238,1.0248462,-0.1497856,0.52999073,-0.47293413,-0.4571386,0.38759896,-0.22777443,0,chr1:17336255:adrenal_gland:0,TN,0
-1.6524291,2.908348,-0.38113257,-0.024703097,0.04436007,-0.31513712,-1.1823863,0.6033144,-0.20480268,-0.4198813,0,chr9:89594235:transverse_colon:0,TN,0
1.3312618,1.6252688,-0.43768945,-0.31246433,-0.837351,0.53874147,0.41402975,-0.42411825,0.25130117,0.18892679,1,chr2:88950093:spleen:0,FN,0
-0.46275845,1.3609527,-1.4437218,0.01628942,-0.4022017,-0.31799906,0.057744354,0.20218475,-0.4125346,-0.038775004,0,chr18:597750:body_of_pancreas:0,TN,0
-2.404693,1.2001017,1.2107023,-0.36326453,0.1567612,0.64458716,-0.508376,0.62846875,-0.111804776,-0.019032972,0,chr16:11407817:thoracic_aorta:0,TN,0
-1.4306152,0.016267717,1.4348727,1.755319,0.42977133,-0.29459408,0.8314176,0.8228373,0.16592546,0.25656188,0,chr6:35727813:transverse_colon:0,TN,0
4.302621,-0.98954976,-0.6469415,-1.3507651,1.0931785,-0.22437496,-0.20662981,-0.0024889377,0.12559265,-0.93930656,1,chr22:25456860:body_of_pancreas:0,TP,1
6.459934,-0.8861306,0.036474764,-0.058586907,-0.076269165,-0.6929267,-0.5994084,0.026772851,-0.16098207,-0.08259338,0,chr8:12607781:gastrocnemius_medialis:0,FP,1
2.659829,0.4664235,-0.9326568,-1.0906107,2.7731135,-0.38187823,-0.77456665,0.7425891,0.05451646,-0.45828986,1,chr7:583571:body_of_pancreas:0,TP,1
1.9887418,0.2670348,-1.5231602,-0.577984,-0.024603501,-0.58657664,2.0747504,0.68444103,0.5516288,0.56464577,1,chr2:92401043:prostate_gland:0,TP,1
0.08524767,-0.8175825,-0.45353967,0.40291062,1.5864747,0.1540236,0.7724775,-0.36413285,0.14882101,-0.7451864,0,chr19:3545068:transverse_colon:0,TN,0
1.1400157,1.5738971,1.1070472,1.0296829,-1.3757377,0.7749354,1.2329777,-0.73159754,0.40300468,-0.4468185,1,chr13:33542012:body_of_pancreas:0,FN,0
-2.7969337,1.199219,-0.027630212,0.56813216,-0.21822967,-0.12245069,-0.16115081,0.4440086,0.29545596,-0.19929467,0,chr5:149431239:tibial_artery:0,TN,0
-0.6383429,0.3926566,-2.4611065,-0.5792062,1.0905257,0.86104244,0.016671028,1.2398564,-0.5621796,1.9022422,0,chr7:73123787:transverse_colon:0,TN,0
2.3390634,-0.4481129,-0.92202055,-0.21993363,0.65453756,0.779498,-0.55828726,0.20419928,0.13001423,-0.5723594,1,chr10:47381073:body_of_pancreas:0,TP,1
-3.2581167,-1.2393457,0.59694433,-0.8572248,-0.33573708,0.37755176,-0.6419486,-0.89092547,0.31499857,0.6247454,0,chr15:65304945:adrenal_gland:0,TN,0
4.532883,-1.7821716,0.15833518,1.4425954,0.13057321,0.7026339,-0.51718384,0.29556164,-0.10195133,0.06891569,1,chr18:75856:upper_lobe_of_left_lung:0,TP,1
-3.4807303,-0.18580215,0.7885484,-0.9623608,-0.21367775,0.1542469,-0.78267515,-0.63893974,0.079210855,0.42965603,0,chr16:56610737:thoracic_aorta:0,TN,0
-1.6192284,2.955522,0.31083447,0.11938136,-0.618327,-0.72274494,-0.9527647,0.62068737,0.21083091,-0.43001208,0,chr10:15419718:adrenal_gland:0,TN,0
2.6582484,-1.9245994,-0.03969757,1.3671335,0.60172963,1.6785142,-0.60457826,-0.03164336,-0.067892,0.0053111,1,chr5:179213127:transverse_colon:0,TP,1
5.785367,-0.6297762,-0.21882187,-0.42152777,0.25236633,-0.2963449,-0.54808515,-0.039119348,0.5955339,-0.6629833,0,chr19:42919741:body_of_pancreas:0,FP,1
4.7526827,-1.4816374,-0.71732765,0.056980256,0.36149788,-0.17364186,-0.44851336,0.09218398,-0.594447,-0.46689215,1,chr7:142750991:body_of_pancreas:0,TP,1
-2.3629227,-1.4932508,-0.5104107,-0.4271403,-0.06892339,0.9403229,-0.7754158,-0.23555158,-0.17743462,-0.012640029,1,chr9:16039580:prostate_gland:0,FN,0
1.1830798,1.3858347,-1.1130204,0.3459789,1.3047512,1.1377912,-0.118346475,0.77278364,-0.018920807,0.6912568,1,chr9:127360508:gastrocnemius_medialis:0,FN,0
1.262053,2.428893,-0.743597,-0.47963062,-0.059545424,-0.06280172,1.0690343,-0.016263016,-0.93527097,0.16276793,0,chr7:124903785:body_of_pancreas:0,TN,0
-3.264429,-0.6930181,-0.61582625,0.040283483,-0.48552296,0.0320373,0.67723006,0.6298506,0.5670093,0.32964385,0,chr4:17549681:Peyers_patch:0,TN,0
2.6489558,-0.27904627,-0.23711687,-0.030797014,1.113584,-0.023708785,-0.48155633,-0.88960254,0.7222327,-0.06647122,1,chr14:77027452:transverse_colon:0,TP,1
-2.2904499,0.27961776,0.60811454,0.6013853,-0.17705527,-0.22432536,-0.32759193,0.35611057,0.30144954,0.32178822,1,chr20:48723579:tibial_artery:0,FN,0
6.379784,0.9593065,0.10290337,-0.63525736,-0.16685615,-0.5379125,0.71196806,-0.07859596,0.6329585,0.8702937,1,chr17:25564496:Peyers_patch:0,TP,1
-4.5836997,-2.1315548,-0.9896666,0.77964276,-0.7970802,-0.48088413,-0.30990946,-0.21126714,-0.019267565,0.25928017,0,chr4:4248127:Peyers_patch:0,TN,0
-2.171558,0.46467113,-0.32234797,-0.090549126,-0.48590788,-0.86333156,0.9870233,0.49714825,-0.32513294,-0.32470545,0,chr12:71754514:esophagus_muscularis_mucosa:0,TN,0
4.5613875,-0.043601777,0.4584375,0.25893492,-0.19060646,0.40135154,-0.11689947,0.24867307,0.18979077,0.1262613,1,chr16:18131657:Peyers_patch:0,TP,1
-3.3732722,-0.05905075,0.6716025,-1.021621,-0.7931544,0.12396107,-0.30498153,-0.36460334,-0.07804682,-0.0009915303,0,chr21:30341086:sigmoid_colon:0,TN,0
-1.4171274,0.85935915,-1.7227416,-0.42109057,0.4619595,0.10629789,0.34142926,0.6296567,-0.984362,-0.05356669,0,chr1:222794904:transverse_colon:0,TN,0
-1.1137772,2.087043,-1.510162,-0.63354033,0.6348529,-0.15002947,1.1457275,0.36784172,-0.116666764,0.6920221,0,chr14:31816189:body_of_pancreas:0,TN,0
-2.9403665,1.5365986,-1.1043551,0.36772618,0.06970626,-0.3462604,-0.3049735,-0.12839022,-0.13440138,0.29448637,0,chr11:3807766:transverse_colon:0,TN,0
-2.802725,-2.8826613,-1.4846379,-0.7209768,-1.6012716,0.29610825,0.50949746,0.11664115,-0.008154953,0.05313477,0,chr14:33454418:transverse_colon:0,TN,0
2.5424073,3.3880768,-0.19855686,-0.62285036,-0.38353816,-0.5542462,1.7729453,-0.508967,-0.682961,0.9419726,0,chr16:8841831:thoracic_aorta:0,TN,0
-2.6199527,0.48282474,1.668198,-0.65180945,-0.6483648,-0.29329827,0.0417767,0.86788505,-0.0023934029,-0.48939568,1,chr9:132651492:body_of_pancreas:0,FN,0
4.317576,-0.9095204,-0.5869306,-0.18297118,-1.0115732,0.14386839,0.13335994,-0.0067120898,-0.3011979,-0.7102308,0,chr9:13991168:body_of_pancreas:0,FP,1
4.4905834,0.2204281,-0.036814697,0.034895986,-0.05888722,1.1904122,-0.83522755,0.64102036,0.026697062,2.1177535,1,chr19:21484173:body_of_pancreas:0,TP,1
-2.7718349,0.35452977,0.48360837,0.9749944,-0.101738095,-0.46090007,-0.08294765,-0.44940394,0.23278049,0.10728706,0,chr6:116616178:spleen:0,TN,0
-2.549896,-1.1804591,-0.2300057,0.18117297,0.55543375,-0.46370143,0.37548268,0.17484562,0.7287029,-0.25496483,0,chr12:6372809:body_of_pancreas:0,TN,0
-1.0975584,0.44729534,-0.93722904,0.012787656,-0.178154,1.3021522,-0.22189783,-0.5522441,1.6738801,0.739602,1,chr6:53956277:prostate_gland:0,FN,0
0.73913556,-3.054645,-1.1746005,-0.83125454,-1.2265129,0.5183912,0.18388474,-0.55227,-0.55377775,-0.43437684,1,chr6:161922984:Peyers_patch:0,TP,1
-3.3205006,0.4724125,-2.6719494,-0.45443583,0.7867987,0.14562088,-1.1231312,1.3077093,-0.8917895,0.17345093,0,chr5:150743200:body_of_pancreas:0,TN,0
2.6110086,-0.13962914,1.1152401,1.9265789,0.7705873,-0.34316427,0.36713058,-0.29868627,0.047955737,-0.13226363,0,chr5:181184339:sigmoid_colon:0,FP,1
-0.57662076,3.4663785,-0.12920202,0.117862776,-0.39554116,-0.1917764,-1.094525,0.06476038,-0.15634036,-0.60607237,0,chr9:5886489:adrenal_gland:0,TN,0
-3.3025498,-0.5095319,-0.046103578,-0.00970072,-0.10271486,-0.11848798,-0.28940046,0.5617512,0.39721662,0.24451521,0,chr3:66138807:thyroid_gland:0,TN,0
-3.8865786,-1.034394,0.58971256,-0.67782426,-0.90419877,-0.4276234,-0.39979595,0.5512265,0.45249754,0.5308398,0,chr12:19757428:transverse_colon:0,TN,0
-3.48884,-0.11012621,0.751115,0.32620427,-0.109561056,-0.91822946,-0.03553199,0.68312687,0.68539953,0.5091374,0,chr6:169791013:gastroesophageal_sphincter:0,TN,0
-2.2248964,-0.8730795,-0.34255782,0.089532815,0.43857536,0.31746218,-0.26447514,0.3005232,0.84519017,-0.3716019,0,chr4:121675914:body_of_pancreas:0,TN,0
-1.0839893,2.6840215,-0.401744,-0.08899049,0.17690618,-0.10038764,0.16857359,-0.25573018,-0.36227435,0.5832223,0,chr6:11655830:esophagus_squamous_epithelium:0,TN,0
-4.1496367,-2.748946,0.44564602,-1.0299187,-0.5904186,-0.27795488,-0.12596974,0.271082,-0.37185422,0.77369785,0,chr18:61551833:esophagus_muscularis_mucosa:0,TN,0
-3.9608817,-0.5894458,-0.41941902,-0.11750273,-0.5974337,-0.26664042,-0.73038656,-0.3685376,-0.07035599,0.37564835,0,chr2:168348096:testis:0,TN,0
-0.12638882,0.64811766,2.1072195,-1.6678894,0.5553553,-0.25123268,0.7540247,0.06934654,-0.11793395,-0.3365639,0,chr17:14068979:body_of_pancreas:0,TN,0
-2.5113351,2.0487247,0.024099296,0.013063055,-0.53798115,-0.46158776,-1.0184299,0.66950274,0.17891048,-0.17805472,0,chr4:94621853:esophagus_squamous_epithelium:0,TN,0
6.0709014,0.5704225,-0.36222154,-0.24958037,-0.18676281,-0.29595166,0.51018053,-0.13745625,0.34898958,0.46033758,1,chr17:22856764:lower_leg_skin:0,TP,1
-1.6876714,-1.4531244,0.8930045,1.4564596,0.4328318,-0.3162015,0.24200995,0.51975936,-0.24182749,-0.0008447429,0,chr2:64865706:body_of_pancreas:0,TN,0
0.8792626,-1.2478727,0.12514484,-1.2203808,0.452156,0.43836915,0.6051873,-0.29941905,0.13747953,-1.3802215,0,chr4:75289967:prostate_gland:0,FP,1
-3.6513138,-2.7184303,-0.7989695,0.75746745,-0.66505516,0.18141761,0.60566545,0.40636218,0.14468855,0.45904854,0,chr13:99606069:thoracic_aorta:0,TN,0
-3.224855,0.8175986,0.31124657,0.35403278,-0.671083,-0.48362178,-0.5119417,-0.7616775,-0.35673603,-0.0600198,0,chr20:47677799:tibial_artery:0,TN,0
-2.0665348,-1.6373892,0.0676363,2.0779445,1.5807211,-0.91497225,0.16561429,-0.38655874,-0.50946295,0.1342127,0,chr3:126084117:transverse_colon:0,TN,0
-2.540467,0.47255024,1.2452227,0.92481345,1.0434403,-0.12535295,0.18680963,0.70355976,-0.2568233,0.14881614,0,chr10:47553602:upper_lobe_of_left_lung:0,TN,0
1.2770939,0.90448844,-1.0962659,-0.889965,1.9371719,0.5682241,-0.3944983,0.26162314,0.91743016,0.14658529,1,chr4:185542103:thoracic_aorta:0,FN,0
-1.1711093,1.2005111,-1.5526366,0.61881685,0.20762233,-0.059756976,0.36393577,-0.27104336,-1.2876296,-0.089470245,0,chr11:119084798:body_of_pancreas:0,TN,0
-3.930003,-1.5694607,0.38417086,-1.3258024,-0.7556316,-0.22412534,-0.1880211,0.1787101,0.14349562,0.16732815,0,chr6:26200478:prostate_gland:0,TN,0
-2.6912773,-1.8808922,-0.113730006,0.037210707,-0.77189326,0.7725359,-0.060102303,-0.28507847,0.64975953,0.39783877,0,chr17:40909531:tibial_artery:0,TN,0
-2.8708417,-1.2827387,1.0655777,-1.6962183,0.013717447,0.14005522,-0.5004837,-0.3077688,-0.20884228,-0.13515083,1,chr12:26092001:upper_lobe_of_left_lung:0,FN,0
-2.9002075,-0.41926056,0.8786495,-1.4942797,-0.28507385,0.75125873,0.7798005,-0.31752867,-0.25295675,-0.21580869,1,chr4:110826866:gastrocnemius_medialis:0,FN,0
4.5547786,-0.9269574,-0.3506249,0.26401207,-0.08393899,1.1320754,-0.8643894,0.526536,-0.2141581,1.6671371,1,chr19:21484173:gastroesophageal_sphincter:0,TP,1
5.874438,-0.69430727,-0.015017025,0.011375469,-0.15978786,0.2172708,0.13074802,0.12678823,-0.6634476,0.5601139,1,chr19:4352840:esophagus_muscularis_mucosa:0,TP,1
-2.8892922,-1.8889532,-0.88554806,-0.7874662,-1.0094963,-0.3827916,-0.35888207,-0.3829912,0.8036871,0.06771132,0,chr15:85590027:transverse_colon:0,TN,0
-3.2658582,0.28590575,0.3001238,1.7262448,0.5719686,-0.5619632,-0.2138847,-0.0693049,-0.16911554,-0.058420066,1,chr10:131312556:prostate_gland:0,FN,0
-1.8578807,1.6172863,0.8902095,-0.22442718,-0.30302128,-0.7870368,-0.14092393,0.099503376,-0.19256084,-0.051685594,0,chr8:22756288:adrenal_gland:0,TN,0
-1.2755408,1.9637313,-1.5951151,-0.4220811,0.5335557,1.2162578,-0.15224183,0.050208513,0.6827812,0.6666847,0,chr15:31334669:body_of_pancreas:0,TN,0
2.2887182,-0.3373114,-0.68011403,-0.21067944,0.69711727,-0.17365259,-0.14614098,-0.16930099,0.19195011,-0.7377479,1,chr20:38125471:tibial_artery:0,TP,1
1.2413038,-2.025258,-0.94139284,-0.8244287,1.6494156,0.07378431,0.55959153,-0.08817177,0.22323336,-0.5773453,1,chr19:19342711:upper_lobe_of_left_lung:0,TP,1
0.43739635,-0.68535,-0.05225928,0.013176096,-0.93721443,0.7899174,-0.07686868,1.5571697,0.6641441,-0.3127343,1,chr10:63633852:body_of_pancreas:0,TP,1
5.6941123,-0.44399524,0.39915562,0.77413315,-0.24662927,0.6825129,-0.16747087,0.11343551,0.09205136,0.04460041,0,chr19:46715864:esophagus_squamous_epithelium:0,FP,1
-1.3405029,-0.47625625,0.4934804,-1.3826246,-0.048012454,0.33810368,-0.032843404,-0.3907158,-0.00912258,-0.28333807,0,chr5:139628817:body_of_pancreas:0,TN,0
5.66987,-1.0942578,-0.012921058,0.4550013,0.059569612,0.19588801,-0.22405675,0.17727186,-0.05166511,-0.3502801,1,chr8:38060267:body_of_pancreas:0,TP,1
-0.4212966,2.7090714,-1.1850654,-0.20033765,0.18807977,0.15908396,0.41335025,0.28042877,-0.6456195,-0.32922056,1,chr2:168375394:Peyers_patch:0,FN,0
0.56791246,-0.64419025,-0.15559888,0.36645424,-1.1039639,1.0972692,1.3189995,0.48142505,0.4695208,-0.12231402,1,chr12:40352035:esophagus_muscularis_mucosa:0,TP,1
1.1435688,0.11997714,0.014926874,1.6963427,0.016371626,1.3498825,-0.746662,-0.20133695,0.19880743,0.7134144,1,chr5:177133842:upper_lobe_of_left_lung:0,TP,1
-1.4728519,-0.07798851,-1.3442895,0.16359782,-0.14743984,0.9652216,-0.47993842,-1.1091927,1.0664916,-0.82799417,0,chr4:153143316:transverse_colon:0,TN,0
-1.1546171,-0.26760954,0.9641458,1.8399858,-0.1888339,-0.5313061,0.704344,-0.21980613,-0.30720037,-0.6523741,1,chr15:40906278:thoracic_aorta:0,FN,0
-3.6139097,0.15961218,0.43365908,0.53872997,-0.47213984,-0.852837,-0.10665619,0.11238694,-0.3497565,0.020784892,0,chr17:75632926:thoracic_aorta:0,TN,0
6.4158506,0.101650745,-0.22568803,-0.6237946,-0.26493597,-0.9978394,0.3275687,0.3209455,-0.26984605,0.12919298,1,chr17:22856764:gastroesophageal_sphincter:0,TP,1
5.288418,0.32401377,0.39164376,0.8907053,-0.11441092,0.9663268,-0.22392452,-0.07279737,0.39793697,0.16649592,1,chr5:179213127:gastroesophageal_sphincter:0,TP,1
-1.3408054,2.181661,-1.4564774,-0.6569453,0.25401676,-0.7216576,0.55701125,0.35963526,-1.0786263,-0.054137684,0,chr3:122837369:body_of_pancreas:0,TN,0
-2.2661788,-0.42093053,1.3602452,-1.2630272,0.16361639,0.8264537,0.09545241,-0.3857919,-0.39943635,-0.14333884,1,chr1:202006221:sigmoid_colon:0,FN,0
-2.8215818,-1.7659732,-0.049525727,-1.0059733,-0.10310597,0.06067304,-0.48410046,-0.02204117,0.066739246,-0.43425673,1,chr9:17531876:adrenal_gland:0,FN,0
-1.4462721,-0.3195122,1.1515365,-1.0091676,0.17030978,0.031883843,0.62662476,0.87877375,0.45154467,-0.46783102,0,chr4:163550753:body_of_pancreas:0,TN,0
1.580579,0.49829045,0.6694939,2.300683,0.3291711,1.6290612,0.11217827,0.4794276,0.40099645,-0.30154556,0,chr6:44238150:suprapubic_skin:0,FP,1
-5.326804,-3.7238703,-1.7935199,-0.7989794,-0.8418359,0.112132035,-0.50577295,0.7407477,0.3608459,0.6089074,0,chr6:73524319:transverse_colon:0,TN,0
2.0119548,0.36550358,-0.6554816,0.73171294,1.5614017,0.3635375,-0.21768606,-0.23023461,0.6770649,0.32539448,1,chr5:179212877:upper_lobe_of_left_lung:0,TP,1
-1.239312,-0.07086911,1.9250098,-0.87828445,0.82359415,0.79024774,0.5796606,0.0040340563,-0.58921504,-0.93550605,1,chr10:69439538:esophagus_squamous_epithelium:0,FN,0
6.540073,-0.26377088,0.6023131,0.22597262,-1.0219227,0.051875055,0.35787693,-0.09157972,-0.047374867,0.32065502,1,chr11:60251676:upper_lobe_of_left_lung:0,TP,1
4.979043,-1.4319217,-0.089207724,0.8609382,-0.9053832,0.33230823,-0.36368465,0.008298869,-0.91249263,0.29708925,1,chr7:78040381:sigmoid_colon:0,TP,1
-2.1361837,-2.6533506,-1.0321507,0.7456684,-0.6207098,0.3124372,-0.25033712,-0.49380177,0.23271492,-0.4331377,1,chr9:83219701:gastrocnemius_medialis:0,FN,0
-0.47128436,0.58422536,-1.4914263,0.071116135,-1.2823542,0.25276262,1.1496227,-0.4257732,-0.8638385,-0.29593986,0,chr4:147019513:upper_lobe_of_left_lung:0,TN,0
-0.1342102,0.3173516,0.5351574,0.07468799,0.97767174,-0.28544658,0.10272043,-0.39744195,1.1178421,-0.95263374,0,chr19:52942044:upper_lobe_of_left_lung:0,TN,0
5.107132,0.9991097,0.7307055,0.8341575,-1.4529077,1.3851974,0.060059987,-0.2895911,0.94427085,0.7030119,1,chr6:43386692:gastrocnemius_medialis:0,TP,1
6.72176,0.24870217,0.5323583,-0.5206269,0.54490095,-0.9221622,-0.046829317,-0.31462437,0.20706512,-0.36794543,1,chr16:85086903:prostate_gland:1,TP,1
-2.1471884,-0.3195756,0.24943982,-0.64022785,-0.48943606,-0.45546418,0.62627995,0.09011954,0.3241586,-0.33053356,0,chr1:151945687:Peyers_patch:0,TN,0
-4.658977,-3.0612385,-1.9195982,-0.70845413,-0.8808729,-0.37245822,-0.2055142,0.4337181,0.09560466,0.87717247,0,chr9:72292680:thoracic_aorta:0,TN,0
-3.2590477,-0.1445885,-0.31388986,-0.66165775,-0.4975559,-0.60108215,-0.230769,-0.5137013,0.27836162,-0.20071937,0,chr5:132883094:body_of_pancreas:0,TN,0
-3.5314996,-0.33293867,-0.1847677,0.48795033,-1.2927381,-1.0089343,-0.18917622,0.57236546,0.7849044,0.19589598,1,chr11:94519473:adrenal_gland:0,FN,0
-3.1157799,1.161359,-0.011742309,0.3846055,-0.9397937,-0.55964845,-0.7474636,0.013814001,0.030939616,-0.32635623,0,chr8:140831477:gastroesophageal_sphincter:0,TN,0
-2.5900733,-0.5932613,1.2130369,-0.38510898,0.33194625,-0.46692973,-0.019714119,0.2626744,0.45664018,0.20974751,0,chr10:130128103:gastrocnemius_medialis:0,TN,0
-0.30275664,-3.4090314,-0.32848728,1.7294846,0.7865419,1.068954,-0.20246994,-0.063650556,-0.24577811,-0.3880768,0,chr8:97277485:esophagus_muscularis_mucosa:0,FP,1
-2.2375734,0.115478694,1.3743722,0.52396965,0.10115404,-0.5663222,-0.068341866,-0.3252625,-0.34262362,0.27955896,0,chr22:30423639:esophagus_muscularis_mucosa:0,TN,0
-3.0390165,1.2218876,0.47550544,1.0205575,2.4822133e-05,-0.45316866,-0.581715,0.21056488,0.40216607,0.14393835,0,chr17:80427207:gastrocnemius_medialis:0,TN,0
6.8204417,-0.34373707,0.29452533,-0.2720735,-0.30544832,-0.5706001,-0.44780302,0.22410257,-0.191509,0.14781858,1,chr7:100949233:Peyers_patch:0,TP,1
-0.062112615,-0.78418934,-0.34885716,-0.22668076,-0.58066946,1.0290061,-0.5223624,0.29050416,1.0760571,-1.429975,0,chr22:24485812:transverse_colon:0,TN,0
6.568765,-0.0031535565,0.35422906,-0.39488783,0.5586032,-0.73118794,-0.5491168,-0.2734524,0.2415685,-0.60504633,1,chr16:85086903:thoracic_aorta:1,TP,1
-3.8840208,-1.3297154,0.5484967,-1.1365571,-0.6258302,0.18197665,-0.5952725,0.05588961,-0.46965432,0.24216937,0,chr10:17607758:prostate_gland:0,TN,0
-1.6251167,2.7182844,-0.19943254,0.07093712,-0.14894398,-0.22333534,-0.77295655,0.7589304,-0.07224161,-0.3267097,0,chr5:80092155:sigmoid_colon:0,TN,0
-2.1690962,0.26743785,1.3693852,-1.5208347,-0.30943197,0.54855895,-0.091843456,-0.53944707,-0.6435142,-0.23095202,0,chr11:74948733:body_of_pancreas:0,TN,0
1.0198649,-0.6302947,-0.49338207,-1.3141907,0.18814744,0.92702115,-0.3900145,-0.63460195,-1.1268299,-0.22119252,1,chr6:32700558:tibial_artery:0,TP,1
6.551527,0.4338792,0.14915407,-0.4534204,-0.19384123,-0.89036846,0.75882244,-0.5169122,0.03399543,0.3967992,1,chr17:23982409:tibial_artery:0,TP,1
0.26118597,-0.23201355,-2.13454,-1.1531498,1.4228083,-0.061503496,-0.95646656,1.1093789,-0.28137755,0.50082624,0,chr10:126227321:body_of_pancreas:0,FP,1
-2.6929379,1.4470547,0.9326041,0.20274952,-0.71826124,-0.63493496,-0.28747725,0.86976993,-0.051946007,-0.51235807,1,chr11:131064721:prostate_gland:0,FN,0
5.549337,-0.60361856,-0.76692796,-0.764021,0.9150866,-0.93309355,-0.72351074,0.28445345,0.19421202,-0.7959829,1,chr15:77077965:thyroid_gland:0,TP,1
7.043401,0.9213095,0.6764624,-0.8148995,-0.33466032,-0.78506464,-0.19134475,-0.18301602,0.37777588,0.16241127,1,chr7:142753147:body_of_pancreas:0,TP,1
6.620579,-0.5394222,0.25619388,-0.38846448,-0.29859802,-0.26122788,-0.18309395,0.17389159,-0.18215,0.5500857,1,chr3:81292180:spleen:0,TP,1
-2.4406273,-0.73287225,1.1889205,-1.6549772,-0.44474494,0.29464388,0.28803024,0.90568733,-0.05964924,0.3623575,0,chr7:44985942:body_of_pancreas:0,TN,0
-2.8594506,-1.3895602,0.088281795,-1.3809499,0.101483636,0.13003999,-0.23663342,-0.48514113,-0.63740146,0.14841035,1,chr9:127348292:tibial_nerve:0,FN,0
-2.5983012,-0.6814205,0.68366235,-1.3399404,-0.67068535,-0.3594997,0.0075548883,0.27025944,0.06970164,-0.00042310625,1,chr6:106223515:suprapubic_skin:0,FN,0
6.719853,0.052148983,0.6965487,0.23443274,-0.45674774,-0.37586138,0.2315518,-0.60042137,0.2173719,-0.113090955,1,chr9:62609408:thoracic_aorta:0,TP,1
-0.17951868,0.5687291,-2.0152142,-0.3917295,-0.7739551,0.5257421,0.2554778,-0.09988641,-0.057040945,0.19921434,1,chr5:123274158:esophagus_squamous_epithelium:0,FN,0
-2.2832437,2.0075786,1.0516554,0.0527682,-0.6305646,-0.25841948,-0.31997046,0.4838912,-0.073980756,-0.58071434,0,chr19:42923473:upper_lobe_of_left_lung:0,TN,0
-3.6276095,-0.42300725,-0.26530713,1.0832504,-0.6738431,-0.5934323,-0.55363184,-0.12345026,0.33401915,-0.28278637,0,chr3:13461706:tibial_nerve:0,TN,0
-2.7807267,-2.3696322,-0.2411229,-0.8093115,-0.78004247,-0.11751597,0.10163355,-0.42284378,-0.49443686,-0.20097212,0,chr2:111667723:spleen:0,TN,0
-0.9902735,1.3559667,0.39208138,1.5763303,-1.4350225,0.36334676,-0.122636594,-0.3818316,-0.30105537,-0.5137223,1,chr11:1652791:transverse_colon:0,FN,0
6.30999,-0.5415217,0.23115948,0.51282394,-0.20840932,0.22012448,-0.5304309,0.14307575,-0.1697497,0.24014877,1,chr17:45585364:testis:0,TP,1
-3.180696,0.5016447,0.35827795,0.56314236,-0.051673546,-0.560943,-0.19090919,0.15325983,-0.078415595,0.25480744,0,chr19:3618617:upper_lobe_of_left_lung:0,TN,0
0.68782336,0.29377759,0.791773,0.5487856,0.36868382,1.2378854,-0.3221993,-0.5943479,-0.18485709,-0.32221046,1,chr1:27556965:spleen:1,FN,0
-3.5477788,-1.2273997,-0.20685457,-1.1200398,0.11701707,0.3056298,0.16257569,-0.76737404,-0.6417071,-0.5049802,0,chr1:65264540:thoracic_aorta:0,TN,0
-1.0281807,-1.6164976,-0.75101393,1.1177571,1.1294265,-0.53058565,0.98279864,-0.10715345,0.011255413,-0.7275199,1,chr15:90957065:body_of_pancreas:0,FN,0
-2.7321398,0.27973548,1.8738843,-0.10519251,0.12152578,-0.022911338,0.16560344,0.514688,-0.32935238,-0.22397771,0,chr19:36791904:tibial_artery:0,TN,0
-0.41701055,1.0696807,1.156055,-1.3132461,0.07716332,0.6807907,-0.062230565,-0.65596265,1.0257435,0.10705461,1,chr13:59231448:body_of_pancreas:0,FN,0
-3.0194016,0.22657163,1.7367401,-0.13306017,0.4612173,-0.37850982,-0.047751937,0.15018009,0.1030365,0.40602615,0,chr5:173144896:testis:0,TN,0
-1.7933644,-0.56920624,-0.42677328,0.16639158,-0.59767324,0.32929435,-0.31158963,0.5674769,1.1727433,-0.7949275,0,chr1:95806692:spleen:0,TN,0
3.9264212,-1.6060039,-0.50535774,-0.86185265,-0.1629644,-0.002918084,-0.12258298,0.5504523,0.5301321,-1.5132002,1,chr14:106209962:transverse_colon:0,TP,1
0.5416301,1.4843168,-1.3902134,0.6413509,-0.43949398,1.2798613,0.94848365,-0.18953653,-0.3589289,-0.10002532,1,chr7:134519810:Peyers_patch:0,FN,0
-1.2436862,3.131626,-0.99980146,-0.27017805,-0.010036512,-0.41841307,0.26969686,-0.28675568,0.24779256,0.29580998,0,chr1:161647575:adrenal_gland:0,TN,0
-2.8224936,-0.6526485,0.8071843,-1.1614448,-0.15610829,0.07923296,-0.3241853,-0.5943198,-0.34720966,0.15816441,0,chr19:43210910:suprapubic_skin:0,TN,0
5.8314686,-0.5568476,-0.29486778,-0.4436086,0.9670565,-0.9485304,-0.7741413,0.060126066,-0.26297674,-0.5859793,1,chr1:192003039:prostate_gland:0,TP,1
0.70522076,1.9735345,-1.2089114,-0.8608458,0.7408832,0.098057576,0.38453588,-0.1407877,-0.77078557,0.02053126,0,chr20:50171759:body_of_pancreas:0,TN,0
-3.3344698,-2.1087666,-0.30484375,-1.4310676,-0.89730734,0.30347735,0.4529822,-0.5331505,-0.010876402,-0.119636185,0,chr1:64676311:transverse_colon:0,TN,0
4.278938,0.84884924,-0.6649796,-0.6960591,-0.3335909,-0.41656405,1.7570517,0.45053214,0.9452548,0.61376625,1,chr8:44636977:esophagus_muscularis_mucosa:0,TP,1
0.30777615,0.92988443,-1.5352134,-0.054401584,0.50658005,0.11062992,0.22662766,0.21621008,-0.7164486,0.23605847,1,chr8:64540948:body_of_pancreas:0,FN,0
-1.4427377,2.5003178,-0.56685394,-0.32809854,-0.43530288,-0.8827019,-0.11814376,0.36241248,0.045296475,-0.11975141,0,chr8:8247882:spleen:0,TN,0
-2.8598912,-0.36065313,0.83403265,1.5490768,-0.358339,-1.1129755,0.40636617,0.6164065,-0.0633264,0.3325674,0,chr12:12357162:body_of_pancreas:0,TN,0
-1.1534934,2.967902,0.032231703,0.27733722,-0.33145046,-0.30215713,-1.1063398,0.5370895,-0.12794553,-0.71988946,0,chr1:18821187:sigmoid_colon:0,TN,0
-1.9693445,-0.7564577,-0.82915956,0.39390096,0.575212,-0.07772144,0.32577404,-1.2886248,-0.12576792,0.6545163,0,chr9:63860279:body_of_pancreas:0,TN,0
-2.8132799,1.0722096,1.1415257,0.8780142,-0.34050053,-0.6444007,0.017972998,1.0322372,0.025369942,-0.20303236,0,chr15:32388404:transverse_colon:0,TN,0
-1.0204258,-1.2212759,-2.5975428,-0.5951495,0.13042195,0.27536216,0.13571626,1.1038088,-1.7110795,-0.05556035,0,chr6:89971746:body_of_pancreas:0,TN,0
-2.8753552,-1.0551096,-0.14607197,-0.0016937581,-0.33217967,-0.106892325,0.11826737,-1.2342533,0.20909232,0.1352015,0,chr9:65676571:body_of_pancreas:0,TN,0
4.1659665,0.009953345,-0.44296196,-0.57911867,0.04733613,-0.1697804,0.24374893,-0.6026317,-0.58295876,0.7940962,0,chr7:65871218:body_of_pancreas:0,FP,1
3.791162,-2.1114678,-0.64181656,0.23388736,0.37504983,-0.3960697,0.42301318,-0.92238516,-0.31755316,-0.5648771,0,chr1:19647719:transverse_colon:0,FP,1
-1.1358732,2.2731545,-1.6086377,-0.82966065,-0.038736343,0.08024437,0.5179296,0.5205924,-1.1592157,0.38264963,0,chr7:85877525:body_of_pancreas:0,TN,0
-2.9888175,0.7936455,0.58695745,0.70359373,0.14244366,-0.06872105,0.18740389,0.21882708,0.28634924,0.14570911,1,chr8:41651698:transverse_colon:0,FN,0
4.8534174,1.4206564,-0.7885025,-0.85532206,0.5444319,-0.24933936,0.6956386,0.02511351,0.79675955,1.019551,1,chr17:22856764:testis:0,TP,1
-3.3992717,-1.3251692,0.31259754,0.014167228,0.42415583,0.44980305,0.0868268,-0.4610432,-0.7649174,-0.4765752,0,chr9:127558837:body_of_pancreas:0,TN,0
-0.20041147,0.43580964,2.5134392,-1.2620994,0.91572285,0.7506939,0.11289502,-0.6006393,-0.79028016,-0.7431522,1,chr3:157077735:thoracic_aorta:0,FN,0
-3.2111144,0.08500646,1.4304615,0.099527426,-0.5106014,-0.5964216,0.2560692,0.7950935,-0.11417761,-0.07439857,0,chr11:129696084:transverse_colon:0,TN,0
6.3803706,-0.3955349,0.16560015,-0.41815937,0.30585173,-0.81541103,-0.050227974,-0.13405335,-0.20321967,-0.3504475,1,chr19:1037766:upper_lobe_of_left_lung:0,TP,1
-2.6852925,-3.8444235,-1.6653719,0.27243018,-0.79456466,0.6851856,0.055409297,0.6055806,0.42905143,-0.15388371,0,chr11:26754057:prostate_gland:0,TN,0
-1.1582319,-0.8998884,-1.5893652,0.5248699,1.8109865,0.6760224,-0.82414216,0.33410692,0.30084527,0.44758618,1,chr8:144020457:transverse_colon:0,FN,0
7.0292573,0.011725005,0.46170858,-0.23299918,-0.1984917,-0.8428636,-0.35684255,-0.045906585,-0.31935436,-0.11996946,1,chr3:75785609:transverse_colon:0,TP,1
4.616491,-0.7617601,-0.4010233,-0.73669916,2.0685513,-0.0722308,-0.88210547,0.059105527,0.57929456,-0.53747475,1,chr17:80290381:body_of_pancreas:0,TP,1
-1.3691411,2.81925,-0.26510796,0.23458067,0.048796393,-0.1728615,-0.8328401,0.41660967,-0.2234723,-0.3296281,1,chr8:41651698:tibial_nerve:0,FN,0
-1.2889305,-0.6625239,0.84756696,1.6248002,1.1690437,0.76860064,-0.3765015,-0.78361595,-0.6861378,0.13212289,1,chr16:4273965:transverse_colon:0,FN,0
-2.0510416,-3.5733356,-0.8095394,-1.329754,0.73239875,0.5625998,0.36094072,0.5509273,-0.16730145,-0.64780307,0,chr10:84196592:transverse_colon:0,TN,0
6.8652515,0.60652786,0.57254404,-0.6328269,-0.41011474,-0.44582954,-0.38839716,0.04997078,0.29870784,0.0030741447,1,chr1:13277261:upper_lobe_of_left_lung:0,TP,1
-2.1744697,2.2250369,-1.6426946,-0.69430745,0.4262347,-0.11452177,0.37233075,0.025916457,-0.65095717,-0.0033788704,1,chr17:61637582:sigmoid_colon:0,FN,0
-1.8301361,0.34738442,1.8812715,-0.12374227,0.51621705,-0.17320362,0.42724365,0.011217744,-0.34636956,0.33925882,0,chr11:101127373:tibial_nerve:0,TN,0
4.3930106,0.012573465,0.07188586,0.32639724,1.3140296,-0.38517493,-0.21934871,-0.7418287,1.0033299,-0.26792082,1,chr16:579030:upper_lobe_of_left_lung:0,TP,1
-3.417789,-1.5291343,0.9702699,-1.1169745,0.5495304,0.541733,0.34592214,0.09662988,-0.65079415,0.35352367,0,chr12:6372809:Peyers_patch:0,TN,0
-1.6292334,0.49298567,-0.40473554,1.1476504,0.4745826,0.30584002,-0.22194214,-0.23076318,0.5822854,-0.66419286,0,chr16:1781910:esophagus_muscularis_mucosa:0,TN,0
2.9998076,-1.2230264,-0.13986091,-0.19440567,1.1227106,0.3124126,0.11989751,0.05760903,0.3299403,-1.0370443,0,chr12:52873780:prostate_gland:0,FP,1
5.509167,-0.18443598,-0.17552842,-0.14952418,1.1825043,-0.20994212,-0.9160955,0.012159381,0.68927175,-0.32139057,1,chr16:14928207:sigmoid_colon:0,TP,1
-2.2942264,-0.5937263,1.910572,0.71143395,0.5243219,0.3856651,0.3002846,0.22117713,0.007427183,0.23677246,0,chr3:38004036:body_of_pancreas:0,TN,0
-0.7948586,0.8060226,0.87225425,1.2954206,0.17778963,-0.004661691,-0.22962433,-0.9170993,0.23731482,-0.5323484,0,chr2:232327219:prostate_gland:0,TN,0
-2.834668,0.093143836,0.48400852,1.0901464,-0.82899666,0.24749845,-0.10080808,-0.39718887,0.047297504,0.3149549,0,chr9:75890549:upper_lobe_of_left_lung:0,TN,0
-3.0358088,-1.4670981,1.008652,-0.39193758,0.018624179,-0.50981915,0.41788307,0.19833153,-0.09515954,0.3782793,1,chr2:73620102:body_of_pancreas:0,FN,0
-3.3183758,0.7062306,-0.26599416,0.87253016,-0.45711908,-0.28807303,-0.29573214,0.09756,0.014402218,-0.3328131,1,chr5:149431239:adrenal_gland:0,FN,0
-2.2808685,0.8714861,-0.42916718,-0.55240726,0.28513288,-0.039923105,-0.20845325,-0.68533725,0.08412736,0.13624488,0,chr16:10954516:body_of_pancreas:0,TN,0
4.7489123,-1.6197081,-0.42576388,0.6051229,0.3230804,0.42573744,-0.76873916,0.1085913,0.037156314,-0.32379496,1,chr12:38138330:upper_lobe_of_left_lung:0,TP,1
4.311324,-1.5709583,-0.9485669,0.104848005,-0.30311343,0.33761904,0.5597441,0.6598024,-0.7257157,0.13254273,1,chr10:96641123:prostate_gland:0,TP,1
-1.7483939,0.31471017,1.0424522,1.6821004,-0.017783208,-0.6358164,0.48343092,0.23641141,0.0013127376,-0.515357,1,chr15:40906278:spleen:0,FN,0
-2.592997,-1.6162752,0.92589796,1.0155648,0.57206684,0.29393756,0.0078009916,-0.57319397,-0.82121456,0.053475555,0,chr12:127280801:Peyers_patch:0,TN,0
-3.4771721,-1.6152074,-0.340149,1.4349693,-0.23480462,-0.58471787,0.11610545,-0.7221596,-0.10166513,0.22403586,0,chr2:152176078:gastroesophageal_sphincter:0,TN,0
-1.6461427,2.6128795,-1.0013063,-0.6349447,0.1742706,-0.24270198,0.045916535,-0.0813364,-0.65183663,0.019054476,0,chr2:25700252:gastroesophageal_sphincter:0,TN,0
6.673634,0.027910562,0.040156458,-0.51390874,-0.23578575,-1.0141052,0.043659322,-0.0047049425,-0.10691636,-0.042700768,1,chr17:23044492:transverse_colon:0,TP,1
1.8731488,2.7736003,-0.55277544,-0.5243341,-0.068228535,-0.06495592,0.7766289,-0.3060008,-0.589769,0.399223,1,chr2:240663887:body_of_pancreas:0,FN,0
-3.9754994,-3.0102744,-2.0249667,-0.54350686,-1.5210774,-0.54862905,-0.2797955,-0.16781454,0.26446864,-0.02554324,0,chr2:46011104:Peyers_patch:0,TN,0
-3.6472013,-2.1039424,-0.30589846,-0.77040726,-0.4019093,-0.7215,-0.8069012,-0.5724246,-0.040232826,0.76990205,0,chr3:169150666:body_of_pancreas:0,TN,0
6.486089,-0.417254,-0.11707806,-0.5376392,0.17413667,-1.0059696,-0.47409472,-0.0864379,0.0688399,-0.4262987,1,chr12:52949266:upper_lobe_of_left_lung:0,TP,1
-2.7097127,1.0342363,1.1248862,0.6861512,-0.16550231,-0.61039144,-0.14032789,1.035296,0.29806247,0.2850542,0,chr10:6202324:transverse_colon:0,TN,0
-1.2189487,0.79319227,1.7152811,-0.13266186,-0.41434205,0.7955171,-0.054174718,-0.11045871,-0.18697508,-0.36169577,1,chr14:90697830:esophagus_squamous_epithelium:0,FN,0
-3.4886072,0.930618,-2.0348203,0.0717655,-0.15186957,0.13741389,-0.91479844,0.66010857,-0.44666818,-0.43067083,1,chr7:47266370:adrenal_gland:0,FN,0
6.265825,0.33959177,0.19587016,-0.44819248,0.6188581,-0.73007536,-0.42045805,-0.27127263,0.43292183,-0.36482552,1,chr16:85086903:upper_lobe_of_left_lung:0,TP,1
3.032195,-2.2209563,-0.7268593,1.3905612,0.6183332,1.2886055,-0.6118152,0.025699534,-0.15608113,-0.14395936,1,chr5:179213127:tibial_nerve:0,TP,1
6.4825587,-0.59258586,-0.007085273,-0.41243145,0.29781023,-0.9023476,-0.6439681,0.017921595,0.16573755,-0.28095272,1,chr12:8390645:transverse_colon:0,TP,1
-3.3609116,0.01849577,1.1156747,0.3218248,-0.3460919,-0.9613416,-0.17372276,0.9371842,0.2586518,0.5039055,1,chr9:97633155:esophagus_muscularis_mucosa:0,FN,0
0.49314645,0.068708405,0.3992866,-0.7055485,0.6233361,1.1722932,-0.4777182,-0.18035296,0.049715806,-0.28056303,1,chr16:21935488:prostate_gland:0,FN,0
-0.45073262,0.29106224,-1.0579743,0.13151188,2.0905054,-0.16984971,-0.33058593,0.17588122,-0.6536377,0.1051246,1,chr18:597094:prostate_gland:1,FN,0
-2.3727396,-0.45815212,-0.6069495,-0.03391609,0.07681515,0.39938956,0.77187514,0.5671631,1.0810783,-1.1665981,0,chr5:149902426:adrenal_gland:0,TN,0
1.5517017,1.4701787,0.61731297,0.118836,-0.50764745,0.8627538,0.7704778,1.0170857,1.1840904,-0.17549226,0,chr1:202118807:transverse_colon:0,FP,1
-3.178845,-0.89679587,0.9939385,-0.6278404,-0.2873132,-0.5943164,0.13494302,1.3496833,0.5025755,0.17391084,0,chr10:23158214:Peyers_patch:0,TN,0
-3.1555388,-2.5537665,0.39933702,0.5992337,0.309836,0.19846532,0.5128369,0.24467415,-0.0996171,0.07343068,0,chr7:27200862:body_of_pancreas:0,TN,0
-3.2529895,0.5780103,0.479248,0.8424055,0.38264692,-0.9547308,-0.2869352,0.2838706,-0.43350053,0.3340343,0,chr2:96208568:tibial_nerve:0,TN,0
-2.7413146,-0.6638123,1.2047238,-0.8269032,-0.24901874,-0.43674082,-0.30800602,-0.3688699,-0.053658266,0.63821816,0,chr6:150599745:transverse_colon:0,TN,0
-2.0924633,-0.8779595,-1.1965063,-0.38857758,-0.509505,0.18109033,0.21422338,0.34649467,0.770656,0.030159108,1,chr1:108214824:transverse_colon:0,FN,0
-2.7362864,-0.9570805,1.0570558,-0.15029483,0.6422267,-0.12174688,0.1272592,0.4725241,0.5874234,0.43941,1,chr6:131199853:tibial_nerve:0,FN,0
-1.030973,1.3308843,-0.8536366,1.0453434,-0.9030674,-0.8479045,0.45093155,-0.66214573,-0.6855248,-0.25992003,0,chr11:43680454:testis:0,TN,0
-1.2175815,-1.2211739,0.096186005,2.0601566,1.1559588,0.056297913,-0.26794925,0.08208583,-0.2105836,-0.3731948,1,chr8:143738697:prostate_gland:0,FN,0
-1.9095305,-0.83219635,0.6313266,2.0340443,0.90890986,-1.2406921,0.4489822,-0.2010492,-0.16297606,0.24868986,0,chr5:178730754:tibial_artery:0,TN,0
-4.0210867,-0.4373004,0.19505405,0.27001685,-0.92804605,-0.65246296,-0.2190693,0.57416946,-0.06341987,0.052634455,0,chr6:24991997:thyroid_gland:0,TN,0
1.1941228,2.7653265,-0.5254632,-0.30619338,-0.04827409,0.39495683,1.6488047,-0.33717194,-0.71067107,0.45270392,0,chr17:61777919:sigmoid_colon:0,TN,0
-3.4380374,-1.4457039,0.64139336,-1.558572,-0.32834664,0.43448138,-0.29965064,-0.54866225,0.09327258,0.0013114064,0,chr11:12894326:esophagus_muscularis_mucosa:0,TN,0
-1.367951,1.8199495,-1.2183247,0.17180699,0.66567504,0.3009516,0.4865271,-0.32428586,-0.15468535,-0.09994854,1,chr19:17260758:spleen:0,FN,0
-1.5287354,2.9965694,-0.02763517,-0.024625791,-0.14115101,-0.067736484,-1.3467346,0.5427431,-0.13226378,-0.58343,0,chr10:14543432:tibial_nerve:0,TN,0
-2.2276225,0.2460224,1.264467,0.13506371,-0.012887342,-0.10245726,-0.19802065,0.018807944,0.10689288,-0.8691297,1,chr5:149431239:Peyers_patch:0,FN,0
0.20987654,2.641914,-0.85431147,0.22432977,0.12901169,-0.13290748,0.7104097,-0.95402974,-0.6847151,0.20914868,1,chr8:30486503:gastroesophageal_sphincter:0,FN,0
6.2102947,-1.0281775,-0.170634,-0.46946344,0.07084153,-0.54440475,-0.45473397,0.25458372,-0.11828255,-0.12805687,1,chr8:93405667:thyroid_gland:0,TP,1
-1.7624836,2.7834132,0.5842179,0.25249115,-0.5771387,-0.7046859,-1.0323349,0.92118555,0.35534903,-0.3831243,0,chr15:97235651:esophagus_muscularis_mucosa:0,TN,0
-0.43393907,-1.3312374,0.2907074,-0.58144253,0.9448092,0.66391855,0.14160101,-1.1841966,0.40359512,-0.37124476,0,chr1:146401430:thoracic_aorta:0,TN,0
0.69168204,1.0693489,-1.4610271,-0.80945307,0.52137005,-0.27435654,1.6675494,0.56825995,0.9372317,0.7130003,1,chr2:93976867:gastrocnemius_medialis:0,FN,0
7.136935,0.11497958,0.45740956,-0.34733522,-0.17057256,-0.7266336,-0.31774315,-0.0662619,-0.2638948,-0.0326054,1,chr3:75785547:adrenal_gland:0,TP,1
-1.8368995,0.5508293,-1.6632986,0.19754119,0.20487593,0.47578117,-0.02545503,0.09554919,0.67239696,-0.36546332,0,chr19:7239825:transverse_colon:0,TN,0
-0.58110535,2.1460195,-0.1648423,0.69206184,0.014644956,-0.50740135,0.076132864,-0.49028647,-0.5913644,-0.96848434,0,chr6:150865507:spleen:0,TN,0
-3.590006,-1.5202012,-0.55488384,0.5254115,-0.7124176,-0.66136825,-0.1480137,-0.664312,0.06108546,0.098961346,0,chr14:69818942:upper_lobe_of_left_lung:0,TN,0
-1.6575036,-0.34736377,-0.16808027,-1.0923957,-0.3080535,-0.603749,0.25169206,-0.050845884,0.0008624516,-0.30411765,1,chr6:106223515:prostate_gland:1,FN,0
-2.3645437,-1.0246844,-0.7584508,-0.769944,-0.031865984,0.5157841,0.19492687,-0.58567744,-0.053504396,0.029425232,0,chr2:232203751:body_of_pancreas:0,TN,0
-4.0744247,-0.82083106,-1.1114515,-0.31489658,-0.8669722,-0.18548857,-0.55856323,-0.31646138,0.3472687,-0.25153184,0,chr2:52503462:body_of_pancreas:0,TN,0
-1.3848476,0.57792425,1.714108,1.4677807,1.2697033,-0.07000188,0.33781224,-0.003374681,0.55123395,0.45429197,1,chr5:181184339:body_of_pancreas:0,FN,0
-1.316275,-0.9289962,1.2940922,1.900091,-0.040942498,0.44116023,0.21774384,-0.21070279,-0.14008327,-0.062098023,0,chr5:181184339:upper_lobe_of_left_lung:0,TN,0
-3.3226182,-1.0753909,0.991192,0.29645243,0.09697506,0.005386622,0.5272426,0.9787712,-0.033830024,0.274654,0,chr10:119317424:thoracic_aorta:0,TN,0
0.43486583,-0.31024128,1.6550815,-0.33275774,0.80167323,1.6012585,-0.5076306,0.23989075,-0.85177714,-0.4411563,1,chr1:27556965:transverse_colon:1,FN,0
4.6405277,-0.90910023,-0.4189911,0.17129922,0.113030724,0.4430728,0.28196588,-0.05947734,-0.109370805,0.1692006,1,chr10:96641123:esophagus_squamous_epithelium:0,TP,1
-1.8396884,0.532794,0.43686402,-1.2980248,0.7505188,-0.012199788,0.3111607,0.20624489,0.44693118,-0.32864875,0,chr5:10607406:upper_lobe_of_left_lung:0,TN,0
-2.9771307,0.50826174,0.59265894,0.37905335,-0.83562213,-0.6247439,-0.23326924,-0.15984213,0.24857283,-0.12936966,0,chr10:100481455:upper_lobe_of_left_lung:0,TN,0
-2.6908855,-0.6833908,-0.11863969,0.99306697,0.9243454,-0.024200346,0.45612875,0.35514808,0.013406078,0.025070151,1,chr22:46739374:body_of_pancreas:0,FN,0
-1.3538415,1.5559387,-1.1675324,0.06970486,0.45714942,-0.1814271,1.1117148,-0.27799064,-0.12275842,0.6904228,1,chr11:66580245:body_of_pancreas:0,FN,0
-2.8295124,1.4355049,0.1877416,1.1691731,-0.34879535,-0.7367435,-0.35768726,0.882448,0.12313299,-0.3892923,0,chr2:28452449:Peyers_patch:0,TN,0
-2.2712462,0.4083911,1.1529313,0.9169049,0.05480843,-0.70484024,0.07174928,-0.18587184,0.055186193,0.23973313,0,chr22:30423639:testis:0,TN,0
-1.0062747,1.0648983,-1.2821437,-0.09027759,-0.09736572,-0.01488993,1.2927338,0.0027317419,-0.13101695,-0.8363804,1,chr3:1072175:Peyers_patch:0,FN,0
-2.519742,1.5002952,-1.3932787,-0.15308435,-0.3724401,-0.3088831,-0.15927187,-0.5431509,-0.4917959,-0.5196846,0,chr12:115383505:prostate_gland:0,TN,0
2.61127,-2.2528238,-1.4580373,0.11993326,0.92206025,-0.6595326,0.08510908,0.19540472,0.6244658,-0.79378206,0,chr16:28317594:thoracic_aorta:0,FP,1
-3.7606719,-1.8321829,0.21849295,-0.025797948,0.85180193,0.59056294,0.24181709,-0.052722596,-0.41239038,0.16620557,0,chr16:88763413:upper_lobe_of_left_lung:0,TN,0
-2.3023632,0.5903804,-2.3618622,-0.7887449,0.48670843,-0.1860978,-0.1504809,0.5900234,-0.41711664,0.8384564,0,chr2:73481655:body_of_pancreas:0,TN,0
-2.7132452,0.44708714,0.99164236,-0.8992285,-0.15266168,0.22784247,-0.08647184,-0.56717396,-0.21382187,0.22057821,0,chr8:54166457:Peyers_patch:0,TN,0
-2.5295699,0.029034004,0.6469901,0.7627384,0.41205445,-0.33524877,-0.100095324,-1.0132974,0.49048427,0.8230477,0,chr11:63839165:tibial_artery:0,TN,0
-2.673045,1.6984572,0.93307424,0.46866944,-0.33045992,0.0028302127,-0.31065547,0.08430412,0.03723685,-0.42641464,0,chr12:109597967:gastrocnemius_medialis:0,TN,0
4.623245,-0.82948124,-0.8715501,-0.7522048,-0.11386849,-0.58389956,0.061641417,0.38016734,-0.38680106,0.45461315,1,chr17:64014379:body_of_pancreas:0,TP,1
6.063716,0.60216695,0.017227687,-0.74096054,-0.10391058,-0.7015808,0.37455204,0.38631603,0.97145486,0.54970443,1,chr8:45161494:transverse_colon:0,TP,1
2.6149638,-0.47409368,-0.1323325,0.572958,1.2337861,-0.5565825,0.60249585,-0.0683343,1.0355258,0.030501084,1,chr16:579030:body_of_pancreas:0,TP,1
3.5634983,2.2342746,2.639125,0.9022804,-1.7248775,0.23305456,1.3909446,0.08602131,-0.14659919,-0.24222384,0,chr16:2639134:adrenal_gland:0,FP,1
-0.47878307,-0.6292586,1.3209342,1.5107979,1.3837893,0.70505995,-0.055640966,-0.86316717,-0.675248,0.02093458,1,chr16:4273965:upper_lobe_of_left_lung:0,FN,0
-2.331714,1.3290744,0.46340773,1.0955724,0.6398936,-0.57793367,-0.2679091,0.0036638102,-0.39526433,0.31392294,1,chr2:46699152:spleen:0,FN,0
0.5949077,1.4228141,1.2185274,-0.3248758,-0.92615306,0.959759,0.75577503,-0.2933696,-0.4762009,-0.72507113,1,chr2:196068383:prostate_gland:0,FN,0
5.9328103,-1.0088913,0.11043494,0.26355648,-0.43038484,0.24855272,-0.47258973,0.32949582,-0.022694264,0.04533044,1,chr6:29705705:body_of_pancreas:0,TP,1
-2.2552452,0.690177,2.0194004,-0.056155115,0.36097276,-0.8253524,0.06596368,0.7753456,0.52684987,0.49527067,0,chr7:148941347:tibial_nerve:0,TN,0
6.257429,-0.44981933,0.22796254,0.12424841,-0.6969744,-0.60006475,0.20690294,-0.21856783,-0.22623067,0.004249288,0,chr12:121918386:testis:0,FP,1
-3.3213468,-0.037378453,-0.092842475,1.0743736,0.022967275,-1.1979346,-0.34564507,0.0006265453,0.18116081,0.40577856,1,chr1:26921783:body_of_pancreas:0,FN,0
-2.761888,0.6155876,1.5305197,-0.6085563,-0.54986405,-0.32846937,-0.26876208,-0.040326986,0.0501569,-0.30722058,0,chr10:100481455:transverse_colon:0,TN,0
-3.7209535,-0.7363909,0.52863675,0.21421023,-0.6127738,-0.44753295,-0.25817674,-0.09155443,0.6352892,0.41809404,0,chr17:77282615:transverse_colon:0,TN,0
1.8119648,0.009160979,0.5699954,0.17382006,1.5628108,-0.10710631,1.352932,-0.16725206,0.5447918,-1.0777144,0,chr19:14097969:adrenal_gland:0,FP,1
-3.360095,-1.084768,0.035889577,0.23882994,0.79599553,0.114750214,0.14518346,-0.46463215,0.37557566,0.57738996,1,chr8:41651698:body_of_pancreas:1,FN,0
4.392621,-0.043549806,-0.7723678,-0.2961726,-0.7270293,0.32749304,-0.16949515,0.30687067,-0.86562866,1.3975464,1,chr7:73725711:tibial_artery:0,TP,1
-3.4559247,-1.6313303,-1.1379044,-0.048323777,-0.9990446,0.47295663,0.056976475,-0.4460985,0.5619747,-0.019271053,0,chr10:84375202:body_of_pancreas:0,TN,0
-2.2655628,2.341353,-1.0470935,-0.3315292,-0.08011654,-0.760876,-0.5599581,0.100242935,-0.2729338,-0.2072882,0,chr1:153352478:body_of_pancreas:0,TN,0
-1.7896013,-0.28470954,1.0432054,-0.59971434,0.36426142,0.5905739,0.6287634,-0.5027098,0.025980186,-0.40963715,0,chr18:49640323:body_of_pancreas:0,TN,0
-0.4978605,-2.295808,-2.1154666,-0.7986845,-1.8094205,-0.5761847,0.8092831,0.3686302,0.41672447,-0.741702,0,chr9:86532899:body_of_pancreas:0,FP,1
-1.084939,2.9374566,-0.5148593,0.042391922,-0.039777685,-0.1916448,-0.9582404,0.48517317,-0.25925428,-0.45584694,1,chr8:41651698:spleen:0,FN,0
6.3140445,-0.59672904,0.24603675,0.39181358,-0.30054167,0.019224051,-0.6084275,0.26141164,-0.1892922,0.18024682,1,chr17:45585364:tibial_artery:1,TP,1
5.109471,-0.34699515,0.05460831,-0.42677543,1.3397595,-0.39997074,0.24860062,-0.032854386,0.878642,-0.9209136,1,chr19:45678133:upper_lobe_of_left_lung:0,TP,1
2.246734,-1.2781225,0.6943395,0.46302417,1.8294057,-0.46833003,0.11320608,-1.5424268,-0.31959832,-0.77058804,1,chr4:1752766:upper_lobe_of_left_lung:0,TP,1
-2.2218199,-1.4446671,0.27941108,-0.5783866,0.5072529,0.29536748,0.9888865,-0.038219757,-0.12118388,0.40018603,1,chr16:50858165:body_of_pancreas:0,FN,0
-1.3493427,-0.32166785,1.3449469,-0.26798028,1.0043095,0.07791094,-0.13392667,-1.008317,0.19014251,0.092901014,0,chr2:239144036:testis:0,TN,0
1.8479822,0.06280197,-0.06260194,-0.6599628,-0.050791994,-1.1773323,1.8771309,0.6149502,-0.59698284,-0.33229998,0,chr14:48070006:adrenal_gland:0,FP,1
0.07046045,3.0339344,-0.9162499,-0.2503052,0.41650495,0.6037065,0.37048656,-0.36563385,0.4090857,0.14556819,0,chr16:71961415:prostate_gland:0,TN,0
6.779155,4.8176994,3.5615559,-1.2391118,1.5613382,-0.97512466,1.3414993,-1.75127,0.31385484,-0.49693584,0,chr14:90785685:transverse_colon:0,FP,1
-3.160072,0.8710377,0.28643405,0.7708462,0.2764134,-0.55854243,-0.5543342,-0.5420955,0.2326299,0.6012004,0,chr15:34210265:gastrocnemius_medialis:0,TN,0
6.86527,0.347909,0.4003006,-0.6216537,-0.4245613,-0.4201622,-0.23078616,-0.024702752,0.0066642873,0.24896474,1,chr2:86221296:prostate_gland:0,TP,1
-3.6409822,-2.3231232,-0.2813295,-1.1554204,-0.27548796,-0.2484543,-0.42498147,-0.45683476,-0.5168623,0.7161544,1,chr9:127348292:gastrocnemius_medialis:0,FN,0
-2.7557225,1.7429789,-0.9609993,-0.10842702,-0.16834655,0.16275705,-0.5357388,0.034389455,-0.17357896,-0.06061518,0,chr17:30340263:prostate_gland:0,TN,0
4.909134,0.558587,-0.54257125,-0.9562476,0.5263316,-1.0042456,0.36979812,0.05289078,1.3477077,-0.42281103,1,chr20:29891901:testis:0,TP,1
-2.24054,0.07998159,2.0793378,-0.81552994,0.4083377,-0.41428182,-0.18132669,-0.7950448,-0.38264498,0.6820232,1,chr1:23960406:upper_lobe_of_left_lung:0,FN,0
2.53981,-0.1833736,0.030752879,1.3350891,-0.1039416,0.56903064,-0.11595328,-0.003968122,-0.16906181,-0.45772645,0,chr7:64999336:adrenal_gland:0,FP,1
-0.4827621,0.5601275,-0.13459775,-0.63804513,0.030758588,0.20778473,-0.3978062,0.07939469,-0.27476865,-0.07316242,0,chr11:74453763:thoracic_aorta:0,TN,0
-4.395784,-1.5774027,-0.42778972,0.05574681,-1.2465758,-0.5320485,0.28642455,0.49063033,0.21344224,-0.26094276,0,chr4:82462411:spleen:0,TN,0
3.0939307,-0.2850202,-0.85971224,-0.20605025,-0.15721565,-0.175216,0.13185821,-0.4562793,0.11517606,0.19493471,0,chr22:50756632:transverse_colon:0,FP,1
-0.76766276,-1.2690312,-1.4735324,-0.336647,-0.112606674,1.0841295,0.4694705,-0.047607347,0.7945551,-0.52360296,0,chr3:43734137:thoracic_aorta:0,TN,0
-1.4157885,0.07684301,-0.9282369,0.47569507,0.54471326,-0.87064666,0.6999719,0.31413427,0.028502233,0.14192806,1,chr9:129441271:thoracic_aorta:0,FN,0
2.6536298,-2.3143857,-0.43295068,1.2650307,-0.01432843,1.2024496,-0.2607248,0.15567628,-0.1543592,0.07647522,1,chr1:20575428:tibial_nerve:0,TP,1
-2.9833245,-0.57906234,-0.56975543,-0.8870691,-0.60170144,0.668961,-0.36716822,-0.21005575,-0.31248048,-0.11088562,0,chr14:76832128:body_of_pancreas:0,TN,0
5.944424,-0.55743915,-0.17415139,0.22825967,-0.4487927,-0.30929455,0.17052868,-0.071683355,-0.14277603,-0.2571505,1,chr12:121918386:prostate_gland:0,TP,1
-1.4785879,1.8350395,-0.78513867,0.10804037,-0.18727301,0.21493483,0.8520968,0.046227794,-0.17459166,0.5284256,0,chr5:80092155:adrenal_gland:0,TN,0
5.9021945,-0.7310084,0.3429451,0.41598848,-0.64895976,0.15330589,-0.7121419,0.124745734,-0.41379237,0.33128625,1,chr7:78040381:body_of_pancreas:0,TP,1
5.7221885,-0.09185617,-0.47073856,-0.79200083,0.6907064,-0.8991722,-0.69565105,0.22253728,-0.036225967,-0.31762207,1,chr20:21120370:thyroid_gland:0,TP,1
0.115182124,0.35532174,1.1737971,0.5847055,0.6655937,0.9768676,0.26919836,1.7462032,0.37492517,-0.69386035,1,chr1:27556965:tibial_artery:0,FN,0
-1.8974806,1.2702353,-1.2500783,0.25891274,-0.34493884,0.26488072,0.3311654,-0.5466503,-0.20790239,0.25545183,0,chr11:6612917:gastrocnemius_medialis:0,TN,0
-2.669281,-1.4001943,0.15493588,-0.120366655,0.24392197,0.556263,0.58847594,0.20723248,-0.5063227,-0.3164195,1,chr11:1303541:body_of_pancreas:0,FN,0
6.3031015,0.8658034,0.86808634,0.30585617,-1.185302,0.37708166,0.27435556,-0.43954128,-0.3220247,0.49665654,1,chr15:33226849:tibial_nerve:0,TP,1
4.7249665,-2.0365517,-0.26618624,0.9429112,0.2403097,0.7090506,-0.67941487,0.524952,-0.4134036,0.05320933,1,chr9:42852316:adrenal_gland:0,TP,1
-1.9530905,1.231982,1.6368685,-0.37014493,0.24472773,0.64622265,-0.52191633,0.75184894,0.5762653,-0.07257853,0,chr21:37712460:body_of_pancreas:0,TN,0
-1.3232462,2.0599556,-1.4187725,-0.67861074,0.6137492,0.23785762,-0.2253203,-0.3272896,0.09507406,0.4941829,0,chr21:5260541:esophagus_squamous_epithelium:0,TN,0
1.1509401,-0.98213094,0.41434863,1.1690933,1.241509,-0.44393384,0.67402405,-0.674449,0.30046153,-0.012464582,0,chr17:78925348:upper_lobe_of_left_lung:0,FP,1
-3.6640198,-0.4644315,-0.2895767,-0.13244744,-0.8193503,-0.7808875,-0.5818825,0.7440594,0.62069964,0.22362445,0,chr1:67659484:tibial_artery:0,TN,0
-2.637516,-0.5286819,-0.2717674,1.5662451,-0.42090246,-0.89504254,-0.08707191,-0.61525315,-0.18440998,0.10838432,0,chr6:144286170:body_of_pancreas:0,TN,0
-3.4398043,0.31531206,-0.7431084,0.9661484,-0.8602688,-0.68385786,-0.65406877,-0.0032280136,0.46232054,0.12187456,1,chr9:97633155:gastroesophageal_sphincter:0,FN,0
-2.5041413,0.30004326,0.40211096,0.796172,-0.19518943,-0.37697718,-0.23355734,-0.49921378,0.13046892,-0.23160924,0,chr2:237858560:body_of_pancreas:0,TN,0
6.543256,-0.20156315,0.5779437,0.21369097,-0.7216333,0.22945648,0.108507074,-0.36820158,0.42888117,0.3487463,1,chr11:60251676:Peyers_patch:0,TP,1
-2.5914314,0.32665154,0.18735287,0.41386387,0.41435233,0.67030346,-0.09920314,0.73611945,-0.51206315,0.15196933,0,chr16:28615870:gastrocnemius_medialis:0,TN,0
-0.8677606,2.3934774,-1.1274378,-0.3882785,0.93593234,-0.30478784,0.66511,0.271602,-0.21334185,0.32826942,0,chr5:112360842:body_of_pancreas:0,TN,0
-1.5060122,2.2052197,1.0883101,1.1831099,-0.56917953,0.027702168,-0.53425425,0.2824004,0.36881903,-0.36278883,0,chr3:197510147:thoracic_aorta:0,TN,0
-2.8751926,-0.9941256,0.9207472,-0.14923507,-0.36705977,0.1721995,0.016486151,-0.4111709,0.043804318,-0.14119329,0,chr15:53197580:tibial_nerve:0,TN,0
-2.1094463,2.1759367,0.8081345,0.42328092,-0.7083702,-0.18792242,0.25970468,0.6937309,-0.35063985,-0.79280245,1,chr16:4548780:gastroesophageal_sphincter:0,FN,0
-2.7418797,-1.3756957,0.83260405,-1.7354589,-0.4337959,0.24844392,-0.86361206,-1.1026069,-0.6080943,0.56941336,0,chr18:61551833:prostate_gland:0,TN,0
6.6828847,-0.045400903,0.05364866,-0.35212246,-0.24969144,-0.8390589,0.009126742,-0.27006313,0.27270207,0.017298065,1,chr17:22856764:Peyers_patch:0,TP,1
-3.915748,-0.8109836,0.11198042,0.58841544,-0.64408094,-0.48698595,-0.38516927,0.1599625,0.4536821,0.44578597,0,chr19:43198867:prostate_gland:0,TN,0
-1.9572499,0.8271088,1.1403358,1.1546612,1.0353065,0.20144418,0.30872,0.5165509,0.063241236,-0.3113216,0,chr3:24495731:transverse_colon:0,TN,0
4.296617,-1.1729491,-0.17149355,-0.29847103,-0.8674457,-0.049647573,0.35292423,0.6931687,-0.103446044,-0.39277864,1,chr11:30279727:body_of_pancreas:0,TP,1
-2.2177265,-0.362878,1.5415353,0.52822274,0.34143233,0.6387106,-0.16085474,0.07449194,-0.6639872,-0.00041479515,1,chr4:121696562:tibial_nerve:0,FN,0
-2.529833,-0.5600855,1.9119248,-1.1908344,0.550158,0.61466134,0.41353709,0.6111736,-0.7719751,0.02150286,0,chr2:119522880:body_of_pancreas:0,TN,0
6.1646047,-1.2620846,-0.22310627,-0.14905338,0.08078306,-0.47691134,-0.7348233,0.11642753,-0.08981446,-0.23568426,1,chr3:75785419:transverse_colon:0,TP,1
2.6172607,-0.3304271,-1.0530336,0.96132207,0.24690719,1.7221195,-0.08623665,0.1892022,0.44821927,-0.25301257,1,chr9:127360508:thoracic_aorta:0,TP,1
-3.4768019,0.29219642,0.25220445,0.13594513,-0.786858,-0.5497532,0.29688084,0.563744,0.3443899,-0.5557948,0,chr11:32792926:testis:0,TN,0
-2.757952,-0.4985471,1.4687892,-0.024193306,1.0466027,-0.59966904,0.4553886,0.79019046,-0.4221983,0.5348531,0,chr22:24696805:upper_lobe_of_left_lung:0,TN,0
-2.384369,-0.7894337,0.10498549,-1.0309273,-0.70336753,0.46511534,-0.14871357,-0.20074362,0.3129986,-0.043668788,1,chr1:108214824:esophagus_squamous_epithelium:0,FN,0
-1.4829385,1.2755312,-1.9535903,-0.34446773,0.9362592,0.3029027,0.12560512,0.57649267,0.8279936,0.8879104,1,chr20:28507029:tibial_artery:0,FN,0
-1.7394682,2.684846,0.33253407,0.9154219,-0.04703075,0.0038681761,-0.48105696,0.21932411,-0.16613252,-0.54512405,0,chr1:20152614:prostate_gland:0,TN,0
6.3099904,-0.5415207,0.23115894,0.5128229,-0.2084094,0.22012438,-0.5304308,0.14307564,-0.16974749,0.24014841,1,chr17:45585364:tibial_nerve:0,TP,1
-1.8931746,-0.0052980096,1.5460277,-0.40998617,1.5971838,-0.23160467,-0.26890785,-0.40220347,-0.76809967,0.121147916,0,chr19:1095336:tibial_nerve:0,TN,0
-2.306441,0.75135744,0.41884327,1.320079,-0.59564537,-0.5119026,-0.00415498,0.24281414,0.29099712,0.07892579,1,chr12:109597967:suprapubic_skin:0,FN,0
2.0075488,1.8789114,-0.2457616,0.4606409,-0.7746918,0.07425931,1.2570877,-0.5240351,-0.8104589,-0.47331604,1,chr1:211512213:prostate_gland:0,TP,1
-2.9365587,-0.39405665,0.7926848,-0.97861147,-0.8387051,-0.6204344,-0.0010400368,0.829297,0.31830558,0.34732524,1,chr6:106223515:spleen:0,FN,0
-1.504418,1.280571,-1.3287967,-0.35530138,0.17883895,-0.18829678,0.29937077,0.120429255,-0.6171729,-0.2518088,0,chr18:9792571:body_of_pancreas:0,TN,0
0.29879573,0.7642312,-1.6139978,-0.8151333,0.7397736,-0.8460132,0.4963806,0.786136,0.27277556,0.23265944,1,chr20:28507029:omental_fat_pad:0,FN,0
6.4536614,0.9555796,0.16590701,-0.5036866,-0.16310085,-0.9311918,0.43042856,-0.22515415,0.2016283,0.58172786,1,chr17:25564496:omental_fat_pad:0,TP,1
5.362548,0.44179422,-0.28691265,-0.49514318,-0.39132404,-0.57982206,1.7773397,0.1423475,0.6173936,0.6228776,1,chr8:44636977:transverse_colon:0,TP,1
-2.4312856,0.8834055,-1.2645549,0.33692557,-0.1975877,0.3652084,0.18256511,-0.45944938,-0.4168998,0.124318324,0,chr21:44761648:prostate_gland:0,TN,0
-2.515691,-0.013775538,0.7917643,-0.9397757,-0.56888777,0.047925293,-0.2444061,-0.18963444,0.66048115,0.17805876,0,chr4:167290814:body_of_pancreas:0,TN,0
6.860038,-0.1636071,0.21584988,-0.48451522,-0.38253096,-1.1197642,0.088872775,-0.18092006,-0.15460524,-0.012078768,1,chr17:22909996:lower_leg_skin:0,TP,1
-2.359509,-1.0237393,1.2059841,-1.0403705,0.8254041,0.47428948,0.8326039,0.8922862,0.23133117,0.05482419,0,chr10:79938966:body_of_pancreas:0,TN,0
4.5067515,-1.1189308,0.7502582,1.0853506,-0.37219298,0.7742802,0.42965955,0.21074897,0.098988205,-0.43451726,1,chr19:47436804:esophagus_squamous_epithelium:0,TP,1
-3.6889336,-1.8724551,-0.41348383,-0.066021465,0.5748209,-0.21197927,-0.7623354,-0.7352465,0.62302417,0.8958499,0,chr10:125982582:thoracic_aorta:1,TN,0
2.50918,0.5572687,-1.403903,-0.7955862,0.82105505,0.46252805,0.43908074,0.8053455,2.0525706,0.32094687,1,chr21:5357485:prostate_gland:0,TP,1
-1.439806,0.730985,-0.34176412,-0.41479164,0.39547473,0.13521402,-0.47808152,-0.4486282,1.8146594,-0.19133992,0,chr1:78332182:body_of_pancreas:0,TN,0
-1.6714447,0.2949235,1.6593335,-1.1818498,-0.57450986,-0.28352696,0.30811733,0.4036982,0.4624646,-0.20691894,0,chr12:19757428:suprapubic_skin:0,TN,0
-1.6893477,2.9669917,0.0054168156,0.27863094,-0.45072722,-0.6502784,-1.0266154,0.5508581,0.14448002,-0.5556927,1,chr11:3409057:body_of_pancreas:0,FN,0
4.070164,0.13560368,-0.3613182,-0.008374385,-0.4982687,-0.17549697,-0.32842755,0.12274214,-0.714945,-0.11352985,0,chr12:132710050:transverse_colon:0,FP,1
-3.2216728,-0.37459147,1.18772,0.17627975,0.0815641,-0.099677905,0.44049585,0.6573256,-0.20132533,-0.18384023,0,chr9:114108103:spleen:0,TN,0
0.6489197,1.9732379,-0.6466972,-0.5511272,-0.11486038,-0.26884764,0.6587666,-0.25255996,0.40635982,-0.1320721,0,chr1:43779377:prostate_gland:0,TN,0
6.8131194,0.6141201,0.5716226,-0.5887383,-0.1858736,-1.2421333,0.19860569,-0.30063796,0.2486416,0.2900349,1,chr17:25579422:body_of_pancreas:0,TP,1
-0.49500114,-1.159272,0.69680476,2.3813024,0.8812629,0.14327994,-0.30250442,0.072352365,-0.19517677,0.4198637,1,chr16:4273965:thoracic_aorta:0,FN,0
4.4903216,1.1099669,0.30737692,0.69214016,-0.9916727,0.47102877,0.86400956,-0.021193737,-1.1008959,0.09647029,1,chr19:45427778:suprapubic_skin:0,TP,1
-2.060096,-0.14258021,0.8865907,1.392744,0.19074236,-0.7413702,0.5812867,-0.11963679,-0.0749636,-0.097208604,0,chr5:142012891:tibial_artery:0,TN,0
5.7896113,1.3295021,0.37335032,-0.25599718,-0.14904025,-0.63488,0.9701494,-0.5026392,-0.03113093,0.5276998,1,chr7:63016061:upper_lobe_of_left_lung:0,TP,1
6.337311,-0.9012409,-0.12930867,-0.3875997,-0.266103,-0.89260566,-0.35951456,0.084074445,-0.6268156,0.11580528,1,chr6:31374359:tibial_artery:0,TP,1
-3.3145752,0.85221094,0.51864237,0.9021358,-0.685121,-0.71704024,-0.50062186,0.27057537,0.15867382,-0.14316815,0,chr7:151819172:prostate_gland:0,TN,0
-1.0367025,0.87285,-0.6021716,-0.46529603,0.5350875,-0.32944754,-0.28137788,-0.18942194,0.038819067,0.27200013,0,chr10:69730302:thoracic_aorta:0,TN,0
-2.6604269,1.6298956,-1.2983526,-0.33583507,0.301084,0.51351607,0.16975054,0.10884892,-0.36168277,-0.29971042,0,chr7:5140253:body_of_pancreas:0,TN,0
5.94349,-1.0171798,-0.4266828,-0.6178949,0.11320636,-0.6899098,-0.59493196,0.38348645,-0.047823545,-0.34963807,1,chr20:21120370:gastrocnemius_medialis:0,TP,1
-3.2406256,-0.08394664,0.97584295,0.40945196,0.44834992,-1.0980902,-0.017568236,-0.03989611,0.0058936514,0.6712023,0,chr4:185204332:testis:0,TN,0
-3.147202,-0.18436915,0.8190521,-0.086522795,-0.26023573,0.07232527,-0.39348784,-0.08319819,0.2537959,-0.28828752,0,chr14:34228362:sigmoid_colon:0,TN,0
5.131779,-0.19364966,-0.83681136,-0.8681593,1.331147,-0.71902186,-0.7347278,0.3545021,0.4069247,-0.7654985,1,chr15:77077965:spleen:0,TP,1
-3.3314817,0.6303948,0.24904372,-0.0028232178,-0.64862347,0.094732635,-0.48532045,0.71104336,0.1722982,-0.3282334,0,chr16:87488454:esophagus_muscularis_mucosa:0,TN,0
7.2511377,1.0008892,1.0527995,-0.049307946,-0.7341306,-0.11952853,0.29240692,-0.29264736,-0.0109108705,0.9018213,1,chr7:142521135:body_of_pancreas:1,TP,1
-1.2727805,2.5618773,-1.3019814,-0.8440712,0.5996161,0.061915092,-0.29444373,1.0707123,-0.2081341,0.14463097,0,chr7:66050288:upper_lobe_of_left_lung:0,TN,0
-2.2111716,-1.4730765,0.37592915,1.429073,1.1334581,-0.56567156,0.582562,0.22059502,-0.4554805,-0.79687154,1,chr7:100894790:thoracic_aorta:0,FN,0
-2.2326267,0.92787874,2.3366416,-1.064867,0.022114933,0.6643595,-0.45845532,0.2511457,-0.6522858,-0.02967785,1,chr22:24259700:prostate_gland:0,FN,0
-2.5327518,-0.016855817,1.0823523,-0.6617702,0.3739967,0.47114602,-0.31487608,-0.05990554,-0.8113565,0.43802848,1,chr12:104294234:thoracic_aorta:0,FN,0
-1.0670329,2.2827644,-1.5774015,0.20460673,0.44050965,0.6504935,0.04306261,0.16832498,-0.8969001,0.78961086,1,chr16:2874817:adrenal_gland:0,FN,0
-3.616098,-0.7379871,-1.525327,0.5134658,0.3389156,0.33335713,0.14505675,-0.4987661,0.19956611,0.12101398,0,chr7:102470728:Peyers_patch:0,TN,0
-3.2925003,-0.5021147,0.81514627,-0.120949246,-0.17103897,-0.25716472,-0.20828706,-0.9836104,-0.47533017,0.5996748,0,chr6:43724124:body_of_pancreas:0,TN,0
-1.1529491,3.0717108,-0.17595391,0.43243954,-0.22317435,-0.28134283,-1.2354894,0.441142,-0.22234856,-0.7678644,0,chr1:18821187:suprapubic_skin:0,TN,0
6.9535894,-0.04622438,0.33368224,-0.42540896,0.018984275,-0.887812,-0.4447366,-0.07896954,-0.030227112,-0.09113056,1,chr12:8390645:gastrocnemius_medialis:0,TP,1
-0.0063770884,-0.32259116,1.4536169,-1.7411816,0.52965367,0.6250384,0.02851697,-1.40874,-0.6108933,-0.20981956,0,chr18:22223857:transverse_colon:0,TN,0
6.350008,-0.7268884,-0.048475124,-0.38064712,-0.2593076,-0.9218845,-0.3778463,0.030417634,-0.524671,0.114472724,1,chr6:31374359:esophagus_muscularis_mucosa:0,TP,1
-1.6641244,-0.40466413,0.6316055,-0.14835317,0.9072752,0.37529138,0.49562037,0.59557664,-0.12238491,0.23374602,0,chr20:48658594:body_of_pancreas:0,TN,0
-0.9368208,1.279472,-1.6353582,-0.64961755,-0.40401202,-0.27862617,1.2472612,0.36537105,-1.0848861,0.066377304,0,chr5:109402654:body_of_pancreas:0,TN,0
6.482027,-0.008205407,0.4725657,0.043724958,-0.34969267,0.016387576,-0.16213508,-0.18678775,0.6111287,-0.36794555,1,chr5:151298414:transverse_colon:0,TP,1
1.2075847,-3.1173916,-0.5293559,1.6397555,-0.406554,0.94210285,-0.12368588,0.4644926,-0.36732015,-0.5084412,1,chr2:231781810:tibial_nerve:0,TP,1
-3.2493322,0.08767499,0.9721699,-0.3166739,-0.3154061,-0.22991315,-0.4574301,0.44297126,0.20980652,0.10165799,1,chr14:106061994:suprapubic_skin:0,FN,0
-2.7421188,-0.09467204,1.6948408,-1.5959436,-0.48684752,-0.31670967,0.22928266,1.206874,0.050677534,0.060371418,1,chr6:106223515:tibial_nerve:0,FN,0
-2.3708034,0.34452465,1.6927993,-0.2925326,0.028800102,-0.48353273,-0.06317494,-0.50893867,-0.044408698,0.76405215,0,chr22:50563002:testis:0,TN,0
-2.0888531,-0.92135435,-0.336786,0.13590607,-0.34140804,-0.58278906,-0.46002132,-1.4674356,-0.02208823,0.17581047,0,chr15:94324421:transverse_colon:0,TN,0
-1.8262881,0.9958062,-0.35368615,0.43681726,-1.7127463,-1.1772673,-0.16952418,0.32239354,-0.7005209,-0.923165,1,chr7:121373197:body_of_pancreas:0,FN,0
1.3410513,-1.5015349,-0.9594633,-0.19305351,0.66228884,1.1986254,0.10329762,-0.24636701,0.1302543,-0.013183017,0,chr20:30320508:body_of_pancreas:0,FP,1
0.7463855,2.2330537,1.0375272,1.7034314,-1.8539027,1.1894306,0.07282359,-0.13717732,0.24276961,-0.38661203,0,chr9:83219889:spleen:0,TN,0
6.1230435,-0.72840804,0.3238856,0.54050446,-0.1218926,0.15214235,-0.21327673,0.22972596,-0.54385126,0.74339813,0,chr15:79896760:tibial_artery:0,FP,1
-1.0097735,-1.1047198,0.7037521,1.3214178,1.101935,0.52586824,0.60772914,0.12974967,0.086343855,-0.8484292,0,chr7:137899502:prostate_gland:0,TN,0
-3.2728353,-0.2557395,0.7045082,0.59128875,-0.22655305,-0.29631126,0.04913972,0.10378082,0.5012191,0.14181033,1,chr9:83219701:transverse_colon:0,FN,0
-3.0560102,-0.4546717,-0.11570405,-0.9581111,-0.53650475,0.5234037,0.4151363,-1.013463,-0.20752895,0.13797487,1,chr1:184841760:prostate_gland:0,FN,0
0.26117426,2.516311,0.1709886,0.5503256,-0.72424173,0.9105863,0.71067303,-0.90027434,0.7318101,-0.6451825,0,chr8:103114032:body_of_pancreas:0,TN,0
-4.099149,-1.1062663,0.4279996,0.4958702,-0.6215664,-0.9426483,0.08958925,0.75253063,-0.16205949,0.27512175,1,chr9:97633155:Peyers_patch:0,FN,0
5.078572,-1.1052921,-0.46983108,-0.29628846,0.35984942,-0.014384827,-0.43947262,0.13353209,-0.0568713,-0.8826585,1,chr22:22713782:omental_fat_pad:0,TP,1
5.8193483,0.65224844,1.2303286,0.8788609,-1.1564904,0.8503247,0.10420792,-0.44465986,0.2734737,0.49087715,1,chr2:96533513:upper_lobe_of_left_lung:0,TP,1
-3.4275372,0.10769708,0.47894618,-0.12635532,-0.5871063,-0.341709,-0.41532433,-0.7832894,-0.4401791,-0.25223053,0,chr2:3728203:prostate_gland:0,TN,0
-2.2542727,-1.3030555,-0.6624457,1.693217,0.79720193,-0.84719086,0.31801096,0.84766924,-0.1346315,0.16023009,1,chr7:100894790:upper_lobe_of_left_lung:0,FN,0
6.412528,-0.5544766,-0.15672156,-0.5400635,0.26411074,-1.0020111,-0.5137374,-0.027964124,0.082727745,-0.25619835,1,chr12:52949183:upper_lobe_of_left_lung:0,TP,1
6.345147,0.1723286,0.31812176,-0.2468369,-0.3215798,-0.33376512,0.13837199,0.23264855,-0.5920577,-0.40316528,1,chr10:38653296:transverse_colon:0,TP,1
-1.2670705,-3.0181015,-0.7744362,1.841298,0.66917866,-0.046393517,0.06960302,-0.482855,-0.25417575,0.68927145,0,chr2:10044231:body_of_pancreas:0,TN,0
6.381693,-0.7295388,0.10394054,-0.007954018,0.074361704,-0.23004268,-0.60118157,0.020623552,-0.1703358,0.037895184,1,chr7:22550492:transverse_colon:1,TP,1
-3.524609,-0.09990758,0.6718361,-0.61529607,-1.0316586,-0.6308264,-0.40614244,-0.023996046,-0.30923694,0.038834967,0,chr7:104883644:body_of_pancreas:0,TN,0
-0.9251449,1.3225212,-1.5171648,0.11956291,0.13157885,0.10795065,-0.09247673,-0.50401294,0.45975727,0.09039977,0,chr5:69574308:body_of_pancreas:0,TN,0
-2.107723,1.1089307,-1.6430255,-0.04331111,0.7905334,0.65819186,-0.14812155,-0.2797793,0.5602753,-0.11348567,0,chr10:78450916:adrenal_gland:0,TN,0
-3.4879408,0.15745816,0.3838335,-0.15597285,-0.8560497,-0.6891385,-0.1948755,0.60037947,-0.033389926,0.06849896,0,chr3:196253627:body_of_pancreas:0,TN,0
-1.3796724,0.5150063,-1.1739374,-0.09101237,2.5025704,-0.329547,-0.5112907,1.14501,-0.32404733,0.5383098,1,chr18:597094:transverse_colon:1,FN,0
-2.4125373,1.8984425,-0.26409635,0.054031786,0.11286055,-0.67028064,-0.65666956,0.09345255,-0.56220424,-0.09832218,0,chr18:56651667:sigmoid_colon:0,TN,0
-1.6789426,2.0775638,-1.1113179,0.05330915,-0.2230635,-0.44145513,-0.26981828,-0.32995662,-0.76376075,-0.44366264,0,chr19:33143907:transverse_colon:0,TN,0
4.4200783,1.614858,1.8185469,0.43769538,-0.6048991,0.49709398,0.8007885,-0.9048346,0.38154924,0.36500487,1,chr2:46818510:tibial_artery:0,TP,1
-1.149192,-0.982729,1.5423065,1.4880357,1.2098844,-0.056395635,0.918526,0.37634352,-0.5358084,-0.25538418,1,chr19:56120808:tibial_nerve:0,FN,0
-2.3529325,0.8556118,-2.4030762,-0.4382392,0.9518022,0.73093694,-0.31479988,0.53802305,-0.5919517,0.9903867,0,chr19:17103262:prostate_gland:0,TN,0
4.639979,-1.0172709,0.4479111,1.3635576,0.26007497,0.8281742,-0.6676375,0.40821505,0.0050922497,0.17519899,1,chr18:75856:transverse_colon:0,TP,1
3.4289334,-1.037892,0.0530366,0.49932078,0.2967216,0.13494624,-0.15650766,-0.83120525,0.84227705,-1.232915,0,chr7:142451935:Peyers_patch:0,FP,1
2.4315662,-1.6920198,-1.3341328,0.74207467,-0.8591693,1.0535214,-0.48257226,0.13812009,-0.16905457,0.19676204,1,chr6:43386692:sigmoid_colon:0,TP,1
-0.19206175,1.1266962,-0.9373862,-0.21790682,-0.17737056,0.14290953,0.19751468,-0.4388974,-0.36699158,-0.3824791,0,chr4:15730066:esophagus_muscularis_mucosa:0,TN,0
-3.0654788,-0.93976283,0.39573467,1.5420444,0.42845866,-0.5948874,0.2848666,0.62107676,-0.69692785,0.17933132,0,chr1:225427863:upper_lobe_of_left_lung:0,TN,0
3.7700906,1.6753367,-0.58499306,-0.43358922,0.32367206,0.24280848,1.1568391,0.31355545,1.8944943,0.53811014,1,chr8:44636977:thyroid_gland:0,TP,1
-3.2203503,-0.2856259,0.52894545,0.26761907,0.4275356,0.18405652,0.092006944,-0.7356689,0.13289572,0.5410209,1,chr8:41651698:prostate_gland:1,FN,0
6.2757483,0.06295034,0.46530196,0.44653562,-0.64397484,0.40595007,0.005327334,-0.23777685,0.41428494,0.5503743,1,chr11:60251676:gastrocnemius_medialis:0,TP,1
3.2287827,-0.5792546,0.15290666,0.3211004,-0.74459314,0.4177676,1.1287115,0.09441363,0.091433674,-0.6697449,0,chr12:122399528:Peyers_patch:0,FP,1
5.727617,-0.11771131,-0.42855904,-0.98393166,0.75527364,-0.5988495,-0.4222448,0.33238038,0.28945538,-0.17378855,1,chr20:21120370:suprapubic_skin:0,TP,1
-2.7311122,1.7176232,0.9520291,-0.32523593,-0.58385396,-0.48870996,-0.76103437,0.5606537,-0.08752398,-0.29239106,0,chr2:73691003:prostate_gland:0,TN,0
-0.8291749,2.7479606,-0.6227072,0.20720847,-0.0065072277,-0.14533176,-0.2805585,-0.12996213,-0.3819411,-0.49173787,0,chr6:168201408:body_of_pancreas:0,TN,0
-2.7322512,-1.137288,-0.16645475,-0.5610931,0.26591307,0.081155404,0.15481359,-0.46390623,0.20086288,0.36865532,0,chr2:111617847:prostate_gland:0,TN,0
-2.6704786,0.7679522,-0.56340903,0.9779379,-0.2783617,0.2377621,-0.20974296,2.0537118e-05,0.02710088,-0.05813512,0,chr16:85012086:transverse_colon:0,TN,0
-1.237237,0.8593043,-0.43255353,-0.417227,0.55598104,0.7231466,-0.31666026,-0.76330113,0.6074321,-0.037778713,1,chr9:129438755:upper_lobe_of_left_lung:0,FN,0
6.284541,1.2660381,1.1736338,0.6215154,-1.660934,0.51404124,0.8032635,-0.32543707,-0.41746408,0.7274541,1,chr6:43386692:tibial_nerve:0,TP,1
-0.060333446,1.2134318,-1.1802332,-0.2552102,-0.6035632,-0.106876716,0.086573794,0.46294618,-0.84007543,-0.2308701,0,chr11:76920284:transverse_colon:0,TN,0
-1.2676128,-0.61350155,1.3692223,-1.5924023,0.14685398,0.5980145,-0.6455134,-1.3308127,-0.37034258,-0.22236127,0,chr6:53927260:esophagus_squamous_epithelium:0,TN,0
-3.0242448,-1.0856735,-0.57249266,-1.0990453,-0.5237127,0.111577876,-1.0830147,-0.6000468,-0.021271365,0.077249974,0,chr7:36233364:prostate_gland:0,TN,0
2.3042989,-2.8118036,-0.92832464,0.60385555,-0.29692578,0.05745857,-0.047003992,-0.29932046,0.23020318,-0.5018313,1,chr7:63015786:prostate_gland:0,TP,1
-1.2683371,-0.78435147,1.2552046,-1.1921518,0.61205757,0.7739155,-0.44340283,-0.9441147,0.15488806,-0.3250137,1,chr6:169655219:sigmoid_colon:0,FN,0
5.658536,-0.99627346,0.43250665,0.9754213,-0.43721625,0.5360149,-0.3233771,0.08230944,-0.26596558,0.21408515,1,chr18:75856:prostate_gland:0,TP,1
-3.054615,-1.111382,0.034460068,-0.6477264,-0.27588108,0.024655718,-0.08141919,-0.20579672,0.27862647,-0.33663842,0,chr1:81549700:body_of_pancreas:0,TN,0
-3.6692023,-0.9790493,0.488462,0.6887351,0.4146195,-0.3744612,0.021138499,-0.8791727,-0.28773797,0.7439887,0,chr15:90529824:upper_lobe_of_left_lung:0,TN,0
2.9735608,-0.42765334,-0.72373354,-0.65794975,1.6597335,0.18950668,-0.68041635,0.7014123,0.24317342,-0.59514546,1,chr5:38070443:body_of_pancreas:0,TP,1
-2.0487344,-0.9493818,0.09891944,-0.2583553,0.3775084,0.105605125,0.383393,-0.05218365,0.14963557,-0.9751533,1,chr10:77475126:body_of_pancreas:0,FN,0
2.9957168,2.7915576,0.77607524,-0.513561,-0.10074607,0.11465736,0.2022958,0.15706947,0.6184606,0.5846922,0,chr22:23542739:upper_lobe_of_left_lung:0,FP,1
5.1276603,-0.7864928,-0.53293693,-0.31728595,0.32573238,0.54891974,-0.9206816,-0.019781776,0.6653718,-0.3507219,0,chr2:145265428:body_of_pancreas:0,FP,1
6.851203,-0.007888742,0.80434024,0.04337596,-1.0033761,-0.18200259,0.38557994,-0.19070144,-0.0077219876,0.45837662,1,chr11:60251676:gastroesophageal_sphincter:0,TP,1
-2.9107976,-1.6743655,0.58545464,-0.8419035,0.7311271,0.41612145,0.42996785,-0.45560762,-0.06255405,0.2331474,0,chr2:239764056:thoracic_aorta:0,TN,0
-2.6798437,-0.33236808,0.87226415,-0.66824365,0.1255324,0.2314798,0.6898191,0.5139541,-0.21434428,0.26284328,0,chr11:95092634:thoracic_aorta:0,TN,0
-1.6286756,-1.526795,-0.5835758,0.5680533,-0.376921,0.5881677,-0.23331922,0.22746596,1.2521062,-0.622803,1,chr20:58511472:sigmoid_colon:0,FN,0
-3.117734,0.19505288,0.63695854,-0.36754295,-0.730507,-0.22957277,-0.1491064,-0.4544222,0.06099918,-0.21426924,0,chr17:45099253:transverse_colon:0,TN,0
-2.4303439,0.74942213,1.5055416,0.5753673,-0.4276587,-0.09198079,0.13562678,0.1578859,0.30365777,-0.26049888,0,chr5:181182218:gastrocnemius_medialis:0,TN,0
-2.3514838,-1.8757372,-1.3292931,0.290443,-0.1633312,-0.27988803,0.49713597,0.22431487,0.58860534,0.16259143,0,chr9:69018850:Peyers_patch:0,TN,0
-1.4009284,2.582646,-1.2934124,0.31399697,0.10903491,0.2543118,-0.39196903,0.51335025,-0.44597933,-0.434246,0,chr6:125153644:suprapubic_skin:0,TN,0
6.6904635,-0.3569322,0.2790988,-0.35325906,-0.6520792,-0.31076145,-0.3032594,0.098557934,-0.03331768,0.11416969,1,chr2:86221296:esophagus_muscularis_mucosa:0,TP,1
-2.398126,-1.6855438,0.98489463,-1.686132,0.020672359,0.55296534,0.08374945,-0.8567476,-0.7933254,-0.035742305,1,chr11:83293101:upper_lobe_of_left_lung:0,FN,0
-1.5193033,2.9553452,0.21996708,-0.08560134,-0.23731337,-0.23576692,-1.0987788,0.74051684,-0.105675116,-0.48386192,1,chr10:14543432:adrenal_gland:0,FN,0
-3.0704787,-0.007937355,0.9124605,0.54130334,-0.17428108,-0.36902776,-0.112280086,0.35607213,0.6327801,0.42827252,1,chr10:43667432:body_of_pancreas:0,FN,0
0.75627464,0.59340715,-1.2987133,0.20514458,-0.05604738,1.3377447,-0.6979705,0.42789742,0.14621769,-0.10385659,1,chr7:35425098:body_of_pancreas:0,FN,0
4.7889056,2.688566,0.75967133,-0.3505457,-0.539068,-0.89028555,0.76519966,-0.39015266,-0.046260037,0.36778805,0,chr8:92239954:Peyers_patch:0,FP,1
-1.3541132,2.7405267,1.0162549,0.32728496,-0.06688403,-0.0053213704,0.09291919,0.5277033,-0.048941836,-0.6894913,0,chr1:20152614:transverse_colon:0,TN,0
1.9103721,-1.0505589,-0.7954929,-0.43042794,1.2710034,-0.18686886,-0.05516457,-0.82269126,0.6175303,-0.812882,0,chr12:108623489:body_of_pancreas:0,FP,1
-0.16956219,-0.12766045,-0.9155886,-0.021499299,-0.31723422,0.55254805,1.0725081,0.073378846,-0.4825141,-0.6312238,0,chr21:37313812:body_of_pancreas:0,TN,0
6.0591288,-0.37662935,-0.13096835,-0.3253897,-0.2468433,-1.0704635,0.4241972,-0.009205795,-0.24833372,0.2758569,1,chr17:24931573:spleen:0,TP,1
6.5970726,-0.5785136,0.14062381,-0.3651085,-0.16558027,-0.32403126,-0.3553167,0.16347754,-0.03763656,0.42324528,1,chr3:81292180:suprapubic_skin:0,TP,1
-1.1732368,-0.7946202,1.4079474,1.0897744,0.91402984,0.10526394,0.22858155,0.31949624,0.1100327,0.10888249,1,chr7:267146:body_of_pancreas:0,FN,0
-2.2742388,2.0159752,-1.7347304,-0.2951104,0.4424028,-0.024715682,0.3317813,-0.17321187,-0.34005475,0.4590254,1,chr19:39843834:tibial_artery:0,FN,0
6.5561137,0.09676913,0.6345438,0.3264325,-0.6238874,0.37489504,0.047594987,-0.17919627,0.2989822,0.17579743,1,chr19:21295220:prostate_gland:0,TP,1
-3.416626,0.06568202,-1.4694356,0.40908483,-0.75812805,-0.05818041,-0.28502935,-0.18362936,-0.23419598,-0.1700487,1,chr11:123235330:transverse_colon:0,FN,0
3.989332,-1.5067608,-0.2345992,-1.3798405,0.3326888,0.42638004,-0.647935,0.62393254,-0.09864075,-0.7024449,1,chr2:53940956:prostate_gland:0,TP,1
-0.43904024,1.9437957,-1.5849464,-0.6287724,0.09835733,0.019038951,0.64124215,0.43683046,-0.9876348,0.18768235,1,chr17:61741499:sigmoid_colon:0,FN,0
1.04642,1.6919789,-0.9310931,1.1932435,-0.15932085,1.4541878,-0.111114405,-0.30396628,-0.42788798,0.28620753,1,chr19:45427778:thoracic_aorta:1,FN,0
-1.8017142,-0.11071204,1.3467857,-1.4033136,0.7323433,0.47034982,-0.6064877,0.20067665,0.30649182,0.30351743,1,chr6:131199853:esophagus_squamous_epithelium:0,FN,0
-0.52876425,-0.57318306,-1.690647,0.18229292,2.12512,-0.5570532,-0.35909855,0.18509348,-0.86782414,0.46504274,1,chr18:597094:suprapubic_skin:0,FN,0
-0.14718507,-0.4949303,0.85455626,-1.1325086,0.51599395,0.23897065,0.64118636,-0.4252403,0.5674976,-0.8462826,0,chr7:44573153:body_of_pancreas:0,TN,0
-3.1224701,-0.39682576,1.025507,-0.008660743,0.8742708,0.41360515,0.339018,0.43592623,-0.19934507,-0.10902499,0,chr7:76305322:thoracic_aorta:0,TN,0
-3.197891,-0.45759103,1.4220636,-0.13716747,-0.15251398,-0.51574004,0.45869985,0.73490846,-0.1365495,0.1492108,0,chr19:48446028:transverse_colon:0,TN,0
0.40181983,1.9171661,-0.33797702,0.7014767,-0.8257281,-1.3516985,0.38079998,-0.5738441,-0.84843385,-0.6391516,0,chr2:88159923:thoracic_aorta:0,TN,0
6.5145774,0.18751496,-0.079688065,-0.47930837,-0.2453482,-0.8587907,0.0832558,0.104448415,0.22022535,0.1540567,1,chr17:22856764:spleen:0,TP,1
-0.24551705,0.5142077,-0.8330665,0.643337,1.9326038,0.49546877,-1.0002161,0.4637729,0.37542975,-0.030313116,0,chr17:80981608:tibial_nerve:0,TN,0
7.190933,0.1382167,0.43914506,-0.48743415,-0.15818854,-0.89111596,-0.28943455,-0.11690926,-0.30195603,-0.08947589,1,chr3:75785547:thoracic_aorta:1,TP,1
-3.6196122,-1.2727833,-0.60809433,-0.52681935,-0.88844377,-0.90411675,-0.037903417,1.0950261,0.7248002,0.091289,0,chr9:152142:body_of_pancreas:0,TN,0
2.7070627,-0.19647202,-0.4736126,0.07823513,0.5884572,0.5086018,0.2150736,-0.9901439,-0.46604434,-0.43369398,0,chr1:6347999:body_of_pancreas:0,FP,1
-1.48554,0.9344197,-0.5416675,2.1014946,0.27526173,0.4933037,-0.69778866,-0.19887453,-0.123059504,-0.5318121,0,chr9:96777927:prostate_gland:0,TN,0
3.0990202,-1.4827044,-0.9511263,1.5070168,-0.66891783,1.5241957,-1.0206175,0.27089915,-0.20342994,0.51297575,1,chr7:78040381:transverse_colon:0,TP,1
-3.5784385,-0.036092114,1.0441469,-0.16959924,-0.52998704,-0.36708376,-0.39640206,0.16719782,-0.16193107,0.21523984,0,chr20:62900225:esophagus_muscularis_mucosa:0,TN,0
-3.328925,-0.12606204,0.7525988,0.7979502,-0.6272995,-0.4856611,-0.124867305,0.3913056,0.31524917,0.25318155,0,chr19:40777787:adrenal_gland:0,TN,0
6.020689,0.6655834,-0.076759316,-0.46595696,-0.23072587,-0.5388663,0.40445927,0.16414736,0.38497818,0.55341595,1,chr17:25564496:tibial_artery:0,TP,1
-3.1721728,0.70678735,0.33051446,-1.222935,-0.0050334353,0.21015182,-0.33632165,-0.04597957,-0.70120806,0.1987973,0,chr3:155702289:spleen:0,TN,0
0.88328356,2.1425014,-0.71934533,1.0691665,0.5118081,1.4981755,-0.10815941,-0.096295856,-0.16783336,0.5349215,1,chr19:45427778:spleen:1,FN,0
-2.363411,-0.66172516,1.4774969,-1.8647474,-0.18733142,0.22464362,-0.4818603,-0.9384426,-0.53709257,0.097938314,1,chr20:23374785:omental_fat_pad:0,FN,0
4.6904645,-0.59257627,-1.0216401,0.1456932,0.20016645,0.8053859,-0.026517995,0.48369017,-0.43971443,0.8734431,1,chr19:4352840:body_of_pancreas:0,TP,1
6.0734863,-0.52393264,0.13819991,0.10196549,-0.78270984,0.6185608,-0.24770024,0.12210045,0.10716957,0.35611758,1,chr2:157434879:body_of_pancreas:0,TP,1
-4.47105,-2.1202068,-0.23060255,-0.33151898,-0.33935076,-0.30260652,-0.1601539,-0.36000955,-0.14179222,0.9497318,0,chr3:133041374:sigmoid_colon:0,TN,0
-1.7569853,2.465092,-0.24552795,0.34728616,-0.8370233,-0.4098715,-0.89249957,0.23896968,0.21983752,-0.5614957,0,chr1:201878136:tibial_nerve:0,TN,0
1.3900149,-1.1334405,-0.016380742,0.80835676,-1.321953,0.6240959,0.49352244,-0.14950316,0.3303374,-0.9491474,0,chr4:10582403:suprapubic_skin:0,FP,1
-2.8602076,0.758213,0.47758064,0.20150371,-0.06049208,0.3094795,0.14554888,-0.068793975,0.38947293,0.18627386,1,chr10:29409306:body_of_pancreas:0,FN,0
5.5441756,-0.7564089,-0.14682984,-0.15958679,0.5128948,-0.29744983,-0.42262754,0.26483643,-0.62694013,-0.45459285,1,chr9:61668518:suprapubic_skin:0,TP,1
-2.6120114,-0.9731482,0.33125216,0.9890926,0.2968385,0.5533818,0.33600855,-0.90690345,0.27490646,-0.08693454,1,chr7:85186902:Peyers_patch:0,FN,0
-3.7303524,0.14876613,0.04727222,0.77237487,-0.28058165,-1.0686195,-0.15413506,-0.09437633,-0.015555225,-0.015920864,0,chr2:97590789:sigmoid_colon:0,TN,0
-2.1828184,2.2216356,-0.1412317,0.046603385,-0.5387505,-0.6727292,-1.2974312,0.5140679,0.1394299,-0.34960854,0,chr8:140831477:spleen:0,TN,0
-0.9502174,2.8815877,-0.45883206,0.3776891,-0.92221665,-0.35253188,-1.1641229,-0.051830605,-0.019432595,-0.6796317,0,chr6:82252295:transverse_colon:0,TN,0
-4.2251673,-0.80336946,-0.37873533,0.8588995,-0.7216128,-1.0693614,-0.6517609,0.2321076,0.03496933,0.37550566,1,chr9:97633155:transverse_colon:0,FN,0
1.6022621,3.4830437,0.7057269,0.61608654,0.30430123,0.77762055,0.502604,-0.79993016,1.2513977,-0.01610266,0,chr13:45379107:upper_lobe_of_left_lung:0,TN,0
4.8688073,-0.33146346,-0.9196614,-0.5739916,0.9405126,-0.34834886,-0.3813015,0.788647,-0.59698415,0.5084998,1,chr1:91927306:tibial_artery:0,TP,1
-0.3474438,-1.5214489,-1.2403,0.10615554,0.87326455,-0.5027054,0.73094016,0.42795476,0.81333023,-0.6542999,1,chr15:72664357:body_of_pancreas:0,FN,0
1.516016,0.4916822,-1.5489196,-0.6487618,0.20841244,-0.013123735,1.4310849,0.8426256,1.2564862,0.25941944,1,chr2:92401043:spleen:0,TP,1
-3.0484078,-1.1812319,0.31481814,0.396005,0.29287285,-0.5908843,-0.31663278,-0.28610596,0.27141947,0.9325063,1,chr9:129145727:tibial_nerve:0,FN,0
-3.7825358,-1.6718173,-0.38140768,0.7254998,-0.92950934,-0.008893453,0.38200444,0.29323173,0.29159296,-0.5189984,0,chr2:7203027:tibial_artery:0,TN,0
0.54464674,0.4608181,1.3905327,0.9778043,0.47316608,1.1368083,-0.1761165,0.8138107,-0.05801632,-0.4729477,1,chr1:27556965:body_of_pancreas:1,FN,0
3.9963114,-1.2218252,0.71430486,1.1676669,-0.8326475,0.36265022,-0.21661417,-0.4520805,-0.63408405,0.081186004,0,chr7:12211199:prostate_gland:0,FP,1
2.135072,0.26011583,0.11771559,0.16603413,1.5254861,-0.05886618,0.34256926,-0.3593729,1.1535555,-0.4547523,0,chr17:40819075:upper_lobe_of_left_lung:0,FP,1
5.571425,-0.506897,-0.7325567,-0.672786,1.0179853,-0.8050617,-0.79738206,0.2113898,0.34558424,-0.7722657,1,chr15:77077965:thoracic_aorta:0,TP,1
4.6060877,-1.7559664,0.3296873,1.3260113,-0.08698709,0.41002333,-0.2186546,0.6484112,-0.5127557,-0.0974165,1,chr18:75856:body_of_pancreas:0,TP,1
-1.1478455,1.049446,-1.4795731,-0.6193133,-0.18839164,-0.40136167,0.3888054,-0.37113273,0.49100432,0.11189274,0,chr16:32421208:prostate_gland:0,TN,0
5.298728,0.6569845,-0.39728695,-0.47589955,-0.3977155,-0.49132326,0.84264594,0.062338155,0.045044996,0.7880319,1,chr11:53599400:transverse_colon:0,TP,1
-2.213919,-0.5650777,-0.36305502,1.2346413,0.9656619,-1.1042227,0.39346424,-0.6500219,-0.39054132,0.8379256,0,chr2:130797907:esophagus_muscularis_mucosa:0,TN,0
-4.099124,-2.0927973,-0.5565737,-0.107233904,-0.12574388,0.07624277,0.17866877,0.8825807,0.13483922,0.069547884,0,chr21:34545781:transverse_colon:0,TN,0
-0.5860484,0.83052987,-1.1996883,-0.8496708,-0.15914083,-0.5977282,0.54539114,-0.71067256,-0.2689812,-0.117756315,0,chr20:8231652:body_of_pancreas:0,TN,0
-1.2293435,1.2169076,0.40751508,0.8052227,-0.04403098,0.35367158,0.03618214,0.6561745,0.05870326,-0.17274357,0,chr9:67727077:transverse_colon:0,TN,0
-0.45301113,0.75403506,-2.1000965,-0.7352696,1.1448205,0.2333483,0.28837693,0.4477926,0.2342904,0.7838415,1,chr20:28507029:testis:0,FN,0
-1.7643142,-3.0824792,-0.61387914,0.69641644,-0.8692318,0.3411341,0.3300554,0.30769852,-0.06186406,-0.7875966,1,chr9:83219701:tibial_nerve:0,FN,0
-3.5460377,-0.18819575,0.83216953,-0.5834172,-0.016109465,0.052931167,-0.7265158,-0.16171221,-0.20594133,0.27874112,1,chr14:106061994:tibial_artery:0,FN,0
6.3433995,0.17552175,0.26225886,-0.091486365,-0.1978604,-0.047567043,0.020806115,0.16275716,-0.13248813,-0.09984811,1,chr10:38653296:adrenal_gland:0,TP,1
-2.161882,2.640683,0.29901218,0.743424,-0.5719211,-0.65582144,-0.6333646,0.81307757,0.15002099,-0.45269725,0,chr14:76873140:tibial_artery:0,TN,0
-3.4066834,0.7719494,0.5498728,0.49710706,-0.6017165,-0.8108724,-0.37331372,0.15995541,0.12522167,0.3772538,0,chr15:43690274:thoracic_aorta:0,TN,0
2.1295528,0.7904649,1.5236751,-1.3909345,-0.02754402,1.1626511,-0.15334514,-1.02785,0.29778036,-0.79551256,1,chr8:17755184:adrenal_gland:0,TP,1
-1.697491,1.0026014,2.2129111,-1.5605893,0.39677995,-0.3211155,-0.022846414,-0.1251434,-0.09950784,0.17806232,0,chr1:178037254:transverse_colon:0,TN,0
-2.6456902,-0.58441365,1.9022541,-1.9150167,0.42583603,0.029030869,0.07372056,0.2845613,-0.46838954,0.4188784,1,chr9:127348292:transverse_colon:0,FN,0
6.90954,1.0992264,0.10379806,-0.6503384,0.025530983,-0.9327304,0.85071933,-0.47843632,0.32718396,0.796033,1,chr17:23378824:omental_fat_pad:0,TP,1
-3.1926284,-1.2658608,-0.98815656,0.45179456,0.38988551,-0.14777116,0.6441425,0.012118075,0.4239923,0.031735573,0,chr1:26234748:gastroesophageal_sphincter:0,TN,0
-2.5166507,-0.68057495,-0.33623165,-0.24402352,0.12714225,-0.3140385,0.081512645,0.06742046,0.4422086,0.11787949,0,chr2:21042645:spleen:0,TN,0
0.9220819,0.70776474,1.3933631,0.82399553,0.023167891,1.1601235,-0.40667042,1.2776359,-0.09124481,-0.4072317,1,chr1:27556965:thoracic_aorta:1,FN,0
4.546045,-0.19449642,-0.5565695,-0.19135849,-0.8631386,0.090343826,-0.027599601,0.024394073,-0.79155385,1.3219448,1,chr7:73725711:prostate_gland:0,TP,1
-2.2165103,0.4056383,-2.4958615,-0.9159713,0.8058874,0.35156152,-0.19965935,0.3460134,-0.02068556,0.7320051,1,chr4:82632547:body_of_pancreas:0,FN,0
-2.2549102,1.5609562,-0.48861542,-1.093513,0.36308274,0.049056888,0.41243818,0.19704923,-0.38518497,-0.26868293,0,chr16:87912234:body_of_pancreas:0,TN,0
-3.535913,0.26989254,-0.86653364,-0.5991468,-0.89684045,-0.20911819,-0.07107603,-0.75723875,-0.79421693,-0.045153093,1,chr15:67303815:body_of_pancreas:0,FN,0
1.04642,1.6919789,-0.9310931,1.1932435,-0.15932085,1.4541878,-0.111114405,-0.30396628,-0.42788798,0.28620753,1,chr19:45427778:transverse_colon:1,FN,0
-3.3056936,0.3159596,-0.23164266,0.9813869,-0.061951317,-0.42865217,-0.3807299,0.02265509,-0.42407903,-0.091529176,0,chr5:139775176:esophagus_muscularis_mucosa:0,TN,0
-1.8124195,-0.7314034,0.52084947,0.68882877,0.89945316,0.7536132,0.00431658,-0.85979086,-0.2940326,-0.11036718,0,chr10:102628791:thoracic_aorta:0,TN,0
6.077238,0.7050165,0.56493163,0.8621073,-1.056122,0.75461924,0.30679616,-0.28471395,-0.13329868,0.5708595,0,chr1:152048801:adrenal_gland:0,FP,1
-3.041937,0.2898216,-0.029038552,-0.6523905,-0.27427635,-0.2159397,-0.023128703,0.039525334,-0.2298645,0.106902264,1,chr5:158014121:prostate_gland:0,FN,0
4.8099785,0.0026091174,0.84571433,1.251161,-0.9009429,0.4367415,0.071579516,0.075462006,-0.29834244,0.31445464,1,chr9:63859628:body_of_pancreas:0,TP,1
-2.7976549,1.5810536,-1.9854112,-0.6193104,0.9387622,-0.40349665,-0.5172466,0.5767419,-0.66177136,0.31944132,1,chr2:38555382:prostate_gland:0,FN,0
-1.9068501,0.9580918,0.88293046,0.6801069,1.0744561,0.04681101,0.37236807,0.8281074,0.6047735,0.26545805,0,chr19:19554833:transverse_colon:0,TN,0
-1.327984,-1.8880167,0.7876298,-1.0956964,0.41930556,0.7279153,0.80832905,0.2837523,-0.38705844,-0.9153427,0,chr10:80047418:spleen:0,TN,0
-1.9908146,-0.5740823,0.31742445,0.124149784,1.14816,1.0942131,-0.28584024,0.14976516,0.14858632,-0.23573907,1,chr6:169655219:prostate_gland:0,FN,0
-0.6989947,1.8283418,-0.901512,-0.0509386,-0.4925,0.49958992,0.00016102107,-0.021769416,0.1404671,-0.20754755,0,chr7:6797614:upper_lobe_of_left_lung:0,TN,0
-0.94534767,0.8462924,-0.05857395,-0.45559865,1.0907615,-0.029097036,0.7345936,-0.637181,-0.20369226,-0.06898601,0,chr5:177501512:esophagus_muscularis_mucosa:0,TN,0
-0.38243276,2.4874542,-0.52786434,-0.15830418,-0.5728367,-1.4418387,-0.46026832,0.35322887,-0.8552572,-0.22158016,0,chr10:11472145:prostate_gland:0,TN,0
-2.8997254,-0.99523765,0.76263815,-1.0094076,-0.264561,0.2498705,0.31684664,-0.025297191,-0.051444005,-0.24393232,0,chr1:148255348:transverse_colon:0,TN,0
-3.0604727,1.3943967,-1.9227422,-0.10386091,-0.2010195,-0.09445653,-0.67265147,-0.07643199,-0.9597602,-0.16784617,0,chr7:47266370:thoracic_aorta:0,TN,0
-2.5477352,0.62848866,0.7019639,1.6275694,0.7268953,-0.22773486,0.0014485217,0.060604274,0.01964018,0.28225964,0,chr11:11622213:testis:0,TN,0
-2.368287,-0.40340248,2.1653898,-0.8913051,0.64021844,0.39418712,0.54256576,0.36140883,-0.45756802,0.011167074,1,chr2:96533513:prostate_gland:0,FN,0
-4.573319,-1.2910086,-0.8238284,0.35841525,-1.2186881,-0.75433844,-0.40980947,-0.055882983,0.02237808,0.3441144,0,chr3:122458998:esophagus_squamous_epithelium:0,TN,0
1.3275752,1.3959271,-1.4297451,-0.2388388,0.19863623,0.8557291,0.47261027,-0.4928524,0.38620943,0.15981984,0,chr8:6869682:body_of_pancreas:0,FP,1
-1.5676129,-0.35644978,-0.50685793,-1.028686,0.34380674,-0.18446012,-0.04513784,-1.1810011,0.22743079,-0.5663697,1,chr6:137697537:body_of_pancreas:0,FN,0
1.0197655,1.0368823,-0.747648,0.3717037,-0.4728917,1.5282704,0.29942173,0.39385843,0.19856177,0.03502501,0,chr11:449817:tibial_nerve:0,TN,0
6.869954,-0.17517072,0.26803985,-0.4375041,-0.41435218,-1.1632904,0.03252841,-0.22292882,-0.2086032,0.01892081,1,chr17:22909996:adrenal_gland:0,TP,1
-2.1585207,-0.273898,0.51380986,-0.89806944,-0.24868546,0.34889007,0.33518022,1.0571997,0.6804856,0.3082471,0,chr2:191748941:body_of_pancreas:0,TN,0
-1.5516132,1.7818108,0.33973068,0.86235905,-1.1234367,-0.16744457,0.75043535,0.7756128,-0.30822244,-0.94757164,1,chr16:4548780:spleen:1,FN,0
-2.3465652,2.1975,-0.00067952083,0.30233884,-0.38106996,0.14528044,-1.0435189,-0.30442128,-0.0077276067,-0.42663255,0,chr1:31423083:transverse_colon:0,TN,0
-2.6841805,1.0728675,0.6296739,1.190667,-0.69699293,-0.80534476,-0.2486294,0.22050008,0.3437708,0.10301694,0,chr17:50950273:sigmoid_colon:0,TN,0
-0.92999345,1.7517816,0.19923092,1.8683144,-1.3560234,1.1086961,-0.4290109,-0.045663185,0.27725938,-0.54826224,1,chr9:83219889:testis:0,FN,0
-1.0116239,1.3436828,-1.4047732,0.35329086,0.6102762,0.5810887,-0.18127899,-0.9143808,0.03346697,-0.15993339,1,chr17:75032294:thoracic_aorta:0,FN,0
-3.6579,-1.6521639,-1.9274557,-0.014656549,-1.0473268,-0.24920969,0.6887297,-0.15345387,-0.39932188,0.08877901,1,chr14:58098678:Peyers_patch:0,FN,0
-2.735332,-0.71617496,-0.7320336,0.3827824,0.3859092,-0.875735,0.13327242,-0.25396648,0.31558877,0.3361407,0,chr6:27146708:transverse_colon:0,TN,0
6.4563437,0.28894553,0.41073978,0.26311862,-0.5740582,-0.30471277,0.3842634,-0.5661147,-0.21705732,0.07459308,1,chr12:121918386:gastroesophageal_sphincter:0,TP,1
-1.9949697,1.1586598,-1.7046726,-0.40358743,0.5084561,0.051631924,-0.17351618,0.07062989,-0.00010147795,-0.0060210405,0,chr18:3998780:upper_lobe_of_left_lung:0,TN,0
-1.0376385,1.5872806,-1.666798,-0.40467483,0.050898977,0.40457386,-0.22878122,-0.2096361,0.36836135,0.294737,0,chr8:19257625:transverse_colon:0,TN,0
-0.9613089,2.30135,-0.35930535,0.90653867,-0.4597185,-0.49565503,0.17384008,-0.6531378,-1.1790714,-0.38408032,0,chr11:8225583:tibial_artery:0,TN,0
2.9782307,0.49077755,-0.25593537,0.2511282,1.0046,0.23714048,0.14947529,-0.3364255,0.48374265,-0.6507223,0,chr22:43159583:upper_lobe_of_left_lung:0,FP,1
-1.9732213,-2.127055,-0.82317924,-1.0696431,-0.008141136,0.71398425,1.099032,-0.2574583,-0.20627616,-0.61361235,0,chr9:132849549:transverse_colon:0,TN,0
3.3345592,-0.5619603,-1.3123533,-0.4522963,0.305884,0.10536534,-0.1190165,0.382338,-0.16319816,-0.11248987,1,chr2:158415576:gastroesophageal_sphincter:0,TP,1
-1.5302056,2.9382176,0.23422086,0.06746041,-0.30420217,-0.35756484,-0.90512574,0.75778776,-0.065281555,-0.4370224,0,chr17:30340560:tibial_artery:0,TN,0
-2.9467332,0.10810749,1.3481566,-0.55800503,0.007471329,0.07456436,0.29712042,1.2167063,0.03303764,0.403309,0,chr1:42923243:testis:0,TN,0
-1.4486303,0.7450583,-0.8710326,-0.7407539,0.55403304,0.78222656,0.26118058,-0.39323738,0.3023027,-0.29602757,0,chr11:65480605:body_of_pancreas:0,TN,0
5.24638,1.4655694,1.9013301,0.5414056,2.0094056,-0.91529673,0.9174577,-1.6640925,-0.21034223,-0.93565357,1,chr4:1752766:body_of_pancreas:0,TP,1
-3.0531714,-1.4625976,0.37361658,-1.1785846,-0.92731637,0.04818908,0.23074159,0.5445882,-0.21384738,-0.6457813,0,chr8:27855652:body_of_pancreas:0,TN,0
-1.5506016,1.8771086,-0.42971283,0.34845164,-0.3875616,0.17353529,-0.23464265,-0.16805278,-0.08553028,-0.61311376,1,chr7:74566874:adrenal_gland:0,FN,0
-2.7332675,-0.55863833,0.7336238,-1.374276,-0.34154123,0.6425971,-0.023218885,-0.145733,-0.62166697,0.2290134,0,chr7:144362043:prostate_gland:0,TN,0
3.2394633,-0.56403077,-0.89519906,0.28190392,1.3369502,0.21943961,0.12399676,0.14302574,0.39192104,-0.21860942,1,chr14:30690707:Peyers_patch:0,TP,1
5.7274327,-0.9070011,-0.1446909,-0.11602369,-0.15280628,-0.8178978,-0.0725325,-0.25434527,0.07480429,-0.20795572,1,chr14:30690707:body_of_pancreas:0,TP,1
5.8052983,1.6056992,1.115783,0.86684304,-1.5131241,1.1749789,0.5188932,-0.38377953,0.14317207,0.5612582,1,chr6:43386692:esophagus_muscularis_mucosa:0,TP,1
-3.296472,-0.35049886,-0.71088654,0.7791303,-1.3350766,-0.3685076,0.025411284,-0.065160975,0.27066442,-0.093083784,0,chr4:82462411:prostate_gland:0,TN,0
6.987502,0.94437915,0.5964326,-0.70104796,0.030127943,-1.3218971,0.4158408,-0.45036468,0.21170028,0.48442376,1,chr17:25579422:transverse_colon:0,TP,1
1.5251166,1.7249907,-0.9111373,-0.2356513,0.5416785,-0.06507319,-0.06491087,0.23916505,-0.6355295,-0.0037203103,1,chr5:197187:body_of_pancreas:0,FN,0
-3.0825744,-0.6971506,-0.43155423,0.932066,0.25599447,-1.1523961,-0.64026177,-0.89572173,-0.5060329,-0.18188179,1,chr6:39725494:esophagus_muscularis_mucosa:0,FN,0
4.8693304,-0.7985835,-0.6686585,-0.32617426,0.10106895,0.09835847,-0.41444382,0.6126089,-0.16368334,0.6494835,1,chr3:103094197:prostate_gland:0,TP,1
-3.0459676,-0.5450764,-1.2628896,0.006422498,-0.9922616,-0.12635069,0.45394835,0.036352977,0.2970708,0.19406892,1,chr10:48659989:Peyers_patch:0,FN,0
-0.4402479,-0.14162315,-0.0008627485,-0.13935393,0.48770297,0.20618877,0.34241873,-0.37938723,0.36490548,-0.49295166,0,chr19:8599164:body_of_pancreas:0,TN,0
-2.4327526,0.78968394,1.5377594,1.2393377,0.5971349,-0.32623595,0.38894588,1.0224125,0.31747842,-0.10888898,0,chr19:35717320:adrenal_gland:0,TN,0
-2.5783396,2.0214324,-0.26015392,0.7180034,-0.43022794,-0.22622216,-0.8499102,-0.09612983,0.1465303,-0.2708925,0,chr11:68384244:Peyers_patch:0,TN,0
-1.7632519,1.8889751,-1.7000977,0.006715944,0.9263795,0.27534327,0.3460945,-0.27527264,0.17499161,0.12775935,0,chr7:151112985:body_of_pancreas:0,TN,0
-1.9798813,-0.535289,0.94043005,-0.2054094,0.61096984,0.012198846,0.39253202,-1.2367224,-0.71226245,0.23081338,0,chr7:4152308:gastroesophageal_sphincter:0,TN,0
3.7591348,-0.58375496,0.7815557,1.1797398,0.21089534,1.8289633,-0.4542837,0.13484873,0.10214291,0.1993446,1,chr5:179213127:esophagus_muscularis_mucosa:0,TP,1
-2.0936687,-3.0056121,-2.153657,0.32159522,1.1606145,-0.097541936,0.66435426,0.16370812,-0.13105479,0.23542845,1,chr2:239791179:omental_fat_pad:0,FN,0
-3.2590733,-0.41775492,1.2567954,-0.039563145,-0.4421711,-0.9793154,0.16593626,0.6353197,-0.16359416,0.36639658,0,chr19:18192987:body_of_pancreas:0,TN,0
1.9375732,-3.0589206,-0.4674231,0.7473442,-0.75501966,1.5299397,-0.44993865,0.6935991,-0.19127041,-0.30770203,0,chr22:28009558:thyroid_gland:0,FP,1
-3.4335523,-1.6050539,0.050791454,0.9525609,0.64747876,-0.80024165,0.96934813,0.15359877,0.15201302,0.5673692,0,chr4:54658136:upper_lobe_of_left_lung:0,TN,0
-0.06561132,1.7726917,-1.3041897,-0.8238839,0.8318117,-0.10791255,1.2200079,-0.40451223,-0.35415208,0.36236674,1,chr3:135921913:body_of_pancreas:0,FN,0
6.334546,0.4902699,0.3979233,-0.14864558,0.84731084,-0.8571375,-0.17398976,-0.52583885,0.6159334,-0.25939706,1,chr16:579030:transverse_colon:0,TP,1
-2.4417462,0.4825487,1.4654939,-0.94046915,-0.12443535,0.013581979,-0.47027034,-0.27410635,0.4144241,0.35137394,0,chr4:104860777:prostate_gland:0,TN,0
-1.5436455,2.098324,-0.46315515,-0.52175176,0.6750554,-0.07358493,-0.6027995,0.2270515,0.82758087,0.37668094,0,chr1:18911790:testis:0,TN,0
-2.1816952,-0.25237837,1.168158,0.66651994,0.32939205,0.75674486,-0.11565663,-0.84691745,0.6094115,0.47087538,0,chr1:16741091:adrenal_gland:0,TN,0
5.9131656,-1.1967542,-0.3549393,0.01011776,-0.14432158,-0.51962787,-0.66251224,0.31887594,-0.44056794,0.021069556,1,chr2:132257671:body_of_pancreas:0,TP,1
-2.5340836,-1.0890464,1.01816,0.33903763,0.4928931,-0.032924253,0.36837307,-0.14306046,0.16377214,-0.2841372,0,chr20:58851670:upper_lobe_of_left_lung:0,TN,0
7.1574545,1.29982,1.4392453,0.35217416,-1.0359057,0.03458888,0.2134362,-0.5096639,0.13650404,0.38525698,1,chr10:44370798:body_of_pancreas:0,TP,1
-3.7025573,-2.005752,0.4440744,-0.9245149,-0.19517623,0.3618517,0.052897308,-0.51427084,-0.5516691,0.38345712,0,chr1:146401430:upper_lobe_of_left_lung:0,TN,0
-3.2306435,0.698126,0.5168666,0.19882573,-0.8140754,-0.21000686,-0.44933063,0.09268467,0.08280811,-0.14565036,1,chr20:54062952:transverse_colon:0,FN,0
2.5076616,0.11891153,-1.3034877,-0.4553476,1.1123428,0.2671233,0.11045172,0.0640234,1.6767725,0.45957923,1,chr20:29891452:body_of_pancreas:0,TP,1
2.210315,-0.7699061,-0.3935408,0.7986701,2.0002854,-0.23802525,-0.08898994,-0.6204692,0.21456957,-0.608283,1,chr17:80846411:body_of_pancreas:0,TP,1
-3.7094712,-0.40094465,0.50860673,0.5044041,-0.0010300409,-1.0227901,-0.24871756,0.37149692,-0.18829376,0.5888927,1,chr1:26921783:upper_lobe_of_left_lung:0,FN,0
-2.2416854,0.860461,0.5805829,1.3693876,-0.15706347,-0.71797734,-0.030376002,-0.21270406,-0.19027078,-0.53115904,0,chr1:2204651:tibial_artery:0,TN,0
-3.577314,-0.41504675,0.6731786,-0.18113588,-0.411436,-0.39265501,0.33025295,-0.048691113,-0.7548964,-0.09602059,0,chr11:12599485:tibial_artery:0,TN,0
3.6378527,0.16894147,-0.52477455,-0.51897067,0.16070785,-0.53705746,0.6839342,-0.19478488,-0.22000356,-1.0011373,0,chr15:29439155:body_of_pancreas:0,FP,1
-0.8272242,0.44937563,1.4828904,-1.2709501,0.0061805327,-0.6636019,0.065592796,0.18665744,0.36365506,0.07021223,0,chr10:61819430:body_of_pancreas:0,TN,0
6.3116426,0.37099114,0.95312935,0.30270255,-1.034007,0.7299889,0.28834867,-0.01371453,-0.2812467,1.1575336,1,chr12:48753691:esophagus_muscularis_mucosa:0,TP,1
5.559694,-0.78952295,-0.49297148,-0.794921,0.64759046,-0.3703493,-0.26753178,0.45043686,0.3289872,-0.29657888,1,chr6:111422648:thyroid_gland:0,TP,1
-2.1649659,2.4183497,-1.086782,0.41817692,0.18489286,-0.28840336,-0.31002438,-0.41468674,-0.34559602,0.041915156,1,chr11:43680454:tibial_nerve:0,FN,0
-0.12651695,0.12957786,1.1131555,-1.1482583,-0.15521497,1.4179391,0.030178236,-0.055258814,-0.82940423,0.102512866,1,chr10:18627450:prostate_gland:0,FN,0
-2.8245654,0.25256032,1.1478994,1.3674885,0.6927405,-0.8201196,0.48872304,0.720676,0.18321669,0.5403149,0,chr5:178730754:gastrocnemius_medialis:0,TN,0
-4.8251486,-1.9874103,-1.1476564,-0.26724926,-0.84411293,0.18543358,-0.4000211,0.32701483,0.19876085,0.1062287,0,chr1:114979744:transverse_colon:0,TN,0
-0.6655124,3.5042717,0.31291157,0.3280167,-0.63719666,-0.46513888,-0.8291389,0.42206368,-0.11282755,-0.7436979,0,chr14:76873140:gastrocnemius_medialis:0,TN,0
2.9196,-1.6350291,-1.3399863,-0.25732395,0.47362316,0.556566,0.42234874,0.49526802,-0.97593194,0.6014897,0,chr15:85504871:transverse_colon:0,FP,1
6.393804,1.2125398,0.21573809,-0.61974657,-0.079528555,-0.4547227,0.6860283,-0.09722638,0.76399505,0.93642926,1,chr17:25564506:body_of_pancreas:0,TP,1
-1.1790524,-0.98914367,0.5436679,1.8272675,1.6416702,-0.6248687,0.3231471,-0.47877222,0.1279844,0.67414594,1,chr8:28701937:gastrocnemius_medialis:0,FN,0
4.3711104,-2.3593843,-0.67376333,0.6407455,0.124567114,0.07856695,-0.34281027,0.41419128,-0.44362462,-0.1581473,1,chr14:23988708:body_of_pancreas:0,TP,1
-2.2189875,1.9199371,0.030449055,0.52338785,0.34996274,-0.27724588,-1.0428845,0.015171343,-0.34383485,-0.29630345,0,chr9:93827801:tibial_artery:0,TN,0
-2.089955,1.1500499,0.3360435,0.57627535,-0.45286188,0.28625214,0.17424327,-0.5808838,0.063929796,0.1968431,0,chr17:72467729:esophagus_squamous_epithelium:0,TN,0
4.763675,-1.1778075,-1.2559414,-0.62965155,-0.1691008,-0.3603518,-0.7816517,0.5278678,-0.24913706,-0.7405854,1,chr7:142776507:body_of_pancreas:0,TP,1
6.490365,-0.7021571,-0.034459323,-0.4553966,-0.34998494,-0.8618522,-0.43707722,0.11915536,-0.4391314,0.22880574,1,chr6:31374359:transverse_colon:0,TP,1
-3.5900888,-2.6480558,-0.60147446,-0.027600888,-0.53965133,0.41409692,-0.3042713,-0.2396418,0.3471557,0.08608515,0,chr4:157978948:esophagus_muscularis_mucosa:0,TN,0
0.39283195,2.070264,-0.3438544,0.25272056,-0.9286368,0.52743876,1.1806872,-0.582156,0.20071338,-0.44369894,0,chr19:39048065:body_of_pancreas:0,TN,0
-3.4028287,0.8294856,-1.1219796,-0.013468961,-0.45236441,-0.525861,0.11591772,-0.7143538,-0.27668262,0.39770034,0,chr6:32967583:Peyers_patch:0,TN,0
4.8470726,-1.8109465,-0.68545437,0.0045091626,0.5824383,-0.5453147,-0.56246287,0.30408543,-0.5125715,-0.20274916,1,chr9:61668518:prostate_gland:1,TP,1
-2.1967797,-0.29733315,1.867024,-0.73168784,0.7118835,0.14651228,0.1754819,0.05423905,0.40604165,0.2970942,1,chr6:131199853:upper_lobe_of_left_lung:0,FN,0
0.18884727,1.1638381,-0.9338032,-0.35060495,0.7426667,-0.31480134,0.38502297,-0.14019853,-0.41409302,-0.22237027,0,chr1:23210397:transverse_colon:0,TN,0
6.1644764,-1.0336928,-0.23789817,-0.108933225,0.25578284,-0.32019606,-0.9053119,0.32677206,0.018421713,-0.17217764,1,chr3:75785419:sigmoid_colon:0,TP,1
6.44203,-0.6730273,-0.11294979,-0.34026286,-0.09469739,-0.833527,-0.2773185,0.14554335,-0.5747892,0.0508114,1,chr6:31374359:thoracic_aorta:1,TP,1
2.7888634,1.7506692,-0.68030804,-0.45655686,0.40614054,-0.2020971,1.858592,0.08357461,1.3427235,1.2890639,1,chr8:44636977:transverse_colon:1,TP,1
-1.4240258,2.247171,-0.8144968,0.35832796,-0.15288346,-0.6500561,-0.25479633,-0.31729096,-0.89107776,-0.5927015,0,chr19:48152501:Peyers_patch:0,TN,0
-0.38976547,0.2357781,-0.68918073,-0.14243585,0.033392366,1.0495785,-0.26001972,-0.9265756,1.256168,0.21289876,1,chr6:53956277:esophagus_squamous_epithelium:0,FN,0
-2.7275572,-0.012258593,0.7287588,0.19432122,-0.12259047,0.054741304,-0.31543735,-0.44503438,0.34143907,-0.5853322,1,chr5:149431239:esophagus_squamous_epithelium:0,FN,0
-3.6687343,-2.2757425,0.36208072,0.33399367,0.86947685,0.29675022,-0.1891274,-0.2081254,-0.29954842,0.057854433,0,chr16:4685526:body_of_pancreas:0,TN,0
3.7962322,0.13475788,-0.31376147,-0.062860854,0.2154868,1.4685749,-1.1682047,0.8757887,-0.06324946,2.0101542,1,chr19:21484173:gastrocnemius_medialis:0,TP,1
5.499625,-1.2290181,-0.10774279,0.33147186,-0.809089,0.24214819,0.16695179,0.13272052,0.24170005,-0.14103737,1,chr11:60251676:transverse_colon:1,TP,1
-4.4746075,-2.6268659,-0.057500456,-0.5300333,-0.6581467,-0.6107716,-0.17626421,0.8948224,0.07231249,0.39360663,1,chr8:32547271:prostate_gland:0,FN,0
2.13407,3.927847,-0.08219269,0.35300162,-0.20506278,0.9086582,0.7617299,-0.6356709,0.53770083,0.33508044,0,chr19:52748468:thoracic_aorta:0,TN,0
-2.3518584,0.33675784,-0.111537546,1.3377773,-0.032391824,-0.82866466,0.18501039,-0.10232348,0.01649625,0.5435433,0,chr16:68237591:thoracic_aorta:0,TN,0
1.9654257,2.2799668,0.8236952,0.22430824,-0.8368583,0.8971115,0.059840143,0.0895671,0.37907866,0.39125705,0,chr6:24931943:sigmoid_colon:0,FP,1
-2.1710112,2.124174,-0.32567403,0.8868166,-0.49472457,0.055137504,-0.28817242,0.0019128099,0.25504166,-0.68840206,1,chr16:4548780:gastrocnemius_medialis:0,FN,0
-2.7720346,-1.7441403,0.24343625,1.7529022,0.619945,-0.22159311,0.059157398,-0.65171057,-0.44530448,0.35776708,0,chr17:34980857:gastroesophageal_sphincter:0,TN,0
1.387859,-0.16827527,2.6800246,-0.77958417,0.6711347,1.5202739,0.6455219,0.9427626,-0.7188447,-0.8598739,1,chr1:27556965:prostate_gland:1,TP,1
6.40401,0.8498672,0.2556324,-0.38477194,-0.22222367,-0.43936542,0.3818517,-0.1321045,0.58126915,0.70674616,1,chr17:25564506:Peyers_patch:0,TP,1
5.691244,-0.7729275,-0.76559407,-0.7022621,0.40112743,-0.46643922,-0.89357936,0.53360814,0.19969949,-0.48824885,1,chr8:69248295:thyroid_gland:0,TP,1
-0.90542495,0.68191004,2.2951965,-1.5946853,0.43240532,0.57822424,-0.26460224,-0.6140828,-0.78570724,0.32377526,0,chr10:110834148:body_of_pancreas:0,TN,0
-0.629443,-1.4869988,0.7172439,0.69315106,1.9076684,-0.3126456,0.86198646,1.0313833,-0.22714674,-0.8113484,1,chr7:2064001:tibial_nerve:0,FN,0
1.5080755,1.5791917,-0.8650903,-0.50434875,0.36540332,0.21767505,0.18687722,-0.8964233,0.09691821,-0.6363583,0,chr3:134769565:body_of_pancreas:0,FP,1
-2.876558,-0.65328234,0.8498279,-1.018031,0.434782,0.68469065,-0.1860625,1.0510852,-0.036339853,-0.053293265,1,chr20:32674620:adrenal_gland:0,FN,0
0.91974807,-0.28032926,-0.2912683,-0.29266968,-0.32518068,0.47882667,0.8444268,-0.52540755,-0.3320888,-0.38014257,0,chr1:244014970:upper_lobe_of_left_lung:0,FP,1
-3.6554983,-1.4019451,-0.28357348,-0.21701606,-0.4666287,-0.9491441,-0.11957895,-0.98864913,0.59488076,1.1140609,0,chr19:36606005:adrenal_gland:0,TN,0
-1.2113843,3.0633128,0.047775604,0.18342869,-0.55395764,-0.14807403,-1.0407093,0.12031577,-0.11824535,-0.5090148,0,chr1:31423083:tibial_artery:0,TN,0
6.4431787,1.0469794,0.16418545,-0.64502364,-0.15891087,-1.0692015,0.59595203,0.19533704,0.368932,0.71674436,1,chr8:45161471:transverse_colon:0,TP,1
-3.145917,-0.471329,0.22523324,1.2231897,-0.10677439,-0.12225112,-0.420915,-0.18348055,0.054648526,0.6106585,0,chr18:55590224:body_of_pancreas:0,TN,0
5.4280753,-1.2227722,-0.30695364,-0.046842314,-0.7766543,-0.39317665,-0.041617755,0.26244393,-0.494596,0.49567235,1,chr3:75723673:transverse_colon:0,TP,1
7.1020617,0.5609849,0.6683864,-0.44760734,-0.6136186,-1.0222085,0.3550239,-0.66423166,0.15907067,0.57456625,1,chr17:25579422:testis:0,TP,1
-1.4280026,1.500255,0.2080882,0.8344344,1.192694,-0.9194892,-0.62681276,0.5962844,0.14535391,0.4621725,0,chr5:36241819:testis:0,TN,0
-3.3056734,-0.9876177,0.6295637,1.2107263,-0.7017265,0.3547699,0.14309722,0.6872952,0.57170373,0.348077,1,chr11:1652791:spleen:0,FN,0
-2.39168,-2.3267472,0.11786312,1.4614589,1.4448129,-0.6327316,0.6544453,0.18862727,-0.6752808,-0.5983107,0,chr7:100894790:testis:0,TN,0
1.7973608,0.9566793,0.21637222,-0.8961932,0.0956237,0.0061909417,0.16092147,-0.8342321,1.291106,-0.66762656,0,chr14:24014450:tibial_artery:0,FP,1
-2.7343466,-0.26652104,-0.1681937,-0.7290196,-0.019838251,0.70540136,0.7604677,0.9341804,-0.51456344,-0.2769538,0,chr4:109977768:body_of_pancreas:0,TN,0
-2.233311,0.21185447,1.3367283,-1.6408374,-0.6074536,0.0017098724,0.15736291,0.30223754,-0.26949903,-0.63096935,0,chr22:10673306:thoracic_aorta:0,TN,0
-1.7708768,1.5202615,-1.4994593,-0.98802394,0.5384674,0.8692252,0.052589096,0.76856464,0.35256383,0.41721934,0,chr4:88714082:body_of_pancreas:0,TN,0
5.5177693,0.2943799,0.9927706,0.20958488,-0.7636468,0.28611022,0.01905071,-0.43679366,-0.1712369,0.30957067,1,chr16:18131657:upper_lobe_of_left_lung:0,TP,1
-1.136838,1.2754755,-1.4394288,-0.020127444,0.22887966,0.68112797,0.691694,-0.49017024,-0.19492908,0.41224578,0,chr11:63404588:body_of_pancreas:0,TN,0
3.828594,0.032666996,0.43939203,0.40420932,1.3498989,-0.43479362,-0.5082147,-1.6167498,0.54230213,-1.6533791,1,chr7:100965467:transverse_colon:0,TP,1
5.8646593,0.2427067,0.056726597,-0.27802688,-0.41580507,-0.6266357,1.5885228,-0.2442782,0.7249821,0.4642988,1,chr8:44636977:testis:1,TP,1
-0.868948,-1.9388828,-0.290047,-0.0832425,1.8947936,0.3890011,0.51628035,-0.61679196,-0.9281921,-0.34417546,1,chr12:2540813:spleen:0,FN,0
5.8128834,2.6886106,1.2300439,-0.24638067,-0.3863413,-0.22490335,0.4503967,-0.91943395,0.051192947,0.5933478,0,chr4:44827714:body_of_pancreas:0,FP,1
-2.5357325,0.35022697,1.2599285,-0.64878744,-0.73454535,-0.96498257,0.38349184,0.86060435,0.49618596,-0.18388714,0,chr3:113577845:upper_lobe_of_left_lung:0,TN,0
-1.2667717,0.34968197,1.2093294,1.7816648,-0.41874626,-0.42626327,1.129281,0.7235778,-0.05456427,-0.3439762,1,chr15:40906278:upper_lobe_of_left_lung:0,FN,0
-1.9089463,0.0904633,1.3205875,-1.4422294,0.24865802,0.6118363,-0.3401134,-0.64838165,0.34053433,-0.008774014,1,chr9:17531876:transverse_colon:1,FN,0
5.843738,-1.2781171,-0.3157094,-0.037891887,0.25211927,-0.018575493,-0.9729139,0.3427427,0.022101004,-0.087431625,1,chr3:75785357:gastrocnemius_medialis:0,TP,1
-3.7107885,-1.8926421,-1.2236489,0.7142338,-0.63514084,-0.49597377,-0.47627148,-0.5571194,0.40241954,-0.13347393,1,chr6:168884315:tibial_nerve:0,FN,0
-2.30385,0.92746884,-0.41059428,-0.37610108,0.40442044,0.3977869,0.14563356,-0.2158971,0.16550355,-0.067962885,0,chr14:52045127:body_of_pancreas:0,TN,0
-3.185547,0.20015956,0.89549744,-0.7032454,0.10129326,0.08509373,-0.6836473,-0.48866224,-0.09732692,0.3030212,0,chr14:106061994:prostate_gland:0,TN,0
-1.5305978,2.7232668,0.08313718,0.4530286,-0.6436518,-0.532618,-0.8838426,0.49217117,-0.019717257,-0.5039995,0,chr9:98315874:spleen:0,TN,0
-1.0039102,1.4538704,-0.90189016,-0.060365137,0.20462292,0.3951098,-0.1721761,-0.6799646,0.6986218,-0.045731835,0,chr16:11800357:body_of_pancreas:0,TN,0
-1.0121568,2.0742226,-1.0752081,-0.48394436,-0.05491863,-0.24999957,0.26503032,0.07022187,-0.58563864,-0.27288297,1,chr2:168375394:prostate_gland:0,FN,0
-3.2548273,-2.4273884,0.16518103,1.7912858,1.143395,-0.9797113,0.35497984,0.1821223,-0.033821587,0.56492645,0,chr21:34890129:tibial_artery:0,TN,0
-2.1983168,1.8106998,-1.5907173,-0.5613386,0.59684205,0.04870376,0.30231857,0.17397915,-0.81567746,-0.04291421,0,chr9:86332338:body_of_pancreas:0,TN,0
-0.41628164,-0.9947378,0.74117893,0.74593323,0.058848515,0.9405492,0.02235226,-0.6279871,0.4819617,-0.3299184,1,chr12:123762055:gastroesophageal_sphincter:0,FN,0
1.7698303,1.4437637,-0.72473276,-0.62618774,0.46635836,-0.30600375,0.3647256,-0.09308006,-1.2512817,-0.17234227,0,chr12:9250488:body_of_pancreas:0,FP,1
-1.3317398,-1.2261175,1.0537707,1.6112672,1.4160371,0.12947646,0.5949235,-0.7765084,-0.6636529,0.10766084,1,chr16:4273965:body_of_pancreas:0,FN,0
-1.0972732,2.843186,-0.79943556,-0.24792816,0.5500679,-0.023015093,-0.026056038,-0.11526334,0.42717013,0.17321579,0,chr6:11655830:spleen:0,TN,0
-3.639308,0.066178694,0.79694813,0.6568434,-0.9203041,-0.5933814,-0.21561217,0.5436676,0.08055292,-0.017367521,0,chr8:11933952:body_of_pancreas:0,TN,0
-1.9232527,-0.042560898,-1.5802132,-0.575208,-0.33748263,0.20268263,0.44017786,0.84165007,-0.5038366,0.010871927,0,chr1:207000211:body_of_pancreas:0,TN,0
-1.2839408,1.7315912,-0.639164,0.07159585,0.6700745,0.88243204,0.2704293,0.49389023,-0.090194754,-0.46301144,0,chr2:47080961:body_of_pancreas:0,TN,0
-4.347325,-2.1205642,-0.3086613,-1.5713387,-0.7112339,-0.26108503,-0.7694821,0.24427553,-0.3201099,0.17655335,0,chr4:110589414:body_of_pancreas:0,TN,0
-2.8535607,-0.4754498,1.0263804,-1.6394138,-0.37233183,0.11054914,-0.52571934,-0.6621913,-0.08342005,0.23792872,0,chr10:110269541:thoracic_aorta:0,TN,0
-2.383577,0.5744331,0.3144882,1.4455556,0.21028239,-0.69346684,-0.04493619,-0.3657897,-0.27909032,0.37576076,0,chr2:64751571:transverse_colon:0,TN,0
2.3454509,0.5248579,0.11862669,-0.17509231,-0.026702883,0.28498623,0.008346998,-0.66239816,0.63266426,-0.30288485,1,chr6:53956277:tibial_artery:1,TP,1
-2.9774623,0.53285986,-1.5852765,0.23123294,0.3215789,-0.13931829,-0.6948013,-0.004262787,0.015145654,-0.16728735,0,chr1:84753658:thyroid_gland:0,TN,0
-3.226605,-1.1850675,1.2679279,-1.2813251,0.38832858,-0.23630531,0.21497247,0.94117373,-0.29930276,0.5622343,1,chr9:127348292:esophagus_muscularis_mucosa:0,FN,0
-3.4279993,0.47228098,-0.8346191,0.12002858,-0.86848766,-0.511135,-0.25118682,-0.5647897,0.5328457,-0.36789715,0,chr10:95363363:esophagus_muscularis_mucosa:0,TN,0
1.6583577,-2.984955,-0.7947369,1.4847008,1.2334459,-0.23608513,0.07313473,-0.47015402,-1.2059659,-0.17938907,1,chr5:132737309:Peyers_patch:0,TP,1
-3.955779,-1.7600234,-0.9428401,-0.37036452,-1.2053522,-0.50852615,-0.20398149,-0.77268374,0.48914316,0.13734876,0,chr2:40760065:sigmoid_colon:0,TN,0
-2.5193622,0.13949522,0.55938804,1.039645,0.35073593,0.4350581,0.3404179,0.3079827,0.13272142,0.24739218,0,chr22:49724957:Peyers_patch:0,TN,0
1.9691273,1.4828826,-0.6147245,-0.9301297,1.3214061,0.26446807,0.2190315,0.28846854,2.064966,0.66753095,0,chr5:46665358:body_of_pancreas:0,FP,1
-3.0772316,-0.74013346,1.6511328,-0.7854388,0.25555083,0.12673296,0.14065625,0.70181555,-0.26218122,-0.29507327,1,chr5:149431239:transverse_colon:0,FN,0
-3.1481028,-0.91160285,0.41472128,-1.0432519,-0.25549376,-0.12574,-0.7340318,-0.123418026,0.48256934,0.59217215,1,chr7:48424976:upper_lobe_of_left_lung:0,FN,0
6.5716915,0.4347461,1.1031239,0.27076483,-1.0853329,0.283672,0.563581,-0.22013058,0.3157601,0.6091665,1,chr11:60251676:body_of_pancreas:0,TP,1
6.0116696,-0.35483187,-0.0460271,0.019729612,-0.18582594,0.07817138,0.24480665,0.35665575,-0.45187324,0.54957193,1,chr19:4352840:thoracic_aorta:0,TP,1
-2.9061055,-0.12125284,1.9799483,-0.5043082,0.28346375,-0.19409339,0.17917053,0.22093657,-0.4594115,0.030207887,0,chr3:66408208:transverse_colon:0,TN,0
-3.2704253,-0.17491554,0.4431242,-0.23834206,-0.6166923,0.26235643,-0.50309205,-0.5619178,0.49855047,-0.057628315,1,chr11:26277028:esophagus_squamous_epithelium:0,FN,0
6.0033054,-0.5411277,-0.2220775,-0.09737372,-0.27061984,-0.6696411,0.13587245,0.015239173,0.08362889,0.025861844,1,chr17:24931573:tibial_artery:0,TP,1
-2.2394645,0.15689445,0.6953908,1.2933141,-0.28852284,0.027423313,-0.13080683,-0.69924474,-0.16105646,-0.6658378,0,chr11:124954084:prostate_gland:0,TN,0
-3.7851746,-0.19506514,-0.013358534,0.33125287,-0.9896116,-1.0615782,-0.4587347,-0.08757936,0.20662603,0.15832184,0,chr9:135864525:upper_lobe_of_left_lung:0,TN,0
3.8570962,0.3937857,0.29988647,0.28925768,1.3192301,0.51575816,-0.31041768,-0.46070218,1.5655463,-0.5227184,1,chr19:45678133:Peyers_patch:0,TP,1
5.795789,-1.3812438,-0.07779924,0.21820433,-0.20561308,0.22770171,-0.36482307,0.2637396,-0.12797397,-0.22332399,1,chr6:29705705:transverse_colon:1,TP,1
-2.2425013,0.4569249,1.4475342,-0.2380512,0.44183102,0.40275726,-0.12887722,0.83274776,-0.14697653,-0.026790623,1,chr12:104294234:gastroesophageal_sphincter:0,FN,0
-3.0020084,-0.43223518,1.4132053,-0.9341695,-0.43805057,0.056554038,0.011246176,0.79614365,-0.12256527,0.52239656,0,chr6:8539560:prostate_gland:0,TN,0
-3.936307,-0.27150026,0.32704812,0.43986902,-0.5420592,-0.80742633,-0.3313164,0.012171118,-0.15273367,0.10257094,1,chr9:97633155:body_of_pancreas:0,FN,0
4.702837,-1.4809823,-0.77782875,0.24339542,-0.9395819,0.4854636,-0.15658306,-0.18563747,-0.35896757,-0.28635842,1,chr7:142463839:transverse_colon:0,TP,1
-1.6752774,-0.67312956,-1.1540173,-0.26128978,-0.10323931,-0.7044042,0.4756849,-0.25937888,-0.29205722,-0.844968,0,chr15:63056932:esophagus_muscularis_mucosa:0,TN,0
6.7322173,-0.050736055,0.30942136,-0.44486192,-0.38582602,-0.51762664,-0.33084577,0.05344111,0.20915599,-0.094402894,0,chr1:115717982:thoracic_aorta:0,FP,1
2.97101,-0.93744564,-0.059492014,1.332926,1.058232,-0.35181093,0.65408736,0.051361132,-0.32292038,-0.10357831,0,chr2:113541997:upper_lobe_of_left_lung:0,FP,1
-1.9065075,1.5681928,1.2659831,0.5261864,0.4699904,0.04598007,-0.5848678,0.8966702,-0.60562056,-0.0915911,0,chr20:30511949:body_of_pancreas:0,TN,0
-2.96829,-0.71083426,-0.15890722,-0.3954448,-0.47432014,0.6185327,-0.144989,-0.32405856,0.75148386,-0.6358507,0,chr11:15493342:Peyers_patch:0,TN,0
6.384613,-0.69354266,-0.006798984,-0.3410577,-0.43593195,-0.34794486,-0.398604,0.06689686,-0.15159224,-0.020853605,1,chr2:86221296:tibial_artery:1,TP,1
-1.1898084,1.1508608,-1.1946993,-0.29199556,0.37932295,0.12666085,0.30149627,-0.2891617,-0.81262517,-0.0010245987,0,chr1:6347999:suprapubic_skin:0,TN,0
-1.8229897,-1.2411832,-0.022342239,-0.9042138,-0.14961562,0.43651533,-0.14526021,-0.5257508,0.48374647,-0.14534597,0,chr10:13844156:body_of_pancreas:0,TN,0
4.9479175,-1.5152451,-0.043912277,0.89381903,0.33985052,0.7630554,-0.93129265,0.5241615,-0.1666652,0.039638527,1,chr9:42852316:tibial_artery:0,TP,1
-2.6843295,1.27404,-1.1061187,-0.15953818,-0.1953092,-0.16223346,0.15553857,-0.074770704,0.46221137,-0.17500924,0,chr6:32885726:spleen:0,TN,0
4.6658654,-1.2253194,0.20347403,-0.6816889,-0.18982248,-0.17187774,-0.17519762,-0.66496265,-0.28178298,-0.8706165,1,chr4:75289967:tibial_artery:0,TP,1
-2.35411,0.59304696,0.6771164,0.23203129,0.075546585,-0.12093078,-0.30508143,-0.44221073,0.74339586,-0.0115439985,0,chr2:66575386:gastroesophageal_sphincter:0,TN,0
-1.9299088,0.84041965,2.4040065,-1.2871726,-0.27830076,0.20614254,-0.356325,-0.3159129,-0.6849996,0.1578175,0,chr20:30289806:prostate_gland:0,TN,0
6.40401,0.8498672,0.2556324,-0.38477194,-0.22222367,-0.43936542,0.3818517,-0.1321045,0.58126915,0.70674616,1,chr17:25564506:testis:0,TP,1
-3.6843207,-1.4340613,-0.06352424,-1.1126294,-0.32928762,0.3963651,0.4154339,0.3882522,-0.2625137,-0.2666125,1,chr12:12328361:body_of_pancreas:0,FN,0
-0.5913138,2.149864,-1.8959067,-0.7850739,0.9784532,0.53351444,0.79631555,0.10138732,-0.30737138,0.5027225,1,chr10:72221918:body_of_pancreas:0,FN,0
0.9424704,-2.8258495,-1.3505353,0.8949419,-0.32565668,0.49098116,-0.09205284,-0.32462242,0.203098,-0.71907574,1,chr7:63015786:adrenal_gland:0,TP,1
-1.1452934,-0.39349037,0.22002885,-0.57211554,-0.38053635,0.4487533,0.3312376,-0.3200845,0.8838764,-0.87045616,0,chr2:44246833:body_of_pancreas:0,TN,0
4.416623,1.5024474,-0.19697738,-0.6822628,0.04738197,-0.42033547,1.8068149,-0.23489185,-0.4650497,-0.11344503,1,chr10:18628158:body_of_pancreas:0,TP,1
5.410581,-1.5037946,-0.81782705,-0.5467519,0.15255621,-0.38747638,-0.45040172,0.6001481,-0.45289376,-0.116597384,1,chr4:113924101:thyroid_gland:0,TP,1
4.7592173,-1.4898344,-0.29269767,-0.4662927,-0.63835055,-0.20941496,0.00725835,-0.10043571,-0.22605895,-0.9005355,1,chr4:75289967:thoracic_aorta:0,TP,1
-2.3157027,0.7526207,2.1356907,0.08036901,0.3975718,-0.56781125,0.22665748,0.33790576,0.18170129,0.50575167,0,chr4:76586290:tibial_artery:0,TN,0
-3.490739,0.3949949,-0.22605214,0.5858549,-0.79432964,-0.55417675,-0.11556695,-0.12677538,0.1083232,0.024338417,0,chr15:40310054:sigmoid_colon:0,TN,0
-2.7913065,1.4211899,-1.3924992,-0.26091236,0.25648534,0.07471667,-0.9753276,0.12284134,-0.36019996,0.1982294,0,chr12:96063163:thoracic_aorta:0,TN,0
-1.6240551,1.2369117,0.6672414,0.48212504,0.61228156,0.29918644,-0.044647448,-0.38492197,0.7390651,0.29592878,0,chr5:142357270:tibial_artery:0,TN,0
-2.338431,1.657916,-1.3394612,-0.15873419,1.1420969,-0.090424225,0.18661682,0.26437354,-0.47753575,-0.012276045,0,chr3:75772030:transverse_colon:0,TN,0
3.560955,0.47760472,-1.0017256,-0.3808296,-0.58977365,0.6488088,-0.31525236,0.54772437,-1.0997874,1.5466585,1,chr7:73725711:transverse_colon:0,TP,1
-0.2889181,-1.6879226,-0.80857754,0.7088214,1.5491264,-0.7112304,0.4999789,-0.20168969,0.28883857,-0.5956433,0,chr19:40403913:Peyers_patch:0,TN,0
-2.7718966,-0.54498845,-1.3716608,0.16952091,-1.0910652,-0.1877739,0.5775013,-0.009320762,0.031596612,-0.5601869,0,chr14:54488111:transverse_colon:0,TN,0
-2.3806386,1.5721549,1.201926,0.98121256,-0.009996246,-0.36413962,-0.6050565,0.92866224,0.45751187,0.09700443,0,chr15:40422201:prostate_gland:0,TN,0
-2.0403893,0.3814918,2.3371847,-1.0069188,0.06605795,0.19696243,0.2133443,0.32898718,-0.0963383,-0.09117342,0,chr1:179292625:adrenal_gland:0,TN,0
-3.0850933,-1.4676596,-0.10885727,2.035722,1.0161928,-0.21207258,-0.27648965,0.0036986526,-0.0747991,0.5780446,1,chr2:230068249:upper_lobe_of_left_lung:0,FN,0
-3.9028084,-1.1545476,0.54029,-0.45386463,-0.4448678,0.4056404,0.036531746,0.14126942,-0.059477415,-0.07532124,0,chr2:168773981:thyroid_gland:0,TN,0
-0.5108942,1.1667655,-1.1945099,-0.3076878,0.7310456,-0.5039461,0.929981,-0.10262809,-0.91233677,0.24038737,1,chr2:218658715:body_of_pancreas:0,FN,0
-3.3491795,0.53682137,0.31672782,1.0931628,-0.27094066,-0.73685986,-0.44381323,0.05227867,-0.18992938,0.15152015,0,chr7:56106446:transverse_colon:0,TN,0
4.938222,-0.32774305,0.6710922,0.7454724,0.11035616,1.3010693,-0.4479858,0.14413312,-0.22137456,0.12854613,1,chr5:179213127:upper_lobe_of_left_lung:0,TP,1
-2.8083735,-0.7254002,1.3952549,-0.7295496,0.1456286,0.3460956,-0.050416674,-0.44191778,-0.0880684,0.058045663,0,chr5:308944:adrenal_gland:0,TN,0
2.5083742,1.2623316,-0.7296919,0.2283164,0.05369619,-0.24362724,0.8333523,-0.016077641,-1.497984,-0.60435975,1,chr10:29926759:body_of_pancreas:0,TP,1
-0.76349497,-0.656242,-0.6790356,0.3442446,0.7558682,-0.30869782,0.22318545,-1.7149581,1.0178076,-0.17825511,1,chr21:45747925:sigmoid_colon:0,FN,0
-2.961013,1.2541275,-0.38965362,0.5924769,-0.43181485,-0.17997532,-0.4367261,-0.8739259,0.25293264,0.07403109,0,chr10:43667279:prostate_gland:0,TN,0
-2.4708483,0.0599891,1.7528869,-0.9468056,0.90795934,0.5545151,-0.10735949,-0.6086173,-0.369041,0.42865378,0,chr19:39898261:transverse_colon:0,TN,0
4.3253746,-0.09913823,-0.55743134,0.38464946,0.19904801,0.8530208,0.034292925,0.21585836,0.2679703,-0.26168972,1,chr15:31200859:Peyers_patch:0,TP,1
5.8400674,-0.0023595623,0.37087518,0.66000164,-1.043282,1.1641418,-0.13103181,-0.021771709,0.12099508,0.8653478,1,chr12:48753691:spleen:0,TP,1
2.7668543,0.67017096,-0.930961,0.105573766,-1.2840387,-0.12583032,0.4425316,0.27015477,-1.3460104,-0.33748704,1,chr2:196068383:thoracic_aorta:1,TP,1
-1.3893796,-0.30951214,-0.5677128,0.120699786,-0.7290755,1.3103722,1.1787962,0.48804092,0.13742952,-0.37012145,0,chr10:22103749:body_of_pancreas:0,TN,0
-1.4851494,-2.1998746,0.11678821,0.5363752,1.1703612,0.6359324,-0.24035592,0.0077827144,-0.99786645,-0.51931745,0,chr8:142816465:omental_fat_pad:0,TN,0
5.2779145,0.06659872,0.49784163,0.86756676,-0.2056891,0.49880028,-0.0069072368,0.28447637,-0.24592313,0.25940746,1,chr5:179213127:Peyers_patch:0,TP,1
-1.8248711,0.91473824,-0.8875242,0.38718167,-0.5685213,-0.29991725,-0.5693308,0.749932,-0.95924574,-0.72146857,0,chr1:39720368:gastrocnemius_medialis:0,TN,0
-3.371073,-0.39583924,0.28885013,1.2680963,-0.35029456,0.108054005,0.05512378,-0.33856964,0.1993551,0.36020806,0,chr5:141969068:upper_lobe_of_left_lung:0,TN,0
1.3075843,1.3161377,1.6554343,-1.6537956,1.0815313,-0.096785754,0.8408915,-0.7042035,0.25700736,-0.33009183,0,chr11:117904318:body_of_pancreas:0,TN,0
-0.2639221,1.9923406,-0.9425114,-0.09484317,-0.85735524,-0.7558731,0.20714648,0.007324641,-1.1784655,-0.14809187,0,chr17:68019889:prostate_gland:0,TN,0
-2.9786115,0.14907664,-0.18537311,-0.7833857,-0.01786762,0.47012025,0.16268581,-0.89207715,0.037015755,0.7458802,0,chr9:31120230:tibial_nerve:0,TN,0
-2.7763603,0.42920426,1.0049456,-0.07091731,-0.2758522,-0.107476145,0.14861073,0.5710967,0.26621938,-0.44330966,1,chr14:91286688:body_of_pancreas:0,FN,0
6.124276,1.0975484,-0.31607595,-0.80010825,0.24200998,-0.93360645,0.7988763,-0.098513216,0.31808382,0.5426595,1,chr17:22856764:body_of_pancreas:0,TP,1
-2.4990778,-0.28157833,2.0649383,0.02327952,0.5428468,-0.1834436,0.53135085,0.5302957,-0.2904034,0.5558529,1,chr17:45584815:prostate_gland:0,FN,0
6.2094245,0.79612833,0.1655614,-0.7381669,-0.18428688,-0.77712667,0.55445707,0.41477737,0.71610165,0.7159722,1,chr8:45161494:prostate_gland:0,TP,1
0.061499443,2.822035,-0.782864,-0.58341765,0.16078655,0.087107524,0.23645693,0.14231654,-0.30631015,0.12094348,0,chr6:107954326:body_of_pancreas:0,TN,0
-3.98261,-1.2990191,0.71706456,-0.55330396,-0.22293523,-0.04669827,-0.36613974,0.22098675,-0.3218834,0.3517161,0,chr8:64577514:transverse_colon:0,TN,0
-4.3071246,-1.4413618,-0.9294033,0.117362924,-1.1376722,-0.9383789,-0.20092571,-0.6256364,0.42775533,0.29546136,0,chr3:107690540:adrenal_gland:0,TN,0
-3.1124713,1.1376258,0.70323396,0.28733376,-0.30568236,-0.46868762,-0.7063736,-0.17333606,-0.0023715487,0.11930836,0,chr14:68938090:prostate_gland:0,TN,0
-2.8022246,-0.43491516,0.04316362,1.4813203,-1.274686,0.24663332,-0.07552791,-0.6673801,0.2030282,-0.03319692,1,chr11:1652791:transverse_colon:1,FN,0
-3.2105083,0.8787599,-0.90950406,0.6081413,-0.8718739,-0.49938574,-0.050123576,0.16118605,0.032193027,0.021224733,0,chr2:78999458:tibial_nerve:0,TN,0
-3.3748918,-1.4964293,-0.55775625,-1.0524315,-0.4327203,0.17498907,0.40771744,-0.027517326,0.6887215,-0.29088166,0,chr15:57716099:esophagus_squamous_epithelium:0,TN,0
-2.614553,0.7801968,-1.2253231,0.32057607,-0.5594623,-0.41770783,-0.4482201,-0.03841127,0.40611365,-0.33667928,0,chr11:123235330:Peyers_patch:0,TN,0
4.6290174,1.0416406,-0.08274879,-0.21737234,-0.97038406,-0.04968025,0.9573788,-0.6505796,-0.5815483,0.97701776,0,chr12:120335132:upper_lobe_of_left_lung:0,FP,1
-3.349977,0.6016019,0.28983486,1.0239427,-0.19829485,-0.65446156,-0.42982402,-0.62000555,0.2800585,0.06921667,0,chr7:134646672:lower_leg_skin:0,TN,0
-2.8403945,0.090383984,0.7978774,0.87594944,0.20088698,-0.32231325,-0.22208133,0.29307374,0.20484431,0.45984262,0,chr6:32894511:upper_lobe_of_left_lung:0,TN,0
-2.2501483,-0.17734589,1.532906,-1.9239863,-0.12018839,1.219098,-0.55949974,0.0049773576,-0.26383898,-0.31975806,0,chr12:16685351:transverse_colon:0,TN,0
6.7107043,-0.24195947,0.22686557,-0.48567313,-0.35939094,-1.1690695,-0.018619679,-0.13686459,-0.22662704,0.00857245,1,chr17:22909996:prostate_gland:0,TP,1
0.30955172,1.8915956,-0.84255004,0.83539206,0.055691276,0.95994717,-0.08145037,0.12564932,-0.10147931,0.5544059,1,chr19:45427778:upper_lobe_of_left_lung:0,FN,0
0.7082477,0.39809284,0.16526386,-0.23991685,0.1560427,1.5732096,0.36791644,-0.6590144,-0.31131232,-0.59179157,1,chr10:4985267:body_of_pancreas:0,FN,0
-2.4920936,-0.15647605,1.2624557,0.17386985,0.91800195,-0.23794934,0.20025854,0.38485235,0.86379725,0.6729016,1,chr8:41651698:tibial_artery:0,FN,0
-3.540874,-1.6814785,-0.12181997,-1.4939617,-0.9290552,-0.10030967,0.026501695,-0.21352236,0.023235084,0.046886235,0,chr8:27855652:tibial_artery:0,TN,0
-2.0288079,-0.61566424,2.0682423,-2.260468,-0.008836407,0.39190546,0.23756954,0.45284384,-0.94612604,-0.13963021,1,chr10:5003530:upper_lobe_of_left_lung:0,FN,0
-3.4704468,0.0003492092,0.03923935,-0.22659023,-0.57374305,0.5339005,-0.18200542,-0.71508944,0.2675859,0.23071165,1,chr4:110826866:Peyers_patch:0,FN,0
0.7463925,2.233056,1.0375279,1.7034317,-1.8539045,1.1894318,0.07282349,-0.13717914,0.24276964,-0.38661045,1,chr9:83219889:Peyers_patch:0,FN,0
-1.8923076,-3.1090508,-1.196563,0.2652404,-0.34413007,0.6307851,0.22656599,0.0009731348,-0.007200378,0.0156618,0,chr20:30856104:transverse_colon:0,TN,0
5.502262,-1.016836,-0.3658081,-0.31137112,-0.30186456,-0.6247941,-0.31806898,-0.02381602,-0.14657648,-0.20089683,1,chr16:18131657:prostate_gland:0,TP,1
-0.8462147,2.3233755,-1.0661483,-0.43798,0.27130207,-0.41588724,-0.20812601,-0.08707819,-0.28856474,-0.12543029,0,chr1:161647575:spleen:0,TN,0
3.807817,0.10164587,-0.33481738,0.2241289,-1.1352388,1.4652762,-0.4038274,0.35602072,-0.11580628,1.3493754,1,chr8:115690958:body_of_pancreas:0,TP,1
1.8166206,1.1692262,-0.8834428,-0.27883998,0.4434584,-0.28344655,1.7227545,-0.42868546,-1.3424248,-0.12182462,0,chr19:47791038:body_of_pancreas:0,FP,1
4.597116,-1.8133374,0.21872762,1.2151502,0.3075489,0.52757215,-0.37663275,-0.10685393,6.9360714e-05,-0.12160057,0,chr3:129343963:esophagus_muscularis_mucosa:0,FP,1
4.7974987,-2.0257354,-0.63874185,0.32272696,-0.7254532,0.15125902,-0.2986044,-0.22022125,-0.25845152,-0.21528742,1,chr7:142463839:body_of_pancreas:0,TP,1
6.268037,-0.8113226,0.09676728,0.30691782,-0.27457875,-0.049897656,-0.6864807,0.20879564,-0.2556592,0.03407052,1,chr17:45585364:suprapubic_skin:0,TP,1
-3.290265,0.018079856,0.66734093,-0.29528734,-0.9361759,-0.9237285,0.11431419,0.8798817,-0.09477474,-0.41908696,0,chr6:32622553:thyroid_gland:0,TN,0
-3.0969718,-0.027658027,-0.63928354,0.24467538,0.58642,-0.8308217,-0.25603476,-0.5544886,0.5500451,0.7165615,0,chr6:27146708:tibial_nerve:0,TN,0
-3.0211017,-1.5884881,0.4392063,0.39164114,0.7690153,0.40724438,0.24200737,-0.09942954,-0.34535342,0.3913733,0,chr17:17567860:body_of_pancreas:0,TN,0
1.7704382,-1.1181501,-0.06796056,-0.50888777,-0.46508735,0.12891772,0.8996607,-0.35874888,0.82072514,-0.7073941,1,chr6:53956277:upper_lobe_of_left_lung:0,TP,1
-2.7030003,0.31380516,0.8088927,0.1872557,-0.13586147,0.33809847,-0.28449923,-0.18153165,-0.11156596,0.111291364,0,chr14:25133050:prostate_gland:0,TN,0
4.6870465,-0.95193595,-0.28910637,0.2398774,-0.27791494,0.93838173,-0.8140866,0.5050162,-0.33079877,1.7284784,1,chr19:21484173:thoracic_aorta:1,TP,1
-3.5774345,-1.7878342,0.75367135,-1.3629981,-0.14041598,0.16354316,0.23300497,0.11832345,-0.83854663,0.036667746,0,chr5:172766870:transverse_colon:0,TN,0
1.4113132,-0.53237903,-1.7317533,-1.3294944,2.3911097,-0.16398297,-0.44367918,0.73828405,0.53800666,-0.19384727,1,chr16:87550129:body_of_pancreas:0,TP,1
6.049434,-0.98730564,-0.18377094,-0.12134214,0.25983194,-0.6757806,-0.4111915,0.36465365,-0.49715102,-0.38343364,1,chr16:2005642:body_of_pancreas:0,TP,1
-2.542073,-1.7413629,1.2936058,-1.0996484,1.3139257,0.088156335,0.36214018,0.67345965,-1.1300768,0.18387851,0,chr2:239391046:adrenal_gland:0,TN,0
-2.6595278,-0.40981823,0.41282323,-1.4008111,-0.16727497,0.35292915,-0.60081357,-0.3277257,0.17630716,0.6928013,0,chr12:20624847:sigmoid_colon:0,TN,0
-1.5277172,1.0171667,0.977117,-0.5211122,-0.4259543,1.1308615,0.028542956,0.5512497,-0.22356863,-0.597214,0,chr9:100323287:transverse_colon:0,TN,0
-1.5408733,0.8283875,-0.99310976,0.18723205,-0.28795177,1.3146433,-0.25664172,-0.25617054,1.7913911,0.23870474,0,chr15:38440496:tibial_artery:0,TN,0
-0.9085376,-0.6337937,0.83286476,-1.4058684,0.40173078,1.1174281,0.7631048,-0.29394242,0.21172483,-0.5988525,1,chr3:126191523:body_of_pancreas:0,FN,0
-3.0597198,0.48869446,0.703958,0.3529594,0.4541566,-0.77596223,-0.06766529,-0.6249858,-0.17880021,0.434762,0,chr4:185204332:Peyers_patch:0,TN,0
-2.8102295,-0.12956311,1.7731752,-1.0303248,-0.054120395,-0.12063365,-0.62006676,-0.13494425,-0.08959396,0.34020805,0,chr10:130128103:tibial_nerve:0,TN,0
6.335368,-0.7779055,0.24450523,0.14821595,-0.38739017,-0.031456668,-0.48013335,0.12657325,-0.16958776,-0.049994912,1,chr6:29705705:prostate_gland:1,TP,1
-1.8684665,1.8691375,-1.09363,0.046116672,0.87396985,0.6642013,-0.5365428,0.34940755,0.08320377,0.19673456,0,chr14:23305856:body_of_pancreas:0,TN,0
-3.5300062,-2.1155815,-1.9195166,-0.5626348,-0.85362643,-0.40423056,-0.054335218,0.19922134,0.69718134,-0.0432115,1,chr9:105609267:spleen:0,FN,0
-1.4632074,-0.68384,0.427811,0.6317503,0.34308583,1.4397559,-0.48686805,-0.038009442,0.570114,-0.35914505,0,chr19:47698394:spleen:0,TN,0
-3.5975647,-0.7617101,0.5037618,-0.5050331,-0.46511003,-0.106421776,-0.41418058,-0.30827767,-0.1274053,0.16977024,1,chr4:119212065:Peyers_patch:0,FN,0
4.758144,-1.6769956,-0.5348805,0.14500198,0.020403413,0.42210525,-0.47640425,0.5505302,-0.4414464,-0.041440252,1,chr13:20119527:body_of_pancreas:0,TP,1
-1.9721234,-0.3417942,0.83088213,-0.9997429,0.28779888,0.6934764,0.11753038,-0.49412006,0.08585662,-0.017916279,0,chr1:25572673:thoracic_aorta:0,TN,0
-3.4599285,-1.578333,0.10629297,-0.4893554,-0.3294909,0.13350344,-0.75954044,-0.7276356,0.24850012,-0.07231347,1,chr3:5232752:body_of_pancreas:0,FN,0
6.910085,0.24228984,0.7921817,0.19501834,-0.8457263,-0.16819066,0.10946428,-0.22794986,-0.14218742,0.5213976,1,chr7:142521135:prostate_gland:0,TP,1
-3.249517,-2.2775831,-0.5617627,-0.2227725,-1.1022424,-0.66250527,0.879578,-0.49633065,0.08564189,0.08660778,0,chr9:70113471:sigmoid_colon:0,TN,0
4.5531898,-2.1499786,-0.88357055,-0.61287844,-0.29194272,0.2530925,-0.8061396,0.6059989,-0.1272499,-0.3014984,1,chr7:51754611:prostate_gland:0,TP,1
-1.5657822,0.35410902,0.21411283,-0.4077172,0.08254107,1.2868326,0.14164731,0.63724643,-0.20308623,-0.10650866,1,chr1:16661643:body_of_pancreas:0,FN,0
-0.37804654,-0.7660925,0.16194819,-0.5767998,-0.58000726,-0.53674585,0.61859554,-0.45877647,0.37881598,0.052917864,1,chr6:168616962:upper_lobe_of_left_lung:0,FN,0
-3.222299,-0.35906494,-0.70566505,0.23699433,-0.9504614,0.08117619,-0.01574139,-0.18585514,0.36750963,-0.1473326,0,chr2:207475045:tibial_nerve:0,TN,0
5.9449444,-0.8503804,0.25483555,0.37158245,-0.84485644,-0.046258274,-0.46348307,0.1552317,-0.6179385,0.588709,1,chr7:78040381:transverse_colon:1,TP,1
4.7723975,0.31117818,-0.3637058,-0.09975963,-0.9460809,0.44364414,-0.23986255,0.17702141,-0.5684161,1.4750669,1,chr7:73725711:thoracic_aorta:0,TP,1
6.1335564,-0.3823854,-0.016714292,-0.4165623,0.51446193,-1.1167685,-0.21547371,-0.21308409,0.34475023,-0.6464916,1,chr16:579030:prostate_gland:0,TP,1
-1.3362623,0.35538366,1.6574115,-0.33222216,-0.002725091,0.06464429,0.70785683,1.1395698,-0.3488801,-0.07350372,0,chr1:26417186:transverse_colon:0,TN,0
-2.9638991,-1.1884513,-0.24854349,0.7003135,-0.683481,0.21268755,-0.12214014,-0.12699704,0.72443557,0.5164697,0,chr1:159214515:body_of_pancreas:0,TN,0
6.1351476,-1.1277974,-0.18675983,-0.08873558,0.11821497,-0.2940499,-0.8948146,0.2528198,-0.06100825,-0.105942786,1,chr3:75785357:esophagus_squamous_epithelium:0,TP,1
-3.371944,-0.10793566,0.41465247,0.64829385,-0.09769282,0.028842824,-0.3719977,-0.1111509,-0.3568678,0.2649133,0,chr21:26843739:esophagus_muscularis_mucosa:0,TN,0
6.4123893,-0.26040354,-0.12218608,-0.4254274,0.00089537626,-1.0876982,-0.11644204,0.12996523,-0.10992645,-0.17614311,1,chr17:22816782:body_of_pancreas:0,TP,1
-2.3782113,-0.2541789,0.9648001,1.3535905,-0.70621276,0.2818706,0.10687416,0.83151704,0.7075582,0.19651963,1,chr11:1652791:upper_lobe_of_left_lung:0,FN,0
-0.57069975,1.5649127,-1.806963,-0.55639714,0.8594739,0.73625326,0.20611402,0.085797146,-0.01843301,0.5683687,1,chr3:48090711:body_of_pancreas:0,FN,0
-2.3459182,-0.8087149,0.3092908,-0.9166345,-0.3602844,0.4906674,0.3671944,0.8869402,0.46643588,0.035904326,1,chr1:108214824:tibial_artery:0,FN,0
6.7193794,-0.4278271,0.14335324,-0.35494834,-0.35833594,-1.040874,-0.046266533,-0.22765504,-0.14118214,-0.09298591,1,chr17:22909996:upper_lobe_of_left_lung:0,TP,1
-1.8051178,0.75574094,1.0082973,1.7678719,0.81811476,0.005070745,-0.27553418,0.03412498,-0.0022166278,-0.3387662,0,chr19:35717320:spleen:0,TN,0
3.3588772,-1.249988,-1.2898096,-0.0081766,-0.36337072,1.2819432,0.2602827,0.33318973,0.26482707,0.44729134,1,chr10:96641123:adrenal_gland:0,TP,1
6.5320497,-0.5311665,-0.051563837,-0.39291304,-0.0643988,-1.0052745,-0.46182245,0.08494896,-0.11138627,-0.36601213,1,chr11:47642443:adrenal_gland:0,TP,1
-1.1208134,-0.33225712,0.4459782,1.2871339,0.4816847,-0.37382615,-0.013332546,1.6101048,0.1007013,0.057876967,0,chr14:69574943:gastrocnemius_medialis:0,TN,0
-2.8149493,-1.3546151,-0.40311116,-0.55715805,-0.3965495,-0.2990866,1.0469294,1.6833653,0.37475133,-0.048228536,0,chr13:23289209:thoracic_aorta:0,TN,0
-1.079289,-0.4413127,0.17161761,2.0494893,0.35753006,0.21865758,0.08509765,-0.8855005,-0.34998336,-0.15699846,0,chr4:15681694:tibial_nerve:0,TN,0
-1.9179571,2.408901,0.19718193,0.6882993,-0.6666837,0.13789771,-0.13128844,-0.014433522,-0.13266222,-0.6435016,1,chr16:4548780:transverse_colon:0,FN,0
-3.0625632,-1.9333751,-0.23333365,0.36028972,-0.07620738,-0.27103254,-0.10256156,1.147672,0.70817405,0.7971686,0,chr11:12080532:tibial_artery:0,TN,0
-2.190167,1.7937305,-0.59464663,-0.0371194,0.50087196,-0.34903237,-0.43014935,0.013257545,-0.65500635,-0.4354091,0,chr19:3618617:prostate_gland:0,TN,0
-1.5766759,-0.043654338,0.68828905,0.6982336,0.08389938,1.4279385,-0.5804086,-0.25139377,0.25720105,-0.11571294,0,chr11:128520895:sigmoid_colon:0,TN,0
-1.9269115,1.7634295,-0.5556482,0.6090636,-0.1298963,-0.7096441,0.39893612,0.029977657,0.014494885,0.05699231,1,chr7:73734702:body_of_pancreas:0,FN,0
-1.1215178,0.36714202,-0.701399,0.41600552,0.97220016,0.6217695,0.19624437,-0.6305138,0.10018114,0.18658626,0,chr16:85547311:transverse_colon:0,TN,0
-2.5443263,1.9909208,-0.1312001,1.0837317,-0.34778038,-0.41871238,-0.7408645,0.5910954,0.12372343,-0.4376725,0,chr2:28452449:suprapubic_skin:0,TN,0
6.1644764,-1.0336928,-0.23789817,-0.108933225,0.25578284,-0.32019606,-0.9053119,0.32677206,0.018421713,-0.17217764,1,chr3:75785419:thoracic_aorta:1,TP,1
-2.5108674,0.24886608,1.6862454,-1.6791209,0.3041783,0.45698094,-0.8020107,-0.5634664,-0.33617094,0.36313945,0,chr5:32490176:thoracic_aorta:0,TN,0
-3.0684805,-1.3362789,0.04458114,-1.2553524,-0.70668596,-0.29140753,0.19552642,0.8655401,0.35684517,0.068397135,0,chr8:52484096:prostate_gland:0,TN,0
-3.519914,-0.43335152,0.54344165,-0.11012689,0.028237445,-0.32213694,-0.6926044,0.40360183,0.8545136,0.90106255,0,chr4:11420596:Peyers_patch:0,TN,0
-2.5790963,-2.7331,-0.8425164,-0.9990564,0.22071508,0.5217763,0.77464694,0.96270645,0.052274328,-1.1187193,0,chr6:33029896:body_of_pancreas:0,TN,0
2.795043,-1.2364786,0.6738976,2.23844,0.13131295,0.40642807,0.16176257,-0.030453939,-0.8139326,0.44035223,0,chr8:143733406:Peyers_patch:0,FP,1
0.0077503277,0.08927964,-0.79725194,-0.43211213,-0.028548872,0.579103,0.61179405,-0.6892012,0.49841836,-0.39914563,0,chr2:47861494:body_of_pancreas:0,TN,0
0.71040636,0.11243939,-0.8523529,0.057126258,-0.6290297,0.4198213,1.8472006,0.18345475,-0.95818704,0.24340563,0,chr14:73736414:body_of_pancreas:0,FP,1
-2.1158736,0.55908394,0.70929885,-0.7810035,0.12289466,0.6703706,-0.5345665,-0.61034185,-0.32441175,0.36276615,0,chr3:195104360:body_of_pancreas:0,TN,0
-4.0723486,-0.30390704,0.2751813,0.18865442,-0.67403615,-0.6568014,-0.4072891,0.4623546,0.10392237,0.37821388,0,chr3:133041374:tibial_artery:0,TN,0
1.9071081,1.8815001,1.3983352,1.5131173,-1.8379128,1.1289757,0.11931128,0.11515241,0.22946584,-0.51525563,1,chr9:83219889:transverse_colon:1,TP,1
-2.1615684,2.4940257,-0.334367,-0.21981601,-0.16956885,-0.066272646,-1.492495,0.9579646,-0.17854297,-0.42801043,0,chr1:223698618:prostate_gland:0,TN,0
2.3490975,-3.2787938,-0.7032251,1.332887,-0.24962947,0.6705193,-0.058005165,0.33593127,-0.38921106,-0.4546087,1,chr1:20575428:esophagus_squamous_epithelium:0,TP,1
0.80301154,0.77447087,0.37215224,-0.047441944,0.12627247,0.13707353,0.66961116,-1.1730381,-0.5579556,-0.10536216,0,chr2:218658715:sigmoid_colon:0,TN,0
-3.248088,-0.21499562,0.03832654,0.8126051,0.6876376,-0.91509473,-0.39046457,-0.63171065,0.55553144,0.72692984,0,chr2:199851395:thoracic_aorta:0,TN,0
-2.1217713,2.0653222,-1.2478963,-0.31238246,0.49279878,0.1256012,-0.7587929,0.46960494,-0.4908567,-0.2898291,0,chr11:111429318:body_of_pancreas:0,TN,0
-1.2972564,-0.20337038,1.0142332,-0.8013954,-0.04499386,-0.14974041,0.17666936,-1.0912753,-0.2519177,0.27474478,0,chr4:77240648:prostate_gland:0,TN,0
0.08264517,1.2027125,2.5781205,-0.3991228,1.003514,1.2994483,0.46688056,0.66863,-0.6795186,-0.34311193,1,chr1:27556965:gastroesophageal_sphincter:0,FN,0
0.9675089,-0.5364283,1.1919707,1.1052805,0.28016183,0.90223426,-0.0399672,0.8297538,-0.26041567,-0.42180017,1,chr1:27556965:tibial_artery:1,TP,1
5.9953833,0.16328736,0.057836305,-0.37569264,-0.33961847,-0.07134763,-0.20005603,0.47773194,-0.035818253,0.57738197,1,chr8:38057121:Peyers_patch:0,TP,1
-2.4360964,-2.165712,-0.33797914,0.018943997,-0.31525797,-0.23999253,0.45258,-0.7996079,-0.12040837,0.41319928,0,chr1:13247506:omental_fat_pad:0,TN,0
7.0702615,-0.06812882,0.44306776,-0.3878553,-0.33174095,-0.9642866,-0.28294703,-0.044113077,-0.45823658,0.15899508,1,chr3:75785419:Peyers_patch:0,TP,1
-3.5691872,-0.047909573,0.57277304,0.6275406,-0.24702248,-0.73817647,-0.27148828,0.06566021,0.4692994,0.5622814,0,chr2:213152392:adrenal_gland:0,TN,0
-2.96711,-1.9169917,0.6620362,1.0753467,0.94703025,-0.54258496,0.5881689,0.14761117,-0.31230274,0.03234988,0,chr17:37489615:body_of_pancreas:0,TN,0
-1.2742236,-1.2106223,0.78222454,1.185834,0.7795769,1.3364658,0.19020297,-0.908946,-0.106405124,0.52966446,0,chr12:110469074:tibial_artery:0,TN,0
-1.5534264,2.2060616,-0.72362435,0.6828596,-0.96288395,-0.67005855,0.029656135,-0.29231176,-0.7210313,-0.51848114,0,chr20:32778436:transverse_colon:0,TN,0
0.20547105,1.2348752,-0.9163013,-0.9223107,1.2649592,0.40589747,-0.33844534,0.030142223,0.5794958,-0.26639947,0,chr9:89557013:upper_lobe_of_left_lung:0,TN,0
-2.5797496,1.6559587,1.389146,-0.4874558,0.18679534,-0.061060946,-0.51601595,0.3419571,0.03336408,-0.008348866,0,chr17:18698466:prostate_gland:0,TN,0
3.6670163,-0.8348208,-0.358184,1.5182316,0.078047216,1.3736283,-0.72392964,0.34720257,-0.30018818,0.73456633,0,chr5:42992982:prostate_gland:0,FP,1
4.9479175,-1.5152451,-0.043912277,0.89381903,0.33985052,0.7630554,-0.93129265,0.5241615,-0.1666652,0.039638527,1,chr9:42852316:tibial_nerve:0,TP,1
-1.7172194,1.040015,-1.5179025,0.29052383,0.4925519,0.50587106,-0.32231084,-0.3085892,0.3607109,-0.14199513,0,chr1:230167489:Peyers_patch:0,TN,0
-3.6805112,-0.9172527,0.9886632,-0.3418692,-0.45584452,0.4563158,-0.39886418,0.48333165,-0.23254381,0.34442344,0,chr1:159214515:adrenal_gland:0,TN,0
6.336464,-0.07926492,0.33354178,0.13450854,-0.68283415,0.06777898,-3.7094906e-05,-0.16206086,-0.76820666,0.5181221,1,chr12:48753691:sigmoid_colon:0,TP,1
-3.5822642,0.28276548,0.68654615,0.4908848,-0.55532783,-0.23699377,-0.06355632,0.16945772,-0.049078044,0.03574734,0,chr9:98998958:thoracic_aorta:0,TN,0
-3.199855,0.2324857,-0.10748055,0.08200313,-0.50043553,-0.6744735,-0.7248851,0.41294506,0.5991079,0.3061708,0,chr6:32622665:transverse_colon:0,TN,0
-3.7748213,-1.9607626,-0.3764602,0.034628488,-0.5739323,0.012403742,-0.18674822,0.33347893,0.016500475,-0.23013899,1,chr4:119212065:esophagus_muscularis_mucosa:0,FN,0
4.5101795,0.22452062,-0.48971507,-0.12914422,0.8398546,0.5631706,-0.65386033,0.30602998,0.30158335,-0.025265278,1,chr4:145321395:thyroid_gland:0,TP,1
-3.2819834,-1.4568173,0.42445198,-0.33321536,0.034478355,-0.44578242,-0.26606667,-0.31807473,0.2932503,0.029048024,0,chr7:3164589:body_of_pancreas:0,TN,0
3.9783242,-1.1671147,0.62573814,1.1616472,0.34894302,1.3423096,-0.33434936,0.07217759,-0.15890929,0.07095738,1,chr5:179213127:tibial_artery:0,TP,1
-2.9181292,-1.6762248,-1.3480134,-0.12529485,0.13670711,-0.27783865,0.26176536,-1.1132884,0.5134182,0.8816817,0,chr17:66538699:sigmoid_colon:0,TN,0
-2.862047,-1.4972515,-0.95251817,0.2157007,-1.5895852,0.8333223,0.46008083,-0.08842404,0.52711576,-0.0032373155,0,chr11:57821648:body_of_pancreas:0,TN,0
4.6356163,0.650849,-0.51171154,-0.43749708,0.24838124,-0.8053804,0.82631034,0.17282207,1.1451123,0.19335616,1,chr8:44636977:lower_leg_skin:0,TP,1
3.603908,2.1267014,1.9864444,1.8107182,-0.55687517,1.1097869,0.42457235,-0.06951919,-0.029175334,0.42395398,0,chr1:6423522:upper_lobe_of_left_lung:0,FP,1
-1.3458875,1.5630594,-1.4393446,0.19182388,0.6545816,-0.04785518,0.5699523,-0.58228534,-0.7471806,0.6350883,0,chr17:980964:esophagus_muscularis_mucosa:0,TN,0
1.779992,-1.3763219,-1.7987127,0.17725947,-0.122780584,0.8403057,-0.20007572,0.46348256,0.16617669,-0.4182647,1,chr5:123274158:adrenal_gland:0,TP,1
-0.5554958,-1.9015465,-0.6636966,2.2895277,0.85920745,-0.17521475,0.82971114,-0.25480086,-0.72742945,0.15135859,0,chr17:4739491:tibial_artery:0,TN,0
-2.20821,1.4237597,-1.2840744,0.06591475,-0.03504511,-0.102992214,0.10641747,0.06370148,-0.8047523,0.015554394,1,chr14:58098585:Peyers_patch:0,FN,0
-3.069364,-0.22828808,-0.0700293,-0.36653164,0.562374,0.37370247,0.4852511,-0.17763618,0.0058961106,0.23638618,0,chr9:127955840:transverse_colon:0,TN,0
5.0706816,-0.3286549,-0.65264463,0.058055393,0.36629403,0.7130172,-0.045332417,0.41050616,-0.2522599,0.6879809,1,chr19:4352840:prostate_gland:0,TP,1
5.9322205,-0.853039,0.02151214,-0.05534819,-0.2774803,-0.2572871,-0.085869804,0.07447416,-0.6251267,0.44775078,1,chr19:4352840:testis:0,TP,1
6.3172736,-0.90457475,-0.13667543,-0.20891385,0.15841514,-0.6377287,-0.7097159,0.29966342,-0.33422425,-0.2919476,1,chr16:2005642:upper_lobe_of_left_lung:0,TP,1
4.8805575,-1.0200452,-0.20830876,0.40324453,-0.0857548,1.2526838,-0.6281399,-0.012725626,0.2681944,-0.25048327,1,chr3:37536143:Peyers_patch:0,TP,1
-2.528883,-0.11776333,-0.31141362,-0.7088084,-0.5214393,-0.16008963,-0.6998536,-0.58910406,0.6122435,0.31274548,0,chr10:91797861:body_of_pancreas:0,TN,0
-2.097087,1.8229923,0.55508775,0.64067876,-0.5313003,0.054608777,0.2939734,0.8918362,0.024679802,-0.9314004,1,chr16:4548780:prostate_gland:0,FN,0
-1.7383664,2.1643672,-0.19658813,0.5799493,-0.67647433,-0.20956957,0.35173872,-0.014297606,-0.32531723,-0.58251625,1,chr16:4548780:transverse_colon:1,FN,0
-3.0033164,0.5945727,-1.0345794,-0.051469512,0.038376246,-0.17448878,-0.052662786,-0.63846654,0.107594565,0.049312614,1,chr1:84753658:upper_lobe_of_left_lung:0,FN,0
-1.5361439,2.841561,0.093355246,0.1867696,-0.7681953,-0.561087,-1.0756737,0.4916469,0.11418064,-0.6362445,0,chr5:138077411:adrenal_gland:0,TN,0
-3.043764,0.31584713,0.87588274,-0.26685715,-0.8593307,-0.69070697,-0.04708601,1.0403385,0.32103562,0.3428476,0,chr6:122184843:tibial_artery:0,TN,0
3.8230643,0.12016622,-0.32946137,-0.06007164,0.15105215,1.3904345,-1.0829345,0.884124,-0.004880809,2.0644388,1,chr19:21484173:transverse_colon:1,TP,1
-3.848281,-0.62799084,0.36091504,-0.62292486,-0.3512954,0.066235706,-0.7840901,0.5579238,0.08987393,0.19130811,0,chr1:55641967:thoracic_aorta:0,TN,0
-2.2329822,0.89270175,1.5590622,0.6070913,0.24857861,-0.45425323,0.24729323,1.3717397,0.24150774,-0.15771969,0,chr11:78416867:prostate_gland:0,TN,0
5.236077,-0.9599279,-0.63568366,-0.51782936,0.6038379,-0.38025814,-0.83393794,0.15483762,0.44443667,0.039083738,1,chr9:129437243:body_of_pancreas:0,TP,1
-0.46471012,1.9864618,-0.8733295,-0.2289747,0.31513157,0.06658047,1.3856297,0.28655443,-0.49671283,1.0358686,0,chr16:58074709:body_of_pancreas:0,TN,0
6.221952,-0.40726948,0.38696787,0.4878803,-0.036088217,0.3043188,-0.48823163,0.02811766,0.15510176,-0.17656128,1,chr8:38060242:body_of_pancreas:0,TP,1
-2.748902,-0.46781647,0.845846,0.9155728,0.05242858,-0.50173837,0.07280456,0.01883135,0.089656465,-0.06636183,0,chr5:93581237:prostate_gland:0,TN,0
-3.2334373,-1.8146472,1.476777,-1.212113,0.23745516,0.151318,0.2826571,0.481565,-0.64676166,0.25882167,0,chr5:61228702:body_of_pancreas:0,TN,0
6.9646435,-0.17590588,0.36023638,-0.3208624,-0.23912393,-0.9519878,-0.2632439,-0.01965169,-0.55892944,0.1986332,1,chr3:75785419:transverse_colon:1,TP,1
-1.9376327,-1.022608,1.4271821,-1.9023135,-0.055015456,0.50782126,-0.17061812,0.2721018,0.102003075,-0.19865972,0,chr5:60960804:esophagus_muscularis_mucosa:0,TN,0
-3.9435406,-0.17118649,-0.4034067,0.101588145,-1.2692168,-1.0283344,-0.51599413,0.017874185,0.39393747,-0.0021321685,0,chr4:95165949:tibial_artery:0,TN,0
0.091641575,0.51554096,-1.2481095,-0.6103823,-1.1947424,0.3138672,0.536415,-0.3949887,0.16498438,-0.07383216,1,chr5:123274158:Peyers_patch:0,FN,0
6.0820656,0.12532708,0.67075807,0.42069188,-1.0834925,0.8274577,0.21802875,0.041133005,-0.16393323,0.89099973,1,chr12:48753691:body_of_pancreas:0,TP,1
-1.837787,-0.20235102,0.26603395,-1.5530394,0.027132412,1.1633198,-0.5456194,-0.33530405,0.07307905,-0.20556587,0,chr19:52592575:body_of_pancreas:0,TN,0
-1.2140507,0.0019872396,0.37268993,-0.44422102,0.1899231,1.9023876,-0.3444438,-0.67049193,-0.28672072,0.23532887,0,chr16:28712219:gastroesophageal_sphincter:0,TN,0
-3.267301,0.08529607,1.0211198,0.28489465,0.06109615,-0.36629432,-0.32121855,-0.16031356,0.2527021,0.56429833,1,chr10:87408408:transverse_colon:0,FN,0
3.340634,-0.31790164,0.85819167,0.22002293,-0.9444407,0.97311324,0.5930294,0.1588629,0.121614605,0.10462279,1,chr13:60226798:body_of_pancreas:0,TP,1
-2.3840225,0.22579001,1.8337746,-0.8771873,-0.3765218,-0.22178143,0.32915032,0.74050546,-0.010625213,-0.3337291,0,chr11:13873413:gastroesophageal_sphincter:0,TN,0
-0.26612732,-0.20272015,2.525563,-1.0189068,1.7079328,0.816731,0.3424942,0.8910726,-0.7090634,0.061251204,1,chr7:98216118:body_of_pancreas:0,FN,0
2.6049604,-1.944185,-0.1056743,0.74641585,0.85088485,-0.015401046,0.6362643,0.1492602,0.15530334,-1.232444,0,chr9:136792496:thoracic_aorta:0,FP,1
-3.1067297,0.49071375,-0.88623726,-0.37730366,-0.087159544,0.26638055,-0.10246395,-0.90707904,0.54918534,-0.26164147,0,chr1:26104845:esophagus_squamous_epithelium:0,TN,0
-2.2518742,1.2451173,2.106435,-0.97101,0.005276276,-0.043166693,-0.40952936,0.7826956,-0.5681001,-0.015913295,0,chr21:42652266:transverse_colon:0,TN,0
-0.49710038,0.9586913,-0.26971486,0.029551603,-0.18321906,1.0612153,0.5279868,-0.2635943,1.8307989,-0.054113492,0,chr6:53956277:transverse_colon:1,TN,0
-1.1862546,0.7332333,-0.92797744,0.91518396,-0.22603975,0.4766821,0.024277603,-0.8271737,0.20658368,-0.24357633,0,chr10:101121035:body_of_pancreas:0,TN,0
0.3613685,-0.9243204,-0.045041587,0.83065844,0.9698478,-0.63513255,0.77178544,-0.584225,-0.064040504,-0.031100212,1,chr15:90957065:tibial_artery:0,FN,0
-1.1716251,3.2383876,-0.29606766,-0.2132353,0.31481957,-0.011777079,-0.6081616,0.45187783,-0.33562377,-0.35315657,0,chr11:6612917:transverse_colon:0,TN,0
5.8416142,-0.5340618,0.22795714,0.6173488,-1.0136688,0.4715005,-0.4317216,0.23870896,-0.5552482,0.70728934,0,chr7:78040381:esophagus_muscularis_mucosa:0,FP,1
-1.7538143,0.8159146,2.4161928,-1.5019312,0.059212573,0.062013216,0.4764977,0.22434543,0.23108406,-0.015564639,0,chr4:186474270:transverse_colon:0,TN,0
0.30757004,0.6803625,-1.1097808,0.51752317,-0.9026856,0.99630576,1.006715,-0.7363095,0.35572463,-0.39063543,0,chr5:10364680:gastrocnemius_medialis:0,TN,0
-2.2371898,1.5320421,-1.2309554,0.33196768,0.34248936,0.23787428,0.34847915,-0.002220309,-0.16804527,0.11101731,0,chr19:46783911:body_of_pancreas:0,TN,0
-2.3329504,0.25040558,0.36552376,1.2053244,-1.4733359,0.13667831,0.3599019,-0.15909798,0.04172986,-0.6945002,1,chr11:1652791:body_of_pancreas:0,FN,0
-2.4838557,-1.6730943,-1.6845886,0.28208137,-0.26663888,0.83196616,0.18425329,-0.31255874,0.11152915,-0.18109939,0,chr11:19938600:sigmoid_colon:0,TN,0
-1.4553704,-2.4327922,-1.094352,0.35185015,2.0461116,-0.44654337,-0.1382091,-0.5249472,0.21577713,0.037550807,0,chr22:23399917:transverse_colon:0,TN,0
4.3871517,-0.74996233,-0.3427664,0.5964667,-0.63257146,0.92292446,0.07096873,0.092507996,0.27105796,0.60597706,1,chr16:9160191:adrenal_gland:0,TP,1
1.2100608,-0.15372953,-0.32697734,-0.6228973,-0.08070055,-0.06579678,0.5743444,-0.374571,0.6515882,-0.1058279,1,chr7:129783950:body_of_pancreas:0,TP,1
-3.4747107,0.001788456,0.43487352,0.8033607,-0.0073426347,-0.20725454,0.3449746,0.9659204,0.26763204,0.14418684,0,chr17:21766120:upper_lobe_of_left_lung:0,TN,0
-3.0813072,-0.25722227,-1.2400664,0.8069383,0.33357635,0.71222806,0.06767798,-0.18729916,0.23291798,0.21677847,0,chr12:1641182:body_of_pancreas:0,TN,0
-2.5955842,0.7484756,1.1115361,0.89000195,0.28142685,-0.4079247,0.092528395,0.17933066,-0.16101676,0.2232143,1,chr2:64751571:upper_lobe_of_left_lung:0,FN,0
3.8570962,0.3937857,0.29988647,0.28925768,1.3192301,0.51575816,-0.31041768,-0.46070218,1.5655463,-0.5227184,1,chr19:45678133:transverse_colon:0,TP,1
-3.4419634,-0.1895332,0.83953184,0.64441025,-0.60836244,-0.43157133,-0.3942066,-0.1419407,-0.22092953,0.18979837,0,chr2:55050819:prostate_gland:0,TN,0
-1.627053,-0.59870857,-1.8622663,-0.72454226,-0.04189015,0.16759305,0.8793535,0.81980044,0.6758659,-1.0065593,1,chr20:41572206:Peyers_patch:0,FN,0
-1.5034343,2.210521,0.85538006,1.1038367,0.043138575,-0.33470523,-0.52749056,0.56531185,-0.5562458,-0.4111336,0,chr6:13874007:esophagus_muscularis_mucosa:0,TN,0
-2.319071,2.2648222,0.3806097,0.58367205,-0.062772,-0.19735084,-0.7003481,0.203863,-0.10968464,-0.37768045,0,chr2:28452449:esophagus_muscularis_mucosa:0,TN,0
-2.9284227,-0.6337749,1.6699476,0.9312255,0.79366356,-0.56766963,0.53925604,0.4782618,-0.29898116,0.58769405,0,chr3:196712252:prostate_gland:0,TN,0
-2.2500706,-0.49168974,1.0266111,-2.1071067,-0.15478839,0.7206308,0.026989568,-0.43743542,-0.40352672,-0.019669056,1,chr2:83827580:transverse_colon:0,FN,0
1.3674673,-1.3458861,-0.94309014,-0.5123715,0.65106696,0.15569071,0.53094625,-0.9201758,0.050463136,-1.0203023,0,chr19:21585442:body_of_pancreas:0,FP,1
-1.1996759,2.617464,-0.37582493,-0.12653407,-0.23670919,-0.38138625,-1.1382798,0.75165105,-0.11090286,-0.38048163,0,chr12:40153243:body_of_pancreas:0,TN,0
1.2341869,-2.443807,-1.092175,-0.57838345,-1.0330397,0.46756542,1.3492751,0.56374234,0.21882536,-1.1249232,1,chr6:161922984:body_of_pancreas:0,TP,1
-3.0247567,-0.01508632,1.4254395,0.59532255,0.02094477,-0.5096041,0.14842631,0.58967835,-0.28519478,0.50080216,0,chr4:42656378:transverse_colon:0,TN,0
-3.4771469,-1.3120261,0.10581557,-1.2499552,-0.49360102,-0.0033689342,-0.057844356,-0.0709442,0.3592348,0.12232447,0,chr7:38222730:suprapubic_skin:0,TN,0
-1.1793569,-1.6313502,-0.87111914,0.6170298,0.6930746,0.33217636,-0.3146804,-0.30800337,0.5135025,-0.466012,0,chr3:12840842:upper_lobe_of_left_lung:0,TN,0
-2.007172,-2.6361992,-0.4867811,-0.82573605,0.63792217,-0.4839242,0.6321859,0.23242381,-0.28585523,-0.63603586,1,chr15:72664145:upper_lobe_of_left_lung:0,FN,0
-3.7224383,-1.4492211,-1.2092706,0.6947435,-0.026982863,0.016429586,-0.46329537,-0.67567784,0.13037206,0.11544992,1,chr11:111448887:gastroesophageal_sphincter:0,FN,0
0.20346,0.9947837,1.5095282,-1.1679353,0.16522998,0.27511853,0.03648768,-0.27529526,0.583394,-0.07136737,0,chr11:36623030:upper_lobe_of_left_lung:0,TN,0
-3.9758053,-1.4529353,0.032480657,-0.69339836,-0.9360186,-0.63680536,0.040862158,1.1647991,0.09106177,0.024144035,1,chr6:106223515:esophagus_squamous_epithelium:0,FN,0
3.7809584,-0.12583691,-1.0929497,-1.2271034,2.126471,-0.652861,-0.8254932,0.67179877,0.34025788,-0.42786154,1,chr4:64868627:body_of_pancreas:0,TP,1
1.9251319,-2.0920715,0.46884406,1.4169405,-0.48882607,1.0197166,0.46133077,0.63180065,-0.1762893,-0.69735914,0,chr17:6654885:prostate_gland:0,FP,1
-3.087589,1.4105867,-0.88562465,0.4094603,-0.73813766,-0.38374707,-0.8503624,-0.023549097,0.10984296,-0.639165,0,chr11:88232237:esophagus_squamous_epithelium:0,TN,0
-2.7951913,1.3484774,-1.0583123,0.67363816,0.6065936,-0.44675303,0.15832536,-0.41010103,-0.15416609,0.46130022,0,chr17:1724503:gastroesophageal_sphincter:0,TN,0
2.8273363,-0.08265129,-0.45260534,0.13941716,-0.38134,-0.26536298,1.12123,0.18052456,-1.1337293,-0.3315937,0,chr6:16409816:gastroesophageal_sphincter:0,FP,1
-2.1533885,1.8475372,0.05759054,-0.17826518,0.3808884,0.32609242,-0.42034742,-0.30816722,-0.035734612,-0.054856356,0,chr11:6612917:tibial_artery:0,TN,0
-2.9687703,1.1688789,-0.06263718,0.4583335,0.15413862,-0.30841222,-0.43873033,0.10215332,-0.047947954,0.13203081,1,chr8:41651698:transverse_colon:1,FN,0
-0.8879042,-0.2502214,-0.4492618,1.1794634,0.52613014,1.441884,0.18849353,0.40035188,-0.14122663,0.3190044,0,chr6:33745522:gastroesophageal_sphincter:0,TN,0
-0.5157906,1.1238098,0.07942206,1.5182228,-1.8241291,0.13500807,-0.08144678,-0.36460906,-0.5167631,-0.6750007,1,chr11:1652791:body_of_pancreas:1,FN,0
-3.0945086,-0.46919343,-0.20435171,1.1038581,0.25109786,-0.7413302,0.37410814,-0.5844327,-0.18849191,0.7748874,0,chr12:48351113:transverse_colon:0,TN,0
-3.152748,0.09409192,1.4865435,-0.6874275,-0.11968223,-0.467919,-0.30590665,-0.10116406,0.17898022,0.60163534,0,chr19:43198867:spleen:0,TN,0
-3.5361083,-0.46852028,-0.83757085,-0.08131168,-0.30638474,0.3250464,0.5010551,-0.06688003,0.13626906,0.41501397,0,chr1:29306087:transverse_colon:0,TN,0
-1.8606116,0.4194465,1.9045173,-0.92798054,0.29418787,0.9199308,0.5677638,0.5899736,0.38375407,0.02600773,0,chr3:186753488:prostate_gland:0,TN,0
-1.2601233,-0.6670772,-1.239417,1.2853773,0.12881479,0.6518004,-0.5525619,-0.12255637,-0.24204583,-0.1670436,1,chr11:116707506:Peyers_patch:0,FN,0
6.6993732,-0.29940587,0.2234511,-0.43959543,0.093119495,-0.8522359,-0.67664874,-0.0017807209,0.12761825,-0.20297332,1,chr12:8390645:body_of_pancreas:0,TP,1
6.681198,-0.532353,0.33284616,-0.112929255,-0.2204977,-0.5571577,-0.43909892,-0.011514701,-0.5760338,0.06292838,1,chr7:22550492:tibial_nerve:0,TP,1
-2.401263,1.3059778,-1.1918972,-0.4107063,-0.06776614,-0.56147134,0.06195526,-0.033234797,-0.6338769,-0.0798998,0,chr8:124593699:body_of_pancreas:0,TN,0
-2.333942,2.0267563,-0.87406874,-0.12225858,0.5669396,-0.28470662,-0.008531041,-0.147513,-0.47944868,0.16507572,0,chr4:2468253:transverse_colon:0,TN,0
-3.1306808,-0.9500063,-1.3579524,-0.5327139,-0.7239643,0.4437709,-0.11862589,-0.26493263,0.76996225,-0.3631572,0,chr11:60265897:adrenal_gland:0,TN,0
-3.9749107,-0.53253454,-1.2079518,-0.19887035,-0.49703902,0.11308078,-1.1441191,-0.56563973,0.72245646,-0.41371772,0,chr11:100932858:gastroesophageal_sphincter:0,TN,0
3.4512963,-1.2952375,0.35438916,1.3778785,1.4777708,0.013759933,0.005043358,0.16634807,-0.67457724,0.31527865,1,chr2:101151641:transverse_colon:0,TP,1
5.136591,-1.7111412,-0.6893645,0.09167878,0.6544267,0.03749106,-1.0178684,0.43489495,0.12358905,-0.4557908,1,chr3:75785357:tibial_artery:1,TP,1
-0.6805725,1.8870938,1.153996,-0.8041371,1.1047264,0.56495047,-0.46975273,0.25298175,0.5783848,-0.028158387,1,chr16:21935488:thoracic_aorta:0,FN,0
6.358277,-0.36163497,0.011383265,-0.3829175,0.43746823,-0.2846712,-0.2967451,0.20194347,-0.17796703,0.32075197,1,chr1:160976816:prostate_gland:0,TP,1
-0.49949795,0.19976875,0.45960444,2.1609035,-0.20531163,-0.26761898,0.22591195,-0.1255599,0.056551203,0.6178018,1,chr16:68237591:body_of_pancreas:0,FN,0
-0.988507,2.9540617,-0.35820055,0.17120518,0.42550063,0.14059019,-1.0993246,0.5911004,-0.60617155,-0.5140018,0,chr16:88425337:prostate_gland:0,TN,0
4.6255126,-1.7142376,-0.66979015,-0.18062311,-0.7315923,-0.33930254,-0.2888192,-0.06835609,0.052672293,-0.89288086,1,chr4:75289967:esophagus_squamous_epithelium:0,TP,1
3.1871355,-2.3696759,0.7131625,0.9110987,0.45681098,1.0650282,-0.0828409,0.49373394,-0.84645647,0.09284694,1,chr15:79896760:esophagus_squamous_epithelium:0,TP,1
-3.7186058,-2.1236887,-0.93362254,-0.4511147,-0.9918944,0.041108184,0.24368423,0.50821424,0.26445344,-0.45665237,1,chr6:106223515:adrenal_gland:0,FN,0
-3.1372216,-1.1461997,-0.6651742,-1.8987687,-0.58453274,-0.31635994,-0.87524486,-0.34414014,0.13819605,-0.10966556,0,chr13:91045410:prostate_gland:0,TN,0
6.8452687,0.16685188,0.36603096,-0.3897019,0.22134729,-0.800911,-0.48807245,-0.072394654,0.20047002,-0.027318098,1,chr12:8390645:adrenal_gland:0,TP,1
-2.5951774,-0.7789142,-0.99869895,0.39911515,0.4695173,0.4668371,0.35047886,-0.43615314,-0.07756594,0.034409035,0,chr11:19938600:testis:0,TN,0
0.104516104,1.009177,-1.2297689,0.040504027,-0.37466982,0.5477776,1.7031944,-0.33501944,-0.64642376,-0.5358479,0,chr19:35406065:body_of_pancreas:0,TN,0
-3.5933628,0.27647182,-0.3018834,0.1640497,-1.132808,-0.9252837,-0.35143566,0.28468305,0.37127036,-0.17163464,0,chr4:95165949:prostate_gland:0,TN,0
-3.157608,-1.1780576,0.9235715,0.665197,-0.021018002,-0.27204338,0.86716247,0.28927654,0.00731867,0.09756199,1,chr5:141969068:tibial_artery:0,FN,0
-2.8751903,1.365491,0.7530167,0.20120983,-0.59144366,-1.12038,-0.52472436,0.24908099,0.18082349,0.37896696,1,chr11:57712375:tibial_nerve:0,FN,0
-2.476917,1.4010712,-0.06575906,-0.37932035,-0.10122723,-0.38015673,-0.03663366,-0.5161309,-0.61045647,-0.2643076,0,chr7:4479619:spleen:0,TN,0
-1.4556539,2.4732025,-0.28019136,0.59774107,-0.08488146,-0.23960243,-1.27221,0.37713465,-0.3007139,-0.5031623,0,chr15:32388404:spleen:0,TN,0
2.7118526,0.9177827,-0.12764417,-1.2111686,1.7747364,0.2587303,-0.7213644,0.025212416,1.4017863,-0.18521458,0,chr17:8585099:thoracic_aorta:0,FP,1
-3.4009647,-0.58542633,1.2949485,-0.57285255,-0.3580671,-0.15822496,0.30144823,0.53173643,-0.28493008,-0.27289638,0,chr3:10883626:body_of_pancreas:0,TN,0
6.4814086,-0.64394736,-0.0995348,-0.50238764,-0.23512882,-0.83098876,-0.43285492,0.14886466,-0.43313587,0.2531981,1,chr6:31374359:tibial_artery:1,TP,1
-1.6368235,0.69190854,2.5161247,-0.59467113,0.40983415,-0.41482714,0.20125353,0.9439086,0.45640796,0.24546275,1,chr18:76492684:thoracic_aorta:0,FN,0
4.7989554,-1.9184215,-0.1989036,0.98947585,0.18653736,0.622993,-0.8647747,0.5945117,-0.37890905,0.14655906,1,chr9:42852316:gastroesophageal_sphincter:0,TP,1
-3.3896325,0.7557803,-0.58396894,0.055630762,-0.96407133,-0.45394838,-0.9737949,-0.13023248,0.61737144,0.27400705,0,chr9:105426323:esophagus_squamous_epithelium:0,TN,0
-2.4420886,-0.19442274,1.5549469,-0.024194136,0.99785805,0.12426171,0.74479336,0.9178038,-0.19698673,-0.2261385,1,chr22:46739374:transverse_colon:0,FN,0
5.5375323,-0.8588527,-0.84818804,-0.6897225,0.91960406,-0.4150747,-1.1349249,0.65323126,0.1500589,-0.30230063,1,chr5:107709744:prostate_gland:0,TP,1
-3.0216198,0.9766127,0.5585335,0.21906994,-0.15352552,-0.58927417,-0.5958666,-0.07616748,0.11306647,0.4340305,0,chr10:122980901:tibial_artery:0,TN,0
-2.7710268,-0.257239,1.053084,-0.029700194,0.9286998,0.1945095,0.29898006,0.09648186,0.55120695,0.4516255,1,chr8:41651698:suprapubic_skin:0,FN,0
-2.3548331,0.794808,1.4714614,-0.45417008,0.30011207,0.291049,-0.18665679,-0.540437,-0.304401,0.037943788,0,chr7:43647696:thoracic_aorta:0,TN,0
5.3672347,-1.1409078,0.22321256,0.90242356,0.1786167,0.7428355,-0.7424466,0.35531184,-0.1956777,0.3210714,1,chr9:42852316:esophagus_muscularis_mucosa:0,TP,1
-2.784104,0.124553144,0.7422674,1.2639126,0.35236302,-0.5693071,-0.21203768,0.1141731,0.09820339,0.090440206,0,chr6:42104227:transverse_colon:0,TN,0
-3.8456533,-1.1102651,-0.40672818,0.29585713,-0.5264689,-0.5155706,0.26274243,-0.6377672,-0.43502468,0.06767032,0,chr4:77240648:thyroid_gland:0,TN,0
-4.3222213,-1.3487785,-0.19787201,0.5667875,-0.034898404,-0.6039689,-0.16456552,-0.687636,-0.2187204,0.5180452,0,chr20:59515611:body_of_pancreas:0,TN,0
-3.0812716,-0.32958212,-0.53413826,0.42459798,-0.79314464,0.4064877,-0.09344642,-0.83931994,0.16687007,-0.077031195,0,chr17:50094413:tibial_artery:0,TN,0
-2.288461,-0.3919207,-1.1552043,-0.43916762,-0.96766204,-0.43965083,-0.22800331,-0.76999813,0.6830778,-0.4729453,0,chr2:46011104:transverse_colon:0,TN,0
-1.9310992,2.6958892,-0.8818144,-0.18055767,0.28740016,0.017776646,-1.3185545,0.80200994,-0.28496513,-0.37003914,0,chr3:32144516:body_of_pancreas:0,TN,0
-2.7564392,-1.031573,0.38815603,1.7905228,1.2889993,-0.74888176,0.38516134,-0.6007546,0.05080831,0.4718623,0,chr9:136400120:tibial_nerve:0,TN,0
6.070377,-0.49924034,0.022697639,0.23285675,-0.3039306,-0.4156377,-0.13572592,-0.15775806,-0.122562364,-0.23770407,1,chr12:121918386:tibial_artery:0,TP,1
2.3043013,-2.8118029,-0.928324,0.603856,-0.2969269,0.057458535,-0.047003962,-0.29931974,0.23020288,-0.5018315,1,chr7:63015786:transverse_colon:0,TP,1
-2.2262275,-0.075209744,0.93871707,-0.3935013,-0.104670495,0.33282122,-0.82107884,-0.3837515,-0.28423885,-0.3358148,0,chr6:116060830:prostate_gland:0,TN,0
6.1389046,-0.4042571,0.21929528,-0.18749698,0.19301902,-0.8281493,-0.33119515,-0.03625416,-0.10894778,0.045058373,1,chr9:129437463:tibial_artery:0,TP,1
4.137568,0.43486515,-0.15937251,-0.06835502,0.06764725,1.2609283,-0.94668657,0.855728,-0.020071333,2.1567616,1,chr19:21484173:esophagus_squamous_epithelium:0,TP,1
-3.5949132,-0.26862806,-1.358784,0.5868165,-1.2106354,-0.2777744,-0.27752295,-0.15533692,0.23307912,-0.07829176,0,chr1:170967201:transverse_colon:0,TN,0
-3.1707642,1.2133418,-0.5378552,-0.21330076,-0.36753923,-0.2810933,0.2473324,-0.4754454,0.28164518,0.18252817,1,chr17:50094413:upper_lobe_of_left_lung:0,FN,0
-2.302418,-0.56761503,0.73056376,1.9239064,1.0932341,-0.3119403,0.29379413,0.044561226,0.3560563,0.7988449,1,chr17:45022145:tibial_nerve:0,FN,0
0.44788337,0.08648757,1.7943944,1.5564679,0.29142717,0.28196278,1.0999427,0.2517252,0.011328573,0.045453496,0,chr12:123269654:tibial_nerve:0,TN,0
-0.77457976,-1.7587725,-1.4094383,-0.74585,-0.48727345,-0.2534204,-0.23142736,-0.17599097,0.6625009,-1.0129809,0,chr12:43339206:tibial_artery:0,TN,0
0.82506096,0.15904778,-1.081959,-0.29851606,-0.6659849,-0.7382474,1.5241627,-0.09381262,-0.9076504,0.131061,0,chr1:64147961:thoracic_aorta:0,FP,1
-2.2395873,2.6602955,-0.69823784,0.32851267,-0.54440707,-0.15642665,-0.3089032,0.028504062,-0.21045282,-0.41067198,0,chr6:32933573:transverse_colon:0,TN,0
-1.3776454,0.9246864,-1.0956259,0.6354875,0.18476486,0.5683906,0.26710758,-0.58845174,-0.0101948725,0.12839222,0,chr19:8396778:esophagus_squamous_epithelium:0,TN,0
-1.7270516,1.6165622,-2.1106353,-0.5217837,0.27983922,-0.20277496,0.08496733,0.4864745,-0.9437305,0.09910871,0,chr2:171034274:body_of_pancreas:0,TN,0
4.11075,-0.17479603,-0.5240925,0.071919665,0.1952477,1.2690957,-0.9508899,0.73407954,-0.18071057,2.0160687,1,chr19:21484173:adrenal_gland:0,TP,1
-2.772695,-0.7398627,-0.44450668,-0.77843255,-0.40054482,0.70372957,0.8897277,0.1654551,0.37165663,-0.8312451,0,chr7:128503541:body_of_pancreas:0,TN,0
6.3335648,-0.72035664,0.19079384,0.27631998,-0.28797227,-0.006106505,-0.59434557,0.15439884,-0.24458708,0.21027535,1,chr17:45585364:upper_lobe_of_left_lung:0,TP,1
5.358439,-0.5870331,-0.30426052,-0.04532117,0.80888164,-0.8906436,-0.19759715,-0.34597823,0.47235057,-0.92163414,0,chr7:100965858:tibial_nerve:0,FP,1
-0.49856058,1.427606,-0.15594073,0.08896105,0.09135564,-0.36363465,0.13190788,-0.7766304,0.9176979,-0.9547004,1,chr1:41432909:prostate_gland:0,FN,0
-2.4352803,0.69879645,-0.9185005,-0.26409438,-0.14882094,0.21449576,1.0433642,0.1883289,-0.47773728,0.23139855,0,chr14:21309486:body_of_pancreas:0,TN,0
-2.713947,-0.9741199,1.3132902,-2.0026739,0.02095545,0.70201075,-0.3693545,-1.0808629,-0.42449054,-0.09834879,0,chr11:12894326:adrenal_gland:0,TN,0
-3.2927406,0.3263161,0.8640669,-0.50057656,-0.62596005,-0.07238707,-0.45165285,-0.13477269,-0.20141801,-0.1289167,0,chr14:61456966:transverse_colon:0,TN,0
-2.0031717,-1.3832599,1.3948238,0.25228387,1.3549798,0.5657803,0.3560502,-0.16294321,-0.7458179,0.47274098,0,chr16:88700708:upper_lobe_of_left_lung:0,TN,0
4.2156377,0.568115,0.05667748,0.09932816,-0.02054133,1.4376583,-0.9217482,0.7208478,0.09785363,2.1010861,1,chr19:21484173:testis:0,TP,1
-0.878939,0.7480575,1.9282897,0.10809871,0.58000463,-0.63469213,0.10917778,-0.077565,0.41658577,0.3160819,0,chr3:32401666:esophagus_muscularis_mucosa:0,TN,0
-2.7765954,0.058912452,0.69236577,-0.22331558,0.7993962,0.92627156,0.020434042,-0.8108066,-0.2889335,-0.05291739,0,chr17:45832045:transverse_colon:0,TN,0
-0.531424,0.030880969,0.705135,-0.8430392,0.11346281,0.8699113,-0.98291326,-1.2660075,-0.36471358,-0.15760641,1,chr9:16039580:esophagus_squamous_epithelium:0,FN,0
-0.91133547,-0.6953208,-1.5636128,-0.75816965,-0.49056366,0.14384785,0.9238466,0.58115417,0.0928019,-0.5260132,0,chr16:90203818:transverse_colon:0,TN,0
-3.321246,-1.1627474,0.57659674,-1.4598033,-0.71856076,0.28269398,-0.31025353,-0.7125679,-0.3191734,0.4852994,0,chr3:66816669:body_of_pancreas:0,TN,0
-1.6615773,0.8281867,-1.9367598,0.3240181,0.28585437,1.0786046,-0.37544256,0.17251693,0.42119962,0.37459546,0,chr9:15104864:transverse_colon:0,TN,0
-0.68641406,-0.80737746,2.1521382,-0.034899537,1.3669968,0.53389204,0.9141169,0.46114558,-0.21031444,-0.2220127,0,chr18:74291399:upper_lobe_of_left_lung:0,TN,0
-3.0354855,0.6613419,0.47591627,0.53566885,-0.45266205,-0.19542944,-0.25706965,-0.8521326,0.38920552,0.07073506,0,chr17:4560968:adrenal_gland:0,TN,0
-0.92587286,1.4413339,-0.9072218,-0.506118,0.6566247,-0.19100241,1.0649041,-0.58777237,-0.02798407,0.16113472,0,chr1:146006702:transverse_colon:0,TN,0
-2.351115,0.52560073,-0.06154299,-0.3863939,-0.47151217,-0.33274543,0.60522777,1.2383156,0.032156426,-0.09545438,0,chr9:114487593:prostate_gland:0,TN,0
-3.0644386,0.6733693,-0.044793803,1.4545865,-0.4958415,-0.6368017,-0.20067333,-0.082925275,-0.09039454,-0.081896126,0,chr14:22823038:thoracic_aorta:0,TN,0
-0.48854977,2.946374,-1.0830562,-0.34156162,1.2194816,0.40976882,0.10750047,0.4776566,-0.393703,0.69444215,1,chr6:99516089:body_of_pancreas:0,FN,0
0.7329137,-1.137412,0.90817356,0.099291794,1.3627243,1.0446151,-0.20371526,-0.77806914,-0.08316595,-1.0414296,1,chr7:142451935:transverse_colon:0,TP,1
-1.7255576,-1.2882749,0.49759516,-1.1086376,0.12656952,-0.19384804,1.1083734,1.0877303,0.024271317,-0.5935569,1,chr9:127348292:prostate_gland:0,FN,0
-1.8282576,0.43046054,0.8137786,0.7110338,-0.7152963,-0.26799092,0.8401673,0.29735157,0.17115842,-0.51452386,0,chr19:41706904:tibial_artery:0,TN,0
-2.2683554,1.4414978,1.0236434,0.46966666,0.43741906,-0.0051758178,-0.5195734,1.2283262,0.734875,-0.27125102,0,chr14:50045393:upper_lobe_of_left_lung:0,TN,0
5.2942967,1.3237942,0.73120725,-0.33669478,-1.1763927,-0.6656656,1.0342443,-0.8377182,-0.3452146,1.1089578,1,chr13:109267585:upper_lobe_of_left_lung:0,TP,1
6.118473,0.22767304,0.6855782,0.29828292,-1.0512611,0.7846857,0.13459405,-0.052946083,-0.3209991,1.218177,1,chr12:48753691:tibial_artery:0,TP,1
-1.7649951,0.6950539,0.77380854,-1.0237559,0.05293313,0.045125667,0.93897,-0.089317195,-0.24883974,0.09385444,0,chr3:27677217:body_of_pancreas:0,TN,0
0.45403165,-2.765156,-0.9820542,0.75913453,0.100543566,-0.3326055,-0.14106444,-0.3010122,0.10631869,-0.9472846,0,chr2:131822172:upper_lobe_of_left_lung:0,FP,1
-2.2469735,-1.4718839,0.6451612,0.73828006,0.5527927,0.15342768,0.34006152,-0.7274525,-0.15877724,0.21183933,1,chr12:123762055:upper_lobe_of_left_lung:0,FN,0
5.5236607,-1.2958212,-0.2714068,-0.0811376,0.36925673,-0.4947818,-0.3182135,0.24455838,-0.90018624,-0.21320163,1,chr9:61668518:body_of_pancreas:0,TP,1
0.9365648,0.3581889,0.44297925,-0.5896989,1.0126868,-0.112234294,-0.42056826,-0.4001306,1.586152,-0.76359755,0,chr1:154313017:thoracic_aorta:0,TN,0
-2.930377,-0.4504086,-0.9135903,0.22490935,-1.3010558,-0.3747466,0.63853693,-0.34153643,0.023768371,-0.22637482,0,chr5:36507468:tibial_artery:0,TN,0
-3.0708563,0.21757604,1.3651602,-0.80056405,-0.15200461,-0.025889227,-0.40533838,-0.042440727,0.28800982,0.5440934,0,chr3:66138807:tibial_artery:0,TN,0
-1.59507,1.8963628,-1.288514,-0.34127715,0.2878227,0.5321218,-0.21814038,-0.18521999,-0.02339773,0.35493398,0,chr11:118295892:transverse_colon:0,TN,0
6.5903907,-0.295301,0.3622805,-0.10414867,-0.36923328,0.030786937,-0.47116143,0.022974925,-0.31652936,0.29223293,1,chr7:22550492:esophagus_muscularis_mucosa:0,TP,1
-3.6416736,-1.7607728,-0.98081595,1.3015304,-0.79263896,-0.7891559,0.39537513,-0.081886664,-0.1442242,0.17887968,0,chr15:34523799:suprapubic_skin:0,TN,0
2.6582484,-1.9245994,-0.03969757,1.3671335,0.60172963,1.6785142,-0.60457826,-0.03164336,-0.067892,0.0053111,1,chr5:179213127:thoracic_aorta:1,TP,1
5.928053,-1.2100607,-0.17663758,-0.07268731,0.20095508,-0.03889479,-0.842451,0.27758023,0.016264109,0.039496306,1,chr3:75785357:body_of_pancreas:0,TP,1
6.2079687,-0.7627371,-0.23022412,-0.2594352,-0.378689,0.027770473,-0.53674936,0.11348394,0.09770626,-0.15171386,1,chr2:86221296:prostate_gland:1,TP,1
1.90536,-1.6984339,-1.3265005,1.2711287,-0.16975753,0.716205,0.48073813,0.8250603,-0.78713197,0.42531544,1,chr1:20575428:transverse_colon:0,TP,1
6.4740033,-0.48696283,0.28566703,-0.1374212,0.29367384,-0.69192284,-0.23976155,-0.08589429,0.010432144,-0.17916414,1,chr7:100966122:Peyers_patch:0,TP,1
-0.12589902,0.9232591,2.563689,-0.33083457,0.9535113,1.2045772,0.29995993,1.2735046,-0.5706393,-0.47238874,1,chr1:27556965:adrenal_gland:0,FN,0
-3.2691545,-0.3133771,1.0368704,0.3924187,0.5695901,0.017532857,0.19652103,0.14821784,-0.17929748,0.11270384,0,chr11:1833125:tibial_nerve:0,TN,0
-1.7021654,1.8330152,-1.6461532,-0.8159066,1.0850551,-0.00013437124,0.1334896,0.056159772,-0.32682866,0.70471436,0,chr9:102073447:body_of_pancreas:0,TN,0
-0.9472027,2.97946,-0.2372847,0.21472695,-0.7329886,-0.38381293,-1.1513724,0.21136154,-0.03021959,-0.6030929,0,chr6:82252295:esophagus_squamous_epithelium:0,TN,0
-3.3838904,-2.2651641,-1.9758388,-0.01630269,-1.6201992,-0.40899625,-0.1861756,-0.7896822,0.7757368,0.52249545,0,chr15:45705730:sigmoid_colon:0,TN,0
-2.8222237,0.33148342,1.57454,-0.33189976,0.3013306,-0.21275625,-0.32006052,-0.110991985,-0.1509381,0.29920566,0,chr6:53172200:testis:0,TN,0
-3.852283,-1.5496014,-0.0041231937,-0.09919311,0.16108184,0.23671487,0.35570183,-0.1421184,-0.053562395,0.4202793,0,chr10:5949478:prostate_gland:0,TN,0
6.2992425,-0.30520633,0.08183949,-0.5705831,0.6386979,-0.8962077,-0.27241468,-0.20471416,0.08896273,-0.35358277,1,chr16:85086903:spleen:0,TP,1
-3.033223,-0.7486677,-0.15068723,-0.020260341,-0.3038757,1.1353116,-0.7121461,-0.64961016,1.1972991,-0.04740738,1,chr4:186824888:body_of_pancreas:0,FN,0
-3.3939135,-1.7517833,0.9536349,-1.4444349,-0.19035198,0.29327944,0.42265296,0.7707129,-0.4546088,-0.070557445,1,chr13:54394503:Peyers_patch:0,FN,0
6.4444795,-0.70589787,0.0189952,-0.31983525,-0.28314468,-0.775582,-0.56872976,0.065459535,-0.44723406,0.33615917,1,chr6:31374359:transverse_colon:1,TP,1
-2.3935144,0.20981815,0.92389476,-0.92026955,0.015767505,-0.34642825,-0.36816698,-1.105268,0.2388351,0.7305288,0,chr2:21042645:thoracic_aorta:0,TN,0
1.3956848,-2.4993806,-0.7246696,0.9203756,-0.66604793,0.72763145,0.971901,0.623015,-0.008080752,-0.62995386,0,chr11:449817:transverse_colon:0,FP,1
-2.8355947,0.1327243,1.8078336,-0.33227018,-0.26762372,-0.58423334,0.16594411,1.09274,0.47070253,0.4590808,0,chr12:114508854:spleen:0,TN,0
5.53071,-0.75478613,0.31001642,0.32087547,-0.20176034,-0.6117427,0.042937003,-0.58790296,0.3767151,-0.43047154,0,chr7:63015786:prostate_gland:1,FP,1
-3.158906,0.19033985,0.79134244,0.92887574,0.54493165,-0.58534676,-0.50421387,-0.08859972,0.122597516,0.38935116,0,chr7:88220243:prostate_gland:0,TN,0
-2.4825885,-1.1323887,0.7660873,1.729902,0.70240146,-0.24945328,0.22740379,-0.33639327,-0.19498894,0.4293876,0,chr19:9914785:gastrocnemius_medialis:0,TN,0
-1.6176791,-0.48979688,-0.152583,1.9273443,1.1913085,-1.1833944,0.15169239,-0.10166898,-0.488752,-0.1361933,0,chr2:46297173:tibial_nerve:0,TN,0
-3.8140533,-2.4755096,-0.3978829,1.4695114,0.5299494,-1.045235,0.42927158,-0.36673042,-0.42288658,0.7927822,1,chr9:33167269:Peyers_patch:0,FN,0
6.7951183,-0.28788346,0.20834473,-0.47773275,-0.45968023,-1.1786485,0.030865192,-0.18159297,-0.29509994,0.031656925,1,chr17:22909996:esophagus_muscularis_mucosa:0,TP,1
-2.8111262,-1.2429187,1.2287197,-1.2885197,0.44376534,0.4295471,0.5425577,0.546381,-0.3358539,-0.12283549,0,chr13:98653462:esophagus_muscularis_mucosa:0,TN,0
-3.0772316,-0.74013346,1.6511328,-0.7854388,0.25555083,0.12673296,0.14065625,0.70181555,-0.26218122,-0.29507327,1,chr5:149431239:thoracic_aorta:0,FN,0
6.2906017,-0.9711844,-0.09895326,-0.2694904,-0.23811382,-0.75085104,-0.70688456,0.032980766,-0.32450324,-0.314907,1,chr9:129437752:gastroesophageal_sphincter:0,TP,1
3.4310417,1.0288388,-0.89496213,-0.54138744,-0.2339894,-0.24842031,1.3349663,0.28320554,1.231429,0.6850484,1,chr8:44636977:gastroesophageal_sphincter:0,TP,1
0.6598926,1.0747217,-0.7338074,0.2626872,0.023827603,0.46174663,0.25753337,-0.8984445,0.23508115,-0.28642356,0,chr1:205918852:tibial_artery:0,TN,0
-0.8690088,-0.22395857,1.3228085,2.1181204,0.7142116,-0.4206371,0.25706467,1.0925534,0.6320235,0.21755242,0,chr7:85186902:thoracic_aorta:0,TN,0
4.4937887,-2.0801399,-0.32952034,0.9935577,0.360222,0.9082681,-0.8223431,0.5771665,-0.23553252,0.0090997135,1,chr9:42852316:body_of_pancreas:1,TP,1
-1.7365924,-0.668539,0.91600657,-1.860979,0.38114446,0.2922824,-0.21831372,-0.23414172,-0.010730484,-0.305233,0,chr1:243118794:thoracic_aorta:0,TN,0
-1.1126881,2.5550656,-0.77434087,-0.1417821,-0.25503838,-0.21771662,-1.1851139,0.5385808,-0.23031971,-0.39116004,0,chr12:40153243:upper_lobe_of_left_lung:0,TN,0
-1.574793,0.537855,-1.4129524,0.32183516,1.7906396,-0.261486,-0.69306475,0.4998433,-0.5516621,0.2590319,1,chr18:597094:upper_lobe_of_left_lung:0,FN,0
-1.2237452,-0.17707247,0.70614177,0.5799826,0.8841384,1.2141563,-0.5335284,0.016584467,0.7619957,-0.33633703,1,chr6:169655219:transverse_colon:0,FN,0
5.868946,-0.56325346,-0.27510256,-0.43941826,0.93119925,-0.9785162,-0.77356106,0.13390972,-0.25809807,-0.5639787,1,chr1:192003039:thyroid_gland:0,TP,1
-3.0183756,-2.0538952,-0.6393051,-0.39178628,-0.41728735,0.29217103,0.0036194623,-0.29846397,0.20294839,-0.48595488,0,chr1:245260636:prostate_gland:0,TN,0
1.6959251,0.85006994,-0.74399203,-0.5892009,-0.028878225,0.6759715,0.1968985,-0.10078683,-0.16112158,-0.85046697,1,chr8:30230823:prostate_gland:0,TP,1
5.61741,-0.35172936,-0.662723,-0.7919175,0.6906468,-0.66600305,-0.6124696,0.28126663,0.025553321,-0.12839168,1,chr20:21120370:spleen:0,TP,1
-2.1472647,1.1753618,1.2647606,-1.2613318,0.3942241,0.6242218,-0.43012002,0.38773808,0.5165493,0.18571872,0,chr1:84542055:transverse_colon:0,TN,0
-2.3950295,0.17213316,1.2162092,1.404742,-0.1335834,-0.5696613,0.65034103,0.83754176,-0.38409975,-0.2679902,0,chr16:2004036:prostate_gland:0,TN,0
-1.8902832,-0.78953683,0.54520196,-0.8551333,-0.111881144,0.052017715,0.3118005,2.2403922,0.95766383,-0.21653858,0,chr1:63575748:thoracic_aorta:0,TN,0
6.0628424,-0.6092696,-0.02932959,-0.5433852,0.034836408,-0.34794903,-0.618107,0.5379755,-0.08138635,0.017524533,1,chr4:62271507:prostate_gland:0,TP,1
-2.800927,-0.10775422,1.5134791,0.55161256,0.28454116,-0.20630865,0.30931205,1.2550542,-0.19343778,0.21710303,0,chr21:29002850:tibial_nerve:0,TN,0
4.8826494,-0.47662696,0.30466032,-0.54056114,1.1761883,-0.5842032,0.45211837,-0.054368827,0.7224833,-1.4278669,1,chr7:100965903:transverse_colon:0,TP,1
-4.4399886,-3.0173118,-0.51995784,-0.62289375,-1.0172958,0.20424087,-0.04841439,0.18043041,-0.2022096,0.07052646,0,chr1:170967201:adrenal_gland:0,TN,0
0.28325465,1.6932214,-0.20743309,-0.006732607,-0.47184435,0.60652333,-0.43835542,-0.011989029,0.28614876,-0.25008023,0,chr10:83992499:body_of_pancreas:0,TN,0
2.5513415,-0.34406593,-1.2356496,-0.10312426,-0.9488885,0.48054156,-0.05776089,-0.0077215275,-0.63973343,0.3048769,1,chr8:30230823:adrenal_gland:0,TP,1
-2.6830041,-0.27163747,0.826962,-1.163744,-0.38153797,0.51499903,-0.20955496,-0.6305852,-0.47928458,-0.2247597,0,chr15:32537476:body_of_pancreas:0,TN,0
-1.3316059,1.3623191,-1.0057461,-0.32386002,1.1569252,0.7641283,0.014841759,0.36404216,0.28691992,0.30224568,0,chr6:106837189:body_of_pancreas:0,TN,0
0.42533863,-2.0197716,0.13175288,-0.6077259,0.33207577,0.2225502,-0.06809254,0.39939073,0.7328761,-0.85342836,1,chr7:155585487:body_of_pancreas:0,TP,1
-1.4996512,1.1523446,0.4120284,1.0297806,0.053723164,0.38331404,-0.0004255481,-0.69447607,0.17570575,-0.21309035,0,chr19:13152523:gastroesophageal_sphincter:0,TN,0
-1.7545816,0.5825658,-0.64965147,-0.3055562,0.30473602,0.37080008,0.6009387,-0.7395615,0.33720896,-0.3785406,1,chr2:42969994:thoracic_aorta:0,FN,0
-1.8363978,-0.30829766,1.4331342,0.26639643,0.3969402,-0.16126032,0.9599093,0.8095369,-0.035199985,-0.17335449,0,chr2:232440448:transverse_colon:0,TN,0
-3.346436,-2.057995,0.44952577,0.26106977,0.84946245,0.03379586,-0.10116474,-0.058008872,-0.23506321,0.33578444,0,chr5:1119480:Peyers_patch:0,TN,0
0.29738387,1.2779312,1.1320711,0.06745544,0.75101715,1.0664573,-0.6399717,-0.65983236,0.016297923,0.07103267,1,chr1:27556965:testis:1,FN,0
4.7975025,-2.0257313,-0.63873947,0.32272613,-0.7254531,0.15125754,-0.29860362,-0.22022158,-0.25845096,-0.21528706,1,chr7:142463879:Peyers_patch:0,TP,1
-2.3732343,1.8673906,-1.4187433,0.044867624,-0.09429085,-0.17380102,-0.3822011,-0.12544282,-0.59845316,-0.30881956,0,chr19:46753944:gastroesophageal_sphincter:0,TN,0
-1.2087744,-0.28238574,1.2305166,2.0193331,0.53241765,-0.1192003,-0.039626893,-0.67422396,-0.38645867,-0.24253513,0,chr3:196712252:spleen:0,TN,0
-2.5518239,-0.94032735,0.8368067,-1.2087615,0.19934586,0.38998732,-0.26276085,-0.9491081,-1.1223844,0.12429259,0,chr10:80132939:body_of_pancreas:0,TN,0
-2.546482,-0.46571922,-1.3159475,-0.34878033,-0.7554258,0.21342985,0.26320368,-0.87520933,0.9176793,-0.43351752,1,chr7:106568539:body_of_pancreas:0,FN,0
-2.7872028,-0.33234188,-0.40463236,0.8766715,-0.1313778,-0.12512825,-0.1403056,-0.5089754,0.33526033,-0.5044386,0,chr12:124513633:body_of_pancreas:0,TN,0
-0.58456445,0.39037615,1.5095701,-0.24726328,0.7860718,-0.8607285,1.3362114,0.09050095,0.659073,0.18916981,0,chr2:222297304:body_of_pancreas:0,TN,0
-0.5830529,0.8448999,0.941081,1.9254873,-0.61221164,1.2207369,-0.38970014,0.24886309,0.2668357,-0.12782247,0,chr19:39824761:prostate_gland:0,TN,0
-4.444115,-2.969229,-0.6785256,-0.7748808,0.121740535,0.08661369,-0.67746526,-0.7329789,-0.5577891,0.4695735,0,chr21:45128695:thoracic_aorta:0,TN,0
-2.6902146,-2.0834105,0.07121302,-0.9352756,-0.5420158,0.52283347,-0.7084478,-0.75436115,-0.3169173,-0.043605022,0,chr8:23547260:body_of_pancreas:0,TN,0
-1.682804,2.4593306,-1.2689087,0.12358546,0.49253276,0.20129067,-0.59275347,-0.32562014,0.111320205,-0.21188317,0,chr20:49603474:body_of_pancreas:0,TN,0
-1.7019665,-1.137099,0.2600871,-0.6828689,-0.7208905,-0.1332977,0.264818,-0.84057695,0.16917096,-0.028118754,1,chr20:19077643:transverse_colon:0,FN,0
-1.9813588,0.5758244,1.2058473,0.22095563,-0.27548918,-0.45519245,0.60445935,0.9965496,-0.21475907,-0.90797853,1,chr17:43361323:esophagus_muscularis_mucosa:0,FN,0
-2.202258,1.3468306,-0.8069942,-0.20419088,0.025493637,0.78407365,-0.09712244,-0.32361147,0.271492,0.16186036,0,chr9:121609956:gastroesophageal_sphincter:0,TN,0
-1.1186421,-2.1718094,-0.47500148,-0.70613277,0.13043487,0.58565676,1.0681086,-0.13450648,0.10105769,-0.6750241,0,chr5:157471958:tibial_artery:0,TN,0
-2.1335578,0.08155266,-0.6979867,-0.5630165,-0.54219884,0.0800034,1.0483245,-0.28111285,0.5054884,-0.623283,1,chr2:55432222:upper_lobe_of_left_lung:0,FN,0
-4.702306,-1.4111357,-0.5982422,0.33433908,-0.7380484,-1.0430232,-0.6906275,-0.13141276,0.3211175,0.52016777,0,chr14:21852085:transverse_colon:0,TN,0
-1.4579915,1.0904002,0.89701337,-1.2448622,-0.40112594,-0.50033456,-0.025935717,-0.2477594,0.13374235,-0.5158904,1,chr6:31374706:body_of_pancreas:0,FN,0
0.93321013,-2.974849,-0.53744954,0.7750216,-1.1754488,1.2199858,-0.16012503,0.11498798,0.26129642,-0.23504326,0,chr11:35392416:adrenal_gland:0,FP,1
-0.7187091,-0.0855235,-1.0961616,0.7499074,-0.0055002696,-0.39967,-0.062194046,-0.41994065,-0.033226643,-1.6849247,0,chr13:25004931:esophagus_squamous_epithelium:0,TN,0
5.5585914,-0.3043224,-0.16919877,-0.24596621,0.8758092,-0.5953608,-0.2840318,-0.22716083,0.59000427,-0.74278605,1,chr7:100965858:Peyers_patch:0,TP,1
-1.9583629,0.17336553,-1.3442025,0.20142503,0.76489216,0.06430493,-0.09823036,-0.67374766,0.5417805,0.22025976,1,chr20:57190119:sigmoid_colon:0,FN,0
-1.625935,2.7867138,-0.105316944,-0.03644983,-0.12872085,-0.20885001,-1.3997242,0.8080961,-0.20354734,-0.6973871,0,chr13:32310515:gastroesophageal_sphincter:0,TN,0
3.8667624,-0.85814786,0.719778,1.2758936,-0.5509726,-0.2612476,0.012637702,-0.0519151,-0.34778064,-0.3875941,0,chr11:119094337:sigmoid_colon:0,FP,1
0.59370726,1.3845887,-1.2129959,-0.706228,0.23882754,0.2873778,1.0592903,-0.44268104,-0.086519696,0.11230172,1,chr17:61262537:sigmoid_colon:0,FN,0
-4.431455,-3.2173965,-2.5456681,-0.62643695,-1.5025058,-0.27335885,-0.47771066,0.23960945,0.31245288,0.24537489,0,chr3:65914875:Peyers_patch:0,TN,0
-1.5119234,-0.46735275,1.6811126,0.7664863,0.727907,-0.1470132,0.38789073,-0.5026899,-0.90964365,0.396536,0,chr17:81513269:upper_lobe_of_left_lung:0,TN,0
-2.2024763,1.7601621,-1.3956048,-0.4122396,0.24848281,0.11256173,0.2614168,-0.043163273,-0.45967507,0.3860307,0,chr12:101839737:esophagus_muscularis_mucosa:0,TN,0
-1.6647161,0.094383314,-1.6264415,0.08413342,-0.40685746,-0.0077416375,0.1044626,1.3701439,-0.74912494,0.012038196,1,chr2:196068383:tibial_artery:1,FN,0
-2.9113042,-0.6794917,0.21229304,0.7719527,1.2449534,0.4174326,0.03409327,-0.26668587,-0.05619049,0.042607114,0,chr17:75096523:transverse_colon:0,TN,0
-3.9248457,-1.953095,-0.22507332,-0.60959435,-0.6254142,-0.80459416,-0.3081629,-0.022761129,0.42937806,0.9373211,0,chr7:28520166:body_of_pancreas:0,TN,0
0.4825816,0.8908686,-0.95767486,-0.77034885,0.12605694,0.89179903,0.34642482,-0.19133207,1.8622966,0.35561502,0,chr5:71856567:body_of_pancreas:0,TN,0
-0.69099796,0.76600724,0.98888904,1.7891967,0.26870587,1.0613647,-0.6826147,0.12742828,0.55295753,-0.31567955,0,chr15:63122523:thoracic_aorta:0,TN,0
-2.7753718,0.8906691,1.3029399,0.10591713,0.056414746,-0.027925516,-0.09664744,-0.36441925,-0.17864177,0.28705212,1,chr19:3618689:Peyers_patch:0,FN,0
-2.7231405,-0.71835804,0.644743,-1.8045269,-0.80225945,-0.102108024,-0.071738355,0.1234638,-0.37467292,-0.2333522,0,chr6:128518132:Peyers_patch:0,TN,0
5.7783356,-0.11667658,-0.5872745,-0.7865214,1.1736506,-0.810815,-0.8728376,0.22799236,0.16912353,-0.7565668,1,chr12:130912953:prostate_gland:0,TP,1
2.626051,-0.2453868,-1.3664804,-0.49322823,-0.32733518,1.0469716,0.53957736,0.6988831,-0.19903737,-0.34211656,1,chr8:30230823:gastroesophageal_sphincter:0,TP,1
6.7413073,-0.10814415,0.29163203,-0.42623457,0.26177242,-0.8253197,-0.5775727,-0.020339083,0.07716482,-0.14754528,1,chr12:8390645:prostate_gland:1,TP,1
-0.6410525,-3.0463862,-0.24736401,-0.4828695,-0.9538277,1.2873218,0.67435664,0.5854641,-0.50383705,-0.92518795,0,chr6:134827157:body_of_pancreas:0,FP,1
-2.9198692,-1.5655311,0.6946531,-1.2238481,0.5905914,0.10595872,0.15629514,-0.5864729,-0.22400834,0.6001186,0,chr7:155303541:upper_lobe_of_left_lung:0,TN,0
-2.086662,-1.0618004,1.2671764,0.8744065,-0.87383956,0.15000331,0.8143201,1.1573011,0.2281481,-0.3371464,1,chr11:1652791:tibial_artery:0,FN,0
-3.244542,-1.0051258,0.38995743,-1.0937781,-0.23850724,0.25838763,-1.1522682,-0.45690826,0.08996167,0.11880693,1,chr9:17531876:prostate_gland:1,FN,0
-1.4026769,0.86154884,0.9645127,1.4585301,0.24388945,-0.68470263,-0.040854216,0.76628464,0.39542308,-0.63922644,0,chr8:27592555:spleen:0,TN,0
-3.5650377,-1.5200518,0.07131225,-0.5799941,0.82216305,-0.39124638,-0.2561395,0.23644891,-0.16937092,0.41195118,0,chr2:16630547:spleen:0,TN,0
-3.7114334,-1.7973783,-0.63653255,0.16950807,0.35046318,-0.068818785,-0.54618776,-0.7170527,0.5841498,0.40484607,0,chr6:166106112:testis:0,TN,0
-2.4588766,1.6225184,1.0404495,0.88649803,-0.16454835,-0.27688813,-0.34836316,0.09958122,0.024915643,-0.15777804,0,chr5:178164512:Peyers_patch:0,TN,0
-2.4363718,-0.5089905,1.5193532,-1.8026286,-0.3939445,-0.19154276,-0.25310904,-0.17190261,0.34354824,0.65610754,0,chr20:52243098:transverse_colon:0,TN,0
6.6330795,0.045659658,0.603765,-0.081095435,-0.42531118,-0.42995998,0.018136427,-0.21031362,0.3752885,-0.031952325,1,chr5:151298414:thoracic_aorta:0,TP,1
-1.9865981,0.7211978,1.8101828,0.70027804,0.4391417,-0.091914475,0.10527122,-0.08738103,-0.08395955,0.40627995,0,chr9:89604122:sigmoid_colon:0,TN,0
-1.3578429,1.6794193,-1.8579812,-0.75591683,0.63817096,0.31293276,0.20292336,0.5352375,0.9811673,0.9435414,1,chr2:92401043:body_of_pancreas:0,FN,0
-2.6428788,1.5538472,-0.51929724,0.5194764,0.3411079,-0.3789903,-0.221664,-0.23597188,0.09769534,-0.3234595,0,chr17:74791544:testis:0,TN,0
-1.1651295,-1.3669772,-1.6312042,0.047967233,-0.79061574,-0.39079452,-0.39837515,-0.0048744325,-0.016204363,-0.51761764,0,chr7:105759869:Peyers_patch:0,TN,0
-3.952925,-2.0304413,-0.2767977,-1.0558673,-0.929962,-0.04163334,0.111272655,0.6485677,-0.21424921,-0.12835148,1,chr6:106223515:upper_lobe_of_left_lung:0,FN,0
6.9518566,0.5912639,0.9338797,0.09960728,-0.6130132,-0.16956005,0.38545504,-0.6481958,0.47307503,0.23112278,0,chr9:62609408:transverse_colon:0,FP,1
-2.8737957,-0.94056165,1.3316396,1.0971411,0.7800243,-0.59017116,0.65239227,0.72950965,0.03238369,0.7585488,0,chr11:119094768:thoracic_aorta:0,TN,0
2.33243,0.0971866,0.061274868,0.1045052,1.3162729,0.0014852665,-0.34436142,-0.43560913,1.1679555,0.31486946,1,chr14:77027452:esophagus_muscularis_mucosa:0,TP,1
-3.6974308,-0.6182399,0.21673545,-0.8415443,0.25360438,0.56155163,-0.44516736,-0.39538267,-0.15673266,0.12632874,0,chr2:47313392:transverse_colon:0,TN,0
0.032917336,0.19742219,0.39187124,-1.0479798,-0.39307567,-0.3461199,1.3672993,0.96970433,0.32199726,-1.5484754,1,chr6:106223515:thoracic_aorta:1,FN,0
7.034548,0.47464952,0.43125623,-0.47038984,-0.5124391,-1.0528104,0.66126704,-0.4010716,-0.16001205,0.6547631,1,chr17:25564496:gastroesophageal_sphincter:0,TP,1
-2.7081668,-0.11464271,0.6541554,-0.75325644,-0.4262511,-0.56551266,-0.48028213,-0.4191887,0.017404748,0.4566251,0,chr17:2982933:thoracic_aorta:0,TN,0
4.7249665,-2.0365517,-0.26618624,0.9429112,0.2403097,0.7090506,-0.67941487,0.524952,-0.4134036,0.05320933,1,chr9:42852316:testis:0,TP,1
-1.9068954,1.0981157,-0.90968853,0.022762954,0.5676345,-0.55123764,0.16778919,0.13143513,-0.6616801,-0.45550963,0,chr6:36442445:transverse_colon:0,TN,0
2.7726052,1.6176152,-0.020714391,1.0412314,-0.52685237,0.8101152,0.85500675,-0.20835273,-0.78657657,-0.050347358,1,chr19:45427778:prostate_gland:1,TP,1
-2.0595863,-0.2711652,2.0312436,-0.7369667,0.31542042,0.46874967,0.37446114,0.35108507,-0.6197166,-0.34216657,0,chr17:1191066:tibial_nerve:0,TN,0
6.113093,-0.28176042,0.18178795,-0.28515092,0.13478272,-0.874447,-0.41333008,-0.11013428,0.024863267,0.10338057,1,chr9:129437413:tibial_artery:0,TP,1
-1.6170578,1.9125288,0.5957191,1.2624238,-1.1079531,0.54159147,-0.6967322,0.7729889,0.40959206,-0.48266858,1,chr9:83219889:tibial_artery:1,FN,0
3.9564178,-2.5830734,-0.37880656,1.05462,0.47329316,0.99935436,-0.721891,0.6339384,-0.3558075,-0.04055974,1,chr9:42852316:Peyers_patch:0,TP,1
-0.33741575,-2.2684877,0.15284577,2.7315743,0.1072278,0.124936275,0.32486328,0.43237248,-0.5742197,0.66210145,1,chr4:41214657:thoracic_aorta:0,TP,1
-3.3658686,-0.57544434,0.40881976,0.65358204,-0.15223478,0.26749507,0.21954904,0.28454202,0.40449595,-0.51456547,0,chr9:114397696:prostate_gland:0,TN,0
-2.772877,0.9204242,1.4289482,0.40600145,-0.015033019,-0.27906948,0.0052250763,0.054661557,0.06591703,0.020406384,1,chr7:91940814:gastroesophageal_sphincter:0,FN,0
-2.3842037,1.2470285,-1.553584,-0.4631445,0.4420682,0.034282926,-0.3921962,-0.21391168,-0.35048327,-0.16046804,0,chr1:229154377:body_of_pancreas:0,TN,0
-2.5225384,1.286615,0.7870278,0.87727815,-0.13978134,-0.5515943,-0.60330945,0.14498706,0.23492342,-0.23830798,0,chr19:15125650:tibial_artery:0,TN,0
-2.9786649,1.3924948,-0.7679392,0.3889743,-1.1171023,-0.401594,-1.0283626,0.020582002,0.12115731,-0.44346768,1,chr6:82252284:prostate_gland:1,FN,0
-1.9501745,-0.08129443,1.6838233,-2.1601908,0.025007838,0.63134986,-0.4609231,-0.96853024,-0.9876802,0.25451526,0,chr4:148845977:body_of_pancreas:0,TN,0
-2.169932,-0.48315188,1.1848333,-1.413095,0.23360574,1.3805177,0.5599754,-0.46712163,-0.4781044,-0.4906846,0,chr2:20452905:esophagus_muscularis_mucosa:0,TN,0
-0.07584647,2.3066015,-0.6936049,0.5702809,-0.03533217,0.7268183,0.100915916,-0.26577532,-0.66443026,0.18456598,1,chr5:35717910:testis:0,FN,0
-1.9507279,-0.21930501,-0.2929495,-0.571104,-0.2717654,-0.6003463,0.32785055,0.051768847,-0.2642867,-0.60249865,0,chr20:17965942:transverse_colon:0,TN,0
-1.0111892,3.3308628,0.017037092,0.20152454,-0.5299324,-0.32922065,-0.92296606,0.4236996,-0.01940672,-0.57053363,0,chr1:31423083:spleen:0,TN,0
-0.29255974,2.4953911,-1.2592714,-0.42524427,1.1401131,0.41895318,0.0034972117,0.08803797,0.22986299,0.6135228,0,chr2:88951719:body_of_pancreas:0,TN,0
-2.54336,-0.10298388,2.034319,-0.746707,0.7175897,-0.05401833,0.5297943,0.19151524,-0.46540758,0.47369826,1,chr14:36662855:tibial_nerve:0,FN,0
0.62184066,-1.4853413,0.18211572,-0.38337275,-0.7769569,0.11802237,1.0827662,0.048273284,-0.65453565,-0.3610669,0,chr2:208133048:body_of_pancreas:0,FP,1
6.8105474,-0.27776816,0.22032683,-0.3522603,-0.4832607,-1.0218058,0.004349979,-0.22554015,-0.10811755,0.0932305,1,chr17:22909996:thoracic_aorta:0,TP,1
-0.030742733,-0.033242784,0.926155,0.9493656,0.32293275,0.192539,1.3864053,0.6343019,-0.9731751,-0.22283505,1,chr4:80202223:body_of_pancreas:0,FN,0
1.5270343,0.40287504,-0.86444825,0.49397713,0.66620576,1.1134737,-0.17923266,-0.2129517,0.32616428,-0.32281065,0,chr2:233098726:thoracic_aorta:0,FP,1
-3.1812744,-1.3087177,0.59693766,-1.244277,-0.7762635,0.73849523,-0.043388385,-0.30743977,-0.16919062,0.2347893,0,chr12:72346202:spleen:0,TN,0
-3.8854628,-2.717525,0.18517998,-1.9077873,-0.5743466,0.085448764,-0.01731136,0.39205247,-0.5441159,0.14577693,0,chr9:571961:body_of_pancreas:0,TN,0
-1.7872537,0.38080367,0.27716506,1.5529473,-0.43024397,-0.39901105,0.12179712,-0.44824564,0.53704196,-0.012918681,0,chr9:35096636:spleen:0,TN,0
-3.1015115,0.81740856,0.37110087,0.61054146,-0.397732,0.09114826,-0.58800703,-0.28804985,-0.07418519,-0.12061559,0,chr10:29449249:thyroid_gland:0,TN,0
-1.6787143,2.5521443,-0.2911077,0.16917022,-0.71501714,-0.54793096,-0.8819195,0.10556007,-0.05150443,-0.51848423,0,chr1:201878136:gastrocnemius_medialis:0,TN,0
-3.018222,0.1792015,1.0639107,-0.10918568,0.607768,0.06660372,0.21252617,0.089007534,0.15433703,0.5104937,1,chr8:41651698:adrenal_gland:0,FN,0
0.99552655,-0.21886168,-1.111263,-0.025260892,-0.25208756,1.1188325,-0.32425717,0.19799584,1.5561589,0.017446017,0,chr6:33049449:body_of_pancreas:0,FP,1
-2.7589188,-0.20551354,1.0372102,0.7041349,-0.020735215,0.3059663,-0.08808924,-0.72232854,-0.13957919,0.08732976,1,chr11:44617033:gastrocnemius_medialis:0,FN,0
-1.2780875,-1.0730826,0.5035524,1.4275829,1.2237415,-0.85219246,0.7659376,-0.54802966,-0.58852625,0.1671782,0,chr18:13217897:esophagus_muscularis_mucosa:0,TN,0
-0.45722368,-0.97098994,-1.9825888,0.57486755,-0.068650894,0.8844601,-0.27318877,0.44510743,-0.8081924,0.49955738,1,chr3:75723596:esophagus_squamous_epithelium:0,FN,0
-4.409397,-2.145644,-0.45166346,-0.9748022,-0.75370216,-0.39097533,-0.786458,0.29411322,0.24757883,0.53917944,0,chr15:62142956:body_of_pancreas:0,TN,0
-2.2212615,2.3278968,0.30366585,-0.118263096,-0.6607858,-0.6720568,-1.1622701,0.61013645,0.26778853,-0.30331463,0,chr12:66270210:esophagus_muscularis_mucosa:0,TN,0
-3.73044,-1.4808052,0.48924735,-0.38225406,-0.5766129,-0.73210716,-0.4235347,0.8411813,0.8630152,0.5689026,0,chr6:150418704:spleen:0,TN,0
-1.4500705,1.1011192,0.85024375,0.7788506,0.23278739,-0.56413764,0.30007374,0.6843988,0.6022643,0.27421892,0,chr7:5898694:adrenal_gland:0,TN,0
-2.1640456,1.3003075,-2.1658025,-0.41082168,-0.14313255,0.40523744,-0.049081855,0.24057548,-0.064202264,0.58817047,0,chr15:20318492:gastrocnemius_medialis:0,TN,0
-3.4936192,-0.8794265,0.16301365,0.77307963,-0.043023005,-0.3551246,-0.071794435,0.05626123,0.20577078,0.54298955,0,chr5:96807231:transverse_colon:0,TN,0
3.9647777,-0.91550255,-0.28068253,-0.4512082,-0.45420817,0.17325476,0.40940487,-0.58987844,1.0447046,-0.5240152,0,chr13:79497794:thoracic_aorta:0,FP,1
-2.1925762,0.35586557,-1.001746,-0.0012978787,-0.43320274,0.82314223,-0.2825292,-0.69712836,0.87070405,-0.3028597,0,chr1:203339672:gastroesophageal_sphincter:0,TN,0
-1.4812138,-0.5269786,1.5217032,-2.3904955,0.44599572,0.60973406,-0.2583763,-1.0807903,-0.5837024,-0.15437421,0,chr11:114161288:prostate_gland:0,TN,0
-1.5701777,0.16783187,1.5329462,-1.5407168,0.40092528,0.39714977,-0.68296504,-0.6525526,0.12562278,0.45634335,1,chr6:131199853:prostate_gland:1,FN,0
-4.1453996,-2.225797,-0.35622406,0.8736243,0.3120729,-0.83186156,0.08295169,-0.056643106,-1.2147697,0.23631813,1,chr9:33167269:upper_lobe_of_left_lung:0,FN,0
-1.4772208,-0.27487963,-0.93800163,0.19273248,-0.0077132713,0.38898772,0.17592284,-0.19723389,1.0478084,-0.114724614,0,chr5:79238863:body_of_pancreas:0,TN,0
-2.9345505,-1.1286622,0.15924238,-1.1523523,-0.5479949,-0.26636097,-0.25850382,-0.19543345,0.1263915,0.72777027,0,chr14:54652076:gastroesophageal_sphincter:0,TN,0
-2.5455093,1.1022676,1.0279201,0.34963238,-0.28164697,-0.7426594,0.11687215,0.6039824,0.24719924,0.07642249,0,chr19:54200851:Peyers_patch:0,TN,0
-4.2251644,-0.8033656,-0.3787323,0.8588988,-0.7216125,-1.0693601,-0.65176016,0.23210841,0.034970354,0.3755045,1,chr9:97633155:esophagus_squamous_epithelium:0,FN,0
6.4078546,1.5155126,1.7452219,0.09577305,1.8674809,-0.43408027,0.5847033,-1.1858375,0.08486153,-0.87000084,1,chr4:1752766:transverse_colon:0,TP,1
6.6481633,-0.07218297,0.22516836,-0.71489066,-0.046568826,-0.4211831,-0.26852903,-0.047277138,-0.047278773,0.29557815,1,chr12:129503996:body_of_pancreas:0,TP,1
-1.9796704,-0.8510472,0.31796056,0.8072443,-0.052239884,0.61650676,-0.6109943,0.28205642,-0.23866405,-0.58809286,1,chr19:36838128:sigmoid_colon:0,FN,0
6.7485332,-0.2929684,0.24721295,-0.4964846,-0.42608288,-1.2358736,0.07964873,-0.25149077,-0.31456518,0.055897754,1,chr17:23044492:tibial_artery:0,TP,1
-2.4418902,0.80115086,-0.34855583,-0.5842456,-0.55256337,-0.015684359,0.58455914,-0.3319194,-0.09172314,-0.034646276,1,chr11:85826144:sigmoid_colon:0,FN,0
-2.824874,-0.5345771,0.17276248,-0.3811263,0.65124124,0.37598348,-0.24989071,-1.3585107,0.2642167,0.78034616,0,chr8:6863879:body_of_pancreas:0,TN,0
-2.0110557,-0.078332365,1.9164321,-2.0254362,-0.007242219,0.6340705,-0.12554532,-0.19250116,-0.45492133,-0.06973768,0,chr3:107680314:thoracic_aorta:0,TN,0
-2.639773,-0.082013875,1.2403741,-0.39261097,-0.048377372,0.53812903,0.8936436,0.48070246,-0.078570455,-0.17267829,1,chr8:38863037:tibial_nerve:0,FN,0
-3.4350598,-1.3514303,0.72589695,-0.38783884,0.25028002,-0.6117135,-0.110940486,-0.12813917,0.36272547,0.6632582,1,chr2:172465936:Peyers_patch:0,FN,0
6.2656717,-0.5008138,0.487721,0.21938074,-0.8931808,0.24001443,-0.20096003,0.042508274,-0.072298504,0.13900954,1,chr7:142463889:body_of_pancreas:0,TP,1
2.1483796,-1.5291646,-0.8978475,0.33182204,-0.4050036,-0.4659926,0.63024575,-0.73728544,-0.44684672,-0.51497185,0,chr5:42909187:esophagus_muscularis_mucosa:0,FP,1
0.33953923,2.9999156,-0.10075763,0.28763288,-0.028235031,0.60293025,-0.93464833,-0.14178175,0.4085933,-0.2743371,1,chr21:37712460:suprapubic_skin:0,FN,0
5.843046,-1.1297126,0.336806,0.5511176,-0.037254605,0.010427362,-0.41177467,0.29897183,-0.5172641,0.3097527,1,chr15:79896760:tibial_nerve:0,TP,1
-0.1616701,-1.517313,0.42129067,2.5538383,0.33145034,0.2966852,-0.36632365,0.11308772,-0.44257572,-0.10094981,0,chr4:86892075:body_of_pancreas:0,FP,1
-2.402361,0.0003653606,0.32246137,1.0916492,-1.1550323,0.037006237,-0.20208481,-0.2948239,-0.122498,-0.5173022,1,chr11:1652791:gastrocnemius_medialis:0,FN,0
-0.26985466,0.72749716,-0.19178653,-0.8764019,0.24040933,-0.924845,0.4382977,-0.48426652,-0.42753273,-0.518539,0,chr5:75050124:thoracic_aorta:0,TN,0
6.097903,-0.33272672,0.6058619,0.38029826,-0.88658214,0.35699037,0.10667257,-0.008023971,0.10456075,0.2769887,1,chr11:60251676:prostate_gland:1,TP,1
0.5000512,-1.4872454,0.24400137,2.225335,1.3863654,-0.39645174,0.19583295,-0.70704275,-0.5192386,0.41387093,0,chr11:569029:upper_lobe_of_left_lung:0,FP,1
6.740616,1.100108,1.0329843,0.30967262,-0.8014576,0.06150337,0.33960044,-0.6006495,0.5184477,0.21972017,1,chr9:62609408:esophagus_squamous_epithelium:0,TP,1
-3.5785444,0.21759236,-0.7471498,0.47456008,-1.3213621,-0.83682126,-0.38232076,-0.36793897,0.029043423,-0.30887663,1,chr20:56171080:upper_lobe_of_left_lung:0,FN,0
-4.4540806,-2.7991533,-0.45432264,-0.34742853,-0.6749261,-0.15280056,0.04087725,0.4547706,-0.3863437,-0.1787719,1,chr4:119212065:thoracic_aorta:0,FN,0
-3.5072267,-0.062925324,-0.6251207,0.5712634,-1.0670183,-0.92439145,0.19553877,-0.5162047,0.021196617,-0.245033,0,chr8:10838800:tibial_artery:0,TN,0
5.722853,-0.005927904,0.75537634,0.3066851,-1.005635,0.7087911,0.37644386,0.19692743,0.6538645,0.30529925,1,chr11:60251676:sigmoid_colon:0,TP,1
-2.5486994,-0.8430219,0.5158817,-1.0936257,0.30664396,-0.2255673,-0.45114014,-0.7562843,0.9518837,0.43541443,0,chr4:119490751:Peyers_patch:0,TN,0
0.26728135,2.5544395,1.8283409,0.6480318,-0.8590826,0.26390004,-0.029009564,-0.55183196,-0.7647039,-0.48981354,0,chr3:197510147:tibial_artery:1,TN,0
5.1931353,-1.8541272,-0.5890445,0.10137667,-0.2745919,-0.72763115,-0.36083212,-0.088071056,-0.41449958,-0.420481,1,chr12:121918386:gastrocnemius_medialis:0,TP,1
0.23688689,1.8044155,-1.7658093,-0.8946125,0.5316294,0.12363617,1.1253682,0.09501729,-0.55628234,0.45894453,0,chr8:124392434:body_of_pancreas:0,TN,0
-1.9106658,0.1777481,1.33853,0.12615637,0.51047355,0.2468277,0.40358648,-0.60408366,0.2664987,0.11361434,1,chr8:41651698:spleen:1,FN,0
-3.2248602,-0.99872476,0.39813003,0.33622655,0.7804243,0.56058246,-0.00416013,-0.27014488,-0.30831772,0.5002767,0,chr2:232440415:adrenal_gland:0,TN,0
-1.5565311,0.8524325,1.1845319,0.22136146,0.4031276,-0.26599085,-0.9946766,-1.160381,-0.18983333,0.17367366,1,chr4:41216758:suprapubic_skin:0,FN,0
4.9811425,-0.36574173,-0.13242508,0.40232396,-1.6742873,0.7793009,0.31377968,-0.04850753,-0.19475232,0.6751372,1,chr6:43386692:body_of_pancreas:1,TP,1
-4.671693,-1.9801158,-0.04447261,-0.42198417,-0.79913205,-0.35678038,-0.51266813,-0.34786406,-0.24591431,0.5395926,0,chr19:43104227:upper_lobe_of_left_lung:0,TN,0
-2.0012171,1.1327342,-0.4194971,-0.78737956,0.42083287,-0.55772865,-0.14026192,0.44542107,0.01928668,-0.03619288,0,chr13:48584740:body_of_pancreas:0,TN,0
-3.3609588,0.29846117,0.4912599,0.46500832,-0.4586,-0.21716166,-0.4296298,-0.61334777,0.103224404,0.19518314,1,chr17:45099253:tibial_nerve:0,FN,0
-3.4562268,-2.6000795,-1.197036,-0.18541002,-1.2831894,-0.08310338,0.7824592,-0.03030878,0.397685,-0.5226164,1,chr20:53656240:sigmoid_colon:0,FN,0
5.9182835,-0.8208228,-0.14661436,0.2526828,0.24943632,-0.475601,-0.46193284,0.062534004,-0.57690823,-0.08800202,1,chr20:26208998:upper_lobe_of_left_lung:0,TP,1
5.0124583,-0.8263666,-0.21818294,0.47621286,-0.11874141,0.49815986,-0.54610234,0.30810922,-0.09318586,-0.3773853,1,chr10:96641123:transverse_colon:1,TP,1
-3.7485936,-0.25556755,-0.07666228,0.17538746,-1.1701945,-1.0271056,-0.3343687,0.57377446,0.0834231,-0.12471326,1,chr6:32622456:esophagus_squamous_epithelium:0,FN,0
-1.7976826,2.14456,-1.1693417,-0.007872037,-0.064317524,0.05580024,-1.5818487,1.0256356,-0.37463638,-0.3805397,0,chr19:2391652:esophagus_squamous_epithelium:0,TN,0
-1.849567,-0.9965573,-0.23418677,1.8575045,-1.1846206,0.48711637,0.07543387,-0.34800193,0.026467517,-0.10084775,1,chr11:1652791:gastroesophageal_sphincter:0,FN,0
-1.9616269,-1.1096419,0.5873674,0.13769501,0.70021564,0.7569831,-0.35388327,0.12456426,0.30658028,0.105901174,1,chr6:169655219:upper_lobe_of_left_lung:0,FN,0
-4.129475,-2.4921176,-1.3082176,-0.8964352,-0.9472192,-0.13131085,-0.6824065,-0.686034,0.2778645,0.33190152,0,chr6:134822829:gastrocnemius_medialis:0,TN,0
4.323082,1.0573541,1.5670658,1.5744497,-1.0154424,1.4460682,0.19416338,-0.4328733,0.19054522,0.27629006,0,chr6:110040130:spleen:0,FP,1
-0.90474707,1.3320435,-1.7691802,0.034869794,0.1328233,0.472373,0.28534734,-0.5973639,-0.50550133,-0.028189184,1,chr14:19633120:gastroesophageal_sphincter:0,FN,0
-2.9627535,0.029841226,-1.1188242,0.428521,-0.7699568,-0.1390186,-0.1035682,-0.023041608,0.056541465,-0.40670586,0,chr9:6585116:prostate_gland:0,TN,0
-2.1865325,2.2005548,0.40718076,0.030440308,-0.46811467,-0.46237233,-1.1223936,0.55819243,-0.19506516,-0.3376409,0,chr2:113288980:upper_lobe_of_left_lung:0,TN,0
-1.5398641,0.4571248,1.0828902,-1.513967,0.14278722,0.82268244,-0.63612,-0.9035519,-0.4407515,-0.00079227187,0,chr1:207065073:upper_lobe_of_left_lung:0,TN,0
0.8733121,0.35642582,-1.9472405,-0.47987878,0.46652037,0.06631977,1.3962594,0.19770461,0.9913079,1.15828,1,chr2:93976867:transverse_colon:0,TP,1
3.1272528,-1.2302158,-1.27305,-0.12991054,-0.47612247,1.027464,0.10376275,0.92911655,0.48190686,0.32728466,1,chr10:96641123:spleen:1,TP,1
-2.7244217,1.7274503,-0.5935728,-0.13965301,0.46882683,0.44947487,0.03200869,0.17437567,-0.7226012,0.22257148,0,chr10:29517575:spleen:0,TN,0
1.47495,2.717219,0.934957,-0.91184753,0.6250134,0.17821218,0.45565104,-0.2896139,0.7812297,-0.48462287,0,chr7:76299979:body_of_pancreas:0,TN,0
-2.0557802,-0.49965867,1.5704746,-0.47302246,0.9147627,-0.014285299,0.72346216,0.2915379,0.36168632,0.055460744,1,chr8:41651698:thoracic_aorta:1,FN,0
1.5392079,1.746073,-1.3395495,-0.47083524,0.8014131,0.6853081,0.7234976,-0.19681694,-0.49486962,1.3997017,0,chr12:121711004:body_of_pancreas:0,TN,0
6.8770547,-0.40506816,0.4230803,-0.11791635,-0.44815686,-0.5278505,-0.26200372,-0.026619563,-0.030468326,0.10187832,0,chr9:42974893:transverse_colon:1,FP,1
-2.9087548,-0.72810173,0.97280914,-0.78751665,0.050922047,0.50143546,-0.18628824,-0.818579,-0.19219165,0.02354687,1,chr5:308944:prostate_gland:0,FN,0
3.1120546,0.5467729,-0.46391416,0.41277012,-0.022350095,0.6763347,0.05591333,0.25642234,0.052808676,0.5419243,1,chr12:127060663:transverse_colon:0,TP,1
-2.7923152,0.11952984,1.2268108,-0.6098762,0.6255715,-0.14306118,-1.1794072,-0.66394335,0.05519202,0.5250239,0,chr21:31866487:spleen:0,TN,0
-0.5032522,0.38613546,-0.15583627,0.11466994,-0.5194838,0.5461198,0.9706351,-0.13916443,0.52343845,-0.0704434,1,chr6:53956277:adrenal_gland:0,FN,0
-3.0172586,1.0238924,0.51318717,0.75271714,0.22821367,-0.45632064,0.021925295,0.39395332,-0.045511022,0.071683265,0,chr2:74465519:upper_lobe_of_left_lung:0,TN,0
-3.0424538,0.77092975,0.7630976,0.5410254,-0.6287167,-0.41486734,0.022509774,0.21189025,-0.36746076,-0.003980036,0,chr6:24721068:body_of_pancreas:0,TN,0
3.904523,2.455274,0.2671549,-0.5043883,-0.56124866,0.031468328,0.89778227,-0.7715841,0.7148348,1.3893838,1,chr12:36028102:testis:0,TP,1
7.0179124,0.43651268,0.9600879,0.009642782,-0.9735303,-0.42962745,0.3234069,-0.3584623,-0.019164018,0.54583365,0,chr15:21284673:tibial_artery:0,FP,1
5.887553,-1.2960075,-0.13060772,0.17578018,-0.24184714,0.070012756,-0.46440342,0.27274668,-0.07697316,-0.2665902,1,chr6:29705705:sigmoid_colon:0,TP,1
-3.0912843,-0.024912175,0.24517414,1.127744,0.50449264,-0.369922,-0.0637634,-0.21240889,0.074292496,0.5941352,1,chr16:1773442:body_of_pancreas:0,FN,0
-2.4427,0.042364523,1.8185905,-1.6165113,0.33846393,0.2547285,0.008034949,-0.4577877,-0.5024465,0.27887425,0,chr14:106062065:sigmoid_colon:0,TN,0
2.7873268,-0.9661811,0.9001968,0.9308472,0.014800196,0.57794726,-0.17829038,-0.13382047,0.07941482,0.13427606,0,chr20:34537135:Peyers_patch:0,FP,1
3.441756,-0.39738414,0.5190361,0.42172012,0.30924097,0.8047351,-0.08088017,0.14377879,1.0063448,-0.568685,1,chr15:31200859:adrenal_gland:0,TP,1
-1.7842611,0.5795447,-1.6206671,-0.97199523,-0.07402283,0.5433595,0.20228072,0.488719,-0.01162181,0.7601105,1,chr5:123274158:gastroesophageal_sphincter:0,FN,0
-3.1834211,0.7352499,0.3630075,1.1357949,-0.06408046,-0.9125333,-0.4731859,0.65376663,0.4873298,0.4744058,0,chr19:41564934:upper_lobe_of_left_lung:0,TN,0
-3.240442,-0.50222266,0.80599576,0.008767947,-0.25367677,-0.6558712,0.11478785,-0.013747143,-0.22543582,-0.36580658,1,chr10:84139494:tibial_artery:0,FN,0
-2.2292297,-0.29632598,0.32166922,1.3624201,0.43959418,0.3330859,0.14632739,-0.44613,0.3690964,0.6640444,0,chr16:14302579:upper_lobe_of_left_lung:0,TN,0
3.0923789,-0.07958472,-1.1751684,-0.25542167,0.48015815,0.63120764,0.08446154,0.12747073,1.8345898,0.6461228,0,chr9:43171156:spleen:0,FP,1
6.888784,0.10890028,0.6590487,-0.024413189,-0.761082,-0.37630644,0.11302781,0.06633864,-0.20705578,0.34228486,1,chr17:43360096:testis:0,TP,1
-0.6511676,0.856797,-1.5136276,0.3397775,-0.6575146,0.45416048,-0.0021899452,-0.038771346,-0.3123726,-0.5749326,0,chr8:73657304:prostate_gland:0,TN,0
1.5148423,2.789184,-0.8394332,-0.7109571,0.52569556,-0.19127706,0.82862467,0.099537484,0.3544768,1.4388257,1,chr3:92379347:transverse_colon:0,FN,0
-3.1429124,-1.0522798,0.5219842,-0.82926244,-0.5468746,-0.33990037,-0.6773852,-1.0540714,0.123084396,0.4071024,0,chr18:58181020:gastroesophageal_sphincter:0,TN,0
5.2435136,-0.38569424,-0.9200452,-0.79116315,1.2154478,-0.8409364,-0.7494538,0.42853212,0.16691874,-0.7244279,1,chr15:77077965:gastrocnemius_medialis:0,TP,1
3.1952422,-2.0394804,0.07410359,1.8127537,-0.37949538,0.73282313,0.042252176,0.70578015,-0.043813366,0.1972308,0,chr5:138352584:esophagus_squamous_epithelium:0,FP,1
-3.2581182,-1.2393476,0.59694225,-0.8572236,-0.33573702,0.37755132,-0.641949,-0.89092547,0.3149989,0.624746,0,chr15:65304945:upper_lobe_of_left_lung:0,TN,0
4.471325,-0.8199949,-1.1812023,-0.8727955,0.76170766,0.32012826,-0.21459837,0.60714996,0.44195727,-0.024544489,1,chr1:91927192:adrenal_gland:0,TP,1
-3.5380173,-1.5519432,0.985467,-1.5085772,-0.49304074,0.4910542,-0.26940078,0.45514646,-0.60166717,0.3061171,0,chr9:83372621:body_of_pancreas:0,TN,0
-2.6186106,-0.84493446,-0.7296982,0.9685443,-0.6102452,0.83054453,-0.416262,-0.39742196,0.55587554,0.15480354,1,chr9:83219701:body_of_pancreas:0,FN,0
5.81289,-0.62932014,0.049424358,-0.124737956,-0.007713674,-0.83157605,0.25707945,-0.3287413,0.077485085,-0.096825704,1,chr14:30690707:transverse_colon:1,TP,1
-2.590052,-0.05906166,0.40983132,1.3932824,1.0134664,-1.2129554,-0.25974563,-0.15893956,-0.028172746,0.36495936,0,chr7:1138328:esophagus_muscularis_mucosa:0,TN,0
-0.85961676,1.1063437,-1.3261493,-0.17236015,-0.22191954,-0.50284225,-0.38346976,0.12448267,-0.40511575,-0.46976998,0,chr10:87203579:omental_fat_pad:0,TN,0
-2.3196087,-0.69137096,2.0172021,-0.6200003,0.24268758,0.4867604,-0.005232626,-0.5442799,-0.5416885,-0.1780552,0,chr1:16741094:upper_lobe_of_left_lung:0,TN,0
5.269122,-1.1626785,-0.40279672,-0.19750679,0.33469722,-0.82195467,-0.4692306,0.012837713,-0.17272247,-0.15074985,1,chr9:129437413:body_of_pancreas:0,TP,1
-2.3200588,-1.7367129,0.37221035,1.1119004,1.5586233,-0.6172164,0.7081228,-0.40836525,-0.1502015,0.67611223,1,chr8:28701937:tibial_nerve:0,FN,0
6.829675,0.6047496,0.5403656,-0.52548,0.46957484,-0.9059793,-0.37778664,-0.50362027,0.710161,-0.643606,1,chr19:1037869:thoracic_aorta:0,TP,1
0.4055628,0.4972618,-1.114277,0.3475081,0.23980011,1.0834352,0.6011228,0.34296846,-0.6104712,0.7095519,1,chr16:2874817:Peyers_patch:0,FN,0
-1.2812767,3.124587,0.11276246,-0.07211558,-0.13685092,-0.023161389,-1.3620493,0.5604959,-0.3690414,-0.5905574,1,chr10:14543432:tibial_artery:0,FN,0
-2.6948273,-1.4259043,-1.9896878,-0.44393647,-1.0681266,-0.06956621,0.51874846,0.3794153,0.9496612,-0.81275606,1,chr16:75402814:body_of_pancreas:0,FN,0
3.5995855,0.12374908,-0.95041597,-0.2569953,-0.609169,0.60373914,-0.35112914,0.39093173,-0.9663488,1.6426136,1,chr7:73725711:gastrocnemius_medialis:0,TP,1
-2.733233,0.44812602,0.48642385,0.14635904,-0.687993,-0.35613984,-0.14121282,-0.5838945,0.55156696,0.18263532,0,chr14:69818942:esophagus_squamous_epithelium:0,TN,0
-4.4266124,-0.7451304,-1.0189137,-0.062040992,-0.37318408,-0.15790282,-0.3048124,0.41728863,0.049950395,0.47592512,1,chr2:180255876:body_of_pancreas:0,FN,0
6.841221,-0.05313968,0.12510024,-0.5218419,-0.30400765,-1.1190451,0.115633264,-0.08562419,-0.3052474,0.106002115,1,chr17:23044492:thyroid_gland:0,TP,1
-1.8783512,1.047118,-2.142349,-0.1299542,0.3212201,0.17405343,0.08191289,-0.12736547,-0.27721745,0.71317554,0,chr6:79693099:body_of_pancreas:0,TN,0
-1.8254957,2.8177028,0.038812898,0.35110602,-0.6544179,-0.43795946,-0.94388527,0.23318009,0.19396198,-0.623465,0,chr7:4479690:upper_lobe_of_left_lung:0,TN,0
-3.7685103,-1.7951496,0.45414937,-1.0374954,-0.06621762,0.19678897,-0.08038233,-0.66838443,-0.58379096,0.7081898,0,chr2:71072083:upper_lobe_of_left_lung:0,TN,0
-1.5830886,-0.0013575531,1.8612673,-2.2547266,-0.15951902,0.43642238,-0.5039417,-0.54098165,-0.41678178,0.08795631,0,chr4:104860777:thoracic_aorta:0,TN,0
-1.5195308,3.0378704,-0.67514795,-0.18494004,0.13546683,-0.08812646,-1.3743522,0.75620794,-0.18088317,-0.45793578,0,chr3:32144516:tibial_artery:0,TN,0
-2.0722058,1.2808065,1.3684821,1.1131661,0.07491322,-0.5950958,0.042992096,0.7844747,0.32171237,-0.024634555,1,chr6:39725494:gastrocnemius_medialis:0,FN,0
-2.6862915,0.5984245,0.3515144,-0.872828,0.24589063,0.78109163,0.47190243,-0.056020238,0.38507414,-0.32556036,0,chr6:143818426:sigmoid_colon:0,TN,0
-0.8922058,1.777794,-1.343311,-0.6257267,0.96684676,1.123595,-0.23424806,0.16651963,0.40798587,-0.35426226,1,chr21:27759341:body_of_pancreas:0,FN,0
5.898349,-0.8526535,-0.25987884,-0.1308562,0.40050873,-0.44937244,-0.5134831,0.3089014,0.29355252,-0.57965475,1,chr6:169968986:body_of_pancreas:0,TP,1
-1.8207395,0.6789589,2.4759603,-1.5537969,0.29206833,0.016765257,-0.40146488,-0.36920333,-0.2005633,0.33481395,0,chr5:32490176:thoracic_aorta:1,TN,0
3.3323174,-0.3529679,-1.2697375,-1.2721448,0.56176585,-0.25382116,0.42820933,0.18670797,-0.5230533,0.4042545,1,chr18:39262464:body_of_pancreas:0,TP,1
5.2247543,2.397635,0.5711439,-0.34478864,-0.89514583,-0.43796104,1.7668532,-0.49563754,-0.9242547,1.4206071,1,chr11:121379406:body_of_pancreas:0,TP,1
-1.393732,2.5260267,-0.58637387,-0.3581433,0.17499617,0.39269006,0.29710954,-0.024114331,0.82777697,-0.07207503,1,chr2:38555382:Peyers_patch:0,FN,0
-2.8178163,0.060978834,0.9012766,0.076203674,0.23804863,-0.019467052,0.33177072,0.71656823,0.5162131,-0.13291037,0,chr10:17201351:prostate_gland:0,TN,0
-2.2569175,0.84017307,-1.4000206,-0.7684727,0.25991222,0.36692172,0.6250126,0.27947834,0.34228987,0.4246395,0,chr15:99104308:thoracic_aorta:0,TN,0
-3.0018358,0.20257722,0.8601385,0.76738644,0.20328301,-1.011592,-0.1392485,-0.3601606,0.25113434,0.52063704,0,chr14:77800247:esophagus_muscularis_mucosa:0,TN,0
-2.6919556,1.7319784,0.37950334,0.6470523,0.101630226,-0.1995485,-0.6364232,0.14001693,0.39176223,0.3057816,1,chr8:41651698:tibial_artery:1,FN,0
-1.6508583,0.6370663,0.051246684,1.5456206,-0.9723033,0.50042564,-0.3242697,-0.47311434,0.10097265,-0.33029383,1,chr11:1652791:tibial_nerve:0,FN,0
-2.5747306,0.9840368,-1.5760261,-0.11897341,0.61943936,-0.22412272,0.2603373,-0.23402031,-0.62375885,0.18803574,0,chr17:57597696:body_of_pancreas:0,TN,0
-3.059347,-0.4562657,-1.2931901,-0.1877974,0.51463217,0.48715892,0.7510616,0.6974272,-0.2043734,-0.3992692,0,chr8:26291122:prostate_gland:0,TN,0
3.8711095,-0.24371919,-0.5521012,0.19415846,0.25441125,1.2975079,-1.0216038,0.7976573,-0.23821856,2.0683944,1,chr19:21484173:body_of_pancreas:1,TP,1
-3.9145138,-1.4098417,-0.4774012,-1.1970782,-1.1543832,0.23170085,0.11012267,-0.24590932,-0.26759022,-0.15308905,0,chr10:59705954:body_of_pancreas:0,TN,0
-0.9054329,-0.1947782,-0.62648326,0.010633462,0.3820369,-0.06348094,1.196211,0.04413752,-0.62358725,-0.8217069,0,chr19:3336819:adrenal_gland:0,TN,0
-3.3131597,-1.6108663,-0.758924,0.9464508,0.536435,-0.72342783,0.25290683,-0.11746176,0.3851158,0.57164735,1,chr2:101253125:body_of_pancreas:0,FN,0
-2.3220398,0.842788,1.3809463,0.9284441,0.08389196,-0.6020667,-0.2872252,0.58029836,0.7127058,0.52216744,0,chr12:46268701:transverse_colon:0,TN,0
-2.047031,1.1917975,0.9829718,0.6900412,0.18463376,-0.1686264,-0.32352126,-0.15157305,0.15435402,-0.071328156,1,chr9:128922556:tibial_nerve:0,FN,0
-1.5292525,-2.0153978,-0.6318837,-0.07797378,-0.4197443,1.3088238,0.59938437,0.43523803,0.63345987,-0.29972166,0,chr9:70510308:transverse_colon:0,TN,0
-2.6652591,0.46049967,0.30827567,1.4232675,-0.63258153,-0.9827264,-0.34224528,0.92484164,-0.10620234,-0.33564997,0,chr19:9435674:suprapubic_skin:0,TN,0
0.9648013,-1.524401,0.31559002,1.2012249,1.9161141,-0.27328962,0.04834836,-0.18255566,0.0053789583,-0.21530584,0,chr6:31271600:body_of_pancreas:0,FP,1
-1.1405746,1.2678986,1.2122477,1.6924932,0.9389643,0.1106289,-0.39193508,-0.51320815,0.38012996,-0.33507174,0,chr19:35717320:thoracic_aorta:0,TN,0
7.183327,0.24478686,0.7303186,-0.17722699,-0.40240243,-0.6842858,-0.016632095,-0.24232773,-0.29373994,0.1633904,1,chr3:75785609:sigmoid_colon:0,TP,1
-2.6564286,0.5863724,1.8016173,0.11524651,0.24607147,-0.33219662,0.024835244,-0.43840834,-0.35192654,0.4554308,0,chr22:50563002:omental_fat_pad:0,TN,0
-1.8354754,0.19023558,0.5604421,-0.035108276,0.6481715,-0.52222097,0.16535136,-0.03915147,-0.37422457,0.38491917,0,chr17:21765869:body_of_pancreas:0,TN,0
4.6104174,-0.25489295,0.055060703,-0.01622919,0.23734489,0.2565363,0.8445954,0.6667416,0.5436059,-0.8307041,1,chr15:31200859:body_of_pancreas:0,TP,1
-2.7496133,-0.90967673,1.7238505,0.21934943,0.84436315,-0.1274528,0.6081535,0.24496606,-0.43090376,0.4275556,0,chr19:9914785:gastroesophageal_sphincter:0,TN,0
-2.7914355,1.9507079,-0.3984295,0.15463632,0.1983136,-0.08538581,-0.7048852,0.3012212,0.09328301,-0.18173197,0,chr5:122516551:body_of_pancreas:0,TN,0
4.6309714,-2.382802,-1.1123377,0.091683134,-0.028783897,-0.6973904,-0.29653868,0.078834936,-0.2882237,-0.5325955,1,chr12:121918386:prostate_gland:1,TP,1
-3.285641,-1.1858377,0.2826075,0.035328683,0.35070875,-0.04642544,0.20687002,-0.3513344,-0.28233054,0.15685412,0,chr19:15641086:Peyers_patch:0,TN,0
-1.8113583,-0.6201255,0.89880514,0.43896803,1.2360891,0.04817777,0.4433224,-0.4178181,0.68073016,-0.38988468,1,chr3:9862475:gastroesophageal_sphincter:0,FN,0
-2.8279858,-0.54300445,0.2883712,-0.5538562,-0.5704342,0.2776394,-0.31067923,-0.791036,-0.22720057,-0.69947344,0,chr14:91286688:spleen:0,TN,0
-4.0638323,-0.8799398,-0.34160537,-0.37254488,-0.9172123,-0.20127217,0.3504662,0.5792687,0.31571597,-0.54119575,0,chr16:75402814:esophagus_muscularis_mucosa:0,TN,0
-3.4147234,-2.1355896,0.3150076,0.4863091,0.8351498,-0.33588117,1.2077067,0.8952859,-0.16524751,0.13606842,1,chr9:33447548:transverse_colon:1,FN,0
5.3465037,2.135327,1.0053544,0.72228724,-1.3842922,1.1013268,0.590269,-0.5425424,0.31681082,0.99321455,1,chr6:43386692:prostate_gland:0,TP,1
4.238699,-2.055035,-0.22733329,1.0456651,-0.41460675,0.5589966,-0.29836702,0.2714484,-0.20031847,-0.4750334,1,chr19:47436804:prostate_gland:0,TP,1
1.2916275,0.6079722,-0.20345695,-0.2387558,-0.058849573,1.6690735,-0.22608252,-0.058544844,1.0889763,-0.182518,1,chr16:21935488:esophagus_squamous_epithelium:0,TP,1
-3.3270051,0.9328091,-0.026306251,0.0512179,-0.8806074,-0.8743218,-0.9946893,0.49435467,0.6291608,0.22487469,0,chr21:21374306:adrenal_gland:0,TN,0
-2.3205495,0.2166437,0.21022096,-0.74212235,0.14227879,0.24637474,0.98485804,0.9448665,0.35009485,0.1119283,1,chr1:244014970:body_of_pancreas:0,FN,0
0.8461845,1.1379927,-1.4711004,-0.44520095,0.662933,0.08634889,1.424172,0.42185906,0.90280807,0.5707975,1,chr2:93976867:spleen:0,FN,0
-2.6541364,1.4030013,-2.178483,-0.8366284,0.77583194,0.24719307,-0.454603,0.14664784,0.03698796,0.749273,0,chr2:34554861:upper_lobe_of_left_lung:0,TN,0
-1.694882,0.4336245,2.2333615,-1.534029,0.6351021,0.37388945,-0.48017895,-0.59383404,0.09947656,0.42278346,1,chr6:131199853:spleen:0,FN,0
5.7878056,-0.67974,-0.42034072,-0.31826666,0.8344062,-0.7182142,-0.5860768,-0.26076788,0.3867175,-0.88206714,0,chr22:50278050:esophagus_squamous_epithelium:0,FP,1
-1.6552763,1.4323167,-0.51623356,-0.5705368,0.06963949,0.5997589,0.47409403,-0.61979395,-0.4905,-0.34310216,0,chr4:119300029:gastroesophageal_sphincter:0,TN,0
0.02383967,-0.22652772,-1.125834,0.48006746,-0.8480333,0.120948836,0.21712069,-0.8810492,-0.408494,-0.15178166,1,chr1:15128695:esophagus_squamous_epithelium:0,FN,0
6.152341,-0.9354301,-0.019173212,0.27486828,-0.24155898,0.021372069,-0.6964263,0.2076543,-0.29467794,0.027786339,1,chr17:45585364:prostate_gland:0,TP,1
5.9349923,-0.30854785,-0.44596744,-0.5614153,0.2653441,0.28404838,-0.27054173,0.16535461,0.15258583,0.24608326,1,chr19:8905403:body_of_pancreas:0,TP,1
-2.3114116,-1.2770317,0.77708155,1.3641264,0.66676116,-0.41485435,0.96247816,-0.2269252,-0.26253563,0.2110139,0,chr10:130190730:prostate_gland:0,TN,0
-1.8870776,0.9781279,2.01943,0.22620313,1.1338156,-0.45728645,0.19901824,0.31196687,-0.1887115,-0.008844096,0,chr15:64989852:upper_lobe_of_left_lung:0,TN,0
6.5401735,-0.27944773,0.16684254,-0.33663684,-0.12012688,-1.0054867,-0.13840115,-0.15037188,-0.14464223,-0.115137905,1,chr11:47642443:esophagus_squamous_epithelium:0,TP,1
-2.6089668,1.3749254,-0.27682662,0.95725757,-0.6960901,0.051070206,-0.49579838,-0.38893965,0.10519107,-0.3683741,0,chr17:82494715:spleen:0,TN,0
2.1949053,-1.3919753,-0.87950677,1.3267821,-0.16400202,0.60920495,0.2234621,0.19161601,-0.2510079,0.047644433,1,chr1:20575428:spleen:0,TP,1
-2.7402272,1.011322,0.5499993,1.181494,-0.012002061,-0.4920197,-0.355605,0.17595004,0.22882774,-0.0075741517,1,chr6:39725494:transverse_colon:1,FN,0
3.750781,-0.7244729,-0.89087135,-0.8527686,1.918215,-0.18297255,-0.6655543,0.41124478,0.4338759,-0.35549846,1,chr17:79827402:body_of_pancreas:0,TP,1
-2.6418195,-0.86096346,1.5725161,-1.2211698,0.27195677,-0.021441476,0.22383277,0.27008724,-0.30945468,0.16790149,0,chr14:54840085:upper_lobe_of_left_lung:0,TN,0
6.0803895,-0.46734235,0.13915576,0.38542816,-0.011524406,0.29733154,-0.23807494,-0.14681388,-0.07065817,-0.2503311,0,chr9:129438019:transverse_colon:0,FP,1
4.4563375,-0.100063525,-0.80785155,-0.74055463,0.8203333,-0.028082563,-0.16141316,0.7891654,-0.35752225,0.9035458,1,chr1:91927306:adrenal_gland:0,TP,1
-1.1976836,3.073647,0.4628954,0.6275997,-0.39772657,-0.27187282,-0.844768,0.6071112,0.092596665,-0.6182159,0,chr14:54903402:upper_lobe_of_left_lung:0,TN,0
-2.3013704,-1.1464387,1.3177539,-2.5513437,-0.21556215,0.35116786,-0.37117526,-0.50235283,-0.4834986,0.14549293,0,chr6:148200365:body_of_pancreas:0,TN,0
-3.8492484,-0.872986,-0.71789986,-0.23526984,-1.2439523,-1.0909294,-0.3227478,-0.51622814,0.3450416,0.04074942,0,chr12:19757428:esophagus_muscularis_mucosa:0,TN,0
-2.7164264,0.7071063,-0.14608742,1.2476168,0.9372944,-0.33780712,-0.0206547,-0.5896594,-0.07393356,-0.14542462,1,chr10:124389232:prostate_gland:0,FN,0
6.1589913,-0.36172187,0.045790203,-0.33894196,0.13528852,-0.93147355,-0.360516,-0.15885073,-0.083728276,0.0886247,1,chr9:129437413:upper_lobe_of_left_lung:0,TP,1
4.3177886,-0.18051963,-0.79577,0.38030764,0.3064611,0.68813205,-0.4257509,0.72679335,-0.17692155,-0.09301435,1,chr10:96641123:body_of_pancreas:0,TP,1
2.4554536,-1.7408471,-1.2791348,1.1020885,-0.9790697,1.4674528,-0.87060606,0.22528698,0.2220587,0.16938357,1,chr6:43386692:spleen:0,TP,1
0.6358789,2.155702,-1.258692,-0.94994044,1.0020506,-0.42900288,1.6580305,0.50709546,1.0006733,0.923131,1,chr2:92954336:testis:0,FN,0
-3.3062766,-0.07916754,0.35796183,1.1160523,0.37662256,-0.87934446,0.3239163,0.02341019,-0.52997017,0.27713418,0,chr13:48001155:prostate_gland:0,TN,0
6.9480953,-0.07722039,0.32292306,-0.5273904,-0.48118886,-1.1539944,0.02023668,-0.15623368,-0.38542393,0.13188393,1,chr17:23044492:spleen:0,TP,1
2.9418054,0.31735018,0.3047896,-0.09453017,-0.26913488,0.6038351,0.47311214,-0.86598057,0.7167113,-1.1693249,0,chr16:3131994:prostate_gland:0,FP,1
2.5844553,0.67754686,0.011051005,-0.613174,-0.2319578,0.7196291,1.0412276,0.1875697,-0.51230794,-0.43734163,1,chr8:30230823:transverse_colon:0,TP,1
-0.57942635,0.5301989,1.94665,-0.2015496,1.1217691,0.3302286,0.40229067,0.08581131,-0.16924267,-0.28045613,1,chr14:94129651:transverse_colon:0,FN,0
6.3244205,0.31195357,0.58872694,0.31597823,-1.0644045,0.4532268,0.37863815,-0.019070556,-0.50847775,1.1109433,1,chr12:48753691:thoracic_aorta:0,TP,1
-2.2229521,2.2100422,-0.84517556,-0.61039186,0.6499423,-0.07405101,0.2028684,0.31749904,-0.22381347,-0.4575703,0,chr10:95539608:thoracic_aorta:0,TN,0
-4.6485476,-3.3805413,-1.748125,-0.9721154,-0.49531922,-0.29561183,-0.1550359,-0.2588148,-0.69086546,0.55588186,1,chr9:127348292:body_of_pancreas:0,FN,0
-2.5136259,1.2064388,1.0439186,0.4276909,-0.29527828,-0.29816818,-0.21452957,-0.21393505,0.3877714,0.19803745,0,chr10:29449249:Peyers_patch:0,TN,0
-0.55678827,1.3671046,-1.1393133,-0.48800457,0.44405416,1.170904,0.47752562,-0.049688566,-0.31863195,-0.88789546,1,chr8:133011242:thoracic_aorta:0,FN,0
-3.3539882,-1.3640767,0.1570798,-1.2935241,-0.18598296,-0.023527833,-0.35460883,0.14259423,0.37684003,0.41167822,0,chr7:48425047:transverse_colon:0,TN,0
-2.5071566,0.6012457,2.0476043,-0.47524193,-0.12747505,0.18744098,-0.2488632,-0.25682932,-0.24550794,0.29949784,1,chr10:43667432:tibial_artery:0,FN,0
-2.385681,1.184169,-0.03486866,-0.17333539,0.063500516,0.5424636,-0.51494133,0.06105841,-0.7121969,-0.2190017,0,chr11:16987057:transverse_colon:0,TN,0
-1.592548,2.2654998,1.770656,-0.4509064,-0.13309851,-0.017637905,-0.4862095,0.8404525,0.7391849,-0.33180383,0,chr11:71580443:tibial_artery:0,TN,0
4.2213354,-1.538405,0.13208264,0.66959,-0.49571794,0.6125505,0.04423278,0.79073095,-0.007950222,-0.09895989,0,chr22:28009558:esophagus_squamous_epithelium:0,FP,1
-2.6638205,0.4182128,1.5286617,0.89350307,0.14128347,-0.43326756,0.21199654,0.9901736,-0.42484036,-0.049247973,0,chr2:176002027:tibial_nerve:0,TN,0
-2.9163456,-1.4922816,0.3995037,-1.1477282,-0.03390464,0.49950376,-0.38593197,-0.76216465,-0.7955087,0.24979971,0,chr10:102596601:prostate_gland:0,TN,0
-1.0061536,0.16101447,1.1848049,-0.7686518,0.726348,0.27042425,-0.54889524,-1.5146811,-0.6554589,0.25953904,1,chr20:60481496:upper_lobe_of_left_lung:0,FN,0
-3.5662236,-0.45073438,-2.938905,-0.38586605,0.7964243,0.5061648,-1.2515392,1.1708682,-0.23061517,0.49829707,0,chr7:25603388:tibial_artery:0,TN,0
-3.909681,-2.7254622,-0.91873366,-0.28657192,-0.9449754,-0.19361702,-0.066169724,-0.27644473,0.5849978,-0.23188552,1,chr15:33735817:esophagus_squamous_epithelium:0,FN,0
-3.20867,1.0361139,-0.18585898,0.9588359,-0.10938063,-0.19881524,-0.6438023,0.74156326,0.50387156,0.29700553,1,chr14:59576853:body_of_pancreas:0,FN,0
-3.4876373,-1.6951281,-0.7575575,1.1552516,0.33607417,0.2450515,0.26165304,-0.9292399,0.21433614,0.5608084,1,chr8:41651698:Peyers_patch:0,FN,0
7.0644197,0.7458089,0.69875795,-0.48301637,-0.53411096,-1.0899984,0.64764076,-0.70045364,0.13042706,0.73839796,1,chr17:25579422:sigmoid_colon:0,TP,1
-3.311556,0.98949045,0.2868273,0.17127071,-0.8852856,-0.75302124,-0.86583185,0.38796115,0.051821604,-0.21346633,0,chr8:140831477:body_of_pancreas:0,TN,0
-1.2274882,1.3316127,0.31299007,0.12927918,-0.5986528,-0.19462845,0.6931686,1.3873641,0.5644735,-0.5187239,0,chr16:75385474:transverse_colon:0,TN,0
-2.601493,-0.3460099,0.46669677,0.05779339,0.16734995,0.44077036,-0.024930019,-0.01212085,0.019287242,0.14512523,0,chr12:117685539:prostate_gland:0,TN,0
-0.79284155,1.0848106,-0.23884508,-0.5318146,-0.15120111,1.2232077,-0.072771266,-1.1394206,0.8448109,-0.2467139,0,chr6:53956277:sigmoid_colon:0,TN,0
-2.5398126,1.1883448,-1.3880671,-0.76486385,0.9337515,0.65986204,-0.11925443,-0.57560956,-0.64375436,0.19065292,0,chr7:148963880:transverse_colon:0,TN,0
6.5361223,-0.77379304,0.0040839124,-0.19055204,-0.10454009,-0.495444,-0.7869306,0.2104675,-0.13004667,-0.06581219,1,chr3:75785419:esophagus_squamous_epithelium:0,TP,1
2.9101639,0.47140065,-1.2186365,-1.0159963,1.2041142,0.3585893,0.19297831,0.21212617,1.4283859,0.86812747,0,chr9:43171158:transverse_colon:0,FP,1
1.054504,0.60679454,1.1224843,1.4106178,-0.16677563,0.36701462,1.360265,0.15758783,-0.4312611,-0.34957078,0,chr17:4710334:tibial_artery:0,FP,1
-0.84096164,1.4160584,-1.7998116,-0.77823067,-0.16178903,-0.009715432,1.1791482,-0.11997368,-0.6751887,0.6958642,1,chr11:95351052:body_of_pancreas:0,FN,0
6.5196886,0.4466455,0.8000379,-0.38157052,-1.1834974,-0.73460823,0.6367271,-0.63926095,-0.019353198,0.5352432,1,chr4:98093069:prostate_gland:0,TP,1
3.9044187,2.4638073,0.23757367,0.2170409,-0.29027098,0.7752338,0.26866987,-0.19166967,-0.029682962,0.5554081,1,chr13:34747863:transverse_colon:0,TP,1
-1.1542816,1.9649727,-1.1863045,-0.21554178,0.5806826,0.48456648,-0.40038413,0.5516127,-0.07503692,0.2261382,0,chr11:76920284:suprapubic_skin:0,TN,0
-0.47117546,1.1103246,-0.70656407,-0.4716446,-0.19461,0.2644816,1.2927518,-0.13793594,-0.35383978,0.4450165,0,chr22:26518868:body_of_pancreas:0,TN,0
-0.52343696,2.3353894,-0.86716783,0.91413206,-0.33298892,1.1296903,0.22786632,0.2552699,-0.42999864,-0.2081244,1,chr19:45427778:gastrocnemius_medialis:0,FN,0
6.5271673,0.17056113,0.7191687,-0.17919207,-0.9416421,-0.60486555,0.08578786,-0.44512022,0.0006147276,0.17540002,1,chr4:98093069:upper_lobe_of_left_lung:0,TP,1
-1.2841979,2.8927016,-0.20523721,0.07506902,-0.5105431,-0.61021453,-1.2888283,0.45182595,-0.13866904,-0.56545496,0,chr1:101520649:body_of_pancreas:0,TN,0
3.0116467,-2.728212,-0.6497566,1.3291539,-0.3692712,1.1623644,-0.43037254,0.2440056,0.32463786,-0.08238942,1,chr1:20575428:suprapubic_skin:0,TP,1
-2.9875793,-1.4182106,-0.017103976,-2.2454197,-0.56975126,0.1612544,-0.09297204,-0.31343433,-0.4050892,-0.17470858,0,chr2:160429708:transverse_colon:0,TN,0
-3.359885,-0.21932283,0.10856339,0.7633985,-0.2909004,-0.3729517,-0.38824508,-0.09497748,0.53543687,0.3796894,1,chr9:83219701:sigmoid_colon:0,FN,0
6.8418007,0.29001006,0.88171846,0.46959814,-0.72104526,-0.27954295,-0.10323278,-0.19310106,-0.13999583,0.01297462,1,chr3:75785609:tibial_artery:1,TP,1
-2.7971728,1.5319363,-0.8961306,0.33007935,-0.7020666,-0.72693294,-0.33164325,-0.5727731,-0.12366518,-0.67254347,0,chr6:43943813:upper_lobe_of_left_lung:0,TN,0
-4.541752,-3.179834,-0.48931655,-0.8617286,-0.53136224,-0.0776463,-0.022251738,0.15052217,-0.26344404,0.7027778,0,chr6:53927260:prostate_gland:0,TN,0
-1.2834126,3.2332945,-0.39196247,0.21905383,-0.030735055,-0.15555322,-1.1283549,0.3570608,-0.37398583,-0.4594241,0,chr2:120553360:body_of_pancreas:0,TN,0
3.4891076,-0.17324679,-0.4432306,-0.6231008,1.143126,-0.09717783,-0.47293705,-0.21412665,0.4581207,-0.12424477,0,chr1:230111058:body_of_pancreas:0,FP,1
6.467661,1.1948119,0.7706842,-0.07996361,-0.45373467,-0.54150677,1.071288,-0.41637242,0.026106399,0.10667602,1,chr7:63016031:spleen:0,TP,1
-0.084995426,2.9438252,-0.74787635,0.05664124,0.5478411,-0.38157207,0.97004735,-0.8224072,-0.7349744,-0.1829109,1,chr8:30486503:esophagus_muscularis_mucosa:0,FN,0
-1.4878411,0.6566947,2.3411405,-1.7698882,0.13151948,0.79663783,0.059291147,-0.27276468,-0.6163832,-0.29861322,0,chr1:203674144:Peyers_patch:0,TN,0
-4.040685,-0.20577885,0.6144396,-0.27653277,-0.44699633,-0.49086457,-0.6705424,0.36098367,0.13785172,0.42866534,0,chr18:58181020:stomach:0,TN,0
-2.5869212,0.11917927,-2.6993191,-1.0826738,0.89822596,-0.017758247,-0.48610932,0.87177426,-0.41038877,0.653473,0,chr6:4659653:sigmoid_colon:0,TN,0
-2.9645033,-0.8502785,0.83720857,-1.1651311,-0.12935746,0.23584285,-0.7300019,-0.35565788,0.07632501,-0.04170318,1,chr9:17531876:thoracic_aorta:1,FN,0
5.3228836,-1.4014144,-0.3131858,-0.4769124,-0.40680322,-0.19303168,-0.2046072,0.80266154,0.034101028,-0.3024683,0,chr9:20565941:prostate_gland:0,FP,1
-3.5875075,-1.5636318,0.9438168,-1.3246248,-0.33272913,0.021613957,0.031199338,0.14440778,-0.02185113,0.63498086,0,chr15:65304945:transverse_colon:0,TN,0
-3.2791789,0.9642895,0.026272735,0.7819458,-0.7733564,-0.7540366,-0.15375613,-0.19671868,0.040836398,-0.22277194,0,chr1:165592941:upper_lobe_of_left_lung:0,TN,0
-3.8444486,-0.35073918,-0.8230289,0.44434917,-1.0701455,0.06211644,-0.028597023,-0.49552137,0.6133355,0.03903505,0,chr15:45705730:gastrocnemius_medialis:0,TN,0
-1.8825697,-2.139888,0.571338,0.99138415,0.6988037,0.405381,0.05589428,-0.59164387,-0.73097545,0.18055616,0,chr10:127907784:tibial_nerve:0,TN,0
-3.166416,-1.3428775,0.5625795,-1.9104484,0.030660959,0.3349729,-0.1532202,-0.28579804,-1.0942427,-0.012055917,0,chr10:89531733:body_of_pancreas:0,TN,0
5.4425807,-0.9402042,-0.31067646,-0.13157435,0.34721097,-0.38483492,-0.49159312,0.2213784,-0.6164368,-0.11922196,1,chr9:61668518:gastroesophageal_sphincter:0,TP,1
-1.9665729,2.2350314,0.16657393,0.1429145,0.4002562,-0.05409897,-0.31338668,0.4125137,-0.082590364,-0.20672017,1,chr8:41651698:esophagus_squamous_epithelium:0,FN,0
-2.9869952,-1.5852419,1.1577982,-0.07169895,1.1079186,0.17065749,0.4859981,0.31058234,-0.52662855,0.078060225,0,chr17:75095056:transverse_colon:0,TN,0
6.995029,0.46402004,0.509216,-0.7100169,-0.22518024,-1.2504863,0.29372853,-0.69380057,0.19858375,0.2816368,1,chr17:25579422:thoracic_aorta:0,TP,1
-1.4852204,2.5032914,-0.009939999,0.89930594,-0.80176353,0.07066884,-0.0024795467,0.32924983,-0.07060988,-0.86091435,1,chr16:4548780:upper_lobe_of_left_lung:0,FN,0
-2.1859481,-0.49901664,0.44737902,1.638962,-0.8047496,0.4126967,0.1156369,0.57265687,0.65848345,-0.032214273,1,chr11:1652791:spleen:1,FN,0
-2.8340394,1.2269099,-0.7478001,0.034053493,-0.9892479,-0.698023,-0.24353139,-0.25631848,-0.29845265,-0.17846724,0,chr9:105426323:prostate_gland:0,TN,0
6.471443,-0.40124822,0.35348588,0.29998425,-0.37851793,-0.0109175155,-0.46801257,0.2321949,-0.26498383,0.2880164,1,chr17:45585364:esophagus_squamous_epithelium:0,TP,1
-1.7038517,-0.33426186,0.24106361,-0.5441894,-0.6325727,0.4524767,0.14854333,-0.70946544,0.7314947,0.14458816,0,chr1:108214824:spleen:0,TN,0
-2.3324935,0.57587546,1.359864,0.9441535,0.11737795,-1.0113076,0.7089556,0.54470265,-0.21063171,0.34894115,0,chr22:30387561:adrenal_gland:0,TN,0
-2.7087104,-1.379451,0.061851237,-0.76502633,0.03213364,-0.03711502,1.0393602,0.97982866,0.5627471,-0.56990105,1,chr1:222057506:body_of_pancreas:0,FN,0
-1.9104584,-0.9075606,-0.37082928,-0.9193113,-0.50651646,-0.39909884,-0.56295884,-1.041784,0.7756068,0.37466326,0,chr2:216110581:prostate_gland:0,TN,0
-2.9079828,0.93657374,0.867435,-0.3037933,-0.12574045,-0.18863349,-0.33135617,-0.22883745,0.57472247,0.33913517,0,chr8:54166457:body_of_pancreas:0,TN,0
-0.7784965,-2.6527758,-1.6124674,0.3773537,1.3479644,-0.7898639,-0.020494573,-0.46304563,0.31068054,-0.0698028,1,chr6:3259228:tibial_artery:0,FN,0
-1.7081811,0.22958097,0.6628604,0.34038553,0.69122446,0.43626145,-0.079037555,-0.6995388,-0.5741755,-0.120373875,0,chr9:89662294:Peyers_patch:0,TN,0
-2.2104933,1.8415037,0.26847333,0.7357089,-0.22201915,-0.22473049,-0.7207973,0.2976103,0.17527151,-0.047271933,0,chr14:22823038:esophagus_muscularis_mucosa:0,TN,0
-2.5827768,-0.15308139,1.001479,-0.87925166,0.39096573,0.3183458,-0.3052491,-0.49054003,-0.84525263,0.031518906,0,chr1:5598865:transverse_colon:0,TN,0
6.8111186,-0.3842357,0.18962836,-0.3379685,-0.028915761,-0.8353217,-0.42076066,0.01408865,-0.32865676,-0.25170037,1,chr3:75785609:esophagus_muscularis_mucosa:0,TP,1
6.911032,0.56106824,0.914395,0.038831424,-1.2410321,0.22017413,0.27054468,-0.2513146,0.09660945,0.6070995,0,chr4:36351521:adrenal_gland:0,FP,1
-0.866737,2.087286,-1.016271,-0.86909765,-0.2046424,-0.1980903,0.19180596,0.3663449,-0.51155263,-0.029489348,1,chr2:168375394:adrenal_gland:0,FN,0
1.3365643,-1.2239261,-1.9708436,0.85477895,-0.8126365,1.8820386,-0.4129377,0.51082337,-0.0922296,0.340065,1,chr6:43386692:thoracic_aorta:0,TP,1
4.2503834,-0.74015015,-0.35524952,0.34458327,-0.13910015,1.1887548,-0.8929904,0.7093386,0.036601704,1.683703,1,chr19:21484173:esophagus_muscularis_mucosa:0,TP,1
7.092009,0.9765402,0.79718417,-0.4465289,-0.60110396,-0.3101036,-0.27504873,-0.06525772,0.34141943,0.2725616,1,chr1:13277261:body_of_pancreas:1,TP,1
-1.9102118,0.63081795,1.5640403,-1.1792768,0.9891941,1.1271118,-0.43599796,-0.6566529,-0.24586275,-0.06998922,1,chr10:130547583:Peyers_patch:0,FN,0
-3.241558,-1.2718362,0.841453,-1.2105799,0.058983944,0.26117834,-0.13307652,0.19097704,-0.19462366,-0.26630235,1,chr9:17531876:tibial_nerve:0,FN,0
-2.686493,-0.93203366,-0.022325134,2.2197554,0.30959013,-0.65664697,-0.23421273,-0.30710533,-0.19312543,-0.2018633,0,chr7:66655047:thoracic_aorta:0,TN,0
-3.812795,-2.3154466,-0.9619661,0.36018714,-0.15317145,-0.72678375,-0.09143296,0.01755178,0.4077593,0.64339286,1,chr11:94305149:thoracic_aorta:0,FN,0
6.7300024,0.29905665,0.6853522,0.018619252,-0.38692847,-0.086957015,-0.11090866,-0.24376026,0.5541248,0.069464505,1,chr5:151298414:sigmoid_colon:0,TP,1
-1.2563282,1.2081302,0.36553818,0.47839534,0.7375274,0.80450577,0.86046606,1.1098294,0.72960794,-0.44115332,0,chr12:1659629:tibial_nerve:0,TN,0
6.6032434,-0.12260918,0.17899925,-0.5032016,-0.54710615,-0.23003848,-0.40060312,0.12524417,0.011585173,0.18750198,1,chr2:86221296:spleen:1,TP,1
6.214063,1.3482702,1.2718191,0.73643357,-1.5263394,0.907649,0.51926446,-0.51795244,-0.09241943,0.656592,1,chr6:43386692:tibial_artery:1,TP,1
-4.454118,-1.5352541,-0.99291533,0.39441264,-0.8636972,-0.20099257,-0.44944364,-0.45109594,0.42828113,0.3653284,0,chr17:50094413:thyroid_gland:0,TN,0
-1.8418629,1.4810063,0.34290972,1.13087,-0.43371376,0.52122605,-0.6105395,0.08191304,-0.17474677,-0.33697107,1,chr22:24259700:testis:0,FN,0
-3.8930042,-1.2419943,0.52165395,-0.5649936,-0.66674566,-0.58336884,0.15874559,0.24771321,0.034417227,-0.11573337,0,chr5:77491866:transverse_colon:0,TN,0
4.8538246,-0.49878645,-0.64780897,-0.7218983,0.37647825,-0.9981983,-0.3004146,-0.03576868,0.12716593,-0.8797434,1,chr17:43361240:thoracic_aorta:0,TP,1
0.36269665,0.006038049,0.9782546,1.4917951,-1.0265038,0.3793392,0.17078438,-0.90112776,0.13946845,-0.5558168,0,chr1:16513637:tibial_nerve:0,TN,0
-2.2565613,1.075457,-1.3038919,0.70718527,-0.7070036,-0.9780393,-0.37866434,-0.26552176,-0.2058107,-0.4030038,0,chr8:7397869:tibial_artery:0,TN,0
2.88988,0.91035706,-0.137922,-1.7088165,1.3811634,-0.21867716,0.7039434,1.0674205,0.9843602,-0.64231104,1,chr4:189687730:testis:0,TP,1
-1.6438555,-1.8541516,0.4863294,1.5410835,0.019315865,0.057804804,0.25933346,-0.7088912,-0.42884487,-0.007795881,0,chr1:94926416:esophagus_squamous_epithelium:0,TN,0
6.8636913,1.0076813,0.7396915,-0.5385942,0.34920675,-0.3285601,0.19560923,-0.41397166,0.4896007,0.31905168,1,chr22:24006061:thoracic_aorta:0,TP,1
-1.0256562,0.4532115,1.5847318,-0.43389264,1.4708751,1.0107061,-0.4839227,-0.7676524,-0.6964979,-0.31899953,0,chr1:30708226:prostate_gland:0,TN,0
6.6051536,-0.36677086,0.13303132,-0.40299577,-0.1256177,-1.1864287,-0.361219,-0.047429625,-0.22002825,-0.29367056,1,chr11:47642443:spleen:0,TP,1
6.1867824,0.15172955,-0.09478806,-0.91248286,0.71498346,-0.82051206,-0.11844097,0.016616583,-0.8083409,0.66216105,1,chr10:102568961:thyroid_gland:0,TP,1
-1.2087508,1.9114184,-1.448884,-0.6973557,-0.5207868,-0.33584735,0.38978112,0.06564977,-0.8522782,-0.07813815,0,chr7:157948473:body_of_pancreas:0,TN,0
-0.43631518,-1.6245421,0.5315905,-0.32233354,0.609004,1.519282,-0.1491014,-0.47769544,-0.54552376,-0.8401903,0,chr12:128388303:body_of_pancreas:0,TN,0
2.5309181,-1.4445997,0.6970064,1.5952061,-0.6912643,1.3549554,0.19610465,0.35306293,-0.18520242,-0.4136165,1,chr17:6654885:body_of_pancreas:0,TP,1
-0.991431,-2.016686,-0.12149795,0.7276424,0.89495033,0.21776275,0.23144944,-0.26126668,-0.33253258,-0.1395847,0,chr17:16836730:body_of_pancreas:0,TN,0
-1.1060755,2.8854153,-0.55080175,0.25519785,0.02471959,-0.0809621,-0.5989847,-0.42329767,-0.039299946,-0.32535133,0,chr2:231677997:body_of_pancreas:0,TN,0
5.6363277,-1.0657827,0.30348957,0.8430751,-0.8885944,0.7606208,-0.47314575,0.36458227,-0.40254116,0.51968354,1,chr7:78040381:tibial_artery:0,TP,1
-3.3053906,-0.7412219,-0.23269978,-0.53715396,0.29942822,0.85810846,0.17469653,-0.059090324,0.12638964,-0.08897981,1,chr9:128161761:body_of_pancreas:0,FN,0
-2.916408,-0.2760015,1.3756564,-1.4377557,0.12385381,0.5775622,-0.19397318,-0.6659777,-0.6179149,-0.10274118,0,chr8:140090684:body_of_pancreas:0,TN,0
4.058338,-0.8344089,-0.27956983,0.53463936,0.51760316,1.0931008,-0.41753727,0.7069804,0.05038064,0.31475487,1,chr13:20119527:Peyers_patch:0,TP,1
-3.1009343,-0.45014358,0.24309747,1.2943445,-0.1794635,-0.6273811,-0.039726626,-0.48112467,-0.108836144,0.5866316,0,chr6:32894511:Peyers_patch:0,TN,0
-2.6415138,-0.23247334,0.9936909,1.3718319,-0.27355644,-0.2412428,0.08482195,-0.04173024,-0.103021115,0.06950171,0,chr11:119107326:tibial_artery:0,TN,0
2.3630958,-0.108127154,-0.3692743,-1.2934121,0.05340917,-0.26001504,0.23491186,-0.702132,0.66325456,-0.83271205,1,chr7:95686086:body_of_pancreas:0,TP,1
-3.9535298,-0.38405547,-0.96896136,0.61514926,-0.6547824,-0.52666724,-0.39091617,-0.6954901,0.19944802,0.1211006,0,chr11:71788146:upper_lobe_of_left_lung:0,TN,0
1.2023063,0.27011138,-1.1654438,0.24326693,0.5219858,1.4430656,-0.374519,0.4125983,0.14340779,0.27411354,1,chr10:96641123:tibial_nerve:0,TP,1
6.1820045,-0.99084204,-0.14319144,-0.09569781,-0.46627477,-0.88479656,-0.035348702,-0.055532638,-0.59035665,-0.117069386,1,chr12:121918386:testis:1,TP,1
-3.7033408,-1.1169848,0.5399922,0.4947513,0.07396386,-0.047886536,0.043433715,-0.58621484,0.47084036,0.63802904,0,chr6:5261611:thoracic_aorta:0,TN,0
-2.0983026,0.3394638,1.6425747,-0.91032857,-0.4824194,-0.40547648,-0.3694369,-0.16705635,-0.06633218,0.19501723,0,chr6:82247063:body_of_pancreas:0,TN,0
0.7455884,1.5166253,-0.60971004,-0.8110229,0.6293703,0.63984907,0.29738963,0.43401903,0.86096853,0.5137633,0,chr9:75185632:transverse_colon:0,TN,0
4.448891,-1.4561498,0.19600354,1.7830158,0.07607547,0.9344394,-0.37210578,0.21155967,-0.46296576,0.34536022,0,chr6:41786631:suprapubic_skin:0,FP,1
-0.43600485,-2.1397464,-0.2218427,0.8589021,-0.63490105,0.06969637,0.9714188,0.046967447,0.022517294,-0.95466477,1,chr9:83219701:transverse_colon:1,TP,1
6.730565,-0.32417905,0.15505137,-0.38618308,-0.3474972,-1.095196,0.041459054,-0.19851215,-0.37740847,-0.13513733,1,chr17:22816782:transverse_colon:0,TP,1
-1.9873911,2.5463312,-0.060337417,0.53498423,-0.468149,-0.3366153,-1.2466245,0.30960768,0.16404626,-0.49656013,0,chr14:34228362:suprapubic_skin:0,TN,0
3.7548032,0.24077,0.09093681,0.39649478,-0.22646746,0.91686815,0.08101734,-0.40064225,1.4172341,0.1667115,0,chr2:32977143:prostate_gland:0,FP,1
5.395308,-0.93112534,-0.19343199,0.1286938,-0.21575384,-0.11747358,-0.20049988,-0.06655801,-0.5615571,-0.07400424,1,chr10:96641123:sigmoid_colon:0,TP,1
1.3681719,-1.7034514,-0.20162266,0.16459487,1.3989136,-0.38439432,0.54494464,-0.006411356,0.6302847,-0.55395734,1,chr16:579030:transverse_colon:1,TP,1
-2.664982,-1.3129636,1.3667796,-1.634224,0.09195164,0.371178,0.22233054,1.08836,-0.2718791,-0.5294322,0,chr6:105318017:tibial_artery:0,TN,0
-0.9031322,3.1678407,-0.5548332,0.105595596,-0.19225404,0.107227884,-0.59762007,0.3553105,0.09890841,-0.095110714,0,chr11:119031234:spleen:0,TN,0
-3.489807,-1.2327192,-0.47122052,-0.8315972,-0.6125592,-0.18292277,-0.7196522,-0.7555636,0.3967641,0.4711684,0,chr6:134447458:body_of_pancreas:0,TN,0
-4.1031265,-1.6367351,-0.14916429,0.45276046,-0.345923,-1.0945067,-0.039047223,-0.43880567,0.08138384,0.64060885,0,chr18:5237612:sigmoid_colon:0,TN,0
-1.4906695,2.94033,-0.14255717,0.18707615,-0.21298678,-0.10452324,-0.98972285,0.4290596,-0.0020956947,-0.26649147,0,chr2:113249588:transverse_colon:0,TN,0
5.581061,0.28287944,-0.13699988,-0.4251682,-0.4915098,-0.7220019,1.5890803,0.027366929,0.45425752,0.7641605,1,chr8:44636977:prostate_gland:0,TP,1
-1.2808156,2.4402273,-0.67835784,-0.54726845,0.94529223,-0.11717367,0.14409785,0.84837586,0.47124565,0.08486172,0,chr15:50314410:body_of_pancreas:0,TN,0
5.5698066,-0.9681783,-0.083681084,-0.74504954,0.0029378606,0.010646379,-0.33422616,0.3548571,-0.33384758,0.25256643,1,chr2:185166213:prostate_gland:0,TP,1
-1.3515812,1.8479577,-1.2184535,-1.0168777,0.6792097,-0.35561886,-0.23214139,0.29906532,-0.3006566,-0.016959136,1,chr18:56389368:thoracic_aorta:0,FN,0
-2.0372133,0.17469062,-1.7405381,-0.27351105,-0.83761775,-0.13479133,0.39699125,0.35784477,-0.5075157,0.15899871,0,chr8:101575030:transverse_colon:0,TN,0
-1.8661238,-0.12486929,1.3216405,-1.382644,0.06734423,0.15423574,-0.14109516,-0.7887587,-0.37764534,0.18251942,0,chr4:82739794:tibial_nerve:0,TN,0
-1.7463422,-1.2344675,-1.4367666,0.24548715,0.326863,0.4266583,0.8887147,-0.685235,0.060482737,-0.65694547,0,chr17:50297748:body_of_pancreas:0,TN,0
4.731181,-0.35201603,0.33401677,1.1790848,-0.05763345,1.3499925,-0.11601807,0.22076736,-0.038524203,-0.04455837,1,chr5:179213127:tibial_artery:1,TP,1
2.682757,-1.9300513,0.15935282,1.1757454,1.0751573,1.2401667,-0.8803723,-0.14956214,-0.16143756,0.026223259,0,chr5:108749453:tibial_nerve:0,FP,1
-1.9791479,-1.115311,1.2971878,-1.7594942,-0.46107522,-0.089079976,0.37935644,0.3522231,0.05695522,0.34689006,0,chr18:61551734:transverse_colon:0,TN,0
6.206406,-0.92993623,-0.23473608,-0.3060334,0.16972964,-0.7601976,-0.74872833,0.05133122,0.052271243,-0.40032485,1,chr12:52949183:transverse_colon:0,TP,1
5.385463,-0.70061654,-0.8182851,-0.74559605,1.0094469,-0.8779493,-0.66889876,0.3823867,0.19498602,-0.84119034,1,chr15:77077965:tibial_artery:0,TP,1
-3.059613,-0.5753069,1.0881715,-0.8463777,-0.06593947,0.07052851,-0.4100571,0.50224215,0.124548726,0.16398433,1,chr9:17531876:body_of_pancreas:0,FN,0
3.261564,-0.91365093,-1.2562406,0.013944015,-0.07647551,1.2333027,0.14774331,0.123841904,0.37936303,0.10425387,1,chr10:96641123:prostate_gland:1,TP,1
-3.1139035,-0.6575509,0.23645699,1.6646603,-0.14490198,-0.6717229,0.42811367,0.42923263,0.056540444,0.40325648,0,chr18:57438099:adrenal_gland:0,TN,0
3.431043,1.0288389,-0.8949616,-0.54138726,-0.2339889,-0.24841881,1.3349669,0.2832044,1.2314303,0.68504834,1,chr8:44636977:prostate_gland:1,TP,1
4.3239713,-1.9770122,0.1272607,1.0728894,0.20145424,0.2935682,-0.08946715,0.27627686,-0.26248112,0.07979082,1,chr3:129343963:upper_lobe_of_left_lung:0,TP,1
2.6577756,3.3235912,0.22321807,-0.26205832,-0.025690677,0.15583014,0.523397,-0.91896623,-0.13955455,0.63779587,0,chr19:38754450:sigmoid_colon:0,TN,0
-1.7492307,-0.32596868,-0.3551644,-1.0164988,-1.164293,-0.53094184,1.2246839,0.49906236,-0.4956089,-1.1489698,0,chr3:177592618:body_of_pancreas:0,TN,0
3.979634,0.22946517,-0.11367358,0.1385399,0.08255493,1.5213861,-0.93452466,0.8319614,0.14686276,1.8552104,1,chr19:21484173:tibial_artery:1,TP,1
4.0312724,-0.43448988,0.5043413,0.42080176,-1.046304,0.7786671,0.92595965,-0.14995217,0.019774785,0.04968144,0,chr1:235835049:body_of_pancreas:0,FP,1
-1.5088676,-4.292998,-2.2411263,0.029023452,-1.2813798,-0.2419223,-0.14941812,-0.4450103,0.5155305,-0.8585115,0,chr7:55178970:Peyers_patch:0,FP,1
-3.5175078,-0.5211954,-0.02148967,-0.4394113,-0.5810924,-0.47483018,0.048463102,0.5457822,0.025695961,-0.21782234,0,chr10:22617718:spleen:0,TN,0
-1.3206111,2.2432432,-0.80235934,0.07721329,-0.14439762,-1.0922507,0.6211766,0.03893632,-1.1992694,-0.3149073,0,chr19:48152501:body_of_pancreas:0,TN,0
-2.738331,0.7009272,-0.36129928,0.2074229,-0.2500401,-0.052057862,-0.3626114,-0.4789649,0.6024334,-0.30595797,0,chr10:51960415:transverse_colon:0,TN,0
6.6793346,0.22237916,0.40037286,-0.18764134,-0.42608774,0.1744013,-0.4072254,0.088154666,0.19796468,0.31479326,1,chr2:86221296:tibial_nerve:0,TP,1
-2.5338995,0.45187995,1.3327543,-0.39342058,0.58515406,0.79631823,-0.41750237,-0.017458765,-0.42020375,0.12937368,1,chr12:104294234:transverse_colon:1,FN,0
0.29030603,1.0882386,-0.37202767,0.5112158,-1.0153811,1.0048703,0.4085606,-0.075041205,-0.78086084,0.12163317,0,chr11:82695728:Peyers_patch:0,TN,0
-2.0145152,2.2693262,0.42211622,1.0023316,-0.62070906,-0.12383024,-0.400289,0.13008039,-0.025556155,-0.4459944,0,chr16:4956247:esophagus_squamous_epithelium:0,TN,0
-1.764924,1.3789344,-0.74547035,-0.21881323,0.15602592,0.5526476,0.37458414,1.1070771,-0.629096,0.06273041,0,chr4:41814771:prostate_gland:0,TN,0
5.834905,0.7102453,0.9509644,0.79530835,-1.5403742,1.0905982,0.5239754,-0.22870429,0.12118135,0.39614314,1,chr6:43386692:transverse_colon:1,TP,1
7.1029954,0.03700746,0.5350463,-0.19898324,-0.31717047,-0.5688681,-0.008582022,-0.13305162,0.07524435,0.33109075,1,chr9:42974893:gastroesophageal_sphincter:0,TP,1
4.842638,-1.0909734,-0.559588,-0.3594651,0.87017936,-0.1152567,0.008686737,0.046631128,-0.15323368,-0.5804122,1,chr7:142751554:body_of_pancreas:0,TP,1
-1.1518123,2.2885466,-1.3843008,0.17193846,0.67127615,-0.387572,0.1515634,-0.37895632,-0.83808565,0.2512756,0,chr19:18571531:transverse_colon:1,TN,0
0.42669097,1.2495605,0.33237234,0.038598437,-0.98271775,1.4623381,0.174429,-0.9769934,-0.6286409,-0.431898,1,chr2:196068383:adrenal_gland:0,FN,0
-2.800008,1.3504237,-1.3097667,-0.23133266,-0.22287792,0.14951618,-0.5738517,0.285154,-0.065323785,-0.27619696,0,chr2:206023553:body_of_pancreas:0,TN,0
-3.325842,-2.0233078,0.24876396,-1.325647,-0.6145409,-0.13214917,-0.56958216,-0.77634174,-0.13291477,0.3735318,0,chr4:185880518:body_of_pancreas:0,TN,0
3.7451432,-0.44146436,0.70117414,0.8787434,0.47358316,1.608675,-0.5313843,0.043752976,-0.25204295,0.06481599,1,chr5:179213127:spleen:0,TP,1
-0.27508098,0.07421375,-0.16423193,0.1324222,-0.2185628,0.84072715,-0.55525374,0.1543189,0.3106469,-1.1760334,0,chr15:62185559:body_of_pancreas:0,TN,0
-1.008684,1.3209689,-1.3939846,0.008126743,1.017555,0.37648958,-1.0413883,-0.4924527,0.39407155,-0.433489,0,chr6:37130925:body_of_pancreas:0,TN,0
-0.9478018,-0.7682914,1.3458977,-1.2338058,0.69751996,0.77557904,0.15429012,-0.67621475,-0.020141363,0.091890894,1,chr6:53956277:Peyers_patch:0,FN,0
-2.4539952,1.922657,-1.3647672,0.040633906,0.4421487,0.40985376,0.11464683,0.10779148,-0.5526932,0.09733811,0,chr16:14300986:esophagus_muscularis_mucosa:0,TN,0
-2.3874238,1.0820153,0.48493403,-0.13241243,-0.34513164,-0.2793192,0.013579153,-0.17184837,-0.31553668,-0.41175252,0,chr10:51960415:gastrocnemius_medialis:0,TN,0
-1.5489684,1.7842139,-1.356547,-0.58705163,0.69201,0.6997846,0.47506124,-0.58160585,-0.48579964,0.20448679,0,chr7:63014321:omental_fat_pad:0,TN,0
-1.0697042,-1.1131173,-2.524287,-0.7804734,0.33204633,-0.4194939,0.17599088,0.8599776,-1.1663406,0.6538177,0,chr7:14460954:prostate_gland:0,TN,0
-0.6717502,3.1701026,-0.53459275,-0.02348923,-0.06544889,-0.090682864,-1.1120911,0.4458085,-0.07689202,-0.26496643,0,chr2:231677997:adrenal_gland:0,TN,0
-3.7651932,-1.717975,0.99729925,-1.078866,-0.26284567,0.058094095,-0.22614513,0.22013265,-0.40498516,0.7832134,0,chr4:159398659:thoracic_aorta:0,TN,0
-1.3578675,0.31733233,-1.9728982,-0.22740899,-0.28398606,0.4005078,1.2257233,-0.3821644,-0.3572757,-0.3102452,0,chr9:113342124:body_of_pancreas:0,TN,0
-3.9098432,-0.68924135,-0.4117204,0.11887986,-0.7485944,-0.35565165,-0.24550341,0.34829268,0.76067793,0.33242562,0,chr17:50094413:sigmoid_colon:0,TN,0
-2.052994,1.0033989,0.89457524,0.577288,0.19876239,-0.2722039,-0.5322226,-0.2908005,0.20379232,0.29394796,1,chr14:59576853:adrenal_gland:0,FN,0
-0.28919494,1.612694,0.9783793,0.3179307,-0.46539068,1.0509143,-0.12947488,0.122928955,0.9388853,0.19432612,0,chr4:120870486:transverse_colon:0,TN,0
-3.7760003,-1.5696036,0.8650747,-1.2508302,-0.4803974,-0.05854599,-0.5160819,0.4001765,-0.21473414,0.7619311,0,chr7:120989215:tibial_nerve:0,TN,0
-2.379176,0.56980234,0.30896303,-0.004571141,-0.6366538,-0.24736045,0.45920557,0.26480937,0.78797907,-0.196818,1,chr4:110826866:transverse_colon:0,FN,0
2.3668618,1.0297095,-0.4772995,-0.43732944,-0.077046394,1.2678947,0.13997847,0.34850445,0.3143189,1.4858894,1,chr17:67408743:body_of_pancreas:0,TP,1
-2.4871047,-2.049286,-0.337629,-1.2362698,-0.88277173,0.053056955,1.047558,1.1763355,0.042754773,-1.2211084,1,chr6:106223515:tibial_artery:0,FN,0
6.602794,-0.187231,0.21095696,-0.6980149,0.09461878,-0.66329634,-0.47523186,0.07768392,-0.101877965,0.20169568,1,chr2:67906567:prostate_gland:0,TP,1
2.0701525,1.3712806,0.4542313,0.17620176,0.54225004,0.2923849,0.8216776,0.20358598,-0.26161206,-0.59465134,0,chr14:106872713:transverse_colon:0,FP,1
0.9633661,0.53146565,-0.7576769,0.34171695,-1.1403059,0.44590688,0.54114896,-0.16625549,-1.2056389,-0.27119848,1,chr2:196068383:tibial_nerve:0,TP,1
-3.2388813,-2.1283813,0.2138079,-1.635471,-0.56407076,0.08582053,-0.27891797,-0.39874357,-0.17765625,0.46203586,0,chr11:34922899:body_of_pancreas:0,TN,0
-3.1036465,1.3520871,-0.10419491,0.10084789,-0.9453553,-0.8331463,-1.017799,0.5258556,0.3953604,-0.006658023,1,chr2:225002373:thoracic_aorta:0,FN,0
-1.4238738,-0.62216955,0.7871358,-1.6882951,-0.28414726,0.40405148,0.35352907,-1.7188053,-0.53747666,-0.2626155,0,chr16:5092215:gastroesophageal_sphincter:0,TN,0
1.389607,-2.6008637,-0.9774288,-0.9353307,0.44780827,1.2548721,-0.7125352,0.0057482375,0.5984652,-1.05814,1,chr5:73985119:body_of_pancreas:0,TP,1
-0.48075876,1.2493564,-0.2564502,-0.5477931,0.6485859,0.1598478,-0.7737702,-0.10210351,1.1025016,0.4261382,1,chr16:21935488:adrenal_gland:0,FN,0
-3.6661584,0.2509252,0.21294928,0.4592482,-0.55655783,-0.92399853,-0.7457884,0.08715661,0.8339696,0.42316046,0,chr14:55271113:testis:0,TN,0
0.15962267,2.472319,-1.0731627,-0.6413587,0.3641043,0.30872768,0.39745635,-0.59116346,0.09263031,-0.033282645,0,chr3:135921913:sigmoid_colon:0,TN,0
1.3855382,-1.2478437,0.31107715,2.0906167,0.015023281,0.9573974,-0.08941823,0.13804327,-0.28312767,0.033172116,0,chr19:10404178:tibial_nerve:0,FP,1
-4.1528563,-1.3935758,-1.5217152,0.7944524,-0.37597796,-0.22646682,0.5251864,-0.61998403,-0.3730554,0.09629324,0,chr19:50252259:spleen:0,TN,0
1.8574803,-1.6032879,0.3974003,1.6984953,-0.29391173,-0.22798988,0.716965,-0.30360574,-0.22419724,-0.5014292,1,chr7:26377045:transverse_colon:0,TP,1
0.8281308,2.023101,1.359359,-0.88078046,-0.76239365,1.1865466,0.18713658,-0.55622715,-1.1944735,-0.6699171,1,chr2:196068383:gastrocnemius_medialis:0,FN,0
0.83048666,1.2468673,-1.0774249,-1.2927366,1.0381079,-0.54800874,0.0065938043,0.8158949,0.5497057,-0.67462975,1,chr20:53731556:sigmoid_colon:0,FN,0
-3.3576086,-1.6502014,0.006133749,0.075526215,-0.5153232,-0.40068185,-0.2594371,-1.1284016,-0.29323253,-0.26443946,0,chr3:58211234:esophagus_squamous_epithelium:0,TN,0
2.8382008,-0.5226614,-0.9952715,0.6987709,0.2334849,0.9297257,-0.90116423,0.1983919,-0.20782249,-0.54288274,1,chr10:96641123:testis:0,TP,1
-0.011573552,0.57507163,-1.4488181,-0.57635033,0.38479212,0.6413564,0.054969966,-0.30823076,0.023955448,0.047960866,1,chr8:30230823:esophagus_muscularis_mucosa:0,FN,0
-3.9380414,-1.484235,0.34236977,-0.72662985,-0.81290036,-0.73537314,0.13874981,1.7216926,0.31793678,0.30532643,1,chr6:106223515:transverse_colon:1,FN,0
-3.0778708,1.1289103,-0.3896,0.29780895,-0.6372881,-0.50003296,-0.10635059,-0.34566054,0.030430946,-0.69757766,0,chr19:33143907:tibial_artery:0,TN,0
-3.623421,0.7020032,-1.2598383,-0.2222985,-0.61097175,-0.22674343,0.24599648,-0.2931358,0.23741187,-0.5102626,0,chr8:116788344:esophagus_squamous_epithelium:0,TN,0
-1.2755362,1.6275315,-1.620213,0.246897,0.60239047,0.2743863,0.8530914,-0.24032769,-1.0837032,0.9391782,1,chr7:1203888:body_of_pancreas:0,FN,0
1.7115004,0.9364124,-1.2303166,-0.8448013,1.0000814,-0.4586876,1.5321711,-0.7883412,-0.61981815,0.7131516,0,chr10:103485594:spleen:0,FP,1
-1.5758833,0.073971175,0.068826914,1.4874444,0.9794563,-0.56062764,0.03042757,0.13996455,0.24583009,-0.09229153,0,chr5:79514114:testis:0,TN,0
3.6830707,-0.20869435,0.0169948,0.25763822,0.9040311,-0.24193288,0.2932822,-0.90049994,0.9226895,-0.08171119,1,chr16:579030:prostate_gland:1,TP,1
0.47371194,-0.7765738,-0.45601982,-0.72569454,0.18588386,0.42751577,1.2238809,0.1716372,-0.05919352,-0.29593015,0,chr5:144467879:body_of_pancreas:0,FP,1
-2.5959878,-0.9891882,-0.1416244,0.43850097,0.8504409,-0.11965798,-0.1361823,-1.375583,0.5981765,0.29566044,1,chr3:9862475:transverse_colon:0,FN,0
4.0839767,-0.8983929,-0.30055735,-0.85907316,0.7555673,0.0742744,-0.17875175,0.007835562,0.12077781,-0.36487472,1,chr15:40504103:body_of_pancreas:0,TP,1
-2.5310504,0.057765573,0.52623445,-0.061059076,-0.3700252,-1.0794723,-0.45883313,0.46651095,0.79874563,0.32906708,0,chr7:150876829:body_of_pancreas:0,TN,0
-1.011801,2.060697,-0.2811091,-0.055750065,-0.07668637,-0.10270073,-0.2979411,-0.70459646,0.16600004,-0.40898913,0,chr7:100148577:testis:0,TN,0
-2.6844103,-0.7795425,1.0669713,-1.7406551,-0.70016134,0.046828154,0.43164217,0.4503073,-0.24847911,-0.3796203,1,chr6:106223515:Peyers_patch:0,FN,0
-3.5814464,-1.3026619,1.2321292,-0.33535498,-0.04183289,-0.18391775,0.29834762,0.4047564,-0.14099137,0.39435244,0,chr5:69235425:Peyers_patch:0,TN,0
5.246569,-1.770887,-0.31525725,0.78362316,0.2232875,0.4332931,-0.728556,0.43968776,-0.40213126,0.05104465,1,chr9:42852316:testis:1,TP,1
4.565229,-1.1636759,-0.50638425,0.26228076,-0.24575783,0.839242,-0.77263784,0.6645493,-0.37521532,1.6254053,1,chr19:21484173:spleen:0,TP,1
-2.105992,-2.0875719,-0.16323087,1.170975,2.2043073,-0.91541755,0.28019643,-0.40906483,-0.6201973,0.38783333,0,chr17:44210759:tibial_artery:0,TN,0
4.455867,-0.8472604,0.40452036,0.64233154,-0.96581256,0.40610278,0.2194563,-0.34704095,0.14895883,-0.52976024,0,chr20:17898925:suprapubic_skin:0,FP,1
-3.826959,-0.42056453,-0.2612906,0.72184944,-0.22129641,-1.1701468,-0.17373006,-0.18718073,-0.26792043,0.3734312,0,chr17:75632926:esophagus_squamous_epithelium:0,TN,0
-2.1669433,-0.13244979,1.4118077,1.0279868,0.6666467,-0.05822963,0.30602163,1.0212841,0.74556905,0.24006332,0,chr5:38467531:tibial_nerve:0,TN,0
-1.9179275,0.45110816,0.6593083,-0.85894847,0.12263748,0.45667106,0.3607677,0.2986773,-0.21845211,-0.3330404,0,chr20:34336064:Peyers_patch:0,TN,0
-2.196148,0.53300416,0.3516762,0.5314862,0.38888043,0.7383218,-0.54961395,0.12104169,0.4080696,-0.072618835,0,chr16:85056596:adrenal_gland:0,TN,0
-3.240985,-0.80629283,0.73593545,-0.4124147,-0.20517722,0.7836152,0.027649507,0.6164314,-0.014628762,-0.047361948,0,chr8:124563840:body_of_pancreas:0,TN,0
-3.2446663,-1.4245661,0.8057294,-0.23832588,-0.5571168,0.4896837,0.5245348,0.40284538,-0.4201689,-0.4985495,1,chr14:90697830:tibial_artery:0,FN,0
-0.3040668,0.44264278,-1.9948678,-0.83223027,-0.080819495,0.19913243,0.7747847,-0.2123416,-0.17207064,0.4599596,0,chr10:4794201:body_of_pancreas:0,TN,0
-3.3747063,-0.91541094,0.26264042,-0.7719672,0.15848441,0.5706925,0.0705743,0.078731306,0.42647514,-0.06489238,0,chr3:172594879:transverse_colon:0,TN,0
6.548663,-0.66466546,0.019638482,-0.07387755,-0.12487849,-0.35359883,-0.39516547,0.26109982,0.06254038,0.070019364,1,chr9:42974893:body_of_pancreas:0,TP,1
-2.9717429,-1.0443822,0.98069143,0.5107473,0.611882,-0.66032195,-0.0027111168,-0.6467592,0.3639479,0.8501545,0,chr4:7192415:gastrocnemius_medialis:0,TN,0
-2.1600482,0.7605023,1.259228,0.18323925,-0.57461303,-0.6752996,0.08992034,0.3017165,0.065764874,0.27465343,0,chr20:62900225:tibial_artery:0,TN,0
-2.2458644,0.96779627,-0.44259426,0.1438461,0.007353275,0.004694266,-0.37718204,0.68773246,0.018756598,-0.48057842,0,chr10:87203579:adrenal_gland:0,TN,0
6.0708156,-0.33487904,0.06385844,-0.2790247,0.5228791,-1.190975,-0.16970065,-0.3337171,0.46988067,-0.46379426,1,chr16:579030:gastrocnemius_medialis:0,TP,1
-0.41449305,2.5966084,-1.2863424,-0.27580553,0.540407,0.5931562,0.6939598,-0.124724805,-0.4258711,0.28261447,0,chr5:141677653:prostate_gland:0,TN,0
-2.881562,-1.6337357,-0.77754474,0.4836443,0.4901687,0.5460621,0.35742643,0.81869555,-0.35922134,-0.025547922,0,chr16:28615870:tibial_nerve:0,TN,0
-2.4162147,0.30838498,1.7214208,0.09298522,0.62453234,-0.29793176,0.032762874,-0.025606276,0.32223108,0.40573168,1,chr14:36662855:tibial_artery:0,FN,0
-2.5514772,0.34190875,1.117136,-0.03073902,0.19074702,-0.38998014,1.1627167,0.17223795,-0.6461634,-0.1357737,0,chr2:231680246:transverse_colon:0,TN,0
-3.28975,-1.1015859,0.16123912,-1.0632923,-0.6518377,0.006840034,0.33757544,1.1388679,0.6868248,-0.038090352,0,chr5:102536432:body_of_pancreas:0,TN,0
-2.9125407,-1.3626597,0.58480567,-1.0723795,0.12115818,-0.1859653,0.09760864,-0.12201126,0.11339287,0.16928253,1,chr6:18503536:body_of_pancreas:0,FN,0
-1.8311832,1.6231971,-1.5667492,-0.53830504,0.39710298,-0.2160453,0.21290237,-0.13991927,-0.89545876,0.06388778,0,chr2:85428876:body_of_pancreas:0,TN,0
-0.6363943,0.100324206,0.9998038,-1.5057249,-0.51144964,0.026176812,0.2435763,-1.6929903,-0.16302551,-0.33812922,0,chr16:5092215:body_of_pancreas:0,TN,0
-2.4200156,-0.7675972,-0.13684672,-0.12535007,0.043927304,-0.7490674,-1.1590128,-0.4799151,1.3824732,1.1667179,0,chr15:89091210:body_of_pancreas:0,TN,0
1.0215315,-0.76834553,-0.0230581,0.13573618,1.7212112,-0.42977172,0.2804157,-1.3639934,0.47867578,-0.6086129,0,chr3:126475232:sigmoid_colon:0,FP,1
-0.8836401,-0.075257614,-1.2122517,-0.32261997,1.0006996,-1.1685561,0.074146636,-0.18581459,-1.0895839,0.057322543,1,chr2:38555382:thoracic_aorta:0,FN,0
-1.6948295,1.702469,-1.9678905,-0.608211,0.5614895,-0.0040641623,-0.20656931,0.13375996,-1.3024907,0.16084582,0,chr1:26358698:body_of_pancreas:0,TN,0
-2.2637088,-0.8700906,-1.1278424,-0.88756907,-0.9855875,0.29734996,0.99184406,0.4446536,0.54509795,-1.1305375,0,chr4:99325779:esophagus_muscularis_mucosa:0,TN,0
-1.1243382,-0.34639087,0.70013696,-0.48170617,-0.21038614,-0.1242034,0.8022697,-1.4336479,-0.110143535,0.1697449,0,chr11:118291175:esophagus_muscularis_mucosa:0,TN,0
6.382064,-0.58131003,0.23335968,0.34577575,-0.3172176,0.039327215,-0.5381291,0.22419564,-0.16770369,0.22688071,1,chr17:45585364:thoracic_aorta:1,TP,1
-3.3175054,-0.9854714,0.5393803,-1.1156529,-0.5971613,-0.35976407,-0.45493108,-0.028634211,-0.18872629,0.44253442,0,chr1:81549700:tibial_artery:1,TN,0
5.4526415,-0.45364147,0.09718102,-0.15192057,-0.24496417,-0.28771755,0.48907852,-0.7199518,0.10058289,-0.80693406,1,chr5:137304079:body_of_pancreas:0,TP,1
1.467322,-1.1637622,0.28813115,1.7903869,-0.43391293,1.6027457,0.14752729,-0.32361645,0.38708055,-0.37479475,1,chr19:47436804:tibial_nerve:0,TP,1
-3.2353888,0.7859865,-0.4586206,-0.1432462,-0.8838899,-0.38044423,-0.8795793,-0.277975,0.43661478,-0.032821782,0,chr20:38751675:adrenal_gland:0,TN,0
3.5964923,1.3087,-0.11897841,0.59846765,-0.119216375,1.4843918,-0.031225286,0.44261247,0.13006867,0.13680246,1,chr17:879808:thoracic_aorta:0,TP,1
2.2921345,-1.709297,-1.8383554,0.66599107,-1.2760276,0.9380707,-0.40706837,0.27286157,-0.52852434,0.6000168,1,chr6:43386692:thoracic_aorta:1,TP,1
-2.397305,-1.191963,1.016252,0.5668024,1.098678,-0.24948755,0.060497746,1.0087421,0.664811,-0.04530206,0,chr7:142451749:body_of_pancreas:0,TN,0
3.5663831,-0.212648,-0.46430293,-0.10129688,-0.26299003,0.85304374,-0.50570995,-0.031778693,1.0092229,0.927371,1,chr16:31334599:body_of_pancreas:0,TP,1
-1.4512806,2.1242042,-1.5235426,-0.2785156,0.7116841,0.8969621,-0.14782605,-0.1474674,-0.64611375,0.64583945,1,chr11:112081498:thoracic_aorta:0,FN,0
5.8379774,-0.5739949,0.26654154,-0.01796845,-0.6332227,0.073677726,-0.18804263,0.45254195,0.37675914,-0.21643023,1,chr11:86939404:body_of_pancreas:1,TP,1
-1.0410075,1.3659701,-1.3863169,-0.6104827,0.40094614,1.0528324,0.17597778,0.43773064,0.3935697,0.7020219,1,chr14:93151711:body_of_pancreas:0,FN,0
6.4295664,0.033404008,0.02432514,-0.64168316,0.1905277,-0.5951458,-0.29675984,0.4124823,-0.120658144,-0.1304994,0,chr2:237590674:transverse_colon:0,FP,1
-1.0520623,1.2755083,-0.15886013,0.49537015,-0.22893338,-1.0953788,0.8307764,0.2371734,-0.65635794,-0.8268468,1,chr22:41951055:body_of_pancreas:0,FN,0
-2.0520272,-0.39492983,-1.1363769,-0.17772096,-1.008286,-0.13803887,1.2176237,0.25259006,-0.4467812,0.2543337,0,chr14:69079875:body_of_pancreas:0,TN,0
-2.8459313,0.41651487,-2.6944325,-0.63893765,0.19617742,0.28226256,-0.79040146,0.7708589,-0.7128245,0.32200208,0,chr16:9317902:body_of_pancreas:0,TN,0
-3.0775158,0.934635,0.5738455,0.9540519,0.04228066,-0.7319524,-0.382005,0.69812113,0.36412936,0.27350667,0,chr15:40422201:testis:0,TN,0
-3.6899009,-1.1278589,0.7749725,-0.13341303,0.03531532,-0.0796139,0.03262223,0.459362,-0.038471904,0.62552404,0,chr8:118113261:tibial_artery:0,TN,0
-3.6026754,0.030798497,-0.16887511,0.28207675,-0.26522097,-0.5761161,-0.5100607,-0.35019404,-0.031078417,0.16921607,1,chr1:87131773:body_of_pancreas:0,FN,0
-2.9456148,0.8977479,0.60570854,0.8959782,-0.39995065,-0.097288445,-0.25546315,-0.07467048,0.08789084,0.08754093,0,chr12:109597967:transverse_colon:0,TN,0
-2.129291,1.3149827,-0.82225263,-0.19443378,-0.3747204,-0.2706768,-0.5058761,-0.9862845,0.5396516,-0.43713617,0,chr16:86305507:upper_lobe_of_left_lung:0,TN,0
-0.93088734,0.45416626,-1.2276851,-0.7304608,-0.11886937,0.19189394,0.6221431,-0.2782996,0.46026,-0.23476171,0,chr20:41572206:upper_lobe_of_left_lung:0,TN,0
-3.118091,-0.08935866,0.62600064,-0.18468118,-0.43483973,-0.54096115,-0.18760507,0.63140625,0.9028124,0.68439305,0,chr2:9914869:esophagus_squamous_epithelium:0,TN,0
4.995421,-0.24796103,-0.83769137,-0.5649963,0.89706933,0.027958896,-0.51408345,0.70362115,-0.6490058,0.49328288,1,chr1:91927306:transverse_colon:0,TP,1
6.1008406,-0.61951786,-0.40861934,-0.7069464,0.37488353,-0.7795282,-0.54798037,0.062077004,0.26595807,-0.73570734,1,chr7:142751721:body_of_pancreas:0,TP,1
-1.864222,-1.2877971,-0.22084865,-0.79865164,-0.6697874,-0.27188382,-0.073157236,-0.2724199,1.0798025,0.3000159,0,chr3:143976583:body_of_pancreas:0,TN,0
5.9815226,0.69942003,-0.03431744,-0.49682915,-0.11091597,-0.5296356,0.51864487,0.24677618,0.87199724,0.8192711,1,chr8:45161471:testis:0,TP,1
-2.9401608,-0.2536916,1.2729758,-0.88028324,0.08714403,0.22486933,-0.93978626,-0.77244794,-0.26128763,0.3539633,0,chr5:178467902:gastroesophageal_sphincter:0,TN,0
0.07407996,-1.3930697,0.5301024,2.129449,0.93168026,0.3085259,0.9335512,0.23715676,-0.1919515,0.30134913,1,chr5:177133842:prostate_gland:0,FN,0
-3.4031787,0.94755983,-1.4235195,-0.43022272,-0.33064744,-0.38291198,-0.61823523,0.2178147,-0.432827,-0.4447852,1,chr21:39175402:transverse_colon:0,FN,0
-3.105754,0.31236732,-0.4800217,0.37904835,1.001005,0.2916673,-0.49272227,-0.6819763,0.5542236,0.5361122,0,chr6:43497048:suprapubic_skin:0,TN,0
0.45824122,1.4503748,-1.5995747,-0.74195987,0.513596,0.11170897,1.0417413,0.4408585,1.2206371,1.134777,1,chr2:93976867:suprapubic_skin:0,FN,0
3.985045,1.2599976,-0.7220108,-0.4342439,0.28755778,-0.35817704,1.0182697,0.32212225,1.4048936,0.44004792,1,chr8:44636977:thoracic_aorta:0,TP,1
5.270128,-1.1354313,-0.8110743,-0.6348497,0.7255273,-0.47395793,-0.56974125,0.5525376,0.13418038,-0.57606804,1,chr6:111422630:thyroid_gland:0,TP,1
4.0012946,-1.7193507,-0.43416414,1.3329567,-0.35508788,0.72561395,-0.16404939,0.45943785,-0.4769557,0.06473599,1,chr1:20575428:transverse_colon:1,TP,1
-0.123257905,0.7009238,-1.4493257,-0.54315925,0.43867096,0.18761936,0.46252576,0.43027797,1.3020716,0.6336659,1,chr20:28507029:body_of_pancreas:0,FN,0
-0.5445024,1.4982157,-1.5894946,-0.6458198,1.0346084,0.24539205,0.5898957,0.8529866,1.0153302,0.057071034,1,chr20:28507029:stomach:0,FN,0
5.2253933,-1.164056,-0.031337067,0.09456167,-0.59330046,0.30014676,-0.38184628,0.4371006,0.22500038,-0.28948632,1,chr11:86939404:transverse_colon:0,TP,1
2.0901778,2.4900696,-0.17783484,0.5729822,-0.17667891,0.9304521,0.65123,-0.43168876,-0.53300875,0.37233448,1,chr19:45427778:tibial_artery:1,TP,1
-0.49900588,0.1916416,-0.9169216,0.60057145,0.72885835,1.0662483,0.1219811,-0.21731113,0.2884385,-0.19639234,0,chr13:26930103:adrenal_gland:0,TN,0
-0.61322933,1.4343793,0.28913286,-0.19572566,-0.3273728,0.17033169,-0.09826971,-0.9175848,-0.4755383,-0.5681826,0,chr8:118112661:thoracic_aorta:0,TN,0
-2.8601303,-0.17524728,1.3619965,-0.47267097,-0.52416044,-0.6664885,0.37172657,0.711937,-0.031168196,-0.23997949,1,chr4:119212065:body_of_pancreas:0,FN,0
1.8867353,0.6353462,-0.15739506,-0.3974405,-0.03818183,-0.29265103,1.0479915,1.0966455,-1.0395957,-0.059015837,0,chr9:15104864:adrenal_gland:0,FP,1
-1.886939,1.568466,-1.8279145,-0.52688307,1.3279303,0.12683748,0.15809056,-0.08270137,-0.6612377,0.27127767,0,chr16:74399402:upper_lobe_of_left_lung:0,TN,0
-1.8047131,0.33442304,-1.3234813,-0.057234857,-0.30392277,-0.1855366,0.74774814,-0.4558577,0.13049309,-0.15484323,0,chr16:2664570:body_of_pancreas:0,TN,0
-0.6047031,1.48823,-1.892841,-0.5245234,0.66159546,0.1602034,1.4490131,0.097803995,-1.0301222,0.12682627,1,chr19:44577120:thoracic_aorta:0,FN,0
-2.8975565,-0.059450895,1.3390199,0.48320127,-0.049508777,-0.26379147,0.40355977,0.55974334,-0.35594594,-0.1951,0,chr3:45210485:Peyers_patch:0,TN,0
6.936118,0.33651486,0.7251886,-0.31529498,-0.9032434,-0.1677668,-0.21848454,-0.18465787,0.37545356,0.54552895,1,chr7:142479143:upper_lobe_of_left_lung:0,TP,1
-2.502143,-1.5948874,-1.3500469,-0.6410839,-0.27165857,0.66803867,-0.25427884,0.41770804,0.80638117,-0.114943855,0,chr1:63575748:transverse_colon:0,TN,0
-0.8856637,0.28696844,0.4147692,-1.5102935,-0.26620775,0.07918742,-0.21677671,-0.89424133,0.07932164,-0.357513,0,chr5:72597084:thoracic_aorta:0,TN,0
-1.8358182,2.5599277,0.45329794,0.42664343,-0.5425186,-0.48541346,-1.0554572,0.2394191,-0.47248,-0.747941,0,chr1:44655842:tibial_artery:0,TN,0
-3.4421494,0.31897298,0.1798684,0.14318039,0.10999667,-0.34217992,0.28903297,-0.15430975,-0.7211737,0.30887777,0,chr3:14921124:transverse_colon:0,TN,0
-1.0234154,-1.8875164,-0.74610907,1.0899245,1.3715824,-0.42509457,0.040495556,-0.8019036,0.65009093,0.45984435,0,chr16:88265764:upper_lobe_of_left_lung:0,TN,0
2.333035,-0.5089623,-0.6329026,-0.61271673,-0.8569421,-0.63930076,0.4500521,-1.0220178,0.77400744,-0.7972187,0,chr8:125649597:transverse_colon:0,FP,1
-3.0024636,-0.189153,0.16843021,1.142218,-0.38233483,0.31552508,-0.5401391,0.014397338,-0.033350393,-0.2952404,0,chr22:24259700:thoracic_aorta:0,TN,0
4.1124134,0.042115174,-0.0052226647,0.15369922,0.2647592,-0.24466306,0.17430434,-0.22402826,-0.34915397,-0.6224254,0,chr21:39153360:thoracic_aorta:0,FP,1
-2.1628919,-0.75722504,0.014800015,-0.42511192,0.055890184,0.70869225,-0.18724844,-0.04289079,0.32840383,-0.5077588,1,chr9:16039580:transverse_colon:1,FN,0
7.282408,5.375534,3.5078888,-0.8430448,1.1430835,-1.0372497,0.9501254,-1.9651933,0.8328395,-0.8431362,1,chr14:90785685:upper_lobe_of_left_lung:0,TP,1
-4.2257466,-0.63344383,-1.0162538,0.23275962,-1.2137197,-1.233984,-0.2501302,-0.5558673,0.08471713,0.18376216,0,chr3:107690540:transverse_colon:0,TN,0
6.160653,-1.1442034,-0.29817107,-0.13496703,0.13937277,-0.43594038,-0.85988647,0.26179352,-0.14069606,-0.1906548,1,chr3:75785419:adrenal_gland:0,TP,1
-1.8442175,1.8044864,-2.0945206,-0.7246408,1.1740581,0.06568652,0.32332385,0.36960956,-1.1788487,0.4465352,0,chr20:48986703:body_of_pancreas:0,TN,0
-0.74957526,-1.7349529,-0.7727779,-0.037234273,0.47148225,1.020438,-0.23311286,-0.56957966,-0.36433423,-0.22410876,0,chr1:23540459:spleen:0,TN,0
-2.7952669,-0.46540734,0.71376634,-1.4913725,-0.45597154,-0.06543149,-0.34637314,-0.023051769,0.38680094,0.77767247,1,chr18:46481136:sigmoid_colon:0,FN,0
-3.1123676,0.15392163,1.182599,-0.39123783,0.036249135,-0.068617575,-0.321676,0.80875367,0.38068536,-0.12718157,0,chr15:57620139:transverse_colon:0,TN,0
-3.0498524,0.4831383,0.37902498,0.7201777,0.18533914,-1.0458313,-0.52256227,-0.37398392,0.12930633,0.3906443,1,chr1:26921783:esophagus_muscularis_mucosa:0,FN,0
-0.9985978,0.88276,1.8170624,-2.076679,-0.2984915,0.25778773,-0.308841,-0.91646826,-0.35138503,-0.12248469,0,chr9:127049121:adrenal_gland:0,TN,0
-2.7291996,1.4357289,0.6640957,1.0563705,0.8266112,-0.24926533,-0.52134913,0.5175353,-0.045507368,0.042415872,0,chr19:35717320:spleen:1,TN,0
-3.1059427,0.55045056,1.0027221,0.61976165,-0.1321836,-0.79000366,-0.44357634,0.10969539,0.33085597,0.56807303,0,chr11:63671929:upper_lobe_of_left_lung:0,TN,0
5.7474666,-0.45987672,0.38220584,-0.42033046,0.5232765,-0.89782536,0.6574365,0.21276662,0.526611,-1.0148987,1,chr7:100965858:transverse_colon:1,TP,1
-1.0701808,1.444436,-1.219303,0.3872085,-0.13777046,0.21278356,-0.23369534,0.27886838,-0.76413774,-0.20044318,0,chr2:11829237:body_of_pancreas:0,TN,0
0.57121843,1.9907823,-1.1770056,-0.20658517,0.32221153,0.53079396,0.035254806,0.8826797,-0.86692876,0.7711421,1,chr16:2874817:upper_lobe_of_left_lung:0,FN,0
-1.9391513,1.8113265,1.5153028,0.5808863,0.8358004,-0.3364099,-0.15528469,0.85142356,-0.0877209,-0.28518105,1,chr9:89604122:esophagus_muscularis_mucosa:0,FN,0
5.5903077,-0.25620958,-0.6632497,-0.756111,1.0834277,-0.7643338,-0.75423056,0.291019,0.3262944,-0.75766015,1,chr15:77077965:suprapubic_skin:0,TP,1
6.749797,0.35498175,0.8216875,-0.020011818,-0.86998004,-0.8449682,0.26171064,-0.52245015,-0.09655242,-0.12796418,1,chr7:63016031:adrenal_gland:0,TP,1
2.0272832,1.4895002,-0.44458777,0.5437315,-1.4302745,0.78013927,0.80766904,-0.026124338,-0.62070644,-0.5978044,1,chr2:196068383:prostate_gland:1,TP,1
-1.8811053,1.1912175,1.2383348,0.26447928,-0.2469029,0.9054381,-0.5550802,-0.49182996,0.6909309,0.3863752,1,chr18:48137415:body_of_pancreas:0,FN,0
-1.6269413,0.46834603,-2.2153575,-0.40735003,0.21769428,0.6504766,-0.45154187,-0.3705999,0.6178282,-0.20300232,0,chr18:63844476:prostate_gland:0,TN,0
5.548639,-1.1060182,0.13660312,0.8475176,0.31100845,0.7320827,-0.7025994,0.36155736,-0.16577335,0.123799436,1,chr9:42852316:transverse_colon:1,TP,1
-2.0377533,-1.2458191,0.8937522,0.57608914,1.3670352,0.30972263,1.1732943,0.3632053,-0.55045843,-0.3459827,1,chr22:46739374:Peyers_patch:0,FN,0
-2.0237517,-2.321314,0.2225827,1.1804484,-0.77980316,0.21537104,0.98906535,0.4952092,-0.42084777,-0.6037614,1,chr1:16513637:thoracic_aorta:0,FN,0
2.1964624,-0.8942717,-0.3225832,-0.7957335,0.3487578,0.7779003,-0.21379402,0.13543445,0.522931,-1.6492807,1,chr10:47381073:Peyers_patch:0,TP,1
-3.5618129,0.08926545,-0.08912108,0.032544527,-1.2303166,-0.65614593,-0.50988024,-0.44191915,0.27613327,0.09115411,0,chr1:107782208:transverse_colon:0,TN,0
-1.3362501,2.1929197,-1.0702612,-0.7766314,0.22300439,0.2545866,0.06391327,-0.36336315,0.53753275,0.66327125,1,chr1:244014970:transverse_colon:0,FN,0
-0.54087794,-2.715393,-0.12313375,0.19618693,1.4255972,0.22623326,0.8078535,0.6772014,-0.80360633,-1.2888213,0,chr7:2064001:upper_lobe_of_left_lung:0,FP,1
-2.5650897,0.6699743,-0.5095056,0.28940862,-0.1182923,-0.3544954,-0.5016633,-0.6147713,0.02118889,0.033924825,0,chr8:27855652:prostate_gland:0,TN,0
-2.4394672,-0.5096433,0.5853269,0.16280924,0.965634,0.061445814,-0.017947515,-0.02830661,-0.4202009,0.301537,1,chr20:62355987:gastroesophageal_sphincter:0,FN,0
-2.526563,0.9069781,-1.0806416,-0.048853092,1.162645,0.3258882,0.13473947,0.1066387,0.12542772,0.1663997,0,chr9:132849549:spleen:0,TN,0
6.556733,-0.58637786,0.24316183,-0.17175207,-0.15407988,-0.39352128,-0.54407984,0.052219003,-0.2918941,0.0468833,1,chr7:22550492:tibial_artery:1,TP,1
-2.5447943,-1.033394,0.68315953,1.2786748,0.8331192,-0.45049623,-0.02369163,-0.5925662,-0.2755076,0.14848863,0,chr16:86498885:esophagus_muscularis_mucosa:0,TN,0
6.6497884,-0.48502016,0.34806493,-0.09440163,-0.36631256,-0.2725393,-0.47287253,0.09648268,-0.19383934,-0.06741877,1,chr6:29705705:upper_lobe_of_left_lung:0,TP,1
-2.6209755,-0.631094,1.5513911,-1.3706102,-0.21904376,0.012802439,0.15709324,-0.3954205,0.036810808,0.5580342,0,chr16:28832746:body_of_pancreas:0,TN,0
-2.710968,0.48940372,-0.247145,0.70269084,-0.44941285,0.5459766,-0.061220597,-0.4704461,0.4834686,-0.3425912,0,chr16:22195817:testis:0,TN,0
-1.7470754,-1.168972,0.8559031,1.4721247,1.5072792,-0.44732493,0.07769388,-0.29933965,-0.12558031,-0.07846154,0,chr2:230068249:tibial_artery:0,TN,0
-4.301176,-3.0960283,-0.8558799,-0.9242899,-0.8807708,-0.63303804,-0.34448102,0.86429864,0.27874497,0.21159673,0,chr6:150418704:sigmoid_colon:0,TN,0
-2.3391697,-0.56273395,0.670282,-1.0687426,0.38048056,-0.6025989,0.25430456,0.75607204,0.22764273,0.17074396,1,chr9:127348292:thoracic_aorta:1,FN,0
4.9617,-1.3735499,-0.3493048,0.38702422,-0.42088747,0.29228583,-0.52573735,0.24165273,-0.5812156,-0.19380763,1,chr10:38653055:body_of_pancreas:0,TP,1
-1.7065767,1.4433274,-1.7032198,-0.59544253,0.013802546,1.1532848,0.0106564155,0.16255634,1.0929759,0.75492793,0,chr19:36692079:body_of_pancreas:0,TN,0
-0.40551415,2.0240114,-0.9044483,-0.3304617,0.8946491,0.19320823,0.8864481,-0.42810234,0.17838019,-0.30258724,1,chr20:54142389:sigmoid_colon:0,FN,0
3.7222052,-1.5440483,-0.21336111,0.79063237,0.20245576,1.0441278,-0.66073364,0.97762614,0.2916243,-0.12590651,1,chr13:20119527:transverse_colon:0,TP,1
3.7280278,0.43198594,-0.3153627,-0.11855188,0.25977695,1.299566,-1.0202471,0.9074234,0.03266261,2.2003968,1,chr19:21484173:testis:1,TP,1
-3.538757,-1.8705534,0.5865752,-0.9873704,-0.019076245,0.22791158,0.64188856,-0.11612135,-0.55132747,-0.0086431205,1,chr4:77240648:tibial_artery:0,FN,0
-1.9459878,1.2415036,0.12706971,0.23683286,0.004320194,0.7878962,-0.2098825,0.39682543,-0.31963828,0.02586777,0,chr9:137525662:tibial_artery:0,TN,0
-3.2484,-1.2700981,0.11246667,-0.93624514,-0.9628573,-0.08896856,0.12179439,-0.1139876,-0.10577222,-0.044508666,0,chr12:26525146:spleen:0,TN,0
-1.7631712,2.0974922,-0.6756147,0.36511818,-1.1837949,-0.75807637,0.13624664,-0.49314493,-0.13331689,-0.7713148,0,chr2:159118640:transverse_colon:0,TN,0
6.808076,-0.06951314,0.468415,-0.093878806,-0.28382546,-0.32770428,-0.4968647,-0.08872062,-0.25768775,0.18782547,1,chr7:22550492:Peyers_patch:0,TP,1
-2.6858003,-1.0126973,0.021852301,-0.850141,-0.92737544,-0.21510573,-0.34362373,-0.42309093,-0.15975909,-0.010489806,1,chr6:106223515:gastroesophageal_sphincter:0,FN,0
-2.4545705,-0.26971367,0.5223953,0.4807349,-1.2190601,0.10502277,0.22456542,-0.7828566,-0.11502417,-0.5008413,0,chr16:2639134:body_of_pancreas:0,TN,0
-1.888453,2.7255216,1.2805341,-0.3038699,0.24883763,0.03723412,-0.8295278,0.42513207,-0.013760644,-0.35489842,0,chr12:52880177:transverse_colon:0,TN,0
-1.8474691,0.56764764,-1.5642763,-0.17871049,-0.034314133,1.1495658,0.38961133,-0.4558513,0.5943079,0.03975687,0,chr11:10413417:prostate_gland:0,TN,0
-2.9060936,0.52443707,-0.08809873,0.49899942,-0.2021064,-0.4432488,-0.7218851,-0.086652026,0.4875101,-0.28382134,1,chr12:9447430:Peyers_patch:0,FN,0
-4.6341834,-2.6444936,-2.126325,0.07221651,-1.3416123,-0.55030257,-0.975035,0.15747586,0.34890243,0.21824372,1,chr13:97810374:thoracic_aorta:0,FN,0
6.609602,-0.43973428,0.042823777,-0.47950366,-0.3675438,-1.0543305,0.03639281,-0.03492104,-0.19497408,-0.12202653,1,chr17:22909996:transverse_colon:0,TP,1
5.0568767,0.030219447,-0.004367187,0.28890872,-0.7704547,0.14882192,0.37742996,0.42121777,-0.35619035,0.59073555,1,chr16:9160191:body_of_pancreas:0,TP,1
-1.0054258,0.52809536,-0.018004654,-0.23743688,0.73795146,-0.0724179,0.86320853,0.7473856,-0.77128726,-0.8912263,0,chr9:67726440:prostate_gland:0,TN,0
7.0603924,0.5011741,0.8814129,0.008477892,-0.8488698,-0.011695356,0.0031467506,-0.28056592,0.13248917,0.5268542,1,chr7:142521135:Peyers_patch:0,TP,1
-1.9140054,2.6717267,0.16229303,0.038023032,-0.57013774,-0.4413475,-1.1289424,0.16832888,-0.06096239,-0.5209757,0,chr5:119335395:prostate_gland:0,TN,0
1.6044661,1.4448357,-0.24715133,-0.30298162,1.2975217,-0.707053,0.14550622,0.37421584,-0.49564135,0.30823722,1,chr12:1922226:transverse_colon:1,TP,1
-2.4486368,-0.00057284854,0.5384104,-1.6932653,-0.23547444,0.45751086,-0.7217943,-1.0011683,-0.6174456,-0.10552177,1,chr10:23158214:esophagus_squamous_epithelium:0,FN,0
-0.6107146,0.030508313,1.6150764,-1.4540441,0.8270513,0.11228985,0.6489626,-1.1361731,-0.3810401,-0.50294954,1,chr15:72664145:body_of_pancreas:0,FN,0
-1.1270411,1.7162688,-1.6139128,-0.6440373,0.7032666,0.3106945,0.5402016,0.0511933,0.40449753,0.67250466,0,chr15:98496405:body_of_pancreas:0,TN,0
-1.8317889,-1.7475839,-1.4303641,0.8372763,0.3475834,-0.3722488,0.1263274,-1.0159968,0.562144,-0.37478808,0,chr3:4304222:transverse_colon:0,TN,0
-1.5411543,1.6450291,-0.3694968,0.3810055,0.28102222,0.7778668,-0.18865882,-0.072003976,0.76793414,0.5814466,0,chr22:50775184:gastroesophageal_sphincter:0,TN,0
-0.14030239,0.57879,-1.062393,0.25570604,-0.941892,0.17830561,1.7280321,-0.16888662,-0.6983603,-0.7682078,0,chr5:80307552:thoracic_aorta:0,TN,0
-1.1750965,1.6883509,0.016249122,1.6311773,-1.3398142,0.86436194,-0.60729903,0.85533845,0.57146716,-0.34421518,1,chr9:83219889:tibial_nerve:0,FN,0
-0.2697748,0.084427774,0.50247806,-0.39877626,1.3960243,0.6633821,0.27455953,-1.2542828,-0.08689994,-0.6512307,0,chr11:69293346:prostate_gland:0,TN,0
-3.1773999,-0.09414796,0.119672164,0.64707583,-0.49508238,-0.40697613,-0.39009255,0.058290266,0.47502217,0.4733681,1,chr9:83219701:upper_lobe_of_left_lung:0,FN,0
-1.0323312,1.4529755,-0.48583812,-0.023911078,0.29329118,0.03493419,1.2706263,0.9886496,-0.9079618,-0.33990544,0,chr10:29517575:suprapubic_skin:0,TN,0
-2.6036677,1.3184485,-0.8951266,-0.58850163,0.24277654,0.17790279,-0.21493882,0.06928273,-0.20968561,-0.6518664,1,chr10:115019245:body_of_pancreas:0,FN,0
6.2676334,-0.23618415,0.41528407,0.48064354,-0.024166083,0.24466561,-0.30121285,0.0066075567,0.06341521,-0.09358875,1,chr8:38060267:upper_lobe_of_left_lung:0,TP,1
-1.5141242,0.37590507,1.6909144,-1.7111413,-0.029528242,-0.037749574,-0.105456844,-0.98064613,0.06856712,-0.28960702,1,chr3:88180571:body_of_pancreas:0,FN,0
1.192472,0.39528963,0.06872003,-0.8760621,0.85164946,1.1331253,-0.04224457,-0.6282553,1.1188164,-0.5156709,1,chr16:21935488:tibial_nerve:0,FN,0
0.7567495,-0.48645946,0.072447926,-0.30510208,-0.41224742,0.020343065,-0.56163996,-0.531782,1.3302562,-0.061106283,0,chr1:11908348:testis:0,FP,1
-2.3782113,-0.2541789,0.9648001,1.3535905,-0.70621276,0.2818706,0.10687416,0.83151704,0.7075582,0.19651963,1,chr11:1652791:tibial_artery:1,FN,0
-1.4696968,1.4532744,-1.2618538,0.19774933,0.24800155,-0.44594154,0.19940382,-0.06946817,-1.0855471,-0.10882492,1,chr22:41951055:Peyers_patch:0,FN,0
-1.6555586,0.9216403,1.3901249,-1.1109587,-0.35638142,0.004355421,0.08000057,-0.18990685,0.7056104,0.0973117,0,chr11:123112116:sigmoid_colon:0,TN,0
-2.0847218,0.3875665,1.7474419,-0.89655393,0.64567876,0.7576931,0.026812473,0.3470956,-0.76858604,-0.042120393,1,chr12:104294234:tibial_artery:0,FN,0
-2.1995187,-2.1245246,-0.058252607,1.7962831,-0.1405886,0.29483476,0.6985473,0.32899293,-0.07729811,-0.48224145,0,chr3:126394859:upper_lobe_of_left_lung:0,TN,0
-2.6527126,0.29276595,1.5776742,0.5572797,0.47532296,-0.72592294,0.5074243,0.1521813,-0.28163072,0.5127439,0,chr7:1412901:spleen:0,TN,0
4.0245953,-0.84835434,-0.17230235,0.67631507,-0.03314447,0.7106565,-0.34306353,-0.17210077,0.35076708,-0.56892407,0,chr8:57203896:upper_lobe_of_left_lung:0,FP,1
3.60585,0.3177722,0.16903506,1.5562196,0.91797525,0.6729766,-0.40377244,0.24711908,-1.0963211,0.2795578,1,chr2:101151641:body_of_pancreas:0,TP,1
-5.1017103,-2.2563982,-1.7161103,0.29492432,-1.3119938,-0.86458045,-0.29769617,0.08306285,-0.072996125,0.2090362,0,chr11:128172276:spleen:0,TN,0
0.85618544,-1.3586125,-0.08914357,0.76830333,2.2538836,-0.800334,0.18187912,-0.77654445,0.4631957,-0.09103908,1,chr6:31356771:thoracic_aorta:0,TP,1
1.2849255,3.1133926,1.2598486,0.25801826,-0.04509944,0.5329359,-0.6095212,0.19299014,0.20265329,-0.085342735,0,chr13:24684214:spleen:0,TN,0
6.5820513,0.6220464,0.5478722,0.14123909,-0.30484837,0.40593246,-0.03109341,0.10021534,-0.23446953,0.24151447,1,chr10:38653296:transverse_colon:1,TP,1
-4.1227136,-1.9651132,-0.093498945,-0.27915812,-0.828571,-0.422587,0.46115294,0.45341778,-0.014380967,-0.25884593,0,chr12:21437622:transverse_colon:0,TN,0
4.6393886,1.166849,-0.5118524,-0.7437252,0.22573303,-0.65091175,1.5737747,0.43089125,1.090657,0.30773044,1,chr8:44636977:thoracic_aorta:1,TP,1
-0.73080486,0.16463812,0.5599585,1.8462694,-0.8649724,-0.4755488,0.8077658,-0.21434699,-0.38157436,-0.3374887,1,chr15:40906278:gastrocnemius_medialis:0,FN,0
-0.59262836,0.8661048,2.23807,-0.5818226,0.8155721,-0.10145973,1.3421161,1.0227504,-0.22500362,-0.44794363,1,chr13:24541018:testis:0,FN,0
-1.9179571,2.408901,0.19718193,0.6882993,-0.6666837,0.13789771,-0.13128844,-0.014433522,-0.13266222,-0.6435016,1,chr16:4548780:esophagus_muscularis_mucosa:0,FN,0
3.1291635,2.1173654,-0.14292614,-0.5900824,-0.10968883,0.07053026,1.2798276,0.21167085,-0.68941724,0.71131444,0,chr10:70668464:sigmoid_colon:0,FP,1
-3.444861,0.2198,0.3916264,-0.3866165,-0.94019246,-1.205647,-0.3198851,0.36668682,0.17789024,0.14123935,0,chr6:25602473:tibial_artery:0,TN,0
-3.3518457,0.7062235,0.78301847,0.7787739,0.22029862,-0.7780186,-0.1808737,0.13665162,0.01764499,0.07769153,0,chr13:46797272:body_of_pancreas:0,TN,0
-4.285078,-2.227788,-0.06919947,-0.35085365,-0.19179785,-0.5449794,-0.02150108,0.19592133,-0.26441133,0.08672458,0,chr6:26044144:upper_lobe_of_left_lung:0,TN,0
-2.9423223,-0.5808276,1.0351181,-1.3766718,-0.55423456,-0.2566008,0.06511524,0.5715877,0.19458856,0.44438732,0,chr8:27855652:tibial_artery:1,TN,0
-1.7260878,1.5587265,0.49968025,-0.7925627,0.14729281,0.21957554,0.41949442,0.8787766,1.2305577,-0.29055882,0,chr10:12252966:upper_lobe_of_left_lung:0,TN,0
5.6367154,0.1942978,0.1259296,-0.53321785,0.9638089,-0.7013456,-0.2483044,-0.44677666,0.42048025,-0.5057777,1,chr19:45678133:prostate_gland:0,TP,1
6.673634,0.027910562,0.040156458,-0.51390874,-0.23578575,-1.0141052,0.043659322,-0.0047049425,-0.10691636,-0.042700768,1,chr17:23044492:body_of_pancreas:0,TP,1
-2.0804167,-1.1594404,-1.0507697,0.6245607,0.8796547,0.5837627,0.15487373,-0.75505066,0.58756715,-0.144314,0,chr2:24083716:body_of_pancreas:0,TN,0
6.5242963,1.1490339,0.35534227,-0.61352223,-0.28183618,-0.7508203,0.5772915,-0.10649446,0.4449488,0.7238627,1,chr17:25564506:thoracic_aorta:0,TP,1
5.09782,-1.8421706,0.06101276,0.8061405,0.17143625,0.5839514,-0.8113564,0.36431885,-0.49692842,0.19905293,1,chr9:42852316:spleen:1,TP,1
-1.3300121,-1.6155496,1.1092898,1.4552366,1.1864572,-0.06737314,0.4622801,-0.87039846,-1.0464554,0.09766216,1,chr16:4273965:Peyers_patch:0,FN,0
-2.2140996,0.035540912,1.5710269,-1.9019486,0.24701536,0.5671632,-0.19564322,-0.36778826,-0.4019591,0.021491539,0,chr4:104860777:spleen:0,TN,0
-2.287969,-0.012237184,1.9870044,-0.41092065,0.37081712,-0.3057214,0.750994,0.48791727,0.11885982,0.29778755,0,chr9:470085:prostate_gland:0,TN,0
5.5354395,-0.18604177,-0.41380647,-0.14411044,0.3805999,0.17119263,-0.02011264,0.33522448,-0.48637328,0.7140796,1,chr19:4352840:tibial_artery:0,TP,1
0.60084456,0.768292,-0.15950528,0.45480755,0.6281162,-0.7350306,0.50608635,-1.5041538,0.8325681,-0.24638347,0,chr15:90956097:body_of_pancreas:0,TN,0
-3.2037282,0.9501478,-0.23231499,0.4795562,-0.6458224,-0.113172986,-0.9254016,0.08531474,0.24384989,-0.09283618,0,chr15:59493200:tibial_artery:0,TN,0
3.5201898,-2.5626268,0.02602544,0.8640541,-0.26939282,0.8829727,-0.39634806,-0.054715015,-0.80974126,-0.24646796,1,chr1:20575428:prostate_gland:0,TP,1
-3.028058,0.27633777,1.1414919,0.3869566,-0.41489553,-0.27514565,-0.20698005,0.7635404,-0.5636893,0.21619804,0,chr2:58241433:upper_lobe_of_left_lung:0,TN,0
-2.680364,1.5662996,-0.71111566,0.48185977,-0.38466012,-0.41529378,-0.380849,-0.24655727,0.051323246,-0.52727664,1,chr1:94599535:adrenal_gland:0,FN,0
6.9636006,0.5077869,1.0364728,-0.1807081,-1.1313972,-0.40811312,0.20964411,-0.5668016,0.30910274,0.54171497,0,chr15:21284673:esophagus_muscularis_mucosa:0,FP,1
4.163683,0.4744537,-0.6927508,-0.35127646,-0.6676644,0.6126931,-0.21704403,0.5388008,-0.8604857,1.3337984,1,chr7:73725711:esophagus_muscularis_mucosa:0,TP,1
-1.7223378,1.1486562,0.04857604,0.67231613,-1.5107503,0.21849872,0.24567713,0.19215521,-0.30667734,-0.8982482,0,chr6:32700558:Peyers_patch:0,TN,0
-1.9817384,2.9528003,0.43381414,0.5728762,-0.0454179,0.10440291,-0.32611677,0.68664515,-0.0049494267,-0.5944268,1,chr16:4548780:body_of_pancreas:1,FN,0
-2.6883073,-2.4004238,-0.49922964,-0.92702633,-0.5938888,0.035488274,0.81298035,0.58587825,-0.15881795,-0.6902852,0,chr3:4712885:prostate_gland:0,TN,0
-1.9258041,-0.3886775,-0.14749219,1.9816921,0.21249168,-0.60069174,1.0972751,-0.6059764,-0.1969574,-0.44729027,0,chr10:124389232:sigmoid_colon:0,TN,0
5.8646593,0.2427067,0.056726597,-0.27802688,-0.41580507,-0.6266357,1.5885228,-0.2442782,0.7249821,0.4642988,1,chr8:44636977:Peyers_patch:0,TP,1
-2.7280064,-1.5786936,0.22511369,-1.038118,-0.83940524,0.3380972,0.7753493,0.611572,0.36846387,-0.6910637,0,chr1:51769068:esophagus_muscularis_mucosa:0,TN,0
-0.96259415,1.9143319,-1.1144954,-0.52157474,0.9280144,0.74910426,-0.7462771,-0.2949239,1.1352136,0.36460745,0,chr5:72164167:thoracic_aorta:0,TN,0
-3.3728104,0.005349716,1.226171,0.24070509,-0.31122315,-0.36903274,0.05718925,0.982011,-0.0061682765,0.18807119,0,chr1:156385652:tibial_artery:0,TN,0
6.76898,-0.3628939,0.17050903,-0.4230264,-0.53903806,-1.0993443,0.03531899,-0.11883045,-0.33890948,0.02819846,1,chr17:22909996:sigmoid_colon:0,TP,1
-2.6577497,0.70525867,1.2200296,-1.2737135,-0.36211523,0.3297625,-0.6968609,-0.030394552,-0.25891936,-0.34485957,0,chr13:40653727:esophagus_squamous_epithelium:0,TN,0
-1.3631691,1.1031464,-1.3633243,-0.8414377,0.27247536,-0.10682025,0.41274405,-0.3181102,0.07719046,-0.13542014,0,chr19:49199376:adrenal_gland:0,TN,0
-2.950606,-1.2440354,0.04172636,1.1629285,0.19581826,-0.31182933,-0.42972255,0.64694726,0.14082623,-0.0669298,0,chr18:76983624:Peyers_patch:0,TN,0
-1.4923433,1.7915775,-0.22991379,0.06692928,0.20264105,0.6695233,-0.43207774,-0.49654755,0.30045912,-0.46251968,0,chr15:52449656:gastrocnemius_medialis:0,TN,0
-1.1147919,2.7520962,-0.7367077,0.25293726,-0.30320817,-0.34775585,-1.4247063,0.45288828,-0.34457228,-0.7381456,0,chr12:117837661:esophagus_muscularis_mucosa:0,TN,0
-2.8811574,-1.5554944,-0.5008505,0.26763186,-0.105766736,-0.3704601,-0.18805084,-0.8136179,-0.21745493,0.46924698,0,chr5:175617565:spleen:0,TN,0
4.449388,-0.7731417,-0.45698732,0.40301412,0.51876765,0.35030374,0.113620885,-0.41643974,-0.08272261,-0.6804613,1,chr17:21322644:body_of_pancreas:0,TP,1
1.6288811,-1.7490036,-1.9025751,0.84423035,-1.094212,1.4449964,-0.8368828,0.17203736,0.045114018,0.25452664,1,chr6:43386692:Peyers_patch:0,TP,1
-1.3908186,2.62165,-1.1097304,0.0052598095,-0.035312716,0.04634481,0.4462788,-0.17698984,-0.33951437,0.06357962,0,chr14:102063059:thoracic_aorta:0,TN,0
-1.7027537,0.72571677,-1.5731636,0.0817521,-1.0093358,-0.07107583,-0.13612227,-0.39835116,0.30413592,0.05903514,0,chr5:34465583:Peyers_patch:0,TN,0
6.799597,0.18573777,0.42249656,-0.43562093,0.1409446,-0.5939472,-0.21702054,-0.07783344,0.19457284,-0.12144094,1,chr16:57628854:body_of_pancreas:0,TP,1
2.611992,-1.3187767,-0.5714572,0.7661445,1.5194153,-0.20608859,-0.08059742,-0.51284325,-0.077216394,-0.5264384,0,chr4:1200797:upper_lobe_of_left_lung:0,FP,1
-1.7015558,2.048571,-0.9974923,-0.2677718,0.5367963,-0.21628915,0.4374162,-0.604436,-0.9727149,0.42946586,1,chr10:86410550:body_of_pancreas:0,FN,0
-2.19014,1.1411815,1.8089664,0.695805,0.6029542,-0.15032418,0.3400152,0.6297326,-0.08751428,0.19506125,0,chr6:167351302:Peyers_patch:0,TN,0
