confusion_category,position_relative_to_snv,mean_attention,plot_attention,baseline
FN,-256,0.009654588047415018,0.009654588047415018,0.0
FN,-255,0.009409106294624507,0.009409106294624507,0.0
FN,-254,0.009400878841988742,0.009400878841988742,0.0
FN,-253,0.00939748013857752,0.00939748013857752,0.0
FN,-252,0.00950652102008462,0.00950652102008462,0.0
FN,-251,0.00936978027690202,0.00936978027690202,0.0
FN,-250,0.009105072948150337,0.009105072948150337,0.0
FN,-249,0.00908420855179429,0.00908420855179429,0.0
FN,-248,0.009028700781054794,0.009028700781054794,0.0
FN,-247,0.00898744178004563,0.00898744178004563,0.0
FN,-246,0.008997492697089911,0.008997492697089911,0.0
FN,-245,0.00901547096669674,0.00901547096669674,0.0
FN,-244,0.008968073148280383,0.008968073148280383,0.0
FN,-243,0.008939014957286417,0.008939014957286417,0.0
FN,-242,0.00908513214904815,0.00908513214904815,0.0
FN,-241,0.00915125620085746,0.00915125620085746,0.0
FN,-240,0.009238627357408404,0.009238627357408404,0.0
FN,-239,0.009332776749506593,0.009332776749506593,0.0
FN,-238,0.009361512688919903,0.009361512688919903,0.0
FN,-237,0.00941601383499801,0.00941601383499801,0.0
FN,-236,0.009356348509900272,0.009356348509900272,0.0
FN,-235,0.009319751015864313,0.009319751015864313,0.0
FN,-234,0.009300695173442364,0.009300695173442364,0.0
FN,-233,0.009284280072897673,0.009284280072897673,0.0
FN,-232,0.009297596616670489,0.009297596616670489,0.0
FN,-231,0.009355649300850928,0.009355649300850928,0.0
FN,-230,0.009361604982987047,0.009361604982987047,0.0
FN,-229,0.009376044594682753,0.009376044594682753,0.0
FN,-228,0.00942303574178368,0.00942303574178368,0.0
FN,-227,0.009363815668039024,0.009363815668039024,0.0
FN,-226,0.009352701962925494,0.009352701962925494,0.0
FN,-225,0.00933625445701182,0.00933625445701182,0.0
FN,-224,0.009440065249800683,0.009440065249800683,0.0
FN,-223,0.009491074611432851,0.009491074611432851,0.0
FN,-222,0.009511491111479699,0.009511491111479699,0.0
FN,-221,0.009476366178132594,0.009476366178132594,0.0
FN,-220,0.009403452002443373,0.009403452002443373,0.0
FN,-219,0.009348637880757451,0.009348637880757451,0.0
FN,-218,0.009378359620459378,0.009378359620459378,0.0
FN,-217,0.00945357168558985,0.00945357168558985,0.0
FN,-216,0.009458772651851178,0.009458772651851178,0.0
FN,-215,0.009420342403464019,0.009420342403464019,0.0
FN,-214,0.009416760853491723,0.009416760853491723,0.0
FN,-213,0.009496804773807526,0.009496804773807526,0.0
FN,-212,0.009645023155026139,0.009645023155026139,0.0
FN,-211,0.009682661341503262,0.009682661341503262,0.0
FN,-210,0.009548205351457,0.009548205351457,0.0
FN,-209,0.009522575088776648,0.009522575088776648,0.0
FN,-208,0.009547206261195242,0.009547206261195242,0.0
FN,-207,0.00960579736623913,0.00960579736623913,0.0
FN,-206,0.00968283072579652,0.00968283072579652,0.0
FN,-205,0.009643983687274158,0.009643983687274158,0.0
FN,-204,0.009656126461923122,0.009656126461923122,0.0
FN,-203,0.009585546152666212,0.009585546152666212,0.0
FN,-202,0.009474024092778564,0.009474024092778564,0.0
FN,-201,0.00941506796516478,0.00941506796516478,0.0
FN,-200,0.009304193644784391,0.009304193644784391,0.0
FN,-199,0.009333150926977396,0.009333150926977396,0.0
FN,-198,0.009357905751094221,0.009357905751094221,0.0
FN,-197,0.009395596957765519,0.009395596957765519,0.0
FN,-196,0.009320826213806867,0.009320826213806867,0.0
FN,-195,0.009369201892986893,0.009369201892986893,0.0
FN,-194,0.009457084247842432,0.009457084247842432,0.0
FN,-193,0.009527646969072521,0.009527646969072521,0.0
FN,-192,0.009457040322013199,0.009457040322013199,0.0
FN,-191,0.009522234625183045,0.009522234625183045,0.0
FN,-190,0.00958063397090882,0.00958063397090882,0.0
FN,-189,0.009697223175317049,0.009697223175317049,0.0
FN,-188,0.009711231393739582,0.009711231393739582,0.0
FN,-187,0.009701878442429005,0.009701878442429005,0.0
FN,-186,0.009746621274389326,0.009746621274389326,0.0
FN,-185,0.00982535413466394,0.00982535413466394,0.0
FN,-184,0.009946223162114621,0.009946223162114621,0.0
FN,-183,0.009871583972126246,0.009871583972126246,0.0
FN,-182,0.009832717105746269,0.009832717105746269,0.0
FN,-181,0.009857147843576967,0.009857147843576967,0.0
FN,-180,0.009895681226626039,0.009895681226626039,0.0
FN,-179,0.009968566182069481,0.009968566182069481,0.0
FN,-178,0.009937993995845319,0.009937993995845319,0.0
FN,-177,0.009882380166091024,0.009882380166091024,0.0
FN,-176,0.009846895164810122,0.009846895164810122,0.0
FN,-175,0.009748579594306648,0.009748579594306648,0.0
FN,-174,0.009742634114809334,0.009742634114809334,0.0
FN,-173,0.009683686941862106,0.009683686941862106,0.0
FN,-172,0.009522536289878189,0.009522536289878189,0.0
FN,-171,0.00955827093217522,0.00955827093217522,0.0
FN,-170,0.009727504323236644,0.009727504323236644,0.0
FN,-169,0.009776014070957899,0.009776014070957899,0.0
FN,-168,0.00970554352272302,0.00970554352272302,0.0
FN,-167,0.009735834249295295,0.009735834249295295,0.0
FN,-166,0.00976376687642187,0.00976376687642187,0.0
FN,-165,0.009840628821402788,0.009840628821402788,0.0
FN,-164,0.009855661639012397,0.009855661639012397,0.0
FN,-163,0.009770354814827442,0.009770354814827442,0.0
FN,-162,0.009645814979448915,0.009645814979448915,0.0
FN,-161,0.009683139068074524,0.009683139068074524,0.0
FN,-160,0.009641630132682622,0.009641630132682622,0.0
FN,-159,0.009637179137207567,0.009637179137207567,0.0
FN,-158,0.009544890969991685,0.009544890969991685,0.0
FN,-157,0.009610825800336897,0.009610825800336897,0.0
FN,-156,0.009564923183061182,0.009564923183061182,0.0
FN,-155,0.009574226015247404,0.009574226015247404,0.0
FN,-154,0.009603534201160073,0.009603534201160073,0.0
FN,-153,0.009503244464285672,0.009503244464285672,0.0
FN,-152,0.009579408741556108,0.009579408741556108,0.0
FN,-151,0.009603263665921987,0.009603263665921987,0.0
FN,-150,0.009774921974167228,0.009774921974167228,0.0
FN,-149,0.00980812850408256,0.00980812850408256,0.0
FN,-148,0.009882435859180987,0.009882435859180987,0.0
FN,-147,0.009911687709391118,0.009911687709391118,0.0
FN,-146,0.009900834872387349,0.009900834872387349,0.0
FN,-145,0.010080231516622008,0.010080231516622008,0.0
FN,-144,0.009952664221636952,0.009952664221636952,0.0
FN,-143,0.009939634087495507,0.009939634087495507,0.0
FN,-142,0.00997027068398893,0.00997027068398893,0.0
FN,-141,0.009789967816323042,0.009789967816323042,0.0
FN,-140,0.00978708226699382,0.00978708226699382,0.0
FN,-139,0.009790041125379503,0.009790041125379503,0.0
FN,-138,0.009732580916024745,0.009732580916024745,0.0
FN,-137,0.009802991705946625,0.009802991705946625,0.0
FN,-136,0.009878738727420568,0.009878738727420568,0.0
FN,-135,0.009794330019503831,0.009794330019503831,0.0
FN,-134,0.009834282728843392,0.009834282728843392,0.0
FN,-133,0.009752504769712686,0.009752504769712686,0.0
FN,-132,0.009695891900919377,0.009695891900919377,0.0
FN,-131,0.00970580190885812,0.00970580190885812,0.0
FN,-130,0.009785987115465104,0.009785987115465104,0.0
FN,-129,0.009783924422226847,0.009783924422226847,0.0
FN,-128,0.009763662256300449,0.009763662256300449,0.0
FN,-127,0.009751902827993035,0.009751902827993035,0.0
FN,-126,0.009633967941626907,0.009633967941626907,0.0
FN,-125,0.009666034164838492,0.009666034164838492,0.0
FN,-124,0.009653844935819507,0.009653844935819507,0.0
FN,-123,0.009723304864019155,0.009723304864019155,0.0
FN,-122,0.009766239998862147,0.009766239998862147,0.0
FN,-121,0.00973499440588057,0.00973499440588057,0.0
FN,-120,0.009798741927370428,0.009798741927370428,0.0
FN,-119,0.009840659573674202,0.009840659573674202,0.0
FN,-118,0.00988770552445203,0.00988770552445203,0.0
FN,-117,0.009858024371787906,0.009858024371787906,0.0
FN,-116,0.009863648526370526,0.009863648526370526,0.0
FN,-115,0.009780950671993196,0.009780950671993196,0.0
FN,-114,0.009716599378734828,0.009716599378734828,0.0
FN,-113,0.009752902481704951,0.009752902481704951,0.0
FN,-112,0.009644209193065762,0.009644209193065762,0.0
FN,-111,0.009745020130649209,0.009745020130649209,0.0
FN,-110,0.009706254196353258,0.009706254196353258,0.0
FN,-109,0.009739605062641203,0.009739605062641203,0.0
FN,-108,0.009782880283892155,0.009782880283892155,0.0
FN,-107,0.009721339433453977,0.009721339433453977,0.0
FN,-106,0.00975077302660793,0.00975077302660793,0.0
FN,-105,0.009706402462907136,0.009706402462907136,0.0
FN,-104,0.009648088715039194,0.009648088715039194,0.0
FN,-103,0.009690491082146764,0.009690491082146764,0.0
FN,-102,0.009771723370067775,0.009771723370067775,0.0
FN,-101,0.009824767955578864,0.009824767955578864,0.0
FN,-100,0.009865855947136879,0.009865855947136879,0.0
FN,-99,0.009912712522782386,0.009912712522782386,0.0
FN,-98,0.009930438981391489,0.009930438981391489,0.0
FN,-97,0.009898475147783756,0.009898475147783756,0.0
FN,-96,0.009903271193616092,0.009903271193616092,0.0
FN,-95,0.009978016233071684,0.009978016233071684,0.0
FN,-94,0.009901763196103275,0.009901763196103275,0.0
FN,-93,0.009819022035226227,0.009819022035226227,0.0
FN,-92,0.009803855512291192,0.009803855512291192,0.0
FN,-91,0.009791797320358455,0.009791797320358455,0.0
FN,-90,0.009789663176052272,0.009789663176052272,0.0
FN,-89,0.009729177132248879,0.009729177132248879,0.0
FN,-88,0.009837994682602585,0.009837994682602585,0.0
FN,-87,0.009917760756798089,0.009917760756798089,0.0
FN,-86,0.010006291074678302,0.010006291074678302,0.0
FN,-85,0.009873201334849,0.009873201334849,0.0
FN,-84,0.009811139055527747,0.009811139055527747,0.0
FN,-83,0.009755285261198877,0.009755285261198877,0.0
FN,-82,0.009714293293654919,0.009714293293654919,0.0
FN,-81,0.00972262395080179,0.00972262395080179,0.0
FN,-80,0.009693953334353864,0.009693953334353864,0.0
FN,-79,0.009696273384615779,0.009696273384615779,0.0
FN,-78,0.009732481725513935,0.009732481725513935,0.0
FN,-77,0.009635894699022174,0.009635894699022174,0.0
FN,-76,0.009743729569017888,0.009743729569017888,0.0
FN,-75,0.009663870306685567,0.009663870306685567,0.0
FN,-74,0.009725656709633768,0.009725656709633768,0.0
FN,-73,0.00969227318186313,0.00969227318186313,0.0
FN,-72,0.009847202678211034,0.009847202678211034,0.0
FN,-71,0.009903668002225459,0.009903668002225459,0.0
FN,-70,0.010011961762793363,0.010011961762793363,0.0
FN,-69,0.010102737196721136,0.010102737196721136,0.0
FN,-68,0.010132879954762758,0.010132879954762758,0.0
FN,-67,0.010101283662952482,0.010101283662952482,0.0
FN,-66,0.010142836165614426,0.010142836165614426,0.0
FN,-65,0.01005057007074356,0.01005057007074356,0.0
FN,-64,0.010077794082462788,0.010077794082462788,0.0
FN,-63,0.010086642946116626,0.010086642946116626,0.0
FN,-62,0.010086093358695506,0.010086093358695506,0.0
FN,-61,0.010235100416466594,0.010235100416466594,0.0
FN,-60,0.01021913357079029,0.01021913357079029,0.0
FN,-59,0.010183170670643449,0.010183170670643449,0.0
FN,-58,0.010106302709318697,0.010106302709318697,0.0
FN,-57,0.010170190976932645,0.010170190976932645,0.0
FN,-56,0.010161751825362443,0.010161751825362443,0.0
FN,-55,0.0101895243069157,0.0101895243069157,0.0
FN,-54,0.010198461669497193,0.010198461669497193,0.0
FN,-53,0.010133980847895145,0.010133980847895145,0.0
FN,-52,0.010229452396743,0.010229452396743,0.0
FN,-51,0.010260850568301975,0.010260850568301975,0.0
FN,-50,0.010180334728211164,0.010180334728211164,0.0
FN,-49,0.010029268111102283,0.010029268111102283,0.0
FN,-48,0.00997132368851453,0.00997132368851453,0.0
FN,-47,0.009823738504201174,0.009823738504201174,0.0
FN,-46,0.009884254368953406,0.009884254368953406,0.0
FN,-45,0.010058277444913983,0.010058277444913983,0.0
FN,-44,0.010115402946248651,0.010115402946248651,0.0
FN,-43,0.010233696461655199,0.010233696461655199,0.0
FN,-42,0.010256445840932429,0.010256445840932429,0.0
FN,-41,0.010173685005865992,0.010173685005865992,0.0
FN,-40,0.010210820729844272,0.010210820729844272,0.0
FN,-39,0.01018146292772144,0.01018146292772144,0.0
FN,-38,0.010207433877512813,0.010207433877512813,0.0
FN,-37,0.010206523980014027,0.010206523980014027,0.0
FN,-36,0.010062184841372073,0.010062184841372073,0.0
FN,-35,0.010115416035987437,0.010115416035987437,0.0
FN,-34,0.010311991847120226,0.010311991847120226,0.0
FN,-33,0.010383722051046788,0.010383722051046788,0.0
FN,-32,0.01046558746136725,0.01046558746136725,0.0
FN,-31,0.010525316055864096,0.010525316055864096,0.0
FN,-30,0.01061523873358965,0.01061523873358965,0.0
FN,-29,0.010590845476835966,0.010590845476835966,0.0
FN,-28,0.010484442436136306,0.010484442436136306,0.0
FN,-27,0.010499403229914606,0.010499403229914606,0.0
FN,-26,0.010576684311963618,0.010576684311963618,0.0
FN,-25,0.010642385953105985,0.010642385953105985,0.0
FN,-24,0.010701480060815812,0.010701480060815812,0.0
FN,-23,0.010874714329838752,0.010874714329838752,0.0
FN,-22,0.010743175931274891,0.010743175931274891,0.0
FN,-21,0.010849230824969709,0.010849230824969709,0.0
FN,-20,0.010735838655382395,0.010735838655382395,0.0
FN,-19,0.01068494810257107,0.01068494810257107,0.0
FN,-18,0.010578990508802235,0.010578990508802235,0.0
FN,-17,0.010596552584320306,0.010596552584320306,0.0
FN,-16,0.010464755636639893,0.010464755636639893,0.0
FN,-15,0.010464522456750273,0.010464522456750273,0.0
FN,-14,0.01043926942627877,0.01043926942627877,0.0
FN,-13,0.010489712641574443,0.010489712641574443,0.0
FN,-12,0.01057130382861942,0.01057130382861942,0.0
FN,-11,0.010611271550878883,0.010611271550878883,0.0
FN,-10,0.010577989062294364,0.010577989062294364,0.0
FN,-9,0.010597484465688468,0.010597484465688468,0.0
FN,-8,0.010591014795936644,0.010591014795936644,0.0
FN,-7,0.01074166369624436,0.01074166369624436,0.0
FN,-6,0.010737565127201379,0.010737565127201379,0.0
FN,-5,0.010693864044733346,0.010693864044733346,0.0
FN,-4,0.010567244966514408,0.010567244966514408,0.0
FN,-3,0.010664625205099582,0.010664625205099582,0.0
FN,-2,0.010525270397774875,0.010525270397774875,0.0
FN,-1,0.010498145576566458,0.010498145576566458,0.0
FN,0,0.010396869219839573,0.010396869219839573,0.0
FN,1,0.01040261480025947,0.01040261480025947,0.0
FN,2,0.010341836488805711,0.010341836488805711,0.0
FN,3,0.010308578805997969,0.010308578805997969,0.0
FN,4,0.010266679963096976,0.010266679963096976,0.0
FN,5,0.010204737135209143,0.010204737135209143,0.0
FN,6,0.010319091496057808,0.010319091496057808,0.0
FN,7,0.010317716826684774,0.010317716826684774,0.0
FN,8,0.01032743077725172,0.01032743077725172,0.0
FN,9,0.010284112417139113,0.010284112417139113,0.0
FN,10,0.010288706761784852,0.010288706761784852,0.0
FN,11,0.010238748001866043,0.010238748001866043,0.0
FN,12,0.010189468362368644,0.010189468362368644,0.0
FN,13,0.010167025695554912,0.010167025695554912,0.0
FN,14,0.010203803302720188,0.010203803302720188,0.0
FN,15,0.01008618602529168,0.01008618602529168,0.0
FN,16,0.010143627687357366,0.010143627687357366,0.0
FN,17,0.010150059345178306,0.010150059345178306,0.0
FN,18,0.010036899400874972,0.010036899400874972,0.0
FN,19,0.010004932638257741,0.010004932638257741,0.0
FN,20,0.010031174533069134,0.010031174533069134,0.0
FN,21,0.010015965853817761,0.010015965853817761,0.0
FN,22,0.01003784973639995,0.01003784973639995,0.0
FN,23,0.010143343987874687,0.010143343987874687,0.0
FN,24,0.010229023164138198,0.010229023164138198,0.0
FN,25,0.010272936951369048,0.010272936951369048,0.0
FN,26,0.010217696251347662,0.010217696251347662,0.0
FN,27,0.010292581552639603,0.010292581552639603,0.0
FN,28,0.010375907667912543,0.010375907667912543,0.0
FN,29,0.010241571892984212,0.010241571892984212,0.0
FN,30,0.010146276955492795,0.010146276955492795,0.0
FN,31,0.010094215800054372,0.010094215800054372,0.0
FN,32,0.010103567526675761,0.010103567526675761,0.0
FN,33,0.010200979565270244,0.010200979565270244,0.0
FN,34,0.010244182967580855,0.010244182967580855,0.0
FN,35,0.010291935536079109,0.010291935536079109,0.0
FN,36,0.010288921669125557,0.010288921669125557,0.0
FN,37,0.010301942909136415,0.010301942909136415,0.0
FN,38,0.010222225189208985,0.010222225189208985,0.0
FN,39,0.010253857960924507,0.010253857960924507,0.0
FN,40,0.010207525081932544,0.010207525081932544,0.0
FN,41,0.01017070042900741,0.01017070042900741,0.0
FN,42,0.010214449330233038,0.010214449330233038,0.0
FN,43,0.010286638988181948,0.010286638988181948,0.0
FN,44,0.010282715288922191,0.010282715288922191,0.0
FN,45,0.010292193060740829,0.010292193060740829,0.0
FN,46,0.010271230526268483,0.010271230526268483,0.0
FN,47,0.010240240315906703,0.010240240315906703,0.0
FN,48,0.010179231809452176,0.010179231809452176,0.0
FN,49,0.010076928166672588,0.010076928166672588,0.0
FN,50,0.010133484280668199,0.010133484280668199,0.0
FN,51,0.010048264088109136,0.010048264088109136,0.0
FN,52,0.010001059686765075,0.010001059686765075,0.0
FN,53,0.010054587689228355,0.010054587689228355,0.0
FN,54,0.010049853106029332,0.010049853106029332,0.0
FN,55,0.010055794878862798,0.010055794878862798,0.0
FN,56,0.00994881596416235,0.00994881596416235,0.0
FN,57,0.009753007944673299,0.009753007944673299,0.0
FN,58,0.00986760578583926,0.00986760578583926,0.0
FN,59,0.010080184186808765,0.010080184186808765,0.0
FN,60,0.010094742714427412,0.010094742714427412,0.0
FN,61,0.010095596350729465,0.010095596350729465,0.0
FN,62,0.01010529519058764,0.01010529519058764,0.0
FN,63,0.01014505869243294,0.01014505869243294,0.0
FN,64,0.009908918146975339,0.009908918146975339,0.0
FN,65,0.009780699368566275,0.009780699368566275,0.0
FN,66,0.009665422919206322,0.009665422919206322,0.0
FN,67,0.009636154528707266,0.009636154528707266,0.0
FN,68,0.009646047144196928,0.009646047144196928,0.0
FN,69,0.009711782690137625,0.009711782690137625,0.0
FN,70,0.009770670174621045,0.009770670174621045,0.0
FN,71,0.009719720729626714,0.009719720729626714,0.0
FN,72,0.009746676129288971,0.009746676129288971,0.0
FN,73,0.009876194051466882,0.009876194051466882,0.0
FN,74,0.009972336436621845,0.009972336436621845,0.0
FN,75,0.010023633823730052,0.010023633823730052,0.0
FN,76,0.009984485590830445,0.009984485590830445,0.0
FN,77,0.009936671047471464,0.009936671047471464,0.0
FN,78,0.009928459050133825,0.009928459050133825,0.0
FN,79,0.009868472423404455,0.009868472423404455,0.0
FN,80,0.009827229864895344,0.009827229864895344,0.0
FN,81,0.009915007194504142,0.009915007194504142,0.0
FN,82,0.00987158038187772,0.00987158038187772,0.0
FN,83,0.009868597104214132,0.009868597104214132,0.0
FN,84,0.009943437953479588,0.009943437953479588,0.0
FN,85,0.009980968087911607,0.009980968087911607,0.0
FN,86,0.010001421398483217,0.010001421398483217,0.0
FN,87,0.009970866115763784,0.009970866115763784,0.0
FN,88,0.009965386432595551,0.009965386432595551,0.0
FN,89,0.010007196948863565,0.010007196948863565,0.0
FN,90,0.010020309188403189,0.010020309188403189,0.0
FN,91,0.010012409663759173,0.010012409663759173,0.0
FN,92,0.010004928964190186,0.010004928964190186,0.0
FN,93,0.009796336330473422,0.009796336330473422,0.0
FN,94,0.009871860197745264,0.009871860197745264,0.0
FN,95,0.00974401084240526,0.00974401084240526,0.0
FN,96,0.009696325254626572,0.009696325254626572,0.0
FN,97,0.009754603966139258,0.009754603966139258,0.0
FN,98,0.00966234587598592,0.00966234587598592,0.0
FN,99,0.009621485900133848,0.009621485900133848,0.0
FN,100,0.009751085769385099,0.009751085769385099,0.0
FN,101,0.009786880235187709,0.009786880235187709,0.0
FN,102,0.009724334357306361,0.009724334357306361,0.0
FN,103,0.00972630845848471,0.00972630845848471,0.0
FN,104,0.009679614179767669,0.009679614179767669,0.0
FN,105,0.009787275046110154,0.009787275046110154,0.0
FN,106,0.009830183410085737,0.009830183410085737,0.0
FN,107,0.009825093406252563,0.009825093406252563,0.0
FN,108,0.009826865973882376,0.009826865973882376,0.0
FN,109,0.009745698207989335,0.009745698207989335,0.0
FN,110,0.009774553794413806,0.009774553794413806,0.0
FN,111,0.009751798301003874,0.009751798301003874,0.0
FN,112,0.009689414273016155,0.009689414273016155,0.0
FN,113,0.009612086210399867,0.009612086210399867,0.0
FN,114,0.00957847966812551,0.00957847966812551,0.0
FN,115,0.009647927135229111,0.009647927135229111,0.0
FN,116,0.00964913611765951,0.00964913611765951,0.0
FN,117,0.00960776511579752,0.00960776511579752,0.0
FN,118,0.009667999218218029,0.009667999218218029,0.0
FN,119,0.009573431108146907,0.009573431108146907,0.0
FN,120,0.009505900125950574,0.009505900125950574,0.0
FN,121,0.009517997307702898,0.009517997307702898,0.0
FN,122,0.009582201116718352,0.009582201116718352,0.0
FN,123,0.00945509604178369,0.00945509604178369,0.0
FN,124,0.009468520800583064,0.009468520800583064,0.0
FN,125,0.00944125042296946,0.00944125042296946,0.0
FN,126,0.009466263465583324,0.009466263465583324,0.0
FN,127,0.0096391566330567,0.0096391566330567,0.0
FN,128,0.009679764704778791,0.009679764704778791,0.0
FN,129,0.009698943682014943,0.009698943682014943,0.0
FN,130,0.009640768696554005,0.009640768696554005,0.0
FN,131,0.009680747035890818,0.009680747035890818,0.0
FN,132,0.009657995267771185,0.009657995267771185,0.0
FN,133,0.009749728674069046,0.009749728674069046,0.0
FN,134,0.00966211311519146,0.00966211311519146,0.0
FN,135,0.009748749304562807,0.009748749304562807,0.0
FN,136,0.009826400466263294,0.009826400466263294,0.0
FN,137,0.00993078670464456,0.00993078670464456,0.0
FN,138,0.00983517596963793,0.00983517596963793,0.0
FN,139,0.009842122220434249,0.009842122220434249,0.0
FN,140,0.00978526557330042,0.00978526557330042,0.0
FN,141,0.009722364908084273,0.009722364908084273,0.0
FN,142,0.009640690768137575,0.009640690768137575,0.0
FN,143,0.00952340692281723,0.00952340692281723,0.0
FN,144,0.009439566605724394,0.009439566605724394,0.0
FN,145,0.009476850386708974,0.009476850386708974,0.0
FN,146,0.009523075227625667,0.009523075227625667,0.0
FN,147,0.009535202286206185,0.009535202286206185,0.0
FN,148,0.009721086006611585,0.009721086006611585,0.0
FN,149,0.009671280630864204,0.009671280630864204,0.0
FN,150,0.00960257309023291,0.00960257309023291,0.0
FN,151,0.009634830639697611,0.009634830639697611,0.0
FN,152,0.009604706666432322,0.009604706666432322,0.0
FN,153,0.009603642434813082,0.009603642434813082,0.0
FN,154,0.009624866642989218,0.009624866642989218,0.0
FN,155,0.009638986303471028,0.009638986303471028,0.0
FN,156,0.009647472235374153,0.009647472235374153,0.0
FN,157,0.009672849788330495,0.009672849788330495,0.0
FN,158,0.009615498720668256,0.009615498720668256,0.0
FN,159,0.009682337883859873,0.009682337883859873,0.0
FN,160,0.00970909722149372,0.00970909722149372,0.0
FN,161,0.009726905366405844,0.009726905366405844,0.0
FN,162,0.009640116528607905,0.009640116528607905,0.0
FN,163,0.009743646956048907,0.009743646956048907,0.0
FN,164,0.009713606601580977,0.009713606601580977,0.0
FN,165,0.009708167593926191,0.009708167593926191,0.0
FN,166,0.009664014810696245,0.009664014810696245,0.0
FN,167,0.009549640151672065,0.009549640151672065,0.0
FN,168,0.009550305535085499,0.009550305535085499,0.0
FN,169,0.009469729117117822,0.009469729117117822,0.0
FN,170,0.009462481243535876,0.009462481243535876,0.0
FN,171,0.009598228321410716,0.009598228321410716,0.0
FN,172,0.009635379794053734,0.009635379794053734,0.0
FN,173,0.009638402629643678,0.009638402629643678,0.0
FN,174,0.009612233415246009,0.009612233415246009,0.0
FN,175,0.009605098241008818,0.009605098241008818,0.0
FN,176,0.009536324562504887,0.009536324562504887,0.0
FN,177,0.009610114581882954,0.009610114581882954,0.0
FN,178,0.009516169661656021,0.009516169661656021,0.0
FN,179,0.009650034932419657,0.009650034932419657,0.0
FN,180,0.009695373051799834,0.009695373051799834,0.0
FN,181,0.009770108615048229,0.009770108615048229,0.0
FN,182,0.009768235343508423,0.009768235343508423,0.0
FN,183,0.00971968837082386,0.00971968837082386,0.0
FN,184,0.009754179534502328,0.009754179534502328,0.0
FN,185,0.009758360949344933,0.009758360949344933,0.0
FN,186,0.009747758964076638,0.009747758964076638,0.0
FN,187,0.009725534161552786,0.009725534161552786,0.0
FN,188,0.009745036051608622,0.009745036051608622,0.0
FN,189,0.00969892187975347,0.00969892187975347,0.0
FN,190,0.009756931276060641,0.009756931276060641,0.0
FN,191,0.009813466058112681,0.009813466058112681,0.0
FN,192,0.009860374284908175,0.009860374284908175,0.0
FN,193,0.009859012407250702,0.009859012407250702,0.0
FN,194,0.009867117186076938,0.009867117186076938,0.0
FN,195,0.009820746332406998,0.009820746332406998,0.0
FN,196,0.009698116504587233,0.009698116504587233,0.0
FN,197,0.009650006662122906,0.009650006662122906,0.0
FN,198,0.009632174354046584,0.009632174354046584,0.0
FN,199,0.009612697968259453,0.009612697968259453,0.0
FN,200,0.00966863999608904,0.00966863999608904,0.0
FN,201,0.009558408544398845,0.009558408544398845,0.0
FN,202,0.009623378645628691,0.009623378645628691,0.0
FN,203,0.009690165305510163,0.009690165305510163,0.0
FN,204,0.009605554728768766,0.009605554728768766,0.0
FN,205,0.009544508205726743,0.009544508205726743,0.0
FN,206,0.009530477160587907,0.009530477160587907,0.0
FN,207,0.009434865950606764,0.009434865950606764,0.0
FN,208,0.009385370761156081,0.009385370761156081,0.0
FN,209,0.009424013807438314,0.009424013807438314,0.0
FN,210,0.009381545376963913,0.009381545376963913,0.0
FN,211,0.00947421575896442,0.00947421575896442,0.0
FN,212,0.009444975946098565,0.009444975946098565,0.0
FN,213,0.009399871113710106,0.009399871113710106,0.0
FN,214,0.009427501638419926,0.009427501638419926,0.0
FN,215,0.009464915618300438,0.009464915618300438,0.0
FN,216,0.009466812410391868,0.009466812410391868,0.0
FN,217,0.009448955873958767,0.009448955873958767,0.0
FN,218,0.00947717991657555,0.00947717991657555,0.0
FN,219,0.009506952334195375,0.009506952334195375,0.0
FN,220,0.009414436197839677,0.009414436197839677,0.0
FN,221,0.009467056724242867,0.009467056724242867,0.0
FN,222,0.009453523703850806,0.009453523703850806,0.0
FN,223,0.00948130619712174,0.00948130619712174,0.0
FN,224,0.009618826508522034,0.009618826508522034,0.0
FN,225,0.009485351075418293,0.009485351075418293,0.0
FN,226,0.009560110266320407,0.009560110266320407,0.0
FN,227,0.009618099126964808,0.009618099126964808,0.0
FN,228,0.009566219197586179,0.009566219197586179,0.0
FN,229,0.009564522728323937,0.009564522728323937,0.0
FN,230,0.00950604519341141,0.00950604519341141,0.0
FN,231,0.009595500058494508,0.009595500058494508,0.0
FN,232,0.009649040927179157,0.009649040927179157,0.0
FN,233,0.009690888905897737,0.009690888905897737,0.0
FN,234,0.009624005723744632,0.009624005723744632,0.0
FN,235,0.009605972142890096,0.009605972142890096,0.0
FN,236,0.009677399559877812,0.009677399559877812,0.0
FN,237,0.009533860352821649,0.009533860352821649,0.0
FN,238,0.009571496415883302,0.009571496415883302,0.0
FN,239,0.009542604042217136,0.009542604042217136,0.0
FN,240,0.009490195475518704,0.009490195475518704,0.0
FN,241,0.00951764519326389,0.00951764519326389,0.0
FN,242,0.00933245119638741,0.00933245119638741,0.0
FN,243,0.009289343180134892,0.009289343180134892,0.0
FN,244,0.00927638066932559,0.00927638066932559,0.0
FN,245,0.009393285769037902,0.009393285769037902,0.0
FN,246,0.009462273363023996,0.009462273363023996,0.0
FN,247,0.009490010938607156,0.009490010938607156,0.0
FN,248,0.00954657255206257,0.00954657255206257,0.0
FN,249,0.009886398231610655,0.009886398231610655,0.0
FN,250,0.010536707611754537,0.010536707611754537,0.0
FN,251,0.011444340865127743,0.011444340865127743,0.0
FN,252,0.01191742805764079,0.01191742805764079,0.0
FN,253,0.012212246819399298,0.012212246819399298,0.0
FN,254,0.01270403277594596,0.01270403277594596,0.0
FN,255,0.013822750505059957,0.013822750505059957,0.0
FN,256,0.017317512687295675,0.017317512687295675,0.0
FP,-256,0.009502195878885686,0.009502195878885686,0.0
FP,-255,0.009385839952155948,0.009385839952155948,0.0
FP,-254,0.009320198809728026,0.009320198809728026,0.0
FP,-253,0.009213539361953736,0.009213539361953736,0.0
FP,-252,0.00912727697752416,0.00912727697752416,0.0
FP,-251,0.008914336781017482,0.008914336781017482,0.0
FP,-250,0.008682539276778698,0.008682539276778698,0.0
FP,-249,0.008516855156049132,0.008516855156049132,0.0
FP,-248,0.008440548372454941,0.008440548372454941,0.0
FP,-247,0.008327357531525194,0.008327357531525194,0.0
FP,-246,0.008277835911139847,0.008277835911139847,0.0
FP,-245,0.008229935257695616,0.008229935257695616,0.0
FP,-244,0.008201624932698905,0.008201624932698905,0.0
FP,-243,0.008259066930040717,0.008259066930040717,0.0
FP,-242,0.008309243656694889,0.008309243656694889,0.0
FP,-241,0.008361232979223133,0.008361232979223133,0.0
FP,-240,0.008416336048394441,0.008416336048394441,0.0
FP,-239,0.00838184468448162,0.00838184468448162,0.0
FP,-238,0.008361913561820984,0.008361913561820984,0.0
FP,-237,0.008306732838973404,0.008306732838973404,0.0
FP,-236,0.008247661348432302,0.008247661348432302,0.0
FP,-235,0.008258463577367365,0.008258463577367365,0.0
FP,-234,0.008309729201719164,0.008309729201719164,0.0
FP,-233,0.008274176213890315,0.008274176213890315,0.0
FP,-232,0.00834732346702367,0.00834732346702367,0.0
FP,-231,0.008333814316429197,0.008333814316429197,0.0
FP,-230,0.008321517836302519,0.008321517836302519,0.0
FP,-229,0.008369631483219564,0.008369631483219564,0.0
FP,-228,0.008314437931403518,0.008314437931403518,0.0
FP,-227,0.008357607838697732,0.008357607838697732,0.0
FP,-226,0.008375931177288293,0.008375931177288293,0.0
FP,-225,0.008349952232092618,0.008349952232092618,0.0
FP,-224,0.008318501617759466,0.008318501617759466,0.0
FP,-223,0.008271732218563557,0.008271732218563557,0.0
FP,-222,0.008309804769232869,0.008309804769232869,0.0
FP,-221,0.008341263881884515,0.008341263881884515,0.0
FP,-220,0.008311687619425356,0.008311687619425356,0.0
FP,-219,0.008325939304195345,0.008325939304195345,0.0
FP,-218,0.00839720232412219,0.00839720232412219,0.0
FP,-217,0.008439902905374766,0.008439902905374766,0.0
FP,-216,0.008444230169989169,0.008444230169989169,0.0
FP,-215,0.008485827073454856,0.008485827073454856,0.0
FP,-214,0.008455723715014756,0.008455723715014756,0.0
FP,-213,0.008495096289552749,0.008495096289552749,0.0
FP,-212,0.008430540333501995,0.008430540333501995,0.0
FP,-211,0.00856385875493288,0.00856385875493288,0.0
FP,-210,0.008545655151829123,0.008545655151829123,0.0
FP,-209,0.008611189345829188,0.008611189345829188,0.0
FP,-208,0.008581865914165973,0.008581865914165973,0.0
FP,-207,0.00861094011925161,0.00861094011925161,0.0
FP,-206,0.008560562347993255,0.008560562347993255,0.0
FP,-205,0.008638189691118896,0.008638189691118896,0.0
FP,-204,0.00861738649662584,0.00861738649662584,0.0
FP,-203,0.008695470448583365,0.008695470448583365,0.0
FP,-202,0.008728315820917487,0.008728315820917487,0.0
FP,-201,0.008701139553450048,0.008701139553450048,0.0
FP,-200,0.00869585590902716,0.00869585590902716,0.0
FP,-199,0.008673996245488525,0.008673996245488525,0.0
FP,-198,0.008702295911498369,0.008702295911498369,0.0
FP,-197,0.00855825939681381,0.00855825939681381,0.0
FP,-196,0.008475161734968423,0.008475161734968423,0.0
FP,-195,0.008494220483116805,0.008494220483116805,0.0
FP,-194,0.008465676163323223,0.008465676163323223,0.0
FP,-193,0.00843237284105271,0.00843237284105271,0.0
FP,-192,0.008548492202535271,0.008548492202535271,0.0
FP,-191,0.008552949531003834,0.008552949531003834,0.0
FP,-190,0.008598760068416596,0.008598760068416596,0.0
FP,-189,0.008576641115359962,0.008576641115359962,0.0
FP,-188,0.00856852245517075,0.00856852245517075,0.0
FP,-187,0.008562465743161739,0.008562465743161739,0.0
FP,-186,0.008537583337165415,0.008537583337165415,0.0
FP,-185,0.008586717383004726,0.008586717383004726,0.0
FP,-184,0.00871756366454065,0.00871756366454065,0.0
FP,-183,0.008698514732532203,0.008698514732532203,0.0
FP,-182,0.008704047142527998,0.008704047142527998,0.0
FP,-181,0.008770533916540445,0.008770533916540445,0.0
FP,-180,0.008740842500701547,0.008740842500701547,0.0
FP,-179,0.008646573508158326,0.008646573508158326,0.0
FP,-178,0.008617431381717324,0.008617431381717324,0.0
FP,-177,0.008568204622715712,0.008568204622715712,0.0
FP,-176,0.008583217305131256,0.008583217305131256,0.0
FP,-175,0.008574657221324743,0.008574657221324743,0.0
FP,-174,0.00865013197530061,0.00865013197530061,0.0
FP,-173,0.008696900787763298,0.008696900787763298,0.0
FP,-172,0.008722546915523708,0.008722546915523708,0.0
FP,-171,0.008711906606331468,0.008711906606331468,0.0
FP,-170,0.008721176562830805,0.008721176562830805,0.0
FP,-169,0.008641996174119412,0.008641996174119412,0.0
FP,-168,0.008643381297588348,0.008643381297588348,0.0
FP,-167,0.008576574847102164,0.008576574847102164,0.0
FP,-166,0.008594397995620966,0.008594397995620966,0.0
FP,-165,0.008629341665655375,0.008629341665655375,0.0
FP,-164,0.008650544472038746,0.008650544472038746,0.0
FP,-163,0.008723956528119742,0.008723956528119742,0.0
FP,-162,0.008708598422817886,0.008708598422817886,0.0
FP,-161,0.008649508780799807,0.008649508780799807,0.0
FP,-160,0.008681028732098639,0.008681028732098639,0.0
FP,-159,0.008587645031511784,0.008587645031511784,0.0
FP,-158,0.008509783116169274,0.008509783116169274,0.0
FP,-157,0.00850280308164656,0.00850280308164656,0.0
FP,-156,0.008507888480089605,0.008507888480089605,0.0
FP,-155,0.008601785767823458,0.008601785767823458,0.0
FP,-154,0.008678716160356998,0.008678716160356998,0.0
FP,-153,0.008599093351513147,0.008599093351513147,0.0
FP,-152,0.008635878725908697,0.008635878725908697,0.0
FP,-151,0.008639254169538617,0.008639254169538617,0.0
FP,-150,0.008656257884576917,0.008656257884576917,0.0
FP,-149,0.008667195895686746,0.008667195895686746,0.0
FP,-148,0.008728048256598413,0.008728048256598413,0.0
FP,-147,0.008690810180269182,0.008690810180269182,0.0
FP,-146,0.00874998322688043,0.00874998322688043,0.0
FP,-145,0.008723273742944002,0.008723273742944002,0.0
FP,-144,0.008740356895141304,0.008740356895141304,0.0
FP,-143,0.00878706223797053,0.00878706223797053,0.0
FP,-142,0.008805971839465201,0.008805971839465201,0.0
FP,-141,0.008882304122671485,0.008882304122671485,0.0
FP,-140,0.009029834382236004,0.009029834382236004,0.0
FP,-139,0.008987524029798806,0.008987524029798806,0.0
FP,-138,0.009021999705582857,0.009021999705582857,0.0
FP,-137,0.009085533069446683,0.009085533069446683,0.0
FP,-136,0.009215552001260221,0.009215552001260221,0.0
FP,-135,0.00922458615154028,0.00922458615154028,0.0
FP,-134,0.00925104540772736,0.00925104540772736,0.0
FP,-133,0.009072395106777549,0.009072395106777549,0.0
FP,-132,0.009095321311615407,0.009095321311615407,0.0
FP,-131,0.00910446741618216,0.00910446741618216,0.0
FP,-130,0.009003565809689463,0.009003565809689463,0.0
FP,-129,0.009077941556461156,0.009077941556461156,0.0
FP,-128,0.009111684793606401,0.009111684793606401,0.0
FP,-127,0.00920354322064668,0.00920354322064668,0.0
FP,-126,0.009125239686109126,0.009125239686109126,0.0
FP,-125,0.00931857599876821,0.00931857599876821,0.0
FP,-124,0.009313428872264922,0.009313428872264922,0.0
FP,-123,0.009400194096378982,0.009400194096378982,0.0
FP,-122,0.009380973638035356,0.009380973638035356,0.0
FP,-121,0.00945503835566342,0.00945503835566342,0.0
FP,-120,0.009538172939792276,0.009538172939792276,0.0
FP,-119,0.009481128309853376,0.009481128309853376,0.0
FP,-118,0.009481763336807489,0.009481763336807489,0.0
FP,-117,0.009483588947914541,0.009483588947914541,0.0
FP,-116,0.009436782938428223,0.009436782938428223,0.0
FP,-115,0.00950827102176845,0.00950827102176845,0.0
FP,-114,0.00948441022541374,0.00948441022541374,0.0
FP,-113,0.00950454882811755,0.00950454882811755,0.0
FP,-112,0.009481983515433967,0.009481983515433967,0.0
FP,-111,0.009537306600250303,0.009537306600250303,0.0
FP,-110,0.009574433048255742,0.009574433048255742,0.0
FP,-109,0.009603539202362298,0.009603539202362298,0.0
FP,-108,0.00948296235408634,0.00948296235408634,0.0
FP,-107,0.009690580046735705,0.009690580046735705,0.0
FP,-106,0.009715772392228246,0.009715772392228246,0.0
FP,-105,0.009750261874869466,0.009750261874869466,0.0
FP,-104,0.009816038492135703,0.009816038492135703,0.0
FP,-103,0.009861776055768132,0.009861776055768132,0.0
FP,-102,0.009847450791858137,0.009847450791858137,0.0
FP,-101,0.009916748963296413,0.009916748963296413,0.0
FP,-100,0.009800701499916614,0.009800701499916614,0.0
FP,-99,0.009879714981652797,0.009879714981652797,0.0
FP,-98,0.009938926943577826,0.009938926943577826,0.0
FP,-97,0.009977779816836119,0.009977779816836119,0.0
FP,-96,0.010025246548466385,0.010025246548466385,0.0
FP,-95,0.010014269212260842,0.010014269212260842,0.0
FP,-94,0.01014444291125983,0.01014444291125983,0.0
FP,-93,0.01006161842495203,0.01006161842495203,0.0
FP,-92,0.010058862804435194,0.010058862804435194,0.0
FP,-91,0.01023115668911487,0.01023115668911487,0.0
FP,-90,0.010265342239290477,0.010265342239290477,0.0
FP,-89,0.010416431948542595,0.010416431948542595,0.0
FP,-88,0.01033683232497424,0.01033683232497424,0.0
FP,-87,0.01041488382499665,0.01041488382499665,0.0
FP,-86,0.010322228982113301,0.010322228982113301,0.0
FP,-85,0.010244567734189332,0.010244567734189332,0.0
FP,-84,0.010584666873328388,0.010584666873328388,0.0
FP,-83,0.010517698475159704,0.010517698475159704,0.0
FP,-82,0.010424656523391605,0.010424656523391605,0.0
FP,-81,0.010235465299338102,0.010235465299338102,0.0
FP,-80,0.010606938637793065,0.010606938637793065,0.0
FP,-79,0.010767963035032153,0.010767963035032153,0.0
FP,-78,0.01067546450998634,0.01067546450998634,0.0
FP,-77,0.010674050208181143,0.010674050208181143,0.0
FP,-76,0.010962218339554965,0.010962218339554965,0.0
FP,-75,0.01102430781815201,0.01102430781815201,0.0
FP,-74,0.011119920923374594,0.011119920923374594,0.0
FP,-73,0.011121132015250623,0.011121132015250623,0.0
FP,-72,0.010958400988020003,0.010958400988020003,0.0
FP,-71,0.010540053453296424,0.010540053453296424,0.0
FP,-70,0.010621564858593047,0.010621564858593047,0.0
FP,-69,0.01073756634723395,0.01073756634723395,0.0
FP,-68,0.010733050559647381,0.010733050559647381,0.0
FP,-67,0.010665517346933485,0.010665517346933485,0.0
FP,-66,0.010803193082101642,0.010803193082101642,0.0
FP,-65,0.01112200397066772,0.01112200397066772,0.0
FP,-64,0.011221789042465388,0.011221789042465388,0.0
FP,-63,0.01114171054214239,0.01114171054214239,0.0
FP,-62,0.01118564510717988,0.01118564510717988,0.0
FP,-61,0.011336103244684637,0.011336103244684637,0.0
FP,-60,0.011473419270478189,0.011473419270478189,0.0
FP,-59,0.01130398993846029,0.01130398993846029,0.0
FP,-58,0.011376427072100341,0.011376427072100341,0.0
FP,-57,0.011444051475264132,0.011444051475264132,0.0
FP,-56,0.011557685509324074,0.011557685509324074,0.0
FP,-55,0.011722888676449656,0.011722888676449656,0.0
FP,-54,0.011707494286820292,0.011707494286820292,0.0
FP,-53,0.011725010182708502,0.011725010182708502,0.0
FP,-52,0.011730998689308762,0.011730998689308762,0.0
FP,-51,0.011544297374784946,0.011544297374784946,0.0
FP,-50,0.011723516830243171,0.011723516830243171,0.0
FP,-49,0.011771229053847492,0.011771229053847492,0.0
FP,-48,0.011924238745123147,0.011924238745123147,0.0
FP,-47,0.012022412833757698,0.012022412833757698,0.0
FP,-46,0.011942775598727166,0.011942775598727166,0.0
FP,-45,0.012063983832485975,0.012063983832485975,0.0
FP,-44,0.01207436591386795,0.01207436591386795,0.0
FP,-43,0.012146358811296522,0.012146358811296522,0.0
FP,-42,0.011872386005707085,0.011872386005707085,0.0
FP,-41,0.011649170266464353,0.011649170266464353,0.0
FP,-40,0.011685711080208421,0.011685711080208421,0.0
FP,-39,0.01167778328526765,0.01167778328526765,0.0
FP,-38,0.011833365317434072,0.011833365317434072,0.0
FP,-37,0.011815683306194842,0.011815683306194842,0.0
FP,-36,0.011896894532255828,0.011896894532255828,0.0
FP,-35,0.011846870654262603,0.011846870654262603,0.0
FP,-34,0.011869554570876063,0.011869554570876063,0.0
FP,-33,0.012009207364171744,0.012009207364171744,0.0
FP,-32,0.01222045867703855,0.01222045867703855,0.0
FP,-31,0.012139816004782915,0.012139816004782915,0.0
FP,-30,0.012277842015028,0.012277842015028,0.0
FP,-29,0.01239409038797021,0.01239409038797021,0.0
FP,-28,0.012493935604579747,0.012493935604579747,0.0
FP,-27,0.01281564889010042,0.01281564889010042,0.0
FP,-26,0.012865140652284026,0.012865140652284026,0.0
FP,-25,0.012758812312968075,0.012758812312968075,0.0
FP,-24,0.012803189516998827,0.012803189516998827,0.0
FP,-23,0.012882134350948036,0.012882134350948036,0.0
FP,-22,0.013335047853179276,0.013335047853179276,0.0
FP,-21,0.013489643596112728,0.013489643596112728,0.0
FP,-20,0.013755753990262748,0.013755753990262748,0.0
FP,-19,0.014040428893640638,0.014040428893640638,0.0
FP,-18,0.014307299922220408,0.014307299922220408,0.0
FP,-17,0.014352593342773617,0.014352593342773617,0.0
FP,-16,0.014238845887593925,0.014238845887593925,0.0
FP,-15,0.014477630108594895,0.014477630108594895,0.0
FP,-14,0.014285882283002139,0.014285882283002139,0.0
FP,-13,0.0146361652482301,0.0146361652482301,0.0
FP,-12,0.014473503213375807,0.014473503213375807,0.0
FP,-11,0.014686662093736232,0.014686662093736232,0.0
FP,-10,0.014759270059876144,0.014759270059876144,0.0
FP,-9,0.014888596259988845,0.014888596259988845,0.0
FP,-8,0.014883644185028971,0.014883644185028971,0.0
FP,-7,0.014907441609539092,0.014907441609539092,0.0
FP,-6,0.014744856008328498,0.014744856008328498,0.0
FP,-5,0.01505286798812449,0.01505286798812449,0.0
FP,-4,0.015121953887864947,0.015121953887864947,0.0
FP,-3,0.01503415424376726,0.01503415424376726,0.0
FP,-2,0.014879354629665614,0.014879354629665614,0.0
FP,-1,0.015020377961918711,0.015020377961918711,0.0
FP,0,0.014899238306097686,0.014899238306097686,0.0
FP,1,0.014722514259628951,0.014722514259628951,0.0
FP,2,0.014542885213159025,0.014542885213159025,0.0
FP,3,0.014610566371120513,0.014610566371120513,0.0
FP,4,0.014724593409337104,0.014724593409337104,0.0
FP,5,0.014708508742041887,0.014708508742041887,0.0
FP,6,0.014505160260014235,0.014505160260014235,0.0
FP,7,0.014266227958723903,0.014266227958723903,0.0
FP,8,0.014365472607314586,0.014365472607314586,0.0
FP,9,0.014470510506071151,0.014470510506071151,0.0
FP,10,0.014620584598742426,0.014620584598742426,0.0
FP,11,0.014728604620322584,0.014728604620322584,0.0
FP,12,0.01439416334964335,0.01439416334964335,0.0
FP,13,0.01451161552220583,0.01451161552220583,0.0
FP,14,0.014491420914418995,0.014491420914418995,0.0
FP,15,0.014801293988712131,0.014801293988712131,0.0
FP,16,0.014275716915726662,0.014275716915726662,0.0
FP,17,0.013953047818504274,0.013953047818504274,0.0
FP,18,0.014126345189288259,0.014126345189288259,0.0
FP,19,0.01399722513742745,0.01399722513742745,0.0
FP,20,0.013842555959708989,0.013842555959708989,0.0
FP,21,0.013807929675094784,0.013807929675094784,0.0
FP,22,0.013665336715057493,0.013665336715057493,0.0
FP,23,0.013344409810379147,0.013344409810379147,0.0
FP,24,0.012984186168760061,0.012984186168760061,0.0
FP,25,0.01296134078875184,0.01296134078875184,0.0
FP,26,0.01309593484736979,0.01309593484736979,0.0
FP,27,0.013362231263890863,0.013362231263890863,0.0
FP,28,0.013445960180833936,0.013445960180833936,0.0
FP,29,0.013473843089304865,0.013473843089304865,0.0
FP,30,0.013568724174983799,0.013568724174983799,0.0
FP,31,0.013563082809560001,0.013563082809560001,0.0
FP,32,0.013671540734358133,0.013671540734358133,0.0
FP,33,0.013724390962161125,0.013724390962161125,0.0
FP,34,0.013766162409447134,0.013766162409447134,0.0
FP,35,0.013628440364263951,0.013628440364263951,0.0
FP,36,0.013638548995368182,0.013638548995368182,0.0
FP,37,0.0136922417441383,0.0136922417441383,0.0
FP,38,0.013963821260258556,0.013963821260258556,0.0
FP,39,0.01390362810343504,0.01390362810343504,0.0
FP,40,0.013954809047281741,0.013954809047281741,0.0
FP,41,0.013833700413815677,0.013833700413815677,0.0
FP,42,0.014015818773768842,0.014015818773768842,0.0
FP,43,0.013859345256350934,0.013859345256350934,0.0
FP,44,0.013729518372565508,0.013729518372565508,0.0
FP,45,0.013413429763168096,0.013413429763168096,0.0
FP,46,0.013303138576447963,0.013303138576447963,0.0
FP,47,0.013225773512385786,0.013225773512385786,0.0
FP,48,0.01334740661084652,0.01334740661084652,0.0
FP,49,0.013182942112907768,0.013182942112907768,0.0
FP,50,0.012834557606838643,0.012834557606838643,0.0
FP,51,0.012835499662905932,0.012835499662905932,0.0
FP,52,0.012880329401232302,0.012880329401232302,0.0
FP,53,0.01279241758864373,0.01279241758864373,0.0
FP,54,0.012718562800437212,0.012718562800437212,0.0
FP,55,0.012218925976194442,0.012218925976194442,0.0
FP,56,0.011948480089195072,0.011948480089195072,0.0
FP,57,0.011747054466977715,0.011747054466977715,0.0
FP,58,0.011884388299658894,0.011884388299658894,0.0
FP,59,0.011821941644884646,0.011821941644884646,0.0
FP,60,0.0117798141669482,0.0117798141669482,0.0
FP,61,0.011777688027359545,0.011777688027359545,0.0
FP,62,0.011733777141198515,0.011733777141198515,0.0
FP,63,0.011730544832535088,0.011730544832535088,0.0
FP,64,0.011645133895799518,0.011645133895799518,0.0
FP,65,0.011247188090346754,0.011247188090346754,0.0
FP,66,0.011248671622015536,0.011248671622015536,0.0
FP,67,0.011219586138613522,0.011219586138613522,0.0
FP,68,0.011281910128891468,0.011281910128891468,0.0
FP,69,0.01112944859545678,0.01112944859545678,0.0
FP,70,0.011117166453041137,0.011117166453041137,0.0
FP,71,0.011095429682172834,0.011095429682172834,0.0
FP,72,0.011068770154379308,0.011068770154379308,0.0
FP,73,0.010956847975030541,0.010956847975030541,0.0
FP,74,0.010625289459712804,0.010625289459712804,0.0
FP,75,0.010639527016319334,0.010639527016319334,0.0
FP,76,0.010558275231160224,0.010558275231160224,0.0
FP,77,0.010596634051762522,0.010596634051762522,0.0
FP,78,0.010243589133024216,0.010243589133024216,0.0
FP,79,0.009974584900774061,0.009974584900774061,0.0
FP,80,0.009802791099064052,0.009802791099064052,0.0
FP,81,0.009796779751777649,0.009796779751777649,0.0
FP,82,0.009480814575217664,0.009480814575217664,0.0
FP,83,0.009444950758479535,0.009444950758479535,0.0
FP,84,0.009510073447600007,0.009510073447600007,0.0
FP,85,0.00945308017078787,0.00945308017078787,0.0
FP,86,0.009487725445069373,0.009487725445069373,0.0
FP,87,0.009433310991153122,0.009433310991153122,0.0
FP,88,0.009464794439263641,0.009464794439263641,0.0
FP,89,0.009440205455757678,0.009440205455757678,0.0
FP,90,0.00929495266173035,0.00929495266173035,0.0
FP,91,0.009320336044766009,0.009320336044766009,0.0
FP,92,0.009221433768980205,0.009221433768980205,0.0
FP,93,0.009271940411999822,0.009271940411999822,0.0
FP,94,0.009317475883290172,0.009317475883290172,0.0
FP,95,0.009315075110644102,0.009315075110644102,0.0
FP,96,0.009252871051430703,0.009252871051430703,0.0
FP,97,0.009210853083059191,0.009210853083059191,0.0
FP,98,0.009302745033055544,0.009302745033055544,0.0
FP,99,0.009137108437716961,0.009137108437716961,0.0
FP,100,0.009140110807493329,0.009140110807493329,0.0
FP,101,0.009207881377078593,0.009207881377078593,0.0
FP,102,0.009235991411842406,0.009235991411842406,0.0
FP,103,0.00915216289460659,0.00915216289460659,0.0
FP,104,0.009155369964428246,0.009155369964428246,0.0
FP,105,0.009083103649318218,0.009083103649318218,0.0
FP,106,0.009046901795081795,0.009046901795081795,0.0
FP,107,0.009044531947001815,0.009044531947001815,0.0
FP,108,0.009080248507671059,0.009080248507671059,0.0
FP,109,0.009066582638770342,0.009066582638770342,0.0
FP,110,0.009140296573750675,0.009140296573750675,0.0
FP,111,0.009184449040330946,0.009184449040330946,0.0
FP,112,0.009148669675923884,0.009148669675923884,0.0
FP,113,0.009108297354541718,0.009108297354541718,0.0
FP,114,0.009031490832567214,0.009031490832567214,0.0
FP,115,0.008944778800942004,0.008944778800942004,0.0
FP,116,0.009054633732885122,0.009054633732885122,0.0
FP,117,0.009157663909718394,0.009157663909718394,0.0
FP,118,0.009191346755251288,0.009191346755251288,0.0
FP,119,0.0091250811656937,0.0091250811656937,0.0
FP,120,0.009148181402124464,0.009148181402124464,0.0
FP,121,0.00916925948113203,0.00916925948113203,0.0
FP,122,0.009179826686158776,0.009179826686158776,0.0
FP,123,0.009100521840155125,0.009100521840155125,0.0
FP,124,0.009114038227126002,0.009114038227126002,0.0
FP,125,0.009083239547908305,0.009083239547908305,0.0
FP,126,0.009116686903871596,0.009116686903871596,0.0
FP,127,0.009167916555888951,0.009167916555888951,0.0
FP,128,0.009153308891691268,0.009153308891691268,0.0
FP,129,0.009154783547855913,0.009154783547855913,0.0
FP,130,0.009089958290569484,0.009089958290569484,0.0
FP,131,0.008999688224866987,0.008999688224866987,0.0
FP,132,0.009056879947893321,0.009056879947893321,0.0
FP,133,0.008945195381529629,0.008945195381529629,0.0
FP,134,0.008877128241583704,0.008877128241583704,0.0
FP,135,0.008873383305035532,0.008873383305035532,0.0
FP,136,0.008966401051729918,0.008966401051729918,0.0
FP,137,0.008970105377957225,0.008970105377957225,0.0
FP,138,0.00907164397649467,0.00907164397649467,0.0
FP,139,0.009049170748330653,0.009049170748330653,0.0
FP,140,0.009015116179361939,0.009015116179361939,0.0
FP,141,0.009032327602617442,0.009032327602617442,0.0
FP,142,0.009008840406313539,0.009008840406313539,0.0
FP,143,0.008824921823106706,0.008824921823106706,0.0
FP,144,0.008825062932446599,0.008825062932446599,0.0
FP,145,0.008737057675607502,0.008737057675607502,0.0
FP,146,0.008719024271704257,0.008719024271704257,0.0
FP,147,0.00868665601592511,0.00868665601592511,0.0
FP,148,0.00871924172155559,0.00871924172155559,0.0
FP,149,0.008748950571753084,0.008748950571753084,0.0
FP,150,0.008692602659575641,0.008692602659575641,0.0
FP,151,0.008707328592427075,0.008707328592427075,0.0
FP,152,0.008722215937450529,0.008722215937450529,0.0
FP,153,0.008715224033221603,0.008715224033221603,0.0
FP,154,0.008690181812271476,0.008690181812271476,0.0
FP,155,0.008709211563691498,0.008709211563691498,0.0
FP,156,0.008737435764633119,0.008737435764633119,0.0
FP,157,0.008749403948895633,0.008749403948895633,0.0
FP,158,0.008712656954303384,0.008712656954303384,0.0
FP,159,0.008723204103298486,0.008723204103298486,0.0
FP,160,0.008800630713813007,0.008800630713813007,0.0
FP,161,0.00875536176841706,0.00875536176841706,0.0
FP,162,0.008674190025776624,0.008674190025776624,0.0
FP,163,0.00872465105727315,0.00872465105727315,0.0
FP,164,0.008698892360553146,0.008698892360553146,0.0
FP,165,0.008691787184216083,0.008691787184216083,0.0
FP,166,0.00880065311677754,0.00880065311677754,0.0
FP,167,0.008759210966527462,0.008759210966527462,0.0
FP,168,0.008767391559667886,0.008767391559667886,0.0
FP,169,0.008610811862163247,0.008610811862163247,0.0
FP,170,0.008612625007517636,0.008612625007517636,0.0
FP,171,0.008613188010640442,0.008613188010640442,0.0
FP,172,0.008552982215769589,0.008552982215769589,0.0
FP,173,0.00854400372132659,0.00854400372132659,0.0
FP,174,0.008485962045378983,0.008485962045378983,0.0
FP,175,0.008520660288631916,0.008520660288631916,0.0
FP,176,0.008520559379830957,0.008520559379830957,0.0
FP,177,0.008482865132391453,0.008482865132391453,0.0
FP,178,0.008501989934593439,0.008501989934593439,0.0
FP,179,0.008509721276350319,0.008509721276350319,0.0
FP,180,0.008417026554234326,0.008417026554234326,0.0
FP,181,0.00842088927514851,0.00842088927514851,0.0
FP,182,0.008432567934505641,0.008432567934505641,0.0
FP,183,0.008402997725643218,0.008402997725643218,0.0
FP,184,0.008363052192144095,0.008363052192144095,0.0
FP,185,0.008300020894967019,0.008300020894967019,0.0
FP,186,0.0083332104049623,0.0083332104049623,0.0
FP,187,0.008307615588419139,0.008307615588419139,0.0
FP,188,0.008231377089396119,0.008231377089396119,0.0
FP,189,0.008132570991292595,0.008132570991292595,0.0
FP,190,0.00815822570119053,0.00815822570119053,0.0
FP,191,0.008104187091812492,0.008104187091812492,0.0
FP,192,0.008182409140281378,0.008182409140281378,0.0
FP,193,0.008176271845586598,0.008176271845586598,0.0
FP,194,0.008185894642956555,0.008185894642956555,0.0
FP,195,0.008287328565493225,0.008287328565493225,0.0
FP,196,0.008288090052083134,0.008288090052083134,0.0
FP,197,0.00830438512377441,0.00830438512377441,0.0
FP,198,0.008226900622248649,0.008226900622248649,0.0
FP,199,0.008187656439840794,0.008187656439840794,0.0
FP,200,0.008142734332941472,0.008142734332941472,0.0
FP,201,0.008196454122662544,0.008196454122662544,0.0
FP,202,0.008204099973663687,0.008204099973663687,0.0
FP,203,0.008225538879632949,0.008225538879632949,0.0
FP,204,0.00811147557105869,0.00811147557105869,0.0
FP,205,0.00807861699257046,0.00807861699257046,0.0
FP,206,0.008049539527855814,0.008049539527855814,0.0
FP,207,0.008131061908788978,0.008131061908788978,0.0
FP,208,0.008152509182691574,0.008152509182691574,0.0
FP,209,0.0082374282553792,0.0082374282553792,0.0
FP,210,0.008241894249804317,0.008241894249804317,0.0
FP,211,0.00819175600539893,0.00819175600539893,0.0
FP,212,0.008296238407492638,0.008296238407492638,0.0
FP,213,0.008298538187518715,0.008298538187518715,0.0
FP,214,0.008255906570702791,0.008255906570702791,0.0
FP,215,0.008193593360483647,0.008193593360483647,0.0
FP,216,0.008060090984217822,0.008060090984217822,0.0
FP,217,0.007995269764214753,0.007995269764214753,0.0
FP,218,0.007998408530838788,0.007998408530838788,0.0
FP,219,0.007998637454584241,0.007998637454584241,0.0
FP,220,0.008001231076195835,0.008001231076195835,0.0
FP,221,0.008002212606370449,0.008002212606370449,0.0
FP,222,0.008026844169944525,0.008026844169944525,0.0
FP,223,0.008034637654200196,0.008034637654200196,0.0
FP,224,0.008126746057532728,0.008126746057532728,0.0
FP,225,0.008100627581588924,0.008100627581588924,0.0
FP,226,0.008044797284528614,0.008044797284528614,0.0
FP,227,0.008097392716445028,0.008097392716445028,0.0
FP,228,0.008173214364796877,0.008173214364796877,0.0
FP,229,0.008173682456836105,0.008173682456836105,0.0
FP,230,0.00820526627358049,0.00820526627358049,0.0
FP,231,0.008138827453367413,0.008138827453367413,0.0
FP,232,0.008128698654472829,0.008128698654472829,0.0
FP,233,0.00811364920809865,0.00811364920809865,0.0
FP,234,0.008123943391256034,0.008123943391256034,0.0
FP,235,0.008222721610218286,0.008222721610218286,0.0
FP,236,0.008238183516077698,0.008238183516077698,0.0
FP,237,0.008240528367459775,0.008240528367459775,0.0
FP,238,0.008230775399133562,0.008230775399133562,0.0
FP,239,0.008256415938958525,0.008256415938958525,0.0
FP,240,0.00836500589735806,0.00836500589735806,0.0
FP,241,0.008363982257433235,0.008363982257433235,0.0
FP,242,0.008308267160318792,0.008308267160318792,0.0
FP,243,0.008335703630000352,0.008335703630000352,0.0
FP,244,0.008357029878534377,0.008357029878534377,0.0
FP,245,0.00835942279547453,0.00835942279547453,0.0
FP,246,0.008441629516892136,0.008441629516892136,0.0
FP,247,0.008471717266365886,0.008471717266365886,0.0
FP,248,0.008408021144568921,0.008408021144568921,0.0
FP,249,0.008509511151351035,0.008509511151351035,0.0
FP,250,0.008904975312761963,0.008904975312761963,0.0
FP,251,0.009768739873543382,0.009768739873543382,0.0
FP,252,0.010459241378121077,0.010459241378121077,0.0
FP,253,0.01092984235379845,0.01092984235379845,0.0
FP,254,0.011563543262891472,0.011563543262891472,0.0
FP,255,0.011958839572034776,0.011958839572034776,0.0
FP,256,0.013544855513609946,0.013544855513609946,0.0
TN,-256,0.010325750191695989,0.010325750191695989,0.0
TN,-255,0.009994768095202744,0.009994768095202744,0.0
TN,-254,0.009980449676513672,0.009980449676513672,0.0
TN,-253,0.009922209954820573,0.009922209954820573,0.0
TN,-252,0.009863003953360022,0.009863003953360022,0.0
TN,-251,0.009637938574887811,0.009637938574887811,0.0
TN,-250,0.009305615117773414,0.009305615117773414,0.0
TN,-249,0.009096627398394048,0.009096627398394048,0.0
TN,-248,0.008947655213996769,0.008947655213996769,0.0
TN,-247,0.00901516817510128,0.00901516817510128,0.0
TN,-246,0.009052963177673519,0.009052963177673519,0.0
TN,-245,0.009026988847181202,0.009026988847181202,0.0
TN,-244,0.009008577084168792,0.009008577084168792,0.0
TN,-243,0.009042441840283572,0.009042441840283572,0.0
TN,-242,0.009031098145060241,0.009031098145060241,0.0
TN,-241,0.009060907452367246,0.009060907452367246,0.0
TN,-240,0.009051876333542168,0.009051876333542168,0.0
TN,-239,0.009057515636086463,0.009057515636086463,0.0
TN,-238,0.008988253371790052,0.008988253371790052,0.0
TN,-237,0.009008696316741407,0.009008696316741407,0.0
TN,-236,0.009092005616985262,0.009092005616985262,0.0
TN,-235,0.009075113157741725,0.009075113157741725,0.0
TN,-234,0.009008894115686417,0.009008894115686417,0.0
TN,-233,0.008985485672019422,0.008985485672019422,0.0
TN,-232,0.009007460013963282,0.009007460013963282,0.0
TN,-231,0.009081633952446282,0.009081633952446282,0.0
TN,-230,0.009039396736770868,0.009039396736770868,0.0
TN,-229,0.009167164457030594,0.009167164457030594,0.0
TN,-228,0.009294524774886667,0.009294524774886667,0.0
TN,-227,0.009344090111553668,0.009344090111553668,0.0
TN,-226,0.00925646023824811,0.00925646023824811,0.0
TN,-225,0.009220598442479968,0.009220598442479968,0.0
TN,-224,0.009204439208842815,0.009204439208842815,0.0
TN,-223,0.009124371726065873,0.009124371726065873,0.0
TN,-222,0.009022956127300858,0.009022956127300858,0.0
TN,-221,0.009039855222217738,0.009039855222217738,0.0
TN,-220,0.00898312677629292,0.00898312677629292,0.0
TN,-219,0.008954682173207402,0.008954682173207402,0.0
TN,-218,0.009074721815995872,0.009074721815995872,0.0
TN,-217,0.0091506705339998,0.0091506705339998,0.0
TN,-216,0.009119244273751975,0.009119244273751975,0.0
TN,-215,0.009095302820205688,0.009095302820205688,0.0
TN,-214,0.009094209866598249,0.009094209866598249,0.0
TN,-213,0.009059035703539848,0.009059035703539848,0.0
TN,-212,0.009114963002502918,0.009114963002502918,0.0
TN,-211,0.009149512988515199,0.009149512988515199,0.0
TN,-210,0.009194241897203028,0.009194241897203028,0.0
TN,-209,0.009167373897507786,0.009167373897507786,0.0
TN,-208,0.009147165869362652,0.009147165869362652,0.0
TN,-207,0.009086027974262834,0.009086027974262834,0.0
TN,-206,0.0091609006235376,0.0091609006235376,0.0
TN,-205,0.0091935979668051,0.0091935979668051,0.0
TN,-204,0.009201980167999864,0.009201980167999864,0.0
TN,-203,0.009178683604113757,0.009178683604113757,0.0
TN,-202,0.009159338590689004,0.009159338590689004,0.0
TN,-201,0.009217619006522,0.009217619006522,0.0
TN,-200,0.009259795583784581,0.009259795583784581,0.0
TN,-199,0.00938034565653652,0.00938034565653652,0.0
TN,-198,0.00941271881107241,0.00941271881107241,0.0
TN,-197,0.009422812573611737,0.009422812573611737,0.0
TN,-196,0.009425973398610949,0.009425973398610949,0.0
TN,-195,0.0094871784793213,0.0094871784793213,0.0
TN,-194,0.009464806625619531,0.009464806625619531,0.0
TN,-193,0.009460003986023367,0.009460003986023367,0.0
TN,-192,0.009441673615947365,0.009441673615947365,0.0
TN,-191,0.009509860510006548,0.009509860510006548,0.0
TN,-190,0.00946977365296334,0.00946977365296334,0.0
TN,-189,0.009455721518024802,0.009455721518024802,0.0
TN,-188,0.009508502255193889,0.009508502255193889,0.0
TN,-187,0.009389813030138612,0.009389813030138612,0.0
TN,-186,0.009345921617932618,0.009345921617932618,0.0
TN,-185,0.009405256812460721,0.009405256812460721,0.0
TN,-184,0.009319704407826066,0.009319704407826066,0.0
TN,-183,0.009355140123516322,0.009355140123516322,0.0
TN,-182,0.009418690199963749,0.009418690199963749,0.0
TN,-181,0.0094063182733953,0.0094063182733953,0.0
TN,-180,0.009424286857247353,0.009424286857247353,0.0
TN,-179,0.009480006070807576,0.009480006070807576,0.0
TN,-178,0.009444807399995625,0.009444807399995625,0.0
TN,-177,0.009447504114359618,0.009447504114359618,0.0
TN,-176,0.009508008086122573,0.009508008086122573,0.0
TN,-175,0.00956125949509442,0.00956125949509442,0.0
TN,-174,0.009474726617336273,0.009474726617336273,0.0
TN,-173,0.009499632422812283,0.009499632422812283,0.0
TN,-172,0.009529515374451876,0.009529515374451876,0.0
TN,-171,0.009491019211709499,0.009491019211709499,0.0
TN,-170,0.009469505501911044,0.009469505501911044,0.0
TN,-169,0.009465008391998708,0.009465008391998708,0.0
TN,-168,0.009444969990290701,0.009444969990290701,0.0
TN,-167,0.009444064372219145,0.009444064372219145,0.0
TN,-166,0.009513522926717997,0.009513522926717997,0.0
TN,-165,0.009416802148334682,0.009416802148334682,0.0
TN,-164,0.009418638716451823,0.009418638716451823,0.0
TN,-163,0.009348794715479017,0.009348794715479017,0.0
TN,-162,0.009315015636384488,0.009315015636384488,0.0
TN,-161,0.009343621828593314,0.009343621828593314,0.0
TN,-160,0.009387083686888217,0.009387083686888217,0.0
TN,-159,0.00938298210967332,0.00938298210967332,0.0
TN,-158,0.009410461224615575,0.009410461224615575,0.0
TN,-157,0.00940062573645264,0.00940062573645264,0.0
TN,-156,0.009402516321279109,0.009402516321279109,0.0
TN,-155,0.009482541074976324,0.009482541074976324,0.0
TN,-154,0.009618280492722987,0.009618280492722987,0.0
TN,-153,0.00969467525370419,0.00969467525370419,0.0
TN,-152,0.009754534671083092,0.009754534671083092,0.0
TN,-151,0.00973188661504537,0.00973188661504537,0.0
TN,-150,0.009723323117941617,0.009723323117941617,0.0
TN,-149,0.009769887425936758,0.009769887425936758,0.0
TN,-148,0.009703869526274502,0.009703869526274502,0.0
TN,-147,0.009708512434735894,0.009708512434735894,0.0
TN,-146,0.009819181314669549,0.009819181314669549,0.0
TN,-145,0.009824620340950788,0.009824620340950788,0.0
TN,-144,0.009866466852836311,0.009866466852836311,0.0
TN,-143,0.009910139660350979,0.009910139660350979,0.0
TN,-142,0.009754179175943137,0.009754179175943137,0.0
TN,-141,0.009683943227864802,0.009683943227864802,0.0
TN,-140,0.009652436645701527,0.009652436645701527,0.0
TN,-139,0.009661660855636,0.009661660855636,0.0
TN,-138,0.009677125052548944,0.009677125052548944,0.0
TN,-137,0.009681813707575202,0.009681813707575202,0.0
TN,-136,0.009679495664313436,0.009679495664313436,0.0
TN,-135,0.009651720062829555,0.009651720062829555,0.0
TN,-134,0.009674160638824106,0.009674160638824106,0.0
TN,-133,0.009686779319308699,0.009686779319308699,0.0
TN,-132,0.00967262966092676,0.00967262966092676,0.0
TN,-131,0.009835890708491207,0.009835890708491207,0.0
TN,-130,0.009807443963363766,0.009807443963363766,0.0
TN,-129,0.009976711003109812,0.009976711003109812,0.0
TN,-128,0.010055585135705768,0.010055585135705768,0.0
TN,-127,0.010039543067105115,0.010039543067105115,0.0
TN,-126,0.00999102988280356,0.00999102988280356,0.0
TN,-125,0.009953981665894389,0.009953981665894389,0.0
TN,-124,0.009832000969909131,0.009832000969909131,0.0
TN,-123,0.009787402353249491,0.009787402353249491,0.0
TN,-122,0.009807066968642175,0.009807066968642175,0.0
TN,-121,0.00980025751516223,0.00980025751516223,0.0
TN,-120,0.009784946120344102,0.009784946120344102,0.0
TN,-119,0.009801768804900348,0.009801768804900348,0.0
TN,-118,0.009739192984998226,0.009739192984998226,0.0
TN,-117,0.00972572460770607,0.00972572460770607,0.0
TN,-116,0.009764959765598179,0.009764959765598179,0.0
TN,-115,0.009741690470837056,0.009741690470837056,0.0
TN,-114,0.009737318442203104,0.009737318442203104,0.0
TN,-113,0.009775786721147596,0.009775786721147596,0.0
TN,-112,0.009793155621737241,0.009793155621737241,0.0
TN,-111,0.009658765173517167,0.009658765173517167,0.0
TN,-110,0.009656237866729499,0.009656237866729499,0.0
TN,-109,0.009744192049838602,0.009744192049838602,0.0
TN,-108,0.009817915759049356,0.009817915759049356,0.0
TN,-107,0.009831078476272523,0.009831078476272523,0.0
TN,-106,0.009827942568808794,0.009827942568808794,0.0
TN,-105,0.009836418377235532,0.009836418377235532,0.0
TN,-104,0.00980177947320044,0.00980177947320044,0.0
TN,-103,0.00995003224350512,0.00995003224350512,0.0
TN,-102,0.009943849220871926,0.009943849220871926,0.0
TN,-101,0.00998674017842859,0.00998674017842859,0.0
TN,-100,0.009948734249919653,0.009948734249919653,0.0
TN,-99,0.009971552276983858,0.009971552276983858,0.0
TN,-98,0.009951465260237456,0.009951465260237456,0.0
TN,-97,0.009901967807672917,0.009901967807672917,0.0
TN,-96,0.01005833467002958,0.01005833467002958,0.0
TN,-95,0.009922030693851412,0.009922030693851412,0.0
TN,-94,0.009951524608768523,0.009951524608768523,0.0
TN,-93,0.009998065079562366,0.009998065079562366,0.0
TN,-92,0.009954930674284697,0.009954930674284697,0.0
TN,-91,0.01001792211085558,0.01001792211085558,0.0
TN,-90,0.010072643673047423,0.010072643673047423,0.0
TN,-89,0.01003783414606005,0.01003783414606005,0.0
TN,-88,0.009964968278072774,0.009964968278072774,0.0
TN,-87,0.009967279988341033,0.009967279988341033,0.0
TN,-86,0.010019595050252975,0.010019595050252975,0.0
TN,-85,0.009981558276340365,0.009981558276340365,0.0
TN,-84,0.00981157083529979,0.00981157083529979,0.0
TN,-83,0.00973288232460618,0.00973288232460618,0.0
TN,-82,0.009644706910476088,0.009644706910476088,0.0
TN,-81,0.00953153339214623,0.00953153339214623,0.0
TN,-80,0.00968818920198828,0.00968818920198828,0.0
TN,-79,0.00977754611056298,0.00977754611056298,0.0
TN,-78,0.009830972626805306,0.009830972626805306,0.0
TN,-77,0.009971908051520586,0.009971908051520586,0.0
TN,-76,0.010058020493015647,0.010058020493015647,0.0
TN,-75,0.010099532133899629,0.010099532133899629,0.0
TN,-74,0.010044230711646378,0.010044230711646378,0.0
TN,-73,0.00992666776292026,0.00992666776292026,0.0
TN,-72,0.009937271201051772,0.009937271201051772,0.0
TN,-71,0.009975679148919881,0.009975679148919881,0.0
TN,-70,0.009705946645699442,0.009705946645699442,0.0
TN,-69,0.009717038157396019,0.009717038157396019,0.0
TN,-68,0.009681009133346378,0.009681009133346378,0.0
TN,-67,0.009719358975999057,0.009719358975999057,0.0
TN,-66,0.009814367056824267,0.009814367056824267,0.0
TN,-65,0.0098435072414577,0.0098435072414577,0.0
TN,-64,0.00987989954650402,0.00987989954650402,0.0
TN,-63,0.00984609654173255,0.00984609654173255,0.0
TN,-62,0.009891928019933403,0.009891928019933403,0.0
TN,-61,0.009790267134085297,0.009790267134085297,0.0
TN,-60,0.009794357893988491,0.009794357893988491,0.0
TN,-59,0.00974885125644505,0.00974885125644505,0.0
TN,-58,0.009776727240532636,0.009776727240532636,0.0
TN,-57,0.009871148718521,0.009871148718521,0.0
TN,-56,0.009811473479494452,0.009811473479494452,0.0
TN,-55,0.00984109865501523,0.00984109865501523,0.0
TN,-54,0.010011219973675907,0.010011219973675907,0.0
TN,-53,0.009854524219408632,0.009854524219408632,0.0
TN,-52,0.009962816010229289,0.009962816010229289,0.0
TN,-51,0.010019771377556027,0.010019771377556027,0.0
TN,-50,0.009964287276379763,0.009964287276379763,0.0
TN,-49,0.00992117139045149,0.00992117139045149,0.0
TN,-48,0.009907628712244331,0.009907628712244331,0.0
TN,-47,0.009812830188311637,0.009812830188311637,0.0
TN,-46,0.00975333568174392,0.00975333568174392,0.0
TN,-45,0.009717423589900137,0.009717423589900137,0.0
TN,-44,0.009727404746226966,0.009727404746226966,0.0
TN,-43,0.009782501515001058,0.009782501515001058,0.0
TN,-42,0.009717775201424956,0.009717775201424956,0.0
TN,-41,0.009726926926523447,0.009726926926523447,0.0
TN,-40,0.009732620976865291,0.009732620976865291,0.0
TN,-39,0.009807573603466154,0.009807573603466154,0.0
TN,-38,0.009843101100996137,0.009843101100996137,0.0
TN,-37,0.009893939471803606,0.009893939471803606,0.0
TN,-36,0.009991163862869143,0.009991163862869143,0.0
TN,-35,0.009949003416113555,0.009949003416113555,0.0
TN,-34,0.0099843492731452,0.0099843492731452,0.0
TN,-33,0.009898535814136267,0.009898535814136267,0.0
TN,-32,0.009842639756388962,0.009842639756388962,0.0
TN,-31,0.00982951944693923,0.00982951944693923,0.0
TN,-30,0.009750530603341759,0.009750530603341759,0.0
TN,-29,0.009781614192761481,0.009781614192761481,0.0
TN,-28,0.009882415262982249,0.009882415262982249,0.0
TN,-27,0.00997372915968299,0.00997372915968299,0.0
TN,-26,0.010018800124526024,0.010018800124526024,0.0
TN,-25,0.010074017667211593,0.010074017667211593,0.0
TN,-24,0.01011253485456109,0.01011253485456109,0.0
TN,-23,0.010082803941331804,0.010082803941331804,0.0
TN,-22,0.009996492713689804,0.009996492713689804,0.0
TN,-21,0.010037522264756262,0.010037522264756262,0.0
TN,-20,0.010133202308788896,0.010133202308788896,0.0
TN,-19,0.010145815648138523,0.010145815648138523,0.0
TN,-18,0.01010835639666766,0.01010835639666766,0.0
TN,-17,0.010092086489312351,0.010092086489312351,0.0
TN,-16,0.010115867331624031,0.010115867331624031,0.0
TN,-15,0.010132532631978393,0.010132532631978393,0.0
TN,-14,0.01014313995372504,0.01014313995372504,0.0
TN,-13,0.01007655797060579,0.01007655797060579,0.0
TN,-12,0.010193903264589608,0.010193903264589608,0.0
TN,-11,0.01017576238606125,0.01017576238606125,0.0
TN,-10,0.010198007649742068,0.010198007649742068,0.0
TN,-9,0.01010557521134615,0.01010557521134615,0.0
TN,-8,0.010157496789470316,0.010157496789470316,0.0
TN,-7,0.010129941129125655,0.010129941129125655,0.0
TN,-6,0.010270421756431461,0.010270421756431461,0.0
TN,-5,0.010349885756149889,0.010349885756149889,0.0
TN,-4,0.010452127391472459,0.010452127391472459,0.0
TN,-3,0.010517558995634318,0.010517558995634318,0.0
TN,-2,0.010461582909338176,0.010461582909338176,0.0
TN,-1,0.010569009431637823,0.010569009431637823,0.0
TN,0,0.010492882099933922,0.010492882099933922,0.0
TN,1,0.01054062052629888,0.01054062052629888,0.0
TN,2,0.010613797050900757,0.010613797050900757,0.0
TN,3,0.010548751838505267,0.010548751838505267,0.0
TN,4,0.010659197573550045,0.010659197573550045,0.0
TN,5,0.010573141984641552,0.010573141984641552,0.0
TN,6,0.010628633173182607,0.010628633173182607,0.0
TN,7,0.01059350319672376,0.01059350319672376,0.0
TN,8,0.01057782722171396,0.01057782722171396,0.0
TN,9,0.010637377784587444,0.010637377784587444,0.0
TN,10,0.010577786057256162,0.010577786057256162,0.0
TN,11,0.010449429131112993,0.010449429131112993,0.0
TN,12,0.010369003801606595,0.010369003801606595,0.0
TN,13,0.010363476215861738,0.010363476215861738,0.0
TN,14,0.010376044497825206,0.010376044497825206,0.0
TN,15,0.010307989250868559,0.010307989250868559,0.0
TN,16,0.010294991298578679,0.010294991298578679,0.0
TN,17,0.010275424956344068,0.010275424956344068,0.0
TN,18,0.01021665754262358,0.01021665754262358,0.0
TN,19,0.010212030177935958,0.010212030177935958,0.0
TN,20,0.010133461947552859,0.010133461947552859,0.0
TN,21,0.01010123310610652,0.01010123310610652,0.0
TN,22,0.010096963234245778,0.010096963234245778,0.0
TN,23,0.010058963550254702,0.010058963550254702,0.0
TN,24,0.010094064022414386,0.010094064022414386,0.0
TN,25,0.010121412901207804,0.010121412901207804,0.0
TN,26,0.010087582552805542,0.010087582552805542,0.0
TN,27,0.01008439174387604,0.01008439174387604,0.0
TN,28,0.010163772888481616,0.010163772888481616,0.0
TN,29,0.010216174488887191,0.010216174488887191,0.0
TN,30,0.010163730839267374,0.010163730839267374,0.0
TN,31,0.010119683877564966,0.010119683877564966,0.0
TN,32,0.010181589210405946,0.010181589210405946,0.0
TN,33,0.010304729351773859,0.010304729351773859,0.0
TN,34,0.010383228836581111,0.010383228836581111,0.0
TN,35,0.010339970686472952,0.010339970686472952,0.0
TN,36,0.010278158490546047,0.010278158490546047,0.0
TN,37,0.010346921817399561,0.010346921817399561,0.0
TN,38,0.010374701786786318,0.010374701786786318,0.0
TN,39,0.010354594821110367,0.010354594821110367,0.0
TN,40,0.01033814342226833,0.01033814342226833,0.0
TN,41,0.010377200557850302,0.010377200557850302,0.0
TN,42,0.010246487073600293,0.010246487073600293,0.0
TN,43,0.010320576722733676,0.010320576722733676,0.0
TN,44,0.01031753495335579,0.01031753495335579,0.0
TN,45,0.010292708617635071,0.010292708617635071,0.0
TN,46,0.010294044087640942,0.010294044087640942,0.0
TN,47,0.010284613952971994,0.010284613952971994,0.0
TN,48,0.010192988407798111,0.010192988407798111,0.0
TN,49,0.010187095603905618,0.010187095603905618,0.0
TN,50,0.010181426596827805,0.010181426596827805,0.0
TN,51,0.010143800508230924,0.010143800508230924,0.0
TN,52,0.010182092492468655,0.010182092492468655,0.0
TN,53,0.010175456372089685,0.010175456372089685,0.0
TN,54,0.01023806156590581,0.01023806156590581,0.0
TN,55,0.010160033307038248,0.010160033307038248,0.0
TN,56,0.010256836796179414,0.010256836796179414,0.0
TN,57,0.01029249674640596,0.01029249674640596,0.0
TN,58,0.010308642126619815,0.010308642126619815,0.0
TN,59,0.01025844395160675,0.01025844395160675,0.0
TN,60,0.010231605530716479,0.010231605530716479,0.0
TN,61,0.010295865326188505,0.010295865326188505,0.0
TN,62,0.01027145646046847,0.01027145646046847,0.0
TN,63,0.010047878799960018,0.010047878799960018,0.0
TN,64,0.01004590184893459,0.01004590184893459,0.0
TN,65,0.009985285075381399,0.009985285075381399,0.0
TN,66,0.009898916259407997,0.009898916259407997,0.0
TN,67,0.009989091050811113,0.009989091050811113,0.0
TN,68,0.009954722016118467,0.009954722016118467,0.0
TN,69,0.009950957782566548,0.009950957782566548,0.0
TN,70,0.010067926081828773,0.010067926081828773,0.0
TN,71,0.010150984623469412,0.010150984623469412,0.0
TN,72,0.010229027359746396,0.010229027359746396,0.0
TN,73,0.010260781398974359,0.010260781398974359,0.0
TN,74,0.010207449751906097,0.010207449751906097,0.0
TN,75,0.01015094097238034,0.01015094097238034,0.0
TN,76,0.010199046484194696,0.010199046484194696,0.0
TN,77,0.01006746856495738,0.01006746856495738,0.0
TN,78,0.010045422045513987,0.010045422045513987,0.0
TN,79,0.010033618700690567,0.010033618700690567,0.0
TN,80,0.010093913627788425,0.010093913627788425,0.0
TN,81,0.010212235627695918,0.010212235627695918,0.0
TN,82,0.010223382897675038,0.010223382897675038,0.0
TN,83,0.010114620146341622,0.010114620146341622,0.0
TN,84,0.010146244438365102,0.010146244438365102,0.0
TN,85,0.010221036234870553,0.010221036234870553,0.0
TN,86,0.010129336947575212,0.010129336947575212,0.0
TN,87,0.010142149622552096,0.010142149622552096,0.0
TN,88,0.00999511269852519,0.00999511269852519,0.0
TN,89,0.009968909313902258,0.009968909313902258,0.0
TN,90,0.009980634455569088,0.009980634455569088,0.0
TN,91,0.009933889778330922,0.009933889778330922,0.0
TN,92,0.009912233082577587,0.009912233082577587,0.0
TN,93,0.009932036781683563,0.009932036781683563,0.0
TN,94,0.009945570551790297,0.009945570551790297,0.0
TN,95,0.009967578775249421,0.009967578775249421,0.0
TN,96,0.010005979030393065,0.010005979030393065,0.0
TN,97,0.01002816513646394,0.01002816513646394,0.0
TN,98,0.010043884250335396,0.010043884250335396,0.0
TN,99,0.009992268155328929,0.009992268155328929,0.0
TN,100,0.01007659459952265,0.01007659459952265,0.0
TN,101,0.010045023709535599,0.010045023709535599,0.0
TN,102,0.010017970376648009,0.010017970376648009,0.0
TN,103,0.010012573692947627,0.010012573692947627,0.0
TN,104,0.009919995227828621,0.009919995227828621,0.0
TN,105,0.009946464635431767,0.009946464635431767,0.0
TN,106,0.010031665619462728,0.010031665619462728,0.0
TN,107,0.010135939014144241,0.010135939014144241,0.0
TN,108,0.010115885650739074,0.010115885650739074,0.0
TN,109,0.010134620312601327,0.010134620312601327,0.0
TN,110,0.010208945497870445,0.010208945497870445,0.0
TN,111,0.0102415107563138,0.0102415107563138,0.0
TN,112,0.010296966722235084,0.010296966722235084,0.0
TN,113,0.010365567239932715,0.010365567239932715,0.0
TN,114,0.01024569927714765,0.01024569927714765,0.0
TN,115,0.010226259273476899,0.010226259273476899,0.0
TN,116,0.010172481331974268,0.010172481331974268,0.0
TN,117,0.01032235573977232,0.01032235573977232,0.0
TN,118,0.010285629327408969,0.010285629327408969,0.0
TN,119,0.010343999620527029,0.010343999620527029,0.0
TN,120,0.010392385805025696,0.010392385805025696,0.0
TN,121,0.010180897666141392,0.010180897666141392,0.0
TN,122,0.010293125435709953,0.010293125435709953,0.0
TN,123,0.010189181175082922,0.010189181175082922,0.0
TN,124,0.01026043781079352,0.01026043781079352,0.0
TN,125,0.010401678392663599,0.010401678392663599,0.0
TN,126,0.010189509936608374,0.010189509936608374,0.0
TN,127,0.01008520474191755,0.01008520474191755,0.0
TN,128,0.01005230087786913,0.01005230087786913,0.0
TN,129,0.009977213274687528,0.009977213274687528,0.0
TN,130,0.009835588280111551,0.009835588280111551,0.0
TN,131,0.009759433544240892,0.009759433544240892,0.0
TN,132,0.009738731617107987,0.009738731617107987,0.0
TN,133,0.009811438317410649,0.009811438317410649,0.0
TN,134,0.009761497266590596,0.009761497266590596,0.0
TN,135,0.009745545261539519,0.009745545261539519,0.0
TN,136,0.009743806533515453,0.009743806533515453,0.0
TN,137,0.009737544101662934,0.009737544101662934,0.0
TN,138,0.00982637462671846,0.00982637462671846,0.0
TN,139,0.009867501393891871,0.009867501393891871,0.0
TN,140,0.009906557272188365,0.009906557272188365,0.0
TN,141,0.00997902348637581,0.00997902348637581,0.0
TN,142,0.010031062420457601,0.010031062420457601,0.0
TN,143,0.00997639070264995,0.00997639070264995,0.0
TN,144,0.010014867391437293,0.010014867391437293,0.0
TN,145,0.009981900216080248,0.009981900216080248,0.0
TN,146,0.010006835381500424,0.010006835381500424,0.0
TN,147,0.009943287963978946,0.009943287963978946,0.0
TN,148,0.009850551919080318,0.009850551919080318,0.0
TN,149,0.009908387982286514,0.009908387982286514,0.0
TN,150,0.009908668179996312,0.009908668179996312,0.0
TN,151,0.009760880176909268,0.009760880176909268,0.0
TN,152,0.009765649517066776,0.009765649517066776,0.0
TN,153,0.009719207533635199,0.009719207533635199,0.0
TN,154,0.00970478184055537,0.00970478184055537,0.0
TN,155,0.009809838472865522,0.009809838472865522,0.0
TN,156,0.00989655498880893,0.00989655498880893,0.0
TN,157,0.009973920453339814,0.009973920453339814,0.0
TN,158,0.009905516821891069,0.009905516821891069,0.0
TN,159,0.009921719576232136,0.009921719576232136,0.0
TN,160,0.009949084250256418,0.009949084250256418,0.0
TN,161,0.009998834277503192,0.009998834277503192,0.0
TN,162,0.009932148712687194,0.009932148712687194,0.0
TN,163,0.009921898650936782,0.009921898650936782,0.0
TN,164,0.00990031624212861,0.00990031624212861,0.0
TN,165,0.009935300811193884,0.009935300811193884,0.0
TN,166,0.00988735809456557,0.00988735809456557,0.0
TN,167,0.009876713822595775,0.009876713822595775,0.0
TN,168,0.00990092672407627,0.00990092672407627,0.0
TN,169,0.00991462311707437,0.00991462311707437,0.0
TN,170,0.009826259883120657,0.009826259883120657,0.0
TN,171,0.0097890790598467,0.0097890790598467,0.0
TN,172,0.009816413228400052,0.009816413228400052,0.0
TN,173,0.0098355999821797,0.0098355999821797,0.0
TN,174,0.009729470065794886,0.009729470065794886,0.0
TN,175,0.009825318846851587,0.009825318846851587,0.0
TN,176,0.009802791248075664,0.009802791248075664,0.0
TN,177,0.00984337103087455,0.00984337103087455,0.0
TN,178,0.009835788253694773,0.009835788253694773,0.0
TN,179,0.009953101817518472,0.009953101817518472,0.0
TN,180,0.009841549079865217,0.009841549079865217,0.0
TN,181,0.009801026941277087,0.009801026941277087,0.0
TN,182,0.009901271918788552,0.009901271918788552,0.0
TN,183,0.009788542394526303,0.009788542394526303,0.0
TN,184,0.0098627014644444,0.0098627014644444,0.0
TN,185,0.009952850956469774,0.009952850956469774,0.0
TN,186,0.010012845834717154,0.010012845834717154,0.0
TN,187,0.010132240066304803,0.010132240066304803,0.0
TN,188,0.01006894864141941,0.01006894864141941,0.0
TN,189,0.010068038958124817,0.010068038958124817,0.0
TN,190,0.010039306501857937,0.010039306501857937,0.0
TN,191,0.009822162226773798,0.009822162226773798,0.0
TN,192,0.009707379960455,0.009707379960455,0.0
TN,193,0.009597838162444533,0.009597838162444533,0.0
TN,194,0.00960128997452557,0.00960128997452557,0.0
TN,195,0.009520818656310439,0.009520818656310439,0.0
TN,196,0.00965191028546542,0.00965191028546542,0.0
TN,197,0.009574949573725462,0.009574949573725462,0.0
TN,198,0.009668448166921735,0.009668448166921735,0.0
TN,199,0.009628126956522464,0.009628126956522464,0.0
TN,200,0.009551162142306566,0.009551162142306566,0.0
TN,201,0.009568925928324461,0.009568925928324461,0.0
TN,202,0.00956304038874805,0.00956304038874805,0.0
TN,203,0.009537769509479403,0.009537769509479403,0.0
TN,204,0.009472520565614104,0.009472520565614104,0.0
TN,205,0.009424924980849028,0.009424924980849028,0.0
TN,206,0.009422817309387028,0.009422817309387028,0.0
TN,207,0.009437475739978253,0.009437475739978253,0.0
TN,208,0.009520100243389607,0.009520100243389607,0.0
TN,209,0.009641727274283767,0.009641727274283767,0.0
TN,210,0.009639955991879105,0.009639955991879105,0.0
TN,211,0.009739201152697205,0.009739201152697205,0.0
TN,212,0.009773321356624365,0.009773321356624365,0.0
TN,213,0.00969515043310821,0.00969515043310821,0.0
TN,214,0.009714320902712643,0.009714320902712643,0.0
TN,215,0.009700162508524955,0.009700162508524955,0.0
TN,216,0.009662839854136109,0.009662839854136109,0.0
TN,217,0.009762357086874545,0.009762357086874545,0.0
TN,218,0.009658887279219925,0.009658887279219925,0.0
TN,219,0.009660688415169715,0.009660688415169715,0.0
TN,220,0.009688356914557517,0.009688356914557517,0.0
TN,221,0.009733817665837705,0.009733817665837705,0.0
TN,222,0.00977923680562526,0.00977923680562526,0.0
TN,223,0.009804045204073191,0.009804045204073191,0.0
TN,224,0.009753184262663125,0.009753184262663125,0.0
TN,225,0.00966783057898283,0.00966783057898283,0.0
TN,226,0.009599036443978548,0.009599036443978548,0.0
TN,227,0.009669400332495571,0.009669400332495571,0.0
TN,228,0.00964934883173555,0.00964934883173555,0.0
TN,229,0.009539596671238541,0.009539596671238541,0.0
TN,230,0.009621786628849804,0.009621786628849804,0.0
TN,231,0.009612314305268228,0.009612314305268228,0.0
TN,232,0.009565791934728623,0.009565791934728623,0.0
TN,233,0.009677759264595806,0.009677759264595806,0.0
TN,234,0.009521323791705071,0.009521323791705071,0.0
TN,235,0.009519226578995586,0.009519226578995586,0.0
TN,236,0.009478549733757972,0.009478549733757972,0.0
TN,237,0.00933582394849509,0.00933582394849509,0.0
TN,238,0.009425942841917277,0.009425942841917277,0.0
TN,239,0.009398377882316709,0.009398377882316709,0.0
TN,240,0.009348211688920855,0.009348211688920855,0.0
TN,241,0.009397372673265635,0.009397372673265635,0.0
TN,242,0.009457155545242131,0.009457155545242131,0.0
TN,243,0.009424778101965785,0.009424778101965785,0.0
TN,244,0.009454179815948009,0.009454179815948009,0.0
TN,245,0.009549817093648017,0.009549817093648017,0.0
TN,246,0.009636716437526047,0.009636716437526047,0.0
TN,247,0.009782514041289688,0.009782514041289688,0.0
TN,248,0.009895303677767515,0.009895303677767515,0.0
TN,249,0.010094882696866989,0.010094882696866989,0.0
TN,250,0.010551041541621089,0.010551041541621089,0.0
TN,251,0.011116933980956674,0.011116933980956674,0.0
TN,252,0.011802025521174073,0.011802025521174073,0.0
TN,253,0.012310943603515624,0.012310943603515624,0.0
TN,254,0.012756385947577656,0.012756385947577656,0.0
TN,255,0.013921007383614778,0.013921007383614778,0.0
TN,256,0.01669499828480184,0.01669499828480184,0.0
TP,-256,0.009086340349167586,0.009086340349167586,0.0
TP,-255,0.008919798918068409,0.008919798918068409,0.0
TP,-254,0.008843588009476662,0.008843588009476662,0.0
TP,-253,0.008762229890562594,0.008762229890562594,0.0
TP,-252,0.008672023764811456,0.008672023764811456,0.0
TP,-251,0.008550054719671607,0.008550054719671607,0.0
TP,-250,0.008524854718707502,0.008524854718707502,0.0
TP,-249,0.008395655490458011,0.008395655490458011,0.0
TP,-248,0.008356221411377191,0.008356221411377191,0.0
TP,-247,0.008362608128227294,0.008362608128227294,0.0
TP,-246,0.008383206073194743,0.008383206073194743,0.0
TP,-245,0.00835502085275948,0.00835502085275948,0.0
TP,-244,0.00839775636792183,0.00839775636792183,0.0
TP,-243,0.008418570375069975,0.008418570375069975,0.0
TP,-242,0.008446468519978226,0.008446468519978226,0.0
TP,-241,0.008478465764783323,0.008478465764783323,0.0
TP,-240,0.008476841570809484,0.008476841570809484,0.0
TP,-239,0.008468765560537576,0.008468765560537576,0.0
TP,-238,0.008454024265520275,0.008454024265520275,0.0
TP,-237,0.008446920667774976,0.008446920667774976,0.0
TP,-236,0.008415545849129558,0.008415545849129558,0.0
TP,-235,0.008344643246382476,0.008344643246382476,0.0
TP,-234,0.008338213968090712,0.008338213968090712,0.0
TP,-233,0.008426042408682406,0.008426042408682406,0.0
TP,-232,0.008421031730249525,0.008421031730249525,0.0
TP,-231,0.008402425558306276,0.008402425558306276,0.0
TP,-230,0.008395492923446,0.008395492923446,0.0
TP,-229,0.008389067766256631,0.008389067766256631,0.0
TP,-228,0.008381580892018974,0.008381580892018974,0.0
TP,-227,0.008436666307970882,0.008436666307970882,0.0
TP,-226,0.008408145704306662,0.008408145704306662,0.0
TP,-225,0.00849293456878513,0.00849293456878513,0.0
TP,-224,0.008551559476181865,0.008551559476181865,0.0
TP,-223,0.008558089979924261,0.008558089979924261,0.0
TP,-222,0.008521924181841313,0.008521924181841313,0.0
TP,-221,0.008544657081365585,0.008544657081365585,0.0
TP,-220,0.008561449190601707,0.008561449190601707,0.0
TP,-219,0.008552165320143103,0.008552165320143103,0.0
TP,-218,0.008564795162528753,0.008564795162528753,0.0
TP,-217,0.008530020620673895,0.008530020620673895,0.0
TP,-216,0.008545689871534706,0.008545689871534706,0.0
TP,-215,0.008667473956011236,0.008667473956011236,0.0
TP,-214,0.008714935681782663,0.008714935681782663,0.0
TP,-213,0.008670399924740195,0.008670399924740195,0.0
TP,-212,0.008696504035033286,0.008696504035033286,0.0
TP,-211,0.008697767783887684,0.008697767783887684,0.0
TP,-210,0.008685440220870078,0.008685440220870078,0.0
TP,-209,0.008684385749511421,0.008684385749511421,0.0
TP,-208,0.00865960206836462,0.00865960206836462,0.0
TP,-207,0.008768969280645252,0.008768969280645252,0.0
TP,-206,0.008820306872949005,0.008820306872949005,0.0
TP,-205,0.008893632325343787,0.008893632325343787,0.0
TP,-204,0.008916319939307868,0.008916319939307868,0.0
TP,-203,0.008928149710409344,0.008928149710409344,0.0
TP,-202,0.008950363686308265,0.008950363686308265,0.0
TP,-201,0.00889289380516857,0.00889289380516857,0.0
TP,-200,0.008793781907297672,0.008793781907297672,0.0
TP,-199,0.008802153002470732,0.008802153002470732,0.0
TP,-198,0.008829927747137844,0.008829927747137844,0.0
TP,-197,0.008781914203427731,0.008781914203427731,0.0
TP,-196,0.008763299603015185,0.008763299603015185,0.0
TP,-195,0.00878019630908966,0.00878019630908966,0.0
TP,-194,0.0087641248293221,0.0087641248293221,0.0
TP,-193,0.008739255219697952,0.008739255219697952,0.0
TP,-192,0.008767107971943916,0.008767107971943916,0.0
TP,-191,0.008778072535060346,0.008778072535060346,0.0
TP,-190,0.008824742352589964,0.008824742352589964,0.0
TP,-189,0.008922228123992682,0.008922228123992682,0.0
TP,-188,0.008909997818991542,0.008909997818991542,0.0
TP,-187,0.008928884235210717,0.008928884235210717,0.0
TP,-186,0.008903356501832604,0.008903356501832604,0.0
TP,-185,0.008944754465483129,0.008944754465483129,0.0
TP,-184,0.008893958092667163,0.008893958092667163,0.0
TP,-183,0.008877370320260525,0.008877370320260525,0.0
TP,-182,0.008858944098465145,0.008858944098465145,0.0
TP,-181,0.008979272060096265,0.008979272060096265,0.0
TP,-180,0.008975493498146534,0.008975493498146534,0.0
TP,-179,0.009016716498881578,0.009016716498881578,0.0
TP,-178,0.009001216567121446,0.009001216567121446,0.0
TP,-177,0.009055349715054036,0.009055349715054036,0.0
TP,-176,0.009084226693958045,0.009084226693958045,0.0
TP,-175,0.009054133142344654,0.009054133142344654,0.0
TP,-174,0.009078187863342463,0.009078187863342463,0.0
TP,-173,0.009040104770101608,0.009040104770101608,0.0
TP,-172,0.009100552103482186,0.009100552103482186,0.0
TP,-171,0.00916178195271641,0.00916178195271641,0.0
TP,-170,0.009260785127989947,0.009260785127989947,0.0
TP,-169,0.009310326701961458,0.009310326701961458,0.0
TP,-168,0.00934744693338871,0.00934744693338871,0.0
TP,-167,0.009339605593122541,0.009339605593122541,0.0
TP,-166,0.009413192686624825,0.009413192686624825,0.0
TP,-165,0.009403440156020224,0.009403440156020224,0.0
TP,-164,0.009344139373861254,0.009344139373861254,0.0
TP,-163,0.009244661163538694,0.009244661163538694,0.0
TP,-162,0.009173298818059266,0.009173298818059266,0.0
TP,-161,0.0092248823819682,0.0092248823819682,0.0
TP,-160,0.009209410245530307,0.009209410245530307,0.0
TP,-159,0.009253994543105364,0.009253994543105364,0.0
TP,-158,0.009280598163604737,0.009280598163604737,0.0
TP,-157,0.00929878582712263,0.00929878582712263,0.0
TP,-156,0.009291517711244524,0.009291517711244524,0.0
TP,-155,0.009264119062572717,0.009264119062572717,0.0
TP,-154,0.0091919716168195,0.0091919716168195,0.0
TP,-153,0.009244870566762984,0.009244870566762984,0.0
TP,-152,0.009320864942856133,0.009320864942856133,0.0
TP,-151,0.009356641056947411,0.009356641056947411,0.0
TP,-150,0.009523119512014091,0.009523119512014091,0.0
TP,-149,0.009617561590857804,0.009617561590857804,0.0
TP,-148,0.00950245901942253,0.00950245901942253,0.0
TP,-147,0.009494725200347602,0.009494725200347602,0.0
TP,-146,0.00957449359819293,0.00957449359819293,0.0
TP,-145,0.009453946654684842,0.009453946654684842,0.0
TP,-144,0.009393193125724793,0.009393193125724793,0.0
TP,-143,0.00929296761751175,0.00929296761751175,0.0
TP,-142,0.009199332040734589,0.009199332040734589,0.0
TP,-141,0.00918477405793965,0.00918477405793965,0.0
TP,-140,0.00924893373157829,0.00924893373157829,0.0
TP,-139,0.009279106333851815,0.009279106333851815,0.0
TP,-138,0.00940160267520696,0.00940160267520696,0.0
TP,-137,0.009383364683017134,0.009383364683017134,0.0
TP,-136,0.00943213696591556,0.00943213696591556,0.0
TP,-135,0.009488939926959573,0.009488939926959573,0.0
TP,-134,0.009521257351152598,0.009521257351152598,0.0
TP,-133,0.009540698397904635,0.009540698397904635,0.0
TP,-132,0.009619960910640657,0.009619960910640657,0.0
TP,-131,0.009631830854341389,0.009631830854341389,0.0
TP,-130,0.009667015848681331,0.009667015848681331,0.0
TP,-129,0.009507341808639467,0.009507341808639467,0.0
TP,-128,0.009463557787239552,0.009463557787239552,0.0
TP,-127,0.009551172717474401,0.009551172717474401,0.0
TP,-126,0.009500310816802084,0.009500310816802084,0.0
TP,-125,0.009591496707871556,0.009591496707871556,0.0
TP,-124,0.009612388890236617,0.009612388890236617,0.0
TP,-123,0.009572953870519995,0.009572953870519995,0.0
TP,-122,0.009582034167833627,0.009582034167833627,0.0
TP,-121,0.00955768816638738,0.00955768816638738,0.0
TP,-120,0.009605259401723742,0.009605259401723742,0.0
TP,-119,0.009619125821627677,0.009619125821627677,0.0
TP,-118,0.009681708584539593,0.009681708584539593,0.0
TP,-117,0.009704676386900247,0.009704676386900247,0.0
TP,-116,0.009697240185923875,0.009697240185923875,0.0
TP,-115,0.009717052620835602,0.009717052620835602,0.0
TP,-114,0.009668253725394607,0.009668253725394607,0.0
TP,-113,0.009722923091612757,0.009722923091612757,0.0
TP,-112,0.00972726771607995,0.00972726771607995,0.0
TP,-111,0.00972367140930146,0.00972367140930146,0.0
TP,-110,0.00966362309642136,0.00966362309642136,0.0
TP,-109,0.009657077225856483,0.009657077225856483,0.0
TP,-108,0.009642154527828097,0.009642154527828097,0.0
TP,-107,0.009623717605136336,0.009623717605136336,0.0
TP,-106,0.009644384779967367,0.009644384779967367,0.0
TP,-105,0.009672419889830053,0.009672419889830053,0.0
TP,-104,0.009742211597040296,0.009742211597040296,0.0
TP,-103,0.00979148866608739,0.00979148866608739,0.0
TP,-102,0.00994801452383399,0.00994801452383399,0.0
TP,-101,0.010029321941547096,0.010029321941547096,0.0
TP,-100,0.010042369686998428,0.010042369686998428,0.0
TP,-99,0.010061645568348467,0.010061645568348467,0.0
TP,-98,0.009928643982857466,0.009928643982857466,0.0
TP,-97,0.00995008101221174,0.00995008101221174,0.0
TP,-96,0.010008435929194093,0.010008435929194093,0.0
TP,-95,0.010029992759227753,0.010029992759227753,0.0
TP,-94,0.009954588087275625,0.009954588087275625,0.0
TP,-93,0.009948831698857248,0.009948831698857248,0.0
TP,-92,0.009983958387747406,0.009983958387747406,0.0
TP,-91,0.010121659734286368,0.010121659734286368,0.0
TP,-90,0.010175349214114249,0.010175349214114249,0.0
TP,-89,0.010241422369144857,0.010241422369144857,0.0
TP,-88,0.010135166374966502,0.010135166374966502,0.0
TP,-87,0.010112624242901802,0.010112624242901802,0.0
TP,-86,0.010037182536907495,0.010037182536907495,0.0
TP,-85,0.010017864555120468,0.010017864555120468,0.0
TP,-84,0.010099710817448794,0.010099710817448794,0.0
TP,-83,0.010054985587485134,0.010054985587485134,0.0
TP,-82,0.010119400145485997,0.010119400145485997,0.0
TP,-81,0.010154403755441308,0.010154403755441308,0.0
TP,-80,0.010256884167902172,0.010256884167902172,0.0
TP,-79,0.010280188778415323,0.010280188778415323,0.0
TP,-78,0.010321587780490518,0.010321587780490518,0.0
TP,-77,0.010312134753912688,0.010312134753912688,0.0
TP,-76,0.010350022381171584,0.010350022381171584,0.0
TP,-75,0.010445726718753576,0.010445726718753576,0.0
TP,-74,0.010513532860204577,0.010513532860204577,0.0
TP,-73,0.010435161427594722,0.010435161427594722,0.0
TP,-72,0.010439507914707064,0.010439507914707064,0.0
TP,-71,0.010476700449362397,0.010476700449362397,0.0
TP,-70,0.01048359427601099,0.01048359427601099,0.0
TP,-69,0.010384448920376599,0.010384448920376599,0.0
TP,-68,0.010453672171570361,0.010453672171570361,0.0
TP,-67,0.01056992584373802,0.01056992584373802,0.0
TP,-66,0.010587713313288987,0.010587713313288987,0.0
TP,-65,0.010479733254760504,0.010479733254760504,0.0
TP,-64,0.010534427273087203,0.010534427273087203,0.0
TP,-63,0.010591652980074286,0.010591652980074286,0.0
TP,-62,0.010636385129764676,0.010636385129764676,0.0
TP,-61,0.010676414859481155,0.010676414859481155,0.0
TP,-60,0.010865167323499918,0.010865167323499918,0.0
TP,-59,0.01086558294016868,0.01086558294016868,0.0
TP,-58,0.010892829094082117,0.010892829094082117,0.0
TP,-57,0.010929305176250636,0.010929305176250636,0.0
TP,-56,0.010904670357704163,0.010904670357704163,0.0
TP,-55,0.01081094788853079,0.01081094788853079,0.0
TP,-54,0.01088958649430424,0.01088958649430424,0.0
TP,-53,0.01091986580286175,0.01091986580286175,0.0
TP,-52,0.010922911795787513,0.010922911795787513,0.0
TP,-51,0.010834726868197322,0.010834726868197322,0.0
TP,-50,0.010767102506943047,0.010767102506943047,0.0
TP,-49,0.010876030721701681,0.010876030721701681,0.0
TP,-48,0.010860832436010241,0.010860832436010241,0.0
TP,-47,0.010957978498190642,0.010957978498190642,0.0
TP,-46,0.010965723861008882,0.010965723861008882,0.0
TP,-45,0.01110178376082331,0.01110178376082331,0.0
TP,-44,0.011086644823662936,0.011086644823662936,0.0
TP,-43,0.011128627457655966,0.011128627457655966,0.0
TP,-42,0.011005287277512252,0.011005287277512252,0.0
TP,-41,0.010936543419957161,0.010936543419957161,0.0
TP,-40,0.011090543810278177,0.011090543810278177,0.0
TP,-39,0.011109182927757501,0.011109182927757501,0.0
TP,-38,0.011125069949775935,0.011125069949775935,0.0
TP,-37,0.01121085733640939,0.01121085733640939,0.0
TP,-36,0.011183514022268354,0.011183514022268354,0.0
TP,-35,0.011204479546286165,0.011204479546286165,0.0
TP,-34,0.011175245908088983,0.011175245908088983,0.0
TP,-33,0.011341947875916959,0.011341947875916959,0.0
TP,-32,0.011721285479143261,0.011721285479143261,0.0
TP,-31,0.011811749334447086,0.011811749334447086,0.0
TP,-30,0.011822383566759527,0.011822383566759527,0.0
TP,-29,0.011733364122919738,0.011733364122919738,0.0
TP,-28,0.011817066972143948,0.011817066972143948,0.0
TP,-27,0.01211702642031014,0.01211702642031014,0.0
TP,-26,0.01221784930676222,0.01221784930676222,0.0
TP,-25,0.01213209195062518,0.01213209195062518,0.0
TP,-24,0.012458263374865055,0.012458263374865055,0.0
TP,-23,0.01282841426320374,0.01282841426320374,0.0
TP,-22,0.013018669113516807,0.013018669113516807,0.0
TP,-21,0.013036775412037968,0.013036775412037968,0.0
TP,-20,0.01306233854033053,0.01306233854033053,0.0
TP,-19,0.013114989325404168,0.013114989325404168,0.0
TP,-18,0.013059305301867425,0.013059305301867425,0.0
TP,-17,0.01319784312043339,0.01319784312043339,0.0
TP,-16,0.013143727951683105,0.013143727951683105,0.0
TP,-15,0.013267578557133675,0.013267578557133675,0.0
TP,-14,0.01343202424235642,0.01343202424235642,0.0
TP,-13,0.01352519431617111,0.01352519431617111,0.0
TP,-12,0.013659263071604073,0.013659263071604073,0.0
TP,-11,0.01391211143694818,0.01391211143694818,0.0
TP,-10,0.014088944792747497,0.014088944792747497,0.0
TP,-9,0.014205385409295558,0.014205385409295558,0.0
TP,-8,0.014255817560479046,0.014255817560479046,0.0
TP,-7,0.01434438383206725,0.01434438383206725,0.0
TP,-6,0.014536839355714619,0.014536839355714619,0.0
TP,-5,0.014701715703122318,0.014701715703122318,0.0
TP,-4,0.014803163283504546,0.014803163283504546,0.0
TP,-3,0.015268552578054368,0.015268552578054368,0.0
TP,-2,0.015717029045335947,0.015717029045335947,0.0
TP,-1,0.015811928673647346,0.015811928673647346,0.0
TP,0,0.015538956238888204,0.015538956238888204,0.0
TP,1,0.015841945898719133,0.015841945898719133,0.0
TP,2,0.01587642544414848,0.01587642544414848,0.0
TP,3,0.015639854441396893,0.015639854441396893,0.0
TP,4,0.015218648235313595,0.015218648235313595,0.0
TP,5,0.015096264877356588,0.015096264877356588,0.0
TP,6,0.014973110309801996,0.014973110309801996,0.0
TP,7,0.014636902050115167,0.014636902050115167,0.0
TP,8,0.014600121672265232,0.014600121672265232,0.0
TP,9,0.01446726942434907,0.01446726942434907,0.0
TP,10,0.01397203111089766,0.01397203111089766,0.0
TP,11,0.014042588463053108,0.014042588463053108,0.0
TP,12,0.013792178658768535,0.013792178658768535,0.0
TP,13,0.013949632989242672,0.013949632989242672,0.0
TP,14,0.013899383116513491,0.013899383116513491,0.0
TP,15,0.013616456412710249,0.013616456412710249,0.0
TP,16,0.013500320627354085,0.013500320627354085,0.0
TP,17,0.013378566517494618,0.013378566517494618,0.0
TP,18,0.013213660828769206,0.013213660828769206,0.0
TP,19,0.013026646585203708,0.013026646585203708,0.0
TP,20,0.01315831185784191,0.01315831185784191,0.0
TP,21,0.013089270112104714,0.013089270112104714,0.0
TP,22,0.013023800067603588,0.013023800067603588,0.0
TP,23,0.01280172297731042,0.01280172297731042,0.0
TP,24,0.012802412109449506,0.012802412109449506,0.0
TP,25,0.012689416939392685,0.012689416939392685,0.0
TP,26,0.01253705693408847,0.01253705693408847,0.0
TP,27,0.012342070238664746,0.012342070238664746,0.0
TP,28,0.012257650615647436,0.012257650615647436,0.0
TP,29,0.01231422021985054,0.01231422021985054,0.0
TP,30,0.012340405383147299,0.012340405383147299,0.0
TP,31,0.01213682375382632,0.01213682375382632,0.0
TP,32,0.011962764919735492,0.011962764919735492,0.0
TP,33,0.011951688211411238,0.011951688211411238,0.0
TP,34,0.011881430228240787,0.011881430228240787,0.0
TP,35,0.011821937365457415,0.011821937365457415,0.0
TP,36,0.011761294715106486,0.011761294715106486,0.0
TP,37,0.011740867672488093,0.011740867672488093,0.0
TP,38,0.011764048375189304,0.011764048375189304,0.0
TP,39,0.011852341871708631,0.011852341871708631,0.0
TP,40,0.012034267210401595,0.012034267210401595,0.0
TP,41,0.011815692582167685,0.011815692582167685,0.0
TP,42,0.01179704135749489,0.01179704135749489,0.0
TP,43,0.011725235623307526,0.011725235623307526,0.0
TP,44,0.011818947563879191,0.011818947563879191,0.0
TP,45,0.011909114499576389,0.011909114499576389,0.0
TP,46,0.011633660439401864,0.011633660439401864,0.0
TP,47,0.011651415661908686,0.011651415661908686,0.0
TP,48,0.011663063168525696,0.011663063168525696,0.0
TP,49,0.01189921329729259,0.01189921329729259,0.0
TP,50,0.011665849857963621,0.011665849857963621,0.0
TP,51,0.011684998273849487,0.011684998273849487,0.0
TP,52,0.011703702695667744,0.011703702695667744,0.0
TP,53,0.011477987105026842,0.011477987105026842,0.0
TP,54,0.011441556196659803,0.011441556196659803,0.0
TP,55,0.01138810405973345,0.01138810405973345,0.0
TP,56,0.011353957448154688,0.011353957448154688,0.0
TP,57,0.01108908811584115,0.01108908811584115,0.0
TP,58,0.010991903748363256,0.010991903748363256,0.0
TP,59,0.010989674818702042,0.010989674818702042,0.0
TP,60,0.010998873938806355,0.010998873938806355,0.0
TP,61,0.01090706589166075,0.01090706589166075,0.0
TP,62,0.010930883400142193,0.010930883400142193,0.0
TP,63,0.010925066638737917,0.010925066638737917,0.0
TP,64,0.01095169092528522,0.01095169092528522,0.0
TP,65,0.010753931165672838,0.010753931165672838,0.0
TP,66,0.010745997913181782,0.010745997913181782,0.0
TP,67,0.010725194923579692,0.010725194923579692,0.0
TP,68,0.010696351123042404,0.010696351123042404,0.0
TP,69,0.010567994769662619,0.010567994769662619,0.0
TP,70,0.010529064289294184,0.010529064289294184,0.0
TP,71,0.010502515560947358,0.010502515560947358,0.0
TP,72,0.010376382414251565,0.010376382414251565,0.0
TP,73,0.010399092305451631,0.010399092305451631,0.0
TP,74,0.010397699694149196,0.010397699694149196,0.0
TP,75,0.010465431730262936,0.010465431730262936,0.0
TP,76,0.010499670035205782,0.010499670035205782,0.0
TP,77,0.010454719038680196,0.010454719038680196,0.0
TP,78,0.01033371021039784,0.01033371021039784,0.0
TP,79,0.010402268306352198,0.010402268306352198,0.0
TP,80,0.010446744123473763,0.010446744123473763,0.0
TP,81,0.010488504017703236,0.010488504017703236,0.0
TP,82,0.010471809078007937,0.010471809078007937,0.0
TP,83,0.010432835314422845,0.010432835314422845,0.0
TP,84,0.01042077824473381,0.01042077824473381,0.0
TP,85,0.01036694333422929,0.01036694333422929,0.0
TP,86,0.01029981477651745,0.01029981477651745,0.0
TP,87,0.010269075101241469,0.010269075101241469,0.0
TP,88,0.010255522946827113,0.010255522946827113,0.0
TP,89,0.010202803583815694,0.010202803583815694,0.0
TP,90,0.010139971268363296,0.010139971268363296,0.0
TP,91,0.010086435452103614,0.010086435452103614,0.0
TP,92,0.010074617816135287,0.010074617816135287,0.0
TP,93,0.009971776781603693,0.009971776781603693,0.0
TP,94,0.009981560013256967,0.009981560013256967,0.0
TP,95,0.009949062974192202,0.009949062974192202,0.0
TP,96,0.009887310303747654,0.009887310303747654,0.0
TP,97,0.009828863232396543,0.009828863232396543,0.0
TP,98,0.009581719296984375,0.009581719296984375,0.0
TP,99,0.009614625116810202,0.009614625116810202,0.0
TP,100,0.009639059770852327,0.009639059770852327,0.0
TP,101,0.009496944597922266,0.009496944597922266,0.0
TP,102,0.009535634862259031,0.009535634862259031,0.0
TP,103,0.009279366158880293,0.009279366158880293,0.0
TP,104,0.00927751801442355,0.00927751801442355,0.0
TP,105,0.009224808933213353,0.009224808933213353,0.0
TP,106,0.009168503894470633,0.009168503894470633,0.0
TP,107,0.009182898513972759,0.009182898513972759,0.0
TP,108,0.009198435698635876,0.009198435698635876,0.0
TP,109,0.009116734736599028,0.009116734736599028,0.0
TP,110,0.009099925039336085,0.009099925039336085,0.0
TP,111,0.009086316199973226,0.009086316199973226,0.0
TP,112,0.009020180702209472,0.009020180702209472,0.0
TP,113,0.009037993093952536,0.009037993093952536,0.0
TP,114,0.009034610367380083,0.009034610367380083,0.0
TP,115,0.009025101000443101,0.009025101000443101,0.0
TP,116,0.008966248854994774,0.008966248854994774,0.0
TP,117,0.008942889985628427,0.008942889985628427,0.0
TP,118,0.00893210165668279,0.00893210165668279,0.0
TP,119,0.008954358813352882,0.008954358813352882,0.0
TP,120,0.008994564898312091,0.008994564898312091,0.0
TP,121,0.0090073666209355,0.0090073666209355,0.0
TP,122,0.009009621120058,0.009009621120058,0.0
TP,123,0.008997702347114682,0.008997702347114682,0.0
TP,124,0.008914296855218709,0.008914296855218709,0.0
TP,125,0.00889627443626523,0.00889627443626523,0.0
TP,126,0.008900847984477878,0.008900847984477878,0.0
TP,127,0.008886216203682124,0.008886216203682124,0.0
TP,128,0.00895724824629724,0.00895724824629724,0.0
TP,129,0.008976091584190726,0.008976091584190726,0.0
TP,130,0.008991346810944378,0.008991346810944378,0.0
TP,131,0.008980420329608023,0.008980420329608023,0.0
TP,132,0.008941306956112385,0.008941306956112385,0.0
TP,133,0.008982328600250184,0.008982328600250184,0.0
TP,134,0.009023333862423898,0.009023333862423898,0.0
TP,135,0.008945423406548797,0.008945423406548797,0.0
TP,136,0.009000132102519274,0.009000132102519274,0.0
TP,137,0.009049124321900309,0.009049124321900309,0.0
TP,138,0.008995803953148425,0.008995803953148425,0.0
TP,139,0.009008717443794011,0.009008717443794011,0.0
TP,140,0.008960616192780435,0.008960616192780435,0.0
TP,141,0.008956167665310204,0.008956167665310204,0.0
TP,142,0.008881273893639446,0.008881273893639446,0.0
TP,143,0.00888598105404526,0.00888598105404526,0.0
TP,144,0.008817263375967742,0.008817263375967742,0.0
TP,145,0.008802039730362594,0.008802039730362594,0.0
TP,146,0.00875376536976546,0.00875376536976546,0.0
TP,147,0.0087748793233186,0.0087748793233186,0.0
TP,148,0.008718229713849723,0.008718229713849723,0.0
TP,149,0.008693891204893589,0.008693891204893589,0.0
TP,150,0.008656453238800169,0.008656453238800169,0.0
TP,151,0.008673622608184814,0.008673622608184814,0.0
TP,152,0.008649783423170448,0.008649783423170448,0.0
TP,153,0.00869250260759145,0.00869250260759145,0.0
TP,154,0.008616007347591222,0.008616007347591222,0.0
TP,155,0.008548394544050097,0.008548394544050097,0.0
TP,156,0.008550592781975865,0.008550592781975865,0.0
TP,157,0.008613970633596181,0.008613970633596181,0.0
TP,158,0.008661862476728857,0.008661862476728857,0.0
TP,159,0.008594320160336793,0.008594320160336793,0.0
TP,160,0.008664164496585726,0.008664164496585726,0.0
TP,161,0.008596393652260304,0.008596393652260304,0.0
TP,162,0.008661124831996858,0.008661124831996858,0.0
TP,163,0.008639717372134328,0.008639717372134328,0.0
TP,164,0.008730749348178506,0.008730749348178506,0.0
TP,165,0.008710997672751545,0.008710997672751545,0.0
TP,166,0.008709499835968018,0.008709499835968018,0.0
TP,167,0.008821282419376075,0.008821282419376075,0.0
TP,168,0.008878046153113247,0.008878046153113247,0.0
TP,169,0.008847032431513071,0.008847032431513071,0.0
TP,170,0.008790878662839532,0.008790878662839532,0.0
TP,171,0.00877657427918166,0.00877657427918166,0.0
TP,172,0.008710464918985963,0.008710464918985963,0.0
TP,173,0.008716885652393102,0.008716885652393102,0.0
TP,174,0.008693191166967153,0.008693191166967153,0.0
TP,175,0.008740837373770773,0.008740837373770773,0.0
TP,176,0.008759540785104037,0.008759540785104037,0.0
TP,177,0.008683680505491793,0.008683680505491793,0.0
TP,178,0.008666283115744591,0.008666283115744591,0.0
TP,179,0.008719159257598221,0.008719159257598221,0.0
TP,180,0.008698460073210299,0.008698460073210299,0.0
TP,181,0.008760052761062979,0.008760052761062979,0.0
TP,182,0.008666500118561089,0.008666500118561089,0.0
TP,183,0.008717468534596264,0.008717468534596264,0.0
TP,184,0.008740603285841643,0.008740603285841643,0.0
TP,185,0.008694468340836465,0.008694468340836465,0.0
TP,186,0.008668545335531234,0.008668545335531234,0.0
TP,187,0.00857862484641373,0.00857862484641373,0.0
TP,188,0.008569163987413048,0.008569163987413048,0.0
TP,189,0.008511388450860977,0.008511388450860977,0.0
TP,190,0.008493730896152556,0.008493730896152556,0.0
TP,191,0.008471878664568066,0.008471878664568066,0.0
TP,192,0.0084319879533723,0.0084319879533723,0.0
TP,193,0.008432477926835418,0.008432477926835418,0.0
TP,194,0.008491586530581116,0.008491586530581116,0.0
TP,195,0.008576682657003403,0.008576682657003403,0.0
TP,196,0.008559770276769995,0.008559770276769995,0.0
TP,197,0.008525511212646962,0.008525511212646962,0.0
TP,198,0.008510486148297787,0.008510486148297787,0.0
TP,199,0.00839963070116937,0.00839963070116937,0.0
TP,200,0.008314040168188512,0.008314040168188512,0.0
TP,201,0.008235465004108846,0.008235465004108846,0.0
TP,202,0.008190558236092329,0.008190558236092329,0.0
TP,203,0.008243532506749035,0.008243532506749035,0.0
TP,204,0.008164670965634287,0.008164670965634287,0.0
TP,205,0.0081617970764637,0.0081617970764637,0.0
TP,206,0.008163332105614245,0.008163332105614245,0.0
TP,207,0.008126240940764546,0.008126240940764546,0.0
TP,208,0.008085485044866801,0.008085485044866801,0.0
TP,209,0.0080268112430349,0.0080268112430349,0.0
TP,210,0.008120299275033176,0.008120299275033176,0.0
TP,211,0.00810712148901075,0.00810712148901075,0.0
TP,212,0.008151340140029788,0.008151340140029788,0.0
TP,213,0.008140862667933107,0.008140862667933107,0.0
TP,214,0.008260929672978819,0.008260929672978819,0.0
TP,215,0.008211098397150635,0.008211098397150635,0.0
TP,216,0.008103558514267205,0.008103558514267205,0.0
TP,217,0.008072922285646201,0.008072922285646201,0.0
TP,218,0.00812267350498587,0.00812267350498587,0.0
TP,219,0.008062855703756214,0.008062855703756214,0.0
TP,220,0.008052262156270444,0.008052262156270444,0.0
TP,221,0.008036012947559356,0.008036012947559356,0.0
TP,222,0.008055280637927353,0.008055280637927353,0.0
TP,223,0.008075899998657406,0.008075899998657406,0.0
TP,224,0.008063871441408991,0.008063871441408991,0.0
TP,225,0.008069114205427467,0.008069114205427467,0.0
TP,226,0.008098340420983731,0.008098340420983731,0.0
TP,227,0.008056185627356171,0.008056185627356171,0.0
TP,228,0.008101868350058794,0.008101868350058794,0.0
TP,229,0.008088357918895782,0.008088357918895782,0.0
TP,230,0.008154432689771056,0.008154432689771056,0.0
TP,231,0.008114520204253494,0.008114520204253494,0.0
TP,232,0.00818098454270512,0.00818098454270512,0.0
TP,233,0.00811606016010046,0.00811606016010046,0.0
TP,234,0.008089489955455064,0.008089489955455064,0.0
TP,235,0.008005900462158023,0.008005900462158023,0.0
TP,236,0.007953181797638535,0.007953181797638535,0.0
TP,237,0.007931384323164821,0.007931384323164821,0.0
TP,238,0.007898747245781124,0.007898747245781124,0.0
TP,239,0.00791420622728765,0.00791420622728765,0.0
TP,240,0.007893284182064236,0.007893284182064236,0.0
TP,241,0.007940462841652333,0.007940462841652333,0.0
TP,242,0.007963524269871413,0.007963524269871413,0.0
TP,243,0.007998395930044352,0.007998395930044352,0.0
TP,244,0.008036359739489853,0.008036359739489853,0.0
TP,245,0.008120033009909093,0.008120033009909093,0.0
TP,246,0.00815355997532606,0.00815355997532606,0.0
TP,247,0.00827799029648304,0.00827799029648304,0.0
TP,248,0.008408958297222853,0.008408958297222853,0.0
TP,249,0.00883980728685856,0.00883980728685856,0.0
TP,250,0.009060526108369231,0.009060526108369231,0.0
TP,251,0.009576665288768708,0.009576665288768708,0.0
TP,252,0.010006652153097094,0.010006652153097094,0.0
TP,253,0.010664693810977042,0.010664693810977042,0.0
TP,254,0.010940867140889168,0.010940867140889168,0.0
TP,255,0.011652813539840282,0.011652813539840282,0.0
TP,256,0.012760634385049343,0.012760634385049343,0.0
