confusion_category,position_relative_to_snv,mean_attention,plot_attention,baseline
FN,-256,0.009196994001977146,0.009196994001977146,0.0
FN,-255,0.009274340951815247,0.009274340951815247,0.0
FN,-254,0.009243772402405738,0.009243772402405738,0.0
FN,-253,0.009284184128046036,0.009284184128046036,0.0
FN,-252,0.009310008650645614,0.009310008650645614,0.0
FN,-251,0.009340431331656874,0.009340431331656874,0.0
FN,-250,0.009242979874834419,0.009242979874834419,0.0
FN,-249,0.00915718736127019,0.00915718736127019,0.0
FN,-248,0.009234730340540408,0.009234730340540408,0.0
FN,-247,0.009244900457561015,0.009244900457561015,0.0
FN,-246,0.009351917626336217,0.009351917626336217,0.0
FN,-245,0.00939803774934262,0.00939803774934262,0.0
FN,-244,0.009515969450585544,0.009515969450585544,0.0
FN,-243,0.009538491573184728,0.009538491573184728,0.0
FN,-242,0.009552451558411121,0.009552451558411121,0.0
FN,-241,0.009569072192534804,0.009569072192534804,0.0
FN,-240,0.009508892158046366,0.009508892158046366,0.0
FN,-239,0.009456248031929135,0.009456248031929135,0.0
FN,-238,0.009465487473644316,0.009465487473644316,0.0
FN,-237,0.009441924300044775,0.009441924300044775,0.0
FN,-236,0.009416050501167774,0.009416050501167774,0.0
FN,-235,0.009336455138400196,0.009336455138400196,0.0
FN,-234,0.009342555622570217,0.009342555622570217,0.0
FN,-233,0.009341993485577404,0.009341993485577404,0.0
FN,-232,0.009409047937951982,0.009409047937951982,0.0
FN,-231,0.00942060949280858,0.00942060949280858,0.0
FN,-230,0.009415121916681528,0.009415121916681528,0.0
FN,-229,0.009488849192857743,0.009488849192857743,0.0
FN,-228,0.009487225087359547,0.009487225087359547,0.0
FN,-227,0.009495924352668226,0.009495924352668226,0.0
FN,-226,0.00957488477230072,0.00957488477230072,0.0
FN,-225,0.009582096966914833,0.009582096966914833,0.0
FN,-224,0.009621742493472994,0.009621742493472994,0.0
FN,-223,0.009599677240476012,0.009599677240476012,0.0
FN,-222,0.009681637058965862,0.009681637058965862,0.0
FN,-221,0.009681686689145864,0.009681686689145864,0.0
FN,-220,0.009643331752158701,0.009643331752158701,0.0
FN,-219,0.009574330514296889,0.009574330514296889,0.0
FN,-218,0.009532987619750202,0.009532987619750202,0.0
FN,-217,0.009539414015598595,0.009539414015598595,0.0
FN,-216,0.009556486611254513,0.009556486611254513,0.0
FN,-215,0.00963077359367162,0.00963077359367162,0.0
FN,-214,0.009616366764530539,0.009616366764530539,0.0
FN,-213,0.009613013919442892,0.009613013919442892,0.0
FN,-212,0.009637092244811357,0.009637092244811357,0.0
FN,-211,0.009577755886130034,0.009577755886130034,0.0
FN,-210,0.009612001655623316,0.009612001655623316,0.0
FN,-209,0.009636607235297561,0.009636607235297561,0.0
FN,-208,0.009582509445026517,0.009582509445026517,0.0
FN,-207,0.009641303196549416,0.009641303196549416,0.0
FN,-206,0.009659137111157179,0.009659137111157179,0.0
FN,-205,0.009729808503761888,0.009729808503761888,0.0
FN,-204,0.009709127484820784,0.009709127484820784,0.0
FN,-203,0.009738665078766645,0.009738665078766645,0.0
FN,-202,0.009691089675761759,0.009691089675761759,0.0
FN,-201,0.00968921150546521,0.00968921150546521,0.0
FN,-200,0.00972569676116109,0.00972569676116109,0.0
FN,-199,0.009672652389854193,0.009672652389854193,0.0
FN,-198,0.009731104718521238,0.009731104718521238,0.0
FN,-197,0.009762171031907201,0.009762171031907201,0.0
FN,-196,0.009684116640128195,0.009684116640128195,0.0
FN,-195,0.009751328094862401,0.009751328094862401,0.0
FN,-194,0.009651668057776987,0.009651668057776987,0.0
FN,-193,0.009590621744282544,0.009590621744282544,0.0
FN,-192,0.009571568304672838,0.009571568304672838,0.0
FN,-191,0.009518665075302125,0.009518665075302125,0.0
FN,-190,0.009495630669407546,0.009495630669407546,0.0
FN,-189,0.009551983391866088,0.009551983391866088,0.0
FN,-188,0.009507756941020488,0.009507756941020488,0.0
FN,-187,0.009497909503988922,0.009497909503988922,0.0
FN,-186,0.009561138455756008,0.009561138455756008,0.0
FN,-185,0.009609121750108897,0.009609121750108897,0.0
FN,-184,0.009588143317960202,0.009588143317960202,0.0
FN,-183,0.009573536128737032,0.009573536128737032,0.0
FN,-182,0.009637675159610807,0.009637675159610807,0.0
FN,-181,0.0096177664026618,0.0096177664026618,0.0
FN,-180,0.009576170109212398,0.009576170109212398,0.0
FN,-179,0.009505284214392305,0.009505284214392305,0.0
FN,-178,0.00950738090556115,0.00950738090556115,0.0
FN,-177,0.00956439653877169,0.00956439653877169,0.0
FN,-176,0.00959652652963996,0.00959652652963996,0.0
FN,-175,0.009574443963356317,0.009574443963356317,0.0
FN,-174,0.009598707878030837,0.009598707878030837,0.0
FN,-173,0.009610893810167909,0.009610893810167909,0.0
FN,-172,0.009623384671285748,0.009623384671285748,0.0
FN,-171,0.009574406277388335,0.009574406277388335,0.0
FN,-170,0.00954260915517807,0.00954260915517807,0.0
FN,-169,0.009550797510892153,0.009550797510892153,0.0
FN,-168,0.009567824257537723,0.009567824257537723,0.0
FN,-167,0.009522941540926694,0.009522941540926694,0.0
FN,-166,0.009465659642592073,0.009465659642592073,0.0
FN,-165,0.00953947963193059,0.00953947963193059,0.0
FN,-164,0.009539505820721389,0.009539505820721389,0.0
FN,-163,0.009615248604677617,0.009615248604677617,0.0
FN,-162,0.00970503837801516,0.00970503837801516,0.0
FN,-161,0.009704096321947873,0.009704096321947873,0.0
FN,-160,0.009770394996739923,0.009770394996739923,0.0
FN,-159,0.00978434328455478,0.00978434328455478,0.0
FN,-158,0.009754009628668427,0.009754009628668427,0.0
FN,-157,0.009777502194046973,0.009777502194046973,0.0
FN,-156,0.009789437726140023,0.009789437726140023,0.0
FN,-155,0.009715336682274938,0.009715336682274938,0.0
FN,-154,0.009688123958185316,0.009688123958185316,0.0
FN,-153,0.009744917140342296,0.009744917140342296,0.0
FN,-152,0.009788004872389138,0.009788004872389138,0.0
FN,-151,0.009920607004314661,0.009920607004314661,0.0
FN,-150,0.009921822673641145,0.009921822673641145,0.0
FN,-149,0.00990954102948308,0.00990954102948308,0.0
FN,-148,0.009869051524437964,0.009869051524437964,0.0
FN,-147,0.009802113668993116,0.009802113668993116,0.0
FN,-146,0.00981833454221487,0.00981833454221487,0.0
FN,-145,0.009726633592508733,0.009726633592508733,0.0
FN,-144,0.009839022997766733,0.009839022997766733,0.0
FN,-143,0.00988963988609612,0.00988963988609612,0.0
FN,-142,0.009889628430828452,0.009889628430828452,0.0
FN,-141,0.009952491000294685,0.009952491000294685,0.0
FN,-140,0.00993117836304009,0.00993117836304009,0.0
FN,-139,0.00995446509681642,0.00995446509681642,0.0
FN,-138,0.010060893567278982,0.010060893567278982,0.0
FN,-137,0.010076179048046469,0.010076179048046469,0.0
FN,-136,0.010136988591402768,0.010136988591402768,0.0
FN,-135,0.010020194021053612,0.010020194021053612,0.0
FN,-134,0.010046046711504459,0.010046046711504459,0.0
FN,-133,0.01002222797833383,0.01002222797833383,0.0
FN,-132,0.009896720945835113,0.009896720945835113,0.0
FN,-131,0.009798090285621584,0.009798090285621584,0.0
FN,-130,0.00982611790765077,0.00982611790765077,0.0
FN,-129,0.0098597143124789,0.0098597143124789,0.0
FN,-128,0.010004973355680704,0.010004973355680704,0.0
FN,-127,0.010003428654745222,0.010003428654745222,0.0
FN,-126,0.01000895129982382,0.01000895129982382,0.0
FN,-125,0.009994997885078192,0.009994997885078192,0.0
FN,-124,0.009958960134536027,0.009958960134536027,0.0
FN,-123,0.00996172197163105,0.00996172197163105,0.0
FN,-122,0.009957201108336448,0.009957201108336448,0.0
FN,-121,0.009890932692214846,0.009890932692214846,0.0
FN,-120,0.009835381247103214,0.009835381247103214,0.0
FN,-119,0.009864087346941233,0.009864087346941233,0.0
FN,-118,0.009915298512205482,0.009915298512205482,0.0
FN,-117,0.009898527599871159,0.009898527599871159,0.0
FN,-116,0.009910173192620277,0.009910173192620277,0.0
FN,-115,0.009852839126251638,0.009852839126251638,0.0
FN,-114,0.009840265368111431,0.009840265368111431,0.0
FN,-113,0.009789558160118759,0.009789558160118759,0.0
FN,-112,0.009811762599274515,0.009811762599274515,0.0
FN,-111,0.009877465981990099,0.009877465981990099,0.0
FN,-110,0.009907253226265312,0.009907253226265312,0.0
FN,-109,0.00988982481881976,0.00988982481881976,0.0
FN,-108,0.009919575611129404,0.009919575611129404,0.0
FN,-107,0.009943754747509956,0.009943754747509956,0.0
FN,-106,0.009892492620274425,0.009892492620274425,0.0
FN,-105,0.009872324597090483,0.009872324597090483,0.0
FN,-104,0.009880940848961472,0.009880940848961472,0.0
FN,-103,0.009914293796755373,0.009914293796755373,0.0
FN,-102,0.009956950605846941,0.009956950605846941,0.0
FN,-101,0.010023812353610993,0.010023812353610993,0.0
FN,-100,0.010070579661987721,0.010070579661987721,0.0
FN,-99,0.010070966905914247,0.010070966905914247,0.0
FN,-98,0.01008230724837631,0.01008230724837631,0.0
FN,-97,0.010052161701023578,0.010052161701023578,0.0
FN,-96,0.010045630959793925,0.010045630959793925,0.0
FN,-95,0.010031355069950223,0.010031355069950223,0.0
FN,-94,0.009949123198166489,0.009949123198166489,0.0
FN,-93,0.009966260669752956,0.009966260669752956,0.0
FN,-92,0.009940540455281734,0.009940540455281734,0.0
FN,-91,0.00991569684818387,0.00991569684818387,0.0
FN,-90,0.009949155724607408,0.009949155724607408,0.0
FN,-89,0.00994378919247538,0.00994378919247538,0.0
FN,-88,0.009940042863599957,0.009940042863599957,0.0
FN,-87,0.010057315113954246,0.010057315113954246,0.0
FN,-86,0.009987057466059924,0.009987057466059924,0.0
FN,-85,0.009981835773214699,0.009981835773214699,0.0
FN,-84,0.009995131264440715,0.009995131264440715,0.0
FN,-83,0.010093771298415958,0.010093771298415958,0.0
FN,-82,0.010098565183579922,0.010098565183579922,0.0
FN,-81,0.010171397938393056,0.010171397938393056,0.0
FN,-80,0.010138590917922557,0.010138590917922557,0.0
FN,-79,0.010118968151509762,0.010118968151509762,0.0
FN,-78,0.010132731073535978,0.010132731073535978,0.0
FN,-77,0.010098586259409785,0.010098586259409785,0.0
FN,-76,0.010117957079783082,0.010117957079783082,0.0
FN,-75,0.010191685613244772,0.010191685613244772,0.0
FN,-74,0.010174095761030913,0.010174095761030913,0.0
FN,-73,0.010216066595166922,0.010216066595166922,0.0
FN,-72,0.01010991116054356,0.01010991116054356,0.0
FN,-71,0.010098249772563577,0.010098249772563577,0.0
FN,-70,0.009987726574763656,0.009987726574763656,0.0
FN,-69,0.009965040478855372,0.009965040478855372,0.0
FN,-68,0.009935491569340229,0.009935491569340229,0.0
FN,-67,0.009921070607379078,0.009921070607379078,0.0
FN,-66,0.009895368674769998,0.009895368674769998,0.0
FN,-65,0.009906826503574849,0.009906826503574849,0.0
FN,-64,0.009903373196721077,0.009903373196721077,0.0
FN,-63,0.00998522519133985,0.00998522519133985,0.0
FN,-62,0.01007204501889646,0.01007204501889646,0.0
FN,-61,0.010039315139874817,0.010039315139874817,0.0
FN,-60,0.010137119218707085,0.010137119218707085,0.0
FN,-59,0.010152128720656038,0.010152128720656038,0.0
FN,-58,0.010159321567043663,0.010159321567043663,0.0
FN,-57,0.010205845646560192,0.010205845646560192,0.0
FN,-56,0.010249322848394513,0.010249322848394513,0.0
FN,-55,0.010296486094594002,0.010296486094594002,0.0
FN,-54,0.01027257004287094,0.01027257004287094,0.0
FN,-53,0.010253152376972139,0.010253152376972139,0.0
FN,-52,0.010278193564154207,0.010278193564154207,0.0
FN,-51,0.010256321518681943,0.010256321518681943,0.0
FN,-50,0.010169399715960026,0.010169399715960026,0.0
FN,-49,0.010194101808592678,0.010194101808592678,0.0
FN,-48,0.010262862741947175,0.010262862741947175,0.0
FN,-47,0.010327811958268285,0.010327811958268285,0.0
FN,-46,0.010295380498282611,0.010295380498282611,0.0
FN,-45,0.010235794228501618,0.010235794228501618,0.0
FN,-44,0.01026154898572713,0.01026154898572713,0.0
FN,-43,0.010224713827483356,0.010224713827483356,0.0
FN,-42,0.010262021753005683,0.010262021753005683,0.0
FN,-41,0.010270408536307514,0.010270408536307514,0.0
FN,-40,0.010266129425726831,0.010266129425726831,0.0
FN,-39,0.010250975308008493,0.010250975308008493,0.0
FN,-38,0.01033988437615335,0.01033988437615335,0.0
FN,-37,0.010305265597999096,0.010305265597999096,0.0
FN,-36,0.01027576440013945,0.01027576440013945,0.0
FN,-35,0.010290846042335034,0.010290846042335034,0.0
FN,-34,0.010522860158234835,0.010522860158234835,0.0
FN,-33,0.010474800812080503,0.010474800812080503,0.0
FN,-32,0.010495864041149616,0.010495864041149616,0.0
FN,-31,0.010480458056554199,0.010480458056554199,0.0
FN,-30,0.010514918714761734,0.010514918714761734,0.0
FN,-29,0.010511239487677813,0.010511239487677813,0.0
FN,-28,0.010527048641815782,0.010527048641815782,0.0
FN,-27,0.010199155882000923,0.010199155882000923,0.0
FN,-26,0.010176103748381137,0.010176103748381137,0.0
FN,-25,0.010130153354257345,0.010130153354257345,0.0
FN,-24,0.010112003199756145,0.010112003199756145,0.0
FN,-23,0.010134139861911536,0.010134139861911536,0.0
FN,-22,0.010136207612231374,0.010136207612231374,0.0
FN,-21,0.010107793640345334,0.010107793640345334,0.0
FN,-20,0.010074027013033629,0.010074027013033629,0.0
FN,-19,0.010216721626929938,0.010216721626929938,0.0
FN,-18,0.010224953512661158,0.010224953512661158,0.0
FN,-17,0.010271770805120468,0.010271770805120468,0.0
FN,-16,0.010286465957760811,0.010286465957760811,0.0
FN,-15,0.010311123365536332,0.010311123365536332,0.0
FN,-14,0.010315650054253637,0.010315650054253637,0.0
FN,-13,0.01027724744286388,0.01027724744286388,0.0
FN,-12,0.010308567225001753,0.010308567225001753,0.0
FN,-11,0.01049667809624225,0.01049667809624225,0.0
FN,-10,0.010410223593935371,0.010410223593935371,0.0
FN,-9,0.010431067254394293,0.010431067254394293,0.0
FN,-8,0.01056065079756081,0.01056065079756081,0.0
FN,-7,0.010591864846646785,0.010591864846646785,0.0
FN,-6,0.010662952759303153,0.010662952759303153,0.0
FN,-5,0.010627816044725479,0.010627816044725479,0.0
FN,-4,0.010439337994903326,0.010439337994903326,0.0
FN,-3,0.010461925761774182,0.010461925761774182,0.0
FN,-2,0.010392362233251334,0.010392362233251334,0.0
FN,-1,0.010308986073359847,0.010308986073359847,0.0
FN,0,0.010332317482680082,0.010332317482680082,0.0
FN,1,0.01052803008351475,0.01052803008351475,0.0
FN,2,0.010614102561958135,0.010614102561958135,0.0
FN,3,0.010520474798977376,0.010520474798977376,0.0
FN,4,0.010598189746960997,0.010598189746960997,0.0
FN,5,0.010502137877047062,0.010502137877047062,0.0
FN,6,0.010516039049252867,0.010516039049252867,0.0
FN,7,0.010591480769217015,0.010591480769217015,0.0
FN,8,0.010564576908946037,0.010564576908946037,0.0
FN,9,0.010519244773313403,0.010519244773313403,0.0
FN,10,0.010497748581692577,0.010497748581692577,0.0
FN,11,0.010502500254660844,0.010502500254660844,0.0
FN,12,0.010423123529180884,0.010423123529180884,0.0
FN,13,0.01047982876189053,0.01047982876189053,0.0
FN,14,0.010470383204519748,0.010470383204519748,0.0
FN,15,0.010340255489572882,0.010340255489572882,0.0
FN,16,0.010358513165265322,0.010358513165265322,0.0
FN,17,0.010479277148842812,0.010479277148842812,0.0
FN,18,0.010596031043678521,0.010596031043678521,0.0
FN,19,0.010627875765785576,0.010627875765785576,0.0
FN,20,0.010596774434670806,0.010596774434670806,0.0
FN,21,0.010625702254474163,0.010625702254474163,0.0
FN,22,0.010669713634997606,0.010669713634997606,0.0
FN,23,0.01057300272397697,0.01057300272397697,0.0
FN,24,0.010369370765984058,0.010369370765984058,0.0
FN,25,0.010455233501270414,0.010455233501270414,0.0
FN,26,0.010451986147090793,0.010451986147090793,0.0
FN,27,0.010377223072573542,0.010377223072573542,0.0
FN,28,0.010388695178553462,0.010388695178553462,0.0
FN,29,0.010328653380274772,0.010328653380274772,0.0
FN,30,0.010271887239068746,0.010271887239068746,0.0
FN,31,0.010318010710179806,0.010318010710179806,0.0
FN,32,0.01032869248650968,0.01032869248650968,0.0
FN,33,0.010451613161712885,0.010451613161712885,0.0
FN,34,0.010371723938733339,0.010371723938733339,0.0
FN,35,0.010357360458001494,0.010357360458001494,0.0
FN,36,0.010361193921416998,0.010361193921416998,0.0
FN,37,0.010295700682327151,0.010295700682327151,0.0
FN,38,0.010311589036136866,0.010311589036136866,0.0
FN,39,0.010345002245157957,0.010345002245157957,0.0
FN,40,0.010343155916780233,0.010343155916780233,0.0
FN,41,0.010318168103694916,0.010318168103694916,0.0
FN,42,0.010295330956578254,0.010295330956578254,0.0
FN,43,0.010319527853280306,0.010319527853280306,0.0
FN,44,0.010360378259792923,0.010360378259792923,0.0
FN,45,0.010391391981393099,0.010391391981393099,0.0
FN,46,0.010326590035110711,0.010326590035110711,0.0
FN,47,0.01034852028824389,0.01034852028824389,0.0
FN,48,0.010349001060239971,0.010349001060239971,0.0
FN,49,0.010358390337787569,0.010358390337787569,0.0
FN,50,0.010335561144165695,0.010335561144165695,0.0
FN,51,0.010406096102669835,0.010406096102669835,0.0
FN,52,0.010346529986709357,0.010346529986709357,0.0
FN,53,0.010292621199041604,0.010292621199041604,0.0
FN,54,0.010242527341470123,0.010242527341470123,0.0
FN,55,0.010231713857501745,0.010231713857501745,0.0
FN,56,0.010176445031538606,0.010176445031538606,0.0
FN,57,0.010178851876407862,0.010178851876407862,0.0
FN,58,0.010203103851526975,0.010203103851526975,0.0
FN,59,0.010216870428994298,0.010216870428994298,0.0
FN,60,0.010246897265315056,0.010246897265315056,0.0
FN,61,0.010237867413088679,0.010237867413088679,0.0
FN,62,0.010176170775666833,0.010176170775666833,0.0
FN,63,0.01025154755450785,0.01025154755450785,0.0
FN,64,0.010232705241069198,0.010232705241069198,0.0
FN,65,0.010143519197590649,0.010143519197590649,0.0
FN,66,0.010137415216304362,0.010137415216304362,0.0
FN,67,0.010208628582768142,0.010208628582768142,0.0
FN,68,0.01024253539275378,0.01024253539275378,0.0
FN,69,0.010323848980478943,0.010323848980478943,0.0
FN,70,0.01021444351412356,0.01021444351412356,0.0
FN,71,0.010173876048065722,0.010173876048065722,0.0
FN,72,0.010141988904215395,0.010141988904215395,0.0
FN,73,0.010094845001585782,0.010094845001585782,0.0
FN,74,0.0100887056812644,0.0100887056812644,0.0
FN,75,0.010059495633468031,0.010059495633468031,0.0
FN,76,0.010008755819872022,0.010008755819872022,0.0
FN,77,0.009981467323377728,0.009981467323377728,0.0
FN,78,0.009985427111387253,0.009985427111387253,0.0
FN,79,0.009964559907093645,0.009964559907093645,0.0
FN,80,0.009938649591058493,0.009938649591058493,0.0
FN,81,0.00995703125372529,0.00995703125372529,0.0
FN,82,0.009978884505108,0.009978884505108,0.0
FN,83,0.010038450062274933,0.010038450062274933,0.0
FN,84,0.010080059934407472,0.010080059934407472,0.0
FN,85,0.010045645842328668,0.010045645842328668,0.0
FN,86,0.010080633228644728,0.010080633228644728,0.0
FN,87,0.010143743432126939,0.010143743432126939,0.0
FN,88,0.010229804669506848,0.010229804669506848,0.0
FN,89,0.010258455998264254,0.010258455998264254,0.0
FN,90,0.010180686665698886,0.010180686665698886,0.0
FN,91,0.010102347228676081,0.010102347228676081,0.0
FN,92,0.010139329563826323,0.010139329563826323,0.0
FN,93,0.010079622180201113,0.010079622180201113,0.0
FN,94,0.010000217105261982,0.010000217105261982,0.0
FN,95,0.010051445434801281,0.010051445434801281,0.0
FN,96,0.010045196632854641,0.010045196632854641,0.0
FN,97,0.010120410630479455,0.010120410630479455,0.0
FN,98,0.01004411956295371,0.01004411956295371,0.0
FN,99,0.010073926914483309,0.010073926914483309,0.0
FN,100,0.010045984722673894,0.010045984722673894,0.0
FN,101,0.010048085656017065,0.010048085656017065,0.0
FN,102,0.010032467562705278,0.010032467562705278,0.0
FN,103,0.010018149618990719,0.010018149618990719,0.0
FN,104,0.010073394002392887,0.010073394002392887,0.0
FN,105,0.010050686374306679,0.010050686374306679,0.0
FN,106,0.009997986014932394,0.009997986014932394,0.0
FN,107,0.009884224198758602,0.009884224198758602,0.0
FN,108,0.009810688397847116,0.009810688397847116,0.0
FN,109,0.009777230867184699,0.009777230867184699,0.0
FN,110,0.009785575112327933,0.009785575112327933,0.0
FN,111,0.009804289871826768,0.009804289871826768,0.0
FN,112,0.00971412074752152,0.00971412074752152,0.0
FN,113,0.00970417303033173,0.00970417303033173,0.0
FN,114,0.00969073205254972,0.00969073205254972,0.0
FN,115,0.009775950647890568,0.009775950647890568,0.0
FN,116,0.009832039857283235,0.009832039857283235,0.0
FN,117,0.009879344953224062,0.009879344953224062,0.0
FN,118,0.009924490218982101,0.009924490218982101,0.0
FN,119,0.009924642965197563,0.009924642965197563,0.0
FN,120,0.00999736052006483,0.00999736052006483,0.0
FN,121,0.009950791681185366,0.009950791681185366,0.0
FN,122,0.009841918414458632,0.009841918414458632,0.0
FN,123,0.009753922410309314,0.009753922410309314,0.0
FN,124,0.009728877050802111,0.009728877050802111,0.0
FN,125,0.009742327542044222,0.009742327542044222,0.0
FN,126,0.009693869538605213,0.009693869538605213,0.0
FN,127,0.00967516471631825,0.00967516471631825,0.0
FN,128,0.009589821016415954,0.009589821016415954,0.0
FN,129,0.00964433434419334,0.00964433434419334,0.0
FN,130,0.009668182670138777,0.009668182670138777,0.0
FN,131,0.009620157447643577,0.009620157447643577,0.0
FN,132,0.009487844156101346,0.009487844156101346,0.0
FN,133,0.009551960583776236,0.009551960583776236,0.0
FN,134,0.009496475127525628,0.009496475127525628,0.0
FN,135,0.009560425621457399,0.009560425621457399,0.0
FN,136,0.00958971771877259,0.00958971771877259,0.0
FN,137,0.009705606158822775,0.009705606158822775,0.0
FN,138,0.009776130369864404,0.009776130369864404,0.0
FN,139,0.00981482193339616,0.00981482193339616,0.0
FN,140,0.009868444646708668,0.009868444646708668,0.0
FN,141,0.009966312111355364,0.009966312111355364,0.0
FN,142,0.009911015415564179,0.009911015415564179,0.0
FN,143,0.009758772323839366,0.009758772323839366,0.0
FN,144,0.009728541341610253,0.009728541341610253,0.0
FN,145,0.009700667415745556,0.009700667415745556,0.0
FN,146,0.009688516226597131,0.009688516226597131,0.0
FN,147,0.009659508252516389,0.009659508252516389,0.0
FN,148,0.00976720914710313,0.00976720914710313,0.0
FN,149,0.009902657116763294,0.009902657116763294,0.0
FN,150,0.009914803369902074,0.009914803369902074,0.0
FN,151,0.009925554641522467,0.009925554641522467,0.0
FN,152,0.009939393531531095,0.009939393531531095,0.0
FN,153,0.010000923741608858,0.010000923741608858,0.0
FN,154,0.009968138122931123,0.009968138122931123,0.0
FN,155,0.009929493255913257,0.009929493255913257,0.0
FN,156,0.00987647234927863,0.00987647234927863,0.0
FN,157,0.009813522230833769,0.009813522230833769,0.0
FN,158,0.009835153948515654,0.009835153948515654,0.0
FN,159,0.009809141135774553,0.009809141135774553,0.0
FN,160,0.009768665176816285,0.009768665176816285,0.0
FN,161,0.009623296773061157,0.009623296773061157,0.0
FN,162,0.009746330701746046,0.009746330701746046,0.0
FN,163,0.009758912036195397,0.009758912036195397,0.0
FN,164,0.009679828733205796,0.009679828733205796,0.0
FN,165,0.009661275134421885,0.009661275134421885,0.0
FN,166,0.009650530982762575,0.009650530982762575,0.0
FN,167,0.009639750714413822,0.009639750714413822,0.0
FN,168,0.009643184007145464,0.009643184007145464,0.0
FN,169,0.00962103474419564,0.00962103474419564,0.0
FN,170,0.009606294324621558,0.009606294324621558,0.0
FN,171,0.009616224630735814,0.009616224630735814,0.0
FN,172,0.009522917503491045,0.009522917503491045,0.0
FN,173,0.009545754427090287,0.009545754427090287,0.0
FN,174,0.00953382983803749,0.00953382983803749,0.0
FN,175,0.0095053041446954,0.0095053041446954,0.0
FN,176,0.00955096102785319,0.00955096102785319,0.0
FN,177,0.009550481932237745,0.009550481932237745,0.0
FN,178,0.009549317727796734,0.009549317727796734,0.0
FN,179,0.009643350620754063,0.009643350620754063,0.0
FN,180,0.009736198307946324,0.009736198307946324,0.0
FN,181,0.009770573144778609,0.009770573144778609,0.0
FN,182,0.009716819734312593,0.009716819734312593,0.0
FN,183,0.009740539956837893,0.009740539956837893,0.0
FN,184,0.009713551886379719,0.009713551886379719,0.0
FN,185,0.009675771626643837,0.009675771626643837,0.0
FN,186,0.009639552431181073,0.009639552431181073,0.0
FN,187,0.009621547036804259,0.009621547036804259,0.0
FN,188,0.009652491756714881,0.009652491756714881,0.0
FN,189,0.009672764479182661,0.009672764479182661,0.0
FN,190,0.009640540787950158,0.009640540787950158,0.0
FN,191,0.009712627832777798,0.009712627832777798,0.0
FN,192,0.00968351926188916,0.00968351926188916,0.0
FN,193,0.009680987135507167,0.009680987135507167,0.0
FN,194,0.009529133792966604,0.009529133792966604,0.0
FN,195,0.009515865938737988,0.009515865938737988,0.0
FN,196,0.00955028600525111,0.00955028600525111,0.0
FN,197,0.009474674593657256,0.009474674593657256,0.0
FN,198,0.009447454009205103,0.009447454009205103,0.0
FN,199,0.00938504483550787,0.00938504483550787,0.0
FN,200,0.009411044642329216,0.009411044642329216,0.0
FN,201,0.009454163080081344,0.009454163080081344,0.0
FN,202,0.009522548206150531,0.009522548206150531,0.0
FN,203,0.009413717165589332,0.009413717165589332,0.0
FN,204,0.009430340919643641,0.009430340919643641,0.0
FN,205,0.009410548354499042,0.009410548354499042,0.0
FN,206,0.009454491720534862,0.009454491720534862,0.0
FN,207,0.009482970293611288,0.009482970293611288,0.0
FN,208,0.009518655105493963,0.009518655105493963,0.0
FN,209,0.009479181114584208,0.009479181114584208,0.0
FN,210,0.009514334397390484,0.009514334397390484,0.0
FN,211,0.009514196147210895,0.009514196147210895,0.0
FN,212,0.0095163981243968,0.0095163981243968,0.0
FN,213,0.009467017161659897,0.009467017161659897,0.0
FN,214,0.009538834681734443,0.009538834681734443,0.0
FN,215,0.009458940210752189,0.009458940210752189,0.0
FN,216,0.0094066456053406,0.0094066456053406,0.0
FN,217,0.009314596732147039,0.009314596732147039,0.0
FN,218,0.009332213536836206,0.009332213536836206,0.0
FN,219,0.009310761792585253,0.009310761792585253,0.0
FN,220,0.009327684571035206,0.009327684571035206,0.0
FN,221,0.009326754636131227,0.009326754636131227,0.0
FN,222,0.009258648985996843,0.009258648985996843,0.0
FN,223,0.009253410873934626,0.009253410873934626,0.0
FN,224,0.009207914276048541,0.009207914276048541,0.0
FN,225,0.009208149146288633,0.009208149146288633,0.0
FN,226,0.009177160146646202,0.009177160146646202,0.0
FN,227,0.00919825687073171,0.00919825687073171,0.0
FN,228,0.009250353332608938,0.009250353332608938,0.0
FN,229,0.009228649735450744,0.009228649735450744,0.0
FN,230,0.009161857245489955,0.009161857245489955,0.0
FN,231,0.00918117793276906,0.00918117793276906,0.0
FN,232,0.009241656372323633,0.009241656372323633,0.0
FN,233,0.009272014070302249,0.009272014070302249,0.0
FN,234,0.009228619066998362,0.009228619066998362,0.0
FN,235,0.009201407120563089,0.009201407120563089,0.0
FN,236,0.009181910241022707,0.009181910241022707,0.0
FN,237,0.009156661527231335,0.009156661527231335,0.0
FN,238,0.009123779935762286,0.009123779935762286,0.0
FN,239,0.009087149323895573,0.009087149323895573,0.0
FN,240,0.009112557657063007,0.009112557657063007,0.0
FN,241,0.009088322320021689,0.009088322320021689,0.0
FN,242,0.00913774840068072,0.00913774840068072,0.0
FN,243,0.009128238861449063,0.009128238861449063,0.0
FN,244,0.009162967884913087,0.009162967884913087,0.0
FN,245,0.009135021977126598,0.009135021977126598,0.0
FN,246,0.009125206558965147,0.009125206558965147,0.0
FN,247,0.009070453741587698,0.009070453741587698,0.0
FN,248,0.009123464417643844,0.009123464417643844,0.0
FN,249,0.009216806748881937,0.009216806748881937,0.0
FN,250,0.009622525083832443,0.009622525083832443,0.0
FN,251,0.010027736602351069,0.010027736602351069,0.0
FN,252,0.010505515988916159,0.010505515988916159,0.0
FN,253,0.011104534175246953,0.011104534175246953,0.0
FN,254,0.011574161150492727,0.011574161150492727,0.0
FN,255,0.012232740549370647,0.012232740549370647,0.0
FN,256,0.015122040547430516,0.015122040547430516,0.0
FP,-256,0.008892651102505623,0.008892651102505623,0.0
FP,-255,0.008974806806072592,0.008974806806072592,0.0
FP,-254,0.00902497990988195,0.00902497990988195,0.0
FP,-253,0.009010213171131909,0.009010213171131909,0.0
FP,-252,0.008961702547967434,0.008961702547967434,0.0
FP,-251,0.00886659737676382,0.00886659737676382,0.0
FP,-250,0.008706519263796508,0.008706519263796508,0.0
FP,-249,0.008579529728740454,0.008579529728740454,0.0
FP,-248,0.00879964321386069,0.00879964321386069,0.0
FP,-247,0.008834268338978291,0.008834268338978291,0.0
FP,-246,0.008954447819851339,0.008954447819851339,0.0
FP,-245,0.008944331291131676,0.008944331291131676,0.0
FP,-244,0.008904470382258296,0.008904470382258296,0.0
FP,-243,0.008821911998093129,0.008821911998093129,0.0
FP,-242,0.008721509017050266,0.008721509017050266,0.0
FP,-241,0.008718227702192962,0.008718227702192962,0.0
FP,-240,0.008759489129297436,0.008759489129297436,0.0
FP,-239,0.008820068906061351,0.008820068906061351,0.0
FP,-238,0.00876181289087981,0.00876181289087981,0.0
FP,-237,0.008771578795276583,0.008771578795276583,0.0
FP,-236,0.008814255683682859,0.008814255683682859,0.0
FP,-235,0.008889737445861101,0.008889737445861101,0.0
FP,-234,0.008862550249323248,0.008862550249323248,0.0
FP,-233,0.00885028091724962,0.00885028091724962,0.0
FP,-232,0.008933320846408606,0.008933320846408606,0.0
FP,-231,0.008864695676602424,0.008864695676602424,0.0
FP,-230,0.008845061585307122,0.008845061585307122,0.0
FP,-229,0.008990237289108336,0.008990237289108336,0.0
FP,-228,0.008972468101419509,0.008972468101419509,0.0
FP,-227,0.009005589727312326,0.009005589727312326,0.0
FP,-226,0.008823032164946199,0.008823032164946199,0.0
FP,-225,0.00898301819805056,0.00898301819805056,0.0
FP,-224,0.008913910500705242,0.008913910500705242,0.0
FP,-223,0.008850289694964885,0.008850289694964885,0.0
FP,-222,0.008890707925893367,0.008890707925893367,0.0
FP,-221,0.00898333778604865,0.00898333778604865,0.0
FP,-220,0.008945726286619902,0.008945726286619902,0.0
FP,-219,0.009044110383838415,0.009044110383838415,0.0
FP,-218,0.009103998206555844,0.009103998206555844,0.0
FP,-217,0.009097872893325984,0.009097872893325984,0.0
FP,-216,0.009092085994780064,0.009092085994780064,0.0
FP,-215,0.009146644943393767,0.009146644943393767,0.0
FP,-214,0.009111358327791095,0.009111358327791095,0.0
FP,-213,0.009149430389516055,0.009149430389516055,0.0
FP,-212,0.009192447047680616,0.009192447047680616,0.0
FP,-211,0.00913537723943591,0.00913537723943591,0.0
FP,-210,0.009083965113386511,0.009083965113386511,0.0
FP,-209,0.009044472523964942,0.009044472523964942,0.0
FP,-208,0.008883685860782862,0.008883685860782862,0.0
FP,-207,0.008864250513724983,0.008864250513724983,0.0
FP,-206,0.008869093856774271,0.008869093856774271,0.0
FP,-205,0.008902992517687381,0.008902992517687381,0.0
FP,-204,0.008955896408297121,0.008955896408297121,0.0
FP,-203,0.00886617597192526,0.00886617597192526,0.0
FP,-202,0.008820334332995117,0.008820334332995117,0.0
FP,-201,0.008838784252293407,0.008838784252293407,0.0
FP,-200,0.008852651147171854,0.008852651147171854,0.0
FP,-199,0.009043620564043522,0.009043620564043522,0.0
FP,-198,0.009050749270245432,0.009050749270245432,0.0
FP,-197,0.009069448984228075,0.009069448984228075,0.0
FP,-196,0.009036476211622357,0.009036476211622357,0.0
FP,-195,0.009076928654685616,0.009076928654685616,0.0
FP,-194,0.009083854989148677,0.009083854989148677,0.0
FP,-193,0.00914949098136276,0.00914949098136276,0.0
FP,-192,0.009338874761015177,0.009338874761015177,0.0
FP,-191,0.009412737819366157,0.009412737819366157,0.0
FP,-190,0.009463787907734514,0.009463787907734514,0.0
FP,-189,0.009519080431200564,0.009519080431200564,0.0
FP,-188,0.009471342200413346,0.009471342200413346,0.0
FP,-187,0.009535131892189384,0.009535131892189384,0.0
FP,-186,0.009604710093699396,0.009604710093699396,0.0
FP,-185,0.009634158089756966,0.009634158089756966,0.0
FP,-184,0.009562444644980133,0.009562444644980133,0.0
FP,-183,0.009608438988216221,0.009608438988216221,0.0
FP,-182,0.009626025748439133,0.009626025748439133,0.0
FP,-181,0.00962579491082579,0.00962579491082579,0.0
FP,-180,0.00962959866039455,0.00962959866039455,0.0
FP,-179,0.00960435276851058,0.00960435276851058,0.0
FP,-178,0.00949462114367634,0.00949462114367634,0.0
FP,-177,0.009498242470435798,0.009498242470435798,0.0
FP,-176,0.0094216619245708,0.0094216619245708,0.0
FP,-175,0.009354007956571877,0.009354007956571877,0.0
FP,-174,0.009357194826006889,0.009357194826006889,0.0
FP,-173,0.009313949197530747,0.009313949197530747,0.0
FP,-172,0.009304391099140047,0.009304391099140047,0.0
FP,-171,0.00934535461012274,0.00934535461012274,0.0
FP,-170,0.009360959557816385,0.009360959557816385,0.0
FP,-169,0.009537416207604111,0.009537416207604111,0.0
FP,-168,0.009581057410687209,0.009581057410687209,0.0
FP,-167,0.009578490005806089,0.009578490005806089,0.0
FP,-166,0.009574256148189306,0.009574256148189306,0.0
FP,-165,0.009506758931092919,0.009506758931092919,0.0
FP,-164,0.009494108809158207,0.009494108809158207,0.0
FP,-163,0.009375320458784699,0.009375320458784699,0.0
FP,-162,0.009359365995042026,0.009359365995042026,0.0
FP,-161,0.009363960335031151,0.009363960335031151,0.0
FP,-160,0.009471732834354043,0.009471732834354043,0.0
FP,-159,0.00962126033846289,0.00962126033846289,0.0
FP,-158,0.009638077542185784,0.009638077542185784,0.0
FP,-157,0.009731834493577481,0.009731834493577481,0.0
FP,-156,0.009758615246973933,0.009758615246973933,0.0
FP,-155,0.009774242374114693,0.009774242374114693,0.0
FP,-154,0.009860848081298173,0.009860848081298173,0.0
FP,-153,0.009809636441059411,0.009809636441059411,0.0
FP,-152,0.009886479475535453,0.009886479475535453,0.0
FP,-151,0.009948525303043425,0.009948525303043425,0.0
FP,-150,0.009938999782316387,0.009938999782316387,0.0
FP,-149,0.009951540790498257,0.009951540790498257,0.0
FP,-148,0.009924125499092043,0.009924125499092043,0.0
FP,-147,0.009992191409692168,0.009992191409692168,0.0
FP,-146,0.010104853454977273,0.010104853454977273,0.0
FP,-145,0.009849429172463715,0.009849429172463715,0.0
FP,-144,0.00983456187415868,0.00983456187415868,0.0
FP,-143,0.009840802233666181,0.009840802233666181,0.0
FP,-142,0.009830240593291819,0.009830240593291819,0.0
FP,-141,0.00966702678706497,0.00966702678706497,0.0
FP,-140,0.00963097251020372,0.00963097251020372,0.0
FP,-139,0.009604725716635586,0.009604725716635586,0.0
FP,-138,0.009593741530552506,0.009593741530552506,0.0
FP,-137,0.009561753263697029,0.009561753263697029,0.0
FP,-136,0.00958064324222505,0.00958064324222505,0.0
FP,-135,0.009549967693164945,0.009549967693164945,0.0
FP,-134,0.009700052365660667,0.009700052365660667,0.0
FP,-133,0.00971780295483768,0.00971780295483768,0.0
FP,-132,0.009699121820740403,0.009699121820740403,0.0
FP,-131,0.009700455209240318,0.009700455209240318,0.0
FP,-130,0.009709594417363404,0.009709594417363404,0.0
FP,-129,0.009757247339002788,0.009757247339002788,0.0
FP,-128,0.00974292382132262,0.00974292382132262,0.0
FP,-127,0.009681782140396535,0.009681782140396535,0.0
FP,-126,0.00959891255479306,0.00959891255479306,0.0
FP,-125,0.009584868121892213,0.009584868121892213,0.0
FP,-124,0.009618182205595077,0.009618182205595077,0.0
FP,-123,0.009573301156051458,0.009573301156051458,0.0
FP,-122,0.009565505180507899,0.009565505180507899,0.0
FP,-121,0.009699524496681988,0.009699524496681988,0.0
FP,-120,0.009727045218460262,0.009727045218460262,0.0
FP,-119,0.009800170348025859,0.009800170348025859,0.0
FP,-118,0.009787626019679009,0.009787626019679009,0.0
FP,-117,0.009795325868763029,0.009795325868763029,0.0
FP,-116,0.009802350234240293,0.009802350234240293,0.0
FP,-115,0.00973569325171411,0.00973569325171411,0.0
FP,-114,0.009724399545229972,0.009724399545229972,0.0
FP,-113,0.009746499354951083,0.009746499354951083,0.0
FP,-112,0.00971473400015384,0.00971473400015384,0.0
FP,-111,0.009749713600613177,0.009749713600613177,0.0
FP,-110,0.009785519246943295,0.009785519246943295,0.0
FP,-109,0.009672457887791096,0.009672457887791096,0.0
FP,-108,0.009639642196707427,0.009639642196707427,0.0
FP,-107,0.009698138753883541,0.009698138753883541,0.0
FP,-106,0.009610728621482848,0.009610728621482848,0.0
FP,-105,0.00956810417585075,0.00956810417585075,0.0
FP,-104,0.00955888919532299,0.00955888919532299,0.0
FP,-103,0.00952063841279596,0.00952063841279596,0.0
FP,-102,0.009497620691545307,0.009497620691545307,0.0
FP,-101,0.009470630655996501,0.009470630655996501,0.0
FP,-100,0.009499991438351571,0.009499991438351571,0.0
FP,-99,0.00955464621540159,0.00955464621540159,0.0
FP,-98,0.009906579647213221,0.009906579647213221,0.0
FP,-97,0.009907485698349774,0.009907485698349774,0.0
FP,-96,0.009985549482516945,0.009985549482516945,0.0
FP,-95,0.01001474532764405,0.01001474532764405,0.0
FP,-94,0.010073143881745636,0.010073143881745636,0.0
FP,-93,0.01007412061560899,0.01007412061560899,0.0
FP,-92,0.009990243455395103,0.009990243455395103,0.0
FP,-91,0.009952567885629832,0.009952567885629832,0.0
FP,-90,0.009982464597560465,0.009982464597560465,0.0
FP,-89,0.010113902958109974,0.010113902958109974,0.0
FP,-88,0.00989910907112062,0.00989910907112062,0.0
FP,-87,0.009791440162807703,0.009791440162807703,0.0
FP,-86,0.009870501761324703,0.009870501761324703,0.0
FP,-85,0.009894707086496056,0.009894707086496056,0.0
FP,-84,0.00987113760318607,0.00987113760318607,0.0
FP,-83,0.009744822345674038,0.009744822345674038,0.0
FP,-82,0.009716627900488675,0.009716627900488675,0.0
FP,-81,0.009751925878226757,0.009751925878226757,0.0
FP,-80,0.009756361842155456,0.009756361842155456,0.0
FP,-79,0.009844969264231623,0.009844969264231623,0.0
FP,-78,0.009852856895886362,0.009852856895886362,0.0
FP,-77,0.009758421024307608,0.009758421024307608,0.0
FP,-76,0.009738178248517216,0.009738178248517216,0.0
FP,-75,0.009749049651436508,0.009749049651436508,0.0
FP,-74,0.009823885173536837,0.009823885173536837,0.0
FP,-73,0.009807204958051444,0.009807204958051444,0.0
FP,-72,0.009810951007530093,0.009810951007530093,0.0
FP,-71,0.009887664536945522,0.009887664536945522,0.0
FP,-70,0.00973626368213445,0.00973626368213445,0.0
FP,-69,0.009713400285691023,0.009713400285691023,0.0
FP,-68,0.009681001543067396,0.009681001543067396,0.0
FP,-67,0.009787364387884736,0.009787364387884736,0.0
FP,-66,0.009662781208753586,0.009662781208753586,0.0
FP,-65,0.009739729715511203,0.009739729715511203,0.0
FP,-64,0.009854665407910943,0.009854665407910943,0.0
FP,-63,0.009874640107154846,0.009874640107154846,0.0
FP,-62,0.010027997856959701,0.010027997856959701,0.0
FP,-61,0.010022924719378353,0.010022924719378353,0.0
FP,-60,0.01011776908300817,0.01011776908300817,0.0
FP,-59,0.010164718450978398,0.010164718450978398,0.0
FP,-58,0.01017795261926949,0.01017795261926949,0.0
FP,-57,0.010240905648097397,0.010240905648097397,0.0
FP,-56,0.010194799304008484,0.010194799304008484,0.0
FP,-55,0.010130298212170602,0.010130298212170602,0.0
FP,-54,0.01011152239050716,0.01011152239050716,0.0
FP,-53,0.010030469936318696,0.010030469936318696,0.0
FP,-52,0.00997130696196109,0.00997130696196109,0.0
FP,-51,0.00994282086379826,0.00994282086379826,0.0
FP,-50,0.009991455464623869,0.009991455464623869,0.0
FP,-49,0.010138435987755656,0.010138435987755656,0.0
FP,-48,0.010099510150030255,0.010099510150030255,0.0
FP,-47,0.010055254767648876,0.010055254767648876,0.0
FP,-46,0.010072979074902833,0.010072979074902833,0.0
FP,-45,0.01011175999417901,0.01011175999417901,0.0
FP,-44,0.010256038326770068,0.010256038326770068,0.0
FP,-43,0.010160643896088005,0.010160643896088005,0.0
FP,-42,0.010313114896416665,0.010313114896416665,0.0
FP,-41,0.01032760708592832,0.01032760708592832,0.0
FP,-40,0.01036960117984563,0.01036960117984563,0.0
FP,-39,0.010196582674980163,0.010196582674980163,0.0
FP,-38,0.010199951212853194,0.010199951212853194,0.0
FP,-37,0.010180294788442552,0.010180294788442552,0.0
FP,-36,0.010059177549555898,0.010059177549555898,0.0
FP,-35,0.010095789753831923,0.010095789753831923,0.0
FP,-34,0.01027687722351402,0.01027687722351402,0.0
FP,-33,0.010299231437966228,0.010299231437966228,0.0
FP,-32,0.010309211709536612,0.010309211709536612,0.0
FP,-31,0.010463647842407227,0.010463647842407227,0.0
FP,-30,0.01051812019199133,0.01051812019199133,0.0
FP,-29,0.010515910014510155,0.010515910014510155,0.0
FP,-28,0.010536082484759391,0.010536082484759391,0.0
FP,-27,0.010489619192667306,0.010489619192667306,0.0
FP,-26,0.010483412235043944,0.010483412235043944,0.0
FP,-25,0.010336419204249978,0.010336419204249978,0.0
FP,-24,0.01024630674161017,0.01024630674161017,0.0
FP,-23,0.010399566004052759,0.010399566004052759,0.0
FP,-22,0.010299465358257294,0.010299465358257294,0.0
FP,-21,0.01038354312069714,0.01038354312069714,0.0
FP,-20,0.01037903045769781,0.01037903045769781,0.0
FP,-19,0.010409647687338293,0.010409647687338293,0.0
FP,-18,0.010356678222306072,0.010356678222306072,0.0
FP,-17,0.010349632222205401,0.010349632222205401,0.0
FP,-16,0.010462083565071225,0.010462083565071225,0.0
FP,-15,0.010398133317939937,0.010398133317939937,0.0
FP,-14,0.010359599883668125,0.010359599883668125,0.0
FP,-13,0.010404898095875978,0.010404898095875978,0.0
FP,-12,0.010584398019127549,0.010584398019127549,0.0
FP,-11,0.01064455988816917,0.01064455988816917,0.0
FP,-10,0.01062268864363432,0.01062268864363432,0.0
FP,-9,0.010627156342379748,0.010627156342379748,0.0
FP,-8,0.010859910962171853,0.010859910962171853,0.0
FP,-7,0.010823773448355495,0.010823773448355495,0.0
FP,-6,0.010862309276126325,0.010862309276126325,0.0
FP,-5,0.010890126270242035,0.010890126270242035,0.0
FP,-4,0.010919872894883156,0.010919872894883156,0.0
FP,-3,0.01091310712043196,0.01091310712043196,0.0
FP,-2,0.010741784488782286,0.010741784488782286,0.0
FP,-1,0.010356492600403727,0.010356492600403727,0.0
FP,0,0.010414275019429623,0.010414275019429623,0.0
FP,1,0.01039806687273085,0.01039806687273085,0.0
FP,2,0.010328946346417069,0.010328946346417069,0.0
FP,3,0.01026103853713721,0.01026103853713721,0.0
FP,4,0.01014488123357296,0.01014488123357296,0.0
FP,5,0.01013929740525782,0.01013929740525782,0.0
FP,6,0.010177317699417472,0.010177317699417472,0.0
FP,7,0.010199678931385278,0.010199678931385278,0.0
FP,8,0.010181867443025112,0.010181867443025112,0.0
FP,9,0.010153670245781541,0.010153670245781541,0.0
FP,10,0.010051075876690447,0.010051075876690447,0.0
FP,11,0.010073250839486719,0.010073250839486719,0.0
FP,12,0.01004875841550529,0.01004875841550529,0.0
FP,13,0.01011402862612158,0.01011402862612158,0.0
FP,14,0.010231944001279771,0.010231944001279771,0.0
FP,15,0.010202413755469025,0.010202413755469025,0.0
FP,16,0.010156135344877838,0.010156135344877838,0.0
FP,17,0.010190004445612431,0.010190004445612431,0.0
FP,18,0.01014063430018723,0.01014063430018723,0.0
FP,19,0.010271539087407291,0.010271539087407291,0.0
FP,20,0.010311477328650653,0.010311477328650653,0.0
FP,21,0.010400126120075584,0.010400126120075584,0.0
FP,22,0.010497406600043177,0.010497406600043177,0.0
FP,23,0.010469914134591817,0.010469914134591817,0.0
FP,24,0.010458949562162161,0.010458949562162161,0.0
FP,25,0.010514166206121445,0.010514166206121445,0.0
FP,26,0.010518543692305683,0.010518543692305683,0.0
FP,27,0.010383673026226461,0.010383673026226461,0.0
FP,28,0.010446385447867215,0.010446385447867215,0.0
FP,29,0.010413795174099506,0.010413795174099506,0.0
FP,30,0.010343641466461122,0.010343641466461122,0.0
FP,31,0.010561116756871342,0.010561116756871342,0.0
FP,32,0.01054837333969772,0.01054837333969772,0.0
FP,33,0.010499283047392964,0.010499283047392964,0.0
FP,34,0.010523370788432658,0.010523370788432658,0.0
FP,35,0.010607154392637312,0.010607154392637312,0.0
FP,36,0.010640453211963177,0.010640453211963177,0.0
FP,37,0.010691714687272907,0.010691714687272907,0.0
FP,38,0.010508104846812784,0.010508104846812784,0.0
FP,39,0.010652021104469896,0.010652021104469896,0.0
FP,40,0.01074342836625874,0.01074342836625874,0.0
FP,41,0.010822291010990739,0.010822291010990739,0.0
FP,42,0.010826846198178829,0.010826846198178829,0.0
FP,43,0.010796547359786928,0.010796547359786928,0.0
FP,44,0.010737706776708364,0.010737706776708364,0.0
FP,45,0.010987714910879732,0.010987714910879732,0.0
FP,46,0.010731285293586553,0.010731285293586553,0.0
FP,47,0.010734493755735456,0.010734493755735456,0.0
FP,48,0.010757930628024041,0.010757930628024041,0.0
FP,49,0.010697481208480894,0.010697481208480894,0.0
FP,50,0.01066029786132276,0.01066029786132276,0.0
FP,51,0.010559592661447823,0.010559592661447823,0.0
FP,52,0.010631114798597992,0.010631114798597992,0.0
FP,53,0.010627252147533,0.010627252147533,0.0
FP,54,0.010492916158400476,0.010492916158400476,0.0
FP,55,0.010477943741716445,0.010477943741716445,0.0
FP,56,0.01045316556468606,0.01045316556468606,0.0
FP,57,0.010495286341756583,0.010495286341756583,0.0
FP,58,0.010186115512624383,0.010186115512624383,0.0
FP,59,0.0102507682191208,0.0102507682191208,0.0
FP,60,0.010217606048099697,0.010217606048099697,0.0
FP,61,0.010248294924385845,0.010248294924385845,0.0
FP,62,0.010198097629472613,0.010198097629472613,0.0
FP,63,0.010266650887206196,0.010266650887206196,0.0
FP,64,0.010243652905337512,0.010243652905337512,0.0
FP,65,0.010158693501725793,0.010158693501725793,0.0
FP,66,0.010153510766103864,0.010153510766103864,0.0
FP,67,0.010075468723662197,0.010075468723662197,0.0
FP,68,0.010150874839164317,0.010150874839164317,0.0
FP,69,0.010074627697467803,0.010074627697467803,0.0
FP,70,0.010119548523798585,0.010119548523798585,0.0
FP,71,0.01008025837596506,0.01008025837596506,0.0
FP,72,0.010050805951468646,0.010050805951468646,0.0
FP,73,0.010004427316598594,0.010004427316598594,0.0
FP,74,0.009881177768111229,0.009881177768111229,0.0
FP,75,0.009976206156425178,0.009976206156425178,0.0
FP,76,0.010016856426373124,0.010016856426373124,0.0
FP,77,0.010022900197654963,0.010022900197654963,0.0
FP,78,0.010006183767691254,0.010006183767691254,0.0
FP,79,0.009971259734593332,0.009971259734593332,0.0
FP,80,0.00993256043177098,0.00993256043177098,0.0
FP,81,0.00982648741453886,0.00982648741453886,0.0
FP,82,0.00973161187954247,0.00973161187954247,0.0
FP,83,0.009756551850587129,0.009756551850587129,0.0
FP,84,0.009817918902263046,0.009817918902263046,0.0
FP,85,0.009721185523085296,0.009721185523085296,0.0
FP,86,0.009661344941705466,0.009661344941705466,0.0
FP,87,0.009719769647344946,0.009719769647344946,0.0
FP,88,0.009725833269767463,0.009725833269767463,0.0
FP,89,0.00970456540118903,0.00970456540118903,0.0
FP,90,0.009736678753979504,0.009736678753979504,0.0
FP,91,0.00971809936221689,0.00971809936221689,0.0
FP,92,0.009702490461058914,0.009702490461058914,0.0
FP,93,0.00963984620757401,0.00963984620757401,0.0
FP,94,0.009605258898809553,0.009605258898809553,0.0
FP,95,0.009551945561543106,0.009551945561543106,0.0
FP,96,0.009516224493272602,0.009516224493272602,0.0
FP,97,0.009498386359773577,0.009498386359773577,0.0
FP,98,0.009515446247532963,0.009515446247532963,0.0
FP,99,0.009516432541422546,0.009516432541422546,0.0
FP,100,0.009475775971077382,0.009475775971077382,0.0
FP,101,0.009488366125151516,0.009488366125151516,0.0
FP,102,0.009511483400128782,0.009511483400128782,0.0
FP,103,0.009552142997272313,0.009552142997272313,0.0
FP,104,0.009645233298651874,0.009645233298651874,0.0
FP,105,0.009651825996115804,0.009651825996115804,0.0
FP,106,0.009686780828051269,0.009686780828051269,0.0
FP,107,0.009686415875330567,0.009686415875330567,0.0
FP,108,0.009708792278543115,0.009708792278543115,0.0
FP,109,0.009781062621623277,0.009781062621623277,0.0
FP,110,0.009758472666144371,0.009758472666144371,0.0
FP,111,0.009715594374574721,0.009715594374574721,0.0
FP,112,0.00961822600569576,0.00961822600569576,0.0
FP,113,0.009649271601811052,0.009649271601811052,0.0
FP,114,0.009652864560484887,0.009652864560484887,0.0
FP,115,0.0097337441239506,0.0097337441239506,0.0
FP,116,0.00973847976885736,0.00973847976885736,0.0
FP,117,0.009718331242911517,0.009718331242911517,0.0
FP,118,0.00967216127552092,0.00967216127552092,0.0
FP,119,0.009680999615229667,0.009680999615229667,0.0
FP,120,0.009750326294451953,0.009750326294451953,0.0
FP,121,0.0097786576859653,0.0097786576859653,0.0
FP,122,0.009859589468687773,0.009859589468687773,0.0
FP,123,0.009832134172320366,0.009832134172320366,0.0
FP,124,0.009826423060148954,0.009826423060148954,0.0
FP,125,0.009782512937672436,0.009782512937672436,0.0
FP,126,0.00979986108839512,0.00979986108839512,0.0
FP,127,0.009729959862306714,0.009729959862306714,0.0
FP,128,0.009635353782214225,0.009635353782214225,0.0
FP,129,0.009585870569571853,0.009585870569571853,0.0
FP,130,0.009545341278426349,0.009545341278426349,0.0
FP,131,0.00945538946427405,0.00945538946427405,0.0
FP,132,0.009498014082200825,0.009498014082200825,0.0
FP,133,0.00937559696380049,0.00937559696380049,0.0
FP,134,0.009337875726632774,0.009337875726632774,0.0
FP,135,0.009384993286803365,0.009384993286803365,0.0
FP,136,0.00935610287822783,0.00935610287822783,0.0
FP,137,0.009461022061295808,0.009461022061295808,0.0
FP,138,0.009441387192346155,0.009441387192346155,0.0
FP,139,0.00940895611885935,0.00940895611885935,0.0
FP,140,0.009330245237797498,0.009330245237797498,0.0
FP,141,0.00930379039607942,0.00930379039607942,0.0
FP,142,0.00929171231109649,0.00929171231109649,0.0
FP,143,0.00922366957180202,0.00922366957180202,0.0
FP,144,0.00917342190630734,0.00917342190630734,0.0
FP,145,0.009234469765797258,0.009234469765797258,0.0
FP,146,0.009195245965383948,0.009195245965383948,0.0
FP,147,0.009259811486117542,0.009259811486117542,0.0
FP,148,0.009223647769540549,0.009223647769540549,0.0
FP,149,0.009292586869560183,0.009292586869560183,0.0
FP,150,0.009290311676450074,0.009290311676450074,0.0
FP,151,0.00928225093986839,0.00928225093986839,0.0
FP,152,0.00928618224337697,0.00928618224337697,0.0
FP,153,0.009275535931810736,0.009275535931810736,0.0
FP,154,0.009268603525124491,0.009268603525124491,0.0
FP,155,0.009309577369131149,0.009309577369131149,0.0
FP,156,0.009273145026527345,0.009273145026527345,0.0
FP,157,0.009266743119806051,0.009266743119806051,0.0
FP,158,0.0092774648219347,0.0092774648219347,0.0
FP,159,0.009275139644742011,0.009275139644742011,0.0
FP,160,0.009286279729567469,0.009286279729567469,0.0
FP,161,0.00933173873461783,0.00933173873461783,0.0
FP,162,0.00932260299101472,0.00932260299101472,0.0
FP,163,0.00924959309399128,0.00924959309399128,0.0
FP,164,0.009197267387062311,0.009197267387062311,0.0
FP,165,0.009217036482878029,0.009217036482878029,0.0
FP,166,0.009143297728151083,0.009143297728151083,0.0
FP,167,0.009222962865605951,0.009222962865605951,0.0
FP,168,0.009223701739683747,0.009223701739683747,0.0
FP,169,0.009142742571420968,0.009142742571420968,0.0
FP,170,0.00913789877668023,0.00913789877668023,0.0
FP,171,0.009106617919169366,0.009106617919169366,0.0
FP,172,0.009034346593543886,0.009034346593543886,0.0
FP,173,0.0090006795944646,0.0090006795944646,0.0
FP,174,0.008905662461183966,0.008905662461183966,0.0
FP,175,0.008923192182555795,0.008923192182555795,0.0
FP,176,0.008884066310711205,0.008884066310711205,0.0
FP,177,0.008962078508920968,0.008962078508920968,0.0
FP,178,0.008935242658481002,0.008935242658481002,0.0
FP,179,0.008980769044719637,0.008980769044719637,0.0
FP,180,0.00894816177431494,0.00894816177431494,0.0
FP,181,0.008989771432243287,0.008989771432243287,0.0
FP,182,0.0089813581854105,0.0089813581854105,0.0
FP,183,0.008990111122839152,0.008990111122839152,0.0
FP,184,0.00896077421028167,0.00896077421028167,0.0
FP,185,0.00898516817484051,0.00898516817484051,0.0
FP,186,0.008950396459549665,0.008950396459549665,0.0
FP,187,0.00895120450295508,0.00895120450295508,0.0
FP,188,0.008967391923069954,0.008967391923069954,0.0
FP,189,0.008906598817557097,0.008906598817557097,0.0
FP,190,0.008985273092985153,0.008985273092985153,0.0
FP,191,0.009054251019842923,0.009054251019842923,0.0
FP,192,0.008995661032386124,0.008995661032386124,0.0
FP,193,0.00895929147489369,0.00895929147489369,0.0
FP,194,0.008954287371598185,0.008954287371598185,0.0
FP,195,0.008940952457487583,0.008940952457487583,0.0
FP,196,0.008916118484921753,0.008916118484921753,0.0
FP,197,0.00894109302200377,0.00894109302200377,0.0
FP,198,0.008906475598923862,0.008906475598923862,0.0
FP,199,0.008950462732464075,0.008950462732464075,0.0
FP,200,0.008984112814068794,0.008984112814068794,0.0
FP,201,0.00900290062185377,0.00900290062185377,0.0
FP,202,0.009079441097564995,0.009079441097564995,0.0
FP,203,0.009036745494231582,0.009036745494231582,0.0
FP,204,0.009013396124355495,0.009013396124355495,0.0
FP,205,0.008919341075234115,0.008919341075234115,0.0
FP,206,0.008887213161215187,0.008887213161215187,0.0
FP,207,0.008904837947338819,0.008904837947338819,0.0
FP,208,0.008834039214998484,0.008834039214998484,0.0
FP,209,0.008933954038657248,0.008933954038657248,0.0
FP,210,0.008993719168938697,0.008993719168938697,0.0
FP,211,0.0089983614301309,0.0089983614301309,0.0
FP,212,0.009030198105610907,0.009030198105610907,0.0
FP,213,0.009044045847840607,0.009044045847840607,0.0
FP,214,0.00901361302472651,0.00901361302472651,0.0
FP,215,0.008884650897234678,0.008884650897234678,0.0
FP,216,0.008931914735585451,0.008931914735585451,0.0
FP,217,0.008889083536341786,0.008889083536341786,0.0
FP,218,0.00887353811878711,0.00887353811878711,0.0
FP,219,0.008815191234461964,0.008815191234461964,0.0
FP,220,0.008762251776643097,0.008762251776643097,0.0
FP,221,0.008774149944074452,0.008774149944074452,0.0
FP,222,0.00860689883120358,0.00860689883120358,0.0
FP,223,0.008646104554645716,0.008646104554645716,0.0
FP,224,0.008652595188468695,0.008652595188468695,0.0
FP,225,0.008699961579404772,0.008699961579404772,0.0
FP,226,0.008692990439012647,0.008692990439012647,0.0
FP,227,0.008641376630403102,0.008641376630403102,0.0
FP,228,0.008691743309609591,0.008691743309609591,0.0
FP,229,0.008708362579345702,0.008708362579345702,0.0
FP,230,0.00871396682690829,0.00871396682690829,0.0
FP,231,0.008600847688503563,0.008600847688503563,0.0
FP,232,0.008545108698308468,0.008545108698308468,0.0
FP,233,0.008547077155672014,0.008547077155672014,0.0
FP,234,0.008534359522163868,0.008534359522163868,0.0
FP,235,0.008481629891321063,0.008481629891321063,0.0
FP,236,0.008515728991478682,0.008515728991478682,0.0
FP,237,0.00852562158368528,0.00852562158368528,0.0
FP,238,0.008472065734677016,0.008472065734677016,0.0
FP,239,0.008450792105868458,0.008450792105868458,0.0
FP,240,0.008303747191093861,0.008303747191093861,0.0
FP,241,0.008314800788648427,0.008314800788648427,0.0
FP,242,0.008388762781396508,0.008388762781396508,0.0
FP,243,0.008375837984494865,0.008375837984494865,0.0
FP,244,0.008372110649943351,0.008372110649943351,0.0
FP,245,0.008411713633686304,0.008411713633686304,0.0
FP,246,0.008547773458994925,0.008547773458994925,0.0
FP,247,0.008619579551741481,0.008619579551741481,0.0
FP,248,0.008661382184363901,0.008661382184363901,0.0
FP,249,0.008696610569022595,0.008696610569022595,0.0
FP,250,0.009155458407476544,0.009155458407476544,0.0
FP,251,0.00957158928271383,0.00957158928271383,0.0
FP,252,0.010145147172734141,0.010145147172734141,0.0
FP,253,0.010544923273846507,0.010544923273846507,0.0
FP,254,0.010892857480794191,0.010892857480794191,0.0
FP,255,0.011645966367796063,0.011645966367796063,0.0
FP,256,0.013531418764032424,0.013531418764032424,0.0
TN,-256,0.009879528768360615,0.009879528768360615,0.0
TN,-255,0.009965833206661046,0.009965833206661046,0.0
TN,-254,0.010054061394184828,0.010054061394184828,0.0
TN,-253,0.010017217849381269,0.010017217849381269,0.0
TN,-252,0.010055289235897363,0.010055289235897363,0.0
TN,-251,0.009908536402508616,0.009908536402508616,0.0
TN,-250,0.009654134600423277,0.009654134600423277,0.0
TN,-249,0.009636352979578077,0.009636352979578077,0.0
TN,-248,0.009560174737125636,0.009560174737125636,0.0
TN,-247,0.009736240627244114,0.009736240627244114,0.0
TN,-246,0.009819522979669273,0.009819522979669273,0.0
TN,-245,0.009867401961237192,0.009867401961237192,0.0
TN,-244,0.009877984067425133,0.009877984067425133,0.0
TN,-243,0.009898203071206807,0.009898203071206807,0.0
TN,-242,0.009907773081213236,0.009907773081213236,0.0
TN,-241,0.009922900022938847,0.009922900022938847,0.0
TN,-240,0.009825933752581477,0.009825933752581477,0.0
TN,-239,0.009828858473338187,0.009828858473338187,0.0
TN,-238,0.009839883265085518,0.009839883265085518,0.0
TN,-237,0.009824873222969472,0.009824873222969472,0.0
TN,-236,0.009862718335352839,0.009862718335352839,0.0
TN,-235,0.009871991476975381,0.009871991476975381,0.0
TN,-234,0.009891304676420987,0.009891304676420987,0.0
TN,-233,0.009858657983131706,0.009858657983131706,0.0
TN,-232,0.009873634758405388,0.009873634758405388,0.0
TN,-231,0.009874488501809537,0.009874488501809537,0.0
TN,-230,0.009788407599553467,0.009788407599553467,0.0
TN,-229,0.009837885508313776,0.009837885508313776,0.0
TN,-228,0.00986447738017887,0.00986447738017887,0.0
TN,-227,0.009860164509154857,0.009860164509154857,0.0
TN,-226,0.009842678508721291,0.009842678508721291,0.0
TN,-225,0.009764484642073513,0.009764484642073513,0.0
TN,-224,0.009781035808846355,0.009781035808846355,0.0
TN,-223,0.009727850980125368,0.009727850980125368,0.0
TN,-222,0.00967836803290993,0.00967836803290993,0.0
TN,-221,0.009731950806453823,0.009731950806453823,0.0
TN,-220,0.009709261888638139,0.009709261888638139,0.0
TN,-219,0.009693906805478037,0.009693906805478037,0.0
TN,-218,0.009714129297062755,0.009714129297062755,0.0
TN,-217,0.009707194045186043,0.009707194045186043,0.0
TN,-216,0.009752784799784421,0.009752784799784421,0.0
TN,-215,0.00982676669023931,0.00982676669023931,0.0
TN,-214,0.00977574797347188,0.00977574797347188,0.0
TN,-213,0.009738912899047136,0.009738912899047136,0.0
TN,-212,0.009719536425545811,0.009719536425545811,0.0
TN,-211,0.00965083621442318,0.00965083621442318,0.0
TN,-210,0.009698441284708679,0.009698441284708679,0.0
TN,-209,0.009712758432142437,0.009712758432142437,0.0
TN,-208,0.009656831244938076,0.009656831244938076,0.0
TN,-207,0.009637622577138245,0.009637622577138245,0.0
TN,-206,0.009700657236389815,0.009700657236389815,0.0
TN,-205,0.009723893851041793,0.009723893851041793,0.0
TN,-204,0.009733361536636948,0.009733361536636948,0.0
TN,-203,0.00973044597543776,0.00973044597543776,0.0
TN,-202,0.009775589564815163,0.009775589564815163,0.0
TN,-201,0.009812466287985443,0.009812466287985443,0.0
TN,-200,0.00979613176546991,0.00979613176546991,0.0
TN,-199,0.00980821494013071,0.00980821494013071,0.0
TN,-198,0.009873324669897557,0.009873324669897557,0.0
TN,-197,0.009882534714415669,0.009882534714415669,0.0
TN,-196,0.009900688659399748,0.009900688659399748,0.0
TN,-195,0.009918951541185378,0.009918951541185378,0.0
TN,-194,0.009902452388778328,0.009902452388778328,0.0
TN,-193,0.009879170879721642,0.009879170879721642,0.0
TN,-192,0.009857167145237327,0.009857167145237327,0.0
TN,-191,0.009911721237003804,0.009911721237003804,0.0
TN,-190,0.009909391421824693,0.009909391421824693,0.0
TN,-189,0.009909710213541985,0.009909710213541985,0.0
TN,-188,0.009846945046447217,0.009846945046447217,0.0
TN,-187,0.009813841287977994,0.009813841287977994,0.0
TN,-186,0.00982506466563791,0.00982506466563791,0.0
TN,-185,0.009772218014113605,0.009772218014113605,0.0
TN,-184,0.009763216516003013,0.009763216516003013,0.0
TN,-183,0.009765081247314811,0.009765081247314811,0.0
TN,-182,0.009760338999330997,0.009760338999330997,0.0
TN,-181,0.009785106051713227,0.009785106051713227,0.0
TN,-180,0.009846152691170573,0.009846152691170573,0.0
TN,-179,0.009808987411670387,0.009808987411670387,0.0
TN,-178,0.009779917532578111,0.009779917532578111,0.0
TN,-177,0.009815922044217586,0.009815922044217586,0.0
TN,-176,0.009866289705969393,0.009866289705969393,0.0
TN,-175,0.009910931219346822,0.009910931219346822,0.0
TN,-174,0.009905587136745452,0.009905587136745452,0.0
TN,-173,0.00989128372631967,0.00989128372631967,0.0
TN,-172,0.009932921659201384,0.009932921659201384,0.0
TN,-171,0.009890599576756358,0.009890599576756358,0.0
TN,-170,0.009928271826356649,0.009928271826356649,0.0
TN,-169,0.009877212294377387,0.009877212294377387,0.0
TN,-168,0.00991780314128846,0.00991780314128846,0.0
TN,-167,0.009945351728238166,0.009945351728238166,0.0
TN,-166,0.0099415142275393,0.0099415142275393,0.0
TN,-165,0.009949487829580904,0.009949487829580904,0.0
TN,-164,0.010005151052027941,0.010005151052027941,0.0
TN,-163,0.010062762405723333,0.010062762405723333,0.0
TN,-162,0.01006065054796636,0.01006065054796636,0.0
TN,-161,0.01000764813274145,0.01000764813274145,0.0
TN,-160,0.009955376386642456,0.009955376386642456,0.0
TN,-159,0.009865995333530008,0.009865995333530008,0.0
TN,-158,0.009827770390547812,0.009827770390547812,0.0
TN,-157,0.009807202382944524,0.009807202382944524,0.0
TN,-156,0.009802189213223756,0.009802189213223756,0.0
TN,-155,0.009758383608423174,0.009758383608423174,0.0
TN,-154,0.00981510618235916,0.00981510618235916,0.0
TN,-153,0.009789490797556937,0.009789490797556937,0.0
TN,-152,0.009799563135020435,0.009799563135020435,0.0
TN,-151,0.009802663126029074,0.009802663126029074,0.0
TN,-150,0.009793511596508325,0.009793511596508325,0.0
TN,-149,0.009774332521483303,0.009774332521483303,0.0
TN,-148,0.009825668837875128,0.009825668837875128,0.0
TN,-147,0.009783566491678356,0.009783566491678356,0.0
TN,-146,0.009759332351386547,0.009759332351386547,0.0
TN,-145,0.009770693946629763,0.009770693946629763,0.0
TN,-144,0.009824711652472616,0.009824711652472616,0.0
TN,-143,0.009796668947674335,0.009796668947674335,0.0
TN,-142,0.00984618981834501,0.00984618981834501,0.0
TN,-141,0.009778230949304998,0.009778230949304998,0.0
TN,-140,0.009839010671712459,0.009839010671712459,0.0
TN,-139,0.009916118206456303,0.009916118206456303,0.0
TN,-138,0.009935062322765588,0.009935062322765588,0.0
TN,-137,0.009912506779655814,0.009912506779655814,0.0
TN,-136,0.009914677292108535,0.009914677292108535,0.0
TN,-135,0.009834176562726497,0.009834176562726497,0.0
TN,-134,0.009836607291363179,0.009836607291363179,0.0
TN,-133,0.009818173563107848,0.009818173563107848,0.0
TN,-132,0.009929083064198494,0.009929083064198494,0.0
TN,-131,0.009961503725498914,0.009961503725498914,0.0
TN,-130,0.009919854132458567,0.009919854132458567,0.0
TN,-129,0.009956958470866084,0.009956958470866084,0.0
TN,-128,0.010047881910577417,0.010047881910577417,0.0
TN,-127,0.010062842415645718,0.010062842415645718,0.0
TN,-126,0.010034332918003201,0.010034332918003201,0.0
TN,-125,0.01000832436606288,0.01000832436606288,0.0
TN,-124,0.009993235291913151,0.009993235291913151,0.0
TN,-123,0.010001476854085922,0.010001476854085922,0.0
TN,-122,0.00998546240851283,0.00998546240851283,0.0
TN,-121,0.009918936965987087,0.009918936965987087,0.0
TN,-120,0.009807267962023615,0.009807267962023615,0.0
TN,-119,0.009791272729635238,0.009791272729635238,0.0
TN,-118,0.009790190905332565,0.009790190905332565,0.0
TN,-117,0.009824420576915145,0.009824420576915145,0.0
TN,-116,0.009908363912254572,0.009908363912254572,0.0
TN,-115,0.009980616541579366,0.009980616541579366,0.0
TN,-114,0.009970468413084745,0.009970468413084745,0.0
TN,-113,0.009935107892379164,0.009935107892379164,0.0
TN,-112,0.009945057267323136,0.009945057267323136,0.0
TN,-111,0.009928173394873738,0.009928173394873738,0.0
TN,-110,0.009904206562787295,0.009904206562787295,0.0
TN,-109,0.009952354487031698,0.009952354487031698,0.0
TN,-108,0.009939446887001395,0.009939446887001395,0.0
TN,-107,0.009894137484952808,0.009894137484952808,0.0
TN,-106,0.009950245609506964,0.009950245609506964,0.0
TN,-105,0.009992218911647796,0.009992218911647796,0.0
TN,-104,0.009949129093438387,0.009949129093438387,0.0
TN,-103,0.009989510988816619,0.009989510988816619,0.0
TN,-102,0.010088824983686209,0.010088824983686209,0.0
TN,-101,0.010014885468408466,0.010014885468408466,0.0
TN,-100,0.00999803707934916,0.00999803707934916,0.0
TN,-99,0.010004046801477672,0.010004046801477672,0.0
TN,-98,0.01012037394568324,0.01012037394568324,0.0
TN,-97,0.010085500217974186,0.010085500217974186,0.0
TN,-96,0.010092085311189294,0.010092085311189294,0.0
TN,-95,0.010174397118389607,0.010174397118389607,0.0
TN,-94,0.01014103447087109,0.01014103447087109,0.0
TN,-93,0.010134345907717944,0.010134345907717944,0.0
TN,-92,0.01010863502509892,0.01010863502509892,0.0
TN,-91,0.01006385501474142,0.01006385501474142,0.0
TN,-90,0.01007774377707392,0.01007774377707392,0.0
TN,-89,0.010144070968963206,0.010144070968963206,0.0
TN,-88,0.01012080208864063,0.01012080208864063,0.0
TN,-87,0.01003705385606736,0.01003705385606736,0.0
TN,-86,0.010034059341996908,0.010034059341996908,0.0
TN,-85,0.010051578916609287,0.010051578916609287,0.0
TN,-84,0.010087925596162678,0.010087925596162678,0.0
TN,-83,0.01014372737146914,0.01014372737146914,0.0
TN,-82,0.010111377108842134,0.010111377108842134,0.0
TN,-81,0.009999676933512091,0.009999676933512091,0.0
TN,-80,0.01008159269578755,0.01008159269578755,0.0
TN,-79,0.010093281324952841,0.010093281324952841,0.0
TN,-78,0.010083109801635147,0.010083109801635147,0.0
TN,-77,0.010061064027249813,0.010061064027249813,0.0
TN,-76,0.010064153922721744,0.010064153922721744,0.0
TN,-75,0.010115007106214761,0.010115007106214761,0.0
TN,-74,0.010099938521161676,0.010099938521161676,0.0
TN,-73,0.01003752252086997,0.01003752252086997,0.0
TN,-72,0.010076926946640015,0.010076926946640015,0.0
TN,-71,0.010137815494090319,0.010137815494090319,0.0
TN,-70,0.010150063373148442,0.010150063373148442,0.0
TN,-69,0.010210551032796502,0.010210551032796502,0.0
TN,-68,0.010241594086401164,0.010241594086401164,0.0
TN,-67,0.010325146201066672,0.010325146201066672,0.0
TN,-66,0.010360881998203696,0.010360881998203696,0.0
TN,-65,0.010239333901554347,0.010239333901554347,0.0
TN,-64,0.010238380637019873,0.010238380637019873,0.0
TN,-63,0.010200710161589086,0.010200710161589086,0.0
TN,-62,0.010174452671781182,0.010174452671781182,0.0
TN,-61,0.010124189811758697,0.010124189811758697,0.0
TN,-60,0.010140038128010929,0.010140038128010929,0.0
TN,-59,0.010209317468106747,0.010209317468106747,0.0
TN,-58,0.010208006706088782,0.010208006706088782,0.0
TN,-57,0.010169096691533923,0.010169096691533923,0.0
TN,-56,0.010168452728539706,0.010168452728539706,0.0
TN,-55,0.010099515533074737,0.010099515533074737,0.0
TN,-54,0.010128165986388922,0.010128165986388922,0.0
TN,-53,0.010088877473026513,0.010088877473026513,0.0
TN,-52,0.010139149120077491,0.010139149120077491,0.0
TN,-51,0.010154529139399529,0.010154529139399529,0.0
TN,-50,0.010151401879265904,0.010151401879265904,0.0
TN,-49,0.010103331385180355,0.010103331385180355,0.0
TN,-48,0.010153089230880142,0.010153089230880142,0.0
TN,-47,0.010181389516219497,0.010181389516219497,0.0
TN,-46,0.010215301802381872,0.010215301802381872,0.0
TN,-45,0.010216539986431598,0.010216539986431598,0.0
TN,-44,0.010219282675534487,0.010219282675534487,0.0
TN,-43,0.010281959231942892,0.010281959231942892,0.0
TN,-42,0.010361836114898324,0.010361836114898324,0.0
TN,-41,0.01037431240081787,0.01037431240081787,0.0
TN,-40,0.01031523515470326,0.01031523515470326,0.0
TN,-39,0.010325216995552182,0.010325216995552182,0.0
TN,-38,0.010351578630506992,0.010351578630506992,0.0
TN,-37,0.010400668811053037,0.010400668811053037,0.0
TN,-36,0.01029639364220202,0.01029639364220202,0.0
TN,-35,0.010305649433284998,0.010305649433284998,0.0
TN,-34,0.010313170393928886,0.010313170393928886,0.0
TN,-33,0.010284965187311172,0.010284965187311172,0.0
TN,-32,0.010303026409819721,0.010303026409819721,0.0
TN,-31,0.010337066315114498,0.010337066315114498,0.0
TN,-30,0.010412909481674433,0.010412909481674433,0.0
TN,-29,0.010449390998110175,0.010449390998110175,0.0
TN,-28,0.010426241336390377,0.010426241336390377,0.0
TN,-27,0.010401584669016301,0.010401584669016301,0.0
TN,-26,0.010298172938637435,0.010298172938637435,0.0
TN,-25,0.010269724274985492,0.010269724274985492,0.0
TN,-24,0.010226460029371083,0.010226460029371083,0.0
TN,-23,0.010350177390500903,0.010350177390500903,0.0
TN,-22,0.010391803504899145,0.010391803504899145,0.0
TN,-21,0.010420541716739536,0.010420541716739536,0.0
TN,-20,0.010461963918060065,0.010461963918060065,0.0
TN,-19,0.01045881787315011,0.01045881787315011,0.0
TN,-18,0.010483142286539078,0.010483142286539078,0.0
TN,-17,0.01050095420330763,0.01050095420330763,0.0
TN,-16,0.010511005027219654,0.010511005027219654,0.0
TN,-15,0.010475948005914688,0.010475948005914688,0.0
TN,-14,0.010406081574037671,0.010406081574037671,0.0
TN,-13,0.010511718122288585,0.010511718122288585,0.0
TN,-12,0.010509106693789363,0.010509106693789363,0.0
TN,-11,0.010471186200156808,0.010471186200156808,0.0
TN,-10,0.010515581592917442,0.010515581592917442,0.0
TN,-9,0.010504627199843526,0.010504627199843526,0.0
TN,-8,0.010404715035110711,0.010404715035110711,0.0
TN,-7,0.010438802987337112,0.010438802987337112,0.0
TN,-6,0.010414066351950168,0.010414066351950168,0.0
TN,-5,0.010438142279163003,0.010438142279163003,0.0
TN,-4,0.010430196607485414,0.010430196607485414,0.0
TN,-3,0.01047377080656588,0.01047377080656588,0.0
TN,-2,0.010543127879500389,0.010543127879500389,0.0
TN,-1,0.010514336181804538,0.010514336181804538,0.0
TN,0,0.010548956496641039,0.010548956496641039,0.0
TN,1,0.010592528814449907,0.010592528814449907,0.0
TN,2,0.010537317311391235,0.010537317311391235,0.0
TN,3,0.010440833400934935,0.010440833400934935,0.0
TN,4,0.010403555603697896,0.010403555603697896,0.0
TN,5,0.01036008732393384,0.01036008732393384,0.0
TN,6,0.010306027298793197,0.010306027298793197,0.0
TN,7,0.01033052776940167,0.01033052776940167,0.0
TN,8,0.010288653634488583,0.010288653634488583,0.0
TN,9,0.010295330826193095,0.010295330826193095,0.0
TN,10,0.010250711617991327,0.010250711617991327,0.0
TN,11,0.010212859343737364,0.010212859343737364,0.0
TN,12,0.010261803502216935,0.010261803502216935,0.0
TN,13,0.010322986245155335,0.010322986245155335,0.0
TN,14,0.010285118864849209,0.010285118864849209,0.0
TN,15,0.010351812029257416,0.010351812029257416,0.0
TN,16,0.010369369527325034,0.010369369527325034,0.0
TN,17,0.010328436838462948,0.010328436838462948,0.0
TN,18,0.01041120570152998,0.01041120570152998,0.0
TN,19,0.01044517993927002,0.01044517993927002,0.0
TN,20,0.010512659363448619,0.010512659363448619,0.0
TN,21,0.010551134664565325,0.010551134664565325,0.0
TN,22,0.010517396861687303,0.010517396861687303,0.0
TN,23,0.010495506562292575,0.010495506562292575,0.0
TN,24,0.010395113360136748,0.010395113360136748,0.0
TN,25,0.010438376897946,0.010438376897946,0.0
TN,26,0.010417461497709155,0.010417461497709155,0.0
TN,27,0.010456401892006396,0.010456401892006396,0.0
TN,28,0.01040883244946599,0.01040883244946599,0.0
TN,29,0.010332093862816692,0.010332093862816692,0.0
TN,30,0.010347503423690795,0.010347503423690795,0.0
TN,31,0.010378763563930988,0.010378763563930988,0.0
TN,32,0.010350879160687327,0.010350879160687327,0.0
TN,33,0.010329728368669749,0.010329728368669749,0.0
TN,34,0.010266968319192528,0.010266968319192528,0.0
TN,35,0.01024764376692474,0.01024764376692474,0.0
TN,36,0.010132334856316448,0.010132334856316448,0.0
TN,37,0.01016121381893754,0.01016121381893754,0.0
TN,38,0.010201351959258318,0.010201351959258318,0.0
TN,39,0.010312659852206706,0.010312659852206706,0.0
TN,40,0.010338371740654112,0.010338371740654112,0.0
TN,41,0.010421181479468942,0.010421181479468942,0.0
TN,42,0.010316853486001492,0.010316853486001492,0.0
TN,43,0.010274060294032097,0.010274060294032097,0.0
TN,44,0.010269455374218523,0.010269455374218523,0.0
TN,45,0.010311096110381186,0.010311096110381186,0.0
TN,46,0.010309776864014566,0.010309776864014566,0.0
TN,47,0.010307130920700729,0.010307130920700729,0.0
TN,48,0.010271720248274505,0.010271720248274505,0.0
TN,49,0.01022303821053356,0.01022303821053356,0.0
TN,50,0.010314315650612116,0.010314315650612116,0.0
TN,51,0.01039050318300724,0.01039050318300724,0.0
TN,52,0.010332180485129357,0.010332180485129357,0.0
TN,53,0.010268857395276427,0.010268857395276427,0.0
TN,54,0.01026846094056964,0.01026846094056964,0.0
TN,55,0.010225138561800122,0.010225138561800122,0.0
TN,56,0.010248757740482688,0.010248757740482688,0.0
TN,57,0.010300683034583926,0.010300683034583926,0.0
TN,58,0.010274589443579316,0.010274589443579316,0.0
TN,59,0.010294141937047243,0.010294141937047243,0.0
TN,60,0.010320099657401443,0.010320099657401443,0.0
TN,61,0.010387665191665292,0.010387665191665292,0.0
TN,62,0.010338865872472524,0.010338865872472524,0.0
TN,63,0.010246851025149226,0.010246851025149226,0.0
TN,64,0.01024998008273542,0.01024998008273542,0.0
TN,65,0.010236795153468847,0.010236795153468847,0.0
TN,66,0.01012587359175086,0.01012587359175086,0.0
TN,67,0.010113109182566405,0.010113109182566405,0.0
TN,68,0.010089274644851685,0.010089274644851685,0.0
TN,69,0.010087588038295507,0.010087588038295507,0.0
TN,70,0.010095302937552333,0.010095302937552333,0.0
TN,71,0.010057421233505011,0.010057421233505011,0.0
TN,72,0.009991277065128088,0.009991277065128088,0.0
TN,73,0.009979973360896111,0.009979973360896111,0.0
TN,74,0.010010304311290383,0.010010304311290383,0.0
TN,75,0.010097916768863797,0.010097916768863797,0.0
TN,76,0.010146428346633912,0.010146428346633912,0.0
TN,77,0.010099296225234866,0.010099296225234866,0.0
TN,78,0.010142619870603085,0.010142619870603085,0.0
TN,79,0.010173784019425511,0.010173784019425511,0.0
TN,80,0.010197929628193379,0.010197929628193379,0.0
TN,81,0.010183401675894856,0.010183401675894856,0.0
TN,82,0.010151927648112178,0.010151927648112178,0.0
TN,83,0.010096973553299905,0.010096973553299905,0.0
TN,84,0.010075900359079243,0.010075900359079243,0.0
TN,85,0.010033563263714313,0.010033563263714313,0.0
TN,86,0.010020792735740542,0.010020792735740542,0.0
TN,87,0.009972015498206019,0.009972015498206019,0.0
TN,88,0.009949909863062203,0.009949909863062203,0.0
TN,89,0.009977054144255816,0.009977054144255816,0.0
TN,90,0.010065782861784101,0.010065782861784101,0.0
TN,91,0.009975582710467279,0.009975582710467279,0.0
TN,92,0.010029351725243031,0.010029351725243031,0.0
TN,93,0.009971770509146154,0.009971770509146154,0.0
TN,94,0.009919632780365647,0.009919632780365647,0.0
TN,95,0.009920646226964891,0.009920646226964891,0.0
TN,96,0.00999786389991641,0.00999786389991641,0.0
TN,97,0.009958354928530753,0.009958354928530753,0.0
TN,98,0.010008277124725282,0.010008277124725282,0.0
TN,99,0.009931251225061714,0.009931251225061714,0.0
TN,100,0.009922153814695776,0.009922153814695776,0.0
TN,101,0.009942776840180158,0.009942776840180158,0.0
TN,102,0.010036094319075347,0.010036094319075347,0.0
TN,103,0.010054787853732705,0.010054787853732705,0.0
TN,104,0.01014123878441751,0.01014123878441751,0.0
TN,105,0.010146540701389312,0.010146540701389312,0.0
TN,106,0.010085934894159437,0.010085934894159437,0.0
TN,107,0.01005824008025229,0.01005824008025229,0.0
TN,108,0.010024770060554147,0.010024770060554147,0.0
TN,109,0.01014179297722876,0.01014179297722876,0.0
TN,110,0.01019693530164659,0.01019693530164659,0.0
TN,111,0.010125583969056606,0.010125583969056606,0.0
TN,112,0.010133772054687143,0.010133772054687143,0.0
TN,113,0.010149455592036248,0.010149455592036248,0.0
TN,114,0.01012533627450466,0.01012533627450466,0.0
TN,115,0.010129098119214176,0.010129098119214176,0.0
TN,116,0.010159956151619553,0.010159956151619553,0.0
TN,117,0.010155470939353109,0.010155470939353109,0.0
TN,118,0.01010659613646567,0.01010659613646567,0.0
TN,119,0.010047368444502354,0.010047368444502354,0.0
TN,120,0.009978186967782677,0.009978186967782677,0.0
TN,121,0.009972881893627345,0.009972881893627345,0.0
TN,122,0.009905147994868458,0.009905147994868458,0.0
TN,123,0.009875442800112069,0.009875442800112069,0.0
TN,124,0.009928323668427766,0.009928323668427766,0.0
TN,125,0.009944107588380576,0.009944107588380576,0.0
TN,126,0.00994338477961719,0.00994338477961719,0.0
TN,127,0.009888420198112726,0.009888420198112726,0.0
TN,128,0.00999074349179864,0.00999074349179864,0.0
TN,129,0.0099275220092386,0.0099275220092386,0.0
TN,130,0.00990871302317828,0.00990871302317828,0.0
TN,131,0.009971237229183316,0.009971237229183316,0.0
TN,132,0.009938753908500075,0.009938753908500075,0.0
TN,133,0.009863001927733421,0.009863001927733421,0.0
TN,134,0.009934431686997414,0.009934431686997414,0.0
TN,135,0.009971909732557833,0.009971909732557833,0.0
TN,136,0.009923357139341534,0.009923357139341534,0.0
TN,137,0.009958852422423661,0.009958852422423661,0.0
TN,138,0.009913815180771052,0.009913815180771052,0.0
TN,139,0.009956342969089746,0.009956342969089746,0.0
TN,140,0.009997327774763108,0.009997327774763108,0.0
TN,141,0.00995585460215807,0.00995585460215807,0.0
TN,142,0.009954499676823617,0.009954499676823617,0.0
TN,143,0.009964889138936997,0.009964889138936997,0.0
TN,144,0.010050166901201009,0.010050166901201009,0.0
TN,145,0.010076535698026419,0.010076535698026419,0.0
TN,146,0.010064794281497598,0.010064794281497598,0.0
TN,147,0.010035249488428235,0.010035249488428235,0.0
TN,148,0.009952609427273273,0.009952609427273273,0.0
TN,149,0.00996123543009162,0.00996123543009162,0.0
TN,150,0.009913859916850924,0.009913859916850924,0.0
TN,151,0.009960335679352283,0.009960335679352283,0.0
TN,152,0.00998191331513226,0.00998191331513226,0.0
TN,153,0.009948318116366863,0.009948318116366863,0.0
TN,154,0.009965744437649846,0.009965744437649846,0.0
TN,155,0.009965631682425737,0.009965631682425737,0.0
TN,156,0.009964789869263769,0.009964789869263769,0.0
TN,157,0.01001174608245492,0.01001174608245492,0.0
TN,158,0.01004947398789227,0.01004947398789227,0.0
TN,159,0.01007509747520089,0.01007509747520089,0.0
TN,160,0.010062418300658465,0.010062418300658465,0.0
TN,161,0.010111790094524621,0.010111790094524621,0.0
TN,162,0.010109551148489118,0.010109551148489118,0.0
TN,163,0.010098315267823637,0.010098315267823637,0.0
TN,164,0.010065144118852913,0.010065144118852913,0.0
TN,165,0.010020083799026906,0.010020083799026906,0.0
TN,166,0.009967907555401325,0.009967907555401325,0.0
TN,167,0.009889701795764268,0.009889701795764268,0.0
TN,168,0.009845336726866662,0.009845336726866662,0.0
TN,169,0.009814358977600933,0.009814358977600933,0.0
TN,170,0.009755871524102986,0.009755871524102986,0.0
TN,171,0.009836578448303044,0.009836578448303044,0.0
TN,172,0.009793231901712716,0.009793231901712716,0.0
TN,173,0.009879294470883905,0.009879294470883905,0.0
TN,174,0.009884698414243758,0.009884698414243758,0.0
TN,175,0.009820200693793595,0.009820200693793595,0.0
TN,176,0.009765305980108678,0.009765305980108678,0.0
TN,177,0.009741249363869428,0.009741249363869428,0.0
TN,178,0.009730839431285858,0.009730839431285858,0.0
TN,179,0.009728122930973769,0.009728122930973769,0.0
TN,180,0.009805561387911438,0.009805561387911438,0.0
TN,181,0.009762411816045641,0.009762411816045641,0.0
TN,182,0.009749999004416168,0.009749999004416168,0.0
TN,183,0.009720236365683376,0.009720236365683376,0.0
TN,184,0.009763775561004877,0.009763775561004877,0.0
TN,185,0.009748201193287969,0.009748201193287969,0.0
TN,186,0.009885510480962693,0.009885510480962693,0.0
TN,187,0.009849042515270412,0.009849042515270412,0.0
TN,188,0.00979713183362037,0.00979713183362037,0.0
TN,189,0.00983349114190787,0.00983349114190787,0.0
TN,190,0.00990262871608138,0.00990262871608138,0.0
TN,191,0.009864818085916341,0.009864818085916341,0.0
TN,192,0.009790444658137857,0.009790444658137857,0.0
TN,193,0.009815114210359752,0.009815114210359752,0.0
TN,194,0.009785238732583822,0.009785238732583822,0.0
TN,195,0.009761948408558964,0.009761948408558964,0.0
TN,196,0.009746330142952501,0.009746330142952501,0.0
TN,197,0.009646055311895907,0.009646055311895907,0.0
TN,198,0.009699968271888793,0.009699968271888793,0.0
TN,199,0.009736732835881412,0.009736732835881412,0.0
TN,200,0.009724301774986089,0.009724301774986089,0.0
TN,201,0.009710854613222181,0.009710854613222181,0.0
TN,202,0.009750270922668279,0.009750270922668279,0.0
TN,203,0.009711724915541708,0.009711724915541708,0.0
TN,204,0.00965138076338917,0.00965138076338917,0.0
TN,205,0.009648676957003771,0.009648676957003771,0.0
TN,206,0.00969573391135782,0.00969573391135782,0.0
TN,207,0.00973639517556876,0.00973639517556876,0.0
TN,208,0.009801631565205754,0.009801631565205754,0.0
TN,209,0.009885220783762633,0.009885220783762633,0.0
TN,210,0.009793007648549974,0.009793007648549974,0.0
TN,211,0.009732060474343598,0.009732060474343598,0.0
TN,212,0.009774353122338653,0.009774353122338653,0.0
TN,213,0.009781644521281123,0.009781644521281123,0.0
TN,214,0.009719194192439318,0.009719194192439318,0.0
TN,215,0.009834220902994274,0.009834220902994274,0.0
TN,216,0.009751240136101841,0.009751240136101841,0.0
TN,217,0.009785710861906409,0.009785710861906409,0.0
TN,218,0.009805858274921775,0.009805858274921775,0.0
TN,219,0.009782662354409695,0.009782662354409695,0.0
TN,220,0.00980381464585662,0.00980381464585662,0.0
TN,221,0.009692510762251914,0.009692510762251914,0.0
TN,222,0.009690960310399533,0.009690960310399533,0.0
TN,223,0.009562606746330858,0.009562606746330858,0.0
TN,224,0.009532730616629124,0.009532730616629124,0.0
TN,225,0.009542366350069642,0.009542366350069642,0.0
TN,226,0.009576153457164765,0.009576153457164765,0.0
TN,227,0.009546021446585656,0.009546021446585656,0.0
TN,228,0.009517549630254507,0.009517549630254507,0.0
TN,229,0.009559200103394687,0.009559200103394687,0.0
TN,230,0.009534082505851985,0.009534082505851985,0.0
TN,231,0.009528139159083366,0.009528139159083366,0.0
TN,232,0.009475005618296563,0.009475005618296563,0.0
TN,233,0.00948703187983483,0.00948703187983483,0.0
TN,234,0.009483454213477672,0.009483454213477672,0.0
TN,235,0.009499220522120594,0.009499220522120594,0.0
TN,236,0.009490180411376059,0.009490180411376059,0.0
TN,237,0.009524230356328189,0.009524230356328189,0.0
TN,238,0.00944782781880349,0.00944782781880349,0.0
TN,239,0.00942545672878623,0.00942545672878623,0.0
TN,240,0.00936967672780156,0.00936967672780156,0.0
TN,241,0.009319899706169962,0.009319899706169962,0.0
TN,242,0.009380844333209097,0.009380844333209097,0.0
TN,243,0.00943091779947281,0.00943091779947281,0.0
TN,244,0.009352751211263239,0.009352751211263239,0.0
TN,245,0.009406249430030584,0.009406249430030584,0.0
TN,246,0.009369898103177548,0.009369898103177548,0.0
TN,247,0.009456257713027298,0.009456257713027298,0.0
TN,248,0.009536600867286325,0.009536600867286325,0.0
TN,249,0.009834139687009157,0.009834139687009157,0.0
TN,250,0.010513970060274005,0.010513970060274005,0.0
TN,251,0.010929908081889152,0.010929908081889152,0.0
TN,252,0.011520516774617136,0.011520516774617136,0.0
TN,253,0.011938730385154486,0.011938730385154486,0.0
TN,254,0.012647392973303796,0.012647392973303796,0.0
TN,255,0.01382610104046762,0.01382610104046762,0.0
TN,256,0.01689733212813735,0.01689733212813735,0.0
TP,-256,0.008680358529090881,0.008680358529090881,0.0
TP,-255,0.008772798522841185,0.008772798522841185,0.0
TP,-254,0.008772909839171917,0.008772909839171917,0.0
TP,-253,0.008733449887949973,0.008733449887949973,0.0
TP,-252,0.00874342720489949,0.00874342720489949,0.0
TP,-251,0.008611645768396556,0.008611645768396556,0.0
TP,-250,0.008454017415642738,0.008454017415642738,0.0
TP,-249,0.008416314185597002,0.008416314185597002,0.0
TP,-248,0.008348066466860473,0.008348066466860473,0.0
TP,-247,0.008454687003977597,0.008454687003977597,0.0
TP,-246,0.008497262396849692,0.008497262396849692,0.0
TP,-245,0.008491740324534475,0.008491740324534475,0.0
TP,-244,0.008548376355320216,0.008548376355320216,0.0
TP,-243,0.00856122829951346,0.00856122829951346,0.0
TP,-242,0.00858771183528006,0.00858771183528006,0.0
TP,-241,0.008567258086986839,0.008567258086986839,0.0
TP,-240,0.008596070357598365,0.008596070357598365,0.0
TP,-239,0.008638912136666477,0.008638912136666477,0.0
TP,-238,0.008688188013620675,0.008688188013620675,0.0
TP,-237,0.008744076774455607,0.008744076774455607,0.0
TP,-236,0.008769649043679238,0.008769649043679238,0.0
TP,-235,0.00884071861859411,0.00884071861859411,0.0
TP,-234,0.00882777183316648,0.00882777183316648,0.0
TP,-233,0.008829469187185168,0.008829469187185168,0.0
TP,-232,0.008814843487925828,0.008814843487925828,0.0
TP,-231,0.008879889422096311,0.008879889422096311,0.0
TP,-230,0.008840798712335528,0.008840798712335528,0.0
TP,-229,0.008904037866741418,0.008904037866741418,0.0
TP,-228,0.008953454955480993,0.008953454955480993,0.0
TP,-227,0.008951357952319085,0.008951357952319085,0.0
TP,-226,0.008996462770737708,0.008996462770737708,0.0
TP,-225,0.008972890567965805,0.008972890567965805,0.0
TP,-224,0.008980799354612828,0.008980799354612828,0.0
TP,-223,0.008954220530577005,0.008954220530577005,0.0
TP,-222,0.008942816532216966,0.008942816532216966,0.0
TP,-221,0.008895675837993621,0.008895675837993621,0.0
TP,-220,0.00890469272620976,0.00890469272620976,0.0
TP,-219,0.008932865965180099,0.008932865965180099,0.0
TP,-218,0.009036489226855338,0.009036489226855338,0.0
TP,-217,0.009033526042476297,0.009033526042476297,0.0
TP,-216,0.009020761908032,0.009020761908032,0.0
TP,-215,0.009019590658135712,0.009019590658135712,0.0
TP,-214,0.00904923957772553,0.00904923957772553,0.0
TP,-213,0.00907080153003335,0.00907080153003335,0.0
TP,-212,0.009014517650939524,0.009014517650939524,0.0
TP,-211,0.008941054176539183,0.008941054176539183,0.0
TP,-210,0.008970077992416918,0.008970077992416918,0.0
TP,-209,0.009024549052119255,0.009024549052119255,0.0
TP,-208,0.009059777641668916,0.009059777641668916,0.0
TP,-207,0.009068663925863802,0.009068663925863802,0.0
TP,-206,0.009108510171063244,0.009108510171063244,0.0
TP,-205,0.009314251211471856,0.009314251211471856,0.0
TP,-204,0.009348056321032345,0.009348056321032345,0.0
TP,-203,0.009353243648074567,0.009353243648074567,0.0
TP,-202,0.009335062666796148,0.009335062666796148,0.0
TP,-201,0.009302771640941501,0.009302771640941501,0.0
TP,-200,0.009295380613766611,0.009295380613766611,0.0
TP,-199,0.00934191297274083,0.00934191297274083,0.0
TP,-198,0.009424398746341467,0.009424398746341467,0.0
TP,-197,0.009467889717780054,0.009467889717780054,0.0
TP,-196,0.009512609350495041,0.009512609350495041,0.0
TP,-195,0.009548628018237651,0.009548628018237651,0.0
TP,-194,0.009630260649137199,0.009630260649137199,0.0
TP,-193,0.009562463792972266,0.009562463792972266,0.0
TP,-192,0.009550021421164274,0.009550021421164274,0.0
TP,-191,0.009482191679999231,0.009482191679999231,0.0
TP,-190,0.009459261912852526,0.009459261912852526,0.0
TP,-189,0.009465963738039136,0.009465963738039136,0.0
TP,-188,0.009511782596819103,0.009511782596819103,0.0
TP,-187,0.009511443795636296,0.009511443795636296,0.0
TP,-186,0.009529137127101421,0.009529137127101421,0.0
TP,-185,0.009593915035948157,0.009593915035948157,0.0
TP,-184,0.009575201920233667,0.009575201920233667,0.0
TP,-183,0.009560401453636586,0.009560401453636586,0.0
TP,-182,0.009581928178668021,0.009581928178668021,0.0
TP,-181,0.0095542420912534,0.0095542420912534,0.0
TP,-180,0.009504349348135292,0.009504349348135292,0.0
TP,-179,0.009377423520199955,0.009377423520199955,0.0
TP,-178,0.009389500371180476,0.009389500371180476,0.0
TP,-177,0.009481325857341289,0.009481325857341289,0.0
TP,-176,0.009470656989142298,0.009470656989142298,0.0
TP,-175,0.009413183126598597,0.009413183126598597,0.0
TP,-174,0.0094115696195513,0.0094115696195513,0.0
TP,-173,0.009381595165468753,0.009381595165468753,0.0
TP,-172,0.009402479622513055,0.009402479622513055,0.0
TP,-171,0.009370738063007594,0.009370738063007594,0.0
TP,-170,0.009378121783956885,0.009378121783956885,0.0
TP,-169,0.009497834369540215,0.009497834369540215,0.0
TP,-168,0.00952269005123526,0.00952269005123526,0.0
TP,-167,0.009552429071627557,0.009552429071627557,0.0
TP,-166,0.009586871964856983,0.009586871964856983,0.0
TP,-165,0.009564497307874262,0.009564497307874262,0.0
TP,-164,0.009577042697928846,0.009577042697928846,0.0
TP,-163,0.009598838882520794,0.009598838882520794,0.0
TP,-162,0.009629645049571992,0.009629645049571992,0.0
TP,-161,0.009651422500610352,0.009651422500610352,0.0
TP,-160,0.009672018266282976,0.009672018266282976,0.0
TP,-159,0.009922421621158719,0.009922421621158719,0.0
TP,-158,0.009974138070829213,0.009974138070829213,0.0
TP,-157,0.009990149689838291,0.009990149689838291,0.0
TP,-156,0.009848435665480793,0.009848435665480793,0.0
TP,-155,0.00974105590954423,0.00974105590954423,0.0
TP,-154,0.009827411733567715,0.009827411733567715,0.0
TP,-153,0.009841072163544596,0.009841072163544596,0.0
TP,-152,0.00978596412576735,0.00978596412576735,0.0
TP,-151,0.009726587068289518,0.009726587068289518,0.0
TP,-150,0.009724874785169958,0.009724874785169958,0.0
TP,-149,0.009786513801664114,0.009786513801664114,0.0
TP,-148,0.00970439693890512,0.00970439693890512,0.0
TP,-147,0.009660632284358144,0.009660632284358144,0.0
TP,-146,0.009684650306589902,0.009684650306589902,0.0
TP,-145,0.009689617496915161,0.009689617496915161,0.0
TP,-144,0.009616343239322304,0.009616343239322304,0.0
TP,-143,0.009623054633848369,0.009623054633848369,0.0
TP,-142,0.009603388477116823,0.009603388477116823,0.0
TP,-141,0.009512766641564667,0.009512766641564667,0.0
TP,-140,0.00950333246961236,0.00950333246961236,0.0
TP,-139,0.009485135255381465,0.009485135255381465,0.0
TP,-138,0.00952935281675309,0.00952935281675309,0.0
TP,-137,0.009563559363596142,0.009563559363596142,0.0
TP,-136,0.00962635271716863,0.00962635271716863,0.0
TP,-135,0.00970064666122198,0.00970064666122198,0.0
TP,-134,0.009733770652674138,0.009733770652674138,0.0
TP,-133,0.009692584215663373,0.009692584215663373,0.0
TP,-132,0.009658215455710889,0.009658215455710889,0.0
TP,-131,0.009673241805285216,0.009673241805285216,0.0
TP,-130,0.009695949293673038,0.009695949293673038,0.0
TP,-129,0.00958754715975374,0.00958754715975374,0.0
TP,-128,0.009628895688802003,0.009628895688802003,0.0
TP,-127,0.009657492125406862,0.009657492125406862,0.0
TP,-126,0.00965892660431564,0.00965892660431564,0.0
TP,-125,0.009779573129490017,0.009779573129490017,0.0
TP,-124,0.009753056773915888,0.009753056773915888,0.0
TP,-123,0.009860214479267597,0.009860214479267597,0.0
TP,-122,0.009859640947543085,0.009859640947543085,0.0
TP,-121,0.009797582034952939,0.009797582034952939,0.0
TP,-120,0.00974464803468436,0.00974464803468436,0.0
TP,-119,0.009739598068408668,0.009739598068408668,0.0
TP,-118,0.009728833492845297,0.009728833492845297,0.0
TP,-117,0.009684155364520847,0.009684155364520847,0.0
TP,-116,0.009684889274649323,0.009684889274649323,0.0
TP,-115,0.009714201921597124,0.009714201921597124,0.0
TP,-114,0.009761392059735953,0.009761392059735953,0.0
TP,-113,0.00988068082369864,0.00988068082369864,0.0
TP,-112,0.009897412694990636,0.009897412694990636,0.0
TP,-111,0.009937366023659706,0.009937366023659706,0.0
TP,-110,0.009945588153786957,0.009945588153786957,0.0
TP,-109,0.009915717612020671,0.009915717612020671,0.0
TP,-108,0.009872751440852881,0.009872751440852881,0.0
TP,-107,0.009859587517566978,0.009859587517566978,0.0
TP,-106,0.009875028976239264,0.009875028976239264,0.0
TP,-105,0.009928209432400763,0.009928209432400763,0.0
TP,-104,0.00999465725850314,0.00999465725850314,0.0
TP,-103,0.01006172169931233,0.01006172169931233,0.0
TP,-102,0.010253308713436127,0.010253308713436127,0.0
TP,-101,0.010258626863360406,0.010258626863360406,0.0
TP,-100,0.010177590227685869,0.010177590227685869,0.0
TP,-99,0.010114358603022993,0.010114358603022993,0.0
TP,-98,0.010093911928124725,0.010093911928124725,0.0
TP,-97,0.010130518730729818,0.010130518730729818,0.0
TP,-96,0.01003610241226852,0.01003610241226852,0.0
TP,-95,0.01013218279927969,0.01013218279927969,0.0
TP,-94,0.010231369119137525,0.010231369119137525,0.0
TP,-93,0.01019926724024117,0.01019926724024117,0.0
TP,-92,0.010119790574535728,0.010119790574535728,0.0
TP,-91,0.010240075108595193,0.010240075108595193,0.0
TP,-90,0.010243326919153332,0.010243326919153332,0.0
TP,-89,0.010262999157421291,0.010262999157421291,0.0
TP,-88,0.010303919538855552,0.010303919538855552,0.0
TP,-87,0.010324042551219463,0.010324042551219463,0.0
TP,-86,0.010074154841713607,0.010074154841713607,0.0
TP,-85,0.010106737776659429,0.010106737776659429,0.0
TP,-84,0.009896966582164168,0.009896966582164168,0.0
TP,-83,0.009907437302172185,0.009907437302172185,0.0
TP,-82,0.00989003517664969,0.00989003517664969,0.0
TP,-81,0.009898347947746515,0.009898347947746515,0.0
TP,-80,0.009850453594699502,0.009850453594699502,0.0
TP,-79,0.009850151352584362,0.009850151352584362,0.0
TP,-78,0.009869176601059735,0.009869176601059735,0.0
TP,-77,0.009906580918468536,0.009906580918468536,0.0
TP,-76,0.00986494755372405,0.00986494755372405,0.0
TP,-75,0.009875412764959037,0.009875412764959037,0.0
TP,-74,0.009906861409544944,0.009906861409544944,0.0
TP,-73,0.009973865603096783,0.009973865603096783,0.0
TP,-72,0.009937408491969108,0.009937408491969108,0.0
TP,-71,0.00998034427408129,0.00998034427408129,0.0
TP,-70,0.010021275603212415,0.010021275603212415,0.0
TP,-69,0.010171609134413302,0.010171609134413302,0.0
TP,-68,0.010130453081801534,0.010130453081801534,0.0
TP,-67,0.010192873748019337,0.010192873748019337,0.0
TP,-66,0.010153251523151994,0.010153251523151994,0.0
TP,-65,0.010238976520486175,0.010238976520486175,0.0
TP,-64,0.010254845297895372,0.010254845297895372,0.0
TP,-63,0.010214963518083096,0.010214963518083096,0.0
TP,-62,0.010178633476607501,0.010178633476607501,0.0
TP,-61,0.010174373779445887,0.010174373779445887,0.0
TP,-60,0.010168592724949122,0.010168592724949122,0.0
TP,-59,0.010173126277513801,0.010173126277513801,0.0
TP,-58,0.010157632268965244,0.010157632268965244,0.0
TP,-57,0.010187109359540045,0.010187109359540045,0.0
TP,-56,0.01027552291750908,0.01027552291750908,0.0
TP,-55,0.010382741866633296,0.010382741866633296,0.0
TP,-54,0.010403344808146357,0.010403344808146357,0.0
TP,-53,0.010356735698878764,0.010356735698878764,0.0
TP,-52,0.010428662039339542,0.010428662039339542,0.0
TP,-51,0.010456010033376515,0.010456010033376515,0.0
TP,-50,0.010571431196294724,0.010571431196294724,0.0
TP,-49,0.010554175642319023,0.010554175642319023,0.0
TP,-48,0.010573372258804739,0.010573372258804739,0.0
TP,-47,0.010706299366429448,0.010706299366429448,0.0
TP,-46,0.010639267414808274,0.010639267414808274,0.0
TP,-45,0.01034986692480743,0.01034986692480743,0.0
TP,-44,0.010342342513613403,0.010342342513613403,0.0
TP,-43,0.010321526424959301,0.010321526424959301,0.0
TP,-42,0.01029038181528449,0.01029038181528449,0.0
TP,-41,0.010428866846486926,0.010428866846486926,0.0
TP,-40,0.01049833493307233,0.01049833493307233,0.0
TP,-39,0.010477325292304157,0.010477325292304157,0.0
TP,-38,0.01046362355351448,0.01046362355351448,0.0
TP,-37,0.01031150398310274,0.01031150398310274,0.0
TP,-36,0.010387234529480338,0.010387234529480338,0.0
TP,-35,0.01039739606436342,0.01039739606436342,0.0
TP,-34,0.01034340335521847,0.01034340335521847,0.0
TP,-33,0.010468604117631912,0.010468604117631912,0.0
TP,-32,0.01054603883996606,0.01054603883996606,0.0
TP,-31,0.010622371421195567,0.010622371421195567,0.0
TP,-30,0.01068366717081517,0.01068366717081517,0.0
TP,-29,0.010654038595966996,0.010654038595966996,0.0
TP,-28,0.010619053873233497,0.010619053873233497,0.0
TP,-27,0.010571821122430264,0.010571821122430264,0.0
TP,-26,0.010540744848549366,0.010540744848549366,0.0
TP,-25,0.010614498532377184,0.010614498532377184,0.0
TP,-24,0.010589974629692734,0.010589974629692734,0.0
TP,-23,0.010557405543513596,0.010557405543513596,0.0
TP,-22,0.010504940180107952,0.010504940180107952,0.0
TP,-21,0.010531268557533622,0.010531268557533622,0.0
TP,-20,0.010606152443215252,0.010606152443215252,0.0
TP,-19,0.010615373849868775,0.010615373849868775,0.0
TP,-18,0.010609270608983933,0.010609270608983933,0.0
TP,-17,0.01065255502704531,0.01065255502704531,0.0
TP,-16,0.010634618285112083,0.010634618285112083,0.0
TP,-15,0.010593215045519173,0.010593215045519173,0.0
TP,-14,0.010786566133610904,0.010786566133610904,0.0
TP,-13,0.01079605238046497,0.01079605238046497,0.0
TP,-12,0.010886200605891645,0.010886200605891645,0.0
TP,-11,0.011062997342087329,0.011062997342087329,0.0
TP,-10,0.011115701058879495,0.011115701058879495,0.0
TP,-9,0.0114280613232404,0.0114280613232404,0.0
TP,-8,0.011380232637748122,0.011380232637748122,0.0
TP,-7,0.011462246240116656,0.011462246240116656,0.0
TP,-6,0.011451366604305804,0.011451366604305804,0.0
TP,-5,0.01139239887241274,0.01139239887241274,0.0
TP,-4,0.011295783268287778,0.011295783268287778,0.0
TP,-3,0.011384605271741748,0.011384605271741748,0.0
TP,-2,0.011403852570801974,0.011403852570801974,0.0
TP,-1,0.01149804619140923,0.01149804619140923,0.0
TP,0,0.01145621007308364,0.01145621007308364,0.0
TP,1,0.011501911813393235,0.011501911813393235,0.0
TP,2,0.011387408431619405,0.011387408431619405,0.0
TP,3,0.011418132474645973,0.011418132474645973,0.0
TP,4,0.011433085156604648,0.011433085156604648,0.0
TP,5,0.011279230015352368,0.011279230015352368,0.0
TP,6,0.011087097525596619,0.011087097525596619,0.0
TP,7,0.01107306020334363,0.01107306020334363,0.0
TP,8,0.011337884468957782,0.011337884468957782,0.0
TP,9,0.01120024712756276,0.01120024712756276,0.0
TP,10,0.011214837450534105,0.011214837450534105,0.0
TP,11,0.011310474863275886,0.011310474863275886,0.0
TP,12,0.011282134633511305,0.011282134633511305,0.0
TP,13,0.01123904662206769,0.01123904662206769,0.0
TP,14,0.011158902226015925,0.011158902226015925,0.0
TP,15,0.011162589681334793,0.011162589681334793,0.0
TP,16,0.011138398237526416,0.011138398237526416,0.0
TP,17,0.01118750379420817,0.01118750379420817,0.0
TP,18,0.011169396359473466,0.011169396359473466,0.0
TP,19,0.011226463429629803,0.011226463429629803,0.0
TP,20,0.011265734406188131,0.011265734406188131,0.0
TP,21,0.011200503618456424,0.011200503618456424,0.0
TP,22,0.011148781194351613,0.011148781194351613,0.0
TP,23,0.010811466597951949,0.010811466597951949,0.0
TP,24,0.010731090963818133,0.010731090963818133,0.0
TP,25,0.010754821100272238,0.010754821100272238,0.0
TP,26,0.01069057810585946,0.01069057810585946,0.0
TP,27,0.010695847342722118,0.010695847342722118,0.0
TP,28,0.01052555355709046,0.01052555355709046,0.0
TP,29,0.010597589081153274,0.010597589081153274,0.0
TP,30,0.010600400194525718,0.010600400194525718,0.0
TP,31,0.010559639185667038,0.010559639185667038,0.0
TP,32,0.010581841608509421,0.010581841608509421,0.0
TP,33,0.010480203754268587,0.010480203754268587,0.0
TP,34,0.010489832707680762,0.010489832707680762,0.0
TP,35,0.010475692800246178,0.010475692800246178,0.0
TP,36,0.010376439415849745,0.010376439415849745,0.0
TP,37,0.010329734859988093,0.010329734859988093,0.0
TP,38,0.010302313761785626,0.010302313761785626,0.0
TP,39,0.010285326465964317,0.010285326465964317,0.0
TP,40,0.01025464923121035,0.01025464923121035,0.0
TP,41,0.010338139696978032,0.010338139696978032,0.0
TP,42,0.010322127384133637,0.010322127384133637,0.0
TP,43,0.010308366944082081,0.010308366944082081,0.0
TP,44,0.010254256878979504,0.010254256878979504,0.0
TP,45,0.010360384187661111,0.010360384187661111,0.0
TP,46,0.010404799124225974,0.010404799124225974,0.0
TP,47,0.010371958846226334,0.010371958846226334,0.0
TP,48,0.01037904373370111,0.01037904373370111,0.0
TP,49,0.010363800236955285,0.010363800236955285,0.0
TP,50,0.010280036740005017,0.010280036740005017,0.0
TP,51,0.01025294370483607,0.01025294370483607,0.0
TP,52,0.010298269181512297,0.010298269181512297,0.0
TP,53,0.01025219792034477,0.01025219792034477,0.0
TP,54,0.010270657716318965,0.010270657716318965,0.0
TP,55,0.010356241315603256,0.010356241315603256,0.0
TP,56,0.01040855847299099,0.01040855847299099,0.0
TP,57,0.01031907302327454,0.01031907302327454,0.0
TP,58,0.010326921357773244,0.010326921357773244,0.0
TP,59,0.010298474202863872,0.010298474202863872,0.0
TP,60,0.010320766516961156,0.010320766516961156,0.0
TP,61,0.010323788789100945,0.010323788789100945,0.0
TP,62,0.0102827307023108,0.0102827307023108,0.0
TP,63,0.010183878834359348,0.010183878834359348,0.0
TP,64,0.01017959123943001,0.01017959123943001,0.0
TP,65,0.01027628615964204,0.01027628615964204,0.0
TP,66,0.01024629361461848,0.01024629361461848,0.0
TP,67,0.010302180238068104,0.010302180238068104,0.0
TP,68,0.010265989247709512,0.010265989247709512,0.0
TP,69,0.010219140471890568,0.010219140471890568,0.0
TP,70,0.010144220450893044,0.010144220450893044,0.0
TP,71,0.010188182229176163,0.010188182229176163,0.0
TP,72,0.01020263068843633,0.01020263068843633,0.0
TP,73,0.010106151509098708,0.010106151509098708,0.0
TP,74,0.010150000066496433,0.010150000066496433,0.0
TP,75,0.010111020128242672,0.010111020128242672,0.0
TP,76,0.01014321238733828,0.01014321238733828,0.0
TP,77,0.010137582817114889,0.010137582817114889,0.0
TP,78,0.010147006656043232,0.010147006656043232,0.0
TP,79,0.010166334649547935,0.010166334649547935,0.0
TP,80,0.010148179894313216,0.010148179894313216,0.0
TP,81,0.010179430916905404,0.010179430916905404,0.0
TP,82,0.01010115516372025,0.01010115516372025,0.0
TP,83,0.01004130587913096,0.01004130587913096,0.0
TP,84,0.010022985059767961,0.010022985059767961,0.0
TP,85,0.010015688808634878,0.010015688808634878,0.0
TP,86,0.010017493469640613,0.010017493469640613,0.0
TP,87,0.01003424686845392,0.01003424686845392,0.0
TP,88,0.01007101613562554,0.01007101613562554,0.0
TP,89,0.009993821117095649,0.009993821117095649,0.0
TP,90,0.009950480624102056,0.009950480624102056,0.0
TP,91,0.00993589730001986,0.00993589730001986,0.0
TP,92,0.009885918172076345,0.009885918172076345,0.0
TP,93,0.009916898300871254,0.009916898300871254,0.0
TP,94,0.009908285047858954,0.009908285047858954,0.0
TP,95,0.009851796585135162,0.009851796585135162,0.0
TP,96,0.009862800166010856,0.009862800166010856,0.0
TP,97,0.00993154738098383,0.00993154738098383,0.0
TP,98,0.009932731799781323,0.009932731799781323,0.0
TP,99,0.00992300285026431,0.00992300285026431,0.0
TP,100,0.009813808174803852,0.009813808174803852,0.0
TP,101,0.0097596215037629,0.0097596215037629,0.0
TP,102,0.00983055449090898,0.00983055449090898,0.0
TP,103,0.00983609862625599,0.00983609862625599,0.0
TP,104,0.009852277338504791,0.009852277338504791,0.0
TP,105,0.009767772145569325,0.009767772145569325,0.0
TP,106,0.00978181740269065,0.00978181740269065,0.0
TP,107,0.00980921184644103,0.00980921184644103,0.0
TP,108,0.009740714421495796,0.009740714421495796,0.0
TP,109,0.009761699824593961,0.009761699824593961,0.0
TP,110,0.009717673952691257,0.009717673952691257,0.0
TP,111,0.00977779395878315,0.00977779395878315,0.0
TP,112,0.00974002088420093,0.00974002088420093,0.0
TP,113,0.009693908719345928,0.009693908719345928,0.0
TP,114,0.009696712573058904,0.009696712573058904,0.0
TP,115,0.009692154619842767,0.009692154619842767,0.0
TP,116,0.009670259305275977,0.009670259305275977,0.0
TP,117,0.009649891564622521,0.009649891564622521,0.0
TP,118,0.00962426997255534,0.00962426997255534,0.0
TP,119,0.009616079716943204,0.009616079716943204,0.0
TP,120,0.009630819647572935,0.009630819647572935,0.0
TP,121,0.009625791879370809,0.009625791879370809,0.0
TP,122,0.009617715748026967,0.009617715748026967,0.0
TP,123,0.00961931456811726,0.00961931456811726,0.0
TP,124,0.009676139177754521,0.009676139177754521,0.0
TP,125,0.00969550531823188,0.00969550531823188,0.0
TP,126,0.009755206345580518,0.009755206345580518,0.0
TP,127,0.00971560093574226,0.00971560093574226,0.0
TP,128,0.0096373739419505,0.0096373739419505,0.0
TP,129,0.009775041360408068,0.009775041360408068,0.0
TP,130,0.009769186922349037,0.009769186922349037,0.0
TP,131,0.009638395849615336,0.009638395849615336,0.0
TP,132,0.009652332440018653,0.009652332440018653,0.0
TP,133,0.009669647747650743,0.009669647747650743,0.0
TP,134,0.009655175982043147,0.009655175982043147,0.0
TP,135,0.009661241029389202,0.009661241029389202,0.0
TP,136,0.009511073683388532,0.009511073683388532,0.0
TP,137,0.009464142159558833,0.009464142159558833,0.0
TP,138,0.009357478208839894,0.009357478208839894,0.0
TP,139,0.009344500629231334,0.009344500629231334,0.0
TP,140,0.009301358158700168,0.009301358158700168,0.0
TP,141,0.009287065998651088,0.009287065998651088,0.0
TP,142,0.009317742055281996,0.009317742055281996,0.0
TP,143,0.009313382934778928,0.009313382934778928,0.0
TP,144,0.009419379951432348,0.009419379951432348,0.0
TP,145,0.009413709035143256,0.009413709035143256,0.0
TP,146,0.009584913603030145,0.009584913603030145,0.0
TP,147,0.009618826336227357,0.009618826336227357,0.0
TP,148,0.009628557348623872,0.009628557348623872,0.0
TP,149,0.009664230309426784,0.009664230309426784,0.0
TP,150,0.009657491454854608,0.009657491454854608,0.0
TP,151,0.009631340410560369,0.009631340410560369,0.0
TP,152,0.009784334786236287,0.009784334786236287,0.0
TP,153,0.009751610239036382,0.009751610239036382,0.0
TP,154,0.009766899873502552,0.009766899873502552,0.0
TP,155,0.009735267846845091,0.009735267846845091,0.0
TP,156,0.009712564670480787,0.009712564670480787,0.0
TP,157,0.00965389345306903,0.00965389345306903,0.0
TP,158,0.009693552353419364,0.009693552353419364,0.0
TP,159,0.009650862948037684,0.009650862948037684,0.0
TP,160,0.009602022655308247,0.009602022655308247,0.0
TP,161,0.009510844680480659,0.009510844680480659,0.0
TP,162,0.009521589688956738,0.009521589688956738,0.0
TP,163,0.0095201210770756,0.0095201210770756,0.0
TP,164,0.009472967302426695,0.009472967302426695,0.0
TP,165,0.009454042203724384,0.009454042203724384,0.0
TP,166,0.009466330818831921,0.009466330818831921,0.0
TP,167,0.00949310245923698,0.00949310245923698,0.0
TP,168,0.009520746949128807,0.009520746949128807,0.0
TP,169,0.009470983198843897,0.009470983198843897,0.0
TP,170,0.009496837300248443,0.009496837300248443,0.0
TP,171,0.009441703143529594,0.009441703143529594,0.0
TP,172,0.00944247874431312,0.00944247874431312,0.0
TP,173,0.009356768713332712,0.009356768713332712,0.0
TP,174,0.009365887311287225,0.009365887311287225,0.0
TP,175,0.009281646716408432,0.009281646716408432,0.0
TP,176,0.009324241899885238,0.009324241899885238,0.0
TP,177,0.009321632785722614,0.009321632785722614,0.0
TP,178,0.009275164641439914,0.009275164641439914,0.0
TP,179,0.00914568494539708,0.00914568494539708,0.0
TP,180,0.009242978496477008,0.009242978496477008,0.0
TP,181,0.009154360638931394,0.009154360638931394,0.0
TP,182,0.009134977543726563,0.009134977543726563,0.0
TP,183,0.009078831882216037,0.009078831882216037,0.0
TP,184,0.009100018325261772,0.009100018325261772,0.0
TP,185,0.009138602390885353,0.009138602390885353,0.0
TP,186,0.009072587857954204,0.009072587857954204,0.0
TP,187,0.009101288858801126,0.009101288858801126,0.0
TP,188,0.009136371966451406,0.009136371966451406,0.0
TP,189,0.009118045666255056,0.009118045666255056,0.0
TP,190,0.009095069812610745,0.009095069812610745,0.0
TP,191,0.009082470606081187,0.009082470606081187,0.0
TP,192,0.00901566823013127,0.00901566823013127,0.0
TP,193,0.009024001620709897,0.009024001620709897,0.0
TP,194,0.009030292076058686,0.009030292076058686,0.0
TP,195,0.009003568743355572,0.009003568743355572,0.0
TP,196,0.00895108145661652,0.00895108145661652,0.0
TP,197,0.008945780922658741,0.008945780922658741,0.0
TP,198,0.00895554354880005,0.00895554354880005,0.0
TP,199,0.008977251518517733,0.008977251518517733,0.0
TP,200,0.00892672220710665,0.00892672220710665,0.0
TP,201,0.008965710392221809,0.008965710392221809,0.0
TP,202,0.009019352816976607,0.009019352816976607,0.0
TP,203,0.008970210389234125,0.008970210389234125,0.0
TP,204,0.008963921922259033,0.008963921922259033,0.0
TP,205,0.008934464701451362,0.008934464701451362,0.0
TP,206,0.008937450312077998,0.008937450312077998,0.0
TP,207,0.008938973415642976,0.008938973415642976,0.0
TP,208,0.008918145773932337,0.008918145773932337,0.0
TP,209,0.008921414110809565,0.008921414110809565,0.0
TP,210,0.00899576227646321,0.00899576227646321,0.0
TP,211,0.009003191515803336,0.009003191515803336,0.0
TP,212,0.008986326446756721,0.008986326446756721,0.0
TP,213,0.008992692357860505,0.008992692357860505,0.0
TP,214,0.008976454134099185,0.008976454134099185,0.0
TP,215,0.008969807489775121,0.008969807489775121,0.0
TP,216,0.008958750865422188,0.008958750865422188,0.0
TP,217,0.008961084592156112,0.008961084592156112,0.0
TP,218,0.008920409600250423,0.008920409600250423,0.0
TP,219,0.008860200843773782,0.008860200843773782,0.0
TP,220,0.00883850141428411,0.00883850141428411,0.0
TP,221,0.00884665380232036,0.00884665380232036,0.0
TP,222,0.008809319455176592,0.008809319455176592,0.0
TP,223,0.008766558030620217,0.008766558030620217,0.0
TP,224,0.008737941184081137,0.008737941184081137,0.0
TP,225,0.008733326285146177,0.008733326285146177,0.0
TP,226,0.008700933014042676,0.008700933014042676,0.0
TP,227,0.008689150507561862,0.008689150507561862,0.0
TP,228,0.008625105791725218,0.008625105791725218,0.0
TP,229,0.008705186764709652,0.008705186764709652,0.0
TP,230,0.00871763852890581,0.00871763852890581,0.0
TP,231,0.00869710294995457,0.00869710294995457,0.0
TP,232,0.008683478594757616,0.008683478594757616,0.0
TP,233,0.008690462801605464,0.008690462801605464,0.0
TP,234,0.008631408428773284,0.008631408428773284,0.0
TP,235,0.008601754396222532,0.008601754396222532,0.0
TP,236,0.008597487350925803,0.008597487350925803,0.0
TP,237,0.008628266868181527,0.008628266868181527,0.0
TP,238,0.008609463833272457,0.008609463833272457,0.0
TP,239,0.008640916189178824,0.008640916189178824,0.0
TP,240,0.008584317560307681,0.008584317560307681,0.0
TP,241,0.008577607520855964,0.008577607520855964,0.0
TP,242,0.008646483663469554,0.008646483663469554,0.0
TP,243,0.008603533478453756,0.008603533478453756,0.0
TP,244,0.008717589895240963,0.008717589895240963,0.0
TP,245,0.008723730742931366,0.008723730742931366,0.0
TP,246,0.008729810672812165,0.008729810672812165,0.0
TP,247,0.008773151524364949,0.008773151524364949,0.0
TP,248,0.008779741879552603,0.008779741879552603,0.0
TP,249,0.008872593231499195,0.008872593231499195,0.0
TP,250,0.009245933685451745,0.009245933685451745,0.0
TP,251,0.00964148435741663,0.00964148435741663,0.0
TP,252,0.010043654190376401,0.010043654190376401,0.0
TP,253,0.01038399307988584,0.01038399307988584,0.0
TP,254,0.010563896396197378,0.010563896396197378,0.0
TP,255,0.01116290939040482,0.01116290939040482,0.0
TP,256,0.012681598272174598,0.012681598272174598,0.0
