confusion_category,position_relative_to_snv,mean_attention,plot_attention,baseline
FN,-256,0.009102080352604389,0.009102080352604389,0.0
FN,-255,0.008929757592268288,0.008929757592268288,0.0
FN,-254,0.008969276226125658,0.008969276226125658,0.0
FN,-253,0.008970072120428085,0.008970072120428085,0.0
FN,-252,0.008935511982999743,0.008935511982999743,0.0
FN,-251,0.008947038063779474,0.008947038063779474,0.0
FN,-250,0.008831602204591036,0.008831602204591036,0.0
FN,-249,0.008814142681658269,0.008814142681658269,0.0
FN,-248,0.008861709851771593,0.008861709851771593,0.0
FN,-247,0.008908506357111037,0.008908506357111037,0.0
FN,-246,0.008933996185660362,0.008933996185660362,0.0
FN,-245,0.008951683505438268,0.008951683505438268,0.0
FN,-244,0.00891171021386981,0.00891171021386981,0.0
FN,-243,0.008928842181339859,0.008928842181339859,0.0
FN,-242,0.008946095420978963,0.008946095420978963,0.0
FN,-241,0.008811961770989,0.008811961770989,0.0
FN,-240,0.008784940871410072,0.008784940871410072,0.0
FN,-239,0.00884575500153005,0.00884575500153005,0.0
FN,-238,0.008910283967852593,0.008910283967852593,0.0
FN,-237,0.008888943013735115,0.008888943013735115,0.0
FN,-236,0.008876462983898818,0.008876462983898818,0.0
FN,-235,0.008823148659430444,0.008823148659430444,0.0
FN,-234,0.00892951142974198,0.00892951142974198,0.0
FN,-233,0.00897434065118432,0.00897434065118432,0.0
FN,-232,0.009032643013633788,0.009032643013633788,0.0
FN,-231,0.009054590207524598,0.009054590207524598,0.0
FN,-230,0.008996315784752369,0.008996315784752369,0.0
FN,-229,0.009108856348320841,0.009108856348320841,0.0
FN,-228,0.009166756263002753,0.009166756263002753,0.0
FN,-227,0.009104576003737748,0.009104576003737748,0.0
FN,-226,0.009147709445096552,0.009147709445096552,0.0
FN,-225,0.009082779227755964,0.009082779227755964,0.0
FN,-224,0.00905290246475488,0.00905290246475488,0.0
FN,-223,0.009003375773318112,0.009003375773318112,0.0
FN,-222,0.0090690934099257,0.0090690934099257,0.0
FN,-221,0.008989385445602238,0.008989385445602238,0.0
FN,-220,0.009087037718854845,0.009087037718854845,0.0
FN,-219,0.009110273169353604,0.009110273169353604,0.0
FN,-218,0.009081859989091754,0.009081859989091754,0.0
FN,-217,0.009143240000121296,0.009143240000121296,0.0
FN,-216,0.009083320228382945,0.009083320228382945,0.0
FN,-215,0.00908117238432169,0.00908117238432169,0.0
FN,-214,0.009079349949024618,0.009079349949024618,0.0
FN,-213,0.009072772124782205,0.009072772124782205,0.0
FN,-212,0.009063636679202318,0.009063636679202318,0.0
FN,-211,0.009132838835939764,0.009132838835939764,0.0
FN,-210,0.00915096016600728,0.00915096016600728,0.0
FN,-209,0.009162588035687804,0.009162588035687804,0.0
FN,-208,0.0092062644707039,0.0092062644707039,0.0
FN,-207,0.009116561426781118,0.009116561426781118,0.0
FN,-206,0.009151029959321022,0.009151029959321022,0.0
FN,-205,0.009141682828776539,0.009141682828776539,0.0
FN,-204,0.009106763531453907,0.009106763531453907,0.0
FN,-203,0.009111617426387966,0.009111617426387966,0.0
FN,-202,0.009202666636556387,0.009202666636556387,0.0
FN,-201,0.009170773481018841,0.009170773481018841,0.0
FN,-200,0.00921519090887159,0.00921519090887159,0.0
FN,-199,0.009235982988029719,0.009235982988029719,0.0
FN,-198,0.009264163714833558,0.009264163714833558,0.0
FN,-197,0.009371635615825652,0.009371635615825652,0.0
FN,-196,0.009352938677184284,0.009352938677184284,0.0
FN,-195,0.009319115285761655,0.009319115285761655,0.0
FN,-194,0.00930228897370398,0.00930228897370398,0.0
FN,-193,0.009332731682807207,0.009332731682807207,0.0
FN,-192,0.009392628516070544,0.009392628516070544,0.0
FN,-191,0.009310956136323512,0.009310956136323512,0.0
FN,-190,0.00940027469303459,0.00940027469303459,0.0
FN,-189,0.009419308239594103,0.009419308239594103,0.0
FN,-188,0.009389608353376388,0.009389608353376388,0.0
FN,-187,0.00936082840897143,0.00936082840897143,0.0
FN,-186,0.009372710906900466,0.009372710906900466,0.0
FN,-185,0.009364136341027916,0.009364136341027916,0.0
FN,-184,0.009396829772740603,0.009396829772740603,0.0
FN,-183,0.009443030436523258,0.009443030436523258,0.0
FN,-182,0.009369786847382783,0.009369786847382783,0.0
FN,-181,0.009381294967606663,0.009381294967606663,0.0
FN,-180,0.009407072598114609,0.009407072598114609,0.0
FN,-179,0.009459751006215811,0.009459751006215811,0.0
FN,-178,0.00942448640242219,0.00942448640242219,0.0
FN,-177,0.009416154208593071,0.009416154208593071,0.0
FN,-176,0.009452392044477165,0.009452392044477165,0.0
FN,-175,0.009442071905359626,0.009442071905359626,0.0
FN,-174,0.009453719770535827,0.009453719770535827,0.0
FN,-173,0.009475858500227332,0.009475858500227332,0.0
FN,-172,0.009525759937241673,0.009525759937241673,0.0
FN,-171,0.009504762450233102,0.009504762450233102,0.0
FN,-170,0.009552568038925529,0.009552568038925529,0.0
FN,-169,0.00944567335769534,0.00944567335769534,0.0
FN,-168,0.009496931037865579,0.009496931037865579,0.0
FN,-167,0.009495900166220962,0.009495900166220962,0.0
FN,-166,0.009492570096626877,0.009492570096626877,0.0
FN,-165,0.00958027297630906,0.00958027297630906,0.0
FN,-164,0.009644412761554122,0.009644412761554122,0.0
FN,-163,0.009608889971859753,0.009608889971859753,0.0
FN,-162,0.00965131402015686,0.00965131402015686,0.0
FN,-161,0.009708664524368941,0.009708664524368941,0.0
FN,-160,0.009644363401457667,0.009644363401457667,0.0
FN,-159,0.009719015439040959,0.009719015439040959,0.0
FN,-158,0.009686242607422173,0.009686242607422173,0.0
FN,-157,0.009679970652796329,0.009679970652796329,0.0
FN,-156,0.009774081744253635,0.009774081744253635,0.0
FN,-155,0.009858862613327801,0.009858862613327801,0.0
FN,-154,0.009770409339107573,0.009770409339107573,0.0
FN,-153,0.009765180987305938,0.009765180987305938,0.0
FN,-152,0.009725075345486403,0.009725075345486403,0.0
FN,-151,0.009697753158397972,0.009697753158397972,0.0
FN,-150,0.009747785395011305,0.009747785395011305,0.0
FN,-149,0.009718287587165832,0.009718287587165832,0.0
FN,-148,0.009649757351726294,0.009649757351726294,0.0
FN,-147,0.009732800759375096,0.009732800759375096,0.0
FN,-146,0.009766260865144432,0.009766260865144432,0.0
FN,-145,0.009775824598036706,0.009775824598036706,0.0
FN,-144,0.00980638972017914,0.00980638972017914,0.0
FN,-143,0.009690813259221614,0.009690813259221614,0.0
FN,-142,0.009701693360693753,0.009701693360693753,0.0
FN,-141,0.00964720394462347,0.00964720394462347,0.0
FN,-140,0.00965768343769014,0.00965768343769014,0.0
FN,-139,0.009651148915290833,0.009651148915290833,0.0
FN,-138,0.009640338039025665,0.009640338039025665,0.0
FN,-137,0.009580565695650876,0.009580565695650876,0.0
FN,-136,0.009636901034973562,0.009636901034973562,0.0
FN,-135,0.009683911870233715,0.009683911870233715,0.0
FN,-134,0.00970636730082333,0.00970636730082333,0.0
FN,-133,0.0096472347388044,0.0096472347388044,0.0
FN,-132,0.009618907156400382,0.009618907156400382,0.0
FN,-131,0.009550670622847974,0.009550670622847974,0.0
FN,-130,0.00962666628882289,0.00962666628882289,0.0
FN,-129,0.009642547257244586,0.009642547257244586,0.0
FN,-128,0.00964115746319294,0.00964115746319294,0.0
FN,-127,0.00970358625985682,0.00970358625985682,0.0
FN,-126,0.00968173765577376,0.00968173765577376,0.0
FN,-125,0.009712451677769423,0.009712451677769423,0.0
FN,-124,0.009632954085245728,0.009632954085245728,0.0
FN,-123,0.009560919329524041,0.009560919329524041,0.0
FN,-122,0.009592535011470317,0.009592535011470317,0.0
FN,-121,0.009554834384471179,0.009554834384471179,0.0
FN,-120,0.009614006294868886,0.009614006294868886,0.0
FN,-119,0.009658848298713565,0.009658848298713565,0.0
FN,-118,0.009593468210659921,0.009593468210659921,0.0
FN,-117,0.009555660015903413,0.009555660015903413,0.0
FN,-116,0.009576414199545979,0.009576414199545979,0.0
FN,-115,0.009528245218098164,0.009528245218098164,0.0
FN,-114,0.009495984348468482,0.009495984348468482,0.0
FN,-113,0.009490183680318296,0.009490183680318296,0.0
FN,-112,0.009425972057506442,0.009425972057506442,0.0
FN,-111,0.009448485616594553,0.009448485616594553,0.0
FN,-110,0.009520452967844904,0.009520452967844904,0.0
FN,-109,0.009658988905139268,0.009658988905139268,0.0
FN,-108,0.009664508821442723,0.009664508821442723,0.0
FN,-107,0.009739382406696678,0.009739382406696678,0.0
FN,-106,0.009763827663846314,0.009763827663846314,0.0
FN,-105,0.009810266476124525,0.009810266476124525,0.0
FN,-104,0.009788942253217102,0.009788942253217102,0.0
FN,-103,0.009758893088437616,0.009758893088437616,0.0
FN,-102,0.009756857990287244,0.009756857990287244,0.0
FN,-101,0.009771658503450454,0.009771658503450454,0.0
FN,-100,0.009674276430159808,0.009674276430159808,0.0
FN,-99,0.009684721208177507,0.009684721208177507,0.0
FN,-98,0.009676510775461793,0.009676510775461793,0.0
FN,-97,0.009664114210754632,0.009664114210754632,0.0
FN,-96,0.00971580581739545,0.00971580581739545,0.0
FN,-95,0.009778609201312065,0.009778609201312065,0.0
FN,-94,0.009713459159247578,0.009713459159247578,0.0
FN,-93,0.009716194435022772,0.009716194435022772,0.0
FN,-92,0.00976762388832867,0.00976762388832867,0.0
FN,-91,0.009741618405096233,0.009741618405096233,0.0
FN,-90,0.009723240151070059,0.009723240151070059,0.0
FN,-89,0.009626850434578955,0.009626850434578955,0.0
FN,-88,0.009561597732827068,0.009561597732827068,0.0
FN,-87,0.009584608185105026,0.009584608185105026,0.0
FN,-86,0.00960998702328652,0.00960998702328652,0.0
FN,-85,0.009605016694404184,0.009605016694404184,0.0
FN,-84,0.00967152061406523,0.00967152061406523,0.0
FN,-83,0.009668952086940408,0.009668952086940408,0.0
FN,-82,0.00965069686062634,0.00965069686062634,0.0
FN,-81,0.009551740288734435,0.009551740288734435,0.0
FN,-80,0.009642427917569876,0.009642427917569876,0.0
FN,-79,0.009607071378268302,0.009607071378268302,0.0
FN,-78,0.009576717801392078,0.009576717801392078,0.0
FN,-77,0.009537704484537245,0.009537704484537245,0.0
FN,-76,0.009548483863472939,0.009548483863472939,0.0
FN,-75,0.009497218830510974,0.009497218830510974,0.0
FN,-74,0.009609241988509893,0.009609241988509893,0.0
FN,-73,0.009584311014041304,0.009584311014041304,0.0
FN,-72,0.009658895479515196,0.009658895479515196,0.0
FN,-71,0.009649130464531482,0.009649130464531482,0.0
FN,-70,0.009717552200891077,0.009717552200891077,0.0
FN,-69,0.009729777853935957,0.009729777853935957,0.0
FN,-68,0.009743002490140498,0.009743002490140498,0.0
FN,-67,0.009707976966165006,0.009707976966165006,0.0
FN,-66,0.00972547623794526,0.00972547623794526,0.0
FN,-65,0.009692839072085917,0.009692839072085917,0.0
FN,-64,0.009641198255121709,0.009641198255121709,0.0
FN,-63,0.009629179956391454,0.009629179956391454,0.0
FN,-62,0.009710468845441937,0.009710468845441937,0.0
FN,-61,0.009690286200493574,0.009690286200493574,0.0
FN,-60,0.009713793992996217,0.009713793992996217,0.0
FN,-59,0.009786056126467884,0.009786056126467884,0.0
FN,-58,0.009832979766651989,0.009832979766651989,0.0
FN,-57,0.009805124900303781,0.009805124900303781,0.0
FN,-56,0.009792421623133122,0.009792421623133122,0.0
FN,-55,0.009809871190227568,0.009809871190227568,0.0
FN,-54,0.0098159492155537,0.0098159492155537,0.0
FN,-53,0.009772281465120613,0.009772281465120613,0.0
FN,-52,0.00982507056556642,0.00982507056556642,0.0
FN,-51,0.00983455616980791,0.00983455616980791,0.0
FN,-50,0.009889090773649514,0.009889090773649514,0.0
FN,-49,0.00995757692027837,0.00995757692027837,0.0
FN,-48,0.00996079962234944,0.00996079962234944,0.0
FN,-47,0.009957742188125849,0.009957742188125849,0.0
FN,-46,0.009914819579571486,0.009914819579571486,0.0
FN,-45,0.009815821838565171,0.009815821838565171,0.0
FN,-44,0.009793250025250017,0.009793250025250017,0.0
FN,-43,0.009835159294307233,0.009835159294307233,0.0
FN,-42,0.009840765241533518,0.009840765241533518,0.0
FN,-41,0.009904548074118794,0.009904548074118794,0.0
FN,-40,0.00988111752551049,0.00988111752551049,0.0
FN,-39,0.01002836165484041,0.01002836165484041,0.0
FN,-38,0.009931290410459042,0.009931290410459042,0.0
FN,-37,0.009876687866635621,0.009876687866635621,0.0
FN,-36,0.009945575809106232,0.009945575809106232,0.0
FN,-35,0.009927508486434818,0.009927508486434818,0.0
FN,-34,0.009960067910142242,0.009960067910142242,0.0
FN,-33,0.009999736128374934,0.009999736128374934,0.0
FN,-32,0.010112215192057192,0.010112215192057192,0.0
FN,-31,0.00995581197552383,0.00995581197552383,0.0
FN,-30,0.00993078769184649,0.00993078769184649,0.0
FN,-29,0.009921302245929837,0.009921302245929837,0.0
FN,-28,0.009898212468251587,0.009898212468251587,0.0
FN,-27,0.009985713167116045,0.009985713167116045,0.0
FN,-26,0.009960244568064809,0.009960244568064809,0.0
FN,-25,0.009945527142845094,0.009945527142845094,0.0
FN,-24,0.009914558897726237,0.009914558897726237,0.0
FN,-23,0.009900671471841633,0.009900671471841633,0.0
FN,-22,0.009852480147965253,0.009852480147965253,0.0
FN,-21,0.009900194108486176,0.009900194108486176,0.0
FN,-20,0.009859706703573466,0.009859706703573466,0.0
FN,-19,0.009850172637961806,0.009850172637961806,0.0
FN,-18,0.010011710878461599,0.010011710878461599,0.0
FN,-17,0.010031873816624284,0.010031873816624284,0.0
FN,-16,0.009983651633374393,0.009983651633374393,0.0
FN,-15,0.010080787278711796,0.010080787278711796,0.0
FN,-14,0.01010777726303786,0.01010777726303786,0.0
FN,-13,0.01007386093493551,0.01007386093493551,0.0
FN,-12,0.010055716056376696,0.010055716056376696,0.0
FN,-11,0.010120058436878026,0.010120058436878026,0.0
FN,-10,0.0100239867111668,0.0100239867111668,0.0
FN,-9,0.01005098421126604,0.01005098421126604,0.0
FN,-8,0.010023023062385618,0.010023023062385618,0.0
FN,-7,0.009984791693277657,0.009984791693277657,0.0
FN,-6,0.009910436207428574,0.009910436207428574,0.0
FN,-5,0.009848745977506042,0.009848745977506042,0.0
FN,-4,0.009952539782971144,0.009952539782971144,0.0
FN,-3,0.009914886709302663,0.009914886709302663,0.0
FN,-2,0.009878837121650576,0.009878837121650576,0.0
FN,-1,0.009854622702114284,0.009854622702114284,0.0
FN,0,0.0097987226722762,0.0097987226722762,0.0
FN,1,0.009746039323508739,0.009746039323508739,0.0
FN,2,0.009780981335788965,0.009780981335788965,0.0
FN,3,0.00971296135801822,0.00971296135801822,0.0
FN,4,0.009727207464165985,0.009727207464165985,0.0
FN,5,0.009826522911898792,0.009826522911898792,0.0
FN,6,0.009862658460624516,0.009862658460624516,0.0
FN,7,0.009859224963001907,0.009859224963001907,0.0
FN,8,0.009848541100509464,0.009848541100509464,0.0
FN,9,0.009826178587973118,0.009826178587973118,0.0
FN,10,0.009793156124651432,0.009793156124651432,0.0
FN,11,0.009680696073919534,0.009680696073919534,0.0
FN,12,0.009632867607288063,0.009632867607288063,0.0
FN,13,0.009740247535519301,0.009740247535519301,0.0
FN,14,0.009766475534997881,0.009766475534997881,0.0
FN,15,0.00989301960915327,0.00989301960915327,0.0
FN,16,0.009949535755440593,0.009949535755440593,0.0
FN,17,0.009969585086219012,0.009969585086219012,0.0
FN,18,0.00999964663758874,0.00999964663758874,0.0
FN,19,0.010072583663277328,0.010072583663277328,0.0
FN,20,0.009962362595833838,0.009962362595833838,0.0
FN,21,0.009882880430668593,0.009882880430668593,0.0
FN,22,0.00982954675797373,0.00982954675797373,0.0
FN,23,0.009785919752903282,0.009785919752903282,0.0
FN,24,0.00974905032198876,0.00974905032198876,0.0
FN,25,0.009810283756814897,0.009810283756814897,0.0
FN,26,0.009829413676634431,0.009829413676634431,0.0
FN,27,0.00987435475923121,0.00987435475923121,0.0
FN,28,0.009939337405376137,0.009939337405376137,0.0
FN,29,0.009929052321240306,0.009929052321240306,0.0
FN,30,0.009949532393366099,0.009949532393366099,0.0
FN,31,0.009930112417787313,0.009930112417787313,0.0
FN,32,0.009887010050006211,0.009887010050006211,0.0
FN,33,0.00993078100029379,0.00993078100029379,0.0
FN,34,0.009904003418050707,0.009904003418050707,0.0
FN,35,0.009893370410427451,0.009893370410427451,0.0
FN,36,0.009900389378890396,0.009900389378890396,0.0
FN,37,0.009919419568032026,0.009919419568032026,0.0
FN,38,0.009923267532140017,0.009923267532140017,0.0
FN,39,0.009883153201080859,0.009883153201080859,0.0
FN,40,0.010037158951163291,0.010037158951163291,0.0
FN,41,0.009965052334591747,0.009965052334591747,0.0
FN,42,0.010031601348891854,0.010031601348891854,0.0
FN,43,0.010021604066714644,0.010021604066714644,0.0
FN,44,0.010041839051991701,0.010041839051991701,0.0
FN,45,0.010100651211105286,0.010100651211105286,0.0
FN,46,0.01014799487311393,0.01014799487311393,0.0
FN,47,0.010158447860740126,0.010158447860740126,0.0
FN,48,0.010140011385083199,0.010140011385083199,0.0
FN,49,0.010174272223375738,0.010174272223375738,0.0
FN,50,0.010227086953818798,0.010227086953818798,0.0
FN,51,0.010254599889740347,0.010254599889740347,0.0
FN,52,0.01020222888328135,0.01020222888328135,0.0
FN,53,0.010250875446945428,0.010250875446945428,0.0
FN,54,0.010232929177582263,0.010232929177582263,0.0
FN,55,0.010246185790747405,0.010246185790747405,0.0
FN,56,0.010299031576141714,0.010299031576141714,0.0
FN,57,0.01018507819622755,0.01018507819622755,0.0
FN,58,0.010162961166352034,0.010162961166352034,0.0
FN,59,0.01022117102984339,0.01022117102984339,0.0
FN,60,0.010197983281686902,0.010197983281686902,0.0
FN,61,0.010212555998004974,0.010212555998004974,0.0
FN,62,0.010112410769797861,0.010112410769797861,0.0
FN,63,0.010037236725911497,0.010037236725911497,0.0
FN,64,0.010072940182872116,0.010072940182872116,0.0
FN,65,0.010058492049574852,0.010058492049574852,0.0
FN,66,0.010143799670040608,0.010143799670040608,0.0
FN,67,0.01011649111751467,0.01011649111751467,0.0
FN,68,0.009954532869160175,0.009954532869160175,0.0
FN,69,0.010014610239304602,0.010014610239304602,0.0
FN,70,0.0101897645695135,0.0101897645695135,0.0
FN,71,0.010119717447087168,0.010119717447087168,0.0
FN,72,0.01009589874651283,0.01009589874651283,0.0
FN,73,0.010180706079117953,0.010180706079117953,0.0
FN,74,0.010223178621381522,0.010223178621381522,0.0
FN,75,0.010219944985583424,0.010219944985583424,0.0
FN,76,0.01021860326640308,0.01021860326640308,0.0
FN,77,0.010161651317030191,0.010161651317030191,0.0
FN,78,0.010060424422845245,0.010060424422845245,0.0
FN,79,0.010062906504608692,0.010062906504608692,0.0
FN,80,0.010064496365375817,0.010064496365375817,0.0
FN,81,0.01003372301813215,0.01003372301813215,0.0
FN,82,0.010000028409995138,0.010000028409995138,0.0
FN,83,0.010027919821441173,0.010027919821441173,0.0
FN,84,0.009954619519412518,0.009954619519412518,0.0
FN,85,0.00982057628687471,0.00982057628687471,0.0
FN,86,0.00984953490551561,0.00984953490551561,0.0
FN,87,0.009924634993076324,0.009924634993076324,0.0
FN,88,0.009913178128190338,0.009913178128190338,0.0
FN,89,0.009982210015878082,0.009982210015878082,0.0
FN,90,0.00997076696716249,0.00997076696716249,0.0
FN,91,0.010015828772448004,0.010015828772448004,0.0
FN,92,0.009868060341104865,0.009868060341104865,0.0
FN,93,0.009823117963969707,0.009823117963969707,0.0
FN,94,0.009867862230166793,0.009867862230166793,0.0
FN,95,0.009864114383235574,0.009864114383235574,0.0
FN,96,0.009850032487884164,0.009850032487884164,0.0
FN,97,0.009856701837852597,0.009856701837852597,0.0
FN,98,0.009879320254549384,0.009879320254549384,0.0
FN,99,0.009830176159739494,0.009830176159739494,0.0
FN,100,0.009841908547095955,0.009841908547095955,0.0
FN,101,0.009791131289675832,0.009791131289675832,0.0
FN,102,0.00974995827767998,0.00974995827767998,0.0
FN,103,0.00975566306617111,0.00975566306617111,0.0
FN,104,0.009776737303473055,0.009776737303473055,0.0
FN,105,0.009803685480728746,0.009803685480728746,0.0
FN,106,0.0097873391257599,0.0097873391257599,0.0
FN,107,0.009689777861349285,0.009689777861349285,0.0
FN,108,0.00958328581880778,0.00958328581880778,0.0
FN,109,0.009548670556396245,0.009548670556396245,0.0
FN,110,0.009666953543201089,0.009666953543201089,0.0
FN,111,0.009656163537874818,0.009656163537874818,0.0
FN,112,0.00963570112362504,0.00963570112362504,0.0
FN,113,0.009689477547071874,0.009689477547071874,0.0
FN,114,0.009701503408141434,0.009701503408141434,0.0
FN,115,0.009788061776198446,0.009788061776198446,0.0
FN,116,0.00985608562361449,0.00985608562361449,0.0
FN,117,0.00984247436746955,0.00984247436746955,0.0
FN,118,0.009828895716927945,0.009828895716927945,0.0
FN,119,0.00986302764620632,0.00986302764620632,0.0
FN,120,0.009745854870416223,0.009745854870416223,0.0
FN,121,0.009703500350005924,0.009703500350005924,0.0
FN,122,0.009676097598858178,0.009676097598858178,0.0
FN,123,0.009710358129814268,0.009710358129814268,0.0
FN,124,0.009790496355853974,0.009790496355853974,0.0
FN,125,0.009775000135414302,0.009775000135414302,0.0
FN,126,0.00972825184930116,0.00972825184930116,0.0
FN,127,0.009745731740258634,0.009745731740258634,0.0
FN,128,0.009722196399234235,0.009722196399234235,0.0
FN,129,0.009703890248201787,0.009703890248201787,0.0
FN,130,0.009691505809314549,0.009691505809314549,0.0
FN,131,0.009733041520230473,0.009733041520230473,0.0
FN,132,0.00970879739150405,0.00970879739150405,0.0
FN,133,0.009795190077275038,0.009795190077275038,0.0
FN,134,0.009832096360623837,0.009832096360623837,0.0
FN,135,0.010004694247618318,0.010004694247618318,0.0
FN,136,0.010114901904016734,0.010114901904016734,0.0
FN,137,0.00999914355110377,0.00999914355110377,0.0
FN,138,0.009986297781579197,0.009986297781579197,0.0
FN,139,0.00991557932458818,0.00991557932458818,0.0
FN,140,0.009839472956955433,0.009839472956955433,0.0
FN,141,0.009830509899184109,0.009830509899184109,0.0
FN,142,0.00986830229870975,0.00986830229870975,0.0
FN,143,0.009735869904980064,0.009735869904980064,0.0
FN,144,0.009806455341167747,0.009806455341167747,0.0
FN,145,0.009836760996840894,0.009836760996840894,0.0
FN,146,0.009791782214306296,0.009791782214306296,0.0
FN,147,0.009716235036030411,0.009716235036030411,0.0
FN,148,0.009609718825668096,0.009609718825668096,0.0
FN,149,0.009620360266417265,0.009620360266417265,0.0
FN,150,0.009650351377204061,0.009650351377204061,0.0
FN,151,0.00963574530556798,0.00963574530556798,0.0
FN,152,0.009661081098020077,0.009661081098020077,0.0
FN,153,0.009657664149999618,0.009657664149999618,0.0
FN,154,0.009652535910718144,0.009652535910718144,0.0
FN,155,0.009713114886544645,0.009713114886544645,0.0
FN,156,0.009659947915934027,0.009659947915934027,0.0
FN,157,0.00958803649060428,0.00958803649060428,0.0
FN,158,0.009630213109776378,0.009630213109776378,0.0
FN,159,0.009579313239082694,0.009579313239082694,0.0
FN,160,0.009528611698187887,0.009528611698187887,0.0
FN,161,0.009570238506421446,0.009570238506421446,0.0
FN,162,0.009524840824306012,0.009524840824306012,0.0
FN,163,0.009599689394235611,0.009599689394235611,0.0
FN,164,0.009637002907693386,0.009637002907693386,0.0
FN,165,0.009608189431019128,0.009608189431019128,0.0
FN,166,0.00965136787854135,0.00965136787854135,0.0
FN,167,0.009683724110946059,0.009683724110946059,0.0
FN,168,0.009656054857186973,0.009656054857186973,0.0
FN,169,0.009674260271713137,0.009674260271713137,0.0
FN,170,0.00963938762433827,0.00963938762433827,0.0
FN,171,0.009649966210126877,0.009649966210126877,0.0
FN,172,0.009607582660391927,0.009607582660391927,0.0
FN,173,0.009544654474593699,0.009544654474593699,0.0
FN,174,0.009556769272312521,0.009556769272312521,0.0
FN,175,0.00962295230012387,0.00962295230012387,0.0
FN,176,0.00978479705285281,0.00978479705285281,0.0
FN,177,0.009765979815274477,0.009765979815274477,0.0
FN,178,0.009792881077155471,0.009792881077155471,0.0
FN,179,0.00986985678318888,0.00986985678318888,0.0
FN,180,0.009775577196851373,0.009775577196851373,0.0
FN,181,0.009761711121536792,0.009761711121536792,0.0
FN,182,0.009857857748866081,0.009857857748866081,0.0
FN,183,0.009889806369319559,0.009889806369319559,0.0
FN,184,0.009836065317504108,0.009836065317504108,0.0
FN,185,0.009830398703925311,0.009830398703925311,0.0
FN,186,0.009800545698963105,0.009800545698963105,0.0
FN,187,0.009840081105940044,0.009840081105940044,0.0
FN,188,0.009887975142337382,0.009887975142337382,0.0
FN,189,0.009810011931695044,0.009810011931695044,0.0
FN,190,0.009868696723133326,0.009868696723133326,0.0
FN,191,0.009871928440406918,0.009871928440406918,0.0
FN,192,0.009840279058553279,0.009840279058553279,0.0
FN,193,0.009814519952051341,0.009814519952051341,0.0
FN,194,0.00982924850191921,0.00982924850191921,0.0
FN,195,0.0098375639365986,0.0098375639365986,0.0
FN,196,0.00971915811765939,0.00971915811765939,0.0
FN,197,0.009739735373295843,0.009739735373295843,0.0
FN,198,0.009765784963965416,0.009765784963965416,0.0
FN,199,0.009763995623216034,0.009763995623216034,0.0
FN,200,0.009707021415233613,0.009707021415233613,0.0
FN,201,0.00957755658775568,0.00957755658775568,0.0
FN,202,0.009591256035491824,0.009591256035491824,0.0
FN,203,0.009645553906448185,0.009645553906448185,0.0
FN,204,0.009652992263436317,0.009652992263436317,0.0
FN,205,0.009673268012702465,0.009673268012702465,0.0
FN,206,0.009625675259158015,0.009625675259158015,0.0
FN,207,0.009561120928265155,0.009561120928265155,0.0
FN,208,0.009563313471153379,0.009563313471153379,0.0
FN,209,0.009598196581937373,0.009598196581937373,0.0
FN,210,0.009622610635124146,0.009622610635124146,0.0
FN,211,0.009639969239942729,0.009639969239942729,0.0
FN,212,0.00975184426177293,0.00975184426177293,0.0
FN,213,0.009816088592633604,0.009816088592633604,0.0
FN,214,0.00977957630995661,0.00977957630995661,0.0
FN,215,0.009673374211415649,0.009673374211415649,0.0
FN,216,0.009673964194953442,0.009673964194953442,0.0
FN,217,0.00964855213649571,0.00964855213649571,0.0
FN,218,0.009661849262192846,0.009661849262192846,0.0
FN,219,0.00967796843033284,0.00967796843033284,0.0
FN,220,0.009595380164682865,0.009595380164682865,0.0
FN,221,0.00955366282723844,0.00955366282723844,0.0
FN,222,0.00955642386805266,0.00955642386805266,0.0
FN,223,0.009578600195236504,0.009578600195236504,0.0
FN,224,0.00968009578064084,0.00968009578064084,0.0
FN,225,0.009648357117548585,0.009648357117548585,0.0
FN,226,0.009678588034585118,0.009678588034585118,0.0
FN,227,0.009679732248187065,0.009679732248187065,0.0
FN,228,0.009683872084133327,0.009683872084133327,0.0
FN,229,0.009652354172430933,0.009652354172430933,0.0
FN,230,0.009578994093462825,0.009578994093462825,0.0
FN,231,0.009671942661516369,0.009671942661516369,0.0
FN,232,0.009576323311775922,0.009576323311775922,0.0
FN,233,0.009573319861665368,0.009573319861665368,0.0
FN,234,0.00958289397880435,0.00958289397880435,0.0
FN,235,0.009535813992843032,0.009535813992843032,0.0
FN,236,0.009423756771720946,0.009423756771720946,0.0
FN,237,0.009354197406210005,0.009354197406210005,0.0
FN,238,0.009318733541294932,0.009318733541294932,0.0
FN,239,0.009353495566174388,0.009353495566174388,0.0
FN,240,0.009326097276061773,0.009326097276061773,0.0
FN,241,0.009336699456907809,0.009336699456907809,0.0
FN,242,0.009356508990749716,0.009356508990749716,0.0
FN,243,0.00929524761158973,0.00929524761158973,0.0
FN,244,0.009308596597984433,0.009308596597984433,0.0
FN,245,0.009207761795260012,0.009207761795260012,0.0
FN,246,0.009297446184791624,0.009297446184791624,0.0
FN,247,0.009290725332684815,0.009290725332684815,0.0
FN,248,0.00939723865594715,0.00939723865594715,0.0
FN,249,0.009748241845518351,0.009748241845518351,0.0
FN,250,0.01018396460916847,0.01018396460916847,0.0
FN,251,0.0105621805973351,0.0105621805973351,0.0
FN,252,0.011018515499308705,0.011018515499308705,0.0
FN,253,0.011694438755512238,0.011694438755512238,0.0
FN,254,0.011953428550623358,0.011953428550623358,0.0
FN,255,0.01282061820384115,0.01282061820384115,0.0
FN,256,0.017038584174588322,0.017038584174588322,0.0
FP,-256,0.009220129987224936,0.009220129987224936,0.0
FP,-255,0.009125808072276413,0.009125808072276413,0.0
FP,-254,0.009249171460978686,0.009249171460978686,0.0
FP,-253,0.009277216074988246,0.009277216074988246,0.0
FP,-252,0.009241001904010773,0.009241001904010773,0.0
FP,-251,0.009092104691080748,0.009092104691080748,0.0
FP,-250,0.00897718853317201,0.00897718853317201,0.0
FP,-249,0.00879967698827386,0.00879967698827386,0.0
FP,-248,0.008821834730915724,0.008821834730915724,0.0
FP,-247,0.008839519806206226,0.008839519806206226,0.0
FP,-246,0.00882304335013032,0.00882304335013032,0.0
FP,-245,0.00876431389246136,0.00876431389246136,0.0
FP,-244,0.008728947499766946,0.008728947499766946,0.0
FP,-243,0.008733115466311574,0.008733115466311574,0.0
FP,-242,0.008754397486336529,0.008754397486336529,0.0
FP,-241,0.008749030432663858,0.008749030432663858,0.0
FP,-240,0.008913845554925501,0.008913845554925501,0.0
FP,-239,0.008873521611094474,0.008873521611094474,0.0
FP,-238,0.008824564148671925,0.008824564148671925,0.0
FP,-237,0.008857169398106634,0.008857169398106634,0.0
FP,-236,0.009053589445538818,0.009053589445538818,0.0
FP,-235,0.009106096969917417,0.009106096969917417,0.0
FP,-234,0.00907377858646214,0.00907377858646214,0.0
FP,-233,0.009040025523863732,0.009040025523863732,0.0
FP,-232,0.009052924448624253,0.009052924448624253,0.0
FP,-231,0.00915000178385526,0.00915000178385526,0.0
FP,-230,0.009202887080609798,0.009202887080609798,0.0
FP,-229,0.009115807595662773,0.009115807595662773,0.0
FP,-228,0.008995173685252666,0.008995173685252666,0.0
FP,-227,0.009077092297375203,0.009077092297375203,0.0
FP,-226,0.00901805573143065,0.00901805573143065,0.0
FP,-225,0.008935415605083107,0.008935415605083107,0.0
FP,-224,0.008983715497888624,0.008983715497888624,0.0
FP,-223,0.008891386878676712,0.008891386878676712,0.0
FP,-222,0.008992386874742806,0.008992386874742806,0.0
FP,-221,0.009030118226073683,0.009030118226073683,0.0
FP,-220,0.008959563467651605,0.008959563467651605,0.0
FP,-219,0.00900552905164659,0.00900552905164659,0.0
FP,-218,0.00902031556237489,0.00902031556237489,0.0
FP,-217,0.009067660034634172,0.009067660034634172,0.0
FP,-216,0.009102064403705298,0.009102064403705298,0.0
FP,-215,0.009140371182002126,0.009140371182002126,0.0
FP,-214,0.009135387055575848,0.009135387055575848,0.0
FP,-213,0.009239475983195007,0.009239475983195007,0.0
FP,-212,0.009178729467093945,0.009178729467093945,0.0
FP,-211,0.009211530592292547,0.009211530592292547,0.0
FP,-210,0.00925085843540728,0.00925085843540728,0.0
FP,-209,0.009304881650023163,0.009304881650023163,0.0
FP,-208,0.009329301598481833,0.009329301598481833,0.0
FP,-207,0.009295365205034614,0.009295365205034614,0.0
FP,-206,0.009386268225498498,0.009386268225498498,0.0
FP,-205,0.009394152909517289,0.009394152909517289,0.0
FP,-204,0.00937899955548346,0.00937899955548346,0.0
FP,-203,0.009382120226509869,0.009382120226509869,0.0
FP,-202,0.00939893783070147,0.00939893783070147,0.0
FP,-201,0.009441360798664391,0.009441360798664391,0.0
FP,-200,0.009371393374167383,0.009371393374167383,0.0
FP,-199,0.009373016697354615,0.009373016697354615,0.0
FP,-198,0.009355380181223154,0.009355380181223154,0.0
FP,-197,0.009365622093901039,0.009365622093901039,0.0
FP,-196,0.009380977782420814,0.009380977782420814,0.0
FP,-195,0.009353596265427769,0.009353596265427769,0.0
FP,-194,0.009353299075737596,0.009353299075737596,0.0
FP,-193,0.009478088221512734,0.009478088221512734,0.0
FP,-192,0.009464596495963633,0.009464596495963633,0.0
FP,-191,0.009421995868906378,0.009421995868906378,0.0
FP,-190,0.009465629644691944,0.009465629644691944,0.0
FP,-189,0.009391367500647903,0.009391367500647903,0.0
FP,-188,0.009447674080729485,0.009447674080729485,0.0
FP,-187,0.009417440709657967,0.009417440709657967,0.0
FP,-186,0.009421823602169753,0.009421823602169753,0.0
FP,-185,0.00941337746102363,0.00941337746102363,0.0
FP,-184,0.009398010475561023,0.009398010475561023,0.0
FP,-183,0.009300092388875782,0.009300092388875782,0.0
FP,-182,0.009315839312039316,0.009315839312039316,0.0
FP,-181,0.009337806631810964,0.009337806631810964,0.0
FP,-180,0.009449685951694846,0.009449685951694846,0.0
FP,-179,0.009517240142449736,0.009517240142449736,0.0
FP,-178,0.009662188943475486,0.009662188943475486,0.0
FP,-177,0.00973586127627641,0.00973586127627641,0.0
FP,-176,0.00967384002637118,0.00967384002637118,0.0
FP,-175,0.009630695874802768,0.009630695874802768,0.0
FP,-174,0.009512404422275722,0.009512404422275722,0.0
FP,-173,0.009469748181290925,0.009469748181290925,0.0
FP,-172,0.009517956874333322,0.009517956874333322,0.0
FP,-171,0.009552482194267213,0.009552482194267213,0.0
FP,-170,0.009578547794371844,0.009578547794371844,0.0
FP,-169,0.009541414817795158,0.009541414817795158,0.0
FP,-168,0.009599504033103586,0.009599504033103586,0.0
FP,-167,0.009640528014861047,0.009640528014861047,0.0
FP,-166,0.009619446368888021,0.009619446368888021,0.0
FP,-165,0.009591997102834284,0.009591997102834284,0.0
FP,-164,0.009583515720441938,0.009583515720441938,0.0
FP,-163,0.009571088282391428,0.009571088282391428,0.0
FP,-162,0.009660787670873106,0.009660787670873106,0.0
FP,-161,0.009702273844741285,0.009702273844741285,0.0
FP,-160,0.00969417367130518,0.00969417367130518,0.0
FP,-159,0.0095601003523916,0.0095601003523916,0.0
FP,-158,0.009556214874610305,0.009556214874610305,0.0
FP,-157,0.009532050443813205,0.009532050443813205,0.0
FP,-156,0.009463525456376375,0.009463525456376375,0.0
FP,-155,0.009506146581843495,0.009506146581843495,0.0
FP,-154,0.00948636868968606,0.00948636868968606,0.0
FP,-153,0.009460952868685125,0.009460952868685125,0.0
FP,-152,0.009587873765267431,0.009587873765267431,0.0
FP,-151,0.009531675153411925,0.009531675153411925,0.0
FP,-150,0.009554951912723481,0.009554951912723481,0.0
FP,-149,0.009533348833210767,0.009533348833210767,0.0
FP,-148,0.009478850848972797,0.009478850848972797,0.0
FP,-147,0.00955802305135876,0.00955802305135876,0.0
FP,-146,0.009531542342156172,0.009531542342156172,0.0
FP,-145,0.009595621395856142,0.009595621395856142,0.0
FP,-144,0.00957409668713808,0.00957409668713808,0.0
FP,-143,0.009679017276503145,0.009679017276503145,0.0
FP,-142,0.009688146165572106,0.009688146165572106,0.0
FP,-141,0.009701916850171983,0.009701916850171983,0.0
FP,-140,0.009739292543381453,0.009739292543381453,0.0
FP,-139,0.009742019926197826,0.009742019926197826,0.0
FP,-138,0.009795375047251581,0.009795375047251581,0.0
FP,-137,0.009796270853839814,0.009796270853839814,0.0
FP,-136,0.009859284586273134,0.009859284586273134,0.0
FP,-135,0.009846217683516442,0.009846217683516442,0.0
FP,-134,0.009861321160569788,0.009861321160569788,0.0
FP,-133,0.009906954551115631,0.009906954551115631,0.0
FP,-132,0.009837720743380487,0.009837720743380487,0.0
FP,-131,0.009787865444086491,0.009787865444086491,0.0
FP,-130,0.009745018007233739,0.009745018007233739,0.0
FP,-129,0.00973474955651909,0.00973474955651909,0.0
FP,-128,0.009780895076692104,0.009780895076692104,0.0
FP,-127,0.009787026485428214,0.009787026485428214,0.0
FP,-126,0.009721797709353268,0.009721797709353268,0.0
FP,-125,0.009783857287839055,0.009783857287839055,0.0
FP,-124,0.009802240505814552,0.009802240505814552,0.0
FP,-123,0.009852810073643923,0.009852810073643923,0.0
FP,-122,0.009822035604156554,0.009822035604156554,0.0
FP,-121,0.009789613462053239,0.009789613462053239,0.0
FP,-120,0.009857986210845411,0.009857986210845411,0.0
FP,-119,0.009951171991415321,0.009951171991415321,0.0
FP,-118,0.009931341893970966,0.009931341893970966,0.0
FP,-117,0.009911996060982347,0.009911996060982347,0.0
FP,-116,0.009993604789488018,0.009993604789488018,0.0
FP,-115,0.010056517175398768,0.010056517175398768,0.0
FP,-114,0.010070560895837844,0.010070560895837844,0.0
FP,-113,0.010075540151447057,0.010075540151447057,0.0
FP,-112,0.010080975759774447,0.010080975759774447,0.0
FP,-111,0.009954918012954294,0.009954918012954294,0.0
FP,-110,0.010004503619857132,0.010004503619857132,0.0
FP,-109,0.009993932452052831,0.009993932452052831,0.0
FP,-108,0.009871141263283789,0.009871141263283789,0.0
FP,-107,0.00986691097728908,0.00986691097728908,0.0
FP,-106,0.009860322191379965,0.009860322191379965,0.0
FP,-105,0.009830257417634129,0.009830257417634129,0.0
FP,-104,0.00988599589560181,0.00988599589560181,0.0
FP,-103,0.009885620344430208,0.009885620344430208,0.0
FP,-102,0.009840563423931598,0.009840563423931598,0.0
FP,-101,0.009880534140393138,0.009880534140393138,0.0
FP,-100,0.009930473272688686,0.009930473272688686,0.0
FP,-99,0.009941898873075844,0.009941898873075844,0.0
FP,-98,0.010039567505009473,0.010039567505009473,0.0
FP,-97,0.010030143344774842,0.010030143344774842,0.0
FP,-96,0.009983109929598867,0.009983109929598867,0.0
FP,-95,0.009976774752140045,0.009976774752140045,0.0
FP,-94,0.010035592704080045,0.010035592704080045,0.0
FP,-93,0.010013782577589154,0.010013782577589154,0.0
FP,-92,0.009994096113368869,0.009994096113368869,0.0
FP,-91,0.010048286220990122,0.010048286220990122,0.0
FP,-90,0.010114218024536967,0.010114218024536967,0.0
FP,-89,0.010019897436723112,0.010019897436723112,0.0
FP,-88,0.010059188436716795,0.010059188436716795,0.0
FP,-87,0.010028432770632208,0.010028432770632208,0.0
FP,-86,0.010026006284169853,0.010026006284169853,0.0
FP,-85,0.010025301380082965,0.010025301380082965,0.0
FP,-84,0.00997982149478048,0.00997982149478048,0.0
FP,-83,0.010063553852960467,0.010063553852960467,0.0
FP,-82,0.010054344763047993,0.010054344763047993,0.0
FP,-81,0.010000145798549055,0.010000145798549055,0.0
FP,-80,0.010117206987924874,0.010117206987924874,0.0
FP,-79,0.010055398396216332,0.010055398396216332,0.0
FP,-78,0.01005834700539708,0.01005834700539708,0.0
FP,-77,0.010028370274230838,0.010028370274230838,0.0
FP,-76,0.01007371640764177,0.01007371640764177,0.0
FP,-75,0.01006271016318351,0.01006271016318351,0.0
FP,-74,0.010083546661771834,0.010083546661771834,0.0
FP,-73,0.01006224806420505,0.01006224806420505,0.0
FP,-72,0.010110261840745807,0.010110261840745807,0.0
FP,-71,0.010166277890093625,0.010166277890093625,0.0
FP,-70,0.010144523959606886,0.010144523959606886,0.0
FP,-69,0.01019267583731562,0.01019267583731562,0.0
FP,-68,0.010130680431611836,0.010130680431611836,0.0
FP,-67,0.010195553982630372,0.010195553982630372,0.0
FP,-66,0.010192539738491178,0.010192539738491178,0.0
FP,-65,0.010144135085865855,0.010144135085865855,0.0
FP,-64,0.010194948269054293,0.010194948269054293,0.0
FP,-63,0.010308291092514991,0.010308291092514991,0.0
FP,-62,0.010351416328921914,0.010351416328921914,0.0
FP,-61,0.01033278852701187,0.01033278852701187,0.0
FP,-60,0.010348752276040613,0.010348752276040613,0.0
FP,-59,0.010290778153575956,0.010290778153575956,0.0
FP,-58,0.01026328505948186,0.01026328505948186,0.0
FP,-57,0.010339163737371563,0.010339163737371563,0.0
FP,-56,0.010286457967013121,0.010286457967013121,0.0
FP,-55,0.010320062842220068,0.010320062842220068,0.0
FP,-54,0.010298129194416106,0.010298129194416106,0.0
FP,-53,0.010339124244637787,0.010339124244637787,0.0
FP,-52,0.010391200124286116,0.010391200124286116,0.0
FP,-51,0.01035402949899435,0.01035402949899435,0.0
FP,-50,0.010363867422565818,0.010363867422565818,0.0
FP,-49,0.01038131896406412,0.01038131896406412,0.0
FP,-48,0.010446025133132935,0.010446025133132935,0.0
FP,-47,0.01038095898926258,0.01038095898926258,0.0
FP,-46,0.010365284164436162,0.010365284164436162,0.0
FP,-45,0.010303962710313499,0.010303962710313499,0.0
FP,-44,0.010375314657576382,0.010375314657576382,0.0
FP,-43,0.010543397567234934,0.010543397567234934,0.0
FP,-42,0.01053991101682186,0.01053991101682186,0.0
FP,-41,0.010544655579142272,0.010544655579142272,0.0
FP,-40,0.010512754400260747,0.010512754400260747,0.0
FP,-39,0.010516288955695927,0.010516288955695927,0.0
FP,-38,0.010629951474256813,0.010629951474256813,0.0
FP,-37,0.010623362809419633,0.010623362809419633,0.0
FP,-36,0.01057875954080373,0.01057875954080373,0.0
FP,-35,0.010602332768030465,0.010602332768030465,0.0
FP,-34,0.010653623002581299,0.010653623002581299,0.0
FP,-33,0.010648712716065347,0.010648712716065347,0.0
FP,-32,0.010600360673852265,0.010600360673852265,0.0
FP,-31,0.010630327765829862,0.010630327765829862,0.0
FP,-30,0.010658266744576395,0.010658266744576395,0.0
FP,-29,0.0106151321856305,0.0106151321856305,0.0
FP,-28,0.01065025752875954,0.01065025752875954,0.0
FP,-27,0.010708115086890757,0.010708115086890757,0.0
FP,-26,0.010602401695214212,0.010602401695214212,0.0
FP,-25,0.010671421308070422,0.010671421308070422,0.0
FP,-24,0.010646379394456744,0.010646379394456744,0.0
FP,-23,0.010633582994341851,0.010633582994341851,0.0
FP,-22,0.010723230466246604,0.010723230466246604,0.0
FP,-21,0.010734193222597242,0.010734193222597242,0.0
FP,-20,0.010645579118281602,0.010645579118281602,0.0
FP,-19,0.0106312471954152,0.0106312471954152,0.0
FP,-18,0.01073156130965799,0.01073156130965799,0.0
FP,-17,0.010704212915152311,0.010704212915152311,0.0
FP,-16,0.0107319141831249,0.0107319141831249,0.0
FP,-15,0.0107238242123276,0.0107238242123276,0.0
FP,-14,0.010863799448125065,0.010863799448125065,0.0
FP,-13,0.010793555905111133,0.010793555905111133,0.0
FP,-12,0.010794203104451299,0.010794203104451299,0.0
FP,-11,0.010881572375074028,0.010881572375074028,0.0
FP,-10,0.010928456666879355,0.010928456666879355,0.0
FP,-9,0.011027732961811126,0.011027732961811126,0.0
FP,-8,0.01103639128152281,0.01103639128152281,0.0
FP,-7,0.0110402813507244,0.0110402813507244,0.0
FP,-6,0.01128157012630254,0.01128157012630254,0.0
FP,-5,0.011290093632414937,0.011290093632414937,0.0
FP,-4,0.011422749268822372,0.011422749268822372,0.0
FP,-3,0.011421365700662135,0.011421365700662135,0.0
FP,-2,0.011324218437075616,0.011324218437075616,0.0
FP,-1,0.011271084574982524,0.011271084574982524,0.0
FP,0,0.011326143303886056,0.011326143303886056,0.0
FP,1,0.011381866442970932,0.011381866442970932,0.0
FP,2,0.011488786567933857,0.011488786567933857,0.0
FP,3,0.011373430355452002,0.011373430355452002,0.0
FP,4,0.011366361468099058,0.011366361468099058,0.0
FP,5,0.01129994893912226,0.01129994893912226,0.0
FP,6,0.011253024567849934,0.011253024567849934,0.0
FP,7,0.011237883912399412,0.011237883912399412,0.0
FP,8,0.011216722838580608,0.011216722838580608,0.0
FP,9,0.011181468083523214,0.011181468083523214,0.0
FP,10,0.011236399798654019,0.011236399798654019,0.0
FP,11,0.011303380210883916,0.011303380210883916,0.0
FP,12,0.011406667092815041,0.011406667092815041,0.0
FP,13,0.011336021618917584,0.011336021618917584,0.0
FP,14,0.011258786655962466,0.011258786655962466,0.0
FP,15,0.011298382757231593,0.011298382757231593,0.0
FP,16,0.011304280580952763,0.011304280580952763,0.0
FP,17,0.011275090384297073,0.011275090384297073,0.0
FP,18,0.011252167262136936,0.011252167262136936,0.0
FP,19,0.011211524652317166,0.011211524652317166,0.0
FP,20,0.011042569000273943,0.011042569000273943,0.0
FP,21,0.010986653342843055,0.010986653342843055,0.0
FP,22,0.010954125202260911,0.010954125202260911,0.0
FP,23,0.0108344772644341,0.0108344772644341,0.0
FP,24,0.010944572128355503,0.010944572128355503,0.0
FP,25,0.010903127687051893,0.010903127687051893,0.0
FP,26,0.010660568759776652,0.010660568759776652,0.0
FP,27,0.010640543182380497,0.010640543182380497,0.0
FP,28,0.010653333598747849,0.010653333598747849,0.0
FP,29,0.010645161308348179,0.010645161308348179,0.0
FP,30,0.010548076843842864,0.010548076843842864,0.0
FP,31,0.010548201543278991,0.010548201543278991,0.0
FP,32,0.010441843927837908,0.010441843927837908,0.0
FP,33,0.01048437691759318,0.01048437691759318,0.0
FP,34,0.010461358297616243,0.010461358297616243,0.0
FP,35,0.010534214456565678,0.010534214456565678,0.0
FP,36,0.010553409368731082,0.010553409368731082,0.0
FP,37,0.010601705596782267,0.010601705596782267,0.0
FP,38,0.010607376620173454,0.010607376620173454,0.0
FP,39,0.010607338841073215,0.010607338841073215,0.0
FP,40,0.010554222222417593,0.010554222222417593,0.0
FP,41,0.010540501577779651,0.010540501577779651,0.0
FP,42,0.010416204556822777,0.010416204556822777,0.0
FP,43,0.01032531918026507,0.01032531918026507,0.0
FP,44,0.010402705622836947,0.010402705622836947,0.0
FP,45,0.010341201638802887,0.010341201638802887,0.0
FP,46,0.010329733099788428,0.010329733099788428,0.0
FP,47,0.010339522515423596,0.010339522515423596,0.0
FP,48,0.01038460754789412,0.01038460754789412,0.0
FP,49,0.010416171876713634,0.010416171876713634,0.0
FP,50,0.010384937757626176,0.010384937757626176,0.0
FP,51,0.010415987819433212,0.010415987819433212,0.0
FP,52,0.010401440556161106,0.010401440556161106,0.0
FP,53,0.01034683634992689,0.01034683634992689,0.0
FP,54,0.010302751082926989,0.010302751082926989,0.0
FP,55,0.010238421177491545,0.010238421177491545,0.0
FP,56,0.01028718684334308,0.01028718684334308,0.0
FP,57,0.01028600067831576,0.01028600067831576,0.0
FP,58,0.010266587007790803,0.010266587007790803,0.0
FP,59,0.010194946313276887,0.010194946313276887,0.0
FP,60,0.010166686712764203,0.010166686712764203,0.0
FP,61,0.010150868711061776,0.010150868711061776,0.0
FP,62,0.010149491094052792,0.010149491094052792,0.0
FP,63,0.010163326896727085,0.010163326896727085,0.0
FP,64,0.010174036924727261,0.010174036924727261,0.0
FP,65,0.010112966792657972,0.010112966792657972,0.0
FP,66,0.010144544318318367,0.010144544318318367,0.0
FP,67,0.01018506454769522,0.01018506454769522,0.0
FP,68,0.010099420342594385,0.010099420342594385,0.0
FP,69,0.01010292895603925,0.01010292895603925,0.0
FP,70,0.009987669880501926,0.009987669880501926,0.0
FP,71,0.00996205382514745,0.00996205382514745,0.0
FP,72,0.009987480188719929,0.009987480188719929,0.0
FP,73,0.009998120614327491,0.009998120614327491,0.0
FP,74,0.009973016297444702,0.009973016297444702,0.0
FP,75,0.00991039516404271,0.00991039516404271,0.0
FP,76,0.009892888218164444,0.009892888218164444,0.0
FP,77,0.009973203856498003,0.009973203856498003,0.0
FP,78,0.009950369549915194,0.009950369549915194,0.0
FP,79,0.010053847562521695,0.010053847562521695,0.0
FP,80,0.010011955252848566,0.010011955252848566,0.0
FP,81,0.010002073841169476,0.010002073841169476,0.0
FP,82,0.009965329505503178,0.009965329505503178,0.0
FP,83,0.009989980752579867,0.009989980752579867,0.0
FP,84,0.009946697112172841,0.009946697112172841,0.0
FP,85,0.009918420379981398,0.009918420379981398,0.0
FP,86,0.009862340250983835,0.009862340250983835,0.0
FP,87,0.00995229902677238,0.00995229902677238,0.0
FP,88,0.009938817103393376,0.009938817103393376,0.0
FP,89,0.009877473125234246,0.009877473125234246,0.0
FP,90,0.00987484369892627,0.00987484369892627,0.0
FP,91,0.009892035629600287,0.009892035629600287,0.0
FP,92,0.00987694744952023,0.00987694744952023,0.0
FP,93,0.009874478625133633,0.009874478625133633,0.0
FP,94,0.009925481006503105,0.009925481006503105,0.0
FP,95,0.009906912054866553,0.009906912054866553,0.0
FP,96,0.009872998180799186,0.009872998180799186,0.0
FP,97,0.009897627467289567,0.009897627467289567,0.0
FP,98,0.009851372465491295,0.009851372465491295,0.0
FP,99,0.00973127208184451,0.00973127208184451,0.0
FP,100,0.00967322657816112,0.00967322657816112,0.0
FP,101,0.00966187653131783,0.00966187653131783,0.0
FP,102,0.00971691336017102,0.00971691336017102,0.0
FP,103,0.009792092512361706,0.009792092512361706,0.0
FP,104,0.00981011109892279,0.00981011109892279,0.0
FP,105,0.009917302769608796,0.009917302769608796,0.0
FP,106,0.009822343769483268,0.009822343769483268,0.0
FP,107,0.009811799828894437,0.009811799828894437,0.0
FP,108,0.009816476670093834,0.009816476670093834,0.0
FP,109,0.00975508795119822,0.00975508795119822,0.0
FP,110,0.00974315160419792,0.00974315160419792,0.0
FP,111,0.009720428218133747,0.009720428218133747,0.0
FP,112,0.00976610719691962,0.00976610719691962,0.0
FP,113,0.009752546208910645,0.009752546208910645,0.0
FP,114,0.009724437510594725,0.009724437510594725,0.0
FP,115,0.00973039300646633,0.00973039300646633,0.0
FP,116,0.009751184494234622,0.009751184494234622,0.0
FP,117,0.009683408406563104,0.009683408406563104,0.0
FP,118,0.009652736550197005,0.009652736550197005,0.0
FP,119,0.009666753998026252,0.009666753998026252,0.0
FP,120,0.009673534892499447,0.009673534892499447,0.0
FP,121,0.009546297183260322,0.009546297183260322,0.0
FP,122,0.009556982554495335,0.009556982554495335,0.0
FP,123,0.00959355806466192,0.00959355806466192,0.0
FP,124,0.009539373465813697,0.009539373465813697,0.0
FP,125,0.009558489271439612,0.009558489271439612,0.0
FP,126,0.009589849016629159,0.009589849016629159,0.0
FP,127,0.009585032295435668,0.009585032295435668,0.0
FP,128,0.009643105450086295,0.009643105450086295,0.0
FP,129,0.0097179812239483,0.0097179812239483,0.0
FP,130,0.009860245208255947,0.009860245208255947,0.0
FP,131,0.009909304529428483,0.009909304529428483,0.0
FP,132,0.009961535083130002,0.009961535083130002,0.0
FP,133,0.009931232607923448,0.009931232607923448,0.0
FP,134,0.009956793608143926,0.009956793608143926,0.0
FP,135,0.009930338370613754,0.009930338370613754,0.0
FP,136,0.009842762285843491,0.009842762285843491,0.0
FP,137,0.009837476816028357,0.009837476816028357,0.0
FP,138,0.009856751943007112,0.009856751943007112,0.0
FP,139,0.009828055826947093,0.009828055826947093,0.0
FP,140,0.009833904937840999,0.009833904937840999,0.0
FP,141,0.009827236281707882,0.009827236281707882,0.0
FP,142,0.009861646527424455,0.009861646527424455,0.0
FP,143,0.009880516962148249,0.009880516962148249,0.0
FP,144,0.009832566669210792,0.009832566669210792,0.0
FP,145,0.009794379509985447,0.009794379509985447,0.0
FP,146,0.009782016305252909,0.009782016305252909,0.0
FP,147,0.009808190483599901,0.009808190483599901,0.0
FP,148,0.009816749533638359,0.009816749533638359,0.0
FP,149,0.009838676094077528,0.009838676094077528,0.0
FP,150,0.009878652319312096,0.009878652319312096,0.0
FP,151,0.009890769184567034,0.009890769184567034,0.0
FP,152,0.009845707360655069,0.009845707360655069,0.0
FP,153,0.009770849547348916,0.009770849547348916,0.0
FP,154,0.009667785787023604,0.009667785787023604,0.0
FP,155,0.009683042149990797,0.009683042149990797,0.0
FP,156,0.009640972567722202,0.009640972567722202,0.0
FP,157,0.009720548912882805,0.009720548912882805,0.0
FP,158,0.00972906596492976,0.00972906596492976,0.0
FP,159,0.00976580500137061,0.00976580500137061,0.0
FP,160,0.009887615302577615,0.009887615302577615,0.0
FP,161,0.009799781939946114,0.009799781939946114,0.0
FP,162,0.00968541699461639,0.00968541699461639,0.0
FP,163,0.009720397749915718,0.009720397749915718,0.0
FP,164,0.009639067491516471,0.009639067491516471,0.0
FP,165,0.00955525754019618,0.00955525754019618,0.0
FP,166,0.009510966162197291,0.009510966162197291,0.0
FP,167,0.009471960957162082,0.009471960957162082,0.0
FP,168,0.00948286606464535,0.00948286606464535,0.0
FP,169,0.009544444726780057,0.009544444726780057,0.0
FP,170,0.009483799417503179,0.009483799417503179,0.0
FP,171,0.009472860521636903,0.009472860521636903,0.0
FP,172,0.009469698425382376,0.009469698425382376,0.0
FP,173,0.009461764157749712,0.009461764157749712,0.0
FP,174,0.009391428702510893,0.009391428702510893,0.0
FP,175,0.00940165861044079,0.00940165861044079,0.0
FP,176,0.009359842664562166,0.009359842664562166,0.0
FP,177,0.009417887516319752,0.009417887516319752,0.0
FP,178,0.009431581073440611,0.009431581073440611,0.0
FP,179,0.009460938433185219,0.009460938433185219,0.0
FP,180,0.009406440863385797,0.009406440863385797,0.0
FP,181,0.009302549120038748,0.009302549120038748,0.0
FP,182,0.009331139656715094,0.009331139656715094,0.0
FP,183,0.00930855947546661,0.00930855947546661,0.0
FP,184,0.009200396542437374,0.009200396542437374,0.0
FP,185,0.009278517425991594,0.009278517425991594,0.0
FP,186,0.009272284554317594,0.009272284554317594,0.0
FP,187,0.00918889690656215,0.00918889690656215,0.0
FP,188,0.009201981187798082,0.009201981187798082,0.0
FP,189,0.00922684280667454,0.00922684280667454,0.0
FP,190,0.009257542891427875,0.009257542891427875,0.0
FP,191,0.009280068338848651,0.009280068338848651,0.0
FP,192,0.009321457147598267,0.009321457147598267,0.0
FP,193,0.009226102498359978,0.009226102498359978,0.0
FP,194,0.009151144125498832,0.009151144125498832,0.0
FP,195,0.009171477416530252,0.009171477416530252,0.0
FP,196,0.009202216733247042,0.009202216733247042,0.0
FP,197,0.009216814711689949,0.009216814711689949,0.0
FP,198,0.009250680804252625,0.009250680804252625,0.0
FP,199,0.009167812229134143,0.009167812229134143,0.0
FP,200,0.009117365130223334,0.009117365130223334,0.0
FP,201,0.00915278313215822,0.00915278313215822,0.0
FP,202,0.009111070628277958,0.009111070628277958,0.0
FP,203,0.009157214527949691,0.009157214527949691,0.0
FP,204,0.009152637589722871,0.009152637589722871,0.0
FP,205,0.009181662295013666,0.009181662295013666,0.0
FP,206,0.009160330444574356,0.009160330444574356,0.0
FP,207,0.009079362088814378,0.009079362088814378,0.0
FP,208,0.009048991329036653,0.009048991329036653,0.0
FP,209,0.009078483427874744,0.009078483427874744,0.0
FP,210,0.009132994613610208,0.009132994613610208,0.0
FP,211,0.009129586298950016,0.009129586298950016,0.0
FP,212,0.00901756573934108,0.00901756573934108,0.0
FP,213,0.009036215180531144,0.009036215180531144,0.0
FP,214,0.009056331468746065,0.009056331468746065,0.0
FP,215,0.008995818216353655,0.008995818216353655,0.0
FP,216,0.00907160997390747,0.00907160997390747,0.0
FP,217,0.009019780913367867,0.009019780913367867,0.0
FP,218,0.008926247926428914,0.008926247926428914,0.0
FP,219,0.00883945744484663,0.00883945744484663,0.0
FP,220,0.008879642109386623,0.008879642109386623,0.0
FP,221,0.008812241046689451,0.008812241046689451,0.0
FP,222,0.008851215876638889,0.008851215876638889,0.0
FP,223,0.008886281051672995,0.008886281051672995,0.0
FP,224,0.008908054530620576,0.008908054530620576,0.0
FP,225,0.008901954060420394,0.008901954060420394,0.0
FP,226,0.008773719849996269,0.008773719849996269,0.0
FP,227,0.00875828911550343,0.00875828911550343,0.0
FP,228,0.008753366363234817,0.008753366363234817,0.0
FP,229,0.008675052770413458,0.008675052770413458,0.0
FP,230,0.008650308805517853,0.008650308805517853,0.0
FP,231,0.008524505672976374,0.008524505672976374,0.0
FP,232,0.00850172339938581,0.00850172339938581,0.0
FP,233,0.0085058688884601,0.0085058688884601,0.0
FP,234,0.008513476862572134,0.008513476862572134,0.0
FP,235,0.008488085209392012,0.008488085209392012,0.0
FP,236,0.008493283987045288,0.008493283987045288,0.0
FP,237,0.008433739165775478,0.008433739165775478,0.0
FP,238,0.008437924813479184,0.008437924813479184,0.0
FP,239,0.008517412492074073,0.008517412492074073,0.0
FP,240,0.008703413913026451,0.008703413913026451,0.0
FP,241,0.008708100994117557,0.008708100994117557,0.0
FP,242,0.008666406492702663,0.008666406492702663,0.0
FP,243,0.008750743065029383,0.008750743065029383,0.0
FP,244,0.0088832703884691,0.0088832703884691,0.0
FP,245,0.008808274269104004,0.008808274269104004,0.0
FP,246,0.008803413799032569,0.008803413799032569,0.0
FP,247,0.00881361215841025,0.00881361215841025,0.0
FP,248,0.008936213823035359,0.008936213823035359,0.0
FP,249,0.00932338357437402,0.00932338357437402,0.0
FP,250,0.009690305022522806,0.009690305022522806,0.0
FP,251,0.010310839521698653,0.010310839521698653,0.0
FP,252,0.010565480859950184,0.010565480859950184,0.0
FP,253,0.011050549638457596,0.011050549638457596,0.0
FP,254,0.011389522347599268,0.011389522347599268,0.0
FP,255,0.012117954846471548,0.012117954846471548,0.0
FP,256,0.01419576873537153,0.01419576873537153,0.0
TN,-256,0.009390380764380098,0.009390380764380098,0.0
TN,-255,0.00921280643902719,0.00921280643902719,0.0
TN,-254,0.0092847057338804,0.0092847057338804,0.0
TN,-253,0.00932618733961135,0.00932618733961135,0.0
TN,-252,0.009250919967889785,0.009250919967889785,0.0
TN,-251,0.009135239180177451,0.009135239180177451,0.0
TN,-250,0.00896591171156615,0.00896591171156615,0.0
TN,-249,0.00884846576023847,0.00884846576023847,0.0
TN,-248,0.008898732787929475,0.008898732787929475,0.0
TN,-247,0.008908187006600201,0.008908187006600201,0.0
TN,-246,0.008931854381226003,0.008931854381226003,0.0
TN,-245,0.008917658035643398,0.008917658035643398,0.0
TN,-244,0.009048458789475262,0.009048458789475262,0.0
TN,-243,0.00908961850218475,0.00908961850218475,0.0
TN,-242,0.009075258914381266,0.009075258914381266,0.0
TN,-241,0.009075063443742693,0.009075063443742693,0.0
TN,-240,0.009052334274165331,0.009052334274165331,0.0
TN,-239,0.009103985019028187,0.009103985019028187,0.0
TN,-238,0.009167977897450328,0.009167977897450328,0.0
TN,-237,0.009212452764622868,0.009212452764622868,0.0
TN,-236,0.009200009522028268,0.009200009522028268,0.0
TN,-235,0.0091414197627455,0.0091414197627455,0.0
TN,-234,0.009152760338038206,0.009152760338038206,0.0
TN,-233,0.009134918809868395,0.009134918809868395,0.0
TN,-232,0.009097459870390593,0.009097459870390593,0.0
TN,-231,0.009173046122305096,0.009173046122305096,0.0
TN,-230,0.009108159737661482,0.009108159737661482,0.0
TN,-229,0.009167809863574803,0.009167809863574803,0.0
TN,-228,0.009283350994810462,0.009283350994810462,0.0
TN,-227,0.00929856535512954,0.00929856535512954,0.0
TN,-226,0.009271476413123309,0.009271476413123309,0.0
TN,-225,0.00919348916504532,0.00919348916504532,0.0
TN,-224,0.009206681596115231,0.009206681596115231,0.0
TN,-223,0.009367983071133495,0.009367983071133495,0.0
TN,-222,0.009458755142986774,0.009458755142986774,0.0
TN,-221,0.009463373757898807,0.009463373757898807,0.0
TN,-220,0.009436952248215676,0.009436952248215676,0.0
TN,-219,0.009327519359067083,0.009327519359067083,0.0
TN,-218,0.00941241068765521,0.00941241068765521,0.0
TN,-217,0.009409099579788744,0.009409099579788744,0.0
TN,-216,0.009349491884931923,0.009349491884931923,0.0
TN,-215,0.009314006981439889,0.009314006981439889,0.0
TN,-214,0.009348613498732448,0.009348613498732448,0.0
TN,-213,0.009285233612172306,0.009285233612172306,0.0
TN,-212,0.009263597507961095,0.009263597507961095,0.0
TN,-211,0.009286576849408448,0.009286576849408448,0.0
TN,-210,0.009332730760797858,0.009332730760797858,0.0
TN,-209,0.009404783612117171,0.009404783612117171,0.0
TN,-208,0.009392250324599444,0.009392250324599444,0.0
TN,-207,0.009494570582173765,0.009494570582173765,0.0
TN,-206,0.009527237326838077,0.009527237326838077,0.0
TN,-205,0.009522933540865778,0.009522933540865778,0.0
TN,-204,0.009571544923819602,0.009571544923819602,0.0
TN,-203,0.009569062679074704,0.009569062679074704,0.0
TN,-202,0.009575047004036606,0.009575047004036606,0.0
TN,-201,0.009558556224219502,0.009558556224219502,0.0
TN,-200,0.00952975668478757,0.00952975668478757,0.0
TN,-199,0.009518799907527863,0.009518799907527863,0.0
TN,-198,0.009510916424915195,0.009510916424915195,0.0
TN,-197,0.009532454828731716,0.009532454828731716,0.0
TN,-196,0.009646276948042215,0.009646276948042215,0.0
TN,-195,0.00969214235432446,0.00969214235432446,0.0
TN,-194,0.00970749394968152,0.00970749394968152,0.0
TN,-193,0.009733046772889793,0.009733046772889793,0.0
TN,-192,0.009704605489969254,0.009704605489969254,0.0
TN,-191,0.00964905741158873,0.00964905741158873,0.0
TN,-190,0.009652959471568466,0.009652959471568466,0.0
TN,-189,0.009603590443730355,0.009603590443730355,0.0
TN,-188,0.009545042202807963,0.009545042202807963,0.0
TN,-187,0.009604550027288496,0.009604550027288496,0.0
TN,-186,0.009625294706784188,0.009625294706784188,0.0
TN,-185,0.009606731431558728,0.009606731431558728,0.0
TN,-184,0.00960331855341792,0.00960331855341792,0.0
TN,-183,0.009637380498461426,0.009637380498461426,0.0
TN,-182,0.009587868698872626,0.009587868698872626,0.0
TN,-181,0.009608071502298117,0.009608071502298117,0.0
TN,-180,0.009614994828589261,0.009614994828589261,0.0
TN,-179,0.009555033636279403,0.009555033636279403,0.0
TN,-178,0.009591355184093119,0.009591355184093119,0.0
TN,-177,0.009546221606433392,0.009546221606433392,0.0
TN,-176,0.009554237890988589,0.009554237890988589,0.0
TN,-175,0.009704160154797137,0.009704160154797137,0.0
TN,-174,0.009648525230586529,0.009648525230586529,0.0
TN,-173,0.009709677342325449,0.009709677342325449,0.0
TN,-172,0.009702629754319786,0.009702629754319786,0.0
TN,-171,0.009738858616910874,0.009738858616910874,0.0
TN,-170,0.009691686970181763,0.009691686970181763,0.0
TN,-169,0.009750664690509439,0.009750664690509439,0.0
TN,-168,0.009844583058729768,0.009844583058729768,0.0
TN,-167,0.009853817699477076,0.009853817699477076,0.0
TN,-166,0.00982844018843025,0.00982844018843025,0.0
TN,-165,0.00982204582542181,0.00982204582542181,0.0
TN,-164,0.009820558065548539,0.009820558065548539,0.0
TN,-163,0.009761511711403728,0.009761511711403728,0.0
TN,-162,0.009672367749735712,0.009672367749735712,0.0
TN,-161,0.009703921619802713,0.009703921619802713,0.0
TN,-160,0.00972700712736696,0.00972700712736696,0.0
TN,-159,0.009724580347537995,0.009724580347537995,0.0
TN,-158,0.009684576373547315,0.009684576373547315,0.0
TN,-157,0.009663684372790159,0.009663684372790159,0.0
TN,-156,0.00967442539986223,0.00967442539986223,0.0
TN,-155,0.009726270427927374,0.009726270427927374,0.0
TN,-154,0.009694074541330337,0.009694074541330337,0.0
TN,-153,0.009697260675020516,0.009697260675020516,0.0
TN,-152,0.00972932820674032,0.00972932820674032,0.0
TN,-151,0.009664644221775234,0.009664644221775234,0.0
TN,-150,0.00969950137194246,0.00969950137194246,0.0
TN,-149,0.00976628240197897,0.00976628240197897,0.0
TN,-148,0.009761666944250465,0.009761666944250465,0.0
TN,-147,0.009773496105335653,0.009773496105335653,0.0
TN,-146,0.009805137882940471,0.009805137882940471,0.0
TN,-145,0.00978688133880496,0.00978688133880496,0.0
TN,-144,0.009686229140497745,0.009686229140497745,0.0
TN,-143,0.009720023493282498,0.009720023493282498,0.0
TN,-142,0.00962019025348127,0.00962019025348127,0.0
TN,-141,0.009596609664149582,0.009596609664149582,0.0
TN,-140,0.009576778276823461,0.009576778276823461,0.0
TN,-139,0.009516799617558717,0.009516799617558717,0.0
TN,-138,0.009417967726476491,0.009417967726476491,0.0
TN,-137,0.0094253661762923,0.0094253661762923,0.0
TN,-136,0.00955802780110389,0.00955802780110389,0.0
TN,-135,0.009671911294572056,0.009671911294572056,0.0
TN,-134,0.009725236580707133,0.009725236580707133,0.0
TN,-133,0.00971245497930795,0.00971245497930795,0.0
TN,-132,0.009767597015015781,0.009767597015015781,0.0
TN,-131,0.009848571042530238,0.009848571042530238,0.0
TN,-130,0.009880644138902425,0.009880644138902425,0.0
TN,-129,0.00978066427167505,0.00978066427167505,0.0
TN,-128,0.009808853594586253,0.009808853594586253,0.0
TN,-127,0.009675391213968397,0.009675391213968397,0.0
TN,-126,0.009674688931554556,0.009674688931554556,0.0
TN,-125,0.00967095147818327,0.00967095147818327,0.0
TN,-124,0.009715239834040403,0.009715239834040403,0.0
TN,-123,0.009748517023399472,0.009748517023399472,0.0
TN,-122,0.009861694173887372,0.009861694173887372,0.0
TN,-121,0.009908430287614465,0.009908430287614465,0.0
TN,-120,0.009876796742901206,0.009876796742901206,0.0
TN,-119,0.00986867629457265,0.00986867629457265,0.0
TN,-118,0.009907007208094001,0.009907007208094001,0.0
TN,-117,0.009901304082013666,0.009901304082013666,0.0
TN,-116,0.009871739572845399,0.009871739572845399,0.0
TN,-115,0.009930073493160307,0.009930073493160307,0.0
TN,-114,0.009884417587891221,0.009884417587891221,0.0
TN,-113,0.009937501614913344,0.009937501614913344,0.0
TN,-112,0.009935141331516207,0.009935141331516207,0.0
TN,-111,0.009935875148512423,0.009935875148512423,0.0
TN,-110,0.009905933439731597,0.009905933439731597,0.0
TN,-109,0.009881309708580375,0.009881309708580375,0.0
TN,-108,0.0098987105069682,0.0098987105069682,0.0
TN,-107,0.009870086167939007,0.009870086167939007,0.0
TN,-106,0.009795283004641532,0.009795283004641532,0.0
TN,-105,0.009744747066870332,0.009744747066870332,0.0
TN,-104,0.009754180340096355,0.009754180340096355,0.0
TN,-103,0.009848794774152339,0.009848794774152339,0.0
TN,-102,0.009856294807977974,0.009856294807977974,0.0
TN,-101,0.009781986880116165,0.009781986880116165,0.0
TN,-100,0.009773616218008102,0.009773616218008102,0.0
TN,-99,0.009754083389416336,0.009754083389416336,0.0
TN,-98,0.009824993191286921,0.009824993191286921,0.0
TN,-97,0.00981482079718262,0.00981482079718262,0.0
TN,-96,0.009781921664252877,0.009781921664252877,0.0
TN,-95,0.00974638741929084,0.00974638741929084,0.0
TN,-94,0.009693592004477978,0.009693592004477978,0.0
TN,-93,0.009642676473595202,0.009642676473595202,0.0
TN,-92,0.00975838125217706,0.00975838125217706,0.0
TN,-91,0.009714552713558079,0.009714552713558079,0.0
TN,-90,0.009671396999619901,0.009671396999619901,0.0
TN,-89,0.00967878191266209,0.00967878191266209,0.0
TN,-88,0.009747091615572571,0.009747091615572571,0.0
TN,-87,0.009657879415899516,0.009657879415899516,0.0
TN,-86,0.009652991644106806,0.009652991644106806,0.0
TN,-85,0.009720658152364194,0.009720658152364194,0.0
TN,-84,0.009764670166186989,0.009764670166186989,0.0
TN,-83,0.009727693069726229,0.009727693069726229,0.0
TN,-82,0.009650334934704005,0.009650334934704005,0.0
TN,-81,0.009576350515708328,0.009576350515708328,0.0
TN,-80,0.009544880888424813,0.009544880888424813,0.0
TN,-79,0.009542359989136457,0.009542359989136457,0.0
TN,-78,0.009557198332622648,0.009557198332622648,0.0
TN,-77,0.009484308636747301,0.009484308636747301,0.0
TN,-76,0.009585065692663193,0.009585065692663193,0.0
TN,-75,0.009545922921970486,0.009545922921970486,0.0
TN,-74,0.009534804527647793,0.009534804527647793,0.0
TN,-73,0.009602541862986981,0.009602541862986981,0.0
TN,-72,0.009571487340144813,0.009571487340144813,0.0
TN,-71,0.009628395033068955,0.009628395033068955,0.0
TN,-70,0.009574106177315116,0.009574106177315116,0.0
TN,-69,0.009567663152702154,0.009567663152702154,0.0
TN,-68,0.009580787844024599,0.009580787844024599,0.0
TN,-67,0.009657611567527057,0.009657611567527057,0.0
TN,-66,0.009641943303868174,0.009641943303868174,0.0
TN,-65,0.00968754045665264,0.00968754045665264,0.0
TN,-64,0.009725158102810383,0.009725158102810383,0.0
TN,-63,0.009803807735443116,0.009803807735443116,0.0
TN,-62,0.009943336234427988,0.009943336234427988,0.0
TN,-61,0.009933536984026431,0.009933536984026431,0.0
TN,-60,0.009949326673522592,0.009949326673522592,0.0
TN,-59,0.010011503570713103,0.010011503570713103,0.0
TN,-58,0.010003866469487548,0.010003866469487548,0.0
TN,-57,0.010066037378273905,0.010066037378273905,0.0
TN,-56,0.009971290356479584,0.009971290356479584,0.0
TN,-55,0.009915189053863287,0.009915189053863287,0.0
TN,-54,0.009801567518152296,0.009801567518152296,0.0
TN,-53,0.00981258608866483,0.00981258608866483,0.0
TN,-52,0.009816982191987336,0.009816982191987336,0.0
TN,-51,0.009936918853782117,0.009936918853782117,0.0
TN,-50,0.009990628594532609,0.009990628594532609,0.0
TN,-49,0.010058483579196037,0.010058483579196037,0.0
TN,-48,0.010076692099682987,0.010076692099682987,0.0
TN,-47,0.010087859309278429,0.010087859309278429,0.0
TN,-46,0.009996622451581061,0.009996622451581061,0.0
TN,-45,0.010081786387600005,0.010081786387600005,0.0
TN,-44,0.0100747697846964,0.0100747697846964,0.0
TN,-43,0.009996271384879947,0.009996271384879947,0.0
TN,-42,0.009896488124504686,0.009896488124504686,0.0
TN,-41,0.009932629172690213,0.009932629172690213,0.0
TN,-40,0.00990771953947842,0.00990771953947842,0.0
TN,-39,0.009764844574965537,0.009764844574965537,0.0
TN,-38,0.009753526779823005,0.009753526779823005,0.0
TN,-37,0.009800483561120928,0.009800483561120928,0.0
TN,-36,0.00981383303180337,0.00981383303180337,0.0
TN,-35,0.009799518981017172,0.009799518981017172,0.0
TN,-34,0.009785030679777264,0.009785030679777264,0.0
TN,-33,0.009828344583511353,0.009828344583511353,0.0
TN,-32,0.009974360368214547,0.009974360368214547,0.0
TN,-31,0.010041026677936316,0.010041026677936316,0.0
TN,-30,0.009973187390714884,0.009973187390714884,0.0
TN,-29,0.0100017609866336,0.0100017609866336,0.0
TN,-28,0.009940395164303482,0.009940395164303482,0.0
TN,-27,0.009933331012725831,0.009933331012725831,0.0
TN,-26,0.01001866504084319,0.01001866504084319,0.0
TN,-25,0.009959954256191849,0.009959954256191849,0.0
TN,-24,0.009932008357718587,0.009932008357718587,0.0
TN,-23,0.010007609222084284,0.010007609222084284,0.0
TN,-22,0.009970551081933081,0.009970551081933081,0.0
TN,-21,0.009843145329505205,0.009843145329505205,0.0
TN,-20,0.009888556636869907,0.009888556636869907,0.0
TN,-19,0.009929282292723655,0.009929282292723655,0.0
TN,-18,0.010014683906920254,0.010014683906920254,0.0
TN,-17,0.010015539550222457,0.010015539550222457,0.0
TN,-16,0.010000041169114411,0.010000041169114411,0.0
TN,-15,0.009904775391332806,0.009904775391332806,0.0
TN,-14,0.00984937974717468,0.00984937974717468,0.0
TN,-13,0.0099905961798504,0.0099905961798504,0.0
TN,-12,0.01004761871881783,0.01004761871881783,0.0
TN,-11,0.009990947162732482,0.009990947162732482,0.0
TN,-10,0.009874379248358309,0.009874379248358309,0.0
TN,-9,0.009900320563465357,0.009900320563465357,0.0
TN,-8,0.009947788189165294,0.009947788189165294,0.0
TN,-7,0.009966315818019211,0.009966315818019211,0.0
TN,-6,0.009927642839029431,0.009927642839029431,0.0
TN,-5,0.009856101921759546,0.009856101921759546,0.0
TN,-4,0.009829829777590931,0.009829829777590931,0.0
TN,-3,0.009850146598182619,0.009850146598182619,0.0
TN,-2,0.009879292016848921,0.009879292016848921,0.0
TN,-1,0.009823805545456707,0.009823805545456707,0.0
TN,0,0.009790628585033118,0.009790628585033118,0.0
TN,1,0.009805435533635318,0.009805435533635318,0.0
TN,2,0.009916254011914134,0.009916254011914134,0.0
TN,3,0.009927451703697443,0.009927451703697443,0.0
TN,4,0.009948308998718857,0.009948308998718857,0.0
TN,5,0.009845151016488671,0.009845151016488671,0.0
TN,6,0.009887834540568291,0.009887834540568291,0.0
TN,7,0.009946466679684818,0.009946466679684818,0.0
TN,8,0.010018868125043809,0.010018868125043809,0.0
TN,9,0.009957433519884944,0.009957433519884944,0.0
TN,10,0.00988685118034482,0.00988685118034482,0.0
TN,11,0.009881393276154995,0.009881393276154995,0.0
TN,12,0.009891540412791073,0.009891540412791073,0.0
TN,13,0.009885648912750185,0.009885648912750185,0.0
TN,14,0.009894652469083666,0.009894652469083666,0.0
TN,15,0.00994347529951483,0.00994347529951483,0.0
TN,16,0.010011496962979436,0.010011496962979436,0.0
TN,17,0.009978377413935959,0.009978377413935959,0.0
TN,18,0.010113977566361428,0.010113977566361428,0.0
TN,19,0.010075404369272291,0.010075404369272291,0.0
TN,20,0.009952706452459097,0.009952706452459097,0.0
TN,21,0.009811963471584022,0.009811963471584022,0.0
TN,22,0.009865578687749803,0.009865578687749803,0.0
TN,23,0.009822585950605572,0.009822585950605572,0.0
TN,24,0.009851083573885262,0.009851083573885262,0.0
TN,25,0.009821766689419746,0.009821766689419746,0.0
TN,26,0.009776052013039589,0.009776052013039589,0.0
TN,27,0.009804599401541055,0.009804599401541055,0.0
TN,28,0.00975534725934267,0.00975534725934267,0.0
TN,29,0.009809559639543296,0.009809559639543296,0.0
TN,30,0.009809415941126644,0.009809415941126644,0.0
TN,31,0.009773464309982955,0.009773464309982955,0.0
TN,32,0.00975554353557527,0.00975554353557527,0.0
TN,33,0.009756805165670812,0.009756805165670812,0.0
TN,34,0.009701208090409636,0.009701208090409636,0.0
TN,35,0.009676649644970893,0.009676649644970893,0.0
TN,36,0.009550680331885815,0.009550680331885815,0.0
TN,37,0.0095710743451491,0.0095710743451491,0.0
TN,38,0.009667187654413283,0.009667187654413283,0.0
TN,39,0.009767888220958412,0.009767888220958412,0.0
TN,40,0.009863202292472124,0.009863202292472124,0.0
TN,41,0.009858258995227515,0.009858258995227515,0.0
TN,42,0.009903040397912264,0.009903040397912264,0.0
TN,43,0.010026114615611733,0.010026114615611733,0.0
TN,44,0.00999758864287287,0.00999758864287287,0.0
TN,45,0.009968985626474023,0.009968985626474023,0.0
TN,46,0.00997534405440092,0.00997534405440092,0.0
TN,47,0.010009795515798033,0.010009795515798033,0.0
TN,48,0.01002654066774994,0.01002654066774994,0.0
TN,49,0.010075605632737279,0.010075605632737279,0.0
TN,50,0.01006921811029315,0.01006921811029315,0.0
TN,51,0.010035619004629553,0.010035619004629553,0.0
TN,52,0.01007993055973202,0.01007993055973202,0.0
TN,53,0.010022867554798722,0.010022867554798722,0.0
TN,54,0.009983034706674516,0.009983034706674516,0.0
TN,55,0.010056392387486995,0.010056392387486995,0.0
TN,56,0.010032702093012632,0.010032702093012632,0.0
TN,57,0.01004101044498384,0.01004101044498384,0.0
TN,58,0.01005948412232101,0.01005948412232101,0.0
TN,59,0.010058398861438035,0.010058398861438035,0.0
TN,60,0.010124186580069363,0.010124186580069363,0.0
TN,61,0.010058298506774008,0.010058298506774008,0.0
TN,62,0.009972901046276093,0.009972901046276093,0.0
TN,63,0.00995476522948593,0.00995476522948593,0.0
TN,64,0.010013043726794423,0.010013043726794423,0.0
TN,65,0.009910833137109876,0.009910833137109876,0.0
TN,66,0.009974053078331054,0.009974053078331054,0.0
TN,67,0.009907040069811046,0.009907040069811046,0.0
TN,68,0.00992375263478607,0.00992375263478607,0.0
TN,69,0.009861087799072266,0.009861087799072266,0.0
TN,70,0.009830452464520932,0.009830452464520932,0.0
TN,71,0.009736238266341388,0.009736238266341388,0.0
TN,72,0.009702918236143887,0.009702918236143887,0.0
TN,73,0.009751825393177569,0.009751825393177569,0.0
TN,74,0.009758300725370645,0.009758300725370645,0.0
TN,75,0.009770826841704548,0.009770826841704548,0.0
TN,76,0.009827680140733718,0.009827680140733718,0.0
TN,77,0.009811977194622158,0.009811977194622158,0.0
TN,78,0.009768785322085022,0.009768785322085022,0.0
TN,79,0.009831146127544344,0.009831146127544344,0.0
TN,80,0.009822744014672934,0.009822744014672934,0.0
TN,81,0.009802944441325963,0.009802944441325963,0.0
TN,82,0.009798281234689057,0.009798281234689057,0.0
TN,83,0.009795260652899741,0.009795260652899741,0.0
TN,84,0.009814590597525239,0.009814590597525239,0.0
TN,85,0.009906935612671077,0.009906935612671077,0.0
TN,86,0.00979651556815952,0.00979651556815952,0.0
TN,87,0.00982922529336065,0.00982922529336065,0.0
TN,88,0.009784690444357693,0.009784690444357693,0.0
TN,89,0.0097665645647794,0.0097665645647794,0.0
TN,90,0.009836203316226602,0.009836203316226602,0.0
TN,91,0.00983038435690105,0.00983038435690105,0.0
TN,92,0.009786198940128088,0.009786198940128088,0.0
TN,93,0.00983637168072164,0.00983637168072164,0.0
TN,94,0.009884614343754948,0.009884614343754948,0.0
TN,95,0.009799841847270728,0.009799841847270728,0.0
TN,96,0.009801632347516716,0.009801632347516716,0.0
TN,97,0.00984502213075757,0.00984502213075757,0.0
TN,98,0.009832113846205175,0.009832113846205175,0.0
TN,99,0.009834155924618244,0.009834155924618244,0.0
TN,100,0.009901809161528946,0.009901809161528946,0.0
TN,101,0.009943935223855078,0.009943935223855078,0.0
TN,102,0.009940111888572573,0.009940111888572573,0.0
TN,103,0.009889716403558851,0.009889716403558851,0.0
TN,104,0.009879845771938562,0.009879845771938562,0.0
TN,105,0.009869698821566998,0.009869698821566998,0.0
TN,106,0.009856661595404149,0.009856661595404149,0.0
TN,107,0.009902638751082122,0.009902638751082122,0.0
TN,108,0.009847160377539695,0.009847160377539695,0.0
TN,109,0.009899180405773223,0.009899180405773223,0.0
TN,110,0.009854502519592643,0.009854502519592643,0.0
TN,111,0.009861813113093375,0.009861813113093375,0.0
TN,112,0.0099547881167382,0.0099547881167382,0.0
TN,113,0.009979495615698396,0.009979495615698396,0.0
TN,114,0.010057170791551471,0.010057170791551471,0.0
TN,115,0.010113681657239795,0.010113681657239795,0.0
TN,116,0.010131405228748917,0.010131405228748917,0.0
TN,117,0.010120882261544466,0.010120882261544466,0.0
TN,118,0.01020094046369195,0.01020094046369195,0.0
TN,119,0.010294672744348645,0.010294672744348645,0.0
TN,120,0.010222594747319817,0.010222594747319817,0.0
TN,121,0.010205419044941664,0.010205419044941664,0.0
TN,122,0.010257638720795513,0.010257638720795513,0.0
TN,123,0.010207376964390278,0.010207376964390278,0.0
TN,124,0.01016417920589447,0.01016417920589447,0.0
TN,125,0.010048911469057202,0.010048911469057202,0.0
TN,126,0.010030152085237205,0.010030152085237205,0.0
TN,127,0.010049257474020124,0.010049257474020124,0.0
TN,128,0.010079051479697227,0.010079051479697227,0.0
TN,129,0.010071521359495818,0.010071521359495818,0.0
TN,130,0.010061816084198654,0.010061816084198654,0.0
TN,131,0.010113127026706935,0.010113127026706935,0.0
TN,132,0.010126857957802713,0.010126857957802713,0.0
TN,133,0.010163189107552172,0.010163189107552172,0.0
TN,134,0.010111382403410972,0.010111382403410972,0.0
TN,135,0.010050173089839519,0.010050173089839519,0.0
TN,136,0.010096538090147078,0.010096538090147078,0.0
TN,137,0.010053721633739769,0.010053721633739769,0.0
TN,138,0.010164728318341077,0.010164728318341077,0.0
TN,139,0.010166735015809536,0.010166735015809536,0.0
TN,140,0.010056158015504479,0.010056158015504479,0.0
TN,141,0.01004964601714164,0.01004964601714164,0.0
TN,142,0.010066860108636319,0.010066860108636319,0.0
TN,143,0.010084159299731254,0.010084159299731254,0.0
TN,144,0.010077970558777452,0.010077970558777452,0.0
TN,145,0.010117892706766725,0.010117892706766725,0.0
TN,146,0.010137839829549194,0.010137839829549194,0.0
TN,147,0.010310402493923903,0.010310402493923903,0.0
TN,148,0.010303175733424723,0.010303175733424723,0.0
TN,149,0.010213735164143145,0.010213735164143145,0.0
TN,150,0.010151740019209684,0.010151740019209684,0.0
TN,151,0.010213564871810377,0.010213564871810377,0.0
TN,152,0.010139626539312304,0.010139626539312304,0.0
TN,153,0.010133657790720462,0.010133657790720462,0.0
TN,154,0.009971484262496232,0.009971484262496232,0.0
TN,155,0.009907332435250282,0.009907332435250282,0.0
TN,156,0.01001127986703068,0.01001127986703068,0.0
TN,157,0.010000459617003798,0.010000459617003798,0.0
TN,158,0.009967703544534743,0.009967703544534743,0.0
TN,159,0.01000163380522281,0.01000163380522281,0.0
TN,160,0.010032314639538527,0.010032314639538527,0.0
TN,161,0.009962998609989882,0.009962998609989882,0.0
TN,162,0.009980559977702797,0.009980559977702797,0.0
TN,163,0.010019398243166507,0.010019398243166507,0.0
TN,164,0.01000870147254318,0.01000870147254318,0.0
TN,165,0.00995117670390755,0.00995117670390755,0.0
TN,166,0.010007647266611457,0.010007647266611457,0.0
TN,167,0.009939563684165478,0.009939563684165478,0.0
TN,168,0.009950654609128832,0.009950654609128832,0.0
TN,169,0.00999687239062041,0.00999687239062041,0.0
TN,170,0.010008960380218923,0.010008960380218923,0.0
TN,171,0.009999326993711293,0.009999326993711293,0.0
TN,172,0.00999923077877611,0.00999923077877611,0.0
TN,173,0.009971800465136767,0.009971800465136767,0.0
TN,174,0.010048013902269304,0.010048013902269304,0.0
TN,175,0.01006438207346946,0.01006438207346946,0.0
TN,176,0.009988779979757965,0.009988779979757965,0.0
TN,177,0.009984887656755745,0.009984887656755745,0.0
TN,178,0.00982095928862691,0.00982095928862691,0.0
TN,179,0.009807455604895949,0.009807455604895949,0.0
TN,180,0.009836767059750855,0.009836767059750855,0.0
TN,181,0.009748488222248853,0.009748488222248853,0.0
TN,182,0.009743924117647112,0.009743924117647112,0.0
TN,183,0.009705183701589704,0.009705183701589704,0.0
TN,184,0.009757195394486188,0.009757195394486188,0.0
TN,185,0.00981660851277411,0.00981660851277411,0.0
TN,186,0.009760303692892193,0.009760303692892193,0.0
TN,187,0.009813999570906163,0.009813999570906163,0.0
TN,188,0.009830565527081489,0.009830565527081489,0.0
TN,189,0.009913129494525491,0.009913129494525491,0.0
TN,190,0.009906416232697666,0.009906416232697666,0.0
TN,191,0.009975170786492526,0.009975170786492526,0.0
TN,192,0.009927755095995963,0.009927755095995963,0.0
TN,193,0.009871257240884007,0.009871257240884007,0.0
TN,194,0.009802129911258816,0.009802129911258816,0.0
TN,195,0.009759519440121949,0.009759519440121949,0.0
TN,196,0.009702805816195904,0.009702805816195904,0.0
TN,197,0.009694724278524518,0.009694724278524518,0.0
TN,198,0.009702121280133725,0.009702121280133725,0.0
TN,199,0.00965577166993171,0.00965577166993171,0.0
TN,200,0.009611539794132113,0.009611539794132113,0.0
TN,201,0.009715233612805605,0.009715233612805605,0.0
TN,202,0.00976287224330008,0.00976287224330008,0.0
TN,203,0.009777357317507267,0.009777357317507267,0.0
TN,204,0.00966687973588705,0.00966687973588705,0.0
TN,205,0.009614430721849204,0.009614430721849204,0.0
TN,206,0.009639287726022303,0.009639287726022303,0.0
TN,207,0.009688570741564035,0.009688570741564035,0.0
TN,208,0.00962286558933556,0.00962286558933556,0.0
TN,209,0.009598343102261424,0.009598343102261424,0.0
TN,210,0.00959423055872321,0.00959423055872321,0.0
TN,211,0.009541855719871819,0.009541855719871819,0.0
TN,212,0.009681905936449766,0.009681905936449766,0.0
TN,213,0.009678364139981568,0.009678364139981568,0.0
TN,214,0.009617311116307974,0.009617311116307974,0.0
TN,215,0.009685687837190926,0.009685687837190926,0.0
TN,216,0.009703135811723768,0.009703135811723768,0.0
TN,217,0.009804622964002191,0.009804622964002191,0.0
TN,218,0.009805375649593771,0.009805375649593771,0.0
TN,219,0.009741577599197627,0.009741577599197627,0.0
TN,220,0.0097064673807472,0.0097064673807472,0.0
TN,221,0.009591652313247323,0.009591652313247323,0.0
TN,222,0.009487046469002962,0.009487046469002962,0.0
TN,223,0.009536707191728055,0.009536707191728055,0.0
TN,224,0.009559823563322425,0.009559823563322425,0.0
TN,225,0.009546281872317194,0.009546281872317194,0.0
TN,226,0.00959067452698946,0.00959067452698946,0.0
TN,227,0.009551116260699927,0.009551116260699927,0.0
TN,228,0.009461502847261726,0.009461502847261726,0.0
TN,229,0.009558818144723773,0.009558818144723773,0.0
TN,230,0.009547127187252044,0.009547127187252044,0.0
TN,231,0.009551521711982787,0.009551521711982787,0.0
TN,232,0.009507420384325086,0.009507420384325086,0.0
TN,233,0.009452996253967285,0.009452996253967285,0.0
TN,234,0.009474181467667223,0.009474181467667223,0.0
TN,235,0.009527154774405062,0.009527154774405062,0.0
TN,236,0.009509123819880188,0.009509123819880188,0.0
TN,237,0.009490172024816274,0.009490172024816274,0.0
TN,238,0.009450661344453692,0.009450661344453692,0.0
TN,239,0.009422905105166137,0.009422905105166137,0.0
TN,240,0.00943192882463336,0.00943192882463336,0.0
TN,241,0.00944736915640533,0.00944736915640533,0.0
TN,242,0.009437138419598342,0.009437138419598342,0.0
TN,243,0.009386961879208684,0.009386961879208684,0.0
TN,244,0.009354277998209,0.009354277998209,0.0
TN,245,0.009360584178939462,0.009360584178939462,0.0
TN,246,0.009428353137336672,0.009428353137336672,0.0
TN,247,0.00940801024902612,0.00940801024902612,0.0
TN,248,0.009588352916762233,0.009588352916762233,0.0
TN,249,0.009881795062683522,0.009881795062683522,0.0
TN,250,0.010354508929885924,0.010354508929885924,0.0
TN,251,0.011107395035214723,0.011107395035214723,0.0
TN,252,0.011781178587116302,0.011781178587116302,0.0
TN,253,0.011992750647477806,0.011992750647477806,0.0
TN,254,0.012345010582357645,0.012345010582357645,0.0
TN,255,0.013666592203080655,0.013666592203080655,0.0
TN,256,0.017507023056969048,0.017507023056969048,0.0
TP,-256,0.00904451685026288,0.00904451685026288,0.0
TP,-255,0.009017739868722856,0.009017739868722856,0.0
TP,-254,0.00905269727576524,0.00905269727576524,0.0
TP,-253,0.009073454751633108,0.009073454751633108,0.0
TP,-252,0.008958998513408005,0.008958998513408005,0.0
TP,-251,0.008783342270180582,0.008783342270180582,0.0
TP,-250,0.00865001831203699,0.00865001831203699,0.0
TP,-249,0.00857562895398587,0.00857562895398587,0.0
TP,-248,0.008631420801393688,0.008631420801393688,0.0
TP,-247,0.008685300066135824,0.008685300066135824,0.0
TP,-246,0.008721992126666009,0.008721992126666009,0.0
TP,-245,0.00871979056391865,0.00871979056391865,0.0
TP,-244,0.008759954962879419,0.008759954962879419,0.0
TP,-243,0.008795588472858072,0.008795588472858072,0.0
TP,-242,0.008865183447487652,0.008865183447487652,0.0
TP,-241,0.008887213026173412,0.008887213026173412,0.0
TP,-240,0.008938599200919271,0.008938599200919271,0.0
TP,-239,0.008934254865162075,0.008934254865162075,0.0
TP,-238,0.008943533799611032,0.008943533799611032,0.0
TP,-237,0.00894235448911786,0.00894235448911786,0.0
TP,-236,0.008875767802819609,0.008875767802819609,0.0
TP,-235,0.008863056162372231,0.008863056162372231,0.0
TP,-234,0.008854357558302581,0.008854357558302581,0.0
TP,-233,0.008883247436024248,0.008883247436024248,0.0
TP,-232,0.008951355121098459,0.008951355121098459,0.0
TP,-231,0.008987776669673622,0.008987776669673622,0.0
TP,-230,0.00909130728803575,0.00909130728803575,0.0
TP,-229,0.009169553015381098,0.009169553015381098,0.0
TP,-228,0.009162166551686824,0.009162166551686824,0.0
TP,-227,0.009191194628365339,0.009191194628365339,0.0
TP,-226,0.009121225657872855,0.009121225657872855,0.0
TP,-225,0.009020521328784526,0.009020521328784526,0.0
TP,-224,0.009095917548984289,0.009095917548984289,0.0
TP,-223,0.009107745275832713,0.009107745275832713,0.0
TP,-222,0.009103552708402275,0.009103552708402275,0.0
TP,-221,0.009153848798014223,0.009153848798014223,0.0
TP,-220,0.00912146938033402,0.00912146938033402,0.0
TP,-219,0.009161022892221808,0.009161022892221808,0.0
TP,-218,0.009073095340281724,0.009073095340281724,0.0
TP,-217,0.009158381335437298,0.009158381335437298,0.0
TP,-216,0.009159753248095513,0.009159753248095513,0.0
TP,-215,0.009172037169337273,0.009172037169337273,0.0
TP,-214,0.009254147559404373,0.009254147559404373,0.0
TP,-213,0.00929681328125298,0.00929681328125298,0.0
TP,-212,0.009336690329946577,0.009336690329946577,0.0
TP,-211,0.009359608893282712,0.009359608893282712,0.0
TP,-210,0.009367931503802537,0.009367931503802537,0.0
TP,-209,0.00937137327156961,0.00937137327156961,0.0
TP,-208,0.009351013414561748,0.009351013414561748,0.0
TP,-207,0.009317565513774752,0.009317565513774752,0.0
TP,-206,0.009375447067432105,0.009375447067432105,0.0
TP,-205,0.009432980953715742,0.009432980953715742,0.0
TP,-204,0.009468357302248478,0.009468357302248478,0.0
TP,-203,0.009497076468542219,0.009497076468542219,0.0
TP,-202,0.009534273454919457,0.009534273454919457,0.0
TP,-201,0.00954464852809906,0.00954464852809906,0.0
TP,-200,0.009547907686792314,0.009547907686792314,0.0
TP,-199,0.00951925550121814,0.00951925550121814,0.0
TP,-198,0.009643448833376169,0.009643448833376169,0.0
TP,-197,0.009617602908983827,0.009617602908983827,0.0
TP,-196,0.009657877930440009,0.009657877930440009,0.0
TP,-195,0.009641730734147131,0.009641730734147131,0.0
TP,-194,0.00968739231582731,0.00968739231582731,0.0
TP,-193,0.00971660831477493,0.00971660831477493,0.0
TP,-192,0.00966374737676233,0.00966374737676233,0.0
TP,-191,0.009535895497538149,0.009535895497538149,0.0
TP,-190,0.009549626843072473,0.009549626843072473,0.0
TP,-189,0.009512097439728678,0.009512097439728678,0.0
TP,-188,0.00957089886534959,0.00957089886534959,0.0
TP,-187,0.009577320697717369,0.009577320697717369,0.0
TP,-186,0.009632728099822997,0.009632728099822997,0.0
TP,-185,0.009708232618868351,0.009708232618868351,0.0
TP,-184,0.009697337374091149,0.009697337374091149,0.0
TP,-183,0.009658722626045346,0.009658722626045346,0.0
TP,-182,0.009705145694315433,0.009705145694315433,0.0
TP,-181,0.009603775688447058,0.009603775688447058,0.0
TP,-180,0.009631840093061329,0.009631840093061329,0.0
TP,-179,0.009589492003433406,0.009589492003433406,0.0
TP,-178,0.009670899319462477,0.009670899319462477,0.0
TP,-177,0.009666345887817443,0.009666345887817443,0.0
TP,-176,0.009699565269984304,0.009699565269984304,0.0
TP,-175,0.00969887740444392,0.00969887740444392,0.0
TP,-174,0.009671941893175244,0.009671941893175244,0.0
TP,-173,0.00966762009076774,0.00966762009076774,0.0
TP,-172,0.009655872099101544,0.009655872099101544,0.0
TP,-171,0.009722284805029631,0.009722284805029631,0.0
TP,-170,0.009783526784740388,0.009783526784740388,0.0
TP,-169,0.009662445816211403,0.009662445816211403,0.0
TP,-168,0.00976522774901241,0.00976522774901241,0.0
TP,-167,0.009780760467983783,0.009780760467983783,0.0
TP,-166,0.009817000441253186,0.009817000441253186,0.0
TP,-165,0.009876244328916072,0.009876244328916072,0.0
TP,-164,0.009889848469756544,0.009889848469756544,0.0
TP,-163,0.009877311987802386,0.009877311987802386,0.0
TP,-162,0.009896893128752709,0.009896893128752709,0.0
TP,-161,0.009892769930884242,0.009892769930884242,0.0
TP,-160,0.009923675581812858,0.009923675581812858,0.0
TP,-159,0.009895056360401213,0.009895056360401213,0.0
TP,-158,0.009875758267007768,0.009875758267007768,0.0
TP,-157,0.009885924444533884,0.009885924444533884,0.0
TP,-156,0.009927912293933331,0.009927912293933331,0.0
TP,-155,0.009907441586256028,0.009907441586256028,0.0
TP,-154,0.009954986600205303,0.009954986600205303,0.0
TP,-153,0.01002186857163906,0.01002186857163906,0.0
TP,-152,0.009983066250570119,0.009983066250570119,0.0
TP,-151,0.009932729476131498,0.009932729476131498,0.0
TP,-150,0.009913190240040422,0.009913190240040422,0.0
TP,-149,0.009908007527701556,0.009908007527701556,0.0
TP,-148,0.009920750856399535,0.009920750856399535,0.0
TP,-147,0.0099819166213274,0.0099819166213274,0.0
TP,-146,0.010028188088908792,0.010028188088908792,0.0
TP,-145,0.009989339062012732,0.009989339062012732,0.0
TP,-144,0.010014706384390592,0.010014706384390592,0.0
TP,-143,0.010073277088813483,0.010073277088813483,0.0
TP,-142,0.009993444704450667,0.009993444704450667,0.0
TP,-141,0.009949937644414604,0.009949937644414604,0.0
TP,-140,0.009971814970485866,0.009971814970485866,0.0
TP,-139,0.009946900606155395,0.009946900606155395,0.0
TP,-138,0.009936415245756508,0.009936415245756508,0.0
TP,-137,0.009945356715470553,0.009945356715470553,0.0
TP,-136,0.009923874386586248,0.009923874386586248,0.0
TP,-135,0.009865020145662129,0.009865020145662129,0.0
TP,-134,0.009962776922620833,0.009962776922620833,0.0
TP,-133,0.010026911338791251,0.010026911338791251,0.0
TP,-132,0.010072810188867153,0.010072810188867153,0.0
TP,-131,0.010063512646593154,0.010063512646593154,0.0
TP,-130,0.010045754411257803,0.010045754411257803,0.0
TP,-129,0.009981714165769517,0.009981714165769517,0.0
TP,-128,0.009963303301483394,0.009963303301483394,0.0
TP,-127,0.009903816562145949,0.009903816562145949,0.0
TP,-126,0.00989308862015605,0.00989308862015605,0.0
TP,-125,0.009862928516231478,0.009862928516231478,0.0
TP,-124,0.009940483910031616,0.009940483910031616,0.0
TP,-123,0.00995913720689714,0.00995913720689714,0.0
TP,-122,0.009992232657968997,0.009992232657968997,0.0
TP,-121,0.009990266086533665,0.009990266086533665,0.0
TP,-120,0.009984577312134207,0.009984577312134207,0.0
TP,-119,0.009946852587163449,0.009946852587163449,0.0
TP,-118,0.009865648099221289,0.009865648099221289,0.0
TP,-117,0.009899741802364588,0.009899741802364588,0.0
TP,-116,0.009972953200340272,0.009972953200340272,0.0
TP,-115,0.010005845725536346,0.010005845725536346,0.0
TP,-114,0.010022817626595498,0.010022817626595498,0.0
TP,-113,0.010051711359992624,0.010051711359992624,0.0
TP,-112,0.010097976010292768,0.010097976010292768,0.0
TP,-111,0.01010660928208381,0.01010660928208381,0.0
TP,-110,0.010125618297606706,0.010125618297606706,0.0
TP,-109,0.010106568029150366,0.010106568029150366,0.0
TP,-108,0.01005233681295067,0.01005233681295067,0.0
TP,-107,0.010068911807611585,0.010068911807611585,0.0
TP,-106,0.010024453988298774,0.010024453988298774,0.0
TP,-105,0.010036732591688633,0.010036732591688633,0.0
TP,-104,0.01008600984700024,0.01008600984700024,0.0
TP,-103,0.01007257408928126,0.01007257408928126,0.0
TP,-102,0.010154676637612284,0.010154676637612284,0.0
TP,-101,0.010231354678981007,0.010231354678981007,0.0
TP,-100,0.010260146693326533,0.010260146693326533,0.0
TP,-99,0.010245509096421301,0.010245509096421301,0.0
TP,-98,0.010351831279695033,0.010351831279695033,0.0
TP,-97,0.010221595135517418,0.010221595135517418,0.0
TP,-96,0.010120442849583924,0.010120442849583924,0.0
TP,-95,0.01011024667415768,0.01011024667415768,0.0
TP,-94,0.010152084431611,0.010152084431611,0.0
TP,-93,0.01023868404328823,0.01023868404328823,0.0
TP,-92,0.010247836550697685,0.010247836550697685,0.0
TP,-91,0.010269452105276286,0.010269452105276286,0.0
TP,-90,0.010350769087672233,0.010350769087672233,0.0
TP,-89,0.010334672164171934,0.010334672164171934,0.0
TP,-88,0.010400711414404214,0.010400711414404214,0.0
TP,-87,0.010296975024975836,0.010296975024975836,0.0
TP,-86,0.01038073461037129,0.01038073461037129,0.0
TP,-85,0.0103614796185866,0.0103614796185866,0.0
TP,-84,0.010354755907319485,0.010354755907319485,0.0
TP,-83,0.010339897759258747,0.010339897759258747,0.0
TP,-82,0.010338776623830198,0.010338776623830198,0.0
TP,-81,0.01033887391909957,0.01033887391909957,0.0
TP,-80,0.010439605000428856,0.010439605000428856,0.0
TP,-79,0.010424473336897791,0.010424473336897791,0.0
TP,-78,0.010486949095502495,0.010486949095502495,0.0
TP,-77,0.01048462962731719,0.01048462962731719,0.0
TP,-76,0.010516576496884226,0.010516576496884226,0.0
TP,-75,0.010522476676851512,0.010522476676851512,0.0
TP,-74,0.010435196729376912,0.010435196729376912,0.0
TP,-73,0.010374736785888673,0.010374736785888673,0.0
TP,-72,0.010286823203787208,0.010286823203787208,0.0
TP,-71,0.010317518417723477,0.010317518417723477,0.0
TP,-70,0.010369310583919288,0.010369310583919288,0.0
TP,-69,0.01036270163487643,0.01036270163487643,0.0
TP,-68,0.010345850116573274,0.010345850116573274,0.0
TP,-67,0.010474441801197826,0.010474441801197826,0.0
TP,-66,0.01051363675389439,0.01051363675389439,0.0
TP,-65,0.01049140793737024,0.01049140793737024,0.0
TP,-64,0.010551014225929975,0.010551014225929975,0.0
TP,-63,0.010598348565399646,0.010598348565399646,0.0
TP,-62,0.010564037188887597,0.010564037188887597,0.0
TP,-61,0.010571067994460464,0.010571067994460464,0.0
TP,-60,0.010561296436935663,0.010561296436935663,0.0
TP,-59,0.010530228577554226,0.010530228577554226,0.0
TP,-58,0.010550494156777859,0.010550494156777859,0.0
TP,-57,0.010475282319821417,0.010475282319821417,0.0
TP,-56,0.01052611701656133,0.01052611701656133,0.0
TP,-55,0.010429238458164037,0.010429238458164037,0.0
TP,-54,0.010461941272951662,0.010461941272951662,0.0
TP,-53,0.010544005953706801,0.010544005953706801,0.0
TP,-52,0.010581681728363037,0.010581681728363037,0.0
TP,-51,0.010689486572518945,0.010689486572518945,0.0
TP,-50,0.01064146197400987,0.01064146197400987,0.0
TP,-49,0.010774128842167557,0.010774128842167557,0.0
TP,-48,0.010726176016032696,0.010726176016032696,0.0
TP,-47,0.010752116544172168,0.010752116544172168,0.0
TP,-46,0.010851857746019959,0.010851857746019959,0.0
TP,-45,0.010770514537580312,0.010770514537580312,0.0
TP,-44,0.011065692543052136,0.011065692543052136,0.0
TP,-43,0.011081560277380048,0.011081560277380048,0.0
TP,-42,0.0111451182840392,0.0111451182840392,0.0
TP,-41,0.011164910392835736,0.011164910392835736,0.0
TP,-40,0.011135078589431942,0.011135078589431942,0.0
TP,-39,0.011174279116094112,0.011174279116094112,0.0
TP,-38,0.01125430134125054,0.01125430134125054,0.0
TP,-37,0.011552743604406715,0.011552743604406715,0.0
TP,-36,0.01149479890242219,0.01149479890242219,0.0
TP,-35,0.011485134661197662,0.011485134661197662,0.0
TP,-34,0.011685406090691686,0.011685406090691686,0.0
TP,-33,0.011684632073156535,0.011684632073156535,0.0
TP,-32,0.011530134994536638,0.011530134994536638,0.0
TP,-31,0.011469162795692682,0.011469162795692682,0.0
TP,-30,0.01143390909768641,0.01143390909768641,0.0
TP,-29,0.011545619582757355,0.011545619582757355,0.0
TP,-28,0.011694660875946283,0.011694660875946283,0.0
TP,-27,0.011761901108548046,0.011761901108548046,0.0
TP,-26,0.011695770910009742,0.011695770910009742,0.0
TP,-25,0.011641210550442338,0.011641210550442338,0.0
TP,-24,0.011700660921633244,0.011700660921633244,0.0
TP,-23,0.011689110668376088,0.011689110668376088,0.0
TP,-22,0.011654461342841387,0.011654461342841387,0.0
TP,-21,0.011718354132026433,0.011718354132026433,0.0
TP,-20,0.011743026217445732,0.011743026217445732,0.0
TP,-19,0.011922201327979564,0.011922201327979564,0.0
TP,-18,0.01204906964674592,0.01204906964674592,0.0
TP,-17,0.01200757230166346,0.01200757230166346,0.0
TP,-16,0.012203773553483187,0.012203773553483187,0.0
TP,-15,0.012236097594723105,0.012236097594723105,0.0
TP,-14,0.012261878540739417,0.012261878540739417,0.0
TP,-13,0.012167235361412168,0.012167235361412168,0.0
TP,-12,0.012225953340530395,0.012225953340530395,0.0
TP,-11,0.012257608259096742,0.012257608259096742,0.0
TP,-10,0.012111175935715437,0.012111175935715437,0.0
TP,-9,0.012123602987267078,0.012123602987267078,0.0
TP,-8,0.012047873307019473,0.012047873307019473,0.0
TP,-7,0.012078227158635855,0.012078227158635855,0.0
TP,-6,0.012003707867115736,0.012003707867115736,0.0
TP,-5,0.012060517161153257,0.012060517161153257,0.0
TP,-4,0.012010871339589358,0.012010871339589358,0.0
TP,-3,0.012065478689037264,0.012065478689037264,0.0
TP,-2,0.012053176942281425,0.012053176942281425,0.0
TP,-1,0.012033314728178084,0.012033314728178084,0.0
TP,0,0.011963957683183252,0.011963957683183252,0.0
TP,1,0.01205506085883826,0.01205506085883826,0.0
TP,2,0.012082766774110496,0.012082766774110496,0.0
TP,3,0.012088665864430368,0.012088665864430368,0.0
TP,4,0.011987620959989726,0.011987620959989726,0.0
TP,5,0.011962388162501156,0.011962388162501156,0.0
TP,6,0.011974532408639788,0.011974532408639788,0.0
TP,7,0.011950784381479024,0.011950784381479024,0.0
TP,8,0.01200788008980453,0.01200788008980453,0.0
TP,9,0.012149000698700547,0.012149000698700547,0.0
TP,10,0.012114288453012705,0.012114288453012705,0.0
TP,11,0.012121426025405526,0.012121426025405526,0.0
TP,12,0.012188555700704455,0.012188555700704455,0.0
TP,13,0.012280047563835978,0.012280047563835978,0.0
TP,14,0.012367978226393461,0.012367978226393461,0.0
TP,15,0.01237256377004087,0.01237256377004087,0.0
TP,16,0.012116192011162638,0.012116192011162638,0.0
TP,17,0.012029829174280167,0.012029829174280167,0.0
TP,18,0.011988435927778483,0.011988435927778483,0.0
TP,19,0.011923986920155585,0.011923986920155585,0.0
TP,20,0.011933376272208989,0.011933376272208989,0.0
TP,21,0.012030609836801886,0.012030609836801886,0.0
TP,22,0.011984279439784586,0.011984279439784586,0.0
TP,23,0.01198529842775315,0.01198529842775315,0.0
TP,24,0.01197240104433149,0.01197240104433149,0.0
TP,25,0.012023918619379402,0.012023918619379402,0.0
TP,26,0.012010823264718055,0.012010823264718055,0.0
TP,27,0.012056891387328506,0.012056891387328506,0.0
TP,28,0.012040564315393567,0.012040564315393567,0.0
TP,29,0.012001228141598404,0.012001228141598404,0.0
TP,30,0.012069940236397087,0.012069940236397087,0.0
TP,31,0.01204600177705288,0.01204600177705288,0.0
TP,32,0.012035973658785224,0.012035973658785224,0.0
TP,33,0.012058040718548,0.012058040718548,0.0
TP,34,0.012078018607571721,0.012078018607571721,0.0
TP,35,0.012095594350248574,0.012095594350248574,0.0
TP,36,0.012079528379254044,0.012079528379254044,0.0
TP,37,0.011893746675923467,0.011893746675923467,0.0
TP,38,0.011809146725572645,0.011809146725572645,0.0
TP,39,0.011772044305689632,0.011772044305689632,0.0
TP,40,0.011814546207897365,0.011814546207897365,0.0
TP,41,0.01175191928166896,0.01175191928166896,0.0
TP,42,0.01174089577049017,0.01174089577049017,0.0
TP,43,0.011701997062191367,0.011701997062191367,0.0
TP,44,0.011715063918381929,0.011715063918381929,0.0
TP,45,0.011599359884858131,0.011599359884858131,0.0
TP,46,0.011537207392975687,0.011537207392975687,0.0
TP,47,0.011501988982781769,0.011501988982781769,0.0
TP,48,0.01150782368145883,0.01150782368145883,0.0
TP,49,0.011374019314534961,0.011374019314534961,0.0
TP,50,0.011378178610466421,0.011378178610466421,0.0
TP,51,0.011415582578629256,0.011415582578629256,0.0
TP,52,0.011374577018432318,0.011374577018432318,0.0
TP,53,0.011358829266391694,0.011358829266391694,0.0
TP,54,0.011383889624848962,0.011383889624848962,0.0
TP,55,0.011445038663223385,0.011445038663223385,0.0
TP,56,0.011441740915179252,0.011441740915179252,0.0
TP,57,0.011272308048792184,0.011272308048792184,0.0
TP,58,0.011328632393851876,0.011328632393851876,0.0
TP,59,0.011304563749581576,0.011304563749581576,0.0
TP,60,0.011432479876093566,0.011432479876093566,0.0
TP,61,0.011253610709682107,0.011253610709682107,0.0
TP,62,0.011235105609521269,0.011235105609521269,0.0
TP,63,0.011256857770495116,0.011256857770495116,0.0
TP,64,0.011134936199523509,0.011134936199523509,0.0
TP,65,0.011052791406400501,0.011052791406400501,0.0
TP,66,0.011091888728551567,0.011091888728551567,0.0
TP,67,0.010932990373112262,0.010932990373112262,0.0
TP,68,0.010944068697281182,0.010944068697281182,0.0
TP,69,0.0108902422292158,0.0108902422292158,0.0
TP,70,0.010841286736540496,0.010841286736540496,0.0
TP,71,0.010889788195490836,0.010889788195490836,0.0
TP,72,0.010933368685655295,0.010933368685655295,0.0
TP,73,0.010879532000981271,0.010879532000981271,0.0
TP,74,0.010729862349107862,0.010729862349107862,0.0
TP,75,0.010726578822359443,0.010726578822359443,0.0
TP,76,0.010702295955270528,0.010702295955270528,0.0
TP,77,0.010690512843430042,0.010690512843430042,0.0
TP,78,0.010748660014942289,0.010748660014942289,0.0
TP,79,0.01075832719914615,0.01075832719914615,0.0
TP,80,0.010708913393318652,0.010708913393318652,0.0
TP,81,0.010734097571112216,0.010734097571112216,0.0
TP,82,0.010721797123551369,0.010721797123551369,0.0
TP,83,0.0107276048976928,0.0107276048976928,0.0
TP,84,0.010726396897807718,0.010726396897807718,0.0
TP,85,0.01080715196672827,0.01080715196672827,0.0
TP,86,0.010731583898887039,0.010731583898887039,0.0
TP,87,0.01072230182122439,0.01072230182122439,0.0
TP,88,0.010715071368031204,0.010715071368031204,0.0
TP,89,0.010731180566363036,0.010731180566363036,0.0
TP,90,0.010704033779911698,0.010704033779911698,0.0
TP,91,0.010736386817879974,0.010736386817879974,0.0
TP,92,0.010500439992174506,0.010500439992174506,0.0
TP,93,0.010517549044452608,0.010517549044452608,0.0
TP,94,0.010488854344002903,0.010488854344002903,0.0
TP,95,0.010402716984972358,0.010402716984972358,0.0
TP,96,0.010430139685049654,0.010430139685049654,0.0
TP,97,0.010351810925640166,0.010351810925640166,0.0
TP,98,0.010411623329855502,0.010411623329855502,0.0
TP,99,0.010348639315925539,0.010348639315925539,0.0
TP,100,0.010347207798622549,0.010347207798622549,0.0
TP,101,0.010325424135662615,0.010325424135662615,0.0
TP,102,0.010318582858890295,0.010318582858890295,0.0
TP,103,0.010382829681038857,0.010382829681038857,0.0
TP,104,0.01040395637974143,0.01040395637974143,0.0
TP,105,0.010344254891388118,0.010344254891388118,0.0
TP,106,0.010234936545602978,0.010234936545602978,0.0
TP,107,0.010222726939246059,0.010222726939246059,0.0
TP,108,0.010185510674491525,0.010185510674491525,0.0
TP,109,0.01010817315429449,0.01010817315429449,0.0
TP,110,0.010049228603020311,0.010049228603020311,0.0
TP,111,0.010016804724000395,0.010016804724000395,0.0
TP,112,0.010058089126832783,0.010058089126832783,0.0
TP,113,0.01005155079998076,0.01005155079998076,0.0
TP,114,0.009897448727861047,0.009897448727861047,0.0
TP,115,0.009886208898387849,0.009886208898387849,0.0
TP,116,0.009920495231635868,0.009920495231635868,0.0
TP,117,0.00990722545888275,0.00990722545888275,0.0
TP,118,0.009906582403928041,0.009906582403928041,0.0
TP,119,0.009890878479927779,0.009890878479927779,0.0
TP,120,0.009897940261289477,0.009897940261289477,0.0
TP,121,0.009869879339821636,0.009869879339821636,0.0
TP,122,0.00984723111614585,0.00984723111614585,0.0
TP,123,0.009867081264965237,0.009867081264965237,0.0
TP,124,0.009896803898736834,0.009896803898736834,0.0
TP,125,0.00989566051401198,0.00989566051401198,0.0
TP,126,0.009840219249017537,0.009840219249017537,0.0
TP,127,0.009836771925911307,0.009836771925911307,0.0
TP,128,0.009791742661036551,0.009791742661036551,0.0
TP,129,0.009839688735082746,0.009839688735082746,0.0
TP,130,0.009856637502089143,0.009856637502089143,0.0
TP,131,0.009846798880025744,0.009846798880025744,0.0
TP,132,0.009789123409427702,0.009789123409427702,0.0
TP,133,0.009792925943620502,0.009792925943620502,0.0
TP,134,0.009754445538856089,0.009754445538856089,0.0
TP,135,0.009700361783616244,0.009700361783616244,0.0
TP,136,0.0097336587542668,0.0097336587542668,0.0
TP,137,0.00975222637411207,0.00975222637411207,0.0
TP,138,0.00968996646348387,0.00968996646348387,0.0
TP,139,0.009770241007208825,0.009770241007208825,0.0
TP,140,0.009782700976356863,0.009782700976356863,0.0
TP,141,0.009742475193925203,0.009742475193925203,0.0
TP,142,0.00969564327970147,0.00969564327970147,0.0
TP,143,0.009610728370025754,0.009610728370025754,0.0
TP,144,0.009525882354937494,0.009525882354937494,0.0
TP,145,0.009518807660788298,0.009518807660788298,0.0
TP,146,0.009529226729646324,0.009529226729646324,0.0
TP,147,0.00946149774827063,0.00946149774827063,0.0
TP,148,0.009387861466966569,0.009387861466966569,0.0
TP,149,0.009368353695608676,0.009368353695608676,0.0
TP,150,0.00932369904126972,0.00932369904126972,0.0
TP,151,0.009340729541145265,0.009340729541145265,0.0
TP,152,0.009352042926475406,0.009352042926475406,0.0
TP,153,0.009264441141858697,0.009264441141858697,0.0
TP,154,0.009255135040730238,0.009255135040730238,0.0
TP,155,0.009296211898326873,0.009296211898326873,0.0
TP,156,0.009226106726564466,0.009226106726564466,0.0
TP,157,0.009274551500566304,0.009274551500566304,0.0
TP,158,0.009243268710561097,0.009243268710561097,0.0
TP,159,0.009232961307279765,0.009232961307279765,0.0
TP,160,0.009269722844474018,0.009269722844474018,0.0
TP,161,0.009289753949269652,0.009289753949269652,0.0
TP,162,0.009245543708093464,0.009245543708093464,0.0
TP,163,0.009203384183347225,0.009203384183347225,0.0
TP,164,0.009252885510213672,0.009252885510213672,0.0
TP,165,0.009328817841596901,0.009328817841596901,0.0
TP,166,0.009342185384593905,0.009342185384593905,0.0
TP,167,0.00934365059249103,0.00934365059249103,0.0
TP,168,0.009326599584892393,0.009326599584892393,0.0
TP,169,0.00926859825849533,0.00926859825849533,0.0
TP,170,0.009229379277676343,0.009229379277676343,0.0
TP,171,0.009232064276002348,0.009232064276002348,0.0
TP,172,0.009138804171234369,0.009138804171234369,0.0
TP,173,0.00915491558611393,0.00915491558611393,0.0
TP,174,0.009186694328673185,0.009186694328673185,0.0
TP,175,0.009217511247843504,0.009217511247843504,0.0
TP,176,0.00922940528485924,0.00922940528485924,0.0
TP,177,0.00922137826681137,0.00922137826681137,0.0
TP,178,0.009259608145803212,0.009259608145803212,0.0
TP,179,0.009234509957022964,0.009234509957022964,0.0
TP,180,0.009164494504220784,0.009164494504220784,0.0
TP,181,0.00924986151047051,0.00924986151047051,0.0
TP,182,0.009250688818283379,0.009250688818283379,0.0
TP,183,0.009168708375655114,0.009168708375655114,0.0
TP,184,0.009128655935637654,0.009128655935637654,0.0
TP,185,0.009148125890642405,0.009148125890642405,0.0
TP,186,0.009183610025793314,0.009183610025793314,0.0
TP,187,0.009186676018871368,0.009186676018871368,0.0
TP,188,0.009208465237170458,0.009208465237170458,0.0
TP,189,0.009120800322853029,0.009120800322853029,0.0
TP,190,0.009081403780728579,0.009081403780728579,0.0
TP,191,0.009143368336372077,0.009143368336372077,0.0
TP,192,0.009146545468829571,0.009146545468829571,0.0
TP,193,0.009149913736619055,0.009149913736619055,0.0
TP,194,0.009116597631946206,0.009116597631946206,0.0
TP,195,0.009126512482762337,0.009126512482762337,0.0
TP,196,0.009185252469033003,0.009185252469033003,0.0
TP,197,0.009163396842777729,0.009163396842777729,0.0
TP,198,0.009120355793274939,0.009120355793274939,0.0
TP,199,0.009058169433847069,0.009058169433847069,0.0
TP,200,0.00905846043024212,0.00905846043024212,0.0
TP,201,0.008958171172998845,0.008958171172998845,0.0
TP,202,0.008934126440435649,0.008934126440435649,0.0
TP,203,0.008996134190820158,0.008996134190820158,0.0
TP,204,0.008981426958926023,0.008981426958926023,0.0
TP,205,0.008948440933600067,0.008948440933600067,0.0
TP,206,0.008904169443994761,0.008904169443994761,0.0
TP,207,0.008906540982425213,0.008906540982425213,0.0
TP,208,0.008886385783553124,0.008886385783553124,0.0
TP,209,0.008871397539041936,0.008871397539041936,0.0
TP,210,0.0088441212894395,0.0088441212894395,0.0
TP,211,0.008856367757543922,0.008856367757543922,0.0
TP,212,0.008817546595819294,0.008817546595819294,0.0
TP,213,0.008822657093405724,0.008822657093405724,0.0
TP,214,0.008759419098496438,0.008759419098496438,0.0
TP,215,0.0088288206839934,0.0088288206839934,0.0
TP,216,0.008802016493864357,0.008802016493864357,0.0
TP,217,0.008749983492307364,0.008749983492307364,0.0
TP,218,0.008699441142380238,0.008699441142380238,0.0
TP,219,0.00868067312054336,0.00868067312054336,0.0
TP,220,0.00879809624981135,0.00879809624981135,0.0
TP,221,0.008865376813337206,0.008865376813337206,0.0
TP,222,0.008890329278074205,0.008890329278074205,0.0
TP,223,0.00890839031431824,0.00890839031431824,0.0
TP,224,0.008943544272333383,0.008943544272333383,0.0
TP,225,0.008910659486427903,0.008910659486427903,0.0
TP,226,0.008842921634204685,0.008842921634204685,0.0
TP,227,0.008822992136701941,0.008822992136701941,0.0
TP,228,0.008837607763707638,0.008837607763707638,0.0
TP,229,0.00886728155426681,0.00886728155426681,0.0
TP,230,0.00881883401889354,0.00881883401889354,0.0
TP,231,0.008814834859222173,0.008814834859222173,0.0
TP,232,0.008835671679116785,0.008835671679116785,0.0
TP,233,0.008856435227207839,0.008856435227207839,0.0
TP,234,0.008910467447713018,0.008910467447713018,0.0
TP,235,0.0088620759639889,0.0088620759639889,0.0
TP,236,0.008831219556741416,0.008831219556741416,0.0
TP,237,0.0088222398981452,0.0088222398981452,0.0
TP,238,0.008737903083674609,0.008737903083674609,0.0
TP,239,0.008683527647517621,0.008683527647517621,0.0
TP,240,0.00873249293770641,0.00873249293770641,0.0
TP,241,0.008768283352255822,0.008768283352255822,0.0
TP,242,0.00881625474896282,0.00881625474896282,0.0
TP,243,0.008867576862685382,0.008867576862685382,0.0
TP,244,0.008875116854906082,0.008875116854906082,0.0
TP,245,0.008870834321714937,0.008870834321714937,0.0
TP,246,0.008846910721622407,0.008846910721622407,0.0
TP,247,0.008756822207942605,0.008756822207942605,0.0
TP,248,0.008758234162814914,0.008758234162814914,0.0
TP,249,0.008916869442909956,0.008916869442909956,0.0
TP,250,0.009357423214241862,0.009357423214241862,0.0
TP,251,0.009692120072431863,0.009692120072431863,0.0
TP,252,0.01038804299198091,0.01038804299198091,0.0
TP,253,0.010892960811033844,0.010892960811033844,0.0
TP,254,0.011161542464978993,0.011161542464978993,0.0
TP,255,0.01202166207600385,0.01202166207600385,0.0
TP,256,0.012918145558796824,0.012918145558796824,0.0
