PC1,PC2,PC3,PC4,PC5,PC6,PC7,PC8,PC9,PC10,target,example_id,confusion_category,pred_label
-5.814452,-1.106805,-0.041672416,-0.1586825,0.5835371,0.16763213,-0.2505139,0.14936084,0.0035679764,-0.15998058,0,chr1:208268555:body_of_pancreas:0,TN,0
-5.767694,-0.8222092,-0.09312682,-0.2403399,1.1232996,-0.05376833,0.07164856,-0.024379779,-0.25450936,-0.3826851,0,chr10:100267607:transverse_colon:0,TN,0
-4.1739807,0.98070025,0.46797767,-0.34816906,-0.067505285,-0.7926299,-0.09191126,0.0010524889,-0.27011666,-0.33702868,0,chr15:85840427:sigmoid_colon:0,TN,0
7.3283744,-0.30518532,-0.3991083,0.22839263,0.17116342,0.45957723,0.49323964,0.029948482,0.5729814,-0.55047953,0,chr20:53943966:thoracic_aorta:0,FP,1
-3.2690609,0.628964,1.1677697,-0.2594657,0.99328524,-0.72326964,0.88333803,0.2671767,0.08831425,0.109449744,1,chr2:46699152:prostate_gland:0,FN,0
-3.7843826,-0.1343864,0.7844435,-0.63339293,-0.3197262,-0.5962875,-0.5614878,-0.3016461,0.4437087,0.0065923627,0,chr5:150847159:prostate_gland:0,TN,0
7.6782727,-0.054044988,-1.3374679,-1.2410526,0.33302423,-0.26623946,-0.043377515,-0.31973726,-0.4576099,0.013244837,1,chr2:86221296:thoracic_aorta:0,TP,1
-1.1323315,-0.16519794,2.272559,0.40075076,-0.08494078,-1.7090796,0.13636118,-0.24409616,0.46401995,0.16661178,1,chr9:33447548:prostate_gland:0,FN,0
-3.7982001,1.5342537,0.46712518,-0.2562005,0.31561634,-0.7067753,0.24017231,-1.0315852,-0.08350623,0.7795865,0,chr7:100950296:Peyers_patch:0,TN,0
6.448331,-0.9087175,0.4961817,0.22143343,-0.5263207,-0.16373774,-0.21121225,0.0920682,-0.44949508,-0.26991603,1,chr8:41651698:testis:0,TP,1
-1.2784362,0.4691212,0.24798754,-0.7585319,-0.13656256,1.2667661,-0.7532038,0.59873194,1.0194019,0.04393882,0,chr1:239067551:body_of_pancreas:0,TN,0
-4.219574,1.0889385,-0.741069,0.19983564,-0.17779271,-0.19088972,0.25018966,0.12811054,0.65002006,-0.7552853,1,chr1:146376989:lower_leg_skin:0,FN,0
6.578676,0.663738,-2.667114,-0.42457697,1.2749281,-0.54131275,-0.09274852,0.9981192,-0.54493207,0.6380359,1,chr8:44636977:gastrocnemius_medialis:0,TP,1
-3.3857615,1.2701887,-0.93950295,-0.72809535,-1.2145642,-0.4458457,-0.060849506,-0.14193289,-0.38290465,-0.54809517,0,chr22:50533646:body_of_pancreas:0,TN,0
7.3058267,1.8732063,-0.31684858,0.24922135,-0.32634404,1.5598277,0.18115623,1.0290779,-0.79182655,-1.0498174,1,chr2:8910313:body_of_pancreas:0,TP,1
-4.600794,-0.473975,0.6697836,0.103971064,-0.3348069,-0.2009508,0.17098466,-0.0863415,-0.08431261,0.13658948,1,chr6:44627517:body_of_pancreas:0,FN,0
-3.9953606,0.092840485,0.59886515,-0.40573287,0.27750227,-0.35516545,0.5508763,0.7126228,-0.058981482,-0.09249408,1,chr6:157274469:tibial_nerve:0,FN,0
-1.5598195,0.2459897,-0.13439658,0.55788255,-0.14841674,-0.67394584,-0.64305604,0.9480353,1.7827971,0.73275346,0,chr2:130144620:spleen:0,TN,0
-5.970052,-0.23081145,-0.3001548,0.24538128,-0.08966053,-0.44857493,-0.074972525,-0.17184362,-0.33229303,0.12662955,0,chr20:59515611:transverse_colon:0,TN,0
5.345669,0.01726303,1.919071,-0.37487862,-0.1866287,0.63552153,-0.36859202,-0.4092504,-0.3735513,0.43199483,0,chr15:63000361:body_of_pancreas:0,FP,1
-5.865696,-0.82763344,0.14074841,-0.16022645,0.7600777,-0.41742292,0.5515922,0.12170327,0.006504844,-0.19045787,0,chr7:150323436:spleen:0,TN,0
-3.8872888,1.0143653,-0.10483411,-0.5180854,-0.2990387,0.15223789,0.17342623,-0.5009438,-0.48190877,0.5330837,1,chr6:131199853:adrenal_gland:0,FN,0
7.3806596,-0.75112605,0.119320676,0.19281289,0.18039325,-0.2398265,0.28629157,-0.19291982,0.45543015,-0.48323116,1,chr17:45585364:esophagus_muscularis_mucosa:0,TP,1
-4.749518,0.8789966,-0.64338905,-0.38041726,-0.33278212,0.28418317,-0.26017138,-0.64525443,-0.33065227,-0.12791906,1,chr9:127348292:gastroesophageal_sphincter:0,FN,0
-4.172146,0.7894705,0.36507,-0.20536375,0.0669299,-0.07201146,-0.11710424,-0.2712059,-0.21095124,-0.05603191,0,chr21:43723793:body_of_pancreas:0,TN,0
0.14279523,0.42760518,2.75092,0.3991656,1.1758044,-1.1721258,1.1738057,0.5748701,0.7393114,0.096061595,0,chr6:138988030:esophagus_squamous_epithelium:0,TN,0
7.746776,0.6769426,-2.214588,-0.58485925,1.2267797,-0.43237978,0.36923057,0.39044693,-0.52163225,0.4285165,1,chr17:22909996:testis:0,TP,1
-4.4126124,1.1651736,-0.42458835,-0.009698164,-0.37453294,-0.30125862,-0.40709785,-0.60028577,0.1045277,0.007826805,1,chr18:56728983:transverse_colon:0,FN,0
7.170501,-0.82705057,-0.6996447,0.3233404,0.21398082,0.10288374,0.35383144,-0.59704,0.43701604,-0.7003697,1,chr11:29644415:prostate_gland:0,TP,1
6.0237513,0.4054053,-0.54513466,-0.51498747,-0.9885772,0.33551276,-0.88251674,0.8282314,-0.07693984,0.17695814,0,chr6:11013986:body_of_pancreas:0,FP,1
6.8780456,-0.49272695,0.2873592,0.15433484,-0.37679183,0.10280289,0.20453231,0.0441627,0.3452639,0.18200904,1,chr7:100949214:Peyers_patch:0,TP,1
-4.075638,1.1284119,0.7379191,0.2321375,0.40828958,-0.9851141,0.24242225,-0.022877539,0.103749126,-0.07827518,0,chr15:63122523:gastrocnemius_medialis:0,TN,0
0.053678375,1.2358389,-0.9419779,0.6029731,0.56654155,-0.30565378,-0.58955026,1.3650538,0.014976291,-0.52122086,0,chr1:19659758:tibial_nerve:0,TN,0
6.245462,-1.0232992,0.09091343,0.65059066,-0.20926422,-0.4865843,0.34004733,-0.83487123,1.0512135,-0.030366536,1,chr11:46305551:body_of_pancreas:0,TP,1
-4.4119215,0.9225782,0.23518464,-0.66039884,0.22226076,-0.44591165,-0.18708389,-0.5006967,0.22207688,-0.14461009,1,chr5:759207:body_of_pancreas:0,FN,0
-4.2989974,0.31169116,0.22483423,-0.40731162,-0.4582925,-0.5118471,-0.5259829,-0.06288731,0.01969761,-0.3200043,0,chr7:100217197:tibial_artery:0,TN,0
-5.2186365,-0.9603577,-0.6856758,0.23520844,-0.35437462,1.0503571,0.722946,0.3107584,0.5950863,0.07065211,0,chr9:105609267:thoracic_aorta:0,TN,0
-4.276155,1.2641315,-0.66733116,0.10789339,-0.48883405,0.2884608,0.17342365,-0.46723443,0.06980321,-0.12947771,0,chr3:64325309:thoracic_aorta:0,TN,0
3.3642004,-0.6002208,1.8636931,0.51474303,-0.10001615,-1.2384503,-0.5525855,-0.14716983,0.051376965,1.0984828,0,chr17:4639421:upper_lobe_of_left_lung:0,FP,1
-0.50903463,0.1011427,1.0862908,-0.051291596,1.4599602,0.6064176,-1.6915373,-0.21422505,-0.1145188,0.095231526,0,chr14:34228362:thoracic_aorta:0,TN,0
4.58837,-1.0094589,-1.3373051,-0.06735871,-0.15626405,-0.5948649,-0.17302266,-0.013997523,0.93846357,-0.3813556,1,chr7:73725711:suprapubic_skin:0,TP,1
-3.4772778,1.0906149,0.8034203,-0.030833144,-0.17862703,-0.6439374,-0.23233297,-0.3464524,0.24494573,0.33865353,0,chr3:9862475:body_of_pancreas:0,TN,0
-4.5980935,-1.5530394,0.62204653,-0.13081004,-0.096520536,0.9978471,0.51297843,1.112568,-0.6818797,0.1392796,0,chr1:225816669:transverse_colon:0,TN,0
5.211406,0.24382597,1.5736182,-1.1469697,-0.9888928,0.34764045,-0.32207137,0.5991223,-0.3165006,0.7755501,0,chr2:46818510:body_of_pancreas:0,FP,1
-3.8176754,-0.19938415,-0.012159971,-0.7921129,0.89700794,0.7717732,-0.0966736,-0.1875117,0.30046383,-0.0802794,0,chr6:2448888:adrenal_gland:0,TN,0
-6.443979,-0.53943044,-0.6756938,0.15784653,0.2341988,0.06735754,0.18151669,-0.43518117,-0.03667622,-0.053621408,0,chr12:21437622:tibial_artery:0,TN,0
-0.9218544,-0.4473316,1.6767467,1.0780079,-0.6115404,-0.8644915,1.4642888,0.6311978,0.8467109,0.37073356,0,chr6:31356771:prostate_gland:0,TN,0
7.7336206,0.13661273,-0.6440172,0.385385,-0.033551726,0.61893153,0.5176687,0.04778218,0.15333672,-0.30273172,1,chr5:123274158:body_of_pancreas:0,TP,1
-4.7889895,0.93925625,0.16184081,0.015680412,0.36209917,-0.7549498,0.47716382,0.0701845,0.038617466,-0.06052007,1,chr17:49764139:body_of_pancreas:0,FN,0
6.558456,-1.1412609,0.26930696,-0.10510266,-0.3724532,0.06315212,0.17523107,-0.5514524,-0.5533311,-0.32790664,1,chr12:121918386:transverse_colon:0,TP,1
-2.4636533,1.7271091,0.40666437,0.10002226,-0.39577624,-0.45471424,0.0093611665,0.2833955,0.61511284,-0.36182612,0,chr9:133565456:testis:0,TN,0
-3.7629993,-0.70470726,1.5671531,0.1997633,1.4244772,-0.6262198,0.16353355,0.16979536,0.32524383,-0.0780789,0,chr1:100249897:lower_leg_skin:0,TN,0
-2.0847473,1.3362633,0.6011279,-0.09502535,1.1540897,0.2582046,0.06393806,0.021899773,0.63166726,-0.16826667,0,chr7:26377045:sigmoid_colon:0,TN,0
7.728796,-0.115472406,-0.44856986,0.6474299,0.4337486,0.23365837,0.45398715,-0.22232017,0.22979523,-0.2648969,1,chr2:196068383:spleen:0,TP,1
7.1373334,-0.6557431,0.01752272,0.5213111,0.30204183,0.0017960257,0.6026457,-0.4384728,0.56702864,-0.31832486,1,chr3:165196968:body_of_pancreas:0,TP,1
-7.2947693,-2.1265953,-0.12752315,0.39811784,0.9407125,-0.19116198,0.03932185,-0.07996903,-0.23006825,0.11726277,0,chr6:29942249:spleen:0,TN,0
-5.2456098,0.56385064,-0.5237737,-0.27152103,-0.14900059,-0.4971163,-0.099127345,-0.72597873,0.22261196,-0.20877862,0,chr19:48152501:omental_fat_pad:0,TN,0
7.1727557,-0.63459146,0.8055477,0.4020705,-0.04202379,-0.093830556,0.28924444,-0.17445068,0.11492112,-0.4523845,1,chr9:42852316:suprapubic_skin:0,TP,1
-4.8171697,0.79122907,-0.10261714,-0.39105952,0.025748858,-0.24288806,0.032272127,-0.16247731,0.2461566,-0.7121929,1,chr1:29230711:body_of_pancreas:0,FN,0
-2.5614703,0.9221348,1.0773674,-0.27392715,0.92499286,-0.112119034,-0.4285355,0.015619251,0.28453395,0.45768327,0,chr19:7637688:body_of_pancreas:0,TN,0
-5.967265,-1.8893609,-0.24886967,1.4407595,-0.5680217,-0.064042374,0.4270459,0.33590156,-0.95751315,-0.2949339,0,chr16:85056622:adrenal_gland:0,TN,0
5.362236,-2.3516,0.28825122,-0.19335775,-0.39302814,-0.69023556,0.16084848,-0.65256053,0.097650014,-0.0099391015,1,chr3:75785357:upper_lobe_of_left_lung:0,TP,1
-5.103094,0.56929255,-0.21957451,-0.44219863,0.31967485,-0.5415978,-0.035275165,-0.36230415,-0.17958309,-0.6993596,0,chr7:5487175:body_of_pancreas:0,TN,0
6.8611774,-0.9840329,0.33127216,-0.71147984,-0.51769996,-0.16058016,-0.078893594,-0.29214418,-0.27824265,-0.19582507,1,chr7:142771759:body_of_pancreas:0,TP,1
-3.009412,0.8144714,0.43927968,-0.5041529,-0.11084546,0.46872833,-0.059255768,-0.4421151,-0.44528404,0.8334734,1,chr6:131199853:Peyers_patch:0,FN,0
-4.5490875,0.38156646,-0.17980538,-0.591684,0.34918368,0.44225058,-0.6294313,-0.67693204,0.04009771,-0.13381268,1,chr12:8058040:tibial_nerve:0,FN,0
-5.922498,-2.323719,-0.25956938,0.16605416,-0.83940256,0.5212224,0.1126083,0.6071826,-0.2884587,0.39023077,1,chr6:32967583:body_of_pancreas:0,FN,0
-5.4385533,0.1484348,-0.6414987,0.008735546,-0.3842307,0.18978252,-0.0619125,-0.56119514,-0.13207951,0.134871,0,chr6:32622665:body_of_pancreas:0,TN,0
-6.0201573,-0.36094874,-0.87905455,-0.042457364,0.08377954,0.42824274,0.019259034,-0.21011262,-0.089471534,-0.34868506,0,chr5:75681235:upper_lobe_of_left_lung:0,TN,0
-4.2090178,-0.725664,0.07155724,-0.5936432,0.61471415,0.81085825,0.37497997,0.31689993,-0.08731141,-0.04862282,0,chr13:108155918:adrenal_gland:0,TN,0
6.425299,-0.73456573,0.10688451,-0.49389035,-0.3301667,-0.28881156,-0.7443198,-0.109152526,-0.14481546,0.54390055,1,chr5:149431239:upper_lobe_of_left_lung:0,TP,1
-5.206019,-0.5919428,0.05612075,-0.2650271,0.3322874,0.3497027,0.25314555,0.06296217,-0.41579214,0.1958776,0,chr17:74791544:spleen:0,TN,0
-4.662774,0.55521446,-0.3050338,-0.61116457,-0.07574261,0.24261701,-0.35591564,-0.43077216,-0.20041187,-0.07392508,1,chr9:127348292:Peyers_patch:0,FN,0
-4.5030713,-0.20766985,-0.28364006,-0.88772047,-0.80765736,0.7993585,0.22858296,0.25003386,-0.13617963,0.156871,0,chr10:1227900:thoracic_aorta:0,TN,0
6.3477025,-1.3128594,-0.3234217,-1.0872419,0.09945479,0.030827057,-0.17222868,0.01505176,-0.032582175,-0.065766,1,chr11:60251676:spleen:0,TP,1
-5.432507,0.05499893,-0.45112565,-0.35108972,0.047618482,0.32759815,0.005561987,-0.6367058,0.18241197,0.00663977,0,chr1:51769068:tibial_artery:0,TN,0
-1.834117,1.607105,1.1357825,-0.28189817,0.7447506,-0.4787313,0.46137947,0.17825462,0.64690375,-0.75561136,0,chr15:34210265:tibial_nerve:0,TN,0
6.3660116,-1.5830072,-0.17923817,-0.40198416,-0.012603402,-0.13440593,-0.23248713,-0.4223051,-0.00532101,-0.2882189,1,chr9:42974893:transverse_colon:0,TP,1
-6.472603,-1.2872888,-0.96724135,1.0036182,-0.2742325,0.5934896,0.11934871,0.0014651498,0.43702483,0.076859824,0,chr2:171054379:body_of_pancreas:0,TN,0
-2.282178,-0.16216837,1.1316186,-0.6944266,1.6833533,-0.31074893,0.2725861,0.24985194,0.042197376,-0.16453427,1,chr5:181184339:prostate_gland:0,FN,0
7.5800924,-0.5194073,-0.9405123,-0.42454177,0.48099837,-0.25127766,-0.025387082,-0.1272464,0.2719785,0.24739966,1,chr6:31374359:spleen:0,TP,1
-0.2956985,1.1920621,-1.0513494,1.0703981,-0.60969406,-0.41979456,-1.0397056,0.09998184,0.7194143,0.8371871,0,chr12:21313572:upper_lobe_of_left_lung:0,TN,0
-5.2360606,-0.24482037,0.37471876,-0.45860752,0.071301766,-0.007009175,-0.08315087,-0.07989665,-0.63401884,0.07916866,0,chr10:77620178:thoracic_aorta:0,TN,0
6.7270994,0.033137575,0.6743175,1.2095941,0.57409,0.7925486,-0.53153694,0.07481226,-0.66693044,-0.039493375,1,chr19:47436804:sigmoid_colon:0,TP,1
-4.8331237,0.02266182,0.054518063,-0.3472936,1.0779616,-0.3094892,-0.26755324,-0.10302079,-0.13936582,-0.70147544,0,chr5:109409450:transverse_colon:0,TN,0
4.319558,1.2675897,-0.9280625,1.2728633,0.779695,0.37128568,-0.66463387,-0.22529998,0.2996024,1.0199765,0,chr12:14454207:adrenal_gland:0,FP,1
-0.718683,0.18905866,1.3654625,-1.5842636,-0.37135348,0.96370786,-0.39777163,-0.09970797,0.03348129,1.1172808,0,chr22:26483000:body_of_pancreas:0,TN,0
-1.8080442,0.47440305,0.54408,-1.0373532,0.8193268,1.1789216,-0.11872207,-0.32219878,0.0004502846,0.24867138,0,chr4:10582403:Peyers_patch:0,TN,0
-5.1985683,0.18232815,-0.6005746,0.010799469,-0.7944102,-0.37232116,-0.47505713,0.14079769,0.45282206,-0.1970639,0,chr2:161273349:adrenal_gland:0,TN,0
-3.1008084,0.64167523,0.40171212,-0.7305079,0.13406217,0.48567283,-0.51669306,0.099166855,0.3304797,-0.49415904,1,chr4:77240591:gastroesophageal_sphincter:0,FN,0
6.6475606,-1.4010423,-0.45644817,-0.4306353,0.13842827,-0.23161206,-0.070056856,-0.15962102,0.5256478,-0.086112134,1,chr17:43360096:transverse_colon:0,TP,1
-4.6717577,0.64379656,0.34520808,-0.26798114,0.36347958,-0.5348338,0.25858727,-0.13120161,-0.12377144,-0.17852616,0,chr16:70801195:esophagus_muscularis_mucosa:0,TN,0
4.3574696,0.81400454,1.0998133,0.49365723,0.39812842,1.233228,-1.0457454,-0.08609453,-0.006527387,0.32298878,1,chr2:111313881:body_of_pancreas:0,TP,1
-1.2182533,1.3106023,0.29103917,-0.6744296,0.8622338,0.86231494,0.10552969,-0.43403798,-0.16515781,-0.41886684,1,chr4:119212065:upper_lobe_of_left_lung:0,FN,0
7.249734,0.1856088,-2.0723522,-0.86393726,0.87327623,-0.5270041,0.15773419,0.51328886,0.01336196,0.5540098,1,chr17:22856764:sigmoid_colon:0,TP,1
-0.49589452,1.5784876,0.6840678,0.09768231,-0.34308115,2.1031528,-0.17925121,-0.4213835,-0.44725212,-0.40106994,0,chr18:46481136:Peyers_patch:0,TN,0
-5.159634,-1.2161866,0.78509074,-0.15072589,0.3396883,-0.6612889,-0.025902256,0.70282775,0.3153899,-0.49071878,1,chr15:40906278:transverse_colon:0,FN,0
-4.6806746,0.19448811,0.5172221,-0.3750812,0.34278983,-0.5449276,0.5989154,0.29516128,-0.13278688,0.2953895,0,chr4:2764553:thoracic_aorta:0,TN,0
-4.4165998,1.0873998,0.020679655,-0.108157836,0.24447995,-0.050144356,0.31375563,-0.7451314,0.69603235,0.47712523,0,chr1:220775349:transverse_colon:0,TN,0
-5.760145,-0.25496885,-0.16297604,0.1498896,0.26420084,-0.7131393,-0.03240711,0.07674619,0.08613388,-0.44833243,0,chr8:123042465:testis:0,TN,0
6.786552,-1.2589071,0.18957214,0.061110187,0.10419697,-0.4634726,0.23638727,-0.22931306,0.8714532,-0.46062008,1,chr17:45585364:body_of_pancreas:0,TP,1
6.643676,-1.0539714,-0.41376966,-0.40048358,-0.20929039,-0.3855658,0.10932524,-0.0005193669,0.017637795,-0.29538983,1,chr19:4352840:upper_lobe_of_left_lung:0,TP,1
6.254069,-0.79979146,0.97706896,0.72860575,-0.25940865,-0.0697975,-0.24032098,-0.7149486,-0.5682036,0.11003209,1,chr19:45678133:adrenal_gland:0,TP,1
5.569638,-1.5052531,0.35412294,-0.6103259,-0.45549414,0.21522844,-0.38695183,0.2597362,-0.16760457,-0.13365805,0,chr6:32967583:gastrocnemius_medialis:0,FP,1
-6.8562255,-1.2521226,-0.58609605,0.17296185,0.26860416,0.14275685,0.4067378,-0.025854692,-0.22666675,-0.06161209,0,chr16:87950990:body_of_pancreas:0,TN,0
2.0841699,0.8623484,0.8692983,0.098704986,-0.4664763,1.617343,1.039634,0.28765544,-0.4829095,0.20110469,0,chr19:22302101:esophagus_squamous_epithelium:0,FP,1
-4.166922,0.69187814,-0.07595911,-0.77145034,-0.9551294,-0.40042475,0.05237355,0.53720146,-0.22284402,-0.16109805,1,chr7:5085799:spleen:0,FN,0
6.6226497,-1.3639059,-0.19393118,-0.30424392,0.067239575,-0.047927935,-0.24057981,-0.47533217,-0.16257839,-0.33238474,1,chr9:42974893:tibial_nerve:0,TP,1
-3.4096496,1.1703588,0.9167153,-0.46713147,0.6486563,-0.84517235,0.47193542,0.076885976,0.2713425,0.044109195,1,chr11:32892862:upper_lobe_of_left_lung:0,FN,0
-6.536618,-1.0588398,-0.62407446,0.38078573,-0.3056898,0.35373288,0.16767895,0.27520794,-0.22368017,0.05356201,0,chr10:69743429:testis:0,TN,0
8.754404,0.6660779,-1.0036405,-0.22944805,0.54845273,-0.032104127,0.23850688,-0.2766054,-0.2520959,-0.13410768,1,chr3:75785547:gastrocnemius_medialis:0,TP,1
-4.422822,0.13155253,-0.70296067,0.14292374,-0.6127864,-0.18114202,0.36483496,0.10769015,0.30375314,0.31865934,0,chr1:201704952:spleen:0,TN,0
6.717673,-1.1985557,-0.018987572,-0.84371775,-0.30387786,-0.36610216,-0.01057739,-0.29887542,0.013209368,-0.08922991,1,chr17:879808:tibial_artery:0,TP,1
-4.452609,0.66877997,-0.9298638,-0.20245959,-0.643777,0.8691609,0.10427475,0.027865915,-0.48158574,-0.2954267,0,chr3:177592618:thoracic_aorta:0,TN,0
-4.313154,1.5161345,-0.5517212,-0.55612767,-0.34053507,0.042595897,-0.13838384,-0.99570656,0.6374616,-0.30475453,1,chr15:82365725:suprapubic_skin:0,FN,0
-6.1426287,-0.6044135,0.24109815,0.33844632,0.7163627,-0.9167471,0.32850027,-0.16228077,-0.25403398,0.2875173,0,chr8:94640757:transverse_colon:0,TN,0
0.30569798,0.23706637,2.9762015,-0.43365386,0.10045196,-1.2942948,0.08835017,0.0510367,-0.68361425,-0.18310244,1,chr22:49724957:upper_lobe_of_left_lung:0,FN,0
-3.7694004,1.1005645,0.43146262,-0.04994038,-0.16143468,-0.8557539,-0.5261346,-0.7817186,-0.10326457,0.24401304,0,chr22:23289163:upper_lobe_of_left_lung:0,TN,0
6.419672,-0.98264384,-0.4658522,-1.0173874,-0.24173534,-0.0843201,-0.0056064827,0.363969,0.2505138,-0.23604354,1,chr12:11071467:body_of_pancreas:0,TP,1
4.216352,0.82989997,2.3992374,0.6144361,-0.10270463,0.24992687,-0.12689023,-0.19569828,-0.30757242,0.08889246,1,chr6:169655219:tibial_nerve:0,TP,1
-0.9518421,0.32356504,0.9114624,0.83500266,-0.92449015,-0.45230445,1.4552706,0.079983555,-0.9693696,0.63475907,0,chr19:41706904:upper_lobe_of_left_lung:0,TN,0
-4.8893456,0.36852705,-0.39024532,0.11858477,0.095427215,-0.07978519,-0.6643552,0.024967188,0.7305028,-0.9142409,1,chr19:49085162:gastroesophageal_sphincter:0,FN,0
6.33039,1.880244,0.91078436,0.3996363,-0.102399826,0.48937792,2.1414158,0.007973611,-1.2363291,-0.10503499,0,chr16:2661012:tibial_nerve:0,FP,1
5.6658235,-0.7568799,0.46912858,-0.1672459,-0.7651273,-0.6520861,0.12288738,0.5637658,0.35918096,-0.15464325,0,chr6:16409816:esophagus_squamous_epithelium:0,FP,1
-5.4230323,-0.78415847,-0.3973129,-0.109639175,-0.089040905,0.92302954,0.15893619,0.0805622,-0.34850314,0.46879357,0,chr6:154371294:thoracic_aorta:0,TN,0
-3.980187,0.6114845,0.8324382,-0.19150828,0.96253765,-0.589112,0.61597985,0.06355807,0.112928316,0.07243243,0,chr17:37489615:gastroesophageal_sphincter:0,TN,0
4.315534,-0.27535567,1.6343217,-1.1007138,-0.8941171,0.3466911,-0.45978722,0.202372,-0.1915007,0.19226432,1,chr5:149431239:spleen:0,TP,1
2.9578629,0.07976469,2.090665,0.25307125,-0.8824758,-0.18255123,1.1578406,0.70205444,0.88630176,0.4183994,1,chr12:1922226:body_of_pancreas:0,TP,1
-1.7024087,-1.8003834,1.8582617,-0.45911083,0.17254561,-0.51335377,0.1440695,0.6389656,-0.37997568,0.45767495,0,chr22:11703827:prostate_gland:0,TN,0
-3.9103203,0.85502493,-1.126085,0.053771723,-1.0300988,-1.2503701,-0.11743892,0.11030893,0.35510272,-0.108045146,0,chr3:58305852:sigmoid_colon:0,TN,0
5.963239,-1.2643491,0.6471661,0.1806315,-0.62221456,-0.4602389,-0.45072663,-0.95604265,-0.6742622,0.028160341,1,chr21:42863253:Peyers_patch:0,TP,1
4.7636724,4.0345135,0.33631098,-0.34794503,-0.6069249,0.8794195,3.0315742,0.41668215,-0.12667389,1.3523507,1,chr12:104294234:transverse_colon:0,FN,0
-5.2710123,0.0024397378,-0.52815336,-0.37688738,0.32542136,0.4327158,-0.08340482,-0.38966313,-0.25851017,0.18380857,0,chr18:3595766:Peyers_patch:0,TN,0
6.286839,1.6089215,-2.6471136,-1.8208389,0.9154058,-0.70362633,0.14935926,0.40498033,-0.61059684,0.82514834,1,chr8:44636977:sigmoid_colon:0,TP,1
6.5421157,-0.810252,0.38183078,0.28030765,-0.5664432,-0.051050566,0.13012107,0.08377883,0.28179204,0.023838988,1,chr19:21585701:body_of_pancreas:0,TP,1
-7.089364,-1.4861715,-0.908283,0.59783936,-0.16057652,0.09363674,-0.09828402,0.022667104,-0.055817008,-0.42691532,1,chr14:25132674:body_of_pancreas:0,FN,0
-6.902454,-1.1370738,-0.48563212,0.3177144,0.24668886,-0.1880697,-0.056374136,-0.18693377,-0.09007594,-0.06302381,0,chr1:165592941:suprapubic_skin:0,TN,0
5.7434945,-0.1182471,0.41511104,-0.46338576,-0.2892968,-0.030820753,-1.0710208,1.1509503,0.30948785,0.079006255,1,chr8:18872306:body_of_pancreas:0,TP,1
4.8741436,-1.4207017,-1.2455637,1.5894407,0.5510132,0.17897262,-0.5189329,0.39256176,-0.81840736,-0.04644721,1,chr2:158415565:gastroesophageal_sphincter:0,TP,1
6.0383816,0.7664923,-0.12769897,2.2168148,0.18173563,0.53931546,-0.46558222,0.047671244,-0.84842885,-0.28224036,0,chr14:74252095:tibial_artery:0,FP,1
3.3338885,1.1556395,0.60102654,0.2553071,0.20561904,1.2237719,0.98523813,0.3886119,-0.36464885,-0.7663268,0,chr2:111667723:gastrocnemius_medialis:0,FP,1
-3.925737,1.0093184,-0.1505591,-0.6760141,0.3352402,0.8978189,-0.15845588,-0.5375332,0.12451554,-0.1211448,0,chr21:30341086:testis:0,TN,0
-4.17113,-0.026965275,0.07502908,0.6880823,-0.075884424,0.07683354,0.88295937,0.6919551,-0.22520912,0.1137393,0,chr19:42884973:prostate_gland:0,TN,0
-5.382307,-2.013752,0.45872575,0.15472132,-0.07952835,-0.55312073,-0.41572964,0.5461541,0.15400435,-0.34029505,0,chr9:94623665:Peyers_patch:0,TN,0
-2.9724536,0.61157125,0.82483554,-0.4724991,0.6075114,0.00020379049,-0.7051702,-0.67002785,-0.35021314,-0.99342024,1,chr20:54201250:sigmoid_colon:0,FN,0
7.022918,-0.69378066,0.78803587,0.46694845,-0.06883138,-0.1438357,0.36558786,-0.12785059,0.03748967,-0.48072165,1,chr9:42852316:spleen:0,TP,1
7.026971,-1.0683061,-0.46429384,0.33885795,0.25365594,-0.027238201,0.3693916,-0.7789231,0.858351,-0.39398253,1,chr16:14812040:prostate_gland:0,TP,1
-3.5563195,1.1404281,-0.15912513,-0.22586595,0.3365348,0.25272745,-0.45024648,-0.3157676,0.39470592,-0.32325715,0,chr15:61621312:upper_lobe_of_left_lung:0,TN,0
-5.2826447,-0.3700236,-0.16161118,-0.41075355,0.60115457,-0.14903092,0.100785725,-0.114610784,0.36685905,-0.19574079,1,chr9:83219701:Peyers_patch:0,FN,0
7.429574,-0.37355644,-0.17820415,0.09413922,0.0637767,0.4627705,0.20738184,-0.22512725,-0.23446445,-0.21828695,1,chr4:75289967:upper_lobe_of_left_lung:0,TP,1
4.0616655,0.3657795,1.6621614,-0.29451647,0.21391757,0.6949869,-0.12952545,-0.18502538,0.06879243,0.23799673,0,chr11:13873413:transverse_colon:0,FP,1
6.6057334,-1.0408833,-0.4524499,-0.95381564,-0.12213372,0.05577258,0.016055303,-0.44329447,-0.35753465,-0.18291447,1,chr6:29705705:adrenal_gland:0,TP,1
7.239003,-0.42299804,-0.6305164,0.84819585,0.63319147,0.12875398,0.1402341,-0.13390003,0.06744459,-0.31894264,1,chr2:196068383:tibial_artery:0,TP,1
-5.5515485,-0.33452192,0.15498637,0.38417906,-0.10864168,-0.54634744,0.50491935,0.25267175,-0.16965489,0.31330094,0,chr2:231056871:esophagus_muscularis_mucosa:0,TN,0
6.226956,-0.25697607,-0.8441764,1.960339,0.54513425,0.41339347,-0.2979115,0.11079187,-0.66964346,-0.049959917,1,chr8:30230823:esophagus_squamous_epithelium:0,TP,1
-4.056239,0.9765468,-0.6275789,-0.83408314,0.22157289,0.46159,-0.7217268,-0.3703723,0.66811126,-0.43380535,0,chr4:42568593:esophagus_squamous_epithelium:0,TN,0
-4.668743,0.292846,0.26897886,-0.46702838,0.72354877,-0.40122265,-0.072075225,-0.1305951,-0.2318816,-0.14949672,0,chr17:49223905:testis:0,TN,0
-5.7808394,0.161202,-0.5876766,0.37167525,-0.039047986,-0.12455622,0.13202716,-0.52481335,0.15007778,0.26877743,0,chr19:19901831:body_of_pancreas:0,TN,0
-5.5226345,0.11132744,-0.17862608,0.0009863977,0.1981109,-0.5990133,0.32815996,0.07999821,-0.09228564,-0.48692438,0,chr6:33789269:tibial_artery:0,TN,0
-7.280239,-2.0458448,-0.20738107,0.5815091,0.28565833,-0.2308186,0.3569216,0.3737204,0.17208263,-0.029259985,0,chr2:213152392:gastroesophageal_sphincter:0,TN,0
-6.3336487,-1.6543566,0.25463915,1.2004288,0.3232755,-0.8476164,0.49203017,0.45448974,-0.45737088,0.16085352,0,chr7:66591994:gastroesophageal_sphincter:0,TN,0
-3.7530906,0.64070606,0.18636419,-0.5199671,0.87522876,0.6243877,-0.27095833,-0.37526563,0.2849856,-0.25674716,1,chr4:119212065:transverse_colon:0,FN,0
-2.3109503,1.1888908,1.3673122,-0.70678645,1.405003,-0.5104185,-0.0010306843,-0.2601081,0.0029432606,0.11756294,0,chr16:89701647:prostate_gland:0,TN,0
6.010582,-1.0861092,-1.1176013,-0.5390621,-0.25230837,-0.26034543,0.49894893,-1.05681,0.50070524,-0.07831859,1,chr15:24767525:gastrocnemius_medialis:0,TP,1
6.76479,-0.6643285,-0.18444598,-0.28984344,0.046410423,-0.029747676,-0.78711164,0.008222021,-0.23756756,0.15021902,1,chr6:134677172:body_of_pancreas:0,TP,1
-4.6157074,0.7443093,-0.5853431,-0.6311674,-0.16763976,0.44330356,0.02521779,-0.23921604,0.06754829,-0.13999502,1,chr12:91578079:upper_lobe_of_left_lung:0,FN,0
7.700678,0.24079366,0.04203241,0.50716925,-0.09512555,0.40384555,0.7010349,0.010438906,0.1956797,-0.10510787,1,chr12:48753691:prostate_gland:0,TP,1
-4.2818556,-0.3960038,0.97691864,-0.31682315,1.3385359,-0.748576,0.13248836,0.24192476,-0.05611221,-0.34053555,0,chr7:56052250:transverse_colon:0,TN,0
-0.23343919,2.633306,-1.318306,0.36160886,-0.58743054,-0.5429066,-0.8533422,-0.012380198,-0.5147691,-0.19798563,1,chr2:168375394:esophagus_squamous_epithelium:0,FN,0
-5.1067114,-0.08916654,-0.30999705,-0.2888963,0.5883169,-0.08701556,0.163079,0.023106743,0.023215283,-0.20732026,0,chr11:8225583:body_of_pancreas:0,TN,0
-3.28673,-0.5604509,-1.5371785,2.493048,-0.18454385,-0.16987787,-0.63360846,0.43934348,-0.7322056,0.91036564,1,chr20:28507029:Peyers_patch:0,FN,0
-5.2387495,-0.7027524,-0.53563696,-0.8259259,0.12301526,0.7414305,-0.051310737,-0.119717136,0.09666743,0.037484154,0,chr12:66270210:Peyers_patch:0,TN,0
0.6984315,1.0742817,0.485311,-1.0070683,0.023090417,2.2525659,0.9125168,0.9947859,-0.4842744,0.07442027,1,chr6:106223515:thoracic_aorta:0,FN,0
-4.8947115,-0.24951686,-0.059565347,-0.5177454,0.6392575,0.10286958,0.08345953,0.078432545,0.38370055,-0.04903002,0,chr6:125956733:prostate_gland:0,TN,0
3.5884273,1.160551,-1.2165495,1.2975396,0.14721563,0.08417487,-1.0595207,0.7595247,0.6876994,-0.42791992,0,chr1:86740786:body_of_pancreas:0,FP,1
5.953318,-1.902663,0.24732256,-0.038206313,-0.23566833,-0.5368928,0.16257904,-0.6192077,0.16109757,-0.18494755,1,chr3:75785357:tibial_nerve:0,TP,1
7.572933,-0.13117452,-1.3148606,-1.280947,0.2876623,-0.19733137,-0.0072141355,-0.39812443,-0.39385134,0.018268619,1,chr2:86221296:spleen:0,TP,1
-3.281403,1.3796611,0.62830454,0.1495954,-0.9928177,-0.8325028,0.14790668,-0.101610236,0.05597827,-0.27480042,0,chr22:38412761:tibial_artery:0,TN,0
6.8912873,0.10096047,-2.311165,-0.14458966,1.1482689,-0.5645979,-0.0035779048,0.63542855,-0.24293631,0.59532964,1,chr17:22856764:esophagus_muscularis_mucosa:0,TP,1
-3.7358875,1.057177,-0.78386706,-0.2922771,-1.0227141,0.29728425,-0.048991103,0.35092968,0.36130568,-0.12657522,0,chr10:90003755:omental_fat_pad:0,TN,0
-5.8682795,-1.152009,-0.19328186,-0.2647488,1.0597737,0.29319996,0.21750791,-0.18128708,0.13419788,-0.054362997,1,chr9:83219889:prostate_gland:0,FN,0
6.9456344,0.97143984,1.0658773,0.3839131,0.10423658,1.1247737,-0.026735386,0.25903273,0.11639375,0.5946999,0,chr15:92073710:upper_lobe_of_left_lung:0,FP,1
-4.4049616,1.181581,-0.7326843,0.42274407,-0.779103,-0.7169564,-0.026780654,0.21519698,0.3479785,-0.051132888,1,chr16:24041998:thoracic_aorta:0,FN,0
7.4252267,-0.40229928,-1.1550201,-1.1892046,0.20151582,-0.08960397,0.077029966,-0.5015838,-0.270895,-0.08039604,1,chr2:86221296:transverse_colon:0,TP,1
6.5886703,-1.3588891,-0.23280041,-0.31815955,-0.106049865,-0.3664697,-0.20881401,-0.64777297,-0.13503474,-0.14297175,1,chr7:22550492:upper_lobe_of_left_lung:0,TP,1
1.241122,1.5293107,0.8380918,0.30665857,-0.09411688,0.49481997,2.323638,0.9628034,-0.385405,0.20267418,1,chr12:104294234:upper_lobe_of_left_lung:0,FN,0
5.9017434,-1.0673985,0.07253364,-0.9384838,-0.32477316,0.4012945,-0.7345879,0.45741865,0.22785039,-0.14153473,1,chr9:17531876:testis:0,TP,1
-6.5973516,-0.9116998,-0.31800213,0.64927155,0.1729038,-0.14891833,0.45684326,0.11916093,-0.19476011,0.14346668,0,chr17:81513924:transverse_colon:0,TN,0
-1.6819152,1.8202875,1.235119,0.42165896,0.8758785,-1.2998296,1.0464182,0.5052452,1.0398057,-0.13787013,1,chr8:28701937:tibial_artery:0,FN,0
-2.3574464,-0.63012606,-0.2302411,-0.4028703,-0.42419732,1.6481696,0.30513698,0.53638744,-0.31475464,-0.27754247,0,chr10:57850111:body_of_pancreas:0,TN,0
-1.4978453,2.5604768,-1.3886511,-0.491776,-1.2249018,-0.5692228,0.24786915,-0.24489693,-0.6402324,-0.051983524,1,chr2:92401043:gastrocnemius_medialis:0,FN,0
-3.8376765,0.6361727,0.6846666,-0.62080216,0.89263815,-0.8276756,-0.021256628,-0.032415293,-0.11717412,-0.3347446,1,chr7:100894790:Peyers_patch:0,FN,0
-2.7583518,-0.38244024,0.18834402,-1.3662271,-0.092284754,0.5575081,-0.31031433,0.7941943,0.44432458,-0.3900358,0,chr2:168136611:spleen:0,TN,0
-0.79498583,0.3392376,0.85059124,-1.0997207,-0.81427234,0.9489235,0.38561228,0.6493674,-0.5861627,1.1330308,0,chr5:138352147:Peyers_patch:0,TN,0
-6.3169794,-0.5903605,-1.0662686,0.600882,-0.48402628,-0.21739015,-0.30360654,-0.25641793,0.32007408,-0.28244486,1,chr7:97819413:Peyers_patch:0,FN,0
-5.622107,-0.38454872,-0.16744708,-0.34076187,0.025702616,0.46887016,-0.5589418,-0.24599805,0.19447725,-0.16574764,0,chr2:19313124:tibial_artery:0,TN,0
2.901656,-0.6714324,0.7135889,-0.60998654,-0.78894734,0.866136,-0.53504735,0.28204167,-0.029195799,-0.1851389,0,chr7:144362043:tibial_artery:0,FP,1
0.09809306,0.33846113,1.3017393,-1.3409435,-0.18299255,0.9036305,-0.68776083,0.5269059,-0.28227535,0.69383186,0,chr11:10669815:body_of_pancreas:0,TN,0
-3.0121713,0.666225,-0.8133115,0.41912308,-0.12528993,-0.013009877,0.22864176,0.21425022,0.7516365,-0.13525005,1,chr2:15431088:body_of_pancreas:0,FN,0
-0.761384,2.0175557,-1.4232693,0.54797345,-0.9512765,0.1356915,-0.9650839,0.03992675,-0.16351233,-0.064484574,0,chr5:56888782:body_of_pancreas:0,TN,0
-4.065542,-0.3129072,0.6586813,-0.17074984,-0.8157686,-0.29101324,0.3112017,-0.12671477,-0.56435055,-0.088164516,0,chr10:125126834:body_of_pancreas:0,TN,0
-5.121794,-0.54113364,0.4456908,-0.49205765,0.28580308,-0.5264606,0.09305671,-0.09954827,-0.23638055,-0.28172836,1,chr5:141914293:upper_lobe_of_left_lung:0,FN,0
3.6353493,0.73378664,1.9349992,0.84529614,-0.685547,-0.8582467,-0.44838583,-0.68036085,0.004441107,1.215905,1,chr9:16133854:body_of_pancreas:0,TP,1
-6.221894,-0.6840102,-0.9048794,0.16560103,-0.24264191,0.35476974,0.13271302,-0.22210106,-0.22052056,0.07533895,1,chr7:16695960:tibial_artery:0,FN,0
-0.49240243,0.9914949,-0.029778942,0.99000126,-0.6379467,-0.28897047,-0.38565657,0.5936485,0.45446157,0.31296712,0,chr4:112286542:body_of_pancreas:0,TN,0
-5.7400765,-0.18629064,-0.6978244,0.6228142,-0.9968555,-0.05846592,0.0048162662,-0.17125498,-0.2826337,-0.12861265,1,chr9:117160276:body_of_pancreas:0,FN,0
-1.0507823,1.4046496,0.13147645,0.6740908,-1.540578,-1.2852962,-0.076999046,-0.6945837,-0.85257924,-0.012126723,0,chr19:3545629:Peyers_patch:0,TN,0
8.052204,0.19379117,-1.2387284,-0.86577415,0.3580361,-0.006287609,0.09731164,-0.2827714,-0.27739245,-0.052632645,1,chr7:142479143:body_of_pancreas:0,TP,1
-1.308833,0.47928524,1.2753476,1.113774,0.50138026,-0.7820739,0.87455994,0.7819015,0.75248957,-0.41116562,1,chr17:42761347:transverse_colon:0,FN,0
-5.430172,0.64216197,-0.7554069,0.082987376,-0.59559095,-0.29461163,0.058354817,-0.50017506,-0.41274607,-0.32291391,0,chr6:32969433:esophagus_muscularis_mucosa:0,TN,0
-6.120506,-0.2243178,-0.7006477,0.3006175,-0.29480574,-0.16971911,0.45360333,-0.21663363,-0.3262086,0.276905,0,chr8:102782110:thoracic_aorta:0,TN,0
-4.2693806,1.4180124,0.3526005,-0.2839896,-0.23514232,-0.31364274,-0.45433396,-0.7436266,-0.22928178,0.07087162,1,chr10:70551637:testis:0,FN,0
-3.8422637,1.6818084,-0.3998114,-0.15244935,-0.21605033,-0.39289194,0.108449414,0.033127226,-0.0800554,-0.5078041,0,chr2:113199470:Peyers_patch:0,TN,0
-5.2659163,-1.0509803,-0.80746764,0.9258194,-0.38359466,0.76966363,0.99282616,0.21792561,-0.21064955,0.65696543,0,chr9:105609267:adrenal_gland:0,TN,0
6.677627,-0.08637014,1.0512615,1.4655901,0.08641107,-0.24450006,0.023012994,-0.57321596,-0.13666943,-0.03941456,1,chr4:1752766:prostate_gland:0,TP,1
-1.756238,0.8598621,0.14023143,-1.0036925,-0.19008365,1.8134967,0.6845324,0.81028515,-0.17951459,0.48809066,0,chr6:106223515:prostate_gland:0,TN,0
7.16161,0.5897548,-2.4242175,-0.4204339,1.4200585,-0.56957465,0.14713459,0.6730546,-0.17370766,0.8479646,1,chr8:44636977:suprapubic_skin:0,TP,1
7.83784,2.0297318,-1.5189646,0.31314498,1.1054637,-0.6411906,0.008382717,0.40987688,0.30392447,0.73947316,1,chr19:52748468:adrenal_gland:0,TP,1
-6.1788764,-0.73306876,-0.41283274,0.5981309,-0.4446409,-0.51505506,0.46808362,-0.015926506,-0.49199516,0.20157927,0,chr4:82739688:prostate_gland:0,TN,0
8.684426,0.72620887,-0.93044704,-0.15132402,0.52584994,0.12142048,0.15231343,-0.13769199,-0.3800315,-0.17302732,1,chr3:75785609:body_of_pancreas:0,TP,1
6.8698363,0.3774003,-2.444718,-0.011975558,1.4397364,-0.512477,0.008169284,0.7181992,-0.30179372,0.8838031,1,chr8:44636977:stomach:0,TP,1
7.2776403,-0.66216975,-0.6631661,0.23751248,0.31128535,0.33981672,0.39590615,-0.26653117,0.8059113,-0.6457624,1,chr14:73509873:prostate_gland:0,TP,1
-6.60221,-2.2242284,0.32745188,0.21327244,0.6129852,-0.3681149,-0.08212722,0.31942797,-0.37905565,0.16915846,0,chr2:240690614:transverse_colon:0,TN,0
-6.4645987,-1.1773698,-0.6440885,0.2905072,-0.1314175,0.8290569,0.18111803,-0.041508768,-0.41956806,0.1259725,0,chr8:128173749:body_of_pancreas:0,TN,0
-4.7892447,0.36871734,-0.14276265,-0.3972747,0.38952422,0.11475251,0.20496728,-0.07783321,0.40328395,0.11876547,0,chr6:125956733:tibial_artery:0,TN,0
-5.1520233,-0.73543966,0.008031545,-0.46420026,0.93587077,0.3606446,0.3784808,0.00070956675,0.03832036,0.2273477,1,chr9:83219889:thoracic_aorta:0,FN,0
-4.770444,0.39098078,-0.16955586,-0.43644503,0.10557385,0.049038135,-0.064183734,0.12564678,-0.07487822,-0.023668868,1,chr16:4548780:Peyers_patch:0,FN,0
2.8450885,-0.64863724,-0.76557285,-0.66450435,-0.12493025,1.2512718,-0.3807027,1.114937,1.1320457,-0.2724696,1,chr1:108214824:body_of_pancreas:0,TP,1
-4.704879,0.33397257,0.19722697,-0.44319546,0.50868684,-0.24750926,0.11930679,-0.23805872,-0.28121752,0.17598031,0,chr1:41432909:suprapubic_skin:0,TN,0
-4.5313334,0.7567558,-0.35215807,-0.3343068,0.1930953,0.52551264,-0.20120926,-0.72979903,0.48338434,-0.18146232,1,chr5:158014121:body_of_pancreas:0,FN,0
1.5649592,0.65029734,1.8288021,-0.44456598,-0.4323204,0.23568869,0.7924867,0.24580006,-0.34324697,0.5720529,1,chr6:169655219:body_of_pancreas:0,FN,0
-7.051178,-1.9493335,-0.26537433,0.033772826,0.5945931,-0.2295389,-0.09536677,-0.16837476,-0.0039511756,-0.044304036,1,chr11:1652791:adrenal_gland:0,FN,0
7.008454,-0.7791544,-1.0085876,0.10620353,0.29170367,-0.0367887,0.5673625,-0.20650795,0.6952065,-0.8463998,1,chr10:102568961:prostate_gland:0,TP,1
7.326427,-0.5505322,0.48385587,0.13127361,-0.18387794,0.06619913,0.21408162,-0.18360296,-0.047818262,-0.4517298,1,chr9:61668518:omental_fat_pad:0,TP,1
7.776184,-0.2872455,-0.8435928,0.02726358,0.2726067,-2.0307014e-05,0.18472688,-0.088805616,-0.008900651,-0.273514,1,chr10:38653055:upper_lobe_of_left_lung:0,TP,1
-0.9986225,1.5346133,-1.105952,-0.12525797,-1.9875349,0.033596233,0.15453424,-0.43829745,-0.0819104,0.43340278,0,chr18:73841942:prostate_gland:0,TN,0
-6.5025463,-0.83500075,-0.6405265,-0.15412769,0.053938333,-0.093941286,-0.013254471,-0.16940373,0.03713829,-0.27709123,1,chr11:1652791:suprapubic_skin:0,FN,0
4.3110385,1.1038344,-1.0060368,1.9447738,0.39552763,-0.20569971,-0.5882129,0.028834805,-0.33614826,1.3240982,0,chr10:4901325:body_of_pancreas:0,FP,1
2.764699,-1.8023748,2.5596197,0.29686034,-0.32039085,-0.94808006,0.14933255,0.25412026,0.07461324,0.16427106,0,chr18:75856:esophagus_muscularis_mucosa:0,FP,1
7.029379,-0.7291769,-0.016728593,-0.35515288,-0.0903759,0.49962762,-0.011681628,-0.006061383,0.52243215,-0.004227589,1,chr6:43386692:upper_lobe_of_left_lung:0,TP,1
-4.000907,1.2418822,0.279003,-0.44746816,0.70349383,-0.13856938,0.009373916,-0.31364083,0.011274227,-0.1327998,0,chr17:3935331:transverse_colon:0,TN,0
0.45964813,-1.9794381,-2.2209144,2.5839822,1.163983,0.050774265,-1.1166003,1.007536,-0.5976564,1.364504,0,chr2:93976867:body_of_pancreas:0,FP,1
-2.7218165,1.5499724,-0.67781276,0.08673386,-0.98678786,0.19892432,-0.5229827,-0.22847882,-0.48757783,-0.6100053,0,chr11:115694609:testis:0,TN,0
-5.9487915,-1.8536636,-0.42626354,0.39994618,0.77662593,0.77618766,1.1265634,0.19960302,-0.42430028,0.8587793,1,chr6:32622553:Peyers_patch:0,FN,0
5.3062572,0.39243302,1.2636268,-0.18105838,-0.3701449,0.63918966,0.51826936,0.32566145,0.17622297,-0.4524281,1,chr5:173860759:body_of_pancreas:0,TP,1
4.1316867,-0.21299376,-1.098225,-0.70877403,-0.7693571,-0.28280482,-0.3011089,0.01685053,0.75791776,-0.10867236,0,chr10:94939686:transverse_colon:0,FP,1
4.043579,0.14642817,2.3359067,-0.7247724,0.08197895,-0.53323185,0.1496298,0.8998711,0.06509793,0.16614488,0,chr2:240232939:esophagus_squamous_epithelium:0,FP,1
6.0683494,-1.0632652,0.8273422,-0.10457687,-0.8767639,-0.21866708,0.3377025,-0.7992888,-0.46060884,-0.41274032,1,chr19:1037766:tibial_nerve:0,TP,1
-2.7630744,0.35874638,0.9802024,-0.6390327,-0.95972276,0.17447002,-0.7035351,-0.5311187,-0.46646237,0.87688184,1,chr6:131199853:suprapubic_skin:0,FN,0
-1.7486545,1.5100484,0.20629609,0.15894568,-0.37650093,0.9912578,0.10829987,-0.23278259,-0.42817563,-0.09147857,1,chr6:137697537:prostate_gland:0,FN,0
-7.954802,-2.6503687,-0.83342093,0.80676,0.4109091,0.40370438,0.09758784,0.17274648,-0.30536705,0.22075114,0,chr8:103073701:transverse_colon:0,TN,0
-1.7557639,1.5670637,-0.8709573,0.6351154,-0.9688879,0.32645112,-0.89767945,-0.10798621,-0.9392302,-0.3639064,1,chr20:41572206:adrenal_gland:0,FN,0
1.4031348,0.7101251,0.4272169,-0.10586182,0.13841614,-0.37020993,0.34557888,1.2356797,0.9879026,0.6580174,0,chr19:1929478:omental_fat_pad:0,TN,0
4.8292246,-2.0968158,-1.5041689,0.32313463,0.5754593,0.023115762,-0.50290865,0.02942858,0.361026,0.3171032,1,chr9:43171156:tibial_artery:0,TP,1
-4.990977,0.22042653,-0.7181004,-0.3318548,-0.37478456,0.14966808,-0.49697062,-0.4097925,0.5713197,-0.10762104,0,chr7:67041098:prostate_gland:0,TN,0
0.76075333,-1.4801211,1.9775721,-1.2893659,-0.8411248,-0.28045058,-0.72889215,0.5234831,-0.25244653,1.0583366,0,chr9:92716650:spleen:0,TN,0
-5.0409484,0.6236279,-0.78945696,0.08069381,-0.4814679,-0.56906646,-0.24621648,0.011207644,0.08521215,-0.2652029,0,chr10:14074116:thoracic_aorta:0,TN,0
-3.7715542,-1.2164594,0.07220713,-0.68092585,0.790121,0.95682997,0.5400582,0.46636996,0.018624417,-0.15200286,0,chr13:108155918:esophagus_squamous_epithelium:0,TN,0
1.43006,0.15949693,0.39882356,-0.47301754,-0.22339946,-0.18820384,-1.0608641,1.6330858,1.4524863,0.15757515,0,chr19:510314:spleen:0,FP,1
7.6906676,0.55195737,-1.2692194,-1.3322024,0.23735324,-0.675852,0.3998765,-0.18753015,0.5087257,-0.04415772,1,chr14:30690707:esophagus_squamous_epithelium:0,TP,1
6.46046,-0.66951823,0.11035778,0.520501,-0.39100334,0.074470595,0.17001905,-0.0066870614,-0.40432152,-0.6516588,1,chr8:41651698:upper_lobe_of_left_lung:0,TP,1
-2.854044,-0.34310877,1.1416347,-0.6030142,1.058448,-0.38504767,0.36123943,0.8617962,0.30086392,-0.12241536,0,chr14:52951620:sigmoid_colon:0,TN,0
1.6721785,-1.383309,1.1337726,0.004419706,-1.7870706,-1.3003044,-1.0474464,0.002266335,-0.23351665,0.042529665,1,chr11:1303541:transverse_colon:0,TP,1
-5.589383,0.35691774,-0.7986593,-0.009892937,-0.3180026,-0.028589295,0.1866301,-0.59030867,-0.10025609,-0.043332145,0,chr1:180153849:body_of_pancreas:0,TN,0
-4.528761,0.6612382,-0.012282665,-0.069248706,0.5906301,-0.1524488,0.38005725,-0.25953355,0.31928006,-0.52737373,1,chr2:241734688:tibial_nerve:0,FN,0
-3.287425,0.31237555,1.0894799,-0.42251843,1.3956926,-0.25428492,0.06929895,-0.2437524,0.2685343,0.0936123,1,chr1:16741091:tibial_nerve:0,FN,0
-5.368112,-0.116682574,0.19922768,-0.093167834,0.5249612,-0.6359041,-0.1282288,-0.0062838825,-0.30318886,-0.51533747,1,chr1:36097556:thoracic_aorta:0,FN,0
-4.518739,1.4157143,-0.5564895,-0.40080932,-0.4799028,-0.019879863,-0.011516426,-0.98105323,0.31789407,-0.21298468,0,chr15:82365725:thoracic_aorta:0,TN,0
-5.1310873,0.64353096,-0.8049454,0.18462518,-0.48400584,0.70101583,0.37594703,-0.45144042,0.052438874,0.00567029,0,chr9:69878042:gastrocnemius_medialis:0,TN,0
-4.4615884,-0.12612084,0.9044984,-0.49838772,0.5764757,-1.2165192,-0.09654439,-0.17337984,0.043094773,-0.608443,0,chr10:124389232:spleen:0,TN,0
5.4504066,0.7397623,-1.159772,0.3418791,-0.73522407,0.8733997,0.8659144,0.26749462,-0.082198404,-0.90659046,0,chr2:203811449:transverse_colon:0,FP,1
5.6506777,0.0817491,-0.24494739,1.6139022,0.3382646,1.2251015,-0.6021012,0.64966047,-0.88748974,-0.3103722,0,chr19:51473170:spleen:0,FP,1
7.2223864,-0.77762026,-0.96583194,-0.09521926,0.0970354,-0.20269705,0.0025845668,-0.44340515,0.20435403,-0.23393445,1,chr2:67906567:spleen:0,TP,1
-1.5862571,0.45635268,1.1033863,-0.3259935,1.4099772,0.97891086,-0.51855105,-0.4894625,-0.07715737,0.32085162,0,chr5:136058064:esophagus_muscularis_mucosa:0,TN,0
6.00686,-0.9800875,0.67024136,1.0662984,-0.11502697,-0.06328116,-0.21086274,-0.81611085,0.28691283,-0.22732578,1,chr2:239532360:body_of_pancreas:0,TP,1
5.8937235,-0.616774,-0.58747834,0.6057826,-0.54544455,0.35774323,-0.68224394,0.56611204,0.18459785,-0.32512498,1,chr8:30230823:body_of_pancreas:0,TP,1
-6.899493,-1.1457168,-0.8059908,0.66987276,-0.34502435,-0.11238006,-0.15865286,-0.4182767,-0.4093802,0.022673352,0,chr21:39504322:body_of_pancreas:0,TN,0
0.048076145,1.2029774,-0.28718218,0.7319475,-0.49830726,-0.30655617,-0.72090524,0.85140944,1.1882073,0.9574314,0,chr11:68924672:thoracic_aorta:0,TN,0
-6.2568574,-1.2358701,-0.34566635,-0.23063292,-0.170614,0.36763245,0.03128487,-0.05421632,0.08584513,0.2119311,1,chr1:48109545:transverse_colon:0,FN,0
-3.276204,0.491538,0.2724538,-0.041263897,-0.16470458,0.6205394,-0.11517632,0.27715763,0.2544229,-0.2564033,0,chr20:40962875:transverse_colon:0,TN,0
-5.01228,0.36432514,-0.31128106,0.26779076,-0.80466497,-0.7503618,-0.23951411,-0.15470406,-0.22657399,0.03181637,0,chr17:27495197:thoracic_aorta:0,TN,0
-3.283324,-0.81995016,0.44793436,-0.7610487,1.1653483,0.46705368,-0.21520232,0.3255416,0.47615564,-0.38885915,0,chr1:200035394:body_of_pancreas:0,TN,0
-3.1449687,1.4254801,-0.34040087,0.3549998,-0.056654118,0.252586,-0.8696495,-1.0426635,0.16318858,0.47763544,0,chr3:171000206:Peyers_patch:0,TN,0
-3.5517845,0.08317951,-0.66045433,0.92289567,0.046594735,-1.053112,-0.5694332,0.3557184,0.16330045,-0.19602244,0,chr19:18104350:thoracic_aorta:0,TN,0
-2.493634,0.797104,1.0406781,-0.58066714,1.6347096,-0.07164263,-0.86956626,-0.09016126,0.33111966,-0.7119586,0,chr17:47189065:Peyers_patch:0,TN,0
4.259154,2.0971613,0.4130618,-0.4117589,0.5530241,2.0501125,0.20730798,0.080388285,-0.37629896,0.13201316,0,chr1:100455633:tibial_artery:0,FP,1
-4.967134,1.074073,-0.6247083,-0.1082189,-0.61786824,0.06323242,-0.10538444,-0.6578113,-0.06048065,0.11231971,0,chr17:80671737:Peyers_patch:0,TN,0
7.0692825,-0.94382006,-0.7124451,-0.6584296,0.06571113,-0.186648,0.029212395,-0.25678295,0.21920791,-0.13253419,1,chr17:43360096:Peyers_patch:0,TP,1
-5.829004,-0.41376114,-0.7167504,-0.1293341,-0.20392495,0.47094527,-0.029239494,-0.18182898,-0.2350337,-0.8351093,0,chr6:106445359:upper_lobe_of_left_lung:0,TN,0
7.355566,-0.73637354,-0.5114532,-0.5273707,0.06935782,-0.0806978,0.19161618,-0.21676342,-0.07587311,-0.4118087,1,chr10:96641123:Peyers_patch:0,TP,1
-4.8571997,0.50361145,-0.27335143,-0.745666,-0.12819703,0.17964186,-0.27408984,-0.28974968,-0.09182595,-0.25110343,0,chr7:106542629:suprapubic_skin:0,TN,0
6.4254417,-0.978365,0.8349435,-0.44313192,-0.270761,0.40024835,0.054431874,0.07922657,-0.43381125,-0.33637682,1,chr22:24006049:thoracic_aorta:0,TP,1
-5.3696637,-1.6833935,-0.38863724,1.0327984,0.7454789,0.8260713,0.3396623,-0.21162409,-0.9115352,0.55489844,0,chr9:4156303:body_of_pancreas:0,TN,0
-4.4777646,0.87563515,-1.0026,0.13621216,-0.8200633,-0.0034434765,0.2981625,-0.1887679,0.25713742,0.119076185,0,chr9:6680593:body_of_pancreas:0,TN,0
-2.7430606,0.8877978,-0.26638976,-0.32099286,-0.97071046,-0.15403314,-0.27436358,-0.2924289,-0.08843275,-0.3244178,1,chr9:127348292:upper_lobe_of_left_lung:0,FN,0
-0.04315282,2.3181827,0.24788211,0.05934837,-0.36117935,1.8296711,1.0834695,-0.8725089,-0.09850634,0.6546887,0,chr14:58829528:transverse_colon:0,TN,0
6.2536006,0.95609814,0.27448672,1.4635938,-0.041658904,0.24216399,0.044611424,0.026834868,-0.910083,0.08468192,0,chr19:18388969:transverse_colon:0,FP,1
-3.9042416,0.43789798,-0.17973812,-0.67163604,0.5855641,0.9586599,-0.018810114,-0.6838646,0.11283137,0.10168954,1,chr17:15574102:esophagus_squamous_epithelium:0,FN,0
7.851726,-0.24843363,-1.0954007,-0.6318887,0.42988804,-0.3299695,0.044043895,0.0066211293,0.1331033,-0.094892465,1,chr6:31374359:body_of_pancreas:0,TP,1
-5.521478,0.3483623,-0.72670925,-0.38666317,-0.24112277,0.1942743,-0.1618759,-0.7079459,-0.078178965,-0.14163555,0,chr9:83583147:adrenal_gland:0,TN,0
6.999107,-1.0992897,-0.09463279,-0.1199766,0.051861666,-0.37123698,-0.061831724,-0.86019135,-0.1533258,-0.033207882,1,chr12:8390645:prostate_gland:0,TP,1
-4.642877,-0.03458823,-0.14407659,-0.5104059,0.5796882,0.48655075,-0.0721978,-0.31211874,-0.41762558,0.28067553,0,chr11:17813808:body_of_pancreas:0,TN,0
1.961835,-0.7138995,1.1005086,-1.5906079,-1.0047051,-0.13656065,-1.031056,1.0740806,-0.16514245,0.05130766,0,chr11:47426945:upper_lobe_of_left_lung:0,FP,1
-2.923016,1.3582373,-0.903558,0.7350615,-0.4291596,-0.05576258,1.0301222,0.51508796,0.59578586,-0.4369872,0,chr16:4254564:esophagus_squamous_epithelium:0,TN,0
-3.9870844,1.3638028,0.27606353,0.3410408,-0.79769635,-0.7191768,-0.061635155,-0.32362452,-0.6695215,0.015272044,1,chr2:109423970:Peyers_patch:0,FN,0
6.7694783,-1.0001514,-0.46448058,-0.8489236,-0.15933692,-0.23121907,-0.23245926,-0.44014284,-0.038288683,-0.11177087,1,chr7:22550492:transverse_colon:0,TP,1
-3.4510388,1.6395495,-1.123571,0.39022943,-1.3699788,-0.08191315,0.027951289,-0.23072141,0.3229282,0.78091335,0,chr1:86401813:body_of_pancreas:0,TN,0
-2.747772,-0.3065171,-0.32769266,-0.2880947,-0.58597827,-0.15422855,-0.13265696,0.69695836,0.7498575,-0.7563632,0,chr14:93139367:esophagus_muscularis_mucosa:0,TN,0
7.0837502,0.004171602,0.72976494,0.5329375,0.13746543,-0.09430368,0.5331703,-0.038248636,0.09065753,0.053584184,0,chr7:135170966:transverse_colon:0,FP,1
-6.215309,-0.5174189,-0.053029303,0.101481855,0.5876904,-0.63856167,0.21678561,-0.0049891076,-0.26462105,-0.2911422,0,chr14:54902267:thoracic_aorta:0,TN,0
-5.7952547,-0.62580246,-0.24794142,-0.01740662,0.90327656,-0.19736858,0.24622002,0.084016085,-0.034819182,-0.32145151,0,chr21:41069108:esophagus_squamous_epithelium:0,TN,0
-4.1401706,0.3638388,0.45008403,-0.53923994,0.78223705,-0.25930586,0.20935535,0.10988786,-0.23631315,-0.37240735,0,chr14:101235442:suprapubic_skin:0,TN,0
-5.7560215,-0.928914,-0.70741916,0.30322206,-0.54017997,1.0171828,0.25736618,0.22342089,-0.08058308,0.017760852,1,chr6:106223515:body_of_pancreas:0,FN,0
-3.6269493,1.0385071,0.7032793,0.14440641,0.21529497,-0.54758245,0.8850821,0.747357,-0.1819114,-0.36423603,0,chr20:381900:prostate_gland:0,TN,0
7.3487883,0.15951684,-1.0373973,1.1163863,0.5700428,0.38909972,-0.07875836,0.41276672,0.063095525,0.056057915,1,chr10:26574003:thoracic_aorta:0,TP,1
-5.2904515,0.026373342,-0.1476704,-0.32242867,0.5765037,0.050437924,-0.0010908447,-0.41589308,0.13450988,-0.6331624,1,chr1:26921783:thoracic_aorta:0,FN,0
6.342501,-1.4324297,-0.44076687,-0.8984288,-0.19733165,-0.15800434,0.26336756,-0.17379077,0.5075154,-0.3716272,1,chr10:96641123:thoracic_aorta:0,TP,1
7.047238,0.72499454,-2.36555,-0.5794931,1.2355511,-0.7242725,0.31288454,0.75636625,0.07195276,0.6918844,1,chr8:44636977:tibial_artery:0,TP,1
5.9118156,-0.96082294,0.702556,0.7461466,0.20432636,-0.32391283,0.25995147,0.2963135,1.2500798,-0.5543216,0,chr5:138352584:stomach:0,FP,1
1.3270048,0.67889166,0.79408824,-0.2936488,-0.5604315,-0.17829613,-0.315151,0.8316959,0.9280398,0.9605397,0,chr22:36123792:tibial_artery:0,TN,0
-5.0946693,-2.7816932,-0.20387903,1.7978754,-0.2821144,0.3448043,1.1361581,0.64871806,-0.35568455,0.5108237,0,chr20:57435558:prostate_gland:0,TN,0
-1.6945233,0.7771087,0.22593431,-0.15057972,0.06777783,0.33609885,-0.09397634,-0.44518298,0.7051242,0.9689637,0,chr19:38711140:thoracic_aorta:0,TN,0
4.510226,0.2710551,0.048491985,-0.030474097,-0.66732645,0.9046334,0.44452107,0.575268,1.2903659,0.7870891,1,chr17:47681054:body_of_pancreas:0,TP,1
-3.7680202,0.88957876,0.46470603,-0.28918123,0.8214186,-0.23994638,-0.24948275,-0.8171324,0.39880553,0.17923522,1,chr3:187162343:omental_fat_pad:0,FN,0
5.948421,0.02333409,-1.4083668,1.5405953,0.5047074,0.81519836,0.05277289,0.8622525,-0.38575235,-0.2010847,1,chr1:217479610:body_of_pancreas:0,TP,1
7.0509353,-0.7437082,0.47938427,-0.20644335,-0.31210947,-0.53634787,-0.19871427,-0.47518423,-0.055163138,0.0073261405,1,chr7:100966122:prostate_gland:0,TP,1
-0.7103395,-0.6300142,-0.15777467,0.009214864,-1.1723307,1.3423151,0.48043254,0.9675376,-0.4432365,-0.27133033,0,chr14:52679600:body_of_pancreas:0,TN,0
-1.6978889,0.637972,1.1384904,-0.11494783,-0.39135358,-1.0228146,0.42158073,-0.14304271,-0.21422118,1.1194875,0,chr17:1967091:body_of_pancreas:0,TN,0
-3.9941854,1.1979564,-0.5097966,-0.46394777,-0.923899,-0.1109142,0.07343595,-0.121001884,-0.13850226,0.12153064,0,chr7:22853784:spleen:0,TN,0
-4.7701683,0.4591845,-0.4091473,-0.38334152,0.48503014,0.637755,-0.29742968,-1.0011915,0.2685086,0.25653216,0,chr1:193190428:prostate_gland:0,TN,0
-6.0000644,-0.41554022,-0.109633125,-0.05168658,-0.15168376,-0.20634107,-0.059309628,-0.36674097,-0.32951307,0.17775656,1,chr10:12781382:tibial_artery:0,FN,0
7.89903,0.06204655,-1.3873754,-0.98323953,0.41536364,-0.23079105,-0.03321113,-0.22211125,-0.465498,0.073897265,1,chr2:86221296:body_of_pancreas:0,TP,1
-4.238819,-0.14722514,0.73683393,-0.35350966,0.92395127,-0.1362891,0.36989513,0.20776907,-0.15585504,0.13704185,0,chr22:50190316:esophagus_squamous_epithelium:0,TN,0
-4.5850058,-0.5444569,0.44011512,-0.7362732,0.12829432,0.124181956,-0.32210055,0.288847,-0.5843853,0.2810489,1,chr17:58391751:body_of_pancreas:0,FN,0
-5.118326,0.6310215,-0.25706595,-0.36572048,0.093735024,-0.54979616,-0.14368851,-0.045167457,0.010155642,-0.46411043,1,chr9:97633155:gastrocnemius_medialis:0,FN,0
-2.292164,1.097387,1.4996225,0.43563804,0.8145307,-1.0063307,-0.27873,-0.4850026,0.0869169,0.12679283,0,chr9:7799605:upper_lobe_of_left_lung:0,TN,0
-5.704123,-0.33139953,-0.059120614,-0.08027125,0.3741311,-0.30020455,0.22154212,-0.71208006,0.02581123,0.21260507,0,chr6:116616178:body_of_pancreas:0,TN,0
5.414333,-1.4882171,0.13114785,-0.50170135,0.067743495,-0.7628493,-0.5293273,0.6122247,0.10778828,-0.14790425,1,chr19:45427778:transverse_colon:0,TP,1
-4.432574,0.26315627,-0.7683467,0.18319881,-1.0502112,-0.8603047,-0.7486237,0.27486727,0.14994168,-0.28731695,0,chr12:108853906:thoracic_aorta:0,TN,0
-4.9074793,-0.07409022,0.37979382,-0.43539798,0.599491,-0.4309926,0.062464494,0.344991,-0.061110046,-0.3612126,0,chr11:130069518:sigmoid_colon:0,TN,0
5.0523405,-1.2848499,-0.088870384,-1.6703441,-0.7463823,0.055025578,-0.8219422,0.41932344,0.36382914,0.031731475,1,chr9:17531876:spleen:0,TP,1
-3.13849,0.7005249,-0.037403114,-0.82633275,0.5701895,1.1560311,-0.626149,-0.2703668,0.5860181,-0.39134327,0,chr8:24977691:upper_lobe_of_left_lung:0,TN,0
3.5585747,-1.4090295,1.5450556,0.25985757,-1.0671438,-0.9370216,-0.714833,-0.5839952,0.026558146,0.737444,1,chr5:179213127:sigmoid_colon:0,TP,1
-2.174027,1.0364064,0.85610574,-1.1236607,0.6298068,0.7789005,-0.15829046,-0.019704636,-0.24619281,0.037137732,0,chr11:8624689:body_of_pancreas:0,TN,0
-4.181197,1.5543262,-0.54600126,-0.26185918,-0.25451916,-0.053543117,0.24981292,-0.30634543,0.45935223,-0.33486766,0,chr5:98768430:transverse_colon:0,TN,0
-4.329078,0.59989053,-0.49148095,-0.41792852,-0.46773753,-0.022276321,-0.61257756,-0.22675882,0.67817825,-0.49162868,0,chr14:54488111:body_of_pancreas:0,TN,0
-5.0657005,-0.029504022,-0.35574836,-0.67114604,-0.30288923,0.38000056,-0.05156119,-0.29908776,-0.13613674,0.36941883,0,chr1:70707294:body_of_pancreas:0,TN,0
1.7424896,1.5777804,-1.0828311,1.1513737,-0.21014059,-0.96909565,0.18348977,0.2842262,1.4487579,1.7414016,0,chr12:111698778:body_of_pancreas:0,TN,0
0.85532075,1.1985201,1.9009116,0.37078732,0.46909273,-0.59518516,-0.69177264,-0.07732701,-1.0889816,0.40005058,1,chr20:62355987:body_of_pancreas:0,FN,0
-6.3161154,-0.97979593,0.20356168,0.2734688,0.40865716,-0.64370924,0.41748148,0.013112995,-0.6443465,0.081527114,0,chr11:77066685:Peyers_patch:0,TN,0
-3.1105514,1.5623646,0.61070734,0.14989708,-0.9221096,-0.6899347,-0.37324893,-0.6382063,-0.38260382,0.34688818,0,chr4:7295960:sigmoid_colon:0,TN,0
-5.659443,-1.8244206,0.49776566,0.84796506,-0.39921913,-0.5282112,0.377357,0.4613194,0.08112743,0.42604688,1,chr14:106872713:prostate_gland:0,FN,0
-2.7846928,-0.43809417,0.45132652,-0.96249324,0.8253778,1.1465952,-0.13466348,0.17945163,0.47788054,-0.0632669,0,chr3:189961583:suprapubic_skin:0,TN,0
-4.2201114,0.8353186,0.32080087,0.012604071,0.26918745,0.14676839,-0.15665315,-0.5678713,0.105195895,0.4222716,0,chr7:100214465:transverse_colon:0,TN,0
5.7589746,2.2731926,-0.63551515,1.00456,-0.38443974,1.3460829,0.79561365,0.24093787,-0.15664844,-1.1738483,1,chr6:98652201:body_of_pancreas:0,TP,1
7.635716,0.2974347,-0.1331431,0.9391895,0.44382057,0.64843804,0.17151985,-0.03915048,-0.13572654,0.19880821,0,chr12:48753691:gastrocnemius_medialis:0,FP,1
-5.996498,-1.2819792,-0.28494585,-0.23587902,0.542152,-0.20318395,-0.11002723,-0.23346326,0.33551428,-0.36345148,1,chr11:1652791:Peyers_patch:0,FN,0
-3.0074883,-0.6319947,0.39961085,-0.9805286,0.92670524,1.1967438,-0.19823994,0.28790873,0.16787909,-0.07290874,0,chr5:50959031:thyroid_gland:0,TN,0
-0.40375948,1.437687,1.6504736,0.29042393,1.3542272,-0.52443105,0.15589976,0.1307306,0.20279095,0.09709483,0,chr7:85186902:tibial_artery:0,TN,0
-5.8238072,-0.85252935,-0.70468295,-0.28682464,0.0885412,-0.47631383,-0.18656264,0.010307909,0.2680763,-0.3913524,1,chr21:39175402:spleen:0,FN,0
7.193801,-0.3909724,-0.3983283,0.021747986,-0.53671956,0.12965743,0.58409834,-0.1216776,0.034358867,-0.40569198,1,chr2:196068383:sigmoid_colon:0,TP,1
7.388655,-0.34850696,-0.7974553,0.47848707,0.4023416,0.100559585,0.27824733,-0.08353351,0.21810116,-0.34256113,1,chr2:196068383:esophagus_squamous_epithelium:0,TP,1
-2.174307,1.2397016,0.93577075,0.5641881,-0.56907487,-1.3391132,-0.8192539,-0.24265985,-0.1918664,0.7708453,0,chr22:18516206:Peyers_patch:0,TN,0
5.492491,-0.35393533,-1.3406043,1.7089788,1.2507823,0.23651485,-0.47514513,0.67075706,-0.259015,0.649989,1,chr9:27690986:body_of_pancreas:0,TP,1
-6.0689387,-0.43780637,-0.054242656,0.083497606,0.35707057,-0.6479255,0.33565512,-0.32425052,0.0030444781,-0.2863882,0,chr6:53795559:prostate_gland:0,TN,0
-1.7475994,1.9683157,0.6950548,0.7081034,0.9623409,-0.8693933,-0.6296784,0.35988835,0.505123,-0.71015286,0,chr2:101253125:tibial_nerve:0,TN,0
7.2278514,-0.40621212,-0.11937435,-0.06261904,-0.33433455,0.26406342,0.63265955,-0.068718515,-0.2901992,-0.9475434,0,chr9:101449199:testis:0,FP,1
-6.29822,-1.7441182,0.636751,0.37154326,-0.112123035,-0.31096944,-0.458591,-0.06345048,-0.27915597,-0.06443488,0,chr17:17569298:sigmoid_colon:0,TN,0
-3.1154814,0.61864185,1.4140607,-0.48506826,1.0217191,-0.58994097,0.8757501,-0.043812007,0.17965169,0.28513455,0,chr16:10942438:transverse_colon:0,TN,0
8.625473,0.52640975,-0.91828305,-0.3246582,0.48412967,0.013178603,0.33701134,-0.32284224,-0.18505354,-0.2100958,1,chr3:75785547:sigmoid_colon:0,TP,1
6.4066434,-0.19676428,0.5062809,1.0735706,0.13177645,0.086554885,-0.23040125,-0.9148118,-0.08318492,0.46584523,1,chr19:45678133:esophagus_squamous_epithelium:0,TP,1
6.485498,0.028094498,0.5900063,1.2389358,-0.025000326,0.14344053,1.062026,-0.73943985,0.7566769,0.5046434,1,chr19:21484173:tibial_artery:0,TP,1
-2.3161376,1.3385514,0.60365963,0.06778046,-0.537261,0.40286905,-0.50175273,-0.5644127,-0.12223448,1.1688142,0,chr2:24791112:transverse_colon:0,TN,0
-5.7758017,-0.80141944,0.07633531,-0.14718944,1.0552094,-0.3257318,0.17793344,0.08990545,-0.30026522,-0.45140904,0,chr9:35096636:testis:0,TN,0
3.8229158,0.49484316,0.87836605,-1.3455659,-1.4680706,1.0389373,0.19182372,1.152074,-0.22337484,-0.35960326,0,chr9:100323287:tibial_nerve:0,FP,1
-5.9161987,0.032908212,-0.65550727,0.21443656,-0.14040911,-0.21106142,0.13056348,-0.22890165,0.09094713,-0.13599034,0,chr19:18571531:transverse_colon:0,TN,0
6.8744183,-0.9045102,-0.7124425,-0.78533334,-0.14469284,-0.17280501,-0.0954699,-0.31973052,-0.36170375,-0.30622512,1,chr5:151298414:adrenal_gland:0,TP,1
7.1336713,0.13412929,0.82667065,0.8950153,0.3774186,0.6907973,-0.27689677,-0.19084963,-0.56389475,0.12452146,1,chr19:47436804:esophagus_muscularis_mucosa:0,TP,1
0.67260504,2.0921364,1.338705,0.79599035,0.12731339,-1.1433761,0.312483,0.44120827,0.29650378,-0.18615808,0,chr6:160348778:body_of_pancreas:0,TN,0
-4.39784,0.7383014,0.49503198,-0.37937403,0.36693853,-0.85749793,0.42049453,-0.031809054,-0.6319427,0.41228825,1,chr1:226736236:tibial_nerve:0,FN,0
-6.761554,-1.026919,-0.56521213,0.048790995,0.38282463,0.13525875,-0.088616185,-0.15986435,-0.10521342,-0.3082352,1,chr8:60233242:suprapubic_skin:0,FN,0
6.4652524,-1.4429927,-0.4132578,-0.51674616,0.023088323,-0.29597542,-0.26338413,-0.25975227,0.16539021,-0.09222524,1,chr6:31374359:Peyers_patch:0,TP,1
7.3922367,-0.48961064,-0.56227803,-0.71945304,-0.04760568,-0.057248972,0.07364014,0.26930013,-0.081740044,-0.32332,1,chr19:21569427:body_of_pancreas:0,TP,1
-5.2879133,0.13454123,-0.5337091,-0.3963771,0.10694446,0.120596856,0.11401742,-0.5294339,-0.08543005,0.2205267,0,chr1:219347097:body_of_pancreas:0,TN,0
-6.936622,-0.9969936,-0.8261006,0.7291103,-0.20946251,-0.028635902,-0.13212022,-0.25677836,-0.114246115,-0.20712434,0,chr15:45705730:esophagus_squamous_epithelium:0,TN,0
-5.761594,-0.8203122,-0.1866383,-0.36536646,0.57049817,-0.20792225,-0.084322706,-0.33462447,0.27476537,-0.40358996,1,chr11:1652791:testis:0,FN,0
8.04738,0.030546999,-0.64554775,-0.6292529,0.051661972,0.16812079,0.37393227,-0.3456989,-0.3302517,-0.34538463,1,chr6:29705705:Peyers_patch:0,TP,1
-3.2442253,0.5084415,0.13028125,-0.8471979,0.7044404,1.0209452,0.1367141,-0.4521686,0.30705953,0.35010573,0,chr13:43905685:tibial_artery:0,TN,0
-4.858237,0.24677955,-0.4464385,-0.02090199,-0.5363207,0.12548593,-0.24574146,0.34942213,0.45126805,-0.22006212,0,chr4:112638065:body_of_pancreas:0,TN,0
2.378016,-0.12970726,1.6474855,-1.2515233,-1.1379999,-1.0546725,-0.09317969,0.59419656,-0.88693535,-0.22557981,1,chr1:27556965:upper_lobe_of_left_lung:0,TP,1
-2.451868,0.38768572,-0.14973457,0.059703574,-0.581749,1.5378839,0.48015463,0.40781,-0.13254426,-0.16392775,1,chr6:106223515:sigmoid_colon:0,FN,0
-5.1833887,-0.040752247,0.39963153,-0.1957797,0.75826883,-0.79079694,0.34306282,0.14234899,0.076741725,-0.16750799,0,chr22:49918386:prostate_gland:0,TN,0
7.324705,1.7438899,-0.35502517,1.5580001,0.191769,1.2642429,0.25303632,0.08647477,-0.6549938,-0.44978043,0,chr2:95956474:testis:0,FP,1
-3.0862079,1.5434097,0.54576564,-0.6288354,0.32503706,0.018997084,0.12288451,-0.23815231,0.18099715,0.024866847,0,chr15:53197580:spleen:0,TN,0
-4.647323,0.16395566,-0.46252808,-0.6193411,-0.6510466,0.9676918,-0.21980628,0.23273757,0.20529053,0.16487528,1,chr6:106223515:esophagus_muscularis_mucosa:0,FN,0
3.0810497,0.4323252,1.2687534,0.49724603,0.8275783,-0.44514117,-0.118105054,1.7376943,0.63716865,-0.98588216,0,chr16:4254235:Peyers_patch:0,FP,1
-1.0845349,1.8449007,-0.8666127,1.2421365,-0.8004322,-0.72790676,-0.03793852,-0.4223177,0.99065065,0.22669347,0,chr12:58472112:body_of_pancreas:0,TN,0
2.1018643,0.26957825,0.45904374,-0.40934458,0.3329048,1.3094757,-0.028922495,0.75326705,-0.24512026,-1.1668216,1,chr5:22214242:adrenal_gland:0,TP,1
-4.5440454,-0.32037777,0.71138394,-0.2146503,0.63834745,-0.54552424,0.70173866,0.4641183,-0.18893321,-0.038441833,0,chr9:133356489:transverse_colon:0,TN,0
-5.9477696,-0.38820812,-0.5017315,-0.31055266,0.053613428,-0.054631032,-0.06989454,-0.17372942,0.12955958,-0.18372045,1,chr11:1652791:prostate_gland:0,FN,0
5.5079203,0.085029095,-0.1727671,-0.15586361,-0.7918513,0.79522777,0.58363444,0.65942097,0.083652794,0.05506863,0,chr15:33226849:adrenal_gland:0,FP,1
-1.7605305,2.876086,-1.0604256,-0.80774504,-1.3760021,-0.8965586,0.097324535,-0.5594796,-0.25175637,0.08177413,0,chr17:37852040:body_of_pancreas:0,TN,0
-3.828616,1.0824955,0.7823006,-0.5579586,0.09579412,-0.49524942,-0.058393672,0.30251488,-0.120299816,-0.09246088,0,chr16:68264120:body_of_pancreas:0,TN,0
4.029155,-1.3772186,0.60770106,-0.40243742,-1.5389574,-0.2539853,0.36642876,-0.31277993,0.44675088,-0.4527737,1,chr13:20119527:thoracic_aorta:0,TP,1
-4.9877553,-0.2651943,0.5920521,-0.23725508,0.7297668,-0.52806854,0.67384267,0.3477932,-0.07121834,0.032809522,0,chr2:11345104:tibial_artery:0,TN,0
-6.01232,-0.55347484,0.44939303,0.4021201,0.75650597,-0.86504,0.3910016,-0.13358773,-0.23577107,0.19487345,0,chr3:156675401:tibial_nerve:0,TN,0
3.8278484,-0.5046666,1.0440058,0.25970572,-0.47217196,-0.01727463,0.7435703,-0.54855365,-0.6724909,0.53321886,1,chr1:27556965:thoracic_aorta:0,TP,1
-5.2294393,-0.03427263,-0.387005,-0.11031502,0.43677372,-0.11614009,-0.031848613,-0.10128856,0.47809058,-0.010855205,1,chr8:116766330:tibial_artery:0,FN,0
5.3219132,-1.6153908,0.31449884,-0.70276684,-0.38435915,-0.46708915,-0.06753318,0.5126222,0.26393303,-0.24775344,1,chr19:45427778:spleen:0,TP,1
-3.4245281,1.4308474,0.13327171,-0.17707255,0.007467709,0.54834765,-0.40122482,-0.29115033,-0.5308091,0.3703238,1,chr3:56987764:esophagus_squamous_epithelium:0,FN,0
-6.5488734,-0.74196815,-0.87670445,0.26693073,0.16070631,0.34293577,0.29740307,-0.41234556,-0.17835559,-0.03842149,0,chr1:150363696:esophagus_muscularis_mucosa:0,TN,0
6.4198046,0.3357159,-0.63712776,1.7275528,0.92618495,0.38657525,-0.9740521,0.44700614,-0.2182672,0.22949396,0,chr1:84753658:Peyers_patch:0,FP,1
3.678575,1.027924,0.90632725,1.4019035,1.1531485,0.062016636,0.37036175,-0.12569998,1.3983581,-0.30906126,1,chr14:77027452:gastroesophageal_sphincter:0,TP,1
7.4711804,1.2577668,-0.8168469,-0.67042834,-0.24069922,-0.58633983,0.28157932,-0.12410993,-0.096377425,0.012427964,0,chr9:117607300:body_of_pancreas:0,FP,1
6.8355846,-0.7251794,0.44387573,0.19106814,-0.5478685,-0.35674915,-0.21328315,-0.7508185,-0.57462,-0.3148242,1,chr16:85086903:adrenal_gland:0,TP,1
5.9737515,1.3055937,-1.1238526,-0.12227949,0.1650419,-0.06448528,-0.37428644,0.63665473,0.1531574,0.028549103,1,chr15:40074737:body_of_pancreas:0,TP,1
2.9611137,-0.44553632,2.3247845,-1.2238694,-0.3187208,-0.09538995,-0.2887755,0.72616035,0.10568173,0.43289813,0,chr17:63835031:gastroesophageal_sphincter:0,FP,1
-4.180636,-0.54524404,0.10304798,-0.9687612,-0.86155725,0.3947199,-0.7165116,0.42825335,-0.55938375,-0.350492,0,chr17:64074419:body_of_pancreas:0,TN,0
5.8845735,-1.5106897,0.6148282,0.39983115,-0.4063933,-0.3580005,-0.36634025,-0.2976827,0.023931647,0.021531764,1,chr8:41651698:prostate_gland:0,TP,1
-1.1591381,0.8423597,0.85165775,-0.80113804,0.19741303,1.8057451,-0.6057378,-0.067725055,0.80227894,0.47274536,0,chr21:30341086:prostate_gland:0,TN,0
7.756718,-0.30435088,0.0714581,0.34961966,0.24286017,0.09462986,0.3045008,-0.17385603,0.24876048,-0.5015822,1,chr17:45585364:adrenal_gland:0,TP,1
-5.0777164,0.27062932,-0.892107,1.0440843,-0.36966175,-0.46443817,0.07985628,0.19500592,0.3796896,-0.30565047,1,chr22:20028091:body_of_pancreas:0,FN,0
7.2446547,0.9001879,0.49644133,0.058815394,-0.08624339,1.2964386,0.3941966,0.67262703,-0.1741952,-0.45124397,0,chr11:26754057:esophagus_muscularis_mucosa:0,FP,1
-6.3545585,-1.1578126,-0.60622746,-0.18331692,0.39088064,0.5821995,0.02232192,-0.25878775,0.053719524,-0.053224757,0,chr14:20609415:Peyers_patch:0,TN,0
-4.283119,1.5501187,-0.86922723,-0.0415724,-1.1029466,-0.06907183,-0.18498276,-0.6788885,-0.2677546,0.07684355,0,chr16:76906820:body_of_pancreas:0,TN,0
-6.5233674,-1.1669065,-0.9535754,0.87299234,-0.36063123,0.5461442,0.5613996,-0.21534298,0.41251117,0.2571624,0,chr9:105609267:transverse_colon:0,TN,0
-6.091397,-1.3049049,-0.47263417,0.50834495,-0.031203473,0.5026691,0.49104932,0.29472837,-0.09470843,0.44633168,1,chr16:21935488:upper_lobe_of_left_lung:0,FN,0
6.0466437,0.27901542,1.6369401,0.6871564,-0.2709263,-0.08265821,0.6346184,-0.36641425,-0.57261145,-0.23675261,1,chr18:75856:tibial_nerve:0,TP,1
-4.7937684,-0.39629203,0.1613769,-0.47497356,0.5108102,0.21026081,-0.5055993,-0.26017186,0.22867034,0.20522603,0,chr6:3826063:gastroesophageal_sphincter:0,TN,0
-4.9178796,0.70582926,-0.031717297,-0.36971736,0.36540025,-0.33511904,0.46448126,-0.46556318,-0.22419539,-0.08180372,0,chr17:82497277:gastroesophageal_sphincter:0,TN,0
-5.118554,-0.012671359,-0.022604957,-0.2644457,0.882785,-0.21558943,0.015921135,-0.22200665,-0.021460969,-0.42941773,0,chr6:6008625:tibial_artery:0,TN,0
7.4510164,-0.2521539,-0.827449,0.39211416,0.38716713,0.06724695,0.32387263,-0.027596671,0.09403143,-0.3552812,1,chr2:196068383:body_of_pancreas:0,TP,1
6.8270516,-1.2263688,-0.7196809,-0.32623133,0.1054133,0.06403638,0.157381,-0.5630832,0.64557385,-0.3308013,1,chr3:81292180:thoracic_aorta:0,TP,1
-5.2395897,-0.31374672,-0.3119409,-0.4216346,0.53409183,0.3872167,-0.05965795,-0.32035527,0.035632215,-0.29394293,1,chr4:119212065:gastroesophageal_sphincter:0,FN,0
-5.994877,-0.6986196,0.43774584,0.14959432,0.627632,-0.7971861,0.26428986,-0.24217902,-0.048118036,0.14682397,0,chr14:104137797:prostate_gland:0,TN,0
-7.2604985,-1.707483,-0.82870036,0.60938597,0.2176957,0.43061683,0.37626565,-0.11170887,-0.24018551,0.029291624,1,chr10:89030249:prostate_gland:0,FN,0
5.0961304,-0.8050702,1.3501083,0.4761493,-0.17934515,-0.69471097,0.88736314,0.44745803,1.3943297,-0.506448,1,chr9:63859743:body_of_pancreas:0,TP,1
4.865578,0.43648028,1.7256225,0.8329427,-0.21266903,-0.4327552,0.20495652,0.7222511,-0.8233561,-0.39962405,1,chr9:112890745:body_of_pancreas:0,TP,1
-5.471015,-0.43193144,-0.13601114,-0.36660367,0.9301359,0.046960067,0.086814396,-0.3261532,-0.28595352,-0.18831894,0,chr6:26171990:tibial_artery:0,TN,0
-6.349508,-1.0992796,-0.86085194,0.57865864,-0.19107763,-0.02336433,0.26191464,0.056395948,-0.08692734,0.24522169,1,chr1:245045785:transverse_colon:0,FN,0
-4.695482,-0.47920403,-0.088034734,-0.44611305,0.87700146,0.3239128,0.3931266,-0.19870016,-0.080344304,-0.06674831,0,chr1:48498745:adrenal_gland:0,TN,0
-4.1168914,-0.19206375,-0.29718038,-0.18147823,-0.10373344,0.38899377,-0.65933263,0.31404522,0.58472383,-0.2914117,1,chr16:4548780:tibial_nerve:0,FN,0
-4.8917823,-0.7720772,0.4903641,-0.6007019,0.15259466,0.2445399,0.52241665,0.5019371,0.3115905,0.6370966,0,chr3:169149117:transverse_colon:0,TN,0
5.306103,1.3352557,-2.5175493,-2.2149892,0.8872391,-1.0855078,0.4509493,0.33816168,-0.6387855,0.72820693,1,chr17:25564496:adrenal_gland:0,TP,1
5.8632126,-0.079351656,0.20849146,0.63561356,-0.4517334,0.5002106,0.110980384,0.11169865,0.86572623,-0.7020389,0,chr7:90757292:body_of_pancreas:0,FP,1
4.7487597,0.18090723,0.99250597,-0.12631555,-0.9310514,-0.54055977,0.72101176,-0.30868116,-0.78198534,-0.2108897,1,chr1:27556965:Peyers_patch:0,TP,1
6.6294613,-0.7702593,-0.4821355,-0.2503861,-0.57103145,0.28573155,0.6681111,-0.03357941,-0.26997522,-0.7668236,1,chr10:38653055:adrenal_gland:0,TP,1
-5.506534,0.4821127,-1.4276625,0.27247742,-0.8017151,-0.05384106,0.29335845,-0.19391227,-0.40111375,-0.28419206,0,chr8:19257625:upper_lobe_of_left_lung:0,TN,0
6.7394257,-0.7050467,0.07244807,0.32139346,-0.0015425972,0.49869967,0.6464853,-0.01837626,1.1721563,-0.35160047,1,chr20:53943966:upper_lobe_of_left_lung:0,TP,1
-4.7606564,-0.116366185,-0.45507744,0.14863454,-0.2589215,-0.7211455,-0.33333454,0.18909505,0.61878824,-0.09387579,0,chr2:116510398:transverse_colon:0,TN,0
-5.4998703,0.37445697,-0.9790777,0.42181256,-0.59757984,-0.37808126,0.33171654,-0.053780816,-0.13253862,-0.28338745,0,chr17:1724503:tibial_nerve:0,TN,0
-4.084122,1.4412048,-0.17440721,0.7512126,-0.51335967,-0.29927164,-0.6072569,-0.65937024,0.05344693,0.5211489,1,chr6:105318017:spleen:0,FN,0
7.033184,1.1570135,-0.117882416,1.2818748,-0.13982879,1.0323662,0.13232318,-0.68605334,-0.14220124,-0.14267963,1,chr18:56389368:body_of_pancreas:0,TP,1
-3.539298,1.4132646,0.9028706,0.08740707,0.37347406,-1.0495446,-0.29458743,-0.3705259,0.28815624,0.08830943,1,chr5:178730754:omental_fat_pad:0,FN,0
6.366249,-0.28627726,1.6960696,0.6177701,0.1450732,-0.23813376,-0.5874031,-0.26773286,-0.20951979,0.43613937,0,chr1:6423522:thoracic_aorta:0,FP,1
-0.07458623,-0.04264692,-0.26346138,-0.30333757,-0.77500546,0.61883456,-0.99616444,0.009468956,0.4842477,0.30638,0,chr2:40760068:gastrocnemius_medialis:0,TN,0
-3.1066964,1.752743,-0.5395126,0.44957307,-0.64531535,0.16185409,-0.06598664,0.041719113,0.20634232,-0.647921,0,chr19:3627762:body_of_pancreas:0,TN,0
7.2395263,0.9618397,0.55823314,1.161029,0.492654,1.2030976,0.04058062,0.17108557,-0.6936721,-0.28170583,1,chr5:4295869:gastrocnemius_medialis:0,TP,1
0.25763825,1.4541398,2.0510952,-0.09937718,0.41829547,-1.1842824,-0.43439677,0.26329473,-0.48187393,-0.36393434,1,chr18:597094:Peyers_patch:0,FN,0
-4.1377296,1.1057583,0.51782674,-0.4931709,0.5549963,-0.40995044,0.076959394,-0.14417301,0.040362194,-0.4049192,0,chr7:55019445:prostate_gland:0,TN,0
-3.9206405,0.56953704,0.3907567,-0.28682795,1.143037,-0.2777566,0.16696551,-0.11422158,0.2272333,-0.49908692,0,chr11:11622213:tibial_artery:0,TN,0
7.6711493,0.9638671,-0.0100494195,0.5538603,0.5003287,1.5182018,-0.08070328,0.3222575,-0.32415518,-0.29124555,1,chr4:98093069:body_of_pancreas:0,TP,1
-1.667811,1.9094954,0.44198748,0.18034358,-0.32127273,0.72865933,-0.6549784,-0.44722074,0.43859157,0.73527354,1,chr6:137697537:Peyers_patch:0,FN,0
-1.2424301,-0.01106084,0.9647658,-1.4067833,-1.0960389,-0.3858628,-0.392833,0.79532856,0.34853727,0.6728584,0,chr13:40993520:body_of_pancreas:0,TN,0
-2.7869964,-0.0072334856,1.0644096,-0.02204326,0.20665434,-0.35162568,0.8407233,0.077772476,1.2781295,0.92959756,0,chr1:183635016:thoracic_aorta:0,TN,0
-0.61876655,0.7555088,1.0200342,0.43615472,0.40537003,-0.5146227,-0.5371938,-0.56655616,0.9628411,0.5440481,0,chr20:49608820:tibial_nerve:0,TN,0
3.8801982,-0.9833099,1.6564399,-0.019752994,0.17561287,-1.1009607,0.33743015,0.6048016,1.6387874,0.044137463,1,chr6:3259228:Peyers_patch:0,TP,1
-2.7469833,1.491188,-1.6826375,-0.03862779,-0.899038,0.4613893,-0.45096576,0.07279086,-0.6784903,-0.7176622,1,chr2:168375394:upper_lobe_of_left_lung:0,FN,0
4.6383843,1.5324031,1.8126338,-0.12980725,1.0823065,1.2739433,0.36175942,-0.09868332,-0.48508948,-0.05531029,0,chr6:73733200:esophagus_muscularis_mucosa:0,FP,1
5.2515383,1.0564455,0.36803907,0.1549515,-1.6095186,0.50611174,0.56137925,-0.6661396,-0.6282437,-0.37911007,1,chr12:33993:upper_lobe_of_left_lung:0,TP,1
7.2423434,-0.39064664,0.5779269,0.6677424,0.29093006,-0.06282287,0.2957915,0.1218108,0.5403485,-0.4358048,1,chr6:3259228:esophagus_squamous_epithelium:0,TP,1
-0.2421507,0.68416804,1.5999482,1.0571749,-0.011183452,-1.2291487,-0.7656822,0.3753504,0.48900384,0.26513016,0,chr2:10721169:upper_lobe_of_left_lung:0,TN,0
5.102345,-0.95981675,-0.31665456,-0.044448987,-0.5814724,0.08650367,0.16710827,0.18007122,0.1724341,-0.559239,0,chr20:43448755:spleen:0,FP,1
-6.4480743,-1.3726343,-0.46737444,0.2939529,-0.26103097,0.050563484,-0.25843292,-0.08075477,0.3171734,0.23508874,1,chr3:16550863:prostate_gland:0,FN,0
4.3825436,-0.5564937,2.2081265,0.67038894,0.816573,-0.3970742,-1.135064,0.087296575,-0.9119833,-0.5845296,0,chr7:2064001:transverse_colon:0,FP,1
-4.0882096,0.27411568,-0.4702679,0.07272847,-1.317932,0.25968975,0.15279512,-0.073694706,0.15780507,0.56087554,0,chr3:195851784:upper_lobe_of_left_lung:0,TN,0
-1.6120691,0.5387728,0.6688243,-1.1723949,-0.14407635,1.6131797,0.354217,0.28297547,0.36470583,0.24260761,0,chr1:26597816:prostate_gland:0,TN,0
6.4318786,0.79894453,-2.7136736,-1.6095031,1.0196762,-1.0731392,0.52725786,0.48887232,-0.52449006,0.8044984,0,chr17:23378824:prostate_gland:0,FP,1
-4.391562,0.45669657,0.13100591,-0.49271876,0.67984384,0.31395867,0.4007043,-0.18129624,-0.011806462,0.2641364,0,chr6:32177427:esophagus_squamous_epithelium:0,TN,0
-4.665735,-0.115134284,0.9557235,0.520695,0.3126721,-0.9489819,0.628394,0.20967242,-0.25890025,0.29630673,0,chr3:131027020:upper_lobe_of_left_lung:0,TN,0
-4.7442894,0.85295326,-0.6839315,-0.29429013,-0.3446266,-0.16861972,-0.124349326,-0.41425744,0.26302382,-0.8809137,0,chr10:11472145:body_of_pancreas:0,TN,0
-3.8762405,-0.57816607,1.0297854,0.112140335,1.1881881,0.12787682,0.39822638,0.45810217,-0.122309394,0.5894713,0,chr3:12993182:upper_lobe_of_left_lung:0,TN,0
-4.404972,1.1771564,-0.5911519,-0.24741109,-0.54925674,-0.42744046,-0.10951031,-0.2208723,-0.12925914,-0.6646988,0,chr17:57857932:transverse_colon:0,TN,0
-2.5241535,-0.18369013,0.3018481,-1.1844553,0.12866072,0.29081178,-1.1097306,-0.023131516,0.98990047,-0.53266454,1,chr7:120989215:gastroesophageal_sphincter:0,FN,0
-5.856548,-0.28527012,-0.44958675,-0.061247475,0.46261653,0.2083275,0.20532043,-0.46822837,-0.30725196,0.19845565,0,chr1:165592941:gastrocnemius_medialis:0,TN,0
3.335696,0.47580424,1.1790212,-0.04348953,-0.11673236,0.5586758,0.53825307,0.018792212,-0.92991316,-0.35141495,1,chr3:157077735:tibial_artery:0,TP,1
2.2567313,0.7132938,1.9018445,1.2108492,0.16583966,-0.4991566,-0.051208712,-0.24159552,0.33327007,0.0008431837,0,chr19:19342711:tibial_artery:0,FP,1
-5.355724,-0.21358243,0.011097683,-0.37233162,0.7543841,-0.30779895,0.26162562,-0.089327924,-0.2538091,-0.08925269,0,chr9:77648932:prostate_gland:0,TN,0
7.2088056,-0.5664571,0.2504089,0.14794499,-0.22039877,-0.19701093,-0.1847106,-0.78719324,-0.46981043,0.16506949,1,chr7:100965858:transverse_colon:0,TP,1
-3.5421743,0.75164,0.5199638,-0.25097674,0.06468452,0.31217024,-0.6330496,-0.8381852,-0.22509718,0.55097455,1,chr6:131199853:transverse_colon:0,FN,0
-6.189211,-1.2124003,0.23878863,0.21609299,0.9679285,-0.25763482,0.34621513,0.21527414,-0.32252893,-0.051268753,0,chr19:33226725:upper_lobe_of_left_lung:0,TN,0
6.0809445,0.6544236,-1.8760291,1.4685754,1.4737391,0.03706834,-0.34985262,0.13281652,-0.5743673,0.52091473,1,chr11:121379397:body_of_pancreas:0,TP,1
6.7397614,-0.2830824,0.78457284,0.48694295,-0.5917011,-0.0415237,0.62224716,0.08054368,-0.18147494,-0.35342863,1,chr3:75723673:esophagus_squamous_epithelium:0,TP,1
3.9233189,2.410368,-1.6222954,-0.11985285,0.47762105,-0.8650496,-0.5487232,0.48387393,0.42479113,0.5799671,1,chr17:74908021:esophagus_squamous_epithelium:0,TP,1
0.7452549,-0.01627885,2.4042814,0.36057055,0.36168978,-0.688473,-0.19783737,0.29958597,-0.64186555,0.09882383,0,chr22:50806814:sigmoid_colon:0,TN,0
7.459379,-0.40735584,-0.99071443,-1.4069644,0.074923195,-0.35020047,0.12627764,-0.37831947,0.13407432,0.111036904,1,chr7:142521135:upper_lobe_of_left_lung:0,TP,1
3.760845,0.1794634,2.6327035,0.80746484,-0.1747252,-0.33014277,0.1105813,-0.40761882,-0.10380001,0.3298643,1,chr6:169655219:Peyers_patch:0,TP,1
-5.5749106,0.30447897,-0.77578247,-0.30524015,-0.32612294,0.20875704,-0.042081434,-0.73294425,-0.14993942,0.0075214943,0,chr9:83583147:body_of_pancreas:0,TN,0
6.5010004,-1.4453242,-0.13074544,-0.40719453,-0.13755657,0.016806828,-0.08341854,-0.4785081,-0.23767522,-0.36004305,1,chr9:42974893:spleen:0,TP,1
7.50598,0.07671464,-0.26735204,-0.52371913,-0.07500793,0.5173005,0.2622675,-0.07383024,-0.2255452,-0.22593099,1,chr9:62609408:prostate_gland:0,TP,1
0.25787792,1.9880817,1.4489883,0.26031446,-0.5743357,-1.7534795,-0.38953483,-0.36412713,0.1527281,-0.08433888,0,chr7:2525633:body_of_pancreas:0,TN,0
6.7626038,-0.54511577,0.8046666,0.8364411,0.36790287,-0.18919526,0.20904605,0.13709387,0.67171484,-0.46107286,1,chr6:3259228:prostate_gland:0,TP,1
7.8329444,0.6369404,-2.0578732,-0.3181035,1.1753364,-0.45910734,0.3651957,0.36654994,-0.6007031,0.34437913,1,chr17:22909996:esophagus_squamous_epithelium:0,TP,1
6.0598693,0.25386825,-0.37185284,1.3064251,0.08593417,0.25963786,0.99303466,-0.5719197,1.1173767,0.70474166,1,chr6:46877329:body_of_pancreas:0,TP,1
0.76937413,0.3313911,0.74764216,-0.6606812,0.73313814,1.1582919,-1.0248953,0.13149622,1.0136346,-0.016009057,1,chr1:84433767:esophagus_squamous_epithelium:0,FN,0
-6.6955276,-1.6079043,-0.8646492,0.64163566,-0.07072022,0.8216437,-0.18879507,0.15962216,0.080538124,-0.5194666,0,chr10:178314:tibial_artery:0,TN,0
7.4382143,-0.016684176,-0.46460384,0.73931575,0.55462664,0.56072134,-0.358504,0.040442478,-0.20175633,0.113506064,1,chr6:43386692:testis:0,TP,1
4.721839,0.013860013,0.10708079,0.62708586,0.8807352,0.43902093,-0.7027336,0.71618813,0.59752274,0.7871065,1,chr5:53430917:adrenal_gland:0,TP,1
-0.85740644,2.0239053,-0.3703331,0.6584613,-0.6710454,-1.2836409,-0.486433,0.16221893,0.33649793,0.10073053,0,chr8:94009288:transverse_colon:0,TN,0
7.008867,-0.22054827,0.19720209,0.66689575,-0.44132188,0.23513639,0.87345594,-0.6775174,0.31302157,-0.5595623,0,chr8:102730992:prostate_gland:0,FP,1
-4.761336,0.9690757,-0.08293162,-0.54200965,0.48523182,-0.44467115,0.13412978,-0.58948195,-0.16797784,-0.3933865,1,chr9:89310799:thoracic_aorta:0,FN,0
5.345833,1.7997684,0.1232496,0.99852353,-0.30703393,1.9238507,1.0228872,-0.43183675,-1.2350296,-0.40716395,1,chr15:98081024:Peyers_patch:0,TP,1
6.6659884,-0.44852498,-0.8594553,-1.6114594,0.0015841804,-0.49236873,-0.31042674,0.3156915,-0.049472243,0.29764774,1,chr7:63016040:spleen:0,TP,1
-2.9791193,0.9181427,0.4657108,0.16460045,0.8780742,0.87556547,-0.8018796,-0.38789225,0.22956553,-0.022475285,0,chr3:37968257:body_of_pancreas:0,TN,0
-1.686712,0.9242019,-0.27918702,-0.4666333,-1.2967085,0.3961053,0.34750763,0.30842882,0.0053254156,0.16797552,0,chr16:1707616:transverse_colon:0,TN,0
-5.605609,-0.52744967,-0.4499905,-0.08718447,0.36978334,-0.07397433,-0.22426368,-0.12937412,0.2811457,-0.47670707,0,chr1:201878136:tibial_artery:0,TN,0
-4.3243694,0.52537185,-0.7864871,0.51963913,-1.0291729,0.16760017,0.45068172,0.11384716,0.35648128,-0.67919886,0,chr10:87203579:testis:0,TN,0
6.427823,-1.3081946,-0.94827586,-0.5632105,0.12894742,0.04126358,0.13834956,-0.46486303,0.56294876,-0.4135767,1,chr2:53940959:prostate_gland:0,TP,1
7.829222,0.6944685,-0.4119606,0.22614448,-0.6101786,1.0343596,0.8282258,0.0060277595,-0.08487142,-0.5187021,1,chr5:123274158:thoracic_aorta:0,TP,1
5.9220285,-0.64261526,-0.35722265,0.033211622,-0.3842142,0.7108667,0.6246763,-0.57049537,0.53407323,-0.79282236,1,chr15:77077965:transverse_colon:0,TP,1
6.8661475,-1.2321993,0.10493861,-0.07808812,-0.16756304,-0.18623546,0.02282597,-0.6529232,-0.34182107,-0.20180096,1,chr12:8390645:spleen:0,TP,1
6.6538606,0.6330421,-2.6470778,-0.96611726,1.3760147,-1.0265031,0.34873584,0.65861696,-0.23312171,0.99575675,1,chr17:25564496:esophagus_muscularis_mucosa:0,TP,1
-7.0406237,-2.0945532,-0.5054789,0.35197014,-0.08015257,0.24325551,-0.21546613,0.22141148,-0.04194222,-0.02147912,0,chr2:242181884:body_of_pancreas:0,TN,0
6.897429,-0.9119219,-0.46215037,-0.7115196,-0.13473669,-0.19512399,-0.23160923,-0.42817143,-0.1705034,-0.15677276,1,chr7:22550492:tibial_artery:0,TP,1
-3.6911361,-1.702577,0.68891907,0.029905751,-0.7217505,0.3147645,1.1599565,0.024395846,-0.29963666,1.2191418,1,chr1:27556965:suprapubic_skin:0,FN,0
-5.1585364,0.5893094,-0.9504761,0.045627646,-0.79714835,0.3375581,0.088529296,-0.3779089,-0.26687068,-0.29719314,0,chr11:60450347:body_of_pancreas:0,TN,0
-8.202737,-2.8437366,-0.41689944,1.0202729,0.6761435,-0.33966044,-0.030906375,-0.0776739,-0.40015453,0.124262,0,chr3:11272223:esophagus_muscularis_mucosa:0,TN,0
1.4016505,0.6664526,-0.32549492,2.0742934,0.3187525,0.7731249,-1.4665468,-0.32352558,0.53701127,0.30629984,0,chr17:47831235:spleen:0,FP,1
6.725523,-0.7546748,-0.1066083,-0.24687457,0.055676453,0.41851866,-0.57440925,0.43112504,0.010422794,-0.11970283,1,chr9:17531876:Peyers_patch:0,TP,1
5.727962,-1.4563158,0.05568701,-0.41202337,-0.0973087,-0.45162776,-0.19046962,0.627568,0.37155193,-0.28367794,1,chr19:45427778:thoracic_aorta:0,TP,1
7.6766987,-0.5091728,-0.8819101,-0.39333105,0.2770607,-0.4300856,0.044364948,-0.31466854,-0.045138847,0.025225522,1,chr3:75785419:tibial_nerve:0,TP,1
2.2886066,0.75649387,-0.66623706,-0.4816701,-0.46324968,0.3761828,0.18968941,2.4831777,-0.13665749,-1.2143425,0,chr16:2874817:transverse_colon:0,FP,1
6.757854,-1.2946504,-0.2706916,-0.6720096,-0.15556028,-0.27054736,0.093650304,-0.23380473,0.28614053,-0.37432206,1,chr10:96641123:transverse_colon:0,TP,1
4.239432,-1.2095703,1.7304292,-0.34159392,-0.29057708,0.33910865,0.4447745,0.32576948,0.25004867,-0.34009644,1,chr8:23472531:esophagus_squamous_epithelium:0,TP,1
-3.842723,1.2101486,-0.6077414,0.03760929,-0.031119132,-0.056761142,-0.5128984,-0.011816756,0.21379699,-0.63997155,0,chr6:26474513:lower_leg_skin:0,TN,0
-4.7545414,0.4583738,-0.7242385,-0.5483134,-0.64819723,-0.0037850612,-0.3628262,-0.7047995,0.5940658,-0.39091793,0,chr10:55926452:body_of_pancreas:0,TN,0
-3.5098891,1.1015127,0.5455689,0.19425958,-0.38697395,-0.4968672,-0.49802676,-0.83280766,-0.3693091,-0.14560525,0,chr16:67967543:body_of_pancreas:0,TN,0
7.188345,-0.5250074,-0.0714287,0.25549915,-0.28277606,0.045981526,0.678817,-0.37331435,-0.5167474,-0.6923782,1,chr12:52949266:body_of_pancreas:0,TP,1
6.9988647,-0.80664533,-0.11070278,-0.5845688,-0.10364013,0.15529396,0.16724518,-0.3407455,-0.30437133,-0.1532894,1,chr6:29705705:prostate_gland:0,TP,1
-5.6877427,-0.13432403,-0.24033113,-0.22147566,0.24473977,-0.26060262,0.30559987,-0.21948884,-0.2302347,-0.34149122,0,chr17:1187510:gastroesophageal_sphincter:0,TN,0
7.4885836,-0.34412912,0.2314603,0.49097574,0.26933956,0.21649353,0.4761374,-0.4628583,0.25378242,-0.63324547,1,chr15:79896760:Peyers_patch:0,TP,1
6.907867,-1.028288,0.7746258,0.24009132,-0.047157135,-0.22142456,0.12588824,-0.3541061,0.34575936,-0.28761834,1,chr9:42852316:body_of_pancreas:0,TP,1
1.1748412,0.4342332,1.8762959,-1.2008662,0.16502564,0.5044619,-0.2576266,1.0220488,-0.19057095,0.4314468,0,chr14:71188151:tibial_nerve:0,TN,0
-4.1905932,0.7843996,0.2632353,-0.6478818,0.03581129,-0.1317047,-0.7745148,-0.71347576,0.048174083,-0.020649573,0,chr1:206107040:tibial_artery:0,TN,0
5.9454885,-1.4466027,0.07937691,-0.74710035,-0.14007571,-0.34001988,-0.18486696,0.35145894,0.08813393,-0.3076471,1,chr19:45427778:tibial_nerve:0,TP,1
-1.6107434,1.3489581,-0.5281003,-0.36847934,-0.88340944,-0.37018263,0.91756094,1.1914148,0.6153728,-0.3358079,0,chr19:52526944:spleen:0,TN,0
2.434035,-1.5077257,0.4413776,-2.0108805,-1.142545,0.0120656565,-0.97686136,0.108508445,0.32690123,0.35289595,1,chr9:17531876:omental_fat_pad:0,TP,1
7.8361335,0.22735323,-1.5496423,0.18010774,0.89162946,0.105417244,-0.05594992,-0.09188167,-0.047818504,0.012894487,1,chr10:38653296:spleen:0,TP,1
-3.956393,1.4878613,0.39751202,-0.11929209,0.17487356,-0.040161964,-0.059390195,-0.4523012,-0.10487335,0.05353385,1,chr7:105532581:prostate_gland:0,FN,0
-5.221788,0.33358717,-0.7574508,-0.43915138,-0.7262579,-0.04244254,-0.2801728,-0.3402248,-0.077418655,-0.30844605,0,chr6:11145711:body_of_pancreas:0,TN,0
-6.9100785,-1.0575101,-0.7677795,0.599616,0.08900981,-0.16420817,0.17813869,-0.23976584,-0.49781674,0.028816532,0,chr3:14921124:thoracic_aorta:0,TN,0
7.042655,-0.6138997,-0.6232234,1.065283,0.71428096,0.04407646,-0.37228987,-0.15528545,-0.01270706,0.32948494,1,chr17:21322681:body_of_pancreas:0,TP,1
6.270049,-1.3281318,-0.61146647,-1.2765226,0.13568686,-0.08749365,-0.2573078,-0.04798312,-0.007021605,-0.07227372,1,chr11:60251676:tibial_artery:0,TP,1
-1.1642816,1.9111065,1.8595916,0.015611694,0.11259348,-0.6276206,-0.52150404,-0.81702334,-0.43846127,0.62338096,0,chr22:43159583:transverse_colon:0,TN,0
-1.0493284,1.303501,1.8094816,-0.4883693,0.52729005,-1.0904813,-0.31050134,-0.26361766,-0.32099712,0.039917205,1,chr18:597094:body_of_pancreas:0,FN,0
2.6830318,1.470314,1.9459538,-1.1477538,0.8271011,0.86585015,0.63156813,-0.047958303,-0.19311333,0.31888884,1,chr5:113606641:adrenal_gland:0,TP,1
6.906847,-0.8500311,-0.3476176,-0.71068054,-0.059811022,0.09498117,0.0016239417,-0.33137572,-0.3362546,-0.20247255,1,chr6:29705705:gastroesophageal_sphincter:0,TP,1
5.4885454,1.5789434,-0.1780746,1.1257621,0.37289748,1.4357189,-1.0019604,0.36034638,-0.0157194,-0.12313639,0,chr2:25852638:Peyers_patch:0,FP,1
-3.0247378,1.0083932,0.14360215,0.20270936,-0.43939912,-0.15938067,0.050744753,0.11444959,0.42534608,-0.20629449,0,chr12:124347927:gastrocnemius_medialis:0,TN,0
-4.843857,0.20495921,-0.46117845,-0.5445801,0.3666819,0.5192593,0.30728504,-0.16458054,-0.111201055,0.11028972,0,chr13:50513189:adrenal_gland:0,TN,0
-6.5434585,-2.8236902,-0.5399685,0.92392826,-0.03284236,0.547677,0.20257485,0.1923088,0.6734711,0.5020814,0,chr7:38222730:transverse_colon:0,TN,0
7.213313,-0.8895481,-0.30083987,0.03241946,0.10262207,-0.12485291,0.17129835,-0.60058266,-0.14002338,-0.3496134,1,chr11:47642443:tibial_artery:0,TP,1
-6.768093,-1.3708274,-0.16902083,0.21081463,0.36037534,-0.12427987,-0.123091415,-0.014951584,-0.42336565,-0.07646131,0,chr1:205230071:prostate_gland:0,TN,0
0.24927208,2.3791072,1.7247907,0.80992943,0.37543637,-1.3945981,0.24781854,0.088214755,0.16091879,-0.094052866,1,chr17:49764139:tibial_artery:0,FN,0
-3.805985,1.4693075,0.14463921,0.41805968,0.049802475,-0.72990257,-0.14915612,0.06790796,-0.26407167,-0.6578162,0,chr4:39698552:transverse_colon:0,TN,0
5.7026634,-0.6822059,1.533473,0.74429756,-0.57244945,-0.2655665,0.032391287,-0.31872147,-0.47851378,0.19280945,1,chr5:179213127:thoracic_aorta:0,TP,1
-3.0855792,1.6368927,-1.1661214,-0.27987698,-1.0580214,-0.4158246,-0.18788293,-0.14373888,-0.6467381,-0.5743679,0,chr19:122313:transverse_colon:0,TN,0
2.5042055,-0.6287025,0.23885296,0.12399251,-0.4520949,0.76019144,-0.4338971,0.17276484,0.7722628,0.35479656,1,chr1:16742306:tibial_nerve:0,TP,1
0.8450261,1.6447375,-0.427675,-0.20110036,-0.8377563,0.067118414,-0.87959576,0.9188108,0.5622615,0.045071013,0,chr8:19869935:body_of_pancreas:0,TN,0
-5.996498,-1.2819792,-0.28494585,-0.23587902,0.542152,-0.20318395,-0.11002723,-0.23346326,0.33551428,-0.36345148,1,chr11:1652791:sigmoid_colon:0,FN,0
6.1486454,-1.389531,-0.37728608,-1.197826,0.07814464,-0.009554813,-0.16330409,0.025767362,0.031681355,-0.06415112,1,chr11:60251676:adrenal_gland:0,TP,1
7.938706,0.07371637,-1.3323231,-0.9189976,0.4924274,-0.18674609,0.03670504,-0.30365828,-0.42251322,0.117250614,1,chr2:86221296:sigmoid_colon:0,TP,1
6.679584,1.2209997,-0.0011554527,1.0277714,-0.40875876,0.8907715,0.8008328,-0.8363333,-0.09287657,0.47882873,1,chr4:24783719:body_of_pancreas:0,TP,1
-6.2832384,-1.2747736,-0.63080543,0.5365298,0.1011078,0.59300953,0.5539193,0.45701885,-0.29048148,-0.16838701,0,chr2:196337682:tibial_artery:0,TN,0
-5.8588023,-0.05019886,-0.5055026,0.49366292,0.23409873,-0.51967925,0.34829542,0.03638116,0.21667652,-0.6860633,0,chr15:78873098:lower_leg_skin:0,TN,0
-6.63676,-1.1339735,-0.36809242,0.29717967,0.5713781,-0.50118995,0.15043987,0.03470942,-0.037985213,-0.40080333,0,chr6:125153992:upper_lobe_of_left_lung:0,TN,0
-5.0966425,-0.9020129,0.4159641,-0.29304844,0.96521753,0.3611511,0.25185108,0.30887496,-0.2257664,-0.22819242,0,chr9:98998958:Peyers_patch:0,TN,0
-5.56405,-0.015279884,-0.77462566,-0.36092785,-0.8025315,0.119486116,-0.3081332,-0.20973134,-0.15642343,0.07789762,0,chr7:76356776:prostate_gland:0,TN,0
-2.329929,1.2062709,-0.37223044,-0.17989866,-0.6859387,0.75273216,-0.3565993,0.18522194,-0.39496508,-0.6044295,0,chr2:35410573:esophagus_muscularis_mucosa:0,TN,0
-4.668154,0.2656299,0.472979,-0.26303616,0.907212,-0.63506126,0.22934514,0.15602909,0.1644603,-0.14594921,0,chr12:123458392:adrenal_gland:0,TN,0
-3.8862808,1.1257212,0.17298129,-0.24156141,0.6313239,-0.31342956,-0.16407044,-0.61815876,-0.1165698,-0.430616,0,chr5:140647718:testis:0,TN,0
6.9015985,-1.0380871,0.50682557,0.21365553,0.16824603,-0.3619036,-0.0646563,-0.36290786,0.5422716,-0.037430182,1,chr9:42852316:upper_lobe_of_left_lung:0,TP,1
2.9771285,-1.2492837,2.2276545,-0.6354476,-1.3315328,-0.7868388,-0.75577354,0.33618876,-0.51156896,0.18333006,0,chr22:49062608:body_of_pancreas:0,FP,1
-7.516257,-2.5428016,0.030962776,1.344721,0.38352558,-0.85520333,0.0025699579,0.48255116,-0.13796812,-0.21898934,1,chr9:33167269:body_of_pancreas:0,FN,0
-4.005947,1.1539706,-1.1070966,-0.18275453,-0.90354115,-0.2785567,-0.0020978826,-0.12385107,0.5784967,-0.20599249,0,chr4:38783176:tibial_artery:0,TN,0
-4.1765437,0.6174899,0.031660587,-0.79145384,0.921606,0.34574223,0.085720554,-0.51654994,0.20524396,-0.0761156,0,chr4:82462411:tibial_nerve:0,TN,0
-5.290567,-0.42588046,0.34010118,0.45424598,-0.5681412,-0.52295464,-0.26484755,-0.3509478,-0.27751148,0.31942484,0,chr6:6722433:transverse_colon:0,TN,0
6.6390395,0.6400314,-2.6902506,-0.7889971,1.207274,-0.38706705,0.052651066,0.7215587,-0.7383594,0.607797,1,chr8:44636977:body_of_pancreas:0,TP,1
-6.1284814,-1.1007035,-0.13657677,-0.3353722,0.27934945,0.20024021,0.25801212,0.0041872193,-0.12768833,0.25801256,0,chr11:131064721:body_of_pancreas:0,TN,0
-4.263006,-0.3029149,0.13105398,0.009750678,0.31280944,-0.2574697,0.7250676,-0.0062916116,0.5393678,-0.35172677,0,chr11:73761088:Peyers_patch:0,TN,0
-4.083177,1.8218439,-0.09226573,-0.23750252,0.11325984,-0.29432553,0.28687623,-0.04665673,0.2998934,-0.65509945,0,chr7:127392752:lower_leg_skin:0,TN,0
3.030396,0.62744516,1.2279176,1.6787568,1.430347,0.8228129,-1.2274246,-0.5891579,-0.482859,0.6420118,1,chr6:131199853:thoracic_aorta:0,TP,1
-6.7025695,-1.914391,-1.4815049,0.98872125,-0.7447636,0.96586066,0.2343823,-0.1656352,-0.055379506,0.008794572,1,chr8:60731508:adrenal_gland:0,FN,0
-6.1510377,-0.5862828,-0.83947384,-0.18914632,-0.5779259,-0.0030818589,-0.06270264,-0.21357392,-0.17392807,-0.25617284,0,chr21:39175402:prostate_gland:0,TN,0
-0.80016625,2.0536673,-1.1567602,-0.05341111,-1.5326645,-0.4439993,0.25560585,0.67834985,-0.24616389,-0.32929915,0,chr6:52724024:tibial_artery:0,TN,0
-4.6179733,-0.87860227,0.16688363,-0.54068786,1.2826827,0.51710624,0.33498594,0.12557058,0.12032494,0.110263556,1,chr9:83219889:esophagus_muscularis_mucosa:0,FN,0
2.3449996,0.11558013,0.25900626,-0.4343194,-0.92913973,1.5639988,-0.48425263,0.9356245,0.45787162,-0.5872763,0,chr5:76309196:transverse_colon:0,FP,1
-6.775913,-1.6499935,0.16922073,0.58587253,0.6578516,-0.580072,0.3623529,0.40708292,-0.5051349,0.07459024,1,chr7:267146:Peyers_patch:0,FN,0
-4.1810265,0.7168652,-0.32402873,0.5179771,-0.68311,-0.847918,-0.0956149,-0.21986218,0.5433364,-0.23843843,0,chr8:477912:upper_lobe_of_left_lung:0,TN,0
-5.115239,0.3804266,-0.047410052,-0.3497863,0.67898875,-0.14063647,0.097366914,-0.39561993,-0.23941752,-0.50689465,1,chr5:36690495:tibial_artery:0,FN,0
-0.83131945,-0.60475934,1.4086548,-1.5046234,0.0320467,0.75373876,0.02736741,0.69972306,0.34508646,0.14710829,0,chr18:49448059:spleen:0,TN,0
6.0360703,-1.3031862,-0.77709967,-0.09489345,-0.3529653,-0.00032448838,0.620825,-1.2905378,0.7737402,0.10736088,1,chr15:24767525:suprapubic_skin:0,TP,1
-1.3474957,0.56530344,0.10840495,-0.40784433,1.0756956,1.3470455,-1.4132605,0.124365956,-0.18782146,-0.64210594,1,chr12:50133030:adrenal_gland:0,FN,0
-5.000918,0.49925968,-1.0490899,0.28805682,-1.0483171,-0.072710805,0.007923683,-0.46326876,-0.5605623,0.22003114,0,chr12:46648881:body_of_pancreas:0,TN,0
6.4723077,1.7715873,2.184445,0.5670773,0.00028774308,-0.4513421,1.3482882,0.5893815,0.11229153,-0.38622308,0,chr6:41786631:sigmoid_colon:0,FP,1
7.2561097,-0.82371455,-0.71137756,-0.61656255,0.181811,-0.16673306,-0.1441109,-0.40023145,-0.20587902,-0.1491578,1,chr12:121918386:body_of_pancreas:0,TP,1
-0.826955,-0.12807626,0.20146142,-0.30605727,-1.1813381,-0.26409864,-0.46438232,-0.18292104,0.17378338,-0.4574468,0,chr11:115930426:upper_lobe_of_left_lung:0,TN,0
-4.5608425,-0.28983366,0.060394168,-0.4606621,0.8544781,-0.026292142,0.2349688,-0.16942099,0.58764243,0.054859668,1,chr9:83219701:tibial_artery:0,FN,0
6.8354616,-0.83626723,0.34419802,0.1606054,-0.34934542,-0.43318543,-0.22441864,-0.77468944,-0.41777685,-0.14059517,1,chr16:85086903:gastroesophageal_sphincter:0,TP,1
-3.4988253,-0.038969368,0.4156573,-0.33132875,-0.28752315,-0.10324858,0.5402589,0.09536693,0.39258727,-0.2606009,0,chr14:69574943:adrenal_gland:0,TN,0
-5.6620045,-0.03315557,-1.0674639,0.7803052,-0.7082068,0.41451433,-0.020243304,-0.22335409,0.118506625,0.29657325,0,chr10:84363834:omental_fat_pad:0,TN,0
-6.5726223,-1.6099007,0.093654566,0.23836267,0.4373253,0.021029096,-0.46117267,-0.27580836,-0.09757069,0.033064894,0,chr19:28466600:tibial_nerve:0,TN,0
-5.236103,0.03425128,-0.3245701,-0.21988192,0.23155795,-0.2511987,0.06419856,-0.45684096,0.31601393,-0.065554455,0,chr5:172807337:spleen:0,TN,0
-0.690467,-1.2546682,2.7083797,-0.13115782,-0.64746904,-0.99059767,0.13413182,0.6062308,-1.0992519,0.83176774,0,chr10:3046245:thoracic_aorta:0,TN,0
6.871864,-0.14636886,-0.44349843,-0.74222976,-0.14366533,-0.27326295,-0.24608435,0.9042781,0.26907992,-0.14054425,0,chr10:32211009:body_of_pancreas:0,FP,1
6.367885,-0.13382742,0.627452,1.4658693,0.10678988,0.057385605,-0.34160703,-0.37177676,-0.60319203,0.08149956,1,chr19:45678133:body_of_pancreas:0,TP,1
7.104303,-0.97937673,-0.4183436,-0.5521514,0.15674913,-0.2737217,-0.014630129,-0.2043733,0.31745446,-0.16444746,1,chr10:96641123:gastroesophageal_sphincter:0,TP,1
-3.7903,0.90964824,0.053679638,-0.047304254,-0.81709325,-0.34289297,-0.10953397,0.2013861,-0.3874944,0.45574704,0,chr2:219499194:transverse_colon:0,TN,0
-5.0504827,0.8511834,-0.53318655,0.5203207,-0.75101185,-0.25712055,0.11939609,-0.65875477,-0.24932806,0.18389975,0,chr6:166106112:spleen:0,TN,0
-4.6148443,-0.5895921,0.37419972,-0.67254305,0.7859009,0.03569369,0.29074472,0.23527846,-0.11750395,0.23718865,0,chr11:78416867:upper_lobe_of_left_lung:0,TN,0
-3.152326,-0.7268632,-0.14661917,-0.26552707,-0.4550334,1.46649,0.9879619,1.1833987,-0.123787016,0.31371644,1,chr11:26754057:transverse_colon:0,FN,0
-4.4275,0.91155386,-1.1110437,1.121195,-0.65964764,0.046235234,-0.12024472,-0.3347192,0.5192628,0.18188523,0,chr1:67500109:transverse_colon:0,TN,0
-4.7431884,-1.2742249,0.09404669,0.31099573,0.30442688,0.13196908,-0.48126417,0.7716986,0.9879627,0.24664894,0,chr2:20135852:prostate_gland:0,TN,0
8.194225,0.059561446,-1.0912579,-0.9839172,0.18091637,-0.034722712,0.23203182,-0.25849703,0.20217271,-0.13555972,1,chr7:142521135:tibial_nerve:0,TP,1
-5.843697,-1.2589567,-0.19980706,-0.37457308,0.5814567,0.6382483,0.1188094,-0.027524434,0.02271621,0.023216594,0,chr2:236702793:body_of_pancreas:0,TN,0
-1.9535528,2.1304233,1.1677052,0.8157047,-0.006897877,-1.7690613,0.81964993,0.14326885,0.78988713,-0.2649211,1,chr8:28701937:upper_lobe_of_left_lung:0,FN,0
-3.5909715,0.13056892,-0.6647607,0.30501452,-1.0376756,0.5491862,-0.30286884,0.6718639,-0.13829517,-0.50597787,1,chr10:86410439:body_of_pancreas:0,FN,0
-3.4498065,0.20282897,0.5731667,-0.8595727,0.9103665,0.5767082,-0.13945182,-0.11364324,0.17333527,0.05440254,0,chr17:82494715:thoracic_aorta:0,TN,0
5.751157,-1.4831289,0.28524464,-0.8809788,-0.38684928,-0.53742665,-0.23135023,0.5788987,0.2043171,-0.2649955,1,chr19:45427778:sigmoid_colon:0,TP,1
-5.7013035,-0.2434056,-0.35459182,-0.38398275,0.23297247,0.3350582,0.010411534,-0.46337727,0.05050419,-0.06053226,0,chr4:82462411:Peyers_patch:0,TN,0
-4.946243,-0.63957983,0.44143787,0.14468668,-0.37111515,-0.5551739,-0.0044201626,0.13186859,-0.4377761,0.34290814,1,chr21:41722182:Peyers_patch:0,FN,0
7.710254,-0.19760746,-0.31804636,-0.12980546,0.2680693,0.15743138,-0.1959243,-0.47518307,-0.5626115,0.008759734,1,chr7:142773685:body_of_pancreas:0,TP,1
4.2116976,-1.3543967,-1.227678,0.19562796,-0.07133676,-0.5716242,-0.30714965,0.0567666,1.1169316,-0.25219572,1,chr7:73725711:adrenal_gland:0,TP,1
2.4914887,0.3612265,0.9170264,1.9039108,0.9953055,0.7596594,-1.3056097,-0.4311556,-0.34905615,1.0984527,1,chr6:131199853:body_of_pancreas:0,TP,1
5.7026634,-0.6822059,1.533473,0.74429756,-0.57244945,-0.2655665,0.032391287,-0.31872147,-0.47851378,0.19280945,1,chr5:179213127:gastrocnemius_medialis:0,TP,1
7.7787576,-0.29150045,-0.3455417,-0.32867724,0.30099767,-0.009736575,-0.075206526,-0.11270344,0.14910792,-0.052109558,0,chr19:21569427:transverse_colon:0,FP,1
-4.258687,-2.399287,0.1667518,1.5805991,-0.35195446,1.2615632,0.96569276,0.75838846,-1.3953354,-0.03390908,0,chr4:105521043:prostate_gland:0,TN,0
5.7525563,-1.1813723,0.56080526,-0.4327977,-0.7206026,-0.19345364,0.032353863,0.46677968,0.26233482,-0.2900255,0,chr4:121696562:transverse_colon:0,FP,1
0.43048015,-0.70108217,0.84522957,-1.4045335,-1.6315255,0.60535324,0.06607133,1.6018598,0.62860584,0.5444987,0,chr10:15726047:body_of_pancreas:0,TN,0
-4.3616557,0.44395083,0.16464654,0.866084,-0.8035025,-0.28855017,0.7306863,-0.1289243,-0.26975736,0.76590115,1,chr16:25126355:sigmoid_colon:0,FN,0
3.3373814,0.57935625,1.8274833,-0.20234735,0.004465824,0.12476315,0.06736995,0.72164035,0.69231564,0.24127746,1,chr12:31118962:body_of_pancreas:0,TP,1
4.614858,0.5420012,-1.955226,-1.5230455,1.0778701,-0.56169784,0.2402068,0.09528746,-0.059337504,0.45116496,1,chr21:7322720:stomach:0,TP,1
7.5501246,0.8562499,0.20259365,0.20068926,0.07118799,1.5526307,-0.048232812,0.20565279,-0.12227655,-0.34231535,1,chr4:98093069:Peyers_patch:0,TP,1
-4.859749,1.2262346,-0.57856613,0.24624422,-0.74876297,-0.37802464,-0.012761412,-0.34307405,-0.16244283,-0.46545878,1,chr8:22756288:Peyers_patch:0,FN,0
6.308104,-1.4060488,0.29825842,-0.5552698,-0.28794423,0.14735979,0.007803036,-0.41060996,-0.43210828,-0.099484354,1,chr6:29705705:esophagus_squamous_epithelium:0,TP,1
1.6802377,0.83997566,0.77310616,-1.3137419,0.05044447,0.7580122,0.5513917,0.5444917,0.14559275,0.9839777,0,chr17:69235781:esophagus_squamous_epithelium:0,TN,0
-5.476712,-0.106797256,-0.58138365,-0.47742888,-0.54038465,0.37474218,-0.11989976,0.068764545,0.24671434,-0.22165884,0,chr1:114979744:gastroesophageal_sphincter:0,TN,0
-3.5008535,0.72371125,0.41504204,-0.7346781,0.4408293,0.5734273,-0.06902096,-0.1589091,-0.043773316,0.30490312,0,chr17:69526231:thyroid_gland:0,TN,0
-5.8628645,-0.92306846,0.030251395,0.5094435,-0.033939254,-0.28032365,-0.17330591,-0.06516374,0.19803274,-0.0010911045,1,chr16:21935488:transverse_colon:0,FN,0
-1.4506617,0.73462117,1.0272288,-0.81732,1.1787974,0.90616757,-0.34657678,-0.42171636,0.6320505,0.009520642,1,chr11:83293101:tibial_nerve:0,FN,0
-7.453802,-2.2713642,-0.093314774,0.98310184,0.48743293,-0.36748245,0.27324536,0.2522489,-0.5385129,0.15678874,0,chr1:31715618:sigmoid_colon:0,TN,0
2.6485941,-1.4183625,-0.5504925,0.25861567,-0.25200528,0.53106683,-0.23904347,0.15982692,0.65293115,-0.59716296,1,chr6:154454187:body_of_pancreas:0,TP,1
-3.7400415,1.1057575,0.17159589,-0.3900733,-0.6786092,-0.33619875,-0.44744664,-0.23676112,-0.14714837,0.31194687,0,chr9:131053297:tibial_artery:0,TN,0
-4.7471557,0.9175412,-0.34323317,0.7298965,-0.24406342,-0.8083064,-0.10865919,-0.023693886,0.37402427,0.00036209254,0,chr17:1724503:upper_lobe_of_left_lung:0,TN,0
-1.7554488,1.4329169,1.4424162,-0.6256192,1.2687807,-0.18378761,0.54856074,-0.47686198,0.03158707,0.4958699,0,chr17:68457202:upper_lobe_of_left_lung:0,TN,0
-4.751698,-0.34113768,0.62894326,-0.5196011,0.24891824,-0.37894845,0.18438356,0.08253008,-0.16431369,-0.11503155,1,chr1:17336255:suprapubic_skin:0,FN,0
-4.4105515,-1.2697523,0.5436441,-0.7274422,0.7911779,0.5943863,-0.25379416,0.24705693,0.08650327,0.01287236,0,chr2:227406335:spleen:0,TN,0
-4.3733215,0.8218861,-0.4702112,-0.13954888,-0.3203948,0.54188794,-0.28609762,0.1264062,0.15635188,-0.5989756,1,chr6:147285258:esophagus_squamous_epithelium:0,FN,0
6.1365995,-1.2796152,0.6980171,0.26849774,-0.11836359,0.16497044,-0.5411724,-0.7930546,-0.65376014,-0.017286325,0,chr19:44513189:body_of_pancreas:0,FP,1
6.591978,-1.0235718,-1.0029652,-0.3084271,-0.0042168265,0.36226007,0.19853964,-0.5210604,0.30740258,-0.4945584,1,chr5:5816786:prostate_gland:0,TP,1
6.91584,-0.88022846,0.008563111,-0.14187391,-0.26307905,-0.16407712,-0.08732042,-0.76576227,-0.41667017,-0.18178101,0,chr12:47744238:suprapubic_skin:0,FP,1
7.991116,0.20862617,-1.4318801,0.059753068,0.78686875,0.18248089,0.13311055,-0.086187005,0.019769251,-0.044255693,1,chr10:38653296:esophagus_squamous_epithelium:0,TP,1
6.899676,-0.64239645,0.57448554,-0.08648105,-0.67460775,-0.40913537,-0.050644565,-0.6938833,-0.5324861,-0.28851,1,chr16:85086903:transverse_colon:0,TP,1
-3.6778655,0.095517024,-0.320642,-0.79031384,0.09462888,0.9344519,-0.5988913,-0.09086893,0.7072809,0.37680227,0,chr1:218905274:body_of_pancreas:0,TN,0
-5.3328753,-0.9509491,-0.023389058,-0.32523206,0.30988055,0.5008853,-0.16457504,0.0053736465,-0.3681845,0.11145122,0,chr13:99046407:prostate_gland:0,TN,0
-6.2662845,-1.4432341,0.33232352,0.48773357,0.2901481,-0.3465021,0.28687763,0.56501335,-0.25573412,-0.21224,0,chr11:13964843:prostate_gland:0,TN,0
-6.4150743,-1.7838418,0.69646794,0.2366816,0.74742055,-0.3565994,0.12470063,0.11384263,-0.4373866,0.38244033,0,chr1:17336255:tibial_nerve:0,TN,0
1.9516959,-0.18166834,1.7223322,-0.37015876,-0.68778497,0.31702918,0.6921954,2.016664,-0.7617032,-0.43729246,1,chr1:20575428:tibial_artery:0,TP,1
-5.1086864,0.33348238,0.37423614,0.06437013,0.43748102,-0.80819166,0.49489427,0.42548093,-0.23416263,-0.416534,1,chr17:45022145:upper_lobe_of_left_lung:0,FN,0
0.014456583,1.7201107,-0.8590294,0.6717113,-0.2637778,0.685795,-1.5291036,0.19424008,0.17628542,-0.81168747,0,chr18:45777778:thoracic_aorta:0,TN,0
5.7638583,-1.5650011,0.98005,-0.19803943,-0.71978796,-0.7264309,-0.26540446,-0.7633088,-0.074921854,-0.034299552,1,chr16:85086903:transverse_colon:1,TP,1
-6.6123905,-0.72947913,-0.66845,0.24530348,-0.05420576,-0.15382485,-0.27076462,-0.26992568,0.3189229,-0.516464,0,chr1:230167489:tibial_artery:0,TN,0
-6.869508,-1.2356716,-0.3837946,0.75421554,0.4207233,-0.38799885,0.42536658,0.14790657,-0.51965284,-0.086692855,0,chr17:17281084:transverse_colon:0,TN,0
-5.1501393,0.49652708,-0.2572611,-0.20959105,0.0055127484,-0.15465672,0.2610185,-0.117579795,0.09414154,-0.28288153,0,chr17:13018327:esophagus_squamous_epithelium:0,TN,0
-3.757074,1.1148925,0.15396336,0.7936692,-0.67664,0.12573446,0.3393116,-0.8859596,0.24364586,0.5909591,1,chr4:2713690:body_of_pancreas:0,FN,0
-2.0192583,-0.13510336,0.6849718,-0.78762984,1.1093928,1.1162374,-0.128446,0.24873558,0.31097102,-0.2160443,0,chr18:61551833:tibial_nerve:0,TN,0
5.4670887,-1.7272239,0.28126228,-0.5887492,-0.732693,-0.16773881,-0.31385237,-0.48168945,-0.46723706,-0.0012364126,1,chr5:151298414:upper_lobe_of_left_lung:0,TP,1
0.63876206,2.5305557,-1.4530319,0.71106887,-0.89183927,-0.37472102,-0.57628363,0.55238414,0.95059144,0.21291931,0,chr11:63024537:spleen:0,TN,0
4.8444705,0.18456368,0.26525414,1.4682146,1.0430729,0.4830282,-0.58532995,1.6382581,0.09591906,-0.5010492,0,chr20:41340872:esophagus_squamous_epithelium:0,FP,1
-5.520451,-3.1304543,1.1607686,0.01576707,0.47283947,-0.3043766,0.0035428605,0.83149827,-0.10850191,0.7926981,1,chr7:1812632:Peyers_patch:0,FN,0
6.534812,0.013407751,0.32780793,1.2622511,-0.03792632,-0.087924175,0.9667681,-0.9389535,1.0866026,0.40173852,1,chr19:21484173:upper_lobe_of_left_lung:0,TP,1
-3.3978157,1.649349,0.45118225,-0.5521096,0.16901426,-0.95636696,0.15664032,0.28587288,-0.20563428,-0.5133198,1,chr11:8964460:testis:0,FN,0
-7.08627,-1.2817879,-0.7124992,0.7160648,-0.06421837,0.22874708,0.0010693771,-0.11250628,-0.19750653,-0.009865723,1,chr17:40964085:esophagus_muscularis_mucosa:0,FN,0
-4.047338,1.4498003,-0.06750663,-0.16530335,0.46955356,-0.23007807,0.109247304,-0.4887567,0.4907316,-0.42099452,0,chr22:20117295:Peyers_patch:0,TN,0
6.5738974,1.0760851,-2.6543932,-1.4681584,1.0169652,-1.2400395,0.4647465,0.658641,-0.35587552,0.59905624,1,chr17:25564496:upper_lobe_of_left_lung:0,TP,1
-2.8100462,0.588498,0.55455786,-0.5806478,1.2557129,0.24479638,0.15398386,0.08825776,0.3877482,-0.56206673,1,chr10:29449249:tibial_artery:0,FN,0
-2.9818587,-0.41062182,-0.25319406,0.43258297,-1.3189608,-0.25235873,0.2664575,0.52747315,-0.3215934,-0.70366824,0,chr6:18033001:gastroesophageal_sphincter:0,TN,0
7.993958,0.66270167,-1.3221989,-1.1212496,0.43512255,-0.63475275,0.42290846,-0.23788539,0.3217799,0.016638387,1,chr14:30690707:spleen:0,TP,1
-2.1009889,1.5135887,1.306921,-0.055532653,-0.4712425,-0.72408646,0.4076721,0.31413823,0.26779187,0.38270846,0,chr4:3956393:prostate_gland:0,TN,0
-5.0278883,-1.1865164,0.2597573,0.3235653,-0.08279305,0.2836817,0.91878355,0.124187924,-0.6795875,0.9574937,0,chr14:106061994:esophagus_muscularis_mucosa:0,TN,0
-3.8168223,-2.3695545,0.9356288,0.55121213,-1.0177833,0.22067212,0.5473735,0.74779767,-0.5940784,0.15756837,0,chr19:38268301:body_of_pancreas:0,TN,0
6.661208,-1.0426879,0.1994985,0.8262619,0.14755112,0.052273925,-0.2930184,-0.061068837,-0.42339808,-0.06853822,1,chr8:41651698:thoracic_aorta:0,TP,1
-3.8545737,0.96244234,0.20728268,0.13938875,-0.50855446,0.68215185,0.08109708,-0.42345202,-0.41299793,0.69637716,1,chr6:137697537:transverse_colon:0,FN,0
5.8937235,-0.616774,-0.58747834,0.6057826,-0.54544455,0.35774323,-0.68224394,0.56611204,0.18459785,-0.32512498,1,chr8:30230823:thoracic_aorta:0,TP,1
3.8580246,0.20887469,0.48931825,0.6767004,-1.4550432,0.5379874,1.6050398,-0.4299167,-0.6390925,0.48538008,0,chr20:18904416:esophagus_squamous_epithelium:0,FP,1
-0.39347458,0.5391911,1.6937082,-0.48432082,1.0486828,0.62082505,-1.1771357,-0.29433763,0.4569985,0.5599042,0,chr22:28009558:tibial_nerve:0,TN,0
6.0194483,0.10545604,0.40125364,1.6284002,0.33657175,0.29153186,0.60089046,-0.083941825,0.2958973,0.023020577,1,chr16:86190195:transverse_colon:0,TP,1
7.550159,0.399601,-0.26121974,0.19595377,-0.4822178,0.9167717,0.70845324,0.43347812,0.30026683,-0.64266485,1,chr5:123274158:tibial_nerve:0,TP,1
-2.4296815,-0.0019078068,0.6386628,-0.84288013,1.5475233,0.20211072,0.26218295,-0.051942457,0.07542017,-0.14918573,0,chr17:65294245:esophagus_muscularis_mucosa:0,TN,0
7.356203,-0.6033912,-0.10190892,-0.46076012,0.062766865,-0.06333377,-0.18247677,-0.59372085,-0.06667682,0.13315922,1,chr7:142775530:body_of_pancreas:0,TP,1
-1.0561932,-0.00025787545,1.1083088,0.8495734,-1.1816276,0.29737952,1.3714231,0.11611655,-0.9618007,0.7989931,0,chr16:70715107:tibial_artery:0,TN,0
6.436546,-1.1888914,-0.75462127,-1.1679025,0.26460537,-0.07516686,-0.21208213,-0.028429281,0.052683797,-0.09344184,1,chr11:60251676:prostate_gland:0,TP,1
-1.5822116,-0.21095805,0.628021,-1.0955304,-0.52188504,0.40532133,0.093151145,0.24181014,0.07046065,0.046617188,0,chr2:42924253:body_of_pancreas:0,TN,0
-6.317455,-0.38004294,-0.9206285,0.06451156,-0.016923804,0.18887372,0.041085944,-0.6098613,-0.07645207,-0.14589281,0,chr15:82365725:upper_lobe_of_left_lung:0,TN,0
-2.4910767,0.12610938,1.1367322,0.41242197,-0.5839484,-0.76574594,-0.8666332,0.27085134,-0.87868255,-0.3637163,1,chr6:33732104:body_of_pancreas:0,FN,0
6.0822697,-0.17430004,-0.168093,1.5396152,-0.012230823,0.16823716,-0.7135803,0.06527041,-0.5164713,0.02475893,0,chr19:47698394:esophagus_muscularis_mucosa:0,FP,1
6.1805162,-1.106343,-0.13454512,0.019194407,0.4443058,-0.46481925,-0.62211096,0.5194856,0.24212548,0.029651666,1,chr19:45427778:esophagus_squamous_epithelium:0,TP,1
5.064301,-0.63593066,-1.4649382,0.050924946,0.057117075,-0.5075986,-0.46530402,0.14666878,0.67147297,0.29919347,1,chr7:73725711:testis:0,TP,1
-3.1720104,-0.31133986,0.9683925,0.014159737,1.0773339,-0.6214699,0.37990186,0.5070896,0.15629825,-0.21202087,1,chr9:33447548:transverse_colon:0,FN,0
4.8804173,-0.21313258,-0.47366193,1.1673969,-0.2636554,0.65814245,0.79830784,0.45149812,1.4539422,0.1741862,1,chr5:33490477:transverse_colon:0,TP,1
-6.2625403,-0.78574806,-0.4030574,0.026115252,0.3823448,0.13441098,-0.06357937,-0.39756176,-0.22597423,-0.124668166,1,chr3:66138807:esophagus_muscularis_mucosa:0,FN,0
-1.0637246,0.6804143,1.109799,-0.52678335,-0.6705533,0.56221366,0.10150737,0.523347,-0.68790376,-0.35806262,1,chr17:45099253:esophagus_squamous_epithelium:0,FN,0
-5.168186,0.31586453,-0.5619706,-0.055783138,-0.4512085,-0.3423405,0.6583043,-0.16715667,-0.37395668,0.2963293,0,chr19:4455864:adrenal_gland:0,TN,0
6.6861143,-1.0535752,-0.3675996,-0.7775725,-0.23112269,-0.17460106,-0.24872346,-0.5176406,-0.15523855,-0.10250115,1,chr7:22550492:esophagus_squamous_epithelium:0,TP,1
6.247204,-1.1900326,0.52984315,0.4412121,-0.3857106,-0.1706377,-0.14535046,-0.022586778,-0.23919846,-0.18505026,1,chr8:41651698:gastrocnemius_medialis:0,TP,1
5.522114,-1.2813063,-0.8557454,1.3863851,0.3355934,-0.13503405,-0.81216466,0.2708027,-0.37843618,0.20739354,1,chr22:46739374:prostate_gland:0,TP,1
-5.8689995,-1.306893,0.9225863,0.9997307,0.42788345,-1.0611498,0.1837812,0.08332073,0.14156291,0.22903085,1,chr1:21440169:Peyers_patch:0,FN,0
6.227619,1.1550012,1.5355417,1.216045,-0.19826332,-0.3688576,-0.28875434,0.20229046,0.27206254,0.2087695,0,chr19:2977808:body_of_pancreas:0,FP,1
-4.4736757,0.27206343,0.37205648,-0.39479685,1.0881518,-0.113453686,0.24326375,-0.21318753,-0.061447784,-0.542442,0,chr6:166383231:body_of_pancreas:0,TN,0
-5.398972,-0.9229491,-0.8689284,0.42363536,-0.9000269,1.0695509,0.6641139,0.63246214,-0.2791527,-0.0947667,0,chr10:133437724:transverse_colon:0,TN,0
5.2373285,-1.3498223,0.75253874,-0.9719046,-0.6759799,-0.19198193,-0.27119598,0.53989464,-0.09000347,-0.19523844,1,chr16:9160191:thoracic_aorta:0,TP,1
0.43961713,-0.22187181,-0.8596673,-1.0709484,-1.4926301,0.16161487,0.18117426,1.097491,-0.4552837,-0.47999412,0,chr12:106386409:esophagus_muscularis_mucosa:0,TN,0
-4.559784,0.27726322,0.0673605,-0.54878587,0.8854268,-0.15827072,-0.05655095,-0.33536664,0.26197284,-0.3049811,1,chr18:12884838:thoracic_aorta:0,FN,0
-2.9157372,0.19337764,1.7912247,-0.05087745,0.016361589,-0.22841948,0.16588385,0.4863521,-0.1760069,0.45827493,0,chr1:41283218:body_of_pancreas:0,TN,0
-1.2650192,1.2779498,1.1959606,-0.7447405,1.1278614,-0.14232339,0.2686524,-0.04705031,0.2034753,-0.30694878,1,chr6:39725494:transverse_colon:0,FN,0
-5.776327,-0.3427141,-0.508765,-0.48347613,0.058193862,0.19568104,0.054561634,-0.48932675,-0.09892456,-0.33367038,0,chr17:55526730:body_of_pancreas:0,TN,0
-3.8323731,0.6772427,0.033327956,-0.7019611,0.43696865,0.20076509,0.41988796,-0.11916987,0.004818828,-0.07003978,0,chr1:207321070:tibial_nerve:0,TN,0
-5.9592686,-0.3708496,-0.74431837,-0.21373719,0.014598812,0.5403301,-0.2530275,-0.49163485,0.30534047,-0.058454055,0,chr4:64158671:transverse_colon:0,TN,0
-5.6940365,-0.42685324,-0.04236533,0.22168417,-0.57937723,-0.060507763,0.07837991,0.22940086,-0.10070922,0.26678944,0,chr20:52061373:Peyers_patch:0,TN,0
-0.5392132,0.53555316,-1.7063622,1.5398059,-0.47300488,-0.44631827,-0.79269296,0.5659181,-0.6031326,1.1849455,1,chr2:92401043:transverse_colon:0,FN,0
-5.1373205,-0.076485485,-0.097201355,0.20655236,-0.77140844,-0.52869964,0.38907576,0.05830322,0.06436476,0.3574707,0,chr5:176404643:transverse_colon:0,TN,0
-5.6829944,-0.48207268,-0.07960485,-0.24963632,0.50660014,-0.17467064,-0.1011257,-0.024774896,0.46105528,-0.5747966,0,chr8:42692479:tibial_artery:0,TN,0
5.7366195,0.17010394,-1.9769907,-0.8288188,1.1376952,-0.3529011,-0.12366906,0.4107466,-0.45417035,0.42887995,0,chr19:27396901:body_of_pancreas:0,FP,1
-3.563352,0.9855587,-0.36420175,0.9934621,-0.07823261,0.13761967,-0.95690334,-0.32495886,0.15325892,0.29560027,0,chr2:159118640:sigmoid_colon:0,TN,0
1.4891059,-3.2647185,-1.3672593,2.96882,0.46175846,0.44731253,-0.90055263,0.59836626,-0.43320364,0.43245777,1,chr20:29893438:transverse_colon:0,TP,1
1.865029,-0.051941168,1.3660334,0.44527343,0.22649339,-0.3146389,-0.655605,0.23723537,0.44853747,-0.0042631794,1,chr5:179212877:thoracic_aorta:0,TP,1
5.9436045,0.1257875,2.0348845,0.06000972,-0.23983939,0.030156408,0.71530586,0.605563,-0.100214705,-0.3339496,0,chr15:31329790:body_of_pancreas:0,FP,1
0.47987306,0.74345326,2.5865445,-0.27666965,1.2383966,-0.53416455,-0.59996474,-0.69002163,0.049902465,0.31323606,0,chr8:23084304:tibial_nerve:0,TN,0
1.8831882,1.6312331,-0.52195334,1.4865861,-0.23432773,0.915027,-0.4041271,-0.38792634,0.1526551,0.14473784,1,chr9:32069300:Peyers_patch:0,TP,1
-5.401538,-0.5100332,0.08184821,-0.16559087,0.91224444,-0.33442393,0.413013,0.008682423,0.090828925,-0.039703533,0,chr12:123762055:transverse_colon:0,TN,0
0.10613589,0.864111,-0.2441928,1.0357269,-0.88970405,1.0312109,0.6088733,1.0080869,1.0379999,-0.6529823,0,chr9:211761:adrenal_gland:0,TN,0
-5.72834,-0.46042624,-0.51151377,-0.3988202,0.21201737,0.59141123,0.35573643,-0.13881917,0.100473784,0.41294226,0,chr11:94519473:Peyers_patch:0,TN,0
1.1792268,2.0452778,0.32333183,1.2564548,-1.1122909,0.059369497,0.8635965,0.8645246,-0.07973502,-0.37026644,0,chr11:6612917:sigmoid_colon:0,TN,0
-1.1085579,3.3927553,-1.1171391,-0.53894186,-1.0378412,-0.70559525,0.17363001,-0.73061776,-0.738539,-0.43308324,0,chr4:88924940:body_of_pancreas:0,TN,0
0.48491478,-0.20083459,1.5531405,-0.33597636,-0.102506734,-0.16699018,-0.47941005,-0.2176783,-1.2348778,-0.9334335,1,chr17:43361257:adrenal_gland:0,FN,0
6.237037,1.1085236,-0.107971705,2.0828848,0.121486,0.47618994,0.23389634,0.21337093,-0.15057741,-0.44416,0,chr14:99659383:transverse_colon:0,FP,1
7.0720563,-0.50682634,-0.6857131,-0.8129373,-0.13849491,0.2549404,-0.16272232,0.34345886,0.19743143,-0.19226657,1,chr2:55432222:adrenal_gland:0,TP,1
-2.2229488,-0.9829559,1.7641001,-0.6430375,-0.3122162,0.02931485,-0.06636305,1.0879133,-0.92967427,0.54710025,0,chr3:11600688:thoracic_aorta:0,TN,0
-4.600633,1.0047357,-0.41828296,0.053963285,-0.43507618,-0.42111182,0.01017729,0.0469602,-0.2490167,0.25815615,0,chr2:219499194:tibial_artery:0,TN,0
1.3075681,1.6934032,1.0890902,-1.0325025,0.8404959,1.869088,0.24345925,-0.10025459,-0.3578825,0.7612856,0,chr6:24991997:suprapubic_skin:0,TN,0
-5.3292294,-1.1049768,0.09988565,-0.01323808,1.2701092,0.12448972,0.54303217,0.11907816,-0.24400645,0.14767936,0,chr3:197510147:tibial_artery:0,TN,0
3.3146882,-0.22987694,0.21619606,0.6120921,-1.0754218,0.56990093,0.8065873,0.5264502,0.25403073,0.27930275,1,chr15:33226849:transverse_colon:0,TP,1
7.3964496,-0.7476933,-0.12652315,-0.44841012,-0.0014714894,-0.2586081,-0.08907935,-0.16958167,-0.025019232,-0.005931439,1,chr17:879808:adrenal_gland:0,TP,1
-3.431192,-0.44715458,0.7979169,-0.9954767,-0.086757325,-0.097831525,0.31606716,0.6698489,-0.15788221,0.46519256,0,chr7:5085799:prostate_gland:0,TN,0
1.1569233,0.91641533,1.0481079,0.61470747,-0.99173737,-1.2956454,-0.48236746,-0.6232877,-0.8317195,1.0914571,0,chr19:3545629:spleen:0,TN,0
-0.80898947,2.4814332,0.15393949,-0.19096199,-1.2578553,-0.92831105,0.56554466,-0.30244964,0.33792588,-0.26752377,1,chr12:121812942:body_of_pancreas:0,FN,0
-1.1686584,0.23385297,0.3162802,-0.10750126,0.13851774,0.16345626,-0.7673591,-0.08679143,1.1961994,-0.031279426,1,chr6:53956277:thoracic_aorta:0,FN,0
-5.631448,-0.50769776,-0.28985128,-0.26560453,0.91581047,0.06793843,0.26846182,-0.3312871,0.0033432695,-0.2645727,1,chr9:83219889:gastrocnemius_medialis:0,FN,0
6.859294,0.1887279,-2.3377619,-0.718875,1.149254,-0.6230882,0.08030792,0.6907474,-0.19933419,0.7091631,1,chr17:22856764:prostate_gland:0,TP,1
-5.8525906,-0.74596065,-0.0808336,-0.09633635,0.98973113,-0.35782924,0.28711113,-0.027193505,0.12060708,-0.10072948,0,chr19:38403045:esophagus_muscularis_mucosa:0,TN,0
-1.4313352,-1.0034313,1.1962602,-1.1716764,-1.0684435,0.43830276,-0.61177313,0.87349117,-0.60004824,0.2756339,1,chr2:29015302:spleen:0,FN,0
4.355521,-1.0318133,-1.524825,-0.14285186,-0.40551472,-0.6372079,-0.47941926,0.10085989,-0.28032374,-0.35052013,0,chr22:50449624:body_of_pancreas:0,FP,1
7.522816,-0.35923988,-0.19124182,0.0903533,-0.119174734,-0.1411166,0.1873719,-0.11107397,-0.17797361,-0.059559107,1,chr7:100949035:Peyers_patch:0,TP,1
-0.7604081,0.6723352,1.1708487,-0.2826331,0.97968745,0.98818463,-0.81778157,0.08873557,0.12850082,0.18190141,0,chr22:28009558:tibial_artery:0,TN,0
-5.8806677,-0.63027936,0.48231053,0.36946276,0.273737,-0.780573,0.2622077,-0.12963536,-0.26611355,0.3008169,0,chr6:35727813:sigmoid_colon:0,TN,0
6.7984962,-0.13136381,0.6277415,1.1718544,0.5358011,0.6807817,-0.5467995,-0.13601194,-0.6695722,0.11595457,1,chr19:47436804:upper_lobe_of_left_lung:0,TP,1
-2.2974005,1.2516512,1.5462099,-0.48932838,1.0346862,-0.5221289,0.55169135,-0.0543681,0.16431177,0.27775097,0,chr6:32894511:tibial_nerve:0,TN,0
4.1775928,-0.95913535,2.0304792,-0.0076316157,-0.87278354,-1.5004535,0.04832863,-0.17717364,0.27757615,0.090114094,0,chr5:132737309:sigmoid_colon:0,FP,1
-4.758734,-0.8212867,0.16183633,-0.41454467,1.4573847,0.38521072,0.36026567,-0.1818248,-0.15257919,0.07796597,0,chr4:4248127:transverse_colon:0,TN,0
2.1514952,0.20254599,2.4892828,-1.2373205,-0.47805995,0.6795219,0.32255328,0.2281075,0.3147246,1.2217596,1,chr1:13277261:transverse_colon:0,TP,1
7.8997197,0.5613211,-2.0475268,-0.3584728,1.2355957,-0.5029467,0.24609818,0.3755743,-0.25431937,0.53564423,1,chr17:23044492:prostate_gland:0,TP,1
6.2297134,-1.6548768,-0.42484578,-0.7620103,-0.26332453,-0.25755367,-0.010683599,-0.10112775,0.3391106,-0.28046602,1,chr17:43360096:body_of_pancreas:0,TP,1
0.75129306,-0.88730097,1.5456234,-1.5716251,-0.64637536,0.9826531,-0.82965326,0.8006144,0.17274852,0.49415827,1,chr9:17531876:testis:1,FN,0
6.229632,-1.4136744,-0.29537988,-1.0688448,-0.014819536,0.07789259,-0.07836275,0.03618624,-0.10799499,-0.11791473,1,chr11:60251676:thoracic_aorta:0,TP,1
-0.10575662,2.2364047,-2.0268042,0.24545786,-0.8213038,-0.21672817,-0.6062472,0.5457524,-0.4005673,-0.46890312,0,chr11:65550651:body_of_pancreas:0,TN,0
6.222623,-1.6620878,0.15192376,-0.29095817,-0.09366017,-0.0031200566,-0.081196316,-0.46400437,-0.1462555,-0.23005919,1,chr9:42974893:Peyers_patch:0,TP,1
6.306376,1.3447694,-2.4611645,-1.7863259,0.9522783,-0.75094074,0.055374216,0.32426798,-0.5875525,0.80843014,1,chr8:44636977:spleen:0,TP,1
-0.99877137,0.6100136,0.88684016,-0.61711895,1.3552263,0.7962101,0.367404,-0.51717424,0.09796613,0.39642888,0,chr1:48498745:spleen:0,TN,0
-5.160394,-0.38482195,0.47925112,-0.08052643,0.59504867,-0.23874366,0.33497506,0.14390889,-0.30226126,-0.0843245,0,chr5:139775176:thyroid_gland:0,TN,0
-4.5268784,-0.44667107,1.2076582,-0.21037294,0.91789025,-1.1421056,0.07467273,0.06467823,0.13102926,-0.23861057,0,chr1:200620702:tibial_artery:0,TN,0
-3.9584868,1.60138,-0.0131529635,-0.16056001,-0.6854628,-0.51989263,-0.4754618,-0.51437175,-0.27559832,-0.17594524,0,chr4:7295960:esophagus_muscularis_mucosa:0,TN,0
-6.073118,-0.13265355,-0.79040205,0.22619443,-0.21424577,0.13192244,0.16893774,-0.2989522,-0.3193468,-0.26725638,0,chr9:5886489:tibial_artery:0,TN,0
1.1996331,1.0025516,-0.4059821,1.721131,1.48397,0.010983998,-0.9854052,0.5434372,1.2276807,-0.30534357,0,chr1:244834478:thoracic_aorta:0,FP,1
-5.7241435,0.07619579,-0.42042762,0.5197167,-0.5125635,-0.41858426,-0.19916295,-0.2547897,-0.008383356,-0.05906754,0,chr22:25134091:gastroesophageal_sphincter:0,TN,0
3.4796383,0.14815275,1.1539862,-0.1109471,-0.22489174,0.61280656,-0.008650259,0.30612782,-1.5916003,-1.4424503,0,chr17:43361240:Peyers_patch:0,FP,1
0.7703558,0.92895406,-0.5916944,0.56601083,0.05312059,0.49042416,-0.9254378,0.29540387,-0.7139796,-1.4354205,0,chr17:9256767:spleen:0,TN,0
-5.2554955,0.57229036,-0.70651287,0.07571193,-0.15801562,-0.1726046,0.09700504,-0.22239347,0.10055243,-0.20405063,1,chr14:77053349:transverse_colon:0,FN,0
-5.223103,0.42214406,-0.5769316,-0.22416025,0.3084256,0.33397403,-0.115716495,-0.9771155,0.25892526,0.0030698054,0,chr18:56800010:gastroesophageal_sphincter:0,TN,0
-5.0156627,0.12154736,-0.53884685,-0.42695853,0.48805973,0.40790614,-0.17112759,-0.8492856,0.17363551,-0.22582094,0,chr5:78269138:adrenal_gland:0,TN,0
-6.6880054,-2.4818647,-0.43490216,0.06601149,-0.4007167,0.21976146,-0.51503694,0.30710927,-0.22724397,0.088100746,1,chr14:106326554:body_of_pancreas:0,FN,0
6.000176,-1.7073385,0.24543275,-0.23512936,-0.33424562,0.02885318,0.011821606,-0.78603715,-0.29809284,-0.2994836,1,chr12:121918386:spleen:0,TP,1
-6.1293683,-0.39189833,-0.6034388,-0.13403353,0.36140093,0.056493096,0.18677291,-0.47546896,-0.018771952,-0.16787986,0,chr10:43667279:Peyers_patch:0,TN,0
0.6842802,-0.10901927,0.40687242,0.23756018,-2.006605,0.19054468,0.97536117,0.9424197,-0.11690025,-0.08767975,0,chr5:75050124:tibial_artery:0,TN,0
-5.7667193,-1.1718836,-0.18725073,0.024221944,-0.9033641,0.3211029,0.040624153,0.4196214,-0.53682667,0.20610851,0,chr1:77534260:transverse_colon:0,TN,0
7.1005445,-0.8848606,-0.122822344,0.17290616,0.09179234,-0.09218826,0.16989915,-0.68412507,0.39744878,-0.025280645,1,chr11:19259633:spleen:0,TP,1
-5.159634,-1.2161866,0.78509074,-0.15072589,0.3396883,-0.6612889,-0.025902256,0.70282775,0.3153899,-0.49071878,1,chr15:40906278:suprapubic_skin:0,FN,0
-1.3091376,1.6486821,-0.8518647,0.47065458,-0.9948385,-0.63238,-0.624994,-0.21780603,-0.6140997,0.12199098,0,chr3:122652910:body_of_pancreas:0,TN,0
7.2409983,-0.670688,-1.0049279,-0.12621857,0.08667714,-0.1946914,0.01356303,-0.42441687,0.2814239,-0.24815927,1,chr2:67906567:body_of_pancreas:0,TP,1
-0.8577743,1.8329468,1.0068309,0.25641087,-0.03413275,-0.2661943,0.9162623,0.40066376,0.90437204,0.2976,1,chr5:138352584:body_of_pancreas:0,FN,0
-6.319006,-1.0032288,-0.6592322,0.0045532146,0.24471062,0.22373664,0.28125957,-0.122441515,-0.12560752,-0.20283218,0,chr9:37482764:esophagus_muscularis_mucosa:0,TN,0
-4.7277737,0.390037,0.34074572,-0.14118573,0.66210306,-0.47012174,0.31256995,0.0160392,-0.007754848,-0.08188281,0,chr1:54499882:upper_lobe_of_left_lung:0,TN,0
-6.7460027,-0.93252647,-0.62710565,-0.0123099275,0.10859997,-0.06318526,0.022242334,-0.36998755,-0.07231757,-0.020204326,1,chr11:1652791:prostate_gland:1,FN,0
6.55052,-0.9742299,0.91833,0.6684105,0.028990403,-0.42153364,-0.1770205,0.052521646,0.04351417,-0.35054293,0,chr2:101151641:tibial_artery:0,FP,1
-5.556901,0.414141,-0.818264,0.3885499,-0.6698598,0.06748676,0.15847068,-0.50499064,-0.010548085,0.09245973,0,chr2:149125734:body_of_pancreas:0,TN,0
5.5181365,-0.17034736,-0.0497051,1.5779852,1.0998254,0.6555808,-1.0949634,0.37140515,0.36451975,0.18066983,1,chr19:51473170:tibial_artery:0,TP,1
7.5098276,-0.105228394,0.46009877,0.7485146,-0.044115372,0.07130308,0.24689928,-0.43358237,-0.2001211,-0.16397096,1,chr7:78040381:upper_lobe_of_left_lung:0,TP,1
2.9940927,-1.229679,0.80167997,-1.1117305,-0.88338137,-0.028667219,-1.026548,0.08348984,0.5172183,0.77565265,1,chr9:17531876:tibial_artery:0,TP,1
6.401185,-1.6866294,-0.17262006,-0.3094287,-0.15476568,-0.4187823,0.062045656,-0.34335068,0.05714545,-0.1304957,1,chr3:75785357:transverse_colon:0,TP,1
3.3331237,0.79796857,-0.9792318,0.15291989,-0.7866238,0.7114196,0.6826715,0.91172874,1.484125,0.55013674,0,chr15:21297802:prostate_gland:0,FP,1
3.890465,1.2466288,-0.050420098,1.4725877,0.042505417,0.59835553,0.14773957,0.06736476,0.18418771,0.6233129,0,chr4:37873490:sigmoid_colon:0,FP,1
7.108192,-0.5905771,-0.39024064,-0.65443295,0.090913266,0.30995756,-0.16908282,-0.48785463,-0.3196157,-0.12095629,1,chr14:106468867:spleen:0,TP,1
-4.516027,0.38502148,0.051627435,-0.5902153,-0.3092504,0.73485285,-0.31473333,-0.5249346,0.042755373,0.15028289,0,chr4:104860777:thyroid_gland:0,TN,0
-0.053229377,0.3932951,1.8055272,-0.7235686,0.460576,0.30279693,-0.07662164,0.48627517,-0.231922,0.44892037,0,chr5:188780:body_of_pancreas:0,TN,0
6.6031623,-0.67018807,0.9435137,-0.122304544,-0.32144368,0.089262545,-0.0017543248,0.11388534,-0.24334012,-0.16092993,1,chr15:31200859:upper_lobe_of_left_lung:0,TP,1
-5.6879725,-1.3332654,-0.36073497,-0.24973206,0.14907499,0.43304434,-0.09057428,0.056622803,0.17513092,-0.057277847,0,chr1:48109545:thoracic_aorta:0,TN,0
-5.629832,-1.2143261,0.40080848,-0.02757525,0.6996808,-0.12868969,-0.2761997,-0.1021883,0.045864064,-0.0006976319,0,chr5:175617565:body_of_pancreas:0,TN,0
-6.660147,-1.7529261,-0.28818038,0.5456142,0.6058148,-0.4453002,0.62049085,0.033573203,-0.22680157,0.06286632,0,chr7:65751320:prostate_gland:0,TN,0
-1.2273067,1.2422498,1.7124861,-0.33154324,1.5376469,-0.16343409,-0.23179942,-0.42166436,0.59733623,0.077186614,1,chr1:16741094:tibial_nerve:0,FN,0
-3.844724,0.18819559,-0.19830403,-0.7102926,0.18779746,0.662985,-0.2014057,0.1170131,-0.01758336,-0.3403036,0,chr5:149175166:thoracic_aorta:0,TN,0
6.9314294,-1.1390177,0.21359786,0.16679968,-0.060345426,-0.17943367,0.11034866,-0.7543917,-0.35475767,-0.19083138,1,chr12:8390645:Peyers_patch:0,TP,1
-3.815628,-0.1368514,0.03363245,0.72768193,-0.67076486,-0.51833165,1.0322878,0.45951042,0.36173773,0.22841188,0,chr5:138352584:adrenal_gland:0,TN,0
-5.199525,0.35366955,-0.7661248,0.543574,-0.83967125,-0.46608534,-0.22590454,-0.23841669,0.56564397,0.277493,0,chr8:9029642:esophagus_squamous_epithelium:0,TN,0
5.798724,1.7209368,-0.48131058,0.15851216,-0.467472,1.0708162,0.8205794,0.8928442,-0.32086846,-1.2464839,1,chr4:15730066:body_of_pancreas:0,TP,1
-1.1689311,0.44770423,2.0660174,-0.20323801,-0.27088323,-0.25152558,-0.5985818,-1.2012669,-0.58988357,0.9494619,0,chr14:50045393:adrenal_gland:0,TN,0
-6.4688964,-0.9168093,-0.1029592,0.83623874,0.19783223,-0.6963009,0.2842602,0.14664333,-0.123980954,-0.16868724,0,chr2:42169581:prostate_gland:0,TN,0
-4.1777124,-0.08241263,0.080916084,0.11392467,0.04922055,0.92377436,0.8555593,0.4337725,-0.581184,0.3689769,0,chr1:41117402:adrenal_gland:0,TN,0
5.402533,0.046006568,2.1730425,-0.4486019,-0.3419385,0.6253838,0.15150551,-0.02648844,0.075051226,0.780543,0,chr1:13277261:body_of_pancreas:0,FP,1
6.9156446,0.51905125,-1.1541914,0.70980114,0.17291425,0.18532512,0.27904817,0.47613788,-0.18580936,-0.2735811,1,chr10:26574003:body_of_pancreas:0,TP,1
-3.9359791,0.40856925,0.8725251,0.2616783,0.09139205,-0.91455925,-0.53147393,-0.23729855,-0.041189812,-0.08699632,0,chr1:21573902:gastroesophageal_sphincter:0,TN,0
-5.301348,-0.010178989,-0.1881145,-0.3584018,0.3077139,0.08531738,0.12331664,-0.11151925,-0.24694039,-0.074633464,0,chr1:203674144:body_of_pancreas:0,TN,0
-4.431786,1.2889757,-0.439461,-0.3455596,-0.32312554,-0.77208453,0.06020674,-0.16355644,0.16886641,-0.53548735,0,chr14:75294151:esophagus_muscularis_mucosa:0,TN,0
-4.199041,0.88418025,-0.22031985,-0.47844592,-0.7656558,0.22278646,0.13964307,-0.1189779,-0.19394995,0.5706457,0,chr19:48152294:gastroesophageal_sphincter:0,TN,0
3.0720708,0.67377216,0.98356247,-0.7915571,-1.7488039,0.35772997,-1.4907023,-0.32575768,0.23005591,0.85712874,0,chr7:80472426:body_of_pancreas:0,FP,1
3.3203661,0.7890489,0.8673516,-1.2372516,-0.92016053,-0.100968175,-0.6134935,0.10384712,0.073148094,0.915782,0,chr12:54259473:transverse_colon:0,FP,1
-6.3313317,-0.42306083,-0.7911365,0.017873354,-0.04147619,0.24156284,0.015313767,-0.5030989,-0.029505646,-0.06982452,1,chr7:152236247:body_of_pancreas:0,FN,0
-4.9307265,0.82594556,-0.040115252,-0.034724757,0.45639277,-0.11540995,-0.16215062,-0.35725716,0.24386239,-0.12345382,1,chr6:169790103:suprapubic_skin:0,FN,0
5.729137,-1.9164387,0.048741177,-0.4098259,-0.24455464,-0.23396958,-0.26285657,-0.67196375,-0.13939434,-0.18597937,1,chr12:121918386:esophagus_squamous_epithelium:0,TP,1
-5.3117523,0.36224043,-0.6576585,-0.16165087,-0.025643384,0.40168127,0.14344224,-0.30962825,0.10815998,-0.28477755,0,chr12:115167233:body_of_pancreas:0,TN,0
-3.2452211,0.159726,-0.15408677,-0.26206246,1.0424078,0.8472479,0.027578015,0.14758027,0.40449256,0.055900007,0,chr6:26198220:Peyers_patch:0,TN,0
-1.6606903,0.274388,-0.045060642,-1.0192771,-0.34569973,0.66868466,-1.3719189,0.20044869,0.8982945,0.39447716,0,chr10:84375202:esophagus_muscularis_mucosa:0,TN,0
4.4024014,-0.3987389,0.15594071,0.30508074,-1.0545293,0.54169714,0.6521388,0.67963564,0.534922,0.3169781,1,chr15:33226849:Peyers_patch:0,TP,1
4.1512237,-0.36315176,-0.077729315,-1.1665262,-1.167916,0.91104096,-0.088252224,1.0473499,0.11752236,-0.24001318,0,chr6:117189039:body_of_pancreas:0,FP,1
-5.3515673,-1.7522603,0.3160333,0.17934904,0.38538596,0.6775747,0.40210012,-0.30315903,0.19568084,0.660182,0,chr9:64877929:thoracic_aorta:0,TN,0
7.4185615,-0.38117942,-0.27873185,0.3342978,0.15417162,0.44564328,0.4554725,-0.13430955,0.6549746,-0.5280346,0,chr20:53943966:tibial_nerve:0,FP,1
-4.5084567,1.0336655,-0.53178525,-0.5306272,-0.11681465,0.13302849,-0.08467275,-0.3626813,0.423357,-0.23277345,0,chr2:191555430:testis:0,TN,0
6.0550184,1.3878963,0.48723364,0.7670115,-1.0374159,1.2363111,1.3751122,-0.28054932,-0.5327977,0.14978865,1,chr9:113355403:body_of_pancreas:0,TP,1
6.170294,-0.85001963,0.7696495,0.5115811,-0.5494698,-0.2712334,0.40199018,-0.10998922,-0.009552357,-0.35147768,1,chr3:75723673:Peyers_patch:0,TP,1
-4.7916,0.22012313,-0.4755719,0.09197739,-0.3669696,-0.33524698,-0.17804149,0.16144797,-0.008693935,-0.75813514,0,chr16:87967119:thoracic_aorta:0,TN,0
-7.7171884,-3.8314366,-0.07898468,1.2490053,1.2390431,0.31030536,0.23058777,0.5342924,-0.76444656,0.31905845,0,chr1:146401430:transverse_colon:0,TN,0
-4.7688193,0.36766386,-0.62053233,-0.4512965,0.056234132,0.6373102,-0.52371013,-0.62998843,0.21340935,-0.08447596,0,chr4:95165949:tibial_nerve:0,TN,0
7.353008,-0.8243213,-0.70733297,-0.43649077,0.13841134,-0.39596182,0.07574888,-0.44035235,-0.03766887,-0.09439062,1,chr3:75785419:body_of_pancreas:0,TP,1
6.9762278,0.6638136,-2.4992852,-0.09776088,1.4168552,-0.7041773,0.049564496,0.82776695,-0.3509794,0.61643904,1,chr8:44636977:body_of_pancreas:1,TP,1
7.10707,-0.7737603,-0.5207863,-0.6688678,-0.23132887,0.034987416,0.013880907,-0.3493819,-0.6421898,-0.39710358,1,chr5:151298414:spleen:0,TP,1
6.930813,-1.1800064,-0.062738046,-0.12619795,0.081600204,-0.33470204,-0.010851739,-0.7069455,-0.3143239,-0.08916676,0,chr12:8390645:omental_fat_pad:0,FP,1
1.6279458,0.39650732,1.5398469,-1.3482608,-0.45339304,1.367562,0.15406902,-0.35158882,-0.24436985,0.53437495,1,chr2:235171687:adrenal_gland:0,FN,0
-6.320774,-1.4222745,-0.5986415,1.1109791,-0.4958189,-0.006232022,0.1582427,-0.16574408,-0.3574736,0.68489206,0,chr14:91286688:thoracic_aorta:0,TN,0
-4.624204,0.4674752,-0.5664072,-0.34475964,-0.1381007,0.7280451,-0.56877285,-0.91688544,0.6791413,-0.2755948,0,chr2:79892425:body_of_pancreas:0,TN,0
-4.075373,0.9137253,-0.3933241,-0.38407272,-0.73358166,-0.19977506,-0.56094015,-0.4034051,-0.32710308,-0.43061826,1,chr9:127348292:esophagus_squamous_epithelium:0,FN,0
-2.8988004,1.9808613,-0.78071207,0.057183288,-1.1499753,-0.4514694,-0.3229525,-0.2437318,-0.55418044,-0.69031453,0,chr11:118295892:prostate_gland:0,TN,0
5.5509014,-1.4511547,-0.886353,-0.35084763,-0.42836472,-0.035598442,0.5791734,-1.2288505,0.68017715,0.10100315,1,chr15:24767525:transverse_colon:0,TP,1
-3.5764842,1.1151863,-0.024861349,0.30928147,-0.6787101,-0.22090222,-0.4079251,-0.8954918,0.58289605,0.82495254,1,chr15:54485836:adrenal_gland:0,FN,0
3.498863,0.08160592,-0.822148,0.50415385,0.031125268,0.51781946,0.28904426,0.5341053,1.4153003,-0.40085566,0,chr13:52084763:transverse_colon:0,FP,1
-5.9617786,-1.3043746,-0.13568413,0.20005992,-0.43480784,-0.64103526,-0.5163744,0.0664421,0.53678983,0.21051079,0,chr11:102613094:transverse_colon:0,TN,0
6.8712854,0.8332836,-2.6305192,-0.860188,1.2052981,-1.1316228,0.2920317,0.5661187,-0.47851205,0.534125,1,chr17:25579422:spleen:0,TP,1
-3.2800906,1.537766,0.14236292,0.07204,-0.57844913,0.30748564,-0.20683534,-0.53180534,0.52232873,-0.17134483,0,chr6:10801331:body_of_pancreas:0,TN,0
3.5052233,-0.6561504,-0.02932341,-1.5474287,-1.0415053,-0.24054927,-0.83317,1.0143105,-0.7053383,-0.27632266,1,chr5:149431239:body_of_pancreas:0,TP,1
-1.0517702,1.718666,0.6899159,-0.10288479,0.48208743,0.37891576,-0.495822,0.4003715,-0.89096427,-0.26186177,1,chr1:3724461:esophagus_muscularis_mucosa:0,FN,0
7.1505504,-0.583041,-0.77702343,0.4932084,0.4262411,0.09837191,0.16740341,-0.11739101,0.32815206,-0.3392856,1,chr2:196068383:thoracic_aorta:0,TP,1
6.062825,-1.0163827,-0.25140485,-0.5988102,0.03739491,0.45050028,-0.7882264,0.4566647,0.030889496,0.08084504,1,chr9:17531876:tibial_artery:1,TP,1
7.0969543,0.34292462,-0.8983622,1.013552,0.65656114,0.36389688,-0.47935995,0.5400138,-0.27366033,-0.022674128,0,chr5:1134798:upper_lobe_of_left_lung:0,FP,1
7.5476537,-0.5387491,0.11860199,0.17505048,0.10763737,-0.16661021,0.3092293,-0.18061945,0.34940845,-0.5079852,1,chr17:45585364:tibial_artery:0,TP,1
-3.530953,1.3567045,-1.169877,0.31705642,-0.49968982,0.7445145,-0.7549629,-0.06290715,0.68637884,-0.37361565,1,chr10:48659989:adrenal_gland:0,FN,0
-3.0557768,0.20443311,1.4276214,-0.14247553,1.1917697,-0.4719786,0.11021917,0.40245578,0.12936789,-0.08115428,0,chr1:20152614:gastrocnemius_medialis:0,TN,0
-3.1144402,0.103289194,-0.21740827,-0.1264248,0.15769985,0.6601031,-0.5248123,0.53656214,0.6363933,-0.22993767,1,chr16:4548780:tibial_artery:0,FN,0
-5.901109,-0.82465917,-0.6209745,1.2022716,-0.5923918,0.17285761,0.21226805,0.10118102,0.14909537,0.51034546,1,chr21:45886140:sigmoid_colon:0,FN,0
-6.69114,-0.97569245,-0.88628346,0.4021076,-0.21048987,0.49850088,-0.20083056,-0.18673557,0.1621959,-0.15239948,0,chr7:90782948:body_of_pancreas:0,TN,0
-1.0918682,0.42220068,0.40801904,-0.24402906,-0.35236984,0.3162511,-0.8952775,0.27444816,0.8805391,-0.22185348,1,chr6:53956277:tibial_artery:0,FN,0
-1.5492697,1.181966,0.884512,0.048141114,1.3465289,0.2951818,-0.35182118,0.295525,0.8120595,-0.84116244,1,chr7:26377045:prostate_gland:0,FN,0
7.117233,0.80292964,-0.4785397,0.6315553,-0.25793055,0.8275417,0.3649736,0.23991914,-0.28882566,-0.9384152,1,chr8:30230823:sigmoid_colon:0,TP,1
-0.39893547,0.020005103,-0.6560219,0.09936756,-0.9788012,1.0044037,0.14972882,0.07137168,1.317332,0.6634976,0,chr17:33674654:gastrocnemius_medialis:0,TN,0
2.0618603,1.0271747,1.7355257,0.46589965,-1.2601103,0.1531369,-0.15140063,-0.26002428,0.11287906,1.2259717,0,chr17:27806150:body_of_pancreas:0,FP,1
6.86291,0.78112334,-2.4545872,-0.4376325,1.3480778,-0.68861526,0.3084802,0.75538105,-0.103589766,0.82859004,1,chr8:44636977:omental_fat_pad:0,TP,1
-6.0402856,-1.0463779,-0.7641743,0.5427457,-0.34350285,0.67224693,0.5464822,-0.03887727,0.67863387,0.31914228,0,chr9:105609267:upper_lobe_of_left_lung:0,TN,0
0.23562972,1.0165128,1.9472119,-0.7463979,0.9488679,0.45679164,-0.44773215,-0.076982714,0.22349653,0.14478031,0,chr5:113606641:body_of_pancreas:0,TN,0
6.0461593,-1.8392307,0.16476242,-0.36780024,-0.13152307,-0.3842779,-0.007889291,-0.77005816,-0.28475496,-0.26042888,1,chr12:8390645:tibial_artery:0,TP,1
2.4412847,-0.6305822,1.2009957,-0.5846165,-1.1831468,0.14484288,-0.062219676,-0.6728991,-0.7768219,-0.8386117,1,chr9:133915634:body_of_pancreas:0,TP,1
7.7629666,-0.08659927,-1.3760989,-1.2009106,0.32150117,-0.20298314,0.01440777,-0.2097999,-0.31818548,0.079652414,1,chr2:86221296:Peyers_patch:0,TP,1
-1.1178981,0.69926643,0.6361202,-1.0337648,-0.21162392,1.274827,-0.35156903,1.0161474,-0.35035053,-0.16060959,0,chr13:51250191:adrenal_gland:0,TN,0
7.353005,-0.82432485,-0.70733213,-0.43648946,0.13841122,-0.39596188,0.075748965,-0.44035238,-0.03766877,-0.09439025,1,chr3:75785419:testis:0,TP,1
-0.6058996,0.42504075,0.9689851,0.002882737,-0.894841,-0.012413273,0.47890714,-0.18823329,0.8978099,1.1559029,1,chr16:4448541:body_of_pancreas:0,FN,0
1.6952218,-1.2424347,1.5793649,-0.05123126,-0.22095081,-0.03977489,-0.7391213,-0.2106618,-1.1973964,-0.888101,1,chr17:43361257:body_of_pancreas:0,TP,1
0.9831351,-0.11890307,1.785247,1.0758752,1.0388861,0.46679968,-1.3153102,-0.8516926,-0.43364042,0.80892897,1,chr6:131199853:prostate_gland:0,TP,1
-2.0561366,0.95576787,0.96028155,-0.7917096,0.680497,-0.5323659,-0.03374501,0.06907938,-0.1620207,-0.28640452,1,chr18:597094:transverse_colon:0,FN,0
-0.5050627,0.35683972,0.1330585,-1.7512268,-0.7522301,0.7472213,-0.50533205,0.6246817,0.73519146,-0.31501073,0,chr4:85084629:transverse_colon:0,TN,0
-5.917534,-1.6586947,0.5456418,0.15820868,0.95154244,-0.2905031,0.2025606,0.27915668,0.076832674,-0.20034832,1,chr15:40906278:esophagus_muscularis_mucosa:0,FN,0
7.01085,-0.7248257,0.6330231,-0.22176261,-0.43503252,-0.39696175,0.008156348,-0.5999388,-0.17552531,0.07119801,1,chr7:100966122:body_of_pancreas:0,TP,1
-4.720243,0.20174505,-0.9728114,0.40679228,-0.17335115,-0.10583967,-0.16887131,0.37932426,0.16338767,-0.47348166,0,chr4:141158317:body_of_pancreas:0,TN,0
-4.4716625,0.8330635,-1.0914183,0.89740807,-0.94709605,0.0014156556,0.5076484,0.12580891,-0.1378932,-0.18525991,0,chr9:41689943:body_of_pancreas:0,TN,0
2.6432679,1.2060218,2.057783,1.2566056,1.0332663,-0.7337511,-1.0204421,0.38428482,-1.0096542,-0.39584643,0,chr17:50626390:transverse_colon:0,FP,1
7.1104293,-1.0004328,-0.26499552,-0.020579645,0.08583332,-0.20307182,0.17593984,-0.59578615,-0.07991149,-0.36627477,1,chr11:47642443:Peyers_patch:0,TP,1
7.743153,-0.37975153,-0.90198666,-0.44621488,0.3322632,-0.40028554,0.025566906,-0.39529327,-0.11774577,0.0056101275,1,chr3:75785419:tibial_artery:0,TP,1
-6.449217,-1.0836198,-0.73587424,-0.16411397,0.06269855,-0.00073613203,-0.046610158,-0.106725514,0.3545689,-0.3487626,0,chr13:30132165:esophagus_muscularis_mucosa:0,TN,0
-0.016237797,1.1173193,1.1403989,-1.4381421,0.06273267,1.4998124,-0.058457784,0.40224355,0.39846566,0.3727646,0,chr1:26597816:transverse_colon:0,TN,0
5.991653,1.2827412,1.2203097,0.4970821,0.9713594,1.425858,-0.42070574,-0.48916474,-0.099396594,0.28417853,1,chr12:26092001:thoracic_aorta:0,TP,1
-6.4741235,-1.0652524,-0.53017503,0.18159394,0.5163221,-0.14701304,0.12765388,0.124199346,0.442069,-0.40818667,0,chr19:16111230:thoracic_aorta:0,TN,0
-2.5246575,1.2048885,1.0039451,-0.8976936,0.46487948,-0.7807895,0.14681028,-0.24895832,-0.23599128,0.010134424,1,chr18:597094:body_of_pancreas:1,FN,0
6.2431817,-1.1354749,0.25527614,-0.4009998,-0.18897723,-0.083982505,0.37951103,-0.33584702,0.0605246,-0.08966164,1,chr7:142463879:transverse_colon:0,TP,1
-3.144583,-0.36582416,1.4899905,0.26301917,0.17907481,-1.026963,0.14768402,0.3503197,-0.50686336,-0.121671185,0,chr13:24541018:esophagus_squamous_epithelium:0,TN,0
-5.1978827,-0.9546141,0.61534613,-0.25660107,0.67302084,-0.1947741,0.25326076,0.29167747,0.04696245,-0.26730046,1,chr15:40906278:testis:0,FN,0
1.9043838,1.8536689,-0.7876152,2.0287752,-0.27500388,-0.2854306,-0.8147382,-0.44032383,0.11666803,0.03448036,1,chr9:12741980:body_of_pancreas:0,TP,1
1.1319586,0.590443,1.1463815,-1.0283552,-0.34943962,1.3271874,-0.59776604,0.32162595,-0.23275766,-0.030726861,0,chr4:18934427:body_of_pancreas:0,TN,0
2.5822341,0.34762955,1.0467416,-0.44842184,-0.8522158,0.008159262,0.6210407,0.2711589,0.38437644,0.31769538,0,chr15:38627977:transverse_colon:0,FP,1
6.1615424,-1.5686511,0.37065187,-0.14983878,-0.32709026,0.025119863,0.029617246,-0.8300975,-0.32147655,-0.22746293,1,chr12:121918386:upper_lobe_of_left_lung:0,TP,1
-5.1826944,-0.24675612,0.24870682,0.075870946,-0.07389722,-0.43833905,0.17205474,0.063138895,-0.09949194,-0.2839647,0,chr5:178164512:upper_lobe_of_left_lung:0,TN,0
0.52689993,-0.73858786,-0.47693002,1.6861154,1.1410085,-0.3889436,-1.1926415,0.5286585,0.4427391,-0.8925334,0,chr2:218658715:transverse_colon:0,FP,1
-3.9226062,0.7582353,0.90629226,-0.42386842,0.95957714,-0.41315457,0.07321482,-0.20489658,-0.4588209,-0.08680849,0,chr1:2174438:gastrocnemius_medialis:0,TN,0
-5.211011,-0.003806988,-0.69623196,-0.35731843,-0.032617167,0.5274561,0.058913127,-0.39580682,-0.0755082,-0.44531664,0,chr2:79876829:body_of_pancreas:0,TN,0
-4.6577034,0.0411694,0.043732937,-0.49969533,1.010705,0.18961321,0.18336684,-0.4154221,0.2511902,-0.25091192,1,chr9:83219889:transverse_colon:0,FN,0
5.8736935,-0.14717717,-0.105204366,-1.0718131,-0.6463778,0.21180119,-0.46748698,-0.045643598,-0.012967076,0.16629331,0,chr11:36623030:thoracic_aorta:0,FP,1
5.660082,-0.9680857,-0.2844525,-0.502929,-0.5930932,-0.29561785,0.11045664,-0.37269258,-0.3278844,-0.6035252,1,chr1:25812473:body_of_pancreas:0,TP,1
3.0954742,-0.2634877,2.1694086,-1.2760258,-0.2570118,0.3301977,-0.6714706,1.1625222,-0.466222,0.059889827,1,chr17:63835031:upper_lobe_of_left_lung:0,TP,1
3.9676476,-1.8501265,0.19326323,-0.94103855,-1.0249599,-0.9109384,-0.7845594,-0.21761808,0.23077701,0.61787444,1,chr8:41651698:gastroesophageal_sphincter:0,TP,1
0.012039246,0.08272603,0.5680502,0.6102344,0.62781537,1.9476874,1.1229243,-0.12347464,-0.53020906,1.084442,1,chr5:52864214:body_of_pancreas:0,FN,0
0.017743647,0.7614382,-1.238538,0.63626975,0.5078541,-0.42637095,-0.50392586,0.395704,1.2222743,0.28897905,0,chr20:1963314:body_of_pancreas:0,TN,0
7.5628095,-0.33827925,-0.28587568,-0.049352404,-0.06234594,0.45430169,0.19546121,-0.061509836,-0.10939661,-0.424525,1,chr4:75289967:transverse_colon:0,TP,1
-4.666636,-0.38287902,-0.10815678,-0.6496817,0.97553104,0.25396082,-0.05197779,-0.31442425,0.25521845,-0.12360601,0,chr7:16695960:transverse_colon:0,TN,0
-4.249409,-1.960993,-0.032903012,-0.0399669,-0.9717613,-0.95479274,-0.09998991,0.5693184,0.4046219,0.55953723,0,chr12:48904001:prostate_gland:0,TN,0
3.6031141,1.4181772,1.7826397,1.3760501,0.76804894,-0.7649961,-0.2932434,0.6451499,0.3976639,-0.54501516,0,chr1:226110297:tibial_nerve:0,FP,1
-6.9111824,-2.1240985,0.19009328,1.0383228,0.7347827,-0.26961976,0.3146885,0.38208246,-0.6555963,0.2328566,0,chr11:44617033:tibial_artery:0,TN,0
-2.6445632,0.22523841,1.65808,-0.38724682,0.465572,-0.71928024,0.60716695,0.13685718,0.06291204,0.10169787,1,chr1:239998087:Peyers_patch:0,FN,0
6.8625317,-1.1887267,0.57189876,0.16236341,0.035915814,-0.2760384,0.062082198,-0.37149394,0.43831736,-0.1400073,1,chr9:42852316:prostate_gland:0,TP,1
4.017327,0.21240406,2.0428035,0.7919959,0.2873715,-1.5757982,0.39851537,0.30875733,0.898236,-0.20982006,0,chr9:98796326:Peyers_patch:0,FP,1
-2.2291615,1.0734195,0.120907344,-0.29791477,-1.7681702,-0.27549556,-0.030228758,-0.6479448,-1.0041192,0.69663435,0,chr20:48728044:tibial_nerve:0,TN,0
8.65383,0.6546064,-1.0442278,-0.3353012,0.5540223,0.03414383,0.21152589,-0.16537912,-0.37282807,-0.20670012,1,chr3:75785609:gastrocnemius_medialis:0,TP,1
-4.0282664,1.1331028,0.34594947,-0.32322857,0.17624366,0.09085303,0.07971904,-0.7437376,0.12765202,0.16649906,0,chr1:25572673:gastroesophageal_sphincter:0,TN,0
6.1708217,1.9485562,-0.6111116,0.5695967,-0.19036199,0.5613859,-0.06787491,0.49742442,-0.301765,-0.8418836,0,chr13:24968302:upper_lobe_of_left_lung:0,FP,1
-4.362054,0.520593,-0.9051075,-0.6928347,-0.9510171,0.62176526,-0.16187821,0.092054866,-0.10753989,-0.46967345,0,chr10:79914625:upper_lobe_of_left_lung:0,TN,0
-0.9483639,0.7242441,1.7949651,0.031173432,-0.78985864,0.08001822,1.0096759,0.114464186,-0.48728558,0.67255944,1,chr6:169655219:esophagus_muscularis_mucosa:0,FN,0
-2.4965932,0.4401901,0.21757853,-0.20477428,1.5036902,0.0049094018,-0.12251401,-0.0087010255,0.41421345,-0.8174686,0,chr19:8514126:upper_lobe_of_left_lung:0,TN,0
7.084219,0.24029666,1.0970955,1.0539848,-0.3674168,-0.10187645,0.69895655,-0.47179103,-0.5011514,-0.42787623,1,chr4:1752766:esophagus_squamous_epithelium:0,TP,1
4.519516,-0.33811337,0.2004005,2.0608535,1.1211565,0.91561496,-1.2435621,0.6086173,0.3918823,0.30876777,0,chr6:53956277:testis:0,FP,1
7.596,1.3871727,0.8702167,0.39466262,-0.53595763,0.7587538,1.3286552,-0.14865461,-0.6177752,-0.31456828,1,chr16:18131657:transverse_colon:0,TP,1
7.8339915,0.13860545,-1.404834,-1.2747675,0.3713411,-0.28437397,0.033862744,-0.30063367,-0.48685098,0.0348172,1,chr2:86221296:transverse_colon:1,TP,1
-6.648091,-1.3859944,0.08531536,0.45191693,0.47406062,-0.7861786,0.14184017,-0.011517245,-0.43651092,0.101466894,0,chr11:77066685:lower_leg_skin:0,TN,0
-4.4285727,1.0275128,-0.43515387,0.43570793,-1.019444,-0.76130366,0.03231078,0.20659569,-0.23972751,-0.23987152,0,chr19:48978946:tibial_artery:0,TN,0
-2.8118823,-0.0690219,1.1980425,-1.125951,-0.19868076,0.29466164,-0.8169729,-0.053379193,-0.02522367,0.23865072,0,chr1:205230071:body_of_pancreas:0,TN,0
-2.1346242,0.8960819,0.7975141,-0.5519501,0.5190145,1.0263896,-0.30521432,-0.80049056,0.19714336,0.79581964,0,chr12:69344098:body_of_pancreas:0,TN,0
-5.430648,-0.6080096,0.018267553,-0.012720504,-0.015161681,0.44078,0.5002906,0.15057774,-0.4185765,0.5381553,0,chr3:32177302:transverse_colon:0,TN,0
6.3849487,-1.0733687,0.05683031,-0.38059032,0.02852754,0.38465834,-0.22169694,0.26128766,-0.121738866,-0.31484756,1,chr16:9160191:tibial_artery:0,TP,1
-4.387878,0.52392673,-0.36016187,-0.007910148,-0.9423113,-0.2619095,-0.23863873,0.33429882,0.61977035,-0.09945748,0,chr2:161273349:tibial_artery:0,TN,0
7.4999614,-0.33984095,0.2042282,0.33779922,-0.006685693,0.091871254,0.13768536,-0.15903966,-0.12494705,-0.37536412,1,chr9:61668518:testis:0,TP,1
2.3337717,1.8351805,1.1355969,-0.9981121,0.93107116,2.1178143,-0.12737654,-0.055291206,-0.75238514,0.40352187,1,chr6:24991997:sigmoid_colon:0,TP,1
3.01899,0.687576,1.1208153,1.8047156,1.3469716,0.6739634,-1.4376563,-0.44697672,-0.26962677,0.84176147,1,chr6:131199853:tibial_artery:0,TP,1
-0.4815105,1.2654742,-1.4477568,0.846285,-0.31569624,0.6138122,-0.42450568,0.1069092,0.07825485,0.5462875,0,chr3:67358006:upper_lobe_of_left_lung:0,TN,0
6.1959076,-1.4149847,0.22945413,-0.26000696,-0.01681011,0.34018064,-0.34235182,-0.29891795,-0.4927153,-0.21808666,1,chr3:37536143:tibial_artery:0,TP,1
6.482971,-1.5444111,-0.24289511,-0.11890188,-0.03857985,-0.452618,0.017022938,-0.56119084,0.04392329,-0.04861874,1,chr3:75785357:transverse_colon:1,TP,1
6.150956,1.0982295,-1.0159631,0.98730344,0.01949311,1.4302502,0.620648,0.04720975,-0.0062309667,-1.1601936,1,chr7:95686086:esophagus_muscularis_mucosa:0,TP,1
7.0642195,-0.12115087,0.6187612,1.0066361,0.4318049,0.70718294,-0.32558057,-0.17229448,-0.5881256,-0.016819088,1,chr19:47436804:testis:0,TP,1
6.169952,-1.1254096,-0.50555134,-0.6619576,-0.3644061,-0.24704807,-0.37468806,-0.72531706,-0.053464793,-0.25951487,1,chr17:79827265:body_of_pancreas:0,TP,1
4.7474556,0.29822263,0.9588664,0.61736596,-0.022660645,-1.1322707,-0.3345351,0.3263617,0.046776906,-0.177801,0,chr3:126475232:tibial_artery:0,FP,1
5.6854577,-0.49958217,2.0434096,-0.27673396,-0.48447317,0.10447029,-0.06586586,0.0914413,-0.37890214,0.23519488,0,chr19:47436804:transverse_colon:0,FP,1
6.1026053,0.013197543,-2.5300212,-0.24193196,1.1156682,-0.7736994,0.036496826,0.8967318,-0.6624313,0.7091781,1,chr17:22856764:omental_fat_pad:0,TP,1
-4.7177997,0.37397665,-0.16681004,0.09546979,-0.5850921,0.038440607,0.6433947,-0.14828743,-0.10228132,0.44461966,0,chr10:66926170:tibial_nerve:0,TN,0
7.9083753,-0.018934075,-1.222568,-0.9091042,0.41441622,-0.14625391,-0.0014248829,-0.33569348,-0.4170062,0.014215327,1,chr2:86221296:upper_lobe_of_left_lung:0,TP,1
7.123601,-0.10159361,0.8373935,0.6662661,-0.05383638,0.06601438,-0.05555135,-0.40359038,-0.7431578,-0.050669473,1,chr1:27556965:body_of_pancreas:0,TP,1
-6.246327,-0.3330668,-0.36819413,0.33462337,-0.038579773,-0.4980119,-0.024604723,-0.21333013,-0.3626668,-0.16315906,0,chr11:118870447:tibial_nerve:0,TN,0
5.507637,-0.22100374,0.7789714,1.0676327,-0.34372762,-0.32281423,1.2556444,-1.0654233,1.0205541,0.77199435,1,chr19:21484173:thoracic_aorta:0,TP,1
-1.8770211,0.33024892,1.886726,-0.65201086,0.33593738,-0.6934735,0.6382344,0.22179699,0.42866817,0.37061015,0,chr19:40425487:tibial_artery:0,TN,0
4.9138365,-0.12171361,-2.8749106,-0.29244384,1.6848158,-0.7047841,0.18149489,0.61267185,-0.9767589,0.9543743,0,chr17:24931573:thoracic_aorta:0,FP,1
-4.731133,-0.5736835,0.08495071,-0.79277146,0.23082455,0.39776865,-0.51681864,-0.41703808,0.067297794,0.047889195,0,chr6:159252926:spleen:0,TN,0
-5.9730835,-0.15280627,-0.30360195,0.010899982,0.05735222,-0.15981324,0.28112316,-0.5934162,-0.30170256,0.22727077,0,chr6:116616178:prostate_gland:0,TN,0
6.6336484,-0.4541136,0.18951328,-0.008451139,0.032965515,1.0577857,0.13478442,-0.26536903,-0.35896522,0.087968335,1,chr5:40430015:gastroesophageal_sphincter:0,TP,1
7.256991,-0.3827827,-0.27141994,0.7626763,0.5953478,0.64269394,-0.38977104,-0.0092675965,-0.12728682,0.14445727,1,chr6:43386692:gastroesophageal_sphincter:0,TP,1
7.2796855,-0.08134405,0.046108942,0.8920308,0.049960837,0.2437381,0.22913598,0.18792024,-0.14298816,-0.4407728,1,chr3:75723673:prostate_gland:0,TP,1
4.0392904,-2.0517082,0.5202425,-1.0853475,-0.7002307,-0.6892607,-0.53073746,0.6938127,0.04607698,-0.22809857,1,chr19:45427778:Peyers_patch:0,TP,1
-3.3643324,1.8243572,0.47893974,-0.13334572,-0.3489986,-0.56909645,-0.2838971,-0.6046047,0.039163373,-0.014759064,0,chr2:232440415:body_of_pancreas:0,TN,0
-1.7749152,1.2986406,1.9614137,-0.21469119,1.687483,-1.2261127,0.10947888,0.4110126,0.22263533,-0.5689912,0,chr9:136400120:esophagus_squamous_epithelium:0,TN,0
-4.439406,-0.13376841,0.7670789,0.16371843,-0.30031955,-1.6019952,0.1192209,0.49981093,-0.39821678,-0.31862321,0,chr17:44210759:upper_lobe_of_left_lung:0,TN,0
-6.1165876,-0.82293946,-0.22757459,0.18942422,-0.030603286,0.12568595,0.37743798,-0.06525653,-0.48784432,0.22071949,0,chr10:86953846:adrenal_gland:0,TN,0
7.584509,-0.42330745,-0.6455491,-0.5364181,0.07877345,-0.14818497,0.16377556,-0.52175194,-0.31909868,-0.33406606,1,chr8:38060242:Peyers_patch:0,TP,1
4.774085,-0.13387848,2.091901,0.91844976,-0.1446349,-1.1758863,-0.10295413,-0.31769153,0.16337328,0.43523586,1,chr17:49764139:prostate_gland:0,TP,1
4.754823,-0.7306247,1.1641854,1.0193468,-0.34561554,-0.4351689,-0.67980653,-0.44232923,-0.69469184,-0.10247422,0,chr12:26944:upper_lobe_of_left_lung:0,FP,1
5.013666,-1.6902335,0.2805729,-0.79225,-0.97083616,-0.14780699,-0.22054765,-0.24552928,-0.17002109,-0.29435745,1,chr6:144337138:body_of_pancreas:0,TP,1
7.6041436,-0.49524817,-0.020460162,-0.2726544,0.005336372,0.15452294,0.011038455,-0.20832267,-0.20469803,-0.21581537,1,chr17:879808:esophagus_muscularis_mucosa:0,TP,1
3.5641081,0.32823458,1.9976488,1.0119524,0.23698388,-0.87662655,-0.16330518,0.5752168,0.4490101,0.8685366,0,chr2:97590789:prostate_gland:0,FP,1
7.8639736,-0.10629182,-0.72672486,-0.27159354,0.14909615,-0.01709492,-0.1426526,-0.22396222,-0.46293503,-0.21489127,1,chr14:90785685:body_of_pancreas:0,TP,1
-5.9240704,-0.56219834,-0.27566636,-0.15798852,0.86046386,-0.09138315,0.020373642,-0.3446092,-0.16235378,-0.33924097,0,chr1:26921783:gastroesophageal_sphincter:0,TN,0
5.0988293,-0.21172215,1.2281957,-0.71798056,-0.08114778,0.9799495,-0.90824795,0.22225574,-0.17982823,0.07971137,0,chr3:196253627:suprapubic_skin:0,FP,1
7.0716643,-0.7831467,-0.027830984,0.016223012,-0.122838505,0.34575883,0.087385625,-0.30513415,0.13142046,-0.12601098,1,chr4:75289967:transverse_colon:1,TP,1
-5.073684,0.28287593,-0.575537,-0.009381567,-0.89609325,-0.5445325,-0.39604115,-0.24855357,-0.13818458,-0.29068714,0,chr10:100424974:body_of_pancreas:0,TN,0
-5.708379,-1.1002085,-0.34644818,0.6490722,-0.4708089,-0.83775896,0.025800312,0.63588816,0.58882755,0.38228223,0,chr21:36989680:prostate_gland:0,TN,0
2.8050885,0.017181892,2.679528,0.3241451,0.4641663,-0.95518005,0.07685801,0.76461685,0.30414099,0.51487553,1,chr6:167351302:transverse_colon:0,TP,1
-3.914754,1.217975,-0.6315592,-0.37754858,-0.9445084,0.16323507,0.24021393,-0.26793414,-0.26995435,-0.32075188,0,chr2:105580940:Peyers_patch:0,TN,0
-3.1468892,-1.6852078,2.5875335,0.61510706,0.85445505,-1.2700002,0.40624294,0.36440971,0.16889758,0.03186914,0,chr3:4978462:Peyers_patch:0,TN,0
-3.577378,-3.0783274,1.3325317,-0.70197517,-0.33818153,0.5105026,-0.22816896,0.37799123,0.011971597,0.45113868,0,chr6:137705216:tibial_nerve:0,TN,0
-6.054304,-0.7754887,-0.55347586,1.2904876,-0.5858485,-0.23874436,0.03640787,-0.15787935,-0.7311642,0.2614637,1,chr6:13414351:upper_lobe_of_left_lung:0,FN,0
7.522993,0.7241966,-0.063515924,1.1917164,-0.078765124,0.33133104,0.37568957,-0.2757184,-0.39863816,-0.06659415,1,chr10:47380940:body_of_pancreas:0,TP,1
-5.6391163,-2.0211635,0.07713012,-0.11839174,-0.9075695,0.988928,0.18464833,0.55044,-0.18296123,0.67863077,0,chr2:38116986:body_of_pancreas:0,TN,0
-2.3318024,1.7953902,0.084264725,0.4700763,-0.7249808,0.7096677,0.14213325,-0.6536846,-0.5123408,-0.31779385,0,chr13:98266233:body_of_pancreas:0,TN,0
6.7232513,-0.9106037,-0.5235277,-0.4674276,-0.23906681,-0.3224382,0.11923421,0.10731898,-0.238984,-0.5355824,1,chr19:4352840:esophagus_squamous_epithelium:0,TP,1
7.223202,-0.41572097,0.7171762,0.42974532,-0.021823943,-0.23084652,0.27648935,-0.21785198,0.10966422,-0.43848732,1,chr9:42852316:transverse_colon:0,TP,1
2.848506,1.4996142,-0.6972489,-0.026961716,-1.1160396,-1.1543571,-0.8439073,1.217507,0.1409154,0.66120285,0,chr2:121718641:body_of_pancreas:0,FP,1
-5.389685,0.1703138,-0.96797025,0.06429061,-0.32425863,0.58009326,-0.081774265,-0.3867943,-0.15860163,-0.02424603,0,chr5:75681235:prostate_gland:0,TN,0
-4.807065,0.24442989,-0.29786015,-0.06797447,0.057261515,-0.4027755,-0.48310465,0.12488845,-0.025838805,-0.42967585,1,chr14:105012246:thoracic_aorta:0,FN,0
-2.9756405,0.99049747,0.20676543,-0.7427364,-0.38580114,0.17316972,-0.14906542,0.31358898,0.123281136,-0.2992634,0,chr2:11670589:body_of_pancreas:0,TN,0
7.1162424,-0.8662937,0.3897719,0.34087756,0.22723986,-0.3170344,-0.103855945,-0.39766333,0.35966524,-0.112964995,1,chr9:42852316:esophagus_squamous_epithelium:0,TP,1
-5.068862,-0.27795574,0.01033805,-0.28886634,0.6508372,0.31877804,0.5473102,0.18270524,-0.39930898,0.12800281,0,chr11:115170291:body_of_pancreas:0,TN,0
-5.415747,0.37576473,-0.91950566,0.05058745,-0.10057242,0.6035251,0.12119472,-0.4117294,-0.03503143,-0.21116708,1,chr20:54045596:sigmoid_colon:0,FN,0
-6.968872,-2.2206733,-0.36679584,0.5418286,0.13310903,0.37911627,-0.13395128,-0.00468802,0.10509745,0.4062946,0,chr11:86818560:gastrocnemius_medialis:0,TN,0
0.37190065,0.56279516,0.24384843,0.2438255,-0.9860786,2.4308875,1.5867869,0.6127836,-0.15969305,0.6447101,1,chr3:9994481:gastroesophageal_sphincter:0,FN,0
5.80938,-1.1674323,0.20350108,-0.9476742,-0.3923818,0.40136665,-0.5540165,0.30610678,0.06912273,-0.039998304,1,chr9:17531876:thoracic_aorta:0,TP,1
-0.59245366,-0.4847585,1.8236533,-1.170383,-0.7830705,-0.15234502,-0.6521588,0.21523994,-0.8080537,0.5255745,0,chr7:66492581:body_of_pancreas:0,TN,0
6.1423793,-1.4786978,-0.4161966,-1.1433525,0.10627114,-0.14164424,-0.18515104,-0.0691062,0.06287051,0.055410974,1,chr11:60251676:thoracic_aorta:1,TP,1
7.1517444,0.038825624,0.2163022,-0.055256683,-0.07462022,1.0222946,0.09235149,-0.1955558,0.013792121,0.2606926,1,chr6:43386692:tibial_artery:0,TP,1
7.5294914,-0.47714925,-1.3034841,-0.3321359,0.32112327,-0.24804161,-0.0036818774,-0.32291383,0.15228203,-0.094851226,1,chr2:67906567:transverse_colon:0,TP,1
-0.3364506,2.0804155,0.48731643,-0.778082,0.12286349,0.19093746,-0.21573757,-0.23234855,0.25415897,0.44053733,1,chr17:69235781:tibial_artery:0,FN,0
5.700249,-0.8574733,0.19074765,0.21184948,-0.24144553,-0.66587865,-0.91620284,0.038019363,-0.8036868,-0.022662567,0,chr16:75234163:prostate_gland:0,FP,1
-5.5556836,-2.3784153,0.6118099,1.0825875,-0.6373724,-0.25772998,0.70755017,0.75096375,-0.43624,0.17016137,0,chr1:8988967:spleen:0,TN,0
-0.17748852,0.7844681,1.1804733,0.17497471,-0.9633927,0.103966944,0.46943656,-0.111467585,-0.6061711,0.70596844,1,chr6:169655219:adrenal_gland:0,FN,0
0.4440212,1.3542542,-1.203009,1.2504007,-1.0122274,-0.17308332,-1.1949588,-0.12689829,0.26820365,1.1149361,1,chr7:51066331:body_of_pancreas:0,FN,0
-6.6213684,-1.7175311,0.50382113,0.7575994,0.6302622,-0.8419262,0.58609784,0.63330305,-0.42031986,0.103367575,1,chr17:45022145:tibial_artery:0,FN,0
-3.9325542,1.6592151,-0.40457514,-0.7292315,-0.2898717,0.21377432,-0.028791077,-0.3496789,0.17645654,-0.11272023,0,chr8:81235636:esophagus_squamous_epithelium:0,TN,0
-5.46849,0.096435934,0.099623166,-0.23360735,0.2297921,-0.6092395,0.09084736,-0.20766841,-0.15821049,-0.06317624,1,chr15:40906278:adrenal_gland:0,FN,0
3.0548837,1.5180719,0.52859986,-0.36985308,-0.62465787,0.18914396,-0.86527073,0.38390598,-0.2795729,0.64227,0,chr10:15106547:transverse_colon:0,FP,1
-4.271403,1.3598162,-0.04498421,-0.48678806,0.21907021,-0.2563063,0.19483842,-0.6612049,-0.12621374,-0.4562144,0,chr22:20117295:spleen:0,TN,0
-4.5216227,1.1436384,-0.26470992,0.103672,-0.14117876,0.1341901,0.25087893,-0.8185266,0.026093183,0.6820947,0,chr22:20920861:body_of_pancreas:0,TN,0
5.8218226,2.0157568,1.5786427,0.7730157,0.43545175,0.28796187,1.0757703,0.57051545,-1.2024508,-0.6636711,0,chr15:67836109:tibial_nerve:0,FP,1
-0.76601034,1.994538,1.0466051,0.95024675,1.2092608,-1.0756036,-0.96561277,0.2728839,-0.6129587,-0.17016089,0,chr11:118145352:prostate_gland:0,TN,0
0.19704874,0.20510781,0.7984621,-0.48113024,-0.957495,0.47751608,0.015847217,0.7596604,-0.4031517,-0.113270186,0,chr22:30303096:body_of_pancreas:0,TN,0
1.8003885,1.2055842,1.9213134,-0.9404195,0.13598704,0.7930933,0.3927688,0.19657227,-0.6392041,0.3066248,1,chr6:53956277:body_of_pancreas:0,FN,0
-3.8295674,1.5540614,-0.5952182,-0.06229422,-0.4969713,-0.3924812,0.08337807,-0.9187367,0.2840555,-0.08017306,0,chr14:77053349:thoracic_aorta:0,TN,0
-3.922195,1.5312766,-1.146447,-0.11819375,-0.7754548,-0.31526977,-0.031853307,-0.39670554,0.23506846,-0.5975363,0,chr6:32933573:spleen:0,TN,0
-4.238339,1.2289516,0.32850274,-0.22904855,0.86893785,-0.68185383,0.34698826,-0.41230857,0.22650138,0.107996404,0,chr19:13818234:Peyers_patch:0,TN,0
4.192162,0.6184963,1.3319008,-0.34260654,0.17944297,1.2018992,-0.18689173,1.1614006,-0.5585499,-0.35681158,0,chr1:234611945:transverse_colon:0,FP,1
7.7506957,-0.37643677,-0.85608435,-0.37552246,0.29437378,-0.43200946,0.048894953,-0.107337564,-0.22276974,-0.232132,1,chr3:75785419:spleen:0,TP,1
-3.901868,1.3202544,-0.4575302,0.4462143,-0.90178627,0.01105746,-0.16430871,-0.45366773,-0.16223268,0.11844774,1,chr5:149628438:transverse_colon:0,FN,0
-5.513639,-0.16787754,-0.2686373,-0.050312374,-0.35169703,-0.019068753,0.010342151,0.12044841,-0.16307959,0.4407303,0,chr7:22853784:tibial_artery:0,TN,0
4.39744,-1.544677,1.0672917,-0.9895791,-0.6626005,-0.031337216,-0.09763899,0.65846884,-0.33113846,-0.10461301,1,chr16:9160191:upper_lobe_of_left_lung:0,TP,1
-3.963616,0.70139307,0.63316524,-0.700378,0.5572789,-0.6185868,0.060958643,-0.31002256,0.5369699,-0.29171014,1,chr15:40906278:body_of_pancreas:0,FN,0
7.61061,0.24446394,-0.031031903,0.91726005,0.53095156,0.62812114,0.17480183,0.08919633,0.034597747,0.19658403,1,chr12:48753691:Peyers_patch:0,TP,1
-4.9562187,0.89321226,-0.35728502,-0.07715889,-0.16269822,-0.48796088,0.37738103,-0.33840233,-0.09759639,0.09517625,0,chr2:113199470:sigmoid_colon:0,TN,0
7.4991426,-0.40149882,-0.5076143,-0.5558799,0.016404066,0.19247973,0.09159434,-0.596246,-0.42517304,-0.23285547,1,chr7:142752843:body_of_pancreas:0,TP,1
5.577766,-1.6772696,0.046304617,-0.9756354,-0.16730073,-0.2414859,-0.6018958,-0.1454854,-0.3537154,-0.05922859,1,chr22:24006151:thoracic_aorta:0,TP,1
3.465287,0.9923246,0.6879915,1.4771485,-0.18072015,0.143619,-1.002102,-0.8576343,0.08962322,1.2857751,0,chr3:101070324:thoracic_aorta:0,FP,1
-5.821724,0.040614635,-0.15502058,0.11279329,0.28979915,-0.4464536,0.26445606,-0.4979863,0.03059145,-0.25773102,0,chr14:59576853:thyroid_gland:0,TN,0
6.1326346,-1.763683,-0.05404341,-0.5149003,-0.12941277,-0.12786861,-0.15825771,-0.4165456,0.011111063,-0.28293002,1,chr9:42974893:thoracic_aorta:0,TP,1
4.132562,-0.43620664,0.09890533,2.0232935,0.92529374,0.8727298,-1.4476036,0.57703644,0.4051884,0.33701944,1,chr6:53956277:suprapubic_skin:0,TP,1
-4.3953733,1.066064,-1.2562212,-0.04790404,-0.98732585,0.0031002713,-0.11990534,-0.063181706,-0.36855718,-0.794011,1,chr2:168375394:body_of_pancreas:0,FN,0
-4.095315,-0.9280517,0.87839544,0.60990137,-0.7641408,-0.43784404,-0.084837414,0.16558371,-1.2235715,0.3174029,0,chr6:31367545:spleen:0,TN,0
2.5877595,0.038008336,1.9494742,0.006582335,1.1173723,0.61500394,-1.4492909,0.40821058,-0.33319825,0.4065298,0,chr5:142249470:thoracic_aorta:0,FP,1
-6.3287854,-0.40968376,-0.9816219,0.36233842,-0.29027277,-0.0038475636,0.21402965,-0.26712745,-0.24763197,0.05728869,0,chr2:78999391:adrenal_gland:0,TN,0
-4.2270036,-0.8529035,0.23715818,-0.4497615,0.76969683,0.7311853,0.34824145,0.2046574,0.048717506,0.40726423,1,chr17:45099253:prostate_gland:0,FN,0
6.83419,-0.9677946,-0.725883,-0.26949343,0.27199233,0.13943157,-0.3268002,0.1654803,-0.21340571,-0.26301908,1,chr7:142750232:body_of_pancreas:0,TP,1
6.7009654,-1.0070939,-0.6724562,-0.916336,-0.28297383,-0.17389666,-0.2012992,-0.3737313,-0.36587778,-0.2298511,1,chr5:151298414:body_of_pancreas:0,TP,1
-5.6597776,0.2830992,-1.0032885,0.2439766,-0.39747286,0.11065738,0.26246086,-0.49662638,0.21919207,-0.039024066,0,chr5:76544689:transverse_colon:0,TN,0
-3.5838275,1.259342,0.11000816,0.38157046,-1.1207128,-1.4367094,-0.33719447,-0.19794008,-0.35225746,0.23068362,0,chr17:81413749:upper_lobe_of_left_lung:0,TN,0
6.2760763,-0.60591507,1.1343443,-0.43125948,-0.87490046,0.084559225,0.23958386,-0.03250044,-0.14465624,-0.15355383,1,chr15:31200859:thoracic_aorta:0,TP,1
6.78545,0.35812092,0.84804815,1.2714715,0.6723734,0.93148834,-0.36846426,-0.18265228,-0.6351496,0.0823006,0,chr19:47436804:adrenal_gland:0,FP,1
-3.2996695,0.97396266,-0.34199053,0.5508356,-1.7594283,-0.2511492,-0.18583205,-0.05735031,-0.21308303,-0.14437948,0,chr10:92074395:esophagus_muscularis_mucosa:0,TN,0
-4.276644,-0.5107148,1.0816592,-0.40124637,0.33940202,-0.34451035,0.4142084,0.23189221,0.06814394,0.1838839,1,chr15:40906278:tibial_artery:0,FN,0
0.503087,1.5838747,1.7334869,0.6263743,0.91876453,-0.8550692,0.3964952,1.243593,0.7269912,0.12322405,1,chr17:42761347:gastroesophageal_sphincter:0,FN,0
7.219043,-0.7301891,-1.2549616,-0.5965127,0.41690454,-0.13790482,0.12080611,-0.29207334,0.59597176,-0.2596641,1,chr8:69248295:suprapubic_skin:0,TP,1
6.5729365,-1.2842153,-0.31676093,-0.9862303,-0.21422091,-0.04520253,-0.2156584,-0.22916998,-0.23646015,-0.018096901,1,chr7:142463879:body_of_pancreas:0,TP,1
-5.1868963,0.95835894,-0.2453522,0.13264659,0.37055886,-0.7121073,0.25470608,-0.5162023,-0.24441658,-0.41496268,0,chr7:88220243:body_of_pancreas:0,TN,0
6.224138,-1.351518,-0.70340073,-0.4722954,-0.11531795,-0.3265039,0.2762025,-0.84996086,0.6429561,-0.11120005,1,chr12:109443212:body_of_pancreas:0,TP,1
-4.461872,-0.5370206,-0.68120545,0.066027775,-1.2408572,0.19129631,-0.13785169,-0.24989244,0.12096354,0.21676742,1,chr20:41572206:body_of_pancreas:0,FN,0
3.6211166,-1.3586233,0.13396153,0.036418088,-0.42743185,-0.11358175,-0.997358,0.03227393,-0.66884655,-0.26488033,1,chr2:10271661:body_of_pancreas:0,TP,1
6.335845,-0.7774408,0.71659917,0.11181065,-0.5326424,-0.108227484,0.10336586,-0.83593947,-0.44319367,-0.3663762,1,chr19:1037869:upper_lobe_of_left_lung:0,TP,1
6.4288955,-1.4421496,-0.18935888,-0.08519626,0.23261075,-0.5756501,0.046550453,-0.539187,0.67986923,-0.12261096,1,chr15:79896760:upper_lobe_of_left_lung:0,TP,1
7.580745,-0.57160246,-0.5950082,0.019321643,0.2964624,-0.16176262,0.084867984,-0.45445764,0.008837893,-0.15153171,1,chr11:47642443:upper_lobe_of_left_lung:0,TP,1
-2.3057582,0.25260302,0.80428207,-0.098550536,0.74080503,0.9950828,0.31662032,-0.089106895,-0.67311394,0.6063337,0,chr8:9276778:body_of_pancreas:0,TN,0
-4.9051886,0.38561046,0.5023653,-0.24547324,0.28762898,-0.9243556,0.14061701,-0.28268605,-0.44560456,0.038120706,0,chr19:17283115:transverse_colon:0,TN,0
6.746479,0.031500354,0.34730658,0.8918464,-0.12941031,-0.039197594,0.4237441,-0.21323429,0.16692811,-0.5436427,1,chr9:129437413:prostate_gland:0,TP,1
6.062825,-1.0163827,-0.25140485,-0.5988102,0.03739491,0.45050028,-0.7882264,0.4566647,0.030889496,0.08084504,1,chr9:17531876:suprapubic_skin:0,TP,1
-4.221322,1.2419968,0.027679505,-0.39268023,-0.34145114,-0.4179054,0.10407259,-0.43710414,0.071684904,0.076663606,0,chr1:207321070:upper_lobe_of_left_lung:0,TN,0
-3.5053723,0.82101226,-0.94321406,-0.1629486,-1.1685247,-1.0553557,0.00023163653,0.327802,0.10572282,-0.06356581,1,chr8:30486503:thoracic_aorta:0,FN,0
6.062991,1.4259846,-2.5470328,-1.410377,1.0137961,-1.0192385,0.49501294,0.753781,0.0064044185,0.7711543,1,chr8:44636977:tibial_nerve:0,TP,1
-4.585278,-1.0101689,0.05931045,-0.024569083,-0.16961555,0.10550703,-0.38773483,-0.08742961,-0.3565455,-0.2881859,1,chr9:127348292:thoracic_aorta:0,FN,0
-2.76677,-0.5421442,-1.6641828,2.3217885,-0.45516133,0.051976126,-0.6873942,0.512264,-0.25340557,0.81533384,1,chr20:28507029:thoracic_aorta:0,FN,0
-3.8304944,-0.62767535,0.088895425,0.08368132,1.0207232,0.37430182,-0.084305495,0.37641746,0.39784813,-0.48924673,0,chr5:139787668:testis:0,TN,0
-5.587726,-2.0578067,-0.25243753,-0.38382497,-0.20425138,-0.18487896,-0.069478825,1.2565731,0.5854359,-0.6951363,0,chr10:29517575:esophagus_muscularis_mucosa:0,TN,0
4.164959,0.5886213,1.0169964,-0.2103081,-0.5155337,0.6153903,-0.027105073,0.2909785,-1.0989072,-0.1367086,1,chr2:239775219:body_of_pancreas:0,TP,1
-2.4396133,0.46530068,0.500618,-0.88974726,0.7650755,1.2582287,-0.36993253,-0.16555616,-0.09655596,0.18818703,1,chr9:546973:upper_lobe_of_left_lung:0,FN,0
-0.50261486,1.2623371,-0.27552956,0.585876,-0.43558317,-0.70559734,-1.2084035,1.5124147,0.7368479,-0.8261004,0,chr16:67519147:body_of_pancreas:0,TN,0
7.5066752,0.734861,-2.3260963,-0.17227672,1.366658,-0.54964954,0.28447944,0.2797095,-0.31362602,0.6309388,1,chr8:45161471:gastrocnemius_medialis:0,TP,1
-6.723032,-1.62458,0.23719366,0.74615234,0.16783865,-0.86473745,0.16796502,0.21672937,-0.42535618,0.069478214,1,chr18:74291399:tibial_nerve:0,FN,0
-6.688031,-0.9244021,-0.83991337,0.27747592,-0.15942983,0.43691143,-0.049464025,-0.43837878,0.049452674,-0.1023487,0,chr13:33543669:transverse_colon:0,TN,0
7.128065,0.47123897,-0.17853475,0.9189244,-0.017792393,0.48180997,0.1143939,0.85779774,0.6461946,0.077075765,0,chr13:23599548:body_of_pancreas:0,FP,1
-2.750292,1.143255,0.37510523,0.13206844,0.8025183,0.17246616,-0.5931016,-0.29089704,0.97697973,-0.7223403,0,chr10:102775387:tibial_nerve:0,TN,0
2.4295049,-1.869205,1.3651952,-0.13834326,-0.38901225,-1.1136802,-1.0103239,0.9119567,0.16401863,0.3160215,0,chr8:143574981:upper_lobe_of_left_lung:0,FP,1
-3.837698,1.5122142,-1.0828958,-0.05657669,-1.0554008,-0.5263347,0.27781576,-0.21710238,0.10534282,-0.12760298,0,chr4:38783176:spleen:0,TN,0
-4.511766,0.04428164,-1.0561298,0.687832,-0.7668739,-0.4972782,0.49526668,-0.022009984,0.040097803,0.20699884,0,chr19:52748468:testis:0,TN,0
5.942732,0.6500668,-1.3118888,1.8982829,0.69395,0.45009735,-0.73280567,0.5086841,-0.14070174,0.4109405,1,chr6:291257:body_of_pancreas:0,TP,1
-2.3202019,1.052411,1.1482701,0.02524165,0.34511212,-0.57972556,-0.2975193,-0.27355117,-0.54362947,-0.086888164,0,chr2:20617427:prostate_gland:0,TN,0
4.2666454,1.1067817,-0.9504095,0.595263,-0.3505005,1.3037827,0.62068385,0.26549867,0.75918263,-1.0172657,1,chr7:95686086:transverse_colon:0,TP,1
6.137027,1.0680386,-2.8805714,-1.6755981,0.9712907,-1.1645979,0.4084224,0.3983301,-0.670391,0.8568501,1,chr17:25564496:thoracic_aorta:0,TP,1
-5.51203,-0.21704333,0.07853286,0.38881502,0.11430152,-0.772348,0.4653567,0.07545479,-0.56499726,0.2177302,1,chr7:267146:transverse_colon:0,FN,0
-6.5752172,-0.8887543,-0.32761145,0.2123234,-0.066944614,-0.021291543,-0.17337783,-0.1154516,-0.3824386,0.05648592,0,chr19:13803180:prostate_gland:0,TN,0
-1.4162283,1.28107,-0.33989733,0.4579864,-0.6570043,0.5360841,-0.35785562,-0.012997776,0.2853333,-0.57046413,1,chr12:9283685:esophagus_muscularis_mucosa:0,FN,0
7.9626718,0.8118883,-2.0951867,-0.28225973,1.176792,-0.47097343,0.3693801,0.3927694,-0.49424598,0.36356434,1,chr17:22909996:spleen:0,TP,1
-1.2329866,1.1434394,1.3799552,-1.0878978,0.9279932,0.42712632,-0.21420617,-0.1245809,0.091778345,0.24424502,1,chr5:113606641:thoracic_aorta:0,FN,0
-1.6177,-0.47285846,-0.19205149,-0.5456536,-1.74074,-0.33177337,0.46854892,0.8030405,0.5300697,0.2257659,0,chr11:119031234:Peyers_patch:0,TN,0
-5.6595254,-0.3107816,-0.5926691,-0.42862165,0.417218,0.16612689,0.048178423,-0.41855374,-0.033869352,-0.3636315,0,chr17:55526730:testis:0,TN,0
-2.3576834,1.1709774,0.33076653,-0.7204147,0.5989576,1.3596973,-0.39302504,-0.031576723,0.4470094,-0.39303935,0,chr12:91578079:gastrocnemius_medialis:0,TN,0
-5.910425,-2.6448195,1.1244352,0.533175,1.4131383,-0.28516364,0.62639564,0.79499245,-0.4031718,-0.2806701,0,chr17:65123411:upper_lobe_of_left_lung:0,TN,0
5.965948,-0.73383254,1.2491381,0.56568444,0.46289495,-0.47649884,0.16157837,-0.09641252,1.1069678,-0.113345884,1,chr6:3259228:tibial_nerve:0,TP,1
-2.7385752,0.06338614,0.8236143,-0.9921688,-0.792845,-0.43170092,-0.2951879,0.4299365,-0.5948445,-0.15240946,0,chr7:5085799:suprapubic_skin:0,TN,0
-3.7955544,0.3612633,0.572324,-0.5745721,0.87798023,-0.41080832,0.05774794,-0.045320604,0.024741586,-0.49002913,1,chr14:101235442:tibial_artery:0,FN,0
-6.0029035,-0.32966667,-0.44520652,-0.044937186,0.6906134,-0.18014668,0.20874888,-0.29959425,-0.15031306,-0.2512656,0,chr19:40777787:spleen:0,TN,0
6.10998,-1.4759243,-0.49329412,-1.1226606,0.14193486,-0.026320398,-0.23269306,0.025732657,0.07125161,-0.057887495,1,chr11:60251676:transverse_colon:0,TP,1
3.3538718,0.71638405,2.4133098,-0.9631766,0.111491255,0.4331916,0.333009,0.6883762,0.11420632,0.56689775,1,chr19:39824761:tibial_artery:0,TP,1
5.9600577,-0.22432637,0.91843593,-0.6759227,-0.65586025,-0.64628726,0.35449186,0.2598299,0.24707708,0.71971506,0,chr5:42992982:transverse_colon:0,FP,1
4.5832195,1.7769005,-0.8707983,1.4757242,0.9015068,0.39595917,-1.6299505,0.41449887,0.7673715,0.31947622,0,chr8:119862980:esophagus_squamous_epithelium:0,FP,1
7.180104,0.9577674,-2.5725179,-1.1106619,1.29167,-0.9647346,0.37772566,0.41652885,-0.4125304,0.7434954,1,chr17:25579422:upper_lobe_of_left_lung:0,TP,1
-3.9111674,1.3495686,-0.7514714,-0.020807615,-0.7369389,-0.58494306,-0.040882498,0.170341,0.046814226,-0.39455026,1,chr16:14300986:gastrocnemius_medialis:0,FN,0
4.6923876,1.1753961,1.3127333,0.40072703,-0.6959743,1.0072769,-0.11171584,0.76487356,-1.1998035,-0.18730961,0,chr11:12087298:thoracic_aorta:0,FP,1
-3.9249103,0.71702623,0.104538426,-0.5926489,0.27211425,0.29382125,-0.5193525,-0.27196386,0.16055655,-0.5328778,1,chr4:77240591:tibial_artery:0,FN,0
-4.51224,0.68073505,-1.002132,1.1347067,-0.6963356,-0.5108044,-0.0138372285,-0.21513008,0.77180034,-0.17488573,0,chr21:5260541:prostate_gland:0,TN,0
-4.241681,0.3020921,0.48956844,-0.43667012,0.35673505,-0.044855125,-0.33965558,-0.16674241,-0.1403006,-0.056076974,0,chr7:100217197:prostate_gland:0,TN,0
-4.7560287,0.40598205,0.21974523,-0.49151367,0.74157876,-0.31045955,0.37591195,-0.57196635,-0.0042419704,-0.19476067,0,chr6:166383176:body_of_pancreas:0,TN,0
2.31222,0.9730178,1.048717,-0.26546067,0.3652855,1.4100136,-0.7729701,1.0077838,-0.29104248,-0.26646173,0,chr19:43104227:esophagus_squamous_epithelium:0,FP,1
6.803017,-1.2834524,-0.90283567,-0.3805001,0.2864062,-0.038771745,0.11019258,-0.56250066,0.25687364,-0.3084936,1,chr3:186302506:prostate_gland:0,TP,1
7.7982125,0.64795136,-2.0785577,-0.23418924,1.2397587,-0.49008188,0.34068027,0.4059433,-0.5318025,0.3780437,1,chr17:22909996:tibial_nerve:0,TP,1
-4.8080974,-0.74062306,-0.28462672,-0.046703853,-0.28938773,0.651176,-0.6143887,0.50579965,0.069715485,-0.52931917,0,chr10:15106907:sigmoid_colon:0,TN,0
-1.6656555,1.3016176,-1.1660013,0.224202,-0.7308286,-0.8585671,0.36744604,0.020534808,0.7286311,0.08408646,0,chr19:52748468:prostate_gland:0,TN,0
-2.0875974,-0.40836647,-0.87155396,0.2945999,0.5696075,1.1905118,-0.5165881,1.0155524,0.35280958,-0.7103101,0,chr8:8247882:thoracic_aorta:0,TN,0
-4.8832746,0.6323781,-0.8646303,0.20499688,-0.76926917,0.6671091,-0.5235905,-0.5513101,-0.17765711,-0.5024281,0,chr4:20422548:transverse_colon:0,TN,0
7.0799475,-0.3101957,0.18034269,-0.047061898,-0.40000102,0.14246665,0.69821846,0.28865385,-0.048041373,-0.6986302,0,chr9:101449199:esophagus_muscularis_mucosa:0,FP,1
2.2630384,-0.32515335,1.8007928,-0.9680046,-0.9181543,-0.25314334,0.1097031,0.9043733,0.15854903,0.33552185,1,chr7:100949229:Peyers_patch:0,TP,1
7.916636,0.16701551,-1.3726549,0.07980141,0.71211064,0.07911495,0.027375245,-0.13782251,-0.11571006,-0.26287818,1,chr10:38653296:body_of_pancreas:0,TP,1
-6.464231,-0.9305522,-1.1862988,1.4089041,-0.24669783,-0.18878996,0.42822215,0.22632797,0.2759667,-0.023034342,1,chr22:20028091:prostate_gland:0,FN,0
-3.3933141,-0.12598935,0.7705078,-0.9218129,0.78142726,-0.23458377,0.14160815,-0.26692683,0.32642752,0.28813842,1,chr11:1652791:thyroid_gland:0,FN,0
-3.0640452,1.155895,0.28625423,0.50320596,-0.21208116,-0.47287357,0.77079326,-0.7886436,0.147341,1.0408986,1,chr19:41914555:body_of_pancreas:0,FN,0
7.445514,-0.54281884,-0.35146198,0.297555,0.18198675,0.027402293,0.25325525,-0.509721,0.23324832,-0.24673168,1,chr11:19259633:upper_lobe_of_left_lung:0,TP,1
0.29830968,1.1866938,1.6115516,0.017851412,-0.76341856,0.46616837,1.1449876,-0.19458975,-0.57649034,0.41245663,1,chr6:169655219:thoracic_aorta:0,FN,0
7.7429585,-0.17288092,-0.5174525,-0.4850366,0.13962425,-0.2715362,0.10419913,-0.16519259,-0.34285074,-0.10442186,1,chr9:129437752:body_of_pancreas:0,TP,1
6.897429,-0.9119219,-0.4621502,-0.7115197,-0.13473617,-0.19512475,-0.2316103,-0.42817155,-0.17050388,-0.15677209,1,chr7:22550492:adrenal_gland:0,TP,1
5.362236,-2.3516,0.28825122,-0.19335775,-0.39302814,-0.69023556,0.16084848,-0.65256053,0.097650014,-0.0099391015,1,chr3:75785357:tibial_artery:0,TP,1
7.2302456,-0.43169892,0.54582846,0.09278878,-0.37469935,-0.24176867,0.120606944,-0.60501933,-0.4512593,-0.12684734,1,chr16:85086903:prostate_gland:0,TP,1
5.257626,-0.8235856,-0.50290006,-1.2245579,-0.6069667,-0.6087033,-0.44249249,0.66221726,0.733196,0.33503553,0,chr2:215506074:body_of_pancreas:0,FP,1
6.094409,0.7193519,2.013177,0.14628309,0.049610823,0.6312136,-0.0069965217,-0.38482425,-0.44718796,0.94528455,1,chr1:13277261:spleen:0,TP,1
-6.3157215,-1.0605276,0.1665289,0.98450136,0.26965547,-0.8132216,0.63646513,0.03717405,-0.4394742,0.35020152,0,chr14:104137797:spleen:0,TN,0
-1.1034199,1.0306889,0.4880299,-1.0567989,-0.6862755,0.7874555,-0.5344034,-0.18397683,1.4124008,0.7145693,0,chr3:178966680:Peyers_patch:0,TN,0
-0.94247437,1.6526797,1.8276228,0.40857473,1.2908938,-1.0513539,-0.0805007,1.143343,0.342358,-0.64547807,0,chr9:136400120:transverse_colon:0,TN,0
4.8199677,-0.45982927,-2.1630647,-0.37614122,0.73997295,-0.9656261,-0.06975941,0.8838188,-0.09150698,0.39342746,1,chr17:23982409:testis:0,TP,1
8.14832,-0.0425837,-0.82749754,-0.6309895,0.13609788,-0.3624163,0.22246161,-0.3124385,-0.21273042,-0.15049277,1,chr3:75785419:prostate_gland:0,TP,1
-1.4843166,0.6488691,0.08477439,0.040369656,0.15521282,-0.7892438,-1.3187587,0.35399017,1.001022,-0.3629845,0,chr9:2872847:prostate_gland:0,TN,0
7.4860673,-0.08559144,-0.36265346,0.34302175,0.16526385,0.23386194,0.6296961,-0.2864911,0.15269013,-0.34250557,1,chr2:196068383:Peyers_patch:0,TP,1
6.6122093,-1.342245,-0.30937517,-0.6180471,-0.0481283,-0.18299334,-0.23392035,-0.50390893,-0.38007405,-0.3001054,1,chr12:121918386:thoracic_aorta:0,TP,1
-4.1506333,-0.040437423,0.08141112,-0.75063133,-0.051712185,0.8414422,0.29483405,0.6320261,-0.07731484,0.12591894,0,chr12:105235140:body_of_pancreas:0,TN,0
5.389141,0.8560184,0.6132368,1.8581289,0.24493074,0.6654108,-0.1341118,-0.33446062,-0.49600866,0.2346078,1,chr2:3548243:body_of_pancreas:0,TP,1
-6.1811843,-1.8584608,-0.3231527,-0.12429758,0.19135928,0.8776178,0.47581857,0.3098331,-0.3501252,0.33733714,0,chr15:37133941:esophagus_squamous_epithelium:0,TN,0
-4.6132812,0.45376652,-0.007835668,-0.6415643,0.650099,-0.12533897,0.18524791,-0.6745806,0.3907111,-0.057230886,1,chr9:83219889:esophagus_squamous_epithelium:0,FN,0
-6.503522,-1.219266,-0.93684864,0.7001003,-0.65041685,0.47008,0.39201796,-0.40657517,-0.19835295,0.38907814,0,chr8:13656034:tibial_artery:0,TN,0
8.537663,0.9914413,-1.5841676,-0.7130317,0.8249666,-0.45818853,0.28792492,-0.027004229,0.09595348,0.28691217,1,chr14:30690707:gastroesophageal_sphincter:0,TP,1
1.1307144,0.16575041,0.06681281,1.3455391,-0.15250419,0.4698229,-1.5564256,0.091664426,-1.2291477,-1.0657836,1,chr12:71214746:Peyers_patch:0,TP,1
6.6331363,-0.99282986,0.02148092,-0.8761638,-0.5070105,0.479549,0.4791131,0.19229555,0.071102954,-0.23577325,1,chr18:68604528:body_of_pancreas:0,TP,1
6.677376,-1.2925107,-0.07020639,0.08491038,0.117044754,-0.27705616,0.19223748,-0.4493237,0.7951296,-0.5297151,1,chr15:79896760:suprapubic_skin:0,TP,1
-5.516504,-0.9824494,0.7210691,0.368197,0.65399057,-0.7747118,0.6648332,0.63828737,0.08585071,0.20847656,0,chr10:97737466:upper_lobe_of_left_lung:0,TN,0
-5.6462607,-0.6051996,0.02605941,-0.1854876,0.7716556,-0.42080528,0.07641646,-0.019454155,-0.07097509,-0.84131116,0,chr4:41216732:suprapubic_skin:0,TN,0
2.1403108,0.7267473,2.0369132,0.69503427,-0.1445945,-0.44659755,-1.5566683,-0.3180946,-0.34351194,1.2791821,0,chr20:47735973:omental_fat_pad:0,FP,1
6.8210073,-1.1308581,-0.119008586,-0.5105714,-0.034089204,0.17096221,-0.21953925,-0.02561603,-0.17221951,-0.018924702,0,chr7:142463839:upper_lobe_of_left_lung:0,FP,1
-3.5371492,1.4445555,-0.4288703,0.6260456,-0.31528103,0.07158526,-0.61955017,-0.53949845,0.2766675,0.20619974,0,chr2:159118640:thoracic_aorta:0,TN,0
-2.648993,0.36239773,1.7023506,-0.71235675,0.07230395,-1.1712711,-0.590122,0.12949632,0.27539513,0.03892169,0,chr9:41356966:thoracic_aorta:0,TN,0
3.7633648,0.20174953,2.3205109,0.42031148,-1.1661936,-1.1209494,-0.015984956,-0.008065068,-0.7299737,-0.59258074,1,chr20:26208339:upper_lobe_of_left_lung:0,TP,1
7.612703,-0.5059682,-0.17906165,-0.2590602,0.16196103,-0.13584505,-0.051869605,-0.17114478,-0.15423158,0.009925931,1,chr17:879808:body_of_pancreas:0,TP,1
-4.9624248,-0.11712653,-0.8383611,-0.14574476,-1.0929624,-0.50132346,0.04568191,0.5342967,-0.21898282,-0.32776752,0,chr2:216403921:spleen:0,TN,0
5.516551,-1.6743436,0.06426208,-0.46456158,-0.55481666,-0.09307358,-0.1853243,-0.19378757,-0.33119112,-0.30800012,1,chr2:46855233:thoracic_aorta:0,TP,1
-4.169471,1.0681379,0.20741652,-0.545776,0.33512744,-0.376657,-0.14806214,-0.5399965,0.16939083,-0.27547404,1,chr9:97633155:upper_lobe_of_left_lung:0,FN,0
4.498081,-2.0408583,0.57135594,-0.6251759,-1.1010938,-0.8490815,-0.43634096,-0.34982702,0.0284424,0.3203372,1,chr8:41651698:body_of_pancreas:0,TP,1
6.72283,0.98090684,-2.8071768,-1.2476072,1.1918265,-1.1631845,0.40845585,0.63131154,-0.56396717,0.70456123,1,chr17:25579422:esophagus_squamous_epithelium:0,TP,1
-3.5133984,1.2958424,1.2374852,-0.12512878,1.0579114,-0.8683902,-0.068830736,-0.11009189,0.13839827,-0.2902174,0,chr19:38770355:transverse_colon:0,TN,0
-3.9431238,1.6799496,-1.1224403,0.09385953,-1.2965614,-0.11922297,0.11657547,-0.37914273,0.03562317,0.1464943,0,chr16:75402814:prostate_gland:0,TN,0
-5.5350943,0.11696214,-0.14762847,-0.32931173,0.6106863,-0.19595814,0.17719097,-0.22458497,-0.32841992,-0.20332527,0,chr11:106077385:Peyers_patch:0,TN,0
-3.9802983,1.2849578,-1.1057433,0.37878588,-0.912696,-0.03578805,-0.06637796,-0.16903412,0.17442007,-0.22472146,1,chr1:178788607:body_of_pancreas:0,FN,0
-5.4627533,-0.5180823,0.024274837,0.22178929,0.782128,0.40055752,-0.2689138,-0.43190533,-0.46905038,-0.28048098,1,chr12:8217209:body_of_pancreas:0,FN,0
-3.7094235,-0.5091266,0.7077863,-0.84911,0.7741515,-0.12895958,0.15842383,-0.30743742,0.41805318,0.023792308,1,chr11:1652791:esophagus_muscularis_mucosa:0,FN,0
-4.7300043,0.13151075,0.44223067,0.013803295,-0.31658903,-0.9650767,-0.086923614,-0.21835874,-0.45775533,-0.25998825,0,chr2:109423970:gastrocnemius_medialis:0,TN,0
-2.532871,2.3411064,-0.7429478,0.9868244,-0.9409324,-0.50306994,-0.66045505,-0.34349397,0.6014693,-0.2589855,0,chr7:818297:Peyers_patch:0,TN,0
-4.2531457,-1.456147,-1.1114253,0.2744735,-0.5765699,-0.7586143,0.41503277,1.4749008,0.5427112,-0.75809026,1,chr16:2874817:tibial_artery:0,FN,0
-6.224083,-1.316681,-0.5033773,0.31863087,-0.28361437,0.3979685,0.46644816,0.26036593,-0.07593302,-0.15317944,1,chr19:2391652:tibial_artery:0,FN,0
7.7199564,1.1207964,0.7515056,0.17181763,-0.42923307,0.2835233,0.77658314,-0.5201979,-0.95734423,-0.37877375,1,chr1:27556965:omental_fat_pad:0,TP,1
6.0090513,1.8905163,0.45102555,1.0043483,-0.55021554,0.1723886,-0.49458095,0.50671,-0.4410409,-0.57863986,0,chr20:17504720:esophagus_muscularis_mucosa:0,FP,1
-1.5299032,-0.75011486,-1.7886016,2.6372519,0.103042476,0.20976613,-0.9856434,0.9657973,-0.26463306,1.2625203,1,chr20:28507029:prostate_gland:0,FN,0
-6.1823287,-0.4471727,-1.1535374,0.7680401,-0.7018131,-0.41514525,0.18812329,-0.24572514,0.17525384,0.22526827,0,chr1:1645734:adrenal_gland:0,TN,0
-5.24856,0.5062299,-1.0321921,0.38455522,-0.82467747,-0.16173756,-0.15014552,-0.22504357,-0.30619335,-0.50728244,0,chr15:60921364:body_of_pancreas:0,TN,0
-0.52071846,1.3748399,1.7763019,-0.32974398,0.61805373,-1.2153765,-0.44994718,0.016384719,-0.20288134,0.06818931,1,chr18:597094:spleen:0,FN,0
4.1302752,1.239123,0.11348136,1.5113573,0.9849461,-0.43437818,-0.49244678,0.9922989,0.6791117,-0.47960147,0,chr2:88159923:prostate_gland:0,FP,1
-3.6142523,-0.13397072,0.6481251,0.3943552,0.20377079,-1.3446952,0.88820654,1.0504967,0.37253937,-0.8832538,0,chr10:103193249:upper_lobe_of_left_lung:0,TN,0
6.862913,0.78112715,-2.454587,-0.4376357,1.3480762,-0.688616,0.30848134,0.75537986,-0.10358957,0.8285893,1,chr8:44636977:tibial_artery:1,TP,1
-4.3740354,0.6267098,-0.9824861,1.0111318,-0.9248291,0.26913345,0.76242936,0.24791059,-0.25972116,-0.3516539,0,chr14:35354324:body_of_pancreas:0,TN,0
3.5967343,-1.7938247,0.28096646,-1.3589828,-0.74974495,-0.50254446,-0.2463056,0.7191696,-0.01629897,-0.50314176,1,chr19:45427778:body_of_pancreas:0,TP,1
-4.9808173,0.84735274,-0.92695004,0.05280093,-0.53390723,0.03244442,0.16702513,-0.058102105,0.06101987,-0.23157254,1,chr3:58025874:body_of_pancreas:0,FN,0
3.0386498,1.0177985,1.0280015,1.389993,0.9992606,-0.15117727,0.43026018,-0.13082393,1.2749923,-0.14831616,1,chr14:77027449:transverse_colon:0,TP,1
5.844037,-1.7625,-1.0733376,-0.19464082,0.1283824,-0.15872386,-0.06881986,-0.7527508,0.4066371,-0.42186207,1,chr13:26472649:adrenal_gland:0,TP,1
5.572776,-2.0670674,0.23809335,-0.40762663,-0.31737226,-0.1978464,-0.26062128,-0.63943046,-0.22437127,-0.2187204,1,chr12:121918386:Peyers_patch:0,TP,1
2.5286007,-1.184716,1.3772773,-0.14727847,-0.1990601,-0.8065665,0.41230503,0.84187984,1.148348,-0.7104026,1,chr18:12307830:upper_lobe_of_left_lung:0,TP,1
4.791616,-0.61092526,1.1105225,1.2500489,0.19490531,-0.65338475,0.086759694,0.18744484,1.3384774,-0.18269928,0,chr17:42553705:body_of_pancreas:0,FP,1
-5.8004136,-1.0068197,0.033322517,-0.006706886,1.0470357,0.04531602,0.48117265,0.028854067,-0.44857076,0.24606058,0,chr3:197510147:adrenal_gland:0,TN,0
-4.508659,0.6298769,-0.871015,0.30904534,-0.79608977,0.41178668,0.0065175463,-0.19435912,0.33918497,0.16611728,0,chr2:86948588:adrenal_gland:0,TN,0
7.3929586,0.80966026,-2.4056356,-0.14434624,1.418531,-0.5534631,0.2908666,0.31421044,-0.42909423,0.67350346,1,chr8:45161471:tibial_artery:0,TP,1
0.39318445,0.33420315,1.9618582,-0.04274102,-0.39877656,-1.3400481,-0.40650216,0.40681714,0.3195042,0.18532255,0,chr2:264820:esophagus_squamous_epithelium:0,TN,0
-1.7268584,0.3371734,-0.70275396,-0.035819307,-0.131511,1.200193,-1.1921098,0.027854182,-0.2668011,-0.21813872,0,chr15:19942866:Peyers_patch:0,TN,0
7.328554,-0.14787562,-0.317725,0.73558444,0.3621234,0.4254371,0.29022813,0.20739134,0.53127575,-0.62308604,1,chr19:8396778:Peyers_patch:0,TP,1
7.07263,-0.86580074,-0.16926594,-0.56750774,-0.010726974,-0.004009431,-0.21497335,-0.4878637,-0.34878227,-0.03938575,1,chr7:142771802:body_of_pancreas:0,TP,1
3.8278484,-0.5046666,1.0440058,0.25970572,-0.47217196,-0.01727463,0.7435703,-0.54855365,-0.6724909,0.53321886,1,chr1:27556965:esophagus_squamous_epithelium:0,TP,1
6.9314294,-1.1390177,0.21359786,0.16679968,-0.060345426,-0.17943367,0.11034866,-0.7543917,-0.35475767,-0.19083138,1,chr12:8390645:testis:0,TP,1
2.6556292,0.9804043,2.7506902,-0.02956517,0.9852801,-0.10862577,0.03215476,0.080446884,0.066431515,0.6129381,1,chr12:57772619:thoracic_aorta:0,TP,1
5.0286427,-0.021164503,0.94785225,-0.5188446,-0.6207111,1.1351643,0.13696393,0.43870813,0.49554044,-0.46160403,0,chr13:113503334:body_of_pancreas:0,FP,1
-4.629001,0.58539176,-0.6312845,-0.10130254,-0.8293624,0.3829822,0.24107304,0.04811079,0.2961738,-0.060847178,0,chr6:32885726:body_of_pancreas:0,TN,0
7.620143,0.09470697,0.09818419,0.28421378,-0.4888865,0.7587286,0.45496756,-0.7806479,-0.5282391,-0.17429946,1,chr6:51569823:body_of_pancreas:0,TP,1
4.0048065,0.88900626,0.4273427,0.6938674,0.62304115,1.1139636,0.32718506,-0.75224346,0.42023683,0.48624453,0,chr9:127023140:body_of_pancreas:0,FP,1
-3.6942332,0.9185913,0.18438965,-0.4843879,0.6966734,0.5596128,0.06928305,-0.8805593,-0.48765004,0.26830506,0,chr1:208242741:transverse_colon:0,TN,0
5.0015974,-1.1930574,1.173353,0.5519753,-0.662973,-0.15853089,-1.0040655,-0.28678656,-0.60806125,-0.0971913,1,chr9:136983864:body_of_pancreas:0,TP,1
-4.0825257,0.8063096,0.18289234,-0.16033842,-0.6826235,0.027775703,0.3203657,0.00087103585,-0.13681123,-0.011090198,1,chr1:31423083:upper_lobe_of_left_lung:0,FN,0
-7.575005,-3.1721745,-0.8283628,0.5087885,0.36346418,0.6250283,0.017619772,0.678567,0.1102007,-0.5312336,1,chr10:109892851:thoracic_aorta:0,FN,0
-3.5510387,0.46855798,0.0054485183,-0.6208386,0.8474208,0.7880031,-0.9965501,-0.7157096,-0.14648886,-0.073915556,1,chr1:81549700:tibial_artery:0,FN,0
1.126904,1.0371622,2.198982,-0.5308039,-2.6468559e-05,-0.7732081,0.17313541,-0.2060266,0.7826605,0.51570046,0,chr12:6938397:spleen:0,TN,0
-6.645837,-0.97759116,-0.5298757,0.22753814,0.37648106,0.030377416,0.3983332,-0.11746602,-0.28875354,0.035272196,1,chr6:32852878:prostate_gland:0,FN,0
7.410061,-0.33165333,-1.3006319,-1.3389053,0.1997105,-0.22667916,-0.031672377,-0.27011627,-0.3071112,0.08062676,1,chr2:86221296:body_of_pancreas:1,TP,1
8.160875,0.10767164,-0.6595343,-0.38094518,0.37137017,-0.16174613,-0.07943493,-0.0034871302,-0.26973113,-0.06295888,1,chr3:75785609:esophagus_squamous_epithelium:0,TP,1
-6.971242,-1.8787358,-0.34961954,0.9953331,0.3632236,-0.5405343,0.3125328,0.21150903,-0.29257113,0.27534074,0,chr12:10723737:transverse_colon:0,TN,0
6.7032437,0.5068936,-0.5962974,1.5509554,0.74762857,0.43489283,-0.86821806,0.49354258,-0.29633775,0.107425064,0,chr1:84753658:prostate_gland:0,FP,1
-2.8193054,-0.441795,1.0086097,-0.48565271,-0.10213638,0.8064935,0.08183889,-0.050830927,0.2918292,0.48185867,1,chr9:7273836:tibial_artery:0,FN,0
7.374168,0.0715322,-1.2081131,1.1940429,0.59361744,0.6110447,0.01781695,0.28909394,-0.07501011,0.014826271,1,chr10:26574003:adrenal_gland:0,TP,1
2.9445114,1.018728,1.8012801,-0.108410425,0.50173616,0.71912557,-0.44029915,-0.7333318,-0.30196235,1.3154128,1,chr2:96533513:tibial_artery:0,TP,1
7.6473775,-0.12469535,-1.1584264,-1.5547751,0.12831819,-0.4510412,0.16911942,-0.30685547,0.11634669,0.06917528,1,chr7:142521135:gastrocnemius_medialis:0,TP,1
-6.1818852,-0.10996257,-0.82107574,0.3923411,-0.5112995,-0.049088135,0.19673225,-0.55830055,-0.4086921,0.16244583,0,chr15:85347229:upper_lobe_of_left_lung:0,TN,0
7.763295,-0.372702,-0.23294798,-0.08655271,-0.00386336,-0.31430477,0.41127875,-0.49123064,-0.016382614,-0.22183688,1,chr12:52949183:body_of_pancreas:0,TP,1
-4.0291224,0.6973611,0.43701816,-0.760408,0.6325248,-0.287354,-0.004627174,0.0010781079,-0.41916543,-0.25540438,0,chr16:2004036:adrenal_gland:0,TN,0
2.9379737,-1.2376163,0.8600029,-1.3524276,-1.116958,-0.13487437,-0.7180396,0.45344606,0.47645718,0.6555113,1,chr9:17531876:esophagus_muscularis_mucosa:0,TP,1
6.993911,-0.31982145,-0.6790632,-1.0567193,0.2503459,-0.23799297,-0.28262022,0.29650685,-0.045028202,0.010897781,1,chr7:63016031:upper_lobe_of_left_lung:0,TP,1
-6.748949,-1.2365717,-0.619855,0.5405434,-0.08504693,0.089009546,0.6648982,-0.28388265,-0.53536785,0.44466138,0,chr3:71930956:upper_lobe_of_left_lung:0,TN,0
-4.1092844,1.1607194,-0.08553027,0.07745653,-0.011389932,0.80670685,-1.0581508,-0.84355557,0.2354834,-0.044368256,0,chr16:33058240:prostate_gland:0,TN,0
2.5254016,-1.6022985,2.1148953,-1.204729,-0.7221827,-0.61171496,-0.5967342,0.5918497,0.05203016,0.5215603,1,chr7:1812632:gastrocnemius_medialis:0,TP,1
6.9396944,0.82971287,-2.6373062,-1.0063065,1.0493678,-0.48836923,-0.09446889,0.7340493,-0.5572496,0.7413252,1,chr8:44636977:spleen:1,TP,1
-3.8739767,0.75092405,0.35043696,-0.4385355,0.9140705,0.110937595,0.5923538,0.14909749,-0.22451349,0.22003499,1,chr3:75672243:body_of_pancreas:0,FN,0
-4.4014115,-0.2932677,0.24972637,-0.7163202,1.0135578,-0.15003139,0.26580098,0.21224856,-0.045599643,-0.4210286,1,chr19:2611355:tibial_artery:0,FN,0
7.9508414,0.10669425,-0.4807825,0.4563552,0.28015614,0.28075925,0.6361147,-0.26402512,0.085658506,-0.37185895,1,chr2:196068383:transverse_colon:0,TP,1
5.9158306,0.80009645,-0.047461025,1.586652,-0.2481693,0.997814,1.5167575,-0.37896273,0.56524193,0.31168112,1,chr5:168339955:body_of_pancreas:0,TP,1
6.7111177,-0.5893937,0.5827731,0.39330766,-0.39269468,-0.20824243,0.09389878,-0.8628596,-0.39503223,-0.36128435,1,chr19:1037869:transverse_colon:0,TP,1
-2.6149867,-0.055084236,0.7630467,-1.7991288,-0.63259,0.97581273,0.10877815,0.67484415,-0.1660481,0.53463787,1,chr8:60233579:gastrocnemius_medialis:0,FN,0
-4.820232,0.55824417,-0.0780694,-0.34565398,0.64492023,-0.22662345,0.30147532,-0.3014794,0.18522175,-0.24468304,1,chr11:11622213:transverse_colon:0,FN,0
-4.028245,1.0862863,-0.43757594,-0.62329495,-0.52173144,0.8487498,0.048706993,-0.6381529,-0.3846183,0.3689404,0,chr1:63896307:body_of_pancreas:0,TN,0
-4.935368,0.71477026,0.32377672,-0.2176665,0.58021146,-0.6031686,0.31150994,-0.31532452,-0.12893336,-0.31340343,0,chr3:150546348:Peyers_patch:0,TN,0
6.2949953,-0.50175846,-0.48681226,0.7568208,-0.2718401,0.39128643,-0.55352664,0.51501775,0.13214569,-0.34471557,1,chr8:30230823:tibial_artery:0,TP,1
2.3985386,-0.5889651,2.3678908,0.014076792,-1.0921159,-1.9248308,0.054975938,-0.05587661,-0.17495725,0.45589536,1,chr5:132737309:thoracic_aorta:0,TP,1
-7.0527,-1.2194232,-0.5231406,0.46391124,0.21067467,-0.19025862,0.0709017,-0.07064977,-0.32298937,0.047061723,0,chr4:153792277:body_of_pancreas:0,TN,0
-6.1507382,0.052952588,-0.6111893,0.3061816,-0.110445015,-0.35557353,-0.05220663,-0.526043,-0.15982383,-0.16529427,0,chr20:47677799:prostate_gland:0,TN,0
-5.674294,-0.56171757,-0.5308287,-0.4793515,0.19324836,0.41404682,0.188404,-0.055913854,-0.07406488,0.08650054,0,chr3:32510453:upper_lobe_of_left_lung:0,TN,0
-4.5519824,0.23820233,-0.6773273,1.073175,-0.8604103,0.35317895,0.8410208,-0.3935747,0.5632716,0.7935731,0,chr10:6088262:thoracic_aorta:0,TN,0
-5.9627724,-0.39991578,-0.88929945,0.2775488,-0.09987269,0.25635877,0.25828022,-0.043118175,-0.35334507,-0.20036864,0,chr1:117678181:body_of_pancreas:0,TN,0
-2.5251763,0.72352463,0.26840928,-0.10213051,0.3308393,0.60459805,-0.5354487,-0.14925496,0.011204871,-0.6828923,0,chr1:9466896:body_of_pancreas:0,TN,0
-2.8650544,0.43194884,0.87543565,-0.04469499,1.1629741,-0.19480632,1.0000937,0.32111764,0.28330585,0.13427447,0,chr22:49918733:prostate_gland:0,TN,0
7.9589133,-0.097913936,-0.45110378,-0.35963735,0.24353294,-0.17805038,-0.13810094,-0.04008735,-0.2657801,-0.05654856,1,chr3:75785609:tibial_nerve:0,TP,1
4.27826,-0.22121637,1.8552763,0.48275265,0.034339152,-0.4062224,-1.0380956,-0.60371464,-0.04319434,0.51569575,0,chr21:44601263:transverse_colon:0,FP,1
-1.9366989,-2.3716094,-1.0564566,0.5202529,-1.033944,0.75776505,-0.2621852,0.09777596,0.59824705,-0.7200397,1,chr1:143504935:body_of_pancreas:0,FN,0
-5.33983,0.15249455,-1.0218503,0.07929084,-0.9497843,0.2832343,0.056472573,-0.5634322,-0.31919593,0.055106048,0,chr2:89262782:body_of_pancreas:0,TN,0
-1.7640595,0.90874344,-0.2302029,0.38600153,-0.64155364,0.4501707,-0.10738929,-0.35732943,0.85473114,0.80957663,0,chr12:14454207:transverse_colon:0,TN,0
8.305303,0.6017412,-0.80695647,-0.56205785,0.12327062,0.30697858,0.012591839,0.4162649,-0.32966915,0.28211197,1,chr3:172712400:body_of_pancreas:0,TP,1
-3.468806,0.15273644,0.2058626,-1.0609224,-0.63204086,0.9150075,-0.09114699,-0.18513805,0.36803895,0.82202214,0,chr3:35965898:prostate_gland:0,TN,0
-4.651175,1.2399267,-0.3755801,0.35438672,-0.63688165,0.22501054,-0.00012717443,-0.8442396,0.23823962,-0.0011857676,0,chr1:63965939:body_of_pancreas:0,TN,0
2.5300536,2.3087542,0.03353208,-0.8108443,-1.3244916,-1.0356472,0.4082846,0.7889391,0.7743664,0.4281729,0,chr15:43826691:upper_lobe_of_left_lung:0,TN,0
-8.118318,-3.2726462,0.029014431,1.0229815,0.77035576,-0.6692045,0.0023483175,0.22850503,-0.3559725,-0.08308364,0,chr1:111991123:upper_lobe_of_left_lung:0,TN,0
6.963496,-0.80833423,-0.88940156,0.39567184,0.2422181,0.36989623,0.35670918,-0.14168921,0.75931776,-0.5001565,1,chr3:103094197:thyroid_gland:0,TP,1
-5.2263575,0.49893284,-0.03622173,-0.3039049,0.504787,-0.46911347,0.05938081,-0.13294117,-0.09606813,-0.55942005,1,chr9:136728193:adrenal_gland:0,FN,0
-4.389892,0.2581667,-0.8992909,-0.5508354,-0.8126912,0.37430584,-0.08606541,0.544904,0.18429087,-0.35505757,0,chr14:72572939:body_of_pancreas:0,TN,0
-6.6973667,-1.4545814,-0.19932047,0.8583245,-0.010051746,0.28987813,0.31372184,-0.109515116,-0.3909592,0.44901198,1,chr2:36701506:esophagus_squamous_epithelium:0,FN,0
-3.8506756,1.3084543,-0.12716688,-0.009600915,-0.35566172,-0.31857044,0.3641353,-1.044138,-0.40011254,0.68791395,0,chr8:22210567:transverse_colon:0,TN,0
6.329704,-1.1196462,-0.4364623,-0.8555606,-0.37613988,-0.40940183,-0.32081923,-0.44610023,-0.10311781,-0.10801415,1,chr7:22550492:thoracic_aorta:0,TP,1
5.5168405,-1.468924,-0.92830753,-0.41412312,-0.54261726,0.009182911,0.6123219,-1.1553173,0.6629953,0.070798665,1,chr15:24767525:thyroid_gland:0,TP,1
6.7375073,-1.1516479,-1.1178256,-0.4995769,0.3240955,-0.091166735,0.085254304,-0.33361208,0.74142796,-0.327975,1,chr8:69248295:prostate_gland:0,TP,1
-7.620625,-3.1258256,-1.5752599,1.4569246,-0.38502893,1.280473,0.18850294,0.009061831,0.07429957,-0.033796646,0,chr8:60731508:Peyers_patch:0,TN,0
-5.4403195,-1.1157072,-0.75558215,0.87337834,-0.8262813,0.38557544,0.8310646,0.46261123,-0.30440357,0.21084441,0,chr9:113491519:thoracic_aorta:0,TN,0
6.367885,-0.13382742,0.627452,1.4658693,0.10678988,0.057385605,-0.34160703,-0.37177676,-0.60319203,0.08149956,1,chr19:45678133:esophagus_muscularis_mucosa:0,TP,1
-5.512661,-0.45566267,-0.56873703,-0.3104632,-0.31920648,0.89097047,0.03100562,-0.0050835605,0.088144496,0.4373654,0,chr4:174222342:body_of_pancreas:0,TN,0
1.2386687,1.2354113,1.8390381,-0.6247036,0.3979694,-0.6497988,0.3097989,0.55452216,-0.36923122,-0.26372787,1,chr18:597094:prostate_gland:0,FN,0
-2.3207798,-0.20345445,0.7979299,-1.5360386,-0.61229545,0.5651594,-0.39951873,0.7305371,0.06669319,0.008448526,1,chr10:14543432:Peyers_patch:0,FN,0
-5.799111,-0.036083046,-0.71079826,0.07344513,-0.5437571,-0.028524607,-0.16148797,-0.5566833,-0.30625072,-0.12960927,0,chr21:46683136:body_of_pancreas:0,TN,0
-5.625036,-0.11367519,-0.22934052,0.29586405,-0.104839444,-0.023185281,0.27517748,-0.14556012,0.08337693,0.17817642,0,chr16:24749189:body_of_pancreas:0,TN,0
7.2259884,-0.52122337,-0.7558142,0.2738746,0.32987258,-0.08982728,0.19090927,-0.08744198,0.6323265,-0.06898056,1,chr2:196068383:suprapubic_skin:0,TP,1
7.011244,-0.101087466,0.6832573,0.050108414,-0.7068274,0.09855861,0.59577554,-0.38062692,-0.7613896,-0.16661745,1,chr1:27556965:testis:0,TP,1
7.011244,-0.101087466,0.6832573,0.050108414,-0.7068274,0.09855861,0.59577554,-0.38062692,-0.7613896,-0.16661745,1,chr1:27556965:prostate_gland:0,TP,1
6.0764575,-1.4109128,-0.34377536,-0.6785778,-0.24229634,-0.031173734,-0.09586303,-0.12803872,-0.2419791,-0.36639675,1,chr2:46855233:tibial_artery:0,TP,1
6.790885,-1.1752654,0.02168962,0.068464756,0.04861578,-0.3036867,0.052711096,-0.53403807,0.62263983,-0.5319903,1,chr15:79896760:body_of_pancreas:0,TP,1
5.748945,0.20126231,1.0718607,-0.55544686,0.034164395,0.5089514,-0.06721816,-0.31213748,-0.33422777,0.6155857,0,chr11:16881655:upper_lobe_of_left_lung:0,FP,1
-6.0057993,-0.27498546,-0.49406266,0.06827747,0.1830624,-0.24207151,0.28740555,-0.2888878,-0.26171356,0.04500547,0,chr6:169790103:adrenal_gland:0,TN,0
6.407287,-0.9924169,0.38716808,-0.7708027,-0.83380497,0.6862389,0.60053134,-0.02791656,0.0068404097,-0.028019903,1,chr6:43386692:esophagus_squamous_epithelium:0,TP,1
-2.9856567,0.59203583,-1.2413303,0.15322791,-1.3751204,0.44349653,0.1251448,0.17205504,0.44158533,-0.28767002,0,chr19:12426576:body_of_pancreas:0,TN,0
0.8080547,0.55586684,2.0970044,0.035706483,-1.4818312,-1.4556211,-0.3696647,0.25986972,0.1677334,0.17476515,1,chr19:1512093:upper_lobe_of_left_lung:0,FN,0
-2.4527686,-0.4055075,-1.5906996,2.5753222,-0.31223607,-0.3827104,-1.074344,0.4783249,-0.38474426,0.7804929,1,chr20:28507029:sigmoid_colon:0,FN,0
7.514316,-0.36767173,-1.1658769,-1.1150515,0.22626697,-0.12053474,0.056269202,-0.37300506,-0.12903433,-0.1211094,1,chr2:86221296:thoracic_aorta:1,TP,1
-1.1279503,0.6279556,-1.0041313,-0.40044492,-1.5626117,-0.39786297,-0.99838847,1.4965138,0.26316375,-0.062169205,1,chr7:134519810:body_of_pancreas:0,FN,0
5.1200294,-1.8898479,0.58195114,0.6997664,-0.06968122,-0.34062675,0.373328,-0.69175917,0.9036857,-0.27401453,0,chr9:129437243:transverse_colon:0,FP,1
2.4914887,0.3612265,0.9170264,1.9039108,0.9953055,0.7596594,-1.3056097,-0.4311556,-0.34905615,1.0984527,1,chr6:131199853:transverse_colon:1,TP,1
-3.3430614,-0.3656118,-0.28171048,0.26034987,-0.05157156,1.1530794,0.46028543,-0.5166577,0.17109773,-0.33297044,0,chr2:9139756:transverse_colon:0,TN,0
2.4360468,0.8800388,0.5442727,-0.59703666,-1.3531609,2.0505664,0.8339947,0.99898314,-0.77557456,-0.31684893,0,chr19:51473170:tibial_artery:1,FP,1
5.258691,0.16877717,0.27787778,1.6256677,-0.51136875,0.61104095,1.7180866,-0.33725804,-0.12151642,-0.5150678,0,chr1:9251444:upper_lobe_of_left_lung:0,FP,1
-4.409537,0.14953157,0.20222771,-0.6261757,0.81453204,0.2541773,0.13959096,-0.13712813,0.20859954,-0.008087445,0,chr20:40968996:omental_fat_pad:0,TN,0
-1.9295844,0.7477566,0.8249395,-0.27765146,0.5417397,0.56069314,-0.067748606,-0.36076933,0.4200033,0.27038217,0,chr8:125432545:gastroesophageal_sphincter:0,TN,0
1.2361671,0.44924614,-0.15827473,0.81064063,0.41213304,0.7764081,-2.0883765,-0.032676335,0.11990549,0.0149205355,1,chr9:127348292:adrenal_gland:0,TP,1
-2.9090946,-1.0933938,0.3740477,-0.10129174,0.001133756,1.6978848,0.8604983,0.35543147,-0.28103298,0.9126469,0,chr6:22413833:thoracic_aorta:0,TN,0
-2.6430063,-0.56765383,-0.10710519,-0.2799423,-0.41983497,-0.36926094,0.7712115,1.3114461,0.42221668,-0.46465418,0,chr19:8354017:transverse_colon:0,TN,0
6.0466137,-1.1517347,0.032108214,-1.2301438,-0.2557131,-0.48220998,-0.29700637,0.3012534,0.2439119,-0.09737131,1,chr7:63016040:adrenal_gland:0,TP,1
7.3316894,-0.6453661,-0.2802047,-0.30605394,-0.1274029,0.23791921,0.033360623,-0.59846705,-0.4524044,-0.29031512,1,chr7:142776507:thoracic_aorta:0,TP,1
-3.3039515,0.69077075,1.0047846,-0.4460068,1.1762983,-0.16404319,-0.31442052,0.043194402,0.026034527,-0.41794595,1,chr6:32665287:upper_lobe_of_left_lung:0,FN,0
-5.649933,-0.8166558,-0.2694516,-0.03280299,0.9643446,0.2907169,-0.06062222,-0.24822547,-0.06907007,-0.28135613,0,chr17:37488552:upper_lobe_of_left_lung:0,TN,0
7.008923,-0.93852085,-0.7833119,-0.23486479,0.3186539,-0.039377723,0.095016286,-0.08239995,0.82470113,-0.5006122,1,chr10:36190244:prostate_gland:0,TP,1
-3.9858875,1.6436388,-0.41637856,-0.08781392,-0.060402203,0.18761282,0.29332256,-1.0080137,0.45312744,0.16455029,0,chr2:73360584:prostate_gland:0,TN,0
-4.9963193,-0.42659837,0.35136095,-0.0381959,0.95961237,-0.19395159,0.46949643,0.5920023,-0.3666027,-0.30077168,0,chr3:127455641:prostate_gland:0,TN,0
-5.7348785,-0.80711454,-0.32498282,0.813189,-0.6339424,0.5244369,0.41960347,0.43521222,-1.0084672,-0.48466834,0,chr9:127955840:upper_lobe_of_left_lung:0,TN,0
-2.154877,2.531106,-0.66667646,0.17034353,-1.3234357,-0.9399929,-0.079247214,-0.5880285,-0.45129105,-0.0033364682,0,chr20:35598594:body_of_pancreas:0,TN,0
-2.6476648,0.09956416,0.9235623,-0.43354705,1.3768638,0.702993,-0.12795773,0.041410264,0.039797597,0.22442314,0,chr5:136058064:tibial_artery:0,TN,0
-3.3297474,-0.11636846,-0.22598885,-0.59334594,-0.75333416,1.1067557,-0.07367215,0.63902247,0.21830547,-0.30774224,1,chr6:106223515:transverse_colon:0,FN,0
6.5558605,-1.3860964,-0.43047586,-0.2292746,0.05684982,-0.3920784,-0.3003419,-0.70751494,0.04483631,-0.024504218,1,chr7:22550492:spleen:0,TP,1
-3.9734623,1.5912465,-0.83612347,-0.1254513,-0.6899223,0.42834702,0.16841486,-0.10375134,0.040271774,-0.09241368,0,chr6:53171827:spleen:0,TN,0
0.9658586,1.0522162,-0.36140323,0.82098174,-1.0765404,-0.13518107,1.7307831,0.21257824,0.9375613,0.25147504,1,chr20:47494439:sigmoid_colon:0,FN,0
6.4627967,-0.110554695,0.33351234,1.4011868,0.11528047,-0.10172529,0.6696498,-0.8927019,1.0139456,0.50727624,1,chr19:21484173:sigmoid_colon:0,TP,1
-6.6943636,-1.1198004,-0.8493748,0.86602753,-0.5660834,0.10070935,-0.031800106,-0.22147411,-0.41489375,0.17538385,0,chr16:89641687:thoracic_aorta:0,TN,0
-2.9957886,-0.5204782,1.2164758,-0.7859879,-0.54595965,0.26760912,-0.18147475,0.35444608,-0.09826286,0.24184133,1,chr1:13277261:transverse_colon:1,FN,0
7.9308352,0.14471637,-1.445709,-1.1085756,0.3483771,-0.087774694,0.09586717,-0.4243254,-0.5909909,-0.07260206,1,chr2:86221296:tibial_artery:0,TP,1
-4.9014697,0.5656743,-0.22440828,-0.33491164,-0.03375392,-0.27676523,-0.22834486,-0.63960934,-0.05170237,-0.31282556,0,chr5:44809059:prostate_gland:0,TN,0
-5.1633377,-0.21991229,0.9213816,-0.120826215,0.42837846,-0.8051507,0.061540816,-0.13455148,-0.46361688,0.10337615,0,chr19:17283115:upper_lobe_of_left_lung:0,TN,0
-4.8159842,-0.70635706,0.015728025,-0.2638642,-0.8903215,-0.3879563,-0.20033076,0.601934,0.12641199,-0.32167915,1,chr17:61312058:sigmoid_colon:0,FN,0
6.855998,0.93209577,-2.8403206,-1.3497052,1.061971,-0.86046106,0.30964214,0.5178443,-0.66335326,0.6726797,1,chr8:45161471:spleen:0,TP,1
5.0362225,-1.7182635,0.2262911,-0.6272805,0.18549691,-0.7074453,-0.4003566,0.724648,0.52029437,-0.06817601,1,chr19:45427778:prostate_gland:0,TP,1
-3.117761,0.82985586,-0.58695304,-0.57793576,-0.89117455,0.21399325,-0.71079415,-0.078473546,-0.6507901,-0.7129337,0,chr11:111429318:gastrocnemius_medialis:0,TN,0
1.4774852,0.738314,-1.0085832,-0.22743286,-0.07713407,-0.0897977,-0.57956195,-0.3231913,0.5648733,-0.47438258,0,chr7:11976725:body_of_pancreas:0,TN,0
4.2201767,-1.4192547,1.0692976,-1.1886077,-0.53698575,0.17856868,-1.2789835,0.40394786,0.6254197,0.7296002,1,chr9:17531876:transverse_colon:0,TP,1
7.435316,-0.54875547,-0.26068896,-0.43155664,-0.23639268,0.20365492,0.10215029,-0.12301547,0.18645182,-0.1954085,1,chr4:75289967:spleen:0,TP,1
-4.070838,-0.93462574,0.5422007,0.117623836,0.14007808,0.7085391,0.49579966,-0.24727426,-0.9154675,0.9218857,0,chr15:91142292:Peyers_patch:0,TN,0
-2.2786286,0.10765426,0.7571189,-0.16173784,1.3814381,1.064029,-1.0402098,-1.1391858,0.82232815,0.4688805,0,chr9:68342712:thoracic_aorta:0,TN,0
0.33571386,-1.1114045,2.3222647,0.23197643,-0.6362371,-0.6541164,0.34041092,0.8163478,0.09383397,-0.058477968,0,chr16:10744055:tibial_artery:0,TN,0
6.0629897,1.4259858,-2.5470326,-1.4103773,1.013796,-1.0192394,0.49501276,0.7537801,0.0064041833,0.7711534,1,chr8:44636977:esophagus_squamous_epithelium:0,TP,1
-7.468427,-1.5153316,-0.72450846,0.65421826,0.27520004,-0.08847624,0.11577504,-0.51619405,-0.25817117,-0.08690321,0,chr7:4479690:transverse_colon:0,TN,0
-2.252138,-0.7197232,0.4786922,-1.4522365,-1.052446,0.2738037,-0.07236062,1.0071341,0.38829902,0.6421795,1,chr2:88880497:esophagus_squamous_epithelium:0,FN,0
7.630615,-0.26846123,-0.4083155,-0.5680941,-0.017655944,0.2533757,0.26198217,-0.39277872,-0.24143046,-0.27323595,1,chr6:29705705:tibial_artery:0,TP,1
-6.225502,-1.8463513,0.19363856,0.42087764,0.23361517,0.21158499,0.65459895,0.20385125,-0.6276086,0.7942374,0,chr14:106061994:body_of_pancreas:0,TN,0
-0.48395383,1.5734383,1.6379181,-0.18911012,0.54027194,-0.11474668,0.7608435,1.2391108,-0.028462265,-0.7770956,1,chr12:10213267:tibial_nerve:0,FN,0
-6.249832,-0.9064367,-0.38375238,-0.20705481,0.4982345,0.24702692,0.12739417,-0.44575667,0.1700442,0.10151693,0,chr9:13034420:testis:0,TN,0
-3.4003534,-0.63922626,0.12201477,-1.6259906,-0.5320329,0.8272144,-0.31293696,0.31859478,0.3700623,0.44427624,0,chr13:33542012:thoracic_aorta:0,TN,0
-4.0666437,1.4229008,-1.2033517,0.4088382,-0.66039515,-0.21705216,0.11348895,-0.29647407,-0.06958523,-0.13808095,0,chr4:90804298:body_of_pancreas:0,TN,0
6.554468,-1.2507548,-0.2865342,-0.8784428,-0.10901581,-0.022104751,-0.25895995,-0.15844446,-0.10046801,0.064421676,1,chr7:142463889:prostate_gland:0,TP,1
5.657661,-1.0275111,0.11603702,-0.1311594,0.22565384,0.9557996,-1.0100931,0.6253793,0.18436842,0.028929977,1,chr1:230216168:tibial_artery:0,TP,1
-4.4998736,0.11599759,-0.5575722,-0.67814034,-0.927812,0.09627921,0.014395881,-0.111340694,0.12708473,-0.4124563,1,chr15:78860534:Peyers_patch:0,FN,0
6.7872176,-1.1809102,-0.66766834,-0.19593091,0.0048403335,0.14103904,0.367102,-0.6204152,0.71947795,-0.48677185,1,chr3:81292180:thyroid_gland:0,TP,1
-6.691223,-1.1620721,-0.9118071,0.24480364,-0.25072852,0.5356432,0.19369973,-0.3621764,0.038407415,0.066870406,0,chr6:32692044:adrenal_gland:0,TN,0
-4.599299,0.9086188,-0.7948495,0.20429136,-0.35582003,0.5886831,-0.416803,-0.7945799,0.026964195,-0.21960826,1,chr3:114540521:body_of_pancreas:0,FN,0
-6.358209,-1.2089896,-0.19294187,0.3674939,0.4973899,0.55586046,-0.15861282,-0.010953289,0.23972388,-0.07848712,0,chr1:203340487:esophagus_muscularis_mucosa:0,TN,0
-5.2734323,-1.8399585,0.25743845,-0.14446743,0.49689052,0.1694087,-0.1595131,0.4190096,0.10280002,-0.09105618,0,chr2:11829237:thoracic_aorta:0,TN,0
8.651882,1.1800041,-1.9343133,-0.5070522,1.1286247,-0.34738666,0.6044041,0.23306638,-0.3331396,0.2200556,1,chr17:22909996:omental_fat_pad:0,TP,1
0.87668264,1.7960905,1.6976206,-0.8217768,0.68816054,0.55690455,0.23351644,-0.35298526,-0.604083,0.7494103,0,chr1:44655842:transverse_colon:0,TN,0
-1.7361389,1.7565124,1.6432923,0.6140357,0.7927722,-1.150081,0.36871642,0.28788918,-0.19787204,-0.9596455,1,chr19:56120808:transverse_colon:0,FN,0
3.8685873,-0.39253944,0.8541162,1.0355445,-0.21562839,-0.283712,-0.8408303,-0.6174668,-0.6731513,-0.2054628,1,chr18:12089248:body_of_pancreas:0,TP,1
7.287069,-0.16200128,-0.048586346,0.7497797,0.19552855,0.27856195,0.35224298,0.12297307,0.65978265,-0.8951149,1,chr19:8396778:upper_lobe_of_left_lung:0,TP,1
-2.8432498,1.6312808,1.3092165,-0.0939072,1.0360339,-1.2178626,-0.7897082,-0.06698023,-0.24466483,-0.3514946,1,chr7:100894790:transverse_colon:0,FN,0
-6.2648587,-0.37407923,-0.21335138,0.055880245,0.38174435,-0.47260338,0.21396482,-0.37279487,-0.3949517,-0.09990531,0,chr1:112955660:body_of_pancreas:0,TN,0
-6.925359,-1.1819085,-0.21697216,0.39459613,0.6307486,-0.36622274,0.369585,-0.111986116,-0.3053056,-0.025016107,0,chr12:12357162:esophagus_squamous_epithelium:0,TN,0
-4.382422,-0.2998857,0.81996655,-0.16867855,0.9958389,-0.53553,0.54179865,0.18916641,0.30438936,0.13844392,0,chr14:104137797:transverse_colon:0,TN,0
-6.5008984,-0.9437272,-0.8080752,0.74642414,-0.49054632,-0.0526627,0.14842758,0.23289293,0.08467031,-0.474317,0,chr19:53793516:body_of_pancreas:0,TN,0
3.015127,-1.1019987,0.68924284,-0.6557839,-0.6052315,-0.044642363,-0.82981014,0.22944143,0.5369964,0.6228134,1,chr9:17531876:gastroesophageal_sphincter:0,TP,1
8.356108,1.0589929,-1.4066243,-1.0030626,0.603255,-0.69257057,0.35723767,0.03886685,-0.037618782,0.27714574,1,chr14:30690707:transverse_colon:0,TP,1
3.1107767,0.8474265,2.4613786,-0.8122571,0.002801377,0.12155206,0.06121621,0.12767895,-1.8177269,-0.07911795,0,chr7:2064001:esophagus_muscularis_mucosa:0,FP,1
-1.8090614,2.8976505,-1.3967092,-0.2120465,-1.1419849,-0.8330398,0.3682716,-0.56475854,-0.69267076,-0.19864205,0,chr10:29337841:body_of_pancreas:0,TN,0
7.081795,-0.8037353,0.21614303,-0.01908351,-0.18210486,0.008982184,0.11030989,-0.004532142,0.053541746,-0.43005937,1,chr9:61668518:prostate_gland:0,TP,1
6.0248494,0.4263116,-1.0691946,0.7303173,0.040052384,0.54804724,0.027438335,0.24750882,0.87149084,-0.28751206,1,chr4:69335395:body_of_pancreas:0,TP,1
-1.8390173,1.2570586,1.8838512,0.026490431,0.106395714,-1.5279303,0.61628586,0.6480538,-0.10807095,0.10466822,0,chr8:11868003:tibial_nerve:0,TN,0
6.4334254,-1.268761,-0.37070993,-0.77161276,-0.23996715,-0.28756982,-0.23428021,-0.43117273,-0.015803462,-0.025448399,1,chr7:22550492:gastrocnemius_medialis:0,TP,1
6.451405,-1.100554,0.7803183,0.0653934,-0.42233947,-0.5026512,-0.15863533,-0.61132264,-0.06500435,0.011082604,1,chr16:85086903:thoracic_aorta:0,TP,1
-0.8327549,-0.47137368,0.68680584,1.3315465,-0.19810684,0.33235332,0.3227465,-0.11995901,1.2952015,0.77939624,0,chr5:616644:transverse_colon:0,TN,0
-5.4537263,-0.94286114,-0.13904116,-0.46667656,0.30483803,0.0014314409,-0.25838107,-0.6723076,0.38565895,0.05717344,1,chr12:87953379:Peyers_patch:0,FN,0
-6.3738713,-0.7340926,-0.87403214,0.2635887,0.038417842,0.3595768,0.16161184,0.119224235,-0.18849358,-0.21964213,0,chr11:6706236:prostate_gland:0,TN,0
7.292037,0.62233,0.2431704,1.3868533,0.348189,0.6908681,0.2851646,0.16722924,-0.23030904,-0.36278048,1,chr12:1922226:spleen:0,TP,1
-1.9974061,2.4435678,-0.66771936,0.85919833,-0.73660415,-0.14152716,0.054513536,-0.59143114,0.3385754,0.8465348,0,chr18:72028983:body_of_pancreas:0,TN,0
-5.5366154,-0.6744723,-0.19078217,-0.3634017,0.63922155,0.28367633,0.018127862,-0.45453623,0.08146891,-0.2717595,0,chr6:32622456:upper_lobe_of_left_lung:0,TN,0
6.8604426,-0.9713397,-0.55099314,-0.28689936,0.09494544,-0.42911708,-0.09350401,-0.032242898,0.019080155,-0.076358385,1,chr19:4352840:Peyers_patch:0,TP,1
-1.3382735,0.45075682,0.40426108,-0.08044396,-1.4702072,-0.3389633,0.22990383,1.0610157,0.18860933,-0.8575287,0,chr11:68395490:body_of_pancreas:0,TN,0
-6.3012166,-0.8102521,-0.5576153,-0.14138149,0.15129705,0.3177156,0.17532054,-0.16338897,-0.09196548,0.053339552,1,chr3:16550863:body_of_pancreas:0,FN,0
6.958688,-0.8052896,-0.45131445,-0.7159292,0.0180111,0.10539222,-0.08370859,-0.5960938,-0.39396828,-0.16110872,1,chr7:142752505:body_of_pancreas:0,TP,1
4.160331,-0.69896674,-0.20988879,2.5243416,1.3825215,0.8156939,-1.3820796,0.33902988,0.42320544,0.49195388,1,chr6:53956277:transverse_colon:0,TP,1
-5.893988,-1.3839197,0.083718166,-0.092055246,0.4868501,0.4520199,0.42783675,-0.35762182,-0.120232895,0.5824391,0,chr9:64877929:transverse_colon:0,TN,0
6.2853994,1.8629863,0.8724691,1.5511291,1.0036196,0.31759554,0.34316126,-0.10763724,-0.45347023,-0.5001032,0,chr17:45584815:esophagus_squamous_epithelium:0,FP,1
-2.0168736,0.84656554,1.4479836,-1.0527772,0.48470137,-0.82790273,0.09612717,0.09731095,-0.12347829,-0.17124288,1,chr18:597094:esophagus_squamous_epithelium:0,FN,0
-2.1092055,2.3079789,-1.3783176,0.035618935,-0.87937725,-0.22312176,-0.22102818,-0.195069,-0.6822156,-0.43656152,0,chr15:86477922:gastroesophageal_sphincter:0,TN,0
-8.216281,-3.339206,-0.13206795,1.2741483,0.5494004,-0.6002145,0.048729043,0.5959664,-0.44045395,-0.08265251,0,chr2:3558387:lower_leg_skin:0,TN,0
0.058317948,2.1419091,-1.7690164,0.113387376,-0.8631871,0.116012044,-0.5977493,0.44483784,-1.1988024,-0.5252125,0,chr7:35653744:prostate_gland:0,TN,0
-3.7567317,1.5719304,-0.64491665,0.10218776,-0.91031235,-0.056911018,0.07993747,-0.42178452,-0.20680033,0.030632561,0,chr16:53093934:transverse_colon:0,TN,0
6.5610228,-1.0918311,-0.25566447,-0.3376024,-0.032525264,-0.14720051,-0.5014979,-0.31173846,-0.45995623,-0.18610026,1,chr8:38057146:Peyers_patch:0,TP,1
-5.195032,0.2256425,0.25057235,-0.3036937,0.7957141,-0.43523026,-0.07013513,-0.27657542,0.08487602,-0.3958073,0,chr1:6603493:upper_lobe_of_left_lung:0,TN,0
-4.5780325,0.59413415,0.10564818,-0.51901877,0.46248364,-0.27983123,0.06852544,-0.579323,0.5022671,-0.050517213,0,chr9:81690044:body_of_pancreas:0,TN,0
-4.961989,-0.056105066,-0.21129721,-0.38988972,0.94970965,0.21558824,0.09668261,-0.26393357,0.18865116,-0.30224648,0,chr19:18192987:spleen:0,TN,0
-2.026282,1.639407,-0.3733061,-0.40586662,-0.36757144,0.33699027,-0.04339329,-0.33520928,-0.9696333,-1.1185156,0,chr15:82444016:gastroesophageal_sphincter:0,TN,0
-2.2833092,-0.229211,-0.077063374,-0.7398428,0.029670069,0.66713303,-0.023464715,0.42726162,0.0006411548,0.19684288,0,chr4:15478857:adrenal_gland:0,TN,0
8.037318,-0.101812005,-0.7768988,-0.66646016,0.034017496,-0.29913235,0.20904528,-0.3906687,-0.32351,-0.18429887,1,chr3:75785419:thoracic_aorta:0,TP,1
7.7010794,-0.20642461,-0.34578478,-0.5514921,-0.040877476,0.17406316,0.36310312,-0.34210426,-0.29200098,-0.43339595,1,chr6:29705705:thoracic_aorta:0,TP,1
-5.418173,-0.15213202,-0.5630924,0.4205171,-0.4132013,0.08108304,0.1636848,-0.3691754,0.1942569,-0.0067749517,0,chr11:76920284:sigmoid_colon:0,TN,0
-5.7880936,-0.5743802,-0.8769303,0.19550535,-0.24858998,0.5998273,-0.3413436,0.24267083,0.30637863,-0.74591017,0,chr6:147285258:testis:0,TN,0
7.080429,0.029887816,0.78942704,0.46081734,-0.54325145,-0.09275079,0.2723379,-0.61711943,-0.5864832,-0.09847931,1,chr7:100965903:Peyers_patch:0,TP,1
-5.9374843,-0.5300797,-0.7962851,-0.25810635,0.5342418,0.35760242,0.046896946,-0.26273605,0.035965733,-0.35382605,0,chr18:32549320:prostate_gland:0,TN,0
6.3229585,0.21867199,0.66479564,1.4723196,0.3903254,0.02750216,0.4225892,0.27489275,0.3721354,-0.45948395,1,chr5:177133842:tibial_nerve:0,TP,1
7.627972,0.45687333,-2.1442776,-0.49352238,1.2379358,-0.49987078,0.36691022,0.3774479,-0.4270704,0.48942986,1,chr17:22909996:stomach:0,TP,1
-2.4409711,0.86329585,1.5153807,-0.1550893,0.33986425,-0.50412965,-0.031393953,-0.29843304,-0.023117788,0.26463655,1,chr3:183116478:transverse_colon:0,FN,0
-4.197245,0.8646204,-0.7552671,-0.093696594,-0.2709399,0.20677416,-0.1095542,-0.51497406,0.8643855,0.57016295,0,chr22:10673306:suprapubic_skin:0,TN,0
5.997266,-1.8776741,0.21790336,-0.22016183,-0.35063154,-0.5269621,0.25651458,-0.59942794,0.18513417,0.0450486,1,chr3:75785357:testis:0,TP,1
-0.46326715,1.1810056,0.050429985,-0.35625726,-1.9436727,0.50351954,-0.23921227,0.15039504,0.06375108,0.0019564817,0,chr10:86439730:adrenal_gland:0,TN,0
5.293752,1.0677751,0.27641279,-0.006855731,0.69283754,2.079053,-0.64090604,0.18707238,-0.9772619,0.1849662,0,chr2:102839798:prostate_gland:0,FP,1
-3.9668152,0.16305281,0.121188395,-0.6311302,0.57492256,0.12072421,-0.40067163,-0.40228027,0.6495162,0.08898775,0,chr3:37242935:tibial_nerve:0,TN,0
7.6080613,-0.21377513,-0.34078616,-0.35471126,-0.46297973,0.20854142,0.12583573,-0.16305254,-0.26383698,-0.32356983,1,chr10:47381118:body_of_pancreas:0,TP,1
-6.4202433,-0.6089651,-0.60557175,0.25442654,0.42392153,-0.07830946,0.33487532,-0.13125977,-0.016327772,-0.01646581,0,chr10:43667279:suprapubic_skin:0,TN,0
0.487621,0.8332349,-0.8503091,-0.3727138,-1.0025924,-0.95329046,0.031780634,1.0519432,0.3053866,-0.2774691,0,chr16:1812722:transverse_colon:0,TN,0
-1.7304039,1.8643892,0.9756135,0.44595316,0.80492896,-1.1126399,-0.6609872,0.1379087,-0.38108692,-0.24975878,0,chr11:118145352:transverse_colon:0,TN,0
2.2009776,2.51393,1.1526809,1.4895823,0.49965957,-0.8153161,1.1885058,0.4686193,0.3361256,-1.0888495,1,chr8:28701937:prostate_gland:0,FN,0
-3.69261,0.3807282,-0.2147233,-0.072859414,0.5979896,0.33754185,-0.9710382,0.05532156,0.9233736,-1.1610497,0,chr2:225002373:sigmoid_colon:0,TN,0
-4.6017723,0.8070069,0.37920636,-0.035391264,0.05453841,-0.893131,0.7532039,-0.14746386,-0.19732697,0.16267683,1,chr11:32892862:tibial_nerve:0,FN,0
-4.63827,0.8003917,-0.47133878,-0.46810523,-0.31786305,-0.12128171,0.08224046,0.056275733,0.2105396,0.115103416,1,chr16:4548780:adrenal_gland:0,FN,0
-2.006551,0.98253584,0.82640547,0.6544703,2.1609335,0.6478338,-1.4146104,-0.055327285,-0.20689885,-0.25995022,0,chr19:18192987:esophagus_muscularis_mucosa:0,TN,0
5.6402345,-1.6984762,0.24292722,0.7605751,0.11519012,-0.14460243,0.20555978,-0.72591394,0.5502141,-0.43385506,1,chr9:129437243:Peyers_patch:0,TP,1
-5.8460107,-0.9505791,-0.6460255,-0.38148928,0.18607067,0.7275556,-0.15438972,-0.21749528,0.1664471,0.061536517,0,chr7:26369037:esophagus_muscularis_mucosa:0,TN,0
1.5973049,0.7052037,0.5014615,-0.17837833,-1.3664647,1.2433044,1.3841921,0.14455524,0.5373281,0.94253325,0,chr1:63575748:gastrocnemius_medialis:0,TN,0
-3.1485858,0.28015617,1.1119204,-0.54889905,0.44800815,0.14675869,0.40503427,-0.018481351,-0.37184575,0.6099628,1,chr1:202006221:transverse_colon:0,FN,0
-5.17382,-0.070894316,-0.29986343,-0.6544821,0.08759684,-0.107181355,0.042137012,-0.37927657,0.4177108,-0.43360332,0,chr17:55526730:tibial_nerve:0,TN,0
2.6524732,-1.681184,0.31934202,-2.0756054,-0.9523171,0.07197937,-1.1224768,0.6398818,0.40723875,0.4679704,1,chr9:17531876:prostate_gland:0,TP,1
5.430607,-0.87874657,0.2555322,0.57755446,-0.41768736,-1.0416187,-0.6398669,-0.014266791,-0.58619076,-0.28062674,1,chr16:75234163:thoracic_aorta:0,TP,1
-1.7863644,1.6572754,-0.819159,0.550574,-0.9846489,-1.0561571,0.6112644,0.20366667,0.97864455,-0.034537308,0,chr7:75671027:upper_lobe_of_left_lung:0,TN,0
0.18140994,1.778762,-0.64158964,1.1029698,-0.31177875,-0.118640415,-0.36726767,0.929033,0.60384583,0.560617,0,chr7:71222150:gastroesophageal_sphincter:0,TN,0
3.6894972,0.23733158,1.3489529,-1.1826751,-0.3613258,0.84337884,-0.8872685,0.045847792,-0.2715008,0.77544117,0,chr18:35386084:gastroesophageal_sphincter:0,FP,1
-2.461629,1.0123181,0.83157706,-0.61408705,0.48454744,0.07020401,0.83997744,0.8342691,-0.06541552,-0.05058227,0,chr17:48556597:thoracic_aorta:0,TN,0
3.7027426,0.669638,-0.74498326,-0.028172681,-0.33065295,0.49831003,-0.10692952,1.0978338,0.64607984,0.11777937,0,chr8:101575030:Peyers_patch:0,FP,1
5.579923,1.0846112,1.3995553,0.5405312,0.54166925,0.7864541,-0.47033662,-0.25817284,-0.27077204,0.6646159,1,chr2:96533513:thoracic_aorta:0,TP,1
-6.9993877,-1.9074322,0.090354316,0.17143631,0.9586203,-0.5859563,0.12158946,0.007264758,-0.25976396,-0.08118274,0,chr4:41216732:gastroesophageal_sphincter:0,TN,0
-3.1201365,-1.0775985,0.5678967,-0.27042884,-0.78442997,-0.64622396,0.33081198,1.1136457,1.2319263,-0.038992763,0,chr12:32060676:tibial_artery:0,TN,0
5.378664,-1.552716,0.15998219,-1.0036782,-0.46878675,-0.4998466,-0.417856,0.46419987,0.24333794,-0.030426543,1,chr19:45427778:tibial_artery:0,TP,1
-5.2145057,-0.380433,-0.24923638,-0.6448776,-0.026270669,0.43419144,0.015568772,0.16079476,0.37373102,-0.16168857,0,chr8:54166457:prostate_gland:0,TN,0
-4.337806,1.1291205,0.25435755,0.33660233,0.13047224,-1.0481126,0.5072293,0.0016183765,0.04165938,0.2783729,0,chr8:143771613:upper_lobe_of_left_lung:0,TN,0
-6.2253885,-1.141903,-0.28332093,-0.076951966,0.96737087,0.045570813,0.05942574,0.046186794,-0.11202688,-0.15977505,0,chr5:108748411:body_of_pancreas:0,TN,0
-4.438641,-0.6747138,1.0478718,0.51686895,0.3576739,-1.098991,0.71451896,-0.14242813,0.10305193,-0.14629334,0,chr18:74598412:tibial_nerve:0,TN,0
7.5592422,-0.5869295,-0.012316581,0.0077309995,0.12708864,-0.29652882,0.22313212,-0.20831093,0.5323004,-0.33657682,1,chr17:45585364:gastrocnemius_medialis:0,TP,1
6.7947283,-0.9338474,0.12868994,-0.44271514,-0.40200293,0.49834183,0.19173251,0.0068029454,0.39239877,-0.11062305,1,chr6:43386692:body_of_pancreas:0,TP,1
6.5981116,-1.1582487,-0.8229766,-0.79024804,0.015666746,0.27322486,0.13798514,-0.21592666,0.45932522,-0.37777653,1,chr11:86939404:body_of_pancreas:0,TP,1
-4.455105,1.2019111,-0.9760807,0.09518151,-0.643169,-0.72283703,0.09497506,-0.058817446,-0.046167348,-0.34893155,1,chr17:45234687:body_of_pancreas:0,FN,0
-4.1094565,0.96957403,0.26163906,-0.22328809,-0.5439917,-0.12823144,-0.55010754,0.13945824,0.23305017,-0.276897,0,chr16:57591317:Peyers_patch:0,TN,0
-3.5666466,0.90969324,0.45062792,0.2902085,-0.4757877,0.859496,0.0072627827,-0.3611283,-0.3107569,0.80869126,1,chr6:137697537:upper_lobe_of_left_lung:0,FN,0
4.6359925,2.7645159,1.3903428,0.771342,1.1031877,-0.42578945,0.19881217,0.16381043,0.07191701,-0.40919244,1,chr5:36241819:thoracic_aorta:0,TP,1
-1.9278996,0.7797716,1.160863,0.34400827,1.914519,-0.61675495,-0.5673754,0.3178647,0.13206269,-0.80822504,0,chr17:82698739:upper_lobe_of_left_lung:0,TN,0
1.995822,0.91115606,-0.3571365,0.27273154,-1.1001372,0.83194387,-0.12511392,-0.14563334,0.58981436,-0.57959956,0,chr16:25261909:body_of_pancreas:0,FP,1
7.8469205,-0.17994004,-1.2469276,-0.25053373,0.7043084,-0.19721362,-0.030561382,0.030430319,-0.053519685,0.14180608,1,chr6:31374359:gastroesophageal_sphincter:0,TP,1
7.1327825,1.0070666,-1.5611624,0.800905,0.9604675,0.09174256,-0.6542487,0.6605484,0.014856854,0.28988805,0,chr21:8337478:transverse_colon:0,FP,1
-3.2822201,1.8558867,-0.7949491,0.18733513,-0.99955344,-0.0014183824,0.34907448,0.035253335,0.19541726,0.2520589,0,chr7:107814719:body_of_pancreas:0,TN,0
-3.622008,-0.26826218,0.7732626,-0.91239953,0.714429,0.25608742,0.19818419,-0.095917776,0.0661169,0.5260624,1,chr17:80891370:tibial_artery:0,FN,0
-5.14572,0.85332394,-0.74285805,-0.09226235,0.056242395,0.41527385,-0.04832132,-0.73258585,-0.10083904,-0.4227904,0,chr3:113577845:prostate_gland:0,TN,0
7.230212,1.0647267,-2.7534041,-0.9307474,1.2515237,-0.7590851,0.27133974,0.62644583,-0.701157,0.6908995,1,chr8:45161471:prostate_gland:0,TP,1
-2.7817757,1.2960088,-0.038275745,-0.680564,0.61582315,0.8833829,0.7813404,-0.045486473,0.32653314,0.38024756,0,chr12:50765356:suprapubic_skin:0,TN,0
4.7002125,-1.3441468,0.23157695,-1.1402717,-0.6075947,-0.9569153,-0.45288032,0.5441739,-0.16894245,-0.22426501,1,chr19:45427778:body_of_pancreas:1,TP,1
0.09759284,0.2836992,1.0320467,-1.7789165,-0.55743086,1.5811788,-0.44765297,0.4410819,0.22181696,0.29079995,0,chr2:102839798:esophagus_muscularis_mucosa:0,TN,0
6.5335917,-0.6479796,0.46443465,-0.5603005,-0.27138227,0.018033763,-0.6251278,-0.05940664,-0.29160467,0.7159753,1,chr5:149431239:prostate_gland:0,TP,1
-4.5092487,0.6754872,0.10450204,-0.59458625,0.45011586,0.31597608,-0.31751713,-0.010013055,0.067084774,-0.04670845,0,chr14:20681770:adrenal_gland:0,TN,0
-6.4581676,-0.3747711,-0.7378857,0.27756608,-0.33319607,-0.1380658,-0.16863823,-0.5562765,-0.5007342,-0.094260946,0,chr9:70113868:body_of_pancreas:0,TN,0
5.9666595,-1.4934802,-0.19230558,-0.89515555,-0.45738822,-0.29777676,-0.16010256,-0.6669957,-0.15885223,-0.12900408,1,chr7:22550492:gastroesophageal_sphincter:0,TP,1
1.3878263,-3.3356593,-1.5166979,2.3544235,0.4228244,0.16470109,-0.83572066,0.5872394,-0.5537283,0.19613653,0,chr20:30003193:upper_lobe_of_left_lung:0,FP,1
2.0618334,-1.3013548,1.0976611,-1.5520906,-0.62503314,0.2939798,-1.2828201,0.28641653,0.56624603,0.89110154,1,chr9:17531876:esophagus_squamous_epithelium:0,TP,1
-4.7569,0.7916611,-0.10397637,-0.32172656,-0.063366644,0.08253991,-0.27610448,-0.6204796,0.11198139,-0.32571068,0,chr6:25359408:body_of_pancreas:0,TN,0
8.343424,0.8247781,-1.0151055,0.72402936,0.69773465,0.31146997,0.331844,-0.053283926,0.027737997,-0.0043335366,1,chr6:32477160:transverse_colon:0,TP,1
-5.2425685,-0.09160054,-0.24310839,-0.635133,-0.1511302,0.23112923,-0.3081384,-0.28950068,0.12864229,-0.10850779,0,chr14:106843761:body_of_pancreas:0,TN,0
0.23260167,1.6861949,0.82326543,0.6000981,-0.28163227,0.6657969,-0.47992623,-0.51961344,0.20003365,0.9002654,1,chr9:16039580:gastroesophageal_sphincter:0,FN,0
-4.9930677,-0.26387426,-0.53871965,0.14692867,-1.3150605,-0.48751745,-0.021899395,0.32768175,-0.12842125,-0.21827707,0,chr3:194640197:upper_lobe_of_left_lung:0,TN,0
-4.2599072,1.0276572,-0.4192503,-0.61573315,-0.44248036,0.046435416,-0.2137648,0.16456474,0.1944454,-0.12598595,1,chr16:4548780:spleen:0,FN,0
-0.686112,1.0577356,0.89449894,-1.2020433,0.79169655,1.6123617,0.21954438,-0.0709096,-0.22915351,0.6007009,0,chr6:24991997:gastrocnemius_medialis:0,TN,0
-5.928578,-0.22740485,-0.5433827,0.8129688,-0.46352968,-0.61648035,0.07855456,-0.06961119,-0.5906789,-0.11723531,0,chr19:43207151:spleen:0,TN,0
1.5661048,0.9004568,0.81773937,0.2939021,0.047878925,0.8894296,-0.02454046,0.33157933,0.21735902,-0.71995604,1,chr7:48425047:upper_lobe_of_left_lung:0,TP,1
0.5436243,-1.4950696,1.1151322,-1.6314458,-1.3973572,0.09364099,-0.70536983,0.3216842,0.3614515,0.94648206,1,chr9:17531876:upper_lobe_of_left_lung:0,FN,0
-5.3729153,-0.69618964,-0.44925717,0.012520705,-0.64068073,-0.02788728,-0.2095321,-0.21047789,-0.30942866,0.350361,0,chr1:23185269:esophagus_squamous_epithelium:0,TN,0
-3.5463645,1.0104136,0.38707164,-0.32567942,0.46050483,-0.22015953,0.31625155,0.34509838,-0.24611594,-0.8052095,0,chr9:131762784:body_of_pancreas:0,TN,0
7.3246517,-0.6271536,-0.18144064,-0.49889642,-0.13323289,-0.24105082,-0.049391016,-0.08353679,0.15271471,-0.3025369,1,chr9:127360508:Peyers_patch:0,TP,1
-4.904113,0.5183668,0.4137454,-0.17553854,0.44378948,-0.71363163,0.16365021,-0.034829497,-0.34514067,0.10513977,0,chr19:4042859:body_of_pancreas:0,TN,0
-6.865726,-1.1618415,-0.22410062,0.5245073,0.24909942,-0.6375327,0.35188705,-0.23202202,-0.18560573,0.27691796,0,chr10:70404713:transverse_colon:0,TN,0
-5.591895,-0.7123195,0.10595707,0.03773058,1.1872939,-0.4247264,0.105446376,-0.087878704,-0.098112464,-0.170067,0,chr19:19515959:transverse_colon:0,TN,0
0.85637265,0.25819537,1.486288,0.7259875,-0.614659,-1.0939474,0.48333302,0.39686054,0.52223027,0.39415753,1,chr6:31356821:thoracic_aorta:0,FN,0
-1.3209857,0.50025237,1.2334846,-0.76186746,-0.7458558,0.6905226,-0.6864504,0.40488,-0.7551126,-0.09484197,0,chr1:208234091:body_of_pancreas:0,TN,0
5.8710556,-1.7252159,-0.15421331,-0.79898584,-0.12993771,0.22889984,-0.24341913,-0.45802397,-0.32283783,-0.14514315,1,chr14:106508377:spleen:0,TP,1
-4.4690104,0.5130708,-0.2731908,-0.5665608,0.159862,0.21790142,-0.18013407,-0.57311803,-0.44941667,-0.03135573,1,chr9:127348292:tibial_artery:0,FN,0
-2.6436849,-0.69029665,0.82354665,-1.4035113,-0.03894864,0.65416634,-0.2960299,0.28051558,0.042194247,0.12785366,0,chr16:48556233:body_of_pancreas:0,TN,0
-2.8072019,1.300979,0.183937,-0.3063403,-0.6159329,-0.8838271,-0.18013787,-0.4728278,0.5467286,0.1743906,1,chr3:187741990:thoracic_aorta:0,FN,0
6.859275,-0.14297237,-0.9456332,1.0005805,0.64416504,0.1697463,-0.3448661,-0.11361127,0.39323762,0.20884526,1,chr3:104102588:tibial_artery:0,TP,1
1.3798906,1.4866949,1.6091601,0.5418255,-0.043230504,-0.1784572,0.64350367,0.31993118,1.6017157,-0.5356953,0,chr7:151111021:prostate_gland:0,TN,0
-4.5364833,1.0852184,-0.4305831,0.10299429,-0.030990716,0.026139734,-0.59703076,-0.1410066,0.81488997,-0.15260376,0,chr19:33143907:esophagus_muscularis_mucosa:0,TN,0
-2.9372444,0.19441341,0.36947057,-0.95084065,1.5247838,0.12160043,0.19754411,-0.19763656,0.30000028,-0.24980952,1,chr14:80955078:esophagus_muscularis_mucosa:0,FN,0
-2.2044482,0.32721916,-0.0721764,0.47221103,-0.5844984,0.9663143,0.6035935,-0.28371862,-0.117196344,-0.6408979,0,chr2:9139756:Peyers_patch:0,TN,0
7.196128,-0.58364,-0.048901923,0.6129205,0.29353335,0.19593768,0.667328,-0.37446284,0.47824943,-0.43523425,1,chr3:165196968:sigmoid_colon:0,TP,1
0.17546225,-1.3863798,-0.15729429,-0.32377642,-1.2913675,-0.26577276,-0.06549778,0.20599486,1.3636335,0.706269,0,chr1:240004353:esophagus_squamous_epithelium:0,TN,0
8.795364,1.2124605,-1.7729174,-0.37765366,1.0762066,-0.28230882,0.6172321,0.071250714,-0.32680976,0.162329,1,chr17:22909996:body_of_pancreas:0,TP,1
-1.9971725,-0.96850044,-0.28016448,0.18545121,-1.7116054,-0.20607108,-0.09786571,0.7594001,0.49808475,-0.70865065,0,chr21:33380487:thoracic_aorta:0,TN,0
5.0926356,1.084702,0.99451894,0.36159086,1.2288821,1.2312553,-0.26753333,-0.37445223,-0.07594016,1.11727,1,chr17:40909531:spleen:0,TP,1
6.747407,-0.9249204,0.30680314,0.088316515,-0.37977293,-0.29789186,-0.36545187,-0.55877686,-0.72214204,-0.32141337,1,chr16:85086903:sigmoid_colon:0,TP,1
-7.2036047,-1.7867707,-0.16512801,0.7294767,0.2879958,-0.32002097,0.2552407,0.14777242,-0.4536903,0.14883849,0,chr1:31715618:gastrocnemius_medialis:0,TN,0
2.2819355,1.9705135,2.095773,-0.31339043,0.17525801,0.5823108,0.37287712,-0.6210847,-0.54784256,0.50595737,0,chr16:29265466:body_of_pancreas:0,TN,0
3.664184,1.0451142,0.95033246,1.4130919,1.2136797,-0.029325426,-0.1438347,0.044827785,1.1821156,0.00543348,1,chr14:77027449:gastroesophageal_sphincter:0,TP,1
-3.5611856,1.7818011,-0.4030965,0.24361897,-0.7114959,-0.73395425,-0.41002452,-0.12786801,-0.26295263,-0.9787075,1,chr20:29406048:upper_lobe_of_left_lung:0,FN,0
-4.167212,1.5716977,-0.3579469,0.73961323,-0.72354025,-0.37831432,-0.13893558,-0.96584773,0.38448405,0.07765178,0,chr7:818297:testis:0,TN,0
-7.474472,-1.9158264,-0.9169279,0.6033012,0.2798865,0.2385386,0.26115918,0.03183516,-0.20373125,0.038334247,0,chr11:115170291:transverse_colon:0,TN,0
-3.1392481,0.28486195,0.91729695,-0.8612437,0.8393376,0.013140339,0.16519839,0.101189084,-0.038807005,0.40583137,0,chr1:154867316:Peyers_patch:0,TN,0
2.559117,-0.51162165,1.2123302,0.2209958,-1.6697587,-0.09612427,-0.6805596,-0.8083602,-0.43672967,0.8734141,1,chr7:142771231:body_of_pancreas:0,TP,1
3.8432658,1.683604,-1.0040476,1.6187999,0.25782755,-0.48561823,-0.92445433,0.11933618,0.46239194,0.2535624,0,chr1:19651030:gastroesophageal_sphincter:0,FP,1
6.1040373,1.2742858,1.7099118,0.9997372,0.2353867,-0.40897918,-0.078925066,0.43152806,-0.49459353,-0.20824341,0,chr9:93827801:transverse_colon:0,FP,1
-5.310873,-1.0321387,-0.25218144,-0.36704338,0.91008836,0.44046307,0.3173256,-0.08682214,-0.026057296,-0.030218389,0,chr7:16695960:esophagus_squamous_epithelium:0,TN,0
0.8068154,0.69143224,-1.1506205,1.16092,-0.17746347,0.7125055,-1.2459022,-0.016822612,0.9893476,-0.61640185,0,chr4:15730066:testis:0,TN,0
-3.8078723,1.7630084,-1.1011542,0.65866655,-0.9108136,-0.27980024,-0.024285767,-0.51418453,-0.17729957,0.3485564,0,chr10:100343750:body_of_pancreas:0,TN,0
6.4675307,-0.7102948,0.6627045,-0.02392791,-0.65067255,0.20365892,-0.26177877,0.024574868,-0.6453575,0.13727579,1,chr5:157471958:body_of_pancreas:0,TP,1
5.1381083,-0.14452973,-1.5655566,0.20065494,0.3682313,-0.52938277,-0.15279754,-0.0028385534,0.19068581,-0.2059076,1,chr7:73725711:sigmoid_colon:0,TP,1
-6.4233212,-0.46327174,-0.93248224,0.48971954,-0.2527394,0.028211176,-0.26323462,-0.1468695,-0.122236446,-0.35704005,0,chr5:34465583:prostate_gland:0,TN,0
6.78387,-0.648493,0.110684074,0.69262207,-0.13724424,0.08855998,0.0027757229,0.07159937,-0.41608125,-0.37928456,1,chr8:41651698:esophagus_muscularis_mucosa:0,TP,1
5.146626,-2.0356033,0.49175304,-0.3071294,-0.90558875,-0.7680915,-0.13098669,-0.85855716,-0.015897425,-0.13406314,1,chr19:1037681:tibial_nerve:0,TP,1
-2.5873864,1.5711505,0.51557106,-0.22261873,-0.6494547,-0.406268,-0.23808433,0.2663561,0.22594818,0.35555658,0,chr11:44538347:tibial_artery:0,TN,0
-3.778747,-0.5642297,0.096886955,-0.78819734,-0.099084064,0.7278405,0.06973537,0.3406181,0.27279046,-0.07201717,0,chr1:48109545:spleen:0,TN,0
-1.919449,0.75009906,0.3221078,1.0157189,1.0797403,0.51143885,-1.4648427,0.079109676,0.3431346,-1.1262585,0,chr4:77248622:body_of_pancreas:0,TN,0
7.47654,0.3161825,0.80670244,0.605206,-0.04265269,0.16739334,0.05911975,-0.5497132,-0.75602376,-0.14042476,1,chr1:27556965:esophagus_muscularis_mucosa:0,TP,1
-5.096853,0.58474135,-0.27330315,-0.38392207,0.40909347,0.007905596,0.18201141,-0.584549,0.16723385,-0.54853505,1,chr1:26921783:transverse_colon:0,FN,0
-5.5118175,0.11348593,-0.09388115,0.6124321,0.013921268,-0.63648576,0.6314474,0.18499963,0.030990968,-0.19040973,0,chr7:106112635:esophagus_muscularis_mucosa:0,TN,0
-5.003142,-1.2610731,0.7412543,-0.34818524,0.27401716,0.032271765,-0.21541838,-0.021467492,-0.50734895,0.43233472,0,chr4:28686853:testis:0,TN,0
-1.9360551,0.9444932,-0.97558737,0.12810959,-0.70833737,1.1730815,-0.54824305,0.44668093,-0.56048536,-0.45183334,0,chr20:41572206:prostate_gland:0,TN,0
4.830892,-1.9466776,0.26765728,0.49897808,-0.32423595,-0.16823657,0.012293321,-0.99232566,0.5648688,-0.31298667,1,chr21:33895616:body_of_pancreas:0,TP,1
6.2103653,-1.1203184,1.0928869,0.45481482,0.09254068,-0.4277589,0.21393238,-0.22327419,1.0480918,-0.26180395,1,chr6:3259228:upper_lobe_of_left_lung:0,TP,1
-0.4838206,0.51553273,2.0666444,-0.01804142,-0.19149734,-0.6169434,-0.39681992,0.6123835,0.52248836,0.46151298,0,chr14:72927169:upper_lobe_of_left_lung:0,TN,0
4.5341644,-0.88935953,0.44299248,0.78880125,-0.82447386,-0.70064604,0.42315474,-0.8090297,1.322715,0.06319258,0,chr11:46305551:spleen:0,FP,1
-5.4525104,-0.99417126,-0.8458604,1.4226521,-0.81963956,-0.2855346,0.36857617,0.06391685,-0.48762393,0.30293357,0,chr11:6612917:gastroesophageal_sphincter:0,TN,0
-6.5450845,-1.7223119,-0.45831728,0.4256359,0.31074578,-0.23479918,-0.4225747,0.17371763,0.8803701,-0.3493315,0,chr2:71510258:prostate_gland:0,TN,0
6.924473,-1.159551,0.11966135,0.14988962,0.20562501,-0.30224165,0.21151143,-0.21156523,0.82436836,-0.24946542,1,chr17:45585364:transverse_colon:0,TP,1
-5.305979,0.10694501,-0.03991964,-0.4297574,0.28550795,-0.10605836,0.22498876,-0.50763625,-0.19732104,0.008806889,0,chr16:67833835:Peyers_patch:0,TN,0
-2.7236662,1.9265624,-1.3525523,0.08236341,-1.0336015,-0.3381107,-0.21724504,-0.029555371,-0.35585237,-0.6838241,0,chr2:168375394:spleen:0,TN,0
-6.1125913,-1.2882427,-0.39238653,-0.24104375,0.6628262,-0.15407878,-0.1517213,-0.2590047,0.28903168,-0.54840636,1,chr11:1652791:testis:1,FN,0
7.349904,0.46744135,0.72704124,0.34200263,-0.4930634,0.19639882,0.6620993,-0.30878782,-1.0572647,-0.3484715,1,chr1:27556965:transverse_colon:0,TP,1
7.4904466,-0.65734005,-0.20411193,-0.4989864,-0.060444713,-0.16814277,0.0036337485,-0.07767155,-0.25103694,-0.2609212,0,chr17:879808:upper_lobe_of_left_lung:0,FP,1
-3.1750162,-0.7399867,-0.7419477,0.3988206,-1.252618,-0.7053148,0.14794832,0.33574134,0.38948575,-0.3839996,1,chr17:61670350:sigmoid_colon:0,FN,0
-3.3627534,0.7821543,0.10503196,-0.42353722,-0.6557496,-0.34953076,-0.7386973,-0.7870036,-0.8286628,-0.7474929,0,chr1:230752287:transverse_colon:0,TN,0
-4.058441,0.8173534,0.068941414,0.2447247,0.44586852,-0.28328344,-0.53033614,0.045968816,-0.11048729,-0.91567594,1,chr9:97633155:tibial_nerve:0,FN,0
6.7604003,-0.4339593,0.85208756,1.2202413,0.21833402,-0.43011305,-0.05595298,-0.23381543,0.20930432,0.027303787,1,chr16:579030:spleen:0,TP,1
-6.551242,-1.9787786,-0.4018613,0.22570346,0.66775113,0.57044065,0.62759966,0.03107032,-0.19345506,0.17528671,0,chr6:32622553:transverse_colon:0,TN,0
6.7529626,-1.1144193,-0.70924896,-0.10212129,0.12821591,0.18552561,0.03104207,-0.5610101,0.27245203,-0.5681488,1,chr6:111422648:prostate_gland:0,TP,1
6.285391,-1.0158626,-0.34766033,0.28050563,0.6636999,-0.11163691,-0.56060594,0.5166775,0.017928302,-0.16114521,1,chr19:45427778:esophagus_muscularis_mucosa:0,TP,1
-2.938078,-0.43642282,0.59682715,-0.5387618,1.2052405,0.33990088,-0.2161673,0.091106325,0.75273496,-0.34820604,0,chr16:58756567:spleen:0,TN,0
-6.2625527,-0.49516183,-0.14048019,0.16624236,0.62447226,-0.575019,0.14362518,-0.38424823,-0.26235557,-0.20531906,0,chr14:54902267:upper_lobe_of_left_lung:0,TN,0
-7.1609163,-1.782807,-0.61916935,0.21928453,0.38394925,0.345138,0.039444286,-0.08111017,-0.35370308,0.16274986,0,chr8:118113261:esophagus_muscularis_mucosa:0,TN,0
-3.7020702,-0.59133935,0.25980902,-0.45534807,1.1577646,0.28446686,0.3527823,0.19536829,0.5252132,-0.08010159,0,chr9:83219701:suprapubic_skin:0,TN,0
-6.279548,-1.4976356,0.27866724,0.20393747,0.7503777,-0.109461404,0.5673849,0.12479233,-0.21315448,0.42668083,0,chr15:40422201:adrenal_gland:0,TN,0
-4.05008,-1.3496763,-0.27160904,0.127892,-0.75849456,0.05703913,0.023040118,0.3354134,0.5113994,0.20112957,0,chr22:37965281:thoracic_aorta:0,TN,0
-6.744153,-1.0695318,-0.4937703,0.33394378,0.007465623,-0.048361387,0.14333175,-0.06513258,-0.32204738,0.11550142,0,chr9:114081278:body_of_pancreas:0,TN,0
-6.4858313,-0.75432384,-0.52235657,0.09503986,0.34607732,-0.019456921,-0.04019154,-0.11832941,-0.12885518,-0.4161904,0,chr6:43724124:tibial_artery:0,TN,0
5.491192,-1.8723558,-0.26088843,-0.5608818,-0.23932263,-0.21824333,-0.5010776,-0.1796448,-0.19341776,-0.06893323,1,chr2:46855233:adrenal_gland:0,TP,1
5.0933294,-1.7235148,-0.2638662,-1.3776661,-0.23638806,0.28679517,-0.28772593,0.25776368,0.30126333,0.021115903,1,chr4:108783862:body_of_pancreas:0,TP,1
-5.0117617,0.7294551,-0.76957107,0.19910474,-0.44305262,-0.15722135,-0.31534475,-0.42966425,0.13182537,-0.317277,0,chr1:234646301:body_of_pancreas:0,TN,0
4.9419894,-0.3592545,-1.6308427,-0.62371284,1.1343489,-0.44341135,-0.17603563,0.24596983,0.019786058,0.3012879,1,chr20:30935747:transverse_colon:0,TP,1
-6.621368,-1.2247716,-0.36035064,0.21904393,0.058201138,-0.017004054,-0.058819193,-0.28008866,0.1250816,0.34819862,1,chr5:146052954:thoracic_aorta:0,FN,0
-3.7507117,0.98138386,0.33663887,-0.6315741,0.93234247,-0.07901184,0.12782541,-0.27818656,0.17010437,-0.1352094,0,chr3:160400389:body_of_pancreas:0,TN,0
-7.0404053,-2.6288943,0.050204307,1.015367,0.5658885,0.90542746,0.24856332,0.19271553,-0.46234,0.47061265,0,chr17:57092381:tibial_artery:0,TN,0
-6.996331,-1.1886305,-0.9887238,0.5562955,-0.067035794,0.085518934,0.14561415,-0.010605177,-0.39414847,-0.053371776,0,chr19:38769557:esophagus_squamous_epithelium:0,TN,0
-1.3938935,1.4729701,0.76087815,0.2846759,1.1369679,-0.37382147,0.32602087,0.5798939,1.1625868,-1.2119362,0,chr2:42169581:thoracic_aorta:0,TN,0
7.568655,-0.39456794,-0.3888541,-0.25112727,0.19256243,-0.29881,0.044673823,-0.26596642,-0.32991388,-0.05878704,0,chr9:129437752:tibial_nerve:0,FP,1
-2.1782851,1.282742,-0.34576437,-0.07585231,-0.4157762,1.133862,0.3070146,0.1969504,-0.4218257,-0.20128292,0,chr2:84077792:adrenal_gland:0,TN,0
4.405463,1.0967636,0.9201613,0.95325273,-0.19535993,1.3749061,0.062012076,0.039814796,-0.39942864,-0.5959888,0,chr2:105064592:body_of_pancreas:0,FP,1
-3.1882708,1.8347541,-0.40936694,-0.2587673,-0.81761175,-0.13754417,-0.7367508,-0.44295755,0.19707327,0.24690552,0,chr6:1686364:thoracic_aorta:0,TN,0
6.50619,-1.3189853,-0.35546228,-0.45988783,-0.06491304,-0.16296168,-0.16335651,-0.70640534,0.019758012,-0.13326146,1,chr7:22550492:suprapubic_skin:0,TP,1
5.8730392,-1.3932966,-0.9098033,-0.29813993,-0.3762556,-0.022066824,0.5105695,-1.1790242,0.70539874,0.13806956,1,chr15:24767525:prostate_gland:0,TP,1
-2.2044034,0.7831063,0.31370696,0.024925303,0.22107902,0.2589925,-0.49575555,-0.29991275,0.5110084,0.93579113,1,chr1:43590661:prostate_gland:0,FN,0
7.451657,-0.31606072,-0.5036721,-0.60552317,0.15579183,0.34560165,-0.048766114,-0.4509703,-0.40377468,-0.14427777,1,chr14:106468867:body_of_pancreas:0,TP,1
6.9166026,1.1271076,1.267592,0.52763194,-0.37911773,0.3906544,0.79788154,0.15830606,0.22637708,-0.06719022,1,chr12:1922226:transverse_colon:0,TP,1
-5.5085597,-0.34889856,-0.216386,-0.3082244,-0.34286797,-0.25134906,0.028834552,0.05929085,-0.19581856,0.151087,1,chr16:4548780:body_of_pancreas:0,FN,0
2.8434463,-2.4381063,-0.4315195,0.4149845,-0.33361217,-0.06482351,-0.660996,-1.0521235,-0.22694604,-0.43612212,0,chr17:6326850:body_of_pancreas:0,FP,1
-4.1809044,0.5342122,0.62257844,-0.2956657,-0.21068244,-0.6363224,0.060287863,0.1818116,-0.34285063,-0.45960873,0,chr5:96936715:transverse_colon:0,TN,0
7.4510164,-0.25215384,-0.82744956,0.3921134,0.3871674,0.06724675,0.3238723,-0.027598113,0.09403123,-0.3552812,1,chr2:196068383:spleen:1,TP,1
-4.7974434,-0.646719,0.899614,0.45901087,0.6428347,-0.80942744,0.124717586,0.15999761,0.0031025002,-0.12336232,1,chr9:33447548:esophagus_squamous_epithelium:0,FN,0
7.605221,-0.5373374,0.07168617,0.13000068,0.17667764,-0.15758531,0.24004623,-0.15699926,0.43111822,-0.35499087,1,chr17:45585364:transverse_colon:1,TP,1
-1.0410365,-0.7953836,-0.024777055,0.17406254,-0.4736133,0.3155008,-2.061522,0.6919584,0.4344024,-0.2541864,0,chr1:67881797:body_of_pancreas:0,TN,0
4.2235255,-0.21448052,2.3091354,0.46851867,-0.2830294,-0.35866153,0.895776,0.52115554,-0.45028803,0.0340636,1,chr3:129343963:prostate_gland:0,TP,1
6.9717746,0.5857894,-2.3840625,-0.31446466,1.4096326,-0.788131,0.21837479,0.78772146,0.1076139,0.9170121,1,chr8:44636977:testis:0,TP,1
-4.2676635,-0.06002481,0.52833986,-0.011953244,-0.53569794,-0.18137114,-0.01736543,0.3192976,0.24151976,-0.17482136,0,chr1:224356826:gastroesophageal_sphincter:0,TN,0
-5.691593,-0.3161706,-0.9210577,0.5454756,-0.6078613,-0.68735355,0.6143299,0.5739629,0.058004938,-0.24870677,0,chr11:68030237:tibial_artery:0,TN,0
7.8770447,0.041227106,-1.2195408,0.0086224675,0.6905292,0.03993245,0.06350944,-0.18232861,0.1795577,-0.19091275,1,chr10:38653296:upper_lobe_of_left_lung:0,TP,1
5.901735,-1.4184153,0.083405934,-0.79912645,-0.25947067,-0.66153336,-0.330071,0.34586442,0.1521623,-0.1582342,1,chr19:45427778:gastroesophageal_sphincter:0,TP,1
6.098153,-1.4352728,-0.38212207,-1.147834,0.08761575,0.03648896,-0.2138835,-0.020954905,-0.041050915,-0.09181368,1,chr11:60251676:tibial_nerve:0,TP,1
6.301186,-1.2808976,0.9531489,0.29965895,-0.120377064,-0.56895953,0.21005121,-0.23813914,0.3828756,-0.3676075,1,chr9:42852316:gastrocnemius_medialis:0,TP,1
6.3043838,1.124252,-2.542561,-1.1069273,1.2076225,-0.9797936,0.39681906,0.6911479,0.104305476,0.71832204,1,chr8:44636977:upper_lobe_of_left_lung:0,TP,1
0.5878401,0.35688642,1.4054245,-1.685458,-0.88312256,0.8471865,-0.5874825,0.41444853,0.3817174,0.33665875,0,chr5:79235513:prostate_gland:0,TN,0
-2.5824354,1.146464,-0.012492214,-0.9200923,0.56058794,1.2085031,0.097590074,-0.3022638,-0.02051899,0.115294,0,chr17:15574102:esophagus_muscularis_mucosa:0,TN,0
-6.4859147,-2.2498288,-0.52493197,0.62752223,-0.07822692,0.59545314,-0.36799943,0.56956327,0.4811909,-0.058722097,0,chr6:43264135:adrenal_gland:0,TN,0
4.9547033,-0.10140714,-0.0078016887,-0.431275,-1.5288541,0.23350522,0.36701545,0.6405838,-0.7604029,-0.64049894,0,chr6:110039466:sigmoid_colon:0,FP,1
-4.3164616,0.70623124,-0.23280503,0.16780262,-0.31173337,0.03445004,-0.21717153,0.06559535,0.33847094,0.1760601,0,chr11:88232017:esophagus_squamous_epithelium:0,TN,0
-4.8824787,-0.30361372,-0.11569492,0.22151127,-0.6320611,0.3060448,0.5281676,-0.20564577,-0.71103805,0.77930534,1,chr15:91142292:body_of_pancreas:0,FN,0
0.98570114,-1.0679563,1.2256455,-0.045154024,-0.22443323,0.13998772,-0.4364192,0.08433425,-1.2227658,-1.1334418,1,chr17:43361240:body_of_pancreas:0,TP,1
-5.8505273,-0.55674696,-0.5287481,0.112712935,-0.30952275,0.02165667,0.037789237,0.17143917,0.25501272,-0.6768392,0,chr1:157489625:adrenal_gland:0,TN,0
-3.0207071,0.036456406,0.87623686,-0.84666854,1.0497496,-0.12101882,-0.058709692,-0.4238693,0.5227241,0.07235585,1,chr11:1652791:esophagus_squamous_epithelium:0,FN,0
7.6107216,-0.2223864,-1.0579593,-1.4546634,0.088896886,-0.368146,0.08951709,-0.36873677,0.17007363,0.21441303,1,chr7:142521135:transverse_colon:1,TP,1
6.124026,-0.7666505,-0.8038495,-1.6423079,-0.12716106,-0.523023,-0.3837758,0.16592161,-0.16008903,0.30742717,1,chr7:63016040:upper_lobe_of_left_lung:0,TP,1
-3.891407,1.0849937,0.2457156,-0.46235758,0.42570525,0.20716034,0.07836782,-0.15054092,0.03478119,-0.27294773,1,chr1:113072821:suprapubic_skin:0,FN,0
-3.2344878,1.6854047,0.080053546,0.3167831,-0.13728829,-1.1640781,1.2691748,0.24455892,0.36817762,-0.16560188,1,chr8:28701937:esophagus_muscularis_mucosa:0,FN,0
6.102033,0.728198,-0.08906435,1.6679276,0.70594263,0.9594236,-0.77790904,-0.1528724,-0.27475893,0.36922473,0,chr15:85625457:body_of_pancreas:0,FP,1
7.9953475,0.026081143,-0.6754136,0.28540304,0.31216908,0.26434043,0.25440255,-0.09397047,-0.21050973,-0.3412091,1,chr10:38653055:transverse_colon:0,TP,1
-2.074002,0.6688168,-1.3739868,1.3756657,-0.61919963,-0.31983626,-0.66580117,0.15481825,-0.0728018,0.4288692,1,chr20:28507029:esophagus_squamous_epithelium:0,FN,0
-3.571491,0.56839037,0.6417061,-0.5930488,0.54086095,-0.4590676,0.857505,0.32522747,-0.25786987,0.33954054,1,chr2:64865706:prostate_gland:0,FN,0
7.8952265,1.0474297,-0.05256924,0.18255466,-0.57963294,0.47734275,0.45307857,0.090956956,-0.81667006,-0.42656457,0,chr2:75241860:transverse_colon:0,FP,1
-0.35984546,0.3648952,0.30064866,-0.13650951,-0.32885095,0.9968822,1.0435848,1.3897792,-0.32742807,-1.290712,0,chr3:184803711:body_of_pancreas:0,TN,0
6.6878934,-0.3291611,0.59529006,0.3486558,-0.025896644,0.16634111,-0.8577859,0.21580248,-0.9868526,0.19667393,0,chr9:92716650:tibial_artery:0,FP,1
6.385946,-1.2634645,0.3501322,0.46462888,-0.31354403,-0.34683383,0.0024266732,-0.90886724,0.11730962,-0.008399011,1,chr2:132257654:body_of_pancreas:0,TP,1
7.855037,-0.21418764,-0.65271264,-0.50880086,0.11918637,-0.11364247,0.17817079,-0.39905295,-0.33797786,-0.29961637,1,chr8:38060242:upper_lobe_of_left_lung:0,TP,1
-6.1051245,-0.60462755,-0.37944815,0.76567286,-0.3573987,-0.35878897,0.03767974,-0.16628969,-0.030459661,-0.043020695,1,chr16:21935488:Peyers_patch:0,FN,0
-3.9152145,0.16749322,-0.6308001,0.67361623,-0.7715377,0.74695367,0.71480626,0.24709284,-0.642843,0.57939965,0,chr12:92070888:body_of_pancreas:0,TN,0
-5.1994214,0.34743878,-0.75534654,-0.20743485,-0.5127427,0.016653335,-0.088399015,-0.23036906,0.1688736,0.20618676,0,chr14:53296455:thoracic_aorta:0,TN,0
-1.88017,0.48312342,1.1520914,0.20647636,1.2160133,-0.30276558,-0.80995643,-0.92934316,1.4571427,0.120238855,0,chr9:81690044:upper_lobe_of_left_lung:0,TN,0
-6.6791024,-1.4049237,-0.5528425,1.3003325,-0.09117887,-0.2011255,0.9063227,0.3547931,0.15541139,0.08649481,0,chr6:32971107:transverse_colon:0,TN,0
-3.9829357,0.35575676,0.25247723,-0.5754061,0.8880259,-0.16362332,0.196482,-0.11179377,0.5758929,-0.24491036,1,chr9:83219701:thoracic_aorta:0,FN,0
6.1833286,-1.478907,0.04613937,-0.7147252,-0.36576596,0.14498015,-0.14827485,-0.69468427,-0.35914198,-0.031930923,1,chr7:142752408:body_of_pancreas:0,TP,1
-6.0187016,-0.34898165,-0.29631096,-0.109043404,0.6161494,-0.261099,-0.06323095,-0.48444974,-0.102564365,-0.3728633,1,chr1:26921783:Peyers_patch:0,FN,0
-6.515755,-1.5762699,-0.23388325,0.06420861,-0.2539903,-0.27161056,-0.093281314,-0.17410995,0.16384351,-0.030899735,0,chr3:120177116:body_of_pancreas:0,TN,0
-5.6516404,-0.2465151,-0.37685812,-0.1692886,0.32493186,-0.18302622,-0.05113454,-0.490885,-0.005912506,-0.27950716,0,chr3:14921124:prostate_gland:0,TN,0
6.6882744,0.5717615,-0.15369967,1.3156888,0.728526,0.586585,-0.5603836,0.9048755,-0.08204973,-0.23283358,0,chr1:15128695:testis:0,FP,1
-1.0916865,-0.71309596,1.0408052,0.52594614,-0.75366694,-1.3816814,-0.86408216,-0.23206776,-0.61456805,-0.59499747,0,chr11:1262996:tibial_nerve:0,TN,0
6.8466754,-0.43011248,-0.89297456,-1.5580817,-0.068757266,-0.6340841,-0.31383508,0.28354603,0.05218997,0.3419917,1,chr7:63016061:transverse_colon:0,TP,1
-3.030191,1.7303306,-1.2396739,-0.05347274,-1.2974741,-0.9634926,-0.0059089605,-0.028557196,-0.2042217,0.45348772,0,chr4:110211201:body_of_pancreas:0,TN,0
4.7792525,-1.6005414,-0.68383396,0.8837388,-0.1766319,-0.48088846,-0.9431617,0.361361,-0.46461,0.21030217,1,chr22:46739374:upper_lobe_of_left_lung:0,TP,1
-5.225126,0.55805004,-0.2376328,-0.018226465,0.49177876,-0.16402765,-0.112315916,-0.49777746,-0.027092969,-0.10399513,1,chr6:169790103:gastrocnemius_medialis:0,FN,0
1.2885795,-0.96314216,1.4962509,-0.7758937,-0.38945997,0.32643378,-1.1969756,-0.03749485,-1.071008,0.25769827,0,chr14:106469963:esophagus_squamous_epithelium:0,FP,1
6.650733,-0.8430628,0.6315696,-0.11844672,-0.722903,-0.43150225,-0.1602862,-0.5803456,-0.4434055,-0.21451864,1,chr16:85086903:tibial_nerve:0,TP,1
0.5633516,-0.40721092,1.4830077,-0.05826185,0.99103117,1.168743,-0.6463308,0.29134932,0.5096251,1.1580067,0,chr10:68208588:transverse_colon:0,FP,1
-1.5064328,2.2887485,-0.9745074,-0.5581611,-1.073667,-0.5479093,-0.5325241,-0.07148817,0.31328022,-0.73463655,1,chr6:52788016:body_of_pancreas:0,FN,0
3.850472,0.22191449,1.9044415,-0.5350905,7.857485e-05,-0.2829615,0.41230977,0.9976744,-0.2738235,-0.43068615,0,chr2:240232939:transverse_colon:0,FP,1
1.7196188,0.4478169,0.010619456,-0.2030588,0.2794794,1.6609739,0.112263285,0.9178954,0.28955445,0.45215008,1,chr6:106223515:body_of_pancreas:1,TP,1
6.8623886,-0.87931126,-0.7706214,0.21623728,0.5188058,0.25443476,0.36712426,-0.3958621,0.93357515,-0.60715383,1,chr5:77075989:prostate_gland:0,TP,1
6.437406,-0.39935166,-0.32996073,-0.017898038,-0.34695682,-0.23220074,0.4571422,-0.54229957,0.81545484,0.2492643,1,chr8:141876713:adrenal_gland:0,TP,1
-5.581746,-0.19527061,-0.3168357,-0.41896746,-0.22483082,0.24005876,0.32509688,0.0012201408,-0.37126973,-0.102826186,0,chr6:16332498:esophagus_squamous_epithelium:0,TN,0
6.232281,0.8053136,0.484781,-0.58084935,-0.5815223,1.4881706,0.78486854,0.40888217,0.089233406,0.081520915,1,chr11:26754057:testis:0,TP,1
5.293802,-1.7994376,-0.24386716,-0.08126353,0.10147808,0.26940027,-0.24423786,-0.017615678,0.6445652,-0.29104865,1,chr6:35885297:body_of_pancreas:0,TP,1
-5.017776,-0.3175861,-0.51025915,-0.44799352,0.20223251,0.6004976,0.12615657,-0.37456474,0.5166344,-0.061854538,0,chr4:183602913:transverse_colon:0,TN,0
7.017867,-1.1344767,-0.2387736,-0.024637075,0.17990956,-0.3730284,-0.043054707,-0.41492113,0.033401925,0.011395084,1,chr3:75785357:sigmoid_colon:0,TP,1
-4.934601,0.27429354,-0.33938178,-0.4598989,0.21028453,0.17882101,-0.26671165,-0.50824106,-0.37632704,-0.025350194,1,chr9:127348292:tibial_artery:1,FN,0
-3.7047157,1.3619963,0.44291183,-0.21409832,0.82217133,-0.47643355,0.14934322,-0.18811671,0.5159303,-0.39656392,1,chr11:101127373:sigmoid_colon:0,FN,0
-0.27836442,1.9241705,-0.4151357,0.9122976,-0.48583552,0.42685997,0.21256119,-0.32891408,-0.052932724,1.0897827,1,chr9:16039580:adrenal_gland:0,FN,0
6.9773765,-0.92837137,-0.35393807,0.43296996,0.24272256,-0.07704939,-0.36718234,-0.28276584,0.05754816,0.20659359,1,chr17:21322681:thoracic_aorta:0,TP,1
-5.2026057,0.8041366,-0.857481,0.06747747,-0.86255366,0.12884961,0.0928139,-0.3315942,-0.37885028,-0.20054312,0,chr7:32347302:sigmoid_colon:0,TN,0
-4.4299865,0.94336224,-0.25228313,-0.39145285,0.24823792,-0.38065124,-0.143968,-0.16477318,0.10621745,-0.72628814,0,chr14:75294151:transverse_colon:0,TN,0
-3.5892465,1.6546186,-1.0421468,0.6098797,-0.64152896,-0.28439304,0.6697175,0.116211824,0.32983547,-0.047047555,0,chr7:105507191:omental_fat_pad:0,TN,0
1.3931264,-1.0881332,1.8243365,-0.9057041,-1.523333,-0.6779569,-0.043671336,0.56527764,-0.4820159,0.8623295,0,chr20:17617594:Peyers_patch:0,TN,0
7.5970345,-0.0033434248,-1.3840319,0.75169986,0.7990199,0.07366127,-0.1600769,0.34302425,0.089527905,0.13792872,1,chr5:127014594:transverse_colon:0,TP,1
7.8315115,-0.23620163,-1.0947319,-0.5057004,0.5142573,-0.30078155,0.024834294,-0.030517455,0.13920756,0.0415559,1,chr6:31374359:esophagus_squamous_epithelium:0,TP,1
-4.8582606,-0.16109987,-0.5090075,-0.078562096,-0.10202353,1.2102484,0.14288518,0.0034491336,-0.26038244,-0.046131276,1,chr6:137697537:transverse_colon:1,FN,0
-6.502289,-0.9203667,-0.70786804,-0.20466346,0.2117762,0.39550516,0.13432498,-0.27716514,-0.18646602,-0.11863919,0,chr6:82252284:prostate_gland:0,TN,0
-5.2790947,0.48396236,-0.19135123,-0.2404524,-0.10627576,-0.11458869,-0.2531097,-0.74590135,-0.28563395,0.17341794,0,chr10:125982582:thoracic_aorta:0,TN,0
-3.573541,1.3366045,-0.5822639,-0.7321321,-1.1842685,-0.2535614,-0.3145656,-0.14086427,0.05681247,-0.16955103,0,chr10:23158214:transverse_colon:0,TN,0
-2.2887218,1.4288268,0.7709625,-0.52388763,1.0740739,0.0320932,-0.15791,-0.56587744,-0.119751535,0.059381004,0,chr17:3935331:suprapubic_skin:0,TN,0
-5.973196,-0.45169437,-0.32788366,0.18377881,0.27077112,-0.40276814,0.03001849,-0.35379055,-0.0010263843,-0.5566346,0,chr18:32092595:body_of_pancreas:0,TN,0
-1.4879507,0.52854687,0.9303248,-0.2232565,0.46757394,0.75615686,0.09116689,0.1777979,0.56776667,-0.24774674,0,chr10:51960415:prostate_gland:0,TN,0
-5.6242957,-0.62896174,-0.12204896,-0.40589684,0.38780674,0.40691003,0.27490386,0.1663781,-0.14687964,0.14883536,0,chr17:45099253:testis:0,TN,0
4.894729,-2.2058558,0.52264637,0.6937765,-0.10149094,-0.47253636,0.041845795,-0.99703926,0.58132136,-0.38345367,0,chr9:129437243:tibial_artery:0,FP,1
-4.1844177,-1.1124896,1.1344074,-0.32468912,0.37241387,-0.15464254,0.23906842,0.6494593,-0.10873454,-0.19147126,0,chr19:2169180:transverse_colon:0,TN,0
-3.9482894,1.2461767,-1.0689791,-0.24083981,-1.3065706,-0.7038446,-0.07634164,0.014572417,-0.49765155,-0.18108258,0,chr3:58305852:transverse_colon:0,TN,0
-4.561096,0.3493176,-0.684626,0.14724901,-0.41936633,0.7377219,0.100970425,0.23460925,-0.2620006,-0.51606125,0,chr6:147285258:Peyers_patch:0,TN,0
-4.792097,-0.14241385,-0.14102025,-0.6762568,-0.15876432,0.24668933,-0.22426622,-0.22503671,0.23370412,-0.008762709,0,chr7:133051170:upper_lobe_of_left_lung:0,TN,0
-0.44671193,-0.62618536,0.8334095,-1.0685216,-0.33070418,1.3487004,-0.13500567,0.904591,0.5034341,-0.33956185,1,chr2:13202350:body_of_pancreas:0,FN,0
7.2112164,-0.89685565,-0.45842218,-0.09680515,0.13538009,-0.25752765,0.10281391,-0.56842923,0.026002038,-0.3257309,1,chr11:47642443:testis:0,TP,1
-3.4502456,-0.9312616,0.8690433,-0.78032595,0.5608486,1.0699944,0.402207,0.73555374,0.2203021,0.2594744,0,chr14:69151254:thoracic_aorta:0,TN,0
-6.287371,-0.19604735,-0.8094522,0.23923197,-0.29196206,-0.08635381,0.063663304,-0.31806418,-0.22708987,-0.09627661,0,chr2:20661446:tibial_artery:0,TN,0
-4.7218885,1.1631242,-0.08166575,-0.0197883,0.014756378,-0.8845016,0.45679453,-0.009555016,0.15188962,-0.20094801,0,chr19:1095151:upper_lobe_of_left_lung:0,TN,0
-4.365703,1.0875142,0.30512857,0.17272773,0.031503122,-0.7914734,0.036167365,-0.97959584,-0.20393051,0.3893706,1,chr2:46828341:sigmoid_colon:0,FN,0
-4.7820787,0.47790498,-0.7081427,-0.2972755,-0.9309236,0.47068352,0.003823293,0.21281219,0.11345306,-0.09860981,0,chr3:155702289:upper_lobe_of_left_lung:0,TN,0
-0.22274806,0.5368996,1.3496724,-0.89980716,0.3141188,1.0974085,0.05264522,-0.059930075,-0.045666642,-0.16894029,1,chr15:78210207:prostate_gland:0,FN,0
1.0107468,2.2602918,1.8378383,1.3102221,0.72332287,-1.2428592,0.83597165,0.59081,0.4042072,-0.80065197,1,chr8:28701937:transverse_colon:0,FN,0
-3.6159155,0.46166524,0.7946694,-0.90674347,0.28515765,-0.3761948,-0.353245,0.32471696,-0.5386416,-0.10614456,0,chr11:1833125:body_of_pancreas:0,TN,0
-3.683622,1.0402411,0.7278684,-0.36600825,1.089468,-0.9599406,-0.043002218,-0.3674926,0.09204789,-0.13806768,1,chr7:100894790:body_of_pancreas:0,FN,0
6.91129,0.86461675,-2.8291876,-1.2395564,1.1081419,-0.7307989,0.27158743,0.4511523,-0.73212886,0.6856212,1,chr8:45161494:gastrocnemius_medialis:0,TP,1
-3.3781998,-0.6025238,0.8377597,-0.4702485,1.1565263,0.5765584,0.13851121,-0.40607733,0.64711374,0.32710817,0,chr15:44219856:esophagus_muscularis_mucosa:0,TN,0
5.6216154,-2.0737805,-0.12267961,-0.5143859,-0.29498982,-0.34887454,0.017535167,-0.5812641,0.1632411,-0.41106853,1,chr9:42974893:upper_lobe_of_left_lung:0,TP,1
7.2058897,0.08367519,-2.1927307,-0.29488415,1.1710296,-0.56290275,0.19402063,0.40180105,-0.4783698,0.6503425,1,chr17:22816782:prostate_gland:0,TP,1
5.068176,1.5017935,-0.054835986,1.3624951,-0.10224378,0.17354639,0.06656206,0.030493252,0.90600103,0.66102195,0,chr7:36066338:body_of_pancreas:0,FP,1
5.4665165,-1.3366848,0.7763174,-0.03631709,-0.8586213,-0.34337568,0.5116214,-0.32305697,0.4280263,-0.12528042,1,chr7:78040381:suprapubic_skin:0,TP,1
0.20015946,1.4262474,1.1175567,-1.0650182,-1.2849126,0.7917195,0.5342989,0.6076983,-0.84211016,0.37632948,0,chr16:2263772:body_of_pancreas:0,TN,0
-2.9130461,1.8935562,-0.77114946,0.398103,-0.8546611,-0.31125155,-0.491739,0.06732592,0.22654401,-0.6905935,0,chr4:156787427:body_of_pancreas:0,TN,0
7.3230915,-0.19085912,-1.1786342,-1.0320777,0.25871143,-0.266416,-0.2755068,0.30167794,0.08866971,0.26510134,1,chr7:63016031:transverse_colon:0,TP,1
-4.2965274,0.36138228,-0.06989009,-0.7093393,0.3848028,0.67971176,0.11355124,-0.36851546,-0.01394624,0.21962295,0,chr18:76828121:thoracic_aorta:0,TN,0
-0.11399613,0.98990077,1.9092585,0.4231249,0.6772176,-0.28370342,-0.78862673,0.089408144,-0.76514333,0.024929263,1,chr17:73719627:tibial_nerve:0,FN,0
5.157165,-0.29070115,2.1478803,1.4455848,-0.027250793,-0.5639177,-0.1050364,0.073304646,0.028833237,0.33966538,0,chr3:129343963:adrenal_gland:0,FP,1
8.378577,0.9089615,-1.4086232,-0.9289531,0.6902146,-0.63999146,0.380649,-0.22691415,0.2356747,0.15235406,1,chr14:30690707:upper_lobe_of_left_lung:0,TP,1
2.7049363,0.8525986,1.2446429,1.223592,0.8295387,0.5249738,-1.5132526,-0.9207439,-0.06429237,0.5878826,0,chr9:6080757:esophagus_squamous_epithelium:0,FP,1
-5.943956,-0.79774487,0.026124114,-0.109058864,0.54945517,-0.25389677,0.26987424,-0.13754177,-0.14180955,0.037373878,0,chr2:19363367:transverse_colon:0,TN,0
-5.225531,-0.61113477,0.28461057,-0.27889857,0.6365825,-0.17942286,0.17976938,0.21724974,-0.018686222,-0.25696507,1,chr9:129145727:thoracic_aorta:0,FN,0
-6.7671185,-1.6365503,-0.9000333,0.2994839,0.49458772,0.59657526,0.22349814,-0.034642972,-0.10878602,-0.27169767,0,chr19:31548991:upper_lobe_of_left_lung:0,TN,0
-4.2632003,1.2694621,0.23335727,-0.16450946,0.5902348,-0.5955321,0.07929755,-0.7132154,0.16262071,-0.13250583,1,chr9:136728193:lower_leg_skin:0,FN,0
2.7021334,2.1875694,0.45950434,1.2199535,-0.6942991,0.9567521,0.46188757,-0.20690715,-0.073229335,0.09070703,0,chr5:144467879:tibial_nerve:0,FP,1
-4.303971,-0.15368944,0.8141821,-0.5129116,0.34110674,-0.39704612,0.037057467,0.11021053,0.39576656,-0.24568337,1,chr15:40906278:tibial_nerve:0,FN,0
6.5741057,-0.563541,-0.6995435,-1.5667511,-0.123733245,-0.53550327,-0.2727048,0.26314405,0.07729138,0.3800269,1,chr7:63016040:transverse_colon:0,TP,1
-5.357485,0.3230077,-0.8392966,0.115418635,-0.23730762,0.5480814,0.23046991,-0.32242626,-0.10642545,-0.07558484,0,chr1:26104845:Peyers_patch:0,TN,0
7.3957176,0.020016925,0.2395807,0.24985278,-0.34710598,0.30157807,0.6712179,-0.03503822,0.46280402,-0.085038505,1,chr12:48753691:upper_lobe_of_left_lung:0,TP,1
6.0396695,2.246819,-0.71471107,1.7587245,-0.15036392,0.70253783,0.4618472,0.13211031,-1.2580104,-0.69105196,1,chr14:99659383:upper_lobe_of_left_lung:0,TP,1
5.720819,1.0293254,-0.3251909,1.3864009,-0.44170192,0.2717947,0.13035065,0.20806919,-0.23756073,-0.78277814,1,chr3:66803339:prostate_gland:0,TP,1
6.4665685,0.35750565,-2.366705,-1.1174065,0.7993316,-0.37742242,0.2863071,0.7464546,-0.3349568,0.38313907,1,chr17:22856764:esophagus_squamous_epithelium:0,TP,1
3.4934294,-0.5704885,-1.4416457,-0.14026287,-0.31135622,-0.68201077,-0.16866861,-0.07880709,0.38489395,-0.08751249,1,chr7:73725711:spleen:0,TP,1
4.8187222,-1.7123892,0.5210397,-0.0009921304,-0.30003437,0.019318743,-0.11989339,-0.19048676,0.48739147,-0.5645653,1,chr10:1755678:prostate_gland:0,TP,1
8.276982,0.49229157,-1.3559815,-0.8718298,0.42065415,0.12865849,0.14573546,-0.070765264,-0.3707495,-0.059167378,1,chr3:34208336:thoracic_aorta:0,TP,1
5.3461375,-1.8763674,0.35439956,-0.8422697,-0.43776682,-0.11079196,-0.14332996,-0.16209923,-0.016337194,0.34248415,1,chr7:142463889:transverse_colon:0,TP,1
-2.9655864,0.84108955,0.20037033,-0.7486398,-0.34185728,0.53868914,0.96078604,0.33214486,0.020134103,0.77222633,0,chr10:66926170:prostate_gland:0,TN,0
8.63998,1.0977597,-1.584535,-0.76025736,0.7688175,-0.42963862,0.45988575,-0.14666678,0.022415066,0.22589527,1,chr14:30690707:thoracic_aorta:0,TP,1
-3.4853666,0.14337799,1.0988284,-0.12792075,0.85411847,-0.45469627,0.05913892,-0.019006275,0.24474674,0.33739662,1,chr16:87550596:tibial_nerve:0,FN,0
-3.4466724,2.1745827,-1.2443951,0.10767533,-1.1479958,0.1071311,-0.037427075,-0.5257376,-0.22300237,-0.48008826,1,chr12:120246128:thoracic_aorta:0,FN,0
6.3569975,1.1708107,1.2024013,0.1060102,-0.6061977,0.9312935,0.6527625,0.21016146,-0.33426642,0.026218498,1,chr3:24186219:body_of_pancreas:0,TP,1
3.6879618,0.7784219,-0.4633225,0.44529888,-1.4448012,0.5653722,-0.20204484,-0.08812648,-0.67190856,-0.57064104,0,chr8:30361799:body_of_pancreas:0,FP,1
-3.3543072,1.8049076,-1.1244043,-0.058343966,-0.956638,-0.3496009,-0.36732125,-0.04806667,-0.50280875,-0.66090274,1,chr2:168375394:thoracic_aorta:0,FN,0
-6.1061954,-0.3120426,-0.5043816,-0.07357848,0.22300461,-0.12756692,0.14797863,-0.34673542,-0.11409152,-0.1251526,1,chr21:31866561:upper_lobe_of_left_lung:0,FN,0
-4.6555414,1.2223754,-0.8106065,-0.0023617472,-0.9873389,0.26242417,0.034613084,-0.26378962,-0.4585377,-0.36779088,1,chr7:32347302:esophagus_muscularis_mucosa:0,FN,0
7.73899,-0.2347544,-0.73842937,-0.35659695,0.31128514,-0.16310135,0.04919067,-0.21096662,-0.36125565,0.09256449,1,chr9:129437752:thoracic_aorta:0,TP,1
-1.661938,-0.070209414,0.56807214,-1.1876352,0.58958143,1.1040792,0.28388426,0.20957737,-0.21337107,0.6355661,0,chr4:10582403:spleen:0,TN,0
-4.254829,-3.2055173,0.47972852,-0.08678673,-1.1085092,-0.6567169,0.04344565,1.0306356,0.53615427,0.51248556,0,chr12:48904001:upper_lobe_of_left_lung:0,TN,0
7.3320737,-0.40549418,0.20005397,0.208953,-0.12689106,0.073536225,0.22720699,-0.20984752,-0.2669918,-0.5968755,1,chr9:61668518:spleen:0,TP,1
-4.0450296,-0.3968944,0.98910403,-0.3195322,0.84442383,-0.83253694,0.033502728,0.56078637,-0.37549347,-0.31832442,0,chr6:13874007:transverse_colon:0,TN,0
-5.300389,-0.8445857,-0.23472281,-0.34708497,0.36451697,0.25294113,-0.39241633,0.031803794,-0.1774553,-0.16165133,0,chr7:129164351:esophagus_squamous_epithelium:0,TN,0
-3.5253723,-1.12794,0.020404518,-0.83574015,-1.1643485,1.4926605,0.101783015,0.9197034,-0.4094713,0.42578894,0,chr6:117189039:prostate_gland:0,TN,0
-6.105922,-0.575558,0.04851604,-0.016448844,0.5040392,-0.9180086,0.19315878,0.21875496,-0.42202163,-0.21403849,0,chr7:100894790:prostate_gland:0,TN,0
6.726694,0.84977835,-0.99782455,0.37575677,-0.591414,0.36340708,0.38534546,0.29813033,-0.6166023,-0.5388272,1,chr6:35763302:body_of_pancreas:0,TP,1
1.7937899,1.178317,2.0728421,-0.64508206,-0.17428967,0.46945295,0.23248044,-0.108046435,0.46071702,0.4760613,0,chr15:52568355:adrenal_gland:0,TN,0
-3.5392435,0.04021916,-0.052554175,-1.2623253,-0.5243122,0.87686706,0.0028388998,0.056524966,1.1586545,0.20612007,0,chr3:172623400:Peyers_patch:0,TN,0
0.45280868,0.8367238,0.9233479,1.530597,2.1085527,-0.18905291,-1.2688422,0.71106166,0.79568785,-1.1749167,1,chr11:85855125:transverse_colon:0,TP,1
5.6662602,1.3007165,1.2201324,1.432223,-0.045421116,-0.7631489,-0.59216225,-0.5654653,-0.40925106,0.081147,0,chr12:52306315:tibial_artery:0,FP,1
3.0237317,0.754634,1.3949988,-0.22212605,-1.1804578,0.08425985,0.6607454,0.2905785,-1.2993226,-0.0044409726,0,chr2:87577752:transverse_colon:0,FP,1
3.1498995,-2.2915702,0.84451956,-1.4220049,-1.1869414,-0.5687951,-0.16886786,0.75228536,0.26567957,0.23851845,1,chr19:45427778:adrenal_gland:0,TP,1
-4.2812467,0.16545475,-0.12918974,-0.5488834,0.5920701,0.565741,0.3655556,-0.07091803,-0.42821112,0.30518946,0,chr17:69526231:esophagus_muscularis_mucosa:0,TN,0
-6.581491,-1.0563997,-0.7342811,0.16601834,0.02534933,0.21103624,0.13664389,0.013045575,0.03325099,-0.07597917,0,chr8:17699579:body_of_pancreas:0,TN,0
1.0220406,1.4452776,2.2069216,0.34171897,1.4064827,-0.6588099,-0.19991693,-0.06364962,0.84216654,0.45929715,0,chr7:85186902:omental_fat_pad:0,TN,0
-6.984557,-1.4353081,-0.12990826,0.4672417,0.52688223,-0.3510701,0.15163596,-0.037939887,-0.3772862,0.050221767,0,chr1:100132742:body_of_pancreas:0,TN,0
5.6500783,-1.045407,1.0181973,1.1766764,-0.26161832,-0.85494107,-0.45505977,-0.46436325,-0.21758464,0.22404525,1,chr20:26209622:upper_lobe_of_left_lung:0,TP,1
-0.2078542,0.2087501,1.8044534,-0.18534179,-0.8298233,-1.080188,-1.4665346,-0.38973796,-0.37535083,0.6417387,0,chr22:41508960:transverse_colon:0,TN,0
-6.4322677,-0.97196573,-1.0522702,1.09866,-0.7252693,-0.092050835,0.09333028,0.068050064,-0.19246022,0.09070675,0,chr11:63024537:transverse_colon:0,TN,0
0.5158498,-0.647805,1.8981326,-0.0121902805,-0.78955024,0.17500567,1.0309596,-0.26389855,-0.84022284,1.0223631,1,chr1:27556965:gastrocnemius_medialis:0,FN,0
-6.161174,-0.3376479,-0.9817993,0.34897962,-0.58256483,0.3088514,0.049525686,0.022770466,0.024821129,0.13185872,0,chr2:219700718:body_of_pancreas:0,TN,0
-6.320886,-0.5125767,-0.79321927,0.3854941,0.057359625,-0.19852631,0.37153167,-0.172981,-0.2515517,0.117048234,0,chr10:47986691:sigmoid_colon:0,TN,0
7.502699,-0.31607786,-0.64417523,0.48284054,0.44652522,-0.051558346,0.18778193,-0.01913674,0.44794604,-0.108676694,1,chr2:196068383:upper_lobe_of_left_lung:0,TP,1
4.974043,-1.1924498,1.4737489,0.2634128,-0.7080473,-0.764712,-0.6910816,-0.5561656,0.0068751113,0.74186796,1,chr5:179213127:body_of_pancreas:0,TP,1
-4.2184443,0.40514427,0.38860536,-0.14562441,0.22696729,-0.73516244,-0.44906843,0.5243741,0.16503826,0.036785115,0,chr11:63671929:gastroesophageal_sphincter:0,TN,0
6.254069,-0.79979146,0.97706896,0.72860575,-0.25940865,-0.0697975,-0.24032098,-0.7149486,-0.5682036,0.11003209,1,chr19:45678133:spleen:0,TP,1
2.7301083,1.0811172,0.36553285,-0.36242136,-0.58489984,1.0862527,0.7705496,1.341374,-0.38326362,-0.94999224,0,chr3:182714147:tibial_artery:0,FP,1
-4.977988,0.86273474,-0.53713524,-0.27142084,-0.11019976,0.18310307,-0.14949323,-0.15738718,0.053386323,-0.5820503,0,chr16:5092215:transverse_colon:0,TN,0
0.3737941,-0.28590935,-2.1028688,2.1604218,0.30581164,0.36772668,-0.8461673,0.81903285,-0.88945764,0.94235104,1,chr2:92401043:testis:0,TP,1
-2.0724306,1.9638704,-1.1094613,0.48718166,-1.2904241,-0.29726025,-0.4138173,-0.32933235,-0.6851143,-0.095134765,0,chr9:4815183:body_of_pancreas:0,TN,0
0.99899757,1.6214882,-0.7511322,0.0065045957,-1.43879,-0.014262666,-0.8389224,1.0861245,0.87351316,-0.6925981,0,chr11:63024537:sigmoid_colon:0,TN,0
-6.210192,-0.46702045,-0.28720218,-0.07413182,0.5281147,-0.33066517,0.094009355,-0.34235775,-0.23619904,-0.32852006,0,chr13:50909866:esophagus_squamous_epithelium:0,TN,0
-4.502413,-0.20360248,-0.15985641,-0.552566,0.7715229,0.73638624,-0.37760633,-0.78174657,0.37724566,-0.09591298,1,chr4:95543779:tibial_artery:0,FN,0
-2.9687881,0.6891263,-0.7539019,-0.7972438,-1.477896,0.79178756,0.060282093,0.78877974,-0.09964749,-0.4388463,1,chr17:61729146:sigmoid_colon:0,FN,0
6.7887654,1.5372703,0.32829764,0.6740824,-0.57597095,1.0070269,1.269773,-0.052647132,-0.25083897,-0.2771983,0,chr17:13735684:Peyers_patch:0,FP,1
4.696823,1.4264119,-0.006378136,-0.8084886,-0.76758343,-0.6369621,-0.2897803,0.7321027,1.1792092,0.4280159,1,chr19:8505530:tibial_nerve:0,TP,1
5.6079607,1.0733125,0.4821739,0.29521167,-0.64571524,0.1421633,0.3608947,0.26115367,-0.42965192,0.5255461,0,chr2:233098726:adrenal_gland:0,FP,1
-7.200418,-1.4526176,-0.5443217,0.3042141,0.30458283,0.055166785,-0.053151533,-0.33741522,-0.13028367,-0.10776872,0,chr6:12339489:body_of_pancreas:0,TN,0
5.319802,1.6059363,1.2578189,1.1559991,1.3468711,0.268494,0.58337903,-0.18402067,0.9530434,-0.07894083,1,chr14:77027449:esophagus_muscularis_mucosa:0,TP,1
-5.7725196,-0.36947107,-0.59592634,-0.22749315,0.05024608,0.551794,-0.060063437,-0.40538538,-0.24431218,-0.07080088,0,chr3:172291866:adrenal_gland:0,TN,0
6.4090686,2.060477,-0.19827427,-0.1844435,-0.6582511,-0.2776054,-0.8207478,0.9343263,-0.19430128,-0.03999077,1,chr2:128755326:body_of_pancreas:0,TP,1
0.06803579,-0.76403517,1.0199786,-0.733294,0.059388526,1.1453552,0.27973798,0.11304016,0.041127715,0.12984055,1,chr2:235171687:transverse_colon:0,FN,0
6.3518987,0.17233996,0.7589124,1.2511047,-0.049214374,-0.0017366606,1.1327055,-0.9566331,0.91839814,0.6527019,1,chr19:21484173:transverse_colon:0,TP,1
4.258712,2.1515956,0.21191691,1.7509428,-0.16721986,0.6966604,0.13408084,-0.5208074,0.11951725,0.24246033,1,chr9:16039580:transverse_colon:0,TP,1
6.080732,-0.5063605,1.6613806,-0.31803995,-0.779053,-0.16387106,0.64427686,-0.105749406,-0.24100192,-0.19086938,1,chr14:94129651:body_of_pancreas:0,TP,1
-7.558613,-2.8132358,-0.9881212,1.3115563,-0.22461061,0.8721665,0.2669385,0.08303613,-0.42278665,0.09456949,0,chr4:88219203:gastrocnemius_medialis:0,TN,0
-6.3102846,-0.9240086,-0.46281695,-0.19938198,0.38439414,0.108956344,-0.033369802,-0.4507257,0.035213888,-0.08946154,1,chr11:1652791:thoracic_aorta:0,FN,0
-5.666563,0.1950015,-0.71706456,0.34348035,-0.5858975,-0.10755807,0.25583965,-0.6246713,-0.09584391,0.39360353,0,chr7:142535029:body_of_pancreas:0,TN,0
-5.2812696,-1.3470556,-0.60257983,0.25325665,-0.027501602,0.8944426,0.52731353,0.63197815,-0.020671126,-0.33353093,0,chr14:95010781:thoracic_aorta:0,TN,0
-3.0281608,1.477307,-0.8914863,0.4284058,-0.35173646,-0.25910243,-0.23732188,0.47232357,0.5934642,-0.91452813,1,chr2:56522518:body_of_pancreas:0,FN,0
2.4626405,-3.0786004,-1.5781064,2.0453749,0.44610056,0.13993077,-1.0955435,0.7882114,-0.10723898,0.38649884,1,chr21:5357485:transverse_colon:0,TP,1
-5.77817,-0.534172,-0.18335353,-0.33156723,0.2559293,0.14016019,0.111932576,-0.12503712,0.047652885,-0.14328343,1,chr7:29610024:spleen:0,FN,0
-4.507437,-1.30262,0.25680742,-0.28667477,0.48570502,0.8412863,-0.32592106,0.47564077,0.15425351,0.0559108,0,chr3:32177302:tibial_nerve:0,TN,0
3.5824006,1.3151119,-0.95976776,1.1731366,0.19737008,0.16568041,-0.30584756,1.2156694,0.7406336,1.0649803,0,chr11:93921924:prostate_gland:0,FP,1
-4.5901895,0.39350837,-0.30317125,-0.027511459,-0.7709828,0.36643094,-0.18087192,-0.07190908,-0.3709678,0.15278386,0,chr1:234487506:esophagus_muscularis_mucosa:0,TN,0
6.145901,-1.7101822,0.14858848,-0.18915315,-0.27889153,-0.65468186,0.2677315,-0.74625087,0.3545711,0.02197514,1,chr3:75785357:thoracic_aorta:1,TP,1
7.256991,-0.3827827,-0.27141994,0.7626763,0.5953478,0.64269394,-0.38977104,-0.0092675965,-0.12728682,0.14445727,1,chr6:43386692:transverse_colon:0,TP,1
6.169398,0.6539646,-1.330595,1.5980592,1.5237446,-0.060164496,-0.60862315,0.30830702,-0.039440222,0.8631095,1,chr10:18628158:transverse_colon:0,TP,1
-3.4031527,0.9091215,0.41837102,-0.6738545,0.3882348,0.33498526,0.21805623,0.035217736,-0.039259084,-0.35364294,1,chr2:73620102:transverse_colon:0,FN,0
7.24329,0.84467626,-2.6700485,-1.0520135,1.1651776,-0.7783981,0.24696063,0.62824476,-0.4376054,0.66874254,1,chr8:45161494:spleen:0,TP,1
6.37781,-1.2827914,-0.3427902,-0.5962916,-0.1893985,-0.1514593,-0.102533646,-0.52081716,-0.14384466,-0.13910533,1,chr7:22550492:body_of_pancreas:0,TP,1
-3.669054,0.5318779,-0.42183173,-0.49077982,0.58980125,0.76378804,0.045324616,-0.44610032,0.58743674,-0.12402174,1,chr3:88180571:thoracic_aorta:0,FN,0
-3.7595143,1.6421069,0.26783344,0.12606703,0.18314077,-0.8801144,0.089489594,-0.6061667,0.43845543,0.094582684,0,chr2:45009663:body_of_pancreas:0,TN,0
-2.3957841,0.8729244,1.1805555,-0.61412424,0.10982605,-0.87072974,-0.746638,0.003320818,-0.550011,-0.24171509,1,chr20:62355987:thoracic_aorta:0,FN,0
5.929949,1.1974053,1.4417145,1.4650761,0.8494666,-0.20096682,-0.14713678,-0.088137574,-0.66795796,-0.23055124,1,chr16:4273965:spleen:0,TP,1
0.3509424,-1.1909221,1.6691537,0.21957783,-1.253345,-0.31683195,1.3325047,0.716609,-0.99533087,0.72404975,1,chr1:27556965:spleen:0,FN,0
2.640448,0.9655694,1.3295624,0.5588862,0.684135,1.2175457,-0.58449477,0.7051834,0.1968174,-0.51567,0,chr10:51960415:tibial_artery:0,FP,1
-0.3015719,0.37905067,-0.30514157,0.28369015,0.14697747,0.19035044,-1.0066098,0.61581904,0.81897044,0.33146098,1,chr16:4548780:esophagus_squamous_epithelium:0,FN,0
-3.9827325,1.4560989,-0.45559144,-0.33123076,-0.03547337,0.48231047,-0.19549109,-0.62212294,0.30272073,-0.36904204,1,chr5:158014121:transverse_colon:0,FN,0
6.871538,-0.71729845,0.35610497,0.068072625,-0.49360627,0.121685445,-0.18210468,-0.98274153,-0.56901926,-0.01764735,1,chr7:142773198:body_of_pancreas:0,TP,1
-2.981768,1.1291188,-0.8172832,0.4431359,-1.1270292,0.20032352,0.5606696,0.7994657,-0.04519515,0.32618517,0,chr1:23210397:Peyers_patch:0,TN,0
-4.439723,0.29610488,0.3466454,-0.44193497,0.837063,-0.095462784,0.028921308,-0.25551972,0.2546358,-0.11671119,0,chr1:16741091:thoracic_aorta:0,TN,0
-5.016784,-1.3752007,-0.31343552,-0.36271617,-1.1343735,-0.3551359,0.12572895,0.5959893,0.48666462,-0.39373243,0,chr2:88880497:adrenal_gland:0,TN,0
1.3744099,-0.41353118,-0.5640859,1.1067542,-0.26838967,0.58016413,1.2472891,0.6241291,1.6639495,0.23088177,1,chr6:21597510:body_of_pancreas:0,TP,1
8.038436,0.22495542,-1.359116,0.039107706,0.73507345,0.15631227,0.13114055,-0.17334753,-0.01655614,-0.02977429,1,chr10:38653296:Peyers_patch:0,TP,1
-2.1997583,0.08463484,1.5117403,-0.7017012,1.416815,-0.28954378,0.46342826,0.45848972,-0.07570295,0.08802373,1,chr5:181184339:thoracic_aorta:0,FN,0
7.486731,-0.45926806,-1.1697358,-1.2321762,0.13712315,-0.20265406,0.09080306,-0.32858405,0.21760106,-0.004344936,1,chr7:142521135:body_of_pancreas:0,TP,1
-4.4696283,1.5900246,-0.35992354,-0.21099097,-0.03816672,-0.5559498,0.19322973,-0.5868984,-0.06807598,-0.06967083,0,chr17:46266535:prostate_gland:0,TN,0
-6.171265,-0.80577517,0.074487045,0.555893,0.07612323,-0.73952585,0.49297103,0.36692667,-0.2996866,0.2005832,0,chr11:44095821:gastrocnemius_medialis:0,TN,0
6.7096105,-0.6925186,0.25877503,0.50385344,0.08043243,-0.058418036,-0.4224678,-0.01511042,0.26018363,0.13420847,0,chr19:11079087:adrenal_gland:0,FP,1
6.2115536,-1.2747275,-0.7368362,-1.4640347,-0.027791575,-0.31501195,-0.22241178,-0.23050964,-0.0227298,0.22774163,1,chr7:142463889:Peyers_patch:0,TP,1
-0.64282423,-0.82056147,1.8750491,0.20454167,-0.92980325,-1.5811325,-0.93473655,-0.15750262,-0.61134493,-0.09624083,0,chr11:1262996:upper_lobe_of_left_lung:0,TN,0
-5.7930818,-2.0584474,0.11360146,0.42456472,1.0750967,0.44092262,0.17410338,0.41806072,-0.24379253,-0.09239771,0,chr6:26217616:Peyers_patch:0,TN,0
-0.9117535,2.7514882,-1.2899395,0.98533297,-0.25792533,0.16374937,-1.3142732,-0.27217183,0.48554087,0.587645,0,chr16:13923701:esophagus_squamous_epithelium:0,TN,0
8.036126,-0.10020839,-0.9127809,-0.77400607,0.10236514,-0.50663567,0.14803864,-0.32190913,-0.28603986,-0.28816047,1,chr3:75785419:upper_lobe_of_left_lung:0,TP,1
6.8899136,-1.1611042,0.07716171,0.114333086,0.22255112,-0.23503458,0.06624552,-0.5449304,0.6218617,-0.26669618,1,chr15:79896760:prostate_gland:0,TP,1
8.512146,0.98232776,-1.5562652,-0.75159246,0.8385759,-0.3592166,0.34756184,-0.04639903,-0.046803884,0.25523585,1,chr14:30690707:spleen:1,TP,1
-4.4101048,-0.46435517,-0.28538305,-0.6145081,1.1276184,0.5793588,0.0104043055,-0.2727507,0.2614095,-0.1417968,0,chr18:62249636:tibial_nerve:0,TN,0
-3.381391,0.6130077,0.21013607,-1.1845459,-1.2557963,0.4747579,-0.54953706,-0.1597683,-0.24490817,0.18358614,0,chr20:17898925:adrenal_gland:0,TN,0
5.7265058,-1.4130998,-0.86354214,-0.30996394,-0.54496586,-0.0139349,0.5361006,-1.0317076,0.6486485,-0.078503214,1,chr15:24767525:spleen:0,TP,1
-3.4182653,2.0514631,0.7080967,-0.040651448,0.5038345,-0.5745043,0.2562617,-0.03666893,0.571839,-0.35485497,0,chr7:127392752:tibial_nerve:0,TN,0
-6.3348727,-0.9234787,-0.3187792,-0.07313558,0.67731315,-0.12576902,0.3119871,-0.26883912,-0.07251082,-0.15847106,0,chr12:12357162:lower_leg_skin:0,TN,0
-0.45238003,0.7016403,1.4030383,-0.05939524,1.5681728,0.5234932,-1.1424208,-0.5492456,0.057477795,0.11273322,0,chr20:62900225:transverse_colon:0,TN,0
6.640994,-1.2812641,-0.6249665,-0.485359,-0.06164179,0.2604317,0.3139767,-0.2617932,0.67903876,-0.5797607,1,chr6:133833511:prostate_gland:0,TP,1
7.0954394,0.84618527,-2.4712858,-0.5083001,1.2040117,-0.6294071,0.18338579,0.8106581,-0.37000307,0.41868117,1,chr8:44636977:adrenal_gland:0,TP,1
3.3258677,1.3727275,-1.8357354,0.3646153,-0.16317433,0.20052254,-1.8807571,0.8219492,0.11536444,0.18953934,0,chr10:12777040:prostate_gland:0,FP,1
-5.086955,0.33711958,-0.575734,-0.0446559,-0.2037683,-0.058456805,-0.0534042,-0.1964321,0.27549183,0.06510708,1,chr16:4548780:thoracic_aorta:0,FN,0
-1.4930699,0.27717176,0.9604155,-1.0344181,0.945082,1.0518192,0.6343263,0.13263015,-0.76850575,0.5674766,1,chr14:106061994:gastrocnemius_medialis:0,FN,0
4.066947,-1.9429058,1.223395,-0.20928042,-1.0280141,-0.7422748,-0.53300595,-0.97117686,-0.65491533,0.5679198,0,chr11:71639137:tibial_artery:0,FP,1
-5.862048,-1.4813215,-0.30759376,0.1531153,0.15097958,0.15913329,-0.4844876,0.10479618,0.6186743,-0.30974057,0,chr2:161273349:sigmoid_colon:0,TN,0
-0.46473432,0.6485883,1.3315814,-0.121706635,0.8317421,-0.2597548,-0.5198296,0.58392364,0.7326482,-0.610915,1,chr15:40906278:transverse_colon:1,FN,0
-4.9977946,-0.17703459,-0.5042137,0.40036544,-0.9509488,-0.3095792,-0.6963902,0.22383142,0.45170707,-0.022792531,0,chr1:231853557:body_of_pancreas:0,TN,0
-3.4479463,-0.9442531,1.2477769,-0.45298526,1.1376734,-0.32100397,-0.041688535,0.19337541,0.6925487,0.36301842,1,chr9:83219701:prostate_gland:0,FN,0
-4.211478,-0.61256886,0.81534326,-0.62643856,0.9134251,-0.04753012,0.33934084,-0.043425545,-0.12763807,0.40145653,0,chr1:17336255:adrenal_gland:0,TN,0
-4.935503,-0.60677624,0.32699317,0.47801554,0.5124564,0.93679494,0.7438001,0.29781538,-0.38114476,0.35143673,0,chr9:89594235:transverse_colon:0,TN,0
-1.6501843,-0.10998817,-1.1698474,0.397385,-0.3184135,0.35948294,-0.6960276,0.054903466,0.41300076,0.17339067,1,chr2:88950093:spleen:0,FN,0
-2.7713134,0.94025785,-0.6636455,-0.45741144,-0.9946286,0.122375004,-0.30495867,0.7207668,-0.037254672,-0.15650661,0,chr18:597750:body_of_pancreas:0,TN,0
-6.400712,-0.6634133,-0.49733785,0.5866575,-0.3417949,-0.1409398,0.29462412,0.20741932,-0.3089872,0.016348202,0,chr16:11407817:thoracic_aorta:0,TN,0
-3.885784,-0.5790211,1.2626586,0.013564043,0.81828964,-0.72218245,0.49432644,0.2867847,-0.15878196,0.090648435,0,chr6:35727813:transverse_colon:0,TN,0
3.9032907,-1.3943564,0.45344642,-0.30337137,-1.0174006,0.6385346,0.4034209,0.22494335,-0.09292938,-0.5739361,1,chr22:25456860:body_of_pancreas:0,TP,1
5.9508395,-1.8202983,0.70269614,0.1260744,-0.052599166,-0.50676143,-0.22169857,-0.6920339,-0.2227847,-0.033400092,0,chr8:12607781:gastrocnemius_medialis:0,FP,1
1.8080965,-1.6402398,0.4868268,0.14207385,-1.01738,-0.883276,-0.8636217,-0.92781353,-0.64431256,-0.3744458,1,chr7:583571:body_of_pancreas:0,TP,1
0.04773162,0.70041925,-2.017334,1.6918077,0.17548722,-0.38152632,-0.57866484,0.5606934,-0.23637146,1.0723525,1,chr2:92401043:prostate_gland:0,FN,0
6.0579696,0.62263274,0.06465942,1.3739666,-0.2369039,-0.8289171,0.23103288,-0.122374214,-0.46569616,-0.49872428,0,chr19:3545068:transverse_colon:0,FP,1
-4.754775,-0.9190228,-0.15096097,-1.1787392,-0.13054371,0.5602615,-0.27539158,0.01991863,0.26766542,0.21987274,1,chr13:33542012:body_of_pancreas:0,FN,0
1.98331,-1.017242,0.1996912,-1.9216362,-1.5997099,-0.6393961,-1.2556255,0.5661543,-0.5243107,0.12921162,0,chr5:149431239:tibial_artery:0,FP,1
5.9680347,0.53369987,0.40696168,1.4595889,-0.2544381,0.3219786,1.2834977,-0.14638928,0.20654467,-0.30649215,0,chr7:73123787:transverse_colon:0,FP,1
7.976877,0.47478804,-0.27355504,0.49516898,-0.15643962,0.30418321,0.35584813,-0.6325347,-0.40099165,-0.49987954,1,chr10:47381073:body_of_pancreas:0,TP,1
-3.388753,-0.85262996,0.49594605,-0.43265194,0.5016888,1.4206233,0.5526791,0.3413582,0.23235835,0.9983976,0,chr15:65304945:adrenal_gland:0,TN,0
4.3953505,-0.69675297,2.240179,1.0204282,-0.14027743,-0.75261515,0.14927693,-0.47736484,-0.060408752,0.33722523,1,chr18:75856:upper_lobe_of_left_lung:0,TP,1
-8.18702,-2.7938187,-0.8025096,1.1141077,0.073775016,-0.004477192,-0.21765992,-0.19446231,-0.36411437,-0.013470512,0,chr16:56610737:thoracic_aorta:0,TN,0
-4.8636956,0.2279259,-0.35241085,-0.6738587,0.5089699,0.2798228,0.05546391,-0.49613425,0.17127703,-0.56521255,0,chr10:15419718:adrenal_gland:0,TN,0
5.613578,-0.9128392,1.508121,0.5541441,-0.7436828,-0.63863444,-0.32679304,-0.27750602,-0.0017208268,0.37724343,1,chr5:179213127:transverse_colon:0,TP,1
-2.7887387,-0.49565947,0.94531053,0.31228253,-1.2951733,-0.63105327,-0.74646664,0.055705678,-0.64241904,0.0029021683,0,chr19:42919741:body_of_pancreas:0,TN,0
7.4554234,-0.3967759,0.03880341,0.37132728,0.066449754,0.0020060355,-0.0070137577,0.22581978,-0.018294325,-0.2254664,1,chr7:142750991:body_of_pancreas:0,TP,1
-5.145126,-0.6548226,-0.6464861,1.1668006,-0.8846658,-0.0728801,-0.049708903,-0.13816741,0.12938689,0.675406,1,chr9:16039580:prostate_gland:0,FN,0
7.3586698,-0.63312125,-0.35633188,-0.41157013,0.027478363,-0.24611601,-0.06896052,-0.19676374,0.052448716,-0.3153321,1,chr9:127360508:gastrocnemius_medialis:0,TP,1
-2.2284107,2.7470627,-1.0554274,-0.11099279,-1.1677755,-0.69003165,-0.025643952,-0.6641839,-0.67649823,-0.024103211,0,chr7:124903785:body_of_pancreas:0,TN,0
5.8275247,-0.27872083,-0.54721624,-1.2725738,-0.37566122,-0.089575015,-0.30640653,0.91139364,1.0073643,0.19962537,0,chr4:17549681:Peyers_patch:0,FP,1
5.249109,1.242541,0.5524502,1.5064768,1.2973248,0.44431385,0.1969361,-0.09216851,1.1996202,-0.45553786,1,chr14:77027452:transverse_colon:0,TP,1
-2.9873352,0.10193691,1.0075902,-0.7328163,1.085644,-0.062389623,0.05454902,-0.03117487,-0.24591969,-0.1437137,1,chr20:48723579:tibial_artery:0,FN,0
6.567644,0.66249526,-2.55018,-1.4565393,1.1351844,-1.1050152,0.44389945,0.53363276,-0.10999187,0.88304824,1,chr17:25564496:Peyers_patch:0,TP,1
-5.1369214,-0.9844022,0.13623974,-0.35601535,1.3648548,0.29090163,0.24179116,-0.2139857,-0.04288542,0.08292157,0,chr4:4248127:Peyers_patch:0,TN,0
-2.457666,0.92775244,0.24088962,0.21599849,0.5204505,0.5940822,0.0644798,0.56134,0.4196366,-0.8084744,0,chr12:71754514:esophagus_muscularis_mucosa:0,TN,0
7.28914,0.96143067,0.9939567,-0.06684331,-0.52560157,0.5208609,0.7831942,-0.06327109,-0.4615535,-0.22530048,1,chr16:18131657:Peyers_patch:0,TP,1
-5.459802,0.052708544,-0.54609764,-0.31807154,-0.06901021,0.57599115,-0.09061812,-0.33643928,-0.17196672,-0.4539055,0,chr21:30341086:sigmoid_colon:0,TN,0
-6.8681083,-1.8115151,-0.73653376,0.43207315,-0.11389356,-0.11392726,0.3056911,0.09028138,-0.2775326,-0.3570882,0,chr1:222794904:transverse_colon:0,TN,0
-1.3977599,3.1396973,-0.9343252,0.09436493,-1.1310114,-0.6879205,0.15726237,0.1811021,-0.15663633,-0.10429159,0,chr14:31816189:body_of_pancreas:0,TN,0
-6.327218,-0.4783067,-0.56777984,0.2597033,-0.1469984,0.1326793,0.20184775,-0.16106151,-0.11224118,-0.04981282,0,chr11:3807766:transverse_colon:0,TN,0
-6.7559967,-1.5201268,-1.254444,1.1453161,-0.3311367,0.81373656,-0.020566517,0.13777128,0.16992173,-0.041795712,0,chr14:33454418:transverse_colon:0,TN,0
3.464642,3.6429427,-2.2434068,-1.153191,-0.15406555,-0.72505337,-0.0051379977,0.06027184,-0.6248412,0.2198824,0,chr16:8841831:thoracic_aorta:0,TN,0
-5.772017,-0.6161318,-0.34056374,-0.5861532,0.3347399,0.20370637,-0.10169265,-0.41882688,-0.110554434,-0.36123523,1,chr9:132651492:body_of_pancreas:0,FN,0
2.4705071,0.21469419,-0.98255527,0.023440976,-1.372427,-0.25451782,-0.47427964,0.3226009,0.01659125,-0.16415542,0,chr9:13991168:body_of_pancreas:0,FP,1
6.120523,-0.083000585,0.6323218,1.4098806,-0.024728075,-0.14939049,0.97825116,-0.94584936,1.0861197,0.6954735,1,chr19:21484173:body_of_pancreas:0,TP,1
-4.3828506,0.25194237,-0.03243707,-0.4558564,0.6711937,-0.07453963,0.5815805,-0.25061265,0.02025195,0.090888575,0,chr6:116616178:spleen:0,TN,0
-4.7305074,-0.18443738,0.37314966,0.150015,0.10196043,-0.18459865,0.25531003,-0.2647504,-0.6445649,0.7764748,0,chr12:6372809:body_of_pancreas:0,TN,0
4.1627426,-0.7217651,-0.009509926,2.1112964,1.1555076,0.7817872,-1.4085244,0.48337382,0.74248046,0.43063936,1,chr6:53956277:prostate_gland:0,TP,1
5.5827055,-0.77197295,0.4138921,-0.6554456,-1.1402179,0.852025,-0.080000125,-0.11201892,-0.7730931,-0.19012752,1,chr6:161922984:Peyers_patch:0,TP,1
-3.681568,0.42673028,-0.922937,0.048150145,-0.87549657,-0.6364043,0.42052326,0.18911768,-0.2621967,-0.08190769,0,chr5:150743200:body_of_pancreas:0,TN,0
-2.8078675,0.23649426,1.4831599,-0.6675021,1.2365773,-0.43345872,0.2743243,0.16575783,-0.14362296,0.31352296,0,chr5:181184339:sigmoid_colon:0,TN,0
-5.7081256,0.39312923,-0.58678114,0.020862374,-0.31219968,0.014812957,0.21889226,-0.43427584,-0.18094374,-0.23073491,0,chr9:5886489:adrenal_gland:0,TN,0
-5.142488,0.15801291,-0.07732873,-0.2672405,-0.010678671,0.07452854,-0.19030246,-0.54365814,-0.24894983,0.14668676,0,chr3:66138807:thyroid_gland:0,TN,0
-0.45957565,1.3690163,0.5271555,-0.42848542,1.0856047,1.9595021,-0.06769648,-0.39367357,0.38637656,-0.1435834,0,chr12:19757428:transverse_colon:0,TN,0
-4.4993343,0.09511062,0.3886104,-0.42232567,-0.5187873,-0.21927217,-0.2291091,-0.061245434,-0.20243467,0.4059592,0,chr6:169791013:gastroesophageal_sphincter:0,TN,0
2.0020144,0.104378834,1.1342527,0.5104469,1.0062246,0.59590584,-1.3424562,0.31800383,0.64874214,0.07152192,0,chr4:121675914:body_of_pancreas:0,FP,1
-5.5218964,-0.32628438,-0.7434151,-0.18409306,-0.19703111,-0.28712657,-0.024558531,0.055398826,0.45000795,-0.54882544,0,chr6:11655830:esophagus_squamous_epithelium:0,TN,0
-2.7536714,-0.4937047,0.6145069,-0.7011346,1.0955889,1.1362815,0.08783782,0.4443053,0.08156238,-0.12879805,0,chr18:61551833:esophagus_muscularis_mucosa:0,TN,0
6.5256395,0.51416534,1.1318643,-0.22549905,0.061462298,0.85408413,0.21318913,0.5093348,-0.35012734,0.50407356,0,chr2:168348096:testis:0,FP,1
-2.6216018,0.62842244,-0.22052696,-0.930197,-1.2522842,-0.5323168,0.024559896,0.72938496,0.9042598,0.24575642,0,chr17:14068979:body_of_pancreas:0,TN,0
-5.191245,-0.19747993,-0.55006135,-0.701116,-0.38413137,0.6169674,0.057998274,0.015396327,0.35505912,0.15900874,0,chr4:94621853:esophagus_squamous_epithelium:0,TN,0
6.7661195,0.08012675,-2.3514588,-0.24495198,1.1779923,-0.57471126,-0.0012368289,0.68151844,-0.37010527,0.5591415,1,chr17:22856764:lower_leg_skin:0,TP,1
-3.4327447,0.3850864,0.9522218,-0.91572565,0.4471014,-0.45728427,0.10669353,0.29666242,-0.19515409,-0.16993898,0,chr2:64865706:body_of_pancreas:0,TN,0
7.4740057,0.062144175,-0.082616955,0.13736399,-0.40143308,0.8285895,0.63098705,-0.13767669,-0.14807916,-0.6602794,0,chr4:75289967:prostate_gland:0,FP,1
5.700668,1.2022729,1.1964394,0.8676933,0.7163219,0.888637,0.06806595,0.4143973,-0.79409957,-0.37314817,0,chr13:99606069:thoracic_aorta:0,FP,1
-6.007296,0.11572197,-0.625363,-0.03644592,-0.087002136,-0.28193942,0.0023256897,-0.5049189,-0.112646095,-0.40375653,0,chr20:47677799:tibial_artery:0,TN,0
-0.64963406,0.50556123,2.2777362,0.517783,0.5349522,-1.7244487,0.48473576,0.24976915,0.5158031,0.70879215,0,chr3:126084117:transverse_colon:0,TN,0
-4.7685823,-0.25618422,0.60880286,-0.4061515,1.1702691,-0.6317309,0.2173964,-0.04405924,-0.17509604,-0.29239425,0,chr10:47553602:upper_lobe_of_left_lung:0,TN,0
-1.5848731,-1.2187506,0.16713509,-0.53385025,-1.6980867,0.18592213,-0.64173436,0.489571,0.7722059,-0.24565576,1,chr4:185542103:thoracic_aorta:0,FN,0
-6.2279453,-0.73371553,-0.35570267,0.0938296,0.20558178,-0.26892188,-0.14346635,-0.020942595,0.013495722,-0.46767917,0,chr11:119084798:body_of_pancreas:0,TN,0
-4.0161395,0.6489647,-0.25708133,-0.8124526,-0.670904,0.5358393,-0.61383075,-0.3990939,0.58515143,0.46903446,0,chr6:26200478:prostate_gland:0,TN,0
6.1859236,1.0576037,1.1247411,0.15283234,0.6688412,1.4717295,-0.14850852,-0.089704536,-0.345959,-0.0995714,0,chr17:40909531:tibial_artery:0,FP,1
4.56437,1.6434294,1.5114948,0.15538155,1.0328146,1.6979783,-0.04381135,-0.9322886,-0.10942915,0.19248609,1,chr12:26092001:upper_lobe_of_left_lung:0,TP,1
-6.3207035,-0.3863152,-0.8066284,0.5844679,-0.265977,0.026006851,0.15337624,0.038097437,-0.03860774,-0.23690946,1,chr4:110826866:gastrocnemius_medialis:0,FN,0
6.930648,0.25950313,0.4892668,1.1445708,0.12180685,0.29694805,1.2064836,-0.6655664,0.750683,0.36972618,1,chr19:21484173:gastroesophageal_sphincter:0,TP,1
6.957741,-0.64874905,-0.45003605,-0.14706331,-0.19015084,-0.3019756,0.32243797,0.10027052,-0.2311216,-0.4493917,1,chr19:4352840:esophagus_muscularis_mucosa:0,TP,1
4.5096536,2.803582,0.09547539,1.4404567,-0.08523844,1.9572238,0.8082648,-0.2569802,-0.41970518,0.22731166,0,chr15:85590027:transverse_colon:0,FP,1
-4.726993,0.17781962,0.43143627,0.10936286,-0.6113376,-0.83389705,0.68488103,0.12997597,-0.49689856,0.34938908,1,chr10:131312556:prostate_gland:0,FN,0
-6.7106404,-0.8549788,-0.8206616,0.8328538,-0.3807039,-0.179694,0.21030237,-0.25939715,-0.5575985,-0.21070851,0,chr8:22756288:adrenal_gland:0,TN,0
4.78704,-1.4762651,-0.28622216,0.6078034,0.3475574,-0.19976036,-0.2586938,-0.1054947,1.2637258,0.9299981,0,chr15:31334669:body_of_pancreas:0,FP,1
7.495507,1.7222992,0.54778475,0.18946779,-0.75489444,0.9242784,0.57197464,0.23051965,-0.28590527,-0.33867115,1,chr20:38125471:tibial_artery:0,TP,1
0.38461268,0.29550365,1.90818,1.0265437,-0.28388003,-0.49331725,0.39295354,0.4064553,-0.16421162,-0.230842,1,chr19:19342711:upper_lobe_of_left_lung:0,FN,0
-4.8291163,-0.20560649,-0.64669275,-0.2184266,-0.6181839,0.82588136,0.42065623,-0.35029453,-0.22106217,0.12892938,1,chr10:63633852:body_of_pancreas:0,FN,0
-2.3522272,1.4704378,1.1762159,-0.2440836,-0.37250468,-0.6678558,-0.36189815,-0.45103258,-0.7571334,0.5209146,0,chr19:46715864:esophagus_squamous_epithelium:0,TN,0
-5.2724123,-1.1426549,-0.7459513,0.92341274,-0.33644298,1.3754354,0.9396434,0.31865633,-0.13072583,0.6554872,0,chr5:139628817:body_of_pancreas:0,TN,0
7.7094293,-0.34342036,-0.53051597,-0.34028658,0.1109931,-0.013731633,0.19698933,-0.54293513,-0.40081623,-0.29619095,1,chr8:38060267:body_of_pancreas:0,TP,1
-1.630378,2.4610274,-1.3257399,0.19948415,-0.73475194,-0.580707,-0.6092045,0.0114727,-0.6096167,-0.40429237,1,chr2:168375394:Peyers_patch:0,FN,0
-6.992213,-2.219044,-1.1409967,0.69188905,-0.85765547,0.409812,-0.32695082,-0.07013103,0.06586728,0.010310625,1,chr12:40352035:esophagus_muscularis_mucosa:0,FN,0
3.962089,1.045276,0.9685284,0.4797555,-0.20118748,-0.24401323,0.76120025,0.5156355,0.64771163,-0.08248077,1,chr5:177133842:upper_lobe_of_left_lung:0,TP,1
-4.527295,0.6796695,-0.20169206,-0.0011669727,-0.267264,0.12975425,0.056903247,-1.1460063,0.36296636,0.83099806,0,chr4:153143316:transverse_colon:0,TN,0
-4.1511273,0.583288,0.59464765,-0.61514926,0.48493132,-0.6112245,0.026722215,-0.39552525,0.46021065,-0.13726524,1,chr15:40906278:thoracic_aorta:0,FN,0
-4.6468344,0.115897916,0.084807456,-0.52992594,1.0226934,-0.12578467,0.104722805,-0.10544157,-0.38304907,-0.17721346,0,chr17:75632926:thoracic_aorta:0,TN,0
6.311247,0.14980347,-2.440415,-1.2882098,0.7835775,-0.65316606,0.21370465,0.62393653,-0.5451625,0.34748554,1,chr17:22856764:gastroesophageal_sphincter:0,TP,1
5.5492706,-0.994868,0.7190613,1.0283709,-0.13248773,-0.6132318,-0.82671463,-0.32539675,0.12184371,0.7209488,1,chr5:179213127:gastroesophageal_sphincter:0,TP,1
-4.0886793,1.4850842,-1.0979639,-0.065542504,-0.689852,-0.5918347,0.083302416,-0.3519784,-0.4975059,-0.3696744,0,chr3:122837369:body_of_pancreas:0,TN,0
0.74016327,1.144342,1.056394,-0.13488965,0.74455345,1.5410347,-0.85368097,0.11676742,-0.39461902,0.86160755,1,chr1:202006221:sigmoid_colon:0,FN,0
5.1541147,-1.183021,0.40701273,-1.3159368,-0.68257874,0.38277614,-0.8774629,0.44110978,0.21926707,0.0069860877,1,chr9:17531876:adrenal_gland:0,TP,1
5.006693,0.37640274,1.6779455,-0.88682884,-0.5334766,0.53825384,-0.16104493,0.6615664,0.81722677,0.2179219,0,chr4:163550753:body_of_pancreas:0,FP,1
-4.0034976,-1.5189332,1.0182601,0.2650978,-0.03371226,-0.86037546,0.5582568,0.3257843,0.08012723,0.4060378,0,chr6:44238150:suprapubic_skin:0,TN,0
-6.598397,-0.8750393,-0.90509355,0.11240498,0.008965891,0.3754378,-0.1484145,-0.21141757,0.070178896,-0.08972554,0,chr6:73524319:transverse_colon:0,TN,0
-0.7204146,0.040062845,1.2117857,-0.49855366,-0.4312828,-0.47385904,-0.6503433,0.33788162,0.46259114,0.12744819,1,chr5:179212877:upper_lobe_of_left_lung:0,FN,0
5.907395,-0.486019,0.8094507,1.3843727,0.3600544,0.4556439,-0.96880895,-0.5100915,-1.0233883,0.2812543,1,chr10:69439538:esophagus_squamous_epithelium:0,TP,1
6.336154,-1.4831144,-0.44786817,-0.89764464,0.1651652,-0.03696719,-0.25097108,-0.11263585,0.32672045,-0.13779388,1,chr11:60251676:upper_lobe_of_left_lung:0,TP,1
6.5520015,-0.647592,0.72029185,0.05484025,-0.62048656,-0.18825524,0.47116068,0.1757734,0.27527308,-0.334323,1,chr7:78040381:sigmoid_colon:0,TP,1
-4.9299593,-0.29974437,0.0021903075,-0.34540105,0.76168,-0.16617379,0.17452899,-0.20819758,0.4684434,0.11031333,1,chr9:83219701:gastrocnemius_medialis:0,FN,0
-3.0180025,1.7845662,-0.9171572,0.64647716,-1.1404307,-0.62037265,-0.120238096,-0.34450638,0.10681578,0.32764843,0,chr4:147019513:upper_lobe_of_left_lung:0,TN,0
1.8145568,0.55075836,1.7815251,0.9201215,1.0647403,-0.12030212,0.6072177,0.062648475,1.7208761,0.8467386,0,chr19:52942044:upper_lobe_of_left_lung:0,FP,1
7.1517444,0.038825624,0.2163022,-0.055256683,-0.07462022,1.0222946,0.09235149,-0.1955558,0.013792121,0.2606926,1,chr6:43386692:gastrocnemius_medialis:0,TP,1
6.931333,-0.65811044,0.5669021,0.0036538467,-0.44031745,-0.38884225,-0.097684525,-0.6881095,-0.6217232,-0.21157975,1,chr16:85086903:prostate_gland:1,TP,1
-2.5810895,1.533297,-0.17735429,0.24418552,-0.64788234,0.2504672,-1.249143,-0.05789225,-0.52648383,-1.0084101,0,chr1:151945687:Peyers_patch:0,TN,0
4.2603874,0.054570395,0.36816466,-0.19400024,-0.8189168,1.0718756,-1.1467857,0.27477565,1.0447136,0.1695301,0,chr9:72292680:thoracic_aorta:0,FP,1
-5.7335343,-0.07606317,-0.7762212,-0.1429603,-0.2250859,0.41703293,-0.05362509,-0.31220374,-0.011010645,-0.094865665,0,chr5:132883094:body_of_pancreas:0,TN,0
-7.487695,-1.872039,-0.7446666,0.3686578,0.3558593,0.46442232,0.19755651,-0.23533395,-0.15069447,0.25090373,1,chr11:94519473:adrenal_gland:0,FN,0
-5.3117924,0.37317744,-0.73026663,0.029872492,-0.6334764,0.012987475,0.025545502,-0.54404444,-0.33629295,-0.0441352,0,chr8:140831477:gastroesophageal_sphincter:0,TN,0
1.4541935,1.1108264,1.3668286,-0.44484553,0.8039455,0.51366234,-0.24208799,0.25913057,0.37499163,0.3698946,0,chr10:130128103:gastrocnemius_medialis:0,TN,0
-4.024757,-0.052637435,0.7222702,-0.04510367,0.78506505,-0.8475882,0.3300862,0.013207145,-0.40322644,-0.32564655,0,chr8:97277485:esophagus_muscularis_mucosa:0,TN,0
-4.9327426,0.5322054,0.26930174,-0.02546017,0.38082296,-0.78464913,0.11642053,0.2713543,-0.14850082,-0.012598775,0,chr22:30423639:esophagus_muscularis_mucosa:0,TN,0
-5.5165505,0.14774899,-0.1677739,-0.06369862,0.5848979,-0.31616366,0.39799964,-0.15599258,-0.33294892,-0.013995553,0,chr17:80427207:gastrocnemius_medialis:0,TN,0
3.252257,-1.0405421,0.9238083,-0.091461904,-1.0675515,0.061199937,0.5074802,0.71318376,0.27598667,0.50591755,1,chr7:100949233:Peyers_patch:0,TP,1
-1.7451524,-0.17285588,0.6589927,0.59357715,-0.80610985,0.7880596,0.31086183,-0.99131453,0.9512021,1.4814875,0,chr22:24485812:transverse_colon:0,TN,0
5.6406846,-1.5561336,0.96818,-0.19641012,-0.7680077,-0.813504,-0.33421838,-0.6891422,0.05030062,0.29760915,1,chr16:85086903:thoracic_aorta:1,TP,1
5.9728293,-0.14351667,0.59788525,-0.84738874,-0.48809546,1.2028632,0.16493638,0.762909,-0.39799884,-0.21999061,0,chr10:17607758:prostate_gland:0,FP,1
-2.4947636,1.4580524,-0.9028248,-1.1832763,-1.4632254,-0.22898081,-0.015674999,0.3508375,-0.1417438,0.10184103,0,chr5:80092155:sigmoid_colon:0,TN,0
-6.6760216,-1.2352302,-0.9339568,0.69497085,-0.33044732,0.44051713,0.45062846,0.26921692,-0.09360639,-0.03985875,0,chr11:74948733:body_of_pancreas:0,TN,0
-3.227444,0.221574,0.05887804,-0.5469969,-0.33424118,0.37387407,-0.24058211,0.17417605,-0.45742837,-0.79920703,1,chr6:32700558:tibial_artery:0,FN,0
4.2703915,-0.6056442,-2.234586,-0.1503912,1.0903823,-1.262436,-0.12368805,0.97988045,-0.7426471,0.9413463,1,chr17:23982409:tibial_artery:0,TP,1
2.2934313,0.055567052,-0.027624924,0.53579366,-1.2284567,0.17953114,-0.08851311,-1.4538827,0.010874514,0.962729,0,chr10:126227321:body_of_pancreas:0,FP,1
-4.9299955,0.23291446,-0.12267348,-0.6809364,0.20420468,0.04816925,0.2487396,-0.28416637,-0.31769216,0.18879637,1,chr11:131064721:prostate_gland:0,FN,0
6.411933,-1.045294,-0.5311161,0.018974414,-0.08940089,0.48633647,0.49847427,-0.5975453,0.6986648,-0.6533214,1,chr15:77077965:thyroid_gland:0,TP,1
8.411165,0.50955534,-1.0601661,-0.37897745,0.3492548,0.23957057,0.32886034,-0.20858547,-0.4334394,-0.25048196,1,chr7:142753147:body_of_pancreas:0,TP,1
7.2129827,-0.84163254,-0.60133946,-0.1500821,0.047305297,0.26957667,0.4188402,-0.5819168,0.5742641,-0.50691485,1,chr3:81292180:spleen:0,TP,1
-4.9939733,-1.0062028,-0.3209267,0.19012506,-0.7354035,0.9073124,0.14318387,0.18675897,-0.5047455,-0.2516148,0,chr7:44985942:body_of_pancreas:0,TN,0
-5.81373,-1.1548437,-0.23300403,0.16677126,-0.04245611,0.031218255,-0.1734943,0.011745771,-0.3702258,0.06366601,1,chr9:127348292:tibial_nerve:0,FN,0
-3.7424219,0.09233699,-0.3162286,0.047243066,-0.50171405,1.0156283,0.45536888,0.15070212,-0.33876118,0.06756713,1,chr6:106223515:suprapubic_skin:0,FN,0
8.196906,0.3208159,-0.9754839,-0.71365607,0.3305164,0.038143374,0.085884035,-0.07445522,-0.13310483,-0.077654265,1,chr9:62609408:thoracic_aorta:0,TP,1
5.666105,-0.3743004,-0.20911926,-0.35375965,-1.1575571,0.6502719,0.42719412,0.5070225,1.4000505,0.20163162,1,chr5:123274158:esophagus_squamous_epithelium:0,TP,1
-5.0875697,0.124021575,-0.18406537,-0.6339719,-0.2200121,-0.06293519,0.17794253,-0.18345848,0.10538079,0.15997267,0,chr19:42923473:upper_lobe_of_left_lung:0,TN,0
-2.3212426,0.4474178,1.3377997,-0.3470835,1.1715139,0.34332475,0.099712215,-0.53630596,0.393503,0.42835194,0,chr3:13461706:tibial_nerve:0,TN,0
5.997228,2.1171792,1.3411235,-0.3734349,-0.43869308,1.2901444,0.37479645,0.79752547,-0.111523144,-0.41779956,0,chr2:111667723:spleen:0,FP,1
-5.9477696,-0.38820812,-0.5017315,-0.31055266,0.053613428,-0.054631032,-0.06989454,-0.17372942,0.12955958,-0.18372045,1,chr11:1652791:transverse_colon:0,FN,0
7.703154,-0.4816085,-0.10536639,-0.09736852,0.1437003,-0.27698132,0.30775067,-0.12032625,0.4954099,-0.3829496,1,chr17:45585364:testis:0,TP,1
-4.4441996,-0.114771485,0.84880936,-0.48590058,0.28411746,-0.54900974,0.07640661,0.13517752,-0.07127933,0.048789233,0,chr19:3618617:upper_lobe_of_left_lung:0,TN,0
2.9603467,-0.5406632,1.4533312,-0.5939826,-1.0898138,-0.905147,0.11510466,-0.24112083,-0.67029756,0.10223327,1,chr1:27556965:spleen:1,TP,1
-3.8810773,1.5528904,0.17016433,-0.021943606,-0.05947401,0.025442421,-0.3881686,0.06016561,-0.23824863,0.05281997,0,chr1:65264540:thoracic_aorta:0,TN,0
5.161491,2.0636897,2.842329,0.26931405,0.7542382,-0.9142028,0.39560887,0.19756442,0.18661173,-0.004137022,1,chr15:90957065:body_of_pancreas:0,TP,1
-4.63462,-1.343848,0.7065199,-0.28476563,1.5664164,-0.04570968,0.3092044,0.29508135,-0.105031185,0.1447377,0,chr19:36791904:tibial_artery:0,TN,0
6.012212,1.4573485,0.56839985,1.2059876,0.19129834,1.4632182,0.08091355,0.006815679,-0.11429982,0.014020138,1,chr13:59231448:body_of_pancreas:0,TP,1
-4.45834,0.231267,1.1649227,0.24891385,0.87301546,-0.9837343,0.13920425,-0.03680001,0.0360541,0.5212055,0,chr5:173144896:testis:0,TN,0
-3.6941016,1.5455105,-0.34686154,-0.43954682,-0.644205,0.837539,-0.11312468,-0.7712521,0.26492682,0.4785624,0,chr1:95806692:spleen:0,TN,0
4.5508943,0.7566148,0.25528535,1.4651026,-0.5309676,0.93606734,1.5045267,-0.31305128,-0.85588145,-0.2679825,1,chr14:106209962:transverse_colon:0,TP,1
1.312082,-0.1871949,-0.9844968,0.37127507,-0.92181116,-1.005363,-1.3644482,1.4804573,1.0857612,0.17055063,1,chr7:134519810:Peyers_patch:0,TP,1
-1.9587647,2.2602081,-0.3071637,1.1072028,-0.0906016,0.14248197,-0.20521644,0.240017,0.63858265,0.4211253,0,chr1:161647575:adrenal_gland:0,TN,0
-7.018104,-2.1215148,-0.63778716,0.8263984,0.51613706,0.38878548,0.4847967,0.44185022,-0.44334304,0.027435722,0,chr19:43210910:suprapubic_skin:0,TN,0
6.2592945,-1.0760391,-0.93178296,-0.106397405,-0.17564616,0.2669282,0.56718576,-0.6568639,0.44902435,-0.7407972,1,chr1:192003039:prostate_gland:0,TP,1
4.6563206,1.257929,0.25748393,0.6477379,-0.39137655,-0.3102889,0.47327098,0.42711356,0.043785766,-0.6664117,0,chr20:50171759:body_of_pancreas:0,FP,1
5.8093295,0.04020039,-0.51118577,-1.6953659,-0.92599535,0.4361225,-0.56337434,0.6495428,0.0311379,0.07274295,0,chr1:64676311:transverse_colon:0,FP,1
6.87431,0.7106878,-2.7177653,-0.5346579,1.277936,-0.46712482,0.028520329,0.83422244,-0.5909492,0.60247797,1,chr8:44636977:esophagus_muscularis_mucosa:0,TP,1
5.279229,-0.82576394,0.022225922,-0.3292471,-0.7102783,-0.083670214,0.32749426,0.6693067,0.31464222,-0.9653016,1,chr8:64540948:body_of_pancreas:0,TP,1
-5.241398,-0.47110337,-1.013825,0.30743688,-0.18696204,0.58012146,-0.23501682,0.14031969,0.52439535,-0.47050986,0,chr8:8247882:spleen:0,TN,0
-6.522192,-0.778978,-0.27876613,0.05026108,0.5046361,-0.45626032,0.2890543,-0.2319831,-0.053749442,-0.17865479,0,chr12:12357162:body_of_pancreas:0,TN,0
-5.6331053,-0.0747093,-0.23933569,-0.34548998,0.48887834,-0.08781487,0.17810853,-0.13312362,-0.23008858,-0.3685504,0,chr1:18821187:sigmoid_colon:0,TN,0
0.3459525,1.0940262,-0.66338515,1.0507691,-1.3523138,0.2425128,0.41399482,0.49566334,-0.689606,-1.7071424,0,chr9:63860279:body_of_pancreas:0,TN,0
-4.2089148,-0.3651493,0.214188,-0.5387877,1.1761918,0.13966994,0.5784863,0.22797924,-0.27402234,0.09438599,0,chr15:32388404:transverse_colon:0,TN,0
1.6100326,1.8520788,-0.65612173,1.0330685,-1.245608,0.17934224,-0.4986924,0.9463526,-1.2460536,-1.0743374,0,chr6:89971746:body_of_pancreas:0,TN,0
-5.843648,-0.35960686,-0.47870326,0.094248414,0.023638394,-0.09612077,0.1952917,0.31741706,0.28464633,-0.1520023,0,chr9:65676571:body_of_pancreas:0,TN,0
6.28975,0.7405201,-0.38920695,0.8870236,-0.22906898,0.56105655,1.3991644,0.15192576,0.7523417,-0.030748377,0,chr7:65871218:body_of_pancreas:0,FP,1
2.7768602,-0.24202958,1.2287956,-0.13505866,-1.1982914,-0.4831487,-0.4169306,0.97870916,0.050731063,-0.7276477,0,chr1:19647719:transverse_colon:0,FP,1
-2.8527112,1.9212815,-1.5508438,-0.2847632,-0.8028275,-0.20670874,-0.486999,-0.056163184,-0.29843217,-1.0972391,0,chr7:85877525:body_of_pancreas:0,TN,0
4.87071,-1.9692076,0.83342814,-0.15095551,-1.0057392,-0.6789291,-0.3292673,-0.19027169,0.20708564,0.17958006,1,chr8:41651698:transverse_colon:0,TP,1
5.6929936,-0.21922566,-2.4969053,-0.21870056,1.1183038,-0.81261724,-0.0650788,1.0037943,-0.4884133,0.86622614,1,chr17:22856764:testis:0,TP,1
-3.1236513,0.5960362,-0.26872012,-0.34361684,-0.11500042,-0.09447868,-0.10261344,1.0184759,-0.5909835,-0.41073057,0,chr9:127558837:body_of_pancreas:0,TN,0
7.068152,0.4933757,0.6226619,1.0556822,0.32641706,0.60952705,-0.23746727,-0.11676133,-0.7861453,0.24797904,1,chr3:157077735:thoracic_aorta:0,TP,1
1.9237031,-0.0018029189,2.3521094,-0.84690833,0.10052114,-0.18501896,-0.94705516,0.7125394,0.09106589,0.027269535,0,chr11:129696084:transverse_colon:0,FP,1
6.1954565,-1.0177587,0.8804809,-0.23494905,-0.75232357,-0.2275819,0.40327176,-0.55390227,-0.4477642,-0.39251962,1,chr19:1037766:upper_lobe_of_left_lung:0,TP,1
6.9606824,0.28830665,0.7520305,-0.52710277,-0.29186246,0.9152637,0.21064661,0.57935184,0.037510574,-0.1600052,0,chr11:26754057:prostate_gland:0,FP,1
0.64029545,1.2988347,1.0869908,0.45235276,-0.102708794,-0.5213383,0.43143728,0.38557556,0.28511474,0.6961387,1,chr8:144020457:transverse_colon:0,FN,0
8.72012,0.79828066,-1.1093018,-0.2662098,0.5951218,0.031835895,0.2093855,-0.09924419,-0.4225069,-0.1461624,1,chr3:75785609:transverse_colon:0,TP,1
3.8397877,-1.7961406,0.95865554,0.030414637,-1.4132981,-0.13193913,0.34635916,-0.28825292,0.19334897,-0.15995994,1,chr17:80290381:body_of_pancreas:0,TP,1
6.7692895,-0.83335096,0.099746756,0.6522242,-0.16303137,0.049437087,-0.06802978,0.048546314,-0.3080206,-0.44766504,1,chr8:41651698:tibial_nerve:0,TP,1
4.7702274,1.2542255,1.8874373,1.032061,0.7368366,-0.31664705,0.17809762,0.30703083,-0.7293526,-0.45978984,1,chr16:4273965:transverse_colon:0,TP,1
-0.18152778,-0.9451971,2.0357428,-0.7559204,-0.018319659,0.7859351,-0.29208606,-0.08452987,-0.41319308,0.9009846,0,chr10:84196592:transverse_colon:0,TN,0
1.7517664,-0.07812156,1.9736755,-0.79538006,-0.9064257,0.48258433,-0.2503838,0.73895335,-0.68774277,-0.117759086,1,chr1:13277261:upper_lobe_of_left_lung:0,TP,1
-4.776187,0.5750533,-1.0295666,0.39633873,-0.730207,-0.12017635,-0.37890607,-0.25431904,-0.30365872,-0.60223913,1,chr17:61637582:sigmoid_colon:0,FN,0
-3.1543012,1.6163027,0.14491671,0.4737375,0.9531113,0.10484292,-0.25965083,0.06488422,0.096067935,-1.0679114,0,chr11:101127373:tibial_nerve:0,TN,0
7.0617423,-0.29503545,0.71558416,1.1559788,0.078498185,-0.3874803,0.15306301,-0.4258932,0.116557054,-0.1499003,1,chr16:579030:upper_lobe_of_left_lung:0,TP,1
-4.975972,-1.0916251,0.5679837,0.05415131,0.45159692,-0.055201817,-0.16027074,0.4138396,-0.7100442,-0.038755465,0,chr12:6372809:Peyers_patch:0,TN,0
-2.946856,1.6890919,-0.31869242,0.16645107,-0.8726378,-0.5224723,0.72133327,-0.47760373,0.28423253,0.4943401,0,chr16:1781910:esophagus_muscularis_mucosa:0,TN,0
-3.5697067,0.5246957,0.03171678,-0.64225906,-0.062198758,-0.06631906,-0.5495329,-0.3779507,-0.17449234,-0.5941208,0,chr12:52873780:prostate_gland:0,TN,0
5.8860335,-1.2537187,0.652526,0.61004716,0.058008887,-0.39224377,-0.3383271,-1.0897863,-0.20332767,0.41980296,1,chr16:14928207:sigmoid_colon:0,TP,1
-4.7370377,-0.050346382,0.99493176,0.5548148,0.40899408,-0.50082195,0.46635133,0.21983778,-0.33037123,0.24910833,0,chr3:38004036:body_of_pancreas:0,TN,0
-0.104113854,0.84555,1.5392298,-0.43886286,0.9275728,-0.6125433,0.01675605,-0.24132854,-0.051720057,0.7932231,0,chr2:232327219:prostate_gland:0,TN,0
-5.534392,-0.73036027,0.09234166,-0.2846749,0.8104064,-0.1703093,0.09594583,0.071561776,0.003532469,-0.22884898,0,chr9:75890549:upper_lobe_of_left_lung:0,TN,0
-4.193437,1.1563662,0.038146228,-0.78597426,0.32765585,0.031112866,0.01030823,-0.47806418,0.041130207,-0.34867927,1,chr2:73620102:body_of_pancreas:0,FN,0
1.6280398,-0.939915,0.14540951,-1.7951638,-1.5022786,-0.7261009,-1.4669137,0.50532883,-0.46346635,-0.023807552,1,chr5:149431239:adrenal_gland:0,TP,1
-0.019009346,0.619485,0.321174,-0.6053699,-1.7507031,-0.39096677,-0.15084204,0.5445753,0.04564842,1.3266857,0,chr16:10954516:body_of_pancreas:0,TN,0
5.7390203,-0.1907708,1.3530729,1.3591639,-0.028288567,-0.3132309,0.07532417,-1.199172,0.138448,0.48016,1,chr12:38138330:upper_lobe_of_left_lung:0,TP,1
6.597563,-1.3913705,-0.24837331,-0.732132,-0.34673658,-0.060623,0.23260255,-0.046419345,0.23186085,-0.56699026,1,chr10:96641123:prostate_gland:0,TP,1
-5.159261,0.27858272,0.30779234,-0.21401703,0.31850466,-0.4660211,0.13078296,-0.09656602,0.18719697,-0.18356872,1,chr15:40906278:spleen:0,FN,0
-4.710307,-1.8135961,1.466895,-0.14096896,0.5368756,-0.75380975,-0.030162392,0.8662836,0.11628778,0.3098049,0,chr12:127280801:Peyers_patch:0,TN,0
-2.1799133,-0.57332,2.5192263,-0.2903187,0.52031803,-1.5408064,0.20266156,0.17515974,0.7729728,0.43856102,0,chr2:152176078:gastroesophageal_sphincter:0,TN,0
1.4908183,0.5174504,0.33941087,-0.44552568,-1.3999374,0.77053136,0.47120085,1.1844752,-0.5186745,-0.40630654,0,chr2:25700252:gastroesophageal_sphincter:0,TN,0
7.8309565,0.6175006,-2.0990205,-0.8115457,1.0569361,-0.44843724,0.40153566,0.28354102,-0.2768144,0.42804602,1,chr17:23044492:transverse_colon:0,TP,1
1.3275499,1.8159666,-0.50604045,1.1378684,-1.1982971,-0.06566152,-0.41107252,0.18973203,0.6560162,0.85302377,1,chr2:240663887:body_of_pancreas:0,FN,0
-6.212029,-1.8245187,-0.6125021,-0.21911314,0.21589667,0.9902033,0.07236607,0.32082596,0.28461966,0.1513933,0,chr2:46011104:Peyers_patch:0,TN,0
-6.089245,-0.7820729,-0.50042844,-0.24732082,0.43285108,0.2538088,-0.18294294,-0.2600568,0.012829325,-0.045202043,0,chr3:169150666:body_of_pancreas:0,TN,0
8.136809,0.04627832,-0.48845848,-0.044502344,0.18523721,-0.041422397,0.25441626,-0.3407814,-0.3243701,-0.31249443,1,chr12:52949266:upper_lobe_of_left_lung:0,TP,1
-4.4415083,0.5035173,0.4733533,-0.5981195,0.9303629,-0.053595282,0.2299441,0.056602553,0.10247525,0.0792615,0,chr10:6202324:transverse_colon:0,TN,0
5.0511775,1.2040616,1.9326265,-0.64887065,-0.3848377,0.95089555,1.0241855,0.55168766,-0.40260968,0.27970308,1,chr14:90697830:esophagus_squamous_epithelium:0,TP,1
-5.1757555,0.20453146,-0.49891168,-0.023520423,-0.067949474,0.16681913,-0.17747144,0.057269074,0.35726616,-0.22935742,1,chr7:47266370:adrenal_gland:0,FN,0
7.198755,-0.5332006,0.4913987,0.1865494,-0.5042665,-0.329041,0.07811423,-0.64783037,-0.42556798,-0.2078667,1,chr16:85086903:upper_lobe_of_left_lung:0,TP,1
5.786719,-0.7724632,1.3828748,0.8366634,-0.4665646,-0.5580811,-0.19041698,-0.6829007,-0.040457807,0.2661675,1,chr5:179213127:tibial_nerve:0,TP,1
6.2121415,-1.7662443,0.21995263,-0.17928813,-0.11804339,-0.4544283,-0.080819085,-0.8764768,-0.12749906,-0.1488681,1,chr12:8390645:transverse_colon:0,TP,1
-4.4556046,0.93395686,0.08438679,-0.16978371,0.48782185,-0.6387762,-0.05639211,-0.18852884,-0.23299399,-0.124112405,1,chr9:97633155:esophagus_muscularis_mucosa:0,FN,0
-5.8628645,-0.92306846,0.030251395,0.5094435,-0.033939254,-0.28032365,-0.17330591,-0.06516374,0.19803274,-0.0010911045,1,chr16:21935488:prostate_gland:0,FN,0
-2.5121856,0.78185755,1.0937139,-0.83928084,0.3834521,-0.82814693,-0.096476614,-0.21660201,-0.1286939,-0.17894837,1,chr18:597094:prostate_gland:1,FN,0
-5.566571,-0.6463401,-0.37638563,-0.04321975,-0.43727735,0.056617253,0.10619186,-0.6911965,0.15438952,0.7569638,0,chr5:149902426:adrenal_gland:0,TN,0
-1.0500146,0.6882839,-0.28438854,1.6760433,0.45196912,-0.15020551,-1.4099673,0.7972631,0.7978954,1.0245556,0,chr1:202118807:transverse_colon:0,TN,0
-1.3444316,0.2256798,0.7430373,-0.5621955,-0.038611133,0.5331166,-0.43116254,-0.34723976,0.8038907,0.6884927,0,chr10:23158214:Peyers_patch:0,TN,0
-1.3193941,0.478001,1.635769,-1.2750847,0.7641192,0.13629986,-0.46598944,0.16322234,0.20179217,0.13534234,0,chr7:27200862:body_of_pancreas:0,TN,0
-4.3708906,0.6612247,0.26155293,-0.5131589,0.71573144,-0.37704098,0.14594609,-0.14899258,-0.19290392,-0.6210238,0,chr2:96208568:tibial_nerve:0,TN,0
-6.1624327,-1.0689684,-0.11131261,-0.004733973,0.6459149,0.15626521,0.19364306,-0.1535161,0.035201773,-0.1860173,0,chr6:150599745:transverse_colon:0,TN,0
2.9119647,-0.06566246,-1.0238292,-0.7233448,-0.503066,0.95954454,-0.14283733,0.89493114,0.9979231,-0.26349235,1,chr1:108214824:transverse_colon:0,TP,1
3.1308596,0.70861864,0.9557801,1.6763316,1.3437616,0.7263998,-1.2550629,-0.6299029,-0.54978275,1.1429584,1,chr6:131199853:tibial_nerve:0,TP,1
-4.6564984,0.5909406,-0.23741956,0.30782518,-0.03842606,-0.80073494,-0.22452857,0.05190828,0.8754197,-0.50325847,0,chr11:43680454:testis:0,TN,0
4.526068,-0.9232621,0.9757661,1.2695601,0.124933824,-1.1008512,-0.42280993,0.120253466,1.1320056,0.091739714,1,chr8:143738697:prostate_gland:0,TP,1
-4.7280927,0.32683608,0.8434913,-0.19884177,0.7352912,-0.8393076,0.31097737,0.109818645,-0.118448935,0.0057916557,0,chr5:178730754:tibial_artery:0,TN,0
-2.8515177,0.33718243,0.46249968,-0.89544886,0.9568728,0.8277545,-0.31014052,-0.21775174,-0.17338172,0.13563418,0,chr6:24991997:thyroid_gland:0,TN,0
6.330919,0.006881654,-1.0499451,0.9824251,0.03773249,0.25473544,-0.41454196,0.53676593,-0.053785183,0.030382829,0,chr17:61777919:sigmoid_colon:0,FP,1
-4.492397,-0.4780409,-0.052674517,-0.3964623,0.4339483,0.94295746,0.11065221,-0.27941117,0.15651192,0.18998283,0,chr11:12894326:esophagus_muscularis_mucosa:0,TN,0
-5.6326184,-0.25339076,-0.67889607,0.3540798,-0.7877998,-0.4936407,0.1465884,0.048121527,0.36451596,0.03651193,1,chr19:17260758:spleen:0,FN,0
-3.6284819,-0.7298617,0.5140002,-1.1168072,0.01495713,0.56316245,0.39249068,0.524917,-0.016247895,0.06573997,0,chr10:14543432:tibial_nerve:0,TN,0
5.3432407,-0.6727985,0.7454168,-0.77808136,-0.71606374,0.1451701,-0.54680544,-0.24731268,-0.40540504,0.67179173,1,chr5:149431239:Peyers_patch:0,TP,1
-3.1744266,1.4605272,-1.0158373,0.4134096,-1.0299844,-0.82824296,0.5194468,-0.029229708,-0.20646729,0.29092652,1,chr8:30486503:gastroesophageal_sphincter:0,FN,0
6.72305,-1.2449552,-0.4286078,0.01728236,0.12140774,0.14333457,0.1462649,-0.6253884,0.7031648,-0.5044692,1,chr8:93405667:thyroid_gland:0,TP,1
-4.3085804,-0.58120555,0.042489715,-0.891069,-0.38003698,0.20336795,-0.47835258,0.32083598,0.5546114,-0.24202345,0,chr15:97235651:esophagus_muscularis_mucosa:0,TN,0
-5.9423904,-2.9036734,-0.006753022,1.8426152,0.9272824,0.055197082,0.56461495,0.56119835,-0.97285914,1.088941,0,chr1:146401430:thoracic_aorta:0,TN,0
-0.10028154,-1.9682496,-2.1418018,2.3104103,0.9422366,-0.2072314,-1.1754932,1.1700165,-0.49235535,1.0167975,1,chr2:93976867:gastrocnemius_medialis:0,TP,1
8.704561,0.6649594,-1.0305611,-0.2749075,0.5472075,0.068755254,0.24863575,-0.2348498,-0.3206156,-0.17057651,1,chr3:75785547:adrenal_gland:0,TP,1
1.5981853,0.30706066,0.11267032,0.1683573,0.21757716,0.092216305,-0.11184119,0.51279926,0.58132815,-0.6142111,0,chr19:7239825:transverse_colon:0,FP,1
-0.51545525,1.6406325,0.7930376,0.8222431,0.5680458,-0.2144779,-0.38000196,0.79179245,1.0133804,0.29365107,0,chr6:150865507:spleen:0,TN,0
-3.5628412,0.5838417,0.30198315,-0.7070253,0.86224043,0.21254343,-0.0023490095,-0.29909644,0.56665313,-0.17196363,0,chr14:69818942:upper_lobe_of_left_lung:0,TN,0
-4.013087,0.25906676,-0.2238032,-0.39754274,-0.55507517,1.12033,0.44558597,-0.10181676,-0.23355809,-0.16010596,1,chr6:106223515:prostate_gland:1,FN,0
0.47834367,0.54447883,-0.71521765,0.055441175,-1.9641138,-0.020213977,0.036799755,0.41347983,0.23558405,0.53872323,0,chr2:232203751:body_of_pancreas:0,TN,0
-3.7169049,0.8304999,-0.6297046,-0.5031353,-1.0855559,0.46246964,-0.39458042,-0.07620272,0.6468846,0.6725495,0,chr2:52503462:body_of_pancreas:0,TN,0
-2.220738,0.10579789,1.8796009,-0.6834909,1.097288,-0.5761495,0.42439157,0.66546446,0.2427202,0.1774252,1,chr5:181184339:body_of_pancreas:0,FN,0
-4.130311,-0.23644632,0.70321727,-0.6512949,0.9932876,-0.45630258,0.23806836,0.20652877,-0.033005342,0.07287971,0,chr5:181184339:upper_lobe_of_left_lung:0,TN,0
-3.1033156,-0.0029610288,0.98109186,-0.88184685,0.8410531,-0.08654325,-0.56172717,-0.05690155,-0.22525398,-0.44246456,0,chr10:119317424:thoracic_aorta:0,TN,0
4.286319,0.18826139,1.504731,-0.7231607,-0.7389564,-0.49338803,-0.03701788,-0.07326444,-0.5736713,0.28693604,1,chr1:27556965:transverse_colon:1,TP,1
7.089229,-0.89030737,-0.29873407,-0.61922634,-0.29500884,-0.098042145,0.27092442,-0.1905769,-0.009019911,-0.5687092,1,chr10:96641123:esophagus_squamous_epithelium:0,TP,1
-4.8565235,-0.75128454,-0.3084219,0.7891189,-1.223168,0.0054004784,0.37855512,0.14386149,-0.14164695,-0.06506374,0,chr5:10607406:upper_lobe_of_left_lung:0,TN,0
-4.2065177,0.60311085,-0.17076333,-0.74749655,0.6550416,0.30035353,-0.02712856,-0.566937,0.25064117,-0.1912103,0,chr10:100481455:upper_lobe_of_left_lung:0,TN,0
4.771929,-1.6898351,-0.23788632,1.5403222,-0.06529491,-0.06579476,-0.7621881,0.053052355,-0.40144676,-0.11223925,1,chr22:46739374:body_of_pancreas:0,TP,1
-3.1016264,1.8237846,-0.70200604,0.25125736,-1.2356046,-0.7015091,-0.30665216,-0.04790445,-0.11535033,0.17793655,1,chr11:66580245:body_of_pancreas:0,FN,0
-6.907199,-1.3725756,-0.18116407,0.296891,0.20267901,-0.43710217,0.3331563,-0.07831951,-0.2902966,0.25179264,0,chr2:28452449:Peyers_patch:0,TN,0
-3.767912,0.36225903,0.5856963,-0.054939047,1.0003725,-0.38421562,0.57177454,0.28116593,-0.15251954,0.15902096,0,chr22:30423639:testis:0,TN,0
-3.576062,-1.5819275,-0.36572897,1.1821067,-0.9221441,0.49903727,-0.030428637,1.0313898,1.2196554,-0.08110749,1,chr3:1072175:Peyers_patch:0,FN,0
-3.8961484,0.91167474,-0.82206863,0.7952199,-1.1008635,-0.458454,-0.5613054,-0.00029628375,0.26774573,0.06806342,0,chr12:115383505:prostate_gland:0,TN,0
1.633171,0.24625853,1.4475397,0.68085146,-0.45352134,-0.99093693,-1.4125222,0.45393166,-0.051018946,0.6332589,0,chr16:28317594:thoracic_aorta:0,FP,1
-4.885026,0.12369285,0.30668086,0.14686342,-0.12614433,-0.33430418,0.21177177,0.15636478,-0.73137677,0.06921009,0,chr16:88763413:upper_lobe_of_left_lung:0,TN,0
1.5105078,3.490213,-1.6650307,-0.48765925,-0.63286847,-1.2487888,0.15932633,0.024666965,-0.19179407,0.15169704,0,chr2:73481655:body_of_pancreas:0,TN,0
-3.7115133,-0.020611836,0.23904584,-0.6367736,0.84922874,0.7191645,0.1558056,0.18875763,-0.023312058,-0.34835404,0,chr8:54166457:Peyers_patch:0,TN,0
0.745065,1.7000871,1.3625776,1.7957143,1.484742,-0.10930715,-0.7479304,0.5882971,1.0077586,-0.6837999,0,chr11:63839165:tibial_artery:0,TN,0
-4.551889,0.4273682,0.35101828,-0.44779718,0.7323484,-0.18552826,-0.007335806,-0.22238432,0.15792519,-0.24783523,0,chr12:109597967:gastrocnemius_medialis:0,TN,0
7.2850194,-0.090678506,-0.67030853,0.09311022,-0.104586296,0.6261441,0.40698275,0.5544324,0.06948906,-1.0110348,1,chr17:64014379:body_of_pancreas:0,TP,1
7.0515676,0.8262011,-2.7112434,-1.0502789,1.2512909,-0.68035346,0.27889308,0.36657548,-0.6257924,0.8081554,1,chr8:45161494:transverse_colon:0,TP,1
7.4155188,0.2576582,0.46461454,1.158652,0.08091559,-0.08667431,0.21508466,-0.113398656,-0.22330086,-0.29525042,1,chr16:579030:body_of_pancreas:0,TP,1
-7.047859,-2.6749885,-0.288085,0.08401329,-0.22423269,0.4031154,-0.21189816,0.122672796,-0.1040632,0.049968593,0,chr16:2639134:adrenal_gland:0,TN,0
-0.8522785,0.9039257,2.2638872,0.048663035,0.6137576,-1.1748463,0.2967758,0.34960818,0.16420929,0.116676666,1,chr16:4273965:upper_lobe_of_left_lung:0,FN,0
-3.8833108,0.050881073,0.39400676,-0.26308775,0.5759425,-0.3917894,0.65301,0.6366844,0.11192543,-0.50227165,1,chr2:46699152:spleen:0,FN,0
7.6443543,-0.045088958,-0.42165926,-0.16217875,-0.3183725,0.12206851,0.5678649,-0.08546198,0.08225331,-0.3102676,1,chr2:196068383:prostate_gland:0,TP,1
7.17677,-0.7275598,-0.3662781,-0.5373075,0.09702801,0.11173742,-0.0070318338,-0.38189128,-0.20986834,-0.06592296,1,chr6:29705705:body_of_pancreas:0,TP,1
-5.8728013,0.10238453,-0.55167866,0.118314765,-0.109972164,-0.2743056,0.12590629,-0.12578991,-0.15687451,-0.20127459,0,chr7:148941347:tibial_nerve:0,TN,0
5.841067,-1.7945062,0.4102964,-0.017961798,-0.20172575,-0.16332373,-0.13511953,-0.70584714,-0.09993608,-0.11480607,0,chr12:121918386:testis:0,FP,1
-4.9173393,0.3040219,-0.120614834,-0.35541013,0.6203359,-0.07185733,0.07966272,-0.4645844,0.24094146,-0.7329184,1,chr1:26921783:body_of_pancreas:0,FN,0
-3.9658096,0.73995256,0.054410134,-0.77431697,0.5993853,0.3171353,0.043075364,-0.8484576,0.123598024,-0.0798793,0,chr10:100481455:transverse_colon:0,TN,0
-6.5301137,-1.2511005,-0.2940952,0.44154677,0.40523753,0.40071347,0.5026598,0.04161061,-0.18802461,0.29391447,0,chr17:77282615:transverse_colon:0,TN,0
4.4254804,1.4258584,0.9540091,0.50147265,-0.71407884,-0.6126092,-0.45972863,-0.35618728,-0.9218725,-0.6849422,0,chr19:14097969:adrenal_gland:0,FP,1
5.599809,-1.6438707,0.32748345,-0.48435315,-0.63282824,-0.45010278,-0.39913136,-0.20939621,-0.0044150827,0.21683191,1,chr8:41651698:body_of_pancreas:1,TP,1
4.530883,-1.0384758,-1.3272095,0.03926304,0.0102124885,-0.5745271,-0.27295405,0.34518445,0.90243745,-0.120838836,1,chr7:73725711:tibial_artery:0,TP,1
1.190026,-0.41973993,0.5468454,-1.4960244,-1.1743712,1.3461576,-0.8010996,0.7162428,0.7178133,0.6921355,0,chr10:84375202:body_of_pancreas:0,TN,0
-3.255783,1.8898638,-1.1194673,0.7737423,-0.53745663,0.09761143,-0.43981642,-0.13008204,-0.03602348,-0.42252135,0,chr1:153352478:body_of_pancreas:0,TN,0
6.374553,0.6899621,1.1139096,0.16651295,-0.76862794,0.40911013,-0.242888,-0.5436155,-1.0621971,0.2598399,0,chr18:49640323:body_of_pancreas:0,FP,1
-3.6966667,0.780713,-0.4083167,0.10656918,-0.635388,1.0012641,-0.7893746,-0.3893497,-0.1811963,-0.679996,0,chr9:86532899:body_of_pancreas:0,TN,0
5.2298846,-0.7618416,0.12146553,-0.2949477,-1.1101911,0.08296722,0.03842107,0.5136879,-0.6930464,-0.7260436,1,chr8:41651698:spleen:0,TP,1
7.538925,-0.6048546,-0.07557251,-0.07168737,0.16293062,-0.3355046,0.21710113,-0.17634878,0.60537064,-0.34021476,1,chr17:45585364:tibial_artery:1,TP,1
6.7265205,-0.19106607,0.87160385,0.6141056,-0.35013655,-0.067343414,-0.0218768,-0.798654,-0.7293211,-0.08260235,1,chr19:45678133:upper_lobe_of_left_lung:0,TP,1
6.4731345,0.12155046,1.4215714,1.0866354,-0.3192828,-0.41004628,0.39814717,-0.3465454,-0.18340705,-0.10347911,1,chr4:1752766:upper_lobe_of_left_lung:0,TP,1
7.062918,1.0055771,0.17381422,0.7195321,-0.65747184,0.6297654,0.50627345,0.19668418,-0.430796,-0.611265,1,chr16:50858165:body_of_pancreas:0,TP,1
-4.9726443,-0.5316983,0.7317251,0.20004353,0.13756847,-0.16583669,0.2533458,0.22691423,-0.46331453,0.24368379,0,chr2:239144036:testis:0,TN,0
-4.165625,-0.86759174,-0.4089601,-0.36924845,0.045437783,0.52749133,0.105501756,0.49967608,0.12986688,-0.59962845,0,chr14:48070006:adrenal_gland:0,TN,0
-1.955414,-0.45894375,-0.21918929,-0.23338448,-0.63193804,-0.13943297,-0.53473705,0.57265586,1.3097957,0.20145337,0,chr16:71961415:prostate_gland:0,TN,0
7.9928613,0.18657902,-0.85786086,-0.71741664,-0.079506,0.13638778,0.108694226,-0.10901669,-0.51792413,-0.34366488,0,chr14:90785685:transverse_colon:0,FP,1
-1.2938459,1.6763362,1.2629267,-0.3325824,0.9259483,-0.15459679,0.32039306,0.4226416,0.4942285,-1.0284616,0,chr15:34210265:gastrocnemius_medialis:0,TN,0
7.814832,0.071877465,-1.3957965,-1.2402295,0.29338264,-0.15568963,0.11694242,-0.4129824,-0.5196885,-0.06829154,1,chr2:86221296:prostate_gland:0,TP,1
-1.5071802,0.29262513,0.25481653,0.81921166,0.5423367,1.3547021,-1.8796585,-0.06278341,-0.2557988,-0.2127255,1,chr9:127348292:gastrocnemius_medialis:0,FN,0
-4.810779,0.706779,-0.47688675,-0.22130412,-0.30563036,-0.0054313983,-0.33206835,-0.33467644,0.22341126,-0.15287282,0,chr17:30340263:prostate_gland:0,TN,0
0.6718118,-3.1868243,-1.3286539,3.132813,0.5230251,0.5564823,-0.9790608,0.37568074,-0.5843049,0.58906204,1,chr20:29891901:testis:0,TP,1
-5.685073,-0.4288422,-0.077547394,0.41814122,0.37483445,-0.5453903,0.26948312,0.26091474,-0.28565124,0.20977972,1,chr1:23960406:upper_lobe_of_left_lung:0,FN,0
-2.4009778,-1.5597699,0.9192528,0.12423943,-0.5354667,-0.32758117,0.08002036,0.50282586,-0.48383546,0.4465637,0,chr7:64999336:adrenal_gland:0,TN,0
-3.9470217,0.08016802,-0.41378337,-0.5850237,-0.70496464,-0.04053042,0.06483174,0.8090664,0.67607003,-0.21807708,0,chr11:74453763:thoracic_aorta:0,TN,0
-5.1324105,-0.42597264,-0.2305858,-0.4189515,0.7981478,0.7271852,0.059717838,-0.36820045,0.40316415,-0.018357845,0,chr4:82462411:spleen:0,TN,0
5.2474957,0.92708683,-1.093273,1.6823869,0.9484255,-0.19948187,-0.68097377,0.34211564,0.5384437,0.8738687,0,chr22:50756632:transverse_colon:0,FP,1
2.958742,0.7734735,0.64079756,1.3240496,-1.2587036,0.6764679,0.8279649,-0.107557125,0.58200413,0.19379918,0,chr3:43734137:thoracic_aorta:0,FP,1
-2.029204,1.0853285,0.27996695,-0.3107744,0.1134088,0.019110292,0.21244818,-0.06641261,-0.46365172,-0.69168174,1,chr9:129441271:thoracic_aorta:0,FN,0
6.58495,0.42289162,0.9957413,1.2835598,0.397234,0.5177196,-0.06726079,0.15375602,-0.5333533,-0.08774844,1,chr1:20575428:tibial_nerve:0,TP,1
4.966831,1.0897928,-0.64920795,2.137623,0.27084368,0.8863188,-1.0593599,-0.1284589,-0.12305146,0.31312585,0,chr14:76832128:body_of_pancreas:0,FP,1
6.000176,-1.7073385,0.24543275,-0.23512936,-0.33424562,0.02885318,0.011821606,-0.78603715,-0.29809284,-0.2994836,1,chr12:121918386:prostate_gland:0,TP,1
-1.1109675,1.9918472,-1.1623745,0.51979405,-1.2103335,-0.8997193,-0.4100966,0.39308825,0.9344533,0.5784608,0,chr5:80092155:adrenal_gland:0,TN,0
7.590432,-0.019441258,0.53806823,0.7494829,0.04591686,0.06821697,0.23654513,-0.43714806,-0.02685513,-0.060743727,1,chr7:78040381:body_of_pancreas:0,TP,1
7.172033,-0.7233062,-0.6438316,0.38458577,0.110698484,0.2864232,0.2925307,-0.77762,0.45113945,-0.23912795,1,chr20:21120370:thyroid_gland:0,TP,1
1.3091578,-0.92381656,0.63929075,0.065482564,-0.8771905,-0.36071008,0.7733189,-0.18158144,-0.8332214,0.7671269,1,chr1:27556965:tibial_artery:0,TP,1
1.3338562,2.783744,0.024785304,0.8447051,-0.95699805,0.37542987,0.8793361,0.34794337,-0.5245662,-0.88717854,0,chr11:6612917:gastrocnemius_medialis:0,TN,0
-0.00020127563,-0.52459085,1.9319677,0.114377856,-1.2233686,-0.6503861,-0.07174151,-0.06821548,-0.16284123,-0.17841563,1,chr11:1303541:body_of_pancreas:0,FN,0
7.0713477,0.44708538,-0.55610585,0.400881,0.013788307,0.5786055,0.44924986,0.53270936,-0.042613916,-0.18585542,1,chr15:33226849:tibial_nerve:0,TP,1
7.1845856,-0.76887786,0.54703736,0.25652963,0.08827239,-0.16724543,0.040055703,-0.27635723,0.21418071,-0.25870568,1,chr9:42852316:adrenal_gland:0,TP,1
-3.116394,0.43749028,0.6977435,-0.43463913,0.81769294,0.2532258,0.19086382,-0.06600673,0.27662086,0.36383697,0,chr21:37712460:body_of_pancreas:0,TN,0
-4.3474183,0.7676303,-0.9370408,0.87204903,-0.8206427,-0.58823097,0.066681884,-0.506471,0.32218397,0.22756295,0,chr21:5260541:esophagus_squamous_epithelium:0,TN,0
6.746663,-0.23944592,0.35635874,1.1183953,0.47867924,-0.3230855,0.32756308,-0.011004422,1.032828,-0.5016809,0,chr17:78925348:upper_lobe_of_left_lung:0,FP,1
-5.489665,-0.25151405,-0.5205115,-0.3782397,0.4484915,0.6838433,0.30164906,-0.32067558,-0.30849904,0.31099108,0,chr1:67659484:tibial_artery:0,TN,0
-4.844819,0.6276844,0.32559234,0.29523286,0.1319522,-0.39561546,0.3610975,0.21279044,-0.09392072,-0.5501384,0,chr6:144286170:body_of_pancreas:0,TN,0
-4.1382933,1.0686976,-0.08095504,0.44272158,0.75115144,-0.1846798,-0.97168475,-0.26781583,0.45219147,0.12975709,1,chr9:97633155:gastroesophageal_sphincter:0,FN,0
-4.879947,0.3166473,0.11656418,-0.5194081,0.4017366,-0.12063653,0.103513524,-0.50435644,-0.32468963,0.06887927,0,chr2:237858560:body_of_pancreas:0,TN,0
6.546936,-1.2230979,-0.77534175,-0.9980733,0.31004497,-0.06207817,-0.15705636,-0.056538384,0.13620326,-0.116941944,1,chr11:60251676:Peyers_patch:0,TP,1
-3.5187736,0.296643,0.07571108,0.3460366,0.3786212,-0.02322998,1.1301819,0.67433393,-0.68133533,0.67807156,0,chr16:28615870:gastrocnemius_medialis:0,TN,0
-6.419467,-0.7926145,-0.98977387,0.2882622,0.1477597,-0.037921924,-0.06894589,-0.15225364,0.12246032,-0.62734866,0,chr5:112360842:body_of_pancreas:0,TN,0
-5.7895856,-1.3933294,-0.075791046,0.12586397,1.2197026,0.27489683,0.67490643,0.15023346,-0.31281915,0.24940431,0,chr3:197510147:thoracic_aorta:0,TN,0
-2.9688087,0.6039746,-0.017041376,-1.029682,0.26889154,0.56937987,0.95882696,0.26436827,0.23189557,0.44973856,0,chr15:53197580:tibial_nerve:0,TN,0
-4.6960645,0.39948156,-0.20944016,-0.45626196,0.22666405,0.08202199,-0.13772143,0.03201428,-0.03888977,-0.2571792,1,chr16:4548780:gastroesophageal_sphincter:0,FN,0
1.8411402,1.4739509,1.413431,-0.118237935,0.65202695,0.98683596,-0.27626544,0.46126634,0.70851415,0.3658539,0,chr18:61551833:prostate_gland:0,FP,1
6.691396,0.034982055,-2.3026562,-0.041870184,1.33973,-0.5259273,0.09310832,0.52147895,-0.36509308,0.80913234,1,chr17:22856764:Peyers_patch:0,TP,1
-2.9274242,0.17207702,0.7991983,-0.8408994,0.8621075,0.78840226,0.09248726,-0.20114984,-0.0062580192,0.5713965,0,chr19:43198867:prostate_gland:0,TN,0
-6.03102,-1.2690488,0.7607649,1.0648911,-0.08314064,-1.3777361,0.39583337,-0.045932017,0.22704881,0.010360799,0,chr3:24495731:transverse_colon:0,TN,0
6.107427,-0.8323848,0.5189211,0.24609455,-0.37699026,0.15333737,0.42023483,-0.53621703,1.0214628,-0.17451735,1,chr11:30279727:body_of_pancreas:0,TP,1
-0.4994096,-1.124866,1.7089577,0.1562195,-0.8671609,-0.2641475,0.71357995,1.416559,-0.74541074,-1.0426699,1,chr4:121696562:tibial_nerve:0,FN,0
6.2783384,0.95065147,1.0464941,1.1628746,0.5273562,0.8596605,-0.38562027,0.06591619,-1.173779,-0.35710514,0,chr2:119522880:body_of_pancreas:0,FP,1
7.262635,-0.982624,-0.36608437,-0.13667133,0.19280005,-0.30140358,0.035823,-0.47391316,0.01574286,-0.09363405,1,chr3:75785419:transverse_colon:0,TP,1
6.9426184,-0.8905633,-0.22646177,-0.57120043,-0.24197124,-0.3111508,-0.18505313,-0.14378983,0.13637812,-0.102901414,1,chr9:127360508:thoracic_aorta:0,TP,1
-5.2507086,0.8227124,-0.683905,0.10504603,-0.34514534,-0.06595509,-0.03743535,-0.6573249,0.19157101,-0.05376232,0,chr11:32792926:testis:0,TN,0
-5.350201,-0.018924024,0.030134134,-0.27273324,0.58918977,-0.304813,0.22456555,-0.091155656,-0.74827904,-0.048095454,0,chr22:24696805:upper_lobe_of_left_lung:0,TN,0
0.7101182,-0.35116234,-0.093437284,-0.91930634,-0.88999665,1.0406853,-0.20577933,1.1464564,0.959591,-0.5776459,1,chr1:108214824:esophagus_squamous_epithelium:0,FN,0
-3.192984,0.1649998,-1.4930769,2.0744944,-0.5414098,-0.4172949,-0.5022277,0.37187877,-0.4514653,0.5591221,1,chr20:28507029:tibial_artery:0,FN,0
-5.5394416,-0.38259533,0.3774023,-0.024699984,0.53321236,-0.39070946,0.17867206,-0.4453804,0.12170035,0.14273316,0,chr1:20152614:prostate_gland:0,TN,0
7.7031574,-0.481607,-0.10536611,-0.09737016,0.14370096,-0.27698097,0.30775157,-0.12032719,0.49540934,-0.38295093,1,chr17:45585364:tibial_nerve:0,TP,1
-3.1347764,0.78362685,1.2763925,-0.28947315,0.8995288,-0.6291336,0.3496307,-0.027189126,0.11367025,-0.28100866,0,chr19:1095336:tibial_nerve:0,TN,0
-5.9150214,-0.07003549,-0.32719043,-0.04326538,0.31849766,-0.29924676,0.22718325,-0.3027029,-0.12403825,-0.28862533,1,chr12:109597967:suprapubic_skin:0,FN,0
4.517482,-0.10732521,-0.3547752,0.63111097,-0.091451466,0.33732006,-1.0250615,1.7017105,0.50053865,-0.07927907,1,chr1:211512213:prostate_gland:0,TP,1
-4.049033,-0.5883456,-0.2248205,-0.7295983,-0.7212878,1.1900914,-0.47191602,0.6844956,0.56361353,-0.1008701,1,chr6:106223515:spleen:0,FN,0
-1.955459,1.0914739,-0.5852125,0.45860544,-0.2552568,0.313826,-0.8904372,-0.22454332,-0.59973764,-1.1213253,0,chr18:9792571:body_of_pancreas:0,TN,0
-3.5044446,-0.2911833,-1.7465907,2.2991679,-0.38471475,-0.13594446,-0.6487174,0.40126976,-1.2657377,0.6021524,1,chr20:28507029:omental_fat_pad:0,FN,0
5.1685705,1.1405078,-2.7044427,-2.1123416,0.8511321,-1.09026,0.36666015,0.37242424,-0.7735648,0.79573995,1,chr17:25564496:omental_fat_pad:0,TP,1
7.0758286,0.87206256,-2.5576372,-0.62693924,1.2645085,-0.693441,0.101115726,0.9024984,-0.3682328,0.5219753,1,chr8:44636977:transverse_colon:0,TP,1
-6.3232365,-0.697391,-0.9114456,0.22790357,-0.45362225,-0.10206721,-0.07152934,-0.07961099,-0.08880842,-0.31880423,0,chr21:44761648:prostate_gland:0,TN,0
-1.9740597,-0.050355155,0.30865666,-1.5536698,-0.79392254,1.216801,-0.5770128,0.6742414,0.88943374,0.63766575,0,chr4:167290814:body_of_pancreas:0,TN,0
8.367395,0.9668002,-1.9626402,-0.24196394,1.1257727,-0.3658118,0.42738065,0.26092932,-0.40461668,0.21982339,1,chr17:22909996:lower_leg_skin:0,TP,1
5.524223,-0.60349214,0.6208081,0.15671487,-1.1884085,0.013958444,-0.96911585,0.10686982,0.104032904,0.23456526,0,chr10:79938966:body_of_pancreas:0,FP,1
6.2582874,-0.26218405,1.7854711,-0.08374107,-0.21303542,0.23952849,-0.35055047,0.06168244,-0.4966401,0.31097028,1,chr19:47436804:esophagus_squamous_epithelium:0,TP,1
-5.288941,0.48904538,-0.3320703,-0.18875892,-0.19252382,-0.31763396,-0.17073715,-0.81339663,-0.21541414,0.20939097,0,chr10:125982582:thoracic_aorta:1,TN,0
2.4626396,-3.078599,-1.5781074,2.045375,0.44609958,0.13993047,-1.095544,0.7882112,-0.10724041,0.38649887,1,chr21:5357485:prostate_gland:0,TP,1
1.5895934,0.31121492,1.0722921,1.8025669,0.7468242,0.0536567,0.39359903,-0.8381484,0.85723114,1.150312,0,chr1:78332182:body_of_pancreas:0,FP,1
0.5388723,1.5772281,0.75310725,-0.04094897,1.2634021,1.7656786,-0.46603307,-0.6552407,0.7110205,0.16247247,0,chr12:19757428:suprapubic_skin:0,TN,0
-4.853304,-0.7500296,-0.08964826,-0.49010268,1.1219697,0.23334204,0.50199467,-0.13281937,-0.11453124,0.31416926,1,chr11:3409057:body_of_pancreas:0,FN,0
-0.30586466,-1.2351632,0.79738384,0.33214766,-1.598241,-0.8556446,0.2793688,0.45655346,1.0478586,0.32795486,0,chr12:132710050:transverse_colon:0,TN,0
-4.4559526,-0.17142734,0.6211029,-0.49545506,0.6454948,-0.09908008,0.5778782,0.02079362,-0.19692907,0.2283189,0,chr9:114108103:spleen:0,TN,0
-2.4836738,1.7041141,-1.2210246,0.28093165,-1.3657069,-0.2211079,0.4244327,0.5942044,0.26571983,0.36181542,0,chr1:43779377:prostate_gland:0,TN,0
6.7155285,1.3627405,-2.6908102,-1.6815139,1.190278,-1.106749,0.5353029,0.34427124,-0.8536994,0.66720444,1,chr17:25579422:body_of_pancreas:0,TP,1
5.5924664,1.27077,1.3165785,1.8013208,0.9251152,-0.15015481,-0.38492697,0.24227807,-0.6059055,-0.54229873,1,chr16:4273965:thoracic_aorta:0,TP,1
6.098286,-1.2454067,0.31338635,-0.8877847,-0.38584286,-0.054004062,-0.031200057,0.29445747,-0.1569104,-0.3269668,1,chr19:45427778:suprapubic_skin:0,TP,1
-2.627309,0.45038992,1.3453679,-0.5447237,0.71572924,-0.513482,0.51654184,0.28575155,0.76083195,0.10822878,0,chr5:142012891:tibial_artery:0,TN,0
7.3230915,-0.19085912,-1.1786342,-1.0320777,0.25871143,-0.266416,-0.2755068,0.30167794,0.08866971,0.26510134,1,chr7:63016061:upper_lobe_of_left_lung:0,TP,1
7.851723,-0.24843648,-1.0954012,-0.63188815,0.42988816,-0.32996932,0.04404419,0.0066212094,0.13310356,-0.094892554,1,chr6:31374359:tibial_artery:0,TP,1
-1.6428697,0.7892699,1.6159664,-0.37321508,0.1997214,-0.6832763,-1.5690298,-0.24747549,-0.8254639,0.13665706,0,chr7:151819172:prostate_gland:0,TN,0
1.5472261,0.31222433,-0.14274114,2.4765632,0.98406136,0.9106778,-1.2243811,0.62216705,-0.08074685,-0.5130745,0,chr10:69730302:thoracic_aorta:0,FP,1
-5.3308425,0.6885097,-0.45708933,0.30875418,-0.43379477,-0.13901773,-0.3087191,-0.12511243,0.13328584,-0.21482536,0,chr7:5140253:body_of_pancreas:0,TN,0
7.25591,-0.7542321,-0.87186366,-0.083171554,-0.04092297,0.23344275,0.41648528,-0.6934741,0.64465624,-0.34071216,1,chr20:21120370:gastrocnemius_medialis:0,TP,1
-3.8976176,1.3909217,-0.20073085,0.32630876,0.6522256,-0.25378072,-0.78377783,-0.10421231,0.03378552,-1.0697969,0,chr4:185204332:testis:0,TN,0
-2.1406302,0.49917313,1.0734854,-0.84403133,0.8031706,0.42698926,-0.6815356,-0.4225493,0.1652087,0.3654351,0,chr14:34228362:sigmoid_colon:0,TN,0
5.3672237,-1.0439398,-0.33560106,-0.11374395,-0.51712847,0.5028051,0.53007716,-0.45641372,1.0031356,-0.74262923,1,chr15:77077965:spleen:0,TP,1
-5.257384,0.013929771,-0.44339743,-0.38710597,0.35228994,0.35063845,-0.023668097,-0.101595975,0.28086066,-0.09108471,0,chr16:87488454:esophagus_muscularis_mucosa:0,TN,0
8.157915,0.1842732,-1.2378818,-1.1608286,0.39953902,-0.16570583,0.15685864,-0.27174136,0.06743777,0.07408306,1,chr7:142521135:body_of_pancreas:1,TP,1
2.4135976,1.7066786,-1.0423796,-0.46628502,-1.4167424,-0.009424969,-0.439088,0.15602386,-0.05919119,0.5169375,0,chr7:66050288:upper_lobe_of_left_lung:0,TN,0
-2.2574418,1.1406456,1.1255825,-0.072363175,1.4265819,-0.5605231,-0.5120307,0.055069078,-0.10966525,-0.5175238,1,chr7:100894790:thoracic_aorta:0,FN,0
-0.914933,-0.34412745,1.8277181,-1.0485166,0.62636644,0.5097872,0.41167393,0.8170535,-0.6840245,0.039412633,1,chr22:24259700:prostate_gland:0,FN,0
-1.1792012,0.84766805,0.21437915,-0.117421396,-0.30527687,0.41490427,1.8210478,1.0762988,-0.09327544,-0.21104598,1,chr12:104294234:thoracic_aorta:0,FN,0
-3.906591,-0.7361221,-1.1652619,-0.13642128,-0.67028755,-0.8791938,0.052782092,1.1710738,0.59030396,-0.36711788,1,chr16:2874817:adrenal_gland:0,FN,0
4.4185457,1.4847038,0.42178908,1.4592898,-0.38106608,0.49926713,0.34928668,-0.047386985,0.6657772,-0.45390543,0,chr7:102470728:Peyers_patch:0,FP,1
-5.6576705,0.17759447,-0.31566358,-0.09200415,0.14909297,-0.23219103,-0.20646936,-0.30413154,-0.12442038,-0.3539177,0,chr6:43724124:body_of_pancreas:0,TN,0
-5.463116,0.25684962,-0.24777074,-0.46613756,0.20624852,-0.16968645,0.15488718,-0.4648687,-0.18904784,-0.21793579,0,chr1:18821187:suprapubic_skin:0,TN,0
5.736905,-2.0067854,0.5990617,0.025033915,-0.22357365,-0.6242075,-0.12510909,-0.9226489,-0.016241102,-0.019767594,1,chr12:8390645:gastrocnemius_medialis:0,TP,1
-4.1213064,0.5600912,-0.17781988,-0.33516943,-0.5018325,-0.1531545,-0.25967148,0.1577648,0.752023,0.061675243,0,chr18:22223857:transverse_colon:0,TN,0
7.5768356,-0.49904478,-0.9199578,-0.6530861,0.39441746,-0.3736067,-0.07727843,0.019264085,0.11408014,0.050155997,1,chr6:31374359:esophagus_muscularis_mucosa:0,TP,1
-4.975451,-2.5817711,-0.007449845,1.8636748,-0.4987578,-0.3546007,0.27276975,0.5568201,-1.1515962,0.29132995,0,chr20:48658594:body_of_pancreas:0,TN,0
0.07811129,2.2068117,-1.6084036,-0.09262993,-0.42420837,0.38911653,-0.9751586,0.87688214,-0.820802,-0.61466485,0,chr5:109402654:body_of_pancreas:0,TN,0
6.737951,-1.1825035,-0.43925625,-0.44657052,-0.20863643,-0.06000068,-0.05698215,-0.4694374,-0.5161045,-0.48924857,1,chr5:151298414:transverse_colon:0,TP,1
-3.9040186,-0.20122373,0.5707651,-1.048613,0.6905271,-0.036557976,-0.1977375,0.16683975,-0.25886658,-0.15599355,1,chr2:231781810:tibial_nerve:0,FN,0
-1.3753836,-0.0031590387,0.8908432,-0.37972575,0.9232076,0.8029145,0.85532093,0.23965497,-0.57312596,0.73651344,1,chr14:106061994:suprapubic_skin:0,FN,0
-1.0999861,0.91982126,0.17258267,-0.808467,-0.06783407,1.9877396,0.6091316,0.73272794,-0.64135635,-0.14945328,1,chr6:106223515:tibial_nerve:0,FN,0
-4.338645,0.058843434,0.7320864,0.026541611,0.96417767,-0.4332341,0.55458784,0.43759266,0.3634724,-0.19169703,0,chr22:50563002:testis:0,TN,0
-6.392281,-0.8473023,-0.538178,0.060443506,0.015595244,0.0001248148,0.10560992,-0.07902976,-0.13763869,-0.07424674,0,chr15:94324421:transverse_colon:0,TN,0
-5.5320406,0.32621497,-1.0114496,-0.2201593,-0.09124211,0.070802644,0.07079275,-0.31798092,-0.0424132,-0.40212852,1,chr7:121373197:body_of_pancreas:0,FN,0
7.1815224,0.517286,0.17499566,0.2531181,-0.72621626,-0.15262304,0.33007517,0.0805887,-0.18768221,0.008345325,0,chr20:30320508:body_of_pancreas:0,FP,1
-4.352394,0.354493,-0.05393969,-0.6380489,1.0321616,0.18867467,0.16507605,-0.35442474,0.217326,-0.2989884,0,chr9:83219889:spleen:0,TN,0
6.773604,-1.2334235,-0.017495843,0.23032542,0.38629612,-0.26700398,-0.07095148,-0.605448,0.6663296,-0.24277145,0,chr15:79896760:tibial_artery:0,FP,1
4.993027,-0.5456119,2.0314188,0.13948983,-0.12862064,-0.6820046,-1.1211339,-0.13861056,-0.41387388,0.574023,0,chr7:137899502:prostate_gland:0,FP,1
-4.0627384,-0.09485758,0.77639574,-0.73685616,0.24384592,-0.20089042,0.13331328,0.40387276,0.58555406,0.59754646,1,chr9:83219701:transverse_colon:0,FN,0
-5.6116157,-0.36567342,-0.87091863,0.3606738,-0.076773755,0.6963873,0.2228665,0.11462963,-0.23356155,-0.28787518,1,chr1:184841760:prostate_gland:0,FN,0
-3.068049,1.3567557,0.038456243,1.0416577,0.15670705,-0.037757434,-0.59371585,-1.2242073,0.5128673,0.42884022,0,chr8:103114032:body_of_pancreas:0,TN,0
-4.6484337,0.99963075,-0.04269805,-0.2984529,0.24686092,-0.6208116,-0.050110895,-0.13980941,-0.18021022,-0.36311486,1,chr9:97633155:Peyers_patch:0,FN,0
6.8952594,1.1476661,0.44337353,1.3998141,-0.42129067,0.62277186,0.8379442,-0.54137784,-0.4988409,0.008109112,1,chr22:22713782:omental_fat_pad:0,TP,1
4.3243384,0.23434283,1.8762202,0.13480192,0.3864738,0.5314922,-1.0967759,0.42828384,-0.33681542,0.5170494,1,chr2:96533513:upper_lobe_of_left_lung:0,TP,1
-2.2505617,0.40800223,0.85049444,-1.0312207,0.39415324,0.83445376,0.16808052,0.24068196,-0.26056042,0.2278557,0,chr2:3728203:prostate_gland:0,TN,0
-5.1902695,0.12498274,0.28308278,-0.3273438,0.786753,-0.7496784,0.115447715,-0.31347796,-0.19963604,-0.12456433,1,chr7:100894790:upper_lobe_of_left_lung:0,FN,0
7.347571,-0.7619864,-0.31797054,-0.2466589,-0.10050712,-0.6315766,0.2486496,-0.51344866,0.035064146,-0.28058875,1,chr12:52949183:upper_lobe_of_left_lung:0,TP,1
8.0870695,0.34449965,-1.3397826,-0.15175545,0.6308966,0.13074914,0.047037598,-0.19276088,-0.21846588,-0.12200807,1,chr10:38653296:transverse_colon:0,TP,1
-5.6345954,-1.4169748,0.47796687,0.2830163,1.2367052,-0.50195664,0.27109987,0.42907277,0.22872846,-0.34854865,0,chr2:10044231:body_of_pancreas:0,TN,0
6.413479,-1.4642556,-0.20736454,-0.25188282,-0.05140355,-0.40036932,-0.3087492,-0.6911318,-0.17403838,-0.09550042,1,chr7:22550492:transverse_colon:1,TP,1
-6.7848377,-1.4670585,-0.40860832,-0.014167517,0.20844115,0.26333,-0.18175733,0.060157526,-0.1357467,-0.018335128,0,chr7:104883644:body_of_pancreas:0,TN,0
0.113887645,1.4736574,-0.7152988,0.60732275,-0.20249462,-0.21266297,-0.005087985,-0.20292161,-0.15401316,0.2196277,0,chr5:69574308:body_of_pancreas:0,TN,0
-4.9876866,-0.06695701,-0.10059611,0.312256,0.058293585,0.04070339,-0.47713798,-0.6496432,0.73922527,0.32562205,0,chr10:78450916:adrenal_gland:0,TN,0
2.0465317,-0.24750702,1.6589546,-1.2654098,-0.09719249,0.8432139,-0.786621,0.38295463,-0.16017821,0.12638877,0,chr3:196253627:body_of_pancreas:0,FP,1
-0.9763896,1.2162142,1.7576867,-0.5631385,0.65725774,-1.0101806,-0.31112903,-0.11206083,-0.33441412,0.110814296,1,chr18:597094:transverse_colon:1,FN,0
-4.0881796,0.4713473,-0.1722792,-0.12055246,0.66021514,-0.31571603,-0.46447274,-0.3496064,0.28742126,-0.8784344,0,chr18:56651667:sigmoid_colon:0,TN,0
-5.2914,0.7741246,-0.57459646,-0.107603274,-0.4344633,-0.16229478,-0.15406217,-0.3889706,0.36535916,-0.35887247,0,chr19:33143907:transverse_colon:0,TN,0
5.9474125,0.61532223,1.7374638,-0.41847026,-1.0635782,0.4222103,0.32048297,0.08341092,-0.4130351,0.12394086,1,chr2:46818510:tibial_artery:0,TP,1
3.3900833,2.0998082,2.4420238,0.9598469,1.1904846,-0.9085651,0.12911469,0.44098592,-0.31126434,-0.81032217,1,chr19:56120808:tibial_nerve:0,TP,1
7.112308,0.16898902,-0.37625352,0.6099289,0.14925714,0.121618934,0.3557878,0.5807424,0.38800156,-0.24857147,0,chr19:17103262:prostate_gland:0,FP,1
5.5564394,0.5226776,1.9451098,0.62850577,0.047562037,-0.3744743,0.44069266,-0.2381926,-0.3696563,-0.035743885,1,chr18:75856:transverse_colon:0,TP,1
7.2273707,-0.2599926,0.7505502,0.91430455,0.077700965,0.12144232,0.10565825,-0.82160026,0.15130751,0.3682019,0,chr7:142451935:Peyers_patch:0,FP,1
3.8667002,-0.76831406,0.35890296,-0.8339131,-1.5770434,0.44230828,0.6853759,-0.45980844,0.23158209,0.7028888,1,chr6:43386692:sigmoid_colon:0,TP,1
-2.5327456,1.4759839,-0.18154277,-0.59238225,-1.0966818,0.48769715,0.09208566,0.28398824,0.19084157,-0.7899763,0,chr4:15730066:esophagus_muscularis_mucosa:0,TN,0
-4.1965303,1.1688086,0.034590602,-0.03560439,0.5868828,-0.2117785,0.011327256,-0.09773384,0.0033276195,-0.80775,0,chr1:225427863:upper_lobe_of_left_lung:0,TN,0
7.262825,0.9355298,-2.24293,-1.1213893,1.0841634,-0.66626126,0.26577443,0.44102028,-0.07725192,1.0162452,1,chr8:44636977:thyroid_gland:0,TP,1
5.782031,-1.5372838,0.74439764,0.21564698,-0.47882244,-0.47712722,-0.3758949,-0.040602766,0.011246969,-0.06351606,1,chr8:41651698:prostate_gland:1,TP,1
6.7342196,-1.0992229,-0.8040283,-0.9367133,0.36949503,-0.10037687,-0.12967649,-0.12952611,0.121038735,-0.09311921,1,chr11:60251676:gastrocnemius_medialis:0,TP,1
4.169891,-1.1667557,1.1243006,-1.5753007,-1.1412752,0.30666506,-0.5413128,0.56033564,0.023679858,0.4925588,0,chr12:122399528:Peyers_patch:0,FP,1
7.4239163,-0.3959674,-0.6533108,0.4480321,-0.032247774,0.16473891,0.5436765,-0.87848425,0.74325746,-0.29595467,1,chr20:21120370:suprapubic_skin:0,TP,1
-5.386271,-0.62298566,-0.25640547,-0.4466743,0.7624491,0.30136454,0.20122427,-0.24304008,-0.10122435,0.059648942,0,chr2:73691003:prostate_gland:0,TN,0
-1.899572,0.39278832,0.11152369,0.61583316,0.7335764,-0.43517342,-0.5436258,0.42063072,0.7441898,-0.11664689,0,chr6:168201408:body_of_pancreas:0,TN,0
-1.6748235,0.035923086,0.27458593,0.73366815,-1.0883608,1.0024855,1.0010641,0.5806004,-0.9822654,-0.3172162,0,chr2:111617847:prostate_gland:0,TN,0
-5.560219,-0.3668852,-0.512441,0.37257797,-1.0073587,-0.06156398,0.22103013,0.6809941,-0.4351742,0.06020872,0,chr16:85012086:transverse_colon:0,TN,0
-3.2365212,0.94971013,-0.11870156,0.4610273,-1.1954359,0.3933223,0.9061089,0.045642093,0.7472903,0.7737061,1,chr9:129438755:upper_lobe_of_left_lung:0,FN,0
6.7396955,-0.6399419,0.35467815,-0.20770021,-0.07238067,0.66650283,-0.22369702,-0.1826586,0.34047943,0.14679728,1,chr6:43386692:tibial_nerve:0,TP,1
-4.214116,0.6430531,-1.0172474,0.10818974,-0.8271702,0.076936565,-0.1435769,0.19572882,-0.089642845,-0.35040495,0,chr11:76920284:transverse_colon:0,TN,0
-6.1597233,-1.2662376,-0.03516468,0.17521107,0.66459805,0.41198775,-0.09169255,-0.22150435,-0.014797863,0.40559438,0,chr6:53927260:esophagus_squamous_epithelium:0,TN,0
-5.741967,0.010614976,-0.671543,0.23654324,0.022924416,0.6188092,-0.096625604,-0.66630346,-0.35320082,0.059097495,0,chr7:36233364:prostate_gland:0,TN,0
4.803835,-1.2415117,0.95445937,-0.78151447,-0.2178672,0.35548258,-0.11860313,0.77004546,0.007591068,-0.51595235,1,chr7:63015786:prostate_gland:0,TP,1
0.29830968,1.1866938,1.6115516,0.017851412,-0.76341856,0.46616837,1.1449876,-0.19458975,-0.57649034,0.41245663,1,chr6:169655219:sigmoid_colon:0,FN,0
-2.076982,-2.4469573,2.099767,0.53982514,-0.46555457,-0.8662999,0.55058986,0.806608,-0.48450142,0.41188294,1,chr18:75856:prostate_gland:0,FN,0
-3.7161644,0.25374225,0.059953175,-0.7351647,0.63702714,0.8889478,-0.16235743,-0.38056034,-0.40691617,0.21863782,0,chr1:81549700:body_of_pancreas:0,TN,0
-6.506799,-1.1315312,-0.2782018,0.9610961,0.030182274,-0.6686031,0.637302,0.18962152,-0.35813498,0.09674336,0,chr15:90529824:upper_lobe_of_left_lung:0,TN,0
6.346568,-0.9706097,-0.1373455,0.4122905,-0.0177277,0.2703194,-0.30488804,-0.543196,-0.37610936,-0.49759078,1,chr5:38070443:body_of_pancreas:0,TP,1
-0.9796116,1.6533629,1.1051284,-0.19305407,0.24818875,0.72628707,0.14464237,-0.1196503,0.018062586,1.0159956,1,chr10:77475126:body_of_pancreas:0,FN,0
4.4155107,2.49249,-1.0462693,0.6114927,-0.4258791,0.33069068,0.1220555,0.31540877,-0.13804893,-0.14940302,0,chr22:23542739:upper_lobe_of_left_lung:0,FP,1
5.1488094,-2.0303752,0.065255,0.30500233,-0.05860551,-0.11614491,0.005176925,-0.85655034,1.0926602,-0.080147505,0,chr2:145265428:body_of_pancreas:0,FP,1
6.661375,-1.261397,-0.6946864,-0.8756718,0.17426093,-0.041050486,-0.15114543,-0.19244672,0.21140791,-0.18823388,1,chr11:60251676:gastroesophageal_sphincter:0,TP,1
-0.5316902,0.14598164,1.3535924,1.1391239,1.5291018,0.04921893,-2.0676398,-0.71260905,-0.15604672,0.569745,0,chr2:239764056:thoracic_aorta:0,TN,0
-7.6154366,-3.0397153,-0.66935605,1.5911719,-0.19291882,-0.004317775,0.08843943,0.5705573,-0.5032333,-0.15430836,0,chr11:95092634:thoracic_aorta:0,TN,0
-3.1749551,1.7237755,0.52009135,-0.40348718,0.23460196,0.7143827,-0.32643795,-1.1776077,0.20432094,0.8656494,1,chr20:58511472:sigmoid_colon:0,FN,0
-4.2291107,-0.87847906,-0.029119516,-0.6403331,0.93971366,0.8060148,0.43994156,0.5005048,-0.0621912,0.26601604,0,chr17:45099253:transverse_colon:0,TN,0
-1.8932531,1.0178967,0.9524193,-0.6950867,1.3159659,0.40175524,-0.5006126,-0.089243,-0.0042154547,-0.25922605,0,chr5:181182218:gastrocnemius_medialis:0,TN,0
-4.0611086,0.23823291,0.004829767,-0.011355144,-0.33811837,0.027851082,-0.7777689,-0.47418985,0.34881434,0.026999148,0,chr9:69018850:Peyers_patch:0,TN,0
-2.675946,1.8083783,-0.603145,0.67671615,-0.34522775,-0.5011436,-0.86763924,-0.8530252,0.09651989,0.48837444,0,chr6:125153644:suprapubic_skin:0,TN,0
7.4876513,-0.29347354,-1.2919263,-1.3203481,0.18191579,-0.12837507,0.075278796,-0.34044433,-0.3704024,-0.018158143,1,chr2:86221296:esophagus_muscularis_mucosa:0,TP,1
-1.9444578,0.73727846,1.0452011,-0.86731017,0.95221424,0.7357912,-0.35762322,-0.21708603,0.5125111,-0.1909565,1,chr11:83293101:upper_lobe_of_left_lung:0,FN,0
-4.28915,-0.9607128,0.16294266,-0.9986708,-0.123492405,0.47714326,0.103033766,0.5848457,0.013891883,-0.57154566,1,chr10:14543432:adrenal_gland:0,FN,0
-4.365618,-0.11650602,0.466101,-0.3074141,0.99839157,-0.029618239,0.6250936,0.1124352,0.37643623,0.03894139,1,chr10:43667432:body_of_pancreas:0,FN,0
-0.30686826,1.0493081,-0.8701064,-0.53188604,-1.2537644,0.27565438,-0.7701141,0.15248083,-0.2875036,-0.14136417,1,chr7:35425098:body_of_pancreas:0,FN,0
0.45077386,3.8819344,-1.4081722,-0.62109977,-0.83638793,-0.51462984,0.004901503,-0.0655883,0.20386435,-0.026603743,0,chr8:92239954:Peyers_patch:0,TN,0
-4.9714684,-0.48981133,0.6334566,0.013676279,1.0314842,-0.15766972,0.6521911,0.06516334,-0.38833615,0.16404045,0,chr1:20152614:transverse_colon:0,TN,0
-1.744668,1.3556886,0.19350612,-0.49811044,-1.0516742,-0.71802735,-0.83421224,0.2507728,-0.76752895,-0.6379766,0,chr12:108623489:body_of_pancreas:0,TN,0
-2.581614,1.0601555,-1.0621558,-0.10505992,-1.0675836,0.1707364,0.4351464,0.17977029,0.02336231,-0.20353566,0,chr21:37313812:body_of_pancreas:0,TN,0
3.5850503,-0.4555344,-2.8619037,-0.51221675,1.6028183,-0.94913334,0.17530107,0.75663304,-0.95534235,0.9252869,1,chr17:24931573:spleen:0,TP,1
7.1583104,-0.9212732,-0.7495871,-0.1401196,0.074258015,0.21307313,0.39483163,-0.6535019,0.538967,-0.4986503,1,chr3:81292180:suprapubic_skin:0,TP,1
-7.0230284,-1.7315718,-0.06571853,0.4894468,0.58763874,-0.59015495,0.18903108,0.18094833,-0.56873953,0.061834086,1,chr7:267146:body_of_pancreas:0,FN,0
-3.960147,1.4487847,-1.0111146,-0.1226061,-0.8275296,-0.44175303,0.0140815005,0.10235046,-0.15645579,0.048561078,1,chr19:39843834:tibial_artery:0,FN,0
6.7278934,-0.92272985,-0.8152265,-0.9690623,0.21671738,0.038121626,-0.16668786,0.062470008,-0.15012255,-0.21911414,1,chr19:21295220:prostate_gland:0,TP,1
-6.8878736,-2.3618112,-0.32968822,1.0057955,-0.6637913,0.31167644,0.010924711,0.22919537,-0.13399583,0.6042954,1,chr11:123235330:transverse_colon:0,FN,0
6.7353926,-1.077531,-1.2065547,-0.7138356,0.25468895,0.10191047,0.16756567,-0.43391424,0.3946079,-0.39307776,1,chr2:53940956:prostate_gland:0,TP,1
-0.19219792,1.8164876,-0.9264015,0.7871244,-0.6850754,-0.28111947,-0.974886,0.15680568,-0.48645467,-0.103084244,1,chr17:61741499:sigmoid_colon:0,FN,0
6.6154737,-0.8476336,-0.4287719,0.27771702,0.6946519,-0.33954275,-0.37578815,0.46819702,0.10030701,-0.26789722,1,chr19:45427778:thoracic_aorta:1,TP,1
-2.8640263,0.92783725,0.24738036,-0.5744798,-0.14191683,0.34887257,0.13958044,-0.68997806,-0.7012628,0.80038834,1,chr6:131199853:esophagus_squamous_epithelium:0,FN,0
-0.41201395,1.2873062,1.5204854,-0.83623594,0.45129392,-0.859665,0.5206521,0.34511393,-0.19340989,-0.27272466,1,chr18:597094:suprapubic_skin:0,FN,0
-3.8569994,1.360016,0.118366964,-0.42215165,-0.07456746,0.067466296,-0.43635383,-0.35813314,-0.30551785,0.5316059,0,chr7:44573153:body_of_pancreas:0,TN,0
-1.2394973,-0.13984904,1.8196675,-0.93024504,-1.3625972,-0.9197331,-0.96055603,-0.055996962,-0.53072,0.56735665,0,chr7:76305322:thoracic_aorta:0,TN,0
-6.126725,-0.8145176,-0.07078577,-0.034310576,0.8861618,-0.29654282,0.11255081,-0.107276775,0.06830627,-0.4408338,0,chr19:48446028:transverse_colon:0,TN,0
0.794957,0.8944234,-0.43462756,0.9568126,0.5964141,-0.25448072,-1.1795486,0.7360558,0.5080392,0.03341147,0,chr2:88159923:thoracic_aorta:0,FP,1
6.8500648,0.0054029906,-2.2931662,-0.69399536,0.9805908,-0.6275781,0.06585279,0.6134047,-0.10121019,0.66346973,1,chr17:22856764:spleen:0,TP,1
-1.9106048,1.4003327,0.9465343,-0.937521,0.56663257,-0.4951362,0.8715278,-0.13037391,-0.0051635304,0.5413273,0,chr17:80981608:tibial_nerve:0,TN,0
8.837243,0.8229063,-1.0409074,-0.17166738,0.5742973,0.069500566,0.2322749,-0.27650926,-0.33225632,-0.092838,1,chr3:75785547:thoracic_aorta:1,TP,1
-1.1232287,-0.38743374,-0.25539604,-1.8520199,-0.62565,1.072598,-0.84334254,0.050678484,0.8884561,0.38988027,0,chr9:152142:body_of_pancreas:0,TN,0
5.311777,3.0555537,0.63588375,0.62255174,-0.9358419,0.5551484,1.069478,0.3974371,-0.3948589,-0.013534086,0,chr1:6347999:body_of_pancreas:0,FP,1
-4.8750215,0.4057647,0.50034773,-0.23581831,0.34115437,-0.98291117,0.13192865,-0.03530821,0.024478726,-0.091815785,0,chr9:96777927:prostate_gland:0,TN,0
5.5395064,-1.3762861,0.78964275,0.10135046,-0.812098,-0.47708973,0.5442235,-0.51198286,0.5301657,-0.07839002,1,chr7:78040381:transverse_colon:0,TP,1
-3.0154538,0.2575547,0.82428086,-0.39229503,1.3216686,0.22147489,-0.72545767,-0.17422451,0.05998147,-0.04768986,0,chr20:62900225:esophagus_muscularis_mucosa:0,TN,0
-5.4059224,-0.55799305,-0.2399115,-0.2842335,1.018675,0.019365687,0.1290898,-0.08925956,-0.039029147,-0.15040657,0,chr19:40777787:adrenal_gland:0,TN,0
4.692998,1.2962953,-2.491659,-2.3571057,0.49257842,-1.2969031,0.42253992,0.19162655,-0.81432664,0.66497546,1,chr17:25564496:tibial_artery:0,TP,1
-0.7569459,2.3075764,-0.42008534,0.02590971,-1.0611285,1.1820889,0.15027104,0.6993193,0.09681465,-0.15635075,0,chr3:155702289:spleen:0,TN,0
6.2192173,-1.1879627,0.16292094,-0.46361867,0.07950813,-0.4144463,-0.39120936,0.24651802,0.3402976,-0.015035159,1,chr19:45427778:spleen:1,TP,1
-6.4416766,-1.0978826,-0.6980943,-0.11638007,0.45708245,0.40560725,-0.028064689,-0.22999161,-0.14912896,-0.17475729,1,chr20:23374785:omental_fat_pad:0,FN,0
7.1622925,-0.8141164,-0.5117603,-0.17167556,-0.037353277,-0.45960382,0.11684962,-0.041609105,0.06939313,-0.26919067,1,chr19:4352840:body_of_pancreas:0,TP,1
5.5274725,-1.9005095,-0.5436208,-1.0258735,-0.07679572,-0.10560567,-0.11611064,-0.27473482,0.32368997,-0.294554,1,chr2:157434879:body_of_pancreas:0,TP,1
-4.9429235,-0.41277573,-0.23421124,-0.37909487,0.4994581,0.36145467,0.01252513,-0.09184167,-0.43676353,-0.06431118,0,chr3:133041374:sigmoid_colon:0,TN,0
-3.8820076,0.0513051,-0.11164616,-0.49981323,1.0218474,0.642484,0.2803036,-0.07295531,0.13958071,-0.16781661,0,chr1:201878136:tibial_nerve:0,TN,0
-3.7385383,-0.29041097,-0.07854657,-0.62043136,0.60988396,0.9677144,0.18257728,-0.0699076,-0.004241604,0.14711004,0,chr4:10582403:suprapubic_skin:0,TN,0
-5.143321,0.4795987,-0.19763434,-0.121514075,0.12228702,-0.16496524,0.063990645,-0.08475167,0.060955755,0.046694536,1,chr10:29409306:body_of_pancreas:0,FN,0
7.5942206,0.045989435,0.09162035,0.39019102,-0.015624467,0.24975112,0.3227945,-0.34866974,-0.43125185,-0.5270618,1,chr9:61668518:suprapubic_skin:0,TP,1
2.6730988,1.5866987,1.8068951,0.8769701,1.100154,-0.09846911,-0.4177201,0.5023635,0.23156212,-0.24994618,1,chr7:85186902:Peyers_patch:0,TP,1
-4.743748,0.6143725,0.49892747,0.08273641,-0.013679264,-1.0177536,0.03376523,0.30503458,-0.10136356,-0.41131237,0,chr2:97590789:sigmoid_colon:0,TN,0
-4.5220723,0.5885268,-0.8683624,-0.49485782,-0.5273522,0.32577494,-0.26894432,-0.12899588,0.031653494,-0.5880675,0,chr8:140831477:spleen:0,TN,0
-6.699439,-1.0291753,-0.67218477,-0.14501037,0.1136154,0.20750694,0.06704026,-0.26543924,-0.04025865,-0.27704215,0,chr6:82252295:transverse_colon:0,TN,0
-4.131671,1.1908245,0.12726784,-0.124638416,-0.013165969,-0.78092444,-0.29532528,-0.4630747,0.15013902,-0.10843948,1,chr9:97633155:transverse_colon:0,FN,0
4.4602714,3.2159886,-0.8070559,-0.37381616,0.32668388,-1.2405466,0.43457064,0.5818923,0.72947973,0.76858693,0,chr13:45379107:upper_lobe_of_left_lung:0,FP,1
6.8342094,-1.0572826,-1.0261512,-0.011452397,0.41243032,-0.07968375,-0.05839852,-0.23406337,0.34732586,-0.40361872,1,chr1:91927306:tibial_artery:0,TP,1
-3.4406147,0.34536496,0.59145296,0.2939478,0.15040272,-0.56680435,-0.0713039,0.46286887,-0.04755984,-0.052000646,1,chr15:72664357:body_of_pancreas:0,FN,0
0.96350753,0.5310478,-2.1675222,1.6260808,0.12732364,-0.09953761,-0.6523742,0.54534864,-0.07440147,1.5050573,1,chr2:92401043:spleen:0,TP,1
-6.0995555,-0.8577306,0.03964019,0.25367934,0.9539563,0.027873764,0.32901844,-0.096221276,-0.361596,0.28546804,1,chr9:129145727:tibial_nerve:0,FN,0
-6.881654,-2.1360955,-0.29965353,0.0998646,-0.055224065,0.082366906,-0.093199395,0.074556105,0.1344662,0.17462483,0,chr2:7203027:tibial_artery:0,TN,0
7.123601,-0.10159361,0.8373935,0.6662661,-0.05383638,0.06601438,-0.05555135,-0.40359038,-0.7431578,-0.050669473,1,chr1:27556965:body_of_pancreas:1,TP,1
4.4191957,1.2290996,1.239447,1.3461615,0.89253277,0.536928,-0.6713941,0.33426973,-0.29682937,-0.5883346,0,chr7:12211199:prostate_gland:0,FP,1
4.481432,0.791406,1.8014116,0.7435486,0.17252886,-0.13429435,0.80693537,0.2028554,0.28470555,-0.23923415,0,chr17:40819075:upper_lobe_of_left_lung:0,FP,1
6.4556627,-0.98644936,-0.68409437,-0.11236697,-0.08830361,0.48864016,0.58079225,-0.6330427,0.46177626,-0.72494644,1,chr15:77077965:thoracic_aorta:0,TP,1
0.6886013,0.14132287,2.3835955,-0.40811425,0.47520956,-0.78989226,0.8022667,0.2632916,-0.32134703,0.50553405,1,chr18:75856:body_of_pancreas:0,FN,0
-2.2050006,1.2997278,-1.0140047,1.271802,-0.74013937,-0.0958378,0.43484813,-0.33900824,0.60479075,0.12490188,0,chr16:32421208:prostate_gland:0,TN,0
2.5828917,-1.1644073,-2.46032,1.1815904,1.048838,-0.4104188,-0.78284234,1.2151816,-0.68888503,1.2051605,1,chr11:53599400:transverse_colon:0,TP,1
-3.1161504,0.24144924,1.0453829,-0.37129048,0.9292521,-1.1046277,0.0994918,0.18891418,-0.1025075,-0.43079355,0,chr2:130797907:esophagus_muscularis_mucosa:0,TN,0
-5.4469585,-0.4639978,0.06689871,0.20468906,0.23291981,0.16718404,-0.04404495,0.012717789,-0.11926215,-0.36213228,0,chr21:34545781:transverse_colon:0,TN,0
-5.491625,-0.23497306,-0.614369,0.36234146,-0.43361393,0.38416213,-0.039721776,-0.43815666,-0.3578204,0.18697086,0,chr20:8231652:body_of_pancreas:0,TN,0
-5.60827,-1.63095,-0.009759368,0.8916172,-0.22113799,-0.67391527,-0.0910079,0.51293343,0.46648595,-0.46389365,0,chr9:67727077:transverse_colon:0,TN,0
-2.299252,-1.1348239,-1.9648577,2.757667,0.11279114,-0.20984587,-0.94430816,1.0611775,-0.6232994,0.67092323,1,chr20:28507029:testis:0,FN,0
-5.171455,-0.47406372,-0.11660344,-0.28770515,0.89327407,-0.036013503,0.26094508,-0.183771,0.40871653,0.0110750785,1,chr9:83219701:tibial_nerve:0,FN,0
0.35462332,0.38538182,1.5609416,-0.8434575,1.2469401,1.0073322,0.47197345,0.13709608,-0.7581549,0.2886684,1,chr14:106061994:tibial_artery:0,FN,0
7.930938,0.19148645,-1.4087076,0.028478794,0.7389251,0.17426886,0.06634355,-0.09212192,-0.051702637,-0.13030238,1,chr10:38653296:adrenal_gland:0,TP,1
-4.682986,1.0943391,-0.22448027,-0.41195822,0.16712992,-0.32974255,0.02376171,-0.68922424,-0.24107647,0.116003424,0,chr14:76873140:tibial_artery:0,TN,0
-4.4534793,0.44689566,-0.010392917,-0.3498292,0.499,-0.4344975,-0.24887325,-0.13769613,0.59333533,-0.9887705,0,chr15:43690274:thoracic_aorta:0,TN,0
2.57412,0.5926697,-0.11270087,1.2260547,1.4373128,1.4167572,-2.2240696,-0.5120259,-0.20450342,0.113321126,1,chr8:17755184:adrenal_gland:0,TP,1
-2.6953518,0.50129783,0.37542942,-0.5374612,-0.2147998,0.24369898,-0.5217594,-0.14891665,-0.8321132,-0.26172218,0,chr1:178037254:transverse_colon:0,TN,0
2.2729073,1.4525917,0.29007134,0.14342237,0.18729605,1.3219312,-1.5020094,-0.13372162,-1.078791,-0.67801964,1,chr9:127348292:transverse_colon:0,TP,1
6.413617,0.59765404,-2.7985442,-1.033764,1.2425641,-1.2067684,0.39601946,0.64418346,-0.3873617,0.79918456,1,chr17:23378824:omental_fat_pad:0,TP,1
-3.093429,1.2208154,0.31489158,0.48153248,-0.64265865,0.12170172,0.8157346,0.43088484,0.39640027,0.054322436,0,chr1:26234748:gastroesophageal_sphincter:0,TN,0
-5.315046,-0.1422114,-0.19995645,-0.0036063627,-0.13120234,0.36454618,-0.12361529,-0.02868415,-0.21553892,0.08770578,0,chr2:21042645:spleen:0,TN,0
-0.075467065,-1.6628085,1.6891327,0.32412022,-1.0469683,-0.68890977,1.0955027,0.39747745,-0.6221484,0.75158155,1,chr1:27556965:thoracic_aorta:1,FN,0
5.32474,-0.6253399,-1.4513476,0.36190122,0.34887046,-0.6933689,-0.19761823,0.0005235536,0.88447696,-0.2660358,1,chr7:73725711:prostate_gland:0,TP,1
1.2447351,1.914241,-1.0185155,1.8232186,-0.083960794,-0.5530155,-0.29081744,-0.08739618,1.1965872,1.1728064,1,chr4:82632547:body_of_pancreas:0,FN,0
-4.088004,1.6783882,-0.998086,0.099744454,-1.0759144,-0.48335403,0.13148533,-0.4061328,-0.4636066,-0.16322327,0,chr16:87912234:body_of_pancreas:0,TN,0
-6.806295,-1.5712845,-0.75761604,0.05783568,0.4010548,0.4397932,-0.09378014,0.05316927,0.18825169,-0.47207904,1,chr15:67303815:body_of_pancreas:0,FN,0
6.6154737,-0.8476336,-0.4287719,0.27771702,0.6946519,-0.33954275,-0.37578815,0.46819702,0.10030701,-0.26789722,1,chr19:45427778:transverse_colon:1,TP,1
-5.7236023,-0.1863715,-0.055068646,0.015558507,-0.394697,-0.52322906,-0.16431032,-0.20735957,-0.2846773,-0.0640771,0,chr5:139775176:esophagus_muscularis_mucosa:0,TN,0
-6.5995793,-1.0232375,-0.3986552,0.7641354,-0.24375483,-0.45831078,0.2828066,0.21457683,-0.31513074,-0.22459069,0,chr10:102628791:thoracic_aorta:0,TN,0
0.09210451,0.6933674,1.1317255,-0.65852296,-1.3858751,0.25109187,0.54298306,0.43282038,-0.40642372,0.7452574,0,chr1:152048801:adrenal_gland:0,TN,0
-4.9300265,0.6561699,-0.41604897,-0.4386359,-0.009890639,0.3441086,-0.18080014,-0.56636524,-0.044977408,-0.3884297,1,chr5:158014121:prostate_gland:0,FN,0
6.9576983,-0.2527789,0.75887984,0.85180205,-0.13004057,0.014702234,0.8819364,-0.27187335,0.52362925,-0.59202427,1,chr9:63859628:body_of_pancreas:0,TP,1
-5.039199,-0.782623,0.44840938,0.5697937,-0.70640415,-0.42064112,-0.2267746,0.26912105,0.14362141,-0.2105589,1,chr2:38555382:prostate_gland:0,FN,0
-1.3368634,2.0844657,0.9126994,-0.25777942,-1.0326774,-0.4832056,-0.4644426,0.046252966,-0.27717677,-0.016240371,0,chr19:19554833:transverse_colon:0,TN,0
2.4393065,0.98295987,1.3632933,-0.0068754447,1.0917464,0.74040806,-1.4019134,0.080176756,-0.43765277,-0.43947387,0,chr10:80047418:spleen:0,FP,1
4.6951814,0.65950406,2.2481713,0.7430716,-0.25358182,-0.1494753,0.251055,-0.22243705,-0.2934303,-0.07291169,1,chr6:169655219:prostate_gland:0,TP,1
4.2711535,1.1944503,-0.84741217,0.76236385,-0.10506025,0.458666,-0.7706755,0.9311455,0.8558749,0.18621536,0,chr7:6797614:upper_lobe_of_left_lung:0,FP,1
-3.456085,0.5167021,0.2006255,0.49030888,-0.35845473,0.09451605,1.2189391,0.14499645,-0.61285675,0.411249,0,chr5:177501512:esophagus_muscularis_mucosa:0,TN,0
-4.8213224,0.6115815,-0.985306,-0.42830554,-0.2985651,0.17218393,-0.2548101,0.15053709,0.11673946,-0.7953103,0,chr10:11472145:prostate_gland:0,TN,0
-3.21644,0.5884969,0.33262363,-1.2338195,-0.40647417,0.6747753,-0.7530146,-0.16272625,-0.2560054,0.2079703,0,chr1:148255348:transverse_colon:0,TN,0
-6.3249764,-0.53298163,-0.6877519,0.14072807,-0.06354573,-0.14623328,-0.07469625,-0.2434218,0.21844395,-0.34654033,0,chr7:47266370:thoracic_aorta:0,TN,0
-5.867709,-0.3843109,-0.06897194,-0.08159971,0.7277317,-0.2875642,0.45319968,-0.123050265,-0.05497897,-0.15491676,0,chr11:11622213:testis:0,TN,0
-1.2554669,0.87498367,1.800947,-0.8436248,-0.022616144,-0.1698832,-0.6974534,0.22075857,-0.4747399,0.33580583,1,chr2:96533513:prostate_gland:0,FN,0
-4.913783,-0.84271574,0.026251614,-0.84107757,0.095708564,0.5300229,-0.49522653,0.1854064,0.12730105,-0.1739545,0,chr3:122458998:esophagus_squamous_epithelium:0,TN,0
-3.7328045,-0.23765978,-0.592214,0.4316423,-0.89825267,-0.14688244,-0.23483896,-0.36644763,0.43387166,0.17800505,0,chr8:6869682:body_of_pancreas:0,TN,0
-2.2201467,1.6786888,0.44093105,0.18584724,-0.3021037,0.65591204,-0.46414995,-0.49413767,0.25072777,0.4544766,1,chr6:137697537:body_of_pancreas:0,FN,0
2.7410665,0.71131235,0.30389035,-0.4170139,-0.4346295,-0.100446306,-0.67033976,1.0696082,1.0133609,0.56449205,0,chr11:449817:tibial_nerve:0,FP,1
8.185158,0.9406358,-2.0876622,-0.3043758,1.1650114,-0.41065252,0.41234225,0.33331844,-0.48090866,0.29983476,1,chr17:22909996:adrenal_gland:0,TP,1
-6.52642,-1.1389356,-1.0600151,0.53347754,-0.46418622,0.56633073,0.14310241,-0.12220191,0.03658292,0.18355675,0,chr2:191748941:body_of_pancreas:0,TN,0
-4.7768636,0.65354735,-0.5140421,-0.5524867,-0.15418522,0.14819223,-0.05031149,-0.056682743,0.08061312,-0.3121819,1,chr16:4548780:spleen:1,FN,0
-4.3885484,1.0102818,-0.31401452,-0.12300547,-0.44846058,0.1759324,0.28734195,0.22418906,-0.21110772,-0.22085294,0,chr1:31423083:transverse_colon:0,TN,0
-5.071338,0.10854152,0.20088673,-0.44828305,0.61979467,-0.20334013,0.1730583,-0.25566623,-0.3811275,-0.003373074,0,chr17:50950273:sigmoid_colon:0,TN,0
-5.3884854,-0.71365845,-0.06776995,-0.3972557,0.9899196,0.19757366,0.33525538,-0.2669312,-0.008497566,0.23401925,1,chr9:83219889:testis:0,FN,0
-2.148102,0.8757346,-0.047665827,-0.26258656,-1.8638299,-0.9316351,0.31076214,0.07805338,0.40174037,0.65035707,1,chr17:75032294:thoracic_aorta:0,FN,0
-5.1003156,-0.2080374,-1.0833163,0.51713425,-0.34110078,0.5356194,0.22049785,0.69397837,0.6140264,-0.15970029,1,chr14:58098678:Peyers_patch:0,FN,0
-2.706085,2.0415058,-0.024936825,0.72435075,0.17113599,-0.7513799,-0.85659856,-0.6046254,-0.18285689,-0.43389145,0,chr6:27146708:transverse_colon:0,TN,0
6.367874,-1.3140233,0.3233926,-0.017666483,-0.33512908,0.06276395,0.16580012,-0.7244307,-0.5013357,-0.34039864,1,chr12:121918386:gastroesophageal_sphincter:0,TP,1
6.7666187,1.115365,-0.3688316,1.5954621,0.6364879,1.0500113,-0.2224087,0.3833765,-0.2141849,-0.17862579,0,chr18:3998780:upper_lobe_of_left_lung:0,FP,1
-0.8135597,1.2404741,-1.4291764,1.2095791,0.5011198,0.21991806,-0.3204484,-0.48052606,0.7303076,0.8588955,0,chr8:19257625:transverse_colon:0,TN,0
-4.5734673,1.0162816,-0.30167216,-0.003842198,-0.111622274,-0.75370044,0.070023626,-0.16895802,0.4124393,-0.65944606,0,chr11:8225583:tibial_artery:0,TN,0
1.3253111,2.2719028,1.1848428,0.46612075,-0.85769296,-1.4651814,-1.2305992,-0.27488333,-0.7960192,0.6209705,0,chr22:43159583:upper_lobe_of_left_lung:0,TN,0
-6.9545884,-1.1253287,-0.8159033,0.6396997,-0.24871783,-0.041399024,-0.008770978,-0.31424564,-0.13232759,0.10063604,0,chr9:132849549:transverse_colon:0,TN,0
6.538264,-0.27070287,-0.9345294,1.5992763,0.6385484,0.49111646,-0.11182736,0.2569309,-0.5296415,-0.24836616,1,chr2:158415576:gastroesophageal_sphincter:0,TP,1
-2.1872587,-0.16460729,0.8817813,-1.354077,0.20639837,0.731997,0.009279807,0.6174186,-0.19024578,-0.3349357,0,chr17:30340560:tibial_artery:0,TN,0
2.555403,-0.24650775,0.7001983,-0.43280187,-2.0175588,-0.24675739,-1.3173358,0.44277996,0.18522859,0.6418711,0,chr1:42923243:testis:0,FP,1
-1.586392,1.4431378,-0.53121674,0.15502664,-1.0234828,0.5385517,0.8066295,-0.14057206,0.85801965,0.8021915,0,chr11:65480605:body_of_pancreas:0,TN,0
6.262613,-0.14150636,1.7169948,1.1498201,-0.09114486,-0.53200656,0.30331036,-0.35932875,-0.22632843,-0.3644403,1,chr4:1752766:body_of_pancreas:0,TP,1
-2.006733,1.8562814,-0.52339226,-0.42639697,-0.6771255,0.47064847,-0.35845512,0.018782504,1.0464476,0.48045266,0,chr8:27855652:body_of_pancreas:0,TN,0
-2.9879105,1.7830408,-0.05080275,0.8008588,0.017920667,-0.38128,-0.42096472,-0.14687477,0.6686135,-0.3147133,1,chr7:74566874:adrenal_gland:0,FN,0
-6.638626,-2.5143015,-0.40907538,0.6077665,-0.76488346,0.5698221,-0.25549483,0.061971825,-0.6400644,0.3753257,0,chr7:144362043:prostate_gland:0,TN,0
8.268263,1.0090243,-1.3068591,-1.0100993,0.68976665,-0.8378251,0.30974272,-0.22250204,-0.11469545,0.45876548,1,chr14:30690707:Peyers_patch:0,TP,1
8.5916395,1.0788366,-1.4921483,-0.639509,0.721557,-0.3606143,0.42726174,-0.2073298,0.095376976,0.067472905,1,chr14:30690707:body_of_pancreas:0,TP,1
7.0457153,-0.6573133,-0.14594433,0.27582106,0.32928014,0.5382372,-0.3787309,-0.04965668,0.108246356,0.31054878,1,chr6:43386692:esophagus_muscularis_mucosa:0,TP,1
-5.5861673,-0.21588592,-0.36990106,-0.38258347,0.39537293,0.35293877,0.16578124,-0.50248915,-0.0033776592,0.041283615,0,chr4:82462411:prostate_gland:0,TN,0
6.7532825,1.4382701,-2.6614501,-1.8390229,1.1570805,-1.2941796,0.6409196,0.38850886,-0.6682289,0.6387258,1,chr17:25579422:transverse_colon:0,TP,1
5.372897,-0.9779887,0.35530156,0.21766303,0.011214004,0.02889082,0.5121162,-0.058919817,0.9923599,0.23016492,1,chr5:197187:body_of_pancreas:0,TP,1
-4.495339,0.86874294,0.07902088,-0.40644562,0.5914963,-0.47961888,0.14580677,-0.12865256,-0.17409645,-0.5715285,1,chr6:39725494:esophagus_muscularis_mucosa:0,FN,0
6.8135457,-0.99264777,-0.55821687,0.24072115,0.16308372,0.18834896,0.38787556,-0.3824378,0.9862043,-0.5051768,1,chr3:103094197:prostate_gland:0,TP,1
-3.586948,1.1642468,-1.0183783,0.38384998,-0.5808873,1.1328602,-0.005525225,0.12552384,0.74735653,-0.6600886,1,chr10:48659989:Peyers_patch:0,FN,0
-6.271237,-1.4879687,-0.7013856,1.2633064,-0.6552792,-0.090048715,0.4107274,-0.068485014,-0.5955673,0.51054424,0,chr19:8599164:body_of_pancreas:0,TN,0
-5.415324,0.19213895,0.25366348,0.22807328,-0.020993846,-0.6452491,0.34078526,-0.23545508,-0.25157353,-0.035891883,0,chr19:35717320:adrenal_gland:0,TN,0
-6.228844,-1.1660713,-0.07338341,0.015047133,0.9997033,-0.13952002,0.21021804,-0.056346912,-0.051970925,-0.16579749,0,chr11:68384244:Peyers_patch:0,TN,0
-6.0140862,-0.23714212,-0.69950867,0.60815275,-0.62013334,-0.395916,-0.07641256,0.023210026,0.4486338,0.027597222,0,chr7:151112985:body_of_pancreas:0,TN,0
-3.3553362,0.7932369,0.7602419,-0.7374469,0.2693945,-0.2790615,-0.0397238,0.23252214,-0.311386,0.14665183,0,chr7:4152308:gastroesophageal_sphincter:0,TN,0
5.100605,-1.1700419,1.567105,0.5386486,-0.9524686,-0.8524365,-0.14742474,-0.41668755,-0.08886462,0.2591361,1,chr5:179213127:esophagus_muscularis_mucosa:0,TP,1
-3.567899,-1.4077424,0.9774054,0.94002444,-0.64128065,-0.030189332,-0.51506996,0.5702131,-0.5524229,-0.358914,1,chr2:239791179:omental_fat_pad:0,FN,0
-5.2361774,-0.2854,-0.32256696,-0.35155076,0.87195635,0.22163734,0.10751009,-0.25891986,0.079696275,-0.26057017,0,chr19:18192987:body_of_pancreas:0,TN,0
-3.9090526,-0.3424024,0.2556116,-0.7187932,0.8693451,0.49071947,0.24010053,-0.11066431,0.093432724,0.071336366,0,chr22:28009558:thyroid_gland:0,TN,0
-3.5119045,1.4851135,0.27115396,0.53907764,0.12422482,-0.53197473,0.21972828,-0.07446115,0.41737485,-0.09945412,0,chr4:54658136:upper_lobe_of_left_lung:0,TN,0
2.0144935,0.9570858,-0.4281599,1.877291,0.09312378,-0.068670325,-1.7244546,0.59994984,0.30856586,0.363096,1,chr3:135921913:body_of_pancreas:0,TP,1
7.351692,0.016720481,0.34435216,1.2289102,0.06982726,-0.102753446,0.3310087,-0.5631244,-0.21568705,-0.17742002,1,chr16:579030:transverse_colon:0,TP,1
-5.6248426,-0.0744665,-0.47747532,-0.2587796,-0.16453241,0.27247605,0.14479114,-0.26537782,-0.009982585,0.05963509,0,chr4:104860777:prostate_gland:0,TN,0
-2.2440069,1.6091267,-0.9526826,0.8567315,-0.7450353,-0.047778763,0.7073865,-0.41563904,0.3312001,0.0010171888,0,chr1:18911790:testis:0,TN,0
1.3201451,1.2560542,2.0044296,0.16536607,1.5566599,0.22930658,0.17887749,0.2916553,0.35382378,0.2234301,0,chr1:16741091:adrenal_gland:0,TN,0
6.9505696,-0.83685005,0.259363,0.40548027,-0.32919782,-0.14565215,0.12254613,-0.6819105,-0.15553263,-0.28490263,1,chr2:132257671:body_of_pancreas:0,TP,1
-4.6790934,0.17387865,0.32413998,-0.3766557,1.1729727,-0.16095959,-0.133914,-0.4488394,0.15680617,-0.044258032,0,chr20:58851670:upper_lobe_of_left_lung:0,TN,0
6.692829,-1.1435468,-0.51073605,-0.9604891,0.0012924073,-0.3018495,-0.39227766,-0.22876447,-0.37260357,-0.12205788,1,chr10:44370798:body_of_pancreas:0,TP,1
-6.6037526,-3.4054308,-0.06306621,1.8894551,1.1001561,0.40366453,0.58362234,0.8331454,-1.0744197,0.7167129,0,chr1:146401430:upper_lobe_of_left_lung:0,TN,0
-4.018343,-0.19869646,0.06832505,-0.71538097,0.71952826,0.49660486,-0.010895241,0.020585146,-0.06404019,-0.18283735,1,chr20:54062952:transverse_colon:0,FN,0
4.4053073,-2.6249156,-0.891845,1.3239361,0.5318214,0.036152083,-0.73979807,0.020231137,0.12205216,0.025540315,1,chr20:29891452:body_of_pancreas:0,TP,1
-3.2567928,-0.102928065,0.8371559,0.1740746,-0.81009525,-1.5095319,-0.19251533,-0.2536557,-0.37244332,0.60651666,1,chr17:80846411:body_of_pancreas:0,FN,0
-5.3132567,-0.14404957,-0.15295388,-0.31133115,0.752342,0.034134455,0.026811386,-0.43134603,0.2041109,-0.51023656,1,chr1:26921783:upper_lobe_of_left_lung:0,FN,0
-4.8284435,0.39939004,0.3020768,0.11985858,0.72193086,-0.6763232,0.1980178,-0.10799047,-0.12395966,-0.11640705,0,chr1:2204651:tibial_artery:0,TN,0
-8.109637,-2.6988971,-0.5858788,1.1355157,0.49579456,-0.26593542,0.02184563,0.0834388,-0.5601393,-0.032998152,0,chr11:12599485:tibial_artery:0,TN,0
6.43567,-0.24459556,-0.3334423,0.3665635,-0.32362425,-0.024783826,0.20949247,-0.05866565,0.029795239,-1.1758912,0,chr15:29439155:body_of_pancreas:0,FP,1
-4.1266217,0.7791547,-0.26589984,-0.32005784,0.09576884,0.39351383,-0.0052107475,-0.8782639,0.24885657,0.0943931,0,chr10:61819430:body_of_pancreas:0,TN,0
7.989885,0.93334764,0.30083534,0.6444688,0.051581196,0.73265797,0.79289687,-0.01862614,-0.034937903,-0.09610221,1,chr12:48753691:esophagus_muscularis_mucosa:0,TP,1
6.5845194,-1.3141584,-0.7564422,-0.12257635,0.17111364,0.08427217,-0.011826702,-0.49087587,0.44284785,-0.5184935,1,chr6:111422648:thyroid_gland:0,TP,1
-5.8787327,-0.27740547,-0.16193418,0.18565015,-0.3370668,-0.63125914,-0.007130215,-0.11461457,0.45582452,-0.08661613,1,chr11:43680454:tibial_nerve:0,FN,0
4.2194858,-0.534942,0.65657246,0.46835226,-0.074983485,1.2773335,0.85911,1.0150081,0.45040196,0.08326574,1,chr10:18627450:prostate_gland:0,TP,1
-4.933206,0.41942406,0.52815074,-0.18598178,0.6661315,-0.7305455,0.09185465,0.02043697,-0.09352084,-0.48553702,0,chr5:178730754:gastrocnemius_medialis:0,TN,0
1.1371657,-0.5115426,0.9097841,0.05322877,-0.50079685,1.9100457,0.0022857722,0.46234915,0.027592106,-0.007926328,0,chr1:114979744:transverse_colon:0,FP,1
-6.0872746,-0.6819758,-0.063492134,-0.022529177,0.5222741,-0.121822506,0.23546849,-0.07230664,-0.46498305,-0.21032564,0,chr14:76873140:gastrocnemius_medialis:0,TN,0
6.4449477,-0.046045065,1.0889726,0.36982167,-0.697509,0.32241848,1.099213,-0.1728793,0.020919146,-0.08897845,0,chr15:85504871:transverse_colon:0,FP,1
6.667478,0.5858099,-2.5801377,-1.232739,1.2718438,-1.0568093,0.4384844,0.5510368,-0.18243493,0.85731864,1,chr17:25564506:body_of_pancreas:0,TP,1
-2.566605,2.0977075,0.5354112,0.83756936,-0.21366134,-1.5544597,0.9595707,0.13539703,0.7749709,-0.44296888,1,chr8:28701937:gastrocnemius_medialis:0,FN,0
6.796326,-1.2528446,0.35012516,0.42296347,-0.05393186,-0.28957975,-0.028701296,-0.41111925,-0.0101015065,-0.23769099,1,chr14:23988708:body_of_pancreas:0,TP,1
5.507594,0.65781385,0.8218695,0.75194216,0.03640087,-0.7299082,-0.22781381,1.1032434,-0.13728578,-0.5834033,0,chr9:93827801:tibial_artery:0,FP,1
-4.8421097,0.398091,-0.1905791,-0.33492622,-0.035331465,-0.10989332,0.2040957,-0.05740958,-0.5204642,0.05216992,0,chr17:72467729:esophagus_squamous_epithelium:0,TN,0
7.973984,0.019103952,-0.4996806,-0.016600244,-0.030375838,0.22256282,0.23092829,-0.5658751,-0.28159422,-0.039697006,1,chr7:142776507:body_of_pancreas:0,TP,1
7.245841,-0.78910035,-0.830491,-0.5270105,0.27807948,-0.33825928,-0.12203869,-0.13526264,0.27059644,0.14673525,1,chr6:31374359:transverse_colon:0,TP,1
-3.7798128,-0.5057253,0.2801782,-0.24201083,-0.0075631877,0.43642068,-0.231376,-0.5013683,1.2136085,0.7940692,0,chr4:157978948:esophagus_muscularis_mucosa:0,TN,0
-1.2419873,1.3179932,-0.3851852,0.15986954,-0.6254785,-0.32930353,-0.5498749,0.78404915,1.3608657,-0.011849854,0,chr19:39048065:body_of_pancreas:0,TN,0
-5.706946,-3.0296106,-0.16665612,0.2351757,-0.9331405,0.3465998,-0.06147815,1.1026804,-0.3107018,0.23309535,0,chr6:32967583:Peyers_patch:0,TN,0
7.3914566,-0.4191879,0.2674959,0.24299347,-0.2386013,0.21111841,0.17161399,-0.30079412,-0.3050716,-0.53160626,1,chr9:61668518:prostate_gland:1,TP,1
3.4332302,1.2720633,1.2376416,1.004661,1.0839826,0.76069903,-1.1185167,-0.7104992,-0.50312006,0.9337286,1,chr6:131199853:upper_lobe_of_left_lung:0,TP,1
-4.261864,-0.053453024,-0.74018323,0.8086996,-0.5878479,-0.49513623,-0.2199965,0.09179849,-0.10132941,0.04652412,0,chr1:23210397:transverse_colon:0,TN,0
6.3092923,-1.7135094,-0.12096904,-0.22209379,-0.16690478,-0.4721802,0.075603396,-0.41745186,0.019692332,-0.119716994,1,chr3:75785419:sigmoid_colon:0,TP,1
7.8974404,-0.20764428,-1.1929705,-0.43287784,0.5964242,-0.24186045,-0.027292108,-0.020059671,0.07576178,0.058241785,1,chr6:31374359:thoracic_aorta:1,TP,1
6.0629897,1.4259858,-2.5470326,-1.4103773,1.013796,-1.0192394,0.49501276,0.7537801,0.0064041833,0.7711534,1,chr8:44636977:transverse_colon:1,TP,1
-5.053212,0.9783933,-0.5313217,-0.10065961,-0.19770107,-0.3530704,-0.13985048,-0.3778811,0.23643607,-0.48480278,0,chr19:48152501:Peyers_patch:0,TN,0
4.149742,-0.8742988,-0.110590994,1.7216177,1.2388133,0.63301945,-1.2843307,0.60924405,1.1771547,0.2966263,1,chr6:53956277:esophagus_squamous_epithelium:0,TP,1
6.425299,-0.73456573,0.10688451,-0.49389035,-0.3301667,-0.28881156,-0.7443198,-0.109152526,-0.14481546,0.54390055,1,chr5:149431239:esophagus_squamous_epithelium:0,TP,1
-7.8027363,-3.2169302,0.33825007,0.80645937,0.9905746,-0.4623332,0.03080104,0.27012047,-0.46680003,-0.17778496,0,chr16:4685526:body_of_pancreas:0,TN,0
6.3544984,0.26501316,0.69153655,1.1803992,-0.16939624,0.14650528,1.268507,-0.72027713,0.67912513,0.56544995,1,chr19:21484173:gastrocnemius_medialis:0,TP,1
5.9567695,-1.5780641,-0.21895717,-1.1323531,-0.035566293,0.04054684,-0.11901701,0.022376211,-0.07243292,-0.06676698,1,chr11:60251676:transverse_colon:1,TP,1
-3.7028623,0.30538923,0.03263911,-0.7806851,1.0365674,0.44184783,0.1981724,-0.1872042,0.03563097,0.07421857,1,chr8:32547271:prostate_gland:0,FN,0
7.4211025,2.6861672,-1.768041,-0.12320292,0.9178443,-0.917328,0.24701682,0.5155922,0.66177064,1.2091892,0,chr19:52748468:thoracic_aorta:0,FP,1
-0.9588018,1.5784981,0.74053544,0.3759072,0.79518753,-0.4195298,-0.24577536,0.22623609,0.10783849,-0.47253862,0,chr16:68237591:thoracic_aorta:0,TN,0
-2.6486182,0.24580625,0.22922502,-0.52247196,-0.3709738,0.63457763,-0.19116299,-0.573685,0.4087005,0.7737552,0,chr6:24931943:sigmoid_colon:0,TN,0
-4.63827,0.8003915,-0.47133967,-0.46810555,-0.31786263,-0.12128187,0.08224194,0.056275476,0.21054019,0.115103096,1,chr16:4548780:gastrocnemius_medialis:0,FN,0
-3.6440015,1.207097,0.5598551,-0.19381338,0.3608815,-0.8664236,0.4300937,0.415638,0.46828082,-0.22878222,0,chr17:34980857:gastroesophageal_sphincter:0,TN,0
4.4775567,-0.0348812,1.4891814,-0.5427631,-1.0215116,-0.56256944,0.3829911,0.096789286,-0.75159,-0.039077077,1,chr1:27556965:prostate_gland:1,TP,1
4.9136457,1.2845707,-2.2978396,-2.3840787,0.6791443,-1.333553,0.5748347,0.25325447,-0.54139465,0.8425244,1,chr17:25564506:Peyers_patch:0,TP,1
6.482088,-1.3915696,-0.87207675,-0.3507974,0.22260447,-0.054135405,0.07737296,-0.3295858,0.7952695,-0.35898018,1,chr8:69248295:thyroid_gland:0,TP,1
-5.1517987,0.225723,-0.017703462,-0.23657589,-0.100077845,-0.11924311,-0.11708566,-0.0077786036,-0.4680222,0.15279715,0,chr10:110834148:body_of_pancreas:0,TN,0
-1.302009,0.14737812,2.0354822,-1.0877277,-0.2622871,-0.59423167,-0.3647139,0.11082214,-1.3596265,0.17007935,1,chr7:2064001:tibial_nerve:0,FN,0
6.7763577,1.2570473,-0.40158415,1.0202736,0.36398935,0.15298322,0.15423101,0.08514792,0.48434493,0.12950003,0,chr3:134769565:body_of_pancreas:0,FP,1
4.9891543,0.62141126,0.7957164,-0.22315206,0.22439888,0.161084,-0.31683898,0.67458713,1.0896107,0.80126154,1,chr20:32674620:adrenal_gland:0,TP,1
5.6961746,-0.05660775,0.007211158,-0.43018764,-0.99336624,0.3130055,0.5789169,0.7598632,0.49732548,-0.15901016,0,chr1:244014970:upper_lobe_of_left_lung:0,FP,1
-5.4924893,0.19222245,-0.4639211,0.18492399,0.27164602,0.24241526,0.060503375,-0.28890866,0.01174283,0.030147374,0,chr19:36606005:adrenal_gland:0,TN,0
-4.07805,1.133072,-0.25179854,-0.12623061,-0.50575745,0.031079285,0.27398247,0.49475068,-0.16267034,-0.3495188,0,chr1:31423083:tibial_artery:0,TN,0
7.2398596,1.0522525,-2.6673985,-1.5177878,0.9889979,-0.69367254,0.39796117,0.48819637,-0.63572717,0.40520826,1,chr8:45161471:transverse_colon:0,TP,1
-5.9852614,-2.5480843,-0.24701749,1.6581213,0.06151808,-0.49060425,0.69537836,0.068412334,-0.18322375,0.6749912,0,chr18:55590224:body_of_pancreas:0,TN,0
7.4654274,-0.023781672,-0.29389703,1.0015047,0.1889507,0.46738127,0.3114512,-0.007894678,-0.24815482,-0.42511117,1,chr3:75723673:transverse_colon:0,TP,1
7.4038153,0.7782135,-2.5241098,-0.6095071,1.3540136,-0.75399715,0.37095812,0.47455332,-0.40359074,0.67698205,1,chr17:25579422:testis:0,TP,1
0.04283835,2.6270251,0.8637979,0.5767928,0.6183295,-0.80417514,-0.23753184,-0.09270216,-0.13454846,-0.5163378,0,chr5:36241819:testis:0,TN,0
-4.0921535,-0.5396071,0.5740298,-0.69166684,0.9241235,-0.21918519,-0.15526107,-0.2650731,0.45023677,-0.19394572,1,chr11:1652791:spleen:0,FN,0
-5.037103,0.2395684,0.25187474,-0.3685934,0.85745305,-0.80313206,0.17156634,-0.113067806,-0.26593685,-0.20323788,0,chr7:100894790:testis:0,TN,0
5.7047315,0.9811558,0.35850033,0.5485766,0.58152014,0.9426877,-0.8731182,0.23375916,0.1721478,0.2045753,0,chr14:24014450:tibial_artery:0,FP,1
-4.2170153,-1.379697,-0.9366284,-0.4556962,-1.435256,0.14159961,0.02615043,0.9062431,-0.2600877,-0.12002323,0,chr4:109977768:body_of_pancreas:0,TN,0
-2.7609434,0.29108983,-0.3356402,-0.4700312,0.71380216,0.9474393,-0.7562563,-0.31284383,0.703485,0.21209551,0,chr22:10673306:thoracic_aorta:0,TN,0
2.6339874,1.0916413,-0.7123157,1.82631,-0.016842548,0.30489218,-0.411507,0.56839377,0.48419654,1.1221381,0,chr4:88714082:body_of_pancreas:0,FP,1
5.855966,0.87907183,1.7883674,-0.7103189,-1.1429178,0.28657335,0.8844839,0.018945655,0.13799386,0.3386808,1,chr16:18131657:upper_lobe_of_left_lung:0,TP,1
-1.4569548,0.42799047,-0.11749496,0.093815774,-0.6359833,-0.76310074,-0.1427508,0.8809505,1.6186596,0.2060991,0,chr11:63404588:body_of_pancreas:0,TN,0
-2.8298774,1.7512252,0.73385495,-0.07336765,-0.59173083,-0.724754,-0.128247,-0.6963632,-0.48383385,0.8438114,1,chr7:100965467:transverse_colon:0,FN,0
7.088031,0.6283067,-2.4328892,-0.5207787,1.2948576,-0.64813375,0.12058949,0.79535073,-0.25168893,0.80421,1,chr8:44636977:testis:1,TP,1
6.2497954,0.3134665,0.15522914,1.3324763,-0.639575,0.35416764,0.056294374,0.01996624,-0.49688813,-0.8528898,1,chr12:2540813:spleen:0,TP,1
8.152356,1.407702,-1.6434467,-0.38015604,1.1535336,-0.3363916,0.18685278,-0.027534606,0.25237846,0.29272854,0,chr4:44827714:body_of_pancreas:0,FP,1
-5.534326,0.4138151,-0.6405019,-0.2352417,0.2803331,0.09298272,-0.11731552,-0.7055524,0.1725655,-0.42623687,0,chr3:113577845:upper_lobe_of_left_lung:0,TN,0
-4.346611,0.22044303,0.56563866,-0.61192214,0.2586708,-0.43957752,0.026665648,0.020906083,0.3908418,-0.5043136,1,chr15:40906278:upper_lobe_of_left_lung:0,FN,0
2.7123275,-1.1980819,0.9029772,-2.1141453,-1.1362914,0.2877946,-0.9613783,0.51895803,0.51477313,0.5905743,1,chr9:17531876:transverse_colon:1,TP,1
6.4077783,-1.628066,0.026577193,-0.2035939,-0.0680897,-0.75998163,0.04961558,-0.6882539,0.3712025,0.16658184,1,chr3:75785357:gastrocnemius_medialis:0,TP,1
-5.905768,-0.86185634,-0.09966627,-0.13747963,0.3086595,0.11932712,-0.06255048,0.108960256,0.04092528,-0.16286072,1,chr6:168884315:tibial_nerve:0,FN,0
-5.604851,0.23768435,-0.88141996,0.47951004,-0.66577774,-0.08280168,0.17140467,0.027401024,-0.1316616,-0.17888652,0,chr14:52045127:body_of_pancreas:0,TN,0
-1.0308715,0.18104891,1.0370566,-0.7201495,1.2115271,0.65286106,0.31489804,-0.036362804,-0.47347897,0.5569292,0,chr14:106061994:prostate_gland:0,TN,0
-5.312204,-0.24450819,-0.12585011,-0.3147238,0.85790604,-0.017847028,0.19757205,-0.1724025,-0.026258362,-0.32107925,0,chr9:98315874:spleen:0,TN,0
0.3381969,0.09105281,0.5634394,0.03252577,0.084204875,0.62687385,0.054863226,0.38079184,0.52300495,0.29629686,0,chr16:11800357:body_of_pancreas:0,TN,0
-3.2604184,0.9685307,-1.2052319,0.48909917,-0.41628128,-0.07732753,-0.36910886,0.4992188,-0.59214056,-0.8595536,1,chr2:168375394:prostate_gland:0,FN,0
-3.4447346,0.5759594,0.7007976,-0.7995983,0.9324309,-0.5594113,0.45607495,-0.22577351,-0.03886922,0.19791482,0,chr21:34890129:tibial_artery:0,TN,0
-3.5909255,1.7279907,-1.0356228,-0.257501,-1.4927673,-0.4621303,-0.24507277,-0.40958062,-0.5831099,-0.3033873,0,chr9:86332338:body_of_pancreas:0,TN,0
-4.066592,0.43417156,0.6590145,0.6343261,0.9802211,-0.4176873,0.17880967,-0.018015042,0.600804,0.05625338,1,chr12:123762055:gastroesophageal_sphincter:0,FN,0
-3.1805975,1.2362849,-0.79905593,-0.34882522,-0.8221246,-0.114229724,-0.038750574,-0.022662586,-0.34579036,-0.5752349,0,chr12:9250488:body_of_pancreas:0,TN,0
3.3436377,0.9668353,2.169117,1.5344644,0.55350643,-0.84904855,0.29308823,0.75635463,-0.3090772,-1.0963224,1,chr16:4273965:body_of_pancreas:0,TP,1
-2.7058253,1.6644892,-0.45659506,0.023921957,-0.49580723,-0.263722,0.06260463,0.09717689,0.9832411,0.3901824,0,chr6:11655830:spleen:0,TN,0
-4.195787,0.26907012,0.48786637,-0.27066424,1.2356128,0.1727214,-0.054942988,-0.21334015,0.06345276,-0.22222675,0,chr8:11933952:body_of_pancreas:0,TN,0
6.5241485,0.2017415,-0.5402281,0.3812963,-0.17965741,0.61548275,0.40899637,0.20820086,-0.25489408,-1.2887912,0,chr1:207000211:body_of_pancreas:0,FP,1
-3.3192327,0.5804186,0.17364044,0.14392579,-0.6323744,-0.6790876,-0.67974675,-0.110804446,0.550025,0.9730504,0,chr2:47080961:body_of_pancreas:0,TN,0
-3.2211003,-0.10788337,0.0905509,-1.4181241,-0.68508196,0.76608944,-0.438362,-0.215383,0.60956424,0.5244535,0,chr4:110589414:body_of_pancreas:0,TN,0
-3.1289353,0.051324833,0.22156441,-0.80640095,0.7480299,1.3421125,-0.18269779,-0.48408926,0.552272,0.5494037,0,chr10:110269541:thoracic_aorta:0,TN,0
-4.9103303,0.77507013,-0.10084299,-0.16801588,0.19910608,-0.47380438,0.25541556,-0.089431375,-0.2065691,-0.4703437,0,chr2:64751571:transverse_colon:0,TN,0
1.0997925,-0.3656172,0.57760495,0.68407446,0.29809135,0.6890666,-1.475896,0.8617378,0.24819727,0.18568675,1,chr6:53956277:tibial_artery:1,TP,1
-4.0936184,0.3651225,-0.025391204,-0.34241304,-0.9017373,-0.3366252,-0.119967476,-0.28367326,-0.05781061,0.4536513,0,chr1:84753658:thyroid_gland:0,TN,0
0.19153485,0.33137438,0.48178914,0.32024166,0.72851455,1.3120506,-1.7227515,-0.22779003,-0.77618784,-0.41332126,1,chr9:127348292:esophagus_muscularis_mucosa:0,FN,0
-5.803733,0.0004963154,-0.72413576,-0.0064574974,-0.030418446,0.15872175,0.29089603,-0.51555496,-0.22327927,-0.09550781,0,chr10:95363363:esophagus_muscularis_mucosa:0,TN,0
5.6255255,-0.69419986,1.4619234,0.103969984,-1.1437413,-0.9812934,0.3803638,-0.4622972,-0.24128409,0.0064665806,1,chr5:132737309:Peyers_patch:0,TP,1
-5.2002854,-0.42012945,-0.6692724,-0.14466444,-0.8130364,0.83779687,0.10038616,0.09789689,-0.03603959,0.5154095,0,chr2:40760065:sigmoid_colon:0,TN,0
-4.1999454,-0.43539855,1.0944625,-0.06627664,-0.21897501,-0.7545531,0.5223096,0.568439,-0.6709378,0.33958748,0,chr22:49724957:Peyers_patch:0,TN,0
0.37254047,-3.2667394,-1.5514002,2.828045,0.61904824,0.32289052,-1.2093804,0.90695316,-0.33338687,0.6312838,0,chr5:46665358:body_of_pancreas:0,FP,1
5.890523,-0.9747933,0.386011,-0.8512786,-0.7473515,-0.09778438,-0.6112905,-0.18533392,-0.5542102,0.36451185,1,chr5:149431239:transverse_colon:0,TP,1
-3.1577992,0.4288422,0.35726082,-0.18317468,-0.3862524,0.9666716,-0.519201,-0.7253587,-0.09837397,1.0645813,1,chr7:48424976:upper_lobe_of_left_lung:0,FN,0
6.136015,-1.6302141,-0.6204011,-0.84636474,0.14723444,-0.11746123,-0.3910506,-0.14504531,0.31027457,-0.040829916,1,chr11:60251676:body_of_pancreas:0,TP,1
6.9627237,-0.7932587,-0.35382056,-0.16412178,-0.13138787,-0.42396405,0.06649796,0.17664833,-0.03252082,-0.31599733,1,chr19:4352840:thoracic_aorta:0,TP,1
-5.2254977,0.1295857,0.08162668,-0.32857895,0.9073097,-0.3722714,-0.06745969,-0.25371116,-0.22441655,-0.21988514,0,chr3:66408208:transverse_colon:0,TN,0
1.5588915,0.2147924,1.819835,-0.4495268,-0.36015734,1.4147356,0.20343612,-0.23760813,0.69493204,0.78492355,1,chr11:26277028:esophagus_squamous_epithelium:0,TP,1
5.4306145,-0.11807241,-2.78261,-0.1141505,1.6873927,-0.607408,0.20854634,0.56916296,-0.84057295,0.84631646,1,chr17:24931573:tibial_artery:0,TP,1
7.0455008,0.91907597,1.0587093,1.1536182,0.47389367,0.27572933,0.5725996,0.0745575,-0.6626994,-0.21078195,0,chr11:124954084:prostate_gland:0,FP,1
-4.0034604,0.039954092,0.18282266,-0.9347101,1.0029168,0.26007476,0.11194283,-0.33265418,0.2650997,-0.12293267,0,chr9:135864525:upper_lobe_of_left_lung:0,TN,0
6.09654,-0.2814398,0.64120966,1.6327814,0.46185303,-0.18113771,-0.48998052,-0.7984348,-0.19087969,0.7641139,1,chr19:45678133:Peyers_patch:0,TP,1
7.6980195,-0.23312671,-0.33462045,-0.58256435,-0.10425899,0.18956381,0.36103958,-0.41539827,-0.3003747,-0.40270525,1,chr6:29705705:transverse_colon:1,TP,1
2.1460001,2.4200313,0.124705024,0.0027562848,-0.2912535,0.96219003,3.0359023,0.73184013,-0.2543262,1.2424424,1,chr12:104294234:gastroesophageal_sphincter:0,FN,0
2.8892906,0.65705204,1.157293,-0.8532127,-0.479695,1.1741626,-0.6252178,1.1680613,-0.071831614,-1.0581738,0,chr6:8539560:prostate_gland:0,FP,1
-4.395133,1.2216681,0.022893189,-0.21445756,-0.00096822885,-0.70979506,-0.3474835,-0.24204761,0.06701812,-0.19206303,1,chr9:97633155:body_of_pancreas:0,FN,0
6.0414805,-1.5051925,0.32203135,-0.54716593,-0.23534974,-0.020231282,0.006529559,-0.10389524,0.119044945,0.08809357,1,chr7:142463839:transverse_colon:0,TP,1
-5.9538016,-0.6061899,-0.49525568,-0.25130692,-0.4911105,0.07292902,-0.41359225,-0.1527541,-0.105798066,-0.3644066,0,chr15:63056932:esophagus_muscularis_mucosa:0,TN,0
5.839664,-0.81794816,0.4412385,-0.6515023,-0.96687603,0.27894998,-0.46617094,-0.45738745,-0.98323846,-0.37687108,0,chr1:115717982:thoracic_aorta:0,FP,1
0.38937038,1.6334296,2.3888848,0.0060614776,0.6827279,-1.0450488,0.45608667,1.0559912,0.5891546,-0.7609894,0,chr2:113541997:upper_lobe_of_left_lung:0,TN,0
-1.0450363,-0.48738638,1.6207831,-0.7251473,-0.120065086,-0.70716864,-0.6023999,0.581074,-0.6099036,-0.71051896,0,chr20:30511949:body_of_pancreas:0,TN,0
-3.1675177,1.6672071,-0.063822955,-0.51815194,-0.98911065,0.25160223,-0.10488918,-0.63457274,-0.3035747,0.40734228,0,chr11:15493342:Peyers_patch:0,TN,0
7.4208207,-0.23355974,-1.2160095,-1.3944112,0.09962719,-0.09124207,0.04518867,-0.49515963,-0.37533712,-0.16562502,1,chr2:86221296:tibial_artery:1,TP,1
-1.9571382,1.0802771,0.6251871,0.0777539,-1.0111694,0.3141446,-0.005353258,0.57880795,-0.33654237,0.076194905,0,chr1:6347999:suprapubic_skin:0,TN,0
-0.1478756,-0.6319354,0.8530905,-1.427236,-1.4059051,1.038178,-0.5292807,0.43947807,0.7426067,0.50680023,0,chr10:13844156:body_of_pancreas:0,TN,0
7.2218833,-0.8102232,0.4059538,0.46116123,0.24826585,-0.1533955,-0.007824126,-0.37315774,0.26715568,-0.21492404,1,chr9:42852316:tibial_artery:0,TP,1
-3.998544,0.51754665,-0.6021956,-0.75049657,-0.8968024,0.52418625,0.11117927,0.48636743,0.21654351,0.060596198,0,chr6:32885726:spleen:0,TN,0
7.6522326,-0.20524797,-0.12363761,0.17721924,0.07174944,0.4709023,0.17314178,-0.26058683,-0.27736455,-0.24884926,1,chr4:75289967:tibial_artery:0,TP,1
-2.8309925,0.85447717,0.5440101,-0.19463485,0.3591877,0.093809456,-0.14116183,-0.85909027,0.37314194,0.49131596,0,chr2:66575386:gastroesophageal_sphincter:0,TN,0
-4.3031797,0.5655267,0.12789886,-0.3046018,0.61504894,0.21602175,0.010394332,-0.13542286,0.3148017,0.16397427,0,chr20:30289806:prostate_gland:0,TN,0
4.9136457,1.2845707,-2.2978396,-2.3840787,0.6791443,-1.333553,0.5748347,0.25325447,-0.54139465,0.8425244,1,chr17:25564506:testis:0,TP,1
4.7976737,0.18188676,-0.7568624,-1.7195365,-0.640975,0.056570858,-0.73974943,0.8553098,-0.00019372757,0.6182261,1,chr12:12328361:body_of_pancreas:0,TP,1
6.694085,0.31588325,-1.1970533,-0.29496428,-0.18191555,-1.0274224,-0.35509434,0.34220383,0.09645645,0.5606733,1,chr10:72221918:body_of_pancreas:0,TP,1
2.4613328,-1.0819423,1.2384118,-1.3525966,-0.32042828,0.3448131,-0.26312166,0.8200248,0.1917639,-0.24827766,1,chr7:63015786:adrenal_gland:0,TP,1
-3.534802,1.5953789,-1.0349538,-0.19007808,-0.6027417,0.053602543,-0.51208436,-0.9040357,0.30168244,-0.39504528,0,chr2:44246833:body_of_pancreas:0,TN,0
3.77889,2.3166914,-1.0763173,-0.6623217,0.11744655,-0.663869,-0.42421773,0.87328196,-0.2534165,-0.74156857,1,chr10:18628158:body_of_pancreas:0,TP,1
6.9617176,-0.7415642,-0.76610494,0.25948682,0.22640826,0.64680505,0.40354657,-0.24440558,0.61459655,-0.83613944,1,chr4:113924101:thyroid_gland:0,TP,1
7.217347,-0.7402364,-0.14864092,-0.25325197,-0.05050175,0.2900093,-0.015099863,-0.31161967,-0.008568516,-0.14095122,1,chr4:75289967:thoracic_aorta:0,TP,1
-3.5828254,1.3346316,0.123963796,0.46959102,0.3762684,-0.6805073,-0.3188452,0.26089036,0.43058243,-0.27818573,0,chr4:76586290:tibial_artery:0,TN,0
-4.7658987,1.159584,-0.32420564,-0.29495493,0.044292152,-0.18482387,-0.37618637,-0.8473995,0.07029789,-0.32341224,0,chr15:40310054:sigmoid_colon:0,TN,0
1.7649629,2.223474,-0.5249558,1.3180537,-0.6810041,-0.37916607,-0.064247355,0.0643834,-0.5804149,0.7909215,0,chr12:96063163:thoracic_aorta:0,TN,0
-4.7331543,0.4297443,0.17993638,-0.15382768,0.20869419,-0.27690652,0.67281693,0.38181132,0.1604812,0.2007146,0,chr5:142357270:tibial_artery:0,TN,0
-5.754237,-0.052834958,-0.6640269,0.18845597,-0.26307738,-0.46179157,0.17923331,-0.38613892,-0.52377284,-0.04637867,0,chr3:75772030:transverse_colon:0,TN,0
3.0807,-0.51128906,-1.4582226,-0.2324862,-0.60917294,-0.45106,-0.33321124,-0.021274393,0.40058354,-0.032492623,1,chr7:73725711:transverse_colon:0,TP,1
-3.9940405,-0.2956183,1.3025029,0.10548774,-0.0008723813,-1.5554862,0.46164978,0.5192843,0.28731722,0.018065384,0,chr19:40403913:Peyers_patch:0,TN,0
-2.004389,0.051186126,-0.3008474,0.076909065,-0.05026608,0.73088574,-0.97127384,1.1035405,0.7818239,-1.1699717,0,chr14:54488111:transverse_colon:0,TN,0
-3.4775362,1.3139896,0.7500792,0.2944336,0.81494284,-0.3574216,-0.9749907,-0.38823938,0.20324631,-0.39404112,0,chr15:40422201:prostate_gland:0,TN,0
-0.14619665,-0.3693181,1.7479757,-1.6226853,-0.47629192,0.5492954,-0.504614,0.6377473,-0.13323754,0.16093877,0,chr1:179292625:adrenal_gland:0,TN,0
0.55119026,0.72432816,2.7183986,0.6221541,0.9242911,-1.378204,-0.8056955,0.23463507,-0.22742918,-0.31360638,1,chr2:230068249:upper_lobe_of_left_lung:0,FN,0
-3.3120363,0.47863996,1.0192728,-0.13930796,0.17827123,0.071828105,-0.77249473,-0.51009196,0.26690036,0.3761738,0,chr2:168773981:thyroid_gland:0,TN,0
-4.0571284,0.022477068,0.037040025,-0.3742519,-0.20966698,-0.4316048,-0.035950404,0.51054233,0.41696006,-0.87444127,1,chr2:218658715:body_of_pancreas:0,FN,0
-5.4247684,0.31974435,-0.2987656,-0.24804561,0.6029589,-0.20506263,0.1342839,-0.34855315,-0.19345655,-0.5576115,0,chr7:56106446:transverse_colon:0,TN,0
6.3817654,-0.62882674,0.8468068,0.83649576,-0.3815057,-0.32207492,0.0035288555,-0.34623736,-0.47997472,-0.089574374,1,chr5:179213127:upper_lobe_of_left_lung:0,TP,1
4.6246,1.5066867,1.8190708,0.7796675,0.04267077,0.54180783,0.113320425,-0.064268544,-0.60199016,0.83971775,0,chr5:308944:adrenal_gland:0,FP,1
-6.8452716,-1.3566928,-0.854467,0.32091868,-0.30786896,0.14134336,0.11101176,-0.14451034,-0.21788837,-0.11545434,1,chr10:29926759:body_of_pancreas:0,FN,0
-3.581549,0.33670893,0.7345383,0.19058451,0.24649031,-0.77047473,-0.50455874,-0.15852396,0.7247133,-0.43414918,1,chr21:45747925:sigmoid_colon:0,FN,0
-6.5642967,-0.8686432,-0.61146104,0.20018598,0.62739664,0.008507363,0.21264318,-0.13274305,0.0020587516,-0.10300091,0,chr10:43667279:prostate_gland:0,TN,0
-5.8746223,-0.4961615,-0.30820027,0.5526575,0.023691263,0.17230019,0.3246964,0.1654345,-0.29304546,0.06405541,0,chr19:39898261:transverse_colon:0,TN,0
6.5638967,-0.7541906,0.88589454,0.29318073,-0.34545147,0.31015885,-0.025208546,0.017259117,-0.30482733,-0.31454068,1,chr15:31200859:Peyers_patch:0,TP,1
7.748524,0.5105231,0.24061003,0.83225685,0.19981053,0.59877497,0.47070855,-0.10213012,0.12697934,0.21125552,1,chr12:48753691:spleen:0,TP,1
7.395014,-0.34081647,-0.94405866,0.7132447,0.56249195,0.065496966,0.08759274,-0.06927666,0.07177449,-0.21336521,1,chr2:196068383:thoracic_aorta:1,TP,1
-6.658618,-2.0435202,-0.67374724,0.54007894,0.30405188,0.7268476,0.22367626,0.5112815,-0.2742866,-0.040058784,0,chr10:22103749:body_of_pancreas:0,TN,0
-4.5257006,-0.06933911,0.8629273,0.2785909,-0.6477261,-0.79994,0.07201959,0.18849553,-0.64269435,-0.060643166,0,chr8:142816465:omental_fat_pad:0,TN,0
5.012667,-1.1029527,1.236627,0.52620685,-0.5125257,-0.6731798,-0.5850781,-0.5116034,-0.04190201,0.47345242,1,chr5:179213127:Peyers_patch:0,TP,1
-3.3318465,-1.2035887,0.22568315,-0.7932294,-0.34195682,0.8992756,0.49874866,0.9021224,-0.24240069,-0.4595708,0,chr1:39720368:gastrocnemius_medialis:0,TN,0
-3.9532988,0.88176423,0.64398414,-0.017315416,1.0648605,-0.30181763,0.36378232,0.08069988,0.317226,-0.55853784,0,chr5:141969068:upper_lobe_of_left_lung:0,TN,0
1.045107,0.54042614,0.5939044,1.215784,-0.3147924,-0.26502126,-1.6303393,-0.114079684,-1.287604,-0.44788516,0,chr11:117904318:body_of_pancreas:0,FP,1
-5.260158,0.28213352,-0.73437065,0.13075021,-0.31704697,-0.089346655,-0.31178322,0.12206484,0.19595417,-0.6274088,0,chr17:68019889:prostate_gland:0,TN,0
0.76093876,0.09457845,-0.2233082,0.21868683,-0.2793044,0.38712695,0.52298796,0.96160334,0.9577404,0.040217943,0,chr9:31120230:tibial_nerve:0,TN,0
-5.5838637,-0.3152501,-0.49561933,0.15401286,-0.50399286,-0.48039737,-0.31255764,-0.31239703,-0.14341821,0.5866831,1,chr14:91286688:body_of_pancreas:0,FN,0
6.1026053,0.013197543,-2.5300212,-0.24193196,1.1156682,-0.7736994,0.036496826,0.8967318,-0.6624313,0.7091781,1,chr17:22856764:body_of_pancreas:0,TP,1
6.275647,2.0765934,0.9941115,1.4117477,1.2423421,0.51898086,0.41036293,0.44210598,-0.68833715,-0.8544722,1,chr17:45584815:prostate_gland:0,TP,1
6.8199797,0.8915511,-2.8623617,-1.2111365,1.1771992,-0.7289769,0.2666668,0.46498716,-0.7904581,0.7526896,1,chr8:45161494:prostate_gland:0,TP,1
1.0120733,2.9817688,-1.4176313,-1.0289636,-0.86192256,0.05953621,-0.4690784,-0.013851252,0.18464631,-0.43686935,0,chr6:107954326:body_of_pancreas:0,TN,0
-4.8985376,-0.69649464,0.36186737,-0.21605429,1.2338316,0.26128957,-0.028693628,0.08681681,0.15563536,0.020778503,0,chr8:64577514:transverse_colon:0,TN,0
-4.2898397,0.663366,-0.35569474,-0.5785575,0.6181679,0.34606087,0.25750288,-0.19485906,0.17519487,-0.0029484457,0,chr3:107690540:adrenal_gland:0,TN,0
-5.985757,0.006805841,-0.31515312,-0.055052932,0.18853086,-0.3663753,-0.12659992,-0.327043,-0.38640407,-0.33610275,0,chr14:68938090:prostate_gland:0,TN,0
-5.176061,-0.8768158,0.13889039,-0.524339,0.8648735,-0.23098573,-0.24338908,-0.31186882,0.32619166,-0.27557042,1,chr11:1652791:transverse_colon:1,FN,0
-3.384155,1.698283,-0.9600972,-0.08887901,-0.6190267,-0.5233664,-0.36927527,-0.25084332,0.361546,0.08916874,0,chr2:78999458:tibial_nerve:0,TN,0
-5.4905863,0.5075102,-0.96828926,0.58658296,-0.6768156,0.10353048,-0.029609822,-0.5020195,0.14196675,-0.013228703,0,chr15:57716099:esophagus_squamous_epithelium:0,TN,0
-6.4791436,-1.6395015,-0.6402229,0.7140422,-0.3978725,0.6089667,0.27422175,0.05824297,0.18115398,0.35344496,0,chr11:123235330:Peyers_patch:0,TN,0
4.849047,-0.13319768,-0.48689583,0.5254073,-0.97149694,-0.021422988,-0.59713495,0.3140442,0.2906137,0.6522715,0,chr12:120335132:upper_lobe_of_left_lung:0,FP,1
-3.1934738,-0.038170733,0.78510123,-0.55729145,1.5852264,-0.18258342,0.3634573,0.010919829,0.25703436,0.14698114,0,chr7:134646672:lower_leg_skin:0,TN,0
-1.4755198,1.5489488,1.7048309,-0.4825163,0.81339335,-0.4861284,0.3916598,-0.17424616,0.37449455,0.6971259,0,chr6:32894511:upper_lobe_of_left_lung:0,TN,0
-2.0570507,0.14603345,0.24301954,-0.8857739,-0.10777651,1.4908592,0.7772653,0.39497283,-0.4779846,0.24904247,0,chr12:16685351:transverse_colon:0,TN,0
7.8352494,0.71483624,-2.1124594,-0.28992835,1.1911577,-0.49211824,0.34715927,0.38849488,-0.49129546,0.42461896,1,chr17:22909996:prostate_gland:0,TP,1
6.3550615,-1.111761,-0.038705286,-0.2962787,0.1502876,-0.28057596,-0.3409459,0.27871138,0.26113534,-0.039241917,1,chr19:45427778:upper_lobe_of_left_lung:0,TP,1
-3.611408,1.2648036,-0.8438894,0.0018744364,-1.0554823,-0.5231053,0.01860358,-0.48302466,0.11390815,0.11568455,1,chr10:4985267:body_of_pancreas:0,FN,0
5.0856147,-1.9470634,0.48745638,-0.5191558,-0.8351053,-0.6074354,-0.40697098,-0.20954205,-0.06366638,0.17927594,1,chr8:41651698:tibial_artery:0,TP,1
-1.7014935,-0.5866853,0.0016591208,-0.0031839048,-0.035716075,1.7049667,0.34313697,0.18270998,0.96320134,0.030159805,0,chr8:27855652:tibial_artery:0,TN,0
-5.5029917,0.02860576,-0.6238334,-0.48111632,0.07078533,0.2840669,-0.032895777,-0.39426365,-0.27393642,-0.17409603,1,chr10:5003530:upper_lobe_of_left_lung:0,FN,0
-5.965112,-0.14739814,-0.6366639,0.3645897,-0.27682015,0.057337668,-0.048154335,0.03608055,0.2962969,-0.34542632,1,chr4:110826866:Peyers_patch:0,FN,0
-4.3523865,0.3545007,-0.05394011,-0.6380507,1.0321612,0.1886761,0.16507487,-0.3544255,0.21732718,-0.29898953,1,chr9:83219889:Peyers_patch:0,FN,0
-2.5716481,-1.1839402,-0.34355083,0.6328751,-1.1173605,-0.08003392,0.6570002,0.73160404,0.7012312,-0.46048626,0,chr20:30856104:transverse_colon:0,TN,0
7.023713,0.50998443,0.83134264,0.33997673,-0.47008646,0.3940372,0.58106726,-0.1471456,0.061986063,-0.00816617,1,chr16:18131657:prostate_gland:0,TP,1
-3.080458,0.14159316,-0.4893829,1.4456309,0.52265495,-0.23622222,-0.56538975,0.13489005,1.0520061,-0.10178225,0,chr1:161647575:spleen:0,TN,0
5.8821936,0.5661269,-0.5921079,1.5787146,-0.058540203,1.0804344,1.1379411,-0.53369766,0.91966254,0.22703248,1,chr8:115690958:body_of_pancreas:0,TP,1
-5.325382,-0.6251585,-0.9007039,0.2988455,-0.7151889,-0.093046755,0.4660101,0.5032017,0.005360278,-0.039763108,0,chr19:47791038:body_of_pancreas:0,TN,0
2.9618192,-0.06863176,2.6242442,0.44763243,-0.4933844,-0.77113587,0.4755732,0.7150777,-0.0032437237,0.38160476,0,chr3:129343963:esophagus_muscularis_mucosa:0,FP,1
6.2431817,-1.1354755,0.255276,-0.40099972,-0.18897796,-0.08398295,0.3795102,-0.33584702,0.060524996,-0.08966093,1,chr7:142463839:body_of_pancreas:0,TP,1
6.9691453,-1.0943058,0.13761187,0.09642902,0.25146052,-0.47661015,0.1954673,-0.28704295,0.8273246,-0.3893953,1,chr17:45585364:suprapubic_skin:0,TP,1
-5.7354913,-0.9749537,-0.18786414,-0.27077594,0.78057647,0.33397728,0.20252396,-0.2910868,-0.04198593,-0.0404154,0,chr6:32622553:thyroid_gland:0,TN,0
-3.9732215,1.4559824,0.041725952,0.5734114,0.046121683,-0.66261864,-0.67152756,-0.790415,0.2873756,-0.33743325,0,chr6:27146708:tibial_nerve:0,TN,0
3.3158565,0.62454283,1.7019771,-0.03771678,1.1304346,0.81582093,-1.4473772,0.118611835,-1.2976677,0.3713166,0,chr17:17567860:body_of_pancreas:0,FP,1
-0.53412,-0.1520382,0.22578089,0.1667011,-0.19411726,0.23501474,-1.2928623,0.34569615,0.7299424,-0.3142462,1,chr6:53956277:upper_lobe_of_left_lung:0,FN,0
-5.5137854,-1.0518917,0.43208742,-0.37601736,0.48031726,0.04310016,0.025184598,0.2570275,-0.020498162,-0.02408134,0,chr14:25133050:prostate_gland:0,TN,0
6.8304152,0.21308857,0.51274776,1.1615336,0.014226934,0.22847404,1.2253392,-0.73335814,0.8425144,0.33511618,1,chr19:21484173:thoracic_aorta:1,TP,1
-2.3370442,0.5807895,0.27602744,-1.0759577,0.98652506,0.95419073,-0.40132532,-0.14831111,0.04973416,-0.10765068,0,chr5:172766870:transverse_colon:0,TN,0
-3.1540892,-0.1259359,-0.19303332,0.57076436,-1.3566197,-0.32120812,-0.6637756,-0.47683105,0.12344613,-0.5420264,1,chr16:87550129:body_of_pancreas:0,FN,0
6.913547,-0.102254905,0.5256587,0.92961127,-0.20523483,0.058941636,-0.22747576,-0.5360123,-1.3732625,-0.34662834,1,chr16:2005642:body_of_pancreas:0,TP,1
-0.383382,0.05989957,1.8345436,-0.85005397,0.424227,-0.13584918,-0.7720835,0.09551204,-1.515583,-0.551456,0,chr2:239391046:adrenal_gland:0,TN,0
-6.22735,-0.65841407,-0.75007737,0.26658762,-0.7731305,0.2667849,-0.24918893,-0.45261973,-0.56934136,0.24025492,0,chr12:20624847:sigmoid_colon:0,TN,0
0.8755154,-0.22774887,0.89028007,-1.8279446,-1.3170315,0.7233921,-0.4412989,1.1216902,0.2087168,0.23780315,0,chr9:100323287:transverse_colon:0,TN,0
-5.45357,-2.805248,-0.4618882,1.4841664,0.13227852,0.45986608,0.5589749,0.53217554,-0.16750753,0.404887,0,chr15:38440496:tibial_artery:0,TN,0
5.724137,1.985091,0.6939051,1.1873068,0.3262187,0.6786089,0.26462293,0.6838979,0.16080903,0.2347388,1,chr3:126191523:body_of_pancreas:0,TP,1
-4.4567056,1.4646581,-0.40037066,-0.3197367,0.047481533,-0.28953174,-0.08092519,-0.32968438,-0.2015901,-0.7225114,0,chr4:185204332:Peyers_patch:0,TN,0
-5.8809624,-0.6215402,-0.21396174,-0.16433822,0.39496192,-0.1859009,0.18088026,-0.16560555,0.112287246,0.18746613,0,chr10:130128103:tibial_nerve:0,TN,0
7.846251,-0.1409779,-0.45047116,-0.62702745,0.010645226,0.013277183,0.26223612,-0.3495309,-0.04605378,-0.35016814,1,chr6:29705705:prostate_gland:1,TP,1
-5.5453873,-0.3934564,-0.3366924,0.14049317,-0.802731,-0.18568219,0.17697114,0.1044224,0.3269578,0.052140504,0,chr14:23305856:body_of_pancreas:0,TN,0
-6.014391,-0.3063169,-0.89693266,0.26006797,-0.46020326,0.32104275,0.6371884,-0.2534502,0.1671048,0.2848581,1,chr9:105609267:spleen:0,FN,0
2.3456182,0.7372174,0.74276793,-0.04515686,-1.5634063,-0.8836595,-0.40232638,-0.19968556,-0.5164272,0.7047029,0,chr19:47698394:spleen:0,FP,1
-4.133574,0.39919236,-0.114509,-0.5756113,0.8951914,0.5089682,0.047472183,-0.19745089,0.054985266,-0.21166793,1,chr4:119212065:Peyers_patch:0,FN,0
6.0956135,-1.323126,-0.037546303,0.07880466,-0.5306516,-0.28732806,0.43233946,-0.39930317,0.23903783,-0.61888677,1,chr13:20119527:body_of_pancreas:0,TP,1
-5.0239735,0.9362004,-0.3345208,0.013603273,-0.026654823,-0.105306484,0.04380348,-0.28903335,-0.11754542,-0.16111594,0,chr1:25572673:thoracic_aorta:0,TN,0
-2.3841317,0.20418783,0.6526627,-0.8446059,1.3586855,0.89821804,0.12974495,-0.39486894,0.14375404,0.48575956,1,chr3:5232752:body_of_pancreas:0,FN,0
7.460263,-0.35464504,-1.1062928,-1.4618633,0.14120698,-0.3831223,0.088487126,-0.31824267,0.20648398,0.19150743,1,chr7:142521135:prostate_gland:0,TP,1
-4.092039,0.9380593,-0.22705214,-0.61948913,-0.3690213,0.26889867,-0.020329718,-0.36947608,-0.2016938,-0.08172014,0,chr9:70113471:sigmoid_colon:0,TN,0
6.2718024,-1.5891763,-0.675852,-0.2706814,0.08566001,0.13439164,0.22572595,-0.3616635,0.8009433,-0.3386434,1,chr7:51754611:prostate_gland:0,TP,1
-5.981969,-1.2274181,-0.7161089,0.57933307,-0.80183935,0.328275,0.27944344,0.44498724,-0.31261882,-0.110844,1,chr1:16661643:body_of_pancreas:0,FN,0
-1.2097176,-0.5632437,0.40380445,0.3433546,0.11235264,0.95998913,0.3774141,0.21087338,-0.28286907,0.20097493,1,chr6:168616962:upper_lobe_of_left_lung:0,FN,0
-3.9114714,-0.1624888,-0.12376953,-0.5178533,0.56811565,0.8497493,0.30294424,-0.1227496,0.055924956,-0.111201085,0,chr2:207475045:tibial_nerve:0,TN,0
7.535788,-0.19232093,0.50712025,0.69904083,-0.044022202,-0.030584104,0.15299399,-0.38411242,-0.029353864,-0.08313579,1,chr7:78040381:transverse_colon:1,TP,1
5.0670466,-0.91311204,-1.3196661,0.29147118,0.3985674,-0.4594863,-0.25724217,0.20864853,0.7040848,0.04550326,1,chr7:73725711:thoracic_aorta:0,TP,1
6.8683906,-0.4756548,0.95131314,0.73658115,-0.33542886,-0.518974,0.54813313,-0.60988903,0.0995374,-0.3174712,1,chr16:579030:prostate_gland:0,TP,1
2.502555,-0.3876562,1.1400456,-0.4327817,-1.1440488,-0.20245045,-0.8342465,0.88586444,-0.1665837,-0.17826523,0,chr1:26417186:transverse_colon:0,FP,1
-5.2729745,-0.26567966,-0.27543405,-0.56499755,0.73443025,0.3749189,0.18317501,-0.21730322,-0.074583076,0.13234355,0,chr1:159214515:body_of_pancreas:0,TN,0
6.6875076,-1.3570964,-0.14577831,-0.12119122,-0.07233812,-0.5473772,-0.012784848,-0.51462376,0.006662242,-0.08224509,1,chr3:75785357:esophagus_squamous_epithelium:0,TP,1
-4.4574223,-0.2188239,0.32673278,-0.45830077,1.0823889,-0.07207372,0.20137389,0.2049114,-0.12015287,-0.39652652,0,chr21:26843739:esophagus_muscularis_mucosa:0,TN,0
6.4789357,-0.10301557,-2.1584694,-0.7559801,0.996771,-0.7089723,0.20353957,0.5386333,-0.73937887,0.4815146,1,chr17:22816782:body_of_pancreas:0,TP,1
-3.899832,-0.3491176,0.70992,-0.7986678,0.9097034,-0.16405012,0.023260847,-0.26596266,0.39807975,0.07088223,1,chr11:1652791:upper_lobe_of_left_lung:0,FN,0
-3.3179302,0.23617175,-0.84012765,0.4854964,-0.09208135,0.08605867,0.24169183,1.1327264,0.4567426,0.16527027,1,chr3:48090711:body_of_pancreas:0,FN,0
-3.6602325,-0.23455215,-0.5633051,-0.7576331,-0.80325776,0.78421766,0.39259806,0.17789218,0.0051788385,-0.06707262,1,chr1:108214824:tibial_artery:0,FN,0
8.795364,1.2124605,-1.7729174,-0.37765366,1.0762066,-0.28230882,0.6172321,0.071250714,-0.32680976,0.162329,1,chr17:22909996:upper_lobe_of_left_lung:0,TP,1
-2.3896022,1.1492925,1.9802778,0.25378463,0.3937003,-1.3084767,-0.45211408,-0.6013626,-0.16540924,0.35416648,0,chr19:35717320:spleen:0,TN,0
7.327978,-0.81748617,-0.50297505,-0.5152268,-0.014181215,-0.11372787,0.3354774,-0.21963792,0.41587093,-0.46018913,1,chr10:96641123:adrenal_gland:0,TP,1
7.6167555,-0.54572576,-0.5630687,0.06155728,0.29800168,-0.070649125,0.13183257,-0.48002878,-0.027963297,-0.18852223,1,chr11:47642443:adrenal_gland:0,TP,1
-4.866228,-0.08118638,0.427966,-0.30516604,0.53252727,-0.4682375,0.38778266,0.071263514,0.12941495,0.09257981,0,chr14:69574943:gastrocnemius_medialis:0,TN,0
1.814933,-1.464879,-0.0052113733,-1.5194787,-1.7294004,-0.1942618,-1.3986332,0.2793555,-0.20024903,0.25192976,0,chr13:23289209:thoracic_aorta:0,FP,1
-5.1859384,-0.49488378,0.61604303,-0.059596792,0.8092154,-0.6781181,0.27655885,-0.047982994,0.016464338,0.128541,0,chr4:15681694:tibial_nerve:0,TN,0
-3.9455247,1.6616423,-0.4705392,-0.5439152,-0.42473105,-0.24541426,-0.12811689,-0.2892601,0.092548296,-0.23312779,1,chr16:4548780:transverse_colon:0,FN,0
-4.564296,0.18943061,0.47492552,-0.07229245,-0.39679736,-0.08238614,-0.2439523,-0.24129365,0.4334748,0.34571984,0,chr11:12080532:tibial_artery:0,TN,0
-5.5967393,-0.16938195,-0.20808467,-0.01970134,0.4205985,-0.41589966,0.34537655,0.25372624,-0.36760175,-0.07040448,0,chr19:3618617:prostate_gland:0,TN,0
-3.7066038,1.1170362,0.20285566,-0.59807444,-1.0625672,-0.41775465,-0.79562265,-0.17903139,-0.7202906,0.17525165,0,chr11:128520895:sigmoid_colon:0,TN,0
-5.0966725,0.37086946,-0.41074014,0.31934926,-0.546723,0.04185003,0.13392991,-0.42888695,0.35289127,-0.057537466,1,chr7:73734702:body_of_pancreas:0,FN,0
-5.235008,-0.3773997,-0.7923032,0.88612443,-1.158558,-0.38864526,-0.086445086,-0.1490752,-0.4630603,0.40925515,0,chr16:85547311:transverse_colon:0,TN,0
-6.5237236,-1.5339892,0.25241923,0.18181019,0.8864954,-0.41738874,0.25576898,-0.12789233,0.22030477,0.28464237,0,chr2:28452449:suprapubic_skin:0,TN,0
6.3092923,-1.7135094,-0.12096904,-0.22209379,-0.16690478,-0.4721802,0.075603396,-0.41745186,0.019692332,-0.119716994,1,chr3:75785419:thoracic_aorta:1,TP,1
-5.8434124,0.29394042,-0.82911944,0.067683905,-0.1820668,-0.000468348,0.087248065,-0.59972143,-0.38149688,0.07966704,0,chr5:32490176:thoracic_aorta:0,TN,0
-3.0356288,-1.0965858,0.15005842,-1.1467373,-0.5168258,1.1689093,-0.15338607,0.44484702,0.6696802,0.41985905,0,chr8:52484096:prostate_gland:0,TN,0
-6.343803,-0.9726106,-0.53021055,-0.16974571,0.46685424,-0.0114994645,-0.12670463,-0.42382196,0.098835275,-0.22980046,0,chr4:11420596:Peyers_patch:0,TN,0
6.4579644,-1.3835416,0.085725434,-0.10191378,-0.23825425,0.23213063,-0.012055743,-0.8453694,-0.3122845,-0.06139149,0,chr6:33029896:body_of_pancreas:0,FP,1
0.26770064,1.1120057,1.8289999,0.9039758,0.6753335,-1.5007948,-0.12512895,1.0226893,-0.5514276,-0.9630434,0,chr8:143733406:Peyers_patch:0,TN,0
3.7594414,1.3844532,0.035126086,1.9517083,-0.4745098,0.6763172,0.57407814,0.38395476,0.9899117,-0.006938978,0,chr2:47861494:body_of_pancreas:0,FP,1
-1.7801502,1.5018361,-0.9979373,-0.32412216,-1.296741,-0.019673131,-0.3778351,0.8625641,-0.68403023,-0.89526635,0,chr14:73736414:body_of_pancreas:0,TN,0
-2.0660028,0.10566707,0.6731919,-0.4566268,-1.3129452,-0.14617307,-0.35781765,0.6785642,-0.85662585,-0.47790596,0,chr3:195104360:body_of_pancreas:0,TN,0
-5.008613,-0.08063677,-0.36301118,-0.5113383,0.80516326,0.4454473,-0.07603484,-0.26257765,0.07507667,-0.16434127,0,chr3:133041374:tibial_artery:0,TN,0
-5.5276146,-0.3753051,-0.24190238,-0.41087607,0.6755763,0.22055548,0.41427383,-0.18112178,-0.085884616,-0.08288348,1,chr9:83219889:transverse_colon:1,FN,0
-3.6798153,-0.40362903,0.08437809,-0.9172118,0.19089252,0.46724406,0.5096361,0.5876869,-0.0064361203,-0.40852785,0,chr1:223698618:prostate_gland:0,TN,0
6.464902,0.22415802,1.3142182,1.0316393,0.5170526,0.49243107,-0.49345323,0.65622604,-0.4884526,-0.23152003,1,chr1:20575428:esophagus_squamous_epithelium:0,TP,1
-5.1045055,0.12264279,-0.23312326,-0.3237841,-0.116473116,0.029719025,0.032546047,0.2914302,-0.03001995,-0.40453485,0,chr2:218658715:sigmoid_colon:0,TN,0
-3.7918067,0.9856545,0.46033025,-0.3509423,0.23404734,-0.26138598,0.31298447,-0.331524,0.13576548,0.30673093,0,chr2:199851395:thoracic_aorta:0,TN,0
-2.6335099,0.6782585,-0.24164732,-0.6841977,-0.589525,0.048022572,-1.0052915,0.4810001,0.19788438,-0.35607958,0,chr11:111429318:body_of_pancreas:0,TN,0
-0.36173293,1.2922046,1.230662,-0.17958467,0.88463753,0.7742861,-0.3220563,0.08838995,-0.03914232,-0.24783763,0,chr4:77240648:prostate_gland:0,TN,0
7.2983017,0.13310517,0.55758196,0.19712377,-0.52415854,0.05568262,0.5406777,-0.44832975,-0.81379765,-0.19539624,1,chr1:27556965:gastroesophageal_sphincter:0,TP,1
7.134193,-0.12049132,0.36939687,1.0969266,0.2881925,0.24972466,-0.2729174,-0.145375,-0.73682106,-0.15805541,1,chr1:27556965:tibial_artery:1,TP,1
6.102787,-1.1037236,0.21886118,-0.59577584,-0.7721572,-0.15969218,-0.028752817,-0.17832787,-0.23442928,-0.6576469,1,chr8:38057121:Peyers_patch:0,TP,1
-2.0387502,0.7047651,0.95138687,-0.44245774,-0.9469045,0.5298979,-0.1472515,0.10642775,-0.5637302,-0.15913722,0,chr1:13247506:omental_fat_pad:0,TN,0
7.8111243,-0.32472646,-0.90129465,-0.33306253,0.32472137,-0.38745928,0.09966732,-0.21567576,-0.2420776,-0.24860723,1,chr3:75785419:Peyers_patch:0,TP,1
-7.5729394,-2.3554153,-0.33918855,0.8080837,0.24458684,-0.42373976,0.21627836,0.32071972,-0.09943604,-0.16036095,0,chr2:213152392:adrenal_gland:0,TN,0
-2.7366984,0.83757716,1.199568,-0.33035445,1.4761125,-0.41849723,0.6659669,0.114830375,0.22906949,0.019850736,0,chr17:37489615:body_of_pancreas:0,TN,0
4.171131,1.0756398,1.8927233,1.3795774,0.31908184,-0.636365,0.7002661,0.8443406,0.030849196,-0.5819279,0,chr12:110469074:tibial_artery:0,FP,1
-5.845426,-0.0831261,-0.68297213,-0.12495496,-0.019964369,-0.32885543,-0.16519362,-0.34587687,0.33903536,-0.49806488,0,chr20:32778436:transverse_colon:0,TN,0
6.233673,0.07122848,-0.2354794,0.41764262,-0.7682316,0.48356625,0.47751465,0.05119548,0.3364954,-0.72129387,0,chr9:89557013:upper_lobe_of_left_lung:0,FP,1
-4.9274063,0.63376254,-0.055253446,0.2787427,-0.054789145,-0.34551117,0.29977292,-0.1569094,0.42312613,0.031986102,0,chr17:18698466:prostate_gland:0,TN,0
6.7484875,-0.56217974,0.5074536,0.114089765,0.28518802,-0.4518262,-0.23256823,0.17136891,0.42586696,0.67760634,0,chr5:42992982:prostate_gland:0,FP,1
7.2218833,-0.8102232,0.4059538,0.46116123,0.24826585,-0.1533955,-0.007824126,-0.37315774,0.26715568,-0.21492404,1,chr9:42852316:tibial_nerve:0,TP,1
-2.703502,1.4213612,-0.02920641,0.4612232,-0.58795255,-0.6767643,-0.8284812,0.11100065,0.9353152,-0.10587316,0,chr1:230167489:Peyers_patch:0,TN,0
-2.4355032,-0.01038517,0.51080495,-0.7090001,1.4986017,0.93238676,0.14840487,0.101063296,-0.052916307,-0.13258041,0,chr1:159214515:adrenal_gland:0,TN,0
6.637784,0.45350266,0.20485806,0.15898605,-0.5393933,0.24008192,0.7460033,0.0026564703,0.50453395,0.21541598,1,chr12:48753691:sigmoid_colon:0,TP,1
-5.2117653,-0.75287896,0.21674193,-0.34260073,0.7708376,0.22923692,0.20408487,0.23507746,-0.24040864,-0.23979038,0,chr9:98998958:thoracic_aorta:0,TN,0
-4.162961,0.9497491,-0.36664492,-0.104431614,-0.47998306,0.13750142,0.16657937,-0.6529316,0.077026114,0.08405183,0,chr6:32622665:transverse_colon:0,TN,0
-3.8464394,0.39673263,0.07588272,-0.6413034,1.0137392,0.46051702,-0.1090236,-0.38659376,0.14946665,-0.2595151,1,chr4:119212065:esophagus_muscularis_mucosa:0,FN,0
6.7416034,-0.9292486,-0.4268518,-0.08158737,-0.04497176,0.046577245,0.3635279,-0.444167,0.76519954,-0.09652966,1,chr4:145321395:thyroid_gland:0,TP,1
4.6460547,-1.1755139,0.598288,-0.43832615,0.01973556,0.30451712,-1.1130011,0.43239325,-0.0043052705,0.608904,0,chr7:3164589:body_of_pancreas:0,FP,1
5.8197675,-1.0329902,1.3620939,0.8198386,-0.5133371,-0.56776685,-0.25420693,-0.37280032,-0.049123626,0.2688555,1,chr5:179213127:tibial_artery:0,TP,1
-4.874456,-1.0214067,-0.26671594,1.7262356,-0.50287277,-0.057272747,0.22558536,0.5869253,-0.0044488558,0.18975271,0,chr17:66538699:sigmoid_colon:0,TN,0
-4.425901,-0.3902416,-0.17679265,-0.36818227,0.34097815,1.2100672,0.4740997,0.073759094,-0.054020848,0.3177055,0,chr11:57821648:body_of_pancreas:0,TN,0
6.008826,1.5169126,-2.3705394,-2.016836,0.812016,-0.8428288,0.033525594,0.23219775,-0.7207435,0.7759718,1,chr8:44636977:lower_leg_skin:0,TP,1
5.0417604,0.4315318,2.6012993,-0.13672972,-0.08602055,-0.25070277,0.114807665,-0.0715931,-0.53025466,0.417922,0,chr1:6423522:upper_lobe_of_left_lung:0,FP,1
-4.374031,0.3440679,-0.51879543,0.77971774,-0.29936737,-0.8363284,0.7822352,1.1221994,0.693016,-0.4843739,0,chr17:980964:esophagus_muscularis_mucosa:0,TN,0
7.554454,0.18212996,-0.003283376,0.24797575,-0.48836294,0.54519606,0.72036666,-0.09334502,0.49770778,-0.1671988,1,chr5:123274158:adrenal_gland:0,TP,1
-3.732781,0.7113982,0.8391838,-0.26257193,0.36303335,-0.8161337,0.5573112,0.32687277,-0.29475147,-0.2564096,0,chr17:4739491:tibial_artery:0,TN,0
-0.9009498,1.6400014,-1.1042533,0.77172107,-0.3943703,-0.21141113,-0.9427256,0.96032614,0.06514222,-1.0314028,1,chr14:58098585:Peyers_patch:0,FN,0
-5.269961,-1.0025266,-0.00021644685,0.5064851,-0.98920405,-0.0068522743,0.03570633,0.5428392,-0.7184876,0.120146945,0,chr9:127955840:transverse_colon:0,TN,0
6.825344,-0.94422686,-0.32265925,-0.2882229,-0.18155459,-0.3300202,0.18358444,-0.014719992,0.08914857,-0.31518683,1,chr19:4352840:prostate_gland:0,TP,1
6.8585987,-0.94743913,-0.47387087,-0.071221635,-0.08806934,-0.434222,0.12144129,0.14818887,0.016874256,-0.3815852,1,chr19:4352840:testis:0,TP,1
5.5306516,-0.86651975,1.4149874,-0.12508598,-1.1891763,-0.8123043,-0.5489604,-0.35330585,-0.8133474,-0.109219596,1,chr16:2005642:upper_lobe_of_left_lung:0,TP,1
6.8040752,-1.0263109,0.20590201,-0.096317865,0.024872249,0.3454915,-0.23007648,-0.5126925,-0.69234616,-0.24670255,1,chr3:37536143:Peyers_patch:0,TP,1
-3.483704,1.0454895,-0.31832367,-1.0342355,-1.2660153,0.35671192,-0.57793605,0.15841419,0.033828765,0.22962222,0,chr10:91797861:body_of_pancreas:0,TN,0
-4.9409595,0.7603678,-0.40837938,-0.2988487,-0.20623796,-0.106018364,-0.022622762,-0.3089671,0.13632132,0.07650838,1,chr16:4548780:prostate_gland:0,FN,0
1.0886229,0.5081491,-0.037835218,1.4028671,0.71397376,0.42094392,-1.6038244,0.6885183,0.24035186,-0.04835651,1,chr16:4548780:transverse_colon:1,TP,1
-4.3111024,-0.06252509,-0.4947319,-0.41879225,-0.26818007,0.3211662,0.352612,-0.08892422,0.051144578,0.12232551,1,chr1:84753658:upper_lobe_of_left_lung:0,FN,0
-3.4539747,1.3089263,-0.13273825,-0.62536436,-0.39641964,0.7909184,-0.25320268,0.13936985,-0.01782303,-0.15696901,0,chr5:138077411:adrenal_gland:0,TN,0
-5.5474954,-1.7152702,-0.6287912,-0.6626072,-0.93091094,0.7513736,-0.2823603,0.66861814,0.18911397,0.25148302,0,chr6:122184843:tibial_artery:0,TN,0
6.129265,0.16469191,0.82513833,1.1699476,-0.21894574,0.08311872,1.1863627,-0.7897783,0.79617065,0.7276293,1,chr19:21484173:transverse_colon:1,TP,1
-5.800892,-1.0408791,-0.36555508,-0.40920392,0.16486034,0.39518678,-0.21057503,-0.3977503,-0.29230016,0.07931712,0,chr1:55641967:thoracic_aorta:0,TN,0
-3.575012,0.06758104,0.99354345,-0.99186647,0.63118005,-0.46232614,0.10229531,-0.07829936,0.10987217,0.46959305,0,chr11:78416867:prostate_gland:0,TN,0
5.6288815,-1.6379852,0.3253916,0.81337315,0.06768381,-0.12231617,0.34249404,-0.67981845,0.4557024,-0.35594267,1,chr9:129437243:body_of_pancreas:0,TP,1
1.2008059,1.6083393,-1.6274508,0.88893205,-0.2979159,-0.8024326,-0.8231594,0.8133283,-0.39482558,0.84956145,0,chr16:58074709:body_of_pancreas:0,TN,0
7.156371,-0.80704844,-0.59669745,-0.4276879,0.056709975,-0.10736084,0.08447594,-0.57735854,-0.47135708,-0.16533129,1,chr8:38060242:body_of_pancreas:0,TP,1
-4.758529,0.74310505,0.039825667,-0.58278656,0.57428324,-0.23985305,0.06068907,-0.52761036,0.16014816,-0.2547513,0,chr5:93581237:prostate_gland:0,TN,0
-4.9665604,-0.25951773,0.28764957,-0.50504595,-0.20366324,0.1851728,0.13143873,0.20785953,-0.45880574,0.34990612,0,chr5:61228702:body_of_pancreas:0,TN,0
7.6277227,-0.50141263,-0.750397,-0.39816108,0.22863853,-0.43995163,0.14292976,-0.25391984,-0.2423804,-0.26360038,1,chr3:75785419:transverse_colon:1,TP,1
-1.7207791,0.40808123,0.45707908,-1.1498402,0.7807272,1.2639695,-0.4056778,0.07162616,0.9453418,0.6572559,0,chr5:60960804:esophagus_muscularis_mucosa:0,TN,0
-3.404907,0.1072736,-0.20149595,-0.62327987,0.79130876,1.3919868,-0.75657684,-0.22093345,0.21689565,-0.19241197,0,chr4:95165949:tibial_artery:0,TN,0
1.8774383,-1.7967613,-0.35345492,0.42858258,-1.3387201,1.0437726,0.81085736,0.61479115,1.1192623,0.6740716,1,chr5:123274158:Peyers_patch:0,TP,1
8.064254,1.0651617,0.31163317,0.66592443,0.050267726,0.86247385,0.7391673,-0.19515279,-0.17287323,0.10363082,1,chr12:48753691:body_of_pancreas:0,TP,1
5.850497,0.6292053,0.021727629,-0.07083699,-0.50416124,0.1852024,-0.29823774,0.6475866,1.1751513,0.53287333,0,chr19:52592575:body_of_pancreas:0,FP,1
-3.8795812,-0.04665413,0.26241866,0.2790976,-1.2295907,0.14630382,0.7632783,0.7173536,-0.2630981,0.45530385,0,chr16:28712219:gastroesophageal_sphincter:0,TN,0
-5.106359,-0.32346588,0.13496493,-0.18400404,0.3933132,0.12705587,0.41723034,0.43763384,-0.06289304,-0.2521598,1,chr10:87408408:transverse_colon:0,FN,0
-2.5711613,0.07287727,0.6031144,-1.1834536,0.11614261,1.0736686,-0.15450571,0.2249407,-0.40042803,-0.18381846,1,chr13:60226798:body_of_pancreas:0,FN,0
-2.5293527,-1.0598557,0.96971315,-0.47552937,-0.13446973,0.05124293,-0.04525178,0.05449408,0.41339728,0.6984795,0,chr11:13873413:gastroesophageal_sphincter:0,TN,0
-5.44812,-0.39788747,0.37969434,0.15717524,-0.17738585,-0.54185396,-0.022596223,-0.064266145,-1.0966728,0.25942248,1,chr7:98216118:body_of_pancreas:0,FN,0
7.549032,0.01736036,-0.050305333,-0.44365877,-0.0366825,0.040203124,-0.40694812,0.3237618,-0.44343832,0.3964536,0,chr9:136792496:thoracic_aorta:0,FP,1
-5.435122,-0.04439524,-0.6688142,0.3832964,-0.3943745,0.4990347,0.3649653,-0.30993956,0.058496125,0.16759047,0,chr1:26104845:esophagus_squamous_epithelium:0,TN,0
0.79423517,0.19599721,1.0764147,-1.9494888,-1.024471,0.5025568,-0.5665217,1.1199301,-0.7123328,0.03454974,0,chr21:42652266:transverse_colon:0,TN,0
3.9512148,-0.47864574,-0.07678583,2.1857305,1.0515747,0.89501613,-1.5512753,0.32525474,0.23985253,0.39533144,0,chr6:53956277:transverse_colon:1,FP,1
-3.2276301,0.1679092,0.33513004,-0.107377216,0.5300782,-0.49244353,-0.6277024,0.2816253,0.817207,-0.4651249,0,chr10:101121035:body_of_pancreas:0,TN,0
5.8094378,1.8748853,1.5897652,1.226709,0.60450816,-0.37518343,0.1480221,0.40334025,-0.14531283,-0.5360414,1,chr15:90957065:tibial_artery:0,TP,1
-1.7176027,1.9277035,-0.38106984,0.768912,-1.3653497,-0.61579126,0.1621742,0.41339868,0.18325795,-0.019212225,0,chr11:6612917:transverse_colon:0,TN,0
7.160491,-0.57740116,0.4151717,0.56593823,-0.07782181,0.0100203045,0.12868549,-0.23391432,0.023244523,-0.28138676,0,chr7:78040381:esophagus_muscularis_mucosa:0,FP,1
-4.9287167,0.4860123,-0.24669537,-0.4197533,0.249879,0.15996847,0.12871715,-0.46837804,0.045980863,-0.051357865,0,chr4:186474270:transverse_colon:0,TN,0
-7.7865777,-2.5254657,-1.0631784,0.84737164,0.30564293,0.6721644,0.3456344,0.29059747,-0.08576736,0.029503843,0,chr5:10364680:gastrocnemius_medialis:0,TN,0
-4.3959446,-0.08076177,-0.091100805,0.059510596,0.28432226,-0.42323735,-0.683602,0.41462588,0.2777588,-0.6567115,0,chr19:46783911:body_of_pancreas:0,TN,0
-6.4976397,-0.94791454,-0.4326444,-0.1342501,0.30833423,-0.072369084,-0.090666436,-0.376895,0.07407139,-0.053515904,1,chr11:1652791:body_of_pancreas:0,FN,0
-7.275495,-2.639687,-0.91402465,0.9361459,-0.06737004,0.5148135,-0.005551396,0.3903773,0.24135177,-0.23516083,0,chr11:19938600:sigmoid_colon:0,TN,0
-3.2719042,1.6385629,-0.24510905,0.21494171,-0.9216587,-0.75556916,-0.38387153,-0.21780115,-0.3487343,-0.4139354,0,chr22:23399917:transverse_colon:0,TN,0
6.583428,-1.1303672,0.1629577,-0.19951722,0.18298508,0.09138097,-0.22258508,0.33688322,-0.15018001,-0.33023277,1,chr16:9160191:adrenal_gland:0,TP,1
7.4255857,1.2291915,-0.58191556,1.232118,0.33727065,1.2287918,0.6769722,0.009518328,0.40548748,-0.73820347,1,chr7:129783950:body_of_pancreas:0,TP,1
-5.9547925,-0.8667604,0.22823566,0.24561065,0.30699584,-0.30395082,-0.074273586,-0.14318796,-0.35895267,-0.29078668,0,chr17:21766120:upper_lobe_of_left_lung:0,TN,0
-2.7644343,-0.21882725,0.42585304,-1.1365389,-1.657123,-0.49593392,-0.68389976,0.38173053,-0.6440443,0.21109012,0,chr12:1641182:body_of_pancreas:0,TN,0
-4.8838444,0.41664553,0.14802033,-0.26773512,0.47890705,-0.4584409,0.044578653,-0.43126738,-0.09073863,-0.5225023,1,chr2:64751571:upper_lobe_of_left_lung:0,FN,0
6.09654,-0.2814398,0.64120966,1.6327814,0.46185303,-0.18113771,-0.48998052,-0.7984348,-0.19087969,0.7641139,1,chr19:45678133:transverse_colon:0,TP,1
-4.6871467,0.5622475,0.03962533,-0.35041153,0.65983456,-0.14448138,0.36422554,-0.090683125,0.080189474,-0.006404933,0,chr2:55050819:prostate_gland:0,TN,0
-1.9360551,0.9444932,-0.97558737,0.12810959,-0.70833737,1.1730815,-0.54824305,0.44668093,-0.56048536,-0.45183334,1,chr20:41572206:Peyers_patch:0,FN,0
0.37546614,1.2069666,1.3392577,0.48053232,1.4402304,-0.24408099,-1.4133389,1.283649,-0.5455072,-1.4259324,0,chr6:13874007:esophagus_muscularis_mucosa:0,TN,0
-6.4519644,-1.3996487,0.08096914,0.32226652,0.7370352,-0.18127592,0.36903465,0.2556295,-0.24844469,-0.024058543,0,chr2:28452449:esophagus_muscularis_mucosa:0,TN,0
-0.64327407,1.2212671,1.9298155,-0.03745105,1.8882055,-0.3346767,0.29547372,0.95313144,-0.22733338,-0.54140365,0,chr3:196712252:prostate_gland:0,TN,0
-0.54797363,0.71204835,0.45506608,-0.45205075,0.3446554,1.4333293,-0.8752742,0.4628146,0.27473357,0.045409307,1,chr2:83827580:transverse_colon:0,FN,0
8.149239,1.7076899,0.0032260441,1.1580675,-0.082858875,0.80294454,0.7665449,-0.17552406,-0.57633805,-0.6568542,0,chr19:21585442:body_of_pancreas:0,FP,1
-6.7134576,-1.0524856,-1.1074393,0.94231796,-0.54717356,0.4576319,0.4561798,-0.15868248,-0.30260888,0.25559953,0,chr12:40153243:body_of_pancreas:0,TN,0
1.3108612,0.65174925,0.6157036,-0.55960333,-1.5655535,1.08028,-0.17955913,-0.5210037,-0.72079283,0.7110552,1,chr6:161922984:body_of_pancreas:0,FN,0
-1.0118908,0.5580857,1.1784598,-1.0001578,1.7221009,0.3400555,0.30584842,0.1992385,0.011921334,-0.12210887,0,chr4:42656378:transverse_colon:0,TN,0
-3.2579443,-2.344098,-0.2601617,1.2864343,-0.21652636,1.0578237,0.63660806,0.18076135,0.57019585,0.037252925,0,chr7:38222730:suprapubic_skin:0,TN,0
1.6091717,0.66746044,2.2850318,0.054342866,-0.8611323,-0.39119384,-0.31058052,-0.6186727,-0.76448286,0.18184802,0,chr3:12840842:upper_lobe_of_left_lung:0,TN,0
-4.325362,0.81751424,-0.20604175,0.2923716,-0.082860336,-0.6302661,-0.30979666,-0.05267555,-0.3800603,-0.16990708,1,chr15:72664145:upper_lobe_of_left_lung:0,FN,0
-3.9902403,1.5301814,-0.10295622,-0.44880253,-0.1760369,0.15284038,-0.12654424,-0.37199432,-0.12341262,-0.05227769,1,chr11:111448887:gastroesophageal_sphincter:0,FN,0
6.641933,-0.5922988,-0.12144143,-0.583937,-0.24503711,0.6943624,-0.09389364,-0.001338286,0.05236648,0.038671553,0,chr11:36623030:upper_lobe_of_left_lung:0,FP,1
-5.125356,-0.46933538,-0.41230962,-0.4098369,-0.51521635,1.014531,0.0605824,0.4156197,-0.07542588,0.11158614,1,chr6:106223515:esophagus_squamous_epithelium:0,FN,0
4.265159,-2.2686365,-0.6617261,0.15090396,-0.41474038,0.013070465,-0.4089968,-1.0497715,0.108968,-0.35343468,1,chr4:64868627:body_of_pancreas:0,TP,1
2.973778,0.920091,1.6299677,0.20682873,-0.1101983,0.5425889,1.4930375,0.2744324,-1.0099173,0.10328207,0,chr17:6654885:prostate_gland:0,FP,1
-5.748942,-0.20927526,-0.44729933,-0.3704677,0.057334393,-0.11743596,-0.08691107,-0.6709823,0.10814131,-0.40811673,0,chr11:88232237:esophagus_squamous_epithelium:0,TN,0
-6.687698,-0.714615,-0.70545805,0.65869194,-0.22311594,-0.45730996,0.14369123,-0.0066795913,0.17545415,-0.29857793,0,chr17:1724503:gastroesophageal_sphincter:0,TN,0
3.4757917,-0.81048846,0.7309484,-0.081024066,-1.5789341,-1.0826762,0.442637,0.39846402,-0.049595106,-0.15206307,0,chr6:16409816:gastroesophageal_sphincter:0,FP,1
-1.268751,2.3179336,-0.5999448,0.7360815,-1.541827,-0.84238905,0.22115728,0.2567038,0.29108596,0.37160692,0,chr11:6612917:tibial_artery:0,TN,0
6.248415,-1.3562498,0.050692182,0.73060936,-0.04810101,-0.13976216,-0.5264077,-0.16069819,0.021773808,0.0039733667,1,chr8:41651698:transverse_colon:1,TP,1
7.3755097,1.515839,0.5520507,1.6158183,0.11092203,0.51080143,0.48497546,0.086191624,-0.24914777,-0.59304315,0,chr6:33745522:gastroesophageal_sphincter:0,FP,1
-4.996831,0.31213373,-0.42291054,-0.3411839,0.18398482,-0.008931538,-0.26738706,-0.44932213,0.026042344,0.0330837,1,chr11:1652791:body_of_pancreas:1,FN,0
-3.844539,-0.5177308,1.0244197,0.24406067,-0.14577958,-0.5565258,0.82871443,1.0728518,0.88106805,0.013072023,0,chr12:48351113:transverse_colon:0,TN,0
-3.003529,-0.08345039,0.6326096,-0.6674807,1.2023293,0.6974238,0.05920326,-0.13059582,-0.034126095,0.36597037,0,chr19:43198867:spleen:0,TN,0
1.3108404,1.5167031,0.8677519,0.719539,-0.71191555,0.5645607,0.3358769,0.57693833,-0.39570752,0.3603938,0,chr1:29306087:transverse_colon:0,TN,0
-3.9009302,-0.04817231,0.615691,-0.37244165,0.17310463,0.63902175,0.44429216,0.17678252,-0.13313644,0.6271139,0,chr3:186753488:prostate_gland:0,TN,0
5.71517,0.60238916,1.1828154,0.83700275,0.34389514,-0.1322644,0.43234292,0.13536008,0.40835625,0.1733251,1,chr11:116707506:Peyers_patch:0,TP,1
6.5101304,-1.5244424,0.039624907,-0.25293663,-0.07634224,-0.4086361,-0.08490849,-0.82240933,-0.072978154,-0.036757644,1,chr12:8390645:body_of_pancreas:0,TP,1
6.5276566,-1.4044336,-0.19324435,-0.3973095,-0.09845119,-0.4060146,-0.29249427,-0.57971174,-0.0016405134,-0.07864608,1,chr7:22550492:tibial_nerve:0,TP,1
-5.326647,-0.40421638,-1.1006125,-0.093711995,-0.93308383,0.04428543,-0.13413876,0.42267156,-0.49356094,-0.92787683,0,chr8:124593699:body_of_pancreas:0,TN,0
-6.0563655,-1.1034378,-0.10427982,-0.09561283,-0.061059836,-0.1118194,-0.2737992,0.2580169,-0.02284161,-0.1601495,0,chr4:2468253:transverse_colon:0,TN,0
-3.1760247,0.8759295,-0.06696265,0.52137727,-0.82606393,1.2080727,0.8608782,-0.3568465,0.45224798,1.2328473,0,chr11:60265897:adrenal_gland:0,TN,0
-5.7331924,0.3298892,-1.0504172,0.4119965,-0.7419842,0.05221764,0.23887178,-0.80512667,0.003554574,0.17125878,0,chr11:100932858:gastroesophageal_sphincter:0,TN,0
7.074639,-0.14937763,0.8533601,0.97125804,0.15251495,-0.14683482,0.13106237,0.023233872,-0.1812898,-0.50131506,1,chr2:101151641:transverse_colon:0,TP,1
5.693494,-2.0277865,0.22172678,-0.23974356,-0.37881842,-0.7218035,0.23342086,-0.8182115,0.21569963,0.029271292,1,chr3:75785357:tibial_artery:1,TP,1
-4.9262137,-0.44947025,0.2076917,0.3643086,-0.31921834,0.066555545,0.30749324,0.022424785,-0.1297567,0.030744366,1,chr16:21935488:thoracic_aorta:0,FN,0
6.9058433,-0.99575216,-0.74067456,-0.31904438,0.10949327,-0.13373892,-0.052457597,-0.3453573,0.72198975,-0.4167599,1,chr1:160976816:prostate_gland:0,TP,1
-3.278399,1.2480636,0.9684894,0.27625352,0.97705626,-0.25412253,-0.98433024,-0.22750922,-0.23659807,-0.7156342,1,chr16:68237591:body_of_pancreas:0,FN,0
-3.980387,-0.023239696,0.45906773,1.1479753,-1.1691437,-1.1986867,0.17981033,0.047606215,-0.5828421,0.3032488,0,chr16:88425337:prostate_gland:0,TN,0
7.0716643,-0.7831467,-0.027830984,0.016223012,-0.122838505,0.34575883,0.087385625,-0.30513415,0.13142046,-0.12601098,1,chr4:75289967:esophagus_squamous_epithelium:0,TP,1
7.4885836,-0.34412912,0.2314603,0.49097574,0.26933956,0.21649353,0.4761374,-0.4628583,0.25378242,-0.63324547,1,chr15:79896760:esophagus_squamous_epithelium:0,TP,1
-5.2682633,-0.99561334,-0.7774521,0.773571,-0.9157067,0.7291611,0.4230845,0.07995252,-0.46808696,0.2911254,1,chr6:106223515:adrenal_gland:0,FN,0
-3.6659012,0.3862494,-0.18137881,-0.8833813,0.32301146,1.062709,-0.12153622,-0.61281884,0.08448268,0.2755056,0,chr13:91045410:prostate_gland:0,TN,0
7.1601267,-0.95502937,0.13867532,0.16543046,-0.044175666,-0.20574558,0.06652695,-0.69423187,-0.16798726,-0.0639715,1,chr12:8390645:adrenal_gland:0,TP,1
-2.3379073,-0.9318826,-0.5643635,0.11378358,-0.5563044,0.69251275,0.22714078,1.8219254,0.73006934,-1.3422375,0,chr11:19938600:testis:0,TN,0
-2.542536,-0.44218272,-0.5347545,-0.56961596,-1.2372875,-0.13041613,0.21911423,1.4085579,0.0063002366,-1.2321936,0,chr19:35406065:body_of_pancreas:0,TN,0
-4.4142876,0.8632937,-0.4128214,-0.64887273,0.042334344,0.542016,-0.34924728,-0.5829343,0.3162854,-0.18160388,0,chr4:95165949:prostate_gland:0,TN,0
-3.8210685,0.83091825,0.46675327,-0.31503463,0.9228756,-0.17704467,0.86238617,0.11690762,0.1921397,0.2958303,1,chr5:141969068:tibial_artery:0,FN,0
-5.7024765,-0.14347844,-0.5245009,-0.049722306,0.63837475,0.1875635,0.33257142,-0.34366998,-0.12661283,-0.25625592,1,chr11:57712375:tibial_nerve:0,FN,0
-6.5126734,-1.4228818,-0.5132526,0.24207318,0.40471676,-0.102333255,0.0044478117,0.24656884,-0.05770972,-0.80697733,0,chr7:4479619:spleen:0,TN,0
-3.5579937,-0.4725464,0.5986046,-0.75902516,1.1002846,0.19741687,0.21249165,0.5602156,-0.29225108,-0.5083206,0,chr15:32388404:spleen:0,TN,0
0.7654155,0.5633485,-0.5174576,0.31403077,-1.3105131,-0.22998415,1.0950619,0.07593711,1.4263448,0.21230428,0,chr17:8585099:thoracic_aorta:0,TN,0
-4.995846,-1.3187075,0.2636931,-0.75805676,0.7481582,0.22991219,-0.04471313,0.048008665,-0.10127371,0.14480688,0,chr3:10883626:body_of_pancreas:0,TN,0
6.1889567,-1.6217333,-0.28001466,-0.54744345,0.018239407,-0.39611018,-0.25965658,-0.14803334,0.29137474,0.10219378,1,chr6:31374359:tibial_artery:1,TP,1
-6.0167184,-1.7160648,0.3106734,-0.10104938,0.73345965,-0.19094506,0.0489296,0.18290626,-0.33377576,0.21123347,1,chr18:76492684:thoracic_aorta:0,FN,0
6.8449297,-1.1652138,0.49449435,0.3322303,0.1828103,-0.3379556,-0.096032284,-0.43928602,0.49076506,-0.046484713,1,chr9:42852316:gastroesophageal_sphincter:0,TP,1
-1.4870214,1.0453756,-0.6178393,-1.5264267,-2.0196736,0.2831304,-0.5566067,0.17851299,0.2804627,0.31812578,0,chr9:105426323:esophagus_squamous_epithelium:0,TN,0
-0.23022458,-0.90639424,2.2710092,0.5653382,-0.915382,-0.8286871,0.37046903,0.38838947,-1.2339934,0.19011,1,chr22:46739374:transverse_colon:0,FN,0
6.8431845,-1.0700657,-0.48039523,0.18773502,-0.054165054,0.07003795,0.067154385,-0.5643107,0.17820746,-0.35100913,1,chr5:107709744:prostate_gland:0,TP,1
-4.151953,0.87583506,-0.35386273,-0.5126152,0.11545372,0.11480005,0.034151755,-0.06354069,0.39120427,-1.0375093,0,chr10:122980901:tibial_artery:0,TN,0
5.267401,-1.8855656,0.29650941,-0.6978483,-0.72394466,-0.7152093,-0.5839717,-0.235724,-0.012582127,0.43686047,1,chr8:41651698:suprapubic_skin:0,TP,1
-5.961472,-0.72111684,-0.06195503,0.27873755,0.02778886,-0.05601287,0.33773148,0.12346684,-0.61577636,0.24006914,0,chr7:43647696:thoracic_aorta:0,TN,0
6.851742,-1.1046374,0.5458787,0.23509696,0.15914668,-0.42127424,-0.07411476,-0.43574274,0.5213918,-0.038286593,1,chr9:42852316:esophagus_muscularis_mucosa:0,TP,1
-1.7658842,0.11592601,1.8555516,-0.9338732,0.01725898,-0.49156418,0.79439634,0.7459904,-0.770412,1.1611588,0,chr6:42104227:transverse_colon:0,TN,0
-4.137731,1.165562,0.1809533,-0.059477452,0.4148547,0.1934678,-0.7113879,-0.6232436,-0.14841387,-0.20702581,0,chr4:77240648:thyroid_gland:0,TN,0
-6.982026,-1.3497124,0.014980126,0.5166025,0.32841587,-0.5983205,0.022285517,0.07793381,-0.51080173,0.07057663,0,chr20:59515611:body_of_pancreas:0,TN,0
-4.716461,0.80143493,-0.32989126,-0.33291927,-0.32317126,0.20881198,0.12576906,-0.3516492,0.12930024,0.10093879,0,chr17:50094413:tibial_artery:0,TN,0
-1.1540421,0.93666136,-0.15834124,-0.506659,0.31337923,1.3310761,-0.3200774,0.43300155,0.71375775,-0.06461774,0,chr2:46011104:transverse_colon:0,TN,0
-7.183368,-1.8456368,-0.7732078,0.6814256,0.06838937,0.3006464,0.46482837,0.026729345,-0.21894827,0.0965658,0,chr3:32144516:body_of_pancreas:0,TN,0
-2.8792024,1.3766302,1.3074709,-0.31071573,1.1229001,-0.953509,0.074726455,0.016758438,0.2494924,-0.48354393,0,chr9:136400120:tibial_nerve:0,TN,0
5.8929014,-1.8232714,0.14889523,-0.319565,-0.28471228,-0.11765877,-0.16527845,-0.751571,-0.18986139,-0.22247255,1,chr12:121918386:tibial_artery:0,TP,1
4.803833,-1.2415116,0.9544595,-0.7815143,-0.21786647,0.35548204,-0.118604966,0.77004427,0.007591513,-0.51595247,1,chr7:63015786:transverse_colon:0,TP,1
-4.974546,-0.87768525,0.004340726,-0.26859254,1.0842258,0.41809964,-0.07716084,-0.024950655,-0.077431716,0.14118597,0,chr6:116060830:prostate_gland:0,TN,0
5.705768,1.3248359,1.0281293,0.5999409,-0.4033204,-0.27431998,1.2226926,0.078801244,-0.1728776,-0.51480204,1,chr9:129437463:tibial_artery:0,TP,1
6.187457,0.11876539,0.7197681,1.2075249,0.0031567945,-0.055659186,1.0724901,-0.8748842,1.1048661,0.7260119,1,chr19:21484173:esophagus_squamous_epithelium:0,TP,1
-5.6130795,-1.0973643,-0.5047149,-0.61445266,-0.07912202,0.9384803,0.06328986,-0.48102292,0.113835685,0.30944595,0,chr1:170967201:transverse_colon:0,TN,0
-3.959779,0.7677093,-0.40705922,-0.086925335,-0.26994464,0.724235,0.097814225,0.41676953,-0.14041543,-0.68570435,1,chr17:50094413:upper_lobe_of_left_lung:0,FN,0
-5.142872,0.26179993,0.31541353,-0.1359746,0.36986607,-0.6910736,0.4652309,0.38063616,-0.21761331,-0.2652056,1,chr17:45022145:tibial_nerve:0,FN,0
1.072945,-0.13611847,2.4220731,-0.28617612,-0.67595726,-0.9204594,0.46669534,0.707483,-0.2941982,-0.2153898,0,chr12:123269654:tibial_nerve:0,TN,0
-6.893322,-2.181793,-0.25457898,0.22747715,0.41059008,0.4411646,0.21144454,-0.18904552,-0.14975339,0.45766586,0,chr12:43339206:tibial_artery:0,TN,0
-1.0703979,0.28137833,-0.29386455,-0.47766086,-1.1180801,0.89237577,0.39778763,1.0150506,-0.006396417,-0.800131,0,chr1:64147961:thoracic_aorta:0,TN,0
-3.8661275,1.5589722,-1.0116903,-0.01858709,-0.77523136,-0.43185848,-0.13085204,-0.5535433,0.47855717,-0.12746435,0,chr6:32933573:transverse_colon:0,TN,0
5.018431,-1.3364217,0.17042898,0.28687853,-0.6841924,-0.27080908,0.9136892,0.3407964,1.7602502,-0.7359258,0,chr19:8396778:esophagus_squamous_epithelium:0,FP,1
-2.3754735,1.0412909,-1.0701002,-0.15290661,-1.1891148,-0.6985617,-0.31137347,0.22975822,-0.7296843,-0.4389273,0,chr2:171034274:body_of_pancreas:0,TN,0
6.662023,0.19085397,0.6030109,1.0745374,-0.018859006,0.18555532,1.1096622,-0.8110781,0.78751796,0.49992272,1,chr19:21484173:adrenal_gland:0,TP,1
-5.819816,-0.18073316,-1.0091422,0.27547666,-0.6424892,-0.08999792,-0.0342932,-0.487347,0.4176846,0.29275087,0,chr7:128503541:body_of_pancreas:0,TN,0
7.0408435,-1.0516839,0.2011278,0.19865079,0.17571498,-0.21094197,0.26397634,-0.13609827,0.72094977,-0.334647,1,chr17:45585364:upper_lobe_of_left_lung:0,TP,1
6.918367,-0.34206465,0.48065302,0.23503458,-0.4857338,-0.16670822,-0.1069651,-0.58376265,-0.47215778,0.22348447,0,chr7:100965858:tibial_nerve:0,FP,1
-4.6887674,0.12558748,-0.015928352,0.53363925,-0.015552273,-0.21895851,0.039454445,-0.13217199,0.62235224,0.39438,1,chr1:41432909:prostate_gland:0,FN,0
-5.046551,-0.019532844,-1.1320765,0.40511677,-1.1848307,0.06942134,0.008612617,0.43633664,0.058780536,0.11704909,0,chr14:21309486:body_of_pancreas:0,TN,0
-3.6926336,1.6402166,-0.266879,-0.16399118,-0.8518924,0.22934029,-0.5001691,-0.75639766,0.1810428,0.15937702,0,chr11:12894326:adrenal_gland:0,TN,0
-4.88284,-0.4084737,-0.22327057,-0.49871215,0.86555856,0.48739776,-0.21674103,-0.05233703,0.13480373,-0.4255871,0,chr14:61456966:transverse_colon:0,TN,0
5.9511943,-0.37112007,1.799572,0.66321015,-0.3833616,-0.6068725,-0.30073914,-0.015426421,-0.19816425,-0.13746846,0,chr16:88700708:upper_lobe_of_left_lung:0,FP,1
5.690999,-0.012445506,0.80130106,1.2165326,-0.27527928,-0.053387646,1.1398242,-1.105734,1.1380106,0.89352566,1,chr19:21484173:testis:0,TP,1
-4.1939135,0.44091552,0.3800202,-0.668342,0.4303751,-0.35460123,0.44875324,0.013358034,-0.2647154,0.082309365,0,chr3:32401666:esophagus_muscularis_mucosa:0,TN,0
-1.1554245,2.0487072,0.20790583,0.12587722,-0.6353872,-0.65210104,-0.5885537,0.7426454,-0.41705778,0.4435867,0,chr17:45832045:transverse_colon:0,TN,0
-6.091321,-0.81524277,-0.85560316,0.8319605,-0.6771664,-0.03354773,0.18821552,-0.09516121,0.06370964,0.51347935,1,chr9:16039580:esophagus_squamous_epithelium:0,FN,0
-4.1125207,0.9765529,-0.9918716,-0.06622089,-1.0016491,-0.05232155,0.16898985,-0.19962403,0.27636635,0.573537,0,chr16:90203818:transverse_colon:0,TN,0
-5.8479652,-0.21444567,-0.68391377,-0.020643355,-0.3405816,0.51627964,0.033041812,-0.41174352,-0.13991603,0.13641049,0,chr3:66816669:body_of_pancreas:0,TN,0
3.9176004,0.21944633,0.8617008,0.7830392,0.3231089,0.318406,-1.188306,-0.46075144,0.15832238,0.42179787,0,chr9:15104864:transverse_colon:0,FP,1
0.48093393,0.49781752,2.2685905,0.16205628,0.8707468,-0.6108935,-0.2455464,0.9937926,-0.39334056,-0.7573839,0,chr18:74291399:upper_lobe_of_left_lung:0,TN,0
-5.072431,-0.11884626,0.039971326,-0.085168935,0.812129,-0.38560015,0.06585903,-0.07151424,-0.28673118,0.08950696,0,chr17:4560968:adrenal_gland:0,TN,0
-6.395517,-1.2607955,-0.7804452,0.41581422,-0.69452417,0.27932507,0.1745309,0.30385125,0.1445855,0.17861116,0,chr1:146006702:transverse_colon:0,TN,0
-5.6654296,-0.1290845,-0.8324811,0.5971266,0.008433576,0.471247,0.034946326,-0.18982522,0.54323965,0.049889363,0,chr9:114487593:prostate_gland:0,TN,0
-5.4678836,-0.17427345,0.025663503,-0.47023058,0.6513677,-0.3952296,0.2275515,0.02924033,-0.20360252,-0.32150057,0,chr14:22823038:thoracic_aorta:0,TN,0
-1.7224873,0.547582,-0.19239214,1.1053327,-1.2572262,-1.2393327,1.3637985,0.11535903,0.60192287,0.25511762,1,chr6:99516089:body_of_pancreas:0,FN,0
4.118598,0.36570773,2.1272511,0.33716694,-1.0770481,-0.46101382,0.61605394,-0.32571992,-0.057915036,0.69277394,1,chr7:142451935:transverse_colon:0,TP,1
-5.772179,-0.4060477,-0.508066,-0.1992053,-0.10407457,0.014075318,-0.21476467,-0.3088498,-0.25090587,-0.12863141,1,chr9:127348292:prostate_gland:0,FN,0
3.424711,0.8341834,1.9540977,0.43405798,0.17667343,0.60479987,-0.347761,-0.053509273,-0.4875886,0.18387756,0,chr19:41706904:tibial_artery:0,FP,1
-3.538604,-0.09857864,1.362955,-0.19434407,-0.32824284,0.07690021,0.22364654,-0.89394796,-0.71595883,0.8230949,0,chr14:50045393:upper_lobe_of_left_lung:0,TN,0
5.933131,0.827599,-1.6249537,1.5310097,1.2002885,0.19579817,-0.47114965,0.13623495,-0.60984004,0.62451655,1,chr13:109267585:upper_lobe_of_left_lung:0,TP,1
7.7011714,0.6077876,0.31886727,0.8169191,0.1465469,0.77344924,0.7292772,-0.036299612,0.038121726,-0.10184128,1,chr12:48753691:tibial_artery:0,TP,1
-2.5802724,1.3995023,-0.5817171,0.5262535,-0.87957233,-0.74538624,-0.882621,0.027927153,-0.24484593,0.15401806,0,chr3:27677217:body_of_pancreas:0,TN,0
-5.997972,-0.27474055,-0.35293958,-0.017221894,0.45731416,0.02175977,0.103906654,-0.23768328,-0.73660827,-0.055042814,0,chr2:131822172:upper_lobe_of_left_lung:0,TN,0
-6.1148367,-1.2604212,-0.11556229,0.43102753,1.0764441,-0.22195953,0.7715084,0.174806,-0.12132991,0.41057548,1,chr12:123762055:upper_lobe_of_left_lung:0,FN,0
7.729161,0.028589215,0.04666685,0.58544326,0.12206307,0.2676649,0.3144746,-0.2270037,-0.31991118,-0.5332713,1,chr9:61668518:body_of_pancreas:0,TP,1
-3.008349,-0.12798329,0.8205632,0.6307703,-0.2703376,-0.3704398,0.4657247,-1.1473664,0.3264143,1.21953,0,chr1:154313017:thoracic_aorta:0,TN,0
-4.2815003,0.60642034,-0.4226179,-0.22626388,0.21686274,0.57392144,0.0053462437,0.09943651,0.7041774,-0.65957344,0,chr5:36507468:tibial_artery:0,TN,0
-6.146867,-0.54143256,-0.47009012,-0.0060027107,0.31023714,0.109806485,-0.013240847,-0.35445282,-0.24919157,-0.113272674,0,chr3:66138807:tibial_artery:0,TN,0
1.5930717,1.8136755,-0.8724298,1.1826684,0.33277455,0.37442648,-1.3488004,0.34448016,-0.23935203,-0.0660813,0,chr11:118295892:transverse_colon:0,TN,0
6.897429,-0.9119219,-0.4621502,-0.7115197,-0.13473617,-0.19512475,-0.2316103,-0.42817155,-0.17050388,-0.15677209,1,chr7:22550492:esophagus_muscularis_mucosa:0,TP,1
-4.237434,0.49501002,0.05771712,-0.5663313,0.94553703,-0.26818857,0.18594569,-0.3225414,-0.1699262,-0.03709818,0,chr15:34523799:suprapubic_skin:0,TN,0
5.613578,-0.9128392,1.508121,0.5541441,-0.7436828,-0.63863444,-0.32679304,-0.27750602,-0.0017208268,0.37724343,1,chr5:179213127:thoracic_aorta:1,TP,1
6.582674,-1.4150406,-0.19881514,-0.18963803,-0.037020903,-0.6881402,-0.002336223,-0.561775,0.047730435,-0.06254382,1,chr3:75785357:body_of_pancreas:0,TP,1
7.2723293,-0.20113541,-1.2378247,-1.6295153,0.012303933,-0.15271331,0.096140295,-0.37857398,-0.39528665,-0.1565971,1,chr2:86221296:prostate_gland:1,TP,1
-6.316863,-2.8591034,0.46054268,0.17825346,-0.20236523,0.079838775,0.3509706,0.96423024,-0.383662,-0.06360554,1,chr1:20575428:transverse_colon:0,FN,0
8.017412,0.05054,-0.47345552,-0.04323385,0.41906688,-0.096589826,0.036517,-0.3139419,-0.40774548,0.11820761,1,chr7:100966122:Peyers_patch:0,TP,1
7.1933937,-0.07248253,0.61767656,0.15970246,-0.49177223,0.05847855,0.39329916,-0.3483653,-0.77445734,-0.13278247,1,chr1:27556965:adrenal_gland:0,TP,1
-2.0085561,0.5027639,1.6575615,-0.879539,0.55512005,-0.2693459,-0.49614996,0.5141063,-0.75343704,-0.3139449,0,chr11:1833125:tibial_nerve:0,TN,0
0.06836787,1.8973047,-0.96243644,0.47178996,-1.6384611,-0.45737413,-0.09095398,0.49474442,0.2329067,0.23746903,0,chr9:102073447:body_of_pancreas:0,TN,0
-6.7432466,-0.984135,-0.80215883,-0.09774125,0.04479238,0.09937723,0.077515624,-0.2805895,-0.123941205,-0.26070046,0,chr6:82252295:esophagus_squamous_epithelium:0,TN,0
-6.247181,-0.70460576,-0.6777565,0.3751874,0.31289342,0.43950775,0.26875106,-0.076598756,0.22440311,0.099963054,0,chr15:45705730:sigmoid_colon:0,TN,0
-1.7818326,0.6095071,1.2333256,-0.47642976,0.93117183,0.083851635,-0.61324245,0.43998495,-0.18923362,-0.47208855,0,chr6:53172200:testis:0,TN,0
-5.6149373,-0.1758353,-0.26184538,0.08778167,-0.04593725,-0.13653168,-0.005886906,-0.06037502,-0.40639362,0.1275247,0,chr10:5949478:prostate_gland:0,TN,0
6.363743,-1.129201,0.67197716,-0.12309325,-0.5703796,-0.52730536,-0.13236779,-0.6660883,-0.4862637,-0.23674566,1,chr16:85086903:spleen:0,TP,1
-3.680726,0.9728494,0.27745804,-0.31901503,0.18195918,0.60163724,0.28019816,-0.24596949,0.46368814,0.7273928,1,chr4:186824888:body_of_pancreas:0,FN,0
-4.5107064,-1.6925935,0.42489305,-0.8916059,0.18617655,0.9581227,-0.38553968,0.22834843,-0.09950299,0.021215292,1,chr13:54394503:Peyers_patch:0,FN,0
7.968112,-0.1441866,-1.1849867,-0.55978197,0.637498,-0.31356713,0.12406475,0.04812594,0.06001947,-0.021394143,1,chr6:31374359:transverse_colon:1,TP,1
1.1302332,1.8077062,0.35702473,-0.5745635,-1.2953851,0.39045534,-0.9130776,0.13817894,-0.7721871,0.16571859,0,chr2:21042645:thoracic_aorta:0,TN,0
-4.398886,-1.1759919,0.33352876,-0.56116647,-0.16502948,0.16020742,0.30651164,0.77980894,0.17412366,0.24032146,0,chr11:449817:transverse_colon:0,TN,0
-3.0501242,0.2727696,0.5212659,-1.0207493,0.6256447,0.5884561,0.34629622,0.02368062,0.41926253,0.36820132,0,chr12:114508854:spleen:0,TN,0
5.3015456,-1.4072733,0.8596726,-1.0107211,-0.39471322,0.20926094,-0.11061392,0.5927336,0.13114947,-0.21941298,0,chr7:63015786:prostate_gland:1,FP,1
-3.576032,1.110454,0.2985056,0.6648284,1.1761717,-0.16322127,-0.6527102,-0.15574417,0.4268436,-0.35839432,0,chr7:88220243:prostate_gland:0,TN,0
-6.187913,-0.97488064,-0.2828439,0.909806,0.070650555,-0.6757307,0.54253,-0.059957895,-0.5737376,0.18846631,0,chr19:9914785:gastrocnemius_medialis:0,TN,0
-5.5196853,-0.97222894,0.60479534,0.27233496,0.9700711,-0.8601984,0.2361481,0.28628248,-0.13494956,-0.09218989,0,chr2:46297173:tibial_nerve:0,TN,0
2.5860784,0.23169982,1.3128254,1.9949646,1.2232381,-0.37521887,-0.7659942,0.8704139,0.19894381,-0.40758455,1,chr9:33167269:Peyers_patch:0,TP,1
8.540135,1.1427286,-1.9519082,-0.3400913,1.1586092,-0.35406417,0.53977394,0.2239452,-0.48668903,0.21982263,1,chr17:22909996:esophagus_muscularis_mucosa:0,TP,1
-7.250967,-2.084613,-0.22063084,1.1090406,-0.19640613,-0.27545157,0.16443652,0.052201774,-0.5353886,0.33308947,0,chr13:98653462:esophagus_muscularis_mucosa:0,TN,0
5.890523,-0.9747933,0.386011,-0.8512786,-0.7473515,-0.09778438,-0.6112905,-0.18533392,-0.5542102,0.36451185,1,chr5:149431239:thoracic_aorta:0,TP,1
7.7516956,-0.1864685,-0.66636866,-0.5169518,0.13589485,-0.19843313,0.18402398,-0.22973727,-0.43381378,-0.08272265,1,chr9:129437752:gastroesophageal_sphincter:0,TP,1
6.48919,0.5645307,-2.6884022,-0.67590654,1.3201828,-0.5691727,0.031550266,0.78836274,-0.7033541,0.6610236,1,chr8:44636977:gastroesophageal_sphincter:0,TP,1
-2.8878703,1.4622111,-0.5696138,0.59356135,-0.839774,-0.29803985,-0.5454759,-0.27376968,0.06065643,-0.001329329,0,chr1:205918852:tibial_artery:0,TN,0
-3.926101,1.7222114,0.2561414,0.019272929,-0.12160847,-1.0914483,0.26800385,-0.26283452,0.01512366,0.077663854,0,chr7:85186902:thoracic_aorta:0,TN,0
7.451761,-0.50626993,0.43873054,0.5577153,0.18946658,0.048810307,0.180719,-0.3667013,0.022426255,-0.32949537,1,chr9:42852316:body_of_pancreas:1,TP,1
-1.55741,0.8178284,0.3429269,-0.52041125,0.26300317,1.2243699,0.7807436,-0.18288796,-0.24849917,0.050473075,0,chr1:243118794:thoracic_aorta:0,TN,0
-5.3983073,0.41075483,-1.0341884,0.14198823,-0.8079002,-0.03337679,0.29514813,-0.3601154,0.081945464,-0.053460296,0,chr12:40153243:upper_lobe_of_left_lung:0,TN,0
-2.610183,1.103726,1.0178617,-0.89212805,0.55691797,-0.8142492,0.35266492,-0.2530822,-0.25603056,-0.0050087613,1,chr18:597094:upper_lobe_of_left_lung:0,FN,0
5.015556,0.3489214,1.5211836,1.5959301,0.052694764,-0.008272233,-0.5412285,-0.33316627,-0.6142101,0.5251993,1,chr6:169655219:transverse_colon:0,TP,1
5.430443,-1.2997576,-0.9235888,-0.089661576,-0.39085358,0.15858142,0.6154903,-0.73566985,0.56275886,-0.7339351,1,chr1:192003039:thyroid_gland:0,TP,1
-0.24464187,0.9526939,0.5255423,0.3140335,0.120537564,0.785636,-0.9318517,-0.2168631,0.5712964,0.006011652,0,chr1:245260636:prostate_gland:0,TN,0
6.8287606,0.34637392,-0.7695351,1.1379477,0.079356425,0.7319111,0.047680125,0.24667317,-0.4928907,-0.21905649,1,chr8:30230823:prostate_gland:0,TP,1
7.4594307,-0.415111,-0.90840185,0.7093836,0.53183216,0.2013467,0.17990859,-0.55168945,0.52032816,-0.11318093,1,chr20:21120370:spleen:0,TP,1
7.848618,1.42982,-0.17856038,0.62739825,-0.15394709,0.74996597,0.17906661,0.20612068,0.23379454,0.26923513,0,chr1:84542055:transverse_colon:0,FP,1
-4.8227053,-0.42626438,0.201815,-0.5366524,1.0537169,-0.21389379,0.2553236,0.018088914,-0.36742035,0.0629105,0,chr16:2004036:prostate_gland:0,TN,0
3.401649,0.5904231,0.66756755,0.31789958,-1.4375527,0.89834404,0.6031046,-0.5132078,0.904601,0.88265026,0,chr1:63575748:thoracic_aorta:0,FP,1
6.8796196,-0.9588095,-0.88119346,-0.11027846,0.24431989,0.18392454,0.38913974,-0.48479053,0.63295317,-0.59846437,1,chr4:62271507:prostate_gland:0,TP,1
-3.7605124,0.8775491,0.41250727,-0.45770472,1.0540434,-0.16528502,-0.053816114,-0.20467378,0.14355645,-0.49558192,0,chr21:29002850:tibial_nerve:0,TN,0
3.8852468,-1.3314031,1.7494482,-0.3059991,-1.7565514,-0.44891456,0.4288949,-0.3463939,-0.44848067,0.48804417,1,chr7:100965903:transverse_colon:0,TP,1
-4.690911,-0.5792587,0.07076548,-0.6533111,0.39292458,1.3386064,0.06665141,-0.2419796,-0.039103735,0.09063394,0,chr1:170967201:adrenal_gland:0,TN,0
7.101816,-0.31476292,0.022255553,0.2600074,0.00824173,0.10360751,0.14358124,-0.58653677,0.25706196,0.10375775,0,chr10:83992499:body_of_pancreas:0,FP,1
5.8937235,-0.616774,-0.58747834,0.6057826,-0.54544455,0.35774323,-0.68224394,0.56611204,0.18459785,-0.32512498,1,chr8:30230823:adrenal_gland:0,TP,1
3.5265448,0.023337051,-0.18194883,1.3880916,0.992985,1.7798251,-1.8924664,0.4910298,-0.28887707,0.077627175,0,chr15:32537476:body_of_pancreas:0,FP,1
2.0477169,0.607501,-0.1297974,1.1130661,-0.54190505,-0.69480044,0.10962942,-0.51787895,0.3839422,0.09802939,0,chr6:106837189:body_of_pancreas:0,FP,1
4.7758904,-2.1282814,0.23210905,-0.8610213,-0.610356,-0.41083375,-0.6443873,-0.023942688,0.004196759,0.31798872,1,chr7:155585487:body_of_pancreas:0,TP,1
0.10583573,0.3830419,1.8825076,-0.7306488,-0.36085936,-0.66880065,-0.15088935,0.83107156,0.21354324,-0.34809875,0,chr19:13152523:gastroesophageal_sphincter:0,TN,0
7.182851,2.2145417,-0.13083102,1.3503704,-0.17057389,1.0058159,0.52171814,-0.010775793,-0.98834234,-0.7128775,1,chr2:42969994:thoracic_aorta:0,TP,1
-4.4497304,1.2011614,-0.09623005,-0.120348155,-0.7533866,-0.5368792,-0.0795308,-0.2056204,-0.40879813,-0.24739616,0,chr2:232440448:transverse_colon:0,TN,0
-4.6129327,0.07318371,0.8929736,-0.22202124,-0.18124758,-1.0034285,-0.44616288,0.23400646,-0.32448247,0.06329856,0,chr5:1119480:Peyers_patch:0,TN,0
6.64224,0.36409286,0.8490319,0.61697507,-0.11443656,0.0014400142,0.25750393,-0.410514,-0.62444913,-0.19627647,1,chr1:27556965:testis:1,TP,1
6.2431817,-1.1354749,0.25527614,-0.4009998,-0.18897723,-0.083982505,0.37951103,-0.33584702,0.0605246,-0.08966164,1,chr7:142463879:Peyers_patch:0,TP,1
-2.4587674,0.19778973,-0.030204233,0.2643508,0.76112723,0.52548134,-0.4959675,0.1734885,0.9118761,-0.7937403,0,chr19:46753944:gastroesophageal_sphincter:0,TN,0
-2.2104616,0.9864753,1.7169015,-0.12599526,1.4544228,-1.0082109,-0.10124373,0.102854006,0.3741268,-0.48710927,0,chr3:196712252:spleen:0,TN,0
-5.037283,0.45314765,-0.8800034,0.505093,-0.60510606,-0.38054025,0.1357366,-0.008365251,-0.5968265,-0.43075958,0,chr10:80132939:body_of_pancreas:0,TN,0
-6.229172,-0.5590278,-1.2090397,1.0600421,-0.60023314,0.42745906,0.4799203,-0.20960864,-0.10512797,0.2190358,1,chr7:106568539:body_of_pancreas:0,FN,0
-3.8599236,0.07667094,0.26926193,0.67006695,0.16969404,0.26171842,0.10340849,0.19046234,-0.51754224,-0.35713238,0,chr12:124513633:body_of_pancreas:0,TN,0
-4.099978,1.5434129,-0.205277,0.35323274,-0.046729468,-0.7826978,-0.7240303,-0.18584277,-0.29006687,-0.541237,0,chr2:222297304:body_of_pancreas:0,TN,0
6.641368,1.054205,1.5815172,0.7476437,0.6542046,0.6546452,0.049378164,0.15248732,-0.44813007,-0.17347927,0,chr19:39824761:prostate_gland:0,FP,1
-3.9686759,-0.23470077,0.21894401,-0.46923584,1.040096,0.62279904,0.37036952,0.056636326,-0.12951536,0.35365325,0,chr21:45128695:thoracic_aorta:0,TN,0
-5.154929,-0.14977437,-0.1508152,-0.13967443,-0.36823124,0.72216517,-0.12975903,-0.38837755,-0.38102213,0.29034427,0,chr8:23547260:body_of_pancreas:0,TN,0
-7.2939034,-1.554313,-0.99978566,0.72257715,-0.3230867,0.08715783,0.22009675,-0.22756313,-0.009057842,-0.13345101,0,chr20:49603474:body_of_pancreas:0,TN,0
0.6248423,1.4488556,0.4584452,-0.15969881,-0.6289496,1.7979877,0.42004296,0.019686664,-0.112836495,0.08168504,1,chr20:19077643:transverse_colon:0,FN,0
-1.555662,-0.09472193,1.1578053,-0.5675245,-0.22197576,-0.13462728,-0.19757745,0.011737501,-0.6913153,-0.18855968,1,chr17:43361323:esophagus_muscularis_mucosa:0,FN,0
-1.7203498,1.011354,0.55536765,-0.23928177,-0.18744484,0.33792952,-0.839228,0.24233213,0.58256024,0.08683185,0,chr9:121609956:gastroesophageal_sphincter:0,TN,0
6.1566014,0.1415727,1.5841222,-0.43346542,-1.2246926,0.6779649,0.46182305,-0.061839994,-0.9033785,0.0373645,0,chr5:157471958:tibial_artery:0,FP,1
6.6206837,-0.8171068,-0.31252018,-1.1319609,-0.09144608,0.2922417,-0.4493274,0.47324947,0.46236378,-0.024675379,1,chr2:55432222:upper_lobe_of_left_lung:0,TP,1
-3.8233736,0.21378133,0.29306385,-0.71092975,0.29183677,0.6651497,-0.079439946,-0.23985535,-0.27855846,0.26562777,0,chr14:21852085:transverse_colon:0,TN,0
-5.278734,0.2619391,-0.7109958,-0.05087426,-0.8097635,0.30156392,-0.42053655,-0.6434872,-0.25548223,-0.10525216,1,chr6:31374706:body_of_pancreas:0,FN,0
0.6001051,0.8070187,1.4375292,-0.58678824,1.5915816,0.9597145,-0.56051576,-0.209052,0.47846138,0.092284545,0,chr11:35392416:adrenal_gland:0,TN,0
-2.2221766,1.6069648,0.55113477,-0.79411834,-0.17053853,0.099056326,-0.8596866,-0.7166929,0.19484708,0.19759785,0,chr13:25004931:esophagus_squamous_epithelium:0,TN,0
6.31633,-0.95757675,0.7201078,0.05029701,-0.64375323,-0.46176496,-0.02900799,-0.5801623,-0.4735636,-0.007983221,1,chr7:100965858:Peyers_patch:0,TP,1
4.228441,-0.719241,1.1054705,0.40590343,-0.9845385,-0.50952536,-0.7827094,0.4598515,0.2985023,-0.20309885,1,chr20:57190119:sigmoid_colon:0,TP,1
-6.416537,-1.2474481,-0.5671587,-0.1549368,0.0246867,0.34289098,0.34272987,0.24941346,-0.11611319,-0.1790072,0,chr13:32310515:gastroesophageal_sphincter:0,TN,0
4.224344,0.4183921,1.2062144,1.0313957,1.7298363,0.50261384,-1.1169368,0.6636807,-0.9576855,0.010630249,0,chr11:119094337:sigmoid_colon:0,FP,1
4.601911,1.1902802,-1.7358407,0.9020438,-0.28179032,-0.051840447,-0.09384252,0.96227896,0.18139635,0.22091918,1,chr17:61262537:sigmoid_colon:0,TP,1
-6.147642,-1.2529718,-0.747292,0.30788675,-0.42977086,0.5308129,-0.7224645,-0.24559698,0.19447021,-0.25264186,0,chr3:65914875:Peyers_patch:0,TN,0
-5.1241245,-0.40313086,0.74150425,0.59803414,0.7510954,-0.8661338,0.9914259,0.82499963,-0.13667254,-0.12292714,0,chr17:81513269:upper_lobe_of_left_lung:0,TN,0
-2.431528,0.6653623,-0.7984936,0.16527347,-0.38765228,-0.12546349,0.23103938,0.83862233,1.0373149,-0.9594061,0,chr12:101839737:esophagus_muscularis_mucosa:0,TN,0
7.192056,-0.635992,-0.40876713,0.24262795,0.15819559,0.028486228,0.31524166,-0.34829462,0.4793077,-0.12642793,1,chr2:196068383:tibial_artery:1,TP,1
-4.4238033,1.096955,0.35975456,-0.17446095,-0.17111224,-0.6587573,0.10007731,-0.2346748,-0.0820956,0.45829526,0,chr17:75096523:transverse_colon:0,TN,0
-3.7432795,0.64888746,-0.20593011,-0.29783335,0.51569384,0.9254064,-0.0028237784,-0.4040049,-0.0905067,0.2553608,0,chr7:28520166:body_of_pancreas:0,TN,0
7.3804855,1.1530752,-0.88922906,1.5911502,0.669882,0.670622,0.6056716,0.36136952,0.6159869,0.44489974,0,chr5:71856567:body_of_pancreas:0,FP,1
-3.6658616,2.0190551,0.26094055,0.30905768,-0.2143368,-0.954603,0.04710384,-0.304046,0.065821245,-0.018869348,0,chr15:63122523:thoracic_aorta:0,TN,0
-5.156083,-0.4814484,0.47882852,-0.27955374,0.35914838,-0.5082354,0.11778996,0.17168112,-0.24493667,0.032200966,1,chr19:3618689:Peyers_patch:0,FN,0
-5.869811,-0.2945586,-0.8249751,-0.3847567,-0.17951977,0.50882024,-0.29175088,-0.5718475,0.0568453,-0.11099403,0,chr6:128518132:Peyers_patch:0,TN,0
6.0999146,-0.85950404,-0.37350625,0.09720925,-0.5231692,0.50168496,0.39806122,-0.9926615,0.22302164,-0.66682833,1,chr12:130912953:prostate_gland:0,TP,1
7.61393,0.4192835,-0.6687126,1.1977869,0.08602294,0.738645,0.042625647,-0.016027778,-0.54561776,-0.35841343,1,chr8:30230823:gastroesophageal_sphincter:0,TP,1
7.1372976,-0.96995646,-0.023523131,0.12674838,0.04913872,-0.22506978,0.12161238,-0.653683,-0.29881847,-0.19731408,1,chr12:8390645:prostate_gland:1,TP,1
-4.392225,-0.41126806,0.39835176,-0.72780085,-0.3405685,0.4651885,-0.66288567,-0.6883689,-0.05817108,0.19677156,0,chr6:134827157:body_of_pancreas:0,TN,0
2.1669624,0.6344535,1.7550453,-0.08653095,0.21667096,0.5587606,0.7161134,0.3328139,-0.8985369,-0.10505782,0,chr7:155303541:upper_lobe_of_left_lung:0,FP,1
-4.6767387,-0.56087977,0.5695094,-0.5915444,0.9360767,-0.2063512,0.05852124,-0.3342554,0.3844441,-0.019452771,1,chr11:1652791:tibial_artery:0,FN,0
2.6722593,-1.7299658,0.3346028,-1.9116153,-0.91036266,0.043485843,-1.1782199,0.38307494,0.64967597,0.3568708,1,chr9:17531876:prostate_gland:1,TP,1
-5.29315,-0.4227342,0.3470165,-0.33158806,0.6905513,-0.56086457,-0.1102443,-0.32365334,-0.23068242,-0.060113087,0,chr8:27592555:spleen:0,TN,0
-6.0886793,-1.2888681,-0.23300003,0.3579052,-0.5673929,-0.03085155,-0.2190393,-0.17972699,-0.55771184,0.2741006,0,chr2:16630547:spleen:0,TN,0
-5.0504847,0.85118026,-0.5331855,0.5203203,-0.7510103,-0.25712007,0.11939525,-0.65875405,-0.24932776,0.18389995,0,chr6:166106112:testis:0,TN,0
-6.8481946,-2.2603548,0.2096631,1.2089143,0.01689054,-0.65895885,0.28657725,0.4269105,-0.7321873,0.25870544,0,chr5:178164512:Peyers_patch:0,TN,0
-4.8138433,1.1554388,-0.6546482,-0.370491,-0.5386354,0.1610016,-0.12384992,-0.81195426,0.25698715,-0.36695167,0,chr20:52243098:transverse_colon:0,TN,0
6.6434865,-1.0756892,-0.14190578,-0.58221567,-0.41466442,-0.022851516,-0.10115361,-0.4571783,-0.68623286,-0.32743776,1,chr5:151298414:thoracic_aorta:0,TP,1
-4.9389644,-0.47812575,0.05172166,-0.31394067,0.5684519,-0.3030399,0.6707403,0.15442604,-0.44215658,-0.03612528,0,chr9:89604122:sigmoid_colon:0,TN,0
-2.63322,0.98987734,-1.6366081,0.82422584,-0.7264971,-0.50227076,-0.3497491,0.3290128,-0.6729685,0.8124067,1,chr2:92401043:body_of_pancreas:0,FN,0
-5.0328975,-1.4054126,0.22771059,-0.3973336,0.92893094,0.28644714,-0.1110445,-0.00063452055,-0.18564746,-0.10616741,0,chr17:74791544:testis:0,TN,0
5.7385583,-0.4851183,-1.1061875,-1.5375184,-0.10424448,-0.1134497,-0.47793487,-0.19063741,-0.42793328,0.14632797,0,chr7:105759869:Peyers_patch:0,FP,1
-3.2372053,0.13547888,0.07813857,-0.88625693,-0.7980979,1.5079623,-0.29345807,0.66641533,0.09731218,-0.059176814,1,chr6:106223515:upper_lobe_of_left_lung:0,FN,0
8.387626,0.6069128,-0.8449311,-0.43797705,0.36489427,0.23242626,0.17425247,-0.07242662,-0.3617036,-0.021124335,0,chr9:62609408:transverse_colon:0,FP,1
1.7476772,1.5439543,2.1621895,0.921373,0.5178574,-0.63904154,1.1490128,1.3445998,0.4231044,-0.65232444,0,chr11:119094768:thoracic_aorta:0,TN,0
4.803916,0.9519771,0.78127605,1.9222176,1.3160131,0.051203556,-0.109472856,-0.20088594,1.313662,-0.1423358,1,chr14:77027452:esophagus_muscularis_mucosa:0,TP,1
-5.3519697,0.03777323,-0.4911901,0.42079556,-0.6541235,0.08177299,0.5884664,-0.36660334,-0.2764744,0.51034003,0,chr2:47313392:transverse_colon:0,TN,0
-4.244109,0.20850635,-0.56443816,0.5700915,-1.178263,0.52194613,0.36945918,-0.3183996,-0.5878558,-0.34557784,1,chr6:106223515:thoracic_aorta:1,FN,0
6.5349483,0.923905,-2.726659,-1.2352878,1.0986162,-1.2095625,0.36355925,0.6832868,-0.51434845,0.64531726,1,chr17:25564496:gastroesophageal_sphincter:0,TP,1
-6.792247,-1.01563,-0.60460687,0.39627942,0.200226,0.00056117243,0.034277074,-0.24027167,-0.30255684,0.04058423,0,chr17:2982933:thoracic_aorta:0,TN,0
7.1845856,-0.76887786,0.54703736,0.25652963,0.08827239,-0.16724543,0.040055703,-0.27635723,0.21418071,-0.25870568,1,chr9:42852316:testis:0,TP,1
-5.901339,-0.46708778,-0.49005398,0.20675993,-0.46949878,-0.4185478,-0.3563665,0.12963429,0.69658834,-0.17415263,0,chr6:36442445:transverse_colon:0,TN,0
5.8107657,-1.417599,0.24715039,-0.9898376,-0.26372397,-0.40680906,-0.29226825,0.4454485,0.05790209,-0.15600364,1,chr19:45427778:prostate_gland:1,TP,1
-0.6681166,-2.229225,2.4777892,-0.70428276,-0.36960447,-0.6285237,-0.18381143,0.89346427,-0.24281134,0.31876966,0,chr17:1191066:tibial_nerve:0,TN,0
6.889214,0.04104475,0.44274914,1.1042886,-0.016201455,0.12930225,0.44694644,-0.22819883,0.20956343,-0.35162568,1,chr9:129437413:tibial_artery:0,TP,1
-4.6132812,0.45376652,-0.007835668,-0.6415643,0.650099,-0.12533897,0.18524791,-0.6745806,0.3907111,-0.057230886,1,chr9:83219889:tibial_artery:1,FN,0
7.02175,-0.9706405,0.6931259,0.2278721,-0.06451125,-0.086025044,0.30327088,-0.3892169,0.2690111,-0.2778323,1,chr9:42852316:Peyers_patch:0,TP,1
-2.5707076,-1.5431467,1.7270325,-0.57252586,0.7568885,-0.41606277,0.54073125,1.1523436,0.09149311,-0.26743382,1,chr4:41214657:thoracic_aorta:0,FN,0
-5.817482,-0.6236095,0.15635927,-0.10955647,0.29664686,-0.32200027,0.0948941,-0.3210406,-0.031853393,0.41397884,0,chr9:114397696:prostate_gland:0,TN,0
-3.5382562,1.3719438,0.6871369,-0.041233692,0.74449986,-0.30210546,0.61465585,0.10203107,0.5462437,-0.18199795,1,chr7:91940814:gastroesophageal_sphincter:0,FN,0
-3.386291,0.52341723,-0.63753873,1.0640548,-0.24287386,-0.003929497,-1.6418989,-0.5612285,0.387338,0.07393035,0,chr1:229154377:body_of_pancreas:0,TN,0
-4.2861342,1.0764405,0.09113781,-0.603221,0.22353081,-0.5242355,0.32824326,-0.49129346,0.056666464,-0.4545109,0,chr19:15125650:tibial_artery:0,TN,0
-6.548906,-1.0201043,-0.7110017,-0.13025574,0.2592416,0.55394727,0.23242235,-0.21232678,-0.09660517,0.022271816,1,chr6:82252284:prostate_gland:1,FN,0
-5.58335,-0.8942683,-0.3995034,-0.39428535,-0.3828247,0.25848648,-0.24363278,0.1238211,-0.028264675,0.3940868,0,chr4:148845977:body_of_pancreas:0,TN,0
-5.655278,-1.4105734,0.61986893,0.06781048,0.08008379,0.5403244,0.12450334,0.29162243,-0.50760627,0.38664275,0,chr2:20452905:esophagus_muscularis_mucosa:0,TN,0
4.8006673,1.1130872,0.35936117,0.6577836,-0.15673298,-0.64118385,-0.37828013,1.0555458,0.6118327,-0.39047703,1,chr5:35717910:testis:0,TP,1
0.3876635,0.64506274,-0.12491035,-0.6298716,0.49056414,0.8279959,-1.472489,0.87090737,-0.2088407,-0.40641868,0,chr20:17965942:transverse_colon:0,TN,0
-3.0719094,1.7914053,0.18266885,-0.45295772,-0.5823498,-0.50307375,0.032617655,-0.1774496,-0.0029781216,-0.23489185,0,chr1:31423083:spleen:0,TN,0
0.40632418,1.9388926,-0.69938904,-0.21193522,-0.79532695,-0.9825476,0.09857094,0.67036015,0.3992557,0.79349136,0,chr2:88951719:body_of_pancreas:0,TN,0
7.4431257,1.8275762,0.70290923,1.0856487,0.33881283,0.5736241,0.56201446,0.02995095,-0.7514791,-0.82428956,1,chr14:36662855:tibial_nerve:0,TP,1
5.28067,1.9020165,-1.6199919,-1.4796474,-0.95522285,-0.45940828,-0.7753845,0.22027226,0.082658194,0.5885544,0,chr2:208133048:body_of_pancreas:0,FP,1
8.379944,0.92566293,-1.9621066,-0.3380942,1.2054201,-0.3794295,0.4984798,0.23291957,-0.29853067,0.31115398,1,chr17:22909996:thoracic_aorta:0,TP,1
-5.4594035,-0.00897,-0.3505025,-0.2994808,0.43200257,-0.3862357,0.164186,-0.114755064,-0.10190729,-0.5000417,1,chr4:80202223:body_of_pancreas:0,FN,0
5.5433335,0.8978164,0.6540704,0.41001797,-0.7548553,-0.020627424,0.51564085,-0.17493942,-0.11720749,0.5578508,0,chr2:233098726:thoracic_aorta:0,FP,1
-3.8222034,-0.09990434,-0.09163562,-0.85827553,0.7255549,0.8685601,-0.2495553,-0.29413697,-0.01341243,0.015223008,0,chr12:72346202:spleen:0,TN,0
-5.8660445,-0.34132114,-0.65082467,-0.28108874,0.3081453,0.5087761,-0.1397415,-0.51092005,-0.020730643,-0.2267736,0,chr9:571961:body_of_pancreas:0,TN,0
-5.9845166,-0.08850612,-0.093545325,0.057652548,0.55396944,-0.4238219,0.1645368,-0.48030397,-0.14392024,-0.1071526,0,chr9:35096636:spleen:0,TN,0
-3.6512408,0.144226,0.41628736,-0.57807904,1.3504685,0.17866203,0.35075212,-0.016865926,0.19908221,-0.046999145,0,chr10:29449249:thyroid_gland:0,TN,0
-4.7300625,-0.29897425,-0.2630094,-0.43655962,0.9645379,0.55167204,0.33246344,0.04534075,-0.10070631,-0.12981561,0,chr1:201878136:gastrocnemius_medialis:0,TN,0
5.890703,-1.2823417,0.83951753,0.19831346,-0.60577476,-0.46446458,-0.20647857,-0.03346002,-0.104362726,-0.08220308,1,chr8:41651698:adrenal_gland:0,TP,1
6.4954324,-0.11035167,-0.47537565,0.86196023,0.3818687,0.52515066,0.47575533,0.38819227,0.97868615,0.30599487,0,chr6:33049449:body_of_pancreas:0,FP,1
-3.4408753,0.13096102,1.0907668,-0.66509265,0.36155272,-0.22802585,0.5142165,0.44414026,-0.07490682,0.5799808,1,chr11:44617033:gastrocnemius_medialis:0,FN,0
-6.607843,-0.99788016,-0.25672066,0.42761675,0.40722007,-0.65837634,0.46078035,0.1049066,-0.12875986,-0.28763476,0,chr18:13217897:esophagus_muscularis_mucosa:0,TN,0
4.3585296,-1.4841787,0.9341688,-0.5068873,-1.1301932,0.23002048,0.18631554,0.69973344,-0.024520447,-0.26569375,1,chr3:75723596:esophagus_squamous_epithelium:0,TP,1
-6.0166254,-0.3762389,-0.8243875,-0.26573247,0.058267143,0.2082515,0.008732095,-0.58251345,0.14924635,-0.1689445,0,chr15:62142956:body_of_pancreas:0,TN,0
-5.3830905,-0.5666589,-0.6355279,-0.496052,0.37198582,0.6213827,0.12378271,-0.3776754,-0.02443839,0.04983821,0,chr12:66270210:esophagus_muscularis_mucosa:0,TN,0
-1.7945418,0.34531537,0.75837207,-0.5402434,0.57959074,0.97735554,-0.9149869,-0.62455297,0.89834,0.6543562,0,chr6:150418704:spleen:0,TN,0
-4.8093524,1.1580935,-0.1848853,0.026005743,0.08374262,-0.278596,-0.11232119,-0.5487457,0.15890452,-0.52297056,0,chr7:5898694:adrenal_gland:0,TN,0
-0.1461408,0.76396704,-1.5661082,1.6910362,0.213109,0.110309154,-1.0229236,0.29287642,0.05492371,0.85503304,0,chr15:20318492:gastrocnemius_medialis:0,TN,0
-3.7835784,-0.7966949,0.74342793,-0.5983574,0.87033814,0.1363199,-0.066447325,0.34192908,-0.051636398,-0.2595645,0,chr5:96807231:transverse_colon:0,TN,0
4.753891,0.26097345,-0.7128842,1.2969176,-0.10272467,0.1430139,0.9084824,-0.22697091,2.2842367,0.5053416,0,chr13:79497794:thoracic_aorta:0,FP,1
-4.030025,0.093924806,-0.30164024,-0.29690745,0.011428131,0.98320776,0.2661057,0.18618967,-0.2276907,0.582861,0,chr1:203339672:gastroesophageal_sphincter:0,TN,0
-2.32056,0.011718098,0.5557743,0.45160168,-1.4447017,-0.29349104,0.002195148,-0.04595824,-0.24541582,0.78344953,0,chr11:114161288:prostate_gland:0,TN,0
-3.330173,0.7351911,0.35046187,-0.5132691,0.0028854706,0.3625967,-0.09332916,-0.6253398,-0.38045236,0.7371743,1,chr6:131199853:prostate_gland:1,FN,0
-7.1651235,-2.316869,0.30498892,1.1720885,0.42016152,-0.89123404,0.069147825,0.6434033,-0.09530579,-0.21639238,1,chr9:33167269:upper_lobe_of_left_lung:0,FN,0
-4.0256653,0.89315045,-0.38099802,0.18409081,-0.45075795,-0.19770357,0.30398268,0.11444527,0.97600657,0.55064845,0,chr5:79238863:body_of_pancreas:0,TN,0
-3.1081915,0.5995875,0.16476007,-0.4473661,0.64367425,1.2072289,-0.0051336563,-0.7328,-0.22834979,0.13437176,0,chr14:54652076:gastroesophageal_sphincter:0,TN,0
-6.024152,-0.2524415,-0.39674306,-0.04779628,0.4674686,-0.19386055,0.17234266,-0.21343987,-0.0062831026,-0.25423676,0,chr19:54200851:Peyers_patch:0,TN,0
-4.131665,1.1908228,0.12727138,-0.12463851,-0.013167855,-0.7809271,-0.2953249,-0.46307394,0.15014139,-0.108438015,1,chr9:97633155:esophagus_squamous_epithelium:0,FN,0
6.88424,-0.11223269,1.166556,0.86981297,-0.3950412,-0.3324963,0.62135744,-0.53032637,-0.45084795,-0.42025164,1,chr4:1752766:transverse_colon:0,TP,1
6.211394,-0.9450361,-0.78459156,-0.7242286,-0.2227641,-0.22868448,-0.24292742,-0.6801286,-0.336347,0.19515926,1,chr12:129503996:body_of_pancreas:0,TP,1
-3.696747,0.5013658,0.4893846,-0.38368177,0.04226798,-0.45125282,-0.620639,-0.8904893,0.3576581,0.12215379,1,chr19:36838128:sigmoid_colon:0,FN,0
7.628352,0.61578846,-2.1626108,-0.34393975,1.295926,-0.5492093,0.33780518,0.48541835,-0.5700219,0.51716006,1,chr17:23044492:tibial_artery:0,TP,1
-3.3679338,0.75967413,-0.70661074,0.30695707,-0.10911443,0.9604821,0.39259836,0.383747,-0.116259575,-0.35123062,1,chr11:85826144:sigmoid_colon:0,FN,0
-4.014517,-0.34814292,0.34655654,1.1289935,-0.41850427,-0.36535963,0.686526,0.20964769,-0.6423346,0.60962653,0,chr8:6863879:body_of_pancreas:0,TN,0
-1.7340889,0.52669597,0.9731948,-0.79568815,0.3654712,1.3761903,-0.3508843,-0.62037224,-0.64943355,0.6260974,0,chr3:107680314:thoracic_aorta:0,TN,0
-6.0168214,-0.32014418,-0.37006384,0.22076361,-0.21899967,-0.030276347,-0.17783174,-0.3770398,-0.48571813,0.014386173,1,chr8:38863037:tibial_nerve:0,FN,0
-5.890781,-1.0941098,0.119106986,0.4623464,0.1652655,0.021440884,-0.18086456,-0.11392269,0.13022105,0.32610348,1,chr2:172465936:Peyers_patch:0,FN,0
7.3142157,-0.5463552,-1.0943884,-1.336241,0.22605908,-0.22302479,-0.123780265,-0.06663435,-0.11977775,0.106513195,1,chr7:142463889:body_of_pancreas:0,TP,1
-6.424538,-1.448219,-0.728396,0.41758096,-0.7272037,-0.30408606,-0.1016076,0.5264678,0.050565373,-0.15855737,0,chr5:42909187:esophagus_muscularis_mucosa:0,TN,0
-5.7651973,-1.2247728,-0.023562677,0.6228091,0.2779936,0.17574261,0.78929883,-0.20636536,0.006912826,1.0529687,1,chr21:37712460:suprapubic_skin:0,FN,0
7.123826,-0.8713254,0.0049770623,0.33113667,0.38846156,-0.07771727,0.056287445,-0.59006304,0.44095334,-0.39007264,1,chr15:79896760:tibial_nerve:0,TP,1
-5.8031087,-0.15144026,-0.08774899,-0.09182415,0.28696084,-0.59431267,0.26297286,-0.15253001,-0.20016432,0.009212771,0,chr4:86892075:body_of_pancreas:0,TN,0
-5.1429706,-0.4798925,-0.06990877,-0.56923693,0.6637378,-0.21527323,-0.03131831,-0.36055878,0.3677304,-0.40543652,1,chr11:1652791:gastrocnemius_medialis:0,FN,0
-1.7572111,1.3474088,-0.68396765,-0.41158468,-1.3584868,-0.33041278,-0.20942546,1.1111487,-0.15961634,-0.5230849,0,chr5:75050124:thoracic_aorta:0,TN,0
5.617702,-1.8977267,-0.042222492,-1.0825607,-0.18443586,-0.07238651,-0.27951205,-0.12406657,0.3246202,0.0536694,1,chr11:60251676:prostate_gland:1,TP,1
-1.6571523,2.0795834,1.6911279,0.037256103,0.8083482,-1.4781137,0.25411373,0.3229028,0.18883573,-0.35612077,0,chr11:569029:upper_lobe_of_left_lung:0,TN,0
7.8771996,0.39624757,-0.6186588,-0.52478033,0.029711854,0.47283894,0.20727329,0.04470702,-0.3794695,-0.10377845,1,chr9:62609408:esophagus_squamous_epithelium:0,TP,1
-5.3373895,0.18057242,-0.43448874,-0.2650325,0.54431725,0.1812314,-0.14320226,-0.50418216,0.21480107,-0.33695817,1,chr20:56171080:upper_lobe_of_left_lung:0,FN,0
-2.3323116,0.93248636,0.4606317,-0.57449055,1.2503457,0.9554502,-0.318654,-0.3661082,0.21215618,-0.42079538,1,chr4:119212065:thoracic_aorta:0,FN,0
-4.447453,1.0497389,-0.21662214,-0.45024785,0.27346966,-0.12114363,-0.22647674,-0.4505912,0.5564844,-0.6532826,0,chr8:10838800:tibial_artery:0,TN,0
6.140805,-1.4767771,-0.28800595,-1.0967627,-0.11236339,-0.019584984,-0.23679398,-0.18761103,0.054376148,-0.1427871,1,chr11:60251676:sigmoid_colon:0,TP,1
-3.668087,0.75888497,0.08235421,0.12532432,-0.7782054,0.24321917,0.74110365,-0.36108103,0.09056323,0.7512216,0,chr4:119490751:Peyers_patch:0,TN,0
-6.4705634,-1.3881515,0.028397365,-0.05983814,0.8245783,-0.19252852,0.20438929,0.07531369,-0.44118446,0.089502975,0,chr3:197510147:tibial_artery:1,TN,0
5.422676,-2.041522,0.30369592,-0.70981693,-0.58151364,-0.2969245,-0.23491634,-0.5318138,-0.2579988,-0.4236872,1,chr12:121918386:gastrocnemius_medialis:0,TP,1
-0.3942236,1.9053754,-1.430162,0.8442722,-0.8028049,-1.13103,-0.7709078,0.5629218,0.060732845,0.49033567,0,chr8:124392434:body_of_pancreas:0,TN,0
5.414373,-1.6824274,0.8114984,-0.17777187,-1.0530527,-0.4840532,0.023980085,-0.3359596,-0.15542944,0.0278675,1,chr8:41651698:spleen:1,TP,1
-3.9034178,1.9111251,0.06489884,-0.19606224,-0.49400717,-0.601976,-0.13545366,-0.48061544,-0.16480874,-0.04992625,0,chr2:232440415:adrenal_gland:0,TN,0
-7.094398,-1.4241222,-0.2894395,0.8168921,0.18111515,-0.7475453,0.038667396,-0.109680384,-0.5131988,0.056721423,1,chr4:41216758:suprapubic_skin:0,FN,0
2.3507967,-1.6743959,0.10700111,-1.2827977,-1.5186224,0.32994905,-0.7223977,-0.11112564,0.9166042,1.2116536,1,chr6:43386692:body_of_pancreas:1,TP,1
-5.332428,-0.5205781,-0.24523589,-0.37195522,0.75808185,0.71655613,0.22864959,0.12732573,-0.1584728,0.13569552,0,chr19:43104227:upper_lobe_of_left_lung:0,TN,0
-3.9015777,0.79270554,-0.38772392,-0.36741188,-0.2545168,0.7354251,-0.18519482,-0.1179048,0.25414494,-0.41233402,0,chr13:48584740:body_of_pancreas:0,TN,0
-3.369405,0.24344353,0.80783856,-0.724183,-0.15502256,0.38082612,-0.12236477,0.51568276,-0.07744592,0.03841532,1,chr17:45099253:tibial_nerve:0,FN,0
-6.338054,-0.54523814,-0.8226357,0.5179385,-0.11108412,0.5912099,0.35460085,-0.34769154,0.0318142,0.2201464,1,chr20:53656240:sigmoid_colon:0,FN,0
6.9878902,-1.0118892,0.16562137,0.16452408,-0.013718405,-0.41233143,-0.036159035,-0.65557426,0.26953712,-0.16852787,1,chr20:26208998:upper_lobe_of_left_lung:0,TP,1
7.4678197,-0.6285551,-0.50840974,-0.5946081,0.09425806,-0.055127595,0.17131025,-0.13431662,-0.050383013,-0.42303976,1,chr10:96641123:transverse_colon:1,TP,1
-5.294761,-0.92862856,-0.10293799,-0.3509206,0.88698655,0.3223839,-0.1485813,-0.31753024,0.1272266,-0.1744241,1,chr6:32622456:esophagus_squamous_epithelium:0,FN,0
-5.849358,-1.0638987,-0.4671738,0.16012836,-0.00145263,0.60437894,0.44769034,0.19701573,-0.41285297,-0.41230166,0,chr19:2391652:esophagus_squamous_epithelium:0,TN,0
-7.0860157,-1.7377484,-0.21576889,-0.017270792,0.23697875,-0.4810715,-0.15736997,-0.17002451,0.049001157,-0.20268059,1,chr11:1652791:gastroesophageal_sphincter:0,FN,0
4.355776,0.6932101,2.131486,0.8526816,-0.08487951,0.036547307,-0.16423641,-0.24222611,-0.45384732,0.14047602,1,chr6:169655219:upper_lobe_of_left_lung:0,TP,1
-6.915886,-2.1116366,-0.9940728,1.0221933,-0.24497156,0.99557924,0.49983793,0.2452543,0.22098479,0.082065456,0,chr6:134822829:gastrocnemius_medialis:0,TN,0
3.4167528,-0.23065956,2.393812,0.20948364,0.57469016,-0.046439096,-0.7012857,0.3924176,0.8137729,0.14006795,0,chr6:110040130:spleen:0,FP,1
-4.431397,-0.48148295,-0.62334675,-0.04091433,-0.91003287,-0.7085222,-0.48866537,0.42727125,0.61787546,0.21721044,1,chr14:19633120:gastroesophageal_sphincter:0,FN,0
6.069728,0.8670662,0.5888554,-0.6919253,-0.8940494,0.8862699,0.4337995,0.4395144,-0.044066895,-0.0647334,0,chr9:6585116:prostate_gland:0,FP,1
-5.9327464,-1.5091692,0.38236168,0.08504029,0.29536483,0.42876738,0.08563693,-0.048819255,-0.2361658,0.65458834,0,chr2:113288980:upper_lobe_of_left_lung:0,TN,0
-0.52449626,1.9699091,-0.12680684,0.08490532,-1.1403828,-0.30683452,-1.0917499,0.069775105,0.83678955,0.7066355,0,chr1:207065073:upper_lobe_of_left_lung:0,TN,0
0.979917,-2.154634,-1.8181697,2.8769534,1.267031,0.22695133,-0.75636125,0.6059168,-1.1262382,0.87851137,1,chr2:93976867:transverse_colon:0,TP,1
6.88657,-1.2113603,-0.4428294,-0.60201937,-0.04194478,-0.1254,0.16847266,-0.20705041,0.53234863,-0.34906706,1,chr10:96641123:spleen:1,TP,1
-5.1818447,-0.6671592,-0.2912077,-0.41180536,-0.14532861,-0.6488242,-0.1867591,0.7483051,0.29479897,-0.77274907,0,chr10:29517575:spleen:0,TN,0
0.4246778,2.2549872,-0.2943324,0.2922259,-1.1101887,0.36313766,0.7461844,-0.65646183,-0.27073792,0.175836,0,chr7:76299979:body_of_pancreas:0,TN,0
5.2951345,-1.8492868,0.7184481,-0.5469568,-1.0324035,-0.4114623,-0.096812904,-0.04712642,-0.08717631,0.16057247,1,chr8:41651698:thoracic_aorta:1,TP,1
5.4574847,0.48601222,-0.12011611,0.45191687,-1.0992196,-0.17473121,0.71976835,0.161131,0.061519478,-0.2754247,0,chr12:121711004:body_of_pancreas:0,FP,1
6.7506294,-1.2523226,0.011138773,-0.118325956,0.017601648,0.11200467,-0.11110251,-0.44996113,-0.1558417,-0.27088758,0,chr9:42974893:transverse_colon:1,FP,1
5.1886406,1.681751,1.7552235,0.4657569,-0.03585124,0.5716606,0.084329166,-0.035303902,-0.5004782,0.730769,1,chr5:308944:prostate_gland:0,TP,1
6.7538104,-0.025484642,-0.7894337,1.1331173,0.75576484,0.19452143,-0.33427545,0.50783354,0.6263022,0.036852118,1,chr12:127060663:transverse_colon:0,TP,1
-4.9713044,0.0635795,0.33693904,-0.20397662,-0.6237248,-0.6840643,-0.49634823,-0.48451582,-0.50351083,0.58362013,0,chr21:31866487:spleen:0,TN,0
4.2158346,0.5738933,0.6000481,0.9038759,0.09452144,0.6537837,-1.0120738,0.60329545,0.7001584,-0.3784199,1,chr6:53956277:adrenal_gland:0,TP,1
-5.346917,-0.7686028,0.12807505,-0.5764563,0.37605572,-0.16545433,0.50970817,0.06880058,0.028634628,0.068234414,0,chr2:74465519:upper_lobe_of_left_lung:0,TN,0
-5.4017487,-0.3250245,-0.38709068,-0.3415757,0.84483474,0.18726547,0.13629743,-0.3179254,-0.17292312,-0.1560336,0,chr6:24721068:body_of_pancreas:0,TN,0
-0.6737329,-3.088479,-1.9012362,3.165031,1.1814697,0.18672706,-0.86341673,0.5101138,-0.4939587,0.9042661,1,chr12:36028102:testis:0,TP,1
0.9641512,1.1983149,1.0716118,-1.5480653,-0.053931165,1.8972116,0.72763723,0.5790405,-0.23226172,0.7073953,0,chr15:21284673:tibial_artery:0,TN,0
7.651837,-0.33663315,-0.34756556,-0.6184227,-0.051724397,0.10919832,0.26095313,-0.38641924,-0.23991095,-0.3626703,1,chr6:29705705:sigmoid_colon:0,TP,1
-7.2031097,-1.7783066,-0.37594175,0.8921159,0.32180882,-0.43357196,0.4087954,0.23055145,0.25140497,-0.2250881,1,chr16:1773442:body_of_pancreas:0,FN,0
-1.8820828,-0.75604993,0.89861023,-0.16868931,0.98945916,0.93660617,0.6157761,0.6914587,-0.9508376,-0.5459419,0,chr14:106062065:sigmoid_colon:0,TN,0
1.6376117,-0.25681973,2.4874887,-0.3533454,0.5080003,-0.31927696,-0.95842594,-0.3206892,0.23047227,1.1001965,0,chr20:34537135:Peyers_patch:0,FP,1
6.084822,-1.1828822,0.8908324,-0.08959769,-0.4179192,-0.01717534,-0.19568257,-0.03173891,-0.04095292,-0.07407648,1,chr15:31200859:adrenal_gland:0,TP,1
7.8420844,0.28046826,-0.43296823,0.09186384,-0.2655806,0.8003885,0.39355046,0.2605526,0.19795367,-0.09154559,1,chr5:123274158:gastroesophageal_sphincter:0,TP,1
-7.0922647,-1.4078501,-0.24867484,0.40801972,0.5056513,-0.329697,0.13775009,-0.0737115,-0.30702394,-0.11969279,0,chr19:41564934:upper_lobe_of_left_lung:0,TN,0
-4.316801,1.2180527,-0.12263911,-0.6065836,0.45902884,-0.19594261,0.05372567,-0.6016153,0.13527526,-0.46925282,1,chr10:84139494:tibial_artery:0,FN,0
-2.6247587,0.47996384,1.2523221,0.12740722,0.45766783,-0.7732247,0.61784774,0.7977841,0.5160078,-0.075992934,0,chr16:14302579:upper_lobe_of_left_lung:0,TN,0
5.416408,-1.7164309,-1.121476,-0.23962565,0.4409487,-0.24463229,-0.3400749,-0.09755351,0.45645252,0.2338525,0,chr9:43171156:spleen:0,FP,1
7.525554,-0.5742522,-0.84700745,-0.639744,0.12701142,-0.049020674,0.09099697,-0.26480976,0.12048474,-0.22080913,1,chr17:43360096:testis:0,TP,1
-0.18544479,1.5823343,-1.4353695,0.28983048,-0.086130925,-0.5419416,-0.49381676,0.3269268,0.22951175,-0.21428756,0,chr8:73657304:prostate_gland:0,TN,0
-4.0066338,-0.79790646,-1.6063154,1.7894701,-0.6294368,-0.078486726,-0.75006926,0.5323353,-0.6989311,0.12647408,1,chr3:92379347:transverse_colon:0,FN,0
-0.8674579,0.7221013,0.8804728,-0.6752506,0.8127572,1.4882,0.3967281,0.15351492,0.2510242,0.4704973,0,chr18:58181020:gastroesophageal_sphincter:0,TN,0
5.259294,-1.425913,-0.48316038,-0.20282736,-0.34766042,0.31656355,0.34972203,-0.5670149,0.9332006,-0.7494667,1,chr15:77077965:gastrocnemius_medialis:0,TP,1
-5.9574466,-1.6066868,-0.1447278,1.128716,-0.35166532,-0.16111061,0.96878815,0.48977137,0.26973465,0.27379334,0,chr5:138352584:esophagus_squamous_epithelium:0,TN,0
-3.3887448,-0.8526262,0.49594632,-0.4326531,0.5016881,1.4206259,0.55268145,0.34136033,0.23235658,0.9983991,0,chr15:65304945:upper_lobe_of_left_lung:0,TN,0
6.1245837,-1.6719363,-0.7898122,0.032000102,0.27052417,0.01828871,-0.14793159,-0.23737976,0.48231655,-0.5608119,1,chr1:91927192:adrenal_gland:0,TP,1
7.1672826,1.631918,-0.12791884,1.2129471,0.114723876,1.3399993,0.6461713,0.01856668,-1.0911484,-1.0179815,0,chr9:83372621:body_of_pancreas:0,FP,1
-4.337128,-0.49262094,0.26562712,-0.1461099,1.1740386,-0.06862189,0.12507151,-0.070283085,1.166963,0.10551532,1,chr9:83219701:body_of_pancreas:0,FN,0
8.653419,1.1615087,-1.4688689,-0.4533255,0.7618435,-0.38758,0.3459251,-0.19104569,0.06366679,0.14880285,1,chr14:30690707:transverse_colon:1,TP,1
-3.3436487,1.123643,1.0894942,0.0037646745,1.1677756,-0.9541451,-0.35441712,0.12555033,0.18161291,-0.42155614,0,chr7:1138328:esophagus_muscularis_mucosa:0,TN,0
-3.360403,1.1479208,-0.79079026,0.20470032,-0.7540209,-0.062490728,-0.4573291,-0.05822056,0.2888294,-0.49010706,0,chr10:87203579:omental_fat_pad:0,TN,0
-5.232422,-0.62719065,-0.045160674,-0.19638191,1.0423316,-0.14251237,0.16345233,-0.10419114,-0.10616148,0.032485586,0,chr1:16741094:upper_lobe_of_left_lung:0,TN,0
6.2751474,1.0791637,0.25142983,0.6967198,-0.3134679,0.02620883,1.2709894,-0.15586093,-0.05260127,-0.7488986,1,chr9:129437413:body_of_pancreas:0,TP,1
-1.6267221,1.4181695,1.4436994,0.6353088,1.1186931,-1.2518367,1.3840626,0.5906494,0.33844224,-0.29932877,1,chr8:28701937:tibial_nerve:0,FN,0
6.318958,-1.022382,0.58921075,-0.13486081,-0.40660822,-0.35239598,-0.0787305,-1.1129513,-0.26539558,0.18261465,1,chr19:1037869:thoracic_aorta:0,TP,1
2.710015,1.1738997,-0.44998255,0.58440894,-0.37264144,-0.8783546,-0.89936894,0.88101476,0.11530179,-1.1546803,1,chr16:2874817:Peyers_patch:0,TP,1
-4.8565426,-0.828074,0.057483453,-0.9478181,-0.3371171,0.39467332,0.0806713,0.14771913,-0.06325863,-0.30590343,1,chr10:14543432:tibial_artery:0,FN,0
-5.219911,0.069722176,-1.1381794,0.8039176,-1.059271,0.29944208,0.3178454,-0.36278418,-0.14215705,0.29613996,1,chr16:75402814:body_of_pancreas:0,FN,0
2.7284615,-0.70789856,-1.3660719,-0.135497,-0.47839248,-0.78610384,-0.28347647,-0.09980796,0.7111403,0.058843497,1,chr7:73725711:gastrocnemius_medialis:0,TP,1
-4.228939,0.28505307,0.115227394,-0.70207745,0.5995658,0.2202931,0.28202426,-0.19291933,0.20499133,-0.060352568,0,chr14:69818942:esophagus_squamous_epithelium:0,TN,0
-7.3646274,-1.558727,-0.5830594,0.69031477,-0.018696768,0.08413972,-0.21693452,-0.2201927,-0.387835,-0.22823195,1,chr2:180255876:body_of_pancreas:0,FN,0
7.676445,0.6774531,-2.2620127,-0.8238665,1.1134268,-0.5356926,0.34076655,0.43280092,-0.39527714,0.40502337,1,chr17:23044492:thyroid_gland:0,TP,1
-0.2030763,3.736796,-0.8732325,0.025727127,-0.8343458,-1.28681,0.39977208,-0.12887192,0.46088147,0.46712267,0,chr6:79693099:body_of_pancreas:0,TN,0
-7.2488675,-1.5375959,-0.70586586,0.48888052,0.47710013,-0.13723454,0.23272981,-0.26824978,-0.37786964,-0.04241027,0,chr7:4479690:upper_lobe_of_left_lung:0,TN,0
-3.0506127,0.39741033,0.7874447,0.59594077,0.0048237946,0.42837837,-0.31493878,0.08852081,0.0063476046,-0.7186804,0,chr2:71072083:upper_lobe_of_left_lung:0,TN,0
-5.200269,0.21722253,-0.6412588,-0.51454365,-0.37043372,0.54792553,-0.22165558,-0.58065325,0.019969935,0.18346004,0,chr4:104860777:thoracic_aorta:0,TN,0
-4.745727,-0.36608833,-0.4172401,-0.1563717,0.44783768,0.1547322,0.12489957,0.050919056,0.12889165,-0.66024363,0,chr3:32144516:tibial_artery:0,TN,0
-0.5284316,1.0225455,1.2437643,-0.6973163,1.3849957,0.26064515,0.701019,0.23682025,0.2255922,0.49078748,1,chr6:39725494:gastrocnemius_medialis:0,FN,0
-6.2139277,-1.1460822,-0.49099326,0.80722225,-0.22373343,0.26176298,-0.0028718212,-0.1976644,0.047565695,0.23909988,0,chr6:143818426:sigmoid_colon:0,TN,0
-5.976063,-0.45442834,-0.9634325,0.55524075,-0.6719137,-0.2681391,0.11513998,-0.29625133,-0.29403806,0.09184557,1,chr21:27759341:body_of_pancreas:0,FN,0
7.210425,-0.6918317,-0.43154296,-0.37839726,0.1308215,-0.02327362,-0.2499337,-0.4762893,-0.5549224,-0.08690482,1,chr6:169968986:body_of_pancreas:0,TP,1
-5.710719,0.034582686,-0.4202786,-0.054474562,0.13116491,0.11128853,0.14398691,-0.5142702,-0.38685766,0.121167906,0,chr5:32490176:thoracic_aorta:1,TN,0
5.1401772,-0.5656209,-1.5256808,1.9628422,1.165215,0.52253604,-0.46762207,0.38879454,-0.68072045,0.41739327,1,chr18:39262464:body_of_pancreas:0,TP,1
5.327476,0.5468711,-1.9616884,1.2775599,1.3162999,-0.07221374,-0.5292141,0.5220607,-0.5547731,0.8275984,1,chr11:121379406:body_of_pancreas:0,TP,1
-2.2369194,0.5760124,0.1252252,-0.054478835,-0.2777234,0.550383,0.46301246,0.68608665,0.4842382,0.56929845,1,chr2:38555382:Peyers_patch:0,FN,0
-4.119882,0.77494466,0.5422928,-0.24988289,0.59204173,-0.17446534,0.22328237,-0.46989256,0.13734603,0.029855637,0,chr10:17201351:prostate_gland:0,TN,0
-1.7008642,1.5159361,-1.2426561,0.4395917,-1.0061221,0.27098674,0.6292138,1.0729388,0.5561703,-0.2884206,0,chr15:99104308:thoracic_aorta:0,TN,0
-6.007685,-0.17826018,-0.199589,0.09683557,0.45569152,-0.5710032,0.2536237,-0.307002,-0.33196014,-0.09505866,0,chr14:77800247:esophagus_muscularis_mucosa:0,TN,0
5.194276,-1.8255541,0.6773183,0.06724876,-0.6833196,-0.50284135,-0.41272405,-0.025240917,0.050378345,0.010826226,1,chr8:41651698:tibial_artery:1,TP,1
-5.9964967,-1.2819757,-0.28494543,-0.23587903,0.5421506,-0.20318456,-0.11002827,-0.23346384,0.33551362,-0.36345097,1,chr11:1652791:tibial_nerve:0,FN,0
-4.166932,-0.3110342,-0.21247764,0.28439987,-0.12800671,-0.6270016,-0.11041784,0.6582182,0.83481055,-0.46093646,0,chr17:57597696:body_of_pancreas:0,TN,0
-5.2074018,-0.11552343,-0.4179017,-0.2302491,-0.42269847,0.041709688,0.31689143,0.20185684,-0.037658688,0.38616878,0,chr8:26291122:prostate_gland:0,TN,0
6.3843784,-0.018565128,0.7150859,1.063173,-0.114085324,0.029994618,0.9560911,-0.8386412,0.8788779,0.67016375,1,chr19:21484173:body_of_pancreas:1,TP,1
-5.2398553,0.1264794,-0.81163424,-0.07804423,-0.9040569,0.7035458,0.012236149,-0.17329295,0.09205064,0.2933538,0,chr10:59705954:body_of_pancreas:0,TN,0
-2.1358619,2.0678546,0.3803901,0.10408528,-0.12178167,-0.12169133,0.30062333,-0.19982044,0.081512354,-0.012888568,0,chr19:3336819:adrenal_gland:0,TN,0
-5.459158,0.18259849,-0.4119238,0.023452519,0.20826127,-0.13288102,0.3258865,-0.3899778,-0.10558475,-0.036136474,1,chr2:101253125:body_of_pancreas:0,FN,0
-5.15083,0.035706244,0.22474831,-0.20368612,0.99992716,-0.28595108,0.25338995,-0.3358273,-0.024857774,-0.16724125,0,chr12:46268701:transverse_colon:0,TN,0
-5.6376405,0.18311355,-0.17157866,0.060483765,0.32048914,-0.49877068,0.16020124,0.06639268,0.16042048,-0.44742265,1,chr9:128922556:tibial_nerve:0,FN,0
5.9668427,0.6275262,0.5982889,0.040284194,-0.3382326,0.73105156,0.48121676,-0.13307567,0.5964951,-0.012270523,0,chr9:70510308:transverse_colon:0,FP,1
-7.3156447,-1.5868837,-0.24770689,0.4769155,0.57977104,-0.42286912,0.18516852,-0.062323462,-0.38512433,-0.24221747,0,chr19:9435674:suprapubic_skin:0,TN,0
4.751705,-0.31152192,2.1985862,0.4857449,-0.60870016,-0.9842165,0.5820715,-0.016898852,0.21789439,0.29931536,0,chr6:31271600:body_of_pancreas:0,FP,1
-3.5152493,1.335975,1.3466243,0.12291764,0.18914735,-1.1111101,0.15288724,-0.43822372,-0.22458735,0.25601888,0,chr19:35717320:thoracic_aorta:0,TN,0
8.684426,0.7262084,-0.9304475,-0.15132484,0.52585065,0.12142135,0.15231381,-0.13769212,-0.3800308,-0.17302826,1,chr3:75785609:sigmoid_colon:0,TP,1
-3.7913544,-0.2502863,0.9335323,0.09436878,1.24584,-0.3182731,0.90970707,0.7376106,-0.15028593,-0.3744077,0,chr22:50563002:omental_fat_pad:0,TN,0
-3.6061087,1.3308835,-0.09156236,0.18696985,-0.4756273,-0.47270054,-1.2805867,-0.5279186,-0.86075026,-0.40848783,0,chr17:21765869:body_of_pancreas:0,TN,0
6.8750196,-0.31392395,0.84403294,0.22930051,-0.36739713,0.41361973,0.3074008,-0.045779135,-0.5222849,-0.39330584,1,chr15:31200859:body_of_pancreas:0,TP,1
-4.77732,0.007310046,0.21379356,-0.12844138,0.99453235,-0.59771156,0.5827993,0.14270268,-0.046594508,0.03993766,0,chr19:9914785:gastroesophageal_sphincter:0,TN,0
-4.3387747,0.7139492,-0.1948161,0.3776913,-1.1154735,-0.7108329,-0.14565827,-0.3154859,0.23202398,0.29548955,0,chr5:122516551:body_of_pancreas:0,TN,0
5.4430995,-2.1392164,0.18498805,-0.53946215,-0.29997414,-0.33717677,-0.43855476,-0.57363194,-0.18797007,-0.22368088,1,chr12:121918386:prostate_gland:1,TP,1
-6.3297524,-0.88128763,-0.55436724,0.3349911,0.15378581,0.25428966,0.49447516,0.047539834,-0.5297125,0.47650558,0,chr19:15641086:Peyers_patch:0,TN,0
-2.2028902,0.68486387,1.5762941,0.23594464,0.40320855,-0.9725154,-0.21208045,-0.4826093,0.55691874,0.65641695,1,chr3:9862475:gastroesophageal_sphincter:0,FN,0
-5.3337426,-1.5556318,-0.4824804,0.79228705,-0.29776675,0.12276251,0.08864833,0.13702133,0.101384625,0.5484219,0,chr14:91286688:spleen:0,TN,0
-5.6493998,0.09973009,-1.0744624,0.48497528,-0.7858987,0.20979206,0.17008111,-0.4087318,-0.13674273,0.29827976,0,chr16:75402814:esophagus_muscularis_mucosa:0,TN,0
-3.3076456,-0.03368204,0.870687,-0.1425031,0.27927142,-0.7000929,0.58022743,0.35527146,0.0844641,-0.15646704,1,chr9:33447548:transverse_colon:1,FN,0
6.006698,-1.0187097,0.52671677,-0.278498,-0.4072344,0.38338882,-0.1017517,-0.31872204,1.0783116,0.6237664,1,chr6:43386692:prostate_gland:0,TP,1
7.006099,-0.027632402,1.071168,0.61535496,-0.042883284,0.19667114,-0.12103421,-0.51066333,-0.43516943,0.2486334,1,chr19:47436804:prostate_gland:0,TP,1
-3.6509578,-0.035648532,-0.31159374,0.39309776,-1.3770683,0.19837445,0.14722165,0.090509616,0.21601118,-0.12188296,1,chr16:21935488:esophagus_squamous_epithelium:0,FN,0
-5.988218,-1.6755418,-0.7718368,-0.41969144,-0.32643297,1.0912783,-0.026177354,0.0034055295,0.14507745,0.23156275,0,chr21:21374306:adrenal_gland:0,TN,0
6.0765443,0.20492373,0.085818455,-0.8113195,-1.4342141,0.276411,0.5582329,0.6950106,0.200874,-0.015336059,1,chr1:244014970:body_of_pancreas:0,TP,1
0.55693,-2.356135,-1.8160522,2.9478948,1.2972064,0.06874585,-0.8796475,0.77378774,-0.8450093,1.1401554,1,chr2:93976867:spleen:0,TP,1
-3.7507446,1.9295677,-1.1658757,0.29424006,-0.81267565,-0.5670974,0.40845144,-0.40551612,-0.00492738,0.21647361,0,chr2:34554861:upper_lobe_of_left_lung:0,TN,0
-3.9112914,1.1089958,-0.039348308,-0.44155544,-0.26415414,0.10529624,0.09898425,-0.5568438,-0.54463315,0.37186062,1,chr6:131199853:spleen:0,FN,0
2.0075412,-1.1752537,1.4648348,0.61356574,-1.3614339,-1.7937858,0.1753881,-0.10760019,-0.08261766,-0.0074166358,0,chr22:50278050:esophagus_squamous_epithelium:0,FP,1
-4.6276793,0.25545615,-0.8015134,0.6664485,-0.481166,0.031940337,0.2700372,0.5493117,-0.15651946,-0.38006014,0,chr4:119300029:gastroesophageal_sphincter:0,TN,0
6.00424,0.61825347,0.15745719,1.1508155,0.9233239,0.72091633,-0.5952754,0.825156,0.21645127,-0.053096782,1,chr1:15128695:esophagus_squamous_epithelium:0,TP,1
7.0790544,-0.97392124,0.09093591,0.12628345,0.18439308,-0.4223653,0.1473032,-0.1983293,0.7125354,-0.48255524,1,chr17:45585364:prostate_gland:0,TP,1
-4.1600075,-0.53007454,-1.3946198,0.29148448,-0.9219014,1.1643239,0.7889541,-0.5738392,0.07717179,0.12616797,1,chr19:8905403:body_of_pancreas:0,FN,0
-4.2298884,0.12687944,0.73810863,0.3324048,0.48944226,-1.3834931,-0.11052189,0.73529214,0.02707347,-0.8380127,0,chr10:130190730:prostate_gland:0,TN,0
-3.1410365,1.3888365,1.3828045,0.16571899,0.48337266,-1.1969858,0.6220973,-0.15645008,0.54517764,0.05185694,0,chr15:64989852:upper_lobe_of_left_lung:0,TN,0
7.746043,-0.42354447,-0.75249285,-0.079196125,0.30937028,-0.12042615,0.16597345,-0.4818248,-0.04346537,-0.22654772,1,chr11:47642443:esophagus_squamous_epithelium:0,TP,1
-3.8331306,0.24367972,0.3939136,-0.7912039,0.27133295,0.28105578,0.17340563,-0.0444344,-0.2558296,0.63445765,0,chr17:82494715:spleen:0,TN,0
-3.559958,-2.0207133,1.3959424,-0.06713967,-0.68419904,0.24583682,0.6207785,1.622085,-0.5975414,0.0696432,1,chr1:20575428:spleen:0,FN,0
0.5098914,1.3494426,1.8011959,0.19601704,1.8394294,0.20395988,-0.42090988,-0.07403119,0.26940417,0.6143063,1,chr6:39725494:transverse_colon:1,FN,0
4.407552,-1.6671323,0.6198163,0.0036584195,-0.6481888,-0.38451,-0.28888446,-0.76990247,0.43981043,-0.5221282,1,chr17:79827402:body_of_pancreas:0,TP,1
3.087337,0.7758283,1.6514556,-1.029464,0.41031677,1.0747855,-0.19145542,-0.08248281,-0.34701347,0.001460631,0,chr14:54840085:upper_lobe_of_left_lung:0,FP,1
8.199868,0.24134806,-0.40420735,-0.3647295,-0.019315025,0.06449703,0.34664795,-0.19381443,-0.32415822,-0.2506072,0,chr9:129438019:transverse_colon:0,FP,1
6.508691,-1.315754,-1.1086118,0.002168868,0.35823894,-0.19053175,-0.21821591,-0.06836996,0.46410635,-0.18468082,1,chr1:91927306:adrenal_gland:0,TP,1
-3.3894825,-0.56822395,0.8507713,-0.53887856,0.72322094,0.66476953,1.1581087,1.0213002,-0.13495763,0.6045012,0,chr14:54903402:upper_lobe_of_left_lung:0,TN,0
-4.191011,0.82486653,-0.04387273,-0.33368978,-0.033840973,0.32163823,-1.0533164,-0.98794943,0.57112104,-0.11159782,0,chr6:148200365:body_of_pancreas:0,TN,0
-4.5805774,-0.020065047,-0.4246809,-0.58442044,0.8053984,0.7674921,-0.1184347,-0.31147674,0.4544353,-0.27643275,0,chr12:19757428:esophagus_muscularis_mucosa:0,TN,0
-3.7791853,1.3123013,0.51266,-0.5563314,0.13354282,-0.9349427,-0.11699538,-0.05941596,-0.18741535,-0.48654646,1,chr10:124389232:prostate_gland:0,FN,0
6.4855046,-0.44567573,0.5902542,0.68082255,-0.13641462,-0.41741493,0.4706925,-0.38580737,0.6543737,-0.11347826,1,chr9:129437413:upper_lobe_of_left_lung:0,TP,1
6.159042,-1.626867,-0.24556936,-0.8735599,-0.31489068,-0.28185773,-0.045487385,-0.23590758,0.19735141,-0.4116448,1,chr10:96641123:body_of_pancreas:0,TP,1
3.7090318,-1.712671,0.3398509,-0.6218887,-1.461522,0.53251696,0.44754252,-0.21027441,0.6402148,0.6623459,1,chr6:43386692:spleen:0,TP,1
-0.120247535,-1.2119079,-2.0553672,2.2506778,0.3242172,-0.49477232,-0.93533504,1.2163546,-0.7537573,0.81455827,1,chr2:92954336:testis:0,TP,1
-3.9853177,0.33824518,0.59459525,-0.19153054,1.3809031,-0.3705125,-0.3472146,0.16785555,-0.21655184,-0.78359646,0,chr13:48001155:prostate_gland:0,TN,0
8.309695,0.85071254,-1.9375817,-0.48835537,1.1429977,-0.39513165,0.4047704,0.31194824,-0.22471482,0.37943456,1,chr17:23044492:spleen:0,TP,1
-5.004591,-1.5718073,-0.50149655,1.3043491,-0.96379215,0.49466828,0.87802565,0.09129637,-0.13536239,0.35527247,0,chr16:3131994:prostate_gland:0,TN,0
7.509067,0.6308211,-0.29323316,0.713709,-0.27261657,0.6829792,0.29324806,0.36345115,-0.088476285,-0.71987814,1,chr8:30230823:transverse_colon:0,TP,1
6.0242333,-0.7866247,1.4394637,-0.5138678,-0.72426945,-0.30160397,0.3666209,-0.21683726,0.15504412,-0.039814793,1,chr14:94129651:transverse_colon:0,TP,1
7.8202896,0.5262173,0.19729002,0.48225963,-0.20110859,0.67335045,0.83989674,-0.1153401,0.04431567,-0.09125731,1,chr12:48753691:thoracic_aorta:0,TP,1
-6.014856,-0.33727068,-0.94640386,0.81312704,-0.76435196,0.061089575,0.322272,-0.26520562,-0.360651,0.15532817,0,chr10:95539608:thoracic_aorta:0,TN,0
-4.749518,0.8789966,-0.64338905,-0.38041726,-0.33278212,0.28418317,-0.26017138,-0.64525443,-0.33065227,-0.12791906,1,chr9:127348292:body_of_pancreas:0,FN,0
-3.2015705,0.3092202,0.51428705,-0.2953486,1.3382137,0.116323076,0.35893312,-0.15038845,0.21448141,0.12965417,0,chr10:29449249:Peyers_patch:0,TN,0
-2.0740142,1.5896353,-0.45095813,0.12638384,-1.3625315,-0.5205488,-0.41176975,-0.02411449,0.42323336,0.64898795,1,chr8:133011242:thoracic_aorta:0,FN,0
-5.5407124,-0.44048908,-0.6828878,0.05874222,-0.3739537,0.80753726,0.5899189,-0.1870223,-0.2156387,0.49387276,0,chr7:48425047:transverse_colon:0,TN,0
-4.8158016,-0.39382744,0.2757894,-0.26579848,0.9040388,0.06533888,0.58679175,0.22350718,-0.04701005,0.051626287,1,chr10:43667432:tibial_artery:0,FN,0
0.58563465,-0.67415863,0.18798262,0.09845344,-0.51553553,-0.5100928,-1.4907906,0.49071065,0.718853,1.0743492,0,chr11:16987057:transverse_colon:0,TN,0
-3.8394923,-0.108695984,0.40541413,-0.5511967,0.98736084,0.58991456,0.25565004,-0.23923402,0.2628672,0.39566648,0,chr11:71580443:tibial_artery:0,TN,0
-3.474759,0.40495828,0.91863436,-0.78987867,0.40520546,0.13557503,-0.19758433,-0.49096987,0.08122175,0.33011067,0,chr22:28009558:esophagus_squamous_epithelium:0,TN,0
-2.9943514,0.6709922,1.0109608,-0.5152962,1.6091917,-0.16532777,-0.6107934,-0.15771292,-0.111673295,-0.64881986,0,chr2:176002027:tibial_nerve:0,TN,0
-4.400063,-0.7411782,0.3276658,-0.6378942,0.14908248,0.59086,-0.26571828,-0.06508077,-0.22572577,0.2600814,0,chr10:102596601:prostate_gland:0,TN,0
-4.7682314,-0.122420944,0.2733365,-0.28842324,-0.16074213,-0.16281678,0.30713254,0.01766997,-0.35816804,0.27371782,1,chr20:60481496:upper_lobe_of_left_lung:0,FN,0
0.36929274,1.3284056,-0.97283477,0.051029418,-0.6057387,-1.2522311,0.42492753,0.08034418,0.71282923,-0.0045504025,0,chr7:25603388:tibial_artery:0,TN,0
3.7035418,2.1988666,0.9284639,-0.70575595,1.3769921,1.9903708,0.54809743,-0.3146835,-0.06312613,0.3392271,1,chr15:33735817:esophagus_squamous_epithelium:0,TP,1
-6.233982,-0.45417157,-0.27216056,0.028239606,0.40633854,-0.26167643,0.14142977,-0.38562766,0.002691726,-0.22084978,1,chr14:59576853:body_of_pancreas:0,FN,0
6.0929327,-1.2509657,0.5245476,0.15064293,-0.46915647,-0.24018027,-0.25090626,0.04563638,-0.41763502,-0.13577813,1,chr8:41651698:Peyers_patch:0,TP,1
7.2548075,0.8920475,-2.6004977,-0.72889835,1.366824,-0.83841777,0.35786033,0.47160822,-0.36730498,0.77420837,1,chr17:25579422:sigmoid_colon:0,TP,1
-4.9679728,0.8936736,-0.6988113,-0.39276737,-0.5748404,0.024024498,-0.1542004,-0.73951894,-0.20447308,-0.121611126,0,chr8:140831477:body_of_pancreas:0,TN,0
2.9698782,1.7268798,-0.3009835,-0.21900666,-0.2586055,1.0604776,0.43742564,-0.23854382,-0.30574742,-0.49759227,0,chr16:75385474:transverse_colon:0,FP,1
-6.4906645,-2.0735285,0.4449747,0.17019711,0.42822146,-0.1893938,-0.18315008,0.12158739,-0.37079203,0.38881233,0,chr12:117685539:prostate_gland:0,TN,0
5.098616,-0.24502496,-0.3286099,2.1509216,0.7775157,0.9749085,-0.93291354,0.6176176,-0.27850655,-0.0053828317,0,chr6:53956277:sigmoid_colon:0,FP,1
-3.4615164,1.2565967,-0.6216252,0.37500378,-0.6745123,-0.36846498,-0.30934268,-0.0044226907,-0.013014533,0.49677876,0,chr7:148963880:transverse_colon:0,TN,0
6.881387,-1.2846364,-0.43704692,-0.3117577,0.02884578,-0.40481386,0.04219697,-0.4102415,-0.03345815,-0.0525656,1,chr3:75785419:esophagus_squamous_epithelium:0,TP,1
5.719284,-1.5923266,-1.3110191,0.14544287,0.5092895,-0.14405338,-0.32840943,0.120959684,0.33410576,0.17327712,0,chr9:43171158:transverse_colon:0,FP,1
-2.263755,1.5963054,0.9586734,0.07566304,0.20324104,-0.6630124,-0.054953434,0.80780107,-0.17144202,-0.71651053,0,chr17:4710334:tibial_artery:0,TN,0
-3.1529343,1.8349627,-1.4047201,-0.12776193,-1.3519301,-0.43798324,0.13071395,0.05046438,-0.13743585,-0.35917524,1,chr11:95351052:body_of_pancreas:0,FN,0
7.2872243,0.5628734,-0.6008803,1.0694208,0.7712113,1.1696705,-0.30072692,0.08087366,-0.8679973,-0.12306987,1,chr4:98093069:prostate_gland:0,TP,1
7.4671946,0.75314635,-1.1765125,0.9302299,1.0268575,-0.18699229,-0.26735964,0.0214333,0.22932744,0.3788562,1,chr13:34747863:transverse_colon:0,TP,1
-2.306512,0.4724802,-0.7502739,0.43139678,-0.2185445,0.026601495,-0.2907084,0.40100446,0.2581176,-0.606213,0,chr11:76920284:suprapubic_skin:0,TN,0
3.0290048,1.0457864,-1.2184771,-0.622188,-0.97448665,0.4003055,-0.020119539,1.4848796,-0.5831379,-0.24598645,0,chr22:26518868:body_of_pancreas:0,FP,1
5.268645,-1.8309251,0.2185852,-0.46116793,-0.03297788,-0.5427475,-0.5985585,0.52819896,0.22928268,0.03874693,1,chr19:45427778:gastrocnemius_medialis:0,TP,1
7.438443,0.57571375,-0.032797497,0.61610156,0.4886769,1.3168172,-0.29692802,0.2441331,-0.10386523,-0.22888924,1,chr4:98093069:upper_lobe_of_left_lung:0,TP,1
-6.3232985,-0.7775346,-0.4686095,0.04992735,0.68103033,0.006162514,0.05733798,-0.29333675,-0.058050446,-0.34318608,0,chr1:101520649:body_of_pancreas:0,TN,0
6.4189186,1.0506017,2.1142235,-0.12416448,-0.26115942,0.43857244,0.76683533,0.6336773,-0.69079065,-0.30961987,1,chr1:20575428:suprapubic_skin:0,TP,1
-4.6020713,0.7250986,-1.1225834,0.38233456,-0.91202664,0.4286363,-0.1250388,-0.14829078,-0.047885843,-0.3071672,0,chr2:160429708:transverse_colon:0,TN,0
-3.8383436,0.51173526,0.5592676,-0.5183617,0.26404482,-0.12695405,0.22097923,0.10947547,0.47605512,0.51388115,1,chr9:83219701:sigmoid_colon:0,FN,0
8.383832,0.5102772,-0.9019911,-0.18228145,0.49778453,-0.0800699,-0.04674741,0.11769272,-0.36010212,-0.059616596,1,chr3:75785609:tibial_artery:1,TP,1
-5.329672,-0.27387476,-0.50948834,0.10306935,-0.37529543,0.019437639,0.14025663,0.11419704,0.25899872,-0.20575112,0,chr6:43943813:upper_lobe_of_left_lung:0,TN,0
-8.167598,-2.9906664,-0.64439344,0.8460631,0.5756223,0.32429054,-0.07658539,0.20655133,-0.34013402,0.30501676,0,chr6:53927260:prostate_gland:0,TN,0
-1.8351035,-0.738898,1.1256136,0.31783462,-1.072916,-0.13812247,-0.27444324,0.630464,-0.26747546,0.089343354,0,chr2:120553360:body_of_pancreas:0,TN,0
4.144333,-1.4608685,0.67151487,0.011389075,-0.97962755,0.08257784,-0.093606845,-0.46409026,0.2599051,-0.33370334,0,chr1:230111058:body_of_pancreas:0,FP,1
7.6053176,0.14616494,-1.3751779,-1.2799281,0.38692522,-0.5784052,-0.1651023,0.28542843,-0.12757607,0.29996207,1,chr7:63016031:spleen:0,TP,1
0.0035259053,2.2792394,-0.99944186,-0.17829439,-0.8252443,-1.5646527,0.42564356,0.35216185,0.3144633,0.0027142193,1,chr8:30486503:esophagus_muscularis_mucosa:0,FN,0
-5.363248,-0.20031156,-0.13504703,-0.38008094,0.4779153,-0.0068791956,-0.06283597,-0.12748447,-0.18454482,-0.17382585,0,chr1:203674144:Peyers_patch:0,TN,0
-2.6170406,0.9870271,0.09229869,-0.8647403,-0.82362056,-0.059781652,-0.6220193,0.10403675,0.50049293,-0.29959396,0,chr18:58181020:stomach:0,TN,0
-3.1195893,0.86366475,-1.085131,0.5323566,-1.2500752,-0.5697522,-0.072505295,-0.201567,-0.12369276,-0.29400593,0,chr6:4659653:sigmoid_colon:0,TN,0
3.211749,-1.7358842,0.46055785,-1.8136898,-0.86826414,0.12383362,-1.1567667,0.2542802,0.56226516,0.40185854,1,chr9:17531876:thoracic_aorta:1,TP,1
7.049198,-0.9578135,-0.487441,-0.21445253,-0.07948303,0.21830422,0.3762484,-0.57565963,0.8807171,-0.16491647,0,chr9:20565941:prostate_gland:0,FP,1
-0.2672678,1.5190301,0.8000431,-0.09458776,0.64305335,1.4980212,-0.6260512,0.038667835,0.40578967,0.4844372,0,chr15:65304945:transverse_colon:0,TN,0
-7.186043,-1.3839228,-0.5780211,0.50644207,0.14720953,0.13714203,0.29251176,-0.018010417,-0.34287947,0.33125523,0,chr1:165592941:upper_lobe_of_left_lung:0,TN,0
-6.0373387,-0.42087355,-0.7694689,0.55771583,-0.12638503,-0.30872864,-0.28209603,-0.30011123,0.27761596,-0.35495174,0,chr15:45705730:gastrocnemius_medialis:0,TN,0
-2.9138014,-0.52580225,1.3626934,0.61723727,0.40384662,-1.4276881,-0.29226428,0.6420437,-0.12300644,-0.017855758,0,chr10:127907784:tibial_nerve:0,TN,0
-4.647985,0.14426911,0.30076155,-0.25793532,-0.26500592,0.5827707,-0.6508485,-0.18329059,-0.26154795,0.1405038,0,chr10:89531733:body_of_pancreas:0,TN,0
6.7878203,-1.0475463,0.33886847,0.039116874,-0.060889803,-0.2084915,-0.12125313,-0.09617792,0.22090133,-0.27273718,1,chr9:61668518:gastroesophageal_sphincter:0,TP,1
5.49684,-1.5025338,0.5584124,0.18228284,-0.5045974,-0.42952135,-0.06363591,0.017360326,-0.018738188,-0.19146658,1,chr8:41651698:esophagus_squamous_epithelium:0,TP,1
-4.2973742,1.6412197,-0.066795446,-0.36653903,-0.03794798,-0.5618613,-0.030072017,-0.43287516,-0.65115654,-0.2547106,0,chr17:75095056:transverse_colon:0,TN,0
7.2049823,1.2224405,-2.6484156,-1.2556622,1.216675,-1.0546476,0.41966522,0.41079128,-0.58048123,0.63606757,1,chr17:25579422:thoracic_aorta:0,TP,1
-4.374212,1.1744481,-0.4509321,-0.48606816,-0.100949906,0.0842767,-0.065093994,-0.14267053,0.17830653,-0.17506342,1,chr16:4548780:upper_lobe_of_left_lung:0,FN,0
-2.9166353,-0.036385473,0.8528847,-0.9755134,0.85947245,-0.17630725,0.18481077,-0.2842332,0.50055736,0.42816326,1,chr11:1652791:spleen:1,FN,0
-1.5416207,1.3967336,-0.63905096,-1.5743642,-2.1158905,-0.028997034,-0.7521479,-0.124065794,0.048355527,0.12710945,0,chr9:105426323:prostate_gland:0,TN,0
7.5476546,-0.538747,0.11860173,0.17504963,0.10763719,-0.16660985,0.3092288,-0.18061976,0.34940943,-0.50798434,1,chr17:45585364:esophagus_squamous_epithelium:0,TP,1
1.8938001,-0.353547,-0.7401755,-0.97318065,-0.49141094,0.98421156,-0.38495427,1.2174674,1.3058382,-0.1797919,0,chr1:108214824:spleen:0,FP,1
-1.7221389,1.8864689,0.53324014,0.1747294,0.1906885,-1.5042868,-0.041473933,0.86999816,0.5630134,-0.73037684,0,chr22:30387561:adrenal_gland:0,TN,0
4.9716687,0.7897408,1.05952,0.7062434,-0.51440173,1.1443093,-0.40654218,-0.5867199,9.6353724e-05,0.75107104,1,chr1:222057506:body_of_pancreas:0,TP,1
-0.61583596,0.1126503,0.48727652,-0.12345207,0.88240653,1.277576,0.051328197,-0.034757122,0.52545273,0.7845729,0,chr2:216110581:prostate_gland:0,TN,0
-5.969747,-0.8252759,-0.26073647,-0.25001276,0.44111535,0.31448966,0.15606909,0.060721766,0.07937382,-0.02446374,0,chr8:54166457:body_of_pancreas:0,TN,0
6.7671843,-0.70208824,0.8359558,0.7440042,0.22509728,-0.22746374,0.15549172,0.006217814,0.53987193,-0.37905353,1,chr6:3259228:tibial_artery:0,TP,1
-3.1007028,0.07817106,1.2898242,-0.9150043,0.7015092,-0.5968891,-0.30147666,-0.17663178,0.036835562,0.08421721,0,chr9:89662294:Peyers_patch:0,TN,0
-3.9325516,0.6230845,0.28311464,-0.1866504,0.20498711,-0.44764695,0.27838096,0.55717635,0.32634836,-0.26717195,0,chr14:22823038:esophagus_muscularis_mucosa:0,TN,0
-5.692845,-1.8665608,0.4535331,0.77723366,0.0049266242,0.02230722,0.37784284,0.48827058,-0.7081012,0.723498,0,chr1:5598865:transverse_colon:0,TN,0
8.644141,0.53830093,-0.9492513,-0.30825624,0.46816793,0.024069116,0.25021702,-0.2940114,-0.30391502,-0.1484923,1,chr3:75785609:esophagus_muscularis_mucosa:0,TP,1
6.1932073,-1.2290552,-0.82061774,-1.1431623,0.07383774,0.19462278,-0.2809826,0.06346499,0.24370047,-0.022607036,0,chr4:36351521:adrenal_gland:0,FP,1
-2.7469833,1.491188,-1.6826375,-0.03862779,-0.899038,0.4613893,-0.45096576,0.07279086,-0.6784903,-0.7176622,1,chr2:168375394:adrenal_gland:0,FN,0
4.74078,-1.3303113,0.15989338,-1.016142,-1.3773174,0.32432547,-0.0632395,-0.22070952,0.9402885,0.717432,1,chr6:43386692:thoracic_aorta:0,TP,1
5.434372,-0.5402925,0.70272326,1.1333804,-0.25959596,-0.40931836,1.2002388,-1.0910265,1.1447906,0.66564846,1,chr19:21484173:esophagus_muscularis_mucosa:0,TP,1
3.1181283,-0.18261194,1.7798516,-0.8341702,-0.7148239,0.35432336,-0.44945467,0.58454,-0.2860693,-0.034163196,1,chr1:13277261:body_of_pancreas:1,TP,1
-1.7284732,0.72616243,1.2276528,0.3601878,-0.34789133,-0.057887957,0.20733126,0.16777857,-0.3742821,-0.03650288,1,chr10:130547583:Peyers_patch:0,FN,0
1.6960299,-1.6328171,0.8748035,-1.3267449,-0.989797,-0.016111536,-1.0491785,0.11077054,0.3915963,0.9940524,1,chr9:17531876:tibial_nerve:0,TP,1
-4.654417,0.36453813,0.71607584,-0.4119006,0.3181037,-0.72857636,0.4848709,-0.37746102,-0.099408,0.4386837,0,chr7:66655047:thoracic_aorta:0,TN,0
-3.674986,0.9417305,0.43804544,-0.5805548,0.76189286,0.17117108,-0.10295621,-0.8693825,0.21905917,0.3644612,1,chr11:94305149:thoracic_aorta:0,FN,0
7.124213,-0.7128451,-0.64428943,-0.74189776,-0.21090512,-0.024610154,-0.011911616,-0.41289485,-0.66397846,-0.3994582,1,chr5:151298414:sigmoid_colon:0,TP,1
2.9068964,0.23191369,-0.0509951,-1.3546369,-1.4376503,-0.7262128,0.22689272,0.63384986,0.29052788,1.4015294,0,chr12:1659629:tibial_nerve:0,FP,1
7.9455495,0.112717435,-1.3815087,-1.0674224,0.3409007,-0.010744243,0.12182926,-0.37101555,-0.5550015,-0.099072464,1,chr2:86221296:spleen:1,TP,1
7.0473256,-0.5062049,-0.22473267,0.7653977,0.66499263,0.5933882,-0.5219878,-0.097772576,0.0710094,0.28799108,1,chr6:43386692:tibial_artery:1,TP,1
-5.769701,-0.0017151984,-0.61461145,0.037773028,-0.21243067,0.06056132,0.30062026,-0.49860385,0.0008236199,0.15715732,0,chr17:50094413:thyroid_gland:0,TN,0
-3.9289632,-0.41937682,1.0184637,-0.9914674,0.04497259,-0.53463346,-0.09564416,0.32851657,0.08948295,0.41669503,1,chr22:24259700:testis:0,FN,0
-7.958981,-2.7276201,-0.64417505,0.77041733,0.49035674,0.25146085,0.32084534,0.1931737,-0.08622802,-0.007473158,0,chr5:77491866:transverse_colon:0,TN,0
4.190475,-0.6120701,0.78434324,0.62237686,0.117554486,0.4655507,-0.62201273,-0.2519844,-1.301902,-1.0328763,1,chr17:43361240:thoracic_aorta:0,TP,1
-3.5712411,-1.7511215,1.3098199,-0.6425513,-0.3868886,-0.6821535,-0.23293726,0.8171264,-0.13610981,0.7239451,0,chr1:16513637:tibial_nerve:0,TN,0
-5.304716,-0.51131725,-0.120704085,0.0056482363,0.52256763,-0.09281135,-0.071760565,-0.16400436,0.44179255,-0.32573187,0,chr8:7397869:tibial_artery:0,TN,0
3.2119923,-0.50949544,0.028196404,0.9212108,0.29337353,0.14394835,-0.5971293,0.29396886,0.09582084,0.6062091,1,chr4:189687730:testis:0,TP,1
-5.6484804,-0.5137057,-0.10453012,-0.10860267,0.7724935,-0.3165858,0.16163416,-0.1531071,-0.124471836,-0.6415595,0,chr1:94926416:esophagus_squamous_epithelium:0,TN,0
5.4139395,-1.8630301,-0.21687758,-0.63327473,-0.13146956,-0.028494246,-0.7681387,0.1759983,-0.43470445,-0.12154515,1,chr22:24006061:thoracic_aorta:0,TP,1
-1.1207783,0.9719209,1.1555717,-0.042261336,-1.5047277,-0.9945659,-0.6345564,-0.59115034,-0.823181,0.84288174,0,chr1:30708226:prostate_gland:0,TN,0
7.316908,-0.7778775,-0.39143866,-0.028159715,0.104436904,-0.11917291,0.21995437,-0.5843559,-0.17138623,-0.39629886,1,chr11:47642443:spleen:0,TP,1
7.039257,-0.6384084,-1.0858675,0.09704248,0.40479082,-0.074744046,0.5272233,-0.11231834,0.45844784,-0.8249018,1,chr10:102568961:thyroid_gland:0,TP,1
-2.988475,2.3196476,-1.552667,0.18473604,-0.8744148,0.4521604,-0.4021379,-0.3164864,-0.5591345,-0.8438104,0,chr7:157948473:body_of_pancreas:0,TN,0
2.7569091,0.8676487,1.5667487,0.29649404,0.6729228,0.81570226,0.7498434,0.3209801,-0.079634055,0.08946727,0,chr12:128388303:body_of_pancreas:0,FP,1
3.4917006,0.5922191,1.5590526,0.64397895,-0.010265845,0.43176517,1.377336,0.42213407,-0.8549141,-0.09122808,1,chr17:6654885:body_of_pancreas:0,TP,1
1.5727925,0.9632179,1.9008386,-0.5152418,-1.1357228,-0.917344,-1.0785145,0.61966217,-1.0328667,0.22513354,0,chr17:16836730:body_of_pancreas:0,TN,0
0.5281402,1.5195777,0.3678814,-0.39477342,-0.7800101,-0.5305182,0.35988352,0.82670397,0.9279142,-0.2887472,0,chr2:231677997:body_of_pancreas:0,TN,0
6.027532,-1.3725355,0.99031377,0.10249436,-0.5822543,-0.5318698,0.03452803,-0.5039372,0.55674964,0.09578974,1,chr7:78040381:tibial_artery:0,TP,1
2.3390229,1.2909343,0.45241776,1.8062516,0.45197108,1.6584735,-0.12951589,0.22253968,-0.83183557,-0.12823555,1,chr9:128161761:body_of_pancreas:0,TP,1
-4.4052453,0.6279679,0.3453905,-0.26496327,0.5012753,0.0982208,-0.40409222,-0.5006549,-0.05662967,0.21400395,0,chr8:140090684:body_of_pancreas:0,TN,0
5.886865,-1.485586,-0.28291163,-0.0071225814,-0.42464557,-0.38314518,0.22437832,-0.22557203,0.705643,-0.7271108,1,chr13:20119527:Peyers_patch:0,TP,1
-5.1545253,0.16478427,0.08282463,-0.3256534,0.732743,-0.3985418,0.27384168,-0.083160125,0.015740419,-0.23437138,0,chr6:32894511:Peyers_patch:0,TN,0
-2.775092,0.7594408,1.0401789,-0.32255664,1.1740712,-0.33551544,0.394761,0.31433398,0.6650136,-0.38256812,0,chr11:119107326:tibial_artery:0,TN,0
6.8127804,0.9342228,-0.92954725,1.0012624,0.25403592,1.0378094,0.5269378,0.33502975,-0.21348992,-0.78551996,1,chr7:95686086:body_of_pancreas:0,TP,1
-6.505047,-0.9784462,-0.4540386,0.5446654,-0.41136804,-0.27418166,-0.015989428,-0.06075548,-0.3409388,0.17918418,0,chr11:71788146:upper_lobe_of_left_lung:0,TN,0
6.72599,-1.2249932,-0.25072503,-0.8555788,-0.23108286,-0.2997201,0.043921217,-0.20350298,0.3708964,-0.33910808,1,chr10:96641123:tibial_nerve:0,TP,1
6.222583,-1.5933394,-0.14008485,-0.6731753,-0.11335682,-0.27583268,-0.38399854,-0.53472424,-0.27160493,-0.13372782,1,chr12:121918386:testis:1,TP,1
-4.6575203,1.076189,-0.13677707,0.22352615,-0.43248937,-0.5934019,0.20433581,-0.2817103,0.16233663,0.21780936,0,chr6:5261611:thoracic_aorta:0,TN,0
-5.1578827,0.118381225,-0.23794211,-0.63208276,0.14684846,0.28219813,0.124739036,-0.28294054,-0.23757207,0.16230445,0,chr6:82247063:body_of_pancreas:0,TN,0
4.8850703,-1.3700124,0.09701502,-0.9971465,-1.1619846,-0.06351965,-0.17073923,0.43559447,0.56162167,0.30793026,0,chr9:75185632:transverse_colon:0,FP,1
5.5350184,1.1899997,1.9731847,1.0752735,0.18196866,-0.59923095,0.47612712,0.5099444,0.5212347,-0.03175351,0,chr6:41786631:suprapubic_skin:0,FP,1
-3.9324174,-0.17199032,0.32259735,-0.5605239,0.9058527,0.020477718,0.2139496,-0.017029678,0.48466814,-0.17346051,1,chr9:83219701:transverse_colon:1,FN,0
7.9011774,0.5938819,-1.8997189,-0.22626294,1.1341211,-0.41759726,0.44454208,0.32736367,-0.37667197,0.386406,1,chr17:22816782:transverse_colon:0,TP,1
-4.3195987,-0.017566647,0.28143054,-0.78721213,-0.08238809,0.084452726,0.02435996,0.012451841,-0.1356482,0.39902526,0,chr14:34228362:suprapubic_skin:0,TN,0
2.8761296,-0.076316886,1.8770622,0.32120767,0.7896587,0.6704451,-0.99599046,0.38241637,0.20383196,-0.009836864,0,chr2:32977143:prostate_gland:0,FP,1
6.5967584,-1.32305,-0.28357294,-0.7269343,-0.15750015,-0.23691928,0.1272222,-0.17216854,0.11099882,-0.47381398,1,chr10:96641123:sigmoid_colon:0,TP,1
7.2271504,0.10548823,0.95656204,1.1150156,0.024014676,-0.0010678443,0.3778862,-0.41976508,-0.072437696,-0.29936162,1,chr16:579030:transverse_colon:1,TP,1
-2.7700982,1.376266,-0.14861861,0.7806781,0.40144575,0.7812936,-0.40518296,-0.79791063,0.59562683,0.9546019,0,chr6:105318017:tibial_artery:0,TN,0
-2.9032834,0.62495273,-0.2394376,0.40278065,-0.6298457,0.003921879,0.88802683,0.7163525,0.07389215,-0.6289017,0,chr11:119031234:spleen:0,TN,0
-5.270742,0.06769039,-0.5169228,-0.735844,-0.30411512,0.55070186,-0.16492985,-0.4341858,-0.045653064,0.08366325,0,chr6:134447458:body_of_pancreas:0,TN,0
-4.696098,1.2446848,-0.24187922,-0.15795135,-0.13230911,-0.52832496,0.056969382,-0.3588721,-0.0074564475,-0.46763107,0,chr18:5237612:sigmoid_colon:0,TN,0
-4.8672786,0.53076047,-0.3948648,-0.6907876,-0.113613196,0.04491621,-0.08077686,-0.21296544,0.16790324,-0.2973046,0,chr2:113249588:transverse_colon:0,TN,0
6.7125325,0.58468914,-2.5759716,-0.15442559,1.4239936,-0.44195879,0.08833505,0.8934314,-0.523285,0.6466154,1,chr8:44636977:prostate_gland:0,TP,1
-1.3276153,2.0999768,-0.96483094,0.9074916,-0.6639444,-0.09815197,0.8156993,-0.23092307,0.704456,-0.25376514,0,chr15:50314410:body_of_pancreas:0,TN,0
7.188427,-0.7140192,-0.7050317,0.4030726,0.4520547,0.25161624,0.18872401,-0.36543113,0.5442285,-0.50197697,1,chr2:185166213:prostate_gland:0,TP,1
5.735486,0.88719106,-0.9367544,1.6040909,0.058373094,0.59896505,-1.0354372,-0.1886127,-0.8952553,0.3820862,1,chr18:56389368:thoracic_aorta:0,TP,1
4.800646,0.42761424,-0.63103807,0.24270289,-0.29899934,0.39319146,-0.25714353,1.149852,0.47943884,-0.25206694,0,chr8:101575030:transverse_colon:0,FP,1
-5.531927,-0.075791255,-0.65527236,-0.025803333,-0.3024925,-0.16023831,-0.14861253,-0.3235773,-0.28065506,-0.2497086,0,chr4:82739794:tibial_nerve:0,TN,0
6.7426987,0.32777894,0.3646386,1.4007524,0.27835187,-0.030089568,-0.08323732,0.3779758,-0.30860907,-0.11931184,0,chr17:50297748:body_of_pancreas:0,FP,1
3.5585747,-1.4090295,1.5450556,0.25985757,-1.0671438,-0.9370216,-0.714833,-0.5839952,0.026558146,0.737444,1,chr5:179213127:tibial_artery:1,TP,1
6.210082,0.79440045,0.66285044,1.8053647,-0.0072864653,0.15630348,0.7508466,0.1349432,-0.4490721,-0.60363746,0,chr5:108749453:tibial_nerve:0,FP,1
0.046653602,1.243315,1.030536,-0.99028176,1.2245448,1.6401556,0.024524707,0.022368187,0.14607689,0.28452644,0,chr18:61551734:transverse_colon:0,TN,0
7.61121,-0.55700016,-0.21438952,-0.14114262,0.02857562,-0.52527606,0.24733067,-0.5185057,0.1807654,-0.14134036,1,chr12:52949183:transverse_colon:0,TP,1
6.3229027,-1.1304021,-0.41235054,-0.02911266,-0.280504,0.50887406,0.5140545,-0.5730002,0.7330261,-0.7522498,1,chr15:77077965:tibial_artery:0,TP,1
3.3118203,-1.5792639,0.6254743,-0.9962479,-0.48505974,0.06428613,-1.1874193,0.02317498,0.54978305,1.1382818,1,chr9:17531876:body_of_pancreas:0,TP,1
6.6748977,-1.231798,-0.44356725,-0.75234896,-0.14219175,-0.12073797,0.19965915,-0.06040873,0.40391004,-0.48228464,1,chr10:96641123:prostate_gland:1,TP,1
-5.0625725,0.29119337,-0.022464883,-0.3797605,0.82488805,-0.35702062,0.17620243,-0.3433307,0.10714146,-0.42560232,0,chr18:57438099:adrenal_gland:0,TN,0
6.4891906,0.56453115,-2.6884022,-0.67590773,1.3201833,-0.5691723,0.031552136,0.7883627,-0.70335305,0.661024,1,chr8:44636977:prostate_gland:1,TP,1
2.0913985,0.27063212,2.3779273,0.75920784,-0.15852718,-0.71650654,0.14302783,0.8107696,-0.37096605,0.27611107,1,chr3:129343963:upper_lobe_of_left_lung:0,TP,1
6.090158,2.8261034,-1.3992932,-0.21471718,0.7163487,-1.2462978,-0.0657811,-0.14452298,0.04782678,1.5116242,0,chr19:38754450:sigmoid_colon:0,FP,1
5.085628,1.4042215,-0.27710968,0.23767012,-0.20147398,1.9913958,-0.5064869,0.7357088,-1.0093666,-1.2728416,0,chr3:177592618:body_of_pancreas:0,FP,1
6.0991344,-0.07002684,0.63904583,1.367076,-0.06265491,-0.0070394026,0.9694812,-0.9868146,0.99932426,0.6590628,1,chr19:21484173:tibial_artery:1,TP,1
5.0404177,-0.78525907,-0.35434213,-1.598993,-0.9287125,-0.2011396,-0.15846184,0.47584894,-0.018367045,0.54654473,0,chr1:235835049:body_of_pancreas:0,FP,1
-3.711374,0.97410107,-0.32576317,-0.12744382,-1.1749859,0.7747914,0.18552332,0.014534697,0.128325,0.3921596,0,chr7:55178970:Peyers_patch:0,TN,0
-1.0911193,-0.055662807,0.87178767,-0.6997219,-0.3438999,1.4289757,0.2575715,0.12069954,-0.26719153,0.24501175,0,chr10:22617718:spleen:0,TN,0
-5.620664,0.40423506,-0.71050316,-0.09146291,-0.21350816,-0.23668824,-0.13889502,-0.38456586,0.078630514,-0.57219243,0,chr19:48152501:body_of_pancreas:0,TN,0
-3.2877672,1.1657345,0.29053178,0.08241249,-0.0068413797,0.18182991,-0.12793724,-0.18392621,0.9199907,0.18189767,0,chr10:51960415:transverse_colon:0,TN,0
7.5525713,-0.24187958,-1.2717352,-1.3313887,0.2184691,-0.24723431,0.0020276385,-0.20941328,-0.26397836,0.01729295,1,chr2:86221296:tibial_nerve:0,TP,1
3.715293,3.1246033,0.14297827,-0.0925288,-0.37264922,1.0582038,3.164014,0.63586324,-0.37280107,1.2846789,1,chr12:104294234:transverse_colon:1,FN,0
-1.0097585,-0.14383963,0.8434167,-0.12168538,1.2749559,0.74675506,-1.2097824,-0.020199837,0.07350455,-0.14918545,0,chr11:82695728:Peyers_patch:0,TN,0
-4.8020554,1.002617,0.08477703,-0.09737668,-0.1399377,-0.4203563,0.1233844,-0.21404517,-0.08849218,-0.08703901,0,chr16:4956247:esophagus_squamous_epithelium:0,TN,0
-3.420625,1.9431794,-0.72077507,0.43566734,-1.118377,-0.5058234,-0.106159605,-0.4941066,-0.29001865,0.27157286,0,chr4:41814771:prostate_gland:0,TN,0
7.1836295,-0.5996192,-0.056800764,0.2475828,0.25834408,0.62914544,-0.25702873,-0.086989656,0.06528619,0.1868447,1,chr6:43386692:transverse_colon:1,TP,1
6.280165,-1.6074436,-0.17531647,-0.48710722,-0.1003775,-0.053093955,-0.16307753,-0.44357294,-0.162123,-0.41556898,1,chr9:42974893:gastroesophageal_sphincter:0,TP,1
6.2976017,-0.9917176,0.75530523,-0.21103391,-1.0676593,0.16053861,0.5182861,-0.86920696,-0.17293945,-0.31512392,1,chr7:142751554:body_of_pancreas:0,TP,1
-6.1666,0.03033158,-0.6469329,0.32134193,-0.22606824,-0.40762872,0.1436943,-0.31722736,0.036893476,-0.19611727,0,chr19:18571531:transverse_colon:1,TN,0
7.3109555,-0.46502203,-0.47599578,0.08042037,-0.19599801,0.08465403,0.4311196,-0.16788858,0.3334901,-0.2851742,1,chr2:196068383:adrenal_gland:0,TP,1
-0.41952044,0.9443758,-0.81305283,-1.614626,-2.1472335,-0.31035203,-0.83262396,0.023495285,-0.35768288,0.042556558,0,chr2:206023553:body_of_pancreas:0,TN,0
-6.1865063,-1.1729805,-0.4933326,-0.27038366,-0.054777402,0.5551266,-0.32359096,-0.09945598,0.02566367,0.07666015,0,chr4:185880518:body_of_pancreas:0,TN,0
4.2464805,-0.85516614,1.5916338,0.3965618,-1.1979873,-1.4563056,-0.18541738,-0.52481127,0.3298837,0.8436612,1,chr5:179213127:spleen:0,TP,1
0.5062727,1.4123027,0.5099705,-0.94962025,-0.580265,0.13841404,0.023413466,-0.24563357,-0.32684305,0.9002556,0,chr15:62185559:body_of_pancreas:0,TN,0
-4.7689137,-0.80999917,0.33233112,0.30977786,-0.03893828,0.20796177,0.7242611,0.030107317,0.78049386,0.3827583,0,chr6:37130925:body_of_pancreas:0,TN,0
0.37761587,0.34204885,1.603236,-0.4571507,0.058212016,0.36427593,-0.60973793,0.46476296,-0.3009028,-0.5139281,1,chr6:53956277:Peyers_patch:0,FN,0
-4.416137,0.90462846,-0.84007853,0.41391027,-0.45829356,-0.84502536,-0.6249351,0.090831615,0.15834367,-0.24440274,0,chr16:14300986:esophagus_muscularis_mucosa:0,TN,0
-2.991217,1.7556778,-0.2439129,-0.579933,-0.45884356,0.23829812,0.30175656,0.20133694,-0.17374165,-0.8388308,0,chr10:51960415:gastrocnemius_medialis:0,TN,0
-3.755056,-0.5195783,-0.6844305,0.4760611,-1.6774327,-0.15629837,-0.20972615,0.062244993,-0.3397134,0.20281014,0,chr7:63014321:omental_fat_pad:0,TN,0
-0.90224653,2.2841704,-1.0402576,0.27071083,-0.99829,-0.7311882,0.044047356,0.123549,-0.28715017,0.7988422,0,chr7:14460954:prostate_gland:0,TN,0
-4.4498324,-0.40789506,-0.25839236,0.57071644,0.15687083,0.8689276,0.8767061,0.681666,0.20879307,-0.61088353,0,chr2:231677997:adrenal_gland:0,TN,0
-3.15044,-1.1510776,0.817206,-0.5766022,0.98432225,1.1170017,-0.053747326,0.37902692,-0.36756095,-0.3179862,0,chr4:159398659:thoracic_aorta:0,TN,0
-0.46720788,0.22865044,0.07741878,1.9603176,0.304668,-0.090319365,-1.1974533,-0.06154699,0.70275694,0.0076913927,0,chr9:113342124:body_of_pancreas:0,TN,0
-5.833318,-0.15158816,-0.59982944,0.035512373,-0.14439707,0.13555169,0.26483437,-0.5280788,0.0018128209,0.09487307,0,chr17:50094413:sigmoid_colon:0,TN,0
-6.485041,-1.2371802,0.0289286,0.2498615,0.79122895,-0.47095665,0.3250624,-0.071001805,-0.08890715,-0.01055432,1,chr14:59576853:adrenal_gland:0,FN,0
6.17517,0.14071636,-0.031790867,0.08559954,-0.36375415,-0.26993173,-0.032193627,0.5364123,1.3776538,0.9128682,0,chr4:120870486:transverse_colon:0,FP,1
-3.4633315,-0.53063434,0.22315724,-1.1850557,-0.19914085,0.24277946,-1.055754,-0.059383575,0.79220545,-0.23541458,0,chr7:120989215:tibial_nerve:0,TN,0
-5.8562756,-0.8948815,-0.6930482,0.39232254,-0.053551033,0.56566334,0.5336387,0.32615414,-0.19288085,0.16815846,1,chr4:110826866:transverse_colon:0,FN,0
5.811673,0.54148954,-0.5139152,1.3471158,0.41090578,0.23591653,0.46673253,0.21166798,0.20292832,0.18894437,1,chr17:67408743:body_of_pancreas:0,TP,1
-5.6501746,-1.00041,-0.6883261,0.9333971,-0.7429902,0.6126819,0.40943947,-0.13620244,-0.52505153,0.22251086,1,chr6:106223515:tibial_artery:0,FN,0
7.087194,-0.8848681,-1.1045667,-0.30095747,0.09180378,-0.27303648,-0.10577225,-0.41940406,0.20081332,-0.13789132,1,chr2:67906567:prostate_gland:0,TP,1
-4.0434375,-1.4973089,0.95557296,0.35239205,-0.2942333,-0.40736997,0.6240184,0.62471026,-0.4841094,0.018051416,0,chr14:106872713:transverse_colon:0,TN,0
7.3968143,-0.34461305,-0.5209406,0.26629052,0.21721445,0.016472787,0.554485,-0.27122465,0.28386688,-0.3833048,1,chr2:196068383:tibial_nerve:0,TP,1
1.417536,-0.4129016,0.38653877,-1.3955215,-1.4461483,0.7792366,-0.92508984,0.43837678,0.60573345,0.23022531,0,chr11:34922899:body_of_pancreas:0,TN,0
-6.466927,-1.0570276,-0.52871525,0.22772814,0.2843401,0.29276934,0.052805983,-0.15101519,-0.33676115,-0.05691485,1,chr2:225002373:thoracic_aorta:0,FN,0
-6.481045,-0.8776056,-0.5010592,0.38854745,-0.14790371,0.23937045,0.2504908,-0.034797676,-0.13468572,0.26140407,0,chr16:5092215:gastroesophageal_sphincter:0,TN,0
2.588573,1.6378356,1.0228336,1.4784826,-0.3531701,0.7501732,-0.56495047,-0.901161,0.41128576,0.8267243,1,chr5:73985119:body_of_pancreas:0,TP,1
-6.29191,-1.1491191,-0.6148496,0.7116958,-0.0153913805,0.3744744,0.5097739,-0.0060959347,-0.011902723,0.36391434,1,chr16:21935488:adrenal_gland:0,FN,0
-2.26743,1.3082383,0.9491741,0.7018371,1.3000995,0.44889894,-1.0970417,-1.0849562,1.03221,0.5027797,0,chr14:55271113:testis:0,TN,0
1.6204214,1.6424687,-0.6059629,1.493891,0.28796798,-0.24079093,-1.4926556,0.5227868,0.5102208,0.19683051,0,chr3:135921913:sigmoid_colon:0,FP,1
3.9646747,-1.0214403,1.4256461,0.16598758,-0.49552423,-0.55021584,0.13500006,-0.089911304,0.64853513,-0.6088824,0,chr19:10404178:tibial_nerve:0,FP,1
-6.1063294,-0.37090984,-0.47370476,0.24814856,-0.10352322,-0.08893538,0.13035978,0.0024260401,-0.14700602,-0.4712704,0,chr19:50252259:spleen:0,TN,0
0.06587511,1.2666646,0.8678961,0.56499195,1.4670105,0.49363098,-0.75826246,0.14354238,0.99393517,-0.80815405,1,chr7:26377045:transverse_colon:0,FN,0
7.115019,-0.48343745,-0.6266523,-0.22672917,-0.2692994,0.13107473,0.39516827,-0.064417355,0.13022475,-0.20842049,1,chr2:196068383:gastrocnemius_medialis:0,TP,1
6.6949744,-0.53334785,-0.20741004,-0.33386084,-0.5098679,0.38759843,0.4218105,-0.50921595,0.07018409,-0.43319502,1,chr20:53731556:sigmoid_colon:0,TP,1
-1.5204154,-0.053966023,1.5635291,-1.1150395,0.87774307,0.55633473,0.196092,0.6372414,0.20657384,0.64615285,0,chr3:58211234:esophagus_squamous_epithelium:0,TN,0
6.836492,-1.1088556,-0.536897,-0.7535313,0.067031,-0.38943827,-0.09031814,-0.03170516,0.23149006,-0.21917363,1,chr10:96641123:testis:0,TP,1
6.2799187,-0.1095486,-0.49127564,1.2464426,-0.1135016,0.6572208,-0.18051775,0.33421013,-0.2617019,-0.27372563,1,chr8:30230823:esophagus_muscularis_mucosa:0,TP,1
-3.2596302,0.13169152,0.06022573,-0.79567426,-0.40586692,1.4716976,-0.047979202,0.34773755,-0.06429703,0.28107518,1,chr6:106223515:transverse_colon:1,FN,0
-4.8191214,1.0805868,-0.6658709,-0.2577164,-0.3288799,0.07606332,0.03724617,-0.35919288,0.51417273,-0.23621197,0,chr19:33143907:tibial_artery:0,TN,0
-4.869719,1.1944311,-0.97969127,0.026612267,-0.56941974,0.065709256,0.02282497,-0.72517616,-0.0042824615,0.009232259,0,chr8:116788344:esophagus_squamous_epithelium:0,TN,0
-0.919172,-0.20961742,0.24359095,-1.071539,-1.0797122,-0.9132709,-0.72953194,1.3829561,0.45123172,-0.19782886,1,chr7:1203888:body_of_pancreas:0,FN,0
0.6505169,1.1115141,-0.36535224,0.64837617,-1.873252,-0.8369938,0.96256846,0.3572413,0.113590114,-0.10285709,0,chr10:103485594:spleen:0,TN,0
2.4739728,0.40746698,1.3639344,0.63976336,-0.12573199,-0.6123529,1.1298373,0.32796955,1.5158439,0.7040193,0,chr5:79514114:testis:0,FP,1
6.9172783,-0.26553327,0.46075654,1.4136981,0.35540068,-0.1766405,0.016287811,-0.2903555,-0.081996664,-0.14505291,1,chr16:579030:prostate_gland:1,TP,1
0.51200193,1.8911737,0.3251801,0.81665367,-0.85156304,0.32644278,0.02502551,0.22303452,-0.17016962,-0.85973924,0,chr5:144467879:body_of_pancreas:0,TN,0
-3.8142118,1.2301513,0.5001934,0.12772666,-0.19675875,-0.5959761,0.001664656,-0.4606825,0.3452296,0.3861235,1,chr3:9862475:transverse_colon:0,FN,0
7.643987,-0.12331853,-1.4487792,-0.62620825,0.5758221,-0.33261272,-0.08084292,0.08112782,0.09962439,0.017297575,1,chr15:40504103:body_of_pancreas:0,TP,1
-4.016976,0.37451476,-0.18337661,-0.87472916,0.38125643,0.73038137,0.33429822,-0.09176737,0.13343358,0.2486943,0,chr7:150876829:body_of_pancreas:0,TN,0
-4.3161993,1.4732825,-0.64869666,0.1305092,-0.5132744,-0.23183224,0.5955683,-0.10744351,0.39117885,-0.15469004,0,chr7:100148577:testis:0,TN,0
-3.8902884,0.0209053,-0.14122286,0.032748785,-0.49585745,1.4988755,0.51076347,0.29388317,-0.61656004,-0.08261001,1,chr6:106223515:Peyers_patch:0,FN,0
-5.6818094,-0.2337303,-0.142058,-0.39540973,0.18301927,-0.25031066,-0.11877208,-0.4567621,-0.04760293,0.07738362,0,chr5:69235425:Peyers_patch:0,TN,0
7.022918,-0.6937812,0.7880359,0.4669472,-0.06883133,-0.14383619,0.36558777,-0.12785102,0.03749054,-0.48072195,1,chr9:42852316:testis:1,TP,1
6.1130457,-0.056272935,0.7700937,1.1585802,-0.14106704,0.08902709,1.0587268,-0.9763458,0.95406777,0.6604462,1,chr19:21484173:spleen:0,TP,1
-4.449954,-1.520578,1.438103,0.35546526,0.23829933,-1.9418949,0.18698314,0.7324054,-0.12588008,-0.36547583,0,chr17:44210759:tibial_artery:0,TN,0
5.334864,0.16281961,0.82172805,-1.0908744,-1.1210186,0.5939542,-0.89924294,0.8408962,-0.40961045,-0.28266403,0,chr20:17898925:suprapubic_skin:0,FP,1
-4.2319465,0.45449126,0.15154605,-0.5997375,1.1310931,-0.18823963,-0.034929264,-0.2632863,-0.2653907,-0.19101702,0,chr17:75632926:esophagus_squamous_epithelium:0,TN,0
-1.2769469,0.7923967,1.477857,0.55261636,0.5278726,-0.73113054,-1.1103886,0.7168945,-0.17446901,0.3731725,0,chr5:38467531:tibial_nerve:0,TN,0
0.528779,2.3315406,0.17341769,0.5284804,-0.855235,0.6857657,-0.25811896,-0.13933039,-0.8897235,0.25822124,0,chr20:34336064:Peyers_patch:0,TN,0
2.4279542,-0.18072483,1.6584939,-0.27095735,-1.0394946,-0.061899975,-0.5211745,-0.0059796544,-0.15336522,0.95017475,0,chr16:85056596:adrenal_gland:0,FP,1
-2.7314892,0.6048456,0.5469879,-1.3109602,-0.7617573,0.46768227,-0.22153538,0.40298086,-0.5123223,0.68868667,0,chr8:124563840:body_of_pancreas:0,TN,0
-2.2454462,-0.6003,1.4277389,-0.8139908,0.5584748,0.35947928,0.22313866,0.32960436,-0.28975344,0.021019276,1,chr14:90697830:tibial_artery:0,FN,0
-5.826723,-0.041007705,-1.2374644,0.8769877,-0.7669685,-0.10887645,0.09899189,-0.10617275,0.045836367,-0.21173286,0,chr10:4794201:body_of_pancreas:0,TN,0
-2.961538,0.9009191,0.15747198,-1.1253734,-1.061761,-0.008935692,-0.34317783,0.32679033,0.18798208,0.47022912,0,chr3:172594879:transverse_colon:0,TN,0
5.5940785,-2.0841444,-0.18698841,-0.48063782,-0.19769357,-0.36160633,-0.15825143,-0.6344271,0.26608294,-0.24513535,1,chr9:42974893:body_of_pancreas:0,TP,1
-3.1993706,1.6009121,0.75144774,0.18406948,0.63748336,-0.4727795,0.659312,-0.36427364,0.44795957,0.2708144,0,chr4:7192415:gastrocnemius_medialis:0,TN,0
-2.3606758,0.6187245,0.2956249,-0.13010623,1.3544827,0.1667146,-0.8882017,-0.25825676,-0.18918756,-0.04819503,0,chr20:62900225:tibial_artery:0,TN,0
-3.990329,1.2525284,-0.77692205,0.46751073,-0.6598218,-0.32630694,-0.34279078,-0.27049607,0.5744724,-0.64805835,0,chr10:87203579:adrenal_gland:0,TN,0
7.197574,-0.11499782,0.6945686,0.9761487,-0.18284835,-0.3028074,0.48103917,-0.62824064,-0.08386308,-0.28128728,1,chr16:579030:gastrocnemius_medialis:0,TP,1
-1.2869632,2.2233515,-0.39931536,0.8422387,-0.261923,-0.08706848,0.47511727,-0.082269825,0.52208,0.36491042,0,chr5:141677653:prostate_gland:0,TN,0
-6.597804,-3.697467,-0.4739915,2.024495,0.33171192,-0.22194071,0.23431993,0.39002645,-0.895454,0.17193116,0,chr16:28615870:tibial_nerve:0,TN,0
6.974663,1.6570992,1.3887584,1.1887013,0.7275312,0.23205486,-0.1439173,-0.20527577,-0.11480604,-0.34653366,1,chr14:36662855:tibial_artery:0,TP,1
-4.846623,0.7401273,-0.15770005,-0.50751716,-0.012785589,-0.5402911,0.048089948,-0.1337524,-0.29586115,-0.4312403,0,chr2:231680246:transverse_colon:0,TN,0
-2.2737436,-0.2480015,-0.5716324,0.9622972,-1.012841,1.6060842,0.7901896,-0.30820623,0.4445503,0.8916964,0,chr5:102536432:body_of_pancreas:0,TN,0
3.7094193,1.0947593,0.62805915,0.90319747,0.3227993,1.388422,-1.4226061,0.847022,-0.56769514,-0.28731555,1,chr6:18503536:body_of_pancreas:0,TP,1
-7.4038944,-2.21087,-1.2461759,0.77378017,-0.7280521,-0.092295125,0.05749105,0.17369743,-0.031025881,-0.3652865,0,chr2:85428876:body_of_pancreas:0,TN,0
-6.9936304,-1.3306277,-0.7636854,0.59904855,-0.14904095,0.2520015,0.24836338,-0.009718355,-0.18482578,0.21608074,0,chr16:5092215:body_of_pancreas:0,TN,0
-3.7768457,0.4751902,-0.093938366,-0.5054134,0.6316186,0.41404533,0.29659352,-0.7841865,0.114829734,0.6197479,0,chr15:89091210:body_of_pancreas:0,TN,0
2.3866992,0.4313046,1.6981665,0.9036813,-0.34862426,-1.0690244,0.3292457,-0.28185698,0.46509966,-0.20449749,0,chr3:126475232:sigmoid_colon:0,FP,1
1.7824689,0.8618819,-0.1251616,2.0530994,0.5289667,-0.71838814,-1.274142,0.32980785,-0.09659257,-0.08502481,1,chr2:38555382:thoracic_aorta:0,TP,1
-1.8185598,1.0539042,-0.8013045,-0.53795886,-1.790439,-0.67395014,0.10749292,-0.11018151,-0.9427215,-0.41284764,0,chr1:26358698:body_of_pancreas:0,TN,0
-4.431311,1.0772344,-0.96478933,0.51410663,-0.7767491,1.0206984,0.5291901,-0.50008863,-0.0077556917,0.24169564,0,chr4:99325779:esophagus_muscularis_mucosa:0,TN,0
-5.4977226,-0.52979285,-0.15293796,0.43103498,0.048392545,0.3964244,0.0636441,0.3323503,0.12252498,-0.42493075,0,chr11:118291175:esophagus_muscularis_mucosa:0,TN,0
7.776488,-0.25857964,-0.10183601,0.19129267,0.17232636,-0.080305524,0.39899155,-0.16762918,0.29438967,-0.4778618,1,chr17:45585364:thoracic_aorta:1,TP,1
-4.1705766,0.6341478,-0.24679233,-0.68118644,0.6272634,0.79968125,-0.73124635,-0.46651334,-0.13608707,-0.2789079,0,chr1:81549700:tibial_artery:1,TN,0
7.110671,0.3033144,-0.006424194,1.5798764,0.49694425,0.49761572,-0.09116783,-0.39508808,-0.36464885,0.07215856,1,chr5:137304079:body_of_pancreas:0,TP,1
6.8016257,0.5953865,1.3331321,0.6167022,0.40040496,0.83706665,0.012489481,-0.34819475,-0.47824022,0.4069992,1,chr19:47436804:tibial_nerve:0,TP,1
-7.3849487,-2.3281426,-1.102417,1.025762,0.05427673,0.6528018,0.4974142,0.12962879,-0.040594533,-0.05966798,0,chr20:38751675:adrenal_gland:0,TN,0
7.556887,-0.66832054,-0.16558328,-0.3940797,0.009192945,-0.26419038,0.0033804288,-0.1626127,-0.029846461,-0.09963055,1,chr17:879808:thoracic_aorta:0,TP,1
5.5849953,-1.170306,-0.1764818,-0.6304117,-0.7547464,0.19359401,-0.08038911,0.035050552,1.221035,0.3634441,1,chr6:43386692:thoracic_aorta:1,TP,1
-5.00763,-0.2018823,0.5099242,-0.57851005,0.33124778,0.044859424,0.35761476,-0.2580271,-0.3166955,0.81182057,0,chr7:142451749:body_of_pancreas:0,TN,0
4.5906224,-0.06359586,-1.2829189,1.2461717,0.7066952,0.184743,0.09792733,0.12537001,0.5220885,0.85172665,1,chr16:31334599:body_of_pancreas:0,TP,1
4.157575,0.69867676,-1.6500823,0.08865902,-0.257584,-1.4438362,-0.31033576,0.66459584,-0.21022274,0.52628493,1,chr11:112081498:thoracic_aorta:0,TP,1
6.485699,-1.1781479,-0.75896055,-1.0632576,-0.00020327698,0.06931498,-0.05744778,-0.27835023,0.3445365,-0.24595672,1,chr11:86939404:body_of_pancreas:1,TP,1
-3.7339165,-1.3087199,-0.4649535,0.036476437,-0.90653443,0.097301476,-0.36101308,0.38998052,0.5419348,0.45200145,1,chr14:93151711:body_of_pancreas:0,FN,0
5.668786,-1.0976342,0.27176145,-0.16174069,-0.13626894,-0.035322312,-0.7377176,-0.36099195,-0.8640643,-0.10838099,0,chr2:237590674:transverse_colon:0,FP,1
-4.731216,0.41055554,-0.26083302,0.6539873,0.58964986,-0.040718604,-0.37922165,0.18670098,0.26876485,-0.20114565,1,chr22:41951055:body_of_pancreas:0,FN,0
-3.465383,0.8690563,-1.3424795,0.6647243,-1.40341,-0.11460572,0.09360471,0.27857724,-0.089381106,0.04180509,0,chr14:69079875:body_of_pancreas:0,TN,0
-3.9411066,1.234768,-0.9398177,0.32801956,-0.8813371,-0.4956475,-0.064960495,-0.4767442,-0.11615371,-0.14217733,0,chr16:9317902:body_of_pancreas:0,TN,0
-7.0047455,-1.6491002,-0.2123405,0.7025767,0.38904038,-0.2753468,0.52717686,0.025774788,-0.35092932,0.3935315,0,chr15:40422201:testis:0,TN,0
-5.665741,-0.5942522,-0.08301991,-0.29238194,0.19408454,-0.042345166,-0.25314236,-0.05822975,0.039558403,0.3585988,0,chr8:118113261:tibial_artery:0,TN,0
-4.021377,0.8239779,0.09333873,-0.12670705,0.35691127,-0.33201694,-0.32932046,-0.71774966,0.2843642,-0.2881196,1,chr1:87131773:body_of_pancreas:0,FN,0
-4.894033,0.5151344,0.040352497,-0.3515087,0.5556572,-0.14893575,0.1917131,-0.2969165,0.22139947,-0.17542134,0,chr12:109597967:transverse_colon:0,TN,0
-5.01468,0.13770318,-0.5817987,0.5848128,-0.13877568,0.37331113,-0.07813001,-0.16107473,0.42200708,0.12068609,0,chr16:86305507:upper_lobe_of_left_lung:0,TN,0
1.903647,1.5034045,-0.7025201,0.3090688,-0.14742242,1.3867182,-0.41138908,0.7054155,0.4551931,-0.25657812,0,chr20:41572206:upper_lobe_of_left_lung:0,TN,0
-4.3088603,1.2082895,-0.42994216,-0.27520028,-0.21215318,-0.028739976,-0.705514,-0.38579902,0.5575655,-0.06619456,0,chr2:9914869:esophagus_squamous_epithelium:0,TN,0
6.165292,-1.2977569,-0.97136235,-0.520865,-0.10000496,-0.35299432,-0.013466266,-0.17935134,0.20639099,-0.6714393,1,chr1:91927306:transverse_colon:0,TP,1
6.2472806,-1.153766,0.60804594,-0.14106205,-0.70252943,-0.0126369875,-0.15471847,-1.1912128,-0.5214964,-0.22190416,1,chr7:142751721:body_of_pancreas:0,TP,1
-2.5986547,-0.2736534,-0.5293102,-0.19895715,-1.4886395,0.52000713,-0.45996073,0.10927325,1.5897189,-0.13087071,0,chr3:143976583:body_of_pancreas:0,TN,0
7.298897,1.0562851,-2.706487,-1.1968068,1.2092854,-0.8099495,0.39007372,0.49724165,-0.5376015,0.6154217,1,chr8:45161471:testis:0,TP,1
-4.3056827,1.6481541,-0.47337002,-0.2590326,-0.38555264,-0.36378706,-0.2856906,-0.72673196,0.05738509,-0.16835265,0,chr5:178467902:gastroesophageal_sphincter:0,TN,0
4.7147074,0.9562471,1.7355835,1.0239097,0.027330885,-0.57358664,1.0617194,0.09904921,0.5882914,-0.11059164,1,chr5:177133842:prostate_gland:0,TP,1
0.54832613,0.23020603,-0.32642803,-0.46672022,0.30898824,1.3058374,-0.97424483,1.2128688,-0.10704342,-0.02380955,1,chr21:39175402:transverse_colon:0,FN,0
-0.2613272,0.5439069,1.6945009,0.37879577,-0.35401064,0.13531962,0.34357178,-0.0476651,0.6772675,0.36770877,0,chr6:43497048:suprapubic_skin:0,TN,0
-0.6737631,-1.0304432,-2.2262957,2.30631,0.5919917,-0.37636074,-0.9297497,0.8491611,-0.36559334,1.2936219,1,chr2:93976867:suprapubic_skin:0,TP,1
7.279093,1.2846812,-2.3416371,-1.3807687,1.1013671,-0.7489099,0.33500934,0.46131596,-0.11023271,0.74238694,1,chr8:44636977:thoracic_aorta:0,TP,1
6.7203174,-1.1321439,-1.0662806,-0.45802334,0.24509637,-0.06378696,0.048105054,-0.49924842,0.29546484,-0.39073604,1,chr6:111422630:thyroid_gland:0,TP,1
-4.9221883,-2.207788,0.96220577,0.16366053,-0.43107852,-0.19738005,0.5606247,1.0330715,-0.54401,0.10286868,1,chr1:20575428:transverse_colon:1,FN,0
-1.9550805,-1.2045758,-1.8688328,2.8184714,0.25406012,0.18483508,-1.0605509,1.016681,0.003704014,1.4107891,1,chr20:28507029:body_of_pancreas:0,FN,0
-2.2502725,1.7955087,-1.2102118,0.5109124,-1.1735358,-0.45394996,-0.08443827,-0.029864032,-0.606683,0.08091561,1,chr20:28507029:stomach:0,FN,0
6.435666,-1.3379359,-0.57168484,-0.79090613,0.018700771,0.10420348,-0.026191216,-0.18656623,0.5916168,-0.16802686,1,chr11:86939404:transverse_colon:0,TP,1
6.8791556,-0.71288526,-0.16020499,-0.16085525,0.23429617,-0.14073789,-0.31006417,0.43723282,0.02793317,-0.21722871,1,chr19:45427778:tibial_artery:1,TP,1
1.228532,0.5907053,-0.9734846,-0.5073281,-1.0274607,-1.5128695,-0.29334387,0.2671013,0.71958053,0.48714077,0,chr13:26930103:adrenal_gland:0,TN,0
-5.0080967,0.52206916,-0.33941826,-0.1639812,-0.6883828,-0.09820827,0.15593174,-0.13304381,-0.4069615,0.10170978,0,chr8:118112661:thoracic_aorta:0,TN,0
-5.3212276,-0.33176154,-0.2993755,-0.46114323,0.80491567,0.3350595,-0.10322858,-0.35503373,0.0030530998,-0.31763324,1,chr4:119212065:body_of_pancreas:0,FN,0
5.484774,0.7084599,-0.37920406,0.97508055,0.29354426,0.68862927,-0.6914927,0.49447054,-1.0342126,-0.59036034,0,chr9:15104864:adrenal_gland:0,FP,1
-4.2430663,0.049072746,-0.1784342,1.1520361,-0.7645497,-0.72638035,-0.10746487,0.6870592,0.34725025,0.0071651484,0,chr16:74399402:upper_lobe_of_left_lung:0,TN,0
-6.3830314,-0.6283643,-0.96184623,0.7302708,-0.40341654,-0.26840976,-0.14981985,0.07044189,-0.048283473,-0.3019621,0,chr16:2664570:body_of_pancreas:0,TN,0
3.4855568,-0.10028235,0.15762146,0.39842615,-1.7588546,-0.077018805,0.638546,0.6296158,-0.0798806,-0.71904284,1,chr19:44577120:thoracic_aorta:0,TP,1
-4.9218016,0.5088648,-0.105814405,-0.45577258,0.3633655,-0.33624026,-0.44853827,-0.29673707,-0.22891037,-0.47587138,0,chr3:45210485:Peyers_patch:0,TN,0
8.40021,0.6292993,-1.3702863,-0.48447883,0.5381191,0.17483586,0.16646637,-0.14955199,-0.560509,-0.05861456,1,chr7:142479143:upper_lobe_of_left_lung:0,TP,1
1.5000054,0.6405007,0.3472323,0.18707784,-1.521896,1.3493749,1.4180673,0.1041134,0.6736777,0.97298217,0,chr1:63575748:transverse_colon:0,TN,0
-3.5718012,0.57399017,-0.6126118,-0.32182482,-1.4107131,0.09451996,-0.5553882,-0.38619936,0.04788715,0.28175974,0,chr5:72597084:thoracic_aorta:0,TN,0
1.5470655,1.8775463,1.5868373,-0.32457173,0.8814421,0.7227049,-0.07312097,0.048580207,-0.8293997,-0.05203334,0,chr1:44655842:tibial_artery:0,TN,0
-5.14318,0.35693815,-0.25551468,-0.29437798,0.018256946,-0.46894532,-0.0064359214,-0.2561381,-0.2690384,-0.3042396,0,chr3:14921124:transverse_colon:0,TN,0
-5.950787,-1.3797143,-0.11552429,0.93608737,-0.9633411,-0.77631116,0.044553816,0.2683864,-0.42394868,0.11493297,0,chr16:88265764:upper_lobe_of_left_lung:0,TN,0
-6.6166067,-1.5513241,-0.8169321,0.8226392,-0.42132798,0.34417787,0.29062444,0.25308615,-0.32954562,0.49013343,0,chr8:125649597:transverse_colon:0,TN,0
-0.9111551,-0.46231848,2.15942,-1.2163646,0.40873396,-0.2616942,-0.53074086,0.19003779,0.1317275,0.1395629,0,chr22:24259700:thoracic_aorta:0,TN,0
-2.5190117,-1.3703676,0.37462014,0.46151808,-1.6040605,-0.24327946,0.01899689,0.893425,-1.3411491,-0.15427616,0,chr21:39153360:thoracic_aorta:0,TN,0
5.3201613,1.4986194,0.31436303,1.8343976,0.10815256,0.70127225,-0.008379,-0.45308197,-0.26953217,-0.22502491,1,chr9:16039580:transverse_colon:1,TP,1
7.881526,-0.14845327,-0.66702044,-0.39592642,0.060322266,-0.008303018,0.030343803,-0.16389082,-0.33968005,-0.24414708,1,chr14:90785685:upper_lobe_of_left_lung:0,TP,1
-5.222773,-0.10278912,-0.41719,-0.31915396,0.6421991,0.49600494,0.39412338,0.037080467,0.23422697,-0.2245811,0,chr3:107690540:transverse_colon:0,TN,0
6.815226,-1.3557948,-0.28203678,-0.13320819,0.13142222,-0.41201204,0.008046865,-0.5595938,0.1516189,-0.010547581,1,chr3:75785419:adrenal_gland:0,TP,1
1.8448073,1.7230011,-0.8951249,0.27790925,-0.7626328,-0.87089187,-1.0446342,0.6792601,-0.88295025,0.5846308,0,chr20:48986703:body_of_pancreas:0,TN,0
0.8010688,1.0108131,1.3631021,-0.34868136,-1.3678007,0.22793542,-0.16464752,0.38408986,0.22704752,0.53465664,0,chr1:23540459:spleen:0,TN,0
-1.7644223,1.1923531,0.32880023,0.10470233,-0.43300393,1.5694145,-0.59850943,-0.49877664,-0.026412226,-0.1552065,1,chr18:46481136:sigmoid_colon:0,FN,0
-4.9488583,0.23917441,-0.21091948,-0.4748016,0.46379694,0.19771792,0.014154169,-0.59351444,-0.08689101,0.13043354,0,chr15:57620139:transverse_colon:0,TN,0
-4.2408023,0.651904,-0.20381086,-0.36025605,0.65089184,-0.14741145,-0.041116282,-0.55416864,0.33431634,-0.7941577,1,chr1:26921783:esophagus_muscularis_mucosa:0,FN,0
-4.734044,1.2076242,-0.85247475,-0.13849384,-0.67739946,0.24539311,-0.36742663,-0.92397064,0.018983541,-0.060246482,0,chr9:127049121:adrenal_gland:0,TN,0
-0.650205,1.3389182,2.041533,0.2897859,0.2796789,-0.52494365,0.42527124,0.22270975,-0.8029766,-0.26603836,0,chr19:35717320:spleen:1,TN,0
-6.7182813,-0.92224824,-0.44392034,0.93606454,0.23561877,-0.74319524,0.14060456,-0.062211357,-0.50233084,-0.051446326,0,chr11:63671929:upper_lobe_of_left_lung:0,TN,0
1.2968531,-1.6706175,1.5142024,0.025755264,-1.9096323,-0.3182154,0.9433789,-0.32889545,-0.44218954,0.75859314,1,chr7:100965858:transverse_colon:1,TP,1
-5.188433,-2.3335512,0.55167097,0.04497953,0.61641246,0.30297473,-0.4216741,0.73186076,0.60983,-0.124220796,0,chr2:11829237:body_of_pancreas:0,TN,0
-3.7816226,-1.1727349,-0.98742825,-0.07301698,-0.7120505,-0.5408507,-0.2461807,1.3959394,0.43241516,-1.0601784,1,chr16:2874817:upper_lobe_of_left_lung:0,FN,0
-4.3984075,-1.0821964,0.35738558,-0.3787579,1.1718998,-0.12553445,0.4675808,0.13547485,-0.3704141,0.015657399,1,chr9:89604122:esophagus_muscularis_mucosa:0,FN,0
5.9174085,-1.2287365,-0.47644433,-0.16852368,-0.20561062,0.40735617,0.37990445,-0.6539582,0.8361756,-0.6469035,1,chr15:77077965:suprapubic_skin:0,TP,1
5.5895805,-1.0664152,-0.39999214,-1.7150346,-0.45875517,-0.5481795,-0.30150005,0.4143347,0.15622622,0.38375226,1,chr7:63016031:adrenal_gland:0,TP,1
7.34885,-0.42778903,-0.48861447,0.21581295,-0.15467711,0.087280795,0.5246182,-0.2043066,0.18044046,-0.29049835,1,chr2:196068383:prostate_gland:1,TP,1
-6.1079235,-1.3194138,0.08594372,0.07567761,0.38941583,0.058631845,0.5687142,0.35451475,0.102672316,0.3326358,1,chr18:48137415:body_of_pancreas:0,FN,0
-4.388261,-1.3826257,0.12078172,1.2467769,-0.44458017,1.071488,0.3774752,-0.42292792,0.66432583,0.8517108,0,chr18:63844476:prostate_gland:0,TN,0
6.3948903,-1.0074059,1.0861123,0.3558337,-0.17629941,-0.47090656,0.4970698,-0.1409662,0.35597745,-0.37427863,1,chr9:42852316:transverse_colon:1,TP,1
5.216433,-0.49596643,1.3359259,0.23359628,-1.1758094,-0.64923817,-0.13054942,-0.15328933,-0.52191687,-0.03741338,1,chr22:46739374:Peyers_patch:0,TP,1
0.6558617,-1.4529188,1.2829579,-1.1607814,-0.2526761,-0.38001907,-0.14374566,1.4328159,-0.063590385,0.0034946187,1,chr1:16513637:thoracic_aorta:0,TP,1
7.282699,-0.37181866,0.05963463,-0.23374347,-0.74290085,0.16766651,0.37408504,-0.3405541,0.008090228,-0.31511164,1,chr10:47381073:Peyers_patch:0,TP,1
-6.2440653,-0.31184414,-0.74162555,-0.01681088,-0.12181569,0.27767107,0.15600422,-0.41963938,-0.17394166,-0.06488046,0,chr1:107782208:transverse_colon:0,TN,0
2.688826,-1.101503,0.7113813,-0.4067678,-0.9237527,0.30709428,-0.09362222,1.056972,0.7330699,0.59324294,1,chr1:244014970:transverse_colon:0,TP,1
2.3013859,0.3602541,2.3945417,-0.3437501,0.5248953,-0.34372455,-0.6808629,0.14140998,-1.3182701,-0.410645,0,chr7:2064001:upper_lobe_of_left_lung:0,FP,1
-3.0200016,1.1854346,-0.063699,0.13511476,-0.78071755,0.054500032,0.07857748,-0.038560864,1.0927057,-0.16195217,0,chr8:27855652:prostate_gland:0,TN,0
-0.9849828,1.292108,1.4386591,-0.049244367,0.75699675,-0.40885043,-1.4735067,-0.117358334,-1.3427801,-0.022787951,1,chr20:62355987:gastroesophageal_sphincter:0,FN,0
-6.079377,-1.4705395,-0.10944642,0.41228735,0.39149183,-0.30736047,-0.39380723,0.25982258,0.32581928,-0.3655045,0,chr9:132849549:spleen:0,TN,0
6.081556,-1.5057924,-0.21818289,-0.79969496,-0.37564826,-0.37882563,-0.17102423,-0.679805,0.01182372,-0.0649823,1,chr7:22550492:tibial_artery:1,TP,1
-3.3533487,1.4127563,0.9032666,0.24159464,0.6836679,-0.94858605,-0.5434288,0.49935228,0.078139715,-0.21472263,0,chr16:86498885:esophagus_muscularis_mucosa:0,TN,0
7.882122,-0.10834889,-0.44276318,-0.6642618,-0.101648375,0.1968389,0.42495748,-0.36273652,-0.1941108,-0.46736687,1,chr6:29705705:upper_lobe_of_left_lung:0,TP,1
-3.447461,0.63203657,0.18358976,-0.6212303,0.7983814,0.66537595,0.057796944,-0.6847866,0.24209288,-0.12130018,0,chr16:28832746:body_of_pancreas:0,TN,0
2.0524418,0.3139878,0.91502905,-0.28930804,0.6125374,1.1365159,-0.8209724,0.3116793,0.6605652,0.56548697,0,chr16:22195817:testis:0,FP,1
-1.0474852,1.0667436,2.4294374,0.04858314,0.62683,-1.4089476,0.3419981,0.045029934,-0.060315017,0.505622,0,chr2:230068249:tibial_artery:0,TN,0
-6.1633554,-0.6898388,-0.62733173,-0.2206652,0.056992274,0.31969884,-0.22185035,-0.3846675,0.025301965,-0.17689452,0,chr6:150418704:sigmoid_colon:0,TN,0
-4.8186617,0.85947454,-0.4961651,-0.28677377,-0.33003983,0.12255801,-0.03805138,-0.49601284,-0.48066342,0.2372851,1,chr9:127348292:thoracic_aorta:1,FN,0
7.943016,-0.018181663,-0.6225083,0.27137944,0.3133169,0.21135041,0.28822082,-0.14773445,-0.11797734,-0.35514623,1,chr10:38653055:body_of_pancreas:0,TP,1
-6.04878,-1.1498232,-1.6027473,0.93395317,-0.6803153,0.12287144,0.23799016,0.37678367,0.7675984,-0.022931553,0,chr19:36692079:body_of_pancreas:0,TN,0
1.6042082,2.1759636,-0.15510836,0.9150302,-1.1600168,-0.15228978,-0.42412114,-0.18486442,0.47257635,0.38004303,1,chr20:54142389:sigmoid_colon:0,FN,0
5.6293993,-1.3136926,0.2815737,-0.11732686,-0.7546503,-0.38160408,0.08664314,-0.45280102,0.4092009,-0.16223362,1,chr13:20119527:transverse_colon:0,TP,1
5.947906,-0.024191957,0.66849065,1.3097142,0.022299564,0.088166036,1.136117,-0.88365847,0.8862798,0.7049916,1,chr19:21484173:testis:1,TP,1
-0.5873125,0.967055,1.2992392,-0.2827091,1.7081172,1.0127909,-0.8554104,-0.5365612,-0.16814987,0.67417526,1,chr4:77240648:tibial_artery:0,FN,0
-2.4489815,0.5593492,0.36948583,0.46086776,0.59188104,0.3140312,1.3659496,0.93189555,-0.81845516,0.5743012,0,chr9:137525662:tibial_artery:0,TN,0
-4.816119,-0.65040636,-0.4294303,-0.5702951,0.4959083,0.97769445,0.14024729,-0.0594486,0.06578091,0.0002231169,0,chr12:26525146:spleen:0,TN,0
-1.2161565,0.9948596,-0.3869324,1.4423658,0.2320259,0.40133598,-1.1508548,-0.20538363,0.8980125,0.37439686,0,chr2:159118640:transverse_colon:0,TN,0
6.4806113,-1.4264842,-0.27169895,-0.4005898,-0.10642279,-0.4136885,-0.25305974,-0.6625934,-0.014351771,-0.027141519,1,chr7:22550492:Peyers_patch:0,TP,1
-4.9883513,-0.08061164,-0.5829192,-0.35935357,-0.76810634,1.0281119,0.32181653,0.06433321,0.04994471,0.19548167,1,chr6:106223515:gastroesophageal_sphincter:0,FN,0
-7.046216,-2.284816,-0.35068646,0.26885757,-0.005800111,0.31092557,-0.19486709,0.0754421,-0.19192041,-0.04857504,0,chr16:2639134:body_of_pancreas:0,TN,0
2.4359484,-0.34387854,2.2171073,-0.21170942,-1.4281924,-0.3965682,0.1583368,0.16790244,0.21191223,0.49070603,0,chr12:52880177:transverse_colon:0,FP,1
-3.668778,-0.32729727,-0.9373271,0.21687175,-0.4252625,-0.047350287,-0.36474016,-0.1764462,0.98806924,0.6150559,0,chr11:10413417:prostate_gland:0,TN,0
-0.6578449,0.36356643,-1.0156553,2.5455627,0.036184244,0.073592946,-1.633798,-0.09367362,-0.53778505,0.602232,1,chr12:9447430:Peyers_patch:0,FN,0
-5.869587,-0.60013366,-0.68448967,-0.40608573,0.13161522,0.5988094,0.09555892,-0.4740273,0.008431906,0.06689003,1,chr13:97810374:thoracic_aorta:0,FN,0
8.690323,1.0546409,-1.777196,-0.4687669,0.9812849,-0.35981014,0.50576013,0.08303027,-0.28823897,0.20763615,1,chr17:22909996:transverse_colon:0,TP,1
6.3734426,-1.1691152,-0.009589587,-0.32909036,0.10593614,0.16596295,-0.40968475,0.48562658,-0.32547796,-0.3167455,1,chr16:9160191:body_of_pancreas:0,TP,1
-2.4400997,-0.6028262,0.7981857,-0.4997959,-0.7993023,-0.3966818,-0.46636823,0.17282693,-0.6440266,-0.8464473,0,chr9:67726440:prostate_gland:0,TN,0
7.818137,-0.18892935,-1.2075028,-1.2554027,0.13885543,-0.20611817,0.20170116,-0.3220349,0.14086644,-0.04689055,1,chr7:142521135:Peyers_patch:0,TP,1
-5.5234747,-0.5516862,-0.39683467,-0.42380208,0.5370517,0.439509,0.3412851,-0.23264147,-0.10354023,0.060080156,0,chr5:119335395:prostate_gland:0,TN,0
5.8666425,-0.32855642,1.206383,-0.70489633,-1.0506637,-0.5067118,0.06048723,0.6734902,0.29766902,0.26203993,1,chr12:1922226:transverse_colon:1,TP,1
-3.7270753,1.0895067,-0.5621842,-0.8539722,-1.1665429,-0.2607838,-0.43767995,-0.19387187,0.1246351,-0.09266364,1,chr10:23158214:esophagus_squamous_epithelium:0,FN,0
-5.2645574,0.5747329,-0.39601737,0.45336336,-0.38386002,-0.46662274,-0.06500495,-0.096462235,-0.5307549,0.14314693,1,chr15:72664145:body_of_pancreas:0,FN,0
0.5579355,1.1913148,-1.2742977,2.1471307,-0.019645993,-0.10600133,-0.48071647,0.3297106,1.0661551,0.01083865,0,chr15:98496405:body_of_pancreas:0,TN,0
-4.833434,-0.5027284,0.14648962,0.58206946,-0.18551405,0.13486171,0.68882793,0.5181449,0.16921985,0.56911325,0,chr3:4304222:transverse_colon:0,TN,0
-4.6371493,-0.6093955,0.10814359,-0.3307113,0.32183194,-0.22214195,-0.46494046,0.36449522,0.87247235,0.06906245,0,chr22:50775184:gastroesophageal_sphincter:0,TN,0
-1.2245188,1.2450576,-1.2325405,-0.21893513,-0.6667208,9.63605e-05,-0.20019543,1.3613472,0.5576273,0.32664984,0,chr5:80307552:thoracic_aorta:0,TN,0
-5.370643,-0.39105135,-0.1538566,-0.45675674,0.84220403,0.1289606,0.34486648,-0.39127642,0.1956143,0.09060924,1,chr9:83219889:tibial_nerve:0,FN,0
-2.8149629,0.94819,0.018373728,0.4920376,-1.154036,0.14917329,1.4875423,-0.22396599,-0.14608188,1.2064668,0,chr11:69293346:prostate_gland:0,TN,0
-3.8223202,0.42943507,0.2898861,-0.658682,0.41725835,0.049012188,-0.123328164,0.05443154,0.45524395,0.013698403,1,chr9:83219701:upper_lobe_of_left_lung:0,FN,0
-5.1663127,-1.5088658,-0.31520876,-0.415759,-0.10406428,-0.30340514,0.18247019,1.3298149,0.21301506,-0.52678305,0,chr10:29517575:suprapubic_skin:0,TN,0
-2.4017482,1.9942844,-0.29172903,0.17820406,-0.49195522,0.60612726,-0.22890884,-0.17360094,0.007895888,-0.3458974,1,chr10:115019245:body_of_pancreas:0,FN,0
6.9831667,-0.94742864,-0.5139383,-0.5636405,0.01493837,-0.24600993,-0.047733393,-0.58493495,-0.2702448,-0.15936948,1,chr8:38060267:upper_lobe_of_left_lung:0,TP,1
-4.3858294,-0.031903856,-0.055462074,-0.38736656,0.88566256,0.43054628,0.11383728,-0.30234745,0.31451723,0.065827444,1,chr3:88180571:body_of_pancreas:0,FN,0
-5.223754,-0.37165543,-0.5443012,0.5405422,-0.797561,0.026677614,0.22015421,-0.0740767,-0.019083317,0.36088222,1,chr16:21935488:tibial_nerve:0,FN,0
0.3417653,-0.00582242,1.493445,-1.3574101,-0.43006977,0.90764034,-0.28440794,1.1937156,0.9960736,0.42478615,0,chr1:11908348:testis:0,TN,0
-3.899832,-0.3491176,0.70992,-0.7986678,0.9097034,-0.16405012,0.023260847,-0.26596266,0.39807975,0.07088223,1,chr11:1652791:tibial_artery:1,FN,0
-3.4838758,0.93325,-0.4664598,0.9404056,0.33782312,-0.7958332,-0.50320375,0.10273531,0.17295924,-0.39554566,1,chr22:41951055:Peyers_patch:0,FN,0
6.5466166,2.3267457,0.062171973,1.0033369,-0.0018754525,1.5093546,1.026848,-0.16148266,-0.20243773,-0.500956,0,chr11:123112116:sigmoid_colon:0,FP,1
4.265301,3.0735621,0.13087723,-0.15749459,-0.27181378,1.226709,3.2215474,0.66781193,-0.68275243,0.95299774,1,chr12:104294234:tibial_artery:0,TP,1
-5.5288296,0.07537303,-0.18392809,-0.15128174,0.43435964,-0.40422377,0.1778106,-0.12973052,-0.2888506,-0.06919613,0,chr3:126394859:upper_lobe_of_left_lung:0,TN,0
-4.4224772,0.6048981,0.31308046,-0.46326464,0.5986504,-0.5383856,0.51623136,0.23555858,-0.114231676,0.027590243,0,chr7:1412901:spleen:0,TN,0
6.5382886,-0.3381315,0.44889456,0.13532014,-0.33081266,-0.27519032,0.022649214,0.0802593,0.59129566,-0.13388413,0,chr8:57203896:upper_lobe_of_left_lung:0,FP,1
5.0580688,-1.2836709,1.3064928,0.11583083,-0.31907985,-1.4297706,-0.32232055,0.1581243,0.5404598,0.3290721,1,chr2:101151641:body_of_pancreas:0,TP,1
-3.8331687,0.5191926,0.18179767,-0.83765537,0.7356771,0.70228344,-0.5962882,-0.57852775,0.15991361,-0.41170406,0,chr11:128172276:spleen:0,TN,0
-3.4501967,-1.5618026,1.2141905,1.1566802,-0.23410057,-0.93789935,1.0011984,0.665002,0.83928686,0.308255,1,chr6:31356771:thoracic_aorta:0,FN,0
-6.0680337,-0.8475162,-0.5703238,0.32740757,-0.7332483,-0.055962507,0.32642716,-0.08209197,-0.5508772,-0.041849993,0,chr13:24684214:spleen:0,TN,0
7.8544283,-0.011524383,-1.120217,-0.006327457,0.61402214,0.059098035,0.09430411,-0.20986001,0.06466486,-0.3388396,1,chr10:38653296:transverse_colon:1,TP,1
-5.449677,0.33439535,-0.46948734,-0.111580215,0.28208846,0.1308127,0.22416092,-0.4985453,-0.05347992,-0.04808518,0,chr12:21437622:transverse_colon:0,TN,0
7.0584393,1.0669444,-2.4557948,-1.4403526,1.1034821,-0.6837264,0.08767645,0.60612845,-0.42060634,0.6915592,1,chr8:44636977:thoracic_aorta:1,TP,1
-4.473362,0.60179025,0.31420842,-0.5738839,0.030505199,-0.45210597,-0.021628339,-0.08899501,0.3505062,-0.47536346,1,chr15:40906278:gastrocnemius_medialis:0,FN,0
-1.6010997,0.988646,1.312098,0.10552559,0.022197258,-0.84062886,-0.49699312,-0.3427351,-1.1239982,-0.6721222,1,chr13:24541018:testis:0,FN,0
-3.9455247,1.6616423,-0.4705392,-0.5439152,-0.42473105,-0.24541426,-0.12811689,-0.2892601,0.092548296,-0.23312779,1,chr16:4548780:esophagus_muscularis_mucosa:0,FN,0
-0.4852874,1.856901,-0.4183689,-0.2834472,-0.8327456,-0.38486412,-0.4915454,0.3086292,-0.18261579,-0.03737162,0,chr10:70668464:sigmoid_colon:0,TN,0
-0.6585763,0.52202255,0.8252207,-1.7703216,-0.952652,0.795547,-0.92073727,-0.10679727,0.099684365,0.23280472,0,chr6:25602473:tibial_artery:0,TN,0
-4.46252,-0.17231062,0.9274443,0.041291714,1.485018,-0.60533935,0.3641784,0.015282225,-0.33527532,-0.36599058,0,chr13:46797272:body_of_pancreas:0,TN,0
-2.7392168,0.55210525,0.5578128,-0.8538448,1.1726172,0.34412116,-0.73208636,-0.3460749,0.26187715,-0.51656455,0,chr6:26044144:upper_lobe_of_left_lung:0,TN,0
-5.3268847,-0.20215698,-0.6179251,-0.19897114,-0.43685448,0.3657806,0.29524657,-0.19631551,0.28111067,0.22788644,0,chr8:27855652:tibial_artery:1,TN,0
-5.618649,-0.9456265,-0.5188036,0.3985923,0.16654015,0.26649952,-0.13170981,-0.011762591,0.57688326,0.37818605,0,chr10:12252966:upper_lobe_of_left_lung:0,TN,0
5.8247995,-0.8025777,0.91879463,0.4733395,-0.4580413,-0.24409692,-0.24203983,-0.9086696,-0.43987358,0.07974711,1,chr19:45678133:prostate_gland:0,TP,1
7.8309565,0.6175006,-2.0990205,-0.8115457,1.0569361,-0.44843724,0.40153566,0.28354102,-0.2768144,0.42804602,1,chr17:23044492:body_of_pancreas:0,TP,1
-0.20896092,2.0426292,1.4823679,-0.060449738,-0.3368573,-0.58149314,-0.45661408,0.1004398,0.27805644,0.6841435,0,chr2:24083716:body_of_pancreas:0,TN,0
6.189299,0.9626778,-2.8646677,-1.529532,1.051749,-1.1420534,0.4384852,0.41898295,-0.6537622,0.85399556,1,chr17:25564506:thoracic_aorta:0,TP,1
6.994219,-1.0863124,0.40947005,0.37045804,0.16950661,-0.21299689,0.06872669,-0.4881989,0.35440156,-0.19990443,1,chr9:42852316:spleen:1,TP,1
4.762591,0.94886184,1.3820302,1.8405365,0.6494587,-0.4280132,-0.1498764,0.715393,-0.67898905,-0.73164743,1,chr16:4273965:Peyers_patch:0,TP,1
-5.4603705,-0.48735186,-0.12151814,-0.15803938,0.23746167,0.8851662,0.45456,-0.036029965,-0.3260643,0.418298,0,chr4:104860777:spleen:0,TN,0
-4.017182,0.15391777,0.5824495,-0.5774125,0.8562967,-0.10360605,-0.08062395,0.18864876,-0.039493956,-0.35355714,0,chr9:470085:prostate_gland:0,TN,0
6.170641,-1.2315178,-0.22484615,-0.612527,-0.45959812,-0.86467755,0.0075976853,-0.13719264,-0.11243583,-0.15694942,1,chr19:4352840:tibial_artery:0,TP,1
1.5733962,2.7897975,0.47114438,0.93054014,-0.91985124,-0.24598575,0.16274585,0.3501351,0.52662235,0.4300219,0,chr15:90956097:body_of_pancreas:0,TN,0
2.0864525,-1.1414579,2.0551784,-0.27472886,-1.190203,-0.038568996,0.2652002,0.5258752,0.08796445,1.0191674,0,chr15:59493200:tibial_artery:0,FP,1
6.7733674,0.47810248,0.5404175,1.5760155,0.37616557,0.7349877,-0.17248665,0.24566896,-0.84223026,-0.3528881,1,chr1:20575428:prostate_gland:0,TP,1
-4.3398905,-0.44387397,0.37366468,-0.4924092,1.2082708,-0.14959571,-0.15004508,0.057774737,0.019029308,-0.55073845,0,chr2:58241433:upper_lobe_of_left_lung:0,TN,0
-3.3410234,0.6699494,0.56227714,-0.8265789,0.8659368,0.2408496,-0.09844094,0.11202067,0.52033556,0.03672706,1,chr1:94599535:adrenal_gland:0,FN,0
-1.4484016,0.5369975,0.2915004,-1.1207325,0.12420704,1.5051513,0.49863914,0.34478462,0.17904927,0.5479337,0,chr15:21284673:esophagus_muscularis_mucosa:0,TN,0
3.961755,-1.0341294,-1.3159391,-0.26781744,-0.30574676,-0.48336858,-0.33873454,0.08597319,0.7169235,-0.21453926,1,chr7:73725711:esophagus_muscularis_mucosa:0,TP,1
-2.3939779,1.772966,-0.34195498,-0.34851933,0.35689047,1.294485,-0.6783403,-0.40068367,-0.048831604,-0.52972007,0,chr6:32700558:Peyers_patch:0,TN,0
-5.1761155,0.07848543,-0.3616505,-0.35210216,0.1540133,-0.0064929123,0.27405918,-0.07015417,-0.17494133,0.038476214,1,chr16:4548780:body_of_pancreas:1,FN,0
-5.2459264,-1.169329,-0.05881933,-0.73771685,-0.001467502,0.7454583,0.0035418442,0.5324122,-0.14821352,-0.071803614,0,chr3:4712885:prostate_gland:0,TN,0
-0.98775226,0.8123439,1.4189509,-0.3341482,0.95573294,-0.6899437,-0.55645335,-0.14776067,-0.29048482,-0.9558562,0,chr10:124389232:sigmoid_colon:0,TN,0
7.088031,0.6283067,-2.4328892,-0.5207787,1.2948576,-0.64813375,0.12058949,0.79535073,-0.25168893,0.80421,1,chr8:44636977:Peyers_patch:0,TP,1
-5.841969,-0.2896422,-0.58052117,-0.2306561,0.2028839,0.36376363,0.12699692,-0.53379303,0.07657192,0.13248566,0,chr1:51769068:esophagus_muscularis_mucosa:0,TN,0
4.5069485,-0.15079068,-0.20220156,1.4155822,0.43879503,0.5336886,0.04346539,-0.03621283,1.1954025,0.9477683,0,chr5:72164167:thoracic_aorta:0,FP,1
5.7788377,0.78997034,1.8084246,-0.017392434,-0.0019210478,-0.28356233,0.76225597,-0.09687043,0.14418681,-0.5246809,0,chr1:156385652:tibial_artery:0,FP,1
8.455737,1.0144818,-1.9677463,-0.5545265,1.1073395,-0.3631211,0.57385105,0.2979856,-0.34498823,0.21945801,1,chr17:22909996:sigmoid_colon:0,TP,1
-3.5509107,1.0823276,-0.3461394,-0.54360706,0.46286315,0.92047155,-0.4815743,-0.36177295,0.36082843,-0.017503953,0,chr13:40653727:esophagus_squamous_epithelium:0,TN,0
-4.515959,0.6010096,-0.8929924,0.49449626,-0.5960272,0.59890217,0.48584372,0.123360954,0.06026597,0.021759618,0,chr19:49199376:adrenal_gland:0,TN,0
-4.676018,-0.4664817,0.4041758,0.16418698,-1.3018404,-0.6362876,-0.3896703,-0.19127065,-0.56424016,0.24959427,0,chr18:76983624:Peyers_patch:0,TN,0
-0.21815863,1.0886966,-0.069981955,0.8666047,0.2323515,0.38300905,-0.97047406,-0.74460185,-0.48070282,0.79078865,0,chr15:52449656:gastrocnemius_medialis:0,TN,0
-5.2086983,-0.19317892,-0.5111147,-0.48909444,0.6938331,0.15700091,0.2858229,-0.12965836,-0.16449594,-0.18209521,0,chr12:117837661:esophagus_muscularis_mucosa:0,TN,0
-3.3764358,0.7669342,0.5929485,-0.70421934,0.35460815,0.108581744,0.10050445,-0.2008884,-0.095721625,0.16084756,0,chr5:175617565:spleen:0,TN,0
6.4503756,-1.3265595,0.09661654,-0.103419125,-0.33761808,-0.3627767,-0.16552126,-0.42154536,0.2543787,0.107878834,1,chr17:21322644:body_of_pancreas:0,TP,1
4.6049557,-1.4216969,0.0009860807,-0.53340644,-1.1811905,0.3986362,0.10066205,-0.5476698,0.64408517,0.5461823,1,chr6:43386692:Peyers_patch:0,TP,1
-2.6662304,2.1710706,-1.1655482,0.23721293,-0.85292244,-0.993393,-0.013055397,0.18233822,0.15036951,-0.17446023,0,chr14:102063059:thoracic_aorta:0,TN,0
-6.3805356,-0.87755215,-0.865875,0.28011087,-0.18958634,0.45592767,-0.2340284,-0.1399908,0.07622334,-0.33809093,0,chr5:34465583:Peyers_patch:0,TN,0
0.8309597,0.41560674,1.1484632,0.07482123,-0.5124139,0.4130079,-0.021993238,0.8477857,0.07314011,-0.4348565,1,chr16:57628854:body_of_pancreas:0,FN,0
4.503865,0.3921285,1.7644507,1.7245768,0.10088525,-0.85396916,-0.8323625,-0.5221048,-0.6293052,0.34396893,0,chr4:1200797:upper_lobe_of_left_lung:0,FP,1
-2.8091946,1.8240255,-1.092624,0.32906556,-1.0858083,-0.8152518,-0.41379339,0.35715434,-0.18580861,0.26339066,1,chr10:86410550:body_of_pancreas:0,FN,0
6.180266,-0.31340122,1.3040307,1.0431657,0.21730995,-0.3238538,0.27123135,0.2778232,0.59392935,-0.5003377,0,chr6:167351302:Peyers_patch:0,FP,1
