PC1,PC2,PC3,PC4,PC5,PC6,PC7,PC8,PC9,PC10,target,example_id,confusion_category,pred_label
-1.7737356,-0.7436894,-1.1893486,1.0630336,0.3751481,0.61293364,1.7842891,1.3667964,-0.54319745,-0.077579744,0,chr1:17582916:transverse_colon:0,TN,0
1.7492224,1.6052613,0.7773144,0.6423162,0.455555,-0.44141942,0.08886881,-0.38886952,-0.0987641,0.08282032,1,chr19:5791155:esophagus_squamous_epithelium:0,TP,1
-3.7092018,-1.3050443,0.33603856,0.45766595,-0.46070132,0.3412334,0.012061751,-0.95194817,-0.5617114,-0.040640503,0,chr3:188397893:body_of_pancreas:0,TN,0
-2.408589,-1.3716973,0.6829155,1.8255585,-0.19772102,0.97779524,-0.1760127,-0.2818922,0.20303889,-0.14877757,0,chr12:96128403:body_of_pancreas:0,TN,0
4.2544518,-0.8112496,-0.09976665,0.07897696,-0.77676785,-0.72467285,0.39513218,-0.2278291,-0.30709735,-0.009754733,1,chr11:910791:esophagus_squamous_epithelium:0,TP,1
-0.8319268,2.1597135,-2.5054426,0.051057205,-0.7550064,0.4544007,0.92349106,0.41791615,-0.14840567,-0.30310413,0,chr19:2841719:esophagus_squamous_epithelium:0,TN,0
2.831442,-0.61919063,-0.91627204,0.3176229,-0.3570351,-0.7386982,0.055228986,-0.3653093,-1.1414896,0.6203309,0,chr19:6199930:spleen:0,FP,1
4.6035995,-0.8129838,0.22290614,-0.031014474,-0.7803366,-0.74882555,-0.22492456,-0.04263269,-0.042147584,-0.3730079,1,chr12:42144546:prostate_gland:0,TP,1
4.63181,-0.57339144,0.89733577,-0.29188588,-0.75179505,-0.51580226,0.0801374,-0.22656284,-0.40019932,-0.38338634,1,chr3:125766575:transverse_colon:0,TP,1
-0.32453334,0.49243435,0.12834299,-0.01849705,0.5574981,-0.09963789,-0.67373616,0.69062626,-0.7381052,0.5696188,1,chr3:186783576:transverse_colon:0,FN,0
2.3516314,-0.4316159,-0.03721872,1.3346273,1.3234539,-0.9080408,-0.29267788,-0.05550348,-0.40138924,-0.22901672,0,chr9:129427483:body_of_pancreas:0,FP,1
3.930853,-1.4541955,-0.044606097,-1.114746,0.2381761,-0.122436285,0.34223413,-0.26580966,1.0704396,1.1674328,1,chr6:32666793:body_of_pancreas:0,TP,1
-0.31314698,1.3843257,-0.0034471133,-0.2117231,-0.16059205,0.7562284,1.0644828,1.8095269,-0.8544708,0.5424448,1,chr1:22025482:transverse_colon:0,FN,0
3.7167692,0.68028444,0.8763653,0.14974009,-1.0445546,-0.55178136,0.05054359,0.012111593,-0.002766255,-0.19019088,0,chr16:1943475:body_of_pancreas:0,FP,1
-1.244144,-1.1360557,-0.32745022,0.102849126,0.5106286,-0.43808803,-0.15340246,0.099405296,-0.38853887,0.6814088,0,chr7:151873385:body_of_pancreas:0,TN,0
-1.0266712,0.7976725,-3.0379362,-0.35553434,-0.4769117,0.83488214,-0.89407825,0.49951544,-0.57377416,1.3581761,0,chr14:95535045:transverse_colon:0,TN,0
4.38184,-1.0785261,1.1308919,-0.010352065,0.2244019,0.22728172,-0.1010456,-0.2684845,0.21324712,-0.36345202,1,chr7:100971217:transverse_colon:0,TP,1
-1.7832247,0.7033805,-0.53319347,-0.5610448,1.0179473,-0.26123708,0.3498839,0.12290034,-0.380523,-0.18071528,0,chr17:82577491:transverse_colon:0,TN,0
4.7024107,-1.3836358,0.22277187,-1.6401192,-0.34993234,0.35766292,0.11058812,-0.7217444,-0.18165535,-0.39610744,1,chr17:22910010:spleen:0,TP,1
3.8426092,-1.0165112,0.41460738,-0.19920707,-0.062083483,0.24858448,-0.27987248,-0.12710994,-0.0956141,-0.3400302,1,chr4:82747087:body_of_pancreas:0,TP,1
-3.535783,0.26258877,0.8953268,-0.6743792,0.08352481,-0.33671266,0.22640236,-0.59074086,-0.93591076,0.13323362,0,chr5:179346201:body_of_pancreas:0,TN,0
3.3749108,-1.4235934,-0.28057864,1.0445648,0.42284435,-0.36051887,0.03959775,-0.40994692,0.28228998,-0.5811035,0,chr12:120534174:esophagus_squamous_epithelium:0,FP,1
1.6451355,0.86779314,-1.6330446,0.23379642,-0.59051156,0.3181898,1.4969015,1.372806,-0.46485177,-1.0682114,0,chr12:121210328:esophagus_squamous_epithelium:0,FP,1
1.9532654,0.271088,-2.2757816,0.3405223,-0.014066789,-0.42245334,1.0473822,0.36812714,-0.83735496,-0.79814583,1,chr6:31271844:transverse_colon:0,TP,1
3.798611,0.5614519,0.81791556,0.23331243,-0.49402726,-0.5519607,-0.1963609,-0.22924198,0.34361798,-0.03684733,0,chr6:32664803:esophagus_squamous_epithelium:0,FP,1
3.8647716,-0.8723421,0.17470428,-0.99639106,-0.9009592,0.70688933,-0.056004513,-0.40869072,-0.61598617,0.41383013,1,chr17:43360648:sigmoid_colon:0,TP,1
-1.6014261,-0.52254784,2.3233664,0.49510106,0.72542995,0.9759484,0.17388675,-0.21844687,-1.1570197,0.72243524,0,chr17:58186152:body_of_pancreas:0,TN,0
-2.8698902,1.279227,0.9117759,-0.56387746,0.9448256,-0.5605337,0.28774524,-0.77368385,-0.2848473,-0.156506,0,chr17:66905256:body_of_pancreas:0,TN,0
-0.85971916,1.0753791,-0.6242473,0.2915471,-0.027839014,0.42873913,1.6197972,-0.17490952,-0.67948604,0.47285622,0,chr12:20368719:body_of_pancreas:0,TN,0
-1.2374238,-1.5266576,0.2025677,-0.09063835,-0.003186018,0.88926256,-0.355239,0.3657429,0.30264032,-0.3237493,0,chr8:24572781:body_of_pancreas:0,TN,0
0.44721788,0.23235612,-3.7112355,0.54664207,-0.46145245,-0.59168774,-0.73693806,-0.22743207,-0.84103143,0.054705866,0,chr20:62642483:upper_lobe_of_left_lung:0,FP,1
3.3120148,-0.97822624,0.005023412,1.0306116,1.3835055,0.0038588634,-0.43689632,0.32064667,0.1804537,-0.65712255,0,chr12:132482009:body_of_pancreas:0,FP,1
-3.1674538,-1.209521,0.7796843,-0.099006884,0.14744534,-0.5430224,0.19873711,0.7275541,0.35389388,0.097855,0,chr1:67445635:body_of_pancreas:0,TN,0
-1.245276,2.872203,-1.0896585,0.24068442,-0.3199833,0.1773278,-0.11045957,-0.007926021,-0.04125256,-0.15303898,1,chr4:40056442:transverse_colon:0,FN,0
4.5490446,-1.5898731,0.064560406,-0.7684802,0.26794016,-0.037625153,7.2363655e-05,0.010101596,0.46004963,0.26774335,1,chr7:142776553:body_of_pancreas:0,TP,1
-1.149877,-1.1265287,0.020174747,0.020752706,0.046029743,-1.1606768,-0.17859183,1.173575,-0.14871028,-0.57054865,0,chr2:233868561:body_of_pancreas:0,TN,0
-1.8696264,-1.3189263,1.4318887,1.6331437,-0.69701403,1.3676456,0.4944867,-1.3049148,-0.09937572,1.0264841,0,chr14:69028177:body_of_pancreas:0,TN,0
-4.0474215,-1.8675475,-0.21080351,-0.5267523,-1.0791898,-0.6968928,-0.15751183,-0.19890146,0.4639285,-0.37618315,0,chr9:61796184:body_of_pancreas:0,TN,0
3.3798358,-0.49195126,0.21441469,1.1045063,1.402018,-0.5001842,-0.20261018,0.093627505,-0.29658577,-0.27575234,1,chr9:129438350:body_of_pancreas:0,TP,1
4.508441,-1.5146866,-0.3573707,-0.481888,-0.2314504,-0.25572625,-0.016913941,-0.35093406,-0.2470662,-0.30580187,1,chr3:75671845:body_of_pancreas:0,TP,1
1.8229833,0.20215975,1.6146034,-0.54879165,0.23138522,1.478481,0.26485896,0.52617985,-0.34085655,-0.7185452,0,chr21:10758828:sigmoid_colon:0,FP,1
-0.96276057,0.1897052,0.5346731,0.034974366,0.013091475,-0.46513933,0.29523152,0.122231476,-1.061964,0.20828293,0,chr8:66113258:body_of_pancreas:0,TN,0
2.667851,-0.5651845,1.0872012,1.1404935,1.1428872,0.37508285,0.19107601,-0.19517003,-0.014448449,-0.68442595,0,chr20:32478274:transverse_colon:0,FP,1
0.11030951,1.2756944,-2.2856529,-0.11709587,-0.7960207,0.01956435,-1.3027999,-0.5818412,0.65928376,0.44027063,0,chr3:58237815:spleen:0,TN,0
-2.9454112,-1.5739703,0.7896446,0.8689732,-0.91838694,0.68082666,0.3568534,-0.29716092,0.6443431,-0.01620462,0,chr16:1830054:body_of_pancreas:0,TN,0
3.8607025,-1.2830253,0.25491703,-0.70101154,-0.33343378,0.08618175,0.13971934,-0.339953,-0.5385621,-0.23151416,1,chr6:159653129:body_of_pancreas:0,TP,1
4.5890594,-1.5939311,-0.21931612,-1.5995431,-0.20942669,0.20612767,0.12102455,-0.58412397,-0.2870739,-0.18259262,1,chr17:24931573:prostate_gland:0,TP,1
2.724193,0.32815883,0.57180816,-0.19301577,1.0175682,-0.03830766,0.19584998,-0.04508524,1.6048087,0.95740306,1,chr8:6871051:body_of_pancreas:0,TP,1
0.29627368,3.1687405,0.9389211,0.43495888,-0.13693209,0.41473076,-0.41113892,-0.565257,0.8148548,0.121257484,1,chr15:63049062:body_of_pancreas:0,FN,0
-0.8764726,-1.2831814,0.48258293,1.2283673,0.73046094,1.0112484,0.4614528,-0.564208,-0.07913644,0.16782647,1,chr19:3384625:body_of_pancreas:0,FN,0
-0.8625967,-2.0817962,0.1944163,0.2766487,0.16214927,-0.16411142,-0.064156085,0.3559107,0.88508487,-0.4868347,1,chr17:76622160:transverse_colon:0,FN,0
3.0355532,-0.023033084,-0.37756458,0.41700435,0.68999964,-1.1172944,-0.29256842,0.7622445,-0.6774569,0.020502383,1,chr9:63860040:body_of_pancreas:0,TP,1
4.4039707,-1.8193617,-0.88665354,-1.8377341,-0.36996418,0.040344186,0.32020035,-0.8142625,-0.0017333948,-0.36409777,1,chr17:23044500:sigmoid_colon:0,TP,1
3.5085773,1.3109648,2.0436416,0.7277871,-0.6612173,-1.1164193,-0.06742929,0.010548924,0.54842836,0.3351374,1,chr17:7350301:body_of_pancreas:0,TP,1
-1.8380911,2.4254215,-1.1295831,-0.5892238,-0.2815508,0.7272337,0.48680362,0.37008366,0.52906376,0.039650757,1,chr15:20261988:body_of_pancreas:0,FN,0
4.2770734,-1.4729989,0.22984916,-0.1440402,0.13462818,0.11189835,-0.19719024,0.048283312,0.011662407,-0.06267049,1,chr8:60319288:body_of_pancreas:0,TP,1
0.14899959,2.4813008,-0.15751126,0.63945854,-1.0158286,0.39390603,1.6321198,0.639189,-0.21593438,-0.81765425,0,chr19:17303328:lower_leg_skin:0,TN,0
-3.3562331,0.8922045,0.93507016,-1.1627182,0.23590682,-0.60434747,-0.4873902,-0.15180752,-0.58389974,-0.8573831,0,chr3:124730300:sigmoid_colon:0,TN,0
-1.5014637,3.1297035,-0.6969482,-0.31050828,-0.45712274,0.5368926,-0.72448486,-0.019283518,0.46079826,0.10956593,0,chr11:506595:spleen:0,TN,0
3.8647735,-0.8723433,0.17470248,-0.9963894,-0.90095985,0.7068898,-0.05600406,-0.40869084,-0.6159866,0.41382986,1,chr17:43360648:gastroesophageal_sphincter:0,TP,1
0.58568543,0.88546467,-1.0745089,-0.013045099,-0.16126351,1.4991642,2.1142783,1.2764788,0.50728726,-1.155841,1,chr15:70016254:transverse_colon:0,TP,1
0.07771666,-0.22127882,-3.4875603,0.1026375,-0.1695469,-0.46313998,-0.46388894,0.33119154,-1.3738229,0.32773706,0,chr20:6006102:upper_lobe_of_left_lung:0,FP,1
-0.08348426,-2.227916,-0.8765743,0.9469313,0.6427519,-0.21910828,-0.15438782,0.2587224,0.57562643,0.64224863,0,chr17:39737204:body_of_pancreas:0,TN,0
4.6853266,-1.3939092,0.09070688,-1.462383,-0.20991215,0.34469852,0.17838222,-0.82458204,-0.27650762,-0.34711528,1,chr17:22816759:lower_leg_skin:0,TP,1
-0.35012794,-0.9343882,0.23499617,-0.0416009,0.10542175,0.5169073,-0.93849224,0.6385685,0.10411509,-0.016861368,0,chr16:51404411:body_of_pancreas:0,TN,0
-3.9236405,-1.2033076,0.21198869,0.21792826,-0.62480396,0.0946744,-0.19879094,-0.59040135,0.33582735,-0.5961109,0,chr10:101442117:body_of_pancreas:0,TN,0
0.63752854,-1.285324,-0.74502885,1.2549388,0.8814381,1.3258137,0.3129247,0.3346693,-0.38143077,-0.7722847,0,chr10:29909009:body_of_pancreas:0,FP,1
-0.6224142,-2.1248398,-0.5067968,0.59555846,-0.00385889,0.16551408,-0.40759444,0.36476812,0.40442768,-0.48518917,1,chr16:56804683:body_of_pancreas:0,FN,0
-2.4790208,-1.4504478,0.4270103,1.7842823,-0.876905,0.79728323,0.009275982,-1.068913,-0.24022159,0.2319024,1,chr19:39193654:body_of_pancreas:0,FN,0
3.2850623,-1.2432419,-0.5509467,-0.8166054,0.072954126,-0.21150248,-0.58538353,0.74032325,0.11505836,-0.15913495,1,chr1:11908322:transverse_colon:0,TP,1
-3.1165373,-0.9702949,1.5434549,0.16300918,-0.7199456,0.18977548,0.3208925,0.0395833,0.20583782,0.9932629,1,chr15:57717925:body_of_pancreas:0,FN,0
2.2073858,-1.3349248,-2.338978,-0.16481307,0.7746858,0.16571032,-0.85279036,0.36333674,0.32797018,-0.13744347,1,chr5:114148625:body_of_pancreas:0,TP,1
0.45156178,1.067186,-0.1241677,0.24575344,-0.405301,0.44202757,2.123897,1.131828,0.29952848,-0.68735045,0,chr7:67302623:esophagus_squamous_epithelium:0,FP,1
1.0683733,1.6159233,-1.4041616,0.36969885,-0.92451257,0.7583374,0.80862665,1.1304199,0.23883952,-0.812084,1,chr5:176061228:body_of_pancreas:0,TP,1
-2.5626042,-1.7767822,0.15239102,0.18954632,0.71256286,0.21824233,-0.36467716,0.7479884,0.44403777,-0.26528135,0,chr5:74094716:body_of_pancreas:0,TN,0
2.1731625,-0.72111636,0.83695775,0.8035605,1.6031076,-0.08255391,-0.1866176,0.45411015,-0.22753815,-0.032893244,1,chr9:129442050:body_of_pancreas:0,TP,1
-3.9655924,-1.0539368,-0.01658483,-0.95741963,-0.28122413,-0.82251364,-0.1227081,0.12315387,0.18988833,-0.5368646,0,chr1:85329575:body_of_pancreas:0,TN,0
-0.85943377,-2.1298907,-0.07156623,0.8301153,0.8269668,0.5490455,0.03548756,-0.33093318,0.9390598,-0.10499578,1,chr1:39558318:body_of_pancreas:0,FN,0
-1.4064709,2.6161587,-1.811906,-0.29521808,-0.09264711,0.8447608,-0.60189986,-0.39769852,0.25552124,0.12561204,1,chr14:90522665:body_of_pancreas:0,FN,0
-3.509375,-1.2439756,1.0409265,0.8156054,-0.22830705,0.39668256,-0.4575812,-0.28152797,0.024838343,-0.52038896,0,chr1:21334268:transverse_colon:0,TN,0
2.9631805,-1.2106756,0.8716703,1.3038143,0.08714293,0.9644081,0.021428157,-0.2849121,0.3886707,0.23952043,0,chr7:51058610:body_of_pancreas:0,FP,1
-0.5072594,3.263149,-0.1819246,0.26458776,-0.81255925,0.4043469,-0.22513098,0.053438224,0.92165047,-0.51604736,0,chr11:504410:body_of_pancreas:0,TN,0
0.46756262,2.5558667,-0.4590488,0.81219304,0.21107377,-0.26177403,-0.5564764,-0.6719175,-0.08771385,-0.042275786,0,chr9:6681442:lower_leg_skin:0,FP,1
2.0328515,-1.038078,-4.6043997,0.4337867,-0.3009698,0.03199189,-1.6328866,0.4319786,-0.047607306,-0.106729254,1,chr20:26208460:upper_lobe_of_left_lung:0,TP,1
-1.5889289,1.6390593,-2.061637,-0.6078281,-1.0711129,1.4534571,1.2002026,1.0770504,0.018295303,0.32082233,1,chr11:33161470:body_of_pancreas:0,FN,0
4.3405366,-0.49691513,0.32234985,0.36993566,-0.7405562,-0.9446154,0.27628258,-0.3678075,-0.18674985,0.023458919,1,chr3:195635299:transverse_colon:0,TP,1
-1.5192297,2.3875797,-0.4577602,-0.64609396,0.023085339,1.0536307,0.7380854,0.6306207,0.72119623,0.10435729,1,chr8:141230953:body_of_pancreas:0,FN,0
3.9810727,-1.2298077,-1.5873256,-0.06483811,-0.58907616,-0.6114549,-0.35818824,-0.13056737,-0.58414936,-0.3361533,1,chr20:26208745:body_of_pancreas:0,TP,1
-1.6499717,-2.1553557,-0.6042292,0.36836836,-0.3039252,-0.82072836,-0.067834966,0.6945049,1.1972669,0.34975994,0,chr3:106083934:stomach:0,TN,0
0.69296914,2.1427212,-1.0346773,0.35780156,0.56084794,-0.25801805,-0.4757159,-0.100411475,-0.17767124,-0.91975003,0,chr11:237086:transverse_colon:0,FP,1
-3.8135393,-0.34278384,1.0320987,-0.5310532,-0.6758224,-0.3805376,0.61017394,0.23353752,-0.55604786,0.010137693,1,chr14:55271113:body_of_pancreas:0,FN,0
1.2711143,1.929642,-1.3344659,0.8886825,0.27916232,-1.3588613,-0.3526419,-0.1275119,0.29654953,-0.8321738,0,chr10:78303341:esophagus_squamous_epithelium:0,FP,1
2.7797146,0.7768606,-1.0997674,0.71389085,-0.40232816,-0.8247514,-0.69896984,-0.5002958,-0.43624353,-0.8175097,0,chr9:42129305:esophagus_squamous_epithelium:0,FP,1
0.8387646,2.4676757,-0.8663699,0.3079213,-0.7900535,0.17133476,-0.039270695,0.8507344,0.16771202,0.20394202,0,chr12:57845764:upper_lobe_of_left_lung:0,FP,1
3.9810727,-1.2298077,-1.5873256,-0.06483811,-0.58907616,-0.6114549,-0.35818824,-0.13056737,-0.58414936,-0.3361533,1,chr20:26208745:upper_lobe_of_left_lung:0,TP,1
3.3518395,1.1814926,1.4337723,-0.10507622,-1.2435887,0.0012528736,-0.27592453,-0.034898065,-0.44054756,-0.20165384,1,chr9:129437097:esophagus_squamous_epithelium:0,TP,1
-0.32453334,0.49243435,0.12834299,-0.018497042,0.55749804,-0.099637866,-0.673736,0.6906267,-0.7381048,0.56961906,0,chr3:186783576:sigmoid_colon:0,TN,0
1.7135195,-0.07313599,-2.369527,-0.27837422,0.31961244,-0.76380897,0.2940249,0.056663133,-0.20809478,-0.33018708,1,chr6:32665190:body_of_pancreas:0,TP,1
2.3515933,0.31325203,-1.1778572,0.40371007,0.56742704,-0.47637835,0.27742207,0.08664987,-0.844398,0.3028952,1,chr6:29942700:body_of_pancreas:0,TP,1
-1.7712148,-0.30512437,-2.1278143,-0.5417891,-0.09051884,0.78047526,-0.17952591,0.56814086,-0.77799994,1.4502287,0,chr20:17864039:body_of_pancreas:0,TN,0
-1.0393825,-1.2447909,-0.25181377,2.1366124,0.008132407,0.39015263,0.26450047,-1.3300614,-0.015858408,-0.63012844,0,chr10:77401547:body_of_pancreas:0,TN,0
2.170112,-1.3670037,1.0927002,-0.12168781,0.37294343,0.48223293,0.5309002,0.43122712,0.1544215,0.845665,1,chr11:104907262:transverse_colon:0,TP,1
-1.1085194,0.9199553,1.2887505,-0.25843152,1.4265782,-0.23824051,-0.42660767,0.90304035,-0.4351199,-0.24435101,1,chr18:63236735:body_of_pancreas:0,FN,0
-1.2323802,0.9945207,-2.7543075,-0.10771742,0.23505978,-0.17203978,-0.9468773,0.07742521,-0.7599916,0.34205717,0,chr22:18024006:transverse_colon:0,TN,0
-4.2618766,-1.3038117,0.34161156,-0.7089982,-0.7183466,-0.46185845,-0.2135613,0.21176744,0.18018353,-0.4358838,0,chr10:60282975:body_of_pancreas:0,TN,0
1.8481654,-1.2955759,0.07548973,1.2890364,0.028778408,0.18719527,0.419074,-0.59151703,-0.39008337,0.44806433,1,chr7:116950270:body_of_pancreas:0,TP,1
3.274959,-1.433784,0.23490165,-0.21049543,0.76720405,0.773355,-0.9605453,0.7592113,0.29910818,-0.43208572,1,chr1:46501224:lower_leg_skin:0,TP,1
-2.960889,0.23465838,0.17937097,-1.0001947,-0.09095828,-0.56221765,-0.45170325,-0.2897604,-0.19920193,-0.20784576,1,chr20:53740227:sigmoid_colon:0,FN,0
-2.856287,-0.30893445,-0.063556336,-0.1497614,0.7060109,-0.8840032,0.8194361,-0.50216866,-0.094725676,0.61336744,0,chr17:31509028:prostate_gland:0,TN,0
-0.6948595,1.5769432,-0.23374595,-0.013799537,0.43742186,0.4735562,0.18516082,0.15224318,0.120319635,-0.023935566,0,chr2:130342922:transverse_colon:0,TN,0
2.4500651,0.5416829,-2.6519454,0.3163591,-1.3001784,0.17964503,-0.9699872,0.46941945,0.23169263,-0.018584488,1,chr20:26208443:upper_lobe_of_left_lung:0,TP,1
1.0643959,1.0253007,1.2131498,1.3078457,0.69835466,-0.40107784,0.6715337,-1.3202233,0.18374476,0.08046067,0,chr1:17635518:body_of_pancreas:0,FP,1
-3.1903234,-0.8634582,1.2512188,0.6680358,-0.6449644,0.59068036,0.295234,-1.2066346,-0.32452193,0.4606477,1,chr8:9735798:body_of_pancreas:0,FN,0
-0.302722,1.9338315,-2.6713848,-0.04400134,-0.23567526,0.97655994,0.102526695,0.88898087,-0.001125,0.38747543,0,chr16:86515960:transverse_colon:0,TN,0
-2.9877377,-2.7341561,-0.71470124,0.5964101,0.77264804,-0.3311363,-0.08138293,0.6248396,0.68235445,-0.13357876,1,chr7:130386446:body_of_pancreas:0,FN,0
1.2740518,-0.65811676,1.2168796,-0.8068803,0.928416,0.99841076,-1.2921278,0.91496885,0.43564186,-0.84171903,0,chr18:9101948:transverse_colon:0,FP,1
1.6312984,-0.64976233,0.96988136,1.0399625,1.2211596,0.4452085,0.94940954,-0.50608695,-0.18362212,0.34817284,1,chr15:84607520:body_of_pancreas:0,TP,1
-2.821026,-1.9520648,0.30189455,-0.17735538,-0.4711453,0.4618523,-0.13781822,0.277482,0.25015536,0.46735635,0,chr20:63728211:transverse_colon:0,TN,0
-3.724624,-0.4852098,2.2866075,0.19213803,-1.2188628,0.70448124,0.4490645,-0.2885208,-0.2668327,0.17520301,1,chr12:11013981:transverse_colon:0,FN,0
-3.5400832,-1.0219458,1.2367274,0.13950066,-0.34899285,-0.39179593,0.42303482,-0.66276497,-0.7745804,0.48277488,1,chr14:90226812:body_of_pancreas:0,FN,0
-2.1651754,1.1462284,-0.96659017,-0.46987733,0.4670687,-0.47724533,1.7045993,-0.8232685,-0.013112125,-0.36929905,1,chr9:121700342:lower_leg_skin:0,FN,0
-1.6925803,2.529359,0.114247024,-0.58546346,0.7271501,0.40782404,-0.6134959,-0.44228604,0.22713494,-0.286819,1,chr19:2271741:body_of_pancreas:0,FN,0
-4.078193,-1.1285934,-0.3138055,-1.236935,-0.4729011,-0.7183408,0.32089695,0.69503456,-0.2154731,-0.58482885,0,chr2:110067805:body_of_pancreas:0,TN,0
-3.9773004,-2.442582,-0.76629007,0.030674227,-1.1093719,-0.23543362,-0.212532,0.17553672,0.9876179,0.05198321,1,chr6:158851929:body_of_pancreas:0,FN,0
-3.206744,-1.7112492,0.35089338,0.39403984,-0.18414427,-0.3348921,-0.16131525,0.07727145,0.77476424,-0.3780608,0,chr9:64385044:body_of_pancreas:0,TN,0
0.5666889,-1.0372008,0.84151864,0.5138393,0.56159574,1.3607545,-0.20722222,-0.30663332,-1.0764445,0.51475215,0,chr2:172729429:body_of_pancreas:0,FP,1
0.49124885,1.805152,-1.8929355,0.13883244,-0.024090504,0.37751877,-0.7416361,-0.2464617,0.83972913,0.052878853,0,chr2:233060455:body_of_pancreas:0,FP,1
1.5982376,0.8445198,0.8806682,-0.22659491,0.2860903,0.1350221,-0.0024860904,-0.4293236,0.5566188,0.25398022,1,chr8:2733934:body_of_pancreas:0,TP,1
4.4039717,-1.8193611,-0.88665026,-1.8377335,-0.36996356,0.040344432,0.32019988,-0.814264,-0.0017351857,-0.3640975,1,chr17:23044500:esophagus_squamous_epithelium:0,TP,1
2.4076223,-1.4516397,-0.10338251,0.69173914,1.1991183,-1.0814202,0.34646368,0.63505024,0.3327455,0.6137424,0,chr2:216666107:body_of_pancreas:0,FP,1
-0.53617024,-2.8309474,-1.7474558,-0.08434495,-0.07125773,-0.4382051,0.5543043,-0.6098644,1.0072356,0.21796241,0,chr7:73796998:transverse_colon:0,TN,0
-1.5939157,1.3439634,-1.1388019,-0.47711006,0.7665928,-0.58754396,0.5929717,-0.4460413,-0.15221697,-0.14378592,1,chr10:11877358:body_of_pancreas:0,FN,0
3.6425893,-1.3772,-0.5528858,-0.66674864,0.50410795,0.75622725,-0.41801566,-0.17923844,-0.36196423,-0.73792315,1,chr18:20582234:sigmoid_colon:0,TP,1
0.43450212,0.28947657,-2.6425617,0.24132624,0.77904814,0.08323089,-1.0914314,0.5194011,-1.1858184,0.3008313,0,chr8:94948718:transverse_colon:0,FP,1
-1.3520525,1.9413931,-1.3777494,0.037201766,0.43091923,-0.14486115,-0.6692246,0.039494663,-0.7370823,0.0968967,0,chr8:103021283:transverse_colon:0,TN,0
-0.060559105,3.304976,0.28942436,0.43755326,-1.0623221,0.29960677,-0.43905878,-0.42977062,0.290897,-0.653857,0,chr15:90529757:body_of_pancreas:0,TN,0
-2.5100343,-1.538333,0.3586949,0.59834635,0.23890941,-0.64527917,-0.42366147,0.5694243,0.23709042,-0.07536042,0,chr1:47701353:esophagus_squamous_epithelium:0,TN,0
-0.27829275,0.79897153,-2.4338152,0.025076993,-0.07972049,-0.3532644,0.20676906,0.12689067,-0.58430433,0.36353064,0,chr9:111897362:transverse_colon:0,TN,0
-0.011135372,1.9296118,-1.5038192,-0.110205576,-0.3719857,-0.042455718,-0.23642528,0.56751406,-1.1339735e-05,0.12306859,0,chr7:6577615:transverse_colon:0,TN,0
1.2343374,-0.77935517,-1.6725634,-0.5883838,0.5232995,1.3211805,-0.005281464,-0.33869252,-0.68762743,0.3625815,1,chr20:29892527:esophagus_squamous_epithelium:0,TP,1
1.6571654,-0.16085604,0.43377432,-0.16477236,0.9979198,1.48464,0.3316817,-0.05697676,-1.3260067,-0.14242862,0,chr21:5312839:stomach:0,FP,1
-1.0377644,0.8151445,-2.2144516,-0.3975208,0.28685415,0.524971,0.591977,0.74188524,-0.06952754,0.9232466,1,chr5:140548542:transverse_colon:0,FN,0
-3.5975575,-1.9831727,-1.9254153,-1.1639711,0.115006335,-1.4371698,0.102376364,0.14416055,0.3085303,-0.29244402,0,chr3:124587364:body_of_pancreas:0,TN,0
-3.61796,0.7597561,1.2678776,-0.9667596,0.19104613,-0.60132843,-0.13386832,0.18418778,-0.38396236,-0.26981428,0,chr3:182741025:transverse_colon:0,TN,0
3.3379066,-0.82084286,-0.36311963,-1.0015814,0.0707876,0.25396514,0.6307622,-0.39605045,1.0967925,1.174736,1,chr7:142759950:body_of_pancreas:0,TP,1
4.5101023,-1.232751,0.5698913,-0.61895514,0.13670954,0.06357846,0.21424033,0.055606708,0.42630154,0.35213584,1,chr7:142760685:body_of_pancreas:0,TP,1
1.6484134,-0.3514481,-0.6889819,0.49684966,1.1543589,-1.0284301,0.41678038,0.9110343,-0.14845277,0.0755145,1,chr22:43143644:transverse_colon:0,TP,1
4.4039717,-1.8193611,-0.88665026,-1.8377335,-0.36996356,0.040344432,0.32019988,-0.814264,-0.0017351857,-0.3640975,1,chr17:23044500:upper_lobe_of_left_lung:0,TP,1
-0.514651,2.48178,-1.5828248,0.19292761,0.294874,0.20332472,0.46799287,-0.45608914,0.81363755,0.19175038,0,chr17:80970303:transverse_colon:0,TN,0
-0.5469786,2.1320772,-0.72018224,0.25615853,0.046947435,-0.54121226,-0.8042717,-0.3756004,-0.45113257,-0.26800022,1,chr9:215268:body_of_pancreas:0,FN,0
-0.20266469,-0.97960985,-1.2336367,0.20596915,1.0900981,-0.73853177,-0.026020419,1.1441581,-0.51593286,0.9308001,0,chr19:1095823:body_of_pancreas:0,TN,0
-1.067922,-1.451234,0.48073843,0.4265624,0.6462109,1.2656021,-0.5631056,0.12639898,-0.16649865,-0.9678174,0,chr6:1674269:body_of_pancreas:0,TN,0
-1.4376074,1.5670121,1.085534,-0.31636682,0.7357921,-0.6130753,-0.21390761,-0.15570426,-0.6914225,0.39484972,0,chr17:48024789:body_of_pancreas:0,TN,0
1.9929218,1.7756782,0.14647406,1.5238812,-0.3335961,-1.5226327,0.33080423,0.08235388,0.23308946,-0.5090892,1,chr11:32892862:esophagus_squamous_epithelium:0,TP,1
-2.083791,2.224197,-0.28885093,-0.5776105,0.53564316,-0.14494026,-0.4062408,-1.0320522,-0.15826227,-0.41871762,1,chr1:54581721:body_of_pancreas:0,FN,0
-0.13570304,-2.3920116,-0.99246716,1.0971646,0.74152875,-0.18033187,0.2960934,-0.4603318,0.4505264,0.17287822,1,chr3:75756926:body_of_pancreas:0,FN,0
1.3215909,0.9847763,-2.5615034,0.90885127,-0.20176397,-0.3478509,-0.33971903,0.1798625,-0.0060666366,-0.53237337,0,chr4:102501346:transverse_colon:0,FP,1
4.112833,1.0973916,3.0691626,0.20882867,-0.60295445,-0.5705418,-0.29857633,0.2253338,0.29525182,-0.009570733,1,chr20:29410165:body_of_pancreas:0,TP,1
4.0384083,-0.618774,-0.41450638,-0.32271677,-0.7041334,-0.6082159,-0.3931026,0.11693342,-0.69973326,-0.22767404,1,chr3:75672554:body_of_pancreas:0,TP,1
-3.4417317,-2.3766072,-1.3369541,0.46251366,-1.3608712,0.05130574,-0.08529111,-0.5833124,0.96460706,0.17910095,0,chr6:124895280:lower_leg_skin:0,TN,0
4.580744,-1.0501952,0.37624556,-0.5967572,-0.42259565,-0.47981974,0.041637514,-0.3376024,-0.41822532,0.09424433,1,chr3:75785586:prostate_gland:0,TP,1
-1.847803,-2.1915963,-1.1830795,0.21958989,0.36588028,-0.7371646,0.34077698,0.2884631,0.5846927,-0.016885893,0,chr22:16404735:body_of_pancreas:0,TN,0
-2.4347668,-0.45122606,1.7512208,-0.282289,-0.056128178,0.0064340495,-0.6187176,0.24884245,0.08410456,-0.22193825,1,chr2:101327937:transverse_colon:0,FN,0
4.1771016,-1.1637654,0.5408063,-0.9850663,0.030157277,-0.07546387,0.39299303,-0.44068223,1.1037573,0.97178257,1,chr7:142773190:body_of_pancreas:0,TP,1
3.5197334,1.4656345,1.7624822,0.8220507,-1.5254155,-0.7515212,-0.048073538,0.6709434,0.23217075,-0.6721683,1,chr6:151390284:spleen:0,TP,1
-0.9117689,0.87792593,-3.2752283,-0.17609832,-0.7205209,0.8607588,-0.5056623,0.801705,-0.6336178,1.037423,0,chr12:108515206:transverse_colon:0,TN,0
-0.31152958,2.277567,-0.0041226977,0.19822346,0.75321645,-0.3973098,0.021590961,-0.6995374,1.2315637,-0.6731605,1,chr1:1013489:sigmoid_colon:0,FN,0
4.6035995,-0.8129838,0.22290614,-0.031014398,-0.78033715,-0.7488252,-0.22492361,-0.042630933,-0.042146683,-0.3730062,1,chr12:42144546:esophagus_squamous_epithelium:0,TP,1
0.9926056,1.1773075,-2.132254,0.35183015,-0.4897481,0.042138807,-0.96861356,0.6122115,-0.22167815,0.3908036,1,chr9:64369337:prostate_gland:0,TP,1
2.7429726,0.49078837,-0.84027636,0.64486796,-0.40465432,-0.99370736,-0.43557432,0.49083683,-0.40598828,-0.34031257,0,chr3:170038330:body_of_pancreas:0,FP,1
-2.3691275,-2.0582404,-0.5673663,1.027985,0.42263162,-0.21938418,0.70445514,0.06248185,-0.05266532,0.32240808,0,chr8:21905404:body_of_pancreas:0,TN,0
-2.402276,0.6524498,0.5612942,-0.9825794,0.8528552,-0.68020386,-0.18001175,0.10497597,-0.30006284,0.405431,0,chr15:78048196:body_of_pancreas:0,TN,0
0.22826597,-1.59944,-0.47134465,1.9934264,0.30136117,0.32949415,0.07112047,-1.4720352,-0.035202518,-0.4624318,1,chr22:41624851:body_of_pancreas:0,TP,1
-3.2247846,1.2412789,2.9167926,-0.6653162,0.44764128,-0.45826873,-0.49470264,-0.15509117,-0.17779164,-0.37050217,1,chr20:53740106:sigmoid_colon:0,FN,0
-2.7333136,-1.4717013,-0.33945388,0.46963903,0.2583688,0.4550894,0.24233589,-0.3749751,0.7016896,-0.6250335,1,chr8:119911609:body_of_pancreas:0,FN,0
-3.4970636,0.3040917,-0.017777335,-1.3048538,-0.11500856,-0.26392278,1.1291344,0.066590376,-0.03155714,-0.5454321,0,chr6:3349795:body_of_pancreas:0,TN,0
-3.8343441,-2.6389196,-1.971167,-0.03590409,-0.83212847,-0.62767607,-0.40103123,0.14443776,0.68477,-0.30259997,0,chr1:120670477:body_of_pancreas:0,TN,0
-3.1825194,-1.8256223,-0.28906953,-0.22406083,0.22333564,-0.7121882,0.1900942,0.4717,0.2242266,0.19965091,0,chr7:100976071:transverse_colon:0,TN,0
-3.1064491,-0.60594857,0.48516575,-0.3484983,-0.24885406,0.4119072,1.4895582,1.005399,-0.33574405,-0.4540606,0,chr18:76738683:body_of_pancreas:0,TN,0
-3.4930162,-0.8068909,0.8239931,-0.73222244,-0.28130516,-0.92617434,0.10754178,0.016151248,-0.17676021,-0.04417584,0,chr8:116755381:body_of_pancreas:0,TN,0
-1.4635524,1.0757769,0.51409477,-0.48744297,0.35655427,0.57348514,1.8138925,1.5350255,-0.15698671,-0.45490882,0,chr1:16739958:transverse_colon:0,TN,0
3.253444,2.081075,3.4495144,0.5159099,-0.5007729,-0.6402778,0.1031241,0.25879756,0.84392613,0.5298208,1,chr1:109620901:body_of_pancreas:0,TP,1
3.5197334,1.4656345,1.7624822,0.8220507,-1.5254155,-0.7515212,-0.048073538,0.6709434,0.23217075,-0.6721683,1,chr6:151390284:transverse_colon:0,TP,1
2.756326,0.5036393,-0.44999018,-0.16022457,-0.94424194,-0.09395292,-0.49173167,-0.020090919,-0.37925494,0.4805637,1,chr9:129437179:body_of_pancreas:0,TP,1
-0.23039752,0.68088865,0.514348,1.432894,0.8185929,-0.19488205,0.10766582,-0.2371435,-0.17266655,-0.46554026,1,chr22:24604470:transverse_colon:0,FN,0
1.1852496,0.4827318,2.0660782,-0.3914287,0.23145293,0.6087588,1.4165545,-0.6126824,0.33328786,0.844636,1,chr1:168243918:body_of_pancreas:0,TP,1
0.28465593,-0.64861745,0.40011284,1.7985383,0.7757188,0.6101337,-0.56051147,-0.23316242,-0.40073124,-0.5517507,0,chr19:38691924:body_of_pancreas:0,FP,1
-2.0597422,1.4401932,1.2318916,-0.6852457,0.6651219,-0.5940065,-0.13916923,-1.1087978,0.37138706,-0.2756791,1,chr1:85578244:transverse_colon:0,FN,0
3.0233796,0.6580659,2.604128,0.34528914,-0.06724879,-0.6626168,0.01336226,0.85940224,0.1768983,0.86560804,1,chr2:135052237:lower_leg_skin:0,TP,1
-2.9861882,-1.6327546,0.22268583,-0.15995091,-0.7017155,-0.6837764,-0.3545868,0.27933013,-0.036993884,-0.03558283,0,chr15:30599311:body_of_pancreas:0,TN,0
0.6647481,1.2187656,-2.386384,0.21316968,-1.4503423,0.5817858,-0.53254086,0.5604159,-0.013888997,0.53209466,1,chr22:17171718:transverse_colon:0,TP,1
-1.478012,1.2275996,-1.1038941,-0.2006475,-0.29948518,-0.21789645,1.673391,0.3392591,-0.08598397,-0.591366,0,chr10:100229691:esophagus_squamous_epithelium:0,TN,0
-2.2735617,-1.1346385,1.2618057,0.4937946,-0.74530554,0.3658161,-0.4636523,0.12438683,0.24191846,0.33515593,0,chr7:56105741:transverse_colon:0,TN,0
-3.767986,-0.60605973,1.2380228,-0.71857125,-0.43986028,-0.30955955,-0.5775148,0.3481624,-0.020469865,-0.5883486,0,chr11:12853764:transverse_colon:0,TN,0
-1.292629,2.252926,-1.3168731,-0.27280474,-0.32768998,0.9090594,0.9260871,0.7619965,-0.21009526,-0.052470464,0,chr19:13833663:esophagus_squamous_epithelium:0,TN,0
-2.9498365,-0.9061853,0.5526355,-0.52622014,0.49840343,-0.74800766,-0.0663371,0.5216652,0.10399099,0.37748772,0,chr1:24555514:body_of_pancreas:0,TN,0
-1.3256887,0.99214476,-2.357447,-0.33504644,0.94470656,-0.123296216,-0.64589375,-1.2757286,0.97982615,0.32781833,1,chr11:45901138:body_of_pancreas:0,FN,0
0.43494576,-0.7338333,0.9787632,2.010732,0.8744488,0.67555034,0.030788843,-0.3843508,-0.41294935,0.29384634,1,chr16:2211470:body_of_pancreas:0,TP,1
0.37713853,2.5505521,0.40640733,0.3389647,-0.19729012,0.01736118,-0.712317,0.11742852,0.21575275,-0.35805878,0,chr6:3064288:sigmoid_colon:0,FP,1
-3.411771,-2.3995645,-1.6212727,-0.8982946,-0.7049852,-0.6038588,-0.5383264,1.2773361,0.46536484,0.2805377,0,chr12:25328476:body_of_pancreas:0,TN,0
-2.543749,-1.8606844,0.37258598,1.0196302,-0.062683344,0.6460426,-0.7528727,0.28715405,0.7646131,-0.43805885,0,chr5:178597598:body_of_pancreas:0,TN,0
0.50362015,0.52041936,-2.408618,0.26902658,-0.56085527,-0.65917116,0.61356306,0.17140199,0.13185173,0.1123879,1,chr11:76860779:body_of_pancreas:0,TP,1
0.22081943,2.3292572,-1.1246892,0.5826385,0.26717415,0.07208198,-1.1909786,0.17218918,-0.40841812,-0.37328914,0,chr16:74367899:prostate_gland:0,FP,1
-1.6377996,1.9702722,-0.09915496,-0.23873098,1.1149395,-0.5693366,-0.9410035,-0.35914484,0.3348582,-0.2560209,0,chr17:75550242:prostate_gland:0,TN,0
0.5323107,2.2361639,-0.94000125,0.681804,-0.3651391,-0.38746583,-0.011265935,-0.77398163,0.89237493,0.40008596,1,chr17:50532600:body_of_pancreas:0,TP,1
-2.247745,1.6627564,0.6989153,-0.018629516,1.0110419,0.68028706,0.41936904,-1.397416,-0.67796355,0.2509035,0,chr6:158572060:body_of_pancreas:0,TN,0
2.3955503,-0.8040778,0.3882561,0.8637184,0.7309409,1.0630776,-0.28127164,0.15413815,-0.5895161,0.053204026,1,chr2:132276701:lower_leg_skin:0,TP,1
0.24881962,2.1386359,-0.65069544,0.15565453,-0.3943648,0.40195566,0.43102735,0.16934781,0.3169791,-0.11747543,0,chr19:49850953:body_of_pancreas:0,FP,1
4.388467,-1.5098501,-0.13071842,-1.2983241,-0.24208705,0.2636013,-0.1951377,-0.5696908,-0.17874517,-0.7791803,1,chr8:44457229:prostate_gland:0,TP,1
-2.526457,-1.4698299,1.1150124,0.7028315,-0.16540267,0.6690093,-0.572849,-0.122339055,0.46999347,-0.4167041,0,chr3:87196975:transverse_colon:0,TN,0
2.8548021,0.34936967,2.9155707,-0.5108442,0.05288633,0.8552438,-1.091929,0.68319184,-0.10989428,-0.17445885,1,chr6:31394612:transverse_colon:0,TP,1
3.7512805,1.4297537,1.5334564,0.4803414,-1.0828383,-0.7233135,0.34709767,0.04425669,0.10973754,-0.23521318,0,chr2:240566705:upper_lobe_of_left_lung:0,FP,1
0.7900205,2.0516894,-0.47144866,0.3726164,0.054693434,-0.06352864,-0.25338036,0.5661884,-0.31096885,0.11480529,0,chr5:149345635:sigmoid_colon:0,FP,1
-0.64984554,1.4617553,-2.225545,-0.22843482,-1.0255136,1.372741,1.070351,1.473543,-0.27898687,-0.08128636,0,chr1:155978653:sigmoid_colon:0,TN,0
0.86419755,2.5306716,0.06218591,0.2215772,-0.8540855,0.53737026,0.2603196,0.032116212,0.22136009,-0.95209175,1,chr1:26170159:transverse_colon:0,TP,1
4.7024107,-1.3836358,0.22277187,-1.6401192,-0.34993234,0.35766292,0.11058812,-0.7217444,-0.18165536,-0.39610747,1,chr17:22910010:body_of_pancreas:0,TP,1
1.6845868,2.2332473,-0.26161033,-0.028846256,-0.3078621,-0.20734146,0.3446473,0.27742139,0.19434583,-0.2903632,0,chr6:32665112:body_of_pancreas:0,FP,1
2.1356347,-1.3503809,0.008427881,0.3144543,2.0379133,0.3047512,-0.12824336,0.6375558,0.16508266,-0.17301242,1,chr9:128161730:body_of_pancreas:0,TP,1
3.5134518,0.5992471,1.2818068,-0.088748105,-0.751857,-0.60931224,-0.13569576,-0.41189802,-0.29143342,-0.4674044,1,chr9:129437183:body_of_pancreas:0,TP,1
-2.5858552,-2.5767326,-0.38457295,0.6976284,-0.4203459,0.051211793,-0.5654039,0.22241639,1.387978,-0.4162431,1,chr4:5211009:body_of_pancreas:0,FN,0
0.7900205,2.0516894,-0.47144866,0.3726164,0.054693434,-0.06352864,-0.25338036,0.5661884,-0.31096885,0.11480529,0,chr5:149345635:lower_leg_skin:0,FP,1
-2.0597422,1.4401932,1.2318916,-0.6852457,0.6651219,-0.5940065,-0.13916923,-1.1087978,0.37138706,-0.2756791,1,chr1:85578244:sigmoid_colon:0,FN,0
4.364909,-1.0091089,0.64690673,-0.651895,0.09341397,-0.044077203,0.31726342,-0.22351663,0.37876436,0.6001156,1,chr8:38060042:body_of_pancreas:0,TP,1
-1.6854678,-2.734068,-1.6513848,1.2036858,-0.30449292,0.046901684,0.10822927,-0.9812068,0.85609967,0.010414065,1,chr2:111970026:lower_leg_skin:0,FN,0
1.9929218,1.7756782,0.14647406,1.5238812,-0.3335961,-1.5226327,0.33080423,0.08235388,0.23308946,-0.5090892,1,chr11:32892862:spleen:0,TP,1
4.100403,-1.1494193,-0.89018005,0.1705357,-0.6174689,-0.6381088,0.5313369,-0.45926696,-0.7990609,0.035422392,1,chr2:178451162:sigmoid_colon:0,TP,1
-0.9513198,1.5745504,-1.5922014,-0.02519876,-0.60955507,0.649003,0.8614038,-0.47039565,0.35405815,0.4266975,0,chr17:21705424:stomach:0,TN,0
3.3518395,1.1814926,1.4337723,-0.10507622,-1.2435887,0.0012528736,-0.27592453,-0.034898065,-0.44054756,-0.20165384,1,chr9:129437097:body_of_pancreas:0,TP,1
0.51289254,1.352197,-1.6501007,0.9013022,-0.1568052,-0.42817894,0.5340207,-0.045279585,-0.78762573,-1.1563073,0,chr15:58933821:prostate_gland:0,FP,1
-2.7635589,0.88453853,4.8019156,-0.47971222,0.3361066,1.1216627,-0.053909596,-0.2948774,-0.57034844,0.5251757,1,chr1:22510005:body_of_pancreas:0,FN,0
-1.8700418,2.8593416,0.80673504,-0.22875714,0.51307815,0.40973413,-0.031692635,-0.59254944,0.58050734,-0.3435406,0,chr16:70703261:transverse_colon:0,TN,0
3.167155,-1.646196,-0.87026983,-0.7457881,1.0848094,0.81882113,-0.9632147,0.2970231,0.17129783,-1.013011,1,chr8:2146712:body_of_pancreas:0,TP,1
-3.7403564,-1.6205992,0.5109155,0.561005,-1.033446,0.442707,0.08342608,-0.30659547,0.0030280524,0.15707117,0,chr6:4990742:transverse_colon:0,TN,0
0.39370108,-1.0737716,-0.42987472,1.3008568,2.1608853,-0.060523406,-0.5495793,0.7669719,-0.43654954,-0.7882481,0,chr19:57488477:body_of_pancreas:0,FP,1
-3.5657835,0.33136222,1.1176351,-1.0053834,0.012986575,-0.8242765,-0.25841874,-0.4955134,-1.0455652,-0.25982392,0,chr10:22002902:transverse_colon:0,TN,0
3.0684762,0.91254574,-1.0309322,0.34978938,-0.7180331,-0.33037147,0.28643665,0.57554907,-0.50950396,-0.30826584,1,chr10:125896667:body_of_pancreas:0,TP,1
2.8579047,-1.3623626,1.4120919,-0.06258841,0.60603046,0.33117205,0.34612027,-0.07885897,0.11342105,0.51373917,1,chr11:104907260:transverse_colon:0,TP,1
1.8406165,-1.3461103,-0.59641635,-0.2282103,0.5333064,0.084109515,0.007751104,-0.29010007,-1.1893681,-0.20563069,0,chr8:37494481:stomach:0,FP,1
-3.7620766,-0.5445819,-0.30488896,-1.0090041,-0.44235176,-0.69512194,-0.5660501,-0.2609836,-0.0077296933,-0.63752216,0,chr15:89091210:body_of_pancreas:0,TN,0
4.65746,-0.59822303,0.76399565,-0.13031949,-0.85033476,-0.5862634,-0.2021404,-0.1821461,-0.060789764,-0.3173526,1,chr12:42144491:prostate_gland:0,TP,1
3.8647735,-0.8723433,0.17470248,-0.9963894,-0.90095985,0.7068898,-0.05600406,-0.40869084,-0.6159866,0.41382986,1,chr17:43360648:transverse_colon:0,TP,1
4.257347,-1.0388677,0.59940463,-0.88414794,0.17975838,0.0048353276,0.35141557,-0.44818872,1.0597324,0.8707228,1,chr7:142773202:body_of_pancreas:0,TP,1
-0.8286726,1.710069,-2.4222806,-0.8160499,-0.08451935,1.4040754,-0.6891429,0.18361378,0.7405626,0.7022087,0,chr7:5527964:transverse_colon:0,TN,0
2.2783835,0.85153985,-0.97535396,0.86395264,-0.37646848,-0.4300992,1.0353321,-0.30329955,-0.7297783,-0.28880125,0,chr15:31870993:body_of_pancreas:0,FP,1
-3.3827105,-1.8928517,0.18437374,0.10945671,-1.3370361,0.6361938,-0.344606,-0.62079006,0.49749315,0.16987117,0,chr4:123512794:body_of_pancreas:0,TN,0
-0.24849845,1.6365011,-0.9172792,-0.34021848,-0.48908314,1.114946,0.34032974,0.22429724,-0.29344073,0.756062,1,chr14:99551023:body_of_pancreas:0,FN,0
-3.7796342,-1.0857846,1.2707536,0.7450504,-0.70630556,0.26540172,0.19528708,-0.8922979,-0.43119314,0.27093643,0,chr16:22232566:body_of_pancreas:0,TN,0
3.2432857,-0.37411332,2.1832907,-0.3300693,0.382503,0.50292516,-0.58433414,0.018862387,-0.04494643,-0.381597,1,chr7:142524403:body_of_pancreas:0,TP,1
3.027948,-0.9204452,-0.06938064,0.5455432,0.48176363,-0.72890407,0.3454158,0.29243383,0.31616738,0.7894737,1,chr4:13307099:stomach:0,TP,1
3.599762,-0.8059445,0.47939843,1.0805575,0.09009747,0.8902403,1.0693243,-0.45917505,-0.13951333,-0.5074867,1,chr19:921450:body_of_pancreas:0,TP,1
-3.527047,0.21445821,1.7231376,-1.2881985,0.06354429,-0.3868873,-0.593746,0.24288864,-0.10073297,-0.52796304,0,chr6:45480196:body_of_pancreas:0,TN,0
-3.014739,-2.2207887,-1.1326525,-0.25505534,-0.17166083,-0.9876981,0.50967336,0.94742095,0.6744627,0.23500901,0,chr1:6390475:body_of_pancreas:0,TN,0
2.8187337,0.7127536,-1.7257341,0.8173483,-0.8427685,-0.7049166,-0.25355235,0.17786914,-0.44893488,-0.33597094,1,chr12:66953:body_of_pancreas:0,TP,1
0.2845567,1.6002967,-2.5937068,0.7919941,-0.7260582,-0.10120336,-1.0193785,-0.27542502,-0.12198771,0.30700403,1,chr17:74748771:transverse_colon:0,TP,1
1.7265882,1.2629328,0.7699557,-0.53796285,0.8637839,0.34934402,0.096012354,-0.9507968,1.798198,0.6394145,0,chr13:24083536:body_of_pancreas:0,FP,1
-2.719864,0.33668032,-0.26195943,-0.8520567,0.3301094,0.26888758,0.62123716,0.5981311,-0.24371551,-0.45037222,1,chr6:53796439:body_of_pancreas:0,FN,0
0.63655406,0.61964136,0.80469686,-0.95943177,0.78805095,0.017375648,0.40692317,-0.1335957,1.5449822,1.1418415,1,chr7:142479111:body_of_pancreas:0,TP,1
-3.2939374,-0.6769005,0.100757636,-0.9336364,0.03729595,-0.31169754,0.58359396,0.7013075,-0.3529233,0.019205041,0,chr15:39326697:transverse_colon:0,TN,0
-2.6373885,0.05159304,-1.0157344,-1.0792813,0.1806512,-0.25285095,-0.16562733,-0.46474484,-0.4062301,0.33392626,1,chr7:106421315:body_of_pancreas:0,FN,0
-1.9793407,0.21079914,0.21099202,-1.1073252,0.5326266,-0.10926787,0.08134594,0.785434,-0.498767,0.4259138,0,chr5:139181545:body_of_pancreas:0,TN,0
-3.418484,-1.368974,0.5171845,-0.41223094,-0.3316625,-0.41415524,-0.47813866,0.34281564,-0.31695428,0.5024181,1,chr20:17969901:body_of_pancreas:0,FN,0
-0.882377,2.1028872,-1.5856098,0.17836598,0.90774083,-0.33126137,-0.645904,-1.0084479,0.18657927,-0.3986767,0,chr16:2159467:sigmoid_colon:0,TN,0
1.7375045,-0.65281165,0.8727637,1.4888885,0.989467,0.37422073,0.03717384,-0.6133787,-0.10333829,-0.36220312,0,chr7:74882270:transverse_colon:0,FP,1
-1.1204348,1.2248408,-0.06916597,-0.75852454,1.118392,-0.043317433,-0.06293097,-0.068858646,-0.16436285,-0.048910636,1,chr19:50431720:body_of_pancreas:0,FN,0
0.4879611,-2.0964818,-1.5747993,2.0877087,0.09631089,0.5796797,0.5421706,-1.1525606,-0.1086514,-0.10583691,0,chr19:4471057:transverse_colon:0,FP,1
1.6571654,-0.16085604,0.43377432,-0.16477236,0.9979198,1.48464,0.3316817,-0.05697676,-1.3260067,-0.14242862,1,chr21:5312839:lower_leg_skin:0,TP,1
-3.7067485,-0.50441074,0.9737303,-1.0127342,-0.6678514,-0.2169061,0.2581918,0.80219835,0.17461528,-0.62223643,1,chr2:224601667:lower_leg_skin:0,FN,0
0.3081388,1.8373913,-2.2160404,0.37051326,0.03339192,0.98592305,-0.8727673,-0.194156,0.11069396,0.18248671,1,chr13:112982694:body_of_pancreas:0,FN,0
-3.2025394,1.0007282,1.7273989,-1.2564051,0.31034145,-0.53232276,-0.3993194,-0.2153558,-0.5354103,-0.47438547,0,chr14:55579080:body_of_pancreas:0,TN,0
-0.8675982,-2.037293,0.025557889,0.79917526,0.29719916,0.87984556,-0.6386951,0.22825706,-0.3906161,0.21904323,1,chr7:158817503:upper_lobe_of_left_lung:0,FN,0
0.34429473,1.3472424,-2.5172548,0.61641157,-0.4547193,0.117367856,-1.2158239,0.17959933,-0.99520755,0.3661252,1,chr2:113627285:body_of_pancreas:0,TP,1
-1.8442795,1.2402778,-0.50421166,-0.7148228,0.29646808,-0.12324599,0.76564884,0.21864995,-0.9159712,-0.06574712,0,chr19:18571684:esophagus_squamous_epithelium:0,TN,0
-3.130648,-1.5453528,1.0008878,0.9217648,-0.41605243,0.57028276,-0.1466538,-0.23277144,0.2735683,-0.2823946,0,chr18:9117289:lower_leg_skin:0,TN,0
-3.0214376,-2.565156,-1.0150433,0.423585,-0.784902,0.123449095,-0.6493599,0.22957136,0.85013425,-0.025466498,0,chr17:2131511:lower_leg_skin:0,TN,0
1.0040702,0.80888987,-3.1864057,-0.09479389,-1.1848636,0.4339572,-0.9862494,-0.31600064,-0.34517246,0.7555812,1,chr8:142614463:body_of_pancreas:0,TP,1
3.1081204,1.4209481,0.083675675,0.8635098,-0.69102544,-1.1626137,-0.3855039,0.09770185,-0.3717173,-0.069280356,0,chr3:98901527:esophagus_squamous_epithelium:0,FP,1
-2.8246799,-1.4189105,-0.39689168,0.12351471,0.16044569,-0.6040912,0.3967304,0.987993,-0.23112862,0.056373995,0,chr17:4786742:body_of_pancreas:0,TN,0
-1.902642,-1.0229707,-1.2209533,-0.50971305,0.4379822,-0.17714733,-0.29810628,-0.099343464,-0.5674574,0.19869997,0,chr13:113496276:body_of_pancreas:0,TN,0
1.8693309,0.88466394,0.38771293,-0.79622895,0.72823626,0.7030841,0.29187888,0.033576317,1.8386452,0.8066308,1,chr8:6864726:transverse_colon:0,TP,1
-3.6507554,-1.3850082,0.47509107,0.49373668,-1.2492617,0.3921304,-0.43113354,-0.09786089,0.10233445,0.59088486,1,chr17:2296551:lower_leg_skin:0,FN,0
-3.8436675,-0.4040363,0.044400837,-1.166492,0.27474928,-0.6530594,0.51365834,0.36353526,-0.08998093,-0.68438756,0,chr3:42211431:body_of_pancreas:0,TN,0
-1.5341699,-1.8779085,-0.2578341,1.4923248,-0.0638281,0.40363452,0.33477205,-1.2219324,0.033999432,-0.03965154,0,chr9:29668721:body_of_pancreas:0,TN,0
3.5497506,-1.3182389,0.50897604,-0.5482581,0.3703112,0.11982089,-0.34073997,0.41862553,-0.27188087,0.76457584,1,chr7:142754681:body_of_pancreas:0,TP,1
4.4039717,-1.8193611,-0.88665026,-1.8377335,-0.36996356,0.040344432,0.32019988,-0.814264,-0.0017351857,-0.3640975,1,chr17:23044500:stomach:0,TP,1
-0.7044617,2.035305,-0.396089,0.11778342,0.74445045,0.46425733,0.07570522,-0.20664278,0.7398315,-0.101388395,0,chr11:44569178:upper_lobe_of_left_lung:0,TN,0
3.4493713,1.1423513,2.865983,0.0169513,-0.41356155,-0.21377142,-0.1731692,0.6968812,0.37605187,-0.06671608,1,chr21:37072589:transverse_colon:0,TP,1
0.56074566,1.1663581,-0.5485436,0.8757634,1.3018397,-0.6916442,-0.0045674033,0.052308567,0.38428175,0.05913022,1,chr22:24604261:transverse_colon:0,TP,1
4.0384083,-0.618774,-0.41450638,-0.32271677,-0.7041334,-0.6082159,-0.3931026,0.11693342,-0.69973326,-0.22767404,1,chr3:75672554:upper_lobe_of_left_lung:0,TP,1
1.6415273,1.7153946,0.00096330023,0.47951847,-0.28103474,-0.8095426,-0.64161766,-0.14059418,-0.25113222,-0.6953541,0,chr11:65261965:sigmoid_colon:0,FP,1
-2.8410246,-1.4054478,0.6988986,0.7617278,-0.21794438,0.46909985,-0.50525874,0.13250127,0.40008494,0.40545908,0,chr11:118869708:body_of_pancreas:0,TN,0
-1.5857357,0.4536649,0.21043923,1.0578985,0.84790915,-0.9408414,0.7970699,0.107328594,-0.26336244,-0.24700373,0,chr22:46735499:transverse_colon:0,TN,0
-1.8457364,-2.4922323,-0.93712056,0.41914162,-0.65141356,-0.0060739503,-0.3999121,0.5225031,0.83846974,0.38546357,0,chr15:85227488:body_of_pancreas:0,TN,0
3.893899,-0.8134873,0.7443755,-0.4230206,0.23311289,-0.30523837,0.4238723,-0.42848152,0.42017245,0.46822104,1,chr19:43205662:prostate_gland:0,TP,1
3.4612272,-1.2700261,-0.06493769,-0.15574013,-0.0711952,-0.25024718,-0.14488728,0.21122032,-0.03329997,0.21626708,1,chr22:37078948:body_of_pancreas:0,TP,1
-1.8364066,-1.9797388,0.20818767,-0.54599905,0.043847576,-0.24552663,-0.61144596,0.8235981,-0.16278172,0.39811698,0,chr10:16891914:transverse_colon:0,TN,0
-3.8113978,-0.17256661,-0.040423725,-1.1940756,-0.7753976,0.031128978,1.467567,0.30439273,-0.006897227,-0.17712092,1,chr7:142759538:body_of_pancreas:0,FN,0
-0.521285,2.855705,-1.3769642,0.4038032,-0.43843564,0.16171263,-0.4318708,-0.42279673,0.41347444,-0.62379694,1,chr16:2882429:body_of_pancreas:0,FN,0
3.378241,-0.44817916,0.5748612,-0.5383731,0.8661848,0.35506347,0.258153,-0.21867165,1.518019,1.15112,1,chr5:137304077:body_of_pancreas:0,TP,1
1.8140295,2.1968346,0.8501834,0.40450996,-0.9669481,0.4669156,0.90162665,0.7802728,1.1063411,0.12115838,0,chr10:95559879:sigmoid_colon:0,FP,1
-3.8138485,-1.242052,-1.2887166,-0.6315563,0.05150761,-1.2878093,0.8761436,-0.008317888,0.22296694,0.08198831,0,chr7:150373724:body_of_pancreas:0,TN,0
4.270212,-1.1828768,0.10993475,-0.4336642,-0.36302924,-0.40489876,-0.08766416,-0.18218169,-0.06659249,-0.31429052,1,chr17:43361305:sigmoid_colon:0,TP,1
1.9853501,0.97411907,-1.1267282,-0.105433345,-0.25476152,0.08750407,-0.80725473,0.71621686,-0.26253235,0.6141638,1,chr1:100038007:body_of_pancreas:0,TP,1
-3.841158,-2.466569,-0.92200196,0.39635777,-0.97049814,-0.5446169,0.1266102,-0.072231546,0.9358365,0.0201319,0,chr4:88216922:body_of_pancreas:0,TN,0
2.2860177,-1.138023,-0.9640474,1.072826,0.83346653,-0.1231353,0.0476237,-0.2050995,-0.14943998,-0.36005974,0,chr11:67727172:body_of_pancreas:0,FP,1
-2.5494227,0.16916052,2.811435,0.1997644,0.40167445,0.751291,-0.09437917,-0.45331708,-1.126447,0.5345923,0,chr2:26696560:body_of_pancreas:0,TN,0
-3.521024,-0.9599536,1.6112231,0.6001601,-1.0364798,0.85348046,-0.04451359,-0.67279065,0.04864318,0.44307512,1,chr5:125166677:stomach:0,FN,0
3.4267035,1.2525758,3.0317757,0.58108544,0.09845531,-0.85565084,-0.18476517,0.33591264,0.5220445,0.3493213,1,chr2:218357216:body_of_pancreas:0,TP,1
-1.3376322,-2.297177,-1.7106594,0.58571196,-0.46440896,-0.041583393,0.40864596,-0.5580598,0.87020224,-0.32914373,0,chr6:26756833:body_of_pancreas:0,TN,0
-0.56103945,2.9536903,-0.7013729,0.26580176,-0.5108567,0.21171722,0.7300526,0.2657303,0.09899051,-0.9508244,1,chr18:12702705:body_of_pancreas:0,FN,0
-0.28580678,2.9303107,-0.30737895,0.08407631,-0.2923136,0.94834024,-0.4946256,0.32447514,0.50655216,-0.6246654,1,chr14:23953585:body_of_pancreas:0,FN,0
-2.9297395,-1.2017705,1.1593251,0.17284141,-0.76354736,0.075716,-0.05142322,-0.110695735,-0.02915466,0.4883858,0,chr1:162207731:body_of_pancreas:0,TN,0
4.100403,-1.1494193,-0.89018005,0.1705357,-0.6174689,-0.6381088,0.5313369,-0.45926696,-0.7990609,0.035422392,1,chr2:178451162:transverse_colon:0,TP,1
-3.331978,-0.717818,0.7123544,-0.7081018,-0.04201735,-0.39896435,-0.61752224,0.29347327,-0.10579593,-0.20739251,0,chr17:68253353:transverse_colon:0,TN,0
-3.2386398,-0.13879474,-0.51016706,-0.7497542,0.045537744,-0.69529223,-0.23911965,0.18634209,-0.0534986,0.19614948,0,chr9:35103724:body_of_pancreas:0,TN,0
-3.03797,-1.8005074,0.24043132,-0.11791921,-0.7493431,0.35089767,-0.67996764,0.5048783,0.38865915,-0.35614872,0,chr6:52785384:body_of_pancreas:0,TN,0
2.486959,0.06571684,0.08721467,0.22650817,-0.13779117,0.28303578,0.78290224,0.2524093,0.01161165,0.14165904,0,chr10:3719825:body_of_pancreas:0,FP,1
0.78650427,1.0662764,-1.665065,-0.07689759,-0.023914201,0.7644044,-1.116331,0.0982724,-0.05645924,-0.42856583,1,chr19:38506994:body_of_pancreas:0,TP,1
1.0669712,-0.7006646,2.3758118,0.17843373,0.5504369,-0.09801223,-0.59889674,1.4430312,-0.41065288,-0.38851532,1,chr9:72949663:body_of_pancreas:0,TP,1
-0.54771936,-1.4905459,0.6351442,0.03595974,0.9965779,-0.2169408,-0.14543737,0.5128054,-0.25357535,0.23076807,0,chr3:195152094:prostate_gland:0,TN,0
-2.402713,-1.0125885,-0.06183985,0.35454798,1.0064659,-0.47972867,0.018479493,0.75171804,0.15779705,-0.5520309,0,chr14:92461310:body_of_pancreas:0,TN,0
4.63181,-0.57339144,0.89733577,-0.29188582,-0.75179535,-0.5158021,0.08013799,-0.22656153,-0.4001986,-0.3833858,1,chr3:125766575:body_of_pancreas:0,TP,1
-2.7776592,-2.2710917,-1.2830478,0.05997547,0.5121668,-0.26307532,0.10778866,0.18567921,-0.04998887,0.34108636,0,chr15:63047654:prostate_gland:0,TN,0
2.987926,-2.434825,-1.613221,0.3347626,0.7005423,-0.27400336,-0.15588038,-0.50389814,0.27476063,-0.63585824,1,chr7:100962386:transverse_colon:0,TP,1
-1.647965,2.2098312,-0.31943056,-0.5342004,0.2942541,0.42261127,0.52305776,-0.32300162,-0.33822355,-0.31849515,1,chr12:132433655:body_of_pancreas:0,FN,0
-3.9956279,-1.3842791,0.6617854,-0.5886887,-0.5160073,-0.3962487,-0.26087087,0.40230602,0.32334495,-0.46519333,1,chr22:16408499:body_of_pancreas:0,FN,0
1.3913331,1.7538395,-1.298869,0.47052807,-1.0618691,-0.3054728,-0.41446435,0.5853639,-0.15863101,0.05758454,0,chr8:143771613:body_of_pancreas:0,FP,1
3.0233796,0.6580659,2.604128,0.34528914,-0.06724879,-0.6626168,0.01336226,0.85940224,0.1768983,0.86560804,1,chr2:135052237:transverse_colon:0,TP,1
-0.8393729,2.5796168,-1.6491019,-0.2099627,-0.25719482,1.0450299,-0.68123513,0.39828867,0.43052933,0.18372416,1,chr4:22515446:body_of_pancreas:0,FN,0
-3.7642894,-0.47151375,0.4650481,-1.1793901,-0.51778007,-0.77743214,-0.05441626,-0.2925309,0.035203934,-0.049840994,0,chr17:72125966:transverse_colon:0,TN,0
-2.8952515,0.85588026,0.89114225,-0.9975768,0.389709,-0.1253988,-0.63160986,-0.3281805,-0.0142317815,-0.19964093,0,chr12:26523814:body_of_pancreas:0,TN,0
-0.7148254,-1.0556068,1.1109715,0.15430261,-0.50166434,0.44534916,-1.0004338,1.123787,0.3056229,-0.5178531,0,chr6:7314444:body_of_pancreas:0,TN,0
-1.0242714,1.8364825,-1.1132123,-0.4211808,0.97664213,-0.21814539,-0.27289852,-0.037328687,0.15037556,-0.3899307,0,chr1:235504860:transverse_colon:0,TN,0
0.11725726,-2.1054566,0.3937355,1.9244887,0.34586895,0.8493005,0.16248082,-0.84843904,0.30883926,0.041057393,0,chr22:28754055:body_of_pancreas:0,FP,1
-0.34333637,-1.3940959,0.69233775,1.0757737,0.46763995,1.1899805,-0.22186726,-0.50684124,0.27123207,0.49703604,1,chr7:100961758:transverse_colon:0,FN,0
4.100403,-1.1494193,-0.89018005,0.1705357,-0.6174689,-0.6381088,0.5313369,-0.45926696,-0.7990609,0.035422392,1,chr2:178451162:prostate_gland:0,TP,1
0.2721681,-0.23034425,0.056103006,1.4208292,0.41698715,-0.8492097,1.4423403,0.31476733,-0.018459158,0.83110034,0,chr16:1781910:body_of_pancreas:0,FP,1
-2.3162475,-0.41174233,1.0271412,0.39790764,0.28962386,0.4857201,0.959471,-0.788648,-0.7262204,0.73870414,1,chr2:128941835:body_of_pancreas:0,FN,0
-2.6427019,-0.8525532,1.8312892,0.06291009,-0.23739138,-0.03758371,-0.21473101,-0.36270237,-0.7283391,0.41023728,0,chr14:64006003:body_of_pancreas:0,TN,0
3.2672517,-1.4641008,-0.47239053,-0.81724274,0.3334792,0.46749565,0.7882939,-0.29562485,-0.24530989,-0.530488,0,chr8:22087418:transverse_colon:0,FP,1
-0.47883564,2.3705451,-1.5478481,0.36090598,-0.100955576,0.103815116,-0.04935943,0.17930655,-0.36673176,-0.06874356,1,chr3:142596466:body_of_pancreas:0,FN,0
-2.5022306,0.27825996,2.0656476,0.6605164,0.11131401,0.67756563,0.030410027,-0.9484174,-0.96951413,0.010426518,0,chr18:11947184:body_of_pancreas:0,TN,0
-1.83654,2.642685,-0.069067344,-0.52465737,0.5857686,-0.10019732,0.5893829,-0.28714103,0.36547726,-0.33009392,0,chr3:13072511:spleen:0,TN,0
-3.65521,-1.1432989,0.47318774,-0.32836846,-0.49206072,-0.037780914,-0.562404,0.0008791045,-0.5193949,-0.48516306,0,chr21:34561491:body_of_pancreas:0,TN,0
-1.245276,2.8722034,-1.0896572,0.24068475,-0.31998307,0.17732756,-0.1104605,-0.007924871,-0.041252468,-0.15303823,1,chr4:40056442:upper_lobe_of_left_lung:0,FN,0
-3.3090546,0.19550875,-0.4115351,-1.1620631,0.03091024,-0.6671286,-0.055926535,-0.6923577,0.16882773,0.3224835,0,chr4:75027288:body_of_pancreas:0,TN,0
-1.6312693,1.6661718,-0.21995442,-0.75448096,0.80072016,-0.4390311,-0.5817963,-0.24376816,-0.46415058,0.49159437,1,chr9:22446751:body_of_pancreas:0,FN,0
-0.13623694,2.4182374,-1.0335768,-0.024937138,-0.01519479,0.39045826,-1.0574386,-0.0635292,0.39896262,-0.14573039,0,chr17:29761440:esophagus_squamous_epithelium:0,TN,0
2.006452,-1.5834051,-0.8888975,-0.8509014,1.3190542,1.7245972,-0.33306012,0.5096583,0.16835034,-1.0581117,0,chr22:12371601:sigmoid_colon:0,FP,1
-0.40053198,1.7114395,-1.1573306,-0.18934068,-0.5639666,1.2727383,2.2827547,1.3298728,0.22369845,-0.79241717,1,chr14:105707452:transverse_colon:0,FN,0
4.7024107,-1.3836358,0.22277187,-1.6401192,-0.34993234,0.35766292,0.11058812,-0.7217444,-0.18165536,-0.39610747,1,chr17:22910010:upper_lobe_of_left_lung:0,TP,1
-3.3333292,0.9831638,2.8759143,-1.1502479,-0.059332214,0.16545713,-0.08261864,-0.3070878,-1.3330938,-0.09714614,0,chr10:44972748:body_of_pancreas:0,TN,0
0.70524484,1.922774,-1.8576187,0.39688548,-0.3741727,-0.543552,-0.2725418,-0.17078681,0.5098609,-0.09588543,1,chr7:139360144:prostate_gland:0,TP,1
-0.6948155,3.3638558,-0.092391685,0.26840758,-0.22089083,-0.014313509,-1.2862508,-0.5642457,0.34204486,0.014736506,0,chr4:213015:upper_lobe_of_left_lung:0,TN,0
3.6463041,0.16924861,0.8533646,-0.37762573,0.78174585,0.45667326,-0.10131193,0.055952605,0.7227994,0.33909494,1,chr10:47380949:body_of_pancreas:0,TP,1
4.342475,-1.8272438,-1.004368,-1.8384417,-0.39012784,0.014708138,0.31870848,-0.82535076,0.029174672,-0.41043726,1,chr17:22995734:lower_leg_skin:0,TP,1
-2.493709,1.0512977,1.958372,-0.9883115,0.30203286,-0.061822798,-0.6194449,0.74065185,-1.312387,0.39503178,1,chr6:11778854:transverse_colon:0,FN,0
-4.1017976,-1.042374,1.4738258,0.26487935,-1.173497,0.2318659,-0.07247377,-0.72510946,-0.28358856,0.3375897,0,chr6:1397614:transverse_colon:0,TN,0
3.9333203,-0.16468644,-0.5031427,0.75757617,-0.8355257,-0.8570017,0.19286543,0.18625407,-0.3305556,-0.54415655,0,chr22:49827827:upper_lobe_of_left_lung:0,FP,1
3.0250237,-0.19266315,1.8114325,0.13550372,-0.0015379386,-0.84750116,0.021632614,0.49629217,0.09803712,0.8466546,1,chr1:146387712:body_of_pancreas:0,TP,1
-2.7129574,-1.2477626,0.63344955,1.4224707,-0.43819827,1.0281048,-0.07054493,-0.43447715,-0.034240954,-0.1737988,0,chr16:3071082:body_of_pancreas:0,TN,0
2.2152,0.85472506,1.5784867,0.7152591,0.11286443,-0.64235854,0.4652633,0.70743,0.1279194,0.72796696,0,chr10:102777276:transverse_colon:0,FP,1
1.1521732,-1.0602843,-0.38298795,0.29647186,1.2306706,1.4782662,0.6407804,-0.016894085,0.575351,-0.53950065,1,chr6:31352360:transverse_colon:0,TP,1
-1.0472378,-1.4381157,1.1902696,0.9466563,0.07039499,0.097856335,-1.063867,1.2530172,0.13472314,-0.048891164,0,chr8:128539955:body_of_pancreas:0,TN,0
4.580744,-1.0501952,0.37624556,-0.5967572,-0.42259565,-0.47981974,0.041637514,-0.3376024,-0.41822532,0.09424433,1,chr3:75785586:lower_leg_skin:0,TP,1
-3.62444,-1.7059574,0.6400194,-0.056019615,-0.06654771,-0.36610317,-0.19364344,0.039152734,-0.08522947,-0.24175777,0,chr20:33797282:body_of_pancreas:0,TN,0
-2.8825698,-0.8301821,2.063603,0.37601915,-0.9323176,0.79077286,-0.3567457,-0.1267009,-0.63267976,0.5596827,0,chr4:162122209:lower_leg_skin:0,TN,0
3.035136,0.33077294,2.0748224,-0.4244769,1.2736334,0.10043256,-0.041772038,0.120781116,0.6713084,0.8745671,0,chr10:31707423:transverse_colon:0,FP,1
-1.5412596,2.5971112,-0.82263255,-0.6289208,-0.047596,0.33629426,-0.34187895,0.13127771,0.2513093,0.4301815,1,chr3:11642890:body_of_pancreas:0,FN,0
3.3746154,-0.8400382,-0.356781,0.1761449,1.1200944,0.5636858,0.11025259,-0.11624641,0.3984767,-0.71933585,1,chr19:21585519:body_of_pancreas:0,TP,1
3.5197334,1.4656345,1.7624822,0.8220507,-1.5254155,-0.7515212,-0.048073538,0.6709434,0.23217075,-0.6721683,1,chr6:151390284:esophagus_squamous_epithelium:0,TP,1
-1.2702985,1.924718,-1.1623943,-0.05003873,0.11613905,-0.4729248,0.84365606,0.26221034,-0.9059431,-0.7446659,1,chr10:79826865:body_of_pancreas:0,FN,0
-2.1331043,-2.1168232,-0.4065036,-0.0004796068,-0.5533039,-0.38523653,-0.20241256,0.6497211,1.371495,-0.19341132,1,chr4:166788038:transverse_colon:0,FN,0
3.1793323,0.57320184,1.2135361,0.46359643,-0.6273694,-0.5611049,-0.5397038,0.5620579,-0.5120991,1.1108648,0,chr11:71253305:body_of_pancreas:0,FP,1
0.30945706,0.39186576,-1.7224913,0.18367817,0.48841825,0.6634369,0.44839504,-0.27746072,0.2851201,-0.027556492,1,chr14:99551043:body_of_pancreas:0,TP,1
-3.801977,-0.8369432,1.0011305,-1.1193174,-0.19048128,-0.53343666,-0.23295441,0.10221168,-0.44665277,-0.42537263,0,chr10:35129597:body_of_pancreas:0,TN,0
3.7510147,-0.15114032,1.8690852,0.2994685,0.36831805,-0.47499773,-0.44247073,0.9184185,-0.011842519,0.22894208,0,chr7:73832873:body_of_pancreas:0,FP,1
-2.6106613,-1.0606941,0.39885622,1.2581695,-0.7936828,0.48104885,0.663848,-0.76174545,-0.13147417,0.20217179,0,chr4:25787690:body_of_pancreas:0,TN,0
2.3515933,0.31325203,-1.1778572,0.40371007,0.56742704,-0.47637835,0.27742207,0.08664987,-0.844398,0.3028952,1,chr6:29942700:transverse_colon:0,TP,1
3.8239126,0.86092573,1.1804587,0.57061327,-1.2459968,-1.1753398,-0.019199725,-0.24682057,0.4511047,-0.06745499,0,chr6:159693278:esophagus_squamous_epithelium:0,FP,1
-1.8667355,2.4623327,-1.2355312,-0.42038777,-0.0021894407,0.2209144,-0.008549543,-0.11015554,-0.17924236,-0.30207485,1,chr1:109740349:body_of_pancreas:0,FN,0
0.3340712,1.8942097,-2.7442021,0.87730503,-0.48485482,0.09756333,0.22889087,0.31251064,-0.29420635,-0.7857917,0,chr4:3955363:spleen:0,FP,1
-2.0597422,1.4401932,1.2318916,-0.6852457,0.6651219,-0.5940065,-0.13916923,-1.1087978,0.37138706,-0.2756791,1,chr1:85578244:body_of_pancreas:0,FN,0
4.2544518,-0.8112496,-0.09976665,0.07897706,-0.7767684,-0.7246718,0.39513093,-0.22782867,-0.3070967,-0.009755914,1,chr11:910791:body_of_pancreas:0,TP,1
4.580744,-1.0501952,0.37624556,-0.5967572,-0.42259565,-0.47981974,0.041637514,-0.3376024,-0.41822532,0.09424433,1,chr3:75785586:body_of_pancreas:0,TP,1
-0.995185,1.337389,-0.23505107,-0.46802822,1.070641,-0.50040525,-0.13266428,-0.35359544,-0.6051275,0.14250278,1,chr16:29261648:body_of_pancreas:0,FN,0
-4.018675,-0.59455675,2.0531757,-0.50384915,-0.7918088,0.15566541,-0.34672195,0.26182353,-0.38613766,-0.29602185,0,chr11:74736592:body_of_pancreas:0,TN,0
3.694793,-0.4452374,1.5800972,0.36024025,0.2661033,-0.6828939,0.45348537,0.2888463,0.2374937,0.8219089,1,chr7:142753299:body_of_pancreas:0,TP,1
0.62970823,-0.36010394,-4.3673067,-0.0612061,-0.63853616,0.22794475,-0.84143317,0.078990236,-0.9427816,1.1363147,1,chr12:8390622:body_of_pancreas:0,TP,1
-3.245408,-2.4335217,-0.7016661,0.636829,-0.5727106,-0.246498,-0.2608885,0.18437104,1.1868654,-0.09144287,0,chr10:13675596:body_of_pancreas:0,TN,0
4.631809,-0.5733914,0.8973385,-0.2918859,-0.7517954,-0.5158018,0.08013802,-0.22656196,-0.4001986,-0.3833848,1,chr3:125766575:upper_lobe_of_left_lung:0,TP,1
4.545222,-0.8041056,0.8052864,-0.14208429,-0.2914679,-0.39844492,0.16822049,0.13707523,-0.003231074,-0.2202202,1,chr7:5897796:body_of_pancreas:0,TP,1
1.1998447,-2.131042,-4.1450453,-1.4188356,-0.68297803,1.4318024,-0.7812896,0.31934136,-1.0003066,0.8244187,1,chr2:93001854:lower_leg_skin:0,TP,1
2.2187545,1.5755588,0.94945014,0.46048567,0.19700535,-1.2658874,0.26534554,-0.12806697,-0.24279973,0.30086127,0,chr1:209675254:body_of_pancreas:0,FP,1
-0.22035752,2.215999,-2.4447856,0.08791083,-1.2115933,1.0102859,-0.59132403,0.7533025,0.07785476,0.3836707,0,chr2:85418469:upper_lobe_of_left_lung:0,TN,0
-1.1546793,1.1461424,0.44724622,0.19569328,0.31218466,-0.46867788,-0.79068714,0.3382916,0.31263146,-0.5581523,0,chr1:26921330:transverse_colon:0,TN,0
-0.40918526,-1.7585278,-0.82120097,-0.03997836,-0.49906746,0.52921927,-0.26231402,1.0556964,-0.10077835,0.12899685,1,chr16:56804692:body_of_pancreas:0,FN,0
-1.0668889,-0.16543667,-2.2699103,-0.019415643,0.23774883,-0.07131355,0.22320598,1.1872199,-1.3189892,1.5659654,0,chr13:46797564:transverse_colon:0,TN,0
-3.7815857,-0.72904754,-0.11111212,-1.5155224,-0.12294869,-1.0095655,-0.27577987,-0.1244988,-0.2777446,-0.4532959,0,chr6:135287105:body_of_pancreas:0,TN,0
-2.963964,-1.7966555,-0.015155308,1.293107,-0.7989449,0.48449832,0.073267855,-0.888202,-0.11552364,0.03484425,0,chr9:107250585:body_of_pancreas:0,TN,0
4.706109,-1.4326906,-0.1558192,-1.5310799,-0.23670535,0.32961625,0.06521004,-0.7244347,-0.25392103,-0.43206006,0,chr17:26601406:upper_lobe_of_left_lung:0,FP,1
-3.9289336,-0.9606244,0.4310911,-1.2086499,-0.17131826,-0.627865,-0.77402645,0.34314212,-0.08905315,-0.5670009,0,chr4:173671651:body_of_pancreas:0,TN,0
4.100403,-1.1494193,-0.89018005,0.1705357,-0.6174689,-0.6381088,0.5313369,-0.45926696,-0.7990609,0.035422392,1,chr2:178451162:esophagus_squamous_epithelium:0,TP,1
4.65746,-0.59822303,0.76399565,-0.13031949,-0.85033476,-0.5862634,-0.2021404,-0.1821461,-0.060789764,-0.3173526,1,chr12:42144491:body_of_pancreas:0,TP,1
0.6991459,-0.46650058,-0.8300417,-0.5956384,0.879706,1.0489068,-0.5226751,0.9781722,-0.42231035,0.956347,1,chr7:142754770:body_of_pancreas:0,TP,1
-2.644856,-1.3885807,1.0499781,0.54609483,-0.5602233,0.427145,-0.16085644,-0.046748795,0.22958249,-0.37851033,0,chr9:88193666:body_of_pancreas:0,TN,0
-1.896395,-0.018263666,2.176777,0.05633156,0.5182029,0.34433812,0.5996422,-0.38787434,-1.7255521,0.95508015,1,chr2:112588835:body_of_pancreas:0,FN,0
-2.1826625,-2.4190433,-1.2271,1.1770508,-0.4466206,0.58000845,0.18143602,-0.8029913,0.6505879,-0.639104,0,chr1:8370095:body_of_pancreas:0,TN,0
-1.3730127,-1.7068655,-2.263344,0.7736169,0.23963018,-0.80319005,0.766673,0.14191905,0.7928363,0.87590915,0,chr19:41231438:body_of_pancreas:0,TN,0
-0.7311112,3.5448098,0.29098624,0.17614141,-0.32424682,0.420949,-0.0880493,-0.31326315,0.5297436,-0.9215737,1,chr5:142324804:lower_leg_skin:0,FN,0
4.1558814,-0.94975066,0.7977941,-0.67911625,-0.44851172,0.10340124,-0.09305207,0.043587916,-0.30328432,0.39777753,1,chr17:43361366:upper_lobe_of_left_lung:0,TP,1
1.3028201,-0.8299847,-1.3589436,0.7835599,1.6002862,-0.8911616,0.48691592,0.2739707,0.6603474,0.6473363,1,chr10:29947668:body_of_pancreas:0,TP,1
-2.410963,1.7298387,1.1896361,-0.6873767,0.7681157,-0.21603204,-0.015583838,-0.5016685,0.03762403,0.22125426,0,chr2:84906845:transverse_colon:0,TN,0
4.631511,-1.3344362,0.015691916,-1.51211,-0.321604,0.30337763,0.043144375,-0.7928709,-0.27255368,-0.39680937,0,chr17:22850695:prostate_gland:0,FP,1
-3.3634014,0.436318,-0.37006143,-1.1155307,0.43381432,-0.2324624,-0.026440589,-0.21719587,-0.047921628,-0.41470495,0,chr22:38686168:body_of_pancreas:0,TN,0
0.96215415,2.2240946,-1.7975235,0.5263369,-0.29297796,-0.31936488,-0.8364131,0.01764252,0.4450989,-0.62153447,1,chr17:81488315:body_of_pancreas:0,TP,1
4.270212,-1.1828768,0.10993475,-0.4336642,-0.36302924,-0.40489876,-0.08766416,-0.18218169,-0.06659249,-0.31429052,1,chr17:43361305:transverse_colon:0,TP,1
-2.7564402,-1.4021077,1.1476868,0.4117892,-0.5747757,-0.012023212,-0.20222038,0.3915658,0.30180338,0.077565074,1,chr7:101729064:transverse_colon:0,FN,0
3.6425893,-1.3772,-0.5528858,-0.66674864,0.50410795,0.75622725,-0.41801566,-0.17923844,-0.36196423,-0.73792315,1,chr18:20582234:prostate_gland:0,TP,1
-1.0508232,2.2203794,-1.9304878,-0.1073688,-1.0063065,1.18187,0.7263914,0.8936631,-0.16967942,0.006054136,0,chr6:2903277:spleen:0,TN,0
1.6579665,1.5856849,-0.36700487,0.5672629,-0.6850665,-0.4223997,-0.45285726,-0.022517864,-0.4172837,0.13238277,1,chr6:32664541:upper_lobe_of_left_lung:0,TP,1
-4.31797,-0.8408844,1.4678823,-0.52118164,-1.2451483,-0.28366637,-0.32201704,-0.434026,-0.11118947,-0.04929099,1,chr8:13129075:upper_lobe_of_left_lung:0,FN,0
2.6862373,-0.040574547,1.1321696,-0.29378405,0.65060735,0.7861592,-0.8469338,0.9550495,0.2609706,-0.109128155,1,chr21:38805128:body_of_pancreas:0,TP,1
-1.0237187,2.6770322,-1.0777259,0.03777563,-0.029481329,0.100153156,-1.0524477,-0.3065969,-0.06395151,0.08548021,1,chr19:36775886:body_of_pancreas:0,FN,0
-1.0175015,2.2451909,-1.5083259,-0.07884063,0.026038399,-0.12005503,-0.20059264,-0.9915452,0.48537764,0.11488776,1,chr20:25863504:body_of_pancreas:0,FN,0
4.580744,-1.0501952,0.37624556,-0.5967572,-0.42259565,-0.47981974,0.041637514,-0.3376024,-0.41822532,0.09424433,1,chr3:75785586:esophagus_squamous_epithelium:0,TP,1
-2.9443736,1.7161974,-0.35851675,-0.79908645,0.17457078,0.45169735,0.27857122,0.06801274,-0.241428,0.3616975,0,chr6:43806697:body_of_pancreas:0,TN,0
-3.2539322,-1.9642165,-0.51021326,0.78403854,-0.6763681,0.1445759,0.08970497,-0.6494972,0.16645248,0.18875039,0,chr12:32131086:body_of_pancreas:0,TN,0
-2.5786498,-0.677026,1.2919369,0.7556047,-0.9218924,-0.1531967,1.0160632,-0.97983915,0.502742,0.34783322,0,chr10:109984945:body_of_pancreas:0,TN,0
-3.3824108,-0.53960675,0.6429292,0.5780144,-0.75728554,0.044472754,-0.42879212,-1.007914,-0.28832972,-0.23910949,0,chr19:52922362:body_of_pancreas:0,TN,0
-1.0798752,0.64584994,-0.88506824,0.6438361,0.22428225,-1.1651479,0.3309908,-0.68838495,0.40383038,1.0101739,1,chr11:8329035:body_of_pancreas:0,FN,0
4.580744,-1.0501952,0.37624556,-0.5967572,-0.42259565,-0.47981974,0.041637514,-0.3376024,-0.41822532,0.09424433,1,chr3:75785586:transverse_colon:0,TP,1
-2.2782676,1.2581903,0.8382209,-0.7154098,0.26267275,0.21258539,1.247385,0.8746553,-0.73401564,-0.1720771,1,chr22:27918556:body_of_pancreas:0,FN,0
-1.4314073,-1.584203,-0.2617882,0.69467187,0.5922502,0.41374663,1.273632,-0.37903494,0.64898056,-0.028806277,0,chr1:151501876:transverse_colon:0,TN,0
3.0989306,1.6303123,3.0519047,0.8717646,-0.3259664,-0.92755455,0.3739108,-0.0054653115,0.5190408,0.49982113,0,chr1:43557943:transverse_colon:0,FP,1
0.9495843,0.9662875,-2.9234772,0.3428777,-0.9223544,0.5532811,1.427657,0.77170765,0.05000875,-0.80772394,1,chr6:34792384:upper_lobe_of_left_lung:0,TP,1
-3.110571,-0.99367714,-0.66074187,-0.049948514,-0.29121915,-0.83517915,0.24591064,-0.31137106,-0.32512975,0.23517053,0,chr1:16741091:sigmoid_colon:0,TN,0
-3.4071631,0.43582177,0.14998652,-1.2335901,0.16852352,-0.3120553,1.0372915,-0.10610672,0.2216234,0.33378136,1,chr6:32668406:body_of_pancreas:0,FN,0
-3.2826114,-1.1057131,0.89640343,-0.5852906,-0.22467467,-0.65046865,-0.16188288,0.17639591,0.24166879,-0.30919224,1,chr20:30215572:lower_leg_skin:0,FN,0
-3.631144,-1.6318913,0.21974376,1.0512927,-1.2049779,0.5054149,0.032618463,-0.801134,0.13655852,0.1776991,0,chr2:227843145:body_of_pancreas:0,TN,0
4.4703994,-1.2969189,0.4938882,-1.0645909,-0.30307627,-0.13514054,0.2838802,-0.34878582,0.5575422,0.57436496,1,chr7:142771919:body_of_pancreas:0,TP,1
-2.2620068,0.5572178,-0.6678614,-0.4518265,1.5058019,0.3754231,0.48253053,-0.39984307,0.5450415,-0.092728935,1,chr11:59186301:transverse_colon:0,FN,0
-2.4691684,-0.55680007,2.3143015,-0.21217427,-0.10516808,0.2779606,-0.29641232,0.31422383,-0.58708,0.52516764,0,chr12:55656921:body_of_pancreas:0,TN,0
-0.8286417,-0.8640426,0.5596694,1.8027123,0.42681572,0.7050542,0.6903554,-1.2645564,-0.8628856,0.5659082,0,chr18:680984:transverse_colon:0,TN,0
4.41818,-1.0330905,-0.26492625,-0.28023252,-0.5572981,-0.9084357,0.28733668,-0.19541325,-0.26831022,0.06512305,1,chr12:52949220:esophagus_squamous_epithelium:0,TP,1
0.22224437,2.616517,-1.0787057,0.80778885,-0.054254636,-0.07310788,-1.4126254,-0.7114069,0.054670554,-0.8635538,1,chr10:46106454:body_of_pancreas:0,FN,0
0.99370414,0.15479802,0.40691158,-0.4635994,-0.19797763,0.5078386,0.24211352,0.091474816,0.3409062,0.24590181,0,chr1:183022219:esophagus_squamous_epithelium:0,FP,1
-2.4907506,0.9221878,0.72059023,-0.93998957,0.68419063,-0.5462746,0.5303506,0.055527367,-0.1821039,0.15985695,0,chr11:2903858:transverse_colon:0,TN,0
2.9672072,-1.0286825,0.13200141,-0.40242508,-0.48093823,0.7554696,0.7344995,-0.109414905,-0.8340115,-0.445651,0,chr9:113614259:stomach:0,FP,1
-1.6377996,1.9702722,-0.09915496,-0.23873098,1.1149395,-0.5693366,-0.9410035,-0.35914484,0.3348582,-0.2560209,0,chr17:75550242:body_of_pancreas:0,TN,0
-3.2485006,-1.7010773,0.59570277,0.059976954,-0.9261392,0.4083108,-0.5862193,0.24145167,0.4427873,0.011734192,0,chr20:8073296:body_of_pancreas:0,TN,0
4.5118265,-0.89844805,0.85173947,-0.2836594,0.13667415,0.08133358,0.1490467,-0.1894846,0.41350287,0.23803367,1,chr7:142760654:body_of_pancreas:0,TP,1
-1.740421,0.26035714,2.5123463,-1.122777,0.5242729,0.088512,0.34189042,0.24584311,0.005770588,-0.12897037,0,chr2:242177561:body_of_pancreas:0,TN,0
-3.898793,-1.8665042,-0.15067424,0.14005221,-1.0556072,-0.29864702,-0.60887873,0.27702793,0.74627954,-0.3619095,0,chr15:59021727:body_of_pancreas:0,TN,0
-3.9781346,-0.6538751,1.1741278,-0.6053884,-0.46775553,-0.4394578,-0.12389483,-0.0038360306,0.10614896,-0.470467,0,chr21:45108651:body_of_pancreas:0,TN,0
2.2742646,1.7883878,2.4437675,-0.08126763,0.32581615,0.18081807,0.3305018,-0.5870992,0.2426106,0.3496543,0,chr20:63688110:transverse_colon:0,FP,1
2.9819584,-1.7841793,-1.1717322,-0.9666934,1.0561391,0.8947058,-0.6102505,0.33542725,0.0928117,-0.44249794,0,chr7:20172727:transverse_colon:0,FP,1
1.9910828,1.3479273,0.25522834,-0.593918,-0.27366465,0.6795088,0.31163847,-0.53381974,1.237553,1.3993316,1,chr7:142771804:body_of_pancreas:0,TP,1
0.4708099,-0.20787601,-1.8308362,0.8749617,0.7406686,0.44930804,1.8340306,0.53577155,-0.8436319,-1.0473956,0,chr17:1724503:upper_lobe_of_left_lung:0,FP,1
-2.467129,1.8525747,1.2915245,-0.4178823,0.66950315,-0.7940765,-0.070717886,-0.19914459,0.52182865,-0.07267007,1,chr19:20052823:body_of_pancreas:0,FN,0
-4.422878,-2.271279,-0.8140417,-0.54986197,-1.0816426,-0.7184355,-0.068455465,0.07080746,0.41478348,-0.20351744,0,chr6:33114708:body_of_pancreas:0,TN,0
-1.3148128,0.46558723,0.7168781,1.0913289,1.0552179,-0.13687193,0.4148866,-0.588652,-1.6190373,0.3069907,0,chr11:46357891:body_of_pancreas:0,TN,0
-3.2579832,-2.1244423,-1.0516461,0.0854834,-0.058385,-0.8296752,0.21005553,-0.047578365,0.48677227,0.30570787,1,chr10:46542250:transverse_colon:0,FN,0
4.41818,-1.0330905,-0.26492625,-0.28023252,-0.5572981,-0.9084357,0.28733668,-0.19541325,-0.26831022,0.06512305,1,chr12:52949220:prostate_gland:0,TP,1
-2.3378496,-2.2702544,0.32159013,0.5649988,-0.6508918,-0.45653993,0.13653663,0.050817985,1.418793,0.22046141,0,chr4:93798066:body_of_pancreas:0,TN,0
-1.9334381,-1.4740334,1.1806866,0.71890265,0.12595642,0.7245314,-0.3596388,0.3869187,-0.70424044,-0.31916106,0,chr21:9585578:lower_leg_skin:0,TN,0
-2.2490227,-0.6217719,0.3226618,-0.022086022,-0.18006223,-0.72203875,0.0846655,0.6737406,-0.6359798,0.052837923,1,chr1:11908445:sigmoid_colon:0,FN,0
-3.1424575,-0.16949464,0.13477106,-0.84058493,0.88279736,-0.35782617,0.35027546,0.5192362,-0.34442917,-0.50992835,0,chr10:93481922:lower_leg_skin:0,TN,0
4.7024107,-1.3836358,0.22277187,-1.6401192,-0.34993234,0.35766292,0.11058812,-0.7217444,-0.18165536,-0.39610747,1,chr17:22910010:stomach:0,TP,1
-0.082429744,-1.8348459,-2.3002632,0.46956235,-0.30939218,-0.30692804,-0.47698814,0.31693795,0.18501401,0.8636359,0,chr7:44081693:body_of_pancreas:0,TN,0
-2.7581854,0.57315934,-0.077864364,-0.7218312,0.4749433,-0.10380078,-0.5786462,0.41700962,0.15123177,-0.14023684,0,chr3:69079530:transverse_colon:0,TN,0
-2.559387,-2.44953,-1.2779019,0.4500143,-0.30523977,-0.3734143,-0.21218012,0.5013245,0.78224105,-0.36207396,1,chr19:20769609:body_of_pancreas:0,FN,0
1.0872861,1.9656358,-1.8464819,0.13601626,-0.7445888,0.71861875,-0.46691507,0.264144,0.18239273,-0.15663347,0,chr5:141879199:upper_lobe_of_left_lung:0,FP,1
1.1879942,0.57009953,0.7532554,0.3706297,0.14128752,-0.30769268,1.1548493,0.6010555,0.51538837,1.0215002,0,chr2:237414241:esophagus_squamous_epithelium:0,FP,1
0.19964573,1.5890542,-0.27225697,0.34486723,0.50999814,-0.47348955,0.45402566,-0.5997861,-1.261744,-0.42856392,0,chr3:184812288:spleen:0,FP,1
3.508576,1.310964,2.0436397,0.7277872,-0.6612165,-1.1164199,-0.06743025,0.010548772,0.5484276,0.33513662,1,chr17:7350301:prostate_gland:0,TP,1
-0.9749281,1.6822617,-1.5134413,-0.63563955,0.55184203,1.0879486,1.181748,0.7909313,-0.22484677,0.50033647,1,chr11:117828046:body_of_pancreas:0,FN,0
0.8398304,0.9419997,-0.83718276,0.6008033,1.2520593,-0.5152786,-0.8124301,0.19010274,-0.5183752,0.4236803,1,chr9:129438140:body_of_pancreas:0,TP,1
3.8647716,-0.8723421,0.17470428,-0.99639106,-0.9009592,0.70688933,-0.056004513,-0.40869072,-0.61598617,0.41383013,1,chr17:43360648:upper_lobe_of_left_lung:0,TP,1
-2.6710546,0.46511665,-0.6017191,-0.7375721,0.95271474,-0.92017215,-0.077032045,-0.25894725,0.10693012,0.22913653,1,chr10:95467546:upper_lobe_of_left_lung:0,FN,0
-0.4674988,0.3693724,1.4632074,0.31442204,1.0831039,-0.70739365,0.64404446,0.30225024,0.742254,0.7473812,1,chr15:34362516:transverse_colon:0,FN,0
-2.1336112,-1.5299346,-2.0121589,0.08868293,0.017820189,-0.16164413,1.3515909,1.5505983,0.5314724,-0.24399753,0,chr5:172773013:transverse_colon:0,TN,0
-0.142895,1.6763471,-2.0870323,-0.15055396,0.46758148,0.34391722,-0.10226555,0.09711714,0.34052062,0.12604225,1,chr17:10845233:transverse_colon:0,FN,0
4.1178145,-2.2700408,-0.8537256,-0.8942528,0.8315633,0.0019149812,-0.10612139,0.23384213,0.48317066,0.3644697,1,chr6:32663329:body_of_pancreas:0,TP,1
-2.6188507,-0.51280844,-0.10591139,-0.47125235,0.42367575,-0.45825154,0.4749811,0.21156138,-0.63705033,1.0377939,1,chr20:64322296:lower_leg_skin:0,FN,0
-4.1170588,-1.2485876,0.42372635,-1.1179725,-0.7499296,-0.958801,-0.41734704,0.27441752,-0.10699314,-0.5135053,0,chr3:62674635:body_of_pancreas:0,TN,0
-4.105929,-2.196729,-0.53705513,-0.31953114,-1.3231013,-0.5216487,-0.0731527,0.04532945,0.5325018,-0.14061505,1,chr11:18409902:body_of_pancreas:0,FN,0
3.176132,-0.48098508,0.27083787,0.0031703466,0.471083,0.76724774,-0.2874857,0.18290171,0.4809267,-0.80792063,1,chr19:21585545:body_of_pancreas:0,TP,1
3.443646,0.17729124,2.2797868,0.5328539,0.9443479,0.18466972,0.14287406,0.20661625,0.39484957,-0.19233853,1,chr7:142771299:body_of_pancreas:0,TP,1
4.3323216,-1.4350346,-0.2790392,-0.44443727,0.3670386,-0.55737025,0.14565046,0.04303862,0.3775158,0.4142975,1,chr7:100970154:transverse_colon:0,TP,1
4.000191,0.23724824,0.8571564,0.68181735,-0.09572826,-1.5056512,0.09549477,0.27155906,0.18414524,-0.061089776,1,chr1:244970689:body_of_pancreas:0,TP,1
0.81409353,1.9488788,-0.78965306,0.12609647,-0.4418348,0.6509136,0.07571454,-0.17543931,0.529599,-0.13928543,0,chr22:49938593:body_of_pancreas:0,FP,1
4.716826,-1.4339771,-0.0525418,-1.6019807,-0.27207223,0.30846715,0.111719206,-0.74175376,-0.22884557,-0.3749409,1,chr17:22850626:prostate_gland:0,TP,1
1.4474182,1.9246266,-0.44305012,0.8688873,-0.43400517,-0.3007422,-1.3264033,0.09076526,-0.7311785,0.52350634,0,chr8:94639344:upper_lobe_of_left_lung:0,FP,1
-3.4728801,-1.9853824,-0.17087618,-0.37303552,-0.79081285,0.32377672,-0.30156752,0.31618655,-0.1177192,0.18323347,0,chr10:4280640:transverse_colon:0,TN,0
2.5272198,0.1491969,-0.92486197,0.94603425,1.1489488,-0.28764153,-0.26192307,-0.011240575,-0.4870859,-0.5562436,0,chr20:2664038:esophagus_squamous_epithelium:0,FP,1
0.51417756,0.55761224,-2.2189887,0.7109846,0.36077723,-0.6698265,-0.4112844,-0.85867757,0.035770427,0.19801718,0,chr3:38025098:prostate_gland:0,FP,1
-2.4549034,0.98729813,-0.19368449,-0.47134525,0.5371901,-0.15787584,-0.017627606,-0.33922872,-0.38417545,-0.0072789835,0,chr10:44980468:body_of_pancreas:0,TN,0
3.1516516,1.1889149,-0.5873034,0.64458495,-0.9278506,-0.9777235,0.27434328,-0.3067518,0.13007317,-0.20521098,1,chr15:75348373:upper_lobe_of_left_lung:0,TP,1
3.3909035,1.9766971,3.5406432,0.8337634,-1.2778184,-0.757264,-0.15060122,0.28211716,0.6238269,0.030108172,1,chr13:112894195:body_of_pancreas:0,TP,1
-1.6577451,-1.091302,0.54500335,1.4809142,0.35698026,0.09891558,-0.16839729,-0.1991816,-0.39014143,-1.0269587,0,chr10:97726886:body_of_pancreas:0,TN,0
3.39607,-0.5554635,0.3425675,-0.01624159,0.72286654,0.7894247,-0.22889583,0.7034832,0.3534753,-0.7673884,1,chr9:33796159:body_of_pancreas:0,TP,1
2.2152,0.85472506,1.5784867,0.7152591,0.11286443,-0.64235854,0.4652633,0.70743,0.1279194,0.72796696,0,chr10:102777276:sigmoid_colon:0,FP,1
-0.7080971,2.5605981,-1.0448157,0.56272197,-0.46878648,-0.25964364,-0.7195337,-0.7157828,-0.6210423,-0.008230192,1,chr16:69965396:esophagus_squamous_epithelium:0,FN,0
1.4800547,-0.8610703,0.8163998,0.74659806,0.9676801,0.0773105,-0.08391901,-0.7096228,-0.8278495,-0.0053446875,1,chr16:18522113:body_of_pancreas:0,TP,1
-2.901646,0.13584845,1.4293547,-1.0596968,-0.0098725185,0.077472664,0.41183248,0.38157275,-0.30961704,-0.21247514,0,chr5:115625183:body_of_pancreas:0,TN,0
3.1652358,-0.4686286,-2.2016609,0.20185928,-0.5261572,-0.531729,-0.36479232,0.22272153,-0.82750225,-0.26804632,0,chr2:241734688:spleen:0,FP,1
-1.8352565,1.1681949,-2.0399032,-0.7243138,0.07536027,0.34371194,0.4501808,-0.69274586,0.3546791,1.0760926,0,chr9:130187549:esophagus_squamous_epithelium:0,TN,0
-1.462329,1.9139681,-1.128666,-0.38330495,0.048185505,-0.016550826,0.9578644,-0.38107434,0.20064338,0.3257811,0,chr13:21675835:body_of_pancreas:0,TN,0
-0.2575521,1.886783,-2.3510265,0.3426486,-0.114534356,-0.10244953,-0.5218406,-0.80027586,0.44741648,0.19893384,1,chr11:7514105:transverse_colon:0,FN,0
3.6425893,-1.3772,-0.5528858,-0.66674864,0.50410795,0.75622725,-0.41801566,-0.17923844,-0.36196423,-0.73792315,1,chr18:20582234:body_of_pancreas:0,TP,1
0.5599852,1.0291462,-0.8468499,0.17112553,-0.5497407,0.6372841,0.7189277,0.99354655,0.038523965,1.5528722,1,chr19:13023069:body_of_pancreas:0,TP,1
-0.9987712,-1.1315128,0.30654255,0.8273607,-0.40913036,0.64529264,0.47952873,0.14151646,-0.32444298,0.9499828,0,chr17:57749762:body_of_pancreas:0,TN,0
2.4978263,-1.4504907,-0.014732231,0.5837541,0.97788155,1.1700349,-0.725294,0.35882077,0.24193512,-1.1557561,0,chr1:200067661:body_of_pancreas:0,FP,1
-1.808505,1.7268953,0.6375473,-0.83724123,0.61100245,-0.19784217,0.37946087,-1.1401384,0.38575,0.47153932,0,chr22:26793078:transverse_colon:0,TN,0
-2.8939126,0.8536005,1.0026463,-0.67616427,0.3245166,-0.6337741,0.20233932,-0.3837561,-0.787383,-0.5714811,0,chr20:30289803:body_of_pancreas:0,TN,0
-3.576435,-1.1055945,0.31751528,-0.53354466,0.12191187,-0.79858,0.006001426,0.20667511,-0.5565006,-0.15515879,0,chr3:71163838:body_of_pancreas:0,TN,0
-3.1585083,1.5660833,1.1494864,-0.9947043,0.45211273,-0.052915398,-0.10486253,-0.62799245,0.0012297129,-0.1842499,0,chr5:7208951:body_of_pancreas:0,TN,0
-0.85089433,2.6366353,-1.1790464,0.218173,0.27536497,0.26263326,-0.7172294,-0.05885025,-0.11759878,-0.37887564,0,chr5:150000595:prostate_gland:0,TN,0
-3.8725753,-0.99153847,0.48555064,-0.7264393,-0.17649542,-0.84683156,-0.23509906,-0.025401983,0.033818483,-0.52782625,0,chr2:57760672:body_of_pancreas:0,TN,0
-4.0508084,-1.7213619,-0.08990094,0.06036917,-0.8634844,-0.7828923,-0.39569697,0.18263516,0.13598324,-0.08765187,0,chr17:61643712:sigmoid_colon:0,TN,0
-2.7366602,-1.5368873,1.0873989,0.34966278,-0.41033334,0.43441316,-0.5908006,0.49230283,0.4259092,-0.39022207,0,chr21:33971632:transverse_colon:0,TN,0
1.5712676,-0.3983159,-0.82045794,-0.12193921,1.1869936,0.5058358,-0.6119414,0.6293822,-0.79124236,-0.65765965,0,chr12:1932980:transverse_colon:0,FP,1
4.5005665,-1.04146,0.4363165,-0.15968847,-0.32521206,-0.4283954,0.20237634,-0.07703059,-0.15058257,0.20555443,1,chr7:5897771:body_of_pancreas:0,TP,1
-1.3804767,-1.695556,-0.8452508,1.666561,0.045249473,0.26103875,0.50945544,-1.1715744,-0.13335098,0.33403084,0,chr19:35769663:body_of_pancreas:0,TN,0
2.241209,0.26444146,1.9568955,-0.38048455,1.082672,0.6611724,1.0893711,-0.63707197,0.7011197,1.6238743,1,chr6:32668352:body_of_pancreas:0,TP,1
-1.4582003,-1.0459522,1.4049386,0.87666196,-0.16158593,1.1067295,0.21899334,-0.88509566,-0.101056255,0.0062628305,0,chr1:171347302:body_of_pancreas:0,TN,0
-3.0561645,0.443299,0.38951224,-1.1123253,0.18975617,0.0033333614,0.10528126,-0.43438426,-1.206708,0.2991514,1,chr3:36993454:esophagus_squamous_epithelium:0,FN,0
-1.1546793,1.1461424,0.44724622,0.19569328,0.31218466,-0.46867788,-0.79068714,0.3382916,0.31263146,-0.5581523,1,chr1:26921330:body_of_pancreas:0,FN,0
4.0363574,0.65968907,0.9810478,0.67147917,-0.8673926,-0.9491482,0.1918077,0.2904726,-0.17821395,-0.2670389,1,chr7:30284575:transverse_colon:0,TP,1
-3.3524082,-0.32249448,1.4128149,-0.37962157,0.43592694,-0.37693962,-0.32037526,0.73021966,0.038495023,0.05445281,0,chr5:172383484:prostate_gland:0,TN,0
-1.0231056,2.552701,-9.151027e-05,-0.06349233,1.683372,0.2270197,-0.43715307,-0.84065455,0.28496423,-0.26445612,0,chr7:100949401:lower_leg_skin:0,TN,0
-3.1562772,-0.9212059,1.242875,0.7063853,-0.5840602,0.5258708,0.020459171,-0.48694444,-0.76159,0.8929981,0,chr8:58173254:body_of_pancreas:0,TN,0
-2.9214857,-1.9282317,0.044434518,0.2608965,-0.71842563,0.0355663,0.26638317,0.09184887,0.3941887,0.19886017,0,chr4:37560981:body_of_pancreas:0,TN,0
-0.6615583,-0.70387536,-1.3340333,0.14187795,1.6542618,-0.8207571,-0.22485662,0.82333946,-0.97682595,0.75131136,1,chr3:130081705:body_of_pancreas:0,FN,0
2.5257082,1.8342184,0.13586056,1.1145008,-0.5046601,-1.3344934,-0.7760491,0.059078,0.46578848,-0.41948494,0,chr13:45341345:esophagus_squamous_epithelium:0,FP,1
-2.2387745,-2.1163652,-0.9133439,1.0527496,-0.34501836,0.029985953,-0.021297684,-0.23514524,-0.036626916,-0.3340666,0,chr12:52262935:body_of_pancreas:0,TN,0
-3.7364373,0.025618708,3.5525088,-0.35207418,-1.0329354,0.5811597,-0.46270758,-0.57481194,-0.5484929,-0.08182401,1,chr11:10528112:transverse_colon:0,FN,0
-4.0647664,-0.29429743,0.89527035,-0.56804293,0.03425195,-0.21463838,0.26089904,-0.08509367,-0.3523053,-0.21313377,1,chr1:159866962:body_of_pancreas:0,FN,0
-1.245276,2.8722034,-1.0896572,0.24068475,-0.31998307,0.17732756,-0.1104605,-0.007924871,-0.041252468,-0.15303823,1,chr4:40056442:body_of_pancreas:0,FN,0
4.716826,-1.4339771,-0.0525418,-1.6019807,-0.27207223,0.30846715,0.111719206,-0.74175376,-0.22884557,-0.3749409,1,chr17:22850626:transverse_colon:0,TP,1
1.0685155,0.6132855,-1.7869344,-0.17024897,-0.44676647,0.4179078,0.52610916,0.8278584,-0.48861337,1.7475147,1,chr12:38138330:body_of_pancreas:0,TP,1
-1.4162685,0.7951804,-0.5367429,-0.7314991,1.1598657,-0.1046228,-0.035675395,0.007687021,-0.27672306,0.2445871,1,chr18:13222693:body_of_pancreas:0,FN,0
3.7215278,0.09455028,1.0630089,0.4595169,-0.96093243,-1.1395837,0.66370726,-0.3219577,-0.07760059,0.49498472,1,chr7:44146355:body_of_pancreas:0,TP,1
-2.3576803,1.3450177,-1.222867,-0.72136647,-0.0029990212,-0.40363416,0.232478,-0.3728384,-0.48363805,0.07224176,0,chr6:80004515:upper_lobe_of_left_lung:0,TN,0
0.011827015,-1.8520871,0.58493227,0.1903255,0.6007811,1.2362847,0.21777727,0.4976832,0.48218772,-0.84706473,0,chr9:42413985:body_of_pancreas:0,TN,0
3.15926,0.7153569,1.2585247,-0.13974343,-0.85771424,0.5023491,0.7812321,0.22019319,-0.5469088,0.4219557,1,chr8:2728273:body_of_pancreas:0,TP,1
-2.1081443,1.143793,0.5803932,-0.491083,1.1641321,-0.7373194,0.14401132,-0.88013434,-0.12016924,-0.21297705,1,chr16:88504548:body_of_pancreas:0,FN,0
4.0363574,0.65968907,0.9810478,0.67147917,-0.8673926,-0.9491482,0.1918077,0.2904726,-0.17821395,-0.2670389,1,chr7:30284575:esophagus_squamous_epithelium:0,TP,1
-0.7038655,3.0724165,0.6112969,-0.2391048,-1.2058122,1.1593671,1.8075547,1.1489544,0.6457508,-0.8933275,1,chr12:69360049:transverse_colon:0,FN,0
-1.6951153,2.0453815,-1.9128159,-0.50752777,-0.1551854,0.5912352,-0.68281627,-0.47754267,0.034861602,0.65902144,0,chr6:144286148:upper_lobe_of_left_lung:0,TN,0
-1.5803373,2.1251507,-1.0084656,-0.39146343,0.4657252,0.42539665,0.88540506,-0.6376051,0.02634696,-0.15049326,0,chr16:90044389:transverse_colon:0,TN,0
3.0233796,0.6580659,2.604128,0.34528914,-0.06724879,-0.6626168,0.01336226,0.85940224,0.1768983,0.86560804,1,chr2:135052237:body_of_pancreas:0,TP,1
-0.31055886,1.71444,-1.6397166,-0.06285419,0.34862122,-0.18817523,-0.17317171,0.31024522,0.27279842,-0.2507824,0,chr7:264949:transverse_colon:0,TN,0
-1.307579,-0.07651653,2.1482558,1.6265076,0.7687905,0.7770504,-0.46812707,-0.29947037,-1.0350374,-0.0403107,0,chr2:217824464:body_of_pancreas:0,TN,0
-3.881042,-2.1781614,-0.6949628,0.38420895,-1.4560028,-0.41977954,-0.32200724,0.041046925,0.94929737,-0.10175702,0,chr20:8745955:body_of_pancreas:0,TN,0
0.04784059,2.3481638,-0.93600506,0.6692639,-0.24428937,0.061764352,0.41086498,-0.8191807,0.9724952,0.5258902,0,chr8:143573144:body_of_pancreas:0,TN,0
4.2210975,-1.5994579,-0.24976188,-0.5604851,-0.45907384,0.29745468,0.21380843,-0.42079666,-0.41942698,-0.0760799,1,chr2:43219159:lower_leg_skin:0,TP,1
1.1343948,-0.0326388,-2.2738304,0.4105187,1.1713543,-0.6034578,0.35569587,-1.0877719,0.30900475,-0.050845753,0,chr22:50190021:body_of_pancreas:0,FP,1
-1.4945254,-0.45044747,0.6858658,0.30589047,0.395443,0.045060538,-0.123884745,0.92397016,0.036126386,-0.0786852,0,chr6:106750347:body_of_pancreas:0,TN,0
-3.5110457,-0.0132222185,1.0391176,-1.2226948,0.21722665,-0.1769009,-0.5427691,0.47863573,-0.5731942,-0.16873287,0,chr11:7605865:transverse_colon:0,TN,0
-1.3718076,1.6432463,-2.453749,-0.35853142,-0.3279829,1.0710382,0.15658897,0.445644,0.3224592,0.45634818,1,chr22:48719368:body_of_pancreas:0,FN,0
-0.14320889,2.230896,-0.9173657,0.90142703,0.1596019,-0.16880932,-0.87620544,-0.26641202,-0.45794204,-0.44916084,1,chr10:1056855:esophagus_squamous_epithelium:0,FN,0
-3.5495365,-1.0636407,1.1264784,-0.35723856,0.27076814,-0.5679749,0.59134203,-0.48292834,0.07492004,0.49444264,0,chr18:9869867:body_of_pancreas:0,TN,0
1.327818,2.189569,-0.1738681,0.5822031,-0.14670785,-0.51834005,-0.62923753,-0.21547481,1.1634159,0.6564824,1,chr19:46714486:transverse_colon:0,TP,1
-0.37029618,1.4920331,-2.5665267,-0.17685509,-0.5538689,0.5548232,-0.43037707,0.060274582,0.24702442,0.7419279,0,chr11:78417000:upper_lobe_of_left_lung:0,TN,0
2.346262,1.029487,-1.813142,1.224,-0.6305933,-1.0731596,0.48961452,-0.27596086,-0.61087453,-0.4853306,0,chr17:76585942:transverse_colon:0,FP,1
0.44721788,0.23235612,-3.7112355,0.54664207,-0.46145245,-0.59168774,-0.73693806,-0.22743207,-0.84103143,0.054705866,1,chr20:62642483:transverse_colon:0,TP,1
-3.7364028,-1.7918116,-0.36650327,-0.070436664,-0.13610531,-0.7360438,-0.5781761,0.5073588,0.3661392,-0.6306657,0,chr7:66655932:transverse_colon:0,TN,0
-3.7033703,-1.0774611,-0.15592353,-0.40261495,-0.3897148,-0.76031154,0.48687968,-0.1927496,0.037793316,-0.13081712,0,chr7:142747963:body_of_pancreas:0,TN,0
3.657655,-0.4706147,1.1715744,-0.81655806,-0.24360299,-0.016635243,0.23949826,-0.44234776,1.1044201,0.9212554,1,chr10:47381332:body_of_pancreas:0,TP,1
4.580744,-1.0501952,0.37624556,-0.5967572,-0.42259565,-0.47981974,0.041637514,-0.3376024,-0.41822532,0.09424433,1,chr3:75785586:sigmoid_colon:0,TP,1
1.2586992,0.63296837,-3.5147107,0.059720926,-0.8903438,0.2739058,-0.01984372,0.40321052,-0.20507781,-0.21622865,1,chr16:1770990:transverse_colon:0,TP,1
2.0328515,-1.038078,-4.6043997,0.4337867,-0.3009698,0.03199189,-1.6328866,0.4319786,-0.047607306,-0.106729254,1,chr20:26208460:body_of_pancreas:0,TP,1
-0.6038969,2.5029812,-1.0559038,0.12334338,0.68297875,0.5484383,-0.1312501,-0.19709605,0.20258412,-0.19471902,0,chr14:50003354:transverse_colon:0,TN,0
-3.8816745,-0.46781105,1.4358354,-1.1458719,-0.26371717,-0.5586604,-0.48274967,-0.0730431,-0.21552528,-0.67426515,0,chr10:99934464:stomach:0,TN,0
4.0727286,-1.0208712,0.31118205,-0.6380145,0.6485558,0.20419142,0.088910766,-0.4946484,0.8002874,0.4733532,1,chr7:142500199:body_of_pancreas:0,TP,1
-2.2578878,1.0388616,-0.6327641,-0.7390104,0.7749128,-0.32929438,0.5891773,-1.3776281,-0.453651,0.5400442,1,chr17:76688369:body_of_pancreas:0,FN,0
-0.6795749,-2.3396351,-1.1854831,1.9331046,0.36990333,0.1624461,0.39413434,-0.8211014,0.1128731,-0.1670286,1,chr22:38553671:body_of_pancreas:0,FN,0
1.9367187,-0.4323615,0.06965097,1.1615735,0.95508176,0.00012094828,0.6172946,-0.31536844,-0.6352245,0.024603203,0,chr19:35639049:transverse_colon:0,FP,1
0.84757006,0.42653382,-0.4492533,1.403502,1.6174899,-1.2000825,-0.124279,0.22418357,0.38687462,-0.16492061,0,chr7:1513333:prostate_gland:0,FP,1
3.8647716,-0.8723421,0.17470428,-0.99639106,-0.9009592,0.70688933,-0.056004513,-0.40869072,-0.61598617,0.41383013,1,chr17:43360648:prostate_gland:0,TP,1
2.7514193,0.4876426,1.0900048,0.13464852,-0.6538558,-0.11829195,-0.20774151,0.24205315,0.12713507,-0.47565874,0,chr4:183399203:body_of_pancreas:0,FP,1
-2.2657306,-1.1600606,1.5679232,0.14110938,-1.1653756,0.6482502,-0.6920084,0.58893806,0.25891796,0.10573045,0,chr7:111557234:body_of_pancreas:0,TN,0
2.9091709,1.1456697,0.83716524,0.16593604,0.47810823,-0.4935191,-0.64075404,-0.37435675,1.0442392,0.4713289,0,chr21:45294633:transverse_colon:0,FP,1
-0.8636281,2.7131329,-1.4212065,-0.046307728,-0.5630404,0.8774326,-0.24132009,-0.20393437,0.37759283,-0.124533,0,chr5:43066609:transverse_colon:0,TN,0
-1.3851838,1.9046279,-1.8873843,-0.4205894,-0.83180165,1.0815417,0.5476946,0.1300289,0.21124843,0.3435528,0,chr17:82444419:transverse_colon:0,TN,0
0.9543188,-2.1639092,-0.69725734,1.0176842,0.87674445,-1.1653582,0.5270147,0.5333869,-0.15227498,0.28776252,0,chr19:55118156:transverse_colon:0,FP,1
4.2210975,-1.5994579,-0.24976188,-0.5604851,-0.45907384,0.29745468,0.21380843,-0.42079666,-0.41942698,-0.0760799,1,chr2:43219159:transverse_colon:0,TP,1
1.4650034,2.2598732,0.28141037,0.36577836,-0.64587736,-0.060058758,-1.1319755,-0.26490435,0.5568776,-0.044893336,0,chr10:88582940:sigmoid_colon:0,FP,1
-1.7553437,-0.15285572,0.9910118,0.07073824,0.4330336,-0.042362224,0.4170445,0.80798453,-0.4500641,0.1768831,0,chr20:25230093:body_of_pancreas:0,TN,0
-2.5768712,-1.5008117,0.48907983,1.51532,-1.0453355,0.68765074,-0.41344827,-0.5822887,-0.23399162,-0.07683745,0,chr7:73732794:transverse_colon:0,TN,0
3.161218,-0.5207168,2.389818,-0.39387977,0.786311,1.2039328,-0.53364015,0.078505315,0.16149457,-0.82173634,1,chr5:145954562:body_of_pancreas:0,TP,1
-1.5945458,-0.23746498,1.0096588,1.2188373,0.27033582,0.3595468,-0.5428368,-0.086123705,-1.0618596,0.57507896,1,chr17:64995778:body_of_pancreas:0,FN,0
-0.96237403,-1.5053593,0.5351892,1.3618416,0.08946775,1.2635767,-0.73479676,-0.094422996,0.22141236,-0.31364933,0,chr10:26838133:body_of_pancreas:0,TN,0
0.70524484,1.922774,-1.8576187,0.39688548,-0.3741727,-0.543552,-0.2725418,-0.17078681,0.5098609,-0.09588543,0,chr7:139360144:upper_lobe_of_left_lung:0,FP,1
-2.0210845,-1.5057573,0.28732398,2.0563211,-0.1968439,0.87887985,-0.2537366,-0.43274033,-0.5286899,0.08026547,0,chr6:42200862:body_of_pancreas:0,TN,0
-2.16501,-2.7222705,-1.6708007,-0.070977144,-0.7876347,-0.6211476,0.050188184,-0.04127767,0.7338327,-0.30571127,0,chr19:48259982:body_of_pancreas:0,TN,0
-1.0266712,0.7976725,-3.0379362,-0.35553434,-0.4769117,0.83488214,-0.89407825,0.49951544,-0.57377404,1.3581762,0,chr14:95535045:sigmoid_colon:0,TN,0
-1.6546705,-1.4226446,1.0010993,1.48643,-0.425928,1.0633326,0.10685598,-0.41050008,0.27906236,0.0826789,0,chr1:93883199:sigmoid_colon:0,TN,0
2.0674098,-1.0344552,-0.686822,-0.66209567,1.3706826,1.5828372,-0.22397335,0.4343911,-0.013374457,-0.4939552,0,chr19:27392173:stomach:0,FP,1
-0.40247878,4.0690665,2.229223,0.07055332,-1.099156,0.9038928,0.63611394,-0.17481922,0.3455728,-0.90478945,1,chr1:3857731:body_of_pancreas:0,FN,0
1.7203927,0.8185858,-1.1552516,-0.0950042,-1.9405384,0.19449955,-1.2205527,0.41274786,-0.095954694,0.7254095,1,chr6:31356758:body_of_pancreas:0,TP,1
-4.1630926,-1.1915318,0.8309393,-0.53502667,-0.22207192,-0.641374,-0.056377314,0.18237057,0.04666672,-0.25350732,0,chr7:142711900:body_of_pancreas:0,TN,0
1.6216817,-1.2405438,-1.4864095,-0.7574763,0.9431614,1.8819088,0.81333363,0.835038,-0.5028511,-0.9499263,0,chr20:28878205:lower_leg_skin:0,FP,1
-3.5092556,0.67466027,1.0540357,-1.1636487,-0.16587827,-0.571145,0.009024085,-0.19983459,-0.34436327,-0.7735883,1,chr22:12166695:esophagus_squamous_epithelium:0,FN,0
4.5726876,-1.1855427,0.53659946,-0.8763038,-0.2579208,-0.28249118,0.19895141,-0.43545553,0.037716985,0.3781397,1,chr7:100965344:transverse_colon:0,TP,1
3.359509,-0.9774907,-0.28280717,-0.17073742,0.9088997,0.28107724,-0.16965471,-0.17824166,0.3987266,-0.4762608,1,chr19:21585486:body_of_pancreas:0,TP,1
-3.7472556,0.09918578,0.011042981,-1.1687067,0.23396368,-0.7200933,-0.06330357,-0.5265668,-0.37380207,0.16199201,1,chr16:13957918:body_of_pancreas:0,FN,0
-3.9896965,-1.0784107,-0.8572962,-0.3527632,-0.47551396,-0.7042077,0.29410127,0.14680155,-0.124961145,0.05841729,0,chr3:128404942:body_of_pancreas:0,TN,0
-2.63488,0.48673746,2.2007828,-0.78046846,0.881496,-0.5521375,-0.2484316,0.52027434,-0.54847723,-0.043715898,0,chr6:25962722:prostate_gland:0,TN,0
3.8647716,-0.8723421,0.17470428,-0.99639106,-0.9009592,0.70688933,-0.056004513,-0.40869072,-0.61598617,0.41383013,1,chr17:43360648:spleen:0,TP,1
-4.1441526,-1.4892365,0.04979142,-0.8630202,-0.6699351,-0.7498483,-0.46514592,0.16747531,-0.1387799,-0.73998815,0,chr17:49780059:body_of_pancreas:0,TN,0
-2.801272,1.1198533,-0.8251252,-0.6806444,0.30915043,-0.34867483,0.40226486,-0.17762,0.26812693,-0.23807709,1,chr11:1629259:body_of_pancreas:0,FN,0
-1.4579926,-1.5254694,-3.0113425,0.16225007,0.12974131,-0.48726347,-0.4660857,0.03367702,0.7017836,0.6978773,0,chr2:232593120:transverse_colon:0,TN,0
4.562074,-1.5219735,-0.48815438,-0.62303776,-0.5547671,-0.29903516,0.032906447,-0.13192208,-0.20785426,-0.038385287,1,chr7:100966066:body_of_pancreas:0,TP,1
1.8340592,2.2928107,2.5793948,0.95135623,-0.6061451,-0.46154928,0.5097195,1.1239402,-0.045666866,-0.08300897,1,chr11:119107326:transverse_colon:0,TP,1
-2.6173515,-1.3719053,-0.037249252,0.18513513,0.27076915,-0.16167217,0.109034546,1.0921295,0.2227482,0.33938608,0,chr10:13981577:body_of_pancreas:0,TN,0
-0.5183809,-0.92711675,-0.1139695,0.8450961,1.5449417,-0.80539083,0.10821752,0.37348092,0.2506927,0.18438755,0,chr12:124368504:body_of_pancreas:0,TN,0
-4.022638,-1.3561784,0.9215998,-0.0770408,-1.406877,0.08686062,-0.13468221,-0.6140417,0.671716,0.16694957,0,chr18:62051912:body_of_pancreas:0,TN,0
-3.009096,-1.1585602,1.3907865,-0.024940765,-0.8186104,0.05762562,-0.25024053,0.00880046,0.43804052,0.21691895,0,chr3:170961499:body_of_pancreas:0,TN,0
0.4441096,1.6228309,-0.29291475,-0.64142585,0.8755227,0.6744786,0.76354474,-0.33134273,1.7930975,0.66453654,0,chr1:205962266:body_of_pancreas:0,FP,1
-2.2592955,-1.5716399,0.32605034,0.70709044,0.90505224,0.12676916,0.19909737,-0.13922326,0.06309451,0.5388395,0,chr16:84459916:transverse_colon:0,TN,0
-0.9644938,3.076216,-0.8318168,0.4099238,0.2527853,-0.17473271,-0.6621137,-0.72831345,0.45246884,-0.21376212,1,chr11:3642438:esophagus_squamous_epithelium:0,FN,0
1.4716614,1.1261966,-1.0809218,0.595211,-0.61097497,-0.95466954,-0.93765086,-0.16568777,-0.5860514,-0.2309159,1,chr19:29942710:body_of_pancreas:0,TP,1
-3.390793,-0.34726185,-0.6604375,-1.0191824,0.24002388,-0.6336662,-0.5284393,-0.35757485,-0.18103915,0.10542854,0,chr4:73453565:body_of_pancreas:0,TN,0
2.006452,-1.5834051,-0.8888975,-0.8509014,1.3190542,1.7245972,-0.33306012,0.5096583,0.16835034,-1.0581117,0,chr22:12371601:upper_lobe_of_left_lung:0,FP,1
4.65746,-0.59822303,0.76399565,-0.13031949,-0.85033476,-0.5862634,-0.2021404,-0.1821461,-0.060789764,-0.3173526,1,chr12:42144491:transverse_colon:0,TP,1
1.0681068,0.34304395,-0.9665266,0.60641783,0.29334423,-0.16794302,0.82358176,1.6121128,-0.44018134,-0.16597138,0,chr9:136524208:transverse_colon:0,FP,1
-3.778808,-0.1546145,0.5070838,-1.1395708,-0.54785424,-0.84218574,0.49040377,-0.18023382,-0.22057468,-0.3113093,0,chr19:4471841:transverse_colon:0,TN,0
-1.1355041,-0.5076682,0.82591903,-0.5268879,0.0846112,0.109191366,-0.6745638,0.9962135,-0.12274956,0.7094468,0,chr9:92307812:body_of_pancreas:0,TN,0
-1.8057312,-0.94884664,1.4739321,0.036064554,-0.13104233,1.4356453,-0.45813543,-0.048143104,0.21708456,0.111015536,0,chr12:92567128:body_of_pancreas:0,TN,0
-0.08398703,1.6551492,-0.038943898,0.30771342,-0.43560654,-0.21430497,0.7692876,0.11054063,1.4326324,0.7116257,1,chr19:50331273:body_of_pancreas:0,FN,0
4.7024107,-1.3836358,0.22277187,-1.6401192,-0.34993234,0.35766292,0.11058812,-0.7217444,-0.18165536,-0.39610747,1,chr17:22910010:lower_leg_skin:0,TP,1
-2.7393014,0.3254764,2.7954113,0.45834893,-0.20575939,0.72804946,-0.35172242,-0.18390168,-1.160437,0.72746015,0,chr1:61190416:body_of_pancreas:0,TN,0
-3.411698,-1.1527636,0.89588016,-0.23795138,-0.09629054,-0.47037748,-0.2532788,0.2797842,0.27575588,-0.3125423,1,chr1:173050041:prostate_gland:0,FN,0
-1.1675341,-1.4284492,-0.43898204,1.1539152,0.048498146,0.12629797,0.69939786,-1.2897267,-0.5024394,0.44204214,1,chr19:20424627:body_of_pancreas:0,FN,0
3.6157343,1.122966,1.5305045,0.04198587,-1.0443408,-0.189703,-0.22465824,-0.35150483,-0.49322355,-0.41351247,1,chr9:129437101:prostate_gland:0,TP,1
2.9091709,1.1456697,0.83716524,0.16593604,0.47810823,-0.4935191,-0.64075404,-0.37435675,1.0442392,0.4713289,0,chr21:45294633:body_of_pancreas:0,FP,1
-1.747763,1.9454918,0.015190525,-0.5042362,0.59031296,0.21383205,-0.06698639,0.5323208,0.45151293,0.2891795,0,chr3:43622545:transverse_colon:0,TN,0
3.5197334,1.4656345,1.7624822,0.8220507,-1.5254155,-0.7515212,-0.048073538,0.6709434,0.23217075,-0.6721683,1,chr6:151390284:body_of_pancreas:0,TP,1
1.5194426,-0.9903141,0.05269349,0.6070173,1.2415091,-0.22562814,-0.29224506,0.6536221,-0.17872761,0.02840416,0,chr2:105404010:transverse_colon:0,FP,1
-0.840992,-0.1569376,1.0189282,-0.03904112,1.9499774,0.6044143,-1.1715004,0.9229339,-0.022007396,-0.09385523,0,chr1:28249159:body_of_pancreas:0,TN,0
4.100403,-1.1494193,-0.89018005,0.1705357,-0.6174689,-0.6381088,0.5313369,-0.45926696,-0.7990609,0.035422392,1,chr2:178451162:gastroesophageal_sphincter:0,TP,1
3.930853,-1.4541955,-0.044606097,-1.114746,0.2381761,-0.1224363,0.34223413,-0.2658096,1.0704396,1.1674321,1,chr6:32666793:transverse_colon:0,TP,1
1.4262172,0.5436902,1.763108,-0.35697222,-0.48415416,1.6639644,-0.14940315,0.7047822,-0.19642214,-0.11806344,1,chr7:142766514:body_of_pancreas:0,TP,1
-2.9934282,-0.8414202,2.4144568,-0.414907,-0.77913445,0.08034888,-0.02859849,-0.36507562,-0.11194249,0.2782716,1,chr5:134202908:body_of_pancreas:0,FN,0
-4.0265555,-2.4259834,-1.6165384,-0.5630889,-0.71745205,-0.95523137,-0.39884377,0.28483924,0.7285747,-0.2915539,1,chr1:75588750:body_of_pancreas:0,FN,0
-0.16446312,3.1363108,-0.74150515,-0.0061884443,-0.59454656,0.98282516,-0.49973017,0.35812896,0.3192043,0.39848235,1,chr7:65770888:esophagus_squamous_epithelium:0,FN,0
4.152248,-0.56686527,0.35963154,0.42277277,-0.45594114,-0.487749,-0.22918199,-0.013440792,-0.16831149,-0.4723074,1,chr14:23988791:body_of_pancreas:0,TP,1
3.8647716,-0.8723421,0.17470428,-0.99639106,-0.9009592,0.70688933,-0.056004513,-0.40869072,-0.61598617,0.41383013,1,chr17:43360648:esophagus_squamous_epithelium:0,TP,1
2.287865,1.8638794,0.73602617,0.6652563,-0.7182836,-0.45971543,0.28122187,1.0663252,0.1597402,-0.22538044,1,chr19:12996599:body_of_pancreas:0,TP,1
-2.8961084,-1.5553294,1.0836952,-0.08464173,-1.1388882,0.6306777,-0.5691499,0.28093174,0.4519148,0.21529117,0,chr15:62157284:body_of_pancreas:0,TN,0
4.41588,-1.2773837,0.19449447,-0.63833785,0.23004487,-0.112037696,-0.18806009,-0.07223393,0.2527265,0.10829533,1,chr7:100973299:transverse_colon:0,TP,1
0.6962327,-1.0404909,0.1526041,1.8048427,1.3183004,-0.5927279,0.7395249,-0.54976004,-0.8961047,0.18079507,1,chr19:2542837:body_of_pancreas:0,TP,1
0.20479535,0.5736161,-1.4025486,-0.18417142,0.60512155,0.22499879,0.871091,-0.36633784,0.5853991,-0.34753484,0,chr20:45894907:body_of_pancreas:0,FP,1
3.798611,0.5614519,0.81791556,0.23331243,-0.49402726,-0.5519607,-0.1963609,-0.22924198,0.34361798,-0.03684733,1,chr6:32664803:transverse_colon:0,TP,1
-2.8180637,-1.5272596,0.028725712,1.099418,-0.6203356,0.4729723,-0.008249131,-0.68014514,0.2335355,-0.066494614,0,chr8:23548828:body_of_pancreas:0,TN,0
2.0790603,-1.6091825,0.7511573,0.49916974,0.9449562,1.2696375,-0.7168384,0.39220953,0.6243485,-0.66541797,0,chr9:42413186:body_of_pancreas:0,FP,1
-1.330916,0.20513897,1.3846382,0.22487202,0.63362634,-0.25771385,0.89059216,0.16194668,0.36200193,1.0165201,0,chr11:118930930:body_of_pancreas:0,TN,0
-0.7602265,2.0345438,-1.6171917,-0.18411031,-0.36708412,0.8351581,0.038879037,-0.5664201,0.36996698,0.78087515,0,chr16:29260187:body_of_pancreas:0,TN,0
-1.5502135,-1.5120082,1.7614068,0.46506742,-0.49861297,0.73540276,-1.009509,0.81673837,0.5628685,0.2375485,0,chr15:83808237:body_of_pancreas:0,TN,0
-0.8137746,-0.43255,2.0637746,0.20255993,1.1070653,0.77342385,-0.6914845,0.09373069,-0.10509252,-0.10007538,0,chr19:51657051:body_of_pancreas:0,TN,0
-0.59590286,3.145177,-0.22160657,0.31086454,-0.18909109,0.31573653,-0.3499833,-0.6178496,0.41912276,-0.8378875,0,chr12:133037432:body_of_pancreas:0,TN,0
1.2300195,2.5354404,2.8997412,0.43493295,0.8294963,0.32268456,-1.1133842,0.6135071,0.124756224,-0.21725547,1,chr1:16513433:upper_lobe_of_left_lung:0,TP,1
-0.7571856,0.66284114,0.6023368,-0.090169325,1.0888139,0.43233523,0.54023355,0.59331256,0.29499775,-0.11133329,0,chr7:130371649:body_of_pancreas:0,TN,0
-0.20418414,-0.34698886,0.41635466,0.41148093,1.432745,-1.0523796,0.16837808,0.56161684,-0.6098908,0.5116711,0,chr20:47711164:body_of_pancreas:0,TN,0
2.6761346,-0.8522112,-0.8480558,-0.2625225,0.41480327,0.73657006,0.20758067,-0.2495419,0.53874445,-0.9759858,1,chr4:7978909:transverse_colon:0,TP,1
-0.68388444,0.7461933,-0.72291774,0.09280358,0.42157072,-0.8753451,-0.35308444,0.012270844,-0.5864872,0.077647865,1,chr19:34677528:upper_lobe_of_left_lung:0,FN,0
-1.0628186,-0.41165346,-0.4049104,0.26584417,-1.1477245,1.8835069,2.4105022,1.3351383,0.26713136,-0.95023185,1,chr6:31352398:transverse_colon:0,FN,0
3.1928391,-0.5591756,1.1021103,0.41704994,0.9351604,-0.42961627,-0.4268664,0.5577516,-0.17819038,-0.0073434184,1,chr5:150658235:transverse_colon:0,TP,1
-1.1402737,-1.9903302,-1.2626497,1.357344,0.013555885,1.0183376,0.012411174,-0.56287944,0.48462388,-1.3332223,0,chr11:116797794:body_of_pancreas:0,TN,0
-0.4880137,2.0386355,-0.59857845,0.646345,0.2762283,-0.6878244,0.35110945,-0.22045958,0.7332106,-0.007596469,0,chr20:44187097:transverse_colon:0,TN,0
0.8533852,-0.75001556,0.41767925,1.4395206,0.63708425,0.5156924,-0.09320445,-0.24502234,-0.68985915,-0.373575,1,chr5:69044500:body_of_pancreas:0,TP,1
-1.6453916,1.8591013,2.3664587,-0.54338664,0.5481701,-0.48145515,0.49549034,0.2507475,-0.5531814,-0.2937417,1,chr21:37009896:body_of_pancreas:0,FN,0
-1.7638706,2.330771,-0.2885602,-0.266441,0.17538358,-0.285334,-0.7837419,-0.53812504,0.26028055,0.039287563,1,chr14:64880848:body_of_pancreas:0,FN,0
-1.0080072,-0.19535324,-4.0436397,-0.20033145,-0.3647878,0.7846982,-1.1690367,0.37892136,-1.1098162,1.5002556,0,chr3:196943220:body_of_pancreas:0,TN,0
1.2740514,-0.65811807,1.2168785,-0.8068798,0.92841613,0.9984109,-1.2921273,0.9149685,0.4356422,-0.84171957,1,chr18:9101948:body_of_pancreas:0,TP,1
-1.4220947,1.9193733,-1.7602032,-0.33949795,-0.43775198,1.1752498,2.0536857,0.5607768,0.447618,-1.1232784,1,chr11:1041812:body_of_pancreas:0,FN,0
-0.9633946,-2.1948726,-0.9429538,1.1510048,-0.28535506,0.28240725,0.35852665,-0.4323516,-0.21522866,0.21717125,1,chr3:195744554:transverse_colon:0,FN,0
1.1892103,1.8746653,1.760852,0.87668467,1.0215951,-0.9410039,-0.046685517,-0.1539134,0.5133748,0.14967658,1,chr8:141234867:body_of_pancreas:0,TP,1
1.8340592,2.2928107,2.5793948,0.95135623,-0.6061451,-0.46154928,0.5097195,1.1239402,-0.045666866,-0.08300897,1,chr11:119107326:body_of_pancreas:0,TP,1
-4.247305,-0.91771287,0.1911662,-0.9949371,-0.21500923,-1.1881241,-0.28602707,-0.18113789,-0.029140979,-0.630414,0,chr12:48201098:transverse_colon:0,TN,0
-2.1640098,-0.1868551,0.38568094,-0.97906506,0.31609735,-0.37293455,1.1760632,-0.12633897,0.38570514,0.96706927,1,chr6:32668383:body_of_pancreas:0,FN,0
-4.0671167,-1.9653784,-0.59895325,0.032231346,-0.59506124,-0.7278603,0.0076783434,-0.155091,0.26426688,-0.08298518,0,chr10:24464498:transverse_colon:0,TN,0
-0.11103203,1.0756143,0.6321479,0.3921181,0.82358974,-1.3193234,-0.2588656,0.63896435,-0.62513775,0.39377674,1,chr13:40922772:transverse_colon:0,FN,0
4.0685987,-1.4415903,0.1765857,-1.0216385,0.13390864,-0.10257527,0.41065022,-0.28269082,0.93708456,1.0697176,1,chr6:32666689:body_of_pancreas:0,TP,1
-0.7044617,2.035305,-0.396089,0.11778342,0.74445045,0.46425733,0.07570522,-0.20664278,0.7398315,-0.101388395,0,chr11:44569178:prostate_gland:0,TN,0
-2.8923924,-1.5432037,-0.16005683,0.69322634,-0.45444983,0.10139882,0.71520424,-0.43063322,-0.19647652,-0.19688801,1,chr20:53604990:sigmoid_colon:0,FN,0
-3.6075788,-1.5068916,0.3940235,0.31142712,-1.111211,0.14327465,-0.27188632,-0.348698,0.3242653,-0.25848714,0,chr6:152987176:body_of_pancreas:0,TN,0
-0.8811176,-0.25078565,1.1408467,0.46713042,0.5321596,0.8443684,0.5282895,0.90710646,-0.08335607,0.3452067,0,chr1:15128695:transverse_colon:0,TN,0
-2.5906138,-2.165918,-1.6665233,0.30188063,0.9473654,-0.97722733,-0.121216245,0.83450294,0.58260757,-0.018313622,0,chr17:49998725:body_of_pancreas:0,TN,0
3.923945,0.12293145,0.8197199,-0.30773255,-0.34714472,0.09934344,-0.29101565,-0.37384582,0.13801171,0.17422748,1,chr7:100965057:transverse_colon:0,TP,1
-2.7218146,-1.2082824,1.4930583,0.43190038,0.16522221,-0.40951815,-0.23736012,0.58324826,0.045948606,-0.28671512,0,chr2:218734544:body_of_pancreas:0,TN,0
-1.6703471,2.6137006,0.2487985,-0.1124192,0.84408987,0.011484377,-1.0028796,-0.34787652,0.46220896,-0.37955034,1,chr1:16513775:body_of_pancreas:0,FN,0
-1.2842617,1.9768215,-2.2492409,-0.47802186,0.43733764,0.93368906,-0.3267671,-0.2643558,1.3602953,0.2953046,1,chr3:195746617:transverse_colon:0,FN,0
3.6425893,-1.3772,-0.5528858,-0.66674864,0.50410795,0.75622725,-0.41801566,-0.17923844,-0.36196423,-0.73792315,1,chr18:20582234:upper_lobe_of_left_lung:0,TP,1
-3.824204,-1.4439814,0.8496204,0.13065097,-1.0781083,0.100265585,-0.181752,-0.5411624,-0.018897422,-0.0069338237,0,chr3:188167064:transverse_colon:0,TN,0
0.9926056,1.1773075,-2.132254,0.35183015,-0.4897481,0.042138807,-0.96861356,0.6122115,-0.22167815,0.3908036,1,chr9:64369337:sigmoid_colon:0,TP,1
-1.033412,-0.8715161,0.11570294,-1.0318208,0.6058185,0.7528884,-0.5846568,0.8198134,0.3623604,-0.714759,0,chr9:99162794:body_of_pancreas:0,TN,0
-3.0341947,-2.3209906,-1.1857883,-0.102623604,-0.5388014,-0.70794904,-0.054181524,0.58682877,0.80532545,0.53608954,1,chr3:9588420:stomach:0,FN,0
-1.315706,2.3155825,0.20291074,-0.33861765,0.01192722,-0.7402683,0.028138494,-1.4024042,0.25940257,-0.014495434,1,chr21:13980283:body_of_pancreas:0,FN,0
-3.4840426,-0.7947836,1.4216031,0.2715647,-0.82309055,0.40120006,-0.5057389,-0.07550808,0.4407128,-0.29049495,0,chr1:184773962:body_of_pancreas:0,TN,0
2.7314978,0.6928969,0.76251584,-0.75965977,-0.04423629,0.5570921,0.66724974,-0.23761395,1.0705832,1.4292477,1,chr7:142771793:body_of_pancreas:0,TP,1
-3.551137,-0.57813495,1.7079464,0.5242955,-0.50579363,0.06078177,-0.111665666,-0.5146915,-0.85666144,0.27280635,0,chr16:17382995:body_of_pancreas:0,TN,0
-2.083791,2.224197,-0.28885093,-0.5776105,0.53564316,-0.14494026,-0.4062408,-1.0320522,-0.15826227,-0.41871762,1,chr1:54581721:esophagus_squamous_epithelium:0,FN,0
-3.748372,-1.3165466,0.020750556,0.052762277,-0.44945186,-0.4418811,0.42088324,0.20207928,-0.1733095,-0.12789369,0,chr19:10742619:body_of_pancreas:0,TN,0
0.12357352,-1.1330428,0.12279071,0.16262901,-0.4489056,0.7293006,-1.6188924,1.1150049,0.7616902,-0.480094,1,chr9:42417029:body_of_pancreas:0,TP,1
1.3713126,2.7941463,1.4511766,0.4121657,-1.3049474,0.26488602,-0.66690403,0.5408775,0.64549106,0.47965077,1,chr1:67053738:transverse_colon:0,TP,1
-3.0159695,-0.24186195,1.0519178,0.37891102,-0.40866688,0.15318605,0.037506558,-0.27888536,-0.43689227,0.015672939,0,chr7:129091505:body_of_pancreas:0,TN,0
-1.9296412,2.0328975,-1.5553043,-0.06545891,0.19559415,0.49380252,-0.41822043,-0.32129788,-0.31603613,0.24818058,0,chr6:32969623:sigmoid_colon:0,TN,0
4.243579,-0.15033703,0.48967922,0.21749395,-1.0862397,-0.9360363,0.012138462,1.0101004e-05,-0.40345588,-0.21683064,1,chr20:3407775:prostate_gland:0,TP,1
-3.6501868,-0.48611042,-0.058364622,-1.0837414,-0.23325676,-0.1993818,0.34320784,1.1378553,0.29919288,-0.6034517,0,chr10:114605281:transverse_colon:0,TN,0
-3.7745585,-1.3373139,0.8457732,-1.0222199,-0.35595113,-0.21550012,-0.5579463,0.28705403,-0.11967127,-0.5272724,0,chr1:97798053:body_of_pancreas:0,TN,0
1.5007797,-0.109975465,0.5790141,1.2678828,1.2583153,0.00863766,-0.17155756,0.22000554,0.03642014,-0.70700043,0,chr1:27070671:body_of_pancreas:0,FP,1
-2.2741284,1.935637,-0.8500858,-1.0563829,0.7990107,0.08174765,-0.36663663,-1.2558933,0.47703174,0.21409671,0,chr9:97557611:body_of_pancreas:0,TN,0
-3.4876642,-0.8515722,1.1344945,-0.72522664,0.27400714,-0.20584713,-0.6210205,0.28957966,0.13291782,-0.7261713,1,chr10:46784015:body_of_pancreas:0,FN,0
4.4535103,-1.2381316,0.44389412,-1.3650371,-0.346554,0.3368904,-0.19397524,-0.56468475,-0.313578,-0.7491776,1,chr8:44457243:stomach:0,TP,1
-2.7776592,-2.2710917,-1.2830478,0.05997547,0.5121668,-0.26307532,0.10778866,0.18567921,-0.04998887,0.34108636,1,chr15:63047654:body_of_pancreas:0,FN,0
1.8308209,-0.85868245,-3.111136,-0.17672682,-1.2708225,0.13448907,-1.0527937,0.65007323,-1.138453,1.2129765,1,chr6:31356837:body_of_pancreas:0,TP,1
-0.29388046,-1.890865,-0.714895,1.4057016,0.51381695,0.59344774,0.74928856,-0.803355,-0.5207086,0.36512843,1,chr20:53676145:sigmoid_colon:0,FN,0
4.0321817,0.3111152,2.3921032,0.11286988,-0.76796925,-0.42155686,0.44125915,0.35808468,0.2300125,0.33459526,0,chr6:31815077:sigmoid_colon:0,FP,1
-0.3489654,0.30030316,-2.639801,0.12861614,0.3169614,-0.28985417,0.10437168,0.30002108,-0.9314615,0.29279023,0,chr14:75127135:prostate_gland:0,TN,0
1.8308209,-0.85868245,-3.111136,-0.17672682,-1.2708225,0.13448907,-1.0527937,0.65007323,-1.138453,1.2129765,0,chr6:31356837:upper_lobe_of_left_lung:0,FP,1
-0.84993106,0.14934348,1.1361725,0.033414435,0.22587469,-0.3518764,-0.2843422,0.25401795,-1.0481336,0.44549608,0,chr14:59187974:upper_lobe_of_left_lung:0,TN,0
1.8136729,-0.47140777,1.1994549,-0.4441973,0.514616,0.4251881,-0.03118837,0.8014531,0.19456944,0.690748,1,chr1:33013298:esophagus_squamous_epithelium:0,TP,1
3.0971687,0.10216717,-0.54282314,-0.010767167,-0.25035337,-0.29371274,0.48163885,-0.06968896,-0.33703083,0.3851126,1,chr9:129437018:transverse_colon:0,TP,1
-0.44501892,-0.2588473,1.8023467,1.3280745,0.15232815,0.6943889,-0.06792136,-0.5257575,-0.5472529,-0.11686566,0,chr11:65914493:body_of_pancreas:0,TN,0
2.8414345,-1.0278108,0.16306885,1.1193552,0.77909964,0.018393677,0.30079508,-0.85488904,-0.4683433,-0.27854672,0,chr22:45242358:body_of_pancreas:0,FP,1
-2.1096237,1.354623,0.7251527,-0.49169847,0.58100426,-0.5031121,-0.0732276,0.26426995,-0.03114623,-0.43508896,0,chr21:36927414:transverse_colon:0,TN,0
1.2310115,1.8386711,-1.0773224,0.48661876,-0.42886847,-0.47364396,0.67561764,-0.84603006,0.91366035,0.0029719332,1,chr6:32664849:body_of_pancreas:0,TP,1
2.1354213,1.9241529,0.8151952,0.012972122,-0.9172334,0.7564174,0.44493186,0.056818526,0.004729031,0.0070771305,1,chr20:47188000:sigmoid_colon:0,TP,1
4.2553287,-0.42152113,1.2694573,-0.3107875,-0.03551189,-0.23407309,-0.06622838,-0.103524156,0.36739403,-0.23831226,1,chr7:100972425:transverse_colon:0,TP,1
0.20154496,-3.1180036,-3.085606,0.34360296,0.0026210852,-0.5301245,0.8517931,-0.9830029,1.0162151,0.1067708,1,chr14:30690667:body_of_pancreas:0,TP,1
-3.7759898,-1.8803202,0.2367067,-0.38768724,-0.70076394,-0.6879597,-0.3985568,0.51153004,0.65685135,-0.25882986,0,chr5:167012296:body_of_pancreas:0,TN,0
4.580744,-1.0501952,0.37624556,-0.5967572,-0.42259565,-0.47981974,0.041637514,-0.3376024,-0.41822532,0.09424433,1,chr3:75785586:upper_lobe_of_left_lung:0,TP,1
-0.51298577,1.497778,-0.43265975,0.17065197,-0.3485151,0.1515518,1.4291565,0.70590633,-0.71353537,-0.557805,0,chr7:135170966:transverse_colon:0,TN,0
-0.12113717,2.055748,-1.8486742,0.24078901,-0.3851847,0.82520956,-0.95230144,-0.12225073,-0.10845465,0.2178626,0,chr12:38905750:spleen:0,TN,0
-1.5650326,1.6792935,-1.23331,-0.5101123,0.88494575,0.21648541,-0.15194903,-0.4416214,0.31482318,0.1829239,0,chr17:73770611:body_of_pancreas:0,TN,0
2.556532,-0.6746844,-0.30081135,0.7993304,0.47535107,1.0258504,0.5446167,0.14258778,-0.046790507,-1.041512,1,chr11:112081504:body_of_pancreas:0,TP,1
-2.5031652,1.0453573,-0.006939588,-0.6422353,0.80457824,-0.38806763,0.49503526,-0.7874494,-0.1331453,-0.042159677,0,chr16:74162:upper_lobe_of_left_lung:0,TN,0
-0.4360644,1.8303251,-0.009277998,0.8520791,0.5695345,-0.042166572,-0.03416463,-0.16223049,-0.80818117,-0.4626538,0,chr22:50562961:lower_leg_skin:0,TN,0
-3.5503623,-0.26662114,1.1675342,-0.9931461,0.36457866,-0.69067085,-0.31605646,0.35877627,-0.26198888,-0.4490099,1,chr4:185816947:body_of_pancreas:0,FN,0
4.342475,-1.8272438,-1.004368,-1.8384417,-0.39012784,0.014708138,0.31870848,-0.82535076,0.029174672,-0.41043726,1,chr17:22995734:transverse_colon:0,TP,1
-2.9756258,-0.42654935,2.655975,-0.23937982,-0.6134926,0.25889692,-0.39694107,-0.097487,-0.46591496,0.21858038,0,chr9:65759932:body_of_pancreas:0,TN,0
-3.4884908,-0.8759792,0.6146254,-1.2679461,0.3087409,-0.83778113,0.24876516,0.07669852,-0.034744475,-0.15197887,0,chr1:162192543:body_of_pancreas:0,TN,0
3.0684762,0.91254574,-1.0309322,0.34978938,-0.7180331,-0.33037147,0.28643665,0.57554907,-0.50950396,-0.30826584,1,chr10:125896667:transverse_colon:0,TP,1
-2.8290412,-1.9917572,-0.043450486,-0.043855753,0.2526823,-0.6923146,-0.18090218,0.527036,0.7367979,-0.089674324,0,chr15:82618748:body_of_pancreas:0,TN,0
2.2452037,0.58029974,-1.7246846,1.3895354,-0.28791624,-1.313778,0.17059883,0.50568295,-0.32368004,-0.8981484,1,chr6:157823513:body_of_pancreas:0,TP,1
3.2272706,-0.80537206,-0.33862048,-0.26400816,0.87536407,0.118035026,0.7195185,-0.24379139,0.9288104,1.1544075,1,chr7:142773685:body_of_pancreas:0,TP,1
0.4708099,-0.20787601,-1.8308362,0.8749617,0.7406686,0.44930804,1.8340306,0.53577155,-0.8436319,-1.0473956,0,chr17:1724503:body_of_pancreas:0,FP,1
3.6259096,0.35194877,-0.021279829,0.5438238,-0.5603231,-1.2099687,-0.1545419,0.30146152,-0.13688429,-0.3496781,1,chr9:129437409:body_of_pancreas:0,TP,1
2.4649367,0.5143883,-2.302551,0.0786289,-0.5150129,-0.3317109,-0.7991315,-0.07868347,0.020013256,-0.9226751,0,chr21:43659675:esophagus_squamous_epithelium:0,FP,1
1.4376673,0.65944606,0.44082937,0.18869145,0.41624603,-0.5717994,1.2074016,0.14028622,0.88104534,0.7524527,1,chr19:4144282:transverse_colon:0,TP,1
-2.1651769,1.1462266,-0.9665923,-0.46987733,0.4670693,-0.47724655,1.7046005,-0.8232681,-0.0131135415,-0.36929965,1,chr9:121700342:prostate_gland:0,FN,0
-2.083791,2.224197,-0.28885093,-0.5776105,0.53564316,-0.14494026,-0.4062408,-1.0320522,-0.15826227,-0.41871762,0,chr1:54581721:sigmoid_colon:0,TN,0
-1.0456668,-0.025153691,2.0444758,0.5751033,1.0610484,0.61667895,-1.0487207,0.71584886,-0.035184942,-0.5555791,0,chr8:119177582:body_of_pancreas:0,TN,0
-3.137798,0.27433336,1.1709412,-0.4302588,0.15363322,-0.3091211,1.4842894,0.8038891,-0.2894148,-0.09746268,1,chr7:142758740:body_of_pancreas:0,FN,0
-2.3639538,-1.0762804,-0.9352479,1.0658854,-0.60485405,0.80310386,-0.5072202,-0.0837043,-0.38843966,0.6662483,0,chr19:7305503:body_of_pancreas:0,TN,0
-0.9162853,1.72251,-2.0594354,-0.014127001,0.09579372,-0.18321596,-0.46128207,0.09085615,-0.02037703,0.3729671,0,chr11:3855226:esophagus_squamous_epithelium:0,TN,0
-3.6279075,-0.16702119,0.36800027,-1.0917172,0.19399439,-0.36175972,-0.21904404,-0.2509924,-0.06754954,-0.74345356,0,chr1:178664466:spleen:0,TN,0
-0.12675896,-0.40612715,1.207663,0.6702692,1.773626,1.1253021,-0.4029322,-0.35663128,-0.7526724,-0.10728486,0,chr20:349510:body_of_pancreas:0,FP,1
-2.5046716,-2.0284238,-0.10370309,1.2092502,0.18651535,0.5061626,0.3362443,-0.7381174,0.23546739,-0.26641354,0,chr17:82707739:body_of_pancreas:0,TN,0
-2.1733909,0.12100078,2.0439267,-1.2156209,0.59632325,0.49002427,-0.5118508,0.6571681,-0.5807344,-0.3058926,0,chr2:189578166:body_of_pancreas:0,TN,0
-2.1450446,-2.0986564,-0.73204917,0.11649399,-0.4364933,0.23914084,0.39163694,-0.2183187,0.29958132,1.1952163,0,chr22:50533646:body_of_pancreas:0,TN,0
-2.4285061,1.6975712,0.5508658,-0.17198433,0.9963684,-0.04393891,-0.31043458,0.10584912,0.2697146,-0.35209137,1,chr15:62877769:body_of_pancreas:0,FN,0
-3.3085241,-1.2906433,1.0484691,0.45374167,-0.39393303,1.0060328,-0.6752344,0.104606114,0.38303953,-0.5258645,0,chr19:16074560:prostate_gland:0,TN,0
4.0449986,-1.2672628,-0.405494,0.08119944,0.6576652,-0.4502512,-0.04991283,0.284449,0.17702885,0.45066932,1,chr7:142749932:body_of_pancreas:0,TP,1
-1.7229182,2.2186124,0.7663875,-0.15495342,0.83113563,-0.45383945,-0.33930832,-1.1616305,0.13679804,-0.15280783,0,chr11:68271462:body_of_pancreas:0,TN,0
-3.0385764,-1.4461068,0.69468313,1.2054613,-0.2565666,0.8583116,-0.10409154,-0.8902549,0.023078864,0.18904641,0,chr7:66742160:body_of_pancreas:0,TN,0
-3.8075385,-1.6441442,-0.18283294,0.3461433,-0.3203507,-0.043480534,0.25574216,-0.3941236,-0.12816033,-0.2879663,0,chr12:12308531:body_of_pancreas:0,TN,0
3.1516526,1.1889158,-0.5872997,0.64458406,-0.927852,-0.9777223,0.2743444,-0.30675116,0.1300726,-0.20521125,1,chr15:75348373:body_of_pancreas:0,TP,1
-3.6032183,-0.5770698,1.311714,-1.176576,-0.22814563,-0.6226205,-0.6761285,0.09259619,-0.12625316,-0.9049872,1,chr12:110234547:transverse_colon:0,FN,0
3.023378,0.6580678,2.604131,0.34528962,-0.067248516,-0.662617,0.01336233,0.85940313,0.17689872,0.8656092,1,chr2:135052237:sigmoid_colon:0,TP,1
3.30371,0.5615101,0.05479312,1.1082965,0.57036304,-0.77692384,-0.09670398,0.08083124,0.7640172,0.2392586,1,chr19:1028149:body_of_pancreas:0,TP,1
-3.1039243,-0.085240334,2.396936,0.5882391,0.47116932,-0.040433913,0.25428814,-0.123619854,-0.2794599,0.17553632,0,chr6:36336727:transverse_colon:0,TN,0
0.2015436,-3.1180043,-3.0856078,0.34360158,0.002620464,-0.53012496,0.85179245,-0.98300254,1.016216,0.1067714,1,chr14:30690667:transverse_colon:0,TP,1
-3.2974808,-2.1308382,-0.43274558,-0.26543757,0.04064198,-0.9447206,-0.18379463,0.47773677,-0.09816448,0.1255889,0,chr12:23055454:body_of_pancreas:0,TN,0
-2.9731982,-1.1648511,-0.5625131,-0.1553211,-0.7876016,0.6559768,1.3619789,1.7282737,0.4882568,-0.289361,1,chr6:139490551:body_of_pancreas:0,FN,0
-3.4002612,-1.1771597,-0.23390508,-0.13453734,-0.6735603,-0.42666242,0.43937948,0.1753906,0.06207716,0.24526891,0,chr16:964118:upper_lobe_of_left_lung:0,TN,0
-4.019312,-2.1840777,-0.39089626,-0.23516975,-0.8804944,-0.35385206,-0.22317092,0.3020117,1.0779291,-0.2754503,0,chr3:160711681:body_of_pancreas:0,TN,0
-2.1994648,-0.993445,1.0803736,-0.35710165,0.2620777,-0.8789026,-0.37955874,0.45095864,0.58649385,-0.3318214,0,chr13:68767603:body_of_pancreas:0,TN,0
3.0684762,0.9125443,-1.0309355,0.3497887,-0.71803373,-0.33037087,0.2864348,0.5755484,-0.5095039,-0.3082667,1,chr10:125896667:prostate_gland:0,TP,1
2.737765,-2.6890926,-1.2559307,-0.104649864,0.4996465,0.0616366,-0.06696161,-0.14927962,0.65546703,-0.5225871,1,chr7:100962328:transverse_colon:0,TP,1
-2.1874242,-1.906858,-0.61240596,1.3623319,-0.24149391,1.1569759,-0.5148582,-0.41159412,-0.09507111,-0.1595022,0,chr14:39289929:body_of_pancreas:0,TN,0
1.5470155,-0.5189286,1.380356,-0.18535219,0.8393862,1.4580922,0.3459768,-0.059006937,-0.20210919,-0.09865758,0,chr21:10758742:body_of_pancreas:0,FP,1
2.398526,-1.7847437,-1.2190411,-0.61247194,0.6123958,1.0697521,0.58323765,-0.12827899,-0.17658181,-0.10895135,1,chr11:5683933:transverse_colon:0,TP,1
2.517025,-0.02921976,1.8883138,0.5509546,0.889441,-0.53633654,-0.3612202,0.57168955,-0.3940193,-0.18721531,0,chr1:116982693:body_of_pancreas:0,FP,1
-1.3647768,-1.7599071,-1.0563576,1.5052686,0.22453707,0.49504095,0.72698873,-0.6814338,-0.037607662,0.18256216,0,chr5:140199835:body_of_pancreas:0,TN,0
0.81482625,2.2935276,-1.5414732,0.5292881,-1.4884666,0.29350397,0.062665895,-0.12150029,0.15230614,-0.4766398,1,chr9:33523928:prostate_gland:0,TP,1
3.3347783,-0.44097748,0.6075435,-0.14864106,0.31655332,0.32382333,-0.72338545,0.3926405,-0.30731967,-0.48600897,1,chr6:26240395:esophagus_squamous_epithelium:0,TP,1
2.8952422,0.42952967,1.2949148,0.25828347,-0.69452375,-1.0542817,0.4542858,0.042347886,0.39691383,0.29937947,0,chr11:71787520:prostate_gland:0,FP,1
-2.1651769,1.1462266,-0.9665923,-0.46987733,0.4670693,-0.47724655,1.7046005,-0.8232681,-0.0131135415,-0.36929965,1,chr9:121700342:body_of_pancreas:0,FN,0
1.7168908,1.2936083,-1.5447431,0.38175055,-0.5985866,-0.4475685,-0.28761643,-0.52934694,-0.3678807,0.024066629,1,chr11:613756:transverse_colon:0,TP,1
-2.7266428,0.21326146,0.026968287,-0.6559857,0.76677424,-0.27783903,0.0035171616,-0.18024713,-0.058324922,-0.36446983,0,chr6:158639200:transverse_colon:0,TN,0
-3.4067712,-2.3544323,-2.0660756,-0.29589513,-0.14906049,-0.6663793,0.7103157,1.0161728,0.46621683,-0.8164424,0,chr12:57119091:body_of_pancreas:0,TN,0
-3.7189834,0.07945068,-0.5485385,-1.4224782,0.15970212,-0.40642008,-0.0475804,-0.52171606,-0.11853401,-0.07782267,0,chr6:73733200:body_of_pancreas:0,TN,0
-2.333211,-2.0527751,0.13610825,1.9976671,-0.054855138,0.68492687,-0.08564373,-0.5421672,0.6694543,-0.5269299,0,chr9:128028393:body_of_pancreas:0,TN,0
0.42156664,0.393364,-1.5743066,0.41543952,-0.5210234,-0.37991583,0.16939211,-0.90418625,0.15606153,0.17614724,1,chr17:16832712:upper_lobe_of_left_lung:0,TP,1
-3.1957955,-0.57182133,0.25987497,-0.28762886,0.255923,-1.2634586,0.22712842,0.28781214,-0.35661417,0.22687915,0,chr8:11747149:body_of_pancreas:0,TN,0
3.411207,0.5980187,0.12223996,0.1445926,-0.37536925,-0.1281678,-0.09137081,0.8355394,-0.2189186,-0.21544932,0,chr19:36379303:sigmoid_colon:0,FP,1
4.7024107,-1.3836358,0.22277187,-1.6401192,-0.34993234,0.35766292,0.11058812,-0.7217444,-0.18165536,-0.39610747,1,chr17:22910010:gastroesophageal_sphincter:0,TP,1
-0.35774082,2.351623,-1.331333,0.26183066,0.049982533,0.07379375,0.22823177,0.59837973,-0.11567747,-0.42356053,1,chr6:166628213:upper_lobe_of_left_lung:0,FN,0
4.3734007,-1.1427182,0.39539215,-0.6445716,0.010541225,-0.18729338,0.006533465,-0.12950256,0.33173004,0.2222707,1,chr9:33797591:body_of_pancreas:0,TP,1
4.4039717,-1.8193611,-0.88665026,-1.8377335,-0.36996356,0.040344432,0.32019988,-0.814264,-0.0017351857,-0.3640975,1,chr17:23044500:spleen:0,TP,1
3.7383258,-0.45918158,-0.42290935,0.9140566,0.40870476,-0.08420344,0.15837991,-0.08181448,-0.4593606,-0.38940156,1,chr1:46668138:body_of_pancreas:0,TP,1
-3.8524776,0.5666743,4.055543,-0.26962098,-0.5981235,0.44290227,-0.41741422,-0.393369,-0.99494153,0.12387794,0,chr17:68263051:body_of_pancreas:0,TN,0
-0.44200063,0.30913907,0.8758246,0.47038236,0.71426624,-0.953826,-0.47609937,1.1080436,-0.6056853,0.31627557,1,chr16:9091036:transverse_colon:0,FN,0
-2.1382618,1.2981677,-2.382565,-0.61736894,-0.17123489,0.7601291,-0.045449786,0.28595996,-0.7585249,0.61225295,0,chr1:1127663:transverse_colon:0,TN,0
-2.9549375,-1.7602069,1.1428102,0.17398474,-0.21972731,0.8170711,-0.90628725,0.16804533,0.23602898,-0.80631727,0,chr13:26273314:body_of_pancreas:0,TN,0
0.48122185,2.307222,1.9188325,0.6167725,0.90123945,0.37428382,-0.06504604,-0.7479165,0.25803733,0.17497978,0,chr3:125766120:transverse_colon:0,FP,1
-0.14180754,1.2588766,-3.142463,0.006380613,-0.12616946,-0.0922543,-1.4810069,-0.41536132,0.33337763,0.07475035,0,chr11:110093460:body_of_pancreas:0,TN,0
2.1736321,-2.5675557,-2.5430036,0.07158379,1.8180927,-0.17013943,-0.20248687,0.11767549,0.4584928,-0.21705428,0,chr7:100973491:transverse_colon:0,FP,1
-0.31152958,2.277567,-0.0041226977,0.19822346,0.75321645,-0.3973098,0.021590961,-0.6995374,1.2315637,-0.6731605,1,chr1:1013489:transverse_colon:0,FN,0
4.41818,-1.0330905,-0.26492625,-0.28023252,-0.5572981,-0.9084357,0.28733668,-0.19541325,-0.26831022,0.06512305,1,chr12:52949220:upper_lobe_of_left_lung:0,TP,1
1.871804,0.57042557,-0.7319338,0.71547747,0.5334779,-1.18641,0.21904008,-0.5210666,-1.1034299,0.28325835,0,chr6:29942704:sigmoid_colon:0,FP,1
-1.0084039,2.0835528,0.69977003,-0.99200094,0.30202204,1.2427202,1.6722387,0.6577052,0.89767087,-0.18383767,0,chr22:45605562:body_of_pancreas:0,TN,0
-2.2782676,1.2581903,0.8382209,-0.7154098,0.26267275,0.21258539,1.247385,0.8746553,-0.73401564,-0.1720771,1,chr22:27918556:transverse_colon:0,FN,0
0.89358586,-0.7313914,-0.53221387,1.0777637,0.39956644,1.0691864,0.4391934,-0.5310716,-0.8904059,0.6492362,1,chr2:10812230:body_of_pancreas:0,TP,1
-1.952493,2.5576062,1.0838531,-0.50599706,0.44624397,0.13603036,0.54666543,-0.32805195,0.5700234,-0.005532531,1,chr1:226875969:transverse_colon:0,FN,0
-1.0508232,2.2203794,-1.9304878,-0.1073688,-1.0063065,1.18187,0.7263914,0.8936631,-0.16967942,0.006054136,1,chr6:2903277:body_of_pancreas:0,FN,0
1.3541013,1.5641961,1.459517,0.16261114,-0.12606317,0.45503047,1.9986999,0.80194336,0.16654554,-0.40383574,1,chr17:63611151:body_of_pancreas:0,TP,1
-3.0962605,-0.9601027,0.73563856,-0.42696732,-0.35872582,-0.49422473,-0.16776648,0.9367418,-0.1938727,0.87689817,1,chr1:211895478:body_of_pancreas:0,FN,0
0.6298284,4.165225,4.3310814,0.0020318027,-1.6768068,0.34221208,-0.64421165,-0.4907722,0.26629177,-0.20092613,0,chr1:42924453:spleen:0,FP,1
2.556532,-0.6746844,-0.30081135,0.7993304,0.47535107,1.0258504,0.5446167,0.14258778,-0.046790507,-1.041512,1,chr11:112081504:transverse_colon:0,TP,1
1.0001049,1.2256081,-0.40943077,0.555728,1.1665506,0.11889306,-1.2577112,0.42200214,0.037425913,0.6813361,0,chr9:129438136:upper_lobe_of_left_lung:0,FP,1
-0.82541394,0.6535084,-1.6877038,-0.40916306,0.60430366,0.29891378,0.6925568,-0.056616627,-0.6648023,0.21368213,0,chr9:127504119:body_of_pancreas:0,TN,0
-0.10546084,-0.69282323,-0.22879791,-0.3997544,0.08208695,0.81648266,-0.4615718,0.53560257,-1.0340127,0.29836506,1,chr10:14185707:body_of_pancreas:0,FN,0
-3.2471015,-1.373091,1.122241,0.33270663,-1.026329,-0.04876336,-0.12656765,-0.23257469,-0.12639862,0.12494944,1,chr22:46734884:body_of_pancreas:0,FN,0
-2.3713796,0.89098346,0.32208794,-0.8440223,0.7747698,-0.34979507,0.48123437,-0.5063127,0.8122201,0.5497387,1,chr11:35404199:body_of_pancreas:0,FN,0
-0.31995252,-0.83729506,0.38457736,0.24719743,0.7941155,-0.05300369,-0.30079487,1.2146701,0.45690584,0.3930921,0,chr5:172420669:lower_leg_skin:0,TN,0
-1.9017321,0.9319293,-2.8374217,-0.4016904,0.23707476,0.38589022,0.66058815,-0.3916986,-0.21548681,-0.19716173,0,chr9:136282153:body_of_pancreas:0,TN,0
0.95521253,1.3651879,0.28309634,0.69779867,0.6767685,-0.42977613,-0.20861772,0.012132426,0.16055223,0.6776149,1,chr16:3065626:body_of_pancreas:0,TP,1
-1.0370779,-2.6010942,-1.9709554,1.7330971,-0.031626977,0.67290556,0.20117821,-0.59901834,-0.45916635,0.17362496,0,chr16:11889915:body_of_pancreas:0,TN,0
-1.8314942,2.0594232,-0.4857048,-0.3727858,0.33205014,-0.16577008,0.29300156,-0.50688905,-0.7527132,0.015535524,1,chr11:75583287:upper_lobe_of_left_lung:0,FN,0
-2.1983638,-0.8597962,0.8844976,-0.23475686,0.26285848,0.37992203,0.30871674,0.14445052,0.45104632,0.41856363,1,chr8:6864559:transverse_colon:0,FN,0
4.65746,-0.59822303,0.76399565,-0.13031949,-0.85033476,-0.5862634,-0.2021404,-0.1821461,-0.060789764,-0.3173526,1,chr12:42144491:esophagus_squamous_epithelium:0,TP,1
-1.9017384,-0.22833404,1.0158148,-0.020045787,0.50775564,-0.86109185,-0.029937075,0.24317956,-0.5324233,0.6176491,1,chr14:72963046:upper_lobe_of_left_lung:0,FN,0
-1.7732033,3.047231,0.39909884,-0.5626109,0.1558208,0.66231364,0.55619735,-0.42943943,1.0374993,-0.06540585,1,chr9:92654963:esophagus_squamous_epithelium:0,FN,0
-1.2272587,0.98981905,-1.7567993,-0.23464102,0.7064937,-0.6871586,0.37488338,-0.8570072,0.30841509,0.5513397,0,chr9:129428183:lower_leg_skin:0,TN,0
-2.9714174,0.17963363,1.8715471,-1.2341644,-0.0140617285,-0.5131009,-0.3006364,0.3468615,-0.1726966,0.017685734,0,chr12:109253866:body_of_pancreas:0,TN,0
-3.6847606,-2.2993503,-0.5990943,-0.1760941,-1.2251216,-0.067693785,-0.15957573,-0.60607195,0.7260114,0.17836225,0,chr10:84777043:body_of_pancreas:0,TN,0
-1.063751,0.062035035,0.13797005,-0.45501703,1.6653887,-0.17457387,0.15697479,0.08058,1.0061042,0.17094554,0,chr12:4278917:body_of_pancreas:0,TN,0
0.057116404,-1.2199854,0.4557732,1.6189288,0.766179,0.4841523,-0.49089637,0.47972715,-0.79989564,0.34907606,0,chr11:73788521:body_of_pancreas:0,TN,0
1.5234377,2.1825118,1.1169244,0.6303047,-0.93835485,-0.09748297,1.5737705,0.32318956,0.5564954,0.66671216,1,chr16:67936617:body_of_pancreas:0,TP,1
4.100403,-1.1494193,-0.89018005,0.1705357,-0.6174689,-0.6381088,0.5313369,-0.45926696,-0.7990609,0.035422392,1,chr2:178451162:upper_lobe_of_left_lung:0,TP,1
4.3918667,-1.4150385,0.10574095,-1.0334038,-0.09863764,-0.194432,0.14895031,-0.23882219,0.67854357,0.8464735,1,chr9:33797622:body_of_pancreas:0,TP,1
-1.83794,2.0724325,-1.4039235,-0.44139707,0.41605693,-0.014729112,0.33051938,-0.91301864,0.62716377,-0.098916896,0,chr7:100680930:body_of_pancreas:0,TN,0
-2.2269914,0.470945,0.003998436,-1.1687042,0.6358823,-0.41411018,-0.04811431,-0.40282875,-0.7144796,0.2869838,0,chr10:95480023:transverse_colon:0,TN,0
-2.4820833,2.2271678,-0.12912683,-0.99631256,0.53340197,0.20199169,-0.38520905,-0.69595546,0.28636026,-0.008744517,0,chr22:36336491:transverse_colon:0,TN,0
-1.4890302,-0.0305228,-0.121166795,-0.28000137,0.41971266,-0.78368425,-0.26255012,0.1890659,-0.24085884,0.6411943,0,chr5:109691380:body_of_pancreas:0,TN,0
4.2210975,-1.5994579,-0.24976188,-0.5604851,-0.45907384,0.29745468,0.21380843,-0.42079666,-0.41942698,-0.0760799,1,chr2:43219159:body_of_pancreas:0,TP,1
1.9405115,2.2534544,0.22852835,0.317521,-1.196062,-0.22008188,-0.283406,0.10603855,0.08799655,0.01186703,0,chr15:79923258:esophagus_squamous_epithelium:0,FP,1
-2.0608938,-0.6698314,0.94862646,0.58949375,-0.08575687,-0.27664572,-0.20192684,-0.022994466,-0.29047805,0.16399892,0,chr2:232588994:prostate_gland:0,TN,0
4.4535103,-1.2381316,0.44389412,-1.3650371,-0.346554,0.3368904,-0.19397524,-0.56468475,-0.313578,-0.7491776,1,chr8:44457243:prostate_gland:0,TP,1
-2.5385504,-0.9955304,0.72067523,0.8388268,-0.018239006,0.7627676,0.7616672,-0.17613573,0.18990716,-0.39643174,0,chr5:142053269:lower_leg_skin:0,TN,0
-2.467267,2.1234167,2.5002146,-0.22808595,0.6427877,-0.098289415,0.27320284,0.62209386,-0.39614695,-0.06380654,0,chr11:68891217:body_of_pancreas:0,TN,0
-1.1537244,-2.3729649,-1.3574196,-0.6900771,0.9038675,-1.0013409,0.28046674,0.29307303,0.3176268,0.53927237,1,chr3:56995705:prostate_gland:0,FN,0
-3.1614807,-2.2448041,-1.535854,-0.17885211,-0.69571304,-0.42771038,0.88168263,1.188562,0.98516333,-0.4895364,0,chr22:39333243:body_of_pancreas:0,TN,0
-0.8286718,1.7100706,-2.4222767,-0.8160494,-0.08451955,1.4040763,-0.6891438,0.18361431,0.74056274,0.7022084,0,chr7:5527964:esophagus_squamous_epithelium:0,TN,0
-1.4086492,0.6138956,-2.9970634,-0.3734695,-0.14720012,0.53899574,-1.1290694,0.31918398,-0.74677795,1.6302123,0,chr19:18110836:transverse_colon:0,TN,0
-0.9645713,1.7469935,-0.69240254,-0.13147306,0.60999864,-0.61263245,-0.29779583,-0.5786817,-0.032059353,0.13952576,0,chr16:21519789:prostate_gland:0,TN,0
-2.6217403,-0.43712276,0.17627868,0.6632414,0.18509547,0.42327085,-0.25301948,-0.7801462,0.1068602,-0.28763303,0,chr5:32302832:body_of_pancreas:0,TN,0
2.346262,1.029487,-1.813142,1.224,-0.6305933,-1.0731596,0.48961452,-0.27596086,-0.61087453,-0.4853306,0,chr17:76585942:esophagus_squamous_epithelium:0,FP,1
1.8896724,2.0528266,-0.0700671,1.3233122,-0.14895892,-1.2514366,-0.31290427,-0.20742907,0.27746838,-0.64564276,0,chr1:42817343:spleen:0,FP,1
-1.8553014,-0.91879475,0.4273639,0.12071628,1.3112887,-1.0937798,0.32143083,-0.19978808,-0.029224679,0.34990984,0,chr1:17494520:body_of_pancreas:0,TN,0
4.342475,-1.8272438,-1.004368,-1.8384417,-0.39012784,0.014708138,0.31870848,-0.82535076,0.029174672,-0.41043726,1,chr17:22995734:upper_lobe_of_left_lung:0,TP,1
4.215353,-0.6349696,0.91159034,-0.64931947,0.58412546,0.37499067,-0.008058485,0.17966488,0.6809726,0.4834288,1,chr10:47380893:body_of_pancreas:0,TP,1
-0.9110567,-0.5643569,0.93748873,0.7473529,1.0719295,0.015070467,0.7472876,-0.12489205,-0.371848,0.5726635,0,chr1:24108943:transverse_colon:0,TN,0
-1.6194911,2.6295958,-1.254904,-0.37692997,0.12052104,0.7940247,-0.61450285,-0.45440385,0.23988998,0.2626093,1,chr18:57621947:esophagus_squamous_epithelium:0,FN,0
-3.4805582,-1.864075,0.6135944,0.5564121,-0.9441671,0.71090454,-0.24477258,-0.36121166,0.31125993,0.093602836,0,chr2:12134797:body_of_pancreas:0,TN,0
-2.6409528,-1.6099257,-1.656905,0.26304713,-0.7000432,-0.53422534,1.4425747,1.3009503,0.35681495,0.11174333,0,chr16:8661379:body_of_pancreas:0,TN,0
4.015277,-1.6481403,-0.1975965,-1.0885005,0.41808265,-0.012440178,0.4972352,-0.42513716,1.185008,1.0270259,1,chr7:142773517:body_of_pancreas:0,TP,1
-0.7894371,2.7667212,-0.46496525,0.26019073,0.5539388,-0.08084205,0.16563395,0.08736184,0.7210085,-0.6700949,0,chr17:81636714:upper_lobe_of_left_lung:0,TN,0
4.270212,-1.1828768,0.10993475,-0.4336642,-0.36302924,-0.40489876,-0.08766416,-0.18218169,-0.06659249,-0.31429052,1,chr17:43361305:upper_lobe_of_left_lung:0,TP,1
-1.7784272,1.855712,-1.4881895,-0.46855277,0.24528421,-0.004716296,0.40937436,-0.68771917,-0.005611099,-0.22592485,0,chr8:12600781:esophagus_squamous_epithelium:0,TN,0
-1.8016227,-1.4292297,0.95260525,0.40306348,-0.24023105,0.65153354,-0.5826914,0.3022158,0.04355672,0.15799327,0,chr3:58384318:body_of_pancreas:0,TN,0
-3.3919623,-0.05311523,2.7354898,-0.6776471,-0.6458448,-0.11442102,-0.34603998,-0.021660939,-0.26090795,0.4270765,0,chr20:25134388:body_of_pancreas:0,TN,0
-1.2980323,1.0761513,-1.9776149,-0.73083067,0.005902668,0.54153824,-0.35994315,-0.9283063,0.27717137,0.63629603,0,chr20:25226032:body_of_pancreas:0,TN,0
-1.1368865,1.1336308,-2.2705472,-0.10376901,0.1664689,0.10745264,-0.3879503,-0.9257394,-0.14786428,0.796528,1,chr17:81527824:body_of_pancreas:0,FN,0
-3.3777127,-1.0214252,2.09399,0.99175996,-1.4456953,0.6324922,-0.26129928,-0.6273358,0.23468937,0.29057857,0,chr7:131523947:body_of_pancreas:0,TN,0
-3.2395935,-1.6408104,0.17818561,0.39824802,0.38389903,-0.9064271,-0.14979573,0.4298895,-0.17913808,-0.5483433,0,chr3:58434314:transverse_colon:0,TN,0
-0.3270261,2.077808,-0.48154676,0.22294667,-0.87471676,0.5150427,0.95020217,0.41682383,-0.3111542,0.40679395,0,chr20:30723883:body_of_pancreas:0,TN,0
-1.3906747,-2.4217114,-1.6315576,0.7617261,0.5694095,-0.405554,0.008197399,0.45136267,0.59702235,0.6280696,0,chr5:78294184:body_of_pancreas:0,TN,0
2.3462882,-1.6586426,-1.0727527,-0.30231696,0.40469512,0.7515243,-0.22388488,1.0301306,-0.7555459,0.7114205,1,chr22:28887236:body_of_pancreas:0,TP,1
3.7311783,-0.36365384,2.1483665,0.15602009,-0.5252716,-0.21834248,0.69875014,-0.25115272,0.16429226,0.68921643,1,chr9:133734411:body_of_pancreas:0,TP,1
-2.0858026,-0.9082655,1.4494566,-0.33009088,-0.3048609,-0.015495073,-0.6374617,0.6707044,0.12562437,-0.265134,0,chr1:112188729:lower_leg_skin:0,TN,0
-1.9927905,-0.24332942,1.4013096,0.055384114,0.5994711,-0.15464593,-0.544578,0.5889137,-0.0038603067,0.3784703,0,chr10:58268746:body_of_pancreas:0,TN,0
4.2210975,-1.5994579,-0.24976188,-0.5604851,-0.45907384,0.29745468,0.21380843,-0.42079666,-0.41942698,-0.0760799,1,chr2:43219159:esophagus_squamous_epithelium:0,TP,1
-0.10515061,2.7074385,0.049961846,-0.3615796,-0.8061339,0.62046623,-1.020096,0.23981686,0.20911548,1.270777,0,chr20:63496264:prostate_gland:0,TN,0
-2.7236657,0.14964843,1.6211369,-0.25972804,-0.11750886,-0.32762676,-0.27890334,-0.27671215,-0.5503193,0.30407646,1,chr16:72008528:body_of_pancreas:0,FN,0
2.6862373,-0.040574547,1.1321696,-0.29378405,0.65060735,0.7861592,-0.8469338,0.9550495,0.2609706,-0.109128155,0,chr21:38805128:prostate_gland:0,FP,1
-1.6399896,-1.9857614,-0.09169868,0.83511156,0.052159492,0.88160664,-0.48540428,0.2606327,1.614085,-0.9804196,1,chr17:75527786:transverse_colon:0,FN,0
1.6085465,-1.1304358,-0.28838482,0.7320229,0.24148412,0.78713185,-0.032333206,0.43447456,-0.18111439,1.2051941,0,chr16:1812722:body_of_pancreas:0,FP,1
-1.1059874,1.3453513,-1.722542,-0.12353395,-0.35121438,-0.17705336,0.0063337055,-0.6899343,0.0026979223,0.86773294,0,chr2:227325728:transverse_colon:0,TN,0
2.073578,1.0453275,0.033758413,0.36028785,0.17124605,-0.7719002,0.5907179,0.11238112,-0.34221917,0.2860481,1,chr4:6761864:body_of_pancreas:0,TP,1
-3.2584665,-1.7141652,-0.9298927,0.19083232,0.25274074,-0.8764817,-0.2868053,0.52676827,-0.046673276,-0.2740792,0,chr9:127037157:body_of_pancreas:0,TN,0
-1.8667359,2.462333,-1.23553,-0.4203878,-0.0021893613,0.22091404,-0.008548467,-0.11015578,-0.17924282,-0.3020758,1,chr1:109740349:sigmoid_colon:0,FN,0
2.8955722,0.7685669,2.8085814,0.32008454,0.19542131,-0.13118735,-0.3171448,0.4644071,0.5019864,0.44015807,1,chr2:157261290:transverse_colon:0,TP,1
0.7502577,-3.2468238,-2.1540804,-0.13814303,0.8975041,0.28847262,-0.7517819,0.5330123,0.788726,-0.53219616,1,chr10:35403937:lower_leg_skin:0,TP,1
-2.2944858,0.54489,2.0551898,-0.4855197,1.0676515,-0.050793566,-0.5319755,0.023676056,-0.23878373,-0.41026264,0,chr12:12560959:transverse_colon:0,TN,0
-1.6389638,-1.4051689,1.4760598,1.0194187,-0.3584234,1.1604089,0.12115402,0.19322476,0.41257966,0.36528584,0,chr1:40401178:body_of_pancreas:0,TN,0
-0.95680887,1.8245591,0.16104822,0.028003512,1.2135743,-0.2677654,0.3651217,-0.20357569,-0.7039398,-0.34783533,0,chr19:6215030:esophagus_squamous_epithelium:0,TN,0
0.8216922,2.360339,-1.1153619,0.63235503,-0.20199183,-0.4645807,-0.39396238,0.08271441,0.5473927,-0.9262265,0,chr14:88555084:transverse_colon:0,FP,1
2.7331433,-0.21361491,1.8916204,-0.6679392,0.30977222,0.8516963,-1.0753728,0.92630476,-0.14133313,0.28624254,0,chr10:24467800:transverse_colon:0,FP,1
-0.47282845,2.8523717,-1.0487375,0.5594383,-0.019744057,-0.42928666,-0.8467697,-0.8968548,0.1887852,-0.2759501,0,chr10:97687279:upper_lobe_of_left_lung:0,TN,0
-2.7174468,-0.082635984,1.0636516,0.82737434,-1.3638519,1.6413826,1.7646432,-0.010584174,-0.18896656,-0.53479135,0,chr10:26625403:transverse_colon:0,TN,0
-2.959212,1.0774333,-0.066628724,-0.72334677,0.54575616,-0.4086567,0.56532514,-0.7192,-0.22624578,-0.565318,0,chr2:109173994:transverse_colon:0,TN,0
-2.6051083,0.5398981,-1.4634293,-1.0884544,0.15278608,0.45417425,0.86524045,1.1582924,-0.43071333,0.85165846,1,chr8:123922517:body_of_pancreas:0,FN,0
4.147786,-1.423494,-0.11649501,-0.0255254,0.57628155,0.11836459,-0.28864798,0.14436534,0.2151925,-0.3418553,1,chr10:110534031:body_of_pancreas:0,TP,1
-3.441413,-1.5287321,-1.0237259,-0.6868419,0.22638929,-1.0965803,-0.14023763,0.5288535,0.1420919,0.18200016,0,chr22:16426089:body_of_pancreas:0,TN,0
-1.8462229,1.6277413,-0.14188917,-0.5862271,1.2736158,0.37930045,0.13464479,-0.88755023,0.5300981,-0.27384022,1,chr1:225880161:body_of_pancreas:0,FN,0
3.6693633,-0.0047541237,0.2612499,-0.019735344,-0.61472577,-0.2623193,-0.5115521,0.12927476,-0.08290506,-0.38278052,1,chr14:24036327:body_of_pancreas:0,TP,1
3.7401881,1.0048974,1.0850785,1.1554079,-0.5427372,-1.0868704,0.18242939,-0.26897871,0.2771887,0.0955715,1,chr17:82497366:body_of_pancreas:0,TP,1
4.0219254,-1.4208407,-0.18807629,-0.6415266,0.04817377,0.21026312,-0.35243818,-0.488824,0.003650342,-0.38517135,1,chr19:21595222:body_of_pancreas:0,TP,1
-1.5878874,0.685288,0.8343765,-0.38575062,1.1874671,0.5510951,-0.16190013,-0.9757892,0.93279797,0.48349893,0,chr3:56998471:body_of_pancreas:0,TN,0
1.7141258,1.8362457,2.2105005,0.6421412,0.66674507,-1.0257592,0.042392917,-0.027816769,0.71421814,0.26503673,1,chr17:75393850:prostate_gland:0,TP,1
-0.39060903,0.7029499,-1.3446662,0.13805129,0.18237853,-0.06376378,0.19516069,1.0690751,-0.2606639,-0.3355771,1,chr2:74442387:transverse_colon:0,FN,0
-3.8145525,-0.7045914,1.885691,0.0028904192,-0.7625812,0.61297375,-0.2853387,-0.6297191,-0.44222578,0.20414725,0,chr13:98653376:transverse_colon:0,TN,0
-1.1993133,0.39228582,-1.0806476,0.5009312,1.0659449,-1.0071341,0.64138603,-0.28847134,0.23432623,-0.4018352,1,chr22:21403340:esophagus_squamous_epithelium:0,FN,0
0.16925624,3.0855193,-0.64983636,0.6212718,-0.691696,0.22376037,-0.5218008,-0.13606568,0.15481438,-0.6415656,0,chr6:169751669:transverse_colon:0,TN,0
4.65746,-0.59822303,0.76399565,-0.13031949,-0.85033476,-0.5862634,-0.2021404,-0.1821461,-0.060789764,-0.3173526,1,chr12:42144491:upper_lobe_of_left_lung:0,TP,1
-1.4298497,0.6153278,-1.00925,-0.38937438,1.1956924,-0.17863594,-0.43573615,-0.7705357,0.07930191,-0.08197969,0,chr6:168106478:body_of_pancreas:0,TN,0
0.37926805,0.24097922,-1.9128593,0.9464284,0.29545358,-0.71238285,0.30689314,-1.0216941,0.0849329,1.3167812,0,chr1:1433300:prostate_gland:0,FP,1
-2.0559447,-2.0537994,0.46774244,0.18245229,0.017553795,-0.24310763,-0.0028042556,0.797221,0.805746,0.027456384,0,chr7:152386522:esophagus_squamous_epithelium:0,TN,0
3.6425893,-1.3772,-0.5528858,-0.66674864,0.50410795,0.75622725,-0.41801566,-0.17923844,-0.36196423,-0.73792315,1,chr18:20582234:stomach:0,TP,1
-1.0508232,2.2203794,-1.9304878,-0.1073688,-1.0063065,1.18187,0.7263914,0.8936631,-0.16967942,0.006054136,1,chr6:2903277:esophagus_squamous_epithelium:0,FN,0
1.1751853,0.16468506,-1.3828279,1.0648855,-0.9563789,-0.11597832,0.084860876,0.3069414,-0.17167072,0.56114095,0,chr5:179623186:prostate_gland:0,FP,1
0.9682458,2.1439533,2.0480301,-0.17891937,0.5262674,0.55396944,0.7137348,0.22003831,0.786124,-0.3959612,0,chr11:73970089:body_of_pancreas:0,FP,1
3.0559433,-1.0060477,0.51586795,0.6393461,0.9813177,0.31456485,0.36628038,-0.31682745,0.10541889,-0.19049706,0,chr17:17661208:body_of_pancreas:0,FP,1
-3.6211398,-1.4477136,0.97361875,0.22772895,-1.0811626,0.22035882,0.047954854,-0.034715153,0.18484387,0.22447172,0,chr11:77043431:transverse_colon:0,TN,0
-3.4173703,-2.5300403,-1.4103441,0.7450928,-0.66046387,0.16461867,0.0058239345,-0.59916645,0.1682349,0.5706076,1,chr9:105053400:lower_leg_skin:0,FN,0
2.8952441,0.4295315,1.2949182,0.25828296,-0.6945242,-1.0542817,0.4542856,0.042347673,0.39691335,0.29937878,0,chr11:71787520:transverse_colon:0,FP,1
2.4500704,0.54168224,-2.6519377,0.3163585,-1.3001772,0.17964281,-0.9699871,0.46941796,0.23169155,-0.01858495,1,chr20:26208443:body_of_pancreas:0,TP,1
-1.8517911,1.1099162,-1.7496254,-0.571481,0.70309454,-0.37563425,0.054194108,-0.9285893,-0.1949431,-0.2819546,0,chr19:48965829:lower_leg_skin:0,TN,0
4.2435803,-0.15033591,0.48968062,0.21749507,-1.0862399,-0.9360359,0.012138884,9.163453e-06,-0.40345627,-0.21683119,1,chr20:3407775:body_of_pancreas:0,TP,1
-1.4039288,-1.8018259,-0.31048438,0.5594211,0.06360331,0.58028775,-0.4235761,0.33359662,0.48056346,-0.28686592,0,chr3:37988634:transverse_colon:0,TN,0
2.215202,0.8547265,1.5784931,0.7152581,0.11286233,-0.64235836,0.46526092,0.7074291,0.12791882,0.7279663,0,chr10:102777276:prostate_gland:0,FP,1
1.4639676,1.4325573,-0.34837508,0.57115877,0.7401948,-0.61444265,0.794554,0.38316628,0.33562282,-0.42377195,1,chr7:100949578:transverse_colon:0,TP,1
4.036357,0.65969175,0.98105156,0.6714796,-0.8673934,-0.9491479,0.19180779,0.29047355,-0.17821337,-0.26703817,1,chr7:30284575:upper_lobe_of_left_lung:0,TP,1
0.6922403,-1.7265823,-0.7161748,1.3950815,0.9558616,0.65524304,0.96986806,-0.84367377,-0.16318858,0.13772522,1,chr19:38803001:transverse_colon:0,TP,1
-3.100389,-1.0017087,0.35918358,0.8964295,-0.6482475,0.56861424,0.66344786,-0.99721116,-0.35535437,-0.02398812,0,chr5:76822507:transverse_colon:0,TN,0
-3.8465104,-1.3355666,0.89877987,0.17530689,-1.1721245,0.7108757,-0.20192613,-0.20661284,0.16780034,-0.023144845,0,chr13:34234924:lower_leg_skin:0,TN,0
-3.353369,-1.4629596,0.5957883,1.1934057,-0.44645712,0.6714757,-0.07884976,-0.80324185,0.4075104,-0.31655318,1,chr1:201525235:lower_leg_skin:0,FN,0
4.063494,-1.2354426,0.4606552,-0.13785888,0.23650663,0.16822281,-0.24967174,0.0154854255,-0.03923846,-0.101263046,1,chr10:110534035:body_of_pancreas:0,TP,1
3.6854079,0.8931718,3.9648013,-0.11042274,-0.6848787,-0.013686536,-0.024687897,0.22554573,0.41754723,-0.04195577,0,chr22:36355129:esophagus_squamous_epithelium:0,FP,1
-0.31152958,2.277567,-0.0041226977,0.19822346,0.75321645,-0.3973098,0.021590961,-0.6995374,1.2315637,-0.6731605,0,chr1:1013489:esophagus_squamous_epithelium:0,TN,0
2.1144028,0.6549541,-2.1833582,0.87090975,-0.5277654,-0.6588006,-0.37656528,-0.082720146,-0.39598545,-0.13503876,1,chr5:1799622:esophagus_squamous_epithelium:0,TP,1
1.8743867,1.4772433,1.3279239,-0.65352416,0.006987616,1.5271201,-0.55335706,1.4417921,0.08190642,0.6535408,0,chr6:149718583:transverse_colon:0,FP,1
-2.4747763,0.9885291,1.0404679,-0.57299334,0.32699767,-0.62261635,0.8095716,-0.65142107,-0.77819276,-0.045794535,0,chr6:31271132:transverse_colon:0,TN,0
-3.5863268,0.21958208,0.5348205,-0.97102135,0.24628134,-0.9202441,0.9446036,-0.08622538,-0.17091662,-0.25340644,1,chr8:12038623:body_of_pancreas:0,FN,0
0.66799206,1.7957292,-2.751612,0.72269475,-0.32702747,-0.0783907,-0.2901475,0.010987356,-0.018805422,-0.4412703,1,chr6:3157740:esophagus_squamous_epithelium:0,TP,1
-0.65583545,2.517773,0.2944744,-0.02899626,0.0006135914,0.26660824,0.7461857,0.42460883,0.40313375,-0.36555442,0,chr10:42367671:body_of_pancreas:0,TN,0
-2.4913158,-0.37298566,0.21171097,0.53664756,0.18892813,0.21379927,0.35627195,0.24993803,-0.38754514,-0.3980358,0,chr16:19711043:body_of_pancreas:0,TN,0
-1.6814165,1.8813363,-1.5114264,-0.62309206,0.36808285,0.5993892,-0.16268773,-0.8116556,0.6203043,0.3195813,1,chr9:93231214:body_of_pancreas:0,FN,0
3.8771844,-1.5016344,-0.6795163,-0.05829306,0.6665668,0.52260303,-0.21967764,0.43612623,-0.10975314,-0.27694836,1,chr7:100972492:transverse_colon:0,TP,1
3.954392,-1.3222421,-0.21751253,-0.08983649,0.50275934,-0.49839655,0.45268884,-0.15609643,0.3433989,0.71457803,1,chr7:100970208:transverse_colon:0,TP,1
-3.7179382,0.23188019,1.0324636,-0.78242666,-0.49720225,0.017514477,1.2634714,-0.08654274,-0.4701444,0.019598208,1,chr8:28383668:lower_leg_skin:0,FN,0
2.1441193,-1.3138032,-0.113901354,1.3025874,1.8001819,0.63498765,0.071047306,-0.3289843,-0.8029305,-0.46699095,1,chr17:21322622:body_of_pancreas:0,TP,1
-4.0578046,-1.060156,0.3131861,-0.62070584,-0.6215802,-0.511255,0.28051952,-0.77197385,-0.4441799,0.032320958,0,chr10:30687665:transverse_colon:0,TN,0
3.0971687,0.10216717,-0.54282314,-0.010767167,-0.25035337,-0.29371274,0.48163885,-0.06968896,-0.33703083,0.3851126,1,chr9:129437018:body_of_pancreas:0,TP,1
-0.9723318,3.00322,-1.3525702,0.072665095,-0.90929013,1.0477874,0.10763294,0.45072716,0.35389856,0.24944384,1,chr7:100894946:upper_lobe_of_left_lung:0,FN,0
-1.7082818,2.1642997,0.082582176,-0.50303864,0.4376369,0.030025342,-0.5163362,-0.2800664,-0.10259776,0.53032,0,chr1:148038867:transverse_colon:0,TN,0
4.4039717,-1.8193611,-0.88665026,-1.8377335,-0.36996356,0.040344432,0.32019988,-0.814264,-0.0017351857,-0.3640975,1,chr17:23044500:body_of_pancreas:0,TP,1
-3.5299437,0.36905485,1.5628452,-1.0047787,0.19884278,-0.47159466,0.1747351,-0.40235907,0.058659017,-0.23629808,1,chr16:87389463:body_of_pancreas:0,FN,0
3.0362983,-1.5079371,-1.6225272,0.3732335,0.70592064,0.36888152,0.76679605,0.6590912,0.0649802,-0.81404316,1,chr19:39858713:transverse_colon:0,TP,1
4.1255474,0.099646725,0.8932202,-0.30166832,-0.8128602,-0.028369384,0.34947878,-0.32021803,0.12293885,-0.36059532,0,chr2:96772252:transverse_colon:0,FP,1
3.1067536,0.21952318,1.455378,0.24291128,1.096718,-0.09684893,-0.68714774,0.7443936,-0.05373746,-0.26217705,1,chr17:40195837:transverse_colon:0,TP,1
-3.0659113,0.48664054,3.5779083,0.2246702,-0.3844803,1.4523637,-0.17943332,-0.68078315,-0.9038623,0.12350284,0,chr8:133074092:spleen:0,TN,0
2.378582,-0.22169147,-2.1677651,0.20554042,-0.20337033,-0.588671,-0.7728305,0.36014313,-0.8333593,-0.1994786,0,chr22:17084997:body_of_pancreas:0,FP,1
4.4039717,-1.8193611,-0.88665026,-1.8377335,-0.36996356,0.040344432,0.32019988,-0.814264,-0.0017351857,-0.3640975,1,chr17:23044500:prostate_gland:0,TP,1
1.852146,2.0582623,-0.69033605,0.40656638,-0.6333364,0.06352517,-1.002867,0.4006659,0.74778384,0.73607856,0,chr5:142325436:body_of_pancreas:0,FP,1
4.388467,-1.5098501,-0.13071842,-1.2983241,-0.24208705,0.2636013,-0.1951377,-0.5696908,-0.17874517,-0.7791803,1,chr8:44457229:spleen:0,TP,1
-1.2177026,1.1851327,1.2768776,-0.2723854,0.22371553,-0.015899237,-0.5705056,0.595445,-0.4832579,0.008785512,0,chr3:100709273:upper_lobe_of_left_lung:0,TN,0
0.30487636,-3.0539484,-2.049433,0.023239305,0.5959692,0.23184678,-0.77027404,0.16401714,0.71217173,-0.48278397,1,chr10:35403939:lower_leg_skin:0,TP,1
2.882808,0.3712303,1.3665667,0.66285,0.49372417,0.20371874,-0.52189624,0.56222,0.10943709,-0.23588705,1,chr9:129443002:body_of_pancreas:0,TP,1
-3.1017056,1.0877788,0.5737326,-1.1474508,0.28992555,-0.12681472,0.5640711,0.36963487,-0.7343235,-0.24361086,0,chr1:177256263:body_of_pancreas:0,TN,0
-2.9866273,1.1823503,1.3315597,-0.9856632,0.8698923,-0.21620978,-0.28267744,-0.13826056,-0.73193455,-0.05021605,0,chr8:133081720:transverse_colon:0,TN,0
-3.705256,-1.8656285,-0.9256949,-0.55511403,0.4076508,-1.1545897,-0.28633022,0.6361256,0.08095843,-0.11345349,0,chr8:21127241:body_of_pancreas:0,TN,0
1.3713126,2.7941463,1.4511766,0.4121657,-1.3049474,0.26488602,-0.66690403,0.5408775,0.64549106,0.47965077,0,chr1:67053738:upper_lobe_of_left_lung:0,FP,1
2.0429235,2.649225,2.0811,1.2449288,-0.6589676,-0.88329816,-0.9045329,0.29519376,0.32614917,-0.64160526,0,chr9:104747863:esophagus_squamous_epithelium:0,FP,1
3.0970452,1.3809563,3.5173583,0.6412226,0.05116844,-0.4981016,0.29823846,-0.27430555,0.38710526,0.118334375,0,chr1:182603999:prostate_gland:0,FP,1
0.08563581,0.24794307,-1.1103138,0.18667798,0.80169266,-1.0221297,-0.27860165,0.37472218,-0.20162387,0.9714841,0,chr19:16330725:body_of_pancreas:0,FP,1
3.3915255,0.67096215,2.067161,-0.36623022,-0.34793538,0.50481087,-0.3429121,0.35873476,0.61456925,0.9245011,1,chr6:140898304:body_of_pancreas:0,TP,1
-3.859031,-0.45927832,0.755208,-1.2625163,-0.27170068,-1.0378958,-0.3639082,0.028356632,-0.21777417,-0.49412853,0,chr3:149475319:body_of_pancreas:0,TN,0
3.8647716,-0.8723421,0.17470428,-0.99639106,-0.9009592,0.70688933,-0.056004513,-0.40869072,-0.61598617,0.41383013,1,chr17:43360648:lower_leg_skin:0,TP,1
-2.264678,-1.9578112,-1.3967066,1.1889273,0.15274093,-0.6392782,0.6612681,0.5700322,0.3220137,0.14455517,0,chr16:84640765:transverse_colon:0,TN,0
1.7141258,1.8362457,2.2105005,0.6421412,0.66674507,-1.0257592,0.042392917,-0.027816769,0.71421814,0.26503673,1,chr17:75393850:sigmoid_colon:0,TP,1
-2.2335176,1.933106,0.55191326,-0.80550367,0.7803504,-0.10162619,-0.4461896,-0.95771986,-0.0066188457,0.0772088,0,chr2:219235830:transverse_colon:0,TN,0
-1.900254,2.6285203,-0.8965891,-0.1954677,0.3765534,0.69363964,0.57743853,-0.38384625,0.5806559,-0.6634168,1,chr22:50182838:body_of_pancreas:0,FN,0
2.3018713,0.6607861,3.3167121,-1.3678528,0.25974193,1.6551316,-1.1357722,0.40542805,0.8364676,-0.8003946,1,chr20:29402552:body_of_pancreas:0,TP,1
-1.6779959,1.1440665,-2.4362822,-0.38074875,0.3820812,0.15021871,0.87015325,0.3916586,-0.46080318,0.4635961,0,chr14:105090602:transverse_colon:0,TN,0
2.3516314,-0.4316159,-0.03721872,1.3346273,1.3234539,-0.9080408,-0.29267794,-0.055503547,-0.4013893,-0.22901641,0,chr9:129427483:transverse_colon:0,FP,1
-0.02086423,3.4648695,0.48292688,1.073097,-0.43896827,-0.35553867,-0.84021556,-0.4037073,0.14448978,-0.7503974,0,chr19:488893:esophagus_squamous_epithelium:0,TN,0
-2.4130461,-1.1015718,-0.72859675,0.42392156,-0.023030434,-0.87576634,-0.11825519,0.6286326,-0.38434517,0.19530766,0,chr9:89310446:spleen:0,TN,0
-1.5468887,-1.7791021,-0.26700646,0.6030734,0.49306035,-0.47848865,-0.17212038,0.80401146,0.29859892,0.14906588,0,chr11:269146:lower_leg_skin:0,TN,0
-3.536086,-1.6341408,-0.23535731,-0.644989,-0.22069858,-1.115589,-0.0072813435,0.6761819,0.14263847,0.11864394,0,chr11:110186245:body_of_pancreas:0,TN,0
-3.1049392,1.2752949,0.64379346,-0.98454815,0.8069681,-0.5638108,0.20011283,-0.48431724,-0.27912,-0.7439703,0,chr11:114138211:body_of_pancreas:0,TN,0
-2.249577,-0.2772973,2.9191327,0.30249307,-0.43603724,0.9694941,-0.6898828,0.19006498,-0.57158625,0.61906046,0,chr6:32665919:transverse_colon:0,TN,0
-1.8314942,2.0594232,-0.4857048,-0.3727858,0.33205014,-0.16577008,0.29300156,-0.50688905,-0.7527132,0.015535524,1,chr11:75583287:transverse_colon:0,FN,0
-2.8510036,1.2569594,0.48015058,-0.79410756,0.046124723,0.13507883,0.44370663,0.0724394,-0.6615921,-0.5759542,0,chr14:73058556:gastroesophageal_sphincter:0,TN,0
1.6451355,0.86779314,-1.6330446,0.23379642,-0.59051156,0.3181898,1.4969015,1.372806,-0.46485177,-1.0682114,0,chr12:121210328:transverse_colon:0,FP,1
4.100403,-1.1494193,-0.89018005,0.1705357,-0.6174689,-0.6381088,0.5313369,-0.45926696,-0.7990609,0.035422392,1,chr2:178451162:spleen:0,TP,1
1.375319,-0.4017963,0.58358455,1.672642,0.7442945,0.7158092,0.07512271,-0.9222575,-0.6689067,-0.3714361,0,chr16:19520703:transverse_colon:0,FP,1
-2.91741,0.21884178,1.6981075,-0.23360196,-0.18912445,0.08890738,0.6961704,-0.55510664,-1.0563971,0.08699249,1,chr12:10364475:body_of_pancreas:0,FN,0
2.9203866,-1.1948694,0.5233447,1.090268,0.072691165,-0.25589213,0.40257773,-0.31675327,0.24627185,0.2603099,1,chr11:67583323:body_of_pancreas:0,TP,1
0.60525846,0.03020581,0.17387074,0.5947498,0.98302025,-1.1188517,0.21818732,0.5399799,0.24002323,-0.07399953,1,chr10:27154693:body_of_pancreas:0,TP,1
-0.85801053,3.6552124,1.961471,-0.39490077,0.03658555,0.35141066,-0.6144418,-0.72300553,0.9199891,0.17708668,1,chr20:18504798:body_of_pancreas:0,FN,0
3.3582919,-0.58995616,1.799427,-0.65226024,-0.018458622,0.86273456,-0.67152864,0.32525352,0.07112055,-0.41499928,1,chr12:11017064:transverse_colon:0,TP,1
-0.9760015,2.649475,0.23940438,-0.34120873,-0.30993924,-0.3919561,-0.50253296,-0.5955515,0.5164009,0.2036631,1,chr1:113390165:body_of_pancreas:0,FN,0
4.3424783,-1.8272417,-1.0043637,-1.8384411,-0.3901279,0.014709089,0.31870803,-0.82535005,0.029174155,-0.4104374,1,chr17:22995734:sigmoid_colon:0,TP,1
4.221098,-1.5994585,-0.24976271,-0.56048447,-0.45907375,0.29745492,0.2138085,-0.4207973,-0.419427,-0.076079465,1,chr2:43219159:upper_lobe_of_left_lung:0,TP,1
-1.0106283,-1.5510253,-0.4377359,-0.70735526,0.7364805,-0.740757,0.21635419,1.0024357,-0.09438419,1.0461564,1,chr12:77831194:body_of_pancreas:0,FN,0
-1.1442646,0.38299847,-2.6850717,-0.5233136,-0.67907864,0.6161462,-0.97783434,0.26869738,-0.8433934,1.5927894,1,chr12:30755316:prostate_gland:0,FN,0
3.168231,-0.42288822,1.4402826,-0.97113764,0.020700734,0.7312785,-0.6665066,0.39220104,-0.08894735,-0.13141954,1,chr12:11017190:transverse_colon:0,TP,1
-3.0884192,0.69027495,0.14155938,-0.50150144,0.49381042,-0.7108472,0.017402504,-0.7668402,0.11839181,-0.17125747,0,chr2:152337327:body_of_pancreas:0,TN,0
-2.6140423,-0.71561193,2.353173,-0.26512477,-0.108962424,-0.0011354007,0.71030515,-0.38446468,-0.2841183,0.71643054,1,chr1:154386702:esophagus_squamous_epithelium:0,FN,0
1.965749,-0.5244625,-2.091231,-0.14773406,0.09074523,-0.32259545,-0.11451264,-0.59506094,-0.07283443,0.31647673,1,chr16:57628854:body_of_pancreas:0,TP,1
-1.1769862,0.34923726,-0.891327,0.5004861,0.7698107,-0.16517545,1.781089,1.2194005,0.0033402184,-0.26450923,0,chr10:119222843:body_of_pancreas:0,TN,0
-0.7963847,-1.5736595,-0.43661234,1.4711242,-0.3052677,-0.047646444,0.34353137,-0.32197168,0.0383999,-0.2086878,1,chr7:1507421:body_of_pancreas:0,FN,0
3.7831066,-0.69171023,1.5719056,-0.5451154,0.82703936,0.04711975,-0.15052241,0.059016705,0.72040725,0.4293284,1,chr7:142507262:lower_leg_skin:0,TP,1
1.4326032,0.64904237,3.250836,-0.74247706,-0.30411032,0.3618824,-0.2984844,0.9107538,0.41964498,0.7196365,1,chr9:126268646:body_of_pancreas:0,TP,1
-2.8951154,-1.3719682,0.43901765,0.83762133,-0.25417075,0.5603641,0.49287006,-0.8296118,-0.37145743,0.41493464,0,chr8:81227521:body_of_pancreas:0,TN,0
-0.073134586,2.086985,-1.163724,0.34083793,-0.13899563,-0.0029356598,-0.91001666,-0.32002497,-0.0034311786,0.13352199,1,chr4:189940927:body_of_pancreas:0,FN,0
-1.9524927,2.5576062,1.0838537,-0.5059975,0.44624424,0.13603038,0.54666585,-0.32805198,0.5700248,-0.005532063,0,chr1:226875969:body_of_pancreas:0,TN,0
2.6717973,-1.8303407,-0.89335364,-0.07173374,0.5843168,-0.008780411,0.18788707,-0.41900668,-0.7251409,0.040229846,0,chr16:29273763:body_of_pancreas:0,FP,1
2.2373586,1.7044684,1.8350298,0.50533015,-1.4965066,-0.27624518,-0.50662845,0.9146737,-0.012552132,0.7586237,1,chr2:130181714:transverse_colon:0,TP,1
-1.7322283,-0.6013627,2.3285089,-0.3666081,0.46292862,0.38998884,-0.0127095245,0.91498095,-0.15144844,0.1282001,0,chr6:49617413:body_of_pancreas:0,TN,0
-1.4097497,0.23119324,1.5826131,-0.47020036,0.02697965,0.5574345,-0.36414313,1.1438893,0.14278404,0.09216486,0,chr5:91271390:body_of_pancreas:0,TN,0
-1.5400798,2.9487498,-0.6253875,-0.2282105,0.15605694,0.45068485,-0.59688604,0.07208647,0.19025905,0.055451393,0,chr6:135054919:body_of_pancreas:0,TN,0
3.3347783,-0.44097748,0.6075435,-0.14864106,0.31655332,0.32382333,-0.72338545,0.3926405,-0.30731967,-0.48600897,1,chr6:26240395:transverse_colon:0,TP,1
-2.319071,-0.60377246,1.6686059,1.26929,-1.0523251,0.6183566,-0.2628623,-0.61907184,-0.5376879,0.5868475,1,chr19:50050547:body_of_pancreas:0,FN,0
3.5987306,-1.7933286,-0.8880908,-0.5859289,0.50084406,0.32722214,-0.4090501,-0.030997822,-0.4143533,-0.64380383,1,chr6:52787906:body_of_pancreas:0,TP,1
-1.8667355,2.4623327,-1.2355312,-0.42038777,-0.0021894407,0.2209144,-0.008549543,-0.11015554,-0.17924236,-0.30207485,1,chr1:109740349:transverse_colon:0,FN,0
4.0685987,-1.4415903,0.1765857,-1.0216385,0.13390864,-0.10257527,0.41065022,-0.28269082,0.93708456,1.0697176,1,chr6:32666689:transverse_colon:0,TP,1
-1.6159636,-2.1960478,-0.2862652,0.76786876,-0.29786316,-0.35536954,-0.30633268,0.41013312,1.2261755,0.063990794,0,chr10:3226591:body_of_pancreas:0,TN,0
4.4535103,-1.2381316,0.44389412,-1.3650371,-0.346554,0.3368904,-0.19397524,-0.56468475,-0.313578,-0.7491776,1,chr8:44457243:spleen:0,TP,1
0.69296914,2.1427212,-1.0346773,0.35780156,0.56084794,-0.25801805,-0.4757159,-0.100411475,-0.17767124,-0.91975003,0,chr11:237086:upper_lobe_of_left_lung:0,FP,1
-3.4480498,-0.086967275,1.788114,0.3097584,-0.5899423,0.0016842162,0.16695179,-0.6621234,-0.6729832,0.751273,0,chr7:75498956:upper_lobe_of_left_lung:0,TN,0
-3.1779046,-1.0281421,1.2642124,0.253398,-0.13513316,0.11975868,-0.5862279,0.16632459,-0.6575737,-0.10236063,0,chr1:120274792:body_of_pancreas:0,TN,0
0.36952257,-1.0233095,-0.17131168,1.8045028,0.9074632,-0.4270415,0.05592451,-0.10779584,-0.20319475,0.9342128,1,chr21:42474343:body_of_pancreas:0,TP,1
-3.1397452,-0.8734427,1.9922073,0.4878693,-0.6258818,0.6124565,-0.08119991,-0.67603874,-0.58608365,0.33931243,0,chr12:124714093:body_of_pancreas:0,TN,0
4.0402145,1.2359337,2.5979445,0.3251528,-0.49008334,-0.63338655,-0.19188176,0.33365402,0.062660895,0.4147323,1,chr20:29410159:body_of_pancreas:0,TP,1
1.871804,0.57042557,-0.7319338,0.71547747,0.5334779,-1.18641,0.21904008,-0.5210666,-1.1034299,0.28325835,1,chr6:29942704:body_of_pancreas:0,TP,1
4.1558814,-0.94975066,0.7977941,-0.67911625,-0.44851172,0.10340124,-0.09305207,0.043587916,-0.30328432,0.39777753,1,chr17:43361366:esophagus_squamous_epithelium:0,TP,1
4.0384083,-0.618774,-0.41450638,-0.32271677,-0.7041334,-0.6082159,-0.3931026,0.11693342,-0.69973326,-0.22767404,1,chr3:75672554:transverse_colon:0,TP,1
3.5930948,0.027778655,-0.029222282,0.6273554,0.17489836,-0.719882,-0.056457385,0.15682027,-0.076455735,-0.088156775,0,chr11:69011182:sigmoid_colon:0,FP,1
0.56814456,2.9334862,0.6207511,0.05930871,-1.2660248,0.86900806,0.73530275,0.77059716,-0.10537624,0.10184189,1,chr6:29942784:transverse_colon:0,TP,1
-4.0871034,-1.8364035,0.26420048,-0.10733085,-1.3755791,-0.20061687,-0.40093717,-0.12199348,0.481127,0.15429801,0,chr7:148972464:body_of_pancreas:0,TN,0
-0.4602824,0.9465903,-1.6991519,-0.07699177,-0.0016449998,-0.0007162367,0.07809151,-0.102884024,-0.76712906,0.5655725,0,chr19:57390053:transverse_colon:0,TN,0
-1.1829048,1.2261026,1.3391753,-0.1330278,0.7914459,-0.22812149,0.48665154,-1.0602148,-0.23462054,-0.0586522,0,chr10:5549061:body_of_pancreas:0,TN,0
-3.9015322,-0.7853087,0.29347733,-1.6723431,-0.31293103,-1.1624414,-0.071109734,0.37094417,0.099859044,-0.8200632,0,chr12:71672207:body_of_pancreas:0,TN,0
0.5381262,1.0799125,-2.8488607,0.084137194,0.24396054,0.045622393,-0.13919166,-0.62045634,0.86579114,-0.26354238,1,chr1:34825701:body_of_pancreas:0,TP,1
0.53906006,1.9400188,-2.073845,0.9706216,-0.43211743,-0.53447133,-0.55864954,0.10249171,0.062163208,-1.1021421,1,chr19:32405925:body_of_pancreas:0,TP,1
-0.25909764,1.7386909,-1.5727578,-0.1306245,-0.6642715,1.3542978,1.3410941,0.6317504,0.34370705,-0.7964409,0,chr7:993282:body_of_pancreas:0,TN,0
-2.8174384,0.55785626,-0.34825674,0.10520478,-0.1770972,-0.0142437285,1.6669215,0.60417706,-0.50637513,-0.83428746,0,chr17:2392338:transverse_colon:0,TN,0
1.6561155,-1.0328165,0.90754956,-0.9633743,0.6913328,1.283553,-0.77582836,0.82184017,0.4656634,-0.81418145,1,chr1:77927605:body_of_pancreas:0,TP,1
1.5493801,0.28999203,0.8459944,-0.81131124,0.7807781,1.0550936,0.75644654,0.65907896,1.1076537,0.36621964,1,chr8:6864690:body_of_pancreas:0,TP,1
-1.0084225,1.4152623,-2.551429,-0.17886984,-0.4017476,0.21951297,-0.67585504,-0.92187375,0.5708391,0.12155765,0,chr11:1223261:transverse_colon:0,TN,0
3.5997632,-0.80594355,0.4793986,1.0805556,0.09009596,0.89023983,1.069325,-0.45917454,-0.13951206,-0.5074878,1,chr19:921450:transverse_colon:0,TP,1
-1.4839804,3.0175285,1.4361086,-0.48715127,-0.06893781,0.5801501,0.0692836,-0.113853574,0.25027838,-0.7771936,1,chr16:87490981:body_of_pancreas:0,FN,0
-4.140126,-1.514833,-0.87665397,-1.1491195,-0.23420894,-1.2104677,-0.49747798,0.118607305,-0.01600835,-0.5754036,0,chr3:75741292:lower_leg_skin:0,TN,0
-0.7080971,2.5605981,-1.0448157,0.56272197,-0.46878648,-0.25964364,-0.7195337,-0.7157828,-0.6210423,-0.008230192,1,chr16:69965396:body_of_pancreas:0,FN,0
-0.27614245,1.5076554,-1.5736983,0.36631727,0.50775737,-0.5370892,0.3243233,0.017453315,-0.55429125,-0.41234362,0,chr16:4957985:prostate_gland:0,TN,0
-0.8731818,-0.61563367,2.1663914,0.1216216,-0.057544656,0.89146423,-1.0251058,0.6288005,-0.2639611,0.074973576,0,chr15:85962825:lower_leg_skin:0,TN,0
-0.7475538,0.14609489,-0.6389833,0.38554275,0.2190536,-0.81189203,0.2471363,0.3087868,-0.7287086,0.10872411,0,chr3:160755119:transverse_colon:0,TN,0
-0.6680662,1.166951,-3.0890224,0.27731964,-0.28613988,0.33945513,0.26298824,0.7143497,-0.5738851,0.18901668,0,chr19:14136719:transverse_colon:0,TN,0
3.193712,-0.25526243,1.2899622,-0.47388658,0.7202414,0.20584328,0.59830743,-0.42443272,1.4190711,1.0374552,1,chr5:137304076:body_of_pancreas:0,TP,1
-0.51298577,1.497778,-0.43265975,0.17065197,-0.3485151,0.1515518,1.4291565,0.70590633,-0.71353537,-0.557805,0,chr7:135170966:body_of_pancreas:0,TN,0
-0.04301683,-0.9026495,-1.6808934,-0.5766463,0.25798103,-0.08246698,-0.77963144,1.1891303,-1.1699812,1.7191626,1,chr2:112812230:body_of_pancreas:0,TP,1
3.6157343,1.122966,1.5305045,0.04198587,-1.0443408,-0.189703,-0.22465824,-0.35150483,-0.49322355,-0.41351247,1,chr9:129437101:body_of_pancreas:0,TP,1
4.4039717,-1.8193611,-0.88665026,-1.8377335,-0.36996356,0.040344432,0.32019988,-0.814264,-0.0017351857,-0.3640975,1,chr17:23044500:lower_leg_skin:0,TP,1
-1.2116717,0.9121442,2.66276,0.21908788,0.75870883,0.9528578,-0.3636031,-0.10902755,-1.661562,0.76665825,0,chr3:120596196:prostate_gland:0,TN,0
-3.110571,-0.99367714,-0.66074187,-0.049948514,-0.29121915,-0.83517915,0.24591064,-0.31137106,-0.32512975,0.23517053,1,chr1:16741091:body_of_pancreas:0,FN,0
-1.2817765,1.4228692,0.6939513,-0.77557266,0.5071325,0.5509246,1.1893543,1.2770827,-0.5929182,0.78754675,0,chr13:110309061:transverse_colon:0,TN,0
3.507915,-1.2971234,-0.76837826,-0.8269149,0.4219414,0.15645131,0.40206534,-0.3314334,0.9546951,0.94615704,1,chr7:142760038:body_of_pancreas:0,TP,1
4.224889,-2.3464322,-1.0399617,-0.88152593,0.859843,0.060608912,-0.18130876,0.20305271,0.4379802,0.17461662,1,chr6:32663338:body_of_pancreas:0,TP,1
3.5197334,1.4656345,1.7624822,0.8220507,-1.5254155,-0.7515212,-0.048073538,0.6709434,0.23217075,-0.6721683,1,chr6:151390284:prostate_gland:0,TP,1
-1.6865944,0.6990423,-1.4975489,0.052828535,0.2272473,0.13697377,1.8552912,-0.71970856,-0.27627805,0.1332271,0,chr17:75093575:transverse_colon:0,TN,0
-1.1972859,2.7628303,-0.85827154,0.24140336,-0.18529795,-0.0021509947,0.76134247,-0.4128485,0.50201076,-0.5379552,0,chr19:14480106:transverse_colon:0,TN,0
-0.02455584,3.2907267,0.068241924,0.39813748,-0.97093105,0.5316258,-0.23103294,-0.2944228,0.15114585,-0.50643134,1,chr19:58155059:body_of_pancreas:0,FN,0
-3.873013,-1.4418297,0.3507739,-0.06489393,-0.5748661,0.3323573,-0.33055347,0.11160411,0.27212718,-0.22356609,0,chr8:102226602:body_of_pancreas:0,TN,0
-1.0326861,-0.25265875,1.8445015,1.0274487,-0.38083827,0.3873608,-0.31170234,-0.2600486,0.08494706,0.38219953,0,chr1:29146240:transverse_colon:0,TN,0
-0.23279747,0.5027791,-0.24539919,0.79274327,0.8502014,0.8981536,-0.017023304,-0.325444,0.6226113,-0.121539034,1,chr15:90808699:body_of_pancreas:0,FN,0
-3.2119274,0.18238354,0.97709996,-1.3211917,-0.13891202,-0.38134405,0.06815886,-0.52950776,-0.36977196,-0.40407327,0,chr1:246125893:lower_leg_skin:0,TN,0
2.8280292,1.4748887,3.4956853,0.817022,-0.12137099,-0.9625712,0.20303,0.40701908,0.6542576,0.5307336,1,chr5:76402859:body_of_pancreas:0,TP,1
0.021795072,1.3506422,-1.9196569,-0.036670435,-0.3451957,0.865523,-1.0405164,0.28489974,0.53364503,0.74125606,1,chr19:52690615:transverse_colon:0,FN,0
3.2877235,-1.0090898,0.19580759,-0.4745462,-0.17992342,-0.09830647,0.67793447,-0.2473294,-0.15305427,-0.15784462,1,chr12:132607859:body_of_pancreas:0,TP,1
-3.5153656,-0.91402066,0.73315525,0.59607303,-0.2374261,0.107771195,0.061913133,-1.1004964,-0.33141083,-0.5446371,0,chr15:62540575:body_of_pancreas:0,TN,0
2.0748804,1.5271186,-0.07369116,0.3964605,-0.9979516,-0.22290462,-0.18049349,0.40976197,0.07078882,0.050252296,0,chr19:4670223:body_of_pancreas:0,FP,1
-3.6388712,-1.8093958,-0.108360305,0.0015802948,-0.3615611,-0.58890474,-0.0016611302,0.2519974,0.4190023,-0.19157307,0,chr8:25459944:body_of_pancreas:0,TN,0
-0.4812683,2.7309186,-1.0124712,0.026031494,-0.26278278,0.7705572,-0.7228373,0.6947298,-0.26872003,0.39099333,0,chr18:59140075:transverse_colon:0,TN,0
-3.1481755,-0.4314046,1.0849041,-0.6949838,-0.01174536,-0.5296743,-0.2890703,0.52240664,-0.32493743,-0.38751042,0,chr15:80999678:transverse_colon:0,TN,0
-2.319071,-0.60377246,1.6686059,1.26929,-1.0523251,0.6183566,-0.2628623,-0.61907184,-0.5376879,0.5868475,1,chr19:50050547:transverse_colon:0,FN,0
-1.6210356,1.5291835,-1.6147144,-0.56633157,-0.01711834,0.8951395,-0.9738521,0.09873417,0.0014483108,0.6084803,0,chr10:18651867:prostate_gland:0,TN,0
-3.6298685,0.14491457,1.2908764,-0.7253067,0.22484851,-0.671114,-0.059531286,-0.32103616,-1.3393348,-0.22251505,0,chr6:27478509:transverse_colon:0,TN,0
-0.6476292,3.3484843,-0.29408664,0.35981748,-0.013079257,-0.26785922,-0.52637,-0.5181317,0.022038506,-0.24471556,1,chr14:35046713:body_of_pancreas:0,FN,0
-3.4665716,-0.82209706,2.175657,0.32668057,-0.87656665,0.9887878,-0.072119996,-0.8379905,-0.10874303,0.5878474,1,chr15:98117499:upper_lobe_of_left_lung:0,FN,0
-2.7735617,-1.6004415,0.31534663,1.1910852,-0.69255775,0.4247766,-0.27151513,-0.8449234,0.46697643,-0.024953391,0,chr17:42540501:body_of_pancreas:0,TN,0
-3.677664,-0.072819605,0.7672197,-1.3490491,-0.24245659,-0.13229026,0.25702184,-0.11055242,-0.44755262,0.32652843,0,chr6:26713282:upper_lobe_of_left_lung:0,TN,0
0.041984376,1.2457423,-1.1831111,-0.19537896,-0.14288628,0.6713898,0.8365332,0.05108019,0.78461134,-0.13663906,0,chr16:29400768:body_of_pancreas:0,TN,0
1.5234377,2.1825118,1.1169244,0.6303047,-0.93835485,-0.09748297,1.5737705,0.32318956,0.5564954,0.66671216,1,chr16:67936617:transverse_colon:0,TP,1
1.1954194,-1.3152299,-1.3766961,0.61387604,1.8608032,0.8762533,0.2202125,-0.04706197,-0.39046466,0.2878537,0,chr12:55834719:transverse_colon:0,FP,1
4.1274986,-0.3357683,0.84576565,-0.19674689,-0.5440508,-0.13344352,-0.05628499,-0.1853637,-0.18044436,-0.12204729,0,chr17:21678284:body_of_pancreas:0,FP,1
-1.348137,-1.2032349,1.2928439,1.513745,0.2833389,0.46691084,-0.014190117,-0.37792975,-0.21170199,0.34216553,0,chr16:11741822:upper_lobe_of_left_lung:0,TN,0
1.2259278,0.18424708,1.2683283,1.1931236,0.51461756,-1.4460336,0.6384238,0.45406157,0.31567988,1.2491922,1,chr17:8799745:body_of_pancreas:0,TP,1
-3.4290426,-1.3446656,0.84278876,0.843326,-0.82836175,0.23810232,-0.33025578,-0.1358494,0.05597331,0.07472556,0,chr9:104924010:transverse_colon:0,TN,0
3.3404071,-0.4796954,-1.7992374,0.005173932,-0.50563276,0.6963421,0.48866838,0.60035956,-0.37307137,-0.25774753,1,chr17:21574102:body_of_pancreas:0,TP,1
0.73741573,-0.90451443,0.39432645,0.6522508,0.89249265,0.59335613,-0.044102162,-0.16331114,-0.5377188,0.5077942,1,chr1:21253513:body_of_pancreas:0,TP,1
2.94547,-1.5116893,-0.8554733,-0.1524364,0.5024628,0.6553931,-0.3698058,0.4160582,-0.9866969,-0.16759323,1,chr9:136785264:lower_leg_skin:0,TP,1
-1.506444,1.5918529,-1.3388828,-0.6738516,-0.08805812,0.5579207,1.4449877,0.18532367,0.79990256,0.26637056,1,chr11:320987:body_of_pancreas:0,FN,0
-2.650249,1.5387899,-0.828348,-0.8125984,0.4191665,-0.55016875,0.18099022,-0.72037756,0.31535137,0.20265391,0,chr19:18120075:body_of_pancreas:0,TN,0
-0.26885456,1.9999388,-1.9476017,0.13800812,-0.36556217,-0.32372463,-1.4226742,0.0131620625,-0.08450639,-0.067912504,0,chr12:93571255:sigmoid_colon:0,TN,0
-2.658818,0.3051717,0.064924836,-0.29757553,0.45250556,-0.1827573,0.19233188,0.5500425,0.20136364,-0.22162871,1,chr9:75239627:body_of_pancreas:0,FN,0
4.152248,-0.56686527,0.35963154,0.42277277,-0.45594114,-0.487749,-0.22918199,-0.013440792,-0.16831149,-0.4723074,1,chr14:23988791:transverse_colon:0,TP,1
-2.7970552,0.021631293,-0.66481954,-0.7304081,-0.05207521,-0.5461229,-0.12914726,-1.028504,-0.26592952,-0.28060472,0,chr18:57770477:body_of_pancreas:0,TN,0
-0.5107698,-0.12329797,-3.1120698,-0.12315961,0.2619865,0.16032046,-0.6089135,0.49082488,-0.6225901,1.496727,0,chr19:18305397:body_of_pancreas:0,TN,0
3.489679,-0.6738034,0.6006794,0.593952,1.0738517,-0.33098826,-0.522227,0.69101185,-0.15610324,0.32428223,1,chr7:142751012:body_of_pancreas:0,TP,1
4.5890594,-1.5939307,-0.21931817,-1.5995433,-0.20942809,0.20612751,0.121026024,-0.58412385,-0.28707275,-0.18259314,1,chr17:24931573:stomach:0,TP,1
3.1516516,1.1889149,-0.5873034,0.64458495,-0.9278506,-0.9777235,0.27434328,-0.3067518,0.13007317,-0.20521098,1,chr15:75348373:transverse_colon:0,TP,1
-3.1261365,0.87285084,-0.01287352,-1.0290977,0.26777062,-0.5753963,-0.42719132,-0.38099986,0.06637567,-0.07123887,0,chr10:124729344:transverse_colon:0,TN,0
2.6445668,-1.0287285,0.99899596,-0.65065193,0.9411588,0.5848596,-0.24466698,0.051501956,0.45239708,-0.55717444,1,chr4:19642629:lower_leg_skin:0,TP,1
-1.3781608,1.3032467,-1.5648358,-0.5971276,0.11943087,-0.068460405,-0.43662223,-0.2360049,-0.15390563,0.6850031,0,chr9:134067287:body_of_pancreas:0,TN,0
-2.7491598,0.5668217,1.4419945,-0.8385889,0.7993047,-0.79241467,-0.0149930185,0.5360692,-0.6070891,-0.27949277,0,chr17:2240165:transverse_colon:0,TN,0
3.8753517,0.0035708924,2.1383433,0.21024677,0.23871836,-0.5058269,-0.012823091,0.5240691,0.08196222,0.30716243,1,chr19:16583512:body_of_pancreas:0,TP,1
1.0656141,-0.14619572,1.3254356,0.846091,0.62667865,-0.2875933,-0.74581087,0.91565657,-0.23407747,-0.33816564,0,chr11:10583812:body_of_pancreas:0,FP,1
-0.63473874,2.467991,-0.6590084,0.101925425,0.7743615,-0.13893738,-0.8920247,-1.1032413,0.64311934,-0.51721084,1,chr7:75987508:body_of_pancreas:0,FN,0
-0.2684317,0.5227432,0.045631774,1.2752525,1.0346144,-0.95185155,0.3918335,0.44996864,0.24241602,-0.15981847,1,chr22:37501710:body_of_pancreas:0,FN,0
-2.0597422,1.4401932,1.2318916,-0.6852457,0.6651219,-0.5940065,-0.13916923,-1.1087978,0.37138706,-0.2756791,1,chr1:85578244:lower_leg_skin:0,FN,0
1.5273602,0.05257549,1.9247077,0.26258868,1.27788,0.12321372,-0.6586923,0.6518533,0.54614025,-0.12206839,0,chr4:6251024:body_of_pancreas:0,FP,1
-3.3298447,-1.416688,0.8879291,0.21896607,-0.23159513,0.62917423,-0.49662545,-0.107909046,-0.5442834,0.13744612,1,chr8:2157320:body_of_pancreas:0,FN,0
-3.1375253,-2.8595524,-1.3992207,0.55304843,-0.28449082,0.12959045,-0.12540707,0.03048043,1.016736,0.09852378,0,chr20:5613463:lower_leg_skin:0,TN,0
-0.2684317,0.5227432,0.045631774,1.2752525,1.0346144,-0.95185155,0.3918335,0.44996864,0.24241602,-0.15981847,1,chr22:37501710:transverse_colon:0,FN,0
-3.1681647,-0.12142323,2.0288699,0.6322232,-0.53179204,0.5717221,0.1667641,-0.6061764,-0.63297766,0.23327419,0,chr7:73578019:body_of_pancreas:0,TN,0
-0.9674344,1.4854898,3.5271685,-0.026943428,0.23249891,1.0686494,1.094225,0.21107556,-1.2639555,0.51490146,1,chr5:173860759:body_of_pancreas:0,FN,0
3.2701619,-1.2809447,-0.29967293,0.4387658,1.2291247,-0.52584356,-0.44873515,0.955083,0.06695826,0.11452973,1,chr7:142751032:body_of_pancreas:0,TP,1
0.5732955,0.25670874,0.8701028,1.0671371,0.7744652,-0.89015603,-0.22074956,0.67632127,-0.75867695,0.38942674,0,chr19:40598878:body_of_pancreas:0,FP,1
0.289767,-0.46956742,1.7662195,-0.24457644,0.35787416,0.29660916,0.060447194,0.9177678,0.42331576,0.14531793,0,chr6:96700516:body_of_pancreas:0,FP,1
-0.5779792,2.7192264,-0.11394882,0.2579078,-0.46733606,0.75586146,0.099639095,0.90153,-0.33515808,-0.28467792,0,chr4:121870445:esophagus_squamous_epithelium:0,TN,0
-1.0916188,1.9692671,-2.4046443,-0.34115723,-0.29540712,1.0223699,0.83364165,0.40675536,0.21768557,-0.4411027,0,chr4:993874:transverse_colon:0,TN,0
-3.411204,-0.92785746,0.52403927,0.29248625,-0.84684247,-0.2093481,-0.18312111,0.13811699,0.0011518014,-0.3641309,0,chr11:33738933:body_of_pancreas:0,TN,0
-3.1199117,-2.817954,-2.173355,0.5225944,0.23964801,-1.1651253,0.06823879,0.6898678,1.1287789,0.02047132,0,chr19:18578174:transverse_colon:0,TN,0
-3.3120263,-1.7711626,0.20173828,0.03834745,-0.10879279,-0.7253599,0.07970886,-0.1771735,-0.030017711,0.11545402,1,chr15:43789520:body_of_pancreas:0,FN,0
1.8521347,-0.92696327,-0.014379275,1.1136614,1.1390244,0.28970373,-0.16908538,0.011924607,-0.5645503,-0.83346385,1,chr8:30099790:body_of_pancreas:0,TP,1
3.4898891,-0.6124309,0.45929268,-0.90712065,-0.15949467,0.38157395,-0.4422596,0.5280071,-0.21517901,0.73427325,1,chr9:33797572:body_of_pancreas:0,TP,1
3.6425893,-1.3772,-0.5528858,-0.66674864,0.50410795,0.75622725,-0.41801566,-0.17923844,-0.36196423,-0.73792315,1,chr18:20582234:transverse_colon:0,TP,1
-1.177375,-0.5344327,-0.049291264,-0.100677654,0.7813855,0.58839613,-0.7706681,0.027861005,0.11900942,-0.8740317,0,chr13:27960255:transverse_colon:0,TN,0
-1.1997612,1.8886793,-2.081327,-0.112855434,-0.46399808,0.9754481,1.4904014,0.6758677,-0.61102027,-0.14717591,1,chr6:70668484:body_of_pancreas:0,FN,0
3.5100615,-1.2061152,0.33030018,-0.45173952,-0.18068333,0.681651,0.3184327,-0.4537834,-0.5634516,-0.29702863,1,chr15:69386253:body_of_pancreas:0,TP,1
-0.656839,1.1084719,0.8353806,-0.78669435,0.53560513,-0.54123825,-0.32334653,0.17715217,-0.56831926,0.685898,0,chr1:161165768:esophagus_squamous_epithelium:0,TN,0
3.5197334,1.4656345,1.7624822,0.8220507,-1.5254155,-0.7515212,-0.048073538,0.6709434,0.23217075,-0.6721683,1,chr6:151390284:upper_lobe_of_left_lung:0,TP,1
-2.07213,-1.3569819,0.7062496,0.13904054,-0.35504052,0.34854034,0.5664279,0.04359673,0.80766356,0.060781877,1,chr8:119152009:transverse_colon:0,FN,0
-3.6610785,0.37449622,2.8817961,-0.24548739,-0.61859405,0.37153462,-0.19376686,-0.77500284,-0.97967494,0.4483871,1,chr16:9047776:body_of_pancreas:0,FN,0
3.8690188,-1.0609623,0.5208219,-0.33875808,0.959115,0.046784464,-0.082552634,0.2935365,0.49952656,-0.12672721,1,chr7:142771371:body_of_pancreas:0,TP,1
-2.4715865,-1.5358701,-0.17373654,0.4437614,0.03923466,0.7564364,-0.040970437,0.10789447,0.23372927,-0.043885153,0,chr3:120678127:body_of_pancreas:0,TN,0
-2.4776206,-1.4098111,0.28117833,1.5723754,-0.38399085,0.5356988,0.2623347,-1.1981186,0.07103769,-0.010940216,1,chr7:5237436:body_of_pancreas:0,FN,0
4.0512404,0.46062705,2.970723,0.122740395,-0.7391134,-0.61902124,-0.27532968,0.50366634,0.27965537,0.27394497,1,chr17:951764:body_of_pancreas:0,TP,1
4.4039717,-1.8193611,-0.88665026,-1.8377335,-0.36996356,0.040344432,0.32019988,-0.814264,-0.0017351857,-0.3640975,1,chr17:23044500:transverse_colon:0,TP,1
2.1695387,1.287834,-0.054082576,0.39605713,-0.05770706,-0.08417917,-0.91637295,-0.13603596,0.47773367,1.2504883,0,chr11:1762429:body_of_pancreas:0,FP,1
1.4650034,2.2598732,0.28141037,0.36577836,-0.64587736,-0.060058758,-1.1319755,-0.26490435,0.5568776,-0.044893336,1,chr10:88582940:transverse_colon:0,TP,1
0.9148096,-2.6365724,-1.7867265,0.10415099,0.7886123,0.4741339,-0.47753665,-0.25865912,0.7046561,-0.75768405,1,chr10:35403940:lower_leg_skin:0,TP,1
-0.23189276,-1.280717,-0.17588641,1.2144018,1.3530681,1.3493946,-0.6617684,-0.52980834,-0.27320492,-0.6763283,0,chr19:38445307:body_of_pancreas:0,TN,0
2.4892993,-0.7079268,0.84691215,0.8296563,1.4724454,-0.09194575,-0.3353206,0.70668304,-0.31906295,0.03116226,1,chr9:128161716:body_of_pancreas:0,TP,1
-2.4130461,-1.1015718,-0.72859675,0.42392156,-0.023030434,-0.87576634,-0.11825519,0.6286326,-0.38434517,0.19530766,1,chr9:89310446:body_of_pancreas:0,FN,0
-2.111713,-0.6449479,0.5922565,-0.06932214,0.7029818,-0.19449204,-0.47579545,0.8309767,0.879064,-0.34674048,0,chr8:128540209:body_of_pancreas:0,TN,0
-2.1651769,1.1462266,-0.9665923,-0.46987733,0.4670693,-0.47724655,1.7046005,-0.8232681,-0.0131135415,-0.36929965,1,chr9:121700342:upper_lobe_of_left_lung:0,FN,0
0.23896365,0.22042577,-4.6916347,-0.10927841,0.7698481,0.81390595,-0.9393495,-6.956508e-05,0.18236601,-0.096590474,0,chr17:49995061:body_of_pancreas:0,FP,1
-1.613415,1.4282943,0.4778335,-0.4524951,-0.11207682,-0.18973124,-0.19277841,0.20787114,0.5091342,-0.006365644,1,chr5:178818172:body_of_pancreas:0,FN,0
-3.0503442,1.2897725,0.31500992,-0.778762,0.38074526,0.023388498,0.6960686,0.17325936,0.043305762,-0.27291477,0,chr19:46788312:esophagus_squamous_epithelium:0,TN,0
4.5032134,-1.3535783,-0.17166783,-1.4761418,-0.06580723,0.615596,-0.14374687,-0.7137001,-0.22080949,-0.55870944,1,chr11:53850335:sigmoid_colon:0,TP,1
1.8384444,0.8943907,0.953273,0.55735654,0.5963546,0.19283254,-0.13192248,0.19939809,-0.4704614,-0.22560585,1,chr7:105532237:body_of_pancreas:0,TP,1
-3.6166563,-1.4033462,1.0736647,0.62329674,-1.1786736,0.78856945,-0.6501381,-0.13503651,0.4165508,-0.6465455,0,chr11:86056942:body_of_pancreas:0,TN,0
3.797044,-1.5617893,-0.54067284,-0.65752244,0.76592445,-0.029133625,0.47976628,-0.53000027,1.1567746,0.90977335,1,chr7:142773571:body_of_pancreas:0,TP,1
-2.6118803,1.2136765,0.5035005,-0.62974054,1.1163371,-0.08372643,-0.5373698,-0.62749463,0.27278215,-0.1724506,0,chr16:29829903:transverse_colon:0,TN,0
1.5878049,-0.6074458,-0.23127459,1.5836703,0.8657521,0.94126564,-0.12372381,-0.5424716,-0.14297701,-0.26747298,0,chr7:73822384:body_of_pancreas:0,FP,1
3.5167463,-1.1919247,-0.57058394,0.30128962,0.5637014,0.2684066,0.074834384,-0.13833663,-0.25920257,-0.5418063,1,chr7:2534877:transverse_colon:0,TP,1
-4.2561407,-1.5533528,0.041871484,-0.85818946,-0.8232223,-0.91608065,-0.26238513,0.3222602,0.067478575,-0.6882311,0,chr2:42332806:body_of_pancreas:0,TN,0
0.5728681,1.1205715,-2.1648524,0.13108511,0.7494552,-0.23799771,-0.9814337,0.7120856,-0.5191748,0.11117439,0,chr9:38392606:sigmoid_colon:0,FP,1
-3.6891253,-1.527852,-0.894209,-0.6953241,-0.43529174,-1.3213781,0.43294993,0.4413604,0.15398431,-0.11345845,0,chr11:68838359:body_of_pancreas:0,TN,0
4.1558814,-0.94975066,0.7977941,-0.67911625,-0.44851172,0.10340124,-0.09305207,0.043587916,-0.30328432,0.39777753,1,chr17:43361366:transverse_colon:0,TP,1
4.7024107,-1.3836358,0.22277187,-1.6401192,-0.34993234,0.35766292,0.11058812,-0.7217444,-0.18165536,-0.39610747,1,chr17:22910010:sigmoid_colon:0,TP,1
-2.7675865,-1.4155331,-0.78932476,0.50693667,0.6074478,-1.0513096,0.06382318,0.59951705,0.3077222,0.563763,0,chr2:25223015:upper_lobe_of_left_lung:0,TN,0
4.388467,-1.5098501,-0.13071842,-1.2983241,-0.24208705,0.2636013,-0.1951377,-0.5696908,-0.17874517,-0.7791803,1,chr8:44457229:upper_lobe_of_left_lung:0,TP,1
3.4493713,1.1423513,2.865983,0.0169513,-0.41356155,-0.21377142,-0.1731692,0.6968812,0.37605187,-0.06671608,1,chr21:37072589:prostate_gland:0,TP,1
1.4216733,1.595707,-1.7021554,0.43480366,-0.0114413835,-0.04120144,-0.8789977,-0.7568481,0.99393207,-0.47818968,0,chr1:2189678:prostate_gland:0,FP,1
-0.049702223,-1.5495652,0.83306533,0.44215745,0.6127554,1.0743233,-0.94942707,0.36455652,0.33049586,-0.33042705,1,chr5:20218870:body_of_pancreas:0,TP,1
-0.610837,0.29105756,0.19415058,0.027291618,1.5287575,-0.374981,-0.46008193,0.85075396,0.5751876,-0.0042804396,0,chr11:6474633:transverse_colon:0,TN,0
-1.8178235,2.0315738,1.5605887,-0.5633942,1.0661037,-0.2676011,-0.22594531,-0.46465188,-0.5118806,0.4969864,0,chr18:12014621:body_of_pancreas:0,TN,0
-4.0888157,-1.8841199,-0.5519416,-0.25210032,-0.34178168,-0.9323519,0.24731259,0.39544407,0.013404071,0.0013011541,0,chr3:32240551:body_of_pancreas:0,TN,0
1.871804,0.57042557,-0.7319338,0.71547747,0.5334779,-1.18641,0.21904008,-0.5210666,-1.1034299,0.28325835,1,chr6:29942704:transverse_colon:0,TP,1
-0.10515061,2.7074385,0.049961846,-0.3615796,-0.8061339,0.62046623,-1.020096,0.23981686,0.20911548,1.270777,0,chr20:63496264:body_of_pancreas:0,TN,0
-2.4331388,0.75057304,-0.7945396,-1.4035705,0.33195,-0.4262346,-0.107871436,-0.3095063,-0.421665,0.013709127,0,chr14:67599841:transverse_colon:0,TN,0
3.3540046,0.2709468,0.48649228,0.18458131,-1.201775,0.020885156,2.18213,0.64016396,-0.056386944,-0.4660007,1,chr9:137263248:body_of_pancreas:0,TP,1
1.0286449,-0.94231534,1.15084,0.08452877,0.22119923,1.904873,-0.71714526,0.09169529,-0.050572872,0.06542456,1,chr22:16412738:body_of_pancreas:0,TP,1
-0.59181255,2.479925,-0.94256026,-0.022728298,-0.10392191,0.6844234,-0.4546806,0.40152568,0.42971724,0.4982396,1,chr10:103772424:body_of_pancreas:0,FN,0
2.7167003,1.023579,3.4838727,-0.65562576,-1.2130436,0.52791727,-0.5225325,-0.60785604,0.4286851,-0.3565702,1,chr6:26956270:transverse_colon:0,TP,1
3.387437,-0.08622127,1.9238257,-0.7939465,0.6708468,0.31078193,0.10017921,-0.020181917,0.6795235,1.1106281,1,chr6:32668243:body_of_pancreas:0,TP,1
-4.178673,-0.8591843,0.59354013,-0.68006897,-0.5905117,-0.67647564,-0.4798618,0.05564502,-0.0033930675,-0.6170786,0,chr14:73494165:transverse_colon:0,TN,0
3.909214,-1.4139304,-0.09551881,-0.88406044,0.26139614,0.14006682,-0.2244105,-0.29228905,0.077821895,-0.3818809,1,chr19:21595451:body_of_pancreas:0,TP,1
-1.0465539,-1.2590379,-2.8543336,-1.4030547,0.049653642,0.27223235,-0.2636786,-0.03132642,0.76294184,1.1612457,0,chr15:85579938:upper_lobe_of_left_lung:0,TN,0
1.5493801,0.28999203,0.8459944,-0.81131124,0.7807781,1.0550936,0.75644654,0.65907896,1.1076537,0.36621964,1,chr8:6864690:transverse_colon:0,TP,1
4.2418823,0.25806734,1.3088592,0.32022923,-1.1978698,-0.84482837,0.39467007,0.022395944,0.05019658,-0.07002849,1,chr3:195635331:transverse_colon:0,TP,1
-1.5619771,1.6977276,-0.75675285,-0.31924167,0.75258607,-0.3489439,0.15553814,-0.8443452,0.1517011,0.3664961,0,chr22:46587474:transverse_colon:0,TN,0
-2.6391468,0.43534908,0.70326823,-0.25086853,0.46746913,-0.24505271,0.74449736,0.29072687,-0.4150819,-0.59200335,1,chr22:37282283:body_of_pancreas:0,FN,0
2.324268,-0.87433547,1.3218288,-0.5653945,-0.274539,0.6379317,1.032185,-0.559601,-0.31686756,0.6318713,0,chr7:65504402:stomach:0,FP,1
3.783591,0.631351,2.1645575,-0.3867762,0.27730507,0.48977315,0.27066353,0.5481714,0.84442383,0.2637114,1,chr10:47380926:body_of_pancreas:0,TP,1
-2.7427583,-0.57537556,1.0411139,0.16352297,0.22232845,-0.025403429,-0.24618253,0.86909854,-0.085174106,-0.5361301,0,chr22:41836583:transverse_colon:0,TN,0
-3.0659118,0.4866411,3.5779097,0.2246695,-0.38448104,1.4523633,-0.17943214,-0.6807844,-0.90386254,0.12350292,0,chr8:133074092:body_of_pancreas:0,TN,0
